flywire_id,banc_id,similarity,kind
720575940627787609,720575941535862506,0.7512319683870778,DN
720575940644438551,720575941432123640,0.7348752548578261,DN
720575940629327659,720575941510475536,0.7230638285071451,DN
720575940604737708,720575941456897005,0.7320633528348381,DN
720575940620918789,720575941552142727,0.8672219434705083,DN
720575940630085583,720575941486612034,0.8325583529729846,DN
720575940628577897,720575941590381380,0.7660117723299897,DN
720575940627432680,720575941602323897,0.821516490748313,DN
720575940620534768,720575941477942833,0.6887399617698424,DN
720575940623062515,720575941486700098,0.7286860443077411,DN
720575940624986919,720575941496676295,0.7438278745279329,DN
720575940640325429,720575941581684601,0.708000920822782,DN
720575940637101413,720575941612321382,0.26010216477157444,DN
720575940633727339,720575941689415692,0.27801697707107464,DN
720575940631498563,720575941470254400,0.044769565249755054,DN
720575940625090314,720575941591448972,0.4357262097876752,DN
720575940634140883,720575941543045149,0.6793593615207595,DN
720575940620711334,720575941490717390,0.6867187772730222,DN
720575940623468691,720575941510642192,0.6881522424244182,DN
720575940627946261,720575941565255570,0.681240389036106,DN
720575940611735514,720575941663497084,0.8013937405636509,DN
720575940623019544,720575941526946562,0.769651751103274,DN
720575940613408552,720575941555393537,0.7263079304052883,DN
720575940616286175,720575941598907072,0.8051145156144994,DN
720575940625502666,720575941553670791,0.7794040839933469,DN
720575940637607646,720575941578803025,0.7336659832091352,DN
720575940620823828,720575941486684226,0.7386166544300573,DN
720575940637608560,720575941467856726,0.7343385976670864,DN
720575940631759663,720575941638407199,0.835834410179517,DN
720575940609488942,720575941440280767,0.8533219559871149,DN
720575940632962786,720575941660533840,0.8582766551348695,DN
720575940621519130,720575941566543714,0.8722387286338892,DN
720575940618167579,720575941504090162,0.8409954337999533,DN
720575940626328707,720575941561655341,0.8285748308720825,DN
720575940627139530,720575941652614129,0.7515627542975581,DN
720575940620380449,720575941652633585,0.8102099798650695,DN
720575940634253281,720575941438773548,0.6871288222060542,DN
720575940622204186,720575941454279593,0.6759468960837063,DN
720575940603591014,720575941631642860,0.5128026796407901,DN
720575940641276917,720575941629872422,0.5819755743932105,DN
720575940609097429,720575941653831185,0.6182371524618424,DN
720575940614403178,720575941595590951,0.7627220276572891,DN
720575940614348438,720575941442292059,0.24055273792112664,DN
720575940625573322,720575941487480838,0.2087198986627687,DN
720575940630607738,720575941652085745,0.7877274195310705,DN
720575940615043222,720575941595376677,0.7281490964035516,DN
720575940625094325,720575941625794186,0.715417318424526,DN
720575940624874983,720575941470195723,0.7886691921305482,DN
720575940620322497,720575941594517032,0.6893079461053654,DN
720575940636454136,720575941411441323,0.6883730790019499,DN
720575940651341558,720575941476477492,0.8630481530447811,DN
720575940630868281,720575941563218944,0.8838698562016312,DN
720575940625878160,720575941688189935,0.8447161626882114,DN
720575940630758418,720575941618895231,0.7874691234680762,DN
720575940616936226,720575941504703938,0.7700363652425257,DN
720575940618156829,720575941447973140,0.7626392115560616,DN
720575940622540899,720575941536301288,0.8128005020443043,DN
720575940646753412,720575941455714541,0.8305761274477697,DN
720575940620776880,720575941402551331,0.7732184746407881,DN
720575940634163682,720575941572620446,0.7406868878595523,DN
720575940611016910,720575941652815857,0.8197125752065706,DN
720575940627997050,720575941549506932,0.7803495990363505,DN
720575940619582168,720575941438465298,0.7553758391378537,DN
720575940621226484,720575941559176942,0.7311201326318174,DN
720575940628352850,720575941439437586,0.8480033952893071,DN
720575940629461442,720575941447863316,0.8467237499318383,DN
720575940637308605,720575941594716523,0.8284996039472209,DN
720575940629041879,720575941572669342,0.9170899276092042,DN
720575940613088426,720575941438410514,0.7015394834933405,DN
720575940623938823,720575941574675869,0.6650054957505372,DN
720575940630334658,720575941724184890,0.7773575567904952,DN
720575940642549467,720575941534881368,0.7677912831862542,DN
720575940621068464,720575941415598737,0.8315169612179201,DN
720575940634459290,720575941545432425,0.8129296612332627,DN
720575940616826380,720575941721638714,0.759774852892779,DN
720575940648636292,720575941411472555,0.7553839808523028,DN
720575940632868051,720575941550999357,0.7918058561426736,DN
720575940632539788,720575941471955264,0.8988451239112334,DN
720575940621119061,720575941451289949,0.37767108016172485,DN
720575940653614838,720575941507243589,0.2156553522153847,DN
720575940619116061,720575941449875893,0.35039735965940877,DN
720575940622321110,720575941596748933,0.21237025521550318,DN
720575940617917396,720575941470033117,0.8379837056009993,DN
720575940628627867,720575941500843426,0.8687815586827401,DN
720575940613358450,720575941484263878,0.5400836464892752,DN
720575940625558730,720575941612039142,0.580610041446672,DN
720575940624982823,720575941556654419,0.6859367466554093,DN
720575940608402524,720575941536807768,0.6847615918336011,DN
720575940644494752,720575941401766435,0.7773600754808084,DN
720575940629502251,720575941550196797,0.7420046341652061,DN
720575940632991815,720575941689707020,0.1616389757622753,DN
720575940615607207,720575941354281776,0.2800273841426869,DN
720575940618203707,720575941598158469,0.24340060666672578,DN
720575940621388453,720575941662395704,0.12892580681040083,DN
720575940627771279,720575941562932781,0.21493031029846354,DN
720575940627482114,720575941620273535,0.5198264670969311,DN
720575940614660263,720575941625621500,0.5426417040782127,DN
720575940629412170,720575941440764127,0.3119767942528645,DN
720575940619945931,720575941542898205,0.1814562452611376,DN
720575940631333195,720575941537766632,0.7182001463246682,DN
720575940629736720,720575941514064716,0.6643230802652687,DN
720575940645537902,720575941556195300,0.38114647704621174,DN
720575940620749807,720575941601297705,0.47860935307932606,DN
720575940629812346,720575941587471582,0.7948159098614315,DN
720575940639170723,720575941504679106,0.7410387317925023,DN
720575940621392086,720575941689416716,0.7228136573860422,DN
720575940623110123,720575941542733573,0.6643592428765881,DN
720575940625718053,720575941565477174,0.746275122043345,DN
720575940629064186,720575941540462285,0.5682153332911221,DN
720575940627368723,720575941599034560,0.7159435769145552,DN
720575940623385894,720575941599691200,0.6731867822996525,DN
720575940613307033,720575941557473572,0.7340909696400736,DN
720575940625006776,720575941561955699,0.6481493579387838,DN
720575940623068841,720575941512496716,0.6802558678583288,DN
720575940624459907,720575941548170120,0.6258237618896826,DN
720575940608838958,720575941588369662,0.4393783029037376,DN
720575940618182480,720575941536778389,0.1802376957649881,DN
720575940634864026,720575941583758726,0.38841610066655363,DN
720575940637660733,720575941500700139,0.46118088619116104,DN
720575940612804862,720575941597089137,0.6068990094436956,DN
720575940621909739,720575941610213478,0.4392229902699505,DN
720575940622925972,720575941482535366,0.7326536506289711,DN
720575940624229925,720575941476632385,0.5487582875047196,DN
720575940612014131,720575941574744329,0.49447044232182275,DN
720575940630289804,720575941559104813,0.5534992871933123,DN
720575940639201443,720575941632002720,0.527287588445517,DN
720575940610863310,720575941730332715,0.3779090953146011,DN
720575940612804606,720575941549490209,0.557485381452242,DN
720575940632573887,720575941473793322,0.5997019388973417,DN
720575940613668620,720575941516764819,0.4389101735756731,DN
720575940613793170,720575941501635927,0.0,DN
720575940622681864,720575941439029951,0.21406432279651563,DN
720575940626904219,720575941478074592,0.0,DN
720575940627414887,720575941549156980,0.4376555951435672,DN
720575940647964281,720575941432295639,0.5090485899284967,DN
720575940622042603,720575941561224463,0.7282732114845772,DN
720575940625144061,720575941494986951,0.5633750373560771,DN
720575940641305229,720575941462512851,0.629116790273344,DN
720575940630492714,720575941681032125,0.6587657668253645,DN
720575940626278129,720575941496426695,0.7506645347035619,DN
720575940622910188,720575941489083596,0.612137210643112,DN
720575940627850622,720575941486574598,0.3213571768343489,DN
720575940617922439,720575941501552983,0.452794974419907,DN
720575940626377349,720575941692162456,0.568443667343737,DN
720575940615679282,720575941503528171,0.5862758726117858,DN
720575940620328828,720575941469521216,0.26774125724024245,DN
720575940628800207,720575941527175524,0.27106151460868294,DN
720575940632409130,720575941456504560,0.2764470763047678,DN
720575940636254810,720575941434874912,0.005339506999380767,DN
720575940653053601,720575941517006296,0.6901366964549954,DN
720575940613998860,720575941433116046,0.2813998813259939,DN
720575940615899622,720575941611082826,0.24432261299233293,DN
720575940623222712,720575941475557681,0.8356657777853057,DN
720575940625963432,720575941440714959,0.2523085691038768,DN
720575940642027464,720575941436586784,0.30918235179532455,DN
720575940624082931,720575941477013825,0.885344496010922,DN
720575940643817888,720575941537703144,0.8928536893059927,DN
720575940621325034,720575941511336402,0.8850913764264274,DN
720575940624968013,720575941628867042,0.8906133654751459,DN
720575940609589443,720575941732586539,0.3881504750701096,DN
720575940627731176,720575941523099127,0.39351401921743734,DN
720575940619074836,720575941598492457,0.13477795877053872,DN
720575940620404182,720575941559205933,0.28683062122763964,DN
720575940622347784,720575941564410112,0.4301778588773163,DN
720575940612922851,720575941390285462,0.5194201662534759,DN
720575940625550398,720575941543962629,0.5664220748779061,DN
720575940627003179,720575941436052768,0.6300870243439846,DN
720575940612698287,720575941722210362,0.35219850685477117,DN
720575940614840715,720575941460373232,0.37980215584154203,DN
720575940618440943,720575941440899023,0.16793607206319466,DN
720575940619928346,720575941401753635,0.16664761795905925,DN
720575940633543531,720575941498444155,0.5068320507112272,DN
720575940615957663,720575941467559702,0.7141793193569914,DN
720575940618876830,720575941530606467,0.2957810455151819,DN
720575940633041503,720575941637734175,0.7136560619824733,DN
720575940637424547,720575941700293082,0.6567966159363215,DN
720575940639353552,720575941596881703,0.2713079780049703,DN
720575940611308181,720575941689709019,0.49853822369409895,DN
720575940612429714,720575941558189171,0.09568174159414164,DN
720575940615453182,720575941574375272,0.4785787508624914,DN
720575940621572890,720575941482713341,0.3651084019248656,DN
720575940626729295,720575941513116762,0.45293281577481803,DN
720575940626745987,720575941515238234,0.42030177498955096,DN
720575940628252751,720575941505983813,0.5044837993845381,DN
720575940629956695,720575941553551495,0.19859817130045146,DN
720575940612288947,720575941480704954,0.5413145686727379,DN
720575940614181585,720575941560549491,0.3056830133218221,DN
720575940621339713,720575941523447883,0.21077770852532882,DN
720575940625426469,720575941722108218,0.21354567286976942,DN
720575940626027752,720575941606542701,0.41408127362936287,DN
720575940639539840,720575941603438777,0.13385758152987393,DN
720575940644801060,720575941662495356,0.3326945092235316,DN
720575940647478148,720575941551414170,0.20009966702772786,DN
720575940608076739,720575941580369489,0.37054033921711027,DN
720575940616401467,720575941538218216,0.411533187812855,DN
720575940618051801,720575941624816124,0.359366067371319,DN
720575940623033532,720575941524478795,0.3362193218413464,DN
720575940626732776,720575941530080997,0.19950538698347714,DN
720575940636761926,720575941476981569,0.34839003722391854,DN
720575940637667443,720575941562981522,0.4714747502949624,DN
720575940616688286,720575941639802655,0.13547302748691564,DN
720575940621471157,720575941439622111,0.41099842802997705,DN
720575940624131913,720575941528849848,0.5085893196708632,DN
720575940624748419,720575941604343225,0.1858715958779026,DN
720575940625376062,720575941559394931,0.4953980775381007,DN
720575940630682618,720575941582282873,0.41191413054598625,DN
720575940618818395,720575941626193563,0.15083588281452967,DN
720575940631593753,720575941659400984,0.3477894332308022,DN
720575940631973207,720575941530466488,0.4613870153408621,DN
720575940621274845,720575941614483475,0.35790197687055547,DN
720575940622760269,720575941481122690,0.5167260550852323,DN
720575940632339425,720575941439285036,0.44800975549122857,DN
720575940640194493,720575941563866536,0.11921803809995256,DN
720575940621586473,720575941687421302,0.48833383555884213,DN
720575940630297292,720575941564402023,0.4784082807376782,DN
720575940634207087,720575941442861482,0.27709956085801796,DN
720575940626877639,720575941623407050,0.3887691257094222,DN
720575940629472298,720575941596218225,0.4037496220327923,DN
720575940631829059,720575941469678557,0.2858748890360873,DN
720575940617689816,720575941538209229,0.050024518762952344,DN
720575940624234242,720575941652278033,0.04202527637964291,DN
720575940626639259,720575941503529522,0.14603818524713075,DN
720575940629369642,720575941503144587,0.1117000207679317,DN
720575940660224385,720575941481407427,0.1662639569439957,DN
720575940612805118,720575941550165054,0.0999869186572361,DN
720575940616935838,720575941626299530,0.08697221812881284,DN
720575940619944513,720575941551193115,0.48859104417932914,DN
720575940620564673,720575941573417117,0.04853289330376217,DN
720575940620595883,720575941469370688,0.1772716728801127,DN
720575940627303699,720575941536003314,0.022651820125156857,DN
720575940631855663,720575941432269271,0.014519921931816818,DN
720575940640978048,720575941626500746,0.8641578688401914,DN
720575940647228468,720575941500851362,0.8322609598294173,DN
720575940621246068,720575941574140169,0.7447850606196709,DN
720575940624877360,720575941469775069,0.45019317809781967,DN
720575940640316238,720575941521256115,0.46709830187211404,DN
720575940621626394,720575941500828578,0.5360191732766935,DN
720575940630480348,720575941409225902,0.5222885002542904,DN
720575940635179871,720575941566818967,0.43594995073863946,DN
720575940606866377,720575941626337162,0.38288342580747947,DN
720575940631282194,720575941401962787,0.6938921397407929,DN
720575940623503318,720575941505494871,0.6436180673320857,DN
720575940624897516,720575941480799395,0.31444098153716754,DN
720575940647029044,720575941535975873,0.3101110026098434,DN
720575940613816062,720575941529744869,0.5224988095692432,DN
720575940617035153,720575941474665514,0.3016360244482573,DN
720575940620929483,720575941533506586,0.4498678653798297,DN
720575940630059087,720575941596205425,0.5198593859501368,DN
720575940639705077,720575941495918665,0.5115747081147989,DN
720575940660269185,720575941405745776,0.3251821049772721,DN
720575940615898730,720575941654376916,0.507442049386922,DN
720575940622878719,720575941523079671,0.43490757678194264,DN
720575940625937340,720575941468982795,0.4773031129892117,DN
720575940626799920,720575941591932414,0.4991383391738379,DN
720575940626936324,720575941454260275,0.2977939596414072,DN
720575940628467830,720575941604585662,0.37991134491452977,DN
720575940629438508,720575941469757405,0.517372377876055,DN
720575940629486075,720575941526849357,0.8160655922259619,DN
720575940633781217,720575941590551592,0.6738146811355423,DN
720575940627015196,720575941572471454,0.4030338919794286,DN
720575940632043576,720575941519463278,0.4757713249848102,DN
720575940631545960,720575941613020390,0.5171709570204658,DN
720575940609366648,720575941438719967,0.3210653356091356,DN
720575940618827910,720575941439740895,0.8083544936308827,DN
720575940625573653,720575941533807082,0.756978516981849,DN
720575940621817326,720575941448922717,0.6483622937945933,DN
720575940644740256,720575941655117012,0.7742915538683802,DN
720575940626088835,720575941432905943,0.2659378879506442,DN
720575940627021349,720575941560597775,0.4541353453393137,DN
720575940623491987,720575941504331607,0.5123667005252709,DN
720575940635222640,720575941556870884,0.6746916345717249,DN
720575940656144289,720575941538255587,0.48957814991247195,DN
720575940631705130,720575941607693421,0.8121881266260386,DN
720575940611981029,720575941538701795,0.829106326203857,DN
720575940617074393,720575941454124781,0.1952312936028045,DN
720575940624394498,720575941536326805,0.11671014880099789,DN
720575940625872688,720575941535811562,0.45682497220447305,DN
720575940642926702,720575941572392201,0.31458639130664057,DN
720575940611939290,720575941557512307,0.3548723849751587,DN
720575940615958203,720575941493928064,0.5784488022324115,DN
720575940617993607,720575941510509072,0.688364297397074,DN
720575940620149836,720575941480673154,0.5290253994606182,DN
720575940621640885,720575941428365193,0.6104230924129309,DN
720575940625253649,720575941563064071,0.2895293401154119,DN
720575940626834698,720575941501608939,0.6796517728607628,DN
720575940628241628,720575941480105039,0.546128260419846,DN
720575940612019825,720575941551093639,0.3908500302120211,DN
720575940645032580,720575941730244651,0.7660704623060676,DN
720575940626399588,720575941666925745,0.27489435070218526,DN
720575940612427670,720575941545120361,0.2739158612560659,DN
720575940621767306,720575941569306874,0.2469207035363219,DN
720575940627500279,720575941554354259,0.30475427364086555,DN
720575940627814522,720575941626302858,0.3153457506243074,DN
720575940605282406,720575941518261932,0.6440428118085215,DN
720575940614588778,720575941399380515,0.4700933101528184,DN
720575940626527055,720575941652493524,0.43480155236253576,DN
720575940641781133,720575941588123902,0.48516481725391936,DN
720575940616471052,720575941445859754,0.836044722163819,DN
720575940606112940,720575941535086424,0.8543076115893367,DN
720575940624280066,720575941406194800,0.8703904087752256,DN
720575940609260494,720575941557316004,0.8231447825479563,DN
720575940627825923,720575941535140362,0.7388490306540131,DN
720575940625870640,720575941449983581,0.6339487966642708,DN
720575940645047831,720575941551991295,0.7747421126993834,DN
720575940641480949,720575941626175643,0.7746197748588456,DN
720575940613535554,720575941624831228,0.501356550400944,DN
720575940614384757,720575941612195501,0.4507473760666833,DN
720575940659703937,720575941568946938,0.4374629261565411,DN
720575940620632369,720575941487351437,0.3686165601389803,DN
720575940622352764,720575941463078800,0.016339335324563706,DN
720575940630712493,720575941547718461,0.4267653082711477,DN
720575940631498925,720575941454569523,0.22976251182775498,DN
720575940634599615,720575941512600140,0.42075986158716344,DN
720575940625353736,720575941507062807,0.6053513525228577,DN
720575940643837988,720575941477326900,0.49005303670538514,DN
720575940637648485,720575941505767970,0.3983979277633717,DN
720575940633771745,720575941514399441,0.4279886766558456,DN
720575940634229871,720575941655820244,0.7477783004290389,DN
720575940612376805,720575941581721977,0.6750127793718391,DN
720575940621566844,720575941496695751,0.13080894032255055,DN
720575940628030440,720575941566132119,0.2937641363722952,DN
720575940630054735,720575941574724361,0.2503422340717088,DN
720575940615505406,720575941456506015,0.47181424538382183,DN
720575940624750480,720575941415707420,0.11820493771598983,DN
720575940639118926,720575941502715019,0.08019672909972685,DN
720575940625047479,720575941538221288,0.33554736242148325,DN
720575940630274459,720575941394131094,0.2674315792234588,DN
720575940605300140,720575941513981433,0.3062313786704291,DN
720575940610610841,720575941589853950,0.30090590037298814,DN
720575940644666660,720575941662506040,0.6092162972398208,DN
720575940622579967,720575941662407992,0.20280682919417875,DN
720575940607761244,720575941431211951,0.16054408588745542,DN
720575940631270162,720575941573658184,0.7876554494406429,DN
720575940623446860,720575941644756168,0.7098348415618764,DN
720575940632722771,720575941550148724,0.7490422820718795,DN
720575940660229505,720575941691311512,0.5780860698974721,DN
720575940642545883,720575941591050494,0.5001828233055795,DN
720575940609948514,720575941691806683,0.3599672897879244,DN
720575940618666142,720575941626978715,0.29208134710602784,DN
720575940630244060,720575941616301977,0.1867323570037986,DN
720575940644751652,720575941663102520,0.7018269901559835,DN
720575940618574749,720575941462261188,0.49815653806878896,DN
720575940629805950,720575941521274551,0.8268753873227821,DN
720575940626663994,720575941518951091,0.7070042876850461,DN
720575940639159029,720575941454494889,0.4062652774171899,DN
720575940622929193,720575941550794751,0.6855358940924904,DN
720575940614478658,720575941531974629,0.025641868582842234,DN
720575940621700789,720575941430513289,0.4072792486444807,DN
720575940625396252,720575941404813680,0.4842281670400476,DN
720575940617296699,720575941523236171,0.5272551656131657,DN
720575940621304004,720575941495929470,0.23031406816285138,DN
720575940623128269,720575941531514808,0.34413213806615384,DN
720575940624333802,720575941526772836,0.4602092439286579,DN
720575940613929391,720575941438646290,0.7746707350451326,DN
720575940608735241,720575941471454583,0.8945600367826442,DN
720575940616376287,720575941511270610,0.5517649829514463,DN
720575940634915691,720575941561392173,0.470013158423769,DN
720575940626901136,720575941486413709,0.4003451556590112,DN
720575940622996579,720575941660948348,0.33372501384462816,DN
720575940636329579,720575941555674340,0.8760699201263764,DN
720575940622037926,720575941495998843,0.6694040891434039,DN
720575940624448956,720575941669324019,0.411386492308935,DN
720575940621336852,720575941435430542,0.5644247164074274,DN
720575940611772083,720575941508298786,0.6860976754371615,DN
720575940614187006,720575941542514268,0.7466558488864317,DN
720575940614186449,720575941488845287,0.6554957135959387,DN
720575940628844712,720575941652078869,0.6666546719578207,DN
720575940627732423,720575941481381117,0.7422282643530006,DN
720575940622486644,720575941650178289,0.764591005467716,DN
720575940638664355,720575941721640506,0.8945875267813413,DN
720575940615108714,720575941493947006,0.9357370783165502,DN
720575940627812168,720575941524210763,0.338728405133915,DN
720575940631629160,720575941688250998,0.6180119086777224,DN
720575940633228172,720575941469716445,0.5982226357878435,DN
720575940628225167,720575941691031704,0.7886796856938495,DN
720575940632307025,720575941552009727,0.756552733460732,DN
720575940631299855,720575941400290851,0.5928916298617091,DN
720575940619744496,720575941480780451,0.17614962271850543,DN
720575940620760692,720575941618370517,0.17770737552716664,DN
720575940629521655,720575941639763999,0.7291630919803053,DN
720575940639159797,720575941554109668,0.6901257101971362,DN
720575940617663093,720575941571021306,0.5629390230763648,DN
720575940635587064,720575941514358675,0.44910494485439556,DN
720575940624967463,720575941503769650,0.8181444480104811,DN
720575940641832333,720575941564186007,0.7592501114057798,DN
720575940628881576,720575941628231138,0.8395400558707808,DN
720575940630808591,720575941505242789,0.792302376250055,DN
720575940633995181,720575941611457098,0.10462143222312038,DN
720575940618514043,720575941581648761,0.349002777761094,DN
720575940648188548,720575941669801905,0.3940195816421352,DN
720575940604783136,720575941516271450,0.5485535727999188,DN
720575940649809273,720575941454969395,0.4002652711729479,DN
720575940634617952,720575941527644600,0.2121294886846069,DN
720575940632634532,720575941552002815,0.20574101329984487,DN
720575940611225237,720575941535942744,0.5441410466756664,DN
720575940615030568,720575941688806412,0.5117036590706815,DN
720575940622067165,720575941629396793,0.6835511010070482,DN
720575940620169607,720575941634269371,0.751259691151446,DN
720575940631168057,720575941515969123,0.7231308099542421,DN
720575940635166571,720575941538336381,0.7968133332923238,DN
720575940647560500,720575941663701884,0.47302713477298186,DN
720575940617031385,720575941624572042,0.5131887217007681,DN
720575940624319124,720575941704434394,0.6595487323620608,DN
720575940616185531,720575941476852254,0.6124873988416027,DN
720575940612692889,720575941586609886,0.7494864196926093,DN
720575940604470956,720575941456180461,0.7074521086485009,DN
720575940632632607,720575941614012892,0.8161480368236602,DN
720575940621947653,720575941484535482,0.8206357616771055,DN
720575940628659305,720575941662695992,0.43614137989319124,DN
720575940611756723,720575941631060972,0.40819147109717896,DN
720575940612648106,720575941596094757,0.5082825609455188,DN
720575940632877869,720575941545418501,0.4658421040666316,DN
720575940629543409,720575941598469276,0.3122672864309472,DN
720575940630808827,720575941461347027,0.40263977066797346,DN
720575940628387663,720575941507894366,0.43617050513047323,DN
720575940634903915,720575941592925992,0.5637382097733419,DN
720575940632407826,720575941352918576,0.6797286421813744,DN
720575940632524559,720575941478429802,0.6064467428398499,DN
720575940626524702,720575941508492417,0.6276767798425684,DN
720575940622160560,720575941503549931,0.7951482867224137,DN
720575940615323298,720575941514111564,0.7619566290876717,DN
720575940627366675,720575941492653031,0.7966924526503361,DN
720575940626179614,720575941496731042,0.8001004490282717,DN
720575940636029807,720575941531735269,0.7720936002966272,DN
720575940623426854,720575941431747086,0.3115354354237758,DN
720575940641833869,720575941632167611,0.6129425239511759,DN
720575940633529548,720575941652728049,0.8389676360451409,DN
720575940622500172,720575941492471502,0.7940569538753977,DN
720575940627087646,720575941563183016,0.7670027312966361,DN
720575940614730914,720575941595517735,0.8209966346771329,DN
720575940612603289,720575941595827158,0.8177380124543292,DN
720575940605950496,720575941519866840,0.2522834319725844,DN
720575940620622708,720575941603791350,0.4252578311043109,DN
720575940625815562,720575941481337679,0.8214163054636062,DN
720575940611956197,720575941413642268,0.3718728693146078,DN
720575940606342089,720575941541271325,0.43036757047290075,DN
720575940622537653,720575941459103391,0.5340891721509511,DN
720575940627210568,720575941494960254,0.522762145298266,DN
720575940611735002,720575941480554370,0.7213211444355444,DN
720575940627538434,720575941467350237,0.7347971959746044,DN
720575940630697078,720575941536706753,0.43742137174706525,DN
720575940631110095,720575941585621855,0.44590474546012626,DN
720575940645556334,720575941508471824,0.5393543700236336,DN
720575940629012227,720575941514608995,0.25811884997021733,DN
720575940614843275,720575941472044352,0.8338634937202154,DN
720575940638623165,720575941563391383,0.7995477409087627,DN
720575940627691458,720575941505673566,0.7063917744749245,DN
720575940628582607,720575941562059176,0.6704454362481881,DN
720575940615378399,720575941450039477,0.2918026925165952,DN
720575940644473760,720575941569909106,0.3315652651540139,DN
720575940639152361,720575941542885661,0.8982877747122723,DN
720575940621628582,720575941669726129,0.5513128890377168,DN
720575940626295396,720575941542676572,0.6641509540198665,DN
720575940631549202,720575941557838756,0.35052459666262603,DN
720575940628125715,720575941599277212,0.23473312007850344,DN
720575940627828552,720575941703187674,0.6410667614880547,DN
720575940621065301,720575941528320952,0.6556160432920533,DN
720575940623355114,720575941480974048,0.6592757964724949,DN
720575940638109668,720575941611136476,0.48450219766599,DN
720575940618658974,720575941474677825,0.36342061684944343,DN
720575940610231509,720575941456625567,0.7485157523108484,DN
720575940605513649,720575941504810290,0.7845382631214661,DN
720575940635701655,720575941430250377,0.6747634278122283,DN
720575940622594186,720575941632112354,0.7309311845669603,DN
720575940611462885,720575941651139349,0.343406243639574,DN
720575940628397138,720575941477736066,0.6917631368464018,DN
720575940626187014,720575941643030945,0.0,DN
720575940642198747,720575941552863489,0.03472625832536522,DN
720575940637678653,720575941471627639,0.3227055957505595,DN
720575940638159472,720575941567187962,0.34381935130902386,DN
720575940626085562,720575941556851027,0.44774743755957086,DN
720575940613019541,720575941478508830,0.5593771938142934,DN
720575940623626986,720575941543684357,0.6483741939325287,DN
720575940626888250,720575941733143339,0.6067355262690818,DN
720575940645534516,720575941499200585,0.4933861170331171,DN
720575940625887207,720575941626032074,0.5218420528037712,DN
720575940612036837,720575941511281618,0.8445063158652262,DN
720575940615715003,720575941470533131,0.8570681636188016,DN
720575940626730883,720575941519464046,0.8175354170806164,DN
720575940620300308,720575941572713886,0.8062991862492647,DN
720575940630810486,720575941557552356,0.6272709925012178,DN
720575940623338281,720575941537710824,0.5709301833985633,DN
720575940620621190,720575941515972698,0.5666373552788043,DN
720575940619332944,720575941552726407,0.6570310529357718,DN
720575940620135645,720575941434014734,0.4829478047068192,DN
720575940622632084,720575941550401086,0.45637057112706314,DN
720575940637530084,720575941653841681,0.18604664449614478,DN
720575940611531986,720575941516800147,0.2076050787573365,DN
720575940628345610,720575941574878351,0.3635167704476773,DN
720575940623164685,720575941471297911,0.5838502950806316,DN
720575940622195625,720575941657989712,0.4366869883498608,DN
720575940614352278,720575941612980070,0.7577061822126837,DN
720575940623637226,720575941529711288,0.6993506898236018,DN
720575940650282742,720575941480797859,0.23791035590665038,DN
720575940659356545,720575941572407710,0.28367611633824374,DN
720575940646764579,720575941632059372,0.6642352370132804,DN
720575940633178508,720575941526955266,0.7499969500220922,DN
720575940626993694,720575941502262411,0.7676372673672489,DN
720575940620017261,720575941451023482,0.26903790489409907,DN
720575940629833020,720575941503461867,0.10187368925950224,DN
720575940632161311,720575941579793909,0.37220142006345064,DN
720575940625306603,720575941600262848,0.2568906047875686,DN
720575940610872014,720575941592629132,0.49265351944676133,DN
720575940631632012,720575941535097578,0.5325641091188702,DN
720575940627001637,720575941530326660,0.6476616564667741,DN
720575940645834275,720575941480587394,0.6144992393688923,DN
720575940628993871,720575941609747430,0.6501248749659272,DN
720575940632041247,720575941405473327,0.433081785440152,DN
720575940607178709,720575941506310821,0.627919850092788,DN
720575940632037224,720575941487659984,0.6005565287580287,DN
720575940626919579,720575941436259602,0.7333147543264041,DN
720575940612586151,720575941526676301,0.5737178100021467,DN
720575940604930481,720575941565293063,0.7533743771753542,DN
720575940626849546,720575941476367937,0.5692660007454243,DN
720575940630221563,720575941534383235,0.7566491420416621,DN
720575940632620991,720575941438049621,0.6873006552404876,DN
720575940634198926,720575941462606547,0.03117595686452387,DN
720575940614129617,720575941649976049,0.39952950508375185,DN
720575940622351996,720575941569808754,0.6144201020493586,DN
720575940622386824,720575941652319705,0.6916509338562997,DN
720575940624106388,720575941680648893,0.7726426768763436,DN
720575940631695841,720575941586425412,0.5822356781840475,DN
720575940612427414,720575941540535069,0.3357572326170478,DN
720575940604727264,720575941579450745,0.4289337246115533,DN
720575940618393478,720575941473825888,0.5744994741387379,DN
720575940625642302,720575941472597051,0.48467490086381654,DN
720575940627595772,720575941542584837,0.641103003172532,DN
720575940615666655,720575941539325333,0.4804542326419562,DN
720575940639634304,720575941554701722,0.4926029149250796,DN
720575940644542880,720575941479543776,0.4016727484662647,DN
720575940633218444,720575941430120289,0.6555773004209493,DN
720575940621181066,720575941448968029,0.3656362120635653,DN
720575940628445169,720575941686310895,0.4229444261101448,DN
720575940631035603,720575941466965725,0.686233238136243,DN
720575940611807795,720575941688242328,0.6719493393280807,DN
720575940618519454,720575941595534981,0.41921322414047346,DN
720575940632303441,720575941433030414,0.6731768038582001,DN
720575940628441862,720575941603785913,0.4565788492460073,DN
720575940638989894,720575941658910488,0.5377496495286104,DN
720575940621319156,720575941470004445,0.8630331895167416,DN
720575940617432065,720575941486815238,0.8149592938521042,DN
720575940644659236,720575941515726691,0.38217580136312396,DN
720575940614235323,720575941407788206,0.8909087178149664,DN
720575940619077755,720575941628349990,0.7076301279281623,DN
720575940639088216,720575941557413284,0.8338651465494691,DN
720575940611654570,720575941602413097,0.744918250026342,DN
720575940640589171,720575941529212600,0.4952918613431267,DN
720575940618663838,720575941603744697,0.4190088783651924,DN
720575940631508598,720575941547317940,0.42109930912150173,DN
720575940624816115,720575941663518844,0.3236557637386963,DN
720575940606222014,720575941514447097,0.5070442694805597,DN
720575940612206810,720575941435997984,0.5471713910382211,DN
720575940627419676,720575941626282634,0.5869603723764354,DN
720575940620298772,720575941631013090,0.6606343099958768,DN
720575940639726141,720575941640505375,0.6734464214571497,DN
720575940632486969,720575941548238004,0.5778088050821039,DN
720575940627107721,720575941353080624,0.42039674887659,DN
720575940608188427,720575941473177099,0.5216331279871345,DN
720575940627826760,720575941513768780,0.5932982469538871,DN
720575940621313414,720575941539028722,0.24924297121142128,DN
720575940637603038,720575941513808849,0.174631095506612,DN
720575940616400470,720575941558807411,0.6894780642492279,DN
720575940621530117,720575941569105658,0.7052235641592295,DN
720575940645352814,720575941519241176,0.7734717103030135,DN
720575940606607234,720575941628237625,0.6654880833381686,DN
720575940622633716,720575941511555344,0.8224448272286518,DN
720575940629240263,720575941477145393,0.5215230278637438,DN
720575940631959097,720575941477392926,0.7601491142357161,DN
720575940613347299,720575941543093021,0.7819930870770764,DN
720575940623137212,720575941629604153,0.2362637429553647,DN
720575940612366322,720575941476250164,0.3436568489731363,DN
720575940644758308,720575941515548515,0.6527896854845043,DN
720575940620714150,720575941489274057,0.6138288800932127,DN
720575940622027222,720575941688133871,0.6622016506486634,DN
720575940614342038,720575941614432409,0.5038259958693064,DN
720575940622565590,720575941477713770,0.47439717211189836,DN
720575940617399257,720575941589304644,0.5537294553316274,DN
720575940609376707,720575941515944803,0.5121508356986355,DN
720575940628360723,720575941431097737,0.11609213084667919,DN
720575940620082512,720575941441633883,0.0933628298157024,DN
720575940611813842,720575941401814307,0.8585610633826264,DN
720575940647586948,720575941550687805,0.8470618829446838,DN
720575940610677828,720575941611833577,0.3419475334262393,DN
720575940649829241,720575941560655731,0.36420166427049727,DN
720575940637659749,720575941645117304,0.7837925778892669,DN
720575940620859630,720575941432255959,0.5796981059644561,DN
720575940638204132,720575941554952858,0.7094898192445583,DN
720575940630135084,720575941439563583,0.7256559764735806,DN
720575940620541099,720575941518509495,0.7300076341528506,DN
720575940622161366,720575941573266171,0.6647477043724858,DN
720575940623918121,720575941692477592,0.4211537820056228,DN
720575940624986300,720575941519611608,0.4490795525528223,DN
720575940626672058,720575941535724522,0.5242144578057628,DN
720575940627403578,720575941505410876,0.4634666451090101,DN
720575940648180868,720575941540023189,0.3549585026573891,DN
720575940606633248,720575941690788827,0.5545054853598085,DN
720575940613589167,720575941496208071,0.77145055263963,DN
720575940615671106,720575941522604979,0.720399166440482,DN
720575940630695798,720575941734384939,0.7693451592647982,DN
720575940618291520,720575941632652987,0.6569557360941338,DN
720575940621082111,720575941507243333,0.0,DN
720575940627099338,720575941640075551,0.16815382902833428,DN
720575940615023535,720575941471266423,0.17795392319572165,DN
720575940616597334,720575941631028962,0.4917592445897935,DN
720575940617950877,720575941510621968,0.33748048745818127,DN
720575940636333710,720575941552017663,0.4992481857662693,DN
720575940626319235,720575941507079703,0.5760426671480783,DN
720575940633293025,720575941467453462,0.7068428249685634,DN
720575940627167516,720575941644554184,0.7995834907162528,DN
720575940622537477,720575941450728314,0.4285417573145223,DN
720575940627827697,720575941495266247,0.3504644577535896,DN
720575940611881139,720575941514787907,0.5405110308151578,DN
720575940615578043,720575941575525992,0.6377570667099178,DN
720575940627234069,720575941480917187,0.6600473667768673,DN
720575940647755641,720575941513096012,0.8089804944139354,DN
720575940651932150,720575941575688457,0.7954950831125701,DN
720575940610309034,720575941498788258,0.42457337226947417,DN
720575940613814971,720575941506644028,0.10241752347576424,DN
720575940619431765,720575941595605029,0.3850997661911308,DN
720575940621534273,720575941534800618,0.31863096966581184,DN
720575940625596647,720575941592628950,0.6323922391464148,DN
720575940634525303,720575941518945459,0.7465181733930102,DN
720575940609733582,720575941575484598,0.07456559431831168,DN
720575940611765201,720575941533567754,0.3163642938772782,DN
720575940612335539,720575941534075370,0.08659952007954749,DN
720575940614959675,720575941545033916,0.43037299465494516,DN
720575940628745209,720575941645731272,0.1111205206883839,DN
720575940630569413,720575941452264361,0.0,DN
720575940636098367,720575941687006988,0.26569909314978135,DN
720575940624530407,720575941452165801,0.4660352373981556,DN
720575940638175558,720575941514949881,0.3340385153887261,DN
720575940634560922,720575941548066184,0.5917944587023654,DN
720575940629304702,720575941556379108,0.5715835490445257,DN
720575940612429743,720575941566487655,0.0,DN
720575940617035449,720575941540291789,0.0,DN
720575940624015287,720575941537495322,0.45313013262787505,DN
720575940628436282,720575941576562792,0.5267341461030169,DN
720575940628971779,720575941483679674,0.7355680095012744,DN
720575940634862943,720575941477099313,0.5550548009676514,DN
720575940614014895,720575941399042851,0.6039300392619644,DN
720575940628869648,720575941564504832,0.6711866980550945,DN
720575940629477675,720575941658941264,0.0,DN
720575940632296519,720575941724607290,0.31269204447811927,DN
720575940627847752,720575941556768257,0.49981240409759226,DN
720575940609407939,720575941576254134,0.3885114508955185,DN
720575940613686954,720575941508500609,0.03871498623445651,DN
720575940618594117,720575941602854841,0.06497902740186111,DN
720575940626092302,720575941486575426,0.4945542451789953,DN
720575940628669545,720575941472005952,0.4489272696762769,DN
720575940625182341,720575941569348858,0.6528469629080026,DN
720575940619038366,720575941454913075,0.6563499995792929,DN
720575940624651189,720575941491972327,0.6421402298074116,DN
720575940638088511,720575941586950790,0.6737285001843406,DN
720575940615385798,720575941480901827,0.3632007430753016,DN
720575940616786433,720575941589353284,0.05790668513825362,DN
720575940619905916,720575941632799392,0.21158263280659892,DN
720575940622786317,720575941495775431,0.3221114528070952,DN
720575940639802685,720575941612340909,0.4613537473376643,DN
720575940610440402,720575941688644315,0.1411924642002811,DN
720575940616548416,720575941605091518,0.21543911857341363,DN
720575940622806247,720575941425381716,0.18898223650461363,DN
720575940623968612,720575941627576377,0.10393376717658537,DN
720575940625343761,720575941533578177,0.19327028512378608,DN
720575940617249254,720575941593505387,0.21132460900212396,DN
720575940630382075,720575941631020192,0.7843392174336783,DN
720575940624154604,720575941493998464,0.766818237180541,DN
720575940612629210,720575941562404008,0.8669219279076165,DN
720575940610341582,720575941577519961,0.38236097742291136,DN
720575940626238716,720575941539552717,0.07812416276851686,DN
720575940627307625,720575941586901316,0.44856637768771995,DN
720575940620915224,720575941455929837,0.3334282152698219,DN
720575940626580794,720575941506229889,0.3650027194643557,DN
720575940625047815,720575941704109786,0.5332231468278925,DN
720575940637896893,720575941609235302,0.6782232110329764,DN
720575940614682274,720575941439143954,0.5695252894420262,DN
720575940611087786,720575941571871241,0.4539019493895828,DN
720575940611610670,720575941612286428,0.6117710268515699,DN
720575940617477022,720575941541726493,0.3945859836321426,DN
720575940622123400,720575941591804712,0.33587234555639905,DN
720575940625065653,720575941415777937,0.4717915997136856,DN
720575940625187940,720575941430630392,0.3345961741367369,DN
720575940629725545,720575941592644054,0.5257657723700797,DN
720575940636606554,720575941468862583,0.479463576834817,DN
720575940615495867,720575941513772179,0.464548326761494,DN
720575940615659521,720575941633833403,0.0030149104954481673,DN
720575940617295321,720575941413558639,0.3488162705053626,DN
720575940620110215,720575941626967865,0.6408186885329321,DN
720575940621071495,720575941511473996,0.18773689291321546,DN
720575940629965708,720575941590576424,0.1614313109263585,DN
720575940630990533,720575941485358733,0.38197665209321374,DN
720575940638094911,720575941656710736,0.4891388731933964,DN
720575940649992569,720575941512837452,0.47863416336781167,DN
720575940619910080,720575941476398897,0.18797329850074104,DN
720575940636186463,720575941549247368,0.21264643484118848,DN
720575940623543117,720575941681678525,0.5425755551900129,DN
720575940604729312,720575941572941051,0.6797315568936521,DN
720575940606856405,720575941552584510,0.6203827532553936,DN
720575940615364564,720575941571453342,0.7067890515546847,DN
720575940620804566,720575941533398659,0.7306693287362486,DN
720575940621783628,720575941573846941,0.5090948837313053,DN
720575940640630589,720575941513032780,0.4952212634937724,DN
720575940621002480,720575941522001591,0.5716995671778283,DN
720575940623193293,720575941612982169,0.49628748121041905,DN
720575940623899082,720575941461352659,0.47097506761946595,DN
720575940624882151,720575941474312800,0.5325328524413855,DN
720575940630829563,720575941731655979,0.5075959464624975,DN
720575940632934751,720575941498434683,0.6536078893322201,DN
720575940618870113,720575941429866593,0.28158806297054995,DN
720575940630505334,720575941512043218,0.6519969910301517,DN
720575940654094241,720575941472839488,0.29992828179460934,DN
720575940632412333,720575941628262969,0.28749388231620826,DN
720575940620473547,720575941520735411,0.7077758814494495,DN
720575940631091407,720575941507989527,0.5615971810576544,DN
720575940628883535,720575941413514607,0.5846204082282028,DN
720575940629792060,720575941353771056,0.8018510601343088,DN
720575940619530187,720575941427901012,0.6587926596487499,DN
720575940607451081,720575941656903124,0.5630930547013107,DN
720575940623706405,720575941724581690,0.8659508588818875,DN
720575940611474925,720575941414491028,0.0,DN
720575940616498742,720575941433031182,0.0,DN
720575940630803727,720575941492588976,0.7030462217590584,DN
720575940614075363,720575941535231832,0.6651782001051486,DN
720575940623037720,720575941509305182,0.8171612527066053,DN
720575940640723315,720575941459823519,0.39446317111261125,DN
720575940637612974,720575941436313888,0.4914992384021766,DN
720575940623781611,720575941480490882,0.4871442745948963,DN
720575940624484796,720575941404748144,0.6779462537015708,DN
720575940631662648,720575941518794668,0.7385943553746135,DN
720575940626982181,720575941540246364,0.7153426417449239,DN
720575940613917359,720575941471808375,0.7423813796297972,DN
720575940626296339,720575941430610095,0.09582670951687913,DN
720575940621121159,720575941688574360,0.35028588116567105,DN
720575940623934096,720575941487448205,0.08507282920912136,DN
720575940634583694,720575941434224526,0.07161778518930262,DN
720575940611498419,720575941515411603,0.3731726325394432,DN
720575940611976618,720575941553550471,0.29076301386041337,DN
720575940632626402,720575941554888676,0.37412286086316515,DN
720575940631061900,720575941500839147,0.16547726444849406,DN
720575940636104767,720575941668465319,0.24196651445530037,DN
720575940638084149,720575941487186896,0.0,DN
720575940627722234,720575941584708486,0.530781043744724,DN
720575940612028017,720575941573385224,0.04934684071506108,DN
720575940619372726,720575941608733673,0.17486338797814208,DN
720575940614562207,720575941688674200,0.37272195454408263,DN
720575940618086535,720575941556199652,0.317398068086166,DN
720575940628825348,720575941448124692,0.2773207086880467,DN
720575940631051065,720575941507724929,0.40464616879371446,DN
720575940640140733,720575941415224348,0.37133939820504414,DN
720575940602534112,720575941626007195,0.15430490660846408,DN
720575940634279543,720575941577341544,0.04101456591233443,DN
720575940603786686,720575941510361298,0.39011284530123946,DN
720575940623776235,720575941588955703,0.6145639181813819,DN
720575940623537485,720575941390308246,0.3296505844089142,DN
720575940614107554,720575941438213951,0.26983606207482885,DN
720575940610605614,720575941633124549,0.48301705503582687,DN
720575940619191966,720575941461407955,0.5306097965253497,DN
720575940621801456,720575941690766555,0.37897409724790093,DN
720575940631543414,720575941479563650,0.4094874084071734,DN
720575940637870510,720575941494794160,0.2973875132871352,DN
720575940635212139,720575941432046945,0.2431388740417211,DN
720575940647031860,720575941566364982,0.7899762008408934,DN
720575940631342073,720575941626056556,0.2650559114457498,DN
720575940620297819,720575941453830637,0.9040401058874462,DN
720575940614909506,720575941555196929,0.7936440893823694,DN
720575940624537284,720575941499166281,0.5709207616647224,DN
720575940626889491,720575941642906529,0.5430352857883805,DN
720575940642449909,720575941613418716,0.7324026135957068,DN
720575940605658033,720575941400285475,0.7359257715667819,DN
720575940621399174,720575941627117676,0.45738478511906727,DN
720575940640486488,720575941452211834,0.6527475576506023,DN
720575940619024542,720575941631315616,0.5151668043696236,DN
720575940652104694,720575941589986359,0.4117225381896834,DN
720575940613339875,720575941561776173,0.6518117340252927,DN
720575940628264585,720575941536580634,0.6308625643603214,DN
720575940627490459,720575941575725928,0.22511501337677897,DN
720575940632043320,720575941504602418,0.11359373573079565,DN
720575940617918021,720575941449527477,0.46707954222479886,DN
720575940621107847,720575941626256266,0.5518332583188802,DN
720575940631982952,720575941565245794,0.2269575711237565,DN
720575940613838289,720575941538630627,0.3221198742456066,DN
720575940644467360,720575941470933824,0.43817291556414356,DN
720575940608716809,720575941560435059,0.6094841485894759,DN
720575940631469452,720575941535167320,0.8752975451222783,DN
720575940631124076,720575941665097203,0.94452350768156,DN
720575940635355804,720575941480480963,0.40902951730710185,DN
720575940622263066,720575941552768062,0.537180020977093,DN
720575940605714878,720575941612058982,0.5267142777934041,DN
720575940633996883,720575941480759971,0.5936077605673264,DN
720575940606425033,720575941441243839,0.5839462497240872,DN
720575940610604078,720575941431184559,0.5115465274033133,DN
720575940622933765,720575941645080481,0.5090959440107657,DN
720575940628659049,720575941432481633,0.47992009305672256,DN
720575940630403031,720575941534911832,0.08569494023863743,DN
720575940617296029,720575941653906161,0.13938441138454416,DN
720575940614759149,720575941628153913,0.7985851744754254,DN
720575940614736034,720575941476214833,0.8205474333685403,DN
720575940639314229,720575941492217548,0.24577551959500588,DN
720575940627044885,720575941487951757,0.14110992965725233,DN
720575940627629598,720575941482431311,0.39067986857241865,DN
720575940607170178,720575941448018196,0.26588033226128976,DN
720575940660220289,720575941539243669,0.47930767950260744,DN
720575940634782359,720575941525186818,0.5968296912928698,DN
720575940629774274,720575941477298996,0.657339429464865,DN
720575940626268761,720575941532803160,0.3355335772422093,DN
720575940612058543,720575941587467486,0.2836630224771348,DN
720575940636898270,720575941627484454,0.29445458538446734,DN
720575940622728728,720575941490679497,0.2907857989471469,DN
720575940638019184,720575941546194364,0.2445678597002359,DN
720575940630839371,720575941556990735,0.8095707335699727,DN
720575940623132621,720575941514456569,0.7695762093104124,DN
720575940609417995,720575941507241495,0.40893561983084653,DN
720575940632178892,720575941565091847,0.5228448380301628,DN
720575940622248453,720575941574984201,0.4823499039016259,DN
720575940627845704,720575941408639535,0.4585914915719224,DN
720575940622805700,720575941583462110,0.0475472239769325,DN
720575940624991495,720575941572464798,0.30371007115211796,DN
720575940630119532,720575941658613784,0.29116723430899105,DN
720575940610001220,720575941612374425,0.3612811290469538,DN
720575940626557442,720575941404874352,0.739180672351638,DN
720575940645045527,720575941565392482,0.33833794462834604,DN
720575940627285267,720575941428164233,0.6493571626586997,DN
720575940614572906,720575941483554189,0.46533026046594245,DN
720575940637966424,720575941433654048,0.658856460845932,DN
720575940622838154,720575941509145950,0.5304041587212911,DN
720575940632499757,720575941451068597,0.7739538994316624,DN
720575940619654053,720575941409519022,0.3055361347763224,DN
720575940620468718,720575941507073303,0.1912413376705827,DN
720575940627645514,720575941539809997,0.866824278565778,DN
720575940628884496,720575941558607396,0.7073074945131176,DN
720575940604954289,720575941583264121,0.7636487103717996,DN
720575940629757036,720575941559874831,0.8426817714974449,DN
720575940612203482,720575941402821923,0.7439375029957691,DN
720575940626009852,720575941528667814,0.794265731689331,DN
720575940622673860,720575941611791590,0.7793695002953013,DN
720575940611644529,720575941657879576,0.7910150654647358,DN
720575940617034565,720575941407841071,0.834296065304885,DN
720575940622550089,720575941545991429,0.8805635963224446,DN
720575940628498161,720575941540466381,0.592179151112789,DN
720575940633170643,720575941471537629,0.6326291115521011,DN
720575940635872101,720575941566493282,0.7745609317681975,DN
720575940627652358,720575941433155799,0.8219651917866411,DN
720575940620153765,720575941440683743,0.7025190635229988,DN
720575940619678366,720575941593683051,0.5891602745458402,DN
720575940631483695,720575941575652105,0.8472635383840806,DN
720575940625420986,720575941644587109,0.8419190302486023,DN
720575940610199781,720575941542664284,0.6710790531048708,DN
720575940623781127,720575941586006111,0.666129542848455,DN
720575940610505006,720575941633206944,0.8058489023458126,DN
720575940614137907,720575941509093726,0.47012721105666444,DN
720575940623122125,720575941441452373,0.40242443551501605,DN
720575940620054694,720575941551589181,0.4454783940390437,DN
720575940629777018,720575941478215985,0.5800242370513569,DN
720575940621804159,720575941540800405,0.5755526292948966,DN
720575940629421159,720575941515630947,0.5470645245033371,DN
720575940619486891,720575941682268861,0.7287793321558999,DN
720575940625295339,720575941491877833,0.7514071726380575,DN
720575940640747352,720575941566170422,0.6554531942285265,DN
720575940620354836,720575941543092060,0.7008944358776635,DN
720575940616293855,720575941534222770,0.7594378674337987,DN
720575940623431351,720575941502628695,0.6205787067758728,DN
720575940615219417,720575941579616081,0.7022738143940757,DN
720575940618382529,720575941428641620,0.2606319660463643,DN
720575940605041330,720575941523074295,0.7891993046153366,DN
720575940613748689,720575941546970292,0.7127423153361249,DN
720575940607037635,720575941630081574,0.9264120704732096,DN
720575940617802187,720575941491055820,0.8374660795933,DN
720575940623203004,720575941430069641,0.1512959853658215,DN
720575940628398202,720575941486587714,0.3197866095175906,DN
720575940630071583,720575941404981360,0.8278599805887746,DN
720575940630671734,720575941520203436,0.8450109640578809,DN
720575940610010521,720575941574467997,0.5714024974115486,DN
720575940617696728,720575941588409924,0.5217096597189318,DN
720575940623992300,720575941563334912,0.9201079949191081,DN
720575940625744784,720575941616284629,0.8736946495185591,DN
720575940628895787,720575941542617117,0.8170775636444833,DN
720575940633853559,720575941489377737,0.8389770471504558,DN
720575940618440000,720575941595189029,0.6768437853803473,DN
720575940627949589,720575941450506830,0.7714634892489689,DN
720575940616647483,720575941733034283,0.8661635953070488,DN
720575940643487342,720575941552603966,0.8456485268701514,DN
720575940629390123,720575941506196247,0.5669881134054928,DN
720575940644166048,720575941390623382,0.6762067504546764,DN
720575940615043368,720575941534435338,0.8590660505070773,DN
720575940631225996,720575941545312005,0.9001289406560967,DN
720575940610472146,720575941546634428,0.7612672904892444,DN
720575940639428174,720575941442187967,0.7223699384143917,DN
720575940623786376,720575941484195514,0.26947611097532403,DN
720575940645176264,720575941562217517,0.3275155732402611,DN
720575940629509948,720575941689646710,0.35677099237380044,DN
720575940611782874,720575941633602501,0.39846788428757507,DN
720575940619432261,720575941566309174,0.9179935357408484,DN
720575940627732361,720575941392812548,0.9408057803569899,DN
720575940628731140,720575941647038664,0.7674811383433369,DN
720575940629413962,720575941592811404,0.6295687826938835,DN
720575940621561697,720575941492697264,0.15625313368128055,DN
720575940640142141,720575941445707284,0.017508456434913305,DN
720575940622675421,720575941575342493,0.47616737296572764,DN
720575940635549620,720575941592542604,0.29746934880020187,DN
720575940620156283,720575941499964385,0.45793059154412313,DN
720575940633228103,720575941393242628,0.5109565926022105,DN
720575940632189900,720575941533704067,0.699663937449553,DN
720575940628132745,720575941618366079,0.6678391772019436,DN
720575940650929273,720575941524069111,0.7449753343642377,DN
720575940630610042,720575941472733451,0.8167496184657743,DN
720575940604103084,720575941639588127,0.4849223977311996,DN
720575940633165452,720575941451941498,0.4922095443225975,DN
720575940642894628,720575941508061975,0.8587273968130942,DN
720575940632903737,720575941621363327,0.8002615833876161,DN
720575940628437291,720575941560162798,0.7318940250029116,DN
720575940623276168,720575941595193558,0.8398586433763792,DN
720575940624407944,720575941459415878,0.5878325755930502,DN
720575940630992813,720575941681953981,0.6672639129579935,DN
720575940627496829,720575941492968423,0.8186152637101228,DN
720575940613170498,720575941586653062,0.7783212197909996,DN
720575940632422219,720575941502734475,0.3069053287955079,DN
720575940630236988,720575941413189999,0.32951514937536036,DN
720575940617750070,720575941515074883,0.7005186428351776,DN
720575940612557994,720575941454250665,0.7019058090401955,DN
720575940627166851,720575941652156657,0.744541254103333,DN
720575940636933722,720575941458473965,0.7641224957697226,DN
720575940632836675,720575941513203665,0.6719899045134707,DN
720575940633953434,720575941624257532,0.711050977734125,DN
720575940618594022,720575941536353880,0.7609161598765828,DN
720575940641148149,720575941394119830,0.7592241044967871,DN
720575940631122191,720575941594469160,0.6219799503144818,DN
720575940641278965,720575941532746981,0.6915761289728786,DN
720575940627582724,720575941605523902,0.8731820342435702,DN
720575940605725873,720575941554172807,0.7892759044591673,DN
720575940624426680,720575941463843597,0.7502992231804738,DN
720575940617280657,720575941672613799,0.7870988961178494,DN
720575940620369517,720575941431469304,0.62005807119259,DN
720575940623582867,720575941574731272,0.5416700815494343,DN
720575940615251251,720575941646451361,0.7614062875580773,DN
720575940620038779,720575941549273992,0.7643366483722277,DN
720575940613403890,720575941514530892,0.665868913084357,DN
720575940621031006,720575941477915700,0.7401307270172209,DN
720575940625539984,720575941592893992,0.42860331791414524,DN
720575940625747812,720575941492477644,0.5180624199314434,DN
720575940612682467,720575941521340087,0.6843231674246486,DN
720575940636651376,720575941644582501,0.7058483063924893,DN
720575940616886301,720575941489812277,0.7688848075067332,DN
720575940625513360,720575941603720377,0.7971326860679845,DN
720575940627055303,720575941446364586,0.7386696392010625,DN
720575940624861072,720575941441226943,0.8676861523659114,DN
720575940630346860,720575941575633053,0.7443953214395634,DN
720575940618398533,720575941517000185,0.73563972073518,DN
720575940643347616,720575941566793879,0.5304242970492178,DN
720575940617245652,720575941568499502,0.5353956261005614,DN
720575940629312300,720575941555710547,0.7151014902052651,DN
720575940637126007,720575941442213311,0.8223974137594965,DN
720575940646814340,720575941496919168,0.7421403273267301,DN
720575940629170250,720575941487319437,0.8493307638911151,DN
720575940631309866,720575941496696263,0.23476833829846902,DN
720575940618936710,720575941490799157,0.19914181043767382,DN
720575940645258606,720575941573616891,0.6257404652190954,DN
720575940614581410,720575941572671995,0.6237676970436336,DN
720575940615692690,720575941433415200,0.5038410311888442,DN
720575940626859283,720575941692178651,0.5610323038806128,DN
720575940635640312,720575941652883477,0.536843832969261,DN
720575940617904208,720575941492125902,0.6153149212792943,DN
720575940636610671,720575941551948543,0.7248422490821554,DN
720575940625345511,720575941539226866,0.4435996105915168,DN
720575940639789475,720575941436764448,0.6044199787622064,DN
720575940629846722,720575941522568627,0.6340320824023579,DN
720575940623925173,720575941526723940,0.5162315698890138,DN
720575940620878785,720575941439633983,0.6735719232722589,DN
720575940626562833,720575941440379733,0.5520255203412943,DN
720575940628858640,720575941556727041,0.5993247707495498,DN
720575940620582260,720575941572719006,0.5177622300425337,DN
720575940630221509,720575941483701178,0.6455614885375635,DN
720575940617952034,720575941574715208,0.6958581219216551,DN
720575940641173632,720575941549144968,0.7991397620725568,DN
720575940617809181,720575941658936144,0.8314083795185323,DN
720575940624349993,720575941621593727,0.7072286839022796,DN
720575940618314897,720575941472178752,0.7833154221470443,DN
720575940625673196,720575941569571186,0.5754489049837801,DN
720575940633095137,720575941440350293,0.686094279497232,DN
720575940641237632,720575941701672666,0.3461641311988792,DN
720575940655587489,720575941472160011,0.3668890116681022,DN
720575940629586417,720575941560503155,0.35178193511945915,DN
720575940630106309,720575941703384026,0.8509891789894798,DN
720575940620561840,720575941495055486,0.8986265625182334,DN
720575940629428215,720575941477812131,0.7123313817916684,DN
720575940620642940,720575941610917037,0.7740239541435864,DN
720575940612311987,720575941502004107,0.8063310800412327,DN
720575940616649845,720575941618655615,0.8033031909690179,DN
720575940644022551,720575941515922169,0.7677846312478449,DN
720575940635464343,720575941596431749,0.7661712733177656,DN
720575940605009097,720575941599049152,0.7294876216201847,DN
720575940613636325,720575941528247140,0.6754522355127636,DN
720575940613915823,720575941548378804,0.6518890859763649,DN
720575940630425083,720575941515152195,0.3183335274269615,DN
720575940638013274,720575941439802130,0.5117168055783584,DN
720575940635210859,720575941441615963,0.3647019940575131,DN
720575940624404872,720575941431875832,0.24139601501955596,DN
720575940619341744,720575941559946478,0.5058268668775694,DN
720575940619790975,720575941624536828,0.4903264983355755,DN
720575940622917351,720575941614190099,0.5475656524257382,DN
720575940609316050,720575941474256224,0.420778545982923,DN
720575940611102437,720575941393196950,0.7452561464096514,DN
720575940625467280,720575941535332952,0.15285578168290856,DN
720575940632989291,720575941480996226,0.6747945870082539,DN
720575940604284128,720575941586273926,0.4241640034115363,DN
720575940613632153,720575941489207605,0.6783873018521822,DN
720575940614587990,720575941562771624,0.8587229819202458,DN
720575940623052728,720575941579149401,0.0,DN
720575940617030585,720575941590435070,0.563401048604833,DN
720575940607854793,720575941612392169,0.29893333862395105,DN
720575940608332674,720575941503846706,0.08510281944500286,DN
720575940615502604,720575941612488169,0.8849228326967853,DN
720575940619089005,720575941539407090,0.7420868548535573,DN
720575940622437671,720575941661233976,0.13551366690477892,DN
720575940627542316,720575941460757715,0.568635283021419,DN
720575940630078031,720575941574671517,0.184804705754978,DN
720575940607971337,720575941576288413,0.008603054645816467,DN
720575940615058216,720575941475341610,0.4605860148012639,DN
720575940622836970,720575941477006388,0.6849323232260995,DN
720575940629782072,720575941564155904,0.3154288657698156,DN
720575940623528842,720575941537912291,0.5429942096235786,DN
720575940636479863,720575941507751447,0.4761111547707119,DN
720575940636879534,720575941733215019,0.5597645458063504,DN
720575940623153788,720575941690964888,0.639269574294929,DN
720575940627924227,720575941516357881,0.6956690440317247,DN
720575940619548799,720575941666660595,0.6731565221922908,DN
720575940628796780,720575941530093496,0.6894064703608536,DN
720575940640128720,720575941430975329,0.781580081530459,DN
720575940623556755,720575941624437756,0.9164194418414333,DN
720575940629866283,720575941701235930,0.648849335505981,DN
720575940631925156,720575941442418639,0.7883021639848309,DN
720575940608877266,720575941634017723,0.7721722605740252,DN
720575940627620593,720575941481103523,0.6133184709289845,DN
720575940624766700,720575941427934548,0.7379682525325774,DN
720575940606179686,720575941691800539,0.46494800883177617,DN
720575940629155227,720575941616497561,0.6361686347424713,DN
720575940615798470,720575941552163583,0.7372336278331874,DN
720575940632900665,720575941502273419,0.6368424074553721,DN
720575940616604817,720575941551774526,0.7908642826995186,DN
720575940633011256,720575941490558261,0.7240141218345958,DN
720575940617140597,720575941529139844,0.7466045424041984,DN
720575940621157645,720575941539816061,0.7274380019776111,DN
720575940611622826,720575941491857461,0.6728722120774917,DN
720575940621401222,720575941578384629,0.7687710981575689,DN
720575940625184782,720575941626959771,0.6789678232696201,DN
720575940616274619,720575941409588271,0.7316728984808264,DN
720575940608145026,720575941540257741,0.7342045652130403,DN
720575940624121161,720575941499077089,0.7525873507963008,DN
720575940611237594,720575941471768843,0.7085204906052133,DN
720575940644279319,720575941471139191,0.8304499292049635,DN
720575940617873201,720575941474608170,0.0,DN
720575940630428324,720575941723220282,0.0,DN
720575940626518858,720575941561535859,0.0,DN
720575940631609391,720575941566447879,0.0,DN
720575940630689644,720575941613532892,0.252303336761436,DN
720575940605162924,720575941507205143,0.2060924508274743,DN
720575940627750216,720575941546602345,0.7112529789545047,DN
720575940634750871,720575941414947220,0.6516982322097448,DN
720575940621554112,720575941480954019,0.7099608797873155,DN
720575940622843530,720575941619883135,0.6723853825232717,DN
720575940617552569,720575941467587606,0.6193032280783108,DN
720575940645693476,720575941438445330,0.7115380662505835,DN
720575940619451989,720575941564649216,0.2676734856072866,DN
720575940623014695,720575941645213048,0.187569781359206,DN
720575940615559892,720575941688560367,0.6863915168775776,DN
720575940614185366,720575941529824440,0.32026893184096267,DN
720575940608409355,720575941475572539,0.2597551835303646,DN
720575940610715346,720575941596596357,0.1991896988313876,DN
720575940647471395,720575941671438247,0.5596405093609622,DN
720575940648654468,720575941575744655,0.5760567484882808,DN
720575940623274966,720575941504687810,0.5556276191704246,DN
720575940635552948,720575941689631756,0.7059237660820532,DN
720575940620625880,720575941607634285,0.6141053508313732,DN
720575940632512156,720575941447935764,0.3362456210497772,DN
720575940607378633,720575941500840866,0.6672923915908867,DN
720575940626806046,720575941555637331,0.6890419674790192,DN
720575940624801771,720575941581870457,0.6454378306257319,DN
720575940605702944,720575941578679897,0.6250135227350202,DN
720575940620757748,720575941595520039,0.40377836901931086,DN
720575940606704562,720575941470236023,0.31697834379238404,DN
720575940615092019,720575941523111091,0.6628935466751434,DN
720575940619038493,720575941569801586,0.6054777206026215,DN
720575940623142426,720575941527759641,0.6136220087555558,DN
720575940637618142,720575941428563540,0.6919835358640423,DN
720575940622040419,720575941462378692,0.2430466448823257,DN
720575940621196037,720575941644058706,0.39640604198219714,DN
720575940637341668,720575941461875908,0.6213483504862365,DN
720575940612488341,720575941483266246,0.680099678551369,DN
720575940632646114,720575941626745452,0.34735151772215833,DN
720575940609719250,720575941417243164,0.3563594609198859,DN
720575940607632579,720575941524167755,0.0555758096866825,DN
720575940614363619,720575941516601690,0.06276997493476989,DN
720575940646160948,720575941574299208,0.7345723906449183,DN
720575940617448331,720575941631265062,0.7494564173668692,DN
720575940615292895,720575941439620415,0.6346344418784235,DN
720575940628885160,720575941482056834,0.6816765543604612,DN
720575940624977847,720575941515922778,0.6370749290051766,DN
720575940631499832,720575941558381860,0.5976256407877332,DN
720575940635838143,720575941521188791,0.4171721428143616,DN
720575940635210603,720575941550561341,0.5753259779528392,DN
720575940624402173,720575941597051761,0.6946617164598654,DN
720575940639242303,720575941440304172,0.7312763798090556,DN
720575940603580960,720575941470575479,0.3613165200512645,DN
720575940626665489,720575941503131371,0.5609536582353961,DN
720575940640306061,720575941490071605,0.4905995283956963,DN
720575940642411917,720575941444536746,0.49657394162439084,DN
720575940621629578,720575941658621976,0.4839713407697643,DN
720575940627241321,720575941493021104,0.4991857304568108,DN
720575940632379071,720575941591064716,0.6101207262436904,DN
720575940633213132,720575941593409064,0.25741191127278534,DN
720575940603874784,720575941394289668,0.82427692361919,DN
720575940613558509,720575941515619427,0.8163298019881787,DN
720575940634458719,720575941478705770,0.6061284095784116,DN
720575940632472850,720575941519453550,0.7205031179826867,DN
720575940606753884,720575941634266053,0.0,DN
720575940616026939,720575941491065653,0.6754863382770412,DN
720575940631082808,720575941491012809,0.6588776020259277,DN
720575940610236514,720575941614906387,0.6584644365626419,DN
720575940640331472,720575941499708745,0.5968361570924068,DN
720575940629490476,720575941574556744,0.7349588938474759,DN
720575940631520312,720575941541750141,0.7301779143396983,DN
720575940627921182,720575941521454003,0.702227829051228,DN
720575940642312136,720575941491649255,0.8379609895411096,DN
720575940621257340,720575941452030330,0.5894276714252139,DN
720575940646173748,720575941561430829,0.48559298634715997,DN
720575940641518733,720575941460006128,0.5723461014408612,DN
720575940603980256,720575941596424581,0.7638430147983142,DN
720575940602430944,720575941601617705,0.9372935926528984,AN/SA
720575940602703072,720575941483099590,0.6479732101693387,AN/SA
720575940603456288,720575941536507162,0.5075778707443198,AN/SA
720575940603460640,720575941613710556,0.44876612472715893,AN/SA
720575940603479910,720575941451737927,0.5712876871536213,AN/SA
720575940603545190,720575941499062601,0.6816936930829532,AN/SA
720575940603574374,720575941475963697,0.5174022867417221,AN/SA
720575940603599206,720575941451015802,0.7653937129990047,AN/SA
720575940603600230,720575941492283312,0.8041806928957865,AN/SA
720575940603767473,720575941611963309,0.4818180904289598,AN/SA
720575940603789228,720575941436526815,0.5612211790629036,AN/SA
720575940603801056,720575941494975102,0.5939093533915901,AN/SA
720575940603882174,720575941484372221,0.7055607772009296,AN/SA
720575940604023724,720575941558552591,0.5655018393858826,AN/SA
720575940604276652,720575941668463347,0.6174191972645061,AN/SA
720575940604865312,720575941660289104,0.8088331546016182,AN/SA
720575940604912770,720575941521081271,0.43972395815728815,AN/SA
720575940605075116,720575941661428280,0.8791598034900113,AN/SA
720575940605076401,720575941644799826,0.7511971770901302,AN/SA
720575940605154988,720575941537629706,0.7624810821874008,AN/SA
720575940605158572,720575941429552815,0.5562726270469848,AN/SA
720575940605173792,720575941653370389,0.8843295593085995,AN/SA
720575940605256894,720575941492419504,0.5519954538010615,AN/SA
720575940605662822,720575941617767893,0.6303733125279294,AN/SA
720575940605694752,720575941614272531,0.7663319576798453,AN/SA
720575940605707198,720575941459936070,0.7462593045305987,AN/SA
720575940605708478,720575941440543323,0.8992098219631076,AN/SA
720575940605916640,720575941440354645,0.5655898530131266,AN/SA
720575940605976521,720575941525217892,0.623261759530029,AN/SA
720575940606224318,720575941547987124,0.6084196504903059,AN/SA
720575940606324402,720575941416724764,0.6905250995199597,AN/SA
720575940606401970,720575941460102384,0.836751136565373,AN/SA
720575940606450955,720575941553773959,0.5182824015544353,AN/SA
720575940606525058,720575941500908171,0.8108570090046137,AN/SA
720575940606603186,720575941518795692,0.8844128492129744,AN/SA
720575940606617557,720575941566544647,0.5591383895452631,AN/SA
720575940606663881,720575941687585036,0.7960002219115132,AN/SA
720575940606718642,720575941527273316,0.6326152833704074,AN/SA
720575940606913202,720575941574748681,0.6913725376201544,AN/SA
720575940607128771,720575941544541364,0.7186476201462397,AN/SA
720575940607136707,720575941573655561,0.6270182413582691,AN/SA
720575940607161218,720575941440240335,0.8373919955525514,AN/SA
720575940607403275,720575941577436761,0.7396293616381112,AN/SA
720575940607434564,720575941555214593,0.46500347347233717,AN/SA
720575940607561540,720575941496967040,0.4597631061983314,AN/SA
720575940607606852,720575941562504546,0.7660658078417274,AN/SA
720575940607625737,720575941654557969,0.49400640860305495,AN/SA
720575940607888585,720575941526916354,0.704255297667734,AN/SA
720575940607909899,720575941610938797,0.9593576824883041,AN/SA
720575940608073602,720575941541431644,0.5323355823552504,AN/SA
720575940608090069,720575941595515941,0.5772336423486136,AN/SA
720575940608276181,720575941565122055,0.6658343186080466,AN/SA
720575940608321922,720575941585932422,0.6899592357046953,AN/SA
720575940608601355,720575941450914741,0.40948786557286354,AN/SA
720575940608646665,720575941471698752,0.6541126302503035,AN/SA
720575940608662318,720575941596627569,0.7292050368702607,AN/SA
720575940608683477,720575941524165453,0.6996066527232324,AN/SA
720575940608729795,720575941559494415,0.7227846488766003,AN/SA
720575940608887235,720575941412795759,0.7878583736593778,AN/SA
720575940608969938,720575941552203930,0.5093363665510799,AN/SA
720575940609073506,720575941505881413,0.5607073366443341,AN/SA
720575940609108174,720575941643557458,0.43971976794345013,AN/SA
720575940609244110,720575941575292936,0.5481317780732209,AN/SA
720575940609265476,720575941458853702,0.49101255732775895,AN/SA
720575940609311586,720575941690957787,0.8866046444972999,AN/SA
720575940609643017,720575941509092958,0.6964170959548144,AN/SA
720575940609651758,720575941651827989,0.4947794266775358,AN/SA
720575940610039219,720575941469048695,0.6365562743394951,AN/SA
720575940610056516,720575941441350235,0.6003953751596688,AN/SA
720575940610083682,720575941482956998,0.7273706912902361,AN/SA
720575940610125688,720575941463764368,0.6453598168377113,AN/SA
720575940610148505,720575941486980560,0.6757793789627267,AN/SA
720575940610160357,720575941499034786,0.8034793578280596,AN/SA
720575940610200217,720575941468215517,0.46380464570848645,AN/SA
720575940610244266,720575941554692580,0.5520838128849932,AN/SA
720575940610264490,720575941552590910,0.8724448643419469,AN/SA
720575940610275192,720575941652850709,0.5918477247439173,AN/SA
720575940610487410,720575941519459950,0.47622752017108644,AN/SA
720575940610501315,720575941633124539,0.5177482686997692,AN/SA
720575940610514073,720575941471079264,0.6871148111338545,AN/SA
720575940610522210,720575941440676319,0.46549511218339584,AN/SA
720575940610610990,720575941556446436,0.4156981540278158,AN/SA
720575940610612850,720575941691254680,0.643479934967917,AN/SA
720575940610624682,720575941603458750,0.5566143350875152,AN/SA
720575940610640482,720575941539327474,0.7194619777670216,AN/SA
720575940610784370,720575941449316628,0.718317717969436,AN/SA
720575940610850965,720575941649932785,0.7317373088167267,AN/SA
720575940610903409,720575941588978500,0.6588563121674437,AN/SA
720575940610960021,720575941639531125,0.5551605134777088,AN/SA
720575940611061038,720575941504674754,0.7984727372590928,AN/SA
720575940611123093,720575941493318832,0.9001479015243601,AN/SA
720575940611164634,720575941482071631,0.8547798844106889,AN/SA
720575940611223445,720575941458500563,0.4099906892852609,AN/SA
720575940611227029,720575941517403308,0.4841063208479243,AN/SA
720575940611255475,720575941624487882,0.7359851372729141,AN/SA
720575940611290354,720575941585890694,0.8597517408167996,AN/SA
720575940611373169,720575941537490813,0.6782638651839626,AN/SA
720575940611427697,720575941625112940,0.7155432129446995,AN/SA
720575940611429489,720575941541075069,0.6094808529950085,AN/SA
720575940611444633,720575941679872189,0.4665709301335796,AN/SA
720575940611514282,720575941503788779,0.7317425029855268,AN/SA
720575940611548273,720575941531484619,0.6306114609184407,AN/SA
720575940611603502,720575941629944870,0.44285633703743577,AN/SA
720575940611710322,720575941505566814,0.8053908327588065,AN/SA
720575940611772914,720575941580074485,0.8104418207558639,AN/SA
720575940611775717,720575941499022049,0.6186626555083911,AN/SA
720575940611817779,720575941499192905,0.80186359871925,AN/SA
720575940611831603,720575941551513716,0.5681869899776113,AN/SA
720575940611832490,720575941689667547,0.5882551543969766,AN/SA
720575940611835955,720575941575655311,0.768375101245116,AN/SA
720575940611853265,720575941507410526,0.7890355893961487,AN/SA
720575940611872149,720575941461092036,0.7928732993606235,AN/SA
720575940611877841,720575941571901000,0.8502164019267762,AN/SA
720575940611904296,720575941662302844,0.48414661598633735,AN/SA
720575940611932586,720575941596301607,0.684909845732779,AN/SA
720575940611932842,720575941456155443,0.5462396800375006,AN/SA
720575940612018545,720575941483105475,0.5683265377991986,AN/SA
720575940612050033,720575941514372049,0.6281497283114342,AN/SA
720575940612102769,720575941611944668,0.6239230839132118,AN/SA
720575940612195495,720575941514201932,0.7400364800649835,AN/SA
720575940612220071,720575941539767900,0.4055808148887562,AN/SA
720575940612267518,720575941561868544,0.6969676655521594,AN/SA
720575940612303271,720575941659000400,0.5574009177341518,AN/SA
720575940612306786,720575941484465862,0.5663773888909152,AN/SA
720575940612327091,720575941625561196,0.694985547313017,AN/SA
720575940612335102,720575941533543402,0.4685977388925242,AN/SA
720575940612341683,720575941632875461,0.44118184527323523,AN/SA
720575940612358642,720575941511599314,0.6938453463803139,AN/SA
720575940612409059,720575941476752180,0.5306537466875718,AN/SA
720575940612422654,720575941468218589,0.48056060531683203,AN/SA
720575940612468130,720575941631020012,0.4651346866875868,AN/SA
720575940612512146,720575941450220637,0.6138020279405357,AN/SA
720575940612522646,720575941490463541,0.8320491571014801,AN/SA
720575940612547698,720575941578442741,0.44384643342851293,AN/SA
720575940612580067,720575941507336517,0.7430305825078319,AN/SA
720575940612586905,720575941564422290,0.5660418523554404,AN/SA
720575940612599215,720575941537732840,0.742928471184073,AN/SA
720575940612608790,720575941478752362,0.6441063388071988,AN/SA
720575940612685162,720575941469868765,0.729162695764826,AN/SA
720575940612713322,720575941560414579,0.6410300190150087,AN/SA
720575940612718563,720575941566084871,0.7799775090498374,AN/SA
720575940612786995,720575941492793036,0.6505695589728404,AN/SA
720575940612836374,720575941528001958,0.503403149724868,AN/SA
720575940612861077,720575941559011620,0.8528759551039018,AN/SA
720575940612887080,720575941612468710,0.9131893526227961,AN/SA
720575940612950642,720575941546593468,0.8483430050362043,AN/SA
720575940613148625,720575941405855918,0.5826341907163681,AN/SA
720575940613171454,720575941548952609,0.6064977139419955,AN/SA
720575940613175215,720575941623193340,0.6781929583036989,AN/SA
720575940613194818,720575941540266109,0.5440947609914952,AN/SA
720575940613261810,720575941483161027,0.8186986636734662,AN/SA
720575940613266026,720575941436052000,0.5152122081925996,AN/SA
720575940613292610,720575941485886672,0.49042931355628805,AN/SA
720575940613403378,720575941535148778,0.7686339687339534,AN/SA
720575940613439903,720575941441234111,0.6889792019317973,AN/SA
720575940613497395,720575941477894686,0.5046359910080038,AN/SA
720575940613510002,720575941631437804,0.42319234545642104,AN/SA
720575940613522413,720575941652643313,0.8237232114064128,AN/SA
720575940613527021,720575941523203403,0.8154389435725644,AN/SA
720575940613608089,720575941604048830,0.47973372053319796,AN/SA
720575940613622501,720575941503121035,0.690868885132177,AN/SA
720575940613632997,720575941562921773,0.4483206076615611,AN/SA
720575940613640429,720575941580936273,0.5840939535873737,AN/SA
720575940613656557,720575941671012263,0.7680651062772286,AN/SA
720575940613693469,720575941649901297,0.5249194748815138,AN/SA
720575940613694634,720575941505231781,0.4577679627605958,AN/SA
720575940613706546,720575941595237157,0.5269288020592123,AN/SA
720575940613749702,720575941535852522,0.7932226670438735,AN/SA
720575940613771666,720575941502158059,0.6221057105930075,AN/SA
720575940613772317,720575941498979145,0.7894344040157932,AN/SA
720575940613772829,720575941486868432,0.8274957552236557,AN/SA
720575940613808326,720575941525888100,0.6831971188696475,AN/SA
720575940613834438,720575941537872253,0.4778391988325716,AN/SA
720575940613882822,720575941503334962,0.45833333333333337,AN/SA
720575940613938973,720575941571394811,0.4777884582195365,AN/SA
720575940613958194,720575941605174462,0.7793728153300478,AN/SA
720575940613977706,720575941568738036,0.4994409954670779,AN/SA
720575940613981330,720575941537162010,0.7359291380036179,AN/SA
720575940614132177,720575941502721003,0.4844433176353281,AN/SA
720575940614138577,720575941646264993,0.5765352009868121,AN/SA
720575940614153937,720575941566087687,0.8243930163562531,AN/SA
720575940614189310,720575941596098853,0.6980839715200847,AN/SA
720575940614284946,720575941566204470,0.455756064231852,AN/SA
720575940614298986,720575941632241900,0.6383533920472269,AN/SA
720575940614381283,720575941527343106,0.47448995031042657,AN/SA
720575940614398570,720575941518277815,0.6022413947357826,AN/SA
720575940614438685,720575941596240241,0.6607250846114027,AN/SA
720575940614444959,720575941451902542,0.4023258710462004,AN/SA
720575940614501672,720575941499893154,0.5875909430204249,AN/SA
720575940614511614,720575941645244360,0.6603283401771984,AN/SA
720575940614519775,720575941585137247,0.4785382598904433,AN/SA
720575940614569944,720575941571863709,0.563879346828789,AN/SA
720575940614614162,720575941477252913,0.4127395944383165,AN/SA
720575940614633122,720575941452657018,0.5910137982649282,AN/SA
720575940614642491,720575941703161306,0.7672784561207021,AN/SA
720575940614648273,720575941515951459,0.4496776657553987,AN/SA
720575940614668347,720575941576343222,0.6881979726829068,AN/SA
720575940614678751,720575941564160402,0.6494447105884984,AN/SA
720575940614784710,720575941536070170,0.7602162518430221,AN/SA
720575940614836027,720575941464369421,0.740929498762106,AN/SA
720575940614990486,720575941654021081,0.4566218848855397,AN/SA
720575940614998166,720575941478584938,0.5442877634736757,AN/SA
720575940615110450,720575941536695066,0.5941498383008151,AN/SA
720575940615137804,720575941575697161,0.7841422803211883,AN/SA
720575940615174493,720575941485069520,0.5257126962603128,AN/SA
720575940615211195,720575941491649511,0.8038723171197064,AN/SA
720575940615222634,720575941534463107,0.5929276395640343,AN/SA
720575940615247316,720575941626065516,0.572916753601583,AN/SA
720575940615254782,720575941704477914,0.8986271742785678,AN/SA
720575940615263188,720575941491585511,0.712833452633427,AN/SA
720575940615307154,720575941520167790,0.8109579748171426,AN/SA
720575940615309106,720575941627244396,0.6143929063473382,AN/SA
720575940615322553,720575941551486463,0.5568461420146409,AN/SA
720575940615385823,720575941545086088,0.5817634082783938,AN/SA
720575940615394527,720575941483828154,0.6480765192738002,AN/SA
720575940615438521,720575941447762964,0.5721588318817212,AN/SA
720575940615443805,720575941427950676,0.7397474745348634,AN/SA
720575940615460255,720575941446170026,0.5981135500014588,AN/SA
720575940615520159,720575941412626799,0.549111970162279,AN/SA
720575940615537041,720575941449745333,0.7537375252399883,AN/SA
720575940615572597,720575941438463276,0.5869985354896436,AN/SA
720575940615624961,720575941540592509,0.4900399856554684,AN/SA
720575940615637334,720575941573499464,0.5936268290825105,AN/SA
720575940615646109,720575941438959707,0.8688809335011207,AN/SA
720575940615669826,720575941400319779,0.8131366358640838,AN/SA
720575940615689634,720575941505236133,0.711681813386233,AN/SA
720575940615799179,720575941687408623,0.6490545548450473,AN/SA
720575940615814171,720575941514996945,0.7869434590004349,AN/SA
720575940615879965,720575941440672085,0.7965975428838207,AN/SA
720575940615900189,720575941591832360,1.0,AN/SA
720575940615903605,720575941433327374,0.7363632590071604,AN/SA
720575940615942924,720575941477889310,0.7287096157896089,AN/SA
720575940615949836,720575941568408622,0.7232478368965335,AN/SA
720575940615961542,720575941449547101,0.7760094247440537,AN/SA
720575940615964614,720575941440355157,0.9403582705913256,AN/SA
720575940615977541,720575941472867424,0.8307471607356973,AN/SA
720575940616001036,720575941639508853,0.7654547855119049,AN/SA
720575940616113291,720575941439569119,0.5110736023869051,AN/SA
720575940616169787,720575941690171355,0.43839912291117505,AN/SA
720575940616194443,720575941552964095,0.6120381787681524,AN/SA
720575940616195467,720575941537492712,0.622267795771051,AN/SA
720575940616343441,720575941609057389,0.8036491420507177,AN/SA
720575940616414859,720575941581772153,0.4248810486422368,AN/SA
720575940616427357,720575941466318870,0.6456009907560986,AN/SA
720575940616449093,720575941626118252,0.7778620504560547,AN/SA
720575940616824197,720575941438547167,0.4227934151222752,AN/SA
720575940616824965,720575941533380362,0.6192595745072261,AN/SA
720575940616831877,720575941503123339,0.7139175015367976,AN/SA
720575940616832901,720575941432966432,0.8844894813523866,AN/SA
720575940616833669,720575941623162108,0.8876767289815228,AN/SA
720575940616835717,720575941618637439,0.6601560310353677,AN/SA
720575940616836485,720575941554220571,0.4792463851281749,AN/SA
720575940616838789,720575941681023421,0.8314421590750456,AN/SA
720575940616858501,720575941548187681,0.6886700067740241,AN/SA
720575940616892062,720575941487488821,0.7760692193577995,AN/SA
720575940616943572,720575941553545278,0.7774338852967413,AN/SA
720575940617020699,720575941630573794,0.49654444829041094,AN/SA
720575940617076052,720575941563338664,0.7896727228612691,AN/SA
720575940617084673,720575941525922148,0.7508149266733704,AN/SA
720575940617109004,720575941533541720,0.9074062331098002,AN/SA
720575940617143124,720575941473859424,0.6163932753125144,AN/SA
720575940617208065,720575941612278630,0.9564593304904201,AN/SA
720575940617227042,720575941555384868,0.521669610746576,AN/SA
720575940617251841,720575941554198555,0.6458250519774732,AN/SA
720575940617286517,720575941584448390,0.43653607368093444,AN/SA
720575940617296945,720575941450721146,0.6425396041156863,AN/SA
720575940617301563,720575941635100603,0.6420696801712626,AN/SA
720575940617307097,720575941498583675,0.5699859580993316,AN/SA
720575940617373072,720575941458140115,0.5564866749122019,AN/SA
720575940617378843,720575941512498252,0.6813687804650803,AN/SA
720575940617387549,720575941612075622,0.6346332120584882,AN/SA
720575940617415803,720575941451350138,0.7075657498909702,AN/SA
720575940617422941,720575941574949627,0.46047056754965177,AN/SA
720575940617438016,720575941478980291,0.6369981647723448,AN/SA
720575940617539355,720575941543173405,0.4468285565395643,AN/SA
720575940617593157,720575941571900488,0.5672767290532243,AN/SA
720575940617611921,720575941556498660,0.539794262781929,AN/SA
720575940617625413,720575941486783238,0.6445226564898994,AN/SA
720575940617641301,720575941515615843,0.5879747322073337,AN/SA
720575940617662438,720575941511390673,0.4161147902869756,AN/SA
720575940617693264,720575941439209679,0.5002308994289691,AN/SA
720575940617716566,720575941568889332,0.6725538086702005,AN/SA
720575940617871394,720575941633589179,0.5370194089164667,AN/SA
720575940617894429,720575941527011865,0.6860101335441361,AN/SA
720575940617918091,720575941651981077,0.8199522734864182,AN/SA
720575940617932289,720575941611823078,0.4928325412341876,AN/SA
720575940617936641,720575941667252211,0.49312532562505546,AN/SA
720575940617942036,720575941575644573,0.4714045207910317,AN/SA
720575940617953241,720575941602034473,0.639315443011893,AN/SA
720575940617992000,720575941472554336,0.8715763958118352,AN/SA
720575940617997716,720575941603871990,0.8895588575824555,AN/SA
720575940618014528,720575941605171390,0.716117259033963,AN/SA
720575940618018497,720575941687950555,0.8690001477610365,AN/SA
720575940618019207,720575941589017143,0.6880939957394279,AN/SA
720575940618054981,720575941548867252,0.43519032581356376,AN/SA
720575940618066369,720575941554623130,0.8169115495583497,AN/SA
720575940618092289,720575941585234910,0.5723487136985912,AN/SA
720575940618095892,720575941450620494,0.8592858701332985,AN/SA
720575940618096321,720575941493128935,0.6872537982058412,AN/SA
720575940618192694,720575941540410005,0.8019656821355765,AN/SA
720575940618206262,720575941569349370,0.7514366382286916,AN/SA
720575940618208310,720575941703186394,0.7140046281731348,AN/SA
720575940618238635,720575941463745936,0.9697116237946476,AN/SA
720575940618259269,720575941538642147,0.719253372632058,AN/SA
720575940618260500,720575941620053375,0.6037178463131617,AN/SA
720575940618291883,720575941522076087,0.7416898553521284,AN/SA
720575940618344606,720575941574850205,0.6986176146098095,AN/SA
720575940618354267,720575941616608469,0.7751101701905687,AN/SA
720575940618388614,720575941642369125,0.6699935948803414,AN/SA
720575940618393398,720575941471916608,0.6469024523984783,AN/SA
720575940618395205,720575941519028396,0.6559014798346742,AN/SA
720575940618398878,720575941474562334,0.5794595774862444,AN/SA
720575940618401605,720575941492504958,0.7449026782070258,AN/SA
720575940618422875,720575941470861120,0.8263053529400506,AN/SA
720575940618423899,720575941532999361,0.7133677709199744,AN/SA
720575940618459485,720575941704467930,0.42342270583017005,AN/SA
720575940618518766,720575941564152722,0.5617127142647936,AN/SA
720575940618542808,720575941460850957,0.6628397068850694,AN/SA
720575940618556142,720575941566475623,0.5022831168966869,AN/SA
720575940618572270,720575941393745046,0.4732056027875058,AN/SA
720575940618599150,720575941603691198,0.463239960006929,AN/SA
720575940618659008,720575941441857727,0.6860488435818988,AN/SA
720575940618737954,720575941535975617,0.6908038024180304,AN/SA
720575940618855883,720575941460102340,0.5252789668002272,AN/SA
720575940618907376,720575941445302804,0.4681941279047323,AN/SA
720575940618957825,720575941515375171,0.8556654695932899,AN/SA
720575940619037616,720575941578527065,0.7293224334781098,AN/SA
720575940619048315,720575941624212732,0.809082500376011,AN/SA
720575940619054433,720575941446655252,0.482023833851792,AN/SA
720575940619066881,720575941553984574,0.4165249333830946,AN/SA
720575940619127472,720575941565533591,0.5245480565778082,AN/SA
720575940619145045,720575941482268867,0.8054040439091716,AN/SA
720575940619153136,720575941416654620,0.7600373353005586,AN/SA
720575940619154203,720575941528933030,0.7226857901594789,AN/SA
720575940619202901,720575941536219107,0.7502245082765963,AN/SA
720575940619241456,720575941593057064,0.731089830306005,AN/SA
720575940619266183,720575941527842148,0.5366284247434837,AN/SA
720575940619273126,720575941687667574,0.7589802472944597,AN/SA
720575940619273398,720575941580602869,0.7900538043006733,AN/SA
720575940619295728,720575941603732921,0.682853555812425,AN/SA
720575940619346102,720575941571900232,0.4517824167021801,AN/SA
720575940619358885,720575941613770259,0.6431292486336652,AN/SA
720575940619373703,720575941633064389,0.628892463313867,AN/SA
720575940619411327,720575941449981277,0.7036254691463211,AN/SA
720575940619487425,720575941517281708,0.6322596120188606,AN/SA
720575940619519092,720575941527544708,0.7525369739740517,AN/SA
720575940619644336,720575941428568404,0.6328778923194881,AN/SA
720575940619655814,720575941429706671,0.7377523465771201,AN/SA
720575940619657972,720575941634206651,0.7988640192332153,AN/SA
720575940619661888,720575941612233830,0.6441736187843842,AN/SA
720575940619679471,720575941564134242,0.724568837309472,AN/SA
720575940619737876,720575941630921413,0.5612041346530914,AN/SA
720575940619781914,720575941493333680,0.6460582824697986,AN/SA
720575940619801793,720575941560068334,0.6478304662901773,AN/SA
720575940619818876,720575941498506569,0.4046155373628591,AN/SA
720575940619822942,720575941445141012,0.5909692665901887,AN/SA
720575940619841886,720575941545219464,0.5681481090397905,AN/SA
720575940619888622,720575941439151378,0.5515842102272763,AN/SA
720575940619910177,720575941507247429,0.6061585903643738,AN/SA
720575940619914581,720575941527232514,0.435377316240275,AN/SA
720575940619932363,720575941517351161,0.6621459490507886,AN/SA
720575940619953065,720575941505239717,0.4104697026506985,AN/SA
720575940619987438,720575941563345576,0.6118659739652964,AN/SA
720575940620015787,720575941704593626,0.8523232937575821,AN/SA
720575940620052059,720575941536279745,0.6038205894546907,AN/SA
720575940620055454,720575941456024883,0.5497843690897599,AN/SA
720575940620066142,720575941611018314,0.756839914826357,AN/SA
720575940620079440,720575941527245337,0.7007633073288192,AN/SA
720575940620094366,720575941446297514,0.5261038604936995,AN/SA
720575940620095356,720575941512415248,0.43436845901625193,AN/SA
720575940620107585,720575941540590973,0.9064062246364674,AN/SA
720575940620116001,720575941531178469,0.45956753336251666,AN/SA
720575940620122503,720575941486694541,0.6573994880640237,AN/SA
720575940620181825,720575941522020791,0.4120756268617095,AN/SA
720575940620189004,720575941550909951,0.7824634759971406,AN/SA
720575940620205900,720575941633099680,0.5490545624629792,AN/SA
720575940620225612,720575941515591523,0.5043440866435045,AN/SA
720575940620232686,720575941510233616,0.5312850128930773,AN/SA
720575940620257750,720575941579361873,0.6134453523812714,AN/SA
720575940620291286,720575941541590301,0.4496365825342657,AN/SA
720575940620294420,720575941408800047,0.5721501078760286,AN/SA
720575940620298260,720575941544725509,0.5724953513163735,AN/SA
720575940620303380,720575941541469213,0.7954113198854093,AN/SA
720575940620312797,720575941440999119,0.7437806178500543,AN/SA
720575940620373469,720575941567010930,0.8207928398067699,AN/SA
720575940620390054,720575941548246920,0.7612835235936091,AN/SA
720575940620405869,720575941572956232,0.5575222316215208,AN/SA
720575940620407105,720575941504443074,0.49384454201309486,AN/SA
720575940620453040,720575941534916739,0.689667376590851,AN/SA
720575940620463732,720575941441901759,0.6610952526254454,AN/SA
720575940620472956,720575941605515966,0.5575614536985005,AN/SA
720575940620492246,720575941611824358,0.41867843208135624,AN/SA
720575940620539563,720575941477743646,0.670564130964285,AN/SA
720575940620552326,720575941461560720,0.672246134176375,AN/SA
720575940620580272,720575941512782947,0.5943778693470493,AN/SA
720575940620589147,720575941440001343,0.6044906584604806,AN/SA
720575940620600929,720575941574851510,0.5752799786247776,AN/SA
720575940620631974,720575941499161569,0.4343537635610452,AN/SA
720575940620637576,720575941505831262,0.42330662904654653,AN/SA
720575940620665816,720575941628282150,0.5421960691461682,AN/SA
720575940620670657,720575941503934551,0.6694284828591753,AN/SA
720575940620672432,720575941481470883,0.8464321461898202,AN/SA
720575940620677302,720575941688127350,0.7718277020371709,AN/SA
720575940620695387,720575941516185859,0.40847225721740243,AN/SA
720575940620705240,720575941574706953,0.7244265943316661,AN/SA
720575940620706486,720575941500465547,0.671447931543165,AN/SA
720575940620718472,720575941541333117,0.8453586356312303,AN/SA
720575940620718605,720575941541480573,0.6832922206930857,AN/SA
720575940620742605,720575941463642256,0.4986586312083772,AN/SA
720575940620752408,720575941474054496,0.6380888922507939,AN/SA
720575940620769741,720575941447921940,0.4135216016673044,AN/SA
720575940620809599,720575941566729460,0.669935999793037,AN/SA
720575940620811656,720575941583368543,0.8898074775219738,AN/SA
720575940620833901,720575941575575560,0.6151145816556085,AN/SA
720575940620859416,720575941393488790,0.7566588098081364,AN/SA
720575940620862746,720575941509079390,0.7624054134217747,AN/SA
720575940620882603,720575941611254858,0.4664508940621191,AN/SA
720575940620950042,720575941508997154,0.6070452807144028,AN/SA
720575940620983902,720575941478387306,0.6888899815413908,AN/SA
720575940621022856,720575941651316245,0.5888015039841448,AN/SA
720575940621057285,720575941590202878,0.786732830780788,AN/SA
720575940621103201,720575941650514193,0.8726635749229402,AN/SA
720575940621106977,720575941586697438,0.7169671346419397,AN/SA
720575940621114974,720575941574657032,0.690618487803426,AN/SA
720575940621147998,720575941439489599,0.7244780209895483,AN/SA
720575940621157364,720575941722224186,0.6638200816781998,AN/SA
720575940621166625,720575941571547912,0.796191882849973,AN/SA
720575940621170721,720575941596695591,0.8613987568799235,AN/SA
720575940621227173,720575941562512018,0.4843617692406274,AN/SA
720575940621308933,720575941504533810,0.6623435774761427,AN/SA
720575940621314836,720575941545094536,0.5004116808250403,AN/SA
720575940621318420,720575941629121004,0.5394417253269151,AN/SA
720575940621321706,720575941505393980,0.4288450139351179,AN/SA
720575940621327913,720575941499916962,0.7543596259693419,AN/SA
720575940621369066,720575941539118834,0.40326292698838556,AN/SA
720575940621380220,720575941452032122,0.7969452014502458,AN/SA
720575940621493068,720575941460458399,0.9568022835519663,AN/SA
720575940621512445,720575941459896390,0.4508023873391889,AN/SA
720575940621523421,720575941633187488,0.7739333001982579,AN/SA
720575940621553348,720575941530093752,0.6190160459410036,AN/SA
720575940621567564,720575941571901512,0.6750927495655388,AN/SA
720575940621590237,720575941641370962,0.7000297785885545,AN/SA
720575940621591477,720575941574252795,0.6689421806498725,AN/SA
720575940621599741,720575941450205109,0.6900598738898782,AN/SA
720575940621650712,720575941479905898,0.6636060236706565,AN/SA
720575940621749697,720575941537701347,0.40235127309927166,AN/SA
720575940621751792,720575941566336822,0.6571164816901602,AN/SA
720575940621765813,720575941668844209,0.8238302844910413,AN/SA
720575940621787371,720575941574442235,0.5899852233946276,AN/SA
720575940621833933,720575941655157209,0.754121764489526,AN/SA
720575940621846525,720575941645080225,0.40696552778502526,AN/SA
720575940621871797,720575941532187626,0.4828847247411957,AN/SA
720575940621902085,720575941557588964,0.8734959577322721,AN/SA
720575940621970445,720575941450861902,0.44297788202941396,AN/SA
720575940621975773,720575941505558085,0.8136149496902884,AN/SA
720575940622002086,720575941535925018,0.46920659891042293,AN/SA
720575940622018565,720575941440937301,0.5989990449650345,AN/SA
720575940622025989,720575941514024657,0.8266834239329367,AN/SA
720575940622102182,720575941563541351,0.6479492577859828,AN/SA
720575940622109769,720575941533316995,0.5245650968785038,AN/SA
720575940622118566,720575941434500110,0.7194986002543657,AN/SA
720575940622135757,720575941566679598,0.831874610733519,AN/SA
720575940622136573,720575941504235095,0.414090394648411,AN/SA
720575940622137443,720575941659223888,0.6390568068087421,AN/SA
720575940622150152,720575941688979318,0.5890769574576655,AN/SA
720575940622155290,720575941537417341,0.4888026967514953,AN/SA
720575940622160460,720575941576173832,0.7358949355895327,AN/SA
720575940622166664,720575941558535716,0.4690578279962885,AN/SA
720575940622197313,720575941411405995,0.6850984313124671,AN/SA
720575940622239553,720575941668397735,0.4985904841253417,AN/SA
720575940622259811,720575941499006433,0.7272088404158602,AN/SA
720575940622262493,720575941567589686,0.9311092196995204,AN/SA
720575940622264444,720575941552013055,0.7107138316165545,AN/SA
720575940622276744,720575941506304828,0.5036937741046855,AN/SA
720575940622300429,720575941415445908,0.9004702483004126,AN/SA
720575940622303446,720575941568708398,0.6816127910053867,AN/SA
720575940622416628,720575941574213627,0.814455197525561,AN/SA
720575940622443007,720575941530045624,0.582153841390188,AN/SA
720575940622461636,720575941590774924,0.5709984491480805,AN/SA
720575940622467113,720575941521978807,0.5268204396013514,AN/SA
720575940622474868,720575941492751820,0.5064900609980454,AN/SA
720575940622631382,720575941532753893,0.8561160058084119,AN/SA
720575940622642663,720575941496927360,0.7250445437875305,AN/SA
720575940622665544,720575941462828996,0.7101048123186953,AN/SA
720575940622674504,720575941630209221,0.7552177685130914,AN/SA
720575940622675016,720575941512656593,0.5912886956184851,AN/SA
720575940622707592,720575941493155303,0.6148879166481132,AN/SA
720575940622714004,720575941485157562,0.6935885123569606,AN/SA
720575940622779076,720575941503680087,0.9159814699055189,AN/SA
720575940622803859,720575941431800078,0.4466207900972719,AN/SA
720575940622830836,720575941592536939,0.7255084585877037,AN/SA
720575940622886158,720575941498996193,0.4106766424923509,AN/SA
720575940622904094,720575941503524914,0.4588857769639854,AN/SA
720575940622912500,720575941476977969,0.7629688796597729,AN/SA
720575940622915004,720575941441848411,0.5292266313257031,AN/SA
720575940622947333,720575941509352976,0.7000117062412506,AN/SA
720575940622947475,720575941575985241,0.744771954180015,AN/SA
720575940623008550,720575941685783158,0.6730840376096192,AN/SA
720575940623060883,720575941565099623,0.4737465788273108,AN/SA
720575940623064909,720575941653259025,0.4293105242615886,AN/SA
720575940623118029,720575941666666483,0.6910235486082666,AN/SA
720575940623147802,720575941482437967,0.8531874588880014,AN/SA
720575940623160202,720575941612139241,0.4330003841229508,AN/SA
720575940623161869,720575941573970831,0.6588052824786851,AN/SA
720575940623165965,720575941483616963,0.8068837551669594,AN/SA
720575940623194333,720575941447914772,0.5821384668516769,AN/SA
720575940623195530,720575941481244128,0.4303375961596242,AN/SA
720575940623202633,720575941611688681,0.6558974092672203,AN/SA
720575940623210445,720575941522552823,0.5744992198637977,AN/SA
720575940623222185,720575941575439798,0.6233187002118598,AN/SA
720575940623224811,720575941669856945,0.44962298662253253,AN/SA
720575940623234567,720575941432468183,0.7867315120634217,AN/SA
720575940623264904,720575941513702865,0.794570632242038,AN/SA
720575940623295415,720575941682453949,0.7244466386945477,AN/SA
720575940623302988,720575941563466152,0.6692007749149289,AN/SA
720575940623315856,720575941598660288,0.6469089459472022,AN/SA
720575940623324395,720575941435983136,0.9049348554880047,AN/SA
720575940623330192,720575941659115288,0.46663527987204356,AN/SA
720575940623351295,720575941548667060,0.8274300477785012,AN/SA
720575940623363000,720575941514023523,0.788062568622282,AN/SA
720575940623368375,720575941459850707,0.5075433533041421,AN/SA
720575940623371920,720575941441906779,0.45084554171256075,AN/SA
720575940623387430,720575941562682624,0.4002557291656619,AN/SA
720575940623396240,720575941574669725,0.7734248222208976,AN/SA
720575940623400629,720575941411740817,0.6121057304981251,AN/SA
720575940623467664,720575941568118004,0.6032509987478647,AN/SA
720575940623471044,720575941492467070,0.7790450360640635,AN/SA
720575940623529354,720575941533857546,0.692536950129799,AN/SA
720575940623531301,720575941630020134,0.6674912025611391,AN/SA
720575940623564435,720575941393748630,0.6484801432071479,AN/SA
720575940623606857,720575941672002727,0.9057448263621856,AN/SA
720575940623619549,720575941634207941,0.5222405290314613,AN/SA
720575940623646963,720575941593749541,0.784573081960905,AN/SA
720575940623685193,720575941596069489,0.8738007402003819,AN/SA
720575940623695252,720575941488207305,0.7048274966618621,AN/SA
720575940623696362,720575941486700354,0.4457063403813089,AN/SA
720575940623700661,720575941585920646,0.4947992333726937,AN/SA
720575940623725616,720575941532995521,0.5152261741618932,AN/SA
720575940623743892,720575941632353506,0.8309096625892767,AN/SA
720575940623747984,720575941520258414,0.6354487090486808,AN/SA
720575940623748389,720575941436684576,0.46431799476205543,AN/SA
720575940623755312,720575941438634002,0.5479293430713211,AN/SA
720575940623758377,720575941602013993,0.4790275508553905,AN/SA
720575940623776743,720575941615409817,0.8680558527674664,AN/SA
720575940623788519,720575941439161567,0.623887621575775,AN/SA
720575940623804260,720575941439550271,0.6041084039938408,AN/SA
720575940623817776,720575941637683829,0.6973880576848386,AN/SA
720575940623854276,720575941550649599,0.4867977019777935,AN/SA
720575940623863614,720575941562443362,0.9208766364385254,AN/SA
720575940623871015,720575941599261852,0.7018442493339923,AN/SA
720575940623900052,720575941433591511,0.42503603830567055,AN/SA
720575940623901415,720575941595882609,0.6231066563971194,AN/SA
720575940623982323,720575941408820271,0.746648733769725,AN/SA
720575940624005834,720575941458999711,0.611610579160002,AN/SA
720575940624012981,720575941514057283,0.6297790566899981,AN/SA
720575940624057525,720575941581666655,0.8047967876761264,AN/SA
720575940624082788,720575941568317230,0.46969604393388265,AN/SA
720575940624138569,720575941642285256,0.49098788212249644,AN/SA
720575940624180519,720575941439600684,0.6873512644791088,AN/SA
720575940624208201,720575941667034355,0.7453518927672892,AN/SA
720575940624276733,720575941594463013,0.9389375247874704,AN/SA
720575940624309006,720575941439941164,0.6167272242269621,AN/SA
720575940624310601,720575941437461010,0.48507125007266594,AN/SA
720575940624311369,720575941592445291,0.7241513575684568,AN/SA
720575940624339996,720575941514944761,0.6388433066347855,AN/SA
720575940624352747,720575941557948068,0.4444331151832753,AN/SA
720575940624387992,720575941703138522,0.8351835227909328,AN/SA
720575940624392171,720575941438462482,0.717597072578078,AN/SA
720575940624403843,720575941538066837,0.7301790314461482,AN/SA
720575940624431288,720575941703180762,0.7594614648738709,AN/SA
720575940624448138,720575941507181079,0.572094226506371,AN/SA
720575940624471683,720575941476978993,0.8428371484271067,AN/SA
720575940624500313,720575941483582659,0.6154449594263712,AN/SA
720575940624511833,720575941548225928,0.575692136529001,AN/SA
720575940624568416,720575941550687037,0.7520704419518891,AN/SA
720575940624728504,720575941514096787,0.6816081264594923,AN/SA
720575940624791941,720575941490705865,0.8605827119940559,AN/SA
720575940624792880,720575941613540572,0.71096373472486,AN/SA
720575940624807301,720575941487869904,0.5650931669568188,AN/SA
720575940624810270,720575941667205553,0.8358932160632544,AN/SA
720575940624810782,720575941578601049,0.7125989878852702,AN/SA
720575940624822003,720575941561632045,0.7631569451786717,AN/SA
720575940624871710,720575941483134659,0.5482442934685707,AN/SA
720575940624888445,720575941562066088,0.848407723552064,AN/SA
720575940624901107,720575941408617519,0.6749018722274185,AN/SA
720575940624910128,720575941439395903,0.7578812655181235,AN/SA
720575940624910887,720575941620740991,0.4392367116469672,AN/SA
720575940624912535,720575941433051406,0.7136147569125546,AN/SA
720575940624954185,720575941618680533,0.8706139595779447,AN/SA
720575940624967561,720575941529767812,0.8421669747618845,AN/SA
720575940625002633,720575941663484028,0.8713323770360988,AN/SA
720575940625003653,720575941480969123,0.8850819676107068,AN/SA
720575940625012938,720575941493106119,0.5520209034766688,AN/SA
720575940625086666,720575941593520747,0.6143461313893138,AN/SA
720575940625140755,720575941604501182,0.6126336035936266,AN/SA
720575940625147883,720575941503813207,0.7359613952290661,AN/SA
720575940625161530,720575941536685400,0.7232828749267588,AN/SA
720575940625176957,720575941551640711,0.7496578460620615,AN/SA
720575940625188741,720575941590477892,0.5046347324952646,AN/SA
720575940625287998,720575941483506618,0.6138540299711306,AN/SA
720575940625328401,720575941544501533,0.4780207761433801,AN/SA
720575940625346130,720575941546427836,0.5258308209338477,AN/SA
720575940625355920,720575941557603556,0.45004222693207774,AN/SA
720575940625393189,720575941505425858,0.6506356773849495,AN/SA
720575940625411109,720575941516704761,0.7684500429972396,AN/SA
720575940625429647,720575941545249468,0.5466081666101212,AN/SA
720575940625454162,720575941487783888,0.9515682517443147,AN/SA
720575940625479370,720575941436850143,0.6304063866094352,AN/SA
720575940625480394,720575941624461564,0.7730974161000146,AN/SA
720575940625481749,720575941496095431,0.43525793845657135,AN/SA
720575940625530114,720575941441901147,0.6582752704732242,AN/SA
720575940625575592,720575941617063551,0.5228966368250184,AN/SA
720575940625638916,720575941595083734,0.5873300016681033,AN/SA
720575940625739056,720575941537194778,0.7598631162852706,AN/SA
720575940625760912,720575941515222083,0.7108469402135116,AN/SA
720575940625821672,720575941689293430,0.7054874464353883,AN/SA
720575940625841241,720575941517447571,0.6931508403993439,AN/SA
720575940625844474,720575941470799223,0.5658267520895882,AN/SA
720575940625845242,720575941533782360,0.5356076930688534,AN/SA
720575940625854616,720575941703160026,0.8025605061457763,AN/SA
720575940625857923,720575941601087478,0.6630765629271151,AN/SA
720575940625883934,720575941573479326,0.4533786949473283,AN/SA
720575940625923527,720575941498833531,0.43421352837125926,AN/SA
720575940625941762,720575941662397752,0.42374938821222363,AN/SA
720575940625969351,720575941580685689,0.6336324193022891,AN/SA
720575940625985098,720575941438942738,0.6601404372995254,AN/SA
720575940626008160,720575941353112112,0.6181615594248806,AN/SA
720575940626021016,720575941654974169,0.6931384861350283,AN/SA
720575940626044418,720575941450215261,0.5499629600498865,AN/SA
720575940626148520,720575941657721624,0.4671908722977954,AN/SA
720575940626170865,720575941505059397,0.6739127651615939,AN/SA
720575940626180638,720575941548791732,0.5665177734860845,AN/SA
720575940626198790,720575941513720979,0.7202013035745041,AN/SA
720575940626206809,720575941452186025,0.7415267803626748,AN/SA
720575940626210949,720575941517783212,0.6110465337620448,AN/SA
720575940626227774,720575941547675497,0.7401391221647813,AN/SA
720575940626239881,720575941464753430,0.6784383956181527,AN/SA
720575940626252163,720575941458803952,0.7391455255316512,AN/SA
720575940626333971,720575941455733555,0.6038478191754345,AN/SA
720575940626339130,720575941484965698,0.7531125047651577,AN/SA
720575940626426823,720575941633896891,0.5582207668741376,AN/SA
720575940626462014,720575941631721954,0.7915747384608854,AN/SA
720575940626494722,720575941495190142,0.4050545024920876,AN/SA
720575940626505551,720575941479520898,0.7093942151425845,AN/SA
720575940626533634,720575941451006645,0.6476737898645015,AN/SA
720575940626545410,720575941443480234,0.4557310186150633,AN/SA
720575940626569554,720575941732764971,0.928729074319423,AN/SA
720575940626621317,720575941574322427,0.7370282752285532,AN/SA
720575940626622339,720575941606579309,0.6163826610995032,AN/SA
720575940626623387,720575941551514686,0.6693283162870871,AN/SA
720575940626625179,720575941569583474,0.8865519335959161,AN/SA
720575940626625546,720575941438619410,0.9120072494672652,AN/SA
720575940626651691,720575941631976864,0.6535534615636495,AN/SA
720575940626654107,720575941503483330,0.4033526770068574,AN/SA
720575940626664235,720575941612311981,0.5997573626548935,AN/SA
720575940626669355,720575941723377978,0.8088381326210818,AN/SA
720575940626719621,720575941461833924,0.7905438035544139,AN/SA
720575940626727301,720575941484960253,0.717947701568058,AN/SA
720575940626728323,720575941556420516,0.7983536225554725,AN/SA
720575940626750723,720575941515678051,0.7982549055861513,AN/SA
720575940626760600,720575941590752396,0.6908826778821151,AN/SA
720575940626768442,720575941476733243,0.5286394269339099,AN/SA
720575940626894394,720575941459870278,0.5466737557648332,AN/SA
720575940626901521,720575941631945452,0.5810185138396744,AN/SA
720575940626951513,720575941521999031,0.8646248274639989,AN/SA
720575940626953049,720575941527078681,0.6827601441274459,AN/SA
720575940626981157,720575941404754544,0.41295383155080856,AN/SA
720575940626985220,720575941509788033,0.4559197727771561,AN/SA
720575940626986877,720575941645271240,0.5866543214257467,AN/SA
720575940627022824,720575941644144978,0.7989267976277438,AN/SA
720575940627026279,720575941560435571,0.4590552334056035,AN/SA
720575940627064420,720575941514658906,0.6947674620021759,AN/SA
720575940627067368,720575941624639434,0.42545922074729176,AN/SA
720575940627070494,720575941483798781,0.6259332541294516,AN/SA
720575940627083080,720575941445042346,0.5460477452298218,AN/SA
720575940627125842,720575941554615553,0.4216308762335832,AN/SA
720575940627137223,720575941593041192,0.42265804004037993,AN/SA
720575940627137540,720575941479889315,0.8994548707299306,AN/SA
720575940627175445,720575941519971507,0.6293370680998694,AN/SA
720575940627177800,720575941612042972,0.7728620718401554,AN/SA
720575940627200004,720575941563646050,0.54142208534532,AN/SA
720575940627239336,720575941530964355,0.4549705561882077,AN/SA
720575940627244200,720575941589747012,0.8879098902829341,AN/SA
720575940627245992,720575941642837842,0.7317141544080569,AN/SA
720575940627283475,720575941488256976,0.773216848810121,AN/SA
720575940627304424,720575941652845041,0.5708424211596244,AN/SA
720575940627313180,720575941507077399,0.9038380342131338,AN/SA
720575940627331560,720575941450088285,0.5219163694407343,AN/SA
720575940627368079,720575941436012832,0.751563365604065,AN/SA
720575940627377285,720575941508609665,0.49683832568086905,AN/SA
720575940627378950,720575941351919408,0.4674558829705801,AN/SA
720575940627382405,720575941516122540,0.63443484179542,AN/SA
720575940627398855,720575941632198560,0.465335103063855,AN/SA
720575940627404090,720575941534028010,0.7969683700644554,AN/SA
720575940627410042,720575941438712923,0.9129627565191882,AN/SA
720575940627415827,720575941520584631,0.7191485054409996,AN/SA
720575940627417064,720575941455074099,0.4323424422104651,AN/SA
720575940627490065,720575941486776642,0.5385939307674076,AN/SA
720575940627493638,720575941547229620,0.8508285335653502,AN/SA
720575940627541954,720575941468805341,0.7122917129221572,AN/SA
720575940627544451,720575941431407575,0.43749869468071195,AN/SA
720575940627546750,720575941479284960,0.6331956053472738,AN/SA
720575940627560386,720575941652716305,0.6263379652791142,AN/SA
720575940627578306,720575941549428991,0.41428571428571426,AN/SA
720575940627621628,720575941520133367,0.6259330408835884,AN/SA
720575940627631360,720575941511863250,0.9030155751736945,AN/SA
720575940627637521,720575941573083656,0.7855458320834666,AN/SA
720575940627640817,720575941574320905,0.7688876415551352,AN/SA
720575940627663100,720575941403931248,0.4600897289822201,AN/SA
720575940627684614,720575941537542376,0.6385471030468196,AN/SA
720575940627697664,720575941555066451,0.5167351794255018,AN/SA
720575940627734293,720575941574689437,0.8168760124875012,AN/SA
720575940627738679,720575941514688249,0.4595847433736957,AN/SA
720575940627754496,720575941566797110,0.5214080481257766,AN/SA
720575940627758135,720575941454918707,0.5357383738046756,AN/SA
720575940627758833,720575941628271417,0.522292732230262,AN/SA
720575940627775375,720575941598952604,0.462383600749269,AN/SA
720575940627788032,720575941646923208,0.7245009108753663,AN/SA
720575940627803720,720575941595295783,0.882274292646954,AN/SA
720575940627824712,720575941471648631,0.5103434825448985,AN/SA
720575940627855620,720575941532854501,0.44241214987770655,AN/SA
720575940627881728,720575941591683212,0.4241876139025085,AN/SA
720575940627925564,720575941484160954,0.6265133384114747,AN/SA
720575940627963947,720575941556235940,0.5835599771296942,AN/SA
720575940628005676,720575941434859296,0.5103929838460061,AN/SA
720575940628064016,720575941471926080,0.6836233897689994,AN/SA
720575940628065852,720575941479814762,0.4056780169898904,AN/SA
720575940628083516,720575941592983665,0.6848231768547803,AN/SA
720575940628116183,720575941628704994,0.4185318593964251,AN/SA
720575940628177863,720575941578497369,0.6328707443527894,AN/SA
720575940628209801,720575941439599148,0.7278089771913218,AN/SA
720575940628212695,720575941450811470,0.6084215478433048,AN/SA
720575940628226012,720575941437220370,0.45800035729364375,AN/SA
720575940628233731,720575941588978244,0.4367186233001372,AN/SA
720575940628249938,720575941552602686,0.6081907421128955,AN/SA
720575940628319335,720575941516786579,0.6686398827621203,AN/SA
720575940628321531,720575941489748169,0.7767242573207184,AN/SA
720575940628337511,720575941521285047,0.5732764698243406,AN/SA
720575940628347471,720575941630971372,0.6633887384147148,AN/SA
720575940628361554,720575941568305658,0.5655892521099547,AN/SA
720575940628375148,720575941470728256,0.6162235266129181,AN/SA
720575940628382875,720575941516302329,0.8407011071930779,AN/SA
720575940628397775,720575941453086535,0.6571580443499649,AN/SA
720575940628400650,720575941518824620,0.9172089650341394,AN/SA
720575940628422139,720575941627562634,0.6493879997731039,AN/SA
720575940628428443,720575941495899465,0.8012320803830945,AN/SA
720575940628539735,720575941650789649,0.8277474925125485,AN/SA
720575940628548711,720575941687786870,0.8763837025002924,AN/SA
720575940628552054,720575941481010511,0.7754669290590849,AN/SA
720575940628558679,720575941461310096,0.7122672416192452,AN/SA
720575940628598142,720575941625038332,0.5970003945465477,AN/SA
720575940628599803,720575941526686797,0.6135719910778964,AN/SA
720575940628614487,720575941585004127,0.6815458418139233,AN/SA
720575940628631639,720575941496642944,0.6604113450313006,AN/SA
720575940628635751,720575941593765672,0.655274207903111,AN/SA
720575940628680177,720575941470647005,0.7092974551007872,AN/SA
720575940628692055,720575941625457148,0.7161456825260465,AN/SA
720575940628746690,720575941461958340,0.48963873822599724,AN/SA
720575940628754453,720575941630997986,0.690796243841696,AN/SA
720575940628772034,720575941450424245,0.5855796909480238,AN/SA
720575940628876111,720575941543812893,0.8306946370968749,AN/SA
720575940628884267,720575941661127992,0.4921620691440447,AN/SA
720575940628885264,720575941595290151,0.7444228118868603,AN/SA
720575940628894251,720575941524046071,0.7221742315098577,AN/SA
720575940628911620,720575941551514174,0.5536260485720376,AN/SA
720575940628946731,720575941580954193,0.526298409850102,AN/SA
720575940628952875,720575941432162145,0.48430376717412277,AN/SA
720575940628971008,720575941613245593,0.47542383738364297,AN/SA
720575940628991051,720575941537583331,0.7644546167730375,AN/SA
720575940629008655,720575941401375011,0.7106938086942705,AN/SA
720575940629015040,720575941440399445,0.8324240996703984,AN/SA
720575940629023870,720575941626190282,0.6015772762822419,AN/SA
720575940629041790,720575941607672685,0.4866127780697891,AN/SA
720575940629044854,720575941471240256,0.4601199478083762,AN/SA
720575940629075697,720575941493018032,0.9111722165698417,AN/SA
720575940629087682,720575941480693187,0.507629265205946,AN/SA
720575940629163820,720575941540261581,0.4577753817179039,AN/SA
720575940629176007,720575941556912211,0.6193284589246855,AN/SA
720575940629183131,720575941574768392,0.6428175201129337,AN/SA
720575940629247682,720575941537991907,0.6184514013227285,AN/SA
720575940629264938,720575941617820373,0.46907096053636765,AN/SA
720575940629297664,720575941668481779,0.6502682890966153,AN/SA
720575940629312768,720575941501806786,0.4169726567180844,AN/SA
720575940629321734,720575941629973986,0.5655383195663158,AN/SA
720575940629337600,720575941483848122,0.7918751069362597,AN/SA
720575940629411962,720575941392742148,0.6730608588310616,AN/SA
720575940629412156,720575941489294800,0.48978783112712776,AN/SA
720575940629416266,720575941506550693,0.4243183719908344,AN/SA
720575940629420135,720575941566655074,0.5833630944789017,AN/SA
720575940629439043,720575941511836944,0.5417460595295823,AN/SA
720575940629449027,720575941539075314,0.4386727121711311,AN/SA
720575940629460986,720575941571671709,0.7237168629663924,AN/SA
720575940629473067,720575941459157151,0.4057513356003446,AN/SA
720575940629486714,720575941514619601,0.647467606127757,AN/SA
720575940629524483,720575941544546077,0.4820004395892541,AN/SA
720575940629561400,720575941484023549,0.5314998657208858,AN/SA
720575940629589711,720575941545087493,0.5228308370216158,AN/SA
720575940629591793,720575941645970081,0.4633258020927167,AN/SA
720575940629630520,720575941584448134,0.6116128764607229,AN/SA
720575940629670723,720575941653335829,0.4941538741355526,AN/SA
720575940629725033,720575941478486849,0.5742062748066358,AN/SA
720575940629739068,720575941477380382,0.43543388854682347,AN/SA
720575940629745022,720575941410113451,0.7780244655297117,AN/SA
720575940629748606,720575941538080754,0.6548144037934966,AN/SA
720575940629752190,720575941479763050,0.5348333607235922,AN/SA
720575940629810882,720575941533946456,0.6405533382782287,AN/SA
720575940629820794,720575941644324690,0.548646042485624,AN/SA
720575940629847451,720575941644727713,0.6749407957371548,AN/SA
720575940629850105,720575941631270626,0.42231000301284316,AN/SA
720575940629864844,720575941732541739,0.6687500000000001,AN/SA
720575940629901047,720575941528293378,0.6426647841915869,AN/SA
720575940629921835,720575941476041521,0.7250127891744004,AN/SA
720575940629946951,720575941561334061,0.6919531968520817,AN/SA
720575940629965932,720575941505562949,0.6644197732806323,AN/SA
720575940629971852,720575941614433945,0.7720168303088415,AN/SA
720575940630012663,720575941431229615,0.5339152378942906,AN/SA
720575940630016761,720575941445166100,0.5270869114381024,AN/SA
720575940630021392,720575941499193161,0.4828361949345063,AN/SA
720575940630026745,720575941560931087,0.5985443238020969,AN/SA
720575940630058752,720575941489638094,0.608748978334274,AN/SA
720575940630107855,720575941448026388,0.5589185740056511,AN/SA
720575940630114079,720575941616501205,0.8302057600956788,AN/SA
720575940630121078,720575941448093972,0.7505177299919576,AN/SA
720575940630137655,720575941610664621,0.6486505727698977,AN/SA
720575940630151455,720575941416780828,0.7262655261995968,AN/SA
720575940630160384,720575941456851693,0.5425716350933318,AN/SA
720575940630170421,720575941430452750,0.845800251643032,AN/SA
720575940630193060,720575941552168959,0.4194663985271547,AN/SA
720575940630204959,720575941528463526,0.6743650795523322,AN/SA
720575940630234684,720575941560024847,0.7442500093415393,AN/SA
720575940630300434,720575941457859231,0.6616865167041711,AN/SA
720575940630307639,720575941658902040,0.5079018112121199,AN/SA
720575940630391639,720575941574813192,0.7768605722868814,AN/SA
720575940630404311,720575941480714626,0.6362804454301403,AN/SA
720575940630440645,720575941484893949,0.8629835720307791,AN/SA
720575940630461302,720575941546216628,0.561385945355048,AN/SA
720575940630502604,720575941597632041,0.5226558351404214,AN/SA
720575940630521931,720575941631629292,0.6560458327419458,AN/SA
720575940630598671,720575941498862242,0.7449347321515352,AN/SA
720575940630609170,720575941618058197,0.6240952175600797,AN/SA
720575940630633231,720575941501644683,0.5317947077796514,AN/SA
720575940630652876,720575941484965186,0.6691066169649924,AN/SA
720575940630670893,720575941595308071,0.4555890810055039,AN/SA
720575940630689388,720575941608483914,0.8912564112426797,AN/SA
720575940630690678,720575941578509401,0.7157492671338107,AN/SA
720575940630693494,720575941431795927,0.8486816819487842,AN/SA
720575940630705170,720575941681075389,0.9663522308463178,AN/SA
720575940630724652,720575941440674783,0.8229791161638619,AN/SA
720575940630763724,720575941523327735,0.47816523414778284,AN/SA
720575940630780589,720575941511203026,0.5021864631492098,AN/SA
720575940630798378,720575941559017252,0.7169807544045015,AN/SA
720575940630993194,720575941480772259,0.6809320773411317,AN/SA
720575940631000773,720575941409888303,0.46411051404204184,AN/SA
720575940631004202,720575941526853378,0.7940395945325862,AN/SA
720575940631083833,720575941499076987,0.7060237089363585,AN/SA
720575940631095289,720575941478339377,0.6516664334435924,AN/SA
720575940631096527,720575941460227824,0.43822319046070984,AN/SA
720575940631106767,720575941464121232,0.7807205910502315,AN/SA
720575940631240403,720575941527231746,0.5374613393785546,AN/SA
720575940631244648,720575941522981043,0.8019853646688312,AN/SA
720575940631262252,720575941440415455,0.9491705026773847,AN/SA
720575940631269843,720575941431071113,0.8385676739573277,AN/SA
720575940631274745,720575941447759124,0.8921655395179457,AN/SA
720575940631283727,720575941444962474,0.703462654320047,AN/SA
720575940631285571,720575941478631786,0.768864627235123,AN/SA
720575940631295703,720575941515233859,0.6351607898112896,AN/SA
720575940631344971,720575941438468626,0.4180202070038341,AN/SA
720575940631356235,720575941416742172,0.6237670259007808,AN/SA
720575940631361249,720575941407235502,0.43716186781969935,AN/SA
720575940631365089,720575941633163707,0.5070724870494426,AN/SA
720575940631372088,720575941548351549,0.6734410470298547,AN/SA
720575940631401698,720575941557126159,0.5883484054145521,AN/SA
720575940631412778,720575941588689548,0.6734556981500136,AN/SA
720575940631417057,720575941662508600,0.46257780815739863,AN/SA
720575940631447879,720575941691165848,0.6037251220442807,AN/SA
720575940631505711,720575941507368005,0.7953715310807284,AN/SA
720575940631530348,720575941507870242,0.8536709970029468,AN/SA
720575940631672268,720575941689802870,0.8366570959849887,AN/SA
720575940631821891,720575941413167215,0.6215037007389591,AN/SA
720575940631844300,720575941472609632,0.8307255031844938,AN/SA
720575940631922489,720575941545915836,0.6999299574934055,AN/SA
720575940631943008,720575941432832097,0.5938145778062327,AN/SA
720575940631958615,720575941474398513,0.6646805327610448,AN/SA
720575940631978592,720575941662445180,0.4849039372115856,AN/SA
720575940631989817,720575941515054659,0.5956325656205894,AN/SA
720575940632001640,720575941655202265,0.45590593042439614,AN/SA
720575940632033361,720575941644253266,0.8234416397121399,AN/SA
720575940632126412,720575941646678984,0.6128173182534248,AN/SA
720575940632300973,720575941627074924,0.7314985892608785,AN/SA
720575940632381970,720575941504683570,0.5575698655136119,AN/SA
720575940632466643,720575941402279971,0.42181396056547055,AN/SA
720575940632517028,720575941612667238,0.6954183998803084,AN/SA
720575940632519588,720575941442472539,0.7481578945716566,AN/SA
720575940632530913,720575941411290539,0.6538713195819335,AN/SA
720575940632533203,720575941604056505,0.7223480923295192,AN/SA
720575940632648868,720575941669329139,0.5173272737085741,AN/SA
720575940632674003,720575941476515636,0.6223114077924448,AN/SA
720575940632678099,720575941722633786,0.5588580070274903,AN/SA
720575940632680895,720575941503553474,0.5274643159768672,AN/SA
720575940632754003,720575941702564314,0.620776647157261,AN/SA
720575940632786586,720575941604241337,0.7698742853355222,AN/SA
720575940632815199,720575941431816184,0.6637465183030646,AN/SA
720575940632815315,720575941471550475,0.8160580050653008,AN/SA
720575940632830163,720575941589246020,0.4659208035489272,AN/SA
720575940632834911,720575941573992776,0.928425793969098,AN/SA
720575940632847661,720575941474101344,0.8656009935339203,AN/SA
720575940632875746,720575941611937709,0.5260288449886493,AN/SA
720575940632879149,720575941520250584,0.5033333643651696,AN/SA
720575940632879405,720575941668526067,0.5918696047130529,AN/SA
720575940632879917,720575941482323651,0.6877674888735437,AN/SA
720575940632930711,720575941473714730,0.5889922934476088,AN/SA
720575940632987859,720575941533250738,0.7909373336096619,AN/SA
720575940633000162,720575941472752736,0.42320736951515897,AN/SA
720575940633051499,720575941585935494,0.5973772972001453,AN/SA
720575940633059179,720575941569367546,0.818806481003848,AN/SA
720575940633119149,720575941663484540,0.7440427068977369,AN/SA
720575940633142831,720575941455535923,0.5790356095718142,AN/SA
720575940633157919,720575941483106243,0.7916715720985843,AN/SA
720575940633183559,720575941403959920,0.8131858801343612,AN/SA
720575940633185676,720575941444895914,0.5724044400863606,AN/SA
720575940633206831,720575941588503948,0.6103363266193299,AN/SA
720575940633206924,720575941508259141,0.5406692702874727,AN/SA
720575940633209996,720575941529819832,0.7392443559413805,AN/SA
720575940633251320,720575941493311920,0.9281503169823945,AN/SA
720575940633264888,720575941569599602,0.6338209603533338,AN/SA
720575940633284276,720575941553314714,0.8610405467358715,AN/SA
720575940633299481,720575941517389305,0.5622603760432,AN/SA
720575940633387768,720575941613399910,0.549015210391743,AN/SA
720575940633416604,720575941529904312,0.6880261821212561,AN/SA
720575940633430112,720575941526450713,0.8664811741295917,AN/SA
720575940633432568,720575941633402604,0.5395011596792204,AN/SA
720575940633475695,720575941477003825,0.6639288043118026,AN/SA
720575940633507637,720575941580594677,0.7116070722060306,AN/SA
720575940633548128,720575941630349094,0.6042407546249734,AN/SA
720575940633565536,720575941529735883,0.9545564471467125,AN/SA
720575940633569903,720575941480556162,0.722760727885558,AN/SA
720575940633662871,720575941461518035,0.7156013760632155,AN/SA
720575940633677167,720575941509730177,0.7435376166258099,AN/SA
720575940633701487,720575941473861728,0.5286110136302543,AN/SA
720575940633702511,720575941448056669,0.44391001061325536,AN/SA
720575940633764247,720575941353897264,0.50762475258842,AN/SA
720575940633767588,720575941535231154,0.5056083188382474,AN/SA
720575940633791599,720575941548276404,0.5570005506554979,AN/SA
720575940633884512,720575941465729878,0.9055066676305386,AN/SA
720575940633969815,720575941639868277,0.8347294397606778,AN/SA
720575940634038041,720575941612504297,0.4348819028579321,AN/SA
720575940634057335,720575941598566812,0.6155387134243631,AN/SA
720575940634111351,720575941408634671,0.7915530157077062,AN/SA
720575940634126711,720575941626522762,0.7197228757237206,AN/SA
720575940634243775,720575941681685693,0.7997311741153935,AN/SA
720575940634325916,720575941393722006,0.701681350507357,AN/SA
720575940634332570,720575941448063764,0.8569014914381181,AN/SA
720575940634332773,720575941553999422,0.6000059172472966,AN/SA
720575940634333338,720575941615507925,0.7864953122952477,AN/SA
720575940634360462,720575941558973455,0.5328164620873914,AN/SA
720575940634361998,720575941477928834,0.5658075361711088,AN/SA
720575940634472590,720575941560266152,0.9317679975583624,AN/SA
720575940634523232,720575941496285822,0.7264516979642109,AN/SA
720575940634525792,720575941507242309,0.724773372961716,AN/SA
720575940634557594,720575941489759177,0.6847338361794197,AN/SA
720575940634584312,720575941574844425,0.6761837375708583,AN/SA
720575940634615288,720575941552229887,0.9544958126763621,AN/SA
720575940634626144,720575941487325325,0.6429865701703166,AN/SA
720575940634627214,720575941574730235,0.5839704673987837,AN/SA
720575940634858096,720575941564705431,0.4231599688963661,AN/SA
720575940635029146,720575941626447754,0.7558123107698491,AN/SA
720575940635044344,720575941560978670,0.5683052494074572,AN/SA
720575940635139439,720575941556338916,0.5278654725736519,AN/SA
720575940635164779,720575941531252939,0.9148950910848537,AN/SA
720575940635206763,720575941593486806,0.5223750497430006,AN/SA
720575940635274615,720575941431111087,0.939324537653648,AN/SA
720575940635329180,720575941593522283,0.8052425408326828,AN/SA
720575940635416686,720575941631635426,0.9554904713806953,AN/SA
720575940635462757,720575941515508314,0.8374757189239396,AN/SA
720575940635473886,720575941516016707,0.4270766349887992,AN/SA
720575940635487845,720575941411719279,0.44116318681589195,AN/SA
720575940635527092,720575941528372301,0.5909484021786691,AN/SA
720575940635591776,720575941629968166,0.5335214960397044,AN/SA
720575940635611060,720575941586455774,0.7062414323676598,AN/SA
720575940635620709,720575941576140470,0.7427470216526748,AN/SA
720575940635632888,720575941456849901,0.587187540540934,AN/SA
720575940635634533,720575941534003075,0.8256162289637592,AN/SA
720575940635659748,720575941618730879,0.5518905824053418,AN/SA
720575940635668622,720575941435340430,0.40135376657229155,AN/SA
720575940635677668,720575941391682052,0.5664678307540293,AN/SA
720575940635715647,720575941613459164,0.7018070704253685,AN/SA
720575940635754853,720575941433061646,0.7741830521124298,AN/SA
720575940635768895,720575941550801441,0.4000625876699511,AN/SA
720575940635860058,720575941556437732,0.7259950148360788,AN/SA
720575940635883327,720575941463134477,0.732776720760177,AN/SA
720575940635891546,720575941572468126,0.580249353120871,AN/SA
720575940635905893,720575941722790714,0.7474229960949679,AN/SA
720575940635968319,720575941578746713,0.4876156751230062,AN/SA
720575940635989390,720575941566725991,0.5071954968454321,AN/SA
720575940636004975,720575941490285006,0.8569191582222716,AN/SA
720575940636008559,720575941515668995,0.8978177640797954,AN/SA
720575940636168628,720575941492358350,0.4588214986599953,AN/SA
720575940636241264,720575941589256260,0.7776934785096361,AN/SA
720575940636263543,720575941580859893,0.4038357987926617,AN/SA
720575940636400966,720575941531270347,0.45580359475990023,AN/SA
720575940636444742,720575941659328592,0.6092037256196021,AN/SA
720575940636538340,720575941552896830,0.9593933140590626,AN/SA
720575940636656888,720575941513278457,0.6823030984473938,AN/SA
720575940636674190,720575941617642965,0.41133381611239045,AN/SA
720575940636703374,720575941461234131,0.7689389047609907,AN/SA
720575940636706118,720575941432274647,0.4749019929316186,AN/SA
720575940636805958,720575941561414034,0.7679024330601563,AN/SA
720575940636812772,720575941612394058,0.4322541096289982,AN/SA
720575940636821616,720575941563483816,0.520660358223942,AN/SA
720575940637013349,720575941641209119,0.45735421660512426,AN/SA
720575940637149006,720575941411527057,0.42138656869254715,AN/SA
720575940637160937,720575941436244110,0.8411865527798856,AN/SA
720575940637218672,720575941408363950,0.9685059179479768,AN/SA
720575940637309924,720575941436518367,0.5704790030063892,AN/SA
720575940637374323,720575941576660840,0.879134539662719,AN/SA
720575940637383027,720575941579857397,0.6699257993340009,AN/SA
720575940637388004,720575941504860978,0.6724110311656971,AN/SA
720575940637396851,720575941462375876,0.6083272136739855,AN/SA
720575940637434202,720575941565351943,0.845614899812966,AN/SA
720575940637464691,720575941553999387,0.7633850430015442,AN/SA
720575940637496179,720575941430071310,0.6324555320336759,AN/SA
720575940637568613,720575941550700605,0.48765241519834646,AN/SA
720575940637629016,720575941430003960,0.6738410341873227,AN/SA
720575940637635429,720575941599063232,0.938175968650638,AN/SA
720575940637650830,720575941484691642,0.804943454141345,AN/SA
720575940637671552,720575941634316731,0.7691390901694523,AN/SA
720575940637679421,720575941437933074,0.6511382134879707,AN/SA
720575940637842246,720575941557601508,0.5986960789901441,AN/SA
720575940637957446,720575941605509054,0.45143539169127955,AN/SA
720575940637993542,720575941441900479,0.6938696080368348,AN/SA
720575940638155497,720575941413523604,0.8664157321406128,AN/SA
720575940638197737,720575941654405076,0.6701811050901162,AN/SA
720575940638250293,720575941542461276,0.6983815536678365,AN/SA
720575940638396998,720575941471829568,0.4434444268639829,AN/SA
720575940638441525,720575941542421340,0.8092340901432008,AN/SA
720575940638453437,720575941614894037,0.6630558295943336,AN/SA
720575940638558953,720575941655750356,0.6485797639696751,AN/SA
720575940638604021,720575941541839389,0.7534592053478983,AN/SA
720575940638637022,720575941498438523,0.7230075722383361,AN/SA
720575940638681919,720575941547426484,0.4758086679687172,AN/SA
720575940638700707,720575941466022422,0.8056950457483754,AN/SA
720575940638737341,720575941565124918,0.8753150531736069,AN/SA
720575940638744804,720575941472329568,0.7612732022872589,AN/SA
720575940638745060,720575941479267970,0.7314066991358098,AN/SA
720575940638800437,720575941470600823,0.5971863524072865,AN/SA
720575940638858549,720575941454918195,0.6192665798347858,AN/SA
720575940638985050,720575941628267321,0.462267320723166,AN/SA
720575940638991349,720575941514874627,0.4246519896555224,AN/SA
720575940639137955,720575941655534804,0.7220561026822395,AN/SA
720575940639140341,720575941731044139,0.7595441845019838,AN/SA
720575940639151960,720575941659040080,0.7799564899708652,AN/SA
720575940639190205,720575941472070775,0.767776015681256,AN/SA
720575940639205821,720575941632371948,0.7020639114793038,AN/SA
720575940639264590,720575941670138033,0.5731970044799116,AN/SA
720575940639301747,720575941393864342,0.8983336133369493,AN/SA
720575940639352947,720575941515909635,0.6058438231641443,AN/SA
720575940639429504,720575941612425190,0.5218614218358191,AN/SA
720575940639458037,720575941556952147,0.48929103061592827,AN/SA
720575940639468160,720575941461356243,0.8492386790037947,AN/SA
720575940639606747,720575941644291154,0.7034518005830309,AN/SA
720575940639652678,720575941653553169,0.6300177528569996,AN/SA
720575940639654515,720575941569592690,0.7878581982853147,AN/SA
720575940639711566,720575941414908561,0.6225633805127702,AN/SA
720575940639740368,720575941574549768,0.6865698515125327,AN/SA
720575940639746979,720575941564373346,0.6269975070771502,AN/SA
720575940639772221,720575941473987168,0.7594803857852774,AN/SA
720575940639843035,720575941594293032,0.6531659804582326,AN/SA
720575940640096976,720575941577885288,0.7593233925466124,AN/SA
720575940640167552,720575941431332088,0.4562509529262972,AN/SA
720575940640173184,720575941491057614,0.4116462561187072,AN/SA
720575940640281653,720575941534288984,0.7831632848864254,AN/SA
720575940640713843,720575941607851117,0.6360491018459358,AN/SA
720575940640773491,720575941623204860,0.6263800490660029,AN/SA
720575940640934363,720575941454690217,0.7130074180049605,AN/SA
720575940640962158,720575941512515907,0.8746500305543904,AN/SA
720575940641229520,720575941482146467,0.5286882781234324,AN/SA
720575940641259392,720575941491584743,0.7042130608172729,AN/SA
720575940641679501,720575941581238773,0.6773543720639102,AN/SA
720575940641702304,720575941542876957,0.6942976950629546,AN/SA
720575940641703584,720575941579629137,0.5753026288343436,AN/SA
720575940641781152,720575941626534090,0.46042266766667345,AN/SA
720575940641824200,720575941603685817,0.6898931324923214,AN/SA
720575940642245742,720575941530158980,0.5387547315817832,AN/SA
720575940642422157,720575941561376750,0.7346187126736701,AN/SA
720575940642427789,720575941556616787,0.5863458294708347,AN/SA
720575940642468644,720575941532002533,0.40760523872113696,AN/SA
720575940642513444,720575941453681203,0.5740372024466363,AN/SA
720575940642875080,720575941579749365,0.8089536282051228,AN/SA
720575940643108718,720575941485705478,0.4112736863459543,AN/SA
720575940643142560,720575941476919099,0.6700806658377402,AN/SA
720575940643552366,720575941589794046,0.6347482792849243,AN/SA
720575940643683744,720575941555321601,0.7706510445846917,AN/SA
720575940644050376,720575941529978756,0.8049785506590177,AN/SA
720575940644096712,720575941401813027,0.41208348080901286,AN/SA
720575940644275223,720575941723386170,0.779070613704606,AN/SA
720575940644376355,720575941477954609,0.5654573806541491,AN/SA
720575940644438039,720575941556531201,0.84322621106839,AN/SA
720575940644570932,720575941566618722,0.6405985780352103,AN/SA
720575940644733988,720575941565308423,0.47188472553315847,AN/SA
720575940645109124,720575941588160580,0.6855542049657046,AN/SA
720575940645122948,720575941552589055,0.4847448256492177,AN/SA
720575940645125508,720575941412047787,0.5401963792664285,AN/SA
720575940645167492,720575941684845551,0.5495239811062068,AN/SA
720575940645187784,720575941579780597,0.7608073097987935,AN/SA
720575940645197188,720575941516762515,0.5905884954700711,AN/SA
720575940645199748,720575941596729477,0.5043594197074521,AN/SA
720575940645246004,720575941529738955,0.6173231916927489,AN/SA
720575940645704996,720575941510276562,0.5102417320245679,AN/SA
720575940645995543,720575941560433267,0.9140343929676666,AN/SA
720575940646307574,720575941535068650,0.4420393432349589,AN/SA
720575940646473838,720575941556383908,0.7116838659001332,AN/SA
720575940646554659,720575941601022710,0.5417026071161101,AN/SA
720575940646684292,720575941601114102,0.4374666250960851,AN/SA
720575940647022644,720575941430133006,0.7855283386249592,AN/SA
720575940647447161,720575941479882346,0.7110340325259171,AN/SA
720575940647474041,720575941545989556,0.4745135702895491,AN/SA
720575940647515524,720575941519192792,0.5935252398545128,AN/SA
720575940647523705,720575941475322410,0.5224407115474713,AN/SA
720575940647574916,720575941548340104,0.5515477568339523,AN/SA
720575940648652921,720575941474552372,0.5810130744792059,AN/SA
720575940650082038,720575941430153976,0.6713920228912877,AN/SA
720575940650875769,720575941600940473,0.9058939519378182,AN/SA
720575940651145857,720575941477530986,0.8423690050589512,AN/SA
720575940651808758,720575941611278825,0.5755979312272146,AN/SA
720575940652563361,720575941587469022,0.757730806308143,AN/SA
720575940652617121,720575941557352686,0.869001447734837,AN/SA
720575940652663457,720575941578353909,0.5673154352528709,AN/SA
720575940653617910,720575941526870628,0.6265905666353979,AN/SA
720575940654123169,720575941504354754,0.8301316998548042,AN/SA
720575940654220193,720575941479639658,0.7889668950442605,AN/SA
720575940654222241,720575941612593069,0.738183821647226,AN/SA
720575940654227105,720575941687586316,0.48353395701621604,AN/SA
720575940654759553,720575941720495162,0.611540048763934,AN/SA
720575940657604737,720575941563548160,0.592409930063112,AN/SA
720575940659063169,720575941633863355,0.6551007053688229,AN/SA
720575940659264385,720575941545487365,0.5525828541031284,AN/SA
720575940659379073,720575941655665108,0.8741782390937295,AN/SA
720575940659523969,720575941540625101,0.6003104625428182,AN/SA
720575940660211841,720575941558996462,0.7007891660198657,AN/SA
720575940603374624,720575941442141866,0.5611376928361084,AN/SA
720575940603461478,720575941506912828,0.9055613299573086,AN/SA
720575940603768497,720575941557625971,0.5014858873767987,AN/SA
720575940605057922,720575941641037925,1.0,AN/SA
720575940605305010,720575941461664452,0.404079343830274,AN/SA
720575940606343945,720575941543379644,0.5585594016822177,AN/SA
720575940606526421,720575941592898341,0.41743591591676343,AN/SA
720575940608787413,720575941686614511,0.5542749373341909,AN/SA
720575940609348676,720575941498947297,0.4801909746623546,AN/SA
720575940609647729,720575941533345034,0.7071067811865475,AN/SA
720575940611875503,720575941515989082,0.47218838471011826,AN/SA
720575940611900968,720575941438449452,0.6638184882921042,AN/SA
720575940612869087,720575941516023699,0.5827715174143585,AN/SA
720575940613066207,720575941436005650,0.5488212999484517,AN/SA
720575940613137375,720575941563568999,0.7071067811865475,AN/SA
720575940613262495,720575941553617124,0.8574929257125441,AN/SA
720575940613533234,720575941564740150,0.40032359091064595,AN/SA
720575940613668845,720575941650852369,0.5666215999443123,AN/SA
720575940613770182,720575941592328741,0.5282360263283026,AN/SA
720575940614574166,720575941733201451,0.4220331890571441,AN/SA
720575940615088434,720575941565008384,0.6963073070196661,AN/SA
720575940615134557,720575941592612903,0.8164358727706451,AN/SA
720575940615354054,720575941564202599,0.6367073584307136,AN/SA
720575940615401945,720575941466319382,0.7559289460184544,AN/SA
720575940615515537,720575941655594708,0.5661385170722978,AN/SA
720575940615634589,720575941399010595,0.6442669957178195,AN/SA
720575940615700820,720575941678584253,0.6591766574193917,AN/SA
720575940616925819,720575941548144673,0.8944271909999159,AN/SA
720575940617446449,720575941505530658,0.42036106025443193,AN/SA
720575940617567691,720575941656032980,0.41678890879952285,AN/SA
720575940617582107,720575941533990488,0.4416015848226114,AN/SA
720575940617867589,720575941561890931,0.44088264883091144,AN/SA
720575940618029733,720575941534995994,0.6194101380345022,AN/SA
720575940618094356,720575941495650174,0.4533878786026312,AN/SA
720575940618671854,720575941468049015,0.5146749286021823,AN/SA
720575940618922992,720575941514017356,0.4618802153517007,AN/SA
720575940619003969,720575941588809612,0.563267101621876,AN/SA
720575940619035989,720575941552165255,0.6784658871668897,AN/SA
720575940619389680,720575941536504602,0.49940383137846583,AN/SA
720575940619421823,720575941649412885,0.8112194661229193,AN/SA
720575940619543120,720575941610223974,0.7808688094430304,AN/SA
720575940619981550,720575941482025923,0.6432244699940828,AN/SA
720575940620245718,720575941442671530,0.692613880688987,AN/SA
720575940620352109,720575941506522021,0.6513389472789295,AN/SA
720575940620357597,720575941721763642,0.5894603196409495,AN/SA
720575940620404044,720575941669058035,0.5663938603238311,AN/SA
720575940620862051,720575941537141786,0.5902995919424499,AN/SA
720575940620967679,720575941653952217,0.7634972432022147,AN/SA
720575940621494561,720575941499067003,0.7302967433402215,AN/SA
720575940621522446,720575941637903733,0.5488672244956179,AN/SA
720575940622450924,720575941549011060,0.42159618098390383,AN/SA
720575940622517784,720575941434720910,0.4690774401649488,AN/SA
720575940622949820,720575941621460476,0.6454261482812063,AN/SA
720575940623158154,720575941679772605,0.8630025789488474,AN/SA
720575940623296333,720575941537193699,0.4588314677411235,AN/SA
720575940623804106,720575941483052541,0.45392589862208027,AN/SA
720575940623862590,720575941593604054,0.6664987646736582,AN/SA
720575940624433027,720575941636577909,0.5425227997442443,AN/SA
720575940624805765,720575941400910115,0.47192001153829005,AN/SA
720575940624813437,720575941535166913,0.8332810021197549,AN/SA
720575940624984378,720575941483184070,0.4,AN/SA
720575940625033653,720575941483100099,0.6837851365657955,AN/SA
720575940625118138,720575941513411930,0.7581073093366226,AN/SA
720575940625403409,720575941638305141,0.5218519639988646,AN/SA
720575940625431122,720575941537448061,0.632455532033676,AN/SA
720575940625526805,720575941657683024,0.409817070591926,AN/SA
720575940625599304,720575941498442363,0.7346635046080003,AN/SA
720575940625897603,720575941569338106,0.7998808226540692,AN/SA
720575940626117904,720575941630277061,0.5763844472466497,AN/SA
720575940626217744,720575941595204229,0.646891137307624,AN/SA
720575940626348560,720575941589969292,0.4173821858748103,AN/SA
720575940626357865,720575941471871274,0.5891534978729502,AN/SA
720575940626426654,720575941625193610,0.5696440836368547,AN/SA
720575940626484523,720575941600902841,0.41635473382429533,AN/SA
720575940626551707,720575941523526146,0.769675141233147,AN/SA
720575940626559055,720575941655733972,0.7620007620011431,AN/SA
720575940626866691,720575941689892760,0.687816259236911,AN/SA
720575940626995559,720575941551911935,0.581096980256481,AN/SA
720575940627404154,720575941460661188,0.7203961039049449,AN/SA
720575940627425918,720575941578888949,0.6293860187225169,AN/SA
720575940627513210,720575941454037555,0.8238943243421187,AN/SA
720575940627717676,720575941564671744,0.6324555320336759,AN/SA
720575940628266235,720575941596590213,0.6448314199366041,AN/SA
720575940628524150,720575941492003559,0.6750123746181238,AN/SA
720575940628651369,720575941459285700,0.5140235242537432,AN/SA
720575940628994063,720575941461178067,0.5095135562598491,AN/SA
720575940629243434,720575941564071680,0.5927947557881732,AN/SA
720575940629371960,720575941444941588,0.4946854212404901,AN/SA
720575940629587011,720575941447234997,0.7436249433863366,AN/SA
720575940629633536,720575941598435008,0.4062804302787398,AN/SA
720575940629859432,720575941624749706,0.4324614442506508,AN/SA
720575940629999919,720575941540944333,0.5195164138275135,AN/SA
720575940630020639,720575941563563879,0.6115816172609703,AN/SA
720575940630127148,720575941414315409,0.4307055216465324,AN/SA
720575940630216735,720575941444765866,0.49447801518852047,AN/SA
720575940630217503,720575941432054191,0.6663224813405806,AN/SA
720575940630790723,720575941686486767,0.5753540624503581,AN/SA
720575940631092947,720575941625603995,0.41932557371454804,AN/SA
720575940631454433,720575941525946724,0.4424383288546919,AN/SA
720575940631542753,720575941529763972,0.5773502691896257,AN/SA
720575940632607423,720575941623818348,0.44840102167362744,AN/SA
720575940632676833,720575941449938013,0.5137011669140814,AN/SA
720575940632706970,720575941653788633,0.43292279884946594,AN/SA
720575940633132055,720575941441701467,0.5991446895152782,AN/SA
720575940633136663,720575941628636130,0.5196152422706631,AN/SA
720575940633288372,720575941538256355,0.5696288828861522,AN/SA
720575940633303988,720575941405005168,0.4782677495887951,AN/SA
720575940633366242,720575941721635130,0.506953107783357,AN/SA
720575940634080887,720575941584898182,0.4407099398425683,AN/SA
720575940635630308,720575941436757804,0.5204821299634045,AN/SA
720575940636068270,720575941561453171,0.644404391403893,AN/SA
720575940636985422,720575941668521137,0.5319099286534439,AN/SA
720575940637457571,720575941545068988,0.5283018867924528,AN/SA
720575940637955968,720575941702256090,0.4218009478672986,AN/SA
720575940638128198,720575941479354498,0.9938837346736188,AN/SA
720575940638863093,720575941441145311,0.4125954917939725,AN/SA
720575940638991605,720575941483870018,0.40824829046386296,AN/SA
720575940639668688,720575941466397462,0.8574929257125441,AN/SA
720575940639787630,720575941587152862,0.5309214622491017,AN/SA
720575940640002071,720575941564493831,0.5864153557899909,AN/SA
720575940640141965,720575941482975430,1.0,AN/SA
720575940640271605,720575941549579553,0.40849122311878294,AN/SA
720575940641791904,720575941621878268,0.6529470226566176,AN/SA
720575940643001288,720575941611059274,0.5478441340426787,AN/SA
720575940644464919,720575941508749858,0.7524603603904969,AN/SA
720575940647524473,720575941661385784,0.5177547858671698,AN/SA
720575940652606881,720575941428495535,0.5323082890764587,AN/SA
720575940657653633,720575941553332708,0.739313736952728,AN/SA
