t_ms,threat,E1_l_146508,E1_l_148993,E1_r_151807,E1_r_152051,E1_r_152804,E1_l_160394,E2_r_140537,E2_l_142970,E2_r_144917,E2_r_148218,E2_l_151070,E2_l_158102,I1_r_141019,I1_r_144466,I1_l_145778,I1_r_146437,I1_l_150988,I1_l_155658,I2_r_139570,I2_r_142509,I2_l_147712,I2_r_152261,I2_l_153889,I2_l_159471,E3_l_139161,E3_r_139850,E3_r_140996,E3_r_150773,E3_l_156688,E3_l_158823,E3_l_160941,MN_front_l_extend_coxa_trochanter_joint,MN_front_l_extend_femur_tibia_joint,MN_front_l_extend_tibia_tarsus_joint,MN_front_l_flex_coxa_trochanter_joint,MN_front_l_flex_femur_tibia_joint,MN_front_l_flex_tibia_tarsus_joint,MN_front_l_move_coxa_anterior,MN_front_l_move_coxa_medial,MN_front_l_move_coxa_posterior,MN_front_l_move_coxa_posterior_lateral,MN_front_l_pull_long_tendon,MN_front_l_unknown_leg_movement,MN_front_r_extend_coxa_trochanter_joint,MN_front_r_extend_femur_tibia_joint,MN_front_r_extend_tibia_tarsus_joint,MN_front_r_flex_coxa_trochanter_joint,MN_front_r_flex_femur_tibia_joint,MN_front_r_flex_tibia_tarsus_joint,MN_front_r_move_coxa_anterior,MN_front_r_move_coxa_medial,MN_front_r_move_coxa_posterior,MN_front_r_move_coxa_posterior_lateral,MN_front_r_pull_long_tendon,MN_front_r_unknown_leg_movement,MN_hind_l_extend_coxa_trochanter_joint,MN_hind_l_extend_femur_tibia_joint,MN_hind_l_extend_tibia_tarsus_joint,MN_hind_l_flex_coxa_trochanter_joint,MN_hind_l_flex_femur_tibia_joint,MN_hind_l_flex_tibia_tarsus_joint,MN_hind_l_move_coxa_anterior,MN_hind_l_move_coxa_medial,MN_hind_l_move_coxa_posterior,MN_hind_l_move_coxa_posterior_lateral,MN_hind_l_pull_long_tendon,MN_hind_l_unknown_leg_movement,MN_middle_l_extend_coxa_trochanter_joint,"MN_middle_l_extend_coxa_trochanter_joint,jump_escape",MN_middle_l_extend_femur_tibia_joint,MN_middle_l_extend_tibia_tarsus_joint,MN_middle_l_flex_coxa_trochanter_joint,MN_middle_l_flex_femur_tibia_joint,MN_middle_l_flex_tibia_tarsus_joint,MN_middle_l_move_coxa_anterior,MN_middle_l_move_coxa_posterior,MN_middle_l_move_coxa_posterior_lateral,MN_middle_l_pull_long_tendon,MN_middle_l_unknown_leg_movement
16.5,0,89.866,121.306,0.000,0.000,0.000,200.000,0.000,0.000,0.000,0.000,0.000,0.000,0.000,0.000,0.000,0.000,0.000,0.000,0.000,0.000,0.000,0.000,0.000,0.000,0.000,0.000,0.000,0.000,0.000,0.000,0.000,0.000,0.000,0.000,0.000,0.000,0.000,0.000,0.000,0.000,100.000,0.000,0.000,0.000,0.000,0.000,0.000,0.000,0.000,0.000,0.000,0.000,0.000,0.000,0.000,0.000,0.000,0.000,0.000,0.000,0.000,0.000,0.000,0.000,0.000,0.000,0.000,0.000,0.000,0.000,0.000,0.000,0.000,0.000,0.000,0.000,0.000,0.000,27.291
25.0,0,61.043,112.026,0.000,0.000,0.000,36.537,0.000,218.253,0.000,0.000,134.064,163.746,0.000,0.000,0.000,0.000,0.000,0.000,0.000,0.000,200.000,0.000,54.506,109.762,0.000,0.000,0.000,81.314,0.000,0.000,0.000,0.000,0.000,0.000,0.000,0.000,0.000,15.658,0.000,0.000,40.581,0.000,0.000,0.000,0.000,0.000,0.000,0.000,0.000,0.000,0.000,0.000,0.000,0.000,0.000,0.000,100.000,0.000,0.000,20.458,0.000,0.000,0.000,0.000,0.000,0.000,26.813,0.000,0.000,0.000,0.000,0.000,0.000,0.000,0.000,12.330,0.000,0.000,4.986
33.0,0,12.324,22.618,0.000,0.000,0.000,52.003,0.000,44.064,0.000,0.000,27.067,33.060,0.000,0.000,0.000,0.000,0.000,0.000,0.000,0.000,174.443,0.000,65.511,22.161,0.000,0.000,0.000,16.417,0.000,0.000,0.000,0.000,0.000,0.000,0.000,0.000,0.000,3.161,0.000,0.000,8.193,0.000,0.000,0.000,0.000,0.000,0.000,0.000,0.000,0.000,0.000,0.000,60.540,6.165,0.000,5.578,20.190,0.000,0.000,4.130,0.000,44.933,73.576,0.000,0.000,0.000,5.413,0.000,0.000,0.000,0.000,0.000,0.000,0.000,0.000,2.489,0.000,0.000,1.007
41.5,0,2.251,4.132,0.000,0.000,0.000,9.500,0.000,8.050,0.000,0.000,4.945,6.039,0.000,0.000,0.000,0.000,0.000,0.000,0.000,0.000,31.868,0.000,11.968,4.048,0.000,0.000,0.000,2.999,0.000,0.000,0.000,0.000,0.000,0.000,0.000,0.000,0.000,0.578,0.000,0.000,1.497,0.000,0.000,0.000,0.000,0.000,0.000,0.000,0.000,0.000,0.000,0.000,11.060,1.126,0.000,1.019,3.688,0.000,0.000,0.755,0.000,82.290,13.441,0.000,0.000,0.000,0.989,0.000,0.000,0.000,0.000,0.000,0.000,0.000,0.000,0.455,0.000,0.000,0.184
50.0,0,0.411,0.755,0.000,0.000,0.000,1.735,0.000,1.471,0.000,0.000,0.903,1.103,0.000,0.000,0.000,0.000,0.000,0.000,0.000,0.000,5.822,0.000,2.186,0.740,0.000,0.000,0.000,0.548,0.000,0.000,0.000,0.000,0.000,0.000,0.000,0.000,0.000,0.105,0.000,0.000,0.273,0.000,0.000,0.000,0.000,0.000,0.000,0.000,0.000,0.000,0.000,0.000,2.020,0.206,0.000,0.186,0.674,0.000,0.000,0.138,0.000,15.033,42.835,0.000,0.000,0.000,0.181,0.000,0.000,0.000,0.000,0.000,0.000,0.000,0.000,0.083,0.000,0.000,0.034
58.0,0,60.322,49.472,0.000,0.000,54.506,0.350,0.000,0.297,180.967,0.000,0.182,0.223,0.000,0.000,0.000,0.000,0.000,0.000,0.000,0.000,1.175,0.000,0.441,0.149,0.000,0.000,0.000,0.111,0.000,0.000,0.000,0.000,0.000,0.000,0.000,0.000,0.000,0.021,0.000,0.000,0.055,0.000,0.000,6.813,0.000,0.000,0.000,0.000,0.000,0.000,0.000,15.060,90.723,0.042,0.000,0.038,0.136,0.000,0.000,0.028,0.000,3.035,8.648,0.000,0.000,0.000,0.036,0.000,0.000,0.000,0.000,0.000,0.000,0.000,0.000,38.739,0.000,0.000,8.227
66.5,0,11.020,63.544,0.000,0.000,54.583,0.064,0.000,44.680,33.060,0.000,89.899,0.041,0.000,0.000,0.000,0.000,121.306,0.000,0.000,0.000,0.215,81.314,225.674,49.347,0.000,0.000,0.000,54.527,0.000,81.314,0.000,0.000,0.000,0.000,0.000,0.000,0.000,0.004,0.000,0.000,0.010,0.000,0.000,39.029,0.000,0.000,0.000,11.784,0.000,0.000,0.000,2.751,16.574,0.008,0.000,0.007,0.025,0.000,0.000,0.005,0.000,0.554,1.580,0.000,0.000,0.000,0.007,0.000,0.000,0.000,0.000,0.000,0.000,0.000,0.000,7.077,0.000,0.000,1.503
75.0,0,2.013,11.608,0.000,0.000,9.971,0.012,0.000,8.162,6.039,0.000,16.423,0.007,0.000,0.000,81.314,0.000,22.161,54.506,0.000,0.000,0.039,14.855,41.227,9.015,0.000,0.000,0.000,9.961,0.000,14.855,0.000,0.000,0.000,0.000,0.000,0.000,0.000,0.001,0.000,0.000,0.002,0.000,0.000,7.130,0.000,0.000,0.000,2.153,0.000,0.000,0.000,0.503,3.028,0.001,0.000,0.001,0.005,0.000,0.000,0.001,0.000,81.974,134.353,0.000,0.000,0.000,0.001,0.000,0.000,0.000,0.000,0.000,0.000,0.000,0.000,1.293,0.000,0.000,0.275
83.0,0,0.406,2.344,0.000,0.000,2.013,0.002,0.000,1.648,1.219,0.000,3.316,0.002,0.000,0.000,16.417,0.000,4.474,11.005,0.000,0.000,0.008,2.999,8.324,1.820,0.000,0.000,0.000,2.011,0.000,2.999,0.000,0.000,0.000,0.000,0.000,0.000,0.000,11.096,0.000,0.000,0.000,0.000,0.000,1.440,0.000,0.000,0.000,0.435,0.000,0.000,0.000,0.101,0.611,0.000,0.000,0.000,0.001,0.000,0.000,0.000,0.000,16.550,27.125,0.000,0.000,0.000,0.000,0.000,0.000,0.000,0.000,0.000,0.000,0.000,0.000,0.261,0.000,0.000,0.055
91.5,0,0.074,0.428,0.000,0.000,0.368,0.000,0.000,0.301,0.223,0.000,0.606,0.000,0.000,0.000,2.999,0.000,0.817,2.010,0.000,0.000,0.001,0.548,1.521,0.332,0.000,0.000,0.000,0.367,0.000,0.548,0.000,0.000,0.000,0.000,0.000,0.000,0.000,2.027,0.000,0.000,0.000,0.000,0.000,0.263,0.000,0.000,0.000,0.079,0.000,0.000,0.000,0.019,0.112,0.000,0.000,47.391,0.000,0.000,0.000,0.000,0.000,3.023,4.955,0.000,0.000,0.000,0.000,0.000,0.000,0.000,0.000,0.000,0.000,0.000,0.000,0.048,0.000,0.000,0.010
100.0,0,0.014,0.078,0.000,0.000,0.067,0.000,0.000,0.055,0.041,0.000,0.111,0.000,0.000,0.000,0.548,0.000,0.149,0.367,0.000,0.000,0.000,0.100,0.278,0.061,0.000,0.000,0.000,0.067,0.000,0.100,0.000,0.000,0.000,0.000,0.000,0.000,0.000,0.370,0.000,0.000,0.000,0.000,0.000,0.048,0.000,9.864,0.000,0.015,0.000,0.000,0.000,0.003,0.020,0.000,0.000,8.657,0.000,0.000,0.000,0.000,0.000,0.552,0.905,0.000,0.000,0.000,0.000,0.000,0.000,0.000,0.000,0.000,0.000,0.000,0.000,0.009,0.000,0.000,0.002
108.0,0,0.003,0.016,0.000,0.000,0.014,0.000,0.000,0.011,0.008,0.000,0.022,0.000,0.000,0.000,0.111,0.000,0.030,0.074,0.000,0.000,0.000,0.020,0.056,0.012,0.000,0.000,0.000,0.014,0.000,0.020,0.000,0.000,0.000,0.000,0.000,0.000,0.000,0.075,0.000,0.000,0.000,0.000,0.000,0.010,0.000,1.991,0.000,0.003,0.000,0.000,0.000,0.001,0.004,0.000,30.161,1.748,0.000,0.000,0.000,0.000,0.000,0.112,0.183,0.000,0.000,0.000,0.000,0.000,0.000,0.000,0.000,0.000,5.082,0.000,0.000,0.002,0.000,0.000,0.000
116.5,0,134.065,109.765,0.000,60.239,0.002,0.000,0.000,0.002,0.002,89.866,0.004,0.000,0.000,0.000,0.020,0.000,0.006,0.014,0.000,109.762,0.000,0.004,0.010,0.002,0.000,60.239,0.000,180.970,0.000,148.167,49.319,0.000,0.000,0.000,0.000,0.000,0.000,0.014,0.000,0.000,99.317,0.000,0.000,0.002,0.000,0.364,0.000,0.001,0.000,0.000,0.000,0.000,0.001,0.000,5.510,0.319,0.000,0.000,0.000,15.879,0.000,0.020,0.033,0.000,0.000,0.000,0.000,0.000,0.000,0.000,0.000,0.000,0.928,0.000,0.000,0.000,0.000,0.000,33.333
125.0,0,24.491,20.052,0.000,11.005,0.000,60.239,0.000,54.507,0.000,16.417,40.380,0.000,0.000,0.000,0.004,0.000,0.001,0.002,0.000,20.052,0.000,0.001,0.002,49.320,0.000,11.005,0.000,33.060,0.000,27.068,9.010,7.530,0.000,0.000,0.000,0.000,0.000,0.002,0.000,47.126,99.864,0.000,18.294,0.000,0.000,0.066,0.000,0.000,0.000,0.000,0.000,0.000,0.000,0.000,1.007,0.058,27.253,0.000,0.000,2.901,0.000,0.004,0.006,0.000,0.000,0.000,0.000,0.000,0.000,0.000,0.000,0.000,0.170,0.000,0.000,11.157,0.000,0.000,6.089
133.0,0,4.945,4.048,0.000,2.222,0.000,12.162,0.000,11.005,0.000,3.315,8.153,0.000,0.000,0.000,0.001,0.000,0.000,0.000,0.000,4.048,0.000,0.000,0.000,9.958,0.000,2.222,0.000,6.675,0.000,5.465,1.819,1.520,0.000,0.000,0.000,0.000,0.000,0.001,0.000,9.515,20.162,0.000,3.693,0.000,0.000,0.013,0.000,0.000,0.000,0.000,0.000,0.000,0.000,0.000,0.203,0.012,5.502,0.000,0.000,0.586,0.000,0.001,0.001,0.000,0.000,0.000,0.000,0.000,0.000,0.000,0.000,0.000,0.034,0.000,0.000,2.252,0.000,0.000,1.229
141.5,0,0.903,0.740,66.574,0.406,148.164,2.222,0.000,2.010,0.000,0.606,1.489,0.000,0.000,0.000,0.000,0.000,0.000,0.000,0.000,0.740,0.000,0.000,0.000,1.819,0.000,0.406,0.000,1.219,0.000,0.998,0.332,0.278,0.000,0.000,0.000,0.000,0.000,0.000,0.000,1.738,3.683,0.000,0.675,0.000,0.000,0.002,0.000,0.000,0.000,0.000,0.000,0.000,0.000,0.000,0.037,0.002,1.005,0.000,0.000,0.107,0.000,0.000,0.000,0.000,0.000,0.000,0.000,0.000,0.000,0.000,0.000,0.000,0.006,0.000,0.000,0.411,0.000,0.000,0.225
150.0,0,241.371,109.897,12.162,0.074,27.067,0.406,40.379,0.367,81.314,0.111,0.272,0.000,0.000,0.000,0.000,0.000,0.000,0.000,0.000,0.135,0.000,0.000,0.000,0.332,0.000,0.074,0.000,0.223,0.000,0.182,0.061,0.051,0.000,0.000,0.000,0.000,0.000,30.161,0.000,27.758,50.331,0.000,0.123,0.000,0.000,0.000,0.000,0.000,0.000,0.000,0.000,0.000,0.000,0.000,0.007,0.000,0.184,0.000,0.000,8.735,0.000,0.000,0.000,0.000,0.000,0.000,0.000,0.000,0.000,0.000,0.000,0.000,9.261,0.000,44.933,0.075,0.000,0.000,0.041
158.0,0,48.732,22.188,2.455,0.015,5.465,66.656,8.152,54.581,16.417,0.022,0.055,0.000,0.000,0.000,0.000,0.000,0.000,0.000,0.000,0.027,0.000,0.000,0.000,0.067,0.000,0.015,0.000,0.045,0.000,0.037,0.012,0.010,0.000,0.000,0.000,0.000,0.000,6.089,0.000,5.604,10.162,0.000,0.025,0.000,0.000,0.000,0.000,0.000,0.000,0.000,0.000,0.000,46.973,15.163,0.001,46.506,0.037,0.000,0.000,18.390,0.000,0.000,0.000,0.000,0.000,0.000,0.000,0.000,0.000,0.000,0.000,0.000,1.870,0.000,9.072,0.015,0.000,0.000,0.008
166.5,0,8.903,103.370,0.449,0.003,0.998,12.177,1.489,9.971,2.999,0.004,0.010,0.000,0.000,0.000,0.000,0.000,0.000,0.000,0.000,0.005,0.000,0.000,0.000,0.012,0.000,0.003,0.000,0.008,0.000,0.007,0.002,0.002,0.000,0.000,0.000,0.000,0.000,1.112,0.000,1.024,1.856,0.000,0.005,0.000,0.000,0.000,0.000,5.617,0.000,0.000,0.000,13.627,8.581,2.770,0.000,8.496,0.007,0.000,0.000,3.360,0.000,0.000,0.000,0.000,0.000,0.000,0.000,0.000,0.000,0.000,0.000,0.000,0.342,0.000,1.657,0.003,0.000,0.000,0.002
175.0,0,1.626,18.884,0.082,0.000,0.182,2.225,0.272,1.822,0.548,0.001,0.002,0.000,0.000,0.000,0.000,0.000,0.000,0.000,0.000,0.001,0.000,0.000,0.000,0.002,0.000,0.000,0.000,0.002,0.000,0.001,0.000,0.000,0.000,0.000,0.000,0.000,0.000,0.203,0.000,0.187,0.339,0.000,0.001,0.000,0.000,0.000,0.000,1.026,0.000,0.000,0.000,2.489,1.568,0.506,0.000,1.552,0.001,0.000,0.000,0.614,0.000,0.000,0.000,0.000,0.000,0.000,0.000,0.000,0.000,0.000,0.000,0.000,0.062,0.000,0.303,0.001,0.000,0.000,16.553
183.0,0,44.954,3.813,0.017,0.000,0.037,0.449,0.055,0.368,0.111,0.000,0.000,0.000,0.000,0.000,0.000,0.000,0.000,0.000,0.000,0.000,0.000,0.000,0.000,0.000,0.000,0.000,0.000,0.000,0.000,0.000,0.000,0.000,0.000,0.000,0.000,0.000,0.000,0.041,0.000,0.038,0.068,0.000,0.000,0.000,0.000,0.000,0.000,0.207,0.000,0.000,0.000,0.503,0.316,0.102,0.000,0.313,0.000,0.000,0.000,6.581,0.000,0.000,0.000,0.000,0.000,0.000,0.000,0.000,0.000,0.000,0.000,0.000,0.013,0.000,0.061,0.000,0.000,0.000,3.342
191.5,0,98.078,0.697,0.003,0.000,0.007,44.708,0.010,134.131,0.020,0.000,0.000,0.000,0.000,0.000,40.379,0.000,0.000,0.000,0.000,0.000,0.000,0.000,0.000,0.000,0.000,0.000,0.000,0.000,0.000,0.000,0.000,0.000,0.000,0.000,0.000,0.000,0.000,0.007,0.000,0.007,0.013,0.000,0.000,0.000,0.000,0.000,0.000,0.038,0.000,0.000,0.000,0.092,0.058,0.019,0.000,0.057,30.119,0.000,0.000,1.202,0.000,0.000,0.000,0.000,0.000,0.000,14.715,0.000,0.000,0.000,0.000,0.000,0.002,0.000,0.011,0.000,0.000,0.000,0.611
200.0,0,17.917,66.701,0.001,0.000,0.001,8.167,0.002,24.504,0.004,0.000,0.000,0.000,0.000,0.000,7.377,0.000,0.000,0.000,0.000,0.000,0.000,0.000,134.064,0.000,0.000,0.000,0.000,109.762,0.000,0.000,0.000,0.000,0.000,0.000,16.452,0.000,0.000,0.001,0.000,0.001,0.002,0.000,0.000,11.212,0.000,0.000,0.000,0.007,0.000,0.000,0.000,0.017,0.011,0.003,0.000,0.010,5.502,0.000,0.000,0.220,0.000,0.000,0.000,0.000,0.000,0.000,2.688,17.329,0.000,0.000,0.000,0.000,0.000,0.000,0.002,0.000,0.000,0.000,0.112
208.0,0,3.617,13.467,0.000,0.000,0.000,1.649,0.000,4.947,0.001,0.000,0.000,0.000,0.000,0.000,1.489,0.000,0.000,0.000,0.000,0.000,0.000,0.000,27.067,0.000,0.000,0.000,0.000,22.161,0.000,0.000,0.000,0.000,0.000,0.000,11.491,0.000,0.000,0.000,0.000,0.000,0.000,0.000,0.000,24.885,0.000,0.000,0.000,0.001,0.000,0.000,0.000,0.003,0.002,0.001,0.000,0.002,1.111,0.000,0.000,0.044,0.000,0.000,0.000,0.000,0.000,0.000,0.543,3.499,0.000,0.000,0.000,0.000,0.000,0.000,0.000,0.000,0.000,0.000,0.023
216.5,0,0.661,2.460,0.000,0.000,148.164,0.301,0.000,0.904,0.000,0.000,0.000,0.000,0.000,0.000,0.272,0.000,0.000,0.000,0.000,0.000,0.000,0.000,4.945,0.000,0.000,0.000,0.000,4.048,0.000,0.000,0.000,0.000,0.000,0.000,2.099,0.000,0.000,0.000,0.000,0.000,0.000,0.000,0.000,4.546,0.000,0.000,0.000,0.000,0.000,0.000,0.000,0.001,0.000,0.000,0.000,0.000,0.203,0.000,0.000,0.008,0.000,0.000,0.000,0.000,0.000,0.000,0.099,0.639,0.000,0.000,0.000,0.000,0.000,0.000,0.000,0.000,0.000,0.000,0.004
225.0,0,0.121,0.449,0.000,0.000,27.067,0.055,0.000,0.165,0.000,0.000,0.000,0.000,0.000,0.000,0.050,0.000,0.000,0.000,0.000,0.000,0.000,0.000,0.903,0.000,0.000,0.000,0.000,0.740,0.000,0.000,0.000,0.000,0.000,0.000,0.383,0.000,0.000,0.000,0.000,0.000,0.000,0.000,0.000,0.830,0.000,0.000,0.000,0.000,0.000,0.000,0.000,0.000,0.000,0.000,0.000,0.000,0.037,0.000,0.000,0.001,0.000,0.000,0.000,0.000,0.000,0.000,0.018,0.117,0.000,0.000,0.000,0.000,0.000,0.000,0.000,0.000,0.000,0.000,0.001
233.0,0,0.024,0.091,0.000,0.000,126.771,0.011,0.000,0.033,200.000,0.000,0.000,0.000,0.000,0.000,0.010,0.000,0.000,0.000,0.000,0.000,0.000,0.000,0.182,0.000,0.000,0.000,0.000,0.149,0.000,0.000,0.000,0.000,0.000,0.000,0.077,0.000,0.000,0.000,0.000,0.000,0.000,0.000,0.000,0.168,0.000,0.000,0.000,0.000,0.000,0.000,0.000,0.000,0.000,0.000,0.000,0.000,0.007,0.000,0.000,0.000,0.000,0.000,0.000,0.000,0.000,0.000,0.004,0.024,0.000,0.000,0.000,0.000,0.000,0.000,0.000,0.000,0.000,0.000,0.000
241.5,0,60.243,0.017,0.000,0.000,23.159,0.002,0.000,0.006,36.537,0.000,0.000,0.000,0.000,73.576,0.002,99.317,0.000,0.000,0.000,0.000,0.000,40.379,0.033,0.000,0.000,0.000,0.000,0.027,0.000,44.626,0.000,0.000,0.000,0.000,0.014,0.000,0.000,0.000,0.000,0.000,142.526,0.000,0.000,12.445,0.000,0.000,0.000,12.500,0.000,0.000,0.000,0.000,0.000,0.000,0.000,0.000,0.001,0.000,0.000,0.000,0.000,0.000,0.000,0.000,0.000,0.000,0.001,0.004,0.000,0.000,0.000,0.000,0.000,0.000,0.000,42.500,0.000,0.000,25.815
250.0,0,145.069,60.242,0.000,0.000,4.231,81.314,0.000,0.001,6.675,0.000,0.000,0.000,0.000,13.441,0.000,18.144,0.000,0.000,0.000,0.000,0.000,7.377,0.006,0.000,0.000,0.000,0.000,0.005,180.967,8.152,0.000,0.000,0.000,0.000,0.003,0.000,0.000,16.553,0.000,0.000,26.037,0.000,0.000,15.994,0.000,0.000,0.000,2.284,0.000,0.000,0.000,0.000,104.540,0.000,0.000,0.000,74.082,0.000,0.000,28.982,0.000,0.000,0.000,0.000,0.000,21.166,36.194,21.167,0.000,0.000,0.000,0.000,15.239,0.000,0.000,53.006,0.000,8.175,38.049
258.0,0,29.289,175.909,0.000,0.000,0.854,16.417,0.000,73.576,1.348,0.000,0.000,44.626,0.000,2.714,0.000,3.663,0.000,0.000,0.000,0.000,73.576,1.489,0.001,0.000,0.000,0.000,0.000,0.001,36.537,1.646,0.000,0.000,0.000,0.000,0.001,0.000,0.000,3.342,0.000,0.000,5.257,0.000,0.000,3.229,0.000,0.000,0.000,0.461,0.000,0.000,0.000,0.000,21.106,0.000,0.000,0.000,14.957,0.000,0.000,12.987,0.000,0.000,148.164,0.000,0.000,4.273,7.307,4.274,0.000,0.000,0.000,0.000,3.077,0.000,0.000,10.702,0.000,1.651,15.120
266.5,0,45.730,32.136,0.000,0.000,81.470,2.999,0.000,123.203,0.246,0.000,0.000,8.152,0.000,0.496,0.000,0.669,0.000,0.000,0.000,0.000,103.307,99.589,49.320,0.000,0.000,0.000,0.000,60.239,6.675,0.301,0.000,0.000,0.000,0.000,0.000,0.000,0.000,22.383,0.000,0.000,0.960,0.000,0.000,0.590,0.000,0.000,0.000,0.084,0.000,0.000,0.000,40.937,103.670,12.415,0.000,0.000,2.732,0.000,0.000,2.373,0.000,94.271,27.067,0.000,0.000,0.781,1.335,0.781,0.000,0.000,0.000,0.000,0.562,0.000,0.000,66.437,0.000,0.302,27.456
275.0,0,8.354,5.871,0.000,0.000,14.883,0.548,0.000,22.507,0.045,0.000,0.000,1.489,0.000,0.091,0.000,0.122,0.000,0.000,0.000,0.000,18.872,18.193,9.010,0.000,0.000,0.000,0.000,11.005,1.219,0.055,0.000,0.000,0.000,0.000,0.000,0.000,0.000,4.089,0.000,0.000,0.175,0.000,0.000,0.108,0.000,0.000,0.000,10.250,0.000,0.000,0.000,7.478,18.939,2.268,0.000,0.000,0.499,0.000,0.000,0.433,0.000,17.222,59.451,0.000,0.000,0.143,0.244,0.143,0.000,0.000,0.000,0.000,0.103,0.000,0.000,12.137,0.000,8.230,5.016
283.0,0,1.687,1.185,0.000,0.000,3.005,0.111,0.000,4.544,0.009,0.000,0.000,0.301,0.000,0.018,0.000,0.025,0.000,0.000,0.000,0.000,3.810,3.673,1.819,0.000,0.000,0.000,0.000,2.222,0.246,0.011,0.000,0.000,0.000,0.000,0.000,0.000,0.000,0.826,0.000,0.000,0.035,0.000,0.000,0.022,0.000,0.000,0.000,13.303,0.000,0.000,0.000,1.510,3.824,0.458,0.000,0.000,0.101,0.000,0.000,0.088,0.000,3.477,12.003,0.000,0.000,0.029,0.049,0.029,0.000,0.000,0.000,0.000,0.021,0.000,0.000,2.450,0.000,1.662,1.013
291.5,0,0.308,0.217,0.000,0.000,0.549,0.020,0.000,0.830,0.002,0.000,0.000,0.055,0.000,0.003,0.000,0.005,0.000,0.000,0.000,0.000,0.696,0.671,0.332,0.000,0.000,0.000,0.000,0.406,0.045,0.002,0.000,0.000,0.000,0.000,0.000,0.000,0.000,0.151,0.000,0.000,0.006,0.000,0.000,0.004,0.000,0.000,0.000,12.664,0.000,0.000,0.000,0.276,0.699,0.084,0.000,0.000,0.018,0.000,0.000,0.016,0.000,0.635,2.193,0.000,0.000,0.005,0.009,0.005,0.000,0.000,0.000,0.000,0.004,0.000,0.000,0.448,0.000,0.304,0.185
300.0,0,89.922,200.040,49.319,0.000,66.675,0.004,180.967,0.152,0.000,0.000,0.000,0.010,0.000,0.001,0.000,0.001,0.000,0.000,0.000,0.000,0.127,0.123,200.061,0.000,0.000,0.000,148.164,0.074,0.008,0.000,0.000,0.000,0.000,0.000,0.000,0.000,0.000,0.028,0.000,0.000,36.789,25.000,0.000,0.001,0.000,0.000,0.000,2.314,0.000,0.000,0.000,0.050,0.128,0.015,0.000,6.165,0.003,0.000,0.000,5.003,0.000,90.600,181.368,0.000,0.000,0.001,0.002,0.001,0.000,0.000,0.000,0.000,0.001,0.000,0.000,18.476,0.000,0.055,42.452
308.0,0,18.155,40.387,9.957,109.762,13.461,134.065,36.537,0.031,54.506,0.000,0.000,0.002,0.000,73.576,0.000,0.000,0.000,0.000,0.000,0.000,0.026,0.025,40.392,0.000,0.000,0.000,29.914,0.015,0.002,81.314,0.000,0.000,0.000,0.000,0.000,0.000,0.000,0.006,0.000,0.000,7.428,5.047,0.000,0.000,0.000,0.000,0.000,0.467,0.000,0.000,0.000,0.010,67.058,25.003,0.000,1.245,0.001,0.000,0.000,1.010,0.000,40.605,36.618,0.000,0.000,23.393,0.000,0.000,0.000,0.000,0.000,0.000,0.000,0.000,0.000,3.730,0.000,0.011,8.571
316.5,0,3.317,7.378,1.819,101.366,2.459,24.491,6.675,0.006,9.957,121.306,0.000,0.000,0.000,13.441,0.000,0.000,0.000,0.000,0.000,0.000,0.005,180.972,7.379,0.000,0.000,0.000,5.465,0.003,0.000,14.855,0.000,0.000,0.000,0.000,0.000,0.000,0.000,0.001,0.000,0.000,1.357,0.922,0.000,0.000,0.000,0.000,0.000,0.085,0.000,0.000,0.000,0.002,12.250,4.568,0.000,0.227,0.000,0.000,0.000,0.185,0.000,7.418,6.689,0.000,0.000,4.273,0.000,0.000,0.000,0.000,0.000,0.000,0.000,0.000,0.000,0.681,0.000,11.037,1.566
325.0,0,0.606,45.974,0.332,199.485,0.449,4.474,1.219,0.001,1.819,22.161,0.000,0.000,0.000,2.455,0.000,0.000,0.000,0.000,0.000,0.000,0.001,33.061,1.348,99.317,0.000,0.000,0.998,0.000,0.000,2.714,0.000,0.000,0.000,0.000,0.000,0.000,0.000,33.334,0.000,0.000,0.248,0.168,0.000,0.000,0.000,0.000,0.000,0.016,0.000,0.000,0.000,0.000,2.238,0.834,0.000,0.042,0.000,0.000,0.000,12.567,0.000,1.355,1.222,0.000,0.000,0.781,0.000,0.000,0.000,20.190,0.000,0.000,0.000,0.000,0.000,0.124,0.000,2.016,0.286
333.0,0,0.122,9.282,134.131,40.275,0.091,0.903,0.246,0.000,0.367,4.474,0.000,0.000,0.000,0.496,0.000,0.000,0.000,0.000,0.000,54.506,0.000,6.675,0.272,20.052,0.000,0.000,0.202,0.000,0.000,0.548,0.000,0.000,0.000,0.000,0.000,0.000,0.000,6.730,0.000,0.000,44.983,0.034,0.000,0.000,0.000,0.000,0.000,0.003,0.000,0.000,0.000,0.000,0.452,0.168,0.000,0.008,33.287,0.000,0.000,2.537,0.000,0.274,0.247,0.000,0.000,0.158,0.000,0.000,0.000,4.076,0.000,0.000,0.000,0.000,0.000,0.025,0.000,0.407,0.058
341.5,0,0.022,1.696,24.504,7.358,0.017,54.671,121.351,0.000,0.067,0.817,0.000,0.000,0.000,0.091,0.000,0.000,0.000,0.000,0.000,9.957,0.000,1.219,0.050,3.663,0.000,0.000,0.037,0.000,0.000,0.100,0.000,0.000,0.000,0.000,0.000,0.000,0.000,1.229,0.000,0.000,8.218,0.006,0.000,0.000,0.000,0.000,0.000,0.001,0.000,0.000,0.000,0.000,0.083,0.031,0.000,0.002,6.081,0.000,0.000,0.464,0.000,0.050,0.045,0.000,0.000,0.029,36.193,0.000,0.000,0.745,0.000,0.000,0.000,0.000,0.000,0.005,0.000,0.074,0.011
350.0,0,0.004,0.310,4.476,1.344,0.003,9.988,22.169,0.000,0.012,0.149,0.000,0.000,0.000,0.017,0.000,0.000,0.000,0.000,0.000,1.819,0.000,0.223,0.009,0.669,44.626,0.000,0.007,0.000,0.000,0.018,0.000,0.000,0.000,0.000,0.000,0.000,0.000,0.225,0.000,0.000,1.501,0.001,0.000,0.000,0.000,0.000,0.000,0.000,0.000,0.000,0.000,0.000,0.015,0.006,0.000,0.000,1.111,0.000,0.000,0.085,0.000,0.009,0.008,0.000,0.000,0.005,6.612,0.000,0.000,0.136,0.000,0.000,0.000,0.000,0.000,30.327,0.000,0.014,0.002
358.0,0,0.001,0.063,0.904,0.271,0.001,2.016,4.476,0.000,0.002,0.030,0.000,0.000,0.000,0.003,0.000,0.000,0.000,0.000,0.000,0.367,0.000,0.045,0.002,0.135,9.010,0.000,0.001,0.000,0.000,0.004,0.000,0.000,0.000,0.000,0.000,0.000,0.000,0.045,0.000,0.000,0.303,0.000,0.000,0.000,0.000,0.000,0.000,0.000,0.000,33.333,0.000,0.000,0.003,0.001,0.000,0.000,0.224,0.000,0.000,0.017,0.000,0.002,0.002,0.000,0.000,0.001,1.335,0.000,0.000,0.027,0.000,0.000,0.000,0.000,0.000,6.123,0.000,0.003,0.000
366.5,0,0.000,0.011,0.165,109.812,0.000,0.368,0.818,0.000,0.000,0.006,0.000,0.000,0.000,0.001,0.000,0.000,0.000,0.000,0.000,0.067,0.000,0.008,0.000,0.025,1.646,0.000,0.000,0.000,0.000,0.001,0.000,0.000,0.000,0.000,0.000,0.000,0.000,0.008,0.000,0.000,0.055,0.000,0.000,0.000,0.000,0.000,0.000,0.000,0.000,19.642,0.000,0.000,0.001,0.000,0.000,0.000,0.041,0.000,0.000,0.003,0.000,0.000,0.000,0.000,0.000,0.000,0.244,0.000,0.000,0.005,0.000,0.000,12.500,0.000,0.000,1.119,0.000,0.001,0.000
375.0,0,0.000,89.868,0.030,20.061,180.968,0.067,0.149,0.000,0.000,54.507,0.000,0.000,0.000,0.000,0.000,0.000,0.000,0.000,0.000,40.392,0.000,0.002,0.000,0.005,0.301,0.000,0.000,0.000,0.000,0.000,99.317,0.000,0.000,0.000,0.000,14.561,0.000,11.097,0.000,0.000,0.010,0.000,0.000,0.000,0.000,0.000,0.000,0.000,0.000,28.282,0.000,0.000,0.000,0.000,0.000,0.000,0.007,0.000,0.000,0.001,0.000,0.000,0.000,0.000,0.000,0.000,0.045,0.000,0.000,0.001,0.000,0.000,2.284,0.000,0.000,25.034,0.000,0.000,14.978
383.0,0,0.000,18.144,81.320,4.050,200.283,0.014,0.030,0.000,0.000,11.005,0.000,0.000,60.239,0.000,0.000,0.000,0.000,0.000,0.000,8.155,0.000,0.000,0.000,0.001,0.061,0.000,0.000,0.000,0.000,0.000,20.052,0.000,0.000,0.000,0.000,2.940,0.000,2.240,0.000,0.000,27.255,0.000,0.000,0.000,0.000,0.000,0.000,0.000,0.000,5.710,0.000,0.000,0.000,0.000,0.000,0.000,0.002,0.000,0.000,0.000,0.000,0.000,0.000,0.000,0.000,0.000,0.009,0.000,0.000,0.000,0.000,0.000,0.461,0.000,0.000,5.054,0.000,0.000,3.024
391.5,0,0.000,3.315,14.856,0.740,36.588,163.749,0.006,0.000,60.239,2.010,0.000,0.000,11.005,0.000,0.000,0.000,0.000,0.000,0.000,68.064,0.000,0.000,0.000,0.000,0.011,0.000,0.000,0.000,0.000,0.000,3.663,0.000,0.000,0.000,0.000,0.537,0.000,0.409,0.000,37.041,160.934,0.000,0.000,0.000,0.000,0.000,0.000,0.000,0.000,1.043,0.000,0.000,0.000,0.000,0.000,0.000,0.000,0.000,0.000,18.348,0.000,0.000,0.000,0.000,0.000,0.000,0.002,0.000,0.000,0.000,0.000,0.000,0.084,0.000,0.000,0.923,0.000,0.000,0.552
400.0,0,0.000,148.769,2.714,0.135,6.684,29.914,0.001,0.000,11.005,0.367,0.000,89.866,2.010,0.000,0.000,0.000,0.000,0.000,0.000,12.434,134.064,0.000,0.000,0.000,0.002,0.000,0.000,0.000,0.000,0.000,0.669,0.000,0.000,0.000,0.000,0.098,0.000,0.075,0.000,6.767,29.400,0.000,0.000,0.000,0.000,0.000,0.000,0.000,0.000,0.191,0.000,0.000,0.000,0.000,0.000,0.000,40.657,0.000,0.000,5.727,0.000,0.000,0.000,0.000,0.000,0.000,16.263,0.000,0.000,0.000,0.000,0.000,0.015,0.000,0.000,0.169,0.000,0.000,0.101
408.0,0,281.314,129.353,0.548,0.027,1.349,6.040,0.000,0.000,2.222,0.074,60.239,18.144,0.406,0.000,0.000,0.000,0.000,0.000,0.000,2.510,208.035,0.000,0.000,81.314,0.000,89.866,0.000,0.000,0.000,0.000,0.135,0.000,0.000,0.000,0.000,0.020,0.000,0.015,0.000,1.366,5.936,0.000,0.000,0.000,0.000,0.000,0.000,0.000,0.000,0.038,0.000,0.000,0.000,0.000,0.000,0.000,8.209,0.000,0.000,1.156,0.000,0.000,0.000,0.000,0.000,0.000,3.283,0.000,0.000,0.000,0.000,18.097,0.003,0.000,190.772,0.034,0.000,0.000,0.020
416.5,0,51.391,23.631,0.100,0.005,0.247,1.103,0.000,54.506,0.406,0.014,60.324,3.315,0.074,0.000,44.626,0.000,0.000,40.379,0.000,0.459,38.004,0.000,0.000,55.234,0.000,16.417,0.000,0.000,0.000,0.000,0.025,0.000,0.000,0.000,0.000,0.004,0.000,0.003,0.000,0.250,23.397,16.758,0.000,16.758,0.000,0.000,0.000,0.000,0.000,30.168,0.000,0.000,0.000,18.520,0.000,0.000,1.500,0.000,0.000,0.211,0.000,0.000,0.000,0.000,0.000,0.000,0.600,0.000,0.000,0.000,0.000,3.306,0.001,0.000,125.335,0.006,0.000,0.000,0.004
425.0,0,9.388,4.317,0.018,0.001,0.045,0.202,0.000,9.957,0.074,0.002,11.020,0.606,0.014,0.000,8.152,0.000,0.000,7.377,0.000,0.084,6.943,0.000,0.000,10.090,0.000,2.999,0.000,0.000,0.000,0.000,0.005,0.000,0.000,0.000,0.000,0.001,0.000,0.001,0.000,0.046,31.528,3.061,0.000,23.530,0.000,0.000,0.000,0.000,0.000,5.511,0.000,0.000,0.000,3.383,0.000,0.000,0.274,0.000,0.000,10.684,0.000,0.000,0.000,0.000,0.000,0.000,0.110,0.000,0.000,0.000,0.000,0.604,0.000,0.000,43.086,0.001,0.000,0.000,0.001
433.0,0,101.213,149.035,0.004,0.000,0.009,0.041,0.000,2.010,0.015,0.000,2.225,0.122,0.003,0.000,1.646,0.000,0.000,1.489,0.000,0.017,1.402,0.000,0.000,183.005,0.000,0.606,0.000,0.000,0.000,0.000,0.001,0.000,0.000,0.000,0.000,0.000,0.000,0.000,0.000,22.476,47.022,0.618,0.000,4.751,0.000,0.000,0.000,0.000,0.000,1.113,0.000,0.000,0.000,0.683,0.000,0.000,0.055,0.000,0.000,15.427,0.000,0.000,0.000,0.000,0.000,0.000,0.022,0.000,0.000,0.000,0.000,0.122,0.000,0.000,8.699,0.000,0.000,0.000,0.000
441.5,0,63.116,27.226,0.001,134.064,213.067,60.246,0.000,66.941,0.003,0.000,0.406,0.022,0.000,0.000,0.301,0.000,0.000,0.272,0.000,0.003,0.256,0.000,0.000,33.432,0.000,0.111,0.000,0.000,0.000,0.000,0.000,0.000,0.000,0.000,0.000,0.000,0.000,0.000,0.000,4.106,8.590,0.113,0.000,0.868,0.000,0.000,0.000,0.000,0.000,0.203,0.000,0.000,0.000,0.125,0.000,32.147,22.323,0.000,0.000,11.900,0.000,90.484,99.317,0.000,0.000,0.000,0.004,0.000,0.000,0.000,0.000,0.022,0.000,0.000,1.589,0.000,0.000,0.000,0.000
450.0,0,11.530,4.974,40.379,24.491,38.924,11.006,81.314,12.229,49.320,0.000,0.074,0.004,0.000,0.000,0.055,0.000,0.000,0.050,66.574,0.001,0.047,60.239,0.000,6.107,0.000,0.020,0.000,0.000,0.000,0.000,0.000,0.000,0.000,0.000,0.000,0.000,0.000,0.000,0.000,0.750,1.569,0.021,0.000,0.159,0.000,0.000,0.000,0.000,0.000,0.037,0.000,0.000,0.000,11.256,0.000,5.873,4.078,0.000,0.000,2.174,0.000,16.530,18.144,0.000,0.000,0.000,0.001,0.000,0.000,0.000,0.000,0.004,0.000,0.000,0.290,0.000,0.000,0.000,0.000
458.0,0,2.328,1.004,8.152,4.945,7.859,2.222,16.417,2.469,9.958,0.000,0.015,0.001,0.000,0.000,0.011,0.000,0.000,0.010,13.441,0.000,0.009,12.162,0.000,1.233,0.000,0.004,0.000,0.000,0.000,0.000,0.000,0.000,0.000,0.000,0.000,0.000,0.000,0.000,0.000,0.151,0.317,0.004,0.000,0.032,0.000,0.000,0.000,0.000,0.000,0.007,0.000,0.000,0.000,2.273,0.000,1.186,0.823,0.000,0.000,0.439,0.000,30.591,3.663,0.000,0.000,0.000,0.000,0.000,0.000,0.000,0.000,0.001,0.000,0.000,0.059,0.000,0.000,0.000,0.000
466.5,0,0.425,0.183,1.489,0.903,1.436,0.406,2.999,0.451,1.819,0.000,0.003,0.000,0.000,0.000,0.002,0.000,0.000,0.002,2.455,0.000,0.002,2.222,0.000,0.225,0.000,0.001,0.000,0.000,0.000,0.000,0.000,0.000,0.000,0.000,0.000,0.000,0.000,0.000,0.000,0.028,0.058,0.001,0.000,0.006,0.000,0.000,0.000,0.000,0.000,0.001,0.000,0.000,0.000,0.415,13.552,0.217,0.150,0.000,0.000,6.537,0.000,5.588,0.669,0.000,0.000,0.000,0.000,0.000,0.000,0.000,0.000,0.000,0.000,0.000,0.011,67.367,0.000,0.000,16.553
475.0,0,0.078,0.034,0.272,0.165,0.262,0.074,0.548,0.082,0.332,0.000,0.001,0.000,0.000,0.000,0.000,0.000,0.000,0.000,0.449,0.000,0.000,0.406,0.000,0.041,0.000,0.000,0.000,0.000,0.000,0.000,0.000,0.000,0.000,0.000,0.000,0.000,0.000,0.000,0.000,0.005,49.669,0.000,0.000,0.001,0.000,0.000,0.000,0.000,0.000,0.000,0.000,0.000,0.000,0.076,2.476,0.040,0.027,0.000,0.000,1.194,0.000,1.021,0.122,0.000,0.000,0.000,0.000,0.000,0.000,0.000,0.000,0.000,0.000,0.000,0.002,12.307,0.000,0.000,3.024
483.0,0,49.335,54.513,0.055,89.899,0.053,44.641,0.111,0.017,0.067,0.000,0.000,0.000,0.000,0.000,0.000,0.000,0.000,0.000,0.091,0.000,134.064,0.082,89.866,0.008,0.000,0.000,0.000,0.000,0.000,0.000,0.000,0.000,0.000,0.000,0.000,0.000,0.000,12.263,0.000,0.001,10.028,0.000,0.000,0.000,0.000,0.000,0.000,6.860,0.000,0.000,0.000,0.000,67.032,0.015,0.500,0.008,54.887,0.000,0.000,11.280,0.000,0.206,0.025,37.041,0.000,0.000,21.952,0.000,0.000,0.000,0.000,0.000,0.000,0.000,0.000,2.485,0.000,0.000,0.611
491.5,0,9.013,9.959,0.010,82.997,200.010,8.155,0.020,0.003,0.012,54.506,0.000,0.000,0.000,0.000,0.000,0.000,0.000,0.000,0.017,60.239,24.491,0.015,16.417,0.002,0.000,0.000,0.000,0.000,0.000,0.000,0.000,0.000,0.000,0.000,0.000,0.000,0.000,2.240,0.000,0.000,1.832,0.000,0.000,0.000,0.000,0.000,0.000,1.253,0.000,0.000,0.000,0.000,12.246,0.003,15.069,0.001,10.027,0.000,0.000,2.061,0.000,0.038,0.005,6.767,0.000,0.000,4.010,0.000,0.000,0.000,0.000,0.000,0.000,0.000,0.000,0.454,0.000,0.000,0.112
500.0,0,1.646,1.819,0.002,15.162,36.538,1.490,0.004,0.001,134.066,9.957,0.000,0.000,0.000,0.000,0.000,0.000,0.000,0.000,0.003,11.005,4.474,180.970,2.999,0.000,0.000,0.000,0.000,0.000,0.000,121.306,0.000,0.000,0.000,0.000,0.000,0.000,0.000,0.409,0.000,0.000,0.335,0.000,6.730,0.000,0.000,0.000,0.000,0.229,0.000,0.000,0.000,0.000,2.237,0.001,2.753,0.000,1.832,0.000,0.000,0.376,0.000,0.007,0.001,1.236,0.000,0.000,0.733,0.000,0.000,0.000,0.000,0.000,0.000,0.000,0.000,0.083,0.000,0.000,0.020
508.0,0,0.332,0.367,0.000,3.061,7.377,0.301,0.001,0.000,27.068,2.010,0.000,0.000,0.000,0.000,0.000,180.967,0.000,0.000,0.001,2.222,0.903,36.537,0.606,0.000,0.000,0.000,44.626,0.000,0.000,24.491,0.000,0.000,0.000,0.000,0.000,0.000,0.000,0.083,0.000,0.000,0.068,0.000,1.359,0.000,0.000,0.000,0.000,0.046,0.000,0.000,0.000,0.000,0.452,15.163,0.556,0.000,0.370,0.000,0.000,0.076,0.000,0.001,0.000,0.250,0.000,0.000,0.148,0.000,0.000,0.000,0.000,0.000,0.000,0.000,0.000,0.017,0.000,0.000,0.004
516.5,0,0.061,0.067,0.000,0.559,1.348,0.055,0.000,0.000,4.945,0.367,0.000,0.000,0.000,0.000,0.000,33.060,0.000,121.306,0.000,0.406,0.165,6.675,0.111,0.000,0.000,0.000,8.152,0.000,0.000,4.474,0.000,0.000,0.000,0.000,0.000,0.000,0.000,0.015,0.000,0.000,0.012,0.000,0.248,0.000,0.000,0.000,0.000,0.008,0.000,0.000,0.000,0.000,0.083,11.967,0.102,0.000,0.068,0.000,0.000,0.014,0.000,0.000,0.000,0.046,0.000,0.000,0.027,0.000,0.000,0.000,0.000,0.000,0.000,0.000,0.000,0.003,0.000,0.000,0.001
525.0,0,60.250,0.012,0.000,44.728,99.563,180.978,0.000,0.000,0.903,0.067,0.000,0.000,0.000,0.000,0.000,6.039,0.000,22.161,0.000,89.940,0.030,91.085,0.020,0.000,0.000,0.000,1.489,0.000,0.000,0.817,0.000,16.758,0.000,0.000,0.000,0.000,0.000,9.087,0.000,0.000,49.568,0.000,0.045,0.000,0.000,0.000,0.000,0.002,0.000,14.978,0.000,18.394,0.015,2.186,0.019,0.000,49.671,0.000,0.000,11.767,0.000,0.000,0.000,24.838,0.000,0.000,0.005,0.000,0.000,0.000,0.000,0.000,0.000,0.000,0.000,0.001,0.000,0.000,8.220
533.0,0,133.470,49.322,0.000,9.030,20.101,36.539,0.000,180.967,0.182,0.014,0.000,0.000,0.000,0.000,0.000,1.219,0.000,4.474,0.000,18.159,0.006,18.390,0.004,0.000,0.000,121.306,0.301,0.000,99.317,134.229,0.000,3.383,0.000,0.000,0.000,0.000,0.000,1.835,0.000,0.000,10.008,0.000,0.009,0.000,0.000,0.000,0.000,0.000,0.000,3.024,0.000,3.714,0.003,0.441,0.004,12.415,10.028,0.000,0.000,8.483,0.000,0.000,109.762,5.015,0.000,0.000,0.001,0.000,0.000,0.000,0.000,0.000,0.000,0.000,0.000,0.000,0.000,0.000,1.660
541.5,0,24.383,9.010,0.000,1.650,3.672,6.675,0.000,33.060,0.033,0.002,40.379,0.000,0.000,0.000,0.000,0.223,0.000,0.817,0.000,3.317,0.001,3.360,0.001,60.239,0.000,22.161,0.055,0.000,18.144,24.521,0.000,0.618,0.000,0.000,0.000,0.000,0.000,0.335,0.000,0.000,1.828,0.000,0.002,0.000,0.000,0.000,0.000,0.000,0.000,0.552,0.000,0.678,0.001,0.081,0.001,2.268,1.832,0.000,0.000,1.550,0.000,0.000,20.052,0.916,0.000,0.000,0.000,0.000,0.000,0.000,0.000,4.932,0.000,0.000,0.000,0.000,0.000,0.000,0.303
550.0,0,4.454,1.646,0.000,0.301,0.671,1.219,0.000,6.039,0.006,0.000,7.377,0.000,0.000,0.000,0.000,0.041,0.000,0.149,0.000,0.606,0.000,0.614,0.000,11.005,0.000,4.048,0.010,0.000,3.315,4.480,0.000,0.113,0.000,0.000,0.000,0.000,0.000,0.061,0.000,0.000,0.334,0.000,0.000,0.000,0.000,0.000,0.000,0.000,0.000,0.101,0.000,0.124,0.000,0.015,0.000,0.414,0.335,0.000,0.000,0.283,0.000,0.000,3.663,0.167,0.000,0.000,0.000,0.000,0.000,0.000,0.000,0.901,0.000,0.000,0.000,0.000,0.000,0.000,0.055
558.0,0,0.899,0.332,0.000,0.061,0.135,0.246,0.000,1.219,0.001,0.000,1.489,0.000,0.000,0.000,0.000,0.008,0.000,0.030,0.000,0.122,0.000,0.124,0.000,2.222,0.000,0.817,0.002,0.000,0.669,0.904,0.000,0.023,0.000,0.000,0.000,0.000,0.000,0.012,0.000,0.000,74.149,0.000,0.000,0.000,0.000,0.000,0.000,0.000,0.000,0.020,0.000,0.025,0.000,0.003,0.000,0.084,0.068,0.000,0.000,0.057,0.000,0.000,0.740,0.034,0.000,0.000,0.000,0.000,0.000,0.000,0.000,0.182,3.407,0.000,22.313,0.000,0.000,0.000,0.011
566.5,0,0.164,0.061,0.000,0.011,0.025,0.045,0.000,0.223,0.000,0.000,0.272,0.000,0.000,0.000,0.000,0.002,0.000,0.006,0.000,0.022,0.000,0.023,0.000,0.406,0.000,0.149,0.000,0.000,0.122,0.165,0.000,0.004,0.000,0.000,0.000,0.000,0.000,0.002,0.000,0.000,13.546,0.000,0.000,0.000,0.000,0.000,0.000,0.000,0.000,0.004,0.000,0.005,0.000,0.001,0.000,0.015,0.012,0.000,0.000,0.010,0.000,0.000,0.135,0.006,0.000,0.000,0.000,0.000,0.000,0.000,0.000,0.033,6.830,0.000,4.076,0.000,0.000,0.000,0.002
575.0,0,148.194,0.011,121.306,200.002,0.005,0.008,0.000,0.041,0.000,0.000,0.050,0.000,0.000,0.000,0.000,0.000,0.000,0.001,0.000,0.004,0.000,0.004,0.000,0.074,0.000,0.027,0.000,0.000,0.022,0.030,0.000,0.001,0.000,0.000,0.000,0.000,0.000,0.000,0.000,0.000,2.475,0.000,0.000,0.000,0.000,0.000,0.000,0.000,0.000,20.218,0.000,0.001,0.000,0.000,0.000,0.003,0.002,0.000,0.000,0.002,0.000,0.000,0.025,0.001,0.000,0.000,0.000,0.000,0.000,0.000,0.000,0.006,1.248,0.000,0.745,0.000,0.000,0.000,0.000
583.0,0,139.682,49.322,24.491,188.543,66.575,0.002,163.746,163.754,0.000,109.762,0.010,0.000,0.000,0.000,0.000,0.000,0.000,0.000,0.000,148.164,0.000,0.001,99.317,0.015,0.000,0.006,0.000,0.000,0.005,0.006,180.967,0.000,0.000,0.000,0.000,0.000,0.000,37.322,0.000,0.000,70.575,0.000,0.000,0.000,0.000,0.000,0.000,0.000,0.000,4.082,0.000,0.000,110.312,0.000,0.000,0.001,0.000,0.000,0.000,0.000,0.000,0.000,0.005,0.000,0.000,0.000,0.000,0.000,0.000,0.000,0.000,0.001,0.252,0.000,0.150,0.000,0.000,0.000,14.978
591.5,0,25.518,9.010,58.981,34.444,72.401,49.320,29.914,29.915,0.000,20.052,0.002,0.000,54.506,0.000,0.000,0.000,0.000,0.000,0.000,27.067,0.000,54.507,18.144,44.629,0.000,0.001,0.000,0.000,0.001,0.001,33.060,0.000,0.000,0.000,0.000,0.000,0.000,6.818,0.000,0.000,12.893,0.000,0.000,0.000,0.000,0.000,0.000,0.000,0.000,16.403,0.000,0.000,20.152,0.000,18.294,18.521,67.032,0.000,0.000,15.428,0.000,0.000,0.001,0.000,0.000,22.127,0.000,0.000,0.000,0.000,0.000,0.000,0.046,0.000,0.027,0.000,0.000,0.000,2.736
600.0,0,4.662,1.646,10.775,6.292,13.226,9.010,5.465,5.465,0.000,3.663,0.000,0.000,9.957,0.000,0.000,0.000,0.000,0.000,0.000,4.945,0.000,9.957,3.315,8.153,0.000,0.000,0.000,0.000,0.000,0.000,6.039,0.000,0.000,0.000,0.000,0.000,0.000,1.246,0.000,0.000,2.355,0.000,0.000,0.000,0.000,13.315,0.000,0.000,0.000,2.997,0.000,0.000,3.681,0.000,3.342,3.383,12.246,0.000,0.000,2.819,0.000,0.000,0.000,0.000,0.000,4.042,0.000,0.000,0.000,0.000,0.000,0.000,0.008,0.000,0.005,0.000,0.000,0.000,0.500
608.0,0,0.941,0.332,2.175,82.584,2.670,1.819,1.103,1.103,0.000,0.740,0.000,0.000,2.010,0.000,0.000,0.000,0.000,0.000,0.000,74.574,0.000,2.010,0.669,1.646,0.000,0.000,0.000,0.000,0.000,0.000,1.219,0.000,0.000,0.000,0.000,0.000,0.000,0.251,0.000,50.000,100.476,0.000,0.000,0.000,0.000,2.688,0.000,0.000,0.000,20.785,0.000,0.000,41.400,0.000,0.675,0.683,2.472,0.000,0.000,11.214,0.000,0.000,0.000,0.000,0.000,0.816,19.863,0.000,0.000,0.000,0.000,0.000,0.002,0.000,0.001,87.041,0.000,0.000,27.392
616.5,0,49.491,44.687,164.144,15.087,0.488,90.198,0.202,0.202,0.000,0.135,0.000,180.967,0.367,0.000,0.000,0.000,0.000,0.000,0.000,13.623,0.000,0.367,0.122,0.301,0.000,0.000,0.000,0.000,0.000,0.000,0.223,0.000,0.000,0.000,0.000,0.000,0.000,0.046,0.000,25.778,43.015,0.000,0.000,0.000,0.000,0.491,0.000,0.000,0.000,33.958,0.000,0.000,7.563,0.000,0.123,25.125,0.452,0.000,0.000,21.313,0.000,0.000,0.000,0.000,0.000,0.149,3.629,0.000,0.000,0.000,0.000,0.000,0.000,0.000,0.000,15.901,0.000,0.000,5.004
625.0,0,53.667,62.670,29.986,136.820,81.403,106.343,60.276,66.611,0.000,200.025,208.372,33.060,0.067,0.000,0.000,0.000,0.000,134.064,0.000,2.489,0.000,0.067,0.022,148.219,0.000,99.317,0.000,0.000,0.000,0.000,0.041,0.000,0.000,0.000,0.000,0.000,0.000,0.008,0.000,4.709,7.858,0.000,0.000,0.000,0.000,0.090,0.000,0.000,0.000,6.204,0.000,0.000,1.382,6.813,0.023,4.590,20.272,0.000,0.000,6.269,0.000,0.000,180.967,0.000,0.000,0.027,0.663,7.787,0.000,33.287,0.000,0.000,2.789,0.000,0.000,2.905,0.000,0.000,0.914
633.0,0,77.409,12.653,6.054,94.198,90.011,21.470,12.169,13.449,180.967,204.130,42.070,6.675,0.014,0.000,0.000,0.000,0.000,27.067,0.000,248.044,0.000,0.014,0.005,29.925,0.000,20.052,0.000,0.000,0.000,0.000,66.582,0.000,0.000,0.000,0.000,0.000,0.000,0.002,0.000,0.951,1.587,0.000,0.000,0.000,0.000,0.018,28.639,0.000,0.000,53.237,0.000,0.000,0.279,1.376,0.005,0.927,4.093,0.000,0.000,1.266,0.000,0.000,36.537,0.000,0.000,0.005,0.134,1.572,0.000,6.721,0.000,0.000,0.563,0.000,0.000,0.586,0.000,0.000,0.185
641.5,0,14.141,2.311,1.106,17.208,16.444,3.922,2.223,2.457,33.060,37.291,7.685,1.219,60.241,0.000,0.000,0.000,0.000,4.945,0.000,45.314,0.000,0.002,0.001,5.467,0.000,3.663,0.000,0.000,0.000,0.000,12.164,0.000,0.000,0.000,0.000,0.000,0.000,0.000,0.000,0.174,0.290,0.000,0.000,0.000,0.000,0.003,8.903,0.000,0.000,9.726,0.000,0.000,0.051,0.251,0.001,0.169,0.748,0.000,0.000,0.231,0.000,0.000,6.675,0.000,0.000,0.001,0.024,0.287,0.000,1.228,0.000,0.000,0.103,0.000,0.000,0.107,0.000,0.000,0.034
650.0,0,2.583,0.422,0.202,3.144,3.004,0.717,0.406,0.449,6.039,6.813,1.404,0.223,11.005,0.000,0.000,0.000,0.000,0.903,0.000,8.278,0.000,0.000,0.000,0.999,0.000,0.669,0.000,0.000,0.000,0.000,2.222,0.000,0.000,0.000,0.000,0.000,0.000,0.000,0.000,0.032,0.053,0.000,0.000,0.000,0.000,0.001,1.626,0.000,0.000,1.777,0.000,0.000,0.009,0.046,0.000,0.031,0.137,0.000,0.000,0.042,0.000,0.000,1.219,0.000,0.000,0.000,0.004,0.052,0.000,0.224,0.000,0.000,0.019,0.000,0.000,0.020,0.000,0.000,0.006
658.0,0,0.522,0.085,0.041,0.635,0.606,0.145,0.082,0.091,1.219,1.375,0.283,0.045,2.222,0.000,0.000,0.000,0.000,0.182,0.000,1.671,0.000,0.000,0.000,0.202,0.000,0.135,0.000,0.000,0.000,0.000,0.449,0.000,0.000,0.000,0.000,0.000,0.000,0.000,0.000,0.006,0.011,0.000,0.000,0.000,0.000,0.000,0.328,5.617,0.000,0.359,0.000,0.000,0.002,0.009,0.000,0.006,0.028,0.000,0.000,0.009,0.000,0.000,0.246,0.000,0.000,0.000,0.001,0.011,0.000,0.045,0.000,0.000,0.004,0.000,0.000,0.004,0.000,0.000,0.001
666.5,0,0.095,0.016,0.007,0.116,0.111,0.026,0.015,0.017,0.223,0.251,0.052,0.008,0.406,0.000,0.000,0.000,0.000,0.033,0.000,0.305,0.000,0.000,0.000,0.037,0.000,0.025,0.000,0.000,0.000,0.000,0.082,0.000,0.000,0.000,0.000,0.000,0.000,0.000,0.000,0.001,60.655,0.000,0.000,0.000,0.000,0.000,0.060,1.026,0.000,0.066,0.000,0.000,0.000,0.002,0.000,0.001,0.005,0.000,0.000,0.002,0.000,0.000,0.045,0.000,0.000,0.000,0.000,0.002,0.000,0.008,0.000,0.000,0.001,0.000,0.000,0.001,0.000,0.000,0.000
675.0,0,44.643,0.003,0.001,0.021,0.020,0.005,0.003,180.971,0.041,0.046,0.009,0.002,0.074,0.000,0.000,0.000,0.000,0.006,0.000,0.056,0.000,0.000,180.967,0.007,0.000,0.005,0.000,0.000,0.000,0.000,0.015,0.000,0.000,0.000,0.000,0.000,0.000,0.000,0.000,0.000,11.081,0.000,0.000,0.000,0.000,0.000,0.011,0.187,0.000,0.012,0.000,0.000,0.000,0.000,0.000,0.000,0.001,0.000,0.000,0.000,0.000,0.000,0.008,0.000,0.000,0.000,0.000,0.000,0.000,0.002,0.000,0.000,6.950,0.000,0.000,0.000,0.000,0.000,7.438
683.0,0,9.013,0.001,0.000,0.004,0.004,0.001,0.001,36.537,0.008,0.009,0.002,0.000,0.015,0.000,0.000,0.000,180.967,0.001,0.000,0.011,0.000,0.000,170.601,0.001,0.000,0.001,0.000,73.576,0.000,0.000,0.003,0.000,0.000,0.000,0.000,10.645,0.000,10.040,0.000,0.000,2.237,0.000,0.000,0.000,0.000,0.000,0.002,0.038,0.000,0.002,0.000,0.000,0.000,0.000,0.000,0.000,0.000,0.000,0.000,0.000,0.000,0.000,0.002,0.000,0.000,0.000,0.000,0.000,0.000,0.000,0.000,0.000,1.403,0.000,0.000,0.000,0.000,0.000,1.502
691.5,0,1.647,0.000,0.000,0.001,0.001,0.000,0.000,6.675,0.002,0.002,0.000,0.000,0.003,0.000,0.000,0.000,33.060,0.000,0.000,0.002,0.000,0.000,31.166,0.000,0.000,0.000,0.000,13.441,0.000,0.000,0.001,0.000,0.000,0.000,0.000,1.945,0.000,1.834,0.000,0.000,0.409,0.000,0.000,0.000,0.000,0.000,0.000,0.007,0.000,0.000,0.000,0.000,0.000,0.000,0.000,0.000,0.000,0.000,0.000,0.000,0.000,0.000,0.000,0.000,0.000,0.000,0.000,0.000,0.000,0.000,0.000,0.000,0.256,0.000,0.000,0.000,0.000,0.000,0.274
700.0,0,0.301,0.000,0.000,0.000,0.000,0.000,0.000,1.219,0.000,0.000,0.000,0.000,0.000,0.000,0.000,0.000,6.039,0.000,0.000,0.000,0.000,0.000,5.694,0.000,0.000,0.000,0.000,2.455,0.000,0.000,0.000,0.000,0.000,0.000,0.000,0.355,0.000,0.335,0.000,0.000,0.075,0.000,0.000,0.000,0.000,0.000,0.000,0.001,0.000,0.000,0.000,0.000,0.000,0.000,0.000,0.000,0.000,0.000,0.000,0.000,0.000,0.000,0.000,0.000,0.000,0.000,0.000,0.000,0.000,0.000,0.000,0.000,0.047,0.000,0.000,0.000,0.000,0.000,0.050
708.0,0,0.061,148.164,0.000,0.000,0.000,0.000,0.000,0.246,0.000,0.000,0.000,0.000,0.000,0.000,0.000,0.000,1.219,0.000,0.000,0.000,0.000,0.000,1.149,0.000,0.000,0.000,0.000,0.496,89.866,0.000,0.000,0.000,0.000,0.000,0.000,0.072,0.000,0.068,0.000,0.000,0.015,0.000,0.000,0.000,0.000,0.000,0.000,0.000,0.000,0.000,0.000,0.000,0.000,0.000,0.000,0.000,0.000,0.000,0.000,0.000,0.000,0.000,0.000,0.000,0.000,0.000,0.000,0.000,0.000,0.000,0.000,0.000,0.009,0.000,0.000,0.000,0.000,0.000,0.010
716.5,0,0.011,27.067,0.000,0.000,0.000,0.000,0.000,0.045,0.000,0.000,0.000,0.000,0.000,0.000,0.000,0.000,0.223,0.000,0.000,0.000,0.000,0.000,0.210,0.000,0.000,0.000,0.000,0.091,16.417,0.000,0.000,0.000,0.000,0.000,0.000,0.013,0.000,0.012,0.000,0.000,0.003,0.000,0.000,0.000,0.000,0.000,0.000,0.000,0.000,0.000,0.000,0.000,0.000,0.000,0.000,0.000,0.000,0.000,0.000,0.000,0.000,0.000,0.000,0.000,0.000,0.000,0.000,0.000,0.000,0.000,0.000,0.000,0.002,0.000,0.000,0.000,0.000,0.000,0.002
725.0,0,0.002,4.945,0.000,0.000,0.000,0.000,0.000,0.008,0.000,0.000,0.000,0.000,0.000,0.000,0.000,0.000,0.041,0.000,0.000,0.000,0.000,0.000,0.038,0.000,0.000,0.000,0.000,0.017,2.999,0.000,0.000,0.000,0.000,0.000,0.000,0.002,0.000,0.002,0.000,0.000,0.001,0.000,0.000,0.000,0.000,0.000,0.000,0.000,0.000,0.000,0.000,0.000,0.000,0.000,0.000,0.000,0.000,0.000,0.000,0.000,0.000,0.000,0.000,0.000,0.000,0.000,0.000,0.000,0.000,0.000,10.095,0.000,0.000,0.000,0.000,0.000,0.000,0.000,0.000
733.0,0,0.000,0.998,0.000,0.000,0.000,0.000,0.000,0.002,0.000,0.000,0.000,0.000,0.000,0.000,0.000,0.000,0.008,0.000,0.000,0.000,0.000,0.000,0.008,0.000,0.000,0.000,0.000,0.003,0.606,0.000,0.000,0.000,0.000,0.000,0.000,0.000,0.000,0.000,0.000,0.000,0.000,0.000,0.000,0.000,0.000,0.000,0.000,0.000,0.000,8.220,0.000,0.000,0.000,0.000,0.000,0.000,0.000,0.000,0.000,0.000,0.000,0.000,0.000,16.644,0.000,0.000,0.000,0.000,0.000,0.000,2.038,0.000,0.000,0.000,0.000,0.000,0.000,0.000,0.000
741.5,0,0.000,0.182,0.000,0.000,0.000,0.000,0.000,0.000,0.000,0.000,0.000,0.000,0.000,0.000,0.000,0.000,0.002,0.000,0.000,0.000,0.000,0.000,0.001,0.000,0.000,0.000,0.000,0.001,0.111,0.000,0.000,0.000,0.000,0.000,0.000,0.000,0.000,0.000,0.000,0.000,0.000,0.000,0.000,0.000,0.000,0.000,0.000,0.000,0.000,1.502,0.000,0.000,0.000,0.000,0.000,0.000,0.000,0.000,0.000,0.000,0.000,0.000,0.000,3.041,0.000,0.000,0.000,0.000,0.000,0.000,0.372,0.000,0.000,0.000,0.000,0.000,0.000,0.000,0.000
750.0,0,0.000,0.033,0.000,0.000,0.000,0.000,0.000,0.000,0.000,0.000,0.000,0.000,0.000,0.000,0.000,0.000,0.000,0.000,0.000,0.000,0.000,0.000,0.000,0.000,0.000,0.000,0.000,0.000,0.020,0.000,0.000,0.000,0.000,0.000,0.000,0.000,0.000,0.000,0.000,0.000,0.000,0.000,0.000,0.000,0.000,0.000,0.000,0.000,0.000,0.274,0.000,0.000,0.000,0.000,0.000,0.000,0.000,0.000,0.000,0.000,0.000,0.000,0.000,0.555,0.000,0.000,0.000,0.000,0.000,0.000,0.068,0.000,0.000,0.000,0.000,0.000,0.000,0.000,0.000
758.0,0,99.317,148.170,0.000,0.000,0.000,134.064,0.000,0.000,0.000,0.000,0.000,0.000,0.000,0.000,0.000,0.000,0.000,0.000,0.000,0.000,0.000,0.000,0.000,0.000,0.000,0.000,0.000,0.000,0.004,0.000,0.000,0.000,0.000,0.000,0.000,0.000,0.000,16.553,0.000,0.000,0.000,0.000,0.000,0.000,0.000,0.000,0.000,0.000,0.000,0.055,0.000,0.000,0.000,0.000,0.000,0.000,0.000,0.000,0.000,0.000,0.000,0.000,0.000,0.112,0.000,0.000,0.000,0.000,0.000,0.000,0.014,0.000,0.000,0.000,0.000,0.000,0.000,0.000,30.161
766.5,0,18.144,27.068,134.064,49.319,60.239,24.491,0.000,81.314,0.000,0.000,0.000,0.000,0.000,0.000,0.000,0.000,0.000,0.000,0.000,121.306,0.000,0.000,73.576,0.000,0.000,0.000,0.000,134.064,0.001,0.000,0.000,0.000,0.000,0.000,0.000,0.000,0.000,15.287,0.000,0.000,0.000,0.000,0.000,0.000,0.000,0.000,0.000,0.000,0.000,0.010,0.000,0.000,66.574,0.000,0.000,0.000,0.000,0.000,0.000,0.000,0.000,0.000,0.000,30.347,0.000,0.000,13.315,0.000,0.000,44.933,0.003,0.000,0.000,0.000,0.000,0.000,0.000,0.000,5.510
775.0,0,3.315,139.009,24.491,9.010,11.005,4.474,0.000,14.855,99.317,0.000,0.000,0.000,0.000,0.000,0.000,0.000,54.506,0.000,66.574,22.161,0.000,0.000,67.947,0.000,0.000,0.000,0.000,24.491,0.000,40.379,0.000,0.000,0.000,0.000,11.644,0.000,0.000,2.793,0.000,0.000,0.000,0.000,0.000,0.000,0.000,0.000,0.000,0.000,0.000,0.002,0.000,0.000,102.646,9.197,0.000,0.000,0.000,0.000,0.000,10.645,0.000,0.000,0.000,5.544,0.000,0.000,15.747,0.000,0.000,8.209,0.000,0.000,13.421,0.000,100.000,0.000,0.000,0.000,1.007
783.0,0,0.669,28.065,4.945,1.819,51.541,67.478,0.000,2.999,20.052,0.000,49.319,134.064,0.000,0.000,0.000,0.000,11.005,0.000,13.441,4.474,0.000,0.000,13.718,0.000,0.000,0.000,0.000,4.945,0.000,8.152,0.000,0.000,0.000,0.000,2.351,0.000,0.000,0.564,0.000,0.000,0.000,0.000,0.000,0.000,0.000,0.000,0.000,0.000,0.000,0.000,0.000,0.000,20.724,1.857,0.000,0.000,0.000,0.000,0.000,5.355,0.000,0.000,0.000,1.119,0.000,0.000,3.179,19.152,0.000,26.317,0.000,0.000,2.710,0.000,20.190,23.486,0.000,0.000,10.243
791.5,0,0.122,86.441,0.903,0.332,9.416,12.327,0.000,0.548,3.663,0.000,9.010,24.491,0.000,0.000,81.314,0.000,2.010,0.000,2.455,0.817,81.314,0.000,2.506,121.306,0.000,44.626,0.000,0.903,0.000,1.489,0.000,0.000,0.000,0.000,0.429,0.000,0.000,0.103,0.000,0.000,0.000,0.000,0.000,0.000,0.000,0.000,0.000,0.000,0.000,0.000,0.000,0.000,3.786,0.339,0.000,0.000,0.000,0.000,0.000,0.978,0.000,0.000,0.000,0.204,0.000,0.000,0.581,3.499,0.000,78.890,0.000,0.000,0.495,0.000,3.688,4.291,0.000,0.000,1.871
800.0,0,0.022,15.791,0.165,0.061,1.720,2.252,0.000,0.100,0.669,0.000,42.025,4.474,0.000,0.000,14.855,0.000,0.367,73.576,0.449,0.149,14.855,0.000,0.458,22.161,49.319,8.152,0.000,0.165,0.000,0.272,0.000,0.000,0.000,0.000,0.078,0.000,0.000,0.019,0.000,0.000,0.000,0.000,0.000,0.000,0.000,0.000,0.000,0.000,0.000,0.000,0.000,12.330,0.692,0.062,0.000,0.000,0.000,0.000,0.000,0.179,0.000,0.000,0.000,0.037,0.000,0.000,0.106,0.639,0.000,14.412,0.000,0.000,0.090,0.000,45.523,0.784,0.000,0.000,0.342
808.0,0,0.005,3.188,0.033,0.012,0.347,0.455,0.000,0.020,0.135,0.000,8.485,0.903,0.000,0.000,2.999,0.000,0.074,14.855,0.091,0.030,2.999,0.000,0.092,4.474,9.957,1.646,0.000,0.033,0.000,0.055,0.000,0.000,0.000,0.000,0.016,0.000,0.000,0.004,0.000,0.000,0.000,0.000,0.000,0.000,0.000,0.000,0.000,0.000,0.000,0.000,0.000,2.489,0.140,0.013,0.000,0.000,0.000,0.000,0.000,0.036,0.000,0.000,0.000,0.008,0.000,0.000,0.021,0.129,0.000,2.910,0.000,0.000,0.018,0.000,9.191,0.158,0.000,0.000,0.069
816.5,0,0.001,0.582,0.006,0.002,0.063,0.083,0.000,0.004,0.025,0.000,1.550,0.165,0.000,0.000,0.548,0.000,0.014,2.714,0.017,0.006,0.548,0.000,0.017,0.817,1.819,0.301,0.000,0.006,0.000,0.010,0.000,0.000,0.000,0.000,0.003,0.000,0.000,0.001,0.000,0.000,0.000,0.000,0.000,0.000,0.000,0.000,0.000,0.000,0.000,0.000,0.000,0.455,0.026,0.002,0.000,0.000,0.000,0.000,0.000,0.007,0.000,0.000,0.000,0.001,0.000,0.000,0.004,0.024,0.000,0.532,0.000,0.000,0.003,0.000,1.679,0.029,0.000,0.000,0.013
825.0,0,0.000,0.106,0.001,0.000,0.012,0.015,0.000,0.001,0.005,0.000,0.283,0.030,0.000,0.000,0.100,0.000,0.002,0.496,0.003,0.001,0.100,0.000,0.003,0.149,0.332,0.055,0.000,0.001,0.000,0.002,0.000,0.000,0.000,0.000,0.001,0.000,0.000,0.000,0.000,0.000,0.000,0.000,0.000,0.000,0.000,0.000,0.000,6.207,0.000,0.000,0.000,0.083,0.005,0.000,27.291,0.000,0.000,0.000,0.000,0.001,0.000,0.000,0.000,0.000,0.000,0.000,0.001,0.004,0.000,0.097,0.000,0.000,0.001,0.000,0.307,0.005,0.000,0.000,0.002
833.0,0,0.000,0.021,0.000,134.064,163.748,0.003,0.000,0.000,0.001,0.000,0.057,0.006,0.000,0.000,0.020,0.000,0.000,0.100,0.001,0.000,0.020,0.000,0.001,0.030,0.067,0.011,0.000,0.000,0.000,0.000,0.000,0.000,0.000,0.000,0.000,0.000,0.000,0.000,0.000,0.000,0.000,0.000,0.000,0.000,0.000,0.000,0.000,1.253,0.000,14.978,0.000,0.017,0.001,0.000,5.510,0.000,0.000,0.000,0.000,0.000,0.000,0.000,0.000,0.000,0.000,0.000,0.000,0.001,0.000,0.020,0.000,0.000,0.000,0.000,0.062,0.001,0.000,0.000,0.000
841.5,0,0.000,0.004,60.239,98.067,139.676,0.001,121.306,0.000,0.000,81.314,0.010,0.001,0.000,0.000,0.004,0.000,0.000,0.018,148.164,89.866,0.004,180.967,0.000,0.006,0.012,0.002,0.000,0.000,0.000,0.000,121.306,0.000,0.000,0.000,0.000,0.000,0.000,0.000,0.000,0.000,0.000,18.520,0.000,0.000,0.000,0.000,0.000,0.229,0.000,26.798,0.000,0.003,0.000,0.000,1.007,0.000,0.000,29.633,0.000,0.000,0.000,0.000,0.000,0.000,0.000,0.000,0.000,0.000,0.000,0.004,0.000,0.000,0.000,0.000,0.011,0.000,0.000,0.000,0.000
850.0,0,0.000,0.001,11.005,17.915,25.517,0.000,22.161,0.000,49.319,14.855,0.002,0.000,54.506,0.000,0.001,0.000,0.000,0.003,27.067,56.796,0.001,33.060,0.000,0.001,0.002,0.000,0.000,0.000,0.000,40.379,22.161,0.000,0.000,0.000,12.741,6.457,0.000,0.000,0.000,0.000,90.484,3.383,0.000,0.000,0.000,0.000,7.728,0.042,0.000,4.896,0.000,0.001,22.313,0.000,0.184,0.000,0.000,5.413,0.000,0.000,0.000,0.000,0.000,0.000,0.000,0.000,0.000,0.000,0.000,0.001,0.000,0.000,0.000,0.000,0.002,0.000,0.000,0.000,0.000
858.0,0,0.000,0.000,2.222,3.617,5.152,0.000,4.474,0.000,9.957,2.999,0.000,0.000,11.005,0.000,0.000,0.000,0.000,0.001,5.465,11.467,0.000,6.675,0.000,0.000,0.000,0.000,0.000,0.000,0.000,8.152,4.474,0.000,0.000,40.435,2.572,6.590,0.000,0.000,0.000,28.686,58.925,0.683,0.000,0.000,0.000,0.000,1.560,10.243,0.000,0.988,0.000,0.000,4.505,0.000,0.037,0.000,0.000,1.093,0.000,11.765,0.000,0.000,0.000,0.000,0.000,0.000,0.000,0.000,0.000,0.000,0.000,0.000,12.500,0.000,0.000,0.000,0.000,0.000,0.000
866.5,0,0.000,0.000,148.570,90.527,122.247,0.000,0.817,0.000,1.819,0.548,0.000,0.000,2.010,0.000,0.000,0.000,0.000,0.000,0.998,2.095,0.000,1.219,0.000,0.000,0.000,0.000,0.000,0.000,0.000,1.489,0.817,0.000,0.000,7.387,0.470,1.204,0.000,0.000,0.000,30.070,10.765,0.125,0.000,0.000,0.000,0.000,0.285,1.871,0.000,11.276,0.000,0.000,0.823,0.000,0.007,0.000,0.000,0.200,0.000,2.149,0.000,0.000,0.000,0.000,0.000,0.000,0.000,0.000,0.000,0.000,0.000,0.000,2.284,0.000,0.000,0.000,0.000,0.000,0.000
875.0,0,0.000,163.746,27.141,16.538,22.333,0.000,99.466,0.000,0.332,60.339,0.000,0.000,0.367,0.000,0.000,0.000,0.000,0.000,0.182,60.622,0.000,0.223,0.000,0.000,0.000,0.000,0.000,0.000,0.000,0.272,0.149,0.000,0.000,1.349,0.086,9.852,0.000,0.000,0.000,5.493,35.254,0.023,0.000,0.000,0.000,0.000,0.052,0.342,0.000,2.060,0.000,0.000,0.150,0.000,0.001,13.720,0.000,0.036,0.000,0.393,0.000,0.000,0.000,0.000,0.000,0.000,0.000,0.000,0.000,0.000,0.000,0.000,0.417,0.000,0.000,37.535,0.000,0.000,14.978
883.0,0,0.000,33.060,5.480,3.339,4.509,0.000,20.082,0.000,0.067,12.182,180.967,0.000,0.074,66.574,0.000,0.000,0.000,0.000,0.037,12.239,0.000,0.045,0.000,148.164,0.000,99.317,0.000,0.000,0.000,0.055,0.030,0.000,0.000,0.272,0.017,1.989,0.000,0.000,0.000,16.169,77.193,0.005,0.000,0.000,0.000,0.000,0.011,0.069,0.000,0.416,0.000,0.000,0.030,0.000,0.000,2.770,0.000,0.007,0.000,0.079,0.000,0.000,0.000,0.000,0.000,0.000,0.000,0.000,0.000,0.000,0.000,20.000,0.084,0.000,0.000,7.578,0.000,0.000,3.024
891.5,0,0.000,6.039,1.001,0.610,0.824,54.506,3.669,0.000,0.012,2.225,33.060,0.000,0.014,12.162,0.000,0.000,0.000,0.000,0.007,2.236,0.000,0.008,0.000,27.067,0.000,18.144,0.000,0.000,0.000,0.010,0.006,0.000,0.000,0.050,0.003,8.249,0.000,0.000,0.000,2.954,14.102,0.001,0.000,0.000,0.000,0.000,0.002,0.013,0.000,0.076,0.000,0.000,0.006,0.000,0.000,0.506,90.484,0.001,0.000,0.014,0.000,0.000,0.000,0.000,0.000,0.000,0.000,0.000,0.000,0.000,0.000,3.654,0.015,0.000,0.000,1.384,0.000,0.000,0.552
900.0,0,0.000,1.103,0.183,0.111,0.150,9.957,0.670,0.000,0.002,0.407,6.039,0.000,0.002,2.222,0.000,0.000,0.000,0.000,0.001,0.408,0.000,0.002,0.000,4.945,0.000,3.315,0.000,0.000,0.000,0.002,0.001,0.000,0.000,0.009,0.001,1.507,0.000,0.000,0.000,0.540,32.696,0.000,0.000,0.000,0.000,0.000,0.000,0.002,0.000,0.014,0.000,0.000,0.001,0.000,0.000,0.092,16.530,0.000,0.000,0.003,0.000,0.000,0.000,0.000,0.000,0.000,9.864,0.000,0.000,0.000,0.000,0.667,0.003,0.000,0.000,0.253,0.000,0.000,0.101
908.0,0,121.306,0.223,0.037,0.022,0.030,2.010,0.135,0.000,0.000,0.082,1.219,0.000,0.000,0.449,0.000,0.000,0.000,0.000,0.000,0.082,0.000,0.000,0.000,0.998,0.000,0.669,0.000,0.000,0.000,0.000,0.000,0.000,0.000,0.002,0.000,0.304,0.000,0.000,0.000,0.109,6.601,0.000,0.000,0.000,0.000,0.000,0.000,0.000,0.000,0.003,0.000,0.000,0.000,0.000,0.000,0.019,3.337,0.000,0.000,0.001,0.000,0.000,0.000,0.000,0.000,0.000,1.991,0.000,0.000,0.000,0.000,0.135,0.001,0.000,0.000,0.051,0.000,0.000,0.020
916.5,0,22.161,0.041,0.007,0.004,0.006,40.747,0.025,109.762,0.000,0.015,0.223,109.762,0.000,0.082,0.000,0.000,0.000,0.000,0.000,0.015,0.000,0.000,0.000,0.182,0.000,0.122,0.000,0.000,0.000,0.000,0.000,0.000,0.000,0.000,0.000,0.056,0.000,0.000,0.000,0.020,1.206,0.000,0.000,0.000,0.000,0.000,0.000,9.260,0.000,0.001,0.000,0.000,44.626,0.000,0.000,0.003,0.610,0.000,0.000,0.000,0.000,0.000,0.000,0.000,0.000,0.000,0.364,0.000,0.000,0.000,0.000,0.025,0.000,0.000,0.000,0.009,0.000,0.000,12.266
925.0,0,4.048,0.007,0.001,0.001,0.001,7.444,0.005,20.052,0.000,0.003,0.041,20.052,0.000,0.015,0.000,0.000,0.000,0.000,0.000,0.003,0.000,0.000,0.000,0.033,0.000,0.022,0.000,81.314,0.000,0.000,0.000,0.000,0.000,0.000,42.109,0.010,0.000,0.000,0.000,0.004,0.220,0.000,0.000,8.322,0.000,0.000,0.000,6.290,0.000,0.000,0.000,0.000,8.152,0.000,0.000,0.001,0.111,0.000,0.000,0.000,0.000,0.000,0.000,0.000,0.000,0.000,0.066,0.000,0.000,0.000,0.000,0.004,0.000,0.000,0.000,0.002,0.000,0.000,2.241
933.0,0,0.817,0.002,0.000,0.000,109.763,1.503,0.001,4.048,0.000,0.001,0.008,4.048,0.000,0.003,0.000,0.000,0.000,0.000,0.000,0.001,0.000,0.000,99.317,0.007,0.000,0.005,0.000,16.417,0.000,0.000,0.000,0.000,0.000,0.000,8.502,0.002,0.000,0.000,0.000,0.001,0.044,0.000,0.000,1.680,0.000,0.000,0.000,1.270,0.000,14.978,0.000,0.000,1.646,0.000,16.553,0.000,0.022,0.000,0.000,0.000,0.000,0.000,0.000,0.000,0.000,0.000,0.013,0.000,0.000,0.000,0.000,0.001,11.310,0.000,0.000,0.000,0.000,0.000,0.452
941.5,0,0.149,0.000,0.000,0.000,80.291,0.275,0.000,0.740,121.306,0.000,0.002,0.740,0.000,0.001,0.000,0.000,0.000,0.000,0.000,0.000,0.000,66.574,18.144,0.001,0.000,0.001,0.000,2.999,0.000,73.576,0.000,0.000,0.000,0.000,1.553,0.000,0.000,0.000,0.000,0.000,0.008,0.000,0.000,0.307,0.000,0.000,0.000,0.232,0.000,2.736,0.000,0.000,0.301,0.000,3.024,0.000,0.004,0.000,0.000,0.000,0.000,0.000,0.000,0.000,0.000,0.000,0.002,0.000,0.000,0.000,0.000,0.000,2.066,0.000,0.000,0.000,0.000,0.000,0.083
950.0,0,0.027,0.000,0.000,0.000,14.668,0.050,0.000,0.135,22.161,0.000,0.000,0.135,0.000,0.000,0.000,60.239,0.000,0.000,0.000,0.000,0.000,12.162,3.315,0.000,0.000,0.000,0.000,0.548,0.000,13.441,0.000,0.000,0.000,0.000,0.284,0.000,0.000,0.000,0.000,0.000,0.001,0.000,0.000,20.792,0.000,0.000,0.000,0.042,0.000,0.500,0.000,0.000,0.055,0.000,0.552,0.000,0.001,0.000,0.000,0.000,0.000,0.000,0.000,0.000,0.000,0.000,0.000,0.000,0.000,0.000,0.000,0.000,0.377,0.000,0.000,0.000,0.000,0.000,0.015
958.0,0,163.752,0.000,0.000,0.000,2.961,134.074,0.000,0.027,4.474,0.000,0.000,0.027,0.000,0.000,0.000,12.162,0.000,0.000,0.000,0.000,0.000,2.455,0.669,0.000,0.000,0.000,0.000,0.111,0.000,2.714,0.000,0.000,0.000,0.000,0.057,0.000,0.000,14.978,0.000,0.000,0.000,0.000,0.000,4.198,0.000,0.000,0.000,0.009,0.000,0.101,0.000,0.000,0.011,0.000,0.112,0.000,0.000,0.000,0.000,0.000,0.000,0.000,0.000,0.000,0.000,0.000,0.000,0.000,0.000,0.000,0.000,18.918,11.387,0.000,0.000,37.041,0.000,0.000,18.297
966.5,0,29.915,44.626,0.000,0.000,0.541,188.239,0.000,89.871,0.817,0.000,0.000,73.581,0.000,0.000,0.000,2.222,0.000,0.000,0.000,0.000,148.164,0.449,0.122,0.000,0.000,0.000,0.000,0.020,0.000,0.496,0.000,0.000,0.000,0.000,0.010,0.000,0.000,2.736,0.000,0.000,27.253,0.000,0.000,0.767,0.000,0.000,0.000,0.002,0.000,0.018,0.000,0.000,0.002,0.000,0.020,0.000,0.000,0.000,0.000,0.000,0.000,0.000,0.000,0.000,0.000,0.000,0.000,0.000,0.000,0.000,0.000,3.456,6.679,0.000,0.000,23.410,0.000,0.000,3.343
975.0,0,5.465,8.152,0.000,0.000,0.099,34.388,0.000,16.418,0.149,0.000,0.000,13.442,0.000,0.000,0.000,0.406,0.000,0.000,0.000,0.000,27.067,0.082,0.022,0.000,0.000,0.000,0.000,0.004,0.000,0.091,0.000,0.000,0.000,0.000,0.002,0.000,0.000,0.500,0.000,0.000,4.979,0.000,0.000,0.140,0.000,0.000,0.000,0.000,0.000,0.003,0.000,91.076,86.447,0.000,0.004,0.000,0.000,0.000,0.000,0.000,0.000,40.657,54.506,0.000,0.000,0.000,0.000,0.000,0.000,0.000,0.000,0.631,1.220,0.000,0.000,4.277,0.000,0.000,0.611
983.0,0,100.420,1.646,0.000,0.000,0.020,6.943,0.000,3.315,0.030,0.000,0.000,2.714,0.000,0.000,0.000,0.082,0.000,0.000,0.000,0.000,5.465,0.017,0.005,0.000,0.000,0.000,0.000,0.001,0.000,0.018,0.000,0.000,0.000,0.000,0.000,0.000,0.000,0.101,0.000,0.000,1.005,0.000,0.000,0.028,0.000,0.000,0.000,0.000,0.000,0.001,0.000,30.718,17.453,0.000,0.001,0.000,0.000,0.000,0.000,0.000,0.000,8.209,11.005,0.000,0.000,0.000,0.000,19.152,0.000,36.788,0.000,0.127,4.011,0.000,0.000,0.863,0.000,0.000,22.467
991.5,0,18.345,0.301,0.000,0.000,0.004,1.268,0.000,67.180,0.006,0.000,0.000,0.496,0.000,0.000,0.000,0.015,0.000,0.000,0.000,0.000,0.998,0.003,0.001,0.000,0.000,0.000,0.000,0.000,0.000,0.003,0.000,0.000,0.000,0.000,0.000,0.000,0.000,0.018,0.000,0.000,0.184,0.000,0.000,0.005,0.000,0.000,0.000,0.000,0.000,0.000,0.000,5.612,3.188,0.000,0.000,0.000,0.000,0.000,0.000,0.000,0.000,1.500,2.010,0.000,0.000,0.000,0.000,3.499,0.000,6.721,0.000,0.023,0.733,0.000,0.000,11.314,0.000,0.000,4.104
1000.0,0,3.351,0.055,0.000,0.000,0.001,0.232,0.000,12.273,0.001,0.000,0.000,0.091,0.000,0.000,0.000,0.003,49.319,0.000,0.000,0.000,0.182,0.001,0.000,0.000,0.000,0.000,0.000,54.506,0.000,0.001,0.000,0.000,0.000,0.000,0.000,0.000,0.000,0.003,0.000,0.000,0.034,0.000,13.552,0.001,0.000,0.000,0.000,0.000,0.000,0.000,0.000,1.025,0.582,0.000,0.000,0.000,0.000,0.000,0.000,0.000,0.000,0.274,0.367,0.000,0.000,0.000,0.000,0.639,0.000,1.228,0.000,0.004,0.134,0.000,0.000,2.067,0.000,0.000,0.750
1008.0,0,0.677,0.011,0.000,0.000,0.000,0.047,0.000,2.478,0.000,0.000,0.000,0.018,0.000,0.000,0.000,0.001,9.957,0.000,0.000,0.000,0.037,0.000,0.000,0.000,0.000,0.000,0.000,11.005,0.000,0.000,0.000,0.000,0.000,0.000,0.000,0.000,0.000,0.001,0.000,0.000,0.007,0.000,2.736,0.000,0.000,32.749,0.000,0.000,0.000,0.000,0.000,0.207,0.118,0.000,0.000,0.000,0.000,0.000,0.000,0.000,0.000,0.055,0.074,0.000,0.000,0.000,0.000,0.129,0.000,0.248,0.000,0.001,0.027,0.000,0.000,0.417,0.000,0.000,0.151
1016.5,0,0.124,0.002,148.164,89.866,0.000,0.009,0.000,0.453,0.000,0.000,0.000,0.003,0.000,0.000,0.000,0.000,1.819,0.000,0.000,0.000,0.007,0.000,49.319,0.000,0.000,0.000,0.000,2.010,0.000,0.000,0.000,0.000,0.000,0.000,6.052,0.000,0.000,37.145,0.000,0.000,0.001,0.000,0.500,0.000,0.000,5.983,0.000,0.000,0.000,0.000,0.000,0.038,115.556,0.000,0.000,0.000,0.000,0.000,0.000,0.000,0.000,0.010,0.014,0.000,0.000,0.000,0.000,0.024,0.000,0.045,0.000,0.000,0.005,0.000,0.000,0.076,0.000,0.000,0.028
1025.0,0,134.087,180.968,27.067,180.163,81.314,0.002,134.064,0.083,0.000,66.574,0.000,0.001,0.000,0.000,0.000,0.000,0.332,0.000,0.000,180.967,0.001,148.164,9.010,0.000,0.000,0.000,0.000,0.367,0.000,0.000,109.762,0.000,0.000,0.000,1.106,0.000,0.000,6.786,0.000,0.000,0.000,0.000,0.091,0.000,0.000,1.093,0.000,0.000,0.000,0.000,0.000,0.007,21.110,0.000,0.000,0.000,0.000,0.000,0.000,0.000,0.000,0.002,0.002,0.000,0.000,0.000,0.000,0.004,0.000,0.008,0.000,0.000,0.001,0.000,0.000,0.014,0.000,0.000,0.005
1033.0,0,27.072,135.854,5.465,36.374,16.417,0.000,27.067,81.331,0.000,94.755,148.164,0.000,60.239,0.000,0.000,0.000,0.067,0.000,0.000,36.537,0.000,29.914,1.819,0.000,0.000,0.000,0.000,0.074,0.000,0.000,22.161,0.000,0.000,0.000,0.223,0.000,0.000,1.370,0.000,0.000,0.000,0.000,0.018,0.000,0.000,0.221,0.000,0.000,0.000,0.000,0.000,0.001,4.262,0.000,0.000,13.720,0.000,0.000,0.000,13.592,0.000,52.433,66.575,0.000,0.000,25.852,0.000,0.001,0.000,0.002,0.000,0.000,0.000,0.000,0.000,0.003,0.000,0.000,0.001
1041.5,0,4.946,24.818,0.998,6.645,2.999,0.000,4.945,14.858,0.000,17.310,27.067,0.000,11.005,0.000,0.000,0.000,0.012,0.000,0.000,6.675,0.000,5.465,0.332,0.000,0.000,0.000,0.000,0.014,0.000,0.000,4.048,0.000,0.000,0.000,0.041,0.000,0.000,0.250,0.000,0.000,0.000,0.000,0.003,0.000,0.000,0.040,0.000,0.000,0.000,0.000,0.000,0.000,0.779,0.000,0.000,9.320,0.000,0.000,0.000,2.483,0.000,9.579,12.162,0.000,0.000,4.723,0.000,0.000,0.000,0.000,0.000,0.000,0.000,0.000,0.000,0.001,0.000,0.000,0.000
1050.0,0,0.903,4.534,0.182,1.214,0.548,0.000,0.903,2.714,0.000,3.162,4.945,0.000,2.010,0.000,0.000,0.000,0.002,0.000,0.000,1.219,0.000,0.998,0.061,0.000,0.000,0.000,0.000,0.002,0.000,0.000,0.740,0.000,0.000,0.000,0.007,0.000,0.000,0.046,0.000,0.000,0.000,0.000,0.001,0.000,0.000,0.007,0.000,0.000,0.000,0.000,0.000,0.000,0.142,0.000,0.000,1.703,0.000,0.000,0.000,0.454,0.000,1.750,2.222,0.000,0.000,0.863,0.000,0.000,0.000,0.000,0.000,0.000,0.000,0.000,0.000,0.000,0.000,0.000,0.000
1058.0,0,0.182,0.915,200.037,0.245,0.111,0.000,0.182,0.548,0.000,0.638,0.998,0.000,0.406,0.000,0.000,0.000,0.000,0.000,0.000,0.246,0.000,0.202,0.012,0.000,0.000,0.000,0.000,0.000,0.000,0.000,0.149,0.000,0.000,0.000,0.002,0.000,0.000,0.009,0.000,0.000,0.000,0.000,0.000,0.000,0.000,0.001,0.000,0.000,0.000,8.220,0.000,0.000,0.029,0.000,0.000,0.344,0.000,0.000,0.000,0.092,0.000,0.353,0.449,0.000,0.000,0.174,0.000,0.000,0.000,0.000,0.000,0.000,0.000,0.000,0.000,0.000,0.000,0.000,0.000
1066.5,0,0.033,0.167,36.543,40.424,73.596,0.000,148.197,0.100,0.000,0.117,0.182,0.000,0.074,0.000,0.000,0.000,0.000,0.000,0.000,60.284,0.000,0.037,0.002,0.000,0.000,0.000,0.000,0.000,0.000,0.000,0.027,0.000,0.000,0.000,14.886,0.000,0.000,0.002,0.000,0.000,81.873,0.000,0.000,0.000,0.000,0.000,0.000,0.000,0.000,20.817,0.000,0.000,60.658,0.000,0.000,0.063,0.000,0.000,0.000,0.017,0.000,0.065,0.082,0.000,0.000,0.032,0.000,0.000,0.000,0.000,0.000,0.000,0.000,0.000,0.000,0.000,0.000,0.000,0.000
1075.0,0,0.006,40.410,6.676,7.385,67.951,49.319,27.073,0.018,109.762,0.021,0.033,0.000,0.014,0.000,0.000,0.000,0.000,0.000,0.000,11.013,0.000,66.581,0.000,0.000,0.000,0.000,0.000,0.000,0.000,0.000,0.005,0.000,0.000,0.000,16.800,3.543,0.000,0.000,0.000,40.657,45.076,0.000,0.000,0.000,0.000,0.000,0.000,0.000,0.000,3.803,0.000,0.000,11.081,0.000,0.000,0.011,30.119,0.000,0.000,0.003,0.000,0.012,0.015,0.000,0.000,0.006,0.000,0.000,0.000,0.000,0.000,0.000,0.000,0.000,0.000,27.441,0.000,0.000,12.263
1083.0,0,0.001,8.159,1.348,1.491,13.719,9.957,5.466,0.004,22.161,0.004,0.007,0.000,0.003,0.000,0.000,0.000,0.000,0.000,0.000,2.223,0.000,13.442,0.000,0.000,0.000,0.000,0.000,0.000,0.000,0.000,0.001,0.000,0.000,0.000,3.392,10.348,0.000,0.000,0.000,8.209,9.101,0.000,0.000,0.000,0.000,0.000,0.000,0.000,0.000,0.768,0.000,0.000,2.237,0.000,0.000,0.002,6.081,0.000,0.000,0.001,0.000,0.002,0.003,0.000,0.000,0.001,0.000,0.000,0.000,0.000,0.000,0.000,0.000,0.000,0.000,16.697,0.000,0.000,2.476
1091.5,0,0.000,1.490,0.246,0.272,2.506,1.819,0.999,0.001,4.048,0.001,0.001,0.000,0.000,0.000,0.000,0.000,0.000,0.000,0.000,0.406,0.000,2.456,0.000,0.000,0.000,0.000,0.000,0.000,0.000,0.000,0.000,0.000,0.000,0.000,0.620,1.890,0.000,0.000,0.000,1.500,1.663,0.000,0.000,0.000,0.000,0.000,0.000,0.000,0.000,0.140,0.000,0.000,0.409,0.000,0.000,0.000,1.111,0.000,0.000,0.000,0.000,0.000,0.001,0.000,0.000,0.000,0.000,0.000,0.000,0.000,0.000,0.000,0.000,0.000,0.000,3.050,0.000,0.000,0.452
1100.0,0,0.000,110.035,0.045,0.050,0.458,0.332,0.182,0.000,0.740,0.000,0.000,0.000,0.000,0.000,0.000,0.000,0.000,0.000,0.000,0.074,0.000,0.449,0.000,0.000,0.000,0.000,0.000,0.000,0.000,0.000,0.000,0.000,0.000,0.000,0.113,0.345,0.000,11.096,0.000,0.274,0.304,0.000,0.000,0.000,0.000,0.000,0.000,0.000,0.000,0.026,0.000,0.000,0.075,0.000,0.000,0.000,0.203,0.000,0.000,0.000,0.000,0.000,0.000,0.000,0.000,0.000,0.000,0.000,0.000,0.000,0.000,0.000,0.000,0.000,0.000,0.557,0.000,0.000,0.083
1108.0,0,0.000,22.216,0.009,44.636,0.092,0.067,0.037,0.000,0.149,0.000,66.574,0.000,0.000,0.000,0.000,0.000,0.000,0.000,0.000,99.332,0.000,0.091,0.000,89.866,0.000,121.306,0.000,0.000,0.000,0.000,0.000,0.000,0.000,0.000,0.023,0.070,0.000,2.240,0.000,0.055,0.061,0.000,0.000,0.000,0.000,9.864,0.000,0.000,0.000,12.268,0.000,0.000,0.015,0.000,0.000,22.621,0.041,0.000,0.000,7.886,0.000,0.000,0.000,0.000,0.000,0.000,0.000,0.000,0.000,0.000,0.000,18.097,0.000,0.000,0.000,0.113,0.000,0.000,0.017
1116.5,0,0.000,4.058,0.002,8.154,0.017,0.012,0.007,0.000,0.027,0.000,12.162,0.000,0.000,0.000,0.000,0.000,0.000,49.319,0.000,18.146,0.000,0.017,0.000,76.656,0.000,22.161,0.000,0.000,0.000,0.000,0.000,0.000,0.000,0.000,0.004,0.013,0.000,0.409,0.000,0.010,0.011,6.165,0.000,0.000,0.000,1.802,0.000,0.000,0.000,2.241,0.000,0.000,0.003,0.000,0.000,9.711,0.007,0.000,0.000,1.441,0.000,0.000,0.000,0.000,0.000,0.000,0.000,0.000,0.000,0.000,0.000,13.170,0.000,0.000,0.000,0.021,0.000,0.000,0.003
1125.0,0,0.000,0.741,0.000,1.490,0.003,0.002,0.001,0.000,0.005,0.000,2.222,0.000,0.000,0.000,0.000,0.000,0.000,9.010,0.000,3.315,0.000,0.003,0.000,14.004,0.000,4.048,0.000,0.000,0.000,0.000,0.000,0.000,0.000,0.000,0.001,0.002,0.000,0.075,0.000,0.002,100.002,1.126,0.000,0.000,0.000,0.329,0.000,0.000,0.000,0.409,0.000,0.000,0.001,0.000,0.000,1.774,0.001,0.000,0.000,0.263,0.000,0.000,0.000,0.000,0.000,0.000,0.000,0.000,0.000,0.000,0.000,2.406,0.000,0.000,0.000,0.004,0.000,0.000,0.001
1133.0,0,0.000,0.150,0.000,0.301,0.001,0.000,0.000,0.000,0.001,0.000,0.449,0.000,0.000,0.000,0.000,0.000,0.000,1.819,0.000,0.669,0.000,0.001,0.000,2.827,0.000,0.817,0.000,0.000,0.000,0.000,0.000,0.000,0.000,0.000,0.000,0.000,0.000,0.015,0.000,0.000,20.190,0.227,0.000,0.000,0.000,0.066,0.000,0.000,0.000,0.083,0.000,0.000,0.000,0.000,0.000,0.358,0.000,0.000,0.000,0.053,0.000,0.000,0.000,0.000,0.000,0.000,0.000,0.000,0.000,0.000,0.000,0.486,0.000,0.000,0.000,0.001,0.000,0.000,0.000
1141.5,0,0.000,0.027,0.000,0.055,0.000,0.000,0.000,0.000,0.000,0.000,0.082,0.000,0.000,0.000,0.000,0.000,0.000,0.332,0.000,0.122,0.000,0.000,0.000,0.517,0.000,0.149,0.000,0.000,0.000,0.000,0.000,0.000,0.000,0.000,0.000,0.000,0.000,0.003,0.000,0.000,77.770,0.042,0.000,0.000,0.000,0.012,0.000,0.000,0.000,0.015,0.000,0.000,0.000,0.000,0.000,0.065,0.000,0.000,0.000,4.338,0.000,0.000,0.000,0.000,0.000,0.000,0.000,0.000,0.000,0.000,0.000,0.089,0.000,0.000,0.000,0.000,0.000,0.000,0.000
1150.0,0,89.866,0.005,0.000,0.010,0.000,0.000,0.000,0.000,0.000,0.000,0.015,0.000,0.000,0.000,0.000,0.000,0.000,0.061,0.000,0.022,0.000,0.000,0.000,0.094,0.000,0.027,0.000,0.000,0.000,0.000,0.000,0.000,0.000,0.000,0.000,0.000,0.000,0.001,0.000,18.394,44.327,0.008,0.000,0.000,0.000,0.002,0.000,0.000,0.000,0.003,0.000,0.000,0.000,0.000,9.084,0.012,0.000,0.000,0.000,0.792,0.000,0.000,0.000,0.000,0.000,0.000,0.000,0.000,0.000,0.000,0.000,0.016,3.765,0.000,0.000,0.000,0.000,0.000,0.000
1158.0,0,72.650,54.507,0.000,0.002,0.000,0.000,0.000,66.574,0.000,0.000,0.003,0.000,0.000,0.000,0.000,0.000,0.000,0.012,0.000,0.005,0.000,0.000,200.000,0.019,0.000,0.006,0.000,121.306,0.000,0.000,0.000,0.000,0.000,0.000,0.000,0.000,0.000,10.040,0.000,3.714,8.949,0.002,0.000,0.000,0.000,0.000,0.000,0.000,0.000,0.001,0.000,0.000,0.000,0.000,1.834,0.002,0.000,0.000,0.000,0.160,0.000,0.000,0.000,0.000,0.000,0.000,0.000,0.000,0.000,0.000,0.000,0.003,0.760,0.000,30.119,0.000,0.000,0.000,0.000
1166.5,0,13.272,9.958,0.000,0.000,99.317,0.000,0.000,52.541,0.000,0.000,0.001,0.000,0.000,0.000,0.000,0.000,44.626,0.002,0.000,0.001,0.000,180.967,36.537,0.003,0.000,0.001,134.064,22.161,0.000,200.000,0.000,0.000,0.000,0.000,0.000,0.000,0.000,1.834,0.000,0.678,1.635,0.000,0.000,0.000,0.000,0.000,0.000,0.000,0.000,0.000,0.000,0.000,119.015,0.000,0.335,0.000,0.000,0.000,0.000,0.029,0.000,0.000,0.000,37.041,0.000,0.000,0.000,6.375,0.000,0.000,0.000,0.001,10.373,0.000,145.645,0.000,0.000,0.000,0.000
1175.0,0,2.425,1.819,0.000,0.000,18.144,0.000,0.000,9.598,0.000,0.000,0.000,0.000,0.000,0.000,0.000,0.000,8.152,0.000,0.000,0.000,0.000,33.060,6.675,0.001,0.000,0.000,24.491,4.048,0.000,36.537,0.000,0.000,0.000,0.000,0.000,0.000,0.000,0.335,0.000,0.124,0.299,0.000,0.000,0.000,0.000,0.000,0.000,0.000,0.000,0.000,0.000,0.000,21.742,0.000,0.061,0.000,0.000,0.000,26.465,8.721,0.000,0.000,81.314,6.767,0.000,0.000,0.000,7.540,0.000,0.000,0.000,0.000,1.895,0.000,26.607,0.000,0.000,0.000,0.000
1183.0,0,0.490,0.367,0.000,0.000,3.663,0.000,0.000,1.938,0.000,0.000,0.000,0.000,0.000,0.000,0.000,0.000,1.646,0.000,0.000,0.000,0.000,6.675,1.348,0.000,0.000,0.000,4.945,0.817,0.000,7.377,0.000,0.000,0.000,0.000,0.000,0.000,0.000,0.068,0.000,0.025,0.060,0.000,0.000,0.000,0.000,0.000,0.000,0.000,0.000,0.000,0.000,0.000,4.390,0.000,0.012,0.000,0.000,0.000,5.343,1.761,0.000,0.000,16.417,1.366,0.000,0.000,0.000,1.522,0.000,0.000,0.000,0.000,0.383,0.000,5.372,0.000,0.000,0.000,0.000
1191.5,0,0.089,0.067,0.000,0.000,0.669,0.000,0.000,0.354,0.000,0.000,0.000,0.000,0.000,0.000,0.000,0.000,0.301,0.000,0.000,0.000,0.000,1.219,0.246,0.000,0.000,0.000,0.903,0.149,0.000,1.348,0.000,0.000,0.000,0.000,0.000,4.783,0.000,0.012,0.000,0.005,0.011,0.000,0.000,0.000,0.000,0.000,0.000,0.000,0.000,0.000,0.000,0.000,0.802,0.000,0.002,0.000,0.000,0.000,5.014,0.322,0.000,0.000,2.999,0.250,0.000,0.000,0.000,0.278,0.000,0.000,0.000,0.000,0.070,0.000,0.981,0.000,0.000,0.000,0.000
1200.0,0,121.322,0.012,0.000,121.306,0.122,0.000,0.000,0.065,0.000,0.000,0.000,0.000,0.000,0.000,0.000,0.000,0.055,0.000,0.000,0.000,0.000,0.223,148.209,0.000,0.000,0.000,0.165,0.027,0.000,0.246,0.000,0.000,0.000,0.000,4.057,0.874,0.000,21.774,0.000,0.001,0.002,0.000,0.000,0.000,0.000,0.000,0.000,0.000,0.000,13.552,0.000,0.000,0.146,0.000,0.000,0.000,0.000,0.000,0.916,0.059,0.000,0.000,0.548,0.046,0.000,0.000,0.000,0.051,0.000,0.000,0.000,0.000,0.013,0.000,0.179,0.000,0.000,0.000,18.294
1208.0,0,24.495,0.002,148.164,24.491,0.025,0.000,0.000,0.013,0.000,99.317,0.000,0.000,0.000,0.000,0.000,0.000,0.011,0.000,0.000,81.314,0.000,0.045,29.923,0.000,0.000,0.000,0.033,0.006,0.000,0.050,148.164,0.000,0.000,0.000,0.819,0.176,0.000,4.396,0.000,0.000,0.000,0.000,0.000,0.000,0.000,0.000,0.000,0.000,0.000,22.954,0.000,0.000,57.402,0.000,0.000,0.000,0.000,0.000,0.185,0.012,0.000,0.000,0.111,0.009,0.000,0.000,0.000,0.010,0.000,0.000,0.000,0.000,0.003,0.000,0.036,13.627,0.000,0.000,3.693
1216.5,0,4.475,0.000,27.067,4.474,44.631,0.000,0.000,0.002,0.000,18.144,0.000,0.000,0.000,0.000,0.000,0.000,0.002,0.000,0.000,14.855,0.000,81.322,5.466,0.000,0.000,0.000,0.006,0.001,0.000,0.009,27.067,0.000,0.000,0.000,0.150,0.032,0.000,0.803,0.000,0.000,0.000,0.000,0.000,0.000,0.000,0.000,0.000,0.000,0.000,4.193,0.000,0.000,10.486,0.000,0.000,0.000,0.000,0.000,0.034,0.002,0.000,0.000,0.020,0.002,0.000,10.511,0.000,0.002,0.000,0.000,0.000,0.000,12.500,0.000,0.007,2.489,0.000,18.252,0.675
1225.0,0,0.817,0.000,4.945,0.817,8.153,0.000,0.000,0.000,0.000,3.315,0.000,0.000,0.000,0.000,0.000,0.000,0.000,0.000,0.000,2.714,0.000,14.856,0.999,0.000,0.000,0.000,0.001,0.000,0.000,0.002,4.945,0.000,0.000,0.000,0.027,0.006,0.000,0.147,0.000,0.000,0.000,0.000,0.000,0.000,0.000,0.000,0.000,0.000,0.000,0.766,0.000,0.000,1.916,0.000,0.000,0.000,0.000,0.000,0.006,0.000,0.000,0.000,0.004,0.000,0.000,1.920,0.000,0.000,0.000,0.000,0.000,0.000,2.284,0.000,0.001,45.697,0.000,3.334,0.123
1233.0,0,0.165,0.000,0.998,73.741,1.646,0.000,0.000,0.000,0.000,0.669,0.000,0.000,0.000,0.000,0.000,0.000,0.000,0.000,0.000,67.122,0.000,2.999,0.202,0.000,0.000,0.000,0.000,0.000,0.000,0.000,0.998,0.000,0.000,0.000,0.006,0.001,0.000,0.030,0.000,0.000,0.000,0.000,0.000,0.000,0.000,0.000,0.000,0.000,0.000,15.132,0.000,0.000,0.387,0.000,0.000,0.000,0.000,0.000,0.001,5.842,0.000,0.000,0.001,0.000,0.000,0.388,0.000,0.000,0.000,0.000,0.000,0.000,0.461,0.000,0.000,45.319,66.574,0.673,37.060
1241.5,0,0.030,0.000,54.689,13.471,121.607,0.000,99.317,0.000,0.000,0.122,0.000,0.000,0.000,0.000,0.000,0.000,0.000,0.000,0.000,12.262,0.000,0.548,0.037,0.000,0.000,0.000,0.000,0.000,0.000,0.000,0.182,0.000,0.000,0.000,0.001,9.632,0.000,0.005,0.000,0.000,64.041,0.000,0.000,0.000,0.000,0.000,0.000,0.000,0.000,25.108,0.000,0.000,0.071,12.415,0.000,0.000,0.000,0.000,0.000,1.067,0.000,0.000,0.000,0.000,0.000,0.071,0.000,8.606,0.000,0.000,0.000,0.000,0.084,0.000,0.000,8.279,12.162,0.123,6.770
1250.0,0,230.326,66.574,9.991,42.840,95.791,204.125,18.144,0.000,0.000,81.336,0.000,0.000,0.000,89.866,0.000,0.000,0.000,0.000,139.696,46.866,0.000,54.606,0.007,0.000,60.239,0.000,0.000,0.000,60.239,0.000,0.033,0.000,0.000,0.000,0.000,1.760,0.000,0.001,0.000,35.038,38.952,0.000,0.000,0.000,0.000,0.000,0.000,0.000,0.000,4.587,0.000,0.000,67.045,2.268,0.000,9.197,27.253,0.000,0.000,11.736,0.000,0.000,0.000,40.657,0.000,0.013,45.896,1.572,0.000,0.000,0.000,0.000,0.015,0.000,0.000,1.512,2.222,0.022,1.237
1258.0,0,46.502,67.947,2.017,8.649,19.340,41.212,3.663,60.239,0.000,16.422,89.866,60.239,0.000,18.144,0.000,0.000,0.000,0.000,28.204,9.462,0.000,11.025,0.001,0.000,12.162,0.000,0.000,0.000,12.162,0.000,0.007,0.000,0.000,0.000,0.000,0.355,0.000,0.000,0.000,7.074,7.864,0.000,0.000,16.758,0.000,0.000,0.000,0.000,0.000,0.926,0.000,0.000,13.536,0.458,0.000,1.857,5.502,0.000,0.000,2.370,0.000,61.448,54.506,8.209,0.000,0.003,9.266,0.317,0.000,0.000,0.000,0.000,0.003,0.000,0.000,0.305,0.449,6.698,0.250
1266.5,0,8.495,12.413,0.368,1.580,3.533,7.529,0.669,11.005,0.000,3.000,16.417,11.005,0.000,3.315,0.000,0.000,0.000,0.000,5.152,1.729,0.000,2.014,0.000,0.000,2.222,0.000,0.000,0.000,2.222,0.000,0.001,0.000,0.000,0.000,0.000,0.065,0.000,0.000,0.000,1.292,1.437,0.000,0.000,3.061,0.000,0.000,0.000,12.500,0.000,0.169,0.000,0.000,2.473,0.084,0.000,0.339,1.005,0.000,0.000,0.433,0.000,11.225,9.957,1.500,0.000,0.000,1.693,0.058,0.000,0.000,0.000,0.000,0.001,0.000,0.000,0.056,0.082,1.224,0.046
1275.0,0,1.552,2.268,0.067,0.289,0.645,1.375,0.122,2.010,0.000,0.548,2.999,2.010,0.000,0.606,0.000,0.000,0.000,0.000,0.941,0.316,0.000,0.368,0.000,0.000,0.406,0.000,0.000,0.000,0.406,0.000,0.000,0.000,0.000,0.000,0.000,0.012,0.000,0.000,0.000,0.236,0.262,0.000,0.000,0.559,0.000,0.000,0.000,2.284,0.000,13.583,0.000,0.000,0.452,0.015,0.000,0.062,0.184,0.000,0.000,0.079,0.000,2.051,1.819,0.274,0.000,0.000,0.309,0.011,0.000,0.000,0.000,0.000,0.000,0.000,0.000,0.010,0.015,0.224,0.008
1283.0,0,0.313,0.458,0.014,0.058,0.130,0.278,0.025,0.406,0.000,0.111,0.606,0.406,0.000,0.122,0.000,0.000,0.000,0.000,0.190,0.064,0.000,0.074,0.000,0.000,0.082,0.000,0.000,0.000,0.082,0.000,0.000,0.000,0.000,0.000,0.000,0.002,0.000,0.000,0.000,0.048,0.053,0.000,0.000,0.113,0.000,0.000,0.000,0.461,0.000,2.742,0.000,0.000,0.091,0.003,0.000,0.013,0.037,0.000,0.000,2.917,0.000,0.414,0.367,0.055,0.000,0.000,0.062,0.002,0.000,0.000,0.000,0.000,2.789,0.000,0.000,0.002,0.003,0.045,9.086
1291.5,0,0.057,0.084,0.002,0.011,0.024,0.051,0.005,0.074,0.000,0.020,0.111,0.074,0.000,0.022,0.000,0.000,0.000,0.000,0.035,0.012,0.000,0.014,0.000,0.000,0.015,0.000,0.000,0.000,0.015,0.000,0.000,0.000,0.000,0.000,0.000,0.000,0.000,24.694,0.000,0.009,0.010,0.000,0.000,0.021,0.000,0.000,0.000,0.084,0.000,0.501,0.000,0.000,0.017,0.001,0.000,0.002,0.007,0.000,0.000,0.533,0.000,0.076,0.067,0.010,0.000,0.000,0.011,0.000,0.000,0.000,0.000,0.000,0.510,0.000,0.000,0.000,0.001,0.008,1.660
1300.0,0,0.010,0.015,0.000,0.002,0.004,0.009,0.001,0.014,0.000,0.004,0.020,0.014,0.000,0.004,0.000,0.000,0.000,0.000,0.006,0.002,0.000,0.002,0.000,0.000,0.003,0.000,0.000,0.000,0.003,0.000,0.000,0.000,0.000,0.000,0.000,0.000,0.000,4.511,0.000,0.002,0.002,0.000,0.000,0.004,0.000,0.000,0.000,0.015,0.000,0.092,0.000,0.000,0.003,0.000,0.000,0.000,0.001,0.000,0.000,0.097,0.000,0.014,0.012,0.002,0.000,0.000,0.002,0.000,0.000,0.000,0.000,0.000,0.093,0.000,0.000,0.000,0.000,0.002,0.303
1308.0,0,0.002,0.003,0.000,163.747,0.001,0.002,0.000,0.003,0.000,0.001,0.004,0.003,0.000,0.001,0.000,0.000,0.000,0.000,0.001,0.000,0.000,0.001,0.000,0.000,0.001,0.000,0.000,0.000,0.001,0.000,0.000,0.000,0.000,0.000,0.000,0.000,0.000,0.911,0.000,0.000,0.000,0.000,0.000,0.001,0.000,0.000,0.000,6.863,0.000,7.456,0.000,18.394,0.001,0.000,0.000,0.000,0.000,0.000,0.000,0.020,0.000,0.003,0.002,0.000,0.000,0.000,0.000,0.000,0.000,0.000,0.000,0.000,0.019,0.000,0.000,0.000,0.000,0.000,0.061
1316.5,0,0.000,0.001,49.319,29.914,40.379,0.000,148.164,0.000,148.164,0.000,0.001,0.000,0.000,0.000,0.000,0.000,0.000,0.000,0.000,54.506,0.000,134.064,0.000,0.000,0.000,0.000,0.000,0.000,0.000,0.000,0.000,0.000,0.000,0.000,0.000,0.000,0.000,0.166,0.000,0.000,0.000,0.000,0.000,0.000,0.000,0.000,0.000,1.254,0.000,1.362,0.000,3.360,0.000,0.000,0.000,0.000,0.000,0.000,0.000,0.004,0.000,0.001,0.000,0.000,0.000,0.000,0.000,0.000,0.000,0.000,0.000,0.000,0.003,0.000,0.000,0.000,0.000,0.000,0.011
1325.0,0,0.000,0.000,9.010,5.465,7.377,0.000,27.067,0.000,27.067,0.000,0.000,0.000,0.000,0.000,200.000,0.000,0.000,0.000,0.000,9.957,0.000,24.491,0.000,0.000,0.000,0.000,0.000,0.000,0.000,44.626,0.000,0.000,0.000,0.000,14.886,0.000,0.000,0.030,0.000,0.000,0.000,0.000,0.000,0.000,0.000,0.000,0.000,0.229,0.000,0.249,0.000,0.614,0.000,0.000,0.000,0.000,0.000,0.000,0.000,0.001,0.000,0.000,0.000,0.000,0.000,0.000,0.000,0.000,0.000,0.000,0.000,0.000,0.001,0.000,0.000,0.000,0.000,0.000,0.002
1333.0,0,0.000,0.000,1.819,1.103,1.489,0.000,5.465,0.000,5.465,0.000,0.000,0.000,0.000,0.000,40.379,0.000,0.000,0.000,0.000,2.010,0.000,4.945,0.000,0.000,0.000,0.000,0.000,0.000,0.000,9.010,0.000,0.000,0.000,0.000,14.534,0.000,0.000,0.006,0.000,0.000,0.000,0.000,0.000,0.000,0.000,0.000,0.000,0.046,0.000,0.050,0.000,0.124,0.000,0.000,0.000,0.000,0.000,0.000,0.000,0.000,0.000,0.000,0.000,0.000,0.000,0.000,0.000,0.000,0.000,0.000,0.000,0.000,0.000,0.000,0.000,0.000,0.000,0.000,0.000
1341.5,0,0.000,0.000,0.332,161.887,164.018,0.000,0.998,0.000,0.998,134.064,0.000,0.000,0.000,0.000,7.377,0.000,0.000,0.000,0.000,148.531,0.000,0.903,0.000,0.000,0.000,0.000,0.000,0.000,0.000,1.646,0.000,0.000,0.000,0.000,2.655,0.000,0.000,0.001,0.000,0.000,74.082,0.000,0.000,0.000,0.000,0.000,0.000,0.008,0.000,8.229,0.000,0.023,54.881,0.000,0.000,0.000,0.000,0.000,0.000,0.000,0.000,0.000,0.000,0.000,0.000,0.000,0.000,0.000,0.000,0.000,0.000,0.000,0.000,0.000,0.000,0.000,0.000,0.000,0.000
1350.0,0,0.000,0.000,0.061,29.574,29.963,0.000,0.182,0.000,81.496,24.491,0.000,0.000,0.000,0.000,1.348,200.000,0.000,0.000,0.000,27.134,0.000,0.165,0.000,0.000,0.000,0.000,0.000,0.000,0.000,0.301,40.379,0.000,0.000,0.000,0.485,0.000,0.000,0.000,0.000,0.000,13.534,0.000,0.000,0.000,0.000,0.000,0.000,0.002,0.000,1.503,0.000,0.004,10.026,0.000,0.000,0.000,0.000,0.000,0.000,0.000,0.000,0.000,0.000,0.000,0.000,0.000,0.000,0.000,0.000,0.000,0.000,0.000,0.000,0.000,0.000,0.000,0.000,0.000,0.000
1358.0,0,0.000,0.000,0.012,5.971,6.050,0.000,0.037,0.000,16.454,4.945,0.000,0.000,0.000,0.000,0.272,40.379,0.000,0.000,0.000,5.478,0.000,0.033,0.000,0.000,0.000,0.000,0.000,0.000,0.000,0.061,8.152,0.000,0.000,0.000,0.098,0.000,0.000,0.000,0.000,0.000,2.732,0.000,0.000,0.000,0.000,0.000,0.000,0.000,0.000,0.304,0.000,0.001,2.024,0.000,0.000,0.000,0.000,0.000,0.000,0.000,0.000,0.000,0.000,0.000,0.000,0.000,0.000,0.000,0.000,0.000,0.000,0.000,0.000,0.000,0.000,0.000,0.000,0.000,0.000
1366.5,0,0.000,180.967,40.382,1.091,1.105,0.000,109.769,0.000,3.006,0.903,0.000,0.000,0.000,0.000,0.050,7.377,0.000,0.000,0.000,1.001,0.000,0.006,0.000,0.000,0.000,0.000,0.000,0.000,0.000,0.011,1.489,0.000,0.000,0.000,0.018,0.000,0.000,0.000,0.000,0.000,0.499,0.000,0.000,0.000,0.000,0.000,0.000,0.000,0.000,0.055,0.000,0.000,0.370,0.000,0.000,0.000,67.032,0.000,0.000,25.483,0.000,0.000,0.000,0.000,0.000,0.000,0.000,0.000,0.000,0.000,0.000,0.000,0.000,0.000,0.000,0.000,0.000,0.000,0.000
1375.0,0,40.379,181.223,7.377,49.519,0.202,54.506,20.053,0.000,0.549,200.165,180.967,0.000,0.000,0.000,0.009,1.348,0.000,0.000,0.000,60.422,0.000,0.001,0.000,148.164,0.000,180.967,0.000,0.000,0.000,0.002,0.272,0.000,0.000,0.000,0.003,3.206,0.000,10.040,0.000,34.796,52.004,0.000,0.000,0.000,0.000,0.000,0.000,0.000,0.000,8.230,0.000,0.000,0.068,0.000,0.000,0.000,12.246,0.000,0.000,4.655,0.000,0.000,0.000,11.157,0.000,0.000,17.973,0.000,0.000,30.119,0.000,0.000,0.000,0.000,0.000,0.000,0.000,0.000,8.220
1383.0,0,8.152,36.588,1.489,9.998,0.041,11.005,4.049,0.000,0.111,40.413,170.601,0.000,0.000,0.000,0.002,0.272,0.000,0.000,0.000,175.945,0.000,0.000,0.000,29.914,0.000,36.537,0.000,0.000,0.000,0.000,89.921,0.000,0.000,0.000,0.001,0.647,0.000,2.027,0.000,7.025,10.499,0.000,0.000,0.000,0.000,0.000,0.000,0.000,0.000,56.244,0.000,0.000,49.672,0.000,0.000,22.621,2.472,0.000,0.000,9.655,0.000,0.000,0.000,2.252,0.000,29.663,3.629,0.000,0.000,6.081,0.000,8.131,0.000,0.000,90.484,0.000,0.000,0.000,1.660
1391.5,0,1.489,6.684,0.272,1.826,0.007,2.010,0.740,0.000,0.020,7.383,31.166,0.000,0.000,0.000,0.000,0.050,0.000,60.239,0.000,32.142,0.000,0.000,0.000,5.465,0.000,6.675,0.000,0.000,0.000,0.000,16.427,0.000,0.000,0.000,0.000,0.118,0.000,0.370,0.000,1.283,1.918,0.000,0.000,0.000,0.000,0.000,0.000,0.000,0.000,10.275,0.000,0.000,9.074,0.000,0.000,10.297,0.452,0.000,0.000,4.389,0.000,0.000,0.000,0.411,0.000,5.419,0.663,0.000,0.000,1.111,0.000,1.485,0.000,0.000,36.720,0.000,0.000,0.000,0.303
1400.0,0,0.272,1.221,0.050,0.334,0.001,0.367,0.135,0.000,0.004,1.349,5.694,0.000,0.000,0.000,0.000,0.009,0.000,11.005,0.000,5.872,0.000,0.000,0.000,0.998,0.000,1.219,0.000,0.000,0.000,0.000,3.001,0.000,0.000,0.000,0.000,0.022,0.000,0.068,0.000,0.234,0.350,0.000,0.000,0.000,0.000,0.000,0.000,0.000,0.000,1.877,0.000,0.000,1.658,0.000,0.000,1.881,0.083,0.000,0.000,0.802,0.000,0.000,0.000,0.075,0.000,0.990,0.121,0.000,0.000,0.203,0.000,0.271,0.000,0.000,6.708,0.000,0.000,0.000,0.055
1408.0,0,66.629,99.564,0.010,0.067,109.763,89.940,0.027,0.000,0.001,0.272,1.149,0.000,0.000,0.000,0.000,0.002,0.000,2.222,0.000,1.186,0.000,0.000,0.000,0.202,0.000,0.246,0.000,0.000,0.000,0.000,0.606,0.000,0.000,0.000,0.000,0.004,0.000,20.231,0.000,0.047,172.428,0.000,0.000,0.000,0.000,0.000,0.000,0.000,0.000,0.379,0.000,0.000,0.335,0.000,0.000,0.380,0.017,0.000,0.000,14.505,0.000,0.000,0.000,0.015,0.000,0.200,0.024,0.000,0.000,67.073,0.000,0.055,0.000,0.000,1.354,0.000,0.000,0.000,0.011
1416.5,0,52.551,78.427,0.002,0.012,20.052,16.431,0.005,230.287,0.000,0.050,99.527,0.000,0.000,0.000,0.000,0.000,0.000,0.406,0.000,0.217,0.000,0.000,0.000,66.611,0.000,163.791,0.000,0.000,0.000,0.000,0.111,0.000,0.000,0.000,0.000,0.001,0.000,13.736,0.000,0.009,31.500,0.000,7.438,0.000,0.000,0.000,0.000,0.000,0.000,0.069,0.000,0.000,0.061,22.621,0.000,0.069,27.256,0.000,0.000,2.650,0.000,0.000,0.000,0.003,0.000,0.037,14.720,0.000,0.000,12.253,0.000,0.010,0.000,0.000,0.247,0.000,0.000,0.000,6.732
1425.0,0,9.600,14.327,0.000,0.002,3.663,3.002,0.001,42.070,0.000,0.009,18.182,0.000,0.000,0.000,0.000,0.000,0.000,0.074,0.000,0.040,0.000,0.000,0.000,12.169,0.000,29.922,0.000,0.000,0.000,0.000,0.020,0.000,0.000,0.000,0.000,0.000,0.000,2.509,0.000,0.002,5.754,0.000,1.359,0.000,0.000,0.000,0.000,0.000,0.000,0.013,0.000,0.000,0.011,4.132,0.000,0.013,4.979,0.000,0.000,0.484,0.000,0.000,0.000,0.001,0.000,6.382,2.689,0.000,0.000,2.238,0.000,0.002,0.000,0.000,127.730,0.000,0.000,0.000,1.230
1433.0,0,1.938,2.893,0.000,0.000,0.740,0.606,0.000,8.494,0.000,0.002,3.671,0.000,0.000,0.000,0.000,0.000,0.000,0.015,0.000,0.008,0.000,0.000,0.000,2.457,0.000,6.041,0.000,0.000,0.000,0.000,0.004,0.000,0.000,0.000,0.000,0.000,0.000,0.507,0.000,0.000,1.162,0.000,0.274,0.000,0.000,0.000,0.000,0.000,0.000,0.003,0.000,0.000,0.002,0.834,0.000,0.003,1.005,0.000,0.000,0.098,0.000,0.000,0.000,0.000,0.000,1.288,0.543,0.000,0.000,0.452,0.000,0.000,0.000,0.000,25.788,0.000,0.000,0.000,0.248
1441.5,0,0.354,0.528,0.000,0.000,0.135,0.111,0.000,1.552,0.000,0.000,0.671,0.000,0.000,0.000,0.000,0.000,0.000,0.003,0.000,0.001,0.000,0.000,0.000,0.449,0.000,1.104,0.000,0.000,0.000,0.000,0.001,0.000,0.000,0.000,0.000,0.000,0.000,0.093,0.000,0.000,0.212,0.000,0.050,0.000,0.000,0.000,0.000,0.000,0.000,6.730,0.000,0.000,0.000,0.152,0.000,0.000,0.184,0.000,0.000,0.018,0.000,0.000,0.000,0.000,0.000,0.235,0.099,0.000,0.000,0.083,0.000,0.000,0.000,0.000,4.711,0.000,0.000,0.000,0.045
1450.0,0,0.065,0.097,0.000,0.000,0.025,0.020,0.000,0.283,0.000,0.000,0.123,0.000,0.000,0.000,0.000,0.000,0.000,0.000,0.000,0.000,0.000,0.000,0.000,0.082,0.000,0.202,0.000,0.000,0.000,0.000,0.000,0.000,0.000,0.000,0.000,0.000,0.000,0.017,0.000,0.000,0.039,0.000,0.009,0.000,0.000,0.000,0.000,0.000,0.000,1.230,0.000,0.000,0.000,0.028,0.000,0.000,0.034,0.000,0.000,0.003,0.000,0.000,0.000,0.000,0.000,0.043,0.018,0.000,0.000,0.015,0.000,0.000,0.000,0.000,0.861,0.000,0.000,0.000,0.008
1458.0,0,0.013,0.019,0.000,0.000,0.005,0.004,0.000,0.057,0.000,0.000,0.025,0.000,0.000,0.000,0.000,0.000,0.000,0.000,0.000,0.000,0.000,0.000,0.000,0.017,0.000,0.041,0.000,0.000,0.000,0.000,0.000,0.000,0.000,0.000,0.000,3.206,0.000,0.003,0.000,0.000,0.008,0.000,0.002,0.000,0.000,0.000,0.000,0.000,0.000,0.248,0.000,0.000,100.000,0.006,0.000,0.000,0.007,0.000,0.000,0.001,0.000,0.000,0.000,0.000,0.000,0.009,0.004,0.000,0.000,0.003,0.000,0.000,0.000,0.000,0.174,0.000,0.000,0.000,30.163
1466.5,0,281.316,148.167,0.000,121.306,180.968,148.164,0.000,0.010,0.000,0.000,0.005,0.000,0.000,0.000,0.000,0.000,0.000,0.000,0.000,0.000,0.000,0.000,180.967,0.003,0.000,0.007,0.000,0.000,0.000,0.000,0.000,0.000,0.000,0.000,0.000,0.586,0.000,30.162,0.000,0.000,0.001,0.000,0.000,23.142,0.000,0.000,0.000,0.000,0.000,0.045,0.000,0.000,38.458,0.001,0.000,0.000,0.001,0.000,0.000,5.842,0.000,0.000,0.000,0.000,0.000,0.002,0.001,23.392,0.000,0.001,0.000,0.000,0.000,0.000,0.032,22.466,0.000,0.000,5.510
1475.0,0,51.392,87.307,89.866,95.737,132.377,100.643,180.967,54.508,60.239,66.574,73.577,73.576,0.000,0.000,0.000,0.000,0.000,0.000,0.000,89.866,109.762,254.543,114.374,109.763,0.000,66.576,163.746,49.319,121.306,73.576,89.866,0.000,0.000,0.000,0.000,0.107,0.000,5.510,0.000,0.000,0.000,0.000,0.000,13.425,30.119,0.000,0.000,0.000,0.000,38.520,0.000,0.000,47.683,0.000,0.000,15.163,30.120,0.000,0.000,11.682,0.000,0.000,0.000,0.000,0.000,0.000,0.000,14.784,0.000,36.788,0.000,0.000,0.000,0.000,0.006,4.104,0.000,0.000,1.007
1483.0,0,10.376,17.627,18.144,19.329,26.726,20.319,36.537,11.005,12.162,13.441,14.855,14.855,0.000,0.000,0.000,0.000,0.000,0.000,0.000,72.650,22.161,51.391,23.092,22.161,0.000,13.441,33.060,9.957,24.491,59.481,18.144,0.000,0.000,0.000,0.000,0.022,0.000,1.112,0.000,0.000,0.000,0.000,0.000,2.710,6.081,0.000,0.000,0.000,0.000,7.777,0.000,0.000,9.627,0.000,0.000,3.061,6.081,0.000,0.000,2.359,0.000,0.000,0.000,0.000,0.000,0.000,0.000,2.985,0.000,7.427,0.000,0.000,0.000,0.000,0.001,0.829,0.000,0.000,0.203
1491.5,0,1.895,93.086,3.315,3.531,4.882,3.712,6.675,2.010,2.222,2.455,202.714,2.714,0.000,0.000,0.000,0.000,0.000,0.000,0.000,13.272,4.048,9.388,4.218,4.048,0.000,2.456,6.039,1.819,4.474,10.866,3.315,0.000,0.000,0.000,0.000,0.004,0.000,0.203,0.000,0.000,0.000,0.000,0.000,0.495,1.111,0.000,0.000,0.000,0.000,1.421,0.000,0.000,1.759,0.000,0.000,0.559,1.111,0.000,0.000,0.431,0.000,0.000,0.000,0.000,0.000,0.000,0.000,0.545,0.000,1.357,0.000,0.000,0.000,0.000,0.000,0.151,0.000,0.000,0.037
1500.0,0,49.666,126.768,0.606,0.645,0.892,148.842,1.219,164.113,0.406,0.449,37.032,0.496,0.000,0.000,0.000,0.000,0.000,109.762,0.000,2.425,0.740,1.715,0.771,122.046,0.000,110.211,1.103,0.332,0.817,1.985,0.606,0.000,0.000,0.000,0.000,0.001,0.000,0.037,0.000,0.000,0.000,0.000,0.000,0.090,0.203,0.000,0.000,0.000,0.000,0.260,0.000,0.000,0.321,0.000,0.000,0.102,0.203,0.000,0.000,0.079,0.000,0.000,109.762,0.000,0.000,0.000,0.000,0.100,0.000,0.248,0.000,0.000,0.000,0.000,0.000,0.028,0.000,0.000,0.007
1508.0,0,109.344,25.594,0.122,0.130,0.180,30.051,0.246,33.134,0.082,0.091,7.477,0.100,0.000,0.000,0.000,0.000,134.064,22.161,0.000,0.490,0.149,0.346,121.462,91.215,0.000,22.251,0.223,109.829,0.165,0.401,0.122,0.000,0.000,0.000,0.000,0.000,0.000,56.996,0.000,0.000,0.000,0.000,0.000,0.018,0.041,0.000,0.000,0.000,0.000,0.052,0.000,0.000,0.065,15.163,0.000,0.021,0.041,0.000,0.000,25.683,0.000,0.000,22.161,0.000,0.000,14.188,0.000,0.020,0.000,0.050,0.000,4.463,0.000,0.000,141.114,0.006,0.000,0.000,0.001
1516.5,0,19.975,4.676,0.022,0.024,0.033,5.490,0.045,6.053,0.015,0.017,1.366,0.018,0.000,0.000,0.000,0.000,24.491,4.048,0.000,0.089,0.027,0.063,22.189,16.663,0.000,4.065,0.041,20.064,0.030,0.073,0.022,0.000,0.000,0.000,0.000,0.000,0.000,10.412,0.000,0.000,0.000,0.000,14.978,0.003,0.007,0.000,0.000,6.207,0.000,0.010,0.000,37.041,190.496,2.770,0.000,0.004,0.007,0.000,0.000,14.324,0.000,0.000,4.048,0.000,0.000,2.592,0.000,0.004,0.000,0.009,0.000,0.815,0.000,0.000,25.779,0.001,0.000,0.000,0.000
1525.0,0,3.649,0.854,60.243,180.972,0.006,1.003,0.008,1.106,0.003,0.003,0.250,0.003,0.000,0.000,0.000,0.000,4.474,0.740,0.000,0.016,0.005,0.012,4.054,3.044,0.000,0.743,0.007,3.665,0.006,0.013,0.004,0.000,0.000,0.000,0.000,0.000,0.000,1.902,0.000,0.000,0.000,0.000,2.736,0.001,0.001,0.000,0.000,1.134,0.000,0.002,0.000,6.767,34.800,0.506,0.000,0.001,0.001,0.000,0.000,2.617,0.000,0.000,0.740,0.000,0.000,0.474,0.000,0.001,0.000,0.002,0.000,0.149,0.000,0.000,4.709,0.000,0.000,0.000,0.000
1533.0,0,0.737,0.172,146.227,184.701,197.484,0.202,54.508,0.223,0.001,0.001,0.050,0.001,0.000,0.000,0.000,0.000,0.903,0.149,180.967,148.167,0.001,0.002,0.818,0.615,0.000,0.150,0.002,0.740,0.001,0.003,0.001,0.000,0.000,0.000,0.000,0.000,0.000,0.384,0.000,0.000,0.000,0.000,0.552,0.000,0.000,0.000,0.000,0.229,0.000,10.040,0.000,1.366,67.679,0.102,0.000,0.000,0.000,0.000,0.000,0.528,0.000,0.000,0.149,0.000,0.000,0.096,0.000,0.000,0.000,0.000,0.000,0.030,0.000,0.000,0.951,0.000,0.000,0.000,0.000
1541.5,0,0.135,0.032,26.713,33.742,36.077,0.037,9.958,0.041,49.320,49.320,0.009,0.000,0.000,163.746,0.000,0.000,0.165,0.027,33.060,148.374,0.000,0.000,0.150,0.112,0.000,0.027,0.000,0.135,0.000,0.000,60.239,20.468,0.000,0.000,0.000,0.000,0.000,0.070,0.000,0.000,24.660,0.000,0.101,0.000,0.000,0.000,0.000,0.042,0.000,9.272,0.000,0.250,12.364,0.019,0.000,0.000,0.000,0.000,0.000,0.097,0.000,0.000,0.027,0.000,0.000,0.017,0.000,0.000,0.000,0.000,0.000,0.005,11.310,0.000,0.174,70.557,0.000,0.000,12.263
1550.0,0,0.025,0.006,4.880,6.164,6.591,0.007,1.819,0.007,9.010,9.010,0.002,0.000,0.000,29.914,0.000,0.000,0.030,0.005,6.039,27.105,0.000,0.000,0.027,0.021,0.000,0.005,0.000,0.025,0.000,0.000,11.005,3.739,0.000,0.000,0.000,0.000,0.000,0.013,0.000,0.000,4.505,0.000,0.018,0.000,0.000,0.000,0.000,0.008,0.000,12.790,0.000,0.046,2.259,0.003,0.000,0.000,0.000,0.000,0.000,0.018,0.000,0.000,0.005,0.000,0.000,0.003,0.000,0.000,0.000,0.000,0.000,0.001,2.066,0.000,0.032,12.890,0.000,22.222,2.240
1558.0,0,0.005,66.575,0.985,1.245,1.331,0.001,0.367,0.002,1.819,1.819,0.000,0.000,0.000,6.039,0.000,0.000,0.006,0.001,1.219,5.472,0.000,0.000,0.006,0.004,0.000,0.001,0.000,0.005,0.000,0.000,2.222,0.755,0.000,0.000,0.000,6.457,0.000,0.003,0.000,83.516,70.985,0.000,0.004,0.000,0.000,0.000,0.000,0.002,0.000,2.582,0.000,0.009,0.456,0.001,0.000,7.530,0.000,0.000,0.000,10.004,0.000,0.000,0.001,0.000,0.000,0.001,0.000,0.000,0.000,0.000,0.000,0.000,3.500,0.000,0.006,47.844,0.000,4.487,54.003
1566.5,0,0.001,12.162,0.180,0.227,0.243,0.000,0.067,0.000,0.332,0.332,0.000,0.000,0.000,1.103,0.000,0.000,0.001,0.000,0.223,1.000,0.000,0.000,0.001,0.001,0.000,0.000,0.000,0.001,0.000,0.000,0.406,0.138,0.000,0.000,0.000,1.180,0.000,0.000,0.000,83.634,103.451,0.000,0.001,0.000,0.000,0.000,0.000,0.000,0.000,0.472,0.000,0.002,0.083,0.000,0.000,1.376,0.000,0.000,0.000,1.827,0.000,0.000,0.000,0.000,0.000,0.000,0.000,0.000,0.000,0.000,0.000,0.000,0.639,0.000,0.001,8.740,0.000,0.820,9.866
1575.0,0,0.000,2.222,0.033,200.042,148.208,0.000,0.012,0.000,0.061,0.061,0.000,0.000,0.000,0.202,0.000,0.000,0.000,0.000,0.041,0.183,0.000,0.000,0.000,0.000,0.000,0.000,0.000,0.000,0.000,0.000,0.074,0.025,0.000,0.000,0.000,0.215,0.000,0.000,0.000,15.279,18.899,0.000,0.000,0.000,0.000,0.000,0.000,0.000,0.000,33.420,0.000,0.000,0.015,0.000,0.000,0.251,0.000,0.000,0.000,0.334,0.000,0.000,0.000,0.000,0.000,0.000,0.000,0.000,0.000,0.000,0.000,0.000,0.117,0.000,0.000,1.597,0.000,0.150,1.802
1583.0,0,0.000,0.449,134.071,40.388,139.685,0.000,0.002,0.000,0.012,0.012,0.000,0.000,0.000,0.041,0.000,0.000,0.000,0.000,0.008,109.799,0.000,0.000,0.000,0.000,0.000,0.000,0.000,0.000,0.000,163.746,0.015,0.005,0.000,0.000,0.000,0.044,0.000,0.000,0.000,3.085,64.054,0.000,0.000,0.000,0.000,0.000,0.000,0.000,0.000,6.747,0.000,0.000,54.884,0.000,0.000,0.051,0.000,0.000,0.000,0.067,0.000,0.000,0.000,0.000,0.000,0.000,0.000,0.000,0.000,0.000,0.000,0.000,0.024,0.000,0.000,0.322,0.000,0.030,0.364
1591.5,0,0.000,0.082,24.493,7.378,25.518,0.000,0.000,0.000,40.382,0.002,0.000,0.000,0.000,0.007,0.000,163.746,0.000,0.000,0.002,20.059,0.000,178.690,0.000,0.000,0.000,0.000,73.576,0.000,0.000,29.914,0.003,35.036,0.000,0.000,0.000,0.008,0.000,0.000,0.000,0.564,34.015,0.000,0.000,0.000,0.000,0.000,0.000,0.000,0.000,1.233,0.000,0.000,10.026,0.000,0.000,0.009,0.000,0.000,0.000,0.012,0.000,0.000,0.000,0.000,0.000,0.000,0.000,0.000,0.000,0.000,0.000,0.000,0.004,0.000,0.000,0.059,0.000,0.006,0.066
1600.0,0,0.000,0.015,4.474,1.348,4.662,0.000,0.000,0.000,7.377,0.000,0.000,0.000,0.000,0.001,0.000,29.914,0.000,0.000,0.000,3.664,0.000,32.644,0.000,0.000,0.000,0.000,13.441,0.000,0.000,5.465,0.000,6.401,0.000,0.000,0.000,0.001,0.000,0.000,0.000,0.103,6.214,0.000,0.000,0.000,0.000,0.000,0.000,0.000,0.000,0.225,0.000,0.000,1.832,0.000,0.000,0.002,0.000,0.000,0.000,0.002,0.000,0.000,0.000,0.000,0.000,0.000,0.000,0.000,0.000,0.000,0.000,0.000,0.001,0.000,0.000,0.011,0.000,0.001,0.012
1608.0,0,0.000,0.003,0.903,0.272,0.941,0.000,0.000,0.000,1.489,0.000,0.000,0.000,0.000,0.000,0.000,6.039,0.000,0.000,0.000,0.740,0.000,6.591,0.000,0.000,0.000,0.000,2.714,0.000,0.000,1.103,0.000,1.292,0.000,0.000,0.000,0.000,0.000,0.000,0.000,0.021,1.255,0.000,0.000,0.000,0.000,0.000,0.000,0.000,0.000,24.739,0.000,0.000,0.370,0.000,0.000,0.000,0.000,0.000,0.000,0.000,0.000,0.000,0.000,0.000,0.000,0.000,0.000,0.000,0.000,0.000,0.000,20.000,0.000,0.000,0.000,0.002,0.000,0.000,0.002
1616.5,0,180.967,0.001,0.165,0.050,0.172,0.000,0.000,0.000,0.272,0.000,0.000,0.000,0.000,0.000,0.000,1.103,0.000,0.000,0.000,0.135,0.000,1.204,0.000,0.000,0.000,0.000,0.496,0.000,0.000,0.202,0.000,0.236,0.000,0.000,0.000,0.000,0.000,24.694,0.000,33.520,182.102,0.000,0.000,0.000,0.000,0.000,0.000,0.000,0.000,4.519,0.000,0.000,0.068,0.000,0.000,0.000,0.000,0.000,0.000,0.000,0.000,0.000,0.000,0.000,0.000,0.000,0.000,0.000,0.000,0.000,0.000,3.654,0.000,0.000,0.000,0.000,0.000,0.000,0.000
1625.0,0,167.124,60.239,0.030,81.323,0.031,109.762,0.000,200.000,0.050,200.000,0.000,0.000,0.000,0.000,0.000,0.202,0.000,0.000,0.000,180.992,0.000,0.220,0.000,0.000,0.000,0.000,0.091,0.000,0.000,0.037,148.164,0.043,0.000,0.000,0.000,2.375,0.000,26.855,0.000,6.124,33.267,0.000,0.000,0.000,0.000,0.000,0.000,0.000,0.000,45.255,0.000,0.000,99.329,0.000,0.000,0.000,90.484,0.000,0.000,13.044,0.000,0.000,0.000,0.000,0.000,0.000,0.000,0.000,0.000,0.000,13.627,0.667,0.000,0.000,100.000,0.000,0.000,0.000,0.000
1633.0,0,33.742,61.481,0.006,16.419,0.006,22.161,0.000,40.379,0.010,40.379,49.319,60.239,0.000,0.000,0.000,0.041,0.000,0.000,0.000,36.542,200.000,0.044,44.626,60.239,0.000,66.574,0.018,0.000,109.762,0.007,29.914,0.009,0.000,0.000,0.000,0.480,0.000,5.422,0.000,1.236,6.717,0.000,11.096,0.000,0.000,0.000,18.854,0.000,0.000,9.137,0.000,12.330,60.711,0.000,0.000,0.000,18.268,0.000,0.000,2.633,0.000,74.082,109.762,0.000,0.000,0.000,0.000,0.000,0.000,0.000,2.751,0.135,0.000,0.000,102.063,0.000,0.000,0.000,0.000
1641.5,0,6.164,11.232,0.001,2.999,60.240,53.368,0.000,7.377,0.002,7.377,9.010,11.005,0.000,0.000,0.000,0.007,0.000,0.000,0.000,6.676,36.537,0.008,8.152,11.005,0.000,12.162,0.003,0.000,20.052,0.001,5.465,0.002,0.000,0.000,0.000,0.088,0.000,0.991,0.000,0.226,1.227,0.000,2.027,0.000,0.000,0.000,3.444,0.000,0.000,1.669,0.000,2.252,11.091,0.000,0.000,0.000,3.337,0.000,0.000,0.481,0.000,33.723,20.052,0.000,0.000,0.000,0.000,0.000,0.000,0.000,0.503,0.025,0.000,0.000,126.334,0.000,0.000,0.000,0.000
1650.0,0,1.126,2.052,0.000,90.414,77.579,9.749,0.000,1.348,121.306,1.348,1.646,2.010,0.000,0.000,0.000,0.001,0.000,0.000,0.000,1.220,6.675,121.308,1.489,2.010,0.000,2.222,0.001,0.000,3.663,0.000,0.998,0.000,0.000,0.000,0.000,0.016,0.000,0.181,0.000,0.041,0.224,0.000,0.370,0.000,0.000,0.000,0.629,0.000,0.000,48.616,0.000,0.411,2.026,0.000,0.000,0.000,0.610,0.000,0.000,0.088,0.000,6.161,3.663,0.000,0.000,0.000,0.000,0.000,0.000,0.000,0.092,0.004,0.000,0.000,90.111,0.000,0.000,0.000,0.000
1658.0,0,0.227,0.414,0.000,18.254,15.663,1.968,0.000,0.272,24.491,0.272,0.332,0.406,0.000,0.000,0.000,0.000,0.000,0.000,0.000,54.753,1.348,24.492,0.301,0.406,0.000,0.449,0.000,0.000,0.740,0.000,0.202,0.000,0.000,0.000,0.000,0.003,0.000,0.037,0.000,0.008,0.045,0.000,0.075,0.000,0.000,0.000,0.127,0.000,0.000,9.815,0.000,0.083,0.409,0.000,0.000,0.000,0.123,0.000,0.000,0.018,0.000,1.244,0.740,0.000,0.000,0.000,0.000,0.000,0.000,0.000,0.019,0.001,0.000,0.000,18.193,0.000,0.000,0.000,0.000
1666.5,0,0.042,0.076,0.000,3.335,2.861,0.360,0.000,0.050,4.474,0.050,0.061,0.074,0.000,0.000,0.000,0.000,0.000,0.000,0.000,10.002,0.246,4.474,0.055,0.074,0.000,0.082,0.000,0.000,0.135,0.000,0.037,0.000,0.000,0.000,6.052,0.001,0.000,0.007,0.000,0.002,0.008,0.000,0.014,0.000,0.000,0.000,0.023,0.000,0.000,1.793,0.000,0.015,0.075,0.000,0.000,0.000,0.022,0.000,0.000,4.331,0.000,0.227,0.135,0.000,0.000,0.000,0.000,0.000,0.000,0.000,0.003,0.000,0.000,0.000,3.324,0.000,0.000,0.000,0.000
1675.0,0,0.008,0.014,0.000,0.609,0.523,0.066,0.000,0.009,0.817,0.009,0.011,0.014,0.000,0.000,0.000,0.000,0.000,0.000,0.000,1.827,0.045,0.817,0.010,0.014,0.000,0.015,0.000,0.000,0.025,0.000,0.007,0.000,0.000,0.000,1.106,0.000,0.000,0.001,0.000,0.000,0.002,0.000,0.002,0.000,0.000,0.000,0.004,0.000,0.000,0.328,0.000,0.003,0.014,0.000,0.000,0.000,0.004,0.000,0.000,0.791,0.000,0.042,0.025,0.000,0.000,0.000,0.000,0.000,0.000,0.000,0.001,0.000,22.734,0.000,0.607,0.000,0.000,0.000,0.000
1683.0,0,230.288,183.386,0.000,0.123,0.106,66.587,0.000,0.002,0.165,0.002,0.002,0.003,0.000,0.000,0.000,0.000,0.000,0.000,0.000,0.369,0.009,0.165,0.002,200.003,0.000,0.003,0.000,0.000,0.005,0.000,0.001,0.000,0.000,0.000,0.223,0.000,0.000,18.294,0.000,0.000,89.866,0.000,0.001,0.000,0.000,0.000,0.001,0.000,0.000,0.066,0.000,0.001,0.003,0.000,0.000,0.000,0.001,0.000,0.000,25.076,0.000,0.008,0.005,0.000,0.000,0.000,0.000,10.511,0.000,0.000,0.000,0.000,4.590,0.000,27.376,0.000,0.000,0.000,11.096
1691.5,0,42.070,33.502,0.000,0.022,0.019,12.164,0.000,54.507,0.030,0.000,40.380,0.000,0.000,0.000,0.000,0.000,0.000,99.317,0.000,0.067,0.002,0.030,66.575,36.537,0.000,66.575,0.000,0.000,54.507,0.000,0.000,0.000,0.000,0.000,0.041,0.000,0.000,3.342,0.000,0.000,16.417,0.000,0.000,0.000,0.000,0.000,0.000,0.000,0.000,0.012,0.000,50.000,90.316,0.000,0.000,0.000,0.000,0.000,0.000,4.581,0.000,0.002,0.001,0.000,0.000,0.000,0.000,1.920,0.000,0.000,0.000,20.000,0.839,0.000,5.001,0.000,0.000,0.000,2.027
1700.0,0,7.685,6.120,0.000,0.004,0.004,2.222,0.000,9.957,0.006,0.000,7.377,0.000,0.000,0.000,0.000,0.000,0.000,18.144,0.000,0.012,0.000,0.006,12.162,6.675,0.000,12.162,0.000,0.000,9.958,0.000,0.000,0.000,0.000,0.000,0.007,0.000,0.000,0.611,0.000,0.000,2.999,0.000,0.000,0.000,0.000,0.000,0.000,12.500,0.000,0.002,0.000,9.134,16.499,0.000,0.000,0.000,0.000,0.000,0.000,0.837,0.000,0.000,0.000,0.000,0.000,21.166,0.000,0.351,0.000,0.000,0.000,3.654,0.153,0.000,0.914,0.000,0.000,0.000,0.370
1708.0,0,1.552,1.236,0.000,0.001,0.001,0.449,0.000,2.010,0.001,0.000,1.489,0.000,0.000,0.000,0.000,0.000,0.000,3.663,0.000,0.002,0.000,0.001,2.455,1.348,0.000,2.455,0.000,0.000,2.010,0.000,0.000,0.000,0.000,0.000,0.002,0.000,0.000,0.123,0.000,0.000,0.606,0.000,0.000,0.000,0.000,0.000,0.000,2.524,0.000,0.000,0.000,1.844,3.331,0.000,0.000,0.000,0.000,0.000,0.000,0.169,0.000,0.000,0.000,0.000,0.000,4.273,0.000,0.071,0.000,0.000,0.000,0.738,0.031,0.000,0.184,0.000,0.000,0.000,0.075
1716.5,0,134.347,0.226,163.746,0.000,0.000,0.082,0.000,0.367,0.000,0.000,0.272,0.000,0.000,0.000,0.000,0.000,0.000,0.669,0.000,0.000,0.000,0.000,0.449,0.246,0.000,0.449,0.000,0.000,0.367,0.000,0.000,0.000,0.000,0.000,0.000,0.000,0.000,0.023,0.000,0.000,0.111,0.000,0.000,0.000,0.000,0.000,0.000,0.461,0.000,0.000,0.000,0.337,0.609,0.000,0.000,0.000,0.000,0.000,0.000,11.796,0.000,0.000,0.000,0.000,0.000,0.781,0.000,0.013,0.000,0.000,0.000,0.135,0.006,0.000,33.321,0.000,0.000,0.000,0.014
1725.0,0,24.543,60.280,29.914,73.576,99.317,0.015,109.762,81.381,0.000,0.000,0.050,0.000,0.000,0.000,0.000,0.000,0.000,0.122,0.000,0.000,0.000,0.000,170.707,99.362,0.000,0.082,0.000,81.314,0.067,0.000,0.000,0.000,0.000,0.000,13.469,0.000,0.000,66.251,0.000,0.000,0.020,0.000,20.218,26.050,0.000,0.000,0.000,0.084,0.000,27.649,0.000,0.062,0.111,0.000,0.000,25.000,0.000,0.000,0.000,10.870,0.000,0.000,0.000,0.000,0.000,0.143,0.000,0.002,0.000,0.000,0.000,0.025,0.001,0.000,6.087,0.000,0.000,0.000,0.002
1733.0,0,4.955,12.170,6.039,14.855,86.626,0.003,22.161,16.431,134.064,0.000,0.010,0.000,0.000,0.000,0.000,0.000,0.000,0.025,0.000,0.000,0.000,0.000,34.465,20.061,0.000,0.017,0.000,16.417,0.014,60.239,0.000,0.000,0.000,0.000,2.719,0.000,0.000,13.376,0.000,0.000,0.004,0.000,22.376,5.259,0.000,0.000,0.000,0.017,0.000,5.582,0.000,0.012,0.022,0.000,0.000,5.047,40.657,0.000,0.000,5.401,0.000,116.691,148.164,13.627,0.000,0.029,0.000,0.000,0.000,0.000,0.000,0.005,0.000,0.000,1.229,0.000,0.000,0.000,0.001
1741.5,0,0.905,2.223,61.342,2.714,15.825,0.001,204.048,3.002,24.491,0.000,0.002,0.000,0.000,0.000,0.000,0.000,0.000,0.005,0.000,0.000,0.000,0.000,6.296,3.665,0.000,0.003,0.000,2.999,0.002,11.005,0.000,0.000,0.000,0.000,0.497,0.000,0.000,2.444,0.000,0.000,0.001,0.000,4.088,0.961,0.000,0.000,0.000,0.003,0.000,1.020,0.000,0.002,27.257,0.000,0.000,0.922,7.427,0.000,0.000,0.987,0.000,21.317,27.067,2.489,0.000,0.005,0.000,0.000,0.000,0.000,0.000,0.001,0.000,0.000,0.225,0.000,0.000,0.000,0.000
1750.0,0,0.165,0.406,11.206,0.496,2.891,0.000,37.276,0.548,4.474,0.000,0.000,0.000,0.000,0.000,0.000,0.000,0.000,0.001,163.746,0.000,0.000,0.000,1.150,0.669,200.000,0.001,0.000,0.548,0.000,2.010,0.000,0.000,0.000,36.587,0.091,0.000,0.000,0.446,0.000,0.000,0.000,0.000,0.747,0.176,0.000,0.000,0.000,0.001,0.000,0.186,0.000,0.000,4.979,0.000,0.000,0.168,1.357,0.000,0.000,0.180,0.000,3.894,4.945,0.455,0.000,0.001,0.000,0.000,0.000,0.000,0.000,0.000,0.000,0.000,0.041,0.000,0.000,0.000,0.000
1758.0,0,0.033,0.082,2.262,0.100,0.584,0.000,7.526,0.111,0.903,0.000,0.000,0.000,0.000,0.000,0.000,0.000,0.000,0.000,33.060,0.000,0.000,0.000,0.232,0.135,40.379,0.000,0.000,0.111,0.000,0.406,0.000,0.000,0.000,7.387,0.018,0.000,0.000,0.090,0.000,0.000,0.000,0.000,0.151,0.035,0.000,0.000,0.000,0.000,0.000,0.038,0.000,0.000,1.005,0.000,0.000,0.034,0.274,0.000,0.000,3.243,0.000,0.786,0.998,0.092,0.000,0.000,0.000,0.000,0.000,0.000,0.000,0.000,0.000,0.000,0.008,0.000,0.000,0.000,0.000
1766.5,0,0.006,0.015,0.413,0.018,0.107,0.000,1.375,0.020,0.165,0.000,0.000,0.000,0.000,0.000,0.000,0.000,0.000,0.000,6.039,0.000,0.000,0.000,0.042,0.025,7.377,0.000,0.000,0.020,0.000,0.074,0.000,0.000,0.000,1.349,0.003,0.000,0.000,0.016,0.000,0.000,0.000,0.000,0.028,0.006,0.000,0.000,0.000,0.000,0.000,0.007,0.000,0.000,0.184,0.000,0.000,0.006,0.050,0.000,0.000,0.592,0.000,0.144,0.182,0.017,0.000,0.000,0.000,0.000,0.000,0.000,0.000,0.000,0.000,0.000,0.002,0.000,0.000,0.000,0.000
1775.0,0,0.001,0.003,0.076,0.003,0.019,0.000,0.251,0.004,0.030,0.000,0.000,0.000,0.000,0.000,0.000,0.000,0.000,0.000,1.103,0.000,0.000,0.000,0.008,0.005,1.348,0.000,0.000,0.004,0.000,0.014,0.000,0.000,0.000,0.247,0.001,0.000,0.000,0.003,0.000,0.000,0.000,0.000,0.005,0.001,0.000,0.000,0.000,0.000,0.000,0.001,0.000,0.000,0.034,20.468,0.000,0.001,0.009,0.000,0.000,0.108,0.000,0.026,0.033,0.003,0.000,0.000,0.000,0.000,0.000,0.000,0.000,0.000,0.000,0.000,0.000,0.000,0.000,0.000,0.000
1783.0,0,0.000,0.001,0.015,0.001,0.004,0.000,0.051,0.001,0.006,0.000,0.000,0.000,0.000,0.000,0.000,0.000,0.000,0.000,0.223,0.000,0.000,0.000,0.002,0.001,0.272,0.000,0.000,0.001,0.000,0.003,0.000,0.000,0.000,0.050,0.000,0.000,0.000,0.001,0.000,0.000,0.000,0.000,0.001,0.000,0.000,0.000,0.000,0.000,0.000,0.000,0.000,0.000,0.007,4.132,0.000,0.000,0.002,0.000,0.000,0.022,0.000,0.005,0.007,0.001,0.000,0.000,0.000,0.000,0.000,0.000,0.000,0.000,0.000,0.000,0.000,0.000,0.000,0.000,0.000
1791.5,0,148.164,180.968,60.242,249.320,0.001,0.000,0.009,0.000,0.001,180.967,0.000,0.000,0.000,0.000,0.000,0.000,0.000,0.000,0.041,200.000,0.000,0.000,0.000,0.000,0.050,0.000,0.000,0.000,0.000,0.000,99.317,0.000,0.000,0.009,0.000,0.000,0.000,12.263,0.000,0.000,127.685,0.000,0.000,0.000,0.000,0.000,0.000,5.082,0.000,0.000,0.000,0.000,0.001,0.755,0.000,0.000,0.000,0.000,0.000,0.004,0.000,0.001,0.001,0.000,0.000,0.000,0.000,0.000,0.000,49.659,0.000,0.000,5.617,0.000,0.000,40.937,0.000,0.000,18.294
1800.0,0,87.306,122.926,11.005,45.547,60.239,73.576,0.002,73.576,0.000,33.060,134.064,0.000,0.000,0.000,0.000,0.000,0.000,0.000,0.007,36.537,134.064,66.574,66.574,134.064,0.009,99.317,0.000,73.576,0.000,89.866,91.720,0.000,0.000,0.002,0.000,0.000,0.000,12.280,0.000,0.000,23.326,0.000,0.000,0.000,0.000,0.000,20.279,0.928,0.000,0.000,0.000,0.000,0.000,0.138,22.637,16.758,74.082,0.000,0.000,12.423,0.000,0.000,0.000,0.000,0.000,0.000,0.000,0.000,0.000,9.072,0.000,0.000,1.026,0.000,0.000,7.478,0.000,0.000,3.342
1808.0,0,17.627,24.818,2.222,9.196,12.162,14.855,0.000,14.855,0.000,6.675,27.067,60.239,0.000,0.000,89.866,0.000,0.000,66.574,0.002,7.377,136.829,13.441,13.441,27.067,0.002,20.052,0.000,14.855,0.000,18.144,18.518,0.000,0.000,0.000,0.000,0.000,0.000,2.479,0.000,0.000,4.709,0.000,0.000,0.000,0.000,0.000,4.094,0.187,0.000,0.000,0.000,0.000,0.000,0.028,4.570,28.383,14.957,0.000,0.000,2.508,0.000,0.000,121.306,0.000,0.000,0.000,0.000,0.000,0.000,1.832,0.000,0.000,0.207,0.000,0.000,1.510,0.000,0.000,0.675
1816.5,0,151.384,4.534,0.406,1.680,2.222,2.714,0.000,2.714,0.000,1.219,4.945,11.005,0.000,0.000,16.417,0.000,0.000,12.162,0.000,1.348,24.996,2.455,2.455,4.945,0.000,3.663,0.000,2.714,0.000,3.315,3.383,0.000,0.000,0.000,0.000,0.000,0.000,35.299,0.000,0.000,0.860,0.000,0.000,0.000,0.000,0.000,0.748,5.116,0.000,0.000,0.000,0.000,27.253,0.005,0.835,14.382,2.732,0.000,0.000,0.458,0.000,0.000,22.161,0.000,0.000,0.000,0.000,0.000,0.000,0.335,0.000,0.000,0.038,0.000,52.432,0.276,0.000,0.000,0.123
1825.0,0,27.655,0.828,109.836,215.045,99.723,0.496,0.000,55.002,0.000,0.223,0.903,2.010,0.000,0.000,2.999,0.000,0.000,2.222,0.000,0.246,4.566,0.449,90.314,0.903,0.000,0.669,0.000,148.659,0.000,0.606,0.618,0.000,0.000,0.000,0.000,0.000,0.000,23.001,0.000,0.000,0.157,0.000,0.000,0.000,0.000,0.000,0.137,0.935,0.000,18.294,0.000,0.000,79.061,0.001,0.153,2.627,0.499,0.000,0.000,0.084,0.000,0.000,4.048,0.000,0.000,0.000,0.000,0.000,0.000,0.061,0.000,0.000,0.007,0.000,9.579,0.050,0.000,0.000,0.023
1833.0,0,5.584,49.487,143.482,43.417,20.134,0.100,66.574,11.105,0.000,44.671,0.182,0.406,0.000,0.000,0.606,0.000,49.319,0.449,0.000,44.676,0.922,109.853,117.551,121.489,0.000,0.135,0.000,30.014,0.000,0.122,134.189,0.000,0.000,0.000,0.000,0.000,0.000,4.644,0.000,0.000,0.032,0.000,0.000,0.000,0.000,0.000,0.028,0.189,0.000,11.131,0.000,0.000,15.962,0.000,0.031,0.530,100.101,0.000,0.000,10.662,0.000,0.000,0.817,0.000,0.000,0.000,0.000,0.000,0.000,0.012,0.000,0.000,0.001,0.000,1.934,0.010,0.000,0.000,0.005
1841.5,0,1.020,9.040,26.212,7.932,3.678,54.525,12.162,2.029,0.000,8.161,0.033,0.074,0.000,0.000,0.111,0.000,9.010,0.082,0.000,8.162,0.168,20.068,21.475,22.194,0.000,0.025,0.000,5.483,0.000,0.022,24.514,0.000,0.000,0.000,0.000,0.000,0.000,0.848,0.000,0.000,0.006,0.000,0.000,0.000,0.000,0.000,0.005,0.034,0.000,2.033,0.000,0.000,2.916,0.000,0.006,24.429,108.771,0.000,0.000,19.786,0.000,128.963,163.895,0.000,0.000,0.000,0.000,0.000,0.000,90.486,0.000,0.000,0.000,0.000,25.013,0.002,0.000,0.000,30.162
1850.0,0,148.350,261.890,4.788,1.449,0.672,9.961,2.222,0.371,0.000,1.491,148.170,0.014,0.000,0.000,0.020,0.000,1.646,0.015,0.000,1.491,0.031,3.666,3.923,4.054,0.000,0.005,0.000,1.002,0.000,0.004,4.478,0.000,0.000,0.000,0.000,0.000,0.000,0.155,0.000,0.000,74.083,0.000,0.000,0.000,0.000,0.000,0.001,0.006,0.000,0.371,0.000,0.000,0.533,0.000,0.001,4.463,19.871,0.000,0.000,3.615,0.000,23.559,29.941,0.000,0.000,0.000,0.000,0.000,0.000,16.530,0.000,0.000,0.000,0.000,4.569,0.000,0.000,0.000,5.510
1858.0,0,129.268,52.875,0.967,81.606,0.136,2.011,0.449,121.381,0.000,164.047,139.677,0.003,0.000,0.000,0.004,0.000,0.332,180.971,0.000,0.301,0.006,0.740,100.109,74.394,0.000,66.575,0.000,0.202,0.000,0.001,0.904,0.000,0.000,0.000,0.000,2.901,0.000,0.031,0.000,0.000,14.957,0.000,0.000,0.000,0.000,29.633,0.000,0.001,0.000,0.075,0.000,0.000,0.108,0.000,0.000,65.082,4.012,0.000,0.000,6.016,0.000,4.757,50.671,0.000,0.000,0.000,0.000,7.046,0.000,3.337,0.000,0.000,0.000,0.000,0.923,0.000,0.000,0.000,1.112
1866.5,0,23.615,9.659,0.177,114.225,0.025,40.747,0.082,22.174,0.000,29.969,25.517,0.000,0.000,0.000,0.001,0.000,0.061,33.060,0.000,121.361,0.001,0.135,18.288,53.970,0.000,12.162,0.000,0.037,0.000,0.000,73.741,0.000,0.000,0.000,0.000,0.530,0.000,0.006,0.000,0.000,2.732,0.000,0.000,0.000,0.000,5.413,40.963,0.000,0.000,0.014,0.000,0.000,40.677,0.000,0.000,11.889,0.733,0.000,0.000,4.305,0.000,0.869,9.257,0.000,0.000,0.000,0.000,1.287,0.000,37.398,0.000,0.000,0.000,0.000,74.250,0.000,0.000,0.000,0.203
1875.0,0,94.180,111.527,148.196,20.867,0.005,7.444,0.015,4.051,0.000,59.981,4.661,0.000,40.379,0.000,0.000,0.000,0.011,6.040,0.000,22.171,0.000,0.025,3.341,9.859,0.000,2.222,0.000,0.007,0.000,0.000,13.471,0.000,0.000,0.000,0.000,0.097,0.000,0.001,0.000,0.000,0.499,0.000,0.000,0.000,0.000,0.989,7.483,0.000,0.000,0.003,0.000,0.000,7.431,0.000,0.000,37.290,0.134,0.000,0.000,11.401,0.000,0.159,1.691,0.000,0.000,0.000,0.000,0.235,0.000,6.832,0.000,0.000,0.000,0.000,13.564,0.000,0.000,0.000,0.037
1883.0,0,19.015,22.517,29.920,4.213,0.001,1.503,89.869,45.444,0.000,12.110,0.941,0.000,8.152,0.000,0.000,0.000,0.002,1.219,0.000,4.476,0.000,0.005,0.675,1.991,0.000,0.449,0.000,0.001,0.000,0.000,2.720,0.000,0.000,0.000,0.000,0.020,0.000,0.000,0.000,0.000,0.101,0.000,0.000,0.000,0.000,0.200,1.511,0.000,0.000,0.001,0.000,0.000,1.500,0.000,0.000,7.529,0.027,0.000,0.000,2.302,0.000,0.032,0.341,0.000,0.000,0.000,0.000,0.047,0.000,1.379,0.000,0.000,0.000,0.000,2.739,0.000,0.000,0.000,0.007
1891.5,0,3.474,4.113,5.466,0.770,0.000,0.275,16.418,8.302,0.000,2.212,0.172,0.000,1.489,0.000,0.000,0.000,0.000,0.223,0.000,0.818,0.000,0.001,0.123,0.364,0.000,0.082,0.000,0.000,0.000,0.000,0.497,0.000,0.000,0.000,0.000,0.004,0.000,0.000,0.000,0.000,0.018,0.000,0.000,0.000,0.000,0.036,0.276,0.000,0.000,0.000,0.000,0.000,0.274,0.000,0.000,1.375,0.005,0.000,0.000,0.421,0.000,0.006,0.062,0.000,0.000,0.000,0.000,0.009,0.000,0.252,0.000,0.000,0.000,0.000,0.500,0.000,0.000,0.000,0.001
1900.0,0,0.635,148.915,0.999,0.141,0.000,0.050,2.999,1.517,0.000,0.404,0.031,0.000,0.272,0.000,0.000,0.000,0.000,0.041,0.000,0.149,0.000,0.000,0.023,0.066,0.000,0.015,0.000,0.000,0.000,0.000,0.091,0.000,0.000,0.000,0.000,0.001,0.000,33.333,0.000,0.000,0.003,0.000,0.000,0.000,0.000,0.007,0.050,2.524,0.000,0.000,0.000,0.000,0.050,0.000,0.000,0.251,0.001,0.000,0.000,11.842,0.000,0.001,0.011,0.000,0.000,0.000,0.000,0.002,0.000,0.046,0.000,0.000,0.000,0.000,0.091,0.000,0.000,0.000,0.000
1908.0,0,166.060,129.383,0.202,89.894,180.967,73.586,0.606,181.274,0.000,0.082,148.170,200.000,0.055,0.000,0.000,0.000,0.000,0.008,0.000,0.030,0.000,0.000,148.168,148.177,0.000,0.003,0.000,0.000,0.000,0.000,0.018,0.000,0.000,0.000,0.000,0.000,0.000,16.770,0.000,0.000,52.433,0.000,0.000,0.000,0.000,0.001,0.010,0.510,0.000,10.040,0.000,0.000,141.124,0.000,0.000,75.051,60.653,0.000,0.000,18.188,0.000,0.000,0.002,0.000,0.000,0.000,0.000,0.000,0.000,0.009,0.000,0.000,8.379,0.000,0.018,0.000,0.000,0.000,9.084
1916.5,0,30.336,23.636,44.663,16.422,154.366,80.017,134.175,33.116,200.000,0.015,27.068,36.537,0.010,0.000,0.000,0.000,109.762,0.002,200.000,0.006,163.746,0.000,27.068,27.070,0.000,40.380,0.000,66.574,89.866,0.000,0.003,0.000,0.000,0.000,0.000,0.000,0.000,19.616,0.000,0.000,9.579,0.000,0.000,0.000,0.000,17.973,0.002,0.093,0.000,1.834,0.000,0.000,25.781,25.000,0.000,13.711,85.162,0.000,0.000,3.323,0.000,44.933,89.866,0.000,0.000,0.000,8.076,0.000,0.000,0.002,0.000,0.000,1.531,0.000,0.003,0.000,0.000,0.000,1.660
1925.0,0,5.542,4.318,8.159,102.317,28.200,14.618,24.511,6.050,36.537,0.003,4.945,6.675,0.002,73.576,0.000,0.000,20.052,0.000,36.537,0.001,29.914,0.000,4.945,4.945,0.000,7.377,0.000,12.162,16.417,0.000,0.001,0.000,0.000,0.000,0.000,0.000,0.000,3.584,0.000,0.000,1.750,0.000,0.000,0.000,0.000,3.283,0.000,0.017,0.000,0.335,0.000,0.000,4.710,4.567,0.000,2.505,15.558,0.000,0.000,0.607,0.000,8.209,16.417,0.000,0.000,0.000,1.475,0.000,0.000,0.000,0.000,0.000,0.280,0.000,0.001,0.000,0.000,0.000,0.303
1933.0,0,1.119,0.872,1.647,20.657,5.694,2.951,4.949,1.221,7.377,0.001,0.998,1.348,0.000,14.855,0.000,0.000,4.048,0.000,7.377,0.000,6.039,0.000,0.998,0.998,0.000,1.489,0.000,2.455,3.315,0.000,0.000,0.000,0.000,0.000,0.000,0.000,0.000,0.724,0.000,0.000,0.353,0.000,0.000,0.000,0.000,0.663,0.000,0.003,0.000,0.068,0.000,0.000,0.951,0.922,0.000,0.506,3.141,0.000,0.000,0.123,0.000,1.657,3.315,0.000,0.000,0.000,0.298,0.000,0.000,0.000,0.000,0.000,4.217,0.000,0.000,0.000,0.000,6.056,0.061
1941.5,0,0.204,0.159,0.301,203.774,1.040,0.539,0.904,0.223,1.348,0.000,0.182,0.246,0.000,2.714,0.000,0.000,0.740,0.000,1.348,0.000,1.103,0.000,0.182,0.182,0.000,0.272,0.000,0.449,0.606,0.000,0.000,0.000,0.000,0.000,0.000,0.000,0.000,0.132,0.000,0.000,0.065,0.000,0.000,0.000,0.000,0.121,0.000,0.001,0.000,0.012,0.000,0.000,127.859,0.168,0.000,0.092,0.574,0.000,0.000,0.022,0.000,0.303,0.606,0.000,0.000,0.000,0.054,0.000,0.000,0.000,0.000,0.000,0.770,0.000,0.000,65.060,0.000,1.106,7.449
1950.0,0,99.354,0.029,0.055,37.226,0.190,0.098,0.165,0.041,0.246,66.574,0.033,0.045,0.000,0.496,0.000,0.000,0.135,0.000,0.246,109.762,0.202,0.000,0.033,0.033,0.000,0.050,0.000,0.082,0.111,0.000,0.000,0.000,0.000,0.000,0.000,0.000,0.000,0.024,0.000,0.000,81.885,0.000,22.344,0.000,0.000,0.022,0.000,0.000,0.000,0.002,0.000,0.000,23.358,0.031,0.000,0.017,0.105,0.000,0.000,0.004,0.000,0.055,0.111,0.000,0.000,0.000,0.010,0.000,0.000,0.000,0.000,0.000,0.141,0.000,0.000,11.885,0.000,0.202,1.361
1958.0,0,93.635,109.768,0.011,7.516,49.358,0.020,0.033,247.550,0.050,13.441,0.007,0.009,0.000,0.100,0.000,0.000,0.027,0.000,0.050,22.161,0.041,81.314,99.324,0.007,180.967,0.010,0.000,109.779,0.022,0.000,66.574,0.000,0.000,0.000,0.000,0.000,0.000,18.299,0.000,0.000,16.532,0.000,4.511,0.000,0.000,0.004,0.000,0.000,0.000,24.694,0.000,0.000,4.716,0.006,0.000,0.003,0.021,0.000,0.000,0.001,0.000,0.011,0.022,0.000,0.000,0.000,0.002,10.511,0.000,0.000,0.000,0.000,6.889,0.000,0.000,60.745,0.000,0.041,12.537
1966.5,0,17.106,20.053,0.002,1.373,9.017,66.578,0.006,45.223,0.009,2.455,0.001,0.002,0.000,0.018,0.000,0.000,0.005,0.000,99.326,4.048,0.007,14.855,18.145,0.001,33.060,0.002,0.000,20.055,0.004,0.000,12.162,0.000,0.000,0.000,0.000,0.000,0.000,12.427,0.000,0.000,3.020,0.000,0.824,0.000,0.000,0.001,0.000,0.000,0.000,4.511,0.000,0.000,25.521,0.001,0.000,0.001,33.291,0.000,0.000,5.286,0.000,0.002,0.004,0.000,0.000,0.000,17.974,16.108,0.000,0.000,0.000,0.000,14.720,0.000,0.000,11.097,0.000,0.007,18.843
1975.0,0,3.125,63.902,0.000,110.013,201.647,12.163,0.001,8.262,0.002,0.449,0.000,0.000,0.000,0.003,0.000,0.000,0.001,0.000,18.145,0.740,44.627,2.714,3.315,0.000,6.039,0.000,0.000,3.664,0.001,0.000,2.222,0.000,0.000,0.000,0.000,0.000,0.000,2.270,0.000,0.000,0.552,0.000,0.151,0.000,0.000,0.000,0.000,0.000,0.000,23.168,0.000,0.000,4.662,0.000,0.000,0.000,6.082,0.000,0.000,0.966,0.000,0.000,121.307,0.000,0.000,0.000,3.283,2.943,0.000,0.000,0.000,0.000,2.689,0.000,0.000,2.027,0.000,0.001,3.442
1983.0,0,0.631,12.902,0.000,22.211,40.712,2.456,0.000,1.668,89.866,89.956,0.000,0.000,0.000,0.001,0.000,0.000,0.000,0.000,3.663,200.149,9.010,110.310,0.669,0.000,1.219,0.000,0.000,0.740,0.000,134.064,0.449,0.000,0.000,0.000,0.000,0.000,0.000,0.458,0.000,0.000,0.111,0.000,0.030,0.000,0.000,0.000,0.000,0.000,0.000,12.115,0.000,0.000,0.941,0.000,0.000,0.000,1.228,0.000,0.000,0.195,0.000,0.000,24.491,0.000,0.000,0.000,0.663,0.594,0.000,0.000,0.000,0.000,0.543,0.000,0.000,0.409,0.000,0.000,0.695
1991.5,0,0.115,2.357,0.000,4.058,7.437,0.449,0.000,0.305,16.417,16.434,0.000,0.000,134.064,0.000,0.000,60.239,0.000,0.000,0.669,36.564,1.646,86.726,0.122,0.000,0.223,0.000,0.000,0.135,0.000,24.491,44.708,0.000,0.000,0.000,0.000,0.000,0.000,27.375,0.000,0.000,74.102,0.000,0.006,0.000,0.000,0.000,12.188,0.000,0.000,2.213,0.000,0.000,0.172,0.000,0.000,0.000,0.224,0.000,0.000,0.036,0.000,0.000,4.474,0.000,0.000,0.000,0.121,0.109,0.000,0.000,0.000,0.000,0.099,0.000,0.000,0.075,0.000,5.480,0.127
2000.0,0,200.021,0.431,0.000,0.741,1.359,0.082,0.000,0.056,2.999,3.002,0.000,0.000,24.491,0.000,0.000,11.005,0.000,0.000,0.122,6.680,0.301,15.843,0.022,0.000,0.041,0.000,0.000,0.025,0.000,4.474,8.167,0.000,0.000,0.000,0.000,0.000,0.000,5.001,0.000,0.000,13.537,0.000,0.001,0.000,0.000,0.000,2.226,0.000,0.000,0.404,0.000,0.000,0.031,0.000,0.000,0.000,0.041,0.000,0.000,0.007,0.000,0.000,0.817,0.000,0.000,0.000,0.022,0.020,0.000,0.000,0.000,0.000,0.018,0.000,0.000,0.014,0.000,20.971,0.023
2008.0,0,40.384,0.087,0.000,0.150,0.274,99.334,0.000,0.011,0.606,0.606,0.000,0.000,4.945,0.000,0.000,2.222,0.000,0.000,0.025,1.349,0.061,3.199,0.005,0.000,0.008,0.000,0.000,0.005,0.000,0.903,1.649,0.000,0.000,0.000,0.000,0.000,0.000,1.010,0.000,11.157,2.733,0.000,0.000,0.000,0.000,0.000,0.450,0.000,0.000,0.082,0.000,0.000,0.006,0.000,0.000,0.000,0.008,0.000,0.000,0.001,0.000,0.000,0.165,0.000,0.000,0.000,0.004,0.004,0.000,0.000,0.000,0.000,3.086,0.000,0.000,31.706,0.000,4.234,11.100
2016.5,0,88.691,0.016,0.000,0.027,0.050,18.147,0.000,73.578,0.111,0.111,0.000,0.000,0.903,0.000,0.000,0.406,0.000,0.000,0.005,0.246,0.011,0.584,134.065,0.000,0.002,0.000,0.000,180.968,0.000,0.165,0.301,0.000,0.000,0.000,0.000,0.000,0.000,27.475,0.000,2.038,0.499,0.000,0.000,0.000,0.000,0.000,0.082,0.000,0.000,14.993,0.000,0.000,0.001,0.000,0.000,0.000,0.002,0.000,0.000,0.000,0.000,0.000,0.030,0.000,0.000,0.000,0.001,0.001,0.000,0.000,0.000,0.000,0.564,0.000,0.000,5.792,0.000,0.773,2.028
2025.0,0,16.202,73.579,73.576,60.244,0.009,3.315,0.000,67.948,0.020,0.020,0.000,0.000,0.165,0.000,0.000,0.074,163.746,0.000,0.001,0.045,0.002,0.107,145.798,0.000,0.000,0.000,0.000,33.060,0.000,0.030,0.055,0.000,0.000,0.000,0.000,0.000,0.000,23.313,0.000,0.372,0.091,0.000,0.000,6.813,0.000,0.000,0.015,0.000,0.000,2.739,0.000,0.000,90.484,0.000,0.000,0.000,0.000,0.000,0.000,0.000,0.000,0.000,0.006,0.000,0.000,0.000,0.000,0.000,0.000,0.000,0.000,0.000,15.392,0.000,0.000,46.300,0.000,0.141,0.370
2033.0,0,3.271,14.855,14.855,111.480,0.002,0.669,0.000,13.718,0.004,73.580,0.000,0.000,0.033,0.000,0.000,0.015,33.060,0.000,0.000,0.009,0.000,0.022,29.436,0.000,0.000,0.000,0.000,6.675,0.000,0.006,0.011,0.000,0.000,0.000,0.000,0.000,0.000,4.707,0.000,0.075,0.018,0.000,0.000,1.376,30.119,0.000,0.003,0.000,0.000,39.450,0.000,0.000,18.268,0.000,0.000,0.000,0.000,0.000,0.000,0.000,0.000,0.000,0.001,0.000,0.000,0.000,0.000,0.000,0.000,0.000,0.000,0.000,3.108,0.000,0.000,9.348,0.000,0.029,12.337
2041.5,0,0.598,2.714,2.714,20.366,0.000,0.122,0.000,2.506,0.001,13.442,0.000,0.000,0.006,0.000,0.000,0.003,6.039,0.000,0.000,0.002,0.000,0.004,5.377,0.000,0.000,0.000,0.000,1.219,0.000,0.001,0.002,0.000,0.000,0.000,0.000,0.000,0.000,0.860,0.000,0.014,0.003,0.000,0.000,0.251,5.502,0.000,0.001,0.000,0.000,7.207,0.000,0.000,3.337,0.000,0.000,0.000,0.000,0.000,0.000,5.842,0.000,0.000,0.000,0.000,0.000,0.000,0.000,0.000,0.000,0.000,0.000,0.000,0.568,0.000,0.000,1.708,0.000,9.990,2.254
2050.0,0,0.109,0.496,0.496,3.720,0.000,0.022,0.000,0.458,0.000,2.456,0.000,0.000,0.001,0.000,0.000,0.000,1.103,0.000,0.000,0.000,0.000,0.001,0.982,0.000,0.000,0.000,0.000,0.223,0.000,0.000,0.000,0.000,0.000,0.000,0.000,0.000,0.000,9.241,0.000,0.003,0.001,0.000,0.000,0.046,1.005,0.000,0.000,0.000,0.000,1.317,0.000,0.000,0.610,0.000,0.000,0.000,0.000,0.000,0.000,4.611,0.000,0.000,0.000,0.000,0.000,0.000,0.000,0.000,0.000,0.000,0.000,0.000,0.104,0.000,0.000,0.312,0.000,1.825,30.573
2058.0,0,0.022,0.100,0.100,0.751,0.000,0.005,0.000,0.092,0.000,0.496,0.000,0.000,0.000,0.000,0.000,0.000,0.223,0.000,0.000,0.000,0.000,0.000,0.198,0.000,0.000,0.000,0.000,0.045,0.000,0.000,0.000,0.000,0.000,0.000,0.000,0.000,0.000,1.866,0.000,0.001,24.660,0.000,0.000,0.009,0.203,0.000,0.000,0.000,0.000,0.266,0.000,0.000,0.123,0.000,0.000,0.000,0.000,0.000,0.000,3.832,0.000,0.000,0.000,0.000,0.000,0.000,0.000,0.000,0.000,0.000,0.000,0.000,0.021,0.000,0.000,27.504,0.000,0.368,13.610
2066.5,0,0.004,0.018,0.018,0.137,0.000,0.001,0.000,0.017,0.000,0.091,0.000,0.000,0.000,0.000,0.000,0.000,0.041,0.000,0.000,0.000,0.000,0.000,0.036,0.000,0.000,0.000,0.000,0.008,0.000,0.000,0.000,0.000,0.000,0.000,0.000,0.000,0.000,0.341,0.000,0.000,4.505,0.000,0.000,0.002,0.037,0.000,0.000,0.000,0.000,0.049,0.000,24.829,128.985,0.000,0.000,0.000,0.000,0.000,0.000,0.700,0.000,0.000,0.000,0.000,0.000,17.329,0.000,0.000,0.000,0.000,0.000,0.000,0.004,0.000,0.000,5.024,0.000,0.067,2.486
2075.0,0,0.001,0.003,0.003,0.025,0.000,0.000,0.000,0.003,0.000,0.017,0.000,0.000,0.000,0.000,0.000,0.000,0.007,0.000,0.000,0.000,0.000,0.000,0.007,0.000,0.000,0.000,0.000,0.002,0.000,0.000,0.000,0.000,0.000,0.000,0.000,0.000,0.000,0.062,0.000,0.000,0.823,0.000,0.000,0.000,0.007,0.000,0.000,0.000,0.000,0.009,0.000,4.536,23.564,0.000,0.000,0.000,0.000,0.000,0.000,0.128,0.000,0.000,0.000,0.000,0.000,3.166,0.000,0.000,0.000,0.000,0.000,0.000,0.001,0.000,0.000,0.918,0.000,0.012,0.454
2083.0,0,200.000,0.001,0.001,0.005,0.000,0.000,0.000,0.001,0.000,0.003,0.000,0.000,0.000,0.000,0.000,0.000,0.002,0.000,0.000,0.000,0.000,0.000,0.001,0.000,0.000,0.000,0.000,0.000,0.000,0.000,0.000,0.000,0.000,0.000,0.000,0.000,0.000,0.013,0.000,18.394,0.166,0.000,0.000,0.000,0.001,0.000,0.000,0.000,0.000,0.002,0.000,0.916,4.757,0.000,0.000,0.000,0.000,0.000,0.000,0.026,0.000,0.000,0.000,0.000,0.000,0.639,0.000,0.000,0.000,0.000,0.000,0.000,0.000,0.000,0.000,13.812,0.000,0.002,9.176
2091.5,0,170.601,134.064,0.000,0.001,0.000,180.967,0.000,0.000,0.000,0.001,0.000,0.000,0.000,0.000,0.000,0.000,0.000,0.000,0.000,0.000,0.000,0.000,0.000,0.000,0.000,0.000,0.000,0.000,0.000,0.000,0.000,0.000,0.000,0.000,0.000,0.000,0.000,33.336,0.000,3.360,0.030,0.000,0.000,0.000,0.000,0.000,0.000,0.000,0.000,0.000,0.000,0.167,0.869,0.000,0.000,0.000,0.000,0.000,0.000,0.005,0.000,0.000,0.000,0.000,0.000,0.117,0.000,0.000,0.000,0.000,0.000,0.000,3.407,0.000,0.000,73.786,0.000,0.000,13.939
2100.0,0,85.672,84.730,121.306,99.317,99.317,167.124,0.000,161.685,0.000,0.000,134.064,148.164,0.000,0.000,0.000,0.000,180.968,0.000,0.000,0.000,0.000,0.000,164.269,0.000,0.000,0.000,0.000,66.574,200.000,0.000,0.000,0.000,0.000,0.000,0.000,0.000,0.000,13.528,0.000,0.614,20.195,0.000,0.000,0.000,0.000,0.000,16.452,0.000,0.000,0.000,0.000,0.031,0.159,47.621,0.000,0.000,36.788,0.000,0.000,11.358,0.000,0.000,0.000,0.000,0.000,22.148,59.562,9.511,0.000,0.000,0.000,0.000,7.866,0.000,0.000,13.480,0.000,0.000,2.546
2108.0,0,17.297,17.107,24.491,20.052,20.052,33.742,0.000,32.644,148.164,0.000,27.067,29.914,0.000,0.000,0.000,0.000,36.537,0.000,0.000,0.000,73.576,54.506,33.165,0.000,0.000,0.000,66.574,13.441,40.379,44.626,0.000,0.000,0.000,0.000,0.000,0.000,0.000,45.293,0.000,0.124,4.077,0.000,0.000,0.000,0.000,0.000,3.322,5.082,0.000,0.000,0.000,0.006,0.032,9.615,0.000,0.000,7.427,0.000,0.000,2.293,0.000,81.873,121.306,0.000,0.000,4.472,12.025,1.920,0.000,0.000,0.000,0.000,1.588,0.000,0.000,2.721,0.000,0.000,0.514
2116.5,0,3.160,3.125,4.474,3.663,3.663,6.164,0.000,5.963,27.067,0.000,4.945,5.465,0.000,0.000,0.000,0.000,6.675,0.000,0.000,0.000,123.203,9.957,6.059,0.000,0.000,0.000,12.162,2.455,7.377,8.152,0.000,0.000,0.000,0.000,0.000,0.000,0.000,8.274,0.000,0.023,0.745,0.000,0.000,0.000,0.000,0.000,0.607,0.928,0.000,0.000,0.000,0.001,0.006,1.756,0.000,0.000,1.357,0.000,0.000,0.419,0.000,14.957,22.161,0.000,0.000,0.817,2.197,0.351,0.000,0.000,0.000,0.000,0.290,0.000,0.000,0.497,0.000,0.000,0.094
2125.0,0,0.577,0.571,0.817,0.669,181.637,1.126,0.000,1.089,4.945,0.000,0.903,0.998,0.000,0.000,0.000,0.000,1.219,0.000,0.000,0.000,22.507,1.819,1.107,0.000,0.000,0.000,2.222,0.449,1.348,1.489,0.000,0.000,0.000,0.000,0.000,0.000,0.000,1.512,0.000,0.004,0.136,0.000,0.000,0.000,0.000,0.000,0.111,0.170,0.000,0.000,0.000,0.000,0.001,0.321,0.000,0.000,0.248,0.000,0.000,0.077,0.000,2.732,4.048,0.000,0.000,0.149,0.401,0.064,0.000,0.000,0.000,0.000,0.053,0.000,0.000,0.091,0.000,0.000,0.017
2133.0,0,0.117,0.115,0.165,163.881,36.672,0.227,0.000,0.220,0.998,0.000,0.182,0.202,0.000,0.000,0.000,89.866,0.246,0.000,0.000,0.000,4.544,0.367,0.223,0.000,0.000,0.000,0.449,0.091,0.272,0.301,0.000,0.000,0.000,0.000,0.000,0.000,0.000,0.305,0.000,0.001,0.027,0.000,0.000,0.000,0.000,0.000,0.022,0.034,0.000,0.000,0.000,0.000,0.000,0.065,0.000,0.000,0.050,0.000,0.000,0.015,0.000,0.552,0.817,0.000,0.000,0.030,0.081,0.013,0.000,0.000,0.000,0.000,0.011,0.000,0.000,0.018,0.000,0.000,0.003
2141.5,0,0.021,0.021,0.030,29.938,6.699,0.042,0.000,0.040,0.182,0.000,0.033,0.037,0.000,0.000,0.000,16.417,0.045,0.000,0.000,66.574,0.830,0.067,0.041,0.000,0.000,0.000,0.082,0.017,0.050,0.055,0.000,0.000,0.000,0.000,0.000,0.000,0.000,0.056,0.000,0.000,0.005,0.000,0.000,0.000,0.000,0.000,0.004,0.006,0.000,0.000,0.000,0.000,0.000,0.012,0.000,0.000,0.009,0.000,0.000,0.003,0.000,0.101,0.149,0.000,0.000,0.006,0.015,0.002,0.000,0.000,0.000,0.000,0.002,0.000,0.000,0.003,0.000,0.000,0.001
2150.0,0,0.004,0.004,0.006,5.469,1.224,0.008,0.000,0.007,0.033,0.000,0.006,0.007,0.000,0.000,0.000,2.999,0.008,0.000,0.000,12.162,0.152,0.012,0.007,0.000,0.000,0.000,0.015,0.003,0.009,0.010,0.000,0.000,0.000,0.000,0.000,0.000,0.000,0.010,0.000,0.000,0.001,0.000,0.000,0.000,0.000,0.000,0.001,0.001,0.000,0.000,0.000,0.000,0.000,0.002,0.000,0.000,0.002,0.000,0.000,0.001,0.000,0.018,0.027,0.000,0.000,0.001,0.003,0.000,0.000,0.000,0.000,0.000,0.000,0.000,0.000,0.001,0.000,0.000,0.000
2158.0,0,163.747,180.968,0.001,1.104,0.247,0.002,0.000,0.001,0.007,0.000,0.001,0.001,0.000,0.000,0.000,0.606,0.002,0.000,0.000,2.455,0.031,0.002,0.002,0.000,0.000,0.000,0.003,0.001,0.002,0.002,0.000,0.000,0.000,0.000,0.000,0.000,0.000,27.293,0.000,0.000,0.000,0.000,0.000,0.000,0.000,0.000,0.000,0.000,0.000,0.000,0.000,0.000,0.000,0.000,0.000,0.000,0.000,0.000,0.000,11.765,0.000,0.004,0.006,0.000,0.000,0.000,0.001,0.000,0.000,0.000,0.000,0.000,12.500,0.000,0.000,0.000,0.000,0.000,0.000
2166.5,0,96.488,106.636,0.000,0.202,0.045,221.347,0.000,109.763,0.001,0.000,121.306,121.306,0.000,0.000,0.000,0.111,0.000,0.000,0.000,0.449,180.973,0.000,163.746,109.762,0.000,148.164,0.001,0.000,180.968,0.000,0.000,0.000,0.000,0.000,0.000,0.000,0.000,17.249,0.000,0.000,70.776,0.000,0.000,0.000,0.000,0.000,0.000,0.000,0.000,33.333,0.000,0.000,0.000,0.000,0.000,43.089,36.788,0.000,0.000,10.969,0.000,0.001,0.001,0.000,0.000,0.000,0.000,19.152,0.000,49.659,0.000,0.000,4.807,0.000,22.313,0.000,0.000,0.000,8.220
2175.0,0,17.627,19.481,0.000,0.037,89.874,40.436,0.000,20.052,0.000,0.000,22.161,22.161,0.000,0.000,0.000,0.020,0.000,148.164,0.000,0.082,122.927,0.000,29.914,20.052,0.000,27.067,0.000,0.000,33.060,0.000,0.000,0.000,0.000,0.000,0.000,0.000,0.000,3.151,0.000,0.000,12.930,0.000,0.000,14.487,0.000,0.000,0.000,5.082,0.000,6.089,0.000,72.466,60.653,0.000,0.000,7.872,6.721,0.000,0.000,2.004,0.000,0.000,0.000,0.000,0.000,0.000,0.000,3.499,0.000,9.072,0.000,0.000,0.878,0.000,4.076,0.000,0.000,0.000,1.502
2183.0,0,3.559,3.933,0.000,0.007,18.145,8.164,0.000,4.048,0.000,0.000,4.474,4.474,0.000,0.000,0.000,0.004,0.000,29.914,0.000,0.017,24.818,0.000,6.039,4.048,0.000,5.465,0.000,0.000,6.675,0.000,0.000,0.000,0.000,0.000,0.000,0.000,0.000,0.636,0.000,0.000,2.610,0.000,0.000,2.925,0.000,0.000,0.000,5.625,0.000,1.229,0.000,14.631,12.246,0.000,0.000,1.589,1.357,0.000,0.000,0.405,0.000,0.000,0.000,0.000,0.000,0.000,0.000,0.706,0.000,1.832,0.000,0.000,0.177,0.000,0.823,0.000,0.000,0.000,0.303
2191.5,0,0.650,0.719,0.000,0.001,3.315,1.491,0.000,0.740,0.000,0.000,0.817,0.817,0.000,0.000,0.000,0.001,0.000,5.465,0.000,0.003,4.534,0.000,1.103,0.740,0.000,0.998,0.000,0.000,1.219,0.000,0.000,0.000,0.000,0.000,0.000,0.000,0.000,0.116,0.000,0.000,0.477,0.000,0.000,0.534,0.000,0.000,0.000,1.028,0.000,0.225,0.000,52.673,22.427,0.000,0.000,0.290,0.248,0.000,0.000,0.074,0.000,0.000,0.000,0.000,0.000,0.000,0.000,0.129,0.000,0.335,0.000,0.000,0.032,0.000,0.150,0.000,0.000,0.000,0.055
2200.0,0,194.422,99.448,0.000,0.000,0.606,121.579,0.000,0.135,0.000,0.000,0.149,0.149,0.000,0.000,0.000,0.000,0.000,0.998,0.000,0.001,0.828,0.000,0.202,0.135,0.000,0.182,0.000,0.000,0.223,0.000,0.000,0.000,0.000,0.000,0.000,0.000,0.000,27.312,0.000,0.000,0.087,0.000,0.000,0.098,0.000,0.000,0.000,0.188,0.000,0.041,0.000,9.622,4.097,0.000,0.000,0.053,100.045,0.000,0.000,29.923,0.000,33.287,0.000,0.000,0.000,0.000,0.000,0.024,0.000,0.061,0.000,0.000,0.006,0.000,49.686,0.000,0.000,0.000,0.010
2208.0,0,99.492,74.585,0.000,0.000,0.122,24.546,0.000,197.510,0.000,0.000,89.896,60.269,0.000,0.000,0.000,0.000,0.000,0.202,0.000,0.000,109.930,0.000,188.611,89.893,0.000,0.037,0.000,81.314,0.045,0.000,0.000,0.000,0.000,0.000,14.886,0.000,0.000,5.514,0.000,0.000,0.018,0.000,0.000,25.020,0.000,0.000,0.000,0.038,0.000,0.008,0.000,1.943,0.827,22.621,0.000,0.011,20.199,0.000,0.000,8.666,0.000,106.721,163.746,0.000,0.000,0.000,0.000,14.193,0.000,0.012,0.000,0.000,0.001,0.000,10.031,0.000,0.000,0.000,0.002
2216.5,0,18.176,13.625,0.000,0.000,0.022,4.484,0.000,36.082,0.000,0.000,16.423,11.010,0.000,0.000,0.000,0.000,0.000,0.037,0.000,0.000,69.402,0.000,34.456,16.422,0.000,0.007,0.000,14.855,0.008,0.000,0.000,0.000,0.000,0.000,2.719,0.000,0.000,1.007,0.000,0.000,0.003,0.000,0.000,16.985,0.000,0.000,0.000,9.267,0.000,0.002,0.000,0.355,0.151,4.132,0.000,0.002,3.690,0.000,0.000,1.583,0.000,19.496,29.914,0.000,0.000,0.000,0.000,2.593,0.000,0.002,0.000,0.000,0.000,0.000,1.833,0.000,0.000,0.000,0.000
2225.0,0,3.320,2.489,0.000,0.000,109.766,0.819,0.000,6.592,0.000,0.000,3.000,2.011,0.000,0.000,0.000,0.000,0.000,0.007,0.000,0.000,12.679,0.000,6.295,3.000,0.000,0.001,0.000,2.714,0.002,0.000,0.000,0.000,0.000,0.000,0.497,0.000,0.000,0.184,0.000,0.000,0.001,0.000,0.000,3.103,0.000,0.000,0.000,1.693,0.000,0.000,0.000,0.065,100.028,0.755,0.000,0.000,0.674,0.000,0.000,0.289,0.000,3.562,5.465,0.000,0.000,0.000,0.000,0.474,0.000,0.000,0.000,0.000,0.000,0.000,0.335,0.000,0.000,0.000,0.000
2233.0,0,0.670,0.503,0.000,0.000,22.161,0.165,0.000,1.331,0.000,0.000,0.606,0.406,0.000,0.000,0.000,0.000,0.000,0.001,0.000,0.000,2.560,66.574,1.271,0.606,0.000,0.000,0.000,0.548,0.000,0.000,0.000,0.000,0.000,0.000,0.100,0.000,0.000,0.037,0.000,0.000,0.000,0.000,0.000,0.626,0.000,0.000,0.000,0.342,0.000,0.000,0.000,0.013,42.508,0.152,0.000,0.000,0.136,0.000,0.000,0.058,0.000,0.719,1.103,0.000,0.000,0.000,0.000,0.096,0.000,0.000,0.000,0.000,0.000,0.000,0.068,0.000,0.000,0.000,0.000
2241.5,0,0.122,0.092,0.000,0.000,4.049,0.030,0.000,0.243,0.000,0.000,0.111,0.074,0.000,0.000,0.000,0.000,0.000,0.000,0.000,0.000,0.468,12.162,0.232,0.111,0.000,0.000,0.000,0.100,0.000,0.000,0.000,0.000,0.000,0.000,0.018,0.000,0.000,0.007,0.000,0.000,0.000,0.000,0.000,0.114,0.000,0.000,0.000,0.062,0.000,0.000,0.000,0.002,7.766,0.028,0.000,0.000,0.025,0.000,0.000,0.011,0.000,0.131,0.202,0.000,0.000,0.000,0.000,0.017,0.000,0.000,0.000,0.000,0.000,0.000,0.012,0.000,0.000,0.000,0.000
2250.0,0,81.336,54.523,0.000,0.000,0.740,99.323,0.000,0.044,0.000,0.000,0.020,0.014,0.000,0.000,0.000,0.000,0.000,0.000,0.000,0.000,0.085,2.222,0.042,0.020,0.000,0.000,0.000,0.018,0.000,0.000,0.000,0.000,0.000,0.000,0.003,0.000,0.000,0.001,0.000,0.000,74.082,0.000,0.000,0.021,0.000,0.000,0.000,6.219,0.000,0.000,0.000,0.000,1.419,0.005,0.000,0.000,0.005,0.000,0.000,10.647,0.000,0.024,0.037,0.000,0.000,0.000,0.000,0.003,0.000,81.873,0.000,0.000,7.871,0.000,0.002,86.178,0.000,0.000,47.509
2258.0,0,70.928,100.874,0.000,0.000,0.149,20.053,0.000,81.323,0.000,0.000,0.004,0.003,0.000,0.000,0.000,0.000,0.000,0.000,0.000,0.000,0.017,0.449,89.874,73.580,0.000,0.000,0.000,0.004,0.000,0.000,0.000,0.000,0.000,0.000,0.001,0.000,0.000,19.124,0.000,0.000,39.617,0.000,0.000,40.941,0.000,0.000,0.000,1.256,0.000,27.291,0.000,0.000,0.286,0.001,0.000,0.000,0.001,0.000,0.000,2.150,0.000,0.005,0.007,0.000,0.000,0.000,0.000,0.001,0.000,16.530,0.000,0.000,1.589,0.000,0.000,17.399,0.000,0.000,9.592
2266.5,0,12.957,18.428,0.000,0.000,0.027,3.663,0.000,14.856,0.000,0.000,40.380,0.000,0.000,0.000,0.000,0.000,0.000,0.000,0.000,0.000,0.003,0.082,16.419,13.442,0.000,0.000,0.000,0.001,0.000,0.000,0.000,0.000,0.000,0.000,0.000,0.000,0.000,3.494,0.000,0.000,7.237,0.000,0.000,7.479,0.000,0.000,0.000,0.229,0.000,4.986,0.000,0.000,104.592,15.163,0.000,0.000,0.000,0.000,0.000,0.393,0.000,0.001,0.001,0.000,0.000,0.000,14.715,0.000,0.000,3.020,0.000,0.000,0.290,0.000,0.000,3.179,0.000,0.000,1.752
2275.0,0,2.367,3.366,0.000,0.000,208.377,0.669,0.000,2.714,163.746,0.000,7.377,0.000,0.000,0.000,0.000,0.000,0.000,0.000,0.000,0.000,0.001,0.015,2.999,2.456,0.000,0.000,0.000,0.000,0.000,0.000,0.000,0.000,0.000,0.000,0.000,0.000,0.000,0.638,0.000,0.000,1.322,0.000,0.000,1.366,0.000,0.000,0.000,0.042,0.000,0.911,0.000,0.000,19.107,2.770,0.000,0.000,0.000,0.000,0.000,0.072,0.000,0.000,0.000,0.000,0.000,0.000,2.688,0.000,0.000,0.552,0.000,0.000,0.053,0.000,0.000,50.581,0.000,0.000,0.320
2283.0,0,148.642,0.680,0.000,0.000,42.071,0.135,0.000,0.548,33.060,0.000,1.489,0.000,0.000,0.000,0.000,0.000,0.000,0.000,0.000,0.000,0.000,0.003,0.606,0.496,0.000,0.000,0.000,0.000,0.000,60.239,0.000,0.000,0.000,0.000,0.000,0.000,0.000,0.129,0.000,12.330,0.267,0.000,0.000,0.276,0.000,0.000,0.000,0.008,0.000,0.184,0.000,33.516,44.515,0.559,0.000,0.000,0.000,0.000,0.000,0.014,0.000,0.000,0.000,0.000,0.000,0.000,0.543,0.000,0.000,0.111,0.000,0.000,0.011,0.000,0.000,111.096,0.000,0.000,0.065
2291.5,0,126.471,192.914,0.000,0.000,7.686,66.599,0.000,148.264,6.039,0.000,0.272,0.000,0.000,0.000,0.000,148.164,0.000,0.000,0.000,0.000,0.000,0.001,200.111,200.091,0.000,0.000,66.574,0.000,0.000,11.005,0.000,0.000,0.000,0.000,0.000,0.000,0.000,18.317,0.000,2.252,81.922,0.000,0.000,0.050,0.000,0.000,0.000,0.002,0.000,0.034,0.000,6.123,108.132,0.102,0.000,0.000,0.000,0.000,0.000,14.976,0.000,27.253,0.000,0.000,0.000,0.000,0.099,0.000,0.000,0.020,0.000,0.000,0.002,0.000,0.000,67.438,0.000,0.000,10.052
2300.0,0,23.104,35.242,0.000,44.626,1.404,12.167,0.000,27.085,1.103,0.000,60.289,60.239,0.000,0.000,60.239,27.067,0.000,0.000,0.000,0.000,49.319,0.000,36.557,36.553,0.000,0.000,12.162,49.319,0.000,2.010,0.000,0.000,0.000,0.000,0.000,0.000,0.000,3.346,0.000,0.411,14.966,0.000,0.000,15.172,0.000,0.000,0.000,2.524,0.000,13.558,0.000,1.119,80.407,0.019,0.000,0.000,0.000,0.000,0.000,2.736,0.000,32.232,49.319,0.000,0.000,0.000,21.971,0.000,0.000,0.004,0.000,0.000,0.000,0.000,0.000,12.320,0.000,0.000,1.836
2308.0,0,4.665,7.115,44.626,9.010,0.283,2.456,0.000,5.468,0.223,0.000,12.172,12.162,0.000,0.000,12.162,5.465,0.000,89.866,0.000,0.000,9.957,0.000,7.381,7.380,0.000,0.000,2.455,9.957,0.000,0.406,0.000,0.000,0.000,0.000,0.000,0.000,0.000,0.676,0.000,0.083,3.022,0.000,0.000,3.063,0.000,0.000,0.000,0.510,0.000,2.737,0.000,0.226,43.487,0.004,0.000,0.000,0.000,0.000,0.000,0.552,0.000,6.508,119.720,0.000,0.000,0.000,4.436,0.000,0.000,0.001,0.000,0.000,0.000,0.000,0.000,2.487,0.000,0.000,0.371
2316.5,0,0.852,1.300,8.152,1.646,0.052,0.449,0.000,0.999,0.041,0.000,2.224,2.222,0.000,0.000,2.222,0.998,0.000,16.417,0.000,0.000,1.819,0.000,1.348,1.348,0.000,0.000,0.449,1.819,0.000,0.074,0.000,0.000,0.000,0.000,0.000,0.000,0.000,0.123,0.000,0.015,0.552,0.000,0.000,0.560,0.000,0.000,0.000,0.093,0.000,0.500,0.000,0.041,7.944,0.001,0.000,0.000,0.000,0.000,0.000,0.101,0.000,1.189,21.871,0.000,0.000,0.000,0.810,0.000,0.000,0.000,0.000,0.000,0.000,0.000,0.000,0.454,0.000,0.000,0.068
2325.0,0,54.662,73.813,1.489,0.301,0.009,73.658,0.000,0.182,0.007,0.000,0.406,0.406,0.000,0.000,0.406,0.182,0.000,2.999,0.000,0.000,0.332,0.000,99.563,0.246,0.000,0.000,0.082,0.332,0.000,0.014,0.000,0.000,0.000,0.000,0.000,0.000,0.000,28.356,0.000,0.003,49.759,0.000,20.218,0.102,0.000,0.000,0.000,0.017,0.000,0.091,0.000,0.008,1.451,0.000,0.000,10.164,49.659,0.000,0.000,0.018,0.000,0.217,3.995,0.000,0.000,0.000,0.148,0.000,0.000,0.000,0.000,0.000,0.000,0.000,0.000,0.083,0.000,0.000,0.012
2333.0,0,11.036,14.903,0.301,0.061,163.748,14.871,0.000,0.037,0.002,0.000,0.082,0.082,0.000,0.000,0.082,0.037,0.000,0.606,0.000,0.000,0.067,0.000,20.102,89.916,0.000,0.000,0.017,0.067,0.000,0.003,0.000,0.000,0.000,0.000,0.000,0.000,0.000,5.725,0.000,0.001,10.046,0.000,4.082,0.021,0.000,0.000,0.000,0.003,0.000,0.018,0.000,40.938,121.599,0.000,0.000,2.052,10.026,0.000,0.000,0.004,0.000,0.044,0.807,0.000,0.000,0.000,0.030,0.000,0.000,0.000,0.000,0.000,0.000,0.000,0.000,0.017,0.000,0.000,0.002
2341.5,0,2.016,2.722,49.374,89.877,111.228,2.717,109.762,0.007,148.164,0.000,0.015,0.015,0.000,0.000,0.015,0.007,0.000,0.111,0.000,0.000,0.012,208.402,3.672,16.426,0.000,0.000,148.167,0.012,0.000,81.314,0.000,0.000,0.000,0.000,0.000,0.000,0.000,1.046,0.000,0.000,1.835,0.000,0.746,0.004,0.000,0.000,0.000,14.000,0.000,0.003,0.000,51.432,67.147,22.621,0.000,0.375,1.832,0.000,0.000,0.001,0.000,0.008,0.147,0.000,0.000,0.000,0.005,0.000,0.000,0.000,0.000,0.000,0.000,0.000,0.000,0.003,0.000,0.000,13.553
2350.0,0,0.368,0.497,9.020,16.419,20.320,0.496,20.052,0.001,27.067,0.000,0.003,0.003,0.000,0.000,0.003,0.001,0.000,0.020,0.000,0.000,0.002,38.072,0.671,3.001,0.000,0.000,27.068,0.002,0.000,14.855,0.000,0.000,0.000,0.000,0.000,0.000,0.000,0.191,0.000,0.000,140.478,0.000,0.136,0.001,0.000,0.000,0.000,2.558,0.000,0.001,0.000,9.396,12.267,4.132,0.000,0.068,0.335,0.000,0.000,0.000,0.000,0.001,0.027,0.000,0.000,0.000,0.001,0.000,0.000,0.000,0.000,0.000,3.765,0.000,0.000,0.001,0.000,0.000,29.767
2358.0,0,0.074,73.676,1.821,3.315,4.102,0.100,4.048,0.000,5.465,0.000,0.001,0.001,0.000,0.000,0.001,0.000,0.000,0.004,0.000,0.000,0.000,7.687,0.135,0.606,0.000,0.000,5.465,0.000,0.000,2.999,0.000,0.000,0.000,0.000,0.000,0.000,0.000,0.039,0.000,0.000,69.019,0.000,0.028,0.000,0.000,0.000,0.000,0.516,0.000,0.000,0.000,1.897,2.477,0.834,0.000,0.014,0.068,0.000,0.000,10.645,0.000,0.000,0.005,0.000,0.000,0.000,0.000,0.000,0.000,0.000,0.000,0.000,0.760,0.000,0.000,36.972,0.000,0.000,6.010
2366.5,0,0.014,134.766,0.333,0.606,0.749,66.593,0.740,0.000,0.998,0.000,49.320,0.000,0.000,0.000,0.000,0.000,0.000,0.001,0.000,0.000,0.000,1.404,0.025,148.274,0.000,148.164,0.998,0.000,0.000,0.548,0.000,0.000,0.000,0.000,0.000,0.000,0.000,0.007,0.000,0.000,12.609,0.000,0.005,0.000,0.000,0.000,0.000,0.094,0.000,0.000,0.000,0.347,0.452,0.152,0.000,0.003,0.012,0.000,0.000,7.231,0.000,0.000,0.001,0.000,0.000,0.000,0.000,0.000,0.000,60.653,0.000,0.000,0.139,0.000,0.000,6.754,0.000,0.000,1.098
2375.0,0,0.002,24.619,0.061,0.111,0.137,12.165,0.135,0.000,0.182,0.000,82.586,0.000,0.000,0.000,0.000,0.000,0.000,0.000,0.000,0.000,0.000,0.257,0.005,27.087,0.000,27.067,0.182,0.000,0.000,0.100,0.000,0.000,0.000,0.000,0.000,0.000,0.000,0.001,0.000,24.829,2.303,0.000,0.001,0.000,0.000,0.000,0.000,0.017,0.000,0.000,0.000,0.063,0.083,0.028,0.000,0.000,0.002,0.000,0.000,1.321,0.000,0.000,0.000,0.000,0.000,14.188,0.000,0.000,0.000,11.080,0.000,8.987,0.025,0.000,99.814,1.234,0.000,0.000,0.201
2383.0,0,89.866,4.971,0.012,266.597,0.028,2.456,0.027,0.000,0.037,0.000,16.674,0.000,0.000,0.000,0.000,0.000,0.000,0.000,0.000,0.000,0.000,0.052,0.001,5.469,0.000,5.465,0.037,0.000,0.000,0.020,0.000,0.000,0.000,0.000,0.000,0.000,0.000,0.000,0.000,5.013,0.465,0.000,0.000,0.000,0.000,0.000,0.000,0.003,0.000,33.333,0.000,0.013,0.017,0.006,0.000,0.000,0.000,0.000,0.000,0.267,0.000,0.000,0.000,0.000,0.000,2.865,0.000,0.000,0.000,2.237,0.000,1.814,0.005,0.000,20.152,0.249,0.000,0.000,0.040
2391.5,0,61.043,55.414,192.792,48.703,54.511,81.763,109.767,66.574,0.007,174.443,3.046,0.000,0.000,0.000,0.000,0.000,0.000,0.000,163.746,139.696,163.746,109.772,188.543,122.305,180.967,0.998,0.007,89.866,0.000,0.004,60.239,0.000,0.000,0.000,7.392,0.000,0.000,33.333,0.000,23.382,59.186,0.000,35.195,16.758,49.659,0.000,11.028,0.001,0.000,50.858,0.000,0.002,22.316,0.001,0.000,37.226,133.287,0.000,0.000,27.553,0.000,0.000,0.000,80.327,0.000,0.523,39.727,0.000,0.000,92.078,0.000,0.331,0.001,0.000,103.681,0.046,0.000,0.000,0.007
2400.0,0,11.152,10.123,35.220,8.897,9.958,14.937,93.629,12.162,0.001,31.868,0.556,0.000,49.319,66.574,0.000,0.000,0.000,0.000,29.914,25.520,29.914,20.054,34.444,22.343,33.060,0.182,0.001,16.417,0.000,0.001,11.005,0.000,0.000,0.000,1.350,0.000,0.000,6.089,0.000,4.272,10.812,0.000,6.430,3.061,9.072,0.000,2.015,0.000,0.000,9.291,0.000,0.000,4.077,0.000,0.000,6.801,46.662,0.000,0.000,5.033,0.000,144.933,60.239,14.674,0.000,0.096,7.257,0.000,0.000,16.821,0.000,0.061,0.000,0.000,18.941,0.008,0.000,0.000,0.001
2408.0,0,2.251,2.044,7.111,1.796,182.978,3.016,18.903,2.455,0.000,6.434,0.112,0.000,9.957,13.441,0.000,0.000,0.000,0.000,6.039,5.152,6.039,4.049,6.954,4.511,6.675,0.037,0.000,3.315,0.000,0.000,2.222,0.000,0.000,0.000,0.273,0.000,0.000,1.229,0.000,0.862,2.183,0.000,1.298,0.618,1.832,0.000,0.407,0.000,0.000,32.037,0.000,0.000,0.823,0.000,0.000,1.373,9.421,0.000,0.000,1.016,0.000,29.261,12.162,2.963,0.000,0.019,1.465,0.000,0.000,3.396,0.000,0.012,0.000,0.000,3.824,0.002,0.000,0.000,0.000
2416.5,0,73.987,66.948,1.299,44.954,197.173,0.551,3.453,0.449,0.000,1.175,0.021,0.000,1.819,2.455,0.000,0.000,0.000,0.000,1.103,122.247,1.103,0.740,1.270,0.824,1.219,0.007,0.000,0.606,0.000,0.000,0.406,0.000,0.000,0.000,0.050,0.000,0.000,0.225,0.000,0.158,0.399,0.000,0.237,0.113,0.335,0.000,0.074,0.000,0.000,14.073,0.000,0.000,74.232,0.000,0.000,0.251,1.721,0.000,0.000,16.734,0.000,5.346,2.222,0.541,0.000,0.004,0.268,0.000,0.000,0.620,0.000,0.002,13.789,0.000,0.699,0.000,0.000,0.000,0.000
2425.0,0,13.516,102.096,0.237,8.212,36.020,0.101,0.631,0.082,54.506,0.215,60.243,0.000,0.332,0.449,0.000,0.000,0.000,0.000,0.202,22.333,0.202,44.761,0.232,0.151,0.223,0.001,0.000,0.111,0.000,0.000,0.074,0.000,0.000,0.000,0.009,0.000,0.000,0.041,0.000,0.029,0.073,0.000,0.043,0.021,0.061,0.000,0.014,0.000,0.000,2.571,0.000,0.000,13.561,0.000,0.000,0.046,0.314,0.000,0.000,3.057,0.000,0.977,0.406,0.099,0.000,0.001,0.049,0.000,0.000,0.113,0.000,0.000,2.519,0.000,0.128,0.000,0.000,0.000,0.000
2433.0,0,2.729,20.613,0.048,1.658,7.272,0.020,0.127,0.017,11.005,0.043,12.163,0.000,0.067,0.091,0.000,0.000,0.000,0.000,0.041,4.509,0.041,9.037,0.047,54.537,0.045,0.000,0.000,0.022,0.000,0.000,0.015,0.000,0.000,0.000,0.002,0.000,0.000,0.008,0.000,0.006,69.607,0.000,0.009,0.004,0.012,0.000,0.003,0.000,0.000,0.519,0.000,0.000,2.738,0.000,0.000,0.009,0.063,0.000,0.000,0.617,0.000,0.197,0.082,0.020,0.000,14.188,0.010,0.000,0.000,27.276,0.000,0.000,0.509,0.000,0.026,0.000,0.000,0.000,0.000
2441.5,0,0.499,3.766,0.009,0.303,1.329,0.004,0.023,0.003,2.010,0.008,2.222,0.000,0.012,0.017,0.000,0.000,0.000,0.000,0.007,0.824,0.007,1.651,0.009,9.963,0.008,0.000,0.000,0.004,0.000,0.000,0.003,0.000,0.000,0.000,0.000,0.000,0.000,0.002,0.000,0.001,12.716,0.000,0.002,0.001,0.002,0.000,0.001,0.000,0.000,0.095,0.000,0.000,0.500,0.000,0.000,0.002,0.012,0.000,0.000,0.113,0.000,0.036,0.015,0.004,0.000,2.592,0.002,0.000,0.000,4.983,0.000,0.000,0.093,0.000,0.005,0.000,0.000,0.000,0.000
2450.0,0,0.091,0.688,0.002,121.361,0.243,0.001,0.004,0.001,0.367,0.001,0.406,0.000,0.002,0.003,0.000,0.000,0.000,0.000,0.001,0.150,0.001,0.302,0.002,1.820,0.002,0.000,0.000,0.001,0.000,0.000,0.000,0.000,0.000,0.000,0.000,0.000,0.000,0.000,0.000,0.000,2.323,0.000,0.000,0.000,0.000,0.000,0.000,0.000,0.000,16.570,0.000,0.000,0.091,0.000,0.000,0.000,0.002,0.000,0.000,0.021,0.000,0.007,0.003,0.001,0.000,0.474,0.000,0.000,0.000,0.910,0.000,0.000,0.017,0.000,0.001,0.000,0.000,0.000,0.000
2458.0,0,0.018,0.139,89.866,123.820,134.113,0.000,0.001,0.000,0.074,99.317,0.082,0.000,0.000,0.001,0.000,0.000,0.000,0.000,0.000,109.793,0.000,0.061,0.000,0.367,0.000,0.000,0.000,0.000,0.000,0.000,0.000,0.000,0.000,0.000,0.000,0.000,0.000,0.000,0.000,0.000,82.342,0.000,0.000,0.000,0.000,29.633,0.000,0.000,0.000,50.854,0.000,30.327,74.100,0.000,0.000,0.000,0.000,0.000,0.000,0.004,0.000,0.001,0.001,0.000,0.000,0.096,0.000,0.000,0.000,0.184,0.000,0.000,0.003,0.000,0.000,0.000,0.000,0.000,0.000
2466.5,0,0.003,0.025,16.417,22.620,24.500,0.000,49.320,0.000,0.014,18.144,0.015,0.000,0.000,0.000,0.000,0.000,0.000,0.000,73.576,20.057,0.000,49.331,0.000,0.067,99.317,0.000,0.000,0.000,0.000,0.000,49.319,0.000,0.000,0.000,0.000,2.625,73.576,0.000,0.000,45.158,59.975,12.415,0.000,0.000,0.000,5.413,0.000,0.000,0.000,9.290,0.000,5.540,13.537,0.000,0.000,0.000,0.000,0.000,0.000,0.001,0.000,0.000,0.000,0.000,0.000,0.017,0.000,0.000,0.000,0.034,0.000,0.000,0.001,0.000,0.000,0.000,0.000,0.000,0.000
2475.0,0,0.001,0.005,2.999,4.132,4.476,0.000,9.010,0.000,0.002,3.315,0.003,0.000,0.000,44.626,180.967,0.000,0.000,0.000,13.441,3.664,0.000,9.012,0.000,0.012,18.144,0.000,0.000,0.000,0.000,0.000,9.010,0.000,0.000,0.000,0.000,0.480,13.441,0.000,0.000,8.250,10.957,2.268,0.000,0.000,0.000,0.989,0.000,0.000,0.000,1.697,0.000,1.012,2.473,0.000,0.000,0.000,0.000,0.000,0.000,0.000,0.000,0.000,0.000,0.000,0.000,0.003,0.000,0.000,0.000,0.006,0.000,0.000,0.000,0.000,0.000,86.178,0.000,4.958,30.161
2483.0,0,0.000,0.001,0.606,0.834,0.904,0.000,1.819,0.000,0.000,0.669,0.001,0.000,0.000,9.010,36.537,0.000,0.000,0.000,2.714,0.740,0.000,1.819,0.000,0.002,3.663,0.000,0.000,0.000,0.000,0.000,1.819,0.000,0.000,0.000,0.000,0.097,2.714,0.000,0.000,1.666,2.212,0.458,0.000,0.000,0.000,0.200,0.000,0.000,0.000,0.343,0.000,0.204,0.499,0.000,0.000,0.000,0.000,0.000,0.000,0.000,0.000,0.000,0.000,0.000,0.000,0.001,0.000,0.000,0.000,0.001,0.000,4.463,0.000,0.000,0.000,17.399,0.000,1.001,6.089
2491.5,0,99.317,0.000,0.111,0.152,0.165,0.000,0.332,0.000,0.000,0.122,0.000,0.000,0.000,1.646,6.675,0.000,0.000,0.000,0.496,0.135,0.000,0.332,0.000,0.000,0.669,0.000,0.000,0.000,0.000,0.000,0.332,0.000,0.000,0.000,0.000,9.650,0.496,0.000,0.000,0.304,0.404,0.084,0.000,0.000,0.000,0.036,0.000,0.000,0.000,0.063,0.000,0.037,0.091,0.000,0.000,0.000,0.000,0.000,0.000,11.765,0.000,0.000,0.000,0.000,0.000,0.000,0.000,0.000,0.000,0.000,0.000,0.815,0.000,0.000,0.000,3.179,0.000,0.183,1.112
2500.0,0,18.144,0.000,0.020,0.028,0.030,0.000,0.061,60.239,0.000,0.022,0.000,0.000,0.000,0.301,1.219,0.000,0.000,0.000,0.091,0.025,0.000,0.061,0.000,0.000,0.122,0.000,0.000,89.866,0.000,0.000,0.061,0.000,0.000,0.000,0.000,1.763,0.091,0.000,0.000,0.056,0.074,0.015,0.000,0.000,0.000,0.007,0.000,0.000,0.000,0.011,0.000,0.007,0.017,0.000,0.000,0.000,0.000,0.000,0.000,14.185,0.000,0.000,0.000,0.000,0.000,0.000,0.000,12.838,0.000,0.000,0.000,0.149,0.000,0.000,0.000,0.581,0.000,0.033,0.203
2508.0,0,3.663,0.000,0.004,0.006,0.006,0.000,0.012,12.162,0.000,0.005,0.000,0.000,0.000,0.061,0.246,0.000,89.866,0.000,0.018,0.005,0.000,0.012,0.000,0.000,0.025,0.000,0.000,18.144,0.000,0.000,0.012,0.000,0.000,0.000,0.000,0.356,0.018,0.000,0.000,0.011,0.015,0.003,0.000,0.000,0.000,0.001,0.000,5.082,0.000,0.002,0.000,0.001,0.003,0.000,0.000,0.000,0.000,0.000,0.000,2.864,0.000,0.000,0.000,0.000,0.000,0.000,0.000,2.592,0.000,0.000,0.000,0.030,0.000,0.000,0.000,0.117,0.000,0.007,0.041
2516.5,0,0.669,0.000,0.001,0.001,0.001,0.000,0.002,2.222,0.000,0.001,0.000,0.000,0.000,0.011,0.045,0.000,16.417,0.000,0.003,0.001,0.000,0.002,0.000,0.000,0.005,0.000,0.000,3.315,0.000,0.000,0.002,0.000,0.000,0.000,0.000,0.065,0.003,0.000,0.000,0.002,0.003,0.001,0.000,0.000,0.000,0.000,0.000,0.928,0.000,0.000,0.000,0.000,0.001,0.000,0.000,0.000,0.000,0.000,0.000,0.523,0.000,0.000,0.000,0.000,0.000,0.000,0.000,0.474,0.000,0.000,0.000,0.005,0.000,0.000,0.000,0.021,0.000,0.001,0.007
2525.0,0,0.122,0.000,0.000,0.000,0.000,0.000,0.000,0.406,0.000,0.000,0.000,0.000,0.000,0.002,0.008,0.000,2.999,0.000,0.001,0.000,0.000,0.000,0.000,0.000,0.001,0.000,0.000,0.606,0.000,0.000,0.000,0.000,0.000,0.000,0.000,0.012,0.001,0.000,0.000,0.000,0.000,0.000,0.000,0.000,0.000,0.000,0.000,0.170,0.000,0.000,0.000,0.000,0.000,0.000,0.000,0.000,0.000,0.000,0.000,0.096,0.000,0.000,0.000,0.000,0.000,0.000,0.000,0.087,0.000,0.000,0.000,0.001,0.000,0.000,0.000,0.004,0.000,0.000,0.001
2533.0,0,0.025,0.000,0.000,0.000,0.000,0.000,0.000,0.082,0.000,0.000,0.000,0.000,0.000,0.000,0.002,0.000,0.606,0.000,0.000,0.000,0.000,0.000,0.000,0.000,0.000,0.000,0.000,0.122,0.000,0.000,0.000,0.000,0.000,0.000,0.000,0.002,0.000,0.000,0.000,0.000,0.000,0.000,0.000,0.000,0.000,0.000,0.000,0.034,0.000,0.000,0.000,0.000,0.000,0.000,0.000,0.000,0.000,0.000,0.000,0.019,0.000,0.000,0.000,0.000,0.000,0.000,0.000,0.017,0.000,0.000,0.000,0.000,0.000,0.000,0.000,0.001,0.000,0.000,0.000
2541.5,0,0.005,0.000,0.000,0.000,0.000,0.000,0.000,0.015,0.000,0.000,0.000,0.000,0.000,0.000,0.000,0.000,0.111,0.000,0.000,0.000,0.000,0.000,0.000,0.000,0.000,0.000,0.000,0.022,0.000,0.000,0.000,0.000,0.000,0.000,0.000,0.000,0.000,0.000,0.000,0.000,0.000,0.000,0.000,0.000,0.000,0.000,0.000,0.006,0.000,9.084,0.000,0.000,0.000,0.000,0.000,0.000,0.000,0.000,0.000,0.004,0.000,0.000,0.000,0.000,0.000,0.000,0.000,0.003,0.000,0.000,0.000,0.000,0.000,0.000,0.000,0.000,0.000,0.000,0.000
2550.0,0,0.001,0.000,66.574,66.574,73.576,0.000,0.000,0.003,0.000,0.000,0.000,0.000,0.000,0.000,0.000,0.000,0.020,0.000,0.000,134.064,0.000,0.000,0.000,0.000,0.000,0.000,0.000,0.004,0.000,0.000,0.000,0.000,0.000,0.000,0.000,0.000,0.000,0.000,0.000,0.000,0.000,0.000,0.000,0.000,0.000,0.000,0.000,0.001,0.000,21.877,0.000,16.644,0.000,0.000,24.694,0.000,0.000,0.000,0.000,3.207,0.000,0.000,0.000,0.000,0.000,0.000,0.000,0.001,0.000,0.000,0.000,0.000,0.000,0.000,0.000,0.000,0.000,0.000,0.000
2558.0,0,0.000,0.000,13.441,13.441,104.721,0.000,0.000,0.001,134.064,0.000,0.000,0.000,0.000,0.000,0.000,0.000,0.004,0.000,0.000,27.067,0.000,66.574,0.000,0.000,0.000,0.000,0.000,0.001,0.000,49.319,0.000,0.000,0.000,0.000,18.182,0.000,0.000,22.344,0.000,0.000,135.417,12.415,0.000,0.000,0.000,0.000,0.000,0.000,0.000,4.417,0.000,3.360,52.432,0.000,4.986,0.000,0.000,0.000,0.000,0.647,0.000,0.000,0.000,0.000,0.000,0.000,0.000,0.000,0.000,0.000,0.000,0.000,0.000,0.000,0.000,0.000,0.000,0.000,0.000
2566.5,0,0.000,0.000,2.455,150.619,19.131,0.000,0.000,0.000,24.491,0.000,0.000,0.000,0.000,0.000,0.000,0.000,0.001,0.000,0.000,4.945,0.000,56.788,0.000,0.000,0.000,0.000,0.000,0.000,0.000,9.010,0.000,0.000,0.000,0.000,12.760,3.916,0.000,4.082,0.000,0.000,24.738,2.268,0.000,0.000,0.000,0.000,0.000,0.000,0.000,11.903,0.000,0.614,9.579,0.000,0.911,0.000,0.000,0.000,32.315,0.118,0.000,0.000,0.000,0.000,0.000,21.166,0.000,0.000,0.000,0.000,0.000,0.000,0.000,0.000,0.000,0.000,0.000,12.196,0.000
2575.0,0,0.000,0.000,0.449,137.278,3.495,0.000,0.000,0.000,4.474,81.314,0.000,0.000,0.000,0.000,0.000,0.000,0.000,0.000,0.000,122.209,0.000,10.374,0.000,0.000,0.000,0.000,0.000,0.000,0.000,1.646,134.064,12.415,0.000,0.000,2.331,0.715,0.000,0.746,0.000,0.000,4.519,0.414,0.000,0.000,0.000,0.000,0.000,0.000,0.000,29.465,0.000,0.112,56.631,0.000,0.166,0.000,0.000,0.000,44.000,0.022,0.000,0.000,0.000,0.000,0.000,3.867,0.000,0.000,0.000,0.000,0.000,0.000,0.000,0.000,0.000,0.000,0.000,2.228,0.000
2583.0,0,0.000,0.000,0.091,27.716,0.706,0.000,0.000,0.000,0.903,16.417,0.000,0.000,0.000,0.000,0.000,0.000,0.000,0.000,0.000,24.674,0.000,2.095,0.000,0.000,0.000,0.000,0.000,0.000,0.000,0.332,27.067,2.506,0.000,0.000,0.471,0.144,0.000,0.151,0.000,13.627,100.912,0.084,0.000,0.000,0.000,0.000,0.000,0.000,0.000,5.949,0.000,0.023,11.434,0.000,0.034,0.000,0.000,0.000,8.883,0.004,0.000,0.000,0.000,37.041,0.000,0.781,28.874,0.000,0.000,0.000,0.000,0.000,0.000,0.000,0.000,15.060,0.000,0.450,30.161
2591.5,0,0.000,121.306,0.017,5.063,0.129,89.866,0.000,0.000,0.165,2.999,0.000,0.000,0.000,0.000,0.000,0.000,0.000,0.000,0.000,4.507,0.000,0.383,0.000,0.000,0.000,0.000,0.000,0.000,0.000,0.061,4.945,0.458,0.000,0.000,14.972,0.026,0.000,22.372,0.000,103.373,146.120,0.015,0.000,0.000,0.000,0.000,0.000,0.000,0.000,1.087,0.000,0.004,2.089,0.000,0.006,0.000,0.000,0.000,1.623,11.803,0.000,0.000,0.000,60.451,0.000,0.143,5.275,0.000,0.000,0.000,0.000,0.000,0.000,0.000,0.000,54.661,89.866,0.082,19.062
2600.0,0,139.696,95.737,188.573,215.663,262.305,126.179,109.762,148.164,0.030,99.865,73.576,44.626,0.000,0.000,0.000,0.000,0.000,0.000,0.000,110.586,0.000,181.037,0.000,109.762,0.000,81.314,0.000,0.000,0.000,200.011,0.903,0.084,0.000,0.000,2.735,0.005,0.000,4.087,0.000,18.885,131.233,0.003,0.000,0.000,0.000,0.000,0.000,0.000,0.000,35.659,0.000,0.001,55.263,0.000,0.001,0.000,22.313,0.000,0.296,2.156,0.000,0.000,0.000,44.559,0.000,0.026,30.596,0.000,0.000,0.000,0.000,0.000,0.000,0.000,0.000,9.986,16.417,0.015,3.482
2608.0,0,28.204,19.329,38.072,43.542,52.958,25.475,22.161,29.914,60.245,20.162,59.481,9.010,44.626,0.000,0.000,0.000,0.000,81.314,0.000,82.566,54.506,36.551,0.000,22.161,0.000,16.417,0.000,0.000,0.000,40.382,44.808,5.595,0.000,0.000,0.552,0.001,0.000,0.825,0.000,3.813,26.496,0.001,0.000,0.000,33.287,0.000,14.081,0.000,0.000,7.199,0.000,0.000,11.157,0.000,0.000,14.487,4.505,0.000,0.060,0.435,0.000,0.000,0.000,25.640,0.000,0.005,6.177,0.000,0.000,0.000,0.000,0.000,0.000,0.000,0.000,2.016,3.315,0.003,0.703
2616.5,0,5.152,3.531,6.955,7.954,9.675,4.654,4.048,5.465,11.006,3.683,10.866,1.646,8.152,0.000,0.000,0.000,0.000,14.855,0.000,15.083,9.957,6.677,0.000,4.048,0.000,2.999,0.000,0.000,0.000,7.377,8.186,1.022,0.000,0.000,0.101,0.000,0.000,0.151,0.000,0.697,4.840,0.000,0.000,0.000,6.081,0.000,2.572,4.161,0.000,1.315,0.000,0.000,2.038,0.000,0.000,2.646,0.823,0.000,0.011,0.080,0.000,0.000,40.379,4.684,0.000,0.001,1.128,0.000,0.000,0.000,0.000,0.000,0.000,0.000,50.309,0.368,0.606,0.001,0.128
2625.0,0,0.941,0.645,1.271,1.453,1.767,0.850,0.740,0.998,2.011,0.673,1.985,0.301,1.489,0.000,0.000,0.000,0.000,2.714,0.000,2.755,1.819,1.220,0.000,0.740,0.000,0.548,0.000,0.000,0.000,1.348,1.495,0.187,0.000,0.000,0.018,0.000,0.000,0.028,0.000,0.127,0.884,0.000,0.000,0.000,1.111,0.000,0.470,0.760,0.000,0.240,0.000,0.000,0.372,0.000,0.000,0.483,0.150,0.000,0.002,8.730,0.000,0.000,7.377,0.856,0.000,0.000,0.206,0.000,0.000,0.000,0.000,0.000,0.000,0.000,9.191,0.067,0.111,0.000,0.023
2633.0,0,0.190,0.130,0.257,0.293,0.357,0.172,0.149,0.202,0.406,0.136,0.401,0.061,0.301,0.000,0.000,0.000,0.000,0.548,0.000,0.556,0.367,0.246,0.000,0.149,0.000,0.111,0.000,0.000,0.000,0.272,0.302,0.038,0.000,0.000,0.004,0.000,0.000,0.006,0.000,0.026,0.179,0.000,0.000,0.000,0.224,0.000,0.095,0.153,0.000,0.049,0.000,0.000,0.075,0.000,0.000,0.098,0.030,0.000,0.000,1.763,0.000,0.000,1.489,0.173,0.000,0.000,0.042,0.000,0.000,0.000,0.000,0.000,0.000,0.000,1.856,0.014,0.022,0.000,0.005
2641.5,0,0.035,0.024,0.047,0.054,0.065,0.031,0.027,0.037,0.074,0.025,0.073,0.011,0.055,0.000,0.000,0.000,0.000,0.100,0.000,0.102,0.067,0.045,0.000,0.027,0.000,0.020,0.000,0.000,0.000,0.050,0.055,0.007,0.000,0.000,0.001,0.000,0.000,0.001,0.000,0.005,0.033,0.000,0.000,0.000,0.041,0.000,0.017,0.028,0.000,0.009,0.000,0.000,0.014,0.000,0.000,0.018,0.006,0.000,0.000,0.322,0.000,0.000,0.272,0.032,0.000,0.000,0.008,0.000,0.000,0.000,0.000,0.000,0.000,0.000,0.339,0.002,0.004,0.000,0.001
2650.0,0,121.312,0.004,0.009,0.010,0.012,0.006,0.005,0.007,0.014,0.005,0.013,0.002,0.010,0.000,0.000,0.000,0.000,0.018,0.000,0.019,0.012,0.008,0.000,0.005,0.000,0.004,0.000,0.000,0.000,0.009,0.010,0.001,0.000,0.000,0.000,0.000,0.000,0.000,0.000,0.001,100.006,0.000,0.000,0.000,0.007,0.000,0.003,0.005,0.000,0.002,0.000,0.000,0.003,0.000,0.000,0.003,0.001,17.973,0.000,13.037,0.000,0.000,0.050,0.006,0.000,0.000,16.264,0.000,0.000,0.000,0.000,0.000,10.806,0.000,0.062,0.000,0.001,0.000,0.000
2658.0,0,24.493,0.001,0.002,0.002,0.002,44.627,0.001,180.969,0.003,0.001,0.003,0.000,0.002,0.000,0.000,0.000,0.000,0.004,0.000,0.004,0.002,0.002,0.000,0.001,0.000,0.001,0.000,0.000,0.000,0.002,0.002,0.000,0.000,0.000,0.000,0.000,0.000,0.000,0.000,0.000,60.848,0.000,0.000,0.000,0.002,0.000,0.001,0.001,0.000,0.000,0.000,0.000,0.001,0.000,0.000,0.001,0.000,3.629,0.000,5.257,0.000,0.000,0.010,0.001,0.000,0.000,3.284,0.000,0.000,0.000,0.000,0.000,2.182,0.000,0.013,13.627,0.000,0.000,8.220
2666.5,0,71.049,81.314,0.000,89.866,66.575,8.153,0.000,196.806,0.000,0.000,0.000,60.239,0.000,0.000,0.000,0.000,148.164,0.001,0.000,0.001,0.000,0.000,49.319,0.000,0.000,0.000,0.000,81.314,0.000,0.000,0.000,0.000,0.000,0.000,0.000,0.000,0.000,20.180,0.000,0.000,11.116,0.000,0.000,0.000,0.000,0.000,0.000,0.000,0.000,8.220,0.000,22.466,0.000,0.000,0.000,0.000,0.000,0.663,0.000,0.960,0.000,0.000,0.002,0.000,0.000,0.000,0.600,0.000,0.000,0.000,0.000,0.000,0.399,0.000,0.002,2.489,0.000,0.000,1.502
2675.0,0,12.979,14.855,0.000,16.417,12.162,1.489,0.000,35.953,0.000,0.000,0.000,11.005,0.000,0.000,0.000,0.000,27.067,0.000,0.000,0.000,235.474,0.000,75.584,0.000,0.000,0.000,0.000,14.855,0.000,0.000,0.000,0.000,0.000,0.000,0.000,0.000,0.000,3.687,0.000,0.000,2.031,0.000,0.000,0.000,0.000,0.000,0.000,0.000,0.000,1.502,0.000,4.104,100.000,0.000,0.000,0.000,0.000,0.121,0.000,0.175,0.000,81.873,121.306,0.000,0.000,0.000,0.110,0.000,0.000,0.000,0.000,0.000,0.073,0.000,0.000,41.391,0.000,0.000,0.274
2683.0,0,2.620,2.999,0.000,137.379,2.455,0.301,0.000,7.259,0.000,0.000,0.000,2.222,0.000,0.000,0.000,0.000,5.465,0.000,0.000,0.000,47.541,0.000,15.260,0.000,0.000,0.000,0.000,2.999,0.000,0.000,0.000,0.000,0.000,0.000,0.000,0.000,0.000,0.744,0.000,0.000,0.410,0.000,0.000,0.000,0.000,40.000,14.166,0.000,0.000,22.647,0.000,0.829,65.123,0.000,0.000,0.000,0.000,0.024,0.000,0.035,0.000,16.530,24.491,0.000,0.000,0.000,0.022,0.000,0.000,0.000,0.000,0.000,0.015,0.000,0.000,8.357,0.000,0.000,0.055
2691.5,0,99.796,90.414,0.000,25.097,60.687,0.055,0.000,1.326,0.000,66.574,0.000,0.406,0.000,0.000,0.000,0.000,0.998,0.000,0.000,81.314,8.685,0.000,2.788,0.000,0.000,0.000,0.000,0.548,0.000,0.000,0.000,0.000,0.000,0.000,0.000,0.000,0.000,18.430,0.000,0.000,0.075,0.000,0.000,0.000,0.000,7.307,10.742,0.000,0.000,4.137,0.000,10.246,34.210,7.530,0.000,0.000,0.000,0.004,0.000,0.006,0.000,3.020,4.474,0.000,0.000,0.000,0.004,0.000,0.000,0.000,0.000,0.000,7.584,0.000,0.000,28.967,0.000,0.000,16.563
2700.0,0,18.231,16.517,0.000,4.585,55.713,0.010,0.000,0.242,54.506,12.162,0.000,0.074,0.000,0.000,0.000,0.000,0.182,0.000,0.000,14.855,1.587,170.626,0.509,0.000,0.000,0.000,0.000,0.100,0.000,81.314,0.000,0.000,0.000,0.000,0.000,0.000,0.000,3.367,0.000,0.000,0.014,0.000,0.000,0.000,0.000,1.335,1.962,0.000,0.000,0.756,0.000,1.872,6.250,1.376,0.000,0.000,0.000,0.001,0.000,0.001,0.000,0.552,0.817,0.000,0.000,0.000,0.001,7.787,0.000,0.000,0.000,0.000,1.386,0.000,0.000,5.292,0.000,0.000,3.026
2708.0,0,3.681,3.335,0.000,0.926,11.248,0.002,0.000,0.049,11.005,2.455,0.000,0.015,0.000,0.000,0.000,0.000,0.037,0.000,0.000,2.999,0.320,34.449,0.103,0.000,0.000,0.000,0.000,0.020,0.000,16.417,0.000,0.000,0.000,0.000,0.000,0.000,0.000,0.680,0.000,0.000,0.003,0.000,0.000,0.000,0.000,36.463,0.396,0.000,0.000,0.153,0.000,0.378,1.262,0.278,0.000,0.000,0.000,0.000,0.000,0.000,0.000,0.111,0.165,0.000,0.000,0.000,0.000,1.572,0.000,0.000,0.000,0.000,0.280,0.000,0.000,1.068,0.000,0.000,0.611
2716.5,0,0.672,0.609,0.000,0.169,2.055,0.000,0.000,0.009,2.010,0.449,0.000,0.003,0.000,0.000,0.000,0.000,0.007,0.000,0.000,0.548,0.059,6.293,0.019,0.000,0.000,0.000,0.000,0.004,0.000,2.999,0.000,0.000,0.000,0.000,0.000,0.000,0.000,0.124,0.000,0.000,0.001,0.000,0.000,0.000,0.000,6.661,0.072,0.000,0.000,0.028,0.000,0.069,0.231,0.051,0.000,0.000,0.000,40.000,0.000,0.000,0.000,0.020,0.030,0.000,0.000,0.000,0.000,0.287,0.000,0.000,0.000,0.000,0.051,0.000,0.000,0.195,0.000,0.000,0.112
2725.0,0,0.123,0.111,0.000,0.031,0.375,0.000,0.000,0.002,0.367,0.082,0.000,0.000,0.000,0.000,0.000,0.000,0.001,0.000,0.000,0.100,0.011,1.150,0.003,0.000,0.000,0.000,0.000,0.001,0.000,0.548,0.000,0.000,0.000,0.000,0.000,0.000,0.000,0.023,0.000,0.000,0.000,0.000,0.000,0.000,0.000,1.217,0.013,0.000,0.000,0.005,0.000,0.013,0.042,0.009,0.000,0.000,0.000,7.307,0.000,0.000,0.000,0.004,0.006,0.000,0.000,0.000,0.000,0.052,0.000,0.000,0.000,0.000,0.009,0.000,0.000,0.036,0.000,0.000,0.020
2733.0,0,0.025,0.022,0.000,0.006,0.076,0.000,0.000,0.000,0.074,0.017,0.000,0.000,0.000,0.000,0.000,0.000,0.000,0.000,0.000,0.020,0.002,0.232,0.001,0.000,0.000,0.000,0.000,0.000,0.000,0.111,0.000,0.000,0.000,0.000,0.000,0.000,0.000,0.005,0.000,0.000,0.000,0.000,0.000,0.000,0.000,0.246,0.003,0.000,0.000,0.001,0.000,0.003,0.009,0.002,0.000,0.000,0.000,1.475,0.000,0.000,0.000,0.001,0.001,0.000,0.000,0.000,0.000,0.011,0.000,0.000,0.000,0.000,0.002,0.000,0.000,0.007,0.000,0.000,0.004
2741.5,0,148.168,0.004,0.000,0.001,0.014,0.000,0.000,0.000,0.014,0.003,0.000,0.000,0.000,0.000,0.000,0.000,0.000,0.000,0.000,0.004,0.000,0.042,0.000,0.000,0.000,0.000,0.000,0.000,0.000,0.020,0.000,0.000,0.000,0.000,0.000,0.000,0.000,18.295,0.000,0.000,0.000,0.000,0.000,0.000,0.000,0.045,0.000,0.000,0.000,0.000,0.000,0.000,0.002,0.000,0.000,0.000,0.000,0.270,0.000,0.000,0.000,0.000,0.000,0.000,0.000,0.000,0.000,0.002,0.000,0.000,0.000,0.000,7.582,0.000,0.000,0.001,0.000,0.000,0.001
2750.0,0,108.382,109.763,0.000,0.000,0.003,121.306,0.000,121.306,0.002,0.001,0.000,0.000,0.000,0.000,0.000,0.000,0.000,0.000,0.000,0.001,0.000,0.008,73.576,0.000,0.000,0.000,0.000,180.967,0.000,0.004,0.000,0.000,0.000,0.000,0.000,0.000,0.000,15.605,0.000,0.000,54.779,0.000,0.000,0.000,0.000,0.008,0.000,0.000,0.000,0.000,0.000,0.000,164.566,0.000,0.000,0.000,36.788,0.049,0.000,26.562,0.000,0.000,0.000,0.000,0.000,0.000,32.749,0.000,0.000,0.000,0.000,0.000,4.174,0.000,0.000,18.394,0.000,0.000,7.438
2758.0,0,21.882,131.923,0.000,0.000,0.001,114.357,0.000,24.491,0.000,0.000,121.306,134.064,0.000,0.000,0.000,0.000,163.746,0.000,0.000,0.000,0.000,0.002,14.855,89.866,0.000,200.000,0.000,36.537,54.506,0.001,0.000,0.000,0.000,0.000,0.000,0.000,0.000,3.151,0.000,0.000,11.060,0.000,0.000,22.621,0.000,0.002,0.000,0.000,0.000,0.000,0.000,0.000,33.225,0.000,0.000,0.000,7.427,26.823,0.000,5.363,0.000,0.000,0.000,20.328,0.000,0.000,33.776,0.000,0.000,0.000,0.000,0.000,0.843,0.000,0.000,3.714,0.000,0.000,1.502
2766.5,0,152.161,105.414,0.000,0.000,0.000,154.955,0.000,4.474,0.000,0.000,103.475,24.491,0.000,0.000,0.000,134.064,29.914,148.164,0.000,0.000,134.064,0.000,136.778,82.991,0.000,36.537,0.000,6.675,9.957,0.000,0.000,0.000,0.000,0.000,0.000,0.000,0.000,47.613,0.000,0.000,2.020,0.000,0.000,4.132,0.000,0.000,0.000,0.000,0.000,9.084,0.000,0.000,6.070,15.163,0.000,0.000,1.357,4.900,0.000,0.980,0.000,0.000,0.000,3.714,0.000,0.000,6.170,0.000,0.000,151.137,0.000,7.358,0.154,0.000,0.000,0.678,0.000,0.000,11.370
2775.0,0,27.797,19.257,0.000,0.000,0.000,28.308,0.000,0.817,0.000,0.000,18.903,4.474,0.000,0.000,0.000,24.491,5.465,27.067,0.000,0.000,24.491,0.000,24.987,59.787,0.000,6.675,0.000,1.219,1.819,0.000,0.000,0.000,0.000,0.000,0.000,0.000,0.000,8.698,0.000,0.000,41.026,0.000,14.978,15.530,0.000,0.000,0.000,0.000,0.000,1.660,0.000,16.644,53.022,2.770,0.000,8.322,0.248,0.895,0.000,4.507,0.000,0.000,0.000,0.678,0.000,0.000,1.127,0.000,0.000,27.610,0.000,1.344,0.028,0.000,33.287,0.124,0.000,0.000,2.077
2783.0,0,5.612,3.888,0.000,0.000,54.506,5.715,0.000,0.165,0.000,0.000,3.816,0.903,0.000,0.000,0.000,4.945,1.103,5.465,0.000,0.000,4.945,0.000,5.045,12.071,0.000,1.348,0.000,0.246,0.367,0.000,0.000,0.000,0.000,0.000,0.000,0.000,0.000,1.756,0.000,0.000,8.283,0.000,3.024,3.135,0.000,0.000,0.000,0.000,0.000,0.335,0.000,3.360,10.705,0.559,0.000,1.680,0.050,0.181,0.000,0.910,0.000,0.000,0.000,0.137,0.000,0.000,0.228,0.000,0.000,5.574,0.000,0.271,0.006,0.000,6.721,0.025,0.000,0.000,0.419
2791.5,0,1.025,0.710,0.000,49.319,9.957,1.044,0.000,0.030,0.000,0.000,0.697,0.165,0.000,0.000,0.000,0.903,0.202,0.998,0.000,0.000,0.903,0.000,0.922,2.205,0.000,0.246,0.000,0.045,0.067,0.000,0.000,0.000,0.000,0.000,0.000,0.000,0.000,0.321,0.000,0.000,1.513,0.000,0.552,0.573,0.000,0.000,0.000,0.000,0.000,0.061,0.000,0.614,1.956,0.102,0.000,0.307,0.009,0.033,0.000,0.166,0.000,0.000,0.000,0.025,0.000,0.000,0.042,0.000,0.000,1.018,0.000,0.050,0.001,0.000,1.228,0.005,0.000,0.000,0.077
2800.0,0,40.567,89.996,0.000,9.010,1.819,0.191,0.000,163.752,0.000,0.000,0.127,0.030,0.000,0.000,0.000,0.165,0.037,0.182,0.000,0.000,0.165,0.000,0.168,0.403,0.000,0.045,0.000,0.008,0.012,0.000,0.000,0.000,0.000,0.000,0.000,0.000,0.000,0.059,0.000,0.000,140.419,0.000,0.101,0.105,0.000,0.000,0.000,0.000,0.000,0.011,0.000,0.112,0.357,0.019,0.000,0.056,0.002,0.006,0.000,0.030,0.000,0.000,0.000,0.005,0.000,0.000,0.008,0.000,0.000,0.186,0.000,0.009,0.000,0.000,0.224,0.001,0.000,0.000,0.014
2808.0,0,8.190,18.170,0.000,1.819,0.367,0.039,0.000,33.061,0.000,0.000,0.026,0.006,0.000,0.000,0.000,0.033,0.007,0.037,0.000,0.000,0.033,0.000,60.273,0.081,0.000,0.009,0.000,0.002,66.577,0.000,0.000,0.000,0.000,0.000,0.000,0.000,0.000,9.096,0.000,0.000,28.350,0.000,0.020,0.021,0.000,0.000,0.000,0.000,0.000,0.002,0.000,0.023,0.072,11.237,0.000,0.011,0.000,0.001,0.000,0.006,0.000,0.000,0.000,0.001,0.000,0.000,0.002,0.000,0.000,0.038,0.000,0.002,0.000,0.000,0.045,0.000,0.000,0.000,27.294
2816.5,0,1.496,3.319,0.000,0.332,0.067,0.007,0.000,6.040,0.000,0.000,0.005,0.001,0.000,0.000,0.000,0.006,0.001,0.007,0.000,0.000,0.006,0.000,11.011,0.015,0.000,0.002,0.000,0.000,12.162,0.000,0.000,0.000,0.000,0.000,0.000,0.000,0.000,1.662,0.000,0.000,5.179,0.000,0.004,0.004,0.000,0.000,0.000,0.000,0.000,0.000,0.000,0.004,0.013,2.053,0.000,0.002,0.000,0.000,0.000,0.001,0.000,0.000,0.000,0.000,0.000,12.838,0.000,0.000,0.000,0.007,0.000,0.000,0.000,0.000,0.008,0.000,0.000,0.000,4.986
2825.0,0,0.273,0.606,0.000,0.061,0.012,0.001,0.000,1.103,0.000,0.000,0.001,0.000,0.000,0.000,0.000,0.001,0.000,0.001,0.000,0.000,0.001,0.000,2.012,0.003,0.000,0.000,0.000,0.000,2.222,0.000,0.000,0.000,0.000,0.000,0.000,0.000,0.000,0.304,0.000,0.000,0.946,0.000,0.001,0.001,0.000,0.000,0.000,0.000,0.000,0.000,0.000,0.001,0.002,0.375,0.000,0.000,0.000,0.000,0.000,0.000,0.000,0.000,0.000,0.000,0.000,2.345,0.000,0.000,0.000,0.001,0.000,0.000,0.000,0.000,0.002,0.000,0.000,0.000,0.911
2833.0,0,0.055,0.122,0.000,0.012,0.002,0.000,0.000,0.223,0.000,0.000,0.000,0.000,0.000,0.000,0.000,0.000,0.000,0.000,0.000,0.000,0.000,0.000,0.406,0.001,0.000,0.000,0.000,0.000,0.449,0.000,0.000,0.000,0.000,0.000,0.000,0.000,0.000,0.061,0.000,0.000,0.191,0.000,0.000,0.000,0.000,0.000,0.000,0.000,0.000,0.000,0.000,0.000,0.000,0.076,0.000,0.000,0.000,0.000,0.000,0.000,0.000,0.000,0.000,0.000,0.000,0.474,0.000,0.000,0.000,0.000,0.000,0.000,0.000,0.000,0.000,0.000,0.000,0.000,0.184
2841.5,0,0.010,0.022,0.000,0.002,0.000,0.000,0.000,0.041,0.000,0.000,0.000,0.000,0.000,0.000,0.000,0.000,0.000,0.000,0.000,0.000,0.000,0.000,0.074,0.000,0.000,0.000,0.000,0.000,0.082,0.000,0.000,0.000,0.000,0.000,0.000,0.000,0.000,0.011,0.000,0.000,0.035,0.000,0.000,0.000,0.000,0.000,0.000,0.000,0.000,0.000,0.000,0.000,0.000,0.014,0.000,0.000,0.000,0.000,0.000,0.000,0.000,0.000,0.000,0.000,0.000,0.087,0.000,0.000,0.000,0.000,0.000,0.000,0.000,0.000,0.000,0.000,0.000,0.000,0.034
2850.0,0,0.002,0.004,0.000,0.000,0.000,0.000,0.000,0.007,0.000,0.000,0.000,0.000,0.000,0.000,0.000,0.000,0.000,0.000,0.000,0.000,0.000,0.000,0.014,0.000,0.000,0.000,0.000,0.000,0.015,0.000,0.000,0.000,0.000,0.000,0.000,0.000,0.000,0.002,0.000,0.000,0.006,0.000,0.000,0.000,0.000,0.000,0.000,0.000,0.000,0.000,0.000,0.000,0.000,0.003,0.000,0.000,0.000,0.000,21.117,0.000,0.000,0.000,0.000,0.000,0.000,0.016,0.000,0.000,0.000,0.000,0.000,0.000,0.000,0.000,0.000,0.000,0.000,0.000,0.006
2858.0,0,0.000,0.001,0.000,0.000,0.000,0.000,0.000,0.002,0.000,0.000,0.000,0.000,0.000,0.000,0.000,0.000,0.000,0.000,0.000,0.000,0.000,0.000,0.003,0.000,0.000,0.000,0.000,0.000,0.003,0.000,0.000,0.000,0.000,0.000,0.000,0.000,0.000,0.000,0.000,0.000,0.001,0.000,0.000,0.000,0.000,0.000,0.000,0.000,0.000,0.000,0.000,0.000,0.000,0.001,0.000,0.000,0.000,0.000,17.670,0.000,0.000,0.000,0.000,0.000,0.000,0.003,0.000,0.000,0.000,0.000,0.000,0.000,0.000,0.000,0.000,0.000,0.000,0.000,0.001
2866.5,0,0.000,0.000,0.000,0.000,0.000,0.000,0.000,0.000,0.000,0.000,0.000,0.000,0.000,0.000,0.000,0.000,0.000,0.000,0.000,0.000,0.000,0.000,0.000,0.000,0.000,0.000,0.000,0.000,0.001,0.000,0.000,0.000,0.000,0.000,0.000,0.000,0.000,0.000,0.000,0.000,0.000,0.000,0.000,0.000,0.000,0.000,0.000,0.000,0.000,0.000,0.000,0.000,0.000,0.000,0.000,0.000,0.000,0.000,3.228,0.000,0.000,0.000,0.000,0.000,0.000,0.001,0.000,0.000,0.000,0.000,0.000,0.000,0.000,0.000,0.000,0.000,0.000,0.000,0.000
2875.0,0,0.000,0.000,0.000,0.000,0.000,0.000,0.000,0.000,0.000,0.000,0.000,0.000,0.000,0.000,0.000,0.000,0.000,0.000,0.000,0.000,0.000,0.000,0.000,0.000,0.000,0.000,0.000,0.000,0.000,0.000,0.000,0.000,0.000,0.000,0.000,0.000,0.000,0.000,0.000,0.000,0.000,0.000,0.000,0.000,0.000,0.000,0.000,0.000,0.000,0.000,0.000,0.000,0.000,0.000,0.000,0.000,0.000,0.000,0.590,0.000,0.000,0.000,0.000,0.000,0.000,0.000,0.000,0.000,0.000,0.000,0.000,0.000,2.524,0.000,0.000,0.000,0.000,0.000,0.000
2883.0,0,49.319,163.746,0.000,99.317,0.000,0.000,0.000,148.164,0.000,0.000,0.000,0.000,0.000,0.000,0.000,0.000,0.000,0.000,0.000,163.746,0.000,0.000,109.762,0.000,0.000,0.000,0.000,109.762,0.000,0.000,0.000,0.000,0.000,0.000,34.805,0.000,0.000,0.000,0.000,0.000,33.287,0.000,0.000,0.000,0.000,0.000,0.000,0.000,0.000,18.294,0.000,0.000,0.000,0.000,0.000,0.000,0.000,0.000,0.119,0.000,0.000,0.000,0.000,0.000,0.000,0.000,0.000,0.000,0.000,0.000,0.000,0.000,3.916,0.000,0.000,30.327,0.000,0.000,14.978
2891.5,0,9.010,29.914,44.626,18.144,49.319,0.000,0.000,27.067,0.000,0.000,0.000,0.000,0.000,0.000,0.000,0.000,0.000,0.000,0.000,29.914,0.000,0.000,74.558,121.306,0.000,0.000,0.000,20.052,0.000,109.762,0.000,0.000,0.000,0.000,10.415,0.000,40.379,0.000,0.000,0.000,6.081,0.000,0.000,0.000,0.000,0.000,0.000,0.000,0.000,3.342,0.000,0.000,50.309,0.000,0.000,25.000,0.000,0.000,0.022,0.000,0.000,0.000,0.000,0.000,0.000,0.000,0.000,0.000,0.000,0.000,0.000,0.000,0.715,0.000,0.000,5.540,0.000,0.000,2.736
2900.0,0,1.646,5.465,156.316,3.315,9.010,0.000,81.314,4.945,40.379,0.000,0.000,0.000,0.000,0.000,0.000,0.000,0.000,0.000,0.000,5.465,0.000,40.379,13.621,22.161,0.000,0.000,0.000,3.663,0.000,20.052,0.000,12.415,0.000,0.000,1.903,0.000,7.377,0.000,0.000,0.000,1.111,0.000,0.000,0.000,0.000,0.000,0.000,0.000,0.000,0.611,0.000,0.000,9.191,0.000,33.333,30.964,36.788,0.000,0.004,5.842,0.000,60.653,148.164,0.000,0.000,22.794,0.000,0.000,0.000,0.000,0.000,0.000,0.131,0.000,0.000,1.012,0.000,0.000,0.500
2908.0,0,0.332,74.679,31.560,164.415,1.819,0.000,115.734,0.998,8.152,0.000,200.000,0.000,0.000,0.000,0.000,0.000,0.000,0.000,148.164,1.103,0.000,8.152,2.750,4.474,0.000,0.000,0.000,0.740,0.000,4.048,0.000,2.506,0.000,0.000,0.384,0.000,1.489,0.000,0.000,0.000,0.224,0.000,0.000,0.000,0.000,0.000,0.000,0.000,0.000,0.123,0.000,0.000,1.856,0.000,6.730,6.251,7.427,0.000,0.001,14.430,0.000,12.246,29.914,0.000,0.000,4.602,0.000,0.000,0.000,0.000,0.000,0.000,3.791,0.000,0.000,0.204,0.000,0.000,0.101
2916.5,0,66.635,112.960,5.765,30.036,0.332,0.000,21.143,0.182,1.489,81.314,236.537,0.000,0.000,0.000,0.000,0.000,0.000,163.746,27.067,73.777,0.000,1.489,0.502,148.981,0.000,99.317,0.000,0.135,0.000,0.740,134.064,0.458,0.000,0.000,0.070,0.000,0.272,0.000,0.000,0.000,30.160,0.000,0.000,0.000,0.000,0.000,0.000,0.000,0.000,0.023,0.000,0.000,20.529,0.000,1.229,1.142,68.389,0.000,0.000,6.180,0.000,2.237,5.465,0.000,0.000,0.841,0.000,0.000,0.000,0.000,0.000,18.097,0.693,0.000,49.659,0.037,0.000,0.000,0.018
2925.0,0,151.869,20.636,1.053,5.487,109.823,44.626,3.862,60.272,0.272,14.855,43.211,0.000,0.000,0.000,0.000,0.000,0.000,29.914,4.945,13.478,0.000,0.272,0.092,148.523,0.000,18.144,0.000,0.025,0.000,0.135,24.491,0.084,0.000,0.000,0.013,0.000,0.050,0.000,0.000,0.000,38.797,0.000,0.000,0.000,0.000,0.000,0.000,0.000,0.000,43.377,0.000,0.000,3.750,0.000,0.225,19.599,112.494,0.000,0.000,30.686,0.000,25.068,0.998,0.000,0.000,22.281,40.000,0.000,0.000,0.000,0.000,3.306,0.127,0.000,56.045,0.007,0.000,0.000,0.003
2933.0,0,30.662,4.166,134.277,50.427,22.173,9.010,0.780,12.169,0.055,2.999,8.724,0.000,0.000,0.000,0.000,0.000,0.000,6.039,0.998,47.347,0.000,0.055,0.019,29.986,0.000,3.663,0.000,0.005,0.000,0.027,4.945,0.017,0.000,0.000,0.003,0.000,0.010,7.438,0.000,0.000,7.833,0.000,0.000,0.000,0.000,0.000,0.000,0.000,0.000,8.758,0.000,0.000,0.757,0.000,0.045,3.957,22.712,0.000,0.000,6.195,0.000,5.061,0.202,0.000,0.000,4.498,8.076,0.000,0.000,0.000,0.000,0.667,0.026,0.000,11.315,0.001,0.000,0.000,0.001
2941.5,0,5.601,0.761,24.530,9.212,4.051,56.152,0.142,2.223,0.010,0.548,1.594,0.000,0.000,0.000,0.000,0.000,0.000,1.103,0.182,8.650,0.000,0.010,0.003,5.478,0.000,0.669,0.000,0.001,0.000,0.005,0.903,0.003,0.000,0.000,0.000,0.000,0.002,1.359,0.000,0.000,1.431,0.000,0.000,0.000,0.000,0.000,0.000,0.000,0.000,1.600,0.000,0.000,0.138,0.000,0.008,0.723,4.149,0.000,0.000,1.132,0.000,31.044,0.037,0.000,0.000,0.822,1.475,0.000,0.000,0.000,0.000,0.122,0.005,0.000,2.067,0.000,0.000,0.000,0.000
2950.0,0,1.023,0.139,4.481,1.683,0.740,10.258,0.026,0.406,0.002,0.100,0.291,44.626,0.000,0.000,0.000,0.000,0.000,0.202,0.033,1.580,0.000,0.002,0.001,1.001,0.000,0.122,0.000,0.000,0.000,0.001,0.165,0.001,0.000,0.000,0.000,0.000,0.000,0.248,0.000,0.000,0.261,0.000,0.000,0.000,0.000,0.000,0.000,0.000,0.000,0.292,0.000,0.000,0.025,0.000,0.002,0.132,0.758,0.000,0.000,0.207,0.000,5.671,0.007,0.000,0.000,0.150,0.270,0.000,0.000,0.000,0.000,0.022,0.001,0.000,0.378,0.000,0.000,20.107,0.000
2958.0,0,194.509,73.604,0.905,0.340,0.149,75.647,0.005,200.082,0.000,0.020,0.059,9.010,0.000,0.000,0.000,0.000,0.000,0.041,0.007,0.319,148.164,0.000,0.000,0.202,0.000,0.025,0.000,0.000,0.000,0.000,0.033,0.000,0.000,0.000,0.000,0.000,0.000,34.657,0.000,0.000,81.926,0.000,0.000,0.000,0.000,0.000,0.000,0.000,0.000,0.059,0.000,0.000,0.005,0.000,0.000,0.027,0.153,0.000,0.000,14.384,0.000,1.145,0.001,0.000,0.000,0.030,36.248,0.000,0.000,0.000,0.000,0.004,12.500,0.000,0.076,33.516,0.000,4.060,16.553
2966.5,0,102.108,58.072,0.165,0.062,0.027,13.819,0.001,184.715,0.000,0.004,0.011,50.965,0.000,0.000,0.000,0.000,148.164,0.007,0.001,0.058,161.131,0.000,66.574,0.037,0.000,0.005,0.000,66.574,0.000,0.000,0.006,0.000,0.000,0.000,0.000,0.000,0.000,21.309,0.000,0.000,37.280,0.000,0.000,0.000,0.000,0.000,0.000,0.000,0.000,0.011,0.000,50.000,54.507,20.468,0.000,0.005,0.028,0.000,0.000,2.628,0.000,0.209,0.000,0.000,0.000,0.006,6.622,7.787,0.000,0.000,0.000,0.001,5.073,0.000,0.014,36.546,0.000,0.742,26.382
2975.0,0,18.653,10.609,0.030,0.011,0.005,2.525,0.000,33.744,0.000,0.001,0.002,9.311,0.000,0.000,0.000,0.000,27.067,0.001,0.000,0.011,29.436,0.000,61.481,0.007,0.000,0.001,0.000,12.162,0.000,0.000,0.001,0.000,0.000,0.000,0.000,0.000,0.000,3.893,0.000,0.000,6.810,0.000,0.000,30.478,0.000,0.000,0.000,17.639,0.000,0.002,0.000,29.463,9.958,3.739,0.000,0.001,0.005,0.000,0.000,0.480,0.000,0.038,54.506,0.000,0.000,0.001,1.210,1.422,0.000,0.000,0.000,0.000,0.927,0.000,0.003,6.676,0.000,0.135,4.820
2983.0,0,3.766,111.904,0.006,0.002,66.575,0.510,0.000,6.813,0.000,0.000,0.000,1.880,0.000,0.000,0.000,0.000,5.465,0.000,0.000,0.002,5.943,0.000,12.413,0.001,0.000,0.000,0.000,2.455,0.000,0.000,0.000,0.000,0.000,0.000,0.000,0.000,0.000,0.786,0.000,0.000,1.375,0.000,0.000,6.153,0.000,0.000,0.000,3.561,0.000,18.294,0.000,5.948,2.010,0.755,0.000,0.000,0.001,0.000,0.000,0.097,0.000,0.008,11.005,0.000,0.000,0.000,0.244,19.690,0.000,0.000,0.000,0.000,5.269,0.000,0.001,34.864,0.000,0.027,39.870
2991.5,0,0.688,184.189,0.001,81.314,52.542,109.855,0.000,1.245,73.576,0.000,66.574,0.343,0.000,0.000,0.000,0.000,0.998,0.000,0.000,0.000,1.086,0.000,2.268,0.000,0.000,0.000,0.000,0.449,0.000,0.000,0.000,0.000,0.000,0.000,0.000,0.000,0.000,0.144,0.000,0.000,0.251,0.000,0.000,1.124,0.000,0.000,0.000,3.174,0.000,3.342,0.000,1.087,49.687,0.138,0.000,0.000,0.000,0.000,0.000,0.018,0.000,0.001,2.010,0.000,0.000,0.000,0.045,3.597,0.000,0.000,0.000,0.000,0.963,0.000,0.000,6.369,0.000,0.005,7.284
3000.0,0,0.126,33.648,0.000,104.721,119.361,20.069,0.000,0.227,13.441,163.746,12.162,89.929,0.000,0.000,0.000,0.000,0.182,0.000,0.000,0.000,0.198,0.000,0.414,0.000,0.000,0.000,0.000,0.082,73.576,0.000,0.000,0.000,0.000,0.000,0.000,0.000,0.000,0.026,0.000,0.000,0.046,0.000,0.000,0.205,0.000,0.000,0.000,0.580,0.000,0.611,0.000,0.199,9.077,0.025,0.000,0.000,0.000,0.000,0.000,0.003,0.000,0.000,0.367,0.000,0.000,0.000,0.008,0.657,0.000,0.000,0.000,0.000,0.176,0.000,0.000,1.164,0.000,0.001,1.331
3008.0,0,0.025,6.793,0.000,21.143,24.099,4.052,0.000,0.046,2.714,33.060,2.455,18.156,0.000,0.000,0.000,0.000,0.037,0.000,0.000,0.000,0.040,0.000,0.084,0.000,0.000,0.000,0.000,0.017,14.855,0.000,0.000,0.000,0.000,0.000,0.000,0.000,0.000,30.167,0.000,0.000,0.009,0.000,0.000,0.041,0.000,0.000,0.000,0.117,0.000,0.123,0.000,0.040,1.833,0.005,0.000,0.000,0.000,0.000,0.000,0.001,0.000,0.000,0.074,0.000,0.000,0.000,0.002,0.133,0.000,0.000,0.000,0.000,0.036,0.000,0.000,0.235,0.000,0.000,0.269
3016.5,0,0.005,135.305,0.000,3.862,4.402,0.740,0.000,0.008,0.496,6.039,0.449,3.317,0.000,0.000,0.000,0.000,0.007,0.000,0.000,0.000,0.007,0.000,0.015,0.000,0.000,0.000,0.000,0.003,2.714,0.000,0.000,0.000,0.000,0.000,0.000,0.000,0.000,5.511,0.000,0.000,0.002,0.000,0.000,0.008,0.000,0.000,0.000,0.021,0.000,0.023,0.000,0.007,0.335,0.001,0.000,0.000,0.000,0.000,0.000,0.000,0.000,0.000,0.014,0.000,0.000,0.000,0.000,0.024,0.000,0.000,0.000,0.000,0.006,0.000,0.000,0.043,0.000,0.000,0.049
3025.0,0,0.001,24.718,0.000,0.706,0.804,0.135,0.000,0.002,0.091,1.103,109.844,0.606,0.000,0.000,0.000,0.000,0.001,0.000,0.000,0.000,0.001,0.000,0.003,0.000,0.000,0.000,0.000,0.001,0.496,0.000,0.000,0.000,0.000,0.000,0.000,0.000,0.000,1.007,0.000,0.000,24.660,0.000,0.000,0.001,0.000,0.000,0.000,0.004,0.000,0.004,0.000,0.001,0.061,0.000,0.000,0.000,0.000,0.000,0.000,0.000,0.000,0.000,0.002,0.000,0.000,0.000,0.000,0.004,0.000,0.000,0.000,0.000,0.001,0.000,0.000,0.008,0.000,0.000,0.009
3033.0,0,0.000,4.990,0.000,0.142,0.162,0.027,0.000,0.000,0.018,0.223,22.177,0.122,0.000,0.000,0.000,0.000,0.000,0.000,0.000,0.000,0.000,0.000,0.001,0.000,0.000,0.000,0.000,0.000,0.100,0.000,0.000,0.000,0.000,0.000,0.000,0.000,0.000,0.203,0.000,0.000,4.979,0.000,0.000,0.000,0.000,0.000,0.000,0.001,0.000,0.001,0.000,0.000,0.012,0.000,0.000,0.000,0.000,0.000,0.000,0.000,0.000,0.000,49.320,0.000,0.000,0.000,0.000,0.001,0.000,0.000,0.000,0.000,0.000,0.000,0.000,0.002,0.000,0.000,0.002
3041.5,0,0.000,0.912,0.000,0.026,0.030,0.005,0.000,0.000,0.003,0.041,4.051,0.022,0.000,0.000,0.000,0.000,0.000,0.000,0.000,0.000,0.000,0.000,0.000,0.000,0.000,0.000,0.000,0.000,0.018,0.000,0.000,0.000,0.000,0.000,0.000,0.000,0.000,0.037,0.000,0.000,0.910,0.000,0.000,0.000,0.000,0.000,0.000,0.000,0.000,0.000,0.000,0.000,0.002,0.000,0.000,0.000,0.000,0.000,0.000,0.000,0.000,0.000,9.010,0.000,0.000,0.000,0.000,0.000,0.000,0.000,0.000,0.000,0.000,0.000,0.000,0.000,0.000,0.000,0.000
3050.0,0,0.000,0.167,0.000,0.005,0.005,0.001,0.000,0.000,0.001,0.007,0.740,0.004,0.000,0.000,0.000,0.000,0.000,0.000,0.000,0.000,0.000,0.000,0.000,0.000,0.000,0.000,0.000,0.000,0.003,0.000,0.000,0.000,0.000,0.000,0.000,0.000,0.000,0.007,0.000,0.000,0.166,0.000,0.000,0.000,0.000,0.000,0.000,0.000,0.000,0.000,0.000,0.000,0.000,0.000,0.000,0.000,0.000,0.000,0.000,0.000,0.000,0.000,1.646,0.000,0.000,0.000,0.000,0.000,0.000,0.000,0.000,0.000,0.000,0.000,0.000,0.000,0.000,0.000,0.000
3058.0,0,0.000,0.034,0.000,0.001,0.001,0.000,0.000,0.000,0.000,0.002,0.149,0.001,0.000,0.000,0.000,0.000,0.000,0.000,0.000,0.000,0.000,0.000,0.000,0.000,0.000,0.000,0.000,0.000,0.001,0.000,0.000,0.000,0.000,0.000,0.000,0.000,0.000,0.001,0.000,0.000,0.034,0.000,0.000,0.000,0.000,0.000,0.000,0.000,0.000,0.000,0.000,0.000,0.000,0.000,0.000,0.000,0.000,0.000,0.000,0.000,0.000,0.000,0.332,0.000,0.000,0.000,0.000,0.000,0.000,0.000,0.000,0.000,0.000,0.000,0.000,0.000,0.000,0.000,0.000
3066.5,0,0.000,0.006,0.000,0.000,0.000,0.000,0.000,0.000,0.000,0.000,0.027,0.000,0.000,0.000,0.000,0.000,0.000,0.000,0.000,0.000,0.000,0.000,0.000,0.000,0.000,0.000,0.000,0.000,0.000,0.000,0.000,0.000,0.000,0.000,0.000,0.000,0.000,0.000,0.000,0.000,0.006,0.000,0.000,0.000,0.000,0.000,0.000,0.000,0.000,0.000,0.000,0.000,0.000,0.000,0.000,0.000,0.000,0.000,0.000,0.000,0.000,0.000,0.061,0.000,0.000,0.000,0.000,0.000,0.000,0.000,0.000,0.000,0.000,0.000,0.000,0.000,0.000,0.000,0.000
3075.0,0,0.000,0.001,0.000,0.000,0.000,0.000,0.000,0.000,0.000,0.000,0.005,0.000,0.000,0.000,0.000,0.000,0.000,0.000,0.000,0.000,0.000,0.000,0.000,0.000,0.000,0.000,0.000,0.000,0.000,0.000,0.000,0.000,0.000,0.000,0.000,0.000,0.000,0.000,0.000,0.000,0.001,0.000,0.000,0.000,0.000,0.000,0.000,0.000,0.000,0.000,0.000,0.000,0.000,0.000,0.000,0.000,0.000,0.000,0.000,0.000,0.000,0.000,0.011,0.000,0.000,0.000,0.000,0.000,0.000,0.000,0.000,16.375,0.000,0.000,0.000,0.000,0.000,0.000,0.000
3083.0,0,0.000,0.000,0.000,0.000,0.000,0.000,0.000,0.000,0.000,0.000,0.001,0.000,0.000,0.000,0.000,0.000,0.000,0.000,0.000,0.000,0.000,0.000,0.000,0.000,0.000,0.000,0.000,0.000,0.000,0.000,0.000,0.000,0.000,0.000,0.000,0.000,0.000,27.291,0.000,0.000,0.000,0.000,0.000,0.000,0.000,0.000,0.000,0.000,0.000,11.096,0.000,0.000,0.000,0.000,0.000,0.000,0.000,0.000,0.000,7.886,0.000,0.000,0.002,0.000,0.000,0.000,0.000,0.000,0.000,0.000,0.000,3.306,0.000,0.000,0.000,0.000,0.000,0.000,0.000
3091.5,0,81.314,0.000,0.000,89.866,0.000,0.000,0.000,0.000,0.000,0.000,0.000,0.000,0.000,0.000,0.000,0.000,0.000,0.000,0.000,0.000,0.000,0.000,0.000,0.000,0.000,0.000,0.000,0.000,0.000,0.000,0.000,0.000,0.000,0.000,0.000,0.000,0.000,4.986,0.000,0.000,0.000,0.000,0.000,0.000,0.000,0.000,0.000,0.000,0.000,2.027,0.000,0.000,181.873,0.000,0.000,0.000,0.000,0.000,0.000,19.650,0.000,0.000,0.000,0.000,0.000,0.000,0.000,0.000,0.000,0.000,0.000,0.604,0.000,0.000,0.000,0.000,0.000,0.000,27.291
3100.0,0,81.429,54.506,148.164,16.417,134.064,89.866,0.000,99.317,0.000,66.574,0.000,0.000,0.000,0.000,0.000,0.000,0.000,0.000,0.000,54.506,0.000,0.000,121.306,0.000,0.000,0.000,0.000,0.000,0.000,0.000,163.746,0.000,0.000,0.000,0.000,0.000,0.000,0.911,0.000,0.000,52.432,0.000,0.000,0.000,0.000,0.000,0.000,5.082,0.000,20.588,0.000,0.000,33.225,0.000,0.000,16.758,20.190,0.000,0.000,13.222,0.000,0.000,0.000,0.000,0.000,0.000,27.837,0.000,0.000,0.000,0.000,0.110,3.765,0.000,0.000,0.000,0.000,0.000,4.986
3108.0,0,16.440,11.005,29.914,3.315,27.067,18.144,0.000,20.052,0.000,13.441,0.000,0.000,0.000,0.000,0.000,0.000,0.000,0.000,0.000,100.870,0.000,0.000,24.491,0.000,0.000,0.000,0.000,0.000,0.000,0.000,33.060,0.000,0.000,0.000,0.000,0.000,0.000,0.184,0.000,0.000,10.586,0.000,0.000,0.000,0.000,0.000,0.000,1.026,0.000,23.857,0.000,0.000,6.708,0.000,0.000,3.383,4.076,0.000,0.000,2.669,0.000,0.000,0.000,0.000,0.000,0.000,5.620,0.000,0.000,0.000,0.000,0.022,0.760,0.000,0.000,0.000,0.000,6.056,1.007
3116.5,0,3.003,2.010,5.465,0.606,126.251,3.315,0.000,3.663,0.000,2.455,0.000,0.000,0.000,0.000,0.000,0.000,0.000,0.000,0.000,18.427,0.000,0.000,4.474,0.000,0.000,0.000,0.000,0.000,0.000,0.000,6.039,0.000,0.000,0.000,0.000,0.000,0.000,0.034,0.000,0.000,1.934,0.000,0.000,0.000,0.000,0.000,0.000,0.187,0.000,4.358,0.000,0.000,1.225,0.000,0.000,0.618,0.745,0.000,0.000,11.133,0.000,74.082,0.000,0.000,0.000,0.000,1.027,0.000,0.000,0.000,0.000,0.004,0.139,0.000,0.000,27.441,0.000,1.106,18.478
3125.0,0,0.549,237.689,0.998,0.111,132.826,90.471,0.000,0.669,73.576,0.449,0.000,0.000,0.000,0.000,0.000,0.000,0.000,0.000,0.000,3.366,0.000,89.866,0.817,0.000,0.000,0.000,0.000,0.000,0.000,121.306,1.103,0.000,0.000,0.000,0.000,0.000,0.000,0.006,0.000,0.000,0.353,0.000,0.000,0.000,0.000,0.000,0.000,0.034,0.000,23.994,0.000,0.000,67.256,0.000,0.000,0.113,0.136,0.000,0.000,2.034,0.000,95.407,40.379,0.000,0.000,0.000,0.188,0.000,0.000,0.000,0.000,0.001,0.025,0.000,0.000,5.013,0.000,0.202,3.376
3133.0,0,81.425,47.989,0.202,81.336,26.817,18.266,0.000,0.135,14.855,0.091,49.319,66.574,0.000,0.000,0.000,0.000,0.000,0.000,0.000,0.680,109.762,18.144,0.165,60.239,0.000,0.000,0.000,0.000,0.000,24.491,0.223,22.621,0.000,0.000,0.000,0.000,0.000,0.001,0.000,0.000,0.071,0.000,0.000,0.000,0.000,0.000,0.000,0.007,0.000,4.844,0.000,0.000,13.579,0.000,0.000,0.023,0.027,0.000,0.000,3.036,0.000,19.262,57.472,0.000,0.000,0.000,0.038,0.000,0.000,0.000,0.000,0.000,0.005,0.000,0.000,1.012,0.000,0.041,0.682
3141.5,0,14.875,8.767,0.037,14.859,4.899,3.337,0.000,0.025,2.714,0.017,9.010,12.162,0.000,0.000,0.000,0.000,0.000,0.000,0.000,0.124,20.052,3.315,0.030,11.005,0.000,0.000,0.000,0.000,0.000,4.474,0.041,4.132,0.000,0.000,0.000,0.000,0.000,0.000,0.000,0.000,0.013,0.000,0.000,7.530,0.000,0.000,0.000,0.001,0.000,0.885,0.000,0.000,2.481,0.000,0.000,0.004,0.005,0.000,0.000,0.555,0.000,30.772,59.819,0.000,0.000,0.000,0.007,0.000,0.000,0.000,0.000,0.000,0.001,0.000,0.000,0.185,0.000,0.007,0.125
3150.0,0,2.717,1.602,0.007,2.714,0.895,0.610,0.000,0.005,0.496,0.003,1.646,2.222,0.000,0.000,0.000,0.000,0.000,0.000,0.000,0.023,3.663,0.606,0.006,2.010,0.000,0.000,0.000,0.000,0.000,0.817,0.007,0.755,0.000,0.000,0.000,0.000,0.000,0.000,0.000,0.000,0.002,0.000,0.000,1.376,0.000,0.000,0.000,0.000,0.000,0.162,0.000,0.000,0.453,0.000,0.000,0.001,0.001,0.000,0.000,0.101,0.000,5.622,10.928,0.000,0.000,0.000,0.001,0.000,0.000,0.000,0.000,0.000,0.000,0.000,0.000,0.034,0.000,0.001,0.023
3158.0,0,148.712,0.323,0.001,0.548,0.181,0.123,0.000,0.001,0.100,0.001,0.332,0.449,0.000,0.000,0.000,0.000,0.000,0.000,0.000,0.005,0.740,0.122,0.001,0.406,0.000,0.000,0.000,0.000,0.000,0.165,0.002,0.152,0.000,0.000,0.000,0.000,0.000,30.161,0.000,0.000,0.000,7.530,0.000,0.278,0.000,0.000,0.000,0.000,0.000,0.033,0.000,0.000,0.091,0.000,0.000,0.000,0.000,0.000,0.000,0.020,0.000,1.135,2.206,0.000,0.000,0.000,0.000,0.000,0.000,0.000,0.000,0.000,0.000,0.000,0.000,0.007,0.000,0.000,0.005
3166.5,0,117.033,81.373,0.000,109.862,200.033,89.888,0.000,73.576,0.018,0.000,0.061,0.082,0.000,0.000,0.000,0.000,0.000,0.000,0.000,0.001,0.135,0.022,148.164,0.074,0.000,0.000,0.000,163.746,0.000,0.030,0.000,0.028,0.000,0.000,0.000,0.000,0.000,20.488,0.000,0.000,44.933,1.376,0.000,0.051,0.000,0.000,0.000,0.000,0.000,68.535,0.000,0.000,190.500,0.000,0.000,0.000,0.000,0.000,0.000,38.265,0.000,0.207,0.403,0.000,0.000,0.000,0.000,0.000,0.000,0.000,0.000,0.000,8.379,0.000,67.032,0.001,0.000,0.000,12.263
3175.0,0,21.380,14.866,0.000,20.070,36.543,16.421,0.000,58.067,0.003,0.000,0.011,0.015,0.000,0.000,0.000,0.000,66.574,0.000,0.000,0.000,0.025,0.004,87.306,0.014,0.000,0.000,0.000,29.914,0.000,0.006,0.000,0.005,0.000,0.000,0.000,0.000,0.000,3.743,0.000,0.000,8.209,0.251,0.000,0.009,0.000,9.864,0.000,0.000,0.000,12.520,0.000,0.000,34.801,0.000,0.000,26.175,20.190,0.000,0.000,6.990,0.000,0.038,0.074,0.000,0.000,0.000,0.000,9.511,0.000,0.000,0.000,0.000,1.531,0.000,12.246,0.000,0.000,20.108,2.240
3183.0,0,4.317,3.001,0.000,4.052,7.378,3.315,0.000,11.724,81.315,0.000,0.002,0.003,0.000,0.000,0.000,0.000,13.441,0.000,0.000,0.000,0.005,0.001,17.627,0.003,0.000,0.000,44.626,6.039,0.000,0.001,0.000,0.001,0.000,0.000,0.000,0.000,0.000,0.756,0.000,0.000,1.657,0.051,0.000,0.002,0.000,1.991,0.000,0.000,0.000,2.528,0.000,30.327,7.026,0.000,0.000,5.285,4.076,0.000,0.000,1.411,0.000,0.008,0.015,0.000,0.000,0.000,0.000,1.920,0.000,0.000,0.000,0.000,0.309,0.000,2.472,53.685,0.000,4.060,8.672
3191.5,0,0.789,0.548,0.000,0.740,61.587,0.606,0.000,2.142,14.855,0.000,0.000,0.001,0.000,0.000,0.000,89.866,2.455,0.000,0.000,0.000,0.001,121.306,3.220,0.000,0.000,0.000,8.152,1.103,0.000,66.574,0.000,0.000,0.000,0.000,0.000,0.000,0.000,0.138,0.000,0.000,0.303,0.009,0.000,0.000,0.000,0.364,0.000,0.000,0.000,0.462,0.000,5.540,1.284,0.000,0.000,0.965,0.745,0.000,0.000,0.258,0.000,0.001,0.003,0.000,0.000,0.000,0.000,0.351,0.000,0.000,0.000,0.000,10.291,0.000,0.452,9.807,0.000,0.742,34.918
3200.0,0,0.144,66.674,0.000,0.135,11.251,73.687,0.000,0.391,2.714,0.000,0.000,0.000,0.000,0.000,0.000,16.417,0.449,0.000,0.000,0.000,0.000,22.161,0.588,0.000,0.000,0.000,1.489,0.202,0.000,12.162,0.000,0.000,0.000,0.000,0.000,0.000,0.000,0.025,0.000,0.000,67.087,0.002,0.000,0.000,0.000,0.066,0.000,0.000,0.000,0.084,0.000,1.012,0.234,0.000,0.000,0.176,0.136,0.000,0.000,0.047,0.000,0.000,0.000,0.000,0.000,0.000,0.000,0.064,0.000,0.000,0.000,0.000,1.880,0.000,0.083,39.318,0.000,0.135,6.379
3208.0,0,0.029,73.700,0.000,0.027,2.272,14.877,0.000,0.079,0.548,0.000,109.762,54.506,0.000,0.000,0.000,3.315,0.091,0.000,0.000,0.000,0.000,4.474,0.119,99.317,0.000,0.000,0.301,0.041,109.762,2.455,0.000,0.000,0.000,0.000,0.000,0.000,0.000,0.005,0.000,0.000,13.545,0.000,0.000,0.000,0.000,0.013,0.000,0.000,0.000,0.017,0.000,0.204,0.047,0.000,0.000,0.036,30.147,0.000,0.000,0.010,0.000,0.000,0.000,0.000,0.000,12.838,10.901,0.013,0.000,0.000,0.000,0.000,0.380,0.000,0.017,7.938,0.000,0.027,1.288
3216.5,0,0.005,13.464,0.000,0.005,0.415,2.718,0.000,0.014,0.100,0.000,20.052,9.957,0.000,0.000,0.000,0.606,0.017,148.164,0.000,0.000,49.319,0.817,0.022,18.144,0.000,0.000,0.055,0.007,20.052,0.449,0.000,0.000,0.000,0.000,0.000,0.000,0.000,0.001,0.000,0.000,2.474,0.000,0.000,0.000,0.000,0.002,0.000,0.000,0.000,0.003,0.000,0.037,0.009,0.000,0.000,0.007,5.507,0.000,0.000,11.766,0.000,0.000,148.164,0.000,0.000,2.345,1.991,0.002,0.000,0.000,0.000,0.000,0.069,0.000,0.003,1.450,0.000,0.005,0.235
3225.0,0,99.318,2.460,0.000,0.001,0.076,0.496,0.000,0.003,0.018,0.000,3.663,1.819,0.000,0.000,0.000,0.111,0.003,27.067,0.000,0.000,9.010,0.149,0.004,3.315,0.000,0.000,0.010,0.001,3.663,0.082,0.000,0.000,0.000,0.000,0.000,0.000,0.000,0.000,0.000,0.000,0.452,0.000,0.000,0.000,0.000,0.000,0.000,0.000,0.000,0.001,0.000,0.007,0.002,0.000,0.000,0.001,1.006,0.000,0.000,2.150,0.000,0.000,27.067,0.000,0.000,0.428,0.364,0.000,0.000,0.000,0.000,0.000,0.013,0.000,0.001,0.265,0.000,0.001,0.043
3233.0,0,20.052,0.497,0.000,0.000,0.015,0.100,0.000,109.763,0.004,0.000,0.740,0.367,0.000,0.000,0.000,0.022,0.001,5.465,0.000,0.000,1.819,0.030,0.001,0.669,0.000,0.000,0.002,0.000,0.740,0.017,0.000,0.000,0.000,0.000,0.000,0.000,0.000,0.000,0.000,0.000,0.091,0.000,0.000,0.000,0.000,0.000,0.000,0.000,0.000,0.000,0.000,0.001,0.000,0.000,0.000,0.000,0.203,0.000,0.000,0.434,0.000,0.000,5.465,0.000,0.000,0.087,0.073,0.000,0.000,0.000,0.000,0.000,0.003,0.000,0.000,0.053,0.000,0.000,0.009
3241.5,0,3.663,0.091,0.000,0.000,0.003,0.018,0.000,20.052,0.001,0.000,0.135,0.067,0.000,0.000,0.000,0.004,148.164,0.998,0.000,0.000,0.332,0.006,0.000,0.122,0.000,0.000,0.000,81.314,0.135,0.003,0.000,0.000,0.000,0.000,0.000,0.000,0.000,0.000,0.000,0.000,0.017,0.000,0.000,0.000,0.000,0.000,0.000,0.000,0.000,0.000,0.000,0.000,0.000,0.000,0.000,0.000,0.037,0.000,0.000,0.079,0.000,0.000,0.998,0.000,0.000,0.016,0.013,0.000,0.000,0.000,0.000,0.000,0.000,0.000,0.000,0.010,0.000,0.000,0.002
3250.0,0,0.669,0.017,0.000,0.000,0.001,0.003,0.000,3.663,0.000,0.000,0.025,0.012,0.000,0.000,0.000,0.001,27.067,0.182,0.000,0.000,0.061,0.001,0.000,0.022,0.000,0.000,0.000,14.855,0.025,0.001,0.000,0.000,0.000,0.000,7.342,0.000,0.000,18.294,0.000,0.000,0.003,0.000,0.000,0.000,0.000,0.000,0.000,0.000,0.000,0.000,0.000,0.000,0.000,0.000,0.000,0.000,0.007,0.000,0.000,0.014,0.000,0.000,0.182,0.000,0.000,0.003,0.002,0.000,0.000,0.000,0.000,0.000,0.000,0.000,0.000,0.002,0.000,0.000,0.000
3258.0,0,0.135,0.003,0.000,0.000,0.000,0.001,0.000,0.740,0.000,0.000,0.005,0.002,0.000,0.000,0.000,0.000,5.465,0.037,0.000,0.000,0.012,0.000,0.000,0.005,0.000,0.000,0.000,2.999,0.005,0.000,0.000,0.000,0.000,0.000,1.482,0.000,0.000,3.693,0.000,0.000,0.001,0.000,0.000,0.000,0.000,0.000,0.000,0.000,0.000,30.161,0.000,0.000,0.000,0.000,0.000,0.000,0.001,0.000,0.000,0.003,0.000,0.000,0.037,0.000,0.000,0.001,0.000,0.000,0.000,0.000,0.000,0.000,0.000,0.000,0.000,0.000,0.000,0.000,0.000
3266.5,0,0.025,0.001,40.379,54.506,0.000,0.000,109.762,0.135,0.000,0.000,0.001,0.000,0.000,0.000,0.000,0.000,0.998,0.007,0.000,89.866,0.002,0.000,0.000,0.001,0.000,0.000,0.000,0.548,0.001,0.000,0.000,0.000,0.000,0.000,0.271,0.000,0.000,0.675,0.000,0.000,0.000,0.000,0.000,0.000,0.000,0.000,0.000,0.000,0.000,5.510,0.000,0.000,44.933,0.000,0.000,0.000,0.000,0.000,0.000,0.001,0.000,0.000,0.007,0.000,0.000,0.000,0.000,0.000,0.000,0.000,0.000,0.000,0.000,0.000,0.000,0.000,0.000,0.000,0.000
3275.0,0,0.005,0.000,7.377,9.957,0.000,0.000,20.052,0.025,0.000,0.000,0.000,0.000,0.000,66.574,0.000,0.000,0.182,0.001,99.317,16.417,0.000,0.000,0.000,0.000,44.626,0.000,0.000,0.100,0.000,0.000,0.000,0.000,0.000,0.000,18.231,7.886,0.000,0.123,0.000,0.000,0.000,0.000,0.000,0.000,0.000,0.000,0.000,0.000,0.000,1.007,0.000,0.000,8.209,0.000,0.000,0.000,0.000,0.000,0.000,0.000,0.000,0.000,0.001,0.000,0.000,0.000,0.000,0.000,0.000,0.000,37.041,0.000,0.000,0.000,0.000,0.000,0.000,0.000,0.000
3283.0,0,0.001,0.000,1.489,2.010,200.000,0.000,4.048,0.005,0.000,0.000,0.000,0.000,0.000,13.441,0.000,0.000,0.037,0.000,20.052,3.315,0.000,0.000,0.000,0.000,9.010,0.000,0.000,0.020,0.000,0.000,0.000,0.000,0.000,0.000,17.058,1.592,0.000,0.025,0.000,0.000,0.000,0.000,0.000,0.000,0.000,0.000,0.000,0.000,0.000,0.203,0.000,0.000,1.657,0.000,0.000,0.000,0.000,0.000,0.000,0.000,0.000,0.000,0.000,0.000,0.000,0.000,0.000,0.000,0.000,0.000,7.478,0.000,0.000,0.000,0.000,0.000,0.000,0.000,0.000
3291.5,0,0.000,0.000,0.272,0.367,36.537,0.000,0.740,0.001,0.000,0.000,0.000,0.000,0.000,2.455,0.000,0.000,0.007,0.000,3.663,0.606,0.000,200.000,0.000,0.000,1.646,0.000,0.000,0.004,0.000,134.064,0.000,0.000,0.000,0.000,3.116,0.291,0.000,0.005,0.000,0.000,0.000,0.000,0.000,0.000,0.000,0.000,0.000,0.000,0.000,0.037,0.000,0.000,0.303,0.000,0.000,0.000,0.000,0.000,0.000,0.000,0.000,0.000,0.000,0.000,0.000,0.000,0.000,0.000,0.000,0.000,1.366,0.000,0.000,0.000,0.000,0.000,0.000,0.000,0.000
3300.0,0,0.000,0.000,0.050,54.573,6.675,0.000,0.135,0.000,54.506,134.064,0.000,0.000,0.000,0.449,0.000,0.000,0.001,0.000,0.669,0.111,0.000,36.537,0.000,0.000,0.301,0.000,0.000,0.001,0.000,24.491,0.000,0.000,0.000,0.000,0.569,0.053,0.000,0.001,0.000,0.000,81.873,18.520,0.000,0.000,0.000,0.000,0.000,0.000,0.000,7.444,0.000,0.000,0.055,0.000,6.730,0.000,0.000,0.000,26.846,0.000,0.000,0.000,0.000,0.000,0.000,0.000,0.000,0.000,0.000,0.000,0.250,0.000,0.000,0.000,0.000,0.000,0.000,0.000,0.000
3308.0,0,0.000,0.000,0.010,55.644,1.348,0.000,0.027,0.000,11.005,175.231,0.000,0.000,0.000,0.091,0.000,60.239,0.000,0.000,0.135,49.342,0.000,7.377,0.000,0.000,0.061,0.000,0.000,0.000,0.000,4.945,54.506,0.000,0.000,0.000,0.115,9.643,0.000,0.000,0.000,63.403,49.817,3.739,0.000,0.000,0.000,0.000,16.452,0.000,0.000,23.847,0.000,0.000,0.011,0.000,1.359,0.000,0.000,0.000,5.420,0.000,0.000,0.000,0.000,0.000,0.000,0.000,0.000,0.000,0.000,0.000,0.050,0.000,0.000,0.000,0.000,0.000,0.000,20.107,0.000
3316.5,0,0.000,0.000,0.002,10.165,0.246,0.000,0.005,0.000,2.010,32.012,0.000,0.000,44.626,0.017,0.000,11.005,0.000,0.000,0.025,9.014,0.000,1.348,0.000,0.000,0.011,0.000,0.000,0.000,0.000,0.903,9.957,50.516,0.000,0.000,0.021,1.762,0.000,0.000,0.000,11.583,9.101,0.683,0.000,0.000,0.000,0.000,3.005,0.000,0.000,4.356,0.000,0.000,0.002,0.000,0.248,16.758,49.659,0.000,0.990,2.375,0.000,30.119,0.000,0.000,0.000,0.000,0.000,0.000,0.000,0.000,0.009,0.000,0.000,0.000,0.000,40.937,0.000,3.673,6.730
3325.0,0,180.967,148.164,0.000,1.857,0.045,163.746,0.001,0.000,0.367,5.848,0.000,0.000,8.152,0.003,0.000,2.010,0.000,0.000,0.005,1.647,0.000,0.246,0.000,0.000,0.002,0.000,0.000,0.000,0.000,0.165,1.819,9.228,0.000,0.000,0.004,0.322,0.000,33.333,0.000,98.013,76.733,0.125,0.000,0.000,0.000,0.000,0.549,0.000,0.000,28.087,0.000,0.000,0.000,0.000,0.045,3.061,9.072,0.000,0.181,31.463,0.000,5.502,0.000,0.000,0.000,0.000,0.000,0.000,0.000,0.000,0.002,0.000,20.879,0.000,0.000,17.573,0.000,0.671,34.563
3333.0,0,36.537,163.978,60.239,66.949,109.771,33.060,0.000,0.000,0.074,1.181,200.000,0.000,1.646,0.001,0.000,0.406,0.000,0.000,0.001,49.652,0.000,0.050,0.000,200.000,0.000,134.064,0.000,0.000,148.164,0.033,0.367,26.863,0.000,0.000,0.001,0.065,0.000,6.730,0.000,40.117,52.280,0.025,0.000,0.000,0.000,0.000,0.111,0.000,0.000,15.710,0.000,0.000,0.000,0.000,0.009,0.618,1.832,0.000,0.037,6.352,0.000,1.111,0.000,0.000,0.000,0.000,0.000,0.000,0.000,0.000,0.000,0.000,4.215,0.000,0.000,3.548,0.000,0.135,6.978
3341.5,0,73.249,29.956,11.005,12.231,20.053,154.203,0.000,121.306,0.014,0.216,36.537,0.000,0.301,0.000,0.000,0.074,0.000,0.000,0.000,9.071,0.000,0.009,0.000,36.537,0.000,24.491,0.000,0.000,27.067,0.006,0.067,4.907,0.000,0.000,0.000,0.012,0.000,16.207,0.000,7.329,29.740,0.005,0.000,0.000,0.000,0.000,0.020,0.000,0.000,2.870,0.000,0.000,33.287,20.468,0.002,0.113,0.335,0.000,0.007,1.160,0.000,0.203,200.000,0.000,0.000,0.000,0.000,0.000,0.000,0.000,0.000,4.463,0.770,0.000,0.000,0.648,0.000,0.025,1.275
3350.0,0,13.381,5.472,2.010,2.234,3.663,28.170,0.000,22.161,0.002,0.039,6.675,49.319,0.055,0.000,0.000,0.014,0.000,0.000,0.000,1.657,0.000,0.002,0.000,6.675,0.000,4.474,0.000,0.000,4.945,0.001,0.012,0.897,0.000,0.000,0.000,0.002,0.000,2.961,0.000,1.339,32.686,0.001,0.000,0.000,0.000,0.000,0.004,0.000,0.000,0.524,0.000,0.000,6.081,3.739,0.000,0.021,0.061,0.000,0.001,0.212,0.000,0.037,36.537,0.000,0.000,0.000,0.000,0.000,0.000,0.000,0.000,0.815,0.141,0.000,0.000,0.118,0.000,0.005,0.233
3358.0,0,2.702,1.105,0.406,0.451,0.740,5.688,0.000,4.474,0.000,0.008,1.348,9.957,0.011,0.000,0.000,0.003,0.000,0.000,0.000,0.335,0.000,0.000,0.000,1.348,0.000,0.903,0.000,0.000,0.998,0.000,0.002,0.181,0.000,0.000,0.000,0.000,0.000,0.598,0.000,0.270,6.599,0.000,8.220,0.000,0.000,0.000,0.001,0.000,0.000,0.106,0.000,0.000,1.228,0.755,0.000,0.004,0.012,0.000,0.000,0.043,0.000,0.007,7.377,0.000,0.000,0.000,0.000,0.000,0.000,0.000,0.000,0.165,0.028,0.000,0.000,0.024,0.000,0.001,0.047
3366.5,0,0.494,0.202,0.074,148.246,163.881,1.039,0.000,0.817,0.000,0.001,0.246,1.819,0.002,0.000,0.000,0.000,0.000,0.000,0.000,0.061,0.000,0.000,0.000,0.246,0.000,0.165,0.000,0.000,0.182,0.000,0.000,0.033,0.000,0.000,0.000,0.000,0.000,0.109,0.000,0.049,1.206,0.000,1.502,0.000,0.000,0.000,0.000,0.000,0.000,0.019,0.000,0.000,0.224,0.138,0.000,0.001,0.002,0.000,0.000,0.008,0.000,0.001,1.348,0.000,0.000,0.000,0.000,0.000,0.000,0.000,0.000,0.030,0.005,0.000,0.000,0.004,0.000,0.000,0.009
3375.0,0,134.154,0.037,109.776,108.396,164.002,0.190,0.000,0.149,0.000,121.306,0.045,0.332,0.000,0.000,0.000,0.000,0.000,0.000,0.000,148.175,0.000,200.000,0.000,0.045,0.000,0.030,0.000,0.000,0.033,0.000,0.000,0.006,0.000,0.000,0.000,0.000,0.000,0.020,0.000,0.009,40.877,0.000,0.274,0.000,0.000,0.000,0.000,0.000,0.000,11.099,0.000,0.000,0.041,0.025,0.000,0.000,0.000,0.000,0.000,0.001,0.000,0.000,0.246,0.000,0.000,0.000,0.000,0.000,0.000,0.000,0.000,0.005,0.001,0.000,0.000,0.001,0.000,0.000,27.293
3383.0,0,27.085,54.514,22.163,21.885,33.112,49.358,66.574,0.030,49.319,24.491,0.009,0.067,0.000,0.000,0.000,0.000,0.000,0.000,0.000,111.230,134.064,40.379,0.000,0.009,0.000,0.006,0.000,0.000,0.007,0.000,54.506,0.001,0.000,0.000,0.000,0.000,0.000,0.004,0.000,0.002,8.253,0.000,0.055,0.000,0.000,0.000,0.000,0.000,0.000,2.241,0.000,0.000,0.008,0.005,0.000,0.000,60.653,0.000,0.000,17.607,0.000,0.000,0.050,0.000,0.000,0.000,0.000,0.000,0.000,0.000,0.000,0.001,0.000,0.000,0.000,0.000,0.000,0.000,5.510
3391.5,0,104.265,59.278,4.049,3.998,6.049,9.017,12.162,0.006,9.010,4.474,0.002,0.012,0.000,0.000,0.000,0.000,0.000,0.000,0.000,20.320,24.491,7.377,0.000,0.002,0.000,0.001,0.000,0.000,0.001,0.000,9.957,0.000,0.000,0.000,0.000,4.783,0.000,0.001,0.000,0.000,1.508,0.000,0.010,0.000,0.000,0.000,0.000,0.000,0.000,15.387,0.000,0.000,0.002,0.001,0.000,13.720,11.080,0.000,0.000,3.217,0.000,81.873,89.875,0.000,0.000,0.000,0.000,8.606,0.000,44.933,0.000,0.000,3.407,0.000,0.000,0.000,0.000,4.958,12.102
3400.0,0,19.048,10.829,0.740,148.894,1.105,1.647,2.222,0.001,1.646,0.817,0.000,0.002,0.000,0.000,0.000,0.000,0.000,0.000,0.000,3.712,4.474,1.348,0.000,0.000,0.000,0.000,0.000,0.000,0.000,0.000,1.819,0.000,0.000,0.000,0.000,0.874,0.000,0.000,0.000,0.000,0.275,0.000,0.002,0.000,0.000,0.000,0.000,0.000,0.000,2.811,0.000,0.000,0.000,0.000,0.000,2.506,2.024,0.000,0.000,0.588,0.000,14.957,16.419,0.000,0.000,0.000,0.000,1.572,0.000,8.209,0.000,0.000,0.622,0.000,0.000,0.000,0.000,0.906,2.211
3408.0,0,3.846,2.186,0.149,30.061,0.223,0.333,0.449,0.000,0.332,134.229,0.000,0.000,0.000,0.000,0.000,0.000,0.000,0.000,0.000,0.749,0.903,0.272,0.000,0.000,0.000,0.000,0.000,0.000,0.000,0.000,0.367,0.000,0.000,0.000,0.000,0.176,0.000,0.000,0.000,0.000,0.056,0.000,0.000,0.000,0.000,0.000,0.000,0.000,0.000,0.568,0.000,0.000,0.000,0.000,0.000,0.506,0.409,0.000,0.000,0.119,0.000,3.020,3.315,0.000,0.000,0.000,0.000,0.317,0.000,1.657,0.000,0.000,0.126,0.000,0.000,0.000,0.000,0.183,0.446
3416.5,0,134.767,0.399,0.027,5.492,0.041,0.061,0.082,0.000,0.061,24.521,0.000,0.000,0.000,0.000,0.000,0.000,0.000,0.000,0.000,0.137,0.165,0.050,0.000,0.000,0.000,0.000,0.000,0.000,0.000,0.000,0.067,0.000,0.000,0.000,0.000,0.032,0.000,0.000,0.000,11.157,0.010,0.000,0.000,0.000,0.000,0.000,0.000,0.000,0.000,9.188,0.000,0.000,0.000,0.000,0.000,0.092,0.075,0.000,0.000,11.362,0.000,0.552,0.606,0.000,0.000,0.000,0.000,10.569,0.000,27.556,0.000,0.000,17.871,0.000,0.000,11.157,0.000,0.033,29.346
3425.0,0,114.485,0.073,89.871,110.766,121.314,0.011,0.015,66.574,0.011,4.480,0.000,0.000,0.000,0.000,0.000,0.000,0.000,0.000,0.000,180.992,0.030,0.009,99.317,0.000,0.000,0.000,0.000,134.064,0.000,0.000,0.012,0.000,0.000,0.000,0.000,0.006,0.000,0.000,0.000,2.038,0.002,0.000,0.000,0.000,0.000,0.000,0.000,0.000,0.000,57.356,0.000,0.000,0.000,0.000,0.000,0.017,0.014,0.000,0.000,2.076,0.000,0.101,0.111,0.000,0.000,0.000,0.000,1.931,0.000,5.034,20.328,0.000,3.265,0.000,0.000,2.038,0.000,0.006,5.361
3433.0,0,23.114,0.015,91.720,22.363,98.069,0.002,60.242,67.947,121.308,0.904,0.000,0.000,0.000,0.000,0.000,0.000,0.000,0.000,0.000,36.542,0.006,163.748,109.918,0.000,0.000,0.000,0.000,27.067,0.000,81.314,0.002,0.000,0.000,0.000,17.371,0.001,0.000,16.553,0.000,0.411,0.000,0.000,0.000,0.000,0.000,0.000,0.000,0.000,0.000,11.580,0.000,0.000,22.313,0.000,0.000,0.003,0.003,0.000,0.000,0.419,0.000,0.020,0.022,0.000,0.000,21.166,0.000,0.390,0.000,1.016,4.104,0.000,0.659,0.000,0.000,0.411,0.000,0.001,1.082
3441.5,0,4.223,0.003,16.756,4.085,17.916,0.000,84.581,12.413,22.161,0.165,0.000,0.000,0.000,0.000,0.000,0.000,0.000,0.000,0.000,6.676,0.001,29.914,20.080,0.000,0.000,0.000,0.000,4.945,0.000,14.855,0.000,0.000,0.000,0.000,3.173,0.000,0.000,3.024,0.000,0.075,0.000,0.000,0.000,0.000,0.000,0.000,0.000,0.000,0.000,2.115,0.000,0.000,4.076,0.000,0.000,0.001,22.314,0.000,37.668,0.077,0.000,0.004,0.004,0.000,0.000,11.653,0.000,0.071,0.000,0.186,0.750,0.000,2.910,0.000,0.000,0.075,0.000,7.397,0.198
3450.0,0,0.771,0.000,3.061,0.746,3.273,0.000,15.452,2.268,4.048,0.030,0.000,0.000,0.000,54.506,0.000,0.000,0.000,0.000,0.000,1.220,0.000,5.465,3.668,0.000,0.000,0.000,0.000,0.903,0.000,2.714,0.000,0.000,0.000,0.000,0.580,0.000,0.000,0.552,0.000,0.014,0.000,0.000,0.000,0.000,0.000,0.000,0.000,0.000,0.000,0.386,0.000,0.000,0.745,0.000,0.000,0.000,4.076,0.000,6.881,0.014,0.000,0.001,0.001,0.000,0.000,2.129,0.000,0.013,0.000,0.034,0.137,0.000,0.532,0.000,0.000,0.014,0.000,1.351,0.036
3458.0,0,0.156,0.000,0.618,0.151,0.661,0.000,3.120,0.458,0.817,0.006,0.000,0.000,0.000,11.005,0.000,0.000,0.000,0.000,0.000,0.246,0.000,1.103,0.741,0.000,0.000,0.000,0.000,0.182,0.000,0.548,0.000,0.000,0.000,0.000,0.117,0.000,0.000,0.112,0.000,0.003,0.000,0.000,0.000,0.000,0.000,0.000,0.000,0.000,0.000,0.078,0.000,0.000,0.150,0.000,0.000,0.000,0.823,0.000,1.389,10.648,0.000,0.000,0.000,0.000,0.000,0.430,0.000,0.003,0.000,0.007,0.028,0.000,0.107,0.000,0.000,0.003,0.000,0.273,0.007
3466.5,0,237.351,81.314,0.113,0.028,0.121,121.306,0.570,0.084,0.149,0.001,0.000,0.000,0.000,2.010,0.000,0.000,0.000,0.000,0.000,0.045,0.000,0.202,0.135,0.000,0.000,0.000,0.000,0.033,0.000,0.100,0.000,0.000,0.000,0.000,0.021,0.000,0.000,55.698,0.000,0.001,60.653,0.000,0.000,0.000,0.000,0.000,0.000,0.000,0.000,0.014,0.000,0.000,0.027,0.000,0.000,0.000,0.150,0.000,0.254,8.402,0.000,0.000,0.000,0.000,0.000,0.079,0.000,0.000,0.000,0.001,0.005,0.000,6.227,0.000,0.000,40.861,0.000,0.050,16.554
3475.0,0,43.360,59.481,0.021,0.005,0.022,22.161,0.104,49.335,0.027,0.000,66.574,0.000,0.000,0.367,0.000,0.000,81.314,0.000,0.000,0.008,0.000,0.037,73.601,81.314,0.000,134.064,0.000,109.768,0.000,0.018,0.000,0.000,0.000,0.000,0.004,0.000,0.000,10.175,0.000,0.000,11.080,0.000,30.161,25.000,0.000,0.000,0.000,0.000,0.000,0.003,0.000,0.000,100.005,16.758,0.000,22.621,24.687,0.000,0.046,6.535,0.000,0.000,0.000,0.000,0.000,0.014,12.048,0.000,0.000,0.000,0.001,0.000,1.138,0.000,0.000,7.465,0.000,0.009,3.024
3483.0,0,8.754,12.009,0.004,0.001,0.004,53.794,0.021,9.961,0.006,0.000,13.441,81.314,0.000,0.074,0.000,0.000,16.417,0.000,0.000,0.002,49.319,0.007,59.486,16.417,0.000,27.067,0.000,22.162,0.000,0.004,0.000,0.000,0.000,0.000,0.001,0.000,0.000,2.054,0.000,0.000,2.237,0.000,15.174,14.244,0.000,0.000,0.000,0.000,0.000,0.001,0.000,0.000,42.504,3.383,0.000,4.567,29.644,0.000,0.009,1.319,0.000,24.660,54.506,0.000,0.000,0.003,2.432,0.000,0.000,0.000,0.000,0.000,0.230,0.000,0.000,1.507,0.000,0.002,0.611
3491.5,0,1.599,2.194,0.001,0.000,0.001,9.827,0.004,1.820,0.001,0.000,2.455,14.855,0.000,0.014,0.000,0.000,2.999,0.000,0.000,0.000,9.010,0.001,10.867,2.999,0.000,4.945,0.000,4.049,0.000,0.001,0.000,0.000,0.000,0.000,0.000,0.000,0.000,0.375,0.000,0.000,0.409,0.000,2.772,2.602,0.000,0.000,0.000,0.000,0.000,0.000,0.000,0.000,7.765,0.618,0.000,0.834,5.415,0.000,0.002,0.241,0.000,4.505,9.957,0.000,0.000,0.001,0.444,0.000,0.000,0.000,0.000,0.000,7.624,0.000,30.119,0.275,0.000,0.000,0.112
3500.0,0,164.038,0.401,0.000,0.000,0.000,1.795,0.001,0.332,0.000,0.000,0.449,2.714,0.000,0.002,0.000,0.000,0.548,0.000,0.000,0.000,1.646,0.000,1.985,0.548,0.000,0.903,0.000,0.740,0.000,0.000,0.000,0.000,0.000,0.000,0.000,0.000,0.000,13.621,0.000,0.000,0.075,0.000,0.506,0.475,0.000,0.000,0.000,0.000,0.000,0.000,0.000,27.441,1.418,0.113,13.552,0.152,0.989,0.000,0.000,0.044,0.000,0.823,1.819,0.000,0.000,0.000,0.081,21.166,0.000,0.000,0.000,0.000,4.182,0.000,72.534,0.050,0.000,0.000,0.020
3508.0,0,33.119,81.395,0.000,0.000,0.000,0.362,0.000,163.813,0.000,0.000,0.091,0.548,0.000,0.000,0.000,0.000,0.111,0.000,0.000,0.000,0.332,0.000,0.401,0.111,0.000,0.182,0.000,0.149,0.000,0.000,0.000,0.000,0.000,0.000,0.000,0.000,0.000,22.968,0.000,0.000,0.015,0.000,0.102,0.096,0.000,0.000,0.000,0.000,0.000,0.000,0.000,5.540,0.286,0.023,2.736,0.031,0.200,0.000,0.000,0.009,0.000,0.166,0.367,0.000,0.000,0.000,0.016,4.273,0.000,0.000,0.000,0.000,0.844,0.000,14.644,0.010,0.000,0.000,0.004
3516.5,0,6.050,14.870,0.000,0.000,0.000,0.066,0.000,29.926,0.000,0.000,0.017,0.100,0.000,0.000,0.000,0.000,0.020,0.000,0.000,0.000,0.061,0.000,40.453,73.596,0.000,0.033,0.000,0.027,0.000,0.000,0.000,0.000,0.000,0.000,0.000,0.000,0.000,4.196,0.000,0.000,0.003,0.000,0.019,0.018,0.000,0.000,0.000,0.000,0.000,0.000,0.000,28.453,0.052,0.004,0.500,0.006,0.036,0.000,0.000,0.002,0.000,0.030,0.067,0.000,0.000,0.000,0.003,0.781,0.000,0.000,0.000,0.000,0.154,0.000,2.675,0.002,0.000,0.000,7.438
3525.0,0,1.105,2.716,0.000,200.000,0.000,0.012,0.000,5.467,0.000,0.000,0.003,0.018,0.000,0.000,0.000,0.000,0.004,0.000,0.000,0.000,0.011,0.000,67.629,13.445,0.000,0.006,0.000,0.005,0.000,0.000,0.000,0.000,0.000,0.000,0.000,0.000,0.000,0.767,0.000,0.000,0.001,0.000,0.003,0.003,0.000,0.000,0.000,0.000,0.000,0.000,0.000,5.198,73.954,0.001,0.091,0.001,0.007,0.000,0.000,0.000,0.000,0.006,0.012,0.000,0.000,0.000,0.001,0.143,0.000,0.000,0.000,0.000,0.028,0.000,0.489,0.000,0.000,0.000,1.359
3533.0,0,0.223,0.548,0.000,40.379,0.000,0.002,0.000,1.104,0.000,0.000,0.001,0.004,0.000,0.000,0.000,0.000,0.001,0.000,0.000,0.000,0.002,0.000,13.654,2.714,0.000,0.001,0.000,0.001,0.000,0.000,0.000,0.000,0.000,60.322,0.000,0.000,0.000,0.155,0.000,0.000,0.000,0.000,0.001,0.001,0.000,0.000,0.000,0.000,0.000,0.000,0.000,1.049,14.931,0.000,0.018,0.000,0.001,0.000,0.000,3.544,0.000,0.001,0.002,0.000,0.000,0.000,0.000,0.029,0.000,0.000,0.000,0.000,0.006,0.000,0.099,0.000,0.000,0.000,0.274
3541.5,0,0.041,0.100,109.762,128.683,54.506,0.000,0.000,0.202,0.000,200.000,0.000,0.001,0.000,0.000,0.000,0.000,0.000,0.000,0.000,0.000,0.000,109.762,2.494,0.496,0.000,0.000,148.164,0.000,0.000,0.000,0.000,0.000,0.000,11.020,0.000,0.000,0.000,0.028,0.000,0.000,0.000,0.000,0.000,0.000,0.000,0.000,0.000,0.000,0.000,11.096,0.000,0.192,2.728,0.000,0.003,0.000,0.000,0.000,0.000,0.647,0.000,0.000,0.000,0.000,0.000,0.000,0.000,0.005,0.000,0.000,0.000,0.000,0.001,0.000,0.018,0.000,0.000,0.000,0.050
3550.0,0,0.007,0.018,20.052,23.508,64.464,0.000,60.239,0.037,163.746,36.537,0.000,0.000,0.000,0.000,0.000,0.000,0.000,0.000,60.239,99.317,0.000,20.052,0.456,0.091,0.000,0.000,27.067,0.000,0.000,0.000,0.000,0.000,0.000,2.013,0.000,0.000,0.000,0.005,0.000,0.000,0.000,0.000,0.000,0.000,0.000,0.000,0.000,0.000,0.000,20.321,0.000,0.035,0.498,0.000,0.001,0.000,0.000,0.000,0.000,0.118,0.000,54.881,0.000,0.000,0.000,0.000,0.000,0.001,0.000,0.000,0.000,0.000,0.000,0.000,0.003,0.000,0.000,0.000,0.009
3558.0,0,0.002,0.004,4.048,4.746,13.015,0.000,12.162,0.007,33.060,7.377,0.000,0.000,0.000,0.000,0.000,0.000,0.000,0.000,12.162,20.052,0.000,4.048,0.092,0.018,0.000,0.000,5.465,0.000,0.000,0.000,0.000,0.000,0.000,0.406,0.000,0.000,0.000,0.001,0.000,0.000,0.000,5.578,0.000,0.000,0.000,0.000,0.000,0.000,0.000,4.103,0.000,0.007,0.101,0.000,0.000,0.000,0.000,0.000,0.000,0.024,0.000,11.080,0.000,0.000,0.000,0.000,0.000,0.000,0.000,0.000,0.000,0.000,0.000,0.000,0.001,0.000,0.000,0.000,0.002
3566.5,0,0.000,0.001,0.740,0.867,2.378,0.000,2.222,0.001,6.039,1.348,0.000,0.000,0.000,0.000,0.000,0.000,0.000,0.000,2.222,3.663,0.000,0.740,0.017,0.003,0.000,0.000,0.998,0.000,0.000,0.000,0.000,0.000,0.000,0.074,0.000,0.000,0.000,33.334,0.000,0.000,0.000,1.019,0.000,0.000,0.000,0.000,0.000,0.000,0.000,0.749,0.000,0.001,0.018,0.000,0.000,0.000,0.000,0.000,0.000,0.004,0.000,2.024,0.000,0.000,0.000,0.000,0.000,0.000,0.000,0.000,0.000,0.000,0.000,0.000,0.000,0.000,0.000,0.000,0.000
3575.0,0,0.000,0.000,0.135,0.158,0.434,0.000,0.406,0.000,1.103,0.246,0.000,0.000,0.000,0.000,0.000,0.000,0.000,0.000,0.406,0.669,0.000,0.135,0.003,0.001,0.000,0.000,0.182,0.000,0.000,0.000,0.000,0.000,0.000,0.014,0.000,0.000,0.000,6.089,0.000,0.000,54.881,0.186,0.000,0.000,0.000,0.000,0.000,0.000,0.000,0.137,0.000,0.000,0.003,0.000,0.000,0.000,0.000,0.000,0.000,0.001,0.000,0.370,0.000,0.000,0.000,0.000,0.000,0.000,0.000,0.000,0.000,0.000,0.000,0.000,0.000,0.000,0.000,0.000,0.000
3583.0,0,148.164,0.000,0.027,0.032,0.088,0.000,0.082,0.000,0.223,0.050,0.000,0.000,0.000,0.000,0.000,0.000,0.000,0.000,0.082,0.135,0.000,0.027,0.001,0.000,0.000,0.000,0.037,0.000,0.000,0.000,0.000,0.000,0.000,0.003,0.000,0.000,0.000,1.229,0.000,58.345,47.868,0.038,0.000,0.000,0.000,0.000,0.000,0.000,0.000,16.580,0.000,0.000,0.001,0.000,0.000,0.000,0.000,0.000,0.000,0.000,0.000,0.075,0.000,0.000,0.000,0.000,0.000,0.000,0.000,0.000,0.000,0.000,0.000,0.000,0.000,22.466,0.000,0.000,30.161
3591.5,0,148.373,49.319,66.579,44.632,49.335,200.000,0.015,109.762,0.041,0.009,0.000,0.000,0.000,0.000,0.000,0.000,0.000,0.000,0.015,99.342,0.000,0.005,180.968,0.000,0.000,0.000,0.007,163.746,0.000,0.000,0.000,0.000,0.000,0.001,0.000,0.000,0.000,0.225,0.000,10.659,8.745,0.007,0.000,0.000,0.000,19.863,0.000,0.000,0.000,23.247,0.000,0.000,49.659,0.000,0.000,0.000,81.873,0.000,0.000,18.635,0.000,0.014,0.000,0.000,0.000,0.000,24.261,21.166,0.000,0.000,0.000,0.000,10.319,0.000,0.000,16.434,0.000,0.000,5.510
3600.0,0,27.105,9.010,12.163,8.154,75.587,36.537,0.003,74.558,0.007,0.002,0.000,0.000,0.000,0.000,0.000,0.000,180.967,0.000,0.003,18.148,81.314,0.001,114.374,0.000,0.000,0.000,0.001,29.914,0.000,0.000,0.000,0.000,0.000,0.000,0.000,0.000,0.000,16.594,0.000,1.947,1.598,0.001,0.000,0.000,0.000,3.629,0.000,0.000,0.000,4.247,0.000,0.000,9.072,0.000,0.000,0.000,14.957,0.000,0.000,6.029,0.000,0.002,0.000,11.157,0.000,0.000,4.432,3.867,0.000,0.000,0.000,0.000,1.885,0.000,0.000,3.002,0.000,0.000,1.007
3608.0,0,5.472,1.819,2.456,1.646,15.261,7.377,0.001,15.053,0.002,0.000,0.000,0.000,0.000,0.000,0.000,0.000,36.537,0.000,0.001,3.664,16.417,0.000,23.092,0.000,0.000,0.000,0.000,6.039,0.000,0.000,0.000,0.000,0.000,0.000,0.000,0.000,0.000,3.350,0.000,0.393,0.323,0.000,0.000,0.000,0.000,0.733,0.000,0.000,0.000,0.857,0.000,0.000,1.832,0.000,0.000,0.000,3.020,0.000,0.000,1.217,0.000,0.001,0.000,2.252,0.000,0.000,0.895,0.781,0.000,0.000,0.000,0.000,0.381,0.000,0.000,0.606,0.000,6.056,0.203
3616.5,0,1.000,0.332,0.449,0.301,2.788,1.348,0.000,2.750,0.000,0.000,0.000,0.000,0.000,0.000,0.000,0.000,6.675,0.000,0.000,0.669,2.999,0.000,4.218,0.000,0.000,0.000,0.000,1.103,0.000,0.000,0.000,0.000,0.000,0.000,0.000,0.000,0.000,0.612,0.000,0.072,0.059,0.000,0.000,0.000,0.000,0.134,0.000,0.000,0.000,0.157,0.000,0.000,0.335,0.000,0.000,0.000,0.552,0.000,0.000,0.222,0.000,0.000,0.000,0.411,0.000,0.000,0.163,0.143,0.000,0.000,0.000,0.000,0.070,0.000,0.000,0.111,0.000,1.106,0.037
3625.0,0,0.183,0.061,0.082,0.055,0.509,0.246,0.000,0.502,0.000,0.000,0.000,0.000,0.000,0.000,0.000,0.000,1.219,0.000,0.000,0.122,0.548,0.000,0.771,0.000,0.000,0.000,0.000,0.202,0.000,0.000,0.000,0.000,0.000,0.000,0.000,0.000,0.000,0.112,0.000,0.013,0.011,0.000,0.000,0.000,0.000,0.024,0.000,0.000,0.000,0.029,0.000,0.000,0.061,0.000,0.000,0.000,0.101,0.000,0.000,0.041,0.000,0.000,0.000,0.075,0.000,0.000,0.030,0.026,0.000,0.000,0.000,0.000,0.013,0.000,0.000,0.020,0.000,0.202,0.007
3633.0,0,0.037,0.012,0.017,163.757,0.103,0.050,0.000,0.101,0.000,0.000,0.000,0.000,0.000,0.000,0.000,0.000,0.246,0.000,0.000,0.025,0.111,0.000,0.156,0.000,0.000,0.000,0.000,0.041,0.000,0.000,0.000,0.000,0.000,0.000,0.000,0.000,0.000,0.023,0.000,0.003,0.002,0.000,0.000,0.000,0.000,0.005,0.000,0.000,0.000,0.006,0.000,0.000,0.012,0.000,0.000,0.000,0.020,0.000,0.000,0.008,0.000,0.000,0.000,0.015,0.000,0.000,0.006,0.005,0.000,0.000,0.000,0.000,0.003,0.000,0.000,0.004,0.000,0.041,0.001
3641.5,0,0.007,0.002,0.003,29.916,0.019,0.009,0.000,0.019,0.000,99.317,0.000,0.000,0.000,0.000,0.000,0.000,0.045,0.000,0.000,66.579,0.020,0.000,0.028,0.000,0.000,0.000,0.000,0.007,0.000,0.000,200.000,10.164,0.000,0.000,0.000,0.000,0.000,0.004,0.000,0.000,0.000,0.000,0.000,13.720,90.484,0.001,0.000,0.000,0.000,54.856,0.000,12.330,30.122,0.000,0.000,0.000,0.004,0.000,0.000,0.001,0.000,0.000,0.000,0.003,0.000,0.000,0.001,0.001,0.000,0.000,0.000,0.000,0.000,0.000,0.000,0.001,0.000,0.007,0.000
3650.0,0,0.001,0.000,0.001,5.465,0.003,0.002,0.000,0.003,0.000,18.144,0.000,0.000,0.000,0.000,0.000,0.000,0.008,0.000,0.000,111.480,0.004,0.000,0.005,0.000,0.000,0.000,0.000,0.001,0.000,0.000,36.537,1.857,0.000,0.000,11.028,0.000,0.000,0.001,0.000,0.000,0.000,0.000,0.000,2.506,124.219,0.000,0.000,0.000,0.000,20.061,0.000,2.252,5.503,0.000,0.000,0.000,0.001,0.000,0.000,0.000,0.000,0.000,0.000,0.001,0.000,0.000,0.000,39.678,0.000,0.000,0.000,0.000,0.000,0.000,0.000,0.000,0.000,0.001,0.000
3658.0,0,200.000,0.000,0.000,1.103,0.001,0.000,0.000,0.001,0.000,3.663,0.000,0.000,60.239,0.000,0.000,0.000,0.002,0.000,0.000,22.507,0.001,0.000,0.001,0.000,0.000,0.000,0.000,0.000,0.000,0.000,7.377,0.375,0.000,0.000,2.226,0.000,0.000,0.000,0.000,0.000,0.000,0.000,0.000,0.506,25.079,0.000,0.000,0.000,0.000,4.050,0.000,0.455,1.111,0.000,0.000,0.000,0.000,0.000,0.000,0.000,0.000,0.000,0.000,0.000,0.000,0.000,0.000,8.011,0.000,0.000,0.000,0.000,0.000,0.000,0.000,0.000,0.000,0.000,0.000
3666.5,0,36.537,0.000,0.000,0.202,0.000,0.000,0.000,0.000,0.000,0.669,0.000,0.000,11.005,0.000,0.000,0.000,0.000,0.000,0.000,4.112,0.000,0.000,0.000,0.000,0.000,0.000,0.000,0.000,0.000,0.000,1.348,0.068,0.000,0.000,0.407,0.000,0.000,0.000,0.000,0.000,0.000,0.000,0.000,0.092,4.582,0.000,0.000,0.000,0.000,0.740,0.000,0.083,0.203,0.000,0.000,0.000,0.000,0.000,0.000,0.000,0.000,0.000,0.000,0.000,0.000,0.000,0.000,1.463,0.000,0.000,0.000,0.000,12.500,0.000,0.000,0.000,0.000,0.000,0.000
3675.0,0,116.437,0.000,0.000,0.037,0.000,0.000,0.000,163.746,0.000,0.122,0.000,0.000,2.010,0.000,0.000,0.000,0.000,0.000,0.000,0.751,0.000,0.000,180.968,0.000,49.319,0.000,0.000,0.000,0.000,0.000,0.246,0.013,0.000,0.000,0.074,0.000,0.000,0.000,0.000,0.000,0.000,0.000,0.000,0.017,0.837,0.000,0.000,0.000,0.000,0.135,0.000,0.015,0.037,0.000,0.000,0.000,0.000,0.000,0.000,0.000,0.000,0.000,0.000,0.000,0.000,0.000,0.000,0.267,0.000,0.000,0.000,0.000,2.284,0.000,0.000,0.000,0.000,0.000,11.096
3683.0,0,23.508,0.000,0.000,0.007,0.000,0.000,0.000,33.060,0.000,0.025,0.000,0.000,0.406,0.000,0.000,0.000,0.000,0.000,0.000,0.152,0.000,0.000,36.537,0.000,9.957,0.000,0.000,0.000,0.000,0.000,0.050,0.003,0.000,0.000,0.015,0.000,0.000,0.000,0.000,0.000,0.000,0.000,0.000,0.003,0.169,0.000,0.000,0.000,0.000,0.027,0.000,0.003,0.007,0.000,0.000,0.000,0.000,0.000,0.000,0.000,0.000,0.000,0.000,0.000,0.000,0.000,0.000,0.054,0.000,0.000,0.000,0.000,0.461,0.000,0.000,0.000,0.000,0.000,2.240
3691.5,0,4.295,0.000,134.064,218.254,148.164,0.000,0.000,6.039,0.000,0.005,0.000,0.000,0.074,0.000,0.000,0.000,0.000,0.000,0.000,163.774,0.000,0.000,6.675,0.000,1.819,0.000,0.000,0.000,0.000,0.000,0.009,0.000,0.000,0.000,0.003,0.000,0.000,33.333,0.000,0.000,0.000,0.000,0.000,0.001,0.031,0.000,0.000,0.000,0.000,42.567,0.000,0.001,60.654,0.000,0.000,0.000,0.000,0.000,0.000,0.000,0.000,0.000,0.000,0.000,0.000,0.000,0.000,0.010,0.000,0.000,0.000,0.000,0.084,0.000,0.000,0.000,0.000,0.000,0.409
3700.0,0,55.291,148.164,24.491,239.871,126.384,0.000,60.239,135.167,99.317,44.627,0.000,0.000,0.014,0.000,0.000,0.000,0.000,0.000,89.866,193.665,81.314,148.164,45.845,0.000,0.332,0.000,0.000,60.239,0.000,54.506,73.578,0.000,0.000,0.000,0.001,0.000,0.000,18.352,0.000,0.000,0.000,0.000,0.000,0.000,0.006,0.000,0.000,0.000,0.000,34.724,0.000,0.000,11.081,0.000,0.000,0.000,0.000,0.000,0.000,11.765,0.000,0.000,0.000,0.000,0.000,0.000,0.000,0.002,0.000,0.000,0.000,0.000,16.773,0.000,0.000,89.889,0.000,0.000,24.769
3708.0,0,11.163,129.231,4.945,48.429,25.517,0.000,12.162,27.290,20.052,98.876,163.746,0.000,66.577,0.000,0.000,0.000,0.000,0.000,18.144,39.100,16.417,29.914,53.882,0.000,0.067,0.000,54.506,12.162,0.000,65.511,14.855,0.000,0.000,0.000,0.000,0.000,0.000,3.705,0.000,0.000,0.000,0.000,0.000,0.000,0.001,0.000,0.000,0.000,0.000,7.011,0.000,0.000,2.237,0.000,0.000,23.648,40.657,0.000,0.000,20.475,0.000,24.660,0.000,0.000,0.000,29.772,24.579,0.000,0.000,0.000,0.000,0.000,3.386,0.000,0.000,18.148,0.000,4.958,13.221
3716.5,0,2.039,113.474,0.903,8.847,4.661,0.000,2.222,4.985,3.663,18.063,29.914,0.000,12.163,0.000,0.000,0.000,0.000,0.000,3.315,7.143,2.999,5.465,9.843,0.000,0.012,0.000,9.957,2.222,0.000,11.968,2.714,0.000,0.000,0.000,0.000,0.000,0.000,0.677,0.000,0.000,0.000,0.000,0.000,0.000,0.000,0.000,0.000,0.000,0.000,1.281,0.000,0.000,0.409,0.000,0.000,4.320,7.427,0.000,0.000,3.740,0.000,4.505,0.000,0.000,0.000,5.439,4.490,0.000,0.000,0.000,0.000,0.000,0.619,0.000,0.000,3.315,0.000,0.906,2.415
3725.0,0,0.373,20.730,0.165,1.616,0.852,0.000,0.406,0.911,0.669,3.300,72.039,0.000,2.222,0.000,0.000,0.000,0.000,109.762,0.606,1.305,0.548,0.998,1.798,81.314,0.002,40.379,1.819,0.406,0.000,2.186,0.496,0.000,0.000,0.000,0.000,0.000,0.000,0.124,0.000,0.000,0.000,0.000,0.000,0.000,0.000,0.000,0.000,0.000,0.000,0.234,0.000,0.000,0.075,0.000,0.000,0.789,1.357,0.000,0.000,0.683,0.000,0.823,0.000,0.000,0.000,0.994,0.820,0.000,0.000,0.000,0.000,9.932,0.113,0.000,0.000,0.606,0.000,0.165,0.441
3733.0,0,0.075,4.185,181.001,110.089,60.411,0.000,0.082,0.184,0.135,0.666,14.544,0.000,0.449,0.000,0.000,0.000,0.000,22.161,0.122,200.263,0.111,163.948,0.363,16.417,0.000,8.152,0.367,0.082,0.000,0.441,0.100,0.000,0.000,0.000,0.000,0.000,0.000,0.025,0.000,0.000,0.000,0.000,0.000,0.000,0.000,0.000,0.000,3.407,0.000,50.426,0.000,0.000,100.015,0.000,0.000,0.159,0.274,0.000,0.000,0.138,0.000,0.166,0.000,0.000,0.000,0.201,0.166,0.000,0.000,0.000,0.000,2.005,0.023,0.000,0.000,0.122,0.000,0.033,0.089
3741.5,0,0.014,0.765,33.066,20.111,11.036,0.000,0.015,0.034,0.025,0.122,2.657,0.000,0.082,0.000,0.000,0.000,0.000,4.048,0.022,36.585,0.020,29.951,0.066,2.999,0.000,1.489,0.067,0.015,0.000,0.081,200.018,0.000,0.000,0.000,0.000,10.785,0.000,0.005,0.000,0.000,54.881,0.000,0.000,0.000,0.000,0.000,0.000,0.622,0.000,9.212,0.000,0.000,18.271,0.000,14.978,0.029,0.050,0.000,0.000,0.025,0.000,0.030,0.000,0.000,0.000,0.037,0.030,0.000,0.000,36.788,0.000,0.366,0.004,0.000,54.506,0.022,0.000,0.006,0.016
3750.0,0,0.003,0.140,6.041,3.674,46.642,0.000,0.003,0.006,89.870,0.022,0.485,0.000,0.015,0.000,0.000,0.000,0.000,0.740,0.004,6.683,0.004,5.471,0.012,0.548,0.000,0.272,0.012,0.003,0.000,0.015,36.540,0.000,0.000,0.000,7.392,1.970,0.000,11.097,0.000,0.000,10.026,0.000,0.000,0.000,0.000,0.000,14.081,0.114,0.000,1.683,0.000,0.000,3.338,0.000,2.736,0.005,0.009,0.000,0.000,0.005,0.000,0.006,0.000,0.000,0.000,0.007,0.006,0.000,0.000,6.721,0.000,0.067,0.001,0.000,9.957,0.004,0.000,0.001,0.003
3758.0,0,0.001,66.602,1.220,0.742,9.417,163.746,0.001,0.001,18.145,0.004,0.098,0.000,0.003,0.000,0.000,0.000,0.000,0.149,0.001,1.349,0.001,1.105,0.002,0.111,0.000,0.055,0.002,0.001,0.000,0.003,7.377,0.000,0.000,0.000,1.492,0.398,0.000,2.240,0.000,50.000,83.897,0.000,0.000,0.000,0.000,0.000,2.843,0.023,0.000,0.340,0.000,0.000,0.674,0.000,0.552,0.001,74.084,0.000,0.000,7.887,0.000,0.001,0.000,33.516,0.000,0.001,32.750,0.000,0.000,1.357,0.000,0.014,0.000,0.000,2.010,0.001,0.000,0.000,0.001
3766.5,0,230.320,252.546,0.223,99.453,1.720,178.077,0.000,0.000,3.315,0.001,73.594,0.000,0.001,0.000,0.000,73.576,0.000,0.027,0.000,0.247,0.000,0.202,0.000,240.400,0.000,121.316,0.000,0.000,0.000,44.627,1.348,0.000,0.000,0.000,0.273,0.073,0.000,0.409,0.000,9.134,35.516,0.000,0.000,0.000,0.000,0.000,0.519,0.004,0.000,0.062,0.000,0.000,67.155,0.000,0.101,0.000,13.534,0.000,0.000,11.977,0.000,54.881,134.064,6.123,0.000,0.000,5.983,0.000,0.000,0.248,0.000,0.002,0.000,0.000,0.367,0.000,0.000,0.000,0.000
3775.0,0,42.076,46.136,0.041,18.168,0.314,32.532,0.000,60.239,0.606,0.000,13.444,49.319,0.000,0.000,0.000,13.441,0.000,44.631,0.000,0.045,0.000,0.037,0.000,43.917,0.000,22.162,0.000,0.000,0.000,8.153,0.246,0.000,0.000,0.000,0.050,0.013,0.000,0.075,0.000,20.063,6.488,0.000,0.000,0.000,0.000,0.000,0.095,0.001,0.000,8.231,0.000,0.000,39.521,0.000,0.018,0.000,2.472,0.000,0.000,8.645,0.000,10.026,24.491,1.119,0.000,0.000,1.093,0.000,0.000,0.045,0.000,4.038,0.000,0.000,63.474,0.000,0.000,0.000,0.000
3783.0,0,8.495,9.315,0.008,3.668,0.063,6.568,0.000,12.162,0.122,0.000,2.714,9.957,0.000,0.000,0.000,2.714,0.000,9.011,0.000,0.009,0.000,0.007,0.000,8.867,0.000,4.475,0.000,0.000,0.000,1.646,0.050,0.000,0.000,0.000,0.010,0.003,0.000,0.015,0.000,4.051,1.310,0.000,0.000,0.000,0.000,0.000,0.019,0.000,0.000,1.662,0.000,0.000,7.979,0.000,0.004,0.000,0.499,0.000,0.000,1.745,0.000,2.024,4.945,0.226,0.000,0.000,0.221,0.000,0.000,0.009,0.000,0.815,0.000,0.000,12.815,0.000,0.000,0.000,0.000
3791.5,0,1.552,1.702,0.002,0.670,0.012,1.200,0.000,2.222,0.022,0.000,0.496,1.819,0.000,0.000,0.000,0.496,0.000,1.646,0.000,0.002,0.000,0.001,0.000,1.620,0.000,0.817,0.000,0.000,0.000,0.301,0.009,0.000,0.000,0.000,0.002,0.000,0.000,0.003,0.000,0.740,0.239,0.000,0.000,0.000,0.000,0.000,0.003,0.000,0.000,0.304,0.000,0.000,1.458,0.000,0.001,0.000,0.091,0.000,0.000,0.319,0.000,0.370,0.903,0.041,0.000,0.000,0.040,0.000,0.000,0.002,0.000,0.149,0.000,0.000,2.341,0.000,0.000,0.000,0.000
3800.0,0,0.284,0.311,0.000,0.122,0.002,0.219,0.000,0.406,0.004,0.000,0.091,0.332,0.000,0.000,0.000,0.091,0.000,0.301,0.000,0.000,0.000,0.000,0.000,0.296,0.000,0.149,0.000,0.000,0.000,0.055,0.002,0.000,0.000,0.000,0.000,0.000,0.000,0.001,0.000,0.135,0.044,0.000,0.000,0.000,0.000,0.000,0.001,0.000,0.000,0.055,0.000,0.000,0.266,0.000,0.000,0.000,0.017,0.000,0.000,0.058,0.000,0.068,0.165,0.008,0.000,0.000,0.007,0.000,0.000,0.000,0.000,0.027,0.000,0.000,0.428,0.000,0.000,0.000,0.000
3808.0,0,0.057,0.063,0.000,0.025,0.000,0.044,0.000,0.082,0.001,0.000,0.018,0.067,0.000,0.000,0.000,0.018,0.000,0.061,0.000,0.000,0.000,0.000,0.000,0.060,0.000,0.030,0.000,0.000,0.000,0.011,0.000,0.000,0.000,0.000,0.000,0.000,0.000,0.000,0.000,0.027,0.009,0.000,0.000,0.000,0.000,0.000,0.000,0.000,0.000,0.011,0.000,0.000,0.054,0.000,0.000,0.000,0.003,0.000,0.000,0.012,0.000,0.014,0.033,0.002,0.000,0.000,0.001,0.000,0.000,0.000,0.000,0.005,0.000,0.000,0.086,0.000,0.000,0.000,0.000
3816.5,0,0.010,0.011,0.000,163.751,0.000,0.008,0.000,0.015,0.000,0.000,0.003,0.012,0.000,0.000,0.000,0.003,0.000,0.011,0.000,0.000,0.000,0.000,0.000,0.011,0.000,0.006,0.000,0.000,0.000,0.002,0.000,0.000,0.000,0.000,0.000,0.000,0.000,0.000,0.000,0.005,0.002,0.000,0.000,0.000,0.000,0.000,0.000,0.000,0.000,7.440,0.000,12.330,0.010,0.000,0.000,0.000,0.001,0.000,0.000,0.002,0.000,0.002,0.006,0.000,0.000,0.000,0.000,0.000,0.000,0.000,0.000,0.001,0.000,0.000,0.016,0.000,0.000,0.000,0.000
3825.0,0,0.002,0.002,0.000,29.915,0.000,0.001,0.000,0.003,0.000,99.317,0.001,0.002,0.000,0.000,0.000,0.001,0.000,0.002,0.000,73.576,0.000,0.000,0.000,0.002,0.000,0.001,0.000,0.000,0.000,0.000,0.000,0.000,0.000,0.000,0.000,0.000,0.000,0.000,0.000,0.001,0.000,0.000,0.000,0.000,0.000,0.000,0.000,0.000,0.000,1.359,0.000,2.252,0.002,0.000,0.000,0.000,0.000,0.000,0.000,0.000,0.000,0.000,0.001,0.000,0.000,0.000,0.000,0.000,0.000,0.000,0.000,0.000,0.000,0.000,0.003,0.000,0.000,0.000,0.000
3833.0,0,0.000,0.000,0.000,6.040,0.000,0.000,0.000,0.001,0.000,20.052,0.000,0.000,0.000,0.000,0.000,0.000,0.000,0.000,0.000,14.855,0.000,0.000,0.000,0.000,0.000,0.000,0.000,0.000,0.000,0.000,0.000,0.000,0.000,0.000,11.028,0.000,0.000,0.000,0.000,0.000,0.000,0.000,0.000,0.000,0.000,0.000,0.000,0.000,0.000,0.274,0.000,0.455,0.000,0.000,0.000,0.000,0.000,0.000,0.000,0.000,0.000,0.000,0.000,0.000,0.000,0.000,0.000,0.000,0.000,0.000,0.000,0.000,0.000,0.000,0.001,0.000,0.000,0.000,0.000
3841.5,0,0.000,0.000,0.000,1.103,0.000,0.000,0.000,0.000,0.000,3.663,0.000,0.000,0.000,0.000,0.000,0.000,0.000,0.000,0.000,2.714,0.000,0.000,0.000,0.000,0.000,0.000,0.000,0.000,0.000,0.000,0.000,0.000,0.000,0.000,2.015,0.000,73.576,0.000,0.000,0.000,0.000,0.000,0.000,0.000,0.000,0.000,0.000,0.000,0.000,0.050,0.000,0.083,0.000,0.000,0.000,0.000,0.000,0.000,0.000,0.000,0.000,0.000,0.000,0.000,0.000,0.000,0.000,0.000,0.000,0.000,0.000,0.000,0.000,0.000,0.000,0.000,0.000,0.000,0.000
3850.0,0,0.000,0.000,0.000,0.202,0.000,0.000,0.000,0.000,0.000,0.669,0.000,0.000,0.000,0.000,0.000,0.000,0.000,0.000,0.000,0.496,0.000,0.000,0.000,0.000,0.000,0.000,0.000,0.000,0.000,0.000,0.000,0.000,0.000,0.000,0.368,0.000,13.441,11.096,0.000,0.000,0.000,0.000,0.000,0.000,0.000,0.000,0.000,0.000,0.000,13.561,0.000,0.015,0.000,0.000,0.000,0.000,0.000,0.000,0.000,0.000,0.000,0.000,0.000,0.000,0.000,0.000,0.000,0.000,0.000,0.000,0.000,0.000,0.000,0.000,0.000,0.000,0.000,0.000,0.000
3858.0,0,148.164,0.000,0.000,0.041,0.000,0.000,0.000,0.000,0.000,0.135,0.000,0.000,0.000,0.000,0.000,0.000,0.000,0.000,0.000,0.100,0.000,0.000,0.000,0.000,0.000,0.000,0.000,0.000,0.000,0.000,0.000,0.000,0.000,0.000,0.074,0.000,2.714,2.240,0.000,0.000,0.000,0.000,0.000,0.000,0.000,0.000,0.000,0.000,0.000,2.738,0.000,0.003,0.000,0.000,0.000,0.000,0.000,0.000,0.000,0.000,0.000,0.000,0.000,0.000,0.000,0.000,0.000,0.000,0.000,0.000,0.000,0.000,11.459,0.000,0.000,0.000,0.000,0.000,0.000
3866.5,0,27.067,0.000,0.000,0.007,0.000,0.000,0.000,0.000,0.000,0.025,0.000,0.000,0.000,0.000,0.000,0.000,0.000,0.000,0.000,0.018,0.000,0.000,0.000,0.000,0.000,0.000,0.000,0.000,0.000,0.000,0.000,0.000,0.000,0.000,0.014,0.000,0.496,0.409,0.000,0.000,0.000,0.000,0.000,0.000,0.000,0.000,0.000,0.000,0.000,0.500,0.000,0.001,0.000,20.468,0.000,0.000,0.000,0.000,0.000,0.000,0.000,0.000,0.000,0.000,0.000,0.000,0.000,0.000,0.000,0.000,0.000,0.000,2.093,0.000,0.000,15.060,0.000,0.000,0.000
3875.0,0,4.945,0.000,0.000,0.001,0.000,0.000,0.000,0.000,0.000,0.005,0.000,0.000,0.000,0.000,0.000,0.000,0.000,0.000,0.000,0.003,0.000,0.000,0.000,0.000,0.000,0.000,0.000,0.000,0.000,0.000,0.000,0.000,0.000,0.000,0.002,0.000,0.091,0.075,0.000,0.000,0.000,0.000,0.000,0.000,0.000,0.000,0.000,0.000,0.000,0.091,0.000,0.000,0.000,3.739,0.000,0.000,0.000,0.000,0.000,2.625,0.000,0.000,0.000,0.000,0.000,0.000,0.000,0.000,0.000,0.000,0.000,0.000,0.382,0.000,0.000,2.751,0.000,0.000,0.000
3883.0,0,0.998,0.000,0.000,0.000,0.000,0.000,0.000,0.000,0.000,0.001,0.000,0.000,0.000,0.000,0.000,0.000,0.000,0.000,0.000,0.001,0.000,0.000,0.000,0.000,0.000,0.000,0.000,0.000,0.000,0.000,0.000,0.000,0.000,0.000,0.001,0.000,0.018,0.015,0.000,0.000,0.000,0.000,0.000,0.000,0.000,0.000,0.000,18.171,0.000,0.018,0.000,0.000,0.000,0.755,0.000,0.000,0.000,0.000,0.000,0.530,0.000,0.000,0.000,0.000,0.000,0.000,26.813,0.000,0.000,0.000,0.000,0.000,7.659,0.000,0.000,0.555,0.000,0.000,0.000
3891.5,0,0.182,0.000,0.000,0.000,0.000,0.000,0.000,0.000,0.000,0.000,0.000,0.000,0.000,0.000,0.000,0.000,0.000,0.000,0.000,0.000,0.000,0.000,0.000,0.000,0.000,0.000,0.000,0.000,0.000,0.000,0.000,0.000,0.000,0.000,0.000,0.000,0.003,13.555,0.000,0.000,164.566,5.047,0.000,0.000,0.000,0.000,0.000,11.698,0.000,0.003,0.000,0.000,0.000,0.138,0.000,0.000,0.000,0.000,0.000,11.862,0.000,0.000,0.000,0.000,0.000,0.000,4.898,25.852,0.000,0.000,0.000,0.000,16.116,0.000,0.000,41.038,0.000,0.000,33.333
3900.0,0,174.477,66.574,148.164,0.000,44.626,60.239,0.000,99.317,0.000,0.000,0.000,0.000,0.000,0.000,0.000,0.000,0.000,0.000,0.000,0.000,0.000,81.314,148.164,0.000,0.000,0.000,0.000,180.967,0.000,0.000,0.000,0.000,0.000,0.000,0.000,0.000,0.001,20.770,0.000,0.000,30.063,0.922,0.000,0.000,0.000,0.000,0.000,2.137,0.000,0.001,0.000,0.000,0.000,0.025,0.000,0.000,44.933,0.000,0.000,11.678,0.000,0.000,0.000,0.000,0.000,0.000,37.088,4.723,0.000,0.000,0.000,0.000,2.944,0.000,0.000,37.824,0.000,0.000,6.089
3908.0,0,35.226,13.441,29.914,0.000,9.010,12.162,60.239,86.626,0.000,0.000,0.000,0.000,0.000,0.000,0.000,0.000,148.164,0.000,0.000,0.000,0.000,16.417,29.914,0.000,0.000,0.000,0.000,36.537,44.626,0.000,0.000,0.000,0.000,0.000,0.000,0.000,0.000,4.193,0.000,0.000,42.858,0.186,0.000,0.000,0.000,0.000,0.000,25.431,0.000,0.000,0.000,0.000,0.000,6.170,0.000,0.000,9.072,0.000,0.000,2.358,0.000,0.000,0.000,0.000,0.000,0.000,7.488,0.954,0.000,0.000,0.000,0.000,0.594,0.000,0.000,7.636,0.000,9.985,1.229
3916.5,0,6.435,2.455,5.465,0.000,1.646,2.222,11.005,15.825,0.000,0.000,0.000,0.000,0.000,0.000,0.000,0.000,27.067,0.000,0.000,0.000,0.000,2.999,5.465,0.000,0.000,0.000,0.000,6.675,8.152,109.762,0.000,0.000,0.000,0.000,0.000,0.000,0.000,0.766,0.000,0.000,7.829,0.034,0.000,0.000,0.000,0.000,0.000,11.596,0.000,0.000,0.000,0.000,57.373,1.127,0.000,0.000,1.657,0.000,0.000,0.431,0.000,0.000,0.000,0.000,0.000,0.000,1.368,0.174,0.000,0.000,0.000,0.000,0.109,0.000,0.000,1.395,0.000,1.824,0.225
3925.0,0,1.176,0.449,0.998,0.000,0.301,0.406,2.010,2.891,0.000,0.000,0.000,0.000,0.000,0.000,0.000,0.000,4.945,0.000,0.000,0.000,0.000,0.548,0.998,0.000,0.000,0.000,0.000,1.219,1.489,20.052,0.000,0.000,0.000,0.000,0.000,0.000,0.000,0.140,0.000,0.000,1.430,0.006,0.000,0.000,0.000,0.000,0.000,2.118,0.000,0.000,0.000,0.000,10.481,0.206,0.000,0.000,0.303,0.000,0.000,0.079,0.000,0.000,0.000,0.000,0.000,0.000,0.250,0.032,0.000,0.000,0.000,0.000,0.020,0.000,0.000,0.255,0.000,0.333,0.041
3933.0,0,0.237,0.091,0.202,0.000,0.061,0.082,0.406,0.584,0.000,0.000,0.000,0.000,0.000,0.000,0.000,66.574,0.998,0.000,0.000,0.000,0.000,66.685,0.202,0.000,0.000,0.000,0.000,0.246,0.301,4.048,0.000,0.000,0.000,0.000,0.000,0.000,0.000,0.028,0.000,0.000,0.289,0.001,0.000,0.000,0.000,0.000,0.000,0.428,0.000,0.000,0.000,0.000,2.116,0.042,0.000,0.000,0.061,0.000,0.000,0.016,0.000,0.000,0.000,0.000,0.000,0.000,0.050,0.006,0.000,0.000,0.000,0.000,0.004,0.000,0.000,0.051,0.000,0.067,0.008
3941.5,0,109.806,148.180,0.037,0.000,0.011,163.761,0.074,0.107,0.000,0.000,0.000,0.000,0.000,0.000,0.000,12.162,0.182,0.000,0.000,0.000,0.000,12.182,0.037,0.000,0.000,0.000,0.000,0.045,0.055,0.740,0.000,0.000,0.000,0.000,0.000,0.000,0.000,20.223,0.000,0.000,0.053,0.000,0.000,0.000,0.000,0.000,0.000,0.078,0.000,0.000,0.000,37.041,0.387,0.008,0.000,0.000,0.011,0.000,0.000,0.003,0.000,81.873,0.000,0.000,0.000,0.000,0.009,0.001,0.000,0.000,0.000,0.000,0.001,0.000,0.000,0.009,0.000,0.012,0.002
3950.0,0,69.379,100.646,0.007,180.967,0.002,29.916,0.014,81.333,0.000,0.000,109.762,0.000,0.000,0.000,0.000,2.222,0.033,0.000,0.000,0.000,0.000,2.225,44.633,109.762,0.000,0.000,0.000,0.008,0.010,0.135,0.000,0.000,0.000,0.000,0.000,0.000,0.000,10.424,0.000,0.000,0.010,0.000,0.000,0.000,0.000,0.000,0.000,0.014,0.000,0.000,0.000,6.767,0.071,0.001,0.000,45.961,36.790,0.000,0.000,10.573,0.000,14.957,0.000,52.270,0.000,0.000,14.717,0.000,0.000,0.000,0.000,0.000,0.000,0.000,0.000,0.002,0.000,0.002,0.000
3958.0,0,14.007,20.320,0.001,36.537,134.064,66.279,0.003,16.421,0.000,0.000,22.161,66.574,0.000,0.000,0.000,0.449,0.007,0.000,0.000,0.000,0.000,0.449,9.011,22.161,0.000,0.000,0.000,0.002,0.002,0.027,0.000,0.000,0.000,0.000,0.000,0.000,0.000,2.105,0.000,0.000,0.002,0.000,0.000,0.000,0.000,0.000,0.000,0.003,0.000,0.000,0.000,1.366,0.014,12.415,0.000,9.279,7.428,0.000,0.000,2.135,0.000,3.020,0.000,10.553,0.000,0.000,2.971,0.000,0.000,0.000,0.000,0.000,0.000,0.000,0.000,0.000,0.000,0.000,0.000
3966.5,0,2.559,3.712,0.000,6.675,24.491,12.108,0.000,3.000,0.000,0.000,4.048,12.162,0.000,0.000,0.000,0.082,0.001,0.000,0.000,0.000,0.000,0.082,1.646,4.048,0.000,0.000,0.000,0.000,0.000,0.005,0.000,0.000,0.000,0.000,0.000,0.000,0.000,0.384,0.000,0.000,0.000,0.000,0.000,0.000,0.000,0.000,0.000,0.001,0.000,0.000,0.000,0.250,0.003,2.268,0.000,1.695,1.357,0.000,0.000,0.390,0.000,0.552,0.000,1.928,0.000,0.000,0.543,0.000,0.000,0.000,0.000,0.000,0.000,0.000,100.000,0.000,0.000,0.000,0.000
3975.0,0,60.706,0.678,0.000,201.219,49.100,2.212,0.000,0.548,99.317,0.000,0.740,2.222,0.000,0.000,44.626,0.015,0.000,0.000,0.000,0.000,0.000,0.015,0.301,0.740,0.000,0.000,0.000,0.000,0.000,0.001,0.000,0.000,0.000,0.000,0.000,0.000,0.000,0.070,0.000,0.000,0.000,0.000,0.000,0.000,0.000,0.000,0.000,0.000,0.000,7.438,0.000,0.046,0.000,0.414,0.000,0.310,0.248,0.000,0.000,0.071,0.000,0.101,0.000,0.352,0.000,0.000,0.099,0.000,0.000,0.000,0.000,0.000,0.000,0.000,18.268,0.000,0.000,0.000,20.218
3983.0,0,12.256,0.137,0.000,40.625,9.913,0.447,0.000,49.430,20.052,0.000,0.149,0.449,0.000,0.000,9.010,0.003,0.000,0.000,0.000,0.000,0.000,0.003,0.061,0.149,0.000,0.000,0.000,0.000,0.000,0.000,0.000,0.000,0.000,0.000,0.000,0.000,0.000,0.014,0.000,0.000,0.000,0.000,0.000,9.197,0.000,0.000,0.000,0.000,0.000,1.502,0.000,0.009,0.000,0.084,0.000,0.063,0.050,0.000,0.000,0.014,0.000,0.020,0.000,0.071,0.000,0.000,0.020,0.000,0.000,0.000,0.000,0.000,0.000,0.000,3.688,0.000,0.000,0.000,4.082
3991.5,0,2.239,0.025,0.000,128.728,1.811,0.082,0.000,9.030,3.663,180.967,0.027,0.082,0.000,0.000,1.646,0.001,0.000,0.000,0.000,180.967,0.000,0.001,0.011,0.027,0.000,0.000,0.000,0.000,0.000,0.000,0.000,0.000,0.000,0.000,0.000,0.000,0.000,0.003,0.000,0.000,0.000,0.000,0.000,1.680,0.000,14.715,0.000,0.000,0.000,0.274,0.000,0.002,36.788,0.015,0.000,0.011,0.009,0.000,0.000,0.003,0.000,0.004,0.000,0.013,0.000,0.000,0.004,0.000,0.000,0.000,0.000,0.000,0.000,0.000,0.674,0.000,0.000,0.000,0.746
4000.0,0,0.409,0.005,0.000,23.516,0.331,0.015,0.000,1.650,0.669,33.060,0.005,0.015,0.000,0.000,0.301,0.000,0.000,0.000,0.000,33.060,0.000,0.000,0.002,0.005,0.000,0.000,0.000,0.000,0.000,0.000,54.506,0.000,0.000,0.000,0.000,0.000,0.000,0.000,0.000,0.000,0.000,0.000,0.000,0.307,0.000,2.688,0.000,0.000,0.000,85.011,0.000,0.000,6.721,0.003,0.000,0.002,0.002,0.000,0.000,2.376,0.000,0.001,0.000,0.002,0.000,0.000,0.001,0.000,0.000,0.000,0.000,0.000,0.000,0.000,0.123,0.000,0.000,0.000,0.136
4008.0,0,0.083,0.001,0.000,4.748,0.067,0.003,0.000,0.333,0.135,6.675,0.001,0.003,0.000,0.000,0.061,0.000,0.000,0.000,0.000,105.992,0.000,0.000,0.000,0.001,0.000,0.000,0.000,0.000,0.000,0.000,11.005,0.000,0.000,0.000,0.000,0.000,0.000,0.000,0.000,0.000,0.000,0.000,0.000,0.062,0.000,0.543,0.000,0.000,0.000,17.163,0.000,0.000,1.357,0.001,0.000,0.000,0.000,0.000,0.000,0.480,0.000,0.000,0.000,0.000,0.000,0.000,0.000,0.000,0.000,0.000,0.000,0.000,0.000,0.000,0.025,0.000,0.000,0.000,0.028
4016.5,0,0.015,0.000,0.000,0.867,0.012,0.001,0.000,0.061,0.025,1.219,0.000,0.001,0.000,0.000,0.011,0.000,0.000,0.000,0.000,19.363,0.000,0.000,0.000,0.000,0.000,0.000,0.000,0.000,0.000,0.000,2.010,0.000,0.000,0.000,0.000,0.000,0.000,0.000,0.000,0.000,24.660,0.000,0.000,0.011,0.000,0.099,0.000,0.000,0.000,19.688,0.000,0.000,0.248,0.000,0.000,0.000,0.000,0.000,0.000,0.088,0.000,0.000,0.000,0.000,0.000,0.000,0.000,0.000,0.000,0.000,0.000,0.000,0.000,0.000,0.005,11.157,0.000,0.000,0.005
4025.0,0,273.579,161.685,0.000,0.158,0.002,66.574,0.000,0.011,0.005,0.223,200.000,180.968,0.000,0.000,0.002,0.000,0.000,0.000,0.000,3.537,0.000,0.000,0.000,180.968,0.000,180.967,0.000,0.000,200.000,0.000,0.367,0.000,0.000,0.000,0.000,0.000,0.000,27.291,0.000,0.000,94.989,0.000,0.000,0.002,0.000,0.018,0.000,0.000,0.000,3.597,0.000,0.000,0.045,0.000,0.000,0.000,0.000,0.000,0.000,25.143,0.000,0.000,0.000,0.000,0.000,0.000,0.000,0.000,0.000,0.000,0.000,0.000,7.582,0.000,0.001,2.038,0.000,0.000,20.219
4033.0,0,55.235,32.644,0.000,0.032,0.000,13.441,0.000,60.241,0.001,0.045,40.379,36.537,0.000,0.000,0.000,0.000,0.000,0.000,0.000,0.714,60.239,0.000,0.000,36.537,0.000,36.537,0.000,0.000,40.379,0.000,0.074,0.000,0.000,0.000,0.000,0.000,0.000,5.510,0.000,0.000,19.178,0.000,0.000,0.000,0.000,0.004,0.000,0.000,0.000,0.726,0.000,0.000,0.009,0.000,0.000,5.578,0.000,0.000,0.000,5.076,0.000,0.000,163.746,0.000,0.000,0.000,9.864,0.000,0.000,0.000,0.000,0.000,1.531,0.000,0.000,0.411,0.000,0.000,4.082
4041.5,0,10.090,5.963,0.000,0.006,81.314,2.455,0.000,11.005,0.000,0.008,7.377,6.675,0.000,0.000,0.000,0.000,0.000,0.000,0.000,0.130,11.005,0.000,0.000,6.675,0.000,6.675,0.000,0.000,7.377,0.000,0.014,0.000,0.000,0.000,0.000,0.000,0.000,1.007,0.000,0.000,3.503,0.000,0.000,0.000,0.000,0.001,0.000,8.379,0.000,0.133,0.000,0.000,54.883,11.233,0.000,1.019,0.000,0.000,0.000,4.134,0.000,0.000,29.914,0.000,0.000,0.000,1.802,0.000,0.000,0.000,0.000,0.000,0.280,0.000,0.000,0.075,0.000,0.000,0.746
4050.0,0,135.907,1.089,0.000,0.001,14.855,0.449,0.000,2.010,0.000,0.002,1.348,1.219,0.000,0.000,0.000,0.000,0.000,0.000,0.000,0.024,2.010,0.000,0.000,1.219,0.000,1.219,0.000,0.000,1.348,0.000,0.002,0.000,0.000,0.000,0.000,0.000,0.000,0.184,0.000,0.000,0.640,0.000,0.000,0.000,0.000,0.000,0.000,1.531,0.000,0.024,0.000,13.627,32.339,2.052,0.000,0.186,0.000,0.000,0.000,0.755,0.000,0.000,5.465,0.000,0.000,0.000,0.329,0.000,0.000,0.000,0.000,0.000,0.051,0.000,0.000,0.014,0.000,0.000,0.136
4058.0,0,27.439,0.220,0.000,0.000,2.999,0.091,0.000,0.406,0.000,0.000,0.272,0.246,0.000,0.000,0.000,0.000,0.000,0.000,0.000,0.005,0.406,0.000,0.000,0.246,0.000,0.246,0.000,0.000,0.272,0.000,0.000,0.000,0.000,0.000,0.000,0.000,0.000,0.037,0.000,0.000,49.695,0.000,0.000,0.000,0.000,0.000,0.000,0.309,0.000,0.005,0.000,2.751,6.529,0.414,0.000,0.038,0.000,0.000,0.000,0.152,0.000,0.000,1.103,0.000,0.000,0.000,0.066,0.000,0.000,0.000,0.000,0.000,0.010,0.000,0.000,0.003,0.000,0.000,0.028
4066.5,0,5.013,134.104,0.000,0.000,0.548,0.017,0.000,0.074,0.000,0.000,0.050,0.045,0.000,0.000,0.000,0.000,0.000,0.000,0.000,0.001,0.074,0.000,0.000,0.045,0.000,0.045,0.000,0.000,0.050,0.000,0.000,0.000,0.000,0.000,0.000,0.000,0.000,0.007,0.000,0.000,9.079,0.000,0.000,0.000,0.000,0.000,0.000,0.056,0.000,27.292,0.000,0.503,1.193,0.076,0.000,0.007,0.000,0.000,0.000,0.028,0.000,0.000,0.202,0.000,0.000,0.000,0.012,0.000,0.000,0.000,0.000,0.000,0.002,0.000,0.000,0.001,0.000,0.000,0.005
4075.0,0,45.542,24.499,81.314,40.379,60.339,99.320,0.000,99.331,0.000,0.000,0.009,0.008,0.000,0.000,0.000,0.000,0.000,0.000,0.000,99.317,0.014,0.000,73.576,0.008,0.000,0.008,0.000,0.000,200.009,0.000,0.000,0.000,0.000,0.000,0.000,0.000,0.000,21.348,0.000,0.000,1.658,0.000,0.000,0.000,0.000,0.000,0.000,0.010,0.000,4.986,0.000,0.092,27.471,0.014,0.000,0.001,0.000,0.000,0.000,0.005,0.000,0.000,0.037,0.000,0.000,0.000,0.002,0.000,0.000,0.000,0.000,0.000,0.000,0.000,0.000,0.000,0.000,0.000,18.295
4083.0,0,9.195,94.812,16.417,8.152,78.756,20.052,60.239,20.055,109.762,0.000,148.165,0.002,0.000,0.000,0.000,0.000,0.000,0.000,0.000,20.052,0.003,0.000,14.855,0.002,0.000,0.002,0.000,0.000,40.381,0.000,0.000,0.000,0.000,0.000,0.000,0.000,0.000,4.310,0.000,0.000,0.335,0.000,0.000,0.000,0.000,0.000,0.000,0.002,0.000,1.007,0.000,0.019,5.546,0.003,0.000,0.000,0.000,0.000,0.000,0.001,0.000,0.000,0.007,0.000,0.000,19.152,0.000,0.000,0.000,0.000,0.000,0.000,0.000,0.000,0.000,49.907,0.000,20.107,3.694
4091.5,0,1.680,17.321,2.999,1.489,14.388,3.663,11.005,3.664,20.052,0.000,27.067,0.000,0.000,0.000,0.000,0.000,0.000,0.000,0.000,3.663,0.000,0.000,2.714,0.000,0.000,0.000,0.000,0.000,7.377,0.000,0.000,0.000,0.000,0.000,0.000,0.000,0.000,0.787,0.000,0.000,0.061,0.000,0.000,0.000,0.000,0.000,0.000,0.000,0.000,0.184,0.000,0.003,1.013,0.001,0.000,0.000,0.000,0.000,0.000,7.886,0.000,0.000,0.001,0.000,0.000,3.499,0.000,0.000,0.000,0.000,0.000,0.000,0.000,0.000,0.000,9.117,0.000,3.673,0.675
4100.0,0,0.307,184.132,0.548,0.272,2.628,0.669,2.010,0.669,3.663,0.000,4.945,0.000,0.000,0.000,0.000,0.000,0.000,0.000,0.000,0.669,0.000,0.000,0.496,0.000,0.000,0.000,0.000,0.000,1.348,0.000,0.000,0.000,0.000,0.000,0.000,0.000,0.000,0.144,0.000,0.000,100.011,0.000,0.000,0.000,0.000,0.000,0.000,0.000,0.000,0.034,0.000,0.001,0.185,0.000,0.000,0.000,0.000,0.000,0.000,10.156,0.000,0.000,0.000,10.095,0.000,0.639,0.000,0.000,0.000,0.000,0.000,0.000,0.000,0.000,0.000,1.666,0.000,0.671,24.817
4108.0,0,66.636,37.176,0.111,0.055,0.531,49.455,0.406,0.135,0.740,0.000,0.998,200.000,0.000,0.000,0.000,0.000,0.000,0.000,0.000,0.135,0.000,0.000,0.100,0.000,0.000,0.000,0.000,0.000,0.272,0.000,0.000,0.000,0.000,0.000,0.000,0.000,0.000,0.029,0.000,0.000,44.852,0.000,0.000,0.000,0.000,0.000,0.000,0.000,0.000,0.007,0.000,0.000,0.037,0.000,0.000,0.000,100.000,0.000,0.000,10.766,0.000,0.000,0.000,2.038,0.000,0.129,40.000,6.375,0.000,0.000,0.000,0.000,0.000,0.000,0.000,0.336,0.000,0.135,15.050
4116.5,0,66.680,6.791,0.020,0.010,0.097,9.035,0.074,202.695,0.135,0.000,0.182,36.537,0.000,0.000,0.000,0.000,0.000,0.000,0.000,0.025,40.379,0.000,89.884,0.000,0.000,0.000,0.000,99.317,0.050,0.000,0.000,0.000,0.000,0.000,0.000,0.000,0.000,10.045,0.000,0.000,8.194,0.000,0.000,25.000,0.000,0.000,0.000,0.000,0.000,0.001,0.000,0.000,0.007,0.000,0.000,0.000,78.921,0.000,0.000,1.967,0.000,0.000,0.000,0.372,0.000,0.024,7.307,22.331,0.000,0.000,0.000,0.000,0.000,0.000,0.000,0.061,0.000,0.025,2.749
4125.0,0,12.181,1.241,0.004,0.002,0.018,1.650,0.014,37.029,0.025,0.000,0.033,6.675,0.000,0.000,0.000,0.000,40.379,0.000,0.000,0.005,7.377,0.000,16.420,0.000,0.000,0.000,0.000,18.144,0.009,0.000,0.000,0.000,0.000,0.000,0.000,0.000,0.000,8.565,0.000,0.000,1.497,0.000,0.000,21.294,0.000,0.000,0.000,3.407,0.000,0.000,0.000,0.000,0.001,0.000,0.000,0.000,14.418,0.000,0.000,0.359,0.000,0.000,0.000,0.068,0.000,0.004,1.335,4.079,0.000,0.000,0.000,0.000,6.207,0.000,0.000,0.011,0.000,0.005,0.502
4133.0,0,2.459,0.250,0.001,0.000,0.004,0.333,0.003,7.476,0.005,0.000,0.007,1.348,0.000,0.000,0.000,0.000,8.152,0.000,0.000,0.001,1.489,0.000,3.315,0.000,0.000,0.000,0.000,3.663,0.002,0.000,0.000,0.000,0.000,0.000,0.000,0.000,0.000,1.729,0.000,0.000,0.302,0.000,0.000,4.299,0.000,0.000,0.000,0.688,0.000,0.000,0.000,0.000,0.000,25.000,0.000,0.000,2.911,0.000,0.000,0.073,0.000,0.000,0.000,0.014,0.000,0.001,0.270,26.676,0.000,0.000,0.000,0.000,5.414,0.000,33.287,0.002,0.000,0.001,0.101
4141.5,0,0.449,0.046,0.000,0.000,0.001,0.061,0.000,1.366,0.001,0.000,0.001,0.246,0.000,0.000,66.574,0.000,1.489,0.000,0.000,0.000,0.272,0.000,0.606,0.000,0.000,0.000,0.000,0.669,0.000,0.000,0.000,0.000,0.000,0.000,0.000,0.000,0.000,0.316,0.000,0.000,0.055,0.000,0.000,0.785,0.000,0.000,0.000,0.126,0.000,16.553,0.000,0.000,0.000,4.567,0.000,0.000,0.532,0.000,0.000,0.013,0.000,0.000,0.000,0.003,0.000,0.000,0.049,4.873,0.000,0.000,0.000,0.000,0.989,0.000,6.081,0.000,0.000,0.000,0.019
4150.0,0,0.082,0.008,0.000,0.000,0.000,0.011,0.000,0.249,0.000,0.000,0.000,0.045,0.000,0.000,12.162,0.000,0.272,0.000,0.000,0.000,0.050,0.000,0.111,0.000,0.000,0.000,0.000,0.122,0.000,0.000,0.000,0.000,0.000,0.000,0.000,0.000,0.000,0.058,0.000,0.000,0.010,0.000,0.000,0.143,0.000,0.000,0.000,0.023,0.000,3.024,0.000,37.041,148.164,0.834,0.000,0.000,0.097,0.000,0.000,0.002,0.000,0.000,0.000,0.000,0.000,0.000,0.009,0.890,0.000,0.000,0.000,0.000,0.181,0.000,1.111,0.000,0.000,0.000,0.003
4158.0,0,0.017,0.002,0.000,0.000,0.000,0.002,0.000,0.050,0.000,0.000,0.000,0.009,0.000,0.000,2.455,0.000,0.055,0.000,0.000,0.000,0.010,0.000,0.022,0.000,0.000,0.000,0.000,0.025,0.000,0.000,0.000,0.000,0.000,0.000,0.000,0.000,0.000,0.012,0.000,0.000,0.002,0.000,0.000,0.029,0.000,0.000,0.000,0.005,0.000,0.611,0.000,7.478,29.914,0.168,0.000,0.000,0.020,0.000,0.000,0.000,0.000,0.000,0.000,0.000,0.000,0.000,0.002,0.180,0.000,0.000,0.000,0.000,0.036,0.000,0.224,0.000,0.000,0.000,0.001
4166.5,0,0.003,0.000,0.000,0.000,0.000,0.000,0.000,0.009,0.000,0.000,0.000,0.002,0.000,0.000,0.449,0.000,0.010,0.000,0.000,0.000,0.002,0.000,0.004,0.000,0.000,0.000,0.000,0.005,0.000,0.000,0.000,0.000,0.000,0.000,0.000,11.765,0.000,0.002,0.000,0.000,0.000,0.000,0.000,0.005,0.000,0.000,0.000,0.001,0.000,0.112,0.000,1.366,5.465,0.031,0.000,0.000,0.004,0.000,16.375,0.000,0.000,0.000,0.000,0.000,0.000,0.000,0.000,0.033,0.000,0.000,0.000,0.000,11.317,0.000,0.041,0.000,0.000,0.000,0.000
4175.0,0,0.001,0.000,0.000,0.000,0.000,0.000,0.000,0.002,0.000,0.000,0.000,0.000,0.000,0.000,0.082,0.000,0.002,0.000,0.000,0.000,0.000,0.000,0.001,0.000,0.000,0.000,0.000,0.001,0.000,0.000,0.000,0.000,0.000,0.000,0.000,2.149,0.000,0.000,0.000,0.000,0.000,0.000,0.000,0.001,0.000,0.000,0.000,2.789,0.000,0.020,0.000,0.250,0.998,0.006,0.000,0.000,0.001,0.000,2.991,7.886,0.000,0.000,0.000,0.000,0.000,0.000,0.000,0.006,0.000,0.000,0.000,20.000,6.666,0.000,0.007,0.000,0.000,0.000,0.000
4183.0,0,0.000,0.000,0.000,0.000,0.000,0.000,0.000,0.000,0.000,0.000,0.000,0.000,0.000,0.000,0.017,0.000,0.000,0.000,0.000,0.000,0.000,0.000,0.000,0.000,0.000,0.000,0.000,0.000,0.000,0.000,0.000,0.000,0.000,0.000,0.000,0.434,0.000,0.000,0.000,0.000,0.000,0.000,0.000,0.000,0.000,0.000,0.000,0.563,0.000,0.004,0.000,0.050,0.202,0.001,0.000,0.000,0.000,0.000,0.604,1.592,0.000,0.000,0.000,0.000,0.000,0.000,0.000,0.001,0.000,0.000,0.000,4.038,1.346,0.000,0.002,0.000,0.000,0.000,0.000
4191.5,0,0.000,0.000,0.000,0.000,0.000,0.000,0.000,0.000,0.000,0.000,0.000,0.000,0.000,0.000,0.003,0.000,0.000,0.000,0.000,0.000,0.000,0.000,0.000,0.000,0.000,0.000,0.000,0.000,0.000,0.000,0.000,0.000,0.000,0.000,0.000,0.079,0.000,0.000,0.000,0.000,0.000,0.000,0.000,0.000,0.000,0.000,0.000,0.103,0.000,0.001,0.000,0.009,0.037,0.000,0.000,0.000,0.000,0.000,0.110,0.291,0.000,0.000,0.000,0.000,0.000,0.000,0.000,0.000,0.000,0.000,0.000,0.738,0.246,0.000,0.000,0.000,0.000,0.000,0.000
4200.0,0,0.000,0.000,0.000,0.000,0.000,0.000,0.000,0.000,0.000,0.000,0.000,0.000,0.000,0.000,0.001,0.000,0.000,0.000,0.000,0.000,0.000,0.000,0.000,0.000,0.000,0.000,0.000,0.000,0.000,0.000,0.000,0.000,0.000,0.000,0.000,0.014,0.000,0.000,0.000,0.000,0.000,0.000,0.000,0.000,0.000,0.000,0.000,0.019,0.000,0.000,0.000,0.002,0.007,0.000,0.000,0.000,0.000,0.000,0.020,0.053,0.000,0.000,0.000,0.000,0.000,0.000,0.000,0.000,0.000,0.000,0.000,0.135,0.045,0.000,0.000,0.000,0.000,0.000,0.000
4208.0,0,0.000,0.000,0.000,0.000,0.000,0.000,0.000,0.000,0.000,0.000,0.000,0.000,0.000,0.000,0.000,0.000,0.000,0.000,0.000,0.000,0.000,0.000,0.000,0.000,0.000,0.000,0.000,0.000,0.000,0.000,0.000,0.000,0.000,0.000,0.000,0.003,0.000,33.333,0.000,0.000,90.484,0.000,0.000,0.000,0.000,0.000,0.000,3.086,0.000,0.000,0.000,0.000,0.001,0.000,0.000,0.000,0.000,0.000,0.004,0.011,0.000,0.000,0.000,0.000,0.000,0.000,0.000,0.000,0.000,0.000,0.000,0.027,0.009,0.000,0.000,0.000,0.000,0.000,0.000
4216.5,0,0.000,0.000,89.866,73.576,99.317,0.000,0.000,0.000,0.000,0.000,0.000,0.000,0.000,0.000,0.000,0.000,0.000,0.000,0.000,148.164,0.000,0.000,0.000,0.000,0.000,0.000,0.000,0.000,0.000,0.000,0.000,0.000,0.000,0.000,0.000,0.001,0.000,6.089,0.000,0.000,16.530,0.000,0.000,0.000,0.000,0.000,0.000,0.564,0.000,11.096,0.000,0.000,174.082,0.000,0.000,0.000,0.000,0.000,0.001,0.002,0.000,0.000,0.000,0.000,0.000,0.000,0.000,0.000,0.000,0.000,0.000,0.005,0.002,0.000,0.000,0.000,0.000,0.000,10.040
4225.0,0,0.000,0.000,16.417,13.441,18.144,0.000,60.239,0.000,0.000,44.626,0.000,0.000,200.000,0.000,0.000,0.000,0.000,0.000,0.000,108.381,0.000,0.000,0.000,0.000,148.164,0.000,0.000,0.000,0.000,0.000,66.574,0.000,0.000,0.000,29.210,0.000,0.000,1.112,0.000,0.000,3.020,0.000,0.000,0.000,0.000,0.000,16.452,0.103,0.000,2.027,0.000,0.000,31.802,0.000,0.000,0.000,60.653,0.000,0.000,0.000,0.000,0.000,0.000,0.000,0.000,0.000,0.000,0.000,0.000,0.000,0.000,0.001,0.000,0.000,0.000,0.000,0.000,0.000,1.834
4233.0,0,0.000,0.000,3.315,2.714,3.663,0.000,12.162,0.000,180.967,9.010,0.000,0.000,40.379,81.314,0.000,0.000,0.000,0.000,44.626,21.882,0.000,0.000,0.000,0.000,29.914,0.000,0.000,0.000,0.000,0.000,13.441,0.000,0.000,0.000,16.925,0.000,0.000,0.225,0.000,20.328,0.610,0.000,0.000,0.000,0.000,0.000,3.322,0.021,0.000,0.409,0.000,0.000,6.421,0.000,0.000,0.000,12.246,0.000,0.000,4.328,0.000,0.000,0.000,0.000,0.000,0.000,0.000,0.000,0.000,0.000,0.000,0.000,2.789,0.000,0.000,0.000,0.000,0.000,0.370
4241.5,0,0.000,0.000,0.606,0.496,0.669,0.000,2.222,0.000,33.060,1.646,0.000,0.000,7.377,14.855,0.000,163.746,0.000,0.000,8.152,3.997,0.000,163.746,0.000,0.000,5.465,0.000,0.000,0.000,0.000,99.317,2.455,0.000,0.000,0.000,3.092,0.000,0.000,0.041,0.000,3.714,0.111,0.000,0.000,0.000,0.000,0.000,0.607,0.004,0.000,0.075,0.000,0.000,1.173,0.000,0.000,0.000,2.237,0.000,0.000,0.791,0.000,0.000,0.000,0.000,0.000,0.000,0.000,0.000,0.000,0.000,0.000,0.000,0.510,0.000,0.000,0.000,0.000,0.000,0.068
4250.0,0,0.000,0.000,0.111,0.091,0.122,0.000,0.406,0.000,6.039,0.301,0.000,0.000,1.348,2.714,0.000,29.914,0.000,0.000,1.489,0.730,0.000,29.914,0.000,0.000,0.998,0.000,0.000,0.000,0.000,18.144,0.449,0.000,0.000,0.000,0.565,0.000,0.000,0.007,0.000,0.678,0.020,0.000,0.000,0.000,0.000,0.000,0.111,0.001,0.000,0.014,0.000,0.000,0.214,0.000,0.000,0.000,0.409,0.000,0.000,0.144,0.000,0.000,0.000,0.000,0.000,0.000,0.000,0.000,0.000,0.000,0.000,0.000,0.093,0.000,0.000,0.000,0.000,0.000,0.012
4258.0,0,0.000,0.000,0.022,0.018,0.025,0.000,0.082,0.000,1.219,0.061,0.000,0.000,0.272,0.548,0.000,6.039,0.000,0.000,0.301,0.147,0.000,6.039,0.000,0.000,0.202,0.000,0.000,0.000,0.000,3.663,0.091,15.163,0.000,0.000,0.114,6.457,0.000,0.002,0.000,0.137,0.004,0.000,0.000,0.000,0.000,0.000,0.022,0.000,0.000,0.003,0.000,30.327,0.043,0.000,0.000,0.000,0.083,0.000,0.000,0.029,0.000,0.000,0.000,0.000,0.000,0.000,0.000,0.000,0.000,0.000,0.000,0.000,0.019,0.000,0.000,0.000,0.000,0.000,0.002
4266.5,0,0.000,0.000,0.004,0.003,0.005,0.000,0.015,0.000,0.223,0.011,0.000,0.000,0.050,0.100,0.000,1.103,0.000,0.000,0.055,0.027,0.000,182.071,0.000,0.000,0.037,0.000,0.000,0.000,0.000,0.669,0.017,2.770,0.000,0.000,0.021,1.180,0.000,0.000,0.000,0.025,0.001,0.000,0.000,0.000,0.000,0.000,0.004,0.000,0.000,0.001,0.000,5.540,0.008,0.000,0.000,0.000,0.015,0.000,0.000,0.005,0.000,0.000,0.000,0.000,0.000,0.000,0.000,0.000,0.000,0.000,0.000,0.000,0.003,0.000,0.000,0.000,0.000,0.000,0.000
4275.0,0,0.000,0.000,0.001,0.001,0.001,0.000,0.003,0.000,0.041,0.002,0.000,0.000,0.009,0.018,0.000,0.202,0.000,0.000,0.010,0.005,0.000,33.261,0.000,0.000,0.007,0.000,0.000,0.000,0.000,0.122,0.003,0.506,0.000,0.000,0.004,0.215,0.000,0.000,0.000,0.005,0.000,0.000,0.000,0.000,0.000,0.000,0.001,0.000,0.000,0.000,0.000,1.012,0.001,0.000,0.000,0.000,0.003,0.000,0.000,0.001,0.000,0.000,0.000,0.000,0.000,0.000,0.000,0.000,0.000,0.000,0.000,0.000,5.617,0.000,0.000,0.000,0.000,0.000,0.000
4283.0,0,0.000,0.000,0.000,148.164,0.000,0.000,0.001,0.000,0.008,0.000,0.000,0.000,0.002,0.004,0.000,0.041,0.000,0.000,0.002,0.001,0.000,6.715,0.000,0.000,0.001,0.000,0.000,0.000,0.000,0.025,0.001,0.102,0.000,0.000,0.001,0.044,0.000,0.000,0.000,0.001,0.000,0.000,0.000,0.000,0.000,0.000,0.000,0.000,0.000,30.161,0.000,0.204,0.000,0.000,0.000,0.000,0.001,0.000,0.000,0.000,0.000,0.000,0.000,0.000,0.000,0.000,0.000,0.000,0.000,0.000,0.000,0.000,1.134,0.000,0.000,0.000,0.000,0.000,0.000
4291.5,0,0.000,0.000,40.379,27.067,241.206,0.000,121.306,0.000,0.002,121.306,0.000,0.000,0.000,0.001,0.000,0.007,0.000,0.000,0.000,89.866,0.000,182.194,0.000,0.000,0.000,0.000,0.000,0.000,0.000,0.005,0.000,0.019,0.000,0.000,16.452,0.008,0.000,0.000,0.000,18.394,20.190,0.000,0.000,0.000,0.000,0.000,0.000,0.000,0.000,23.804,0.000,0.037,44.933,0.000,0.000,0.000,0.000,0.000,0.000,0.000,0.000,0.000,0.000,0.000,0.000,0.000,0.000,0.000,0.000,0.000,0.000,0.000,0.207,0.000,0.000,0.000,0.000,0.000,0.000
4300.0,0,0.000,0.000,7.377,4.945,44.064,0.000,22.161,0.000,0.000,22.161,0.000,0.000,0.000,121.306,0.000,0.001,0.000,0.000,148.164,16.417,0.000,33.284,0.000,0.000,89.866,0.000,0.000,0.000,0.000,0.001,40.379,0.003,0.000,0.000,3.005,0.001,0.000,0.000,0.000,3.360,3.688,0.000,0.000,0.000,0.000,0.000,0.000,0.000,0.000,4.349,0.000,0.007,57.867,0.000,0.000,0.000,0.000,0.000,0.000,5.286,0.000,0.000,0.000,0.000,0.000,36.481,0.000,0.000,0.000,0.000,0.000,14.816,0.038,0.000,0.000,0.000,0.000,13.478,0.000
4308.0,0,163.746,148.164,1.489,0.998,8.896,0.000,4.474,0.000,0.000,4.474,0.000,0.000,0.000,24.491,0.000,0.000,0.000,0.000,29.914,3.315,0.000,6.720,0.000,0.000,18.144,0.000,0.000,0.000,0.000,0.000,8.152,0.001,0.000,0.000,0.607,0.000,0.000,0.000,0.000,0.678,60.984,0.000,0.000,0.000,0.000,0.000,0.000,0.000,0.000,0.878,0.000,0.001,11.683,0.000,0.000,0.000,30.119,0.000,16.263,5.395,0.000,0.000,0.000,0.000,0.000,7.365,0.000,0.000,0.000,0.000,0.000,20.835,0.008,0.000,0.000,0.000,0.000,2.721,0.000
4316.5,0,29.914,148.373,0.272,0.182,1.625,81.314,0.817,0.000,0.000,0.817,200.000,0.000,0.000,4.474,0.000,0.000,0.000,0.000,5.465,0.606,0.000,1.228,0.000,0.000,3.315,0.000,0.000,0.000,0.000,0.000,1.489,0.000,0.000,0.000,0.111,0.000,0.000,0.000,0.000,33.578,78.173,0.000,0.000,0.000,0.000,0.000,0.000,0.000,0.000,0.160,0.000,0.000,2.134,0.000,0.000,0.000,5.502,0.000,2.971,0.986,0.000,0.000,0.000,0.000,0.000,1.346,0.000,0.000,0.000,0.000,0.000,3.806,5.084,0.000,0.000,0.000,0.000,0.497,22.344
4325.0,0,5.465,27.105,0.050,0.033,0.297,14.855,0.149,0.000,0.000,0.149,36.537,0.000,0.000,0.817,0.000,0.000,0.000,0.000,0.998,0.111,73.576,0.224,0.000,49.319,0.606,0.000,0.000,0.000,0.000,0.000,0.272,0.000,0.000,0.000,0.020,0.000,0.000,0.000,0.000,6.134,14.281,0.000,0.000,0.000,0.000,0.000,0.000,0.000,0.000,0.029,0.000,0.000,0.390,0.000,0.000,0.000,37.793,0.000,18.606,2.555,0.000,36.788,54.506,0.000,0.000,0.246,0.000,0.000,0.000,0.000,0.000,0.695,0.929,0.000,0.000,21.251,0.000,0.091,4.082
4333.0,0,1.103,5.472,0.010,0.007,0.060,2.999,0.030,0.000,0.000,0.030,7.377,0.000,0.000,0.165,0.000,0.000,0.000,0.000,0.202,0.022,14.855,0.045,0.000,9.957,0.122,0.000,0.000,0.000,0.000,0.000,0.055,0.000,0.000,0.000,0.004,0.000,0.000,0.000,0.000,1.238,2.883,0.000,0.000,0.000,0.000,0.000,0.000,0.000,0.000,0.006,0.000,0.000,0.079,0.000,0.000,0.000,7.630,0.000,3.756,0.516,0.000,7.427,11.005,0.000,0.000,0.050,0.000,0.000,0.000,0.000,0.000,0.140,0.187,0.000,0.000,4.291,0.000,0.018,0.824
4341.5,0,0.202,1.000,0.002,0.001,0.011,0.548,0.006,0.000,0.000,0.006,1.348,0.000,0.000,0.030,0.000,0.000,0.000,0.000,0.037,0.004,2.714,0.008,0.000,1.819,0.022,0.000,0.000,0.000,0.000,0.000,0.010,0.000,0.000,0.000,0.001,0.000,0.000,0.000,0.000,0.226,0.527,12.415,0.000,0.000,0.000,0.000,0.000,0.000,0.000,0.001,0.000,0.000,0.014,0.000,0.000,0.000,1.394,0.000,0.686,0.094,0.000,1.357,2.010,0.000,0.000,0.009,0.000,0.000,0.000,0.000,0.000,0.026,0.034,0.000,0.000,0.784,0.000,0.003,0.151
4350.0,0,0.037,0.183,0.000,0.000,0.002,0.100,0.001,0.000,0.000,0.001,0.246,0.000,0.000,0.006,0.000,0.000,0.000,0.000,0.007,0.001,0.496,0.002,0.000,0.332,0.004,0.000,0.000,0.000,0.000,0.000,0.002,0.000,0.000,0.000,0.000,0.000,0.000,0.000,0.000,0.041,0.096,2.268,0.000,0.000,0.000,0.000,0.000,0.000,0.000,0.000,0.000,0.000,0.003,0.000,0.000,0.000,0.255,0.000,0.125,0.017,0.000,0.248,0.367,0.000,0.000,0.002,0.000,0.000,0.000,0.000,0.000,0.005,0.006,0.000,0.000,0.143,0.000,0.001,0.028
4358.0,0,0.007,0.037,0.000,0.000,0.000,0.020,0.000,0.000,0.000,0.000,0.050,0.000,0.000,0.001,0.000,0.000,0.000,0.000,0.001,0.000,0.100,0.000,0.000,0.067,0.001,0.000,0.000,0.000,0.000,0.000,0.000,0.000,0.000,0.000,0.000,0.000,0.000,0.000,0.000,0.008,0.019,0.458,0.000,0.000,0.000,0.000,0.000,0.000,0.000,0.000,0.000,0.000,0.001,0.000,0.000,0.000,0.051,0.000,0.025,0.003,0.000,0.050,0.074,0.000,0.000,0.000,0.000,0.000,0.000,0.000,0.000,0.001,0.001,0.000,0.000,0.029,0.000,0.000,0.006
4366.5,0,0.001,0.007,148.164,81.314,89.866,0.004,0.000,0.000,0.000,0.000,0.009,0.000,0.000,0.000,0.000,0.000,0.000,0.000,0.000,0.000,0.018,0.000,0.000,0.012,0.000,0.000,0.000,0.000,0.000,0.000,0.000,0.000,0.000,0.000,0.000,0.000,0.000,0.000,0.000,0.002,0.004,0.084,0.000,0.000,0.000,0.000,0.000,7.582,0.000,13.552,0.000,0.000,0.000,0.000,0.000,0.000,0.009,0.000,0.005,0.001,0.000,0.009,0.014,0.000,0.000,0.000,0.000,0.000,0.000,0.000,0.000,0.000,0.000,0.000,0.000,0.005,0.000,0.000,0.001
4375.0,0,0.000,0.001,27.067,96.169,16.417,0.001,81.314,0.000,0.000,134.064,0.002,0.000,0.000,0.000,0.000,0.000,0.000,0.000,0.000,60.239,0.003,0.000,0.000,0.002,0.000,0.000,180.967,0.000,0.000,0.000,0.000,0.000,0.000,0.000,60.290,21.525,0.000,0.000,0.000,40.937,24.660,0.015,0.000,0.000,0.000,0.000,0.000,1.385,0.000,35.809,0.000,0.000,55.600,0.000,0.000,0.000,0.002,0.000,0.001,10.645,0.000,0.002,0.002,0.000,0.000,0.000,0.000,0.000,0.000,0.000,0.000,6.024,0.000,0.000,0.000,0.001,0.000,0.000,0.000
4383.0,0,148.164,60.239,5.465,19.416,47.941,44.626,16.417,0.000,73.576,27.067,0.000,180.967,0.000,0.000,0.000,0.000,0.000,0.000,0.000,121.924,0.001,81.314,0.000,0.000,0.000,0.000,36.537,0.000,200.000,60.239,99.317,0.000,0.000,0.000,12.172,4.346,0.000,0.000,0.000,24.909,175.003,5.581,0.000,0.000,0.000,0.000,0.000,0.280,0.000,40.563,0.000,0.000,11.225,0.000,0.000,0.000,0.000,0.000,0.000,2.149,0.000,0.000,0.000,0.000,0.000,0.000,0.000,0.000,0.000,0.000,0.000,1.216,0.000,0.000,0.000,0.000,0.000,0.000,10.040
4391.5,0,227.067,71.244,0.998,3.547,8.758,107.470,2.999,0.000,13.441,4.945,99.317,33.060,54.506,0.000,0.000,0.000,0.000,0.000,0.000,22.274,0.000,59.481,0.000,0.000,0.000,0.000,6.675,0.000,36.537,11.005,18.144,0.000,0.000,0.000,2.224,0.794,0.000,0.000,0.000,4.550,31.970,1.020,0.000,0.000,0.000,0.000,6.052,0.051,0.000,7.410,0.000,0.000,24.364,0.000,0.000,0.000,98.742,0.000,0.000,40.321,0.000,0.000,200.000,0.000,0.000,25.852,16.263,0.000,0.000,0.000,0.000,0.222,0.000,0.000,0.000,0.000,0.000,0.000,1.834
4400.0,0,41.481,53.394,0.182,0.648,1.600,19.633,0.548,60.239,2.455,0.903,18.144,66.278,9.957,0.000,109.762,0.000,0.000,0.000,0.000,4.069,54.506,10.866,0.000,73.576,0.000,0.000,1.219,0.000,6.675,2.010,3.315,0.000,0.000,0.000,0.406,4.928,0.000,0.000,0.000,67.006,66.079,0.186,0.000,0.000,0.000,0.000,1.106,0.009,0.000,1.354,0.000,0.000,4.451,0.000,0.000,0.000,18.038,0.000,0.000,7.366,0.000,0.000,36.537,0.000,0.000,4.723,2.971,0.000,0.000,0.000,0.000,0.041,0.000,0.000,0.000,0.000,0.000,0.000,0.335
4408.0,0,8.375,10.780,0.037,0.131,0.323,3.964,0.111,12.162,0.496,0.182,3.663,13.381,2.010,0.000,22.161,0.000,0.000,0.000,0.000,0.822,11.005,2.194,0.000,14.855,0.000,0.000,0.246,0.000,1.348,0.406,0.669,0.000,0.000,0.000,0.082,0.995,0.000,0.000,0.000,13.528,13.341,0.038,0.000,0.000,0.000,0.000,0.223,0.002,0.000,0.273,0.000,0.000,0.899,0.000,0.000,0.000,3.642,0.000,0.000,1.487,0.000,0.000,7.377,0.000,0.000,0.954,0.600,0.000,0.000,0.000,0.000,0.008,0.000,0.000,0.000,0.000,0.000,0.000,0.068
4416.5,0,1.530,1.969,0.007,0.024,0.059,0.724,0.020,2.222,0.091,0.033,0.669,2.445,0.367,0.000,4.048,0.000,0.000,0.000,0.000,0.150,2.010,0.401,0.000,2.714,0.000,0.000,0.045,0.000,0.246,0.074,0.122,0.000,0.000,0.000,0.015,0.182,0.000,0.000,0.000,2.471,2.437,0.007,0.000,0.000,0.000,0.000,0.041,0.000,0.000,0.050,0.000,0.000,0.164,0.000,0.000,0.000,0.665,0.000,0.000,0.272,0.000,0.000,1.348,0.000,0.000,0.174,0.110,0.000,0.000,0.000,0.000,0.001,0.000,0.000,0.000,0.000,0.000,0.000,0.012
4425.0,0,0.279,0.360,0.001,0.004,0.011,0.132,0.004,0.406,0.017,0.006,0.122,0.447,0.067,0.000,0.740,0.000,0.000,0.000,0.000,0.027,0.367,0.073,0.000,0.496,0.000,0.000,0.008,0.000,0.045,0.014,0.022,0.000,0.000,0.000,0.003,0.033,0.000,0.000,0.000,0.451,30.565,0.001,0.000,0.000,0.000,0.000,0.007,0.000,0.000,0.009,0.000,0.000,0.030,0.000,0.000,0.000,0.122,0.000,0.000,0.050,0.000,0.000,0.246,0.000,0.000,0.032,0.020,0.000,0.000,0.000,0.000,0.000,0.000,0.000,0.000,0.000,0.000,0.000,36.893
4433.0,0,0.056,0.073,0.000,0.001,0.002,0.027,0.001,0.082,0.003,0.001,0.025,0.090,0.014,0.000,0.149,0.000,0.000,0.000,0.000,0.006,0.074,0.015,0.000,0.100,0.000,0.000,0.002,0.000,0.009,0.003,0.005,0.000,0.000,0.000,0.001,0.007,0.000,0.000,0.000,0.091,6.171,0.000,0.000,0.000,0.000,0.000,0.002,0.000,0.000,24.696,0.000,0.000,0.006,0.000,0.000,0.000,0.025,0.000,0.000,0.010,0.000,0.000,0.050,0.000,0.000,0.006,0.004,0.000,0.000,0.000,0.000,0.000,0.000,0.000,0.000,0.000,0.000,0.000,7.449
4441.5,0,0.010,0.013,0.000,49.320,0.000,0.005,0.000,0.015,0.001,0.000,0.005,0.016,0.002,0.000,0.027,0.000,0.000,0.000,0.000,81.315,0.014,0.003,0.000,0.018,0.000,0.000,0.000,0.000,0.002,0.000,0.001,0.000,0.000,0.000,0.000,0.001,0.000,0.000,0.000,0.017,1.127,0.000,0.000,0.000,0.000,0.000,0.000,5.617,0.000,4.512,0.000,0.000,44.934,0.000,0.000,0.000,0.004,0.000,0.000,0.002,0.000,0.000,0.009,0.000,0.000,0.001,0.001,0.000,0.000,0.000,0.000,0.000,0.000,0.000,0.000,0.000,0.000,0.000,1.361
4450.0,0,0.002,0.002,0.000,9.010,0.000,0.001,0.000,0.003,0.000,0.000,0.001,0.003,0.000,0.000,0.005,0.000,0.000,0.000,0.000,14.855,0.002,0.000,0.000,0.003,0.000,0.000,0.000,0.000,0.000,0.000,0.000,0.000,0.000,0.000,0.000,0.000,0.000,16.553,0.000,0.003,0.206,0.000,0.000,0.000,0.000,0.000,0.000,1.026,0.000,0.824,0.000,0.000,8.209,0.000,0.000,0.000,0.001,0.000,0.000,0.000,0.000,0.000,0.002,0.000,0.000,0.000,0.000,0.000,0.000,0.000,0.000,0.000,5.082,0.000,0.000,0.000,0.000,0.000,0.249
4458.0,0,218.253,81.314,0.000,1.819,0.000,0.000,0.000,180.968,0.000,0.000,0.000,0.001,0.000,0.000,0.001,0.000,0.000,0.000,0.000,2.999,0.000,0.000,134.064,0.001,0.000,0.000,0.000,163.746,0.000,0.000,0.000,0.000,0.000,0.000,0.000,4.328,0.000,25.686,0.000,0.001,0.042,0.000,0.000,0.000,0.000,0.000,0.000,0.207,0.000,0.166,0.000,0.000,1.657,0.000,0.000,0.000,0.000,0.000,0.000,0.000,0.000,0.000,0.000,0.000,0.000,0.000,0.000,0.000,0.000,0.000,0.000,0.000,4.109,0.000,0.000,0.000,0.000,16.463,0.050
4466.5,0,39.871,69.361,0.000,164.078,0.000,40.379,0.000,122.926,163.746,0.000,54.506,121.306,0.000,0.000,0.000,0.000,200.000,200.000,0.000,0.548,121.306,0.000,73.811,99.317,0.000,89.866,0.000,29.914,0.000,60.239,0.000,0.000,0.000,0.000,17.120,0.791,0.000,26.039,0.000,0.000,0.008,0.000,0.000,30.943,0.000,0.000,0.000,0.038,0.000,0.030,0.000,0.000,0.303,22.621,0.000,12.415,36.788,0.000,0.000,12.299,0.000,0.000,0.000,0.000,0.000,0.000,0.000,8.606,0.000,0.000,0.000,0.000,0.751,0.000,100.000,0.000,0.000,3.007,0.009
4475.0,0,7.284,12.671,0.000,29.974,0.000,7.377,0.000,22.457,29.914,0.000,9.957,22.161,0.000,0.000,0.000,0.000,36.537,36.537,0.000,0.100,22.161,0.000,13.484,18.144,0.000,16.417,0.000,5.465,0.000,11.005,0.000,0.000,0.000,0.000,3.128,0.144,0.000,4.757,0.000,0.000,0.001,0.000,0.000,14.850,0.000,0.000,0.000,0.007,0.000,0.006,0.000,0.000,65.372,4.132,0.000,2.268,6.721,0.000,0.000,2.247,0.000,36.788,54.506,0.000,0.000,0.000,0.000,1.572,0.000,70.776,0.000,0.000,0.137,0.000,38.458,0.000,0.000,0.549,0.002
4483.0,0,1.471,2.558,0.000,6.052,0.000,1.489,0.000,4.534,6.039,0.000,2.010,4.474,0.000,0.000,0.000,0.000,7.377,7.377,0.000,0.020,4.474,0.000,2.722,3.663,0.000,3.315,0.000,1.103,0.000,2.222,0.000,0.000,0.000,0.000,0.631,0.029,0.000,0.960,0.000,0.000,0.000,0.000,0.000,2.998,0.000,0.000,0.000,0.001,0.000,0.001,0.000,0.000,13.198,0.834,0.000,0.458,1.357,0.000,0.000,0.454,0.000,34.681,11.005,0.000,0.000,0.000,0.000,0.317,0.000,14.290,0.000,0.000,0.028,0.000,7.765,0.000,0.000,0.111,0.000
4491.5,0,0.269,0.467,0.000,1.106,0.000,0.272,0.000,0.828,1.103,0.000,0.367,0.817,0.000,0.000,0.000,0.000,1.348,1.348,0.000,0.004,0.817,0.000,0.497,0.669,0.000,0.606,0.000,0.202,0.000,0.406,0.000,0.000,0.000,0.000,0.115,0.005,0.000,0.175,0.000,0.000,0.000,0.000,0.000,0.548,0.000,0.000,0.000,0.000,0.000,0.000,0.000,0.000,2.411,0.152,0.000,0.084,0.248,0.000,0.000,0.083,0.000,6.336,2.010,0.000,0.000,0.000,0.000,0.058,0.000,2.610,0.000,0.000,0.005,0.000,1.418,0.000,0.000,0.020,0.000
4500.0,0,0.049,0.085,0.000,0.202,0.000,0.050,0.000,0.151,0.202,0.000,0.067,0.149,0.000,0.000,0.000,0.000,0.246,0.246,0.000,0.001,0.149,0.000,0.091,0.122,0.000,0.111,0.000,0.037,0.000,0.074,0.000,0.000,0.000,0.000,0.021,0.001,0.000,0.032,0.000,0.000,0.000,0.000,0.000,0.100,0.000,0.000,0.000,0.000,0.000,0.000,0.000,0.000,0.440,0.028,0.000,0.015,0.045,0.000,0.000,0.015,0.000,1.157,0.367,0.000,0.000,0.000,0.000,0.011,0.000,0.477,0.000,0.000,0.001,0.000,0.259,0.000,0.000,0.004,0.000
4508.0,0,0.010,0.017,0.000,0.041,0.000,0.010,0.000,0.031,0.041,0.000,0.014,0.030,0.000,0.000,0.000,0.000,0.050,0.050,0.000,0.000,0.030,0.000,0.018,0.025,0.000,0.022,0.000,0.007,0.000,0.015,0.000,0.000,0.000,0.000,0.004,0.000,0.000,0.006,0.000,0.000,0.000,0.000,0.000,0.020,0.000,0.000,0.000,0.000,0.000,0.000,0.000,0.000,0.089,0.006,0.000,0.003,0.009,0.000,0.000,0.003,0.000,0.234,0.074,0.000,0.000,0.000,0.000,0.002,0.000,0.096,0.000,0.000,0.000,0.000,0.052,0.000,0.000,0.001,0.000
4516.5,0,0.002,0.003,0.000,0.007,0.000,0.002,0.000,0.006,0.007,0.000,0.002,0.006,0.000,0.000,0.000,0.000,0.009,0.009,0.000,0.000,0.006,0.000,0.003,0.005,0.000,0.004,0.000,0.001,0.000,0.003,0.000,0.000,0.000,0.000,0.001,0.000,0.000,0.001,0.000,0.000,0.000,0.000,0.000,0.004,0.000,0.000,0.000,0.000,0.000,16.553,0.000,0.000,200.016,0.001,0.000,0.001,0.002,0.000,0.000,0.001,0.000,0.043,0.014,0.000,0.000,0.000,0.000,0.000,0.000,0.018,0.000,0.000,0.000,0.000,0.010,0.000,0.000,0.000,0.000
4525.0,0,0.000,0.001,109.762,54.508,148.164,0.000,0.000,0.001,0.001,0.000,0.000,0.001,0.000,0.000,0.000,0.000,0.002,0.002,0.000,148.164,0.001,0.000,0.001,0.001,0.000,0.001,0.000,0.000,0.000,0.000,0.000,0.000,0.000,0.000,0.000,0.000,0.000,9.085,0.000,0.000,0.000,0.000,0.000,0.001,0.000,0.000,0.000,0.000,0.000,3.024,0.000,0.000,36.540,0.000,0.000,0.000,0.000,0.000,0.000,0.000,0.000,0.008,0.002,0.000,0.000,0.000,0.000,0.000,0.000,0.003,12.330,0.000,0.000,0.000,0.002,0.000,0.000,0.000,0.000
4533.0,0,0.000,0.000,22.161,11.005,29.914,0.000,121.306,0.000,0.000,0.000,0.000,0.000,0.000,0.000,0.000,0.000,0.000,0.000,49.319,29.914,0.000,0.000,0.000,0.000,0.000,0.000,0.000,0.000,0.000,0.000,0.000,0.000,0.000,0.000,14.886,6.457,0.000,1.834,0.000,0.000,81.873,0.000,0.000,0.000,0.000,0.000,0.000,0.000,0.000,8.830,0.000,0.000,7.377,0.000,0.000,0.000,0.000,0.000,0.000,0.000,0.000,0.002,0.000,0.000,0.000,0.000,0.000,0.000,0.000,0.001,2.489,0.000,0.000,0.000,0.000,0.000,0.000,0.000,0.000
4541.5,0,0.000,134.064,4.048,2.010,5.465,0.000,22.161,0.000,0.000,0.000,0.000,0.000,0.000,81.314,0.000,0.000,0.000,0.000,49.389,5.465,0.000,0.000,0.000,0.000,49.319,0.000,0.000,0.000,0.000,0.000,0.000,0.000,0.000,0.000,2.719,1.180,0.000,0.335,0.000,0.000,89.039,0.000,0.000,0.000,0.000,0.000,0.000,0.000,0.000,1.613,0.000,0.000,1.348,0.000,0.000,0.000,74.082,0.000,0.000,17.797,0.000,30.120,0.000,0.000,0.000,0.000,26.813,0.000,0.000,0.000,0.455,0.000,11.310,0.000,0.000,0.000,0.000,0.000,0.000
4550.0,0,40.379,105.805,0.740,0.367,0.998,0.000,4.048,0.000,0.000,0.000,121.306,0.000,0.000,14.855,0.000,0.000,0.000,0.000,9.023,0.998,0.000,0.000,0.000,89.866,9.010,109.762,0.000,0.000,89.866,0.000,0.000,0.000,0.000,0.000,0.497,0.215,0.000,0.061,0.000,0.000,46.385,0.000,0.000,0.000,0.000,0.000,0.000,0.000,0.000,0.295,0.000,0.000,0.246,0.000,0.000,0.000,13.534,0.000,0.000,3.251,0.000,5.502,0.000,13.627,0.000,0.000,4.898,0.000,0.000,0.000,0.083,0.000,2.066,0.000,0.000,0.000,0.000,0.000,0.000
4558.0,0,8.152,21.362,0.149,0.074,0.202,0.000,0.817,0.000,0.000,0.000,24.491,0.000,0.000,2.999,0.000,0.000,0.000,0.000,1.822,0.202,0.000,0.000,0.000,108.009,1.819,22.161,0.000,0.000,18.144,0.000,0.000,0.000,0.000,0.000,0.100,0.044,0.000,0.012,0.000,0.000,9.365,0.000,0.000,0.000,0.000,0.000,0.000,0.000,0.000,0.059,0.000,0.000,0.050,0.000,0.000,0.000,2.732,0.000,0.000,0.656,0.000,1.111,0.000,2.751,0.000,0.000,0.989,0.000,0.000,0.000,0.017,6.024,0.417,0.000,190.484,0.000,0.000,0.000,0.000
4566.5,0,1.489,3.902,0.027,121.320,0.037,0.000,0.149,0.000,0.000,0.000,4.474,0.000,0.000,0.548,0.000,0.000,0.000,0.000,0.333,0.037,0.000,0.000,0.000,19.732,0.332,4.048,0.000,0.000,3.315,0.000,0.000,0.000,0.000,0.000,0.018,0.008,0.000,0.002,0.000,0.000,1.711,0.000,0.000,0.000,0.000,0.000,0.000,0.000,0.000,0.011,0.000,0.000,0.009,0.000,0.000,0.000,0.499,0.000,0.000,0.120,0.000,0.203,0.000,0.503,0.000,0.000,0.181,0.000,0.000,0.000,0.003,1.100,0.076,0.000,34.798,0.000,0.000,0.000,0.000
4575.0,0,60.511,148.877,0.005,22.163,40.386,81.314,0.027,180.967,0.000,0.000,0.817,0.000,0.000,0.100,0.000,0.000,0.000,0.000,0.061,0.007,0.000,109.762,0.000,3.605,0.061,0.740,0.000,0.000,0.606,109.762,0.000,0.000,0.000,0.000,0.003,0.001,0.000,0.000,0.000,0.000,0.313,0.000,0.000,0.000,0.000,0.000,0.000,0.000,0.000,0.002,0.000,0.000,0.002,0.000,0.000,0.000,0.091,0.000,0.000,0.022,0.000,0.037,0.000,0.092,0.000,0.000,0.033,0.000,0.000,0.000,0.001,0.201,0.014,0.000,6.357,0.000,0.000,0.000,0.000
4583.0,0,12.217,30.058,0.001,4.475,8.154,16.417,0.006,36.537,0.000,0.000,0.165,0.000,0.000,0.020,0.000,0.000,0.000,0.000,0.012,0.001,0.000,22.161,81.314,0.728,0.012,0.149,0.000,0.000,0.122,22.161,0.000,0.000,0.000,0.000,0.001,0.000,0.000,20.218,0.000,0.000,0.063,0.000,0.000,0.000,0.000,0.000,0.000,0.000,0.000,0.000,0.000,0.000,0.000,0.000,0.000,0.000,40.675,0.000,0.000,2.906,0.000,0.007,0.000,0.019,0.000,0.000,0.007,0.000,0.000,0.000,0.000,0.041,0.003,0.000,1.283,0.000,0.000,0.000,0.000
4591.5,0,2.232,5.491,0.000,0.817,1.490,2.999,0.001,6.675,0.000,0.000,0.030,0.000,0.000,0.004,0.000,0.000,0.000,0.000,0.002,0.000,0.000,4.048,14.855,0.133,0.002,0.027,0.000,0.000,0.022,4.048,0.000,0.000,0.000,0.000,0.000,0.000,0.000,3.693,0.000,0.000,74.093,0.000,0.000,0.000,0.000,0.000,0.000,0.000,0.000,0.000,0.000,0.000,0.000,0.000,0.000,0.000,7.431,0.000,0.000,0.531,0.000,0.001,0.000,0.003,0.000,0.000,0.001,0.000,0.000,0.000,0.000,0.007,3.765,0.000,0.234,13.627,0.000,0.000,0.000
4600.0,0,0.408,1.003,0.000,0.149,0.272,0.548,0.000,1.219,0.000,0.000,0.006,0.000,0.000,0.001,0.000,0.000,0.000,0.000,0.000,0.000,0.000,0.740,2.714,0.024,0.000,0.005,0.000,0.000,0.004,0.740,0.000,0.000,0.000,0.000,0.000,0.000,0.000,0.675,0.000,0.000,13.536,16.758,0.000,0.000,0.000,0.000,0.000,0.000,0.000,0.000,0.000,0.000,0.000,0.000,0.000,0.000,1.357,0.000,0.000,0.097,0.000,0.000,0.000,0.001,0.000,0.000,0.000,0.000,0.000,0.000,0.000,0.001,0.688,0.000,0.043,2.489,0.000,0.000,0.000
4608.0,0,0.082,109.965,0.000,0.030,0.055,0.111,0.000,0.246,0.000,0.000,0.001,0.000,0.000,0.000,0.000,0.000,0.000,0.000,0.000,0.000,0.000,0.149,0.548,0.005,0.000,0.001,0.000,0.000,0.001,0.149,0.000,0.000,0.000,0.000,0.000,0.000,0.000,0.136,0.000,0.000,2.733,3.383,0.000,0.000,0.000,0.000,0.000,0.000,0.000,0.000,0.000,0.000,0.000,0.000,0.000,0.000,0.274,0.000,0.000,0.020,0.000,0.000,0.000,0.000,0.000,0.000,0.000,7.046,0.000,0.000,0.000,0.000,0.139,0.000,0.009,11.659,0.000,0.000,7.438
4616.5,0,245.075,101.403,0.000,163.752,0.010,0.020,0.000,0.045,0.000,0.000,66.574,0.000,0.000,0.000,0.000,0.000,0.000,0.000,0.000,0.000,0.000,0.027,148.264,89.867,0.000,121.306,0.000,0.000,0.000,0.027,0.000,0.000,0.000,0.000,0.000,0.000,0.000,61.086,0.000,0.000,0.499,0.618,0.000,0.000,0.000,0.000,0.000,0.000,0.000,0.000,0.000,0.000,90.484,0.000,0.000,0.000,0.050,0.000,0.000,43.810,0.000,0.000,0.000,0.000,0.000,0.000,0.000,1.287,0.000,40.657,0.000,0.000,0.025,0.000,0.002,2.130,0.000,0.000,1.359
4625.0,0,44.771,18.525,148.164,29.915,73.578,49.323,0.000,44.634,0.000,66.574,56.788,0.000,0.000,0.000,0.000,0.000,0.000,81.314,0.000,0.000,0.000,0.005,27.085,56.796,0.000,22.161,0.000,0.000,0.000,0.005,0.000,0.000,0.000,0.000,0.000,0.000,0.000,11.159,0.000,0.000,0.091,0.113,0.000,0.000,0.000,0.000,0.000,0.000,0.000,0.000,0.000,0.000,36.720,8.322,0.000,11.233,24.669,0.000,0.000,19.243,0.000,49.659,99.317,0.000,0.000,14.188,0.000,0.235,0.000,7.427,0.000,4.463,0.005,0.000,0.000,0.389,0.000,0.000,0.248
4633.0,0,9.039,3.740,29.914,6.040,81.429,9.958,99.317,9.012,49.319,13.441,11.465,0.000,0.000,0.000,0.000,0.000,0.000,16.417,0.000,0.000,0.000,0.001,5.468,11.467,0.000,4.474,0.000,0.000,0.000,0.001,0.000,0.000,0.000,0.000,0.000,0.000,0.000,2.253,0.000,0.000,0.018,0.023,0.000,0.000,0.000,0.000,0.000,0.000,0.000,0.000,0.000,0.000,7.414,1.680,0.000,2.268,4.981,0.000,0.000,3.885,0.000,10.026,20.052,0.000,0.000,2.865,0.000,0.047,0.000,1.500,0.000,0.901,0.001,0.000,0.000,0.079,0.000,0.000,0.050
4641.5,0,1.651,0.683,5.465,1.103,14.876,1.819,18.144,1.646,9.010,2.455,2.095,0.000,0.000,0.000,0.000,0.000,0.000,2.999,0.000,0.000,0.000,0.000,0.999,2.095,0.000,0.817,0.000,0.000,0.000,0.000,0.000,0.000,0.000,0.000,0.000,0.000,0.000,0.412,0.000,0.000,0.003,0.004,0.000,0.000,0.000,0.000,0.000,0.000,0.000,0.000,0.000,0.000,1.354,0.307,0.000,0.414,0.910,0.000,0.000,0.710,0.000,1.832,3.663,0.000,0.000,0.523,0.000,0.009,0.000,0.274,0.000,0.165,0.000,0.000,0.000,0.014,0.000,0.000,0.009
4650.0,0,60.541,0.125,0.998,163.948,166.464,134.396,3.315,0.301,1.646,0.449,0.383,0.000,0.000,0.000,0.000,0.000,0.000,0.548,0.000,0.000,0.000,0.000,0.182,0.383,0.000,0.149,0.000,0.000,0.000,0.000,0.000,0.000,0.000,0.000,0.000,0.000,0.000,0.075,0.000,0.000,0.001,0.001,0.000,0.000,0.000,0.000,0.000,9.260,0.000,10.040,0.000,0.000,100.247,0.056,0.000,0.076,0.166,0.000,0.000,0.130,0.000,0.335,0.669,0.000,0.000,0.096,0.000,0.002,0.000,0.050,0.000,0.030,0.000,0.000,0.000,50.003,0.000,0.000,14.979
4658.0,0,12.223,0.025,49.521,132.418,33.608,27.134,0.669,0.061,0.332,134.155,0.077,0.000,0.000,0.000,0.000,0.000,0.000,0.111,0.000,0.000,0.000,0.000,0.037,0.077,0.000,0.030,0.000,0.000,0.000,0.000,180.967,0.000,0.000,0.000,0.000,0.000,0.000,0.015,0.000,0.000,0.000,0.000,0.000,0.000,0.000,0.000,0.000,1.870,0.000,26.721,0.000,0.000,20.240,0.011,0.000,0.015,0.034,0.000,0.000,2.927,0.000,0.068,0.135,0.000,0.000,0.019,0.000,0.000,0.000,0.010,0.000,0.006,0.000,0.000,0.000,10.095,0.000,0.000,3.024
4666.5,0,2.233,0.005,9.047,90.765,96.006,4.957,0.122,0.011,134.125,98.084,0.014,0.000,180.967,0.000,0.000,0.000,0.000,0.020,0.000,183.383,0.000,148.164,0.007,0.014,0.000,0.006,0.000,0.000,0.000,0.000,33.060,0.000,0.000,0.000,0.000,0.000,0.000,0.003,0.000,0.000,0.000,0.000,0.000,0.000,0.000,0.000,9.978,0.342,0.000,65.506,0.000,0.000,36.985,0.002,0.000,0.003,0.006,0.000,0.000,0.535,0.000,0.012,0.025,0.000,0.000,0.004,0.000,0.000,0.000,0.002,0.000,0.001,0.000,0.000,0.000,1.844,0.000,0.000,0.552
4675.0,0,0.408,180.968,1.653,16.581,17.539,0.906,0.022,0.002,24.502,17.918,0.003,0.000,33.060,0.000,0.000,0.000,0.000,0.004,0.000,33.501,0.000,27.067,0.001,0.003,0.000,0.001,0.000,0.000,0.000,0.000,6.039,0.000,0.000,0.000,0.000,0.000,0.000,0.001,0.000,37.041,86.446,0.000,0.000,0.000,0.000,0.000,1.823,0.062,0.000,11.967,0.000,0.000,6.756,0.000,0.000,0.001,0.001,0.000,0.000,0.098,0.000,0.002,0.005,0.000,0.000,0.001,0.000,0.000,0.000,0.000,0.000,0.000,0.000,0.000,0.000,0.337,0.000,0.000,0.101
4683.0,0,0.082,36.537,0.334,3.348,3.541,0.183,0.005,0.000,4.947,3.618,0.001,0.000,6.675,0.000,0.000,0.000,0.000,0.001,0.000,6.764,0.000,5.465,0.000,0.001,0.000,0.000,0.000,0.000,0.000,0.000,1.219,0.000,0.000,0.000,0.000,0.000,0.000,0.000,0.000,24.122,102.454,0.000,0.000,0.000,0.000,0.000,0.368,0.013,0.000,2.416,0.000,0.000,1.364,0.000,0.000,0.000,0.000,0.000,0.000,0.020,0.000,0.000,0.001,0.000,0.000,0.000,0.000,0.000,0.000,0.000,0.000,0.000,0.000,0.000,0.000,0.068,0.000,0.000,0.020
4691.5,0,0.015,6.675,0.061,0.612,0.647,0.033,0.001,0.000,0.904,0.661,0.000,0.000,1.219,0.000,0.000,0.000,0.000,0.000,0.000,1.236,0.000,0.998,0.000,0.000,0.000,0.000,0.000,0.000,0.000,0.000,0.223,0.000,0.000,0.000,0.000,0.000,0.000,0.000,0.000,4.407,18.717,0.000,0.000,0.000,0.000,0.000,0.067,0.002,0.000,0.441,0.000,0.000,0.249,0.000,0.000,0.000,0.000,0.000,0.000,0.004,0.000,0.000,0.000,0.000,0.000,0.000,0.000,0.000,0.000,20.190,0.000,0.000,0.000,0.000,0.000,0.012,0.000,0.000,0.004
4700.0,0,0.003,1.219,0.011,0.112,0.118,0.006,0.000,0.000,0.165,0.121,0.000,0.000,0.223,0.000,0.000,0.000,0.000,0.000,0.000,0.226,0.000,0.182,0.000,0.000,0.000,0.000,0.000,0.000,0.000,0.000,0.041,0.000,0.000,0.000,0.000,0.000,0.000,0.000,0.000,0.805,3.419,0.000,0.000,0.000,0.000,0.000,0.012,0.000,0.000,0.081,0.000,0.000,0.046,0.000,0.000,0.000,0.000,0.000,0.000,0.001,0.000,0.000,0.000,0.000,0.000,0.000,0.000,0.000,0.000,3.688,0.000,0.000,0.000,0.000,0.000,0.002,0.000,0.000,0.001
4708.0,0,0.001,0.246,0.002,0.023,0.024,0.001,0.000,0.000,0.033,0.024,0.000,0.000,0.045,0.000,0.000,0.000,0.000,0.000,0.000,0.046,0.000,0.037,0.000,0.000,0.000,0.000,0.000,0.000,0.000,0.000,0.008,0.000,0.000,0.000,0.000,0.000,0.000,0.000,0.000,0.163,0.690,0.000,0.000,0.000,0.000,0.000,0.002,0.000,0.000,0.016,0.000,0.000,0.009,0.000,0.000,0.000,0.000,0.000,0.000,0.000,0.000,0.000,0.000,0.000,0.000,0.000,0.000,0.000,0.000,0.745,0.000,0.000,0.000,0.000,0.000,0.000,0.000,0.000,0.000
4716.5,0,0.000,0.045,0.000,0.004,0.004,0.000,0.000,0.000,0.006,0.004,0.000,0.000,0.008,0.000,0.000,0.000,0.000,0.000,0.000,0.008,0.000,0.007,0.000,0.000,0.000,0.000,0.000,0.000,0.000,0.000,0.002,0.000,0.000,0.000,0.000,0.000,0.000,0.000,0.000,0.030,0.126,0.000,0.000,0.000,0.000,0.000,0.000,0.000,0.000,0.003,0.000,0.000,0.002,0.000,0.000,0.000,0.000,0.000,0.000,0.000,0.000,0.000,0.000,0.000,0.000,0.000,0.000,0.000,0.000,0.136,0.000,0.000,0.000,0.000,0.000,0.000,0.000,0.000,30.161
4725.0,0,0.000,0.008,0.000,0.001,0.001,0.000,0.000,0.000,0.001,0.001,0.000,0.000,0.002,0.000,0.000,0.000,0.000,0.000,0.000,0.002,0.000,0.001,0.000,0.000,0.000,0.000,0.000,0.000,0.000,0.000,0.000,0.000,0.000,0.000,0.000,10.645,0.000,0.000,0.000,0.005,0.023,0.000,0.000,0.000,0.000,0.000,0.000,0.000,0.000,0.001,0.000,0.000,0.000,0.000,0.000,0.000,0.000,0.000,40.000,0.000,0.000,0.000,0.000,0.000,0.000,0.000,0.000,0.000,0.000,0.025,0.000,0.000,8.379,0.000,0.000,0.000,0.000,0.000,5.510
4733.0,0,0.000,0.002,0.000,0.000,0.000,0.000,0.000,0.000,0.000,0.000,0.000,0.000,0.000,0.000,0.000,0.000,0.000,0.000,0.000,0.000,0.000,0.000,0.000,0.000,0.000,0.000,0.000,0.000,0.000,0.000,0.000,0.000,0.000,0.000,0.000,2.149,0.000,0.000,0.000,0.001,0.005,0.000,0.000,0.000,0.000,0.000,0.000,0.000,0.000,0.000,0.000,0.000,0.000,0.000,0.000,0.000,0.000,0.000,12.538,0.000,0.000,0.000,0.000,0.000,0.000,0.000,0.000,0.000,0.000,0.005,0.000,0.000,1.692,0.000,0.000,0.000,0.000,0.000,1.112
4741.5,0,0.000,0.000,0.000,0.000,0.000,0.000,0.000,0.000,0.000,0.000,0.000,0.000,0.000,0.000,0.000,0.000,0.000,0.000,0.000,0.000,0.000,0.000,0.000,0.000,0.000,0.000,0.000,0.000,0.000,0.000,0.000,0.000,0.000,0.000,0.000,0.393,0.000,0.000,0.000,0.000,0.001,0.000,0.000,0.000,0.000,0.000,0.000,0.000,0.000,0.000,0.000,0.000,0.000,0.000,0.000,0.000,0.000,0.000,2.291,0.000,0.000,0.000,0.000,0.000,0.000,0.000,0.000,0.000,0.000,0.001,0.000,0.000,0.309,0.000,0.000,0.000,0.000,0.000,0.203
4750.0,0,0.000,0.000,0.000,0.000,0.000,0.000,0.000,0.000,0.000,0.000,0.000,0.000,0.000,0.000,0.000,0.000,0.000,0.000,0.000,0.000,0.000,0.000,0.000,0.000,0.000,0.000,0.000,0.000,0.000,0.000,0.000,0.000,0.000,0.000,0.000,0.072,0.000,0.000,0.000,0.000,0.000,0.000,0.000,0.000,0.000,0.000,0.000,0.000,0.000,0.000,0.000,0.000,0.000,0.000,0.000,0.000,0.000,0.000,0.418,0.000,0.000,0.000,0.000,0.000,0.000,0.000,0.000,0.000,0.000,0.000,0.000,0.000,0.056,0.000,0.000,0.000,0.000,0.000,0.037
4758.0,0,0.000,0.000,0.000,0.000,0.000,0.000,0.000,0.000,0.000,0.000,0.000,0.000,0.000,0.000,0.000,0.000,0.000,0.000,0.000,0.000,0.000,0.000,0.000,0.000,0.000,0.000,0.000,0.000,0.000,0.000,0.000,0.000,0.000,0.000,0.000,0.014,0.000,0.000,0.000,0.000,0.000,0.000,0.000,0.000,0.000,0.000,0.000,0.000,0.000,27.291,0.000,0.000,0.000,0.000,0.000,0.000,0.000,0.000,0.084,0.000,0.000,0.000,0.000,0.000,0.000,0.000,0.000,0.000,0.000,0.000,0.000,0.000,0.011,0.000,0.000,0.000,0.000,0.000,0.007
4766.5,0,0.000,0.000,81.314,40.379,89.866,0.000,0.000,0.000,0.000,0.000,0.000,0.000,0.000,0.000,0.000,0.000,0.000,0.000,0.000,99.317,0.000,0.000,0.000,0.000,0.000,0.000,0.000,0.000,0.000,0.000,0.000,0.000,0.000,0.000,0.000,0.003,0.000,0.000,0.000,0.000,0.000,0.000,0.000,0.000,0.000,10.901,0.000,0.000,0.000,4.986,0.000,0.000,74.082,0.000,0.000,0.000,0.000,0.000,0.015,0.000,0.000,0.000,0.000,0.000,0.000,0.000,0.000,0.000,0.000,0.000,0.000,0.000,6.862,0.000,0.000,0.000,0.000,0.000,20.219
4775.0,0,0.000,0.000,14.855,7.377,16.417,0.000,49.319,0.000,89.866,0.000,0.000,0.000,0.000,0.000,0.000,0.000,0.000,0.000,0.000,18.144,0.000,44.626,0.000,0.000,0.000,0.000,0.000,0.000,0.000,40.379,0.000,0.000,0.000,0.000,30.097,0.000,0.000,10.040,0.000,16.644,64.041,0.000,0.000,0.000,0.000,1.991,0.000,0.000,0.000,0.911,0.000,0.000,50.321,0.000,0.000,0.000,0.000,0.000,0.003,4.328,0.000,0.000,0.000,0.000,0.000,0.000,0.000,0.000,0.000,22.313,0.000,0.000,4.336,0.000,0.000,48.721,0.000,0.000,21.862
4783.0,0,0.000,0.000,2.999,1.489,3.315,0.000,9.957,0.000,18.144,0.000,0.000,0.000,0.000,0.000,0.000,49.319,0.000,0.000,0.000,3.663,0.000,9.010,0.000,0.000,0.000,0.000,0.000,0.000,0.000,8.152,0.000,9.197,0.000,0.000,6.077,0.000,0.000,2.027,0.000,3.360,12.930,0.000,0.000,0.000,0.000,0.402,0.000,0.000,0.000,0.184,0.000,0.000,10.160,0.000,0.000,0.000,0.000,0.000,0.001,0.874,0.000,0.000,0.000,0.000,0.000,0.000,0.000,0.000,0.000,4.505,0.000,0.000,0.875,0.000,0.000,9.837,0.000,0.000,4.414
4791.5,0,0.000,0.000,0.548,0.272,0.606,0.000,1.819,0.000,3.315,0.000,0.000,0.000,0.000,0.000,0.000,9.010,0.000,0.000,0.000,0.669,0.000,1.646,0.000,0.000,0.000,0.000,0.000,0.000,0.000,1.489,0.000,1.680,0.000,0.000,1.110,2.901,0.000,0.370,0.000,0.614,2.362,0.000,0.000,0.000,0.000,0.073,0.000,0.000,0.000,0.034,0.000,37.041,1.856,0.000,18.294,0.000,0.000,0.000,0.000,0.160,0.000,0.000,0.000,0.000,0.000,0.000,0.000,0.000,0.000,0.823,0.000,0.000,2.949,0.000,0.000,1.797,0.000,13.478,0.806
4800.0,0,0.000,0.000,0.100,0.050,0.111,0.000,0.332,0.000,0.606,0.000,0.000,0.000,0.000,0.000,0.000,1.646,0.000,0.000,0.000,0.122,0.000,0.301,0.000,0.000,0.000,0.000,0.000,0.000,0.000,0.272,0.000,0.307,49.659,0.000,0.203,4.446,0.000,0.068,0.000,0.112,0.432,13.720,0.000,0.000,0.000,0.013,0.000,0.000,0.000,0.006,0.000,6.767,20.529,6.813,3.342,0.000,0.000,0.000,0.000,0.029,0.000,0.000,0.000,0.000,0.000,0.000,0.000,0.000,0.000,0.150,0.000,0.000,0.539,0.000,0.000,0.328,0.000,2.462,0.147
4808.0,0,99.317,0.000,0.020,0.010,0.022,81.314,0.067,0.000,0.122,0.000,0.000,0.000,0.000,0.000,0.000,0.332,0.000,0.000,0.000,0.025,0.000,0.061,0.000,0.000,0.000,0.000,0.000,0.000,0.000,0.055,0.000,0.062,10.026,0.000,0.041,0.898,0.000,12.276,0.000,0.023,0.087,2.770,0.000,0.000,0.000,0.003,0.000,0.000,0.000,0.001,0.000,1.366,4.145,1.376,0.675,0.000,0.000,0.000,0.000,11.771,0.000,0.000,0.000,0.000,0.000,0.000,0.000,0.000,0.000,0.030,0.000,0.000,0.109,0.000,0.000,0.066,0.000,0.497,27.270
4816.5,0,127.906,89.866,0.004,0.002,0.004,14.855,0.012,109.762,0.022,0.000,0.000,73.576,0.000,0.000,0.000,0.061,0.000,0.000,0.000,0.005,0.000,0.011,0.000,0.000,0.000,0.000,0.000,180.967,40.379,0.010,0.000,0.011,1.832,0.000,0.007,0.164,0.000,2.243,0.000,0.004,0.016,0.506,0.000,0.000,0.000,0.000,0.000,0.000,0.000,30.161,0.000,13.876,55.638,0.251,0.123,0.000,0.000,0.000,0.000,2.150,0.000,0.000,0.000,0.000,0.000,0.000,0.000,28.571,0.000,0.006,0.000,0.000,2.544,0.000,0.000,0.012,0.000,0.091,4.982
4825.0,0,23.366,16.417,134.065,49.320,44.627,2.714,0.002,74.558,0.004,0.000,0.000,13.441,0.000,0.000,0.000,0.011,121.306,0.000,0.000,0.001,99.317,0.002,150.142,0.000,0.000,0.000,0.000,33.060,7.377,0.002,0.000,0.002,0.335,0.000,0.001,0.030,0.000,15.387,0.000,0.001,0.003,0.092,0.000,8.322,0.000,0.000,0.000,10.891,0.000,5.510,0.000,29.273,32.477,0.046,0.023,0.000,0.000,0.000,0.000,0.393,0.000,0.000,200.000,0.000,0.000,0.000,0.000,5.220,0.000,0.001,0.000,0.000,0.465,0.000,0.000,0.002,0.000,0.017,0.910
4833.0,0,4.718,3.315,27.067,9.957,143.074,0.548,0.000,15.053,200.001,0.000,0.000,2.714,0.000,0.000,66.574,0.002,24.491,0.000,0.000,0.000,93.628,0.000,30.313,0.000,0.000,0.000,0.000,6.675,1.489,0.000,0.000,0.000,0.068,0.000,0.000,0.006,0.000,3.107,0.000,0.000,0.001,0.019,0.000,1.680,0.000,0.000,0.000,2.199,0.000,1.112,0.000,5.910,6.557,0.009,0.005,0.000,0.000,0.000,0.000,0.079,0.000,0.000,40.379,0.000,0.000,0.000,0.000,1.054,0.000,0.000,0.000,0.000,0.094,0.000,0.000,0.000,0.000,6.060,0.184
4841.5,0,0.862,0.606,4.945,1.819,26.137,0.100,0.000,2.750,36.537,0.000,0.000,0.496,0.000,0.000,12.162,0.000,4.474,0.000,0.000,0.000,17.104,81.314,5.538,0.000,0.000,0.000,0.000,1.219,0.272,163.746,0.000,0.000,0.012,0.000,0.000,0.001,0.000,0.568,0.000,0.000,0.000,0.003,0.000,0.307,0.000,0.000,0.000,0.402,0.000,0.203,0.000,1.080,1.198,0.002,0.001,0.000,0.000,0.000,0.000,0.014,0.000,0.000,7.377,0.000,0.000,0.000,0.000,0.193,0.000,0.000,0.000,0.000,0.017,0.000,0.000,0.000,0.000,1.107,0.034
4850.0,0,0.157,109.873,0.903,0.332,4.775,0.018,0.000,0.502,6.675,0.000,0.000,0.091,0.000,0.000,2.222,0.000,0.817,0.000,0.000,0.000,3.125,14.855,1.012,0.000,0.000,0.000,0.000,0.223,0.050,29.914,0.000,0.000,0.002,0.000,0.000,0.000,0.000,0.104,0.000,0.000,0.000,0.001,0.000,0.056,0.000,0.000,0.000,2.863,0.000,0.037,0.000,0.197,0.219,0.000,0.000,0.000,0.000,0.000,0.000,0.003,0.000,0.000,1.348,0.000,0.000,0.000,0.000,0.035,0.000,0.000,0.000,0.000,0.003,0.000,0.000,0.000,0.000,0.202,0.006
4858.0,0,0.032,22.183,0.182,0.067,0.964,0.004,0.000,0.101,1.348,0.000,0.000,0.018,0.000,0.000,0.449,0.000,0.165,0.000,0.000,0.000,0.631,2.999,0.204,0.000,0.000,0.000,0.000,0.045,0.010,6.039,0.000,0.000,0.000,0.000,0.000,0.000,0.000,0.021,0.000,0.000,0.000,0.000,0.000,0.011,0.000,0.000,0.000,0.578,0.000,0.007,0.000,0.040,0.044,0.000,0.000,0.000,0.000,0.000,0.000,0.001,0.000,0.000,0.272,0.000,0.000,0.000,0.000,0.007,0.000,0.000,0.000,0.000,0.001,0.000,0.000,11.157,0.000,0.041,0.001
4866.5,0,0.006,4.052,0.033,0.012,0.176,0.001,0.000,0.019,0.246,0.000,0.000,0.003,0.000,0.000,0.082,0.000,0.030,0.000,0.000,0.000,0.115,0.548,0.037,0.000,0.000,0.000,0.000,0.008,0.002,1.103,0.000,0.000,0.000,0.000,0.000,0.000,0.000,0.004,0.000,0.000,0.000,0.000,0.000,0.002,0.000,0.000,0.000,0.106,0.000,0.001,0.000,0.007,0.008,0.000,0.000,0.000,0.000,0.000,0.000,0.000,0.000,0.000,0.050,0.000,0.000,0.000,0.000,0.001,0.000,0.000,0.000,0.000,0.000,0.000,0.000,2.038,0.000,0.007,0.000
4875.0,0,0.001,0.740,0.006,0.002,0.032,0.000,0.000,0.003,0.045,0.000,0.000,0.001,0.000,0.000,0.015,0.000,0.006,0.000,0.000,0.000,0.021,0.100,0.007,0.000,0.000,0.000,0.000,0.002,0.000,0.202,0.000,0.000,0.000,0.000,0.000,0.000,0.000,0.001,0.000,0.000,0.000,0.000,0.000,0.000,0.000,0.000,0.000,0.019,0.000,0.000,0.000,0.001,0.001,0.000,0.000,0.000,0.000,0.000,0.000,0.000,0.000,0.000,0.009,0.000,0.000,0.000,0.000,0.000,0.000,0.000,0.000,0.000,0.000,0.000,0.000,0.372,0.000,0.001,0.000
4883.0,0,202.670,66.724,0.001,0.000,0.006,0.000,0.000,0.001,0.009,0.000,200.000,0.000,0.000,0.000,0.003,0.000,0.001,0.000,0.000,0.000,0.004,0.020,0.001,0.000,0.000,0.000,0.000,0.000,0.000,0.041,0.000,0.000,0.000,0.000,0.000,0.000,0.000,20.218,0.000,0.000,0.000,0.000,0.000,0.000,0.000,0.000,0.000,12.504,0.000,0.000,0.000,0.000,0.000,0.000,0.000,0.000,0.000,0.000,0.000,0.000,0.000,0.000,0.002,0.000,0.000,0.000,0.000,23.392,0.000,0.000,0.000,0.000,0.000,0.000,0.000,27.516,0.000,0.000,18.294
4891.5,0,37.025,66.696,163.746,0.000,0.001,54.506,0.000,40.379,0.002,0.000,170.601,0.000,0.000,0.000,0.001,0.000,0.000,0.000,0.000,0.000,0.001,0.004,0.000,89.866,0.000,60.239,0.000,0.000,0.000,0.007,0.000,0.000,0.000,0.000,0.000,0.000,0.000,3.693,0.000,0.000,0.000,0.000,0.000,5.047,0.000,0.000,0.000,7.901,0.000,0.000,0.000,0.000,0.000,13.720,0.000,41.161,44.933,0.000,0.000,14.853,0.000,0.000,0.000,0.000,0.000,0.000,40.000,4.273,0.000,0.000,0.000,0.000,0.000,0.000,0.000,5.027,0.000,0.000,3.342
4900.0,0,6.764,12.184,29.914,0.000,99.317,9.957,109.762,7.377,0.000,0.000,31.166,0.000,0.000,0.000,0.000,0.000,0.000,73.576,0.000,0.000,0.000,0.001,0.000,16.417,0.000,11.005,0.000,0.000,0.000,0.001,0.000,0.000,0.000,0.000,0.000,0.000,0.000,0.675,0.000,0.000,0.000,0.000,0.000,41.968,0.000,0.000,0.000,1.443,0.000,0.000,0.000,0.000,0.000,2.506,0.000,7.519,8.209,0.000,0.000,2.713,0.000,0.000,0.000,0.000,0.000,0.000,7.307,0.781,0.000,0.000,0.000,0.000,0.000,0.000,78.220,0.918,0.000,0.000,0.611
4908.0,0,82.680,2.460,6.039,148.164,109.918,2.010,22.161,201.489,73.576,0.000,6.292,0.000,0.000,0.000,0.000,0.000,0.000,14.855,81.314,0.000,0.000,0.000,148.164,3.315,44.626,2.222,0.000,0.000,0.000,180.968,0.000,0.000,0.000,0.000,0.000,0.000,0.000,16.658,0.000,0.000,0.000,0.000,0.000,8.473,0.000,0.000,0.000,0.291,0.000,0.000,0.000,0.000,0.000,0.506,0.000,1.518,1.657,0.000,0.000,4.091,0.000,0.000,0.000,0.000,0.000,0.000,1.475,0.158,0.000,0.000,0.000,0.000,0.000,0.000,15.792,0.185,0.000,0.000,0.123
4916.5,0,15.104,49.769,182.071,108.381,74.587,99.684,4.048,36.809,103.307,163.746,1.149,0.000,0.000,0.000,0.000,0.000,0.000,2.714,14.855,0.000,0.000,49.319,27.067,134.670,8.152,0.406,60.239,0.000,0.000,33.060,0.000,0.000,0.000,0.000,0.000,0.000,0.000,3.043,0.000,0.000,0.000,0.000,0.000,8.361,0.000,0.000,0.000,0.053,0.000,24.062,0.000,0.000,91.692,0.092,0.000,27.718,91.075,0.000,0.000,7.883,0.000,0.000,180.967,0.000,0.000,19.152,40.794,0.029,0.000,0.000,0.000,0.000,0.000,0.000,76.967,0.034,0.000,0.000,0.023
4925.0,0,2.759,9.092,33.261,19.799,13.626,18.211,82.054,6.724,18.872,29.914,0.210,0.000,0.000,0.000,0.000,81.314,0.000,0.496,2.714,0.000,0.000,9.010,4.945,24.602,1.489,0.074,11.005,0.000,0.000,6.039,0.000,0.000,0.000,0.000,0.000,0.000,0.000,0.556,0.000,0.000,0.000,0.000,0.000,1.527,0.000,0.000,0.000,0.010,0.000,4.396,0.000,0.000,16.751,0.017,0.000,5.064,16.638,0.000,0.000,1.440,0.000,0.000,33.060,0.000,0.000,9.267,7.452,0.005,0.000,0.000,0.000,0.000,0.000,0.000,36.374,0.006,0.000,0.000,0.004
4933.0,0,0.557,1.836,6.715,3.997,2.751,3.677,16.566,1.358,3.810,6.039,0.042,0.000,0.000,0.000,0.000,16.417,0.000,0.100,0.548,0.000,0.000,1.819,0.998,4.967,0.301,0.015,2.222,0.000,0.000,1.219,0.000,0.000,0.000,0.000,0.000,0.000,0.000,0.112,0.000,0.000,0.000,0.000,0.000,0.308,0.000,0.000,0.000,0.002,0.000,0.887,0.000,0.000,3.382,0.003,0.000,1.022,3.359,0.000,0.000,0.291,0.000,0.000,6.675,0.000,0.000,1.871,1.505,0.001,0.000,0.000,0.000,0.000,0.000,0.000,7.344,0.001,0.000,0.000,0.001
4941.5,0,0.102,0.335,1.227,181.698,0.503,0.672,3.026,0.248,0.696,1.103,0.008,0.000,0.000,0.000,0.000,2.999,0.000,0.018,66.674,0.000,0.000,0.332,0.182,0.907,0.055,0.003,0.406,0.000,0.000,0.223,0.000,0.000,0.000,0.000,0.000,0.000,0.000,0.021,0.000,0.000,0.000,0.000,0.000,0.056,0.000,0.000,0.000,0.000,0.000,0.162,0.000,0.000,0.618,0.001,0.000,0.187,0.614,0.000,0.000,0.053,0.000,0.000,1.219,0.000,0.000,0.342,0.275,0.000,0.000,0.000,0.000,0.000,0.000,0.000,1.342,0.000,0.000,0.000,0.000
4950.0,0,0.019,0.061,0.224,33.193,181.059,0.123,0.553,0.045,0.127,0.202,0.001,0.000,0.000,0.000,0.000,0.548,0.000,0.003,12.180,66.574,0.000,0.061,0.033,0.166,0.010,0.000,0.074,0.000,0.000,0.041,0.000,0.000,0.000,0.000,0.000,0.000,0.000,0.004,0.000,0.000,90.316,0.000,0.000,0.010,0.000,0.000,0.000,0.000,0.000,6.760,0.000,0.000,24.773,0.000,0.000,0.034,100.112,0.000,0.000,0.010,0.000,0.000,0.223,0.000,0.000,0.062,0.050,0.000,0.000,0.000,0.000,0.000,0.000,0.000,0.245,0.000,0.000,0.000,33.333
4958.0,0,0.004,0.012,0.045,6.702,217.523,0.025,0.112,0.009,0.026,0.041,0.000,0.000,0.000,0.000,0.000,0.111,0.000,0.001,2.459,13.441,0.000,134.076,0.007,0.033,0.002,0.000,0.015,0.000,0.000,180.976,0.000,0.000,0.000,0.000,0.000,0.000,0.000,0.001,0.000,0.000,18.234,0.000,0.000,0.002,0.000,0.000,0.000,0.000,0.000,1.365,0.000,0.000,5.001,0.000,0.000,0.007,20.212,0.000,0.000,0.002,0.000,0.000,0.045,0.000,0.000,0.013,0.010,0.000,0.000,0.000,0.000,0.000,0.000,0.000,0.049,0.000,0.000,0.000,6.730
4966.5,0,0.001,0.002,0.008,1.224,39.738,0.005,0.020,0.002,99.322,0.007,0.000,0.000,0.000,0.000,0.000,180.988,0.000,0.000,0.449,2.455,0.000,172.657,0.001,0.006,0.000,0.000,0.003,0.000,0.000,33.061,0.000,0.000,0.000,0.000,0.000,0.000,0.000,0.000,0.000,0.000,3.331,0.000,0.000,0.000,0.000,0.000,0.000,0.000,0.000,0.249,0.000,0.000,0.914,0.000,0.000,0.001,3.692,0.000,0.000,0.000,0.000,0.000,0.008,0.000,0.000,0.002,0.002,0.000,0.000,0.000,0.000,0.000,0.000,0.000,0.009,0.000,0.000,0.000,1.229
4975.0,0,0.000,0.000,0.002,0.224,7.259,0.001,0.004,0.000,18.144,0.001,0.000,0.000,0.000,0.000,0.000,33.063,0.000,0.000,0.082,0.449,0.000,31.542,0.000,0.001,0.000,0.000,0.000,0.000,0.000,6.040,0.000,0.000,0.000,0.000,0.000,2.901,0.000,0.000,0.000,0.000,0.609,0.000,0.000,0.000,0.000,0.000,0.000,0.000,0.000,0.046,0.000,0.000,0.167,0.000,0.000,0.000,0.675,0.000,0.000,0.000,0.000,0.000,0.002,0.000,0.000,0.000,0.000,0.000,0.000,0.000,0.000,0.000,0.000,0.000,0.002,0.000,0.000,0.000,0.225
4983.0,0,0.000,0.000,0.000,0.045,1.466,0.000,0.001,0.000,3.663,0.000,0.000,0.000,0.000,0.000,0.000,6.675,0.000,0.000,0.017,0.091,0.000,6.368,0.000,0.000,0.000,0.000,0.000,0.000,0.000,1.219,0.000,0.000,0.000,0.000,0.000,0.586,0.000,0.000,0.000,0.000,0.123,0.000,0.000,0.000,0.000,0.000,0.000,0.000,0.000,0.009,0.000,0.000,0.034,0.000,0.000,0.000,0.136,0.000,0.000,0.000,0.000,0.000,0.000,0.000,0.000,0.000,0.000,28.571,0.000,0.000,0.000,0.000,0.000,0.000,0.000,0.000,0.000,0.000,0.045
4991.5,0,0.000,0.000,0.000,0.008,0.268,0.000,0.000,0.000,0.669,0.000,0.000,0.000,0.000,0.000,0.000,1.219,0.000,0.000,0.003,0.017,0.000,1.163,0.000,0.000,0.000,0.000,0.000,0.000,0.000,0.223,0.000,0.000,0.000,0.000,0.000,0.107,0.000,0.000,0.000,0.000,0.022,0.000,0.000,0.000,0.000,0.000,0.000,0.000,0.000,10.041,0.000,0.000,0.006,0.000,0.000,0.000,0.025,0.000,0.000,0.000,0.000,0.000,0.000,0.000,0.000,0.000,0.000,5.220,0.000,0.000,0.000,0.000,0.000,0.000,0.000,0.000,0.000,0.000,0.008
5000.0,0,89.866,0.000,200.000,44.628,0.049,0.000,0.000,0.000,0.122,0.000,0.000,0.000,0.000,0.000,0.000,0.223,0.000,0.000,0.001,81.317,0.000,0.213,0.000,0.000,0.000,0.000,0.000,0.000,0.000,0.041,0.000,0.000,0.000,0.000,0.000,0.020,0.000,20.218,0.000,0.000,0.004,0.000,0.000,0.000,0.000,0.000,0.000,0.000,0.000,20.368,0.000,0.000,100.320,0.000,0.000,0.000,0.005,0.000,0.000,8.716,0.000,0.000,0.000,0.000,0.000,0.000,0.000,0.954,0.000,0.000,0.000,0.000,0.000,0.000,0.000,0.000,0.000,0.000,0.002
5008.0,0,218.144,0.000,40.379,9.010,192.800,0.000,148.164,89.866,0.025,0.000,0.000,0.000,0.000,0.000,0.000,0.045,0.000,0.000,0.000,16.418,0.000,0.043,163.746,0.000,0.000,0.000,0.000,148.164,0.000,89.874,0.000,0.000,0.000,0.000,0.000,0.004,0.000,34.243,0.000,0.000,0.001,0.000,0.000,0.000,0.000,0.000,0.000,0.000,0.000,4.112,0.000,0.000,20.254,0.000,0.000,0.000,0.001,0.000,0.000,1.760,0.000,0.000,0.000,0.000,0.000,0.000,0.000,0.193,0.000,0.000,0.000,0.000,10.234,0.000,0.000,0.000,0.000,38.685,0.000
5016.5,0,39.851,0.000,7.377,1.646,35.221,148.164,27.067,106.283,44.631,0.000,0.000,0.000,0.000,0.000,0.000,0.008,73.576,0.000,0.000,2.999,0.000,44.634,193.660,0.000,0.000,0.000,0.000,27.067,0.000,16.419,0.000,0.000,0.000,0.000,3.671,0.001,0.000,30.950,0.000,0.000,0.000,0.000,0.000,0.000,0.000,0.000,0.000,0.000,0.000,0.751,0.000,0.000,3.700,0.000,0.000,0.000,0.000,0.000,0.000,0.321,0.000,0.000,0.000,0.000,0.000,0.000,0.000,0.035,0.000,0.000,0.000,0.000,1.870,0.000,0.000,0.000,0.000,7.067,13.552
5025.0,0,7.280,134.064,1.348,73.877,6.434,27.067,4.945,19.416,8.153,163.746,0.000,0.000,0.000,0.000,0.000,0.002,13.441,0.000,0.000,148.712,0.000,8.154,35.378,0.000,0.000,0.000,0.000,4.945,0.000,2.999,99.317,0.000,0.000,0.000,0.671,0.000,0.000,5.654,0.000,0.000,0.000,0.000,0.000,0.000,0.000,0.000,0.000,0.000,0.000,24.831,0.000,0.000,100.676,0.000,0.000,0.000,60.653,0.000,0.000,10.704,0.000,0.000,0.000,0.000,0.000,0.000,0.000,0.006,0.000,0.000,0.000,0.000,0.342,0.000,0.000,42.795,0.000,1.291,2.476
5033.0,0,1.470,27.067,0.272,14.915,1.299,5.465,0.998,3.920,1.646,33.060,0.000,0.000,0.000,0.000,0.000,0.000,2.714,0.000,0.000,30.024,0.000,1.646,7.143,0.000,0.000,0.000,0.000,0.998,0.000,0.606,20.052,0.000,0.000,0.000,0.135,0.000,0.000,1.142,0.000,0.000,0.000,0.000,0.000,0.000,0.000,29.633,0.000,0.000,0.000,25.231,0.000,0.000,20.326,0.000,0.000,0.000,12.246,0.000,0.000,2.161,0.000,0.000,0.000,0.000,0.000,0.000,0.000,0.001,0.000,0.000,0.000,0.000,0.069,0.000,0.000,8.640,0.000,0.261,0.500
5041.5,0,0.269,49.571,0.050,2.725,0.237,0.998,0.182,0.716,0.301,6.039,89.866,0.000,0.000,0.000,0.000,0.000,0.496,0.000,0.000,5.485,0.000,0.301,1.305,148.164,0.000,180.967,0.000,0.182,0.000,0.111,3.663,0.000,0.000,0.000,0.025,0.000,0.000,0.209,0.000,0.000,42.503,0.000,0.000,0.000,0.000,5.413,0.000,0.000,0.000,4.609,0.000,0.000,3.713,0.000,0.000,0.000,2.237,0.000,0.000,21.685,0.000,109.762,60.239,0.000,0.000,0.000,0.000,0.000,0.000,0.000,0.000,0.000,0.013,0.000,0.000,1.578,0.000,0.048,0.091
5050.0,0,0.049,9.056,109.771,164.244,121.349,0.182,0.033,0.131,0.055,1.103,16.417,0.000,0.000,0.000,0.000,0.000,0.091,0.000,0.000,1.002,0.000,0.055,0.238,27.067,0.000,33.060,0.000,0.033,0.000,0.020,0.669,5.578,0.000,0.000,0.005,0.000,0.000,0.038,0.000,0.000,7.765,0.000,0.000,0.000,0.000,0.989,0.000,0.000,0.000,34.175,0.000,0.000,0.678,0.000,0.000,0.000,65.725,0.000,0.000,11.097,0.000,20.052,11.005,0.000,0.000,0.000,0.000,0.000,0.000,0.000,0.000,7.358,0.002,0.000,0.000,0.288,0.000,0.009,0.017
5058.0,0,0.010,1.828,22.162,33.160,114.366,0.037,49.326,0.026,200.011,0.223,3.315,0.000,0.000,180.967,0.000,0.000,0.018,0.000,266.574,60.441,0.000,180.979,0.048,5.465,49.319,6.675,0.000,0.007,0.000,0.004,0.135,1.126,0.000,0.000,0.001,0.000,0.000,0.008,0.000,0.000,1.568,0.000,0.000,0.000,0.000,0.200,0.000,0.000,0.000,6.900,0.000,0.000,0.137,0.000,0.000,0.000,13.270,0.000,0.000,2.240,0.000,4.048,2.222,0.000,0.000,0.000,0.000,0.000,0.000,0.000,0.000,1.485,0.000,0.000,0.000,0.058,0.000,0.002,0.003
5066.5,0,0.002,0.334,4.049,6.058,20.893,0.007,9.011,0.005,36.539,0.041,0.606,0.000,0.000,33.060,0.000,0.000,0.003,0.000,48.699,11.042,0.000,33.062,0.009,0.998,9.010,1.219,0.000,0.001,0.000,0.001,0.025,0.206,0.000,0.000,0.000,0.000,0.000,0.001,0.000,0.000,0.286,0.000,0.000,0.000,0.000,0.036,0.000,0.000,0.000,1.260,0.000,0.000,0.025,0.000,0.000,0.000,2.424,9.864,0.000,0.409,0.000,0.740,0.406,0.000,0.000,10.511,0.000,0.000,0.000,0.000,0.000,0.271,0.000,0.000,0.000,0.011,0.000,0.000,0.001
5075.0,0,0.000,0.061,0.740,1.107,3.817,0.001,1.646,0.001,6.675,0.007,0.111,0.000,0.000,6.039,0.000,0.000,0.001,0.000,8.896,2.017,0.000,6.040,0.002,0.182,1.646,0.223,0.000,0.000,0.000,0.000,0.005,0.038,0.000,0.000,0.000,2.375,0.000,0.000,0.000,0.000,0.052,12.415,0.000,0.000,0.000,0.007,0.000,0.000,0.000,0.230,0.000,0.000,0.005,0.000,0.000,0.000,0.443,1.802,0.000,0.075,0.000,0.135,0.074,0.000,0.000,1.920,0.000,0.000,0.000,0.000,0.000,0.050,0.000,0.000,0.000,0.002,0.000,0.000,0.000
5083.0,0,0.000,0.012,0.149,0.223,0.771,0.000,0.332,0.000,1.348,0.002,0.022,0.000,0.000,1.219,0.000,0.000,0.000,0.000,1.796,0.407,0.000,1.219,0.000,0.037,0.332,0.045,0.000,0.000,0.000,0.000,0.001,0.008,0.000,0.000,0.000,0.480,0.000,0.000,0.000,0.000,0.011,2.506,0.000,0.000,0.000,0.001,0.000,0.000,0.000,0.046,0.000,0.000,0.001,0.000,0.000,0.000,0.089,0.364,0.000,0.015,0.000,0.027,0.015,0.000,0.000,0.388,0.000,0.000,0.000,0.000,0.000,0.010,0.000,0.000,0.000,0.000,0.000,0.000,0.000
5091.5,0,0.000,66.576,0.027,0.041,0.141,0.000,0.061,0.000,0.246,0.000,0.004,0.000,0.000,0.223,0.000,0.000,0.000,0.000,0.328,0.074,0.000,0.223,0.000,0.007,0.061,0.008,0.000,0.000,0.000,0.000,0.000,0.001,0.000,0.000,0.000,0.088,0.000,0.000,0.000,0.000,0.002,0.458,0.000,0.000,0.000,0.000,0.000,0.000,0.000,0.008,0.000,0.000,0.000,0.000,0.000,0.000,0.016,0.066,0.000,0.003,0.000,0.005,0.003,0.000,0.000,0.071,0.000,0.000,0.000,0.000,0.000,0.002,0.000,0.000,0.000,0.000,0.000,0.000,18.294
5100.0,0,0.000,12.162,0.005,0.007,0.026,0.000,0.011,0.000,0.045,0.000,0.001,0.000,0.000,0.041,0.000,0.000,0.000,0.000,0.060,0.014,0.000,0.041,0.000,0.001,0.011,0.002,0.000,0.000,0.000,0.000,0.000,0.000,0.000,0.000,0.000,0.016,0.000,0.000,0.000,0.000,0.000,0.084,0.000,0.000,0.000,0.000,0.000,0.000,0.000,0.002,0.000,0.000,0.000,0.000,0.000,0.000,0.003,0.012,0.000,0.001,0.000,0.001,0.000,0.000,0.000,0.013,0.000,0.000,0.000,0.000,0.000,0.000,0.000,0.000,0.000,0.000,0.000,0.000,3.342
5108.0,0,134.064,2.456,0.001,0.002,0.005,0.000,0.002,0.000,0.009,0.000,0.000,0.000,0.000,0.008,0.000,0.000,0.000,0.000,0.012,0.003,0.000,0.008,0.000,0.000,0.002,0.000,0.000,0.000,0.000,0.000,0.000,0.000,0.000,0.000,0.000,0.003,0.000,0.000,0.000,0.000,0.000,0.017,0.000,0.000,0.000,0.000,0.000,0.000,0.000,13.553,0.000,0.000,0.000,0.000,0.000,0.000,0.001,0.002,0.000,32.349,0.000,0.000,0.000,0.000,0.000,0.003,0.000,0.000,0.000,0.000,0.000,0.000,0.000,0.000,0.000,0.000,0.000,0.000,0.675
5116.5,0,84.730,45.075,0.000,54.507,60.240,49.319,0.000,89.866,0.002,0.000,109.762,0.000,0.000,0.002,0.000,0.000,0.000,0.000,0.002,134.065,0.000,0.002,99.317,148.164,0.000,180.968,0.000,109.762,0.000,163.746,0.000,0.000,0.000,0.000,0.000,0.001,0.000,12.263,0.000,0.000,85.590,0.003,14.978,0.000,0.000,0.000,0.000,0.000,0.000,35.809,0.000,0.000,104.540,0.000,0.000,0.000,0.000,0.000,0.000,5.910,0.000,0.000,0.000,0.000,0.000,0.000,24.261,21.166,0.000,0.000,0.000,0.000,0.000,0.000,0.000,13.627,0.000,0.000,19.247
5125.0,0,15.479,8.234,0.000,9.957,11.005,9.010,0.000,16.417,0.000,0.000,20.052,0.000,0.000,0.000,0.000,0.000,0.000,0.000,0.000,24.491,0.000,44.626,18.144,27.067,0.000,33.060,0.000,20.052,0.000,29.914,0.000,0.000,0.000,0.000,0.000,0.000,0.000,2.240,0.000,0.000,15.636,0.001,2.736,0.000,0.000,0.000,0.000,0.000,0.000,6.542,0.000,0.000,19.098,8.322,0.000,0.000,0.000,0.000,0.000,1.080,0.000,0.000,0.000,0.000,0.000,0.000,4.432,3.867,0.000,0.000,0.000,0.000,0.000,0.000,0.000,2.489,0.000,0.000,3.516
5133.0,0,217.863,268.237,0.000,2.010,2.222,68.393,0.000,3.315,0.000,0.000,4.048,180.967,0.000,0.000,0.000,0.000,0.000,0.000,0.000,4.945,0.000,9.010,167.409,5.465,0.000,6.675,0.000,4.048,0.000,6.039,0.000,0.000,0.000,0.000,0.000,0.000,0.000,65.917,0.000,0.000,3.157,0.000,0.552,0.000,0.000,0.000,0.000,0.000,0.000,1.321,0.000,0.000,3.856,1.680,0.000,36.233,40.657,0.000,0.000,44.233,0.000,73.944,60.239,0.000,0.000,0.000,0.895,0.781,0.000,0.000,0.000,0.000,11.310,0.000,0.000,0.503,0.000,0.000,0.710
5141.5,0,39.800,212.749,0.000,0.367,0.406,12.494,0.000,40.985,0.000,0.000,55.246,33.060,0.000,0.000,0.000,0.000,0.000,0.000,0.000,0.903,81.314,1.646,30.583,149.162,0.000,1.219,0.000,82.054,0.000,1.103,0.000,0.000,0.000,0.000,0.000,0.000,0.000,12.042,0.000,0.000,0.577,0.000,0.101,0.000,0.000,0.000,0.000,0.000,0.000,0.241,0.000,0.000,0.704,24.667,0.000,24.775,72.744,0.000,0.000,18.726,0.000,13.508,11.005,0.000,0.000,0.000,0.163,0.143,0.000,0.000,0.000,0.000,2.066,0.000,0.000,0.092,0.000,0.000,0.130
5150.0,0,7.271,38.866,0.000,0.067,0.074,2.283,0.000,7.487,0.000,0.000,10.093,6.039,0.000,0.000,0.000,0.000,0.000,0.000,0.000,0.165,14.855,0.301,5.587,27.249,0.000,0.223,0.000,14.990,0.000,0.202,0.000,0.000,0.000,0.000,0.000,0.000,0.000,2.200,0.000,0.000,0.105,0.000,0.018,0.000,0.000,0.000,0.000,0.000,0.000,0.044,0.000,0.000,0.129,4.506,0.000,4.526,13.289,0.000,0.000,3.421,0.000,2.468,56.517,0.000,0.000,7.787,0.030,0.026,0.000,0.000,0.000,0.000,0.377,0.000,0.000,0.017,0.000,0.000,0.024
5158.0,0,1.468,7.847,0.000,0.014,0.015,0.461,0.000,1.512,0.000,0.000,2.038,1.219,0.000,0.000,0.000,0.000,0.000,0.000,0.000,0.033,2.999,0.061,1.128,5.502,0.000,0.045,0.000,3.026,0.000,0.041,0.000,0.000,0.000,0.000,0.000,0.000,0.000,0.444,0.000,0.000,0.021,0.000,0.004,0.000,0.000,0.000,0.000,0.000,0.000,0.009,0.000,0.000,0.026,0.910,0.000,0.914,2.683,0.000,0.000,0.691,0.000,0.498,11.411,0.000,0.000,1.572,0.006,0.005,0.000,0.000,0.000,0.000,0.076,0.000,0.000,0.003,0.000,0.000,0.005
5166.5,0,0.268,1.433,0.000,180.970,163.749,0.084,0.000,0.276,0.000,0.000,0.372,0.223,0.000,0.000,0.000,0.000,0.000,0.000,0.000,0.006,0.548,0.011,0.206,1.005,0.000,0.008,0.000,0.553,0.000,0.007,0.000,0.000,0.000,0.000,0.000,0.000,0.000,0.081,0.000,0.000,0.004,0.000,0.001,0.000,0.000,0.000,0.000,0.000,0.000,0.002,0.000,0.000,0.005,0.166,0.000,0.167,0.490,0.000,0.000,0.126,0.000,0.091,2.085,0.000,0.000,0.287,0.001,0.001,0.000,0.000,0.000,0.000,0.014,0.000,0.000,0.001,0.000,0.000,0.001
5175.0,0,0.049,0.262,163.746,214.028,29.914,0.015,0.000,0.050,0.000,0.000,0.068,0.041,0.000,0.000,0.000,0.000,0.000,0.000,0.000,134.065,0.100,0.002,0.038,0.184,0.000,0.002,0.000,0.101,0.000,0.001,0.000,0.000,0.000,0.000,0.000,0.000,0.000,0.015,0.000,0.000,0.001,0.000,0.000,0.000,0.000,0.000,0.000,0.000,0.000,13.553,0.000,0.000,90.485,0.030,0.000,0.030,0.090,0.000,0.000,0.023,0.000,0.017,0.381,0.000,0.000,0.052,0.000,0.000,0.000,0.000,0.000,0.000,0.003,0.000,0.000,0.000,0.000,0.000,0.000
5183.0,0,60.249,0.053,33.060,43.211,6.040,0.003,0.000,0.010,0.000,60.239,0.014,0.008,0.000,0.000,0.000,0.000,0.000,0.000,0.000,27.067,0.020,0.000,0.008,0.037,0.000,0.000,0.000,0.020,0.000,0.000,0.000,0.000,0.000,0.000,0.000,0.000,0.000,0.003,0.000,0.000,49.659,0.000,0.000,0.000,0.000,0.000,0.000,3.407,0.000,19.289,0.000,0.000,18.269,0.006,0.000,0.006,0.018,0.000,0.000,0.005,0.000,0.003,0.077,0.000,0.000,0.011,0.000,0.000,0.000,0.000,0.000,0.000,0.001,0.000,0.000,0.000,0.000,0.000,0.000
5191.5,0,11.006,0.010,6.039,7.894,1.103,0.001,0.000,0.002,0.000,11.005,0.003,0.002,0.000,0.000,0.000,0.000,0.000,0.000,0.000,4.945,0.004,0.000,0.001,0.007,0.000,0.000,0.000,0.004,0.000,0.000,0.000,0.000,0.000,0.000,0.000,0.000,0.000,0.001,0.000,0.000,9.072,0.000,0.000,0.000,0.000,0.000,0.000,0.622,0.000,3.524,0.000,0.000,3.337,0.001,0.000,0.001,0.003,0.000,0.000,0.001,0.000,0.001,0.014,0.000,0.000,0.002,0.000,0.000,0.000,0.000,0.000,0.000,0.000,0.000,0.000,0.000,0.000,0.000,0.000
5200.0,0,2.011,0.002,1.103,1.442,0.202,0.000,0.000,0.000,0.000,2.010,0.000,0.000,0.000,0.000,0.000,0.000,0.000,0.000,0.000,0.903,0.001,0.000,0.000,0.001,0.000,0.000,0.000,0.001,0.000,0.000,0.000,0.000,0.000,0.000,0.000,0.000,0.000,0.000,0.000,0.000,1.657,0.000,0.000,0.000,0.000,0.000,0.000,0.114,0.000,0.644,0.000,0.000,0.610,0.000,0.000,0.000,0.001,0.000,0.000,0.000,0.000,0.000,0.003,24.829,0.000,0.000,0.000,0.000,0.000,0.000,0.000,0.000,0.000,0.000,0.000,28.973,0.000,0.000,0.000
5208.0,0,0.406,0.000,109.985,90.157,202.711,0.000,0.000,0.000,0.000,0.406,0.000,0.000,0.000,0.000,0.000,0.000,0.000,0.000,0.000,163.929,0.000,0.000,0.000,0.000,0.000,0.000,0.000,0.000,0.000,0.000,0.000,0.000,0.000,0.000,0.000,0.000,0.000,0.000,0.000,0.000,0.335,0.000,0.000,0.000,0.000,0.000,0.000,0.023,0.000,31.558,0.000,0.000,60.776,0.000,0.000,0.000,0.000,0.000,0.000,0.000,0.000,0.000,0.001,5.013,0.000,0.000,0.000,0.000,0.000,0.000,0.000,0.000,0.000,0.000,0.000,5.850,0.000,0.000,0.000
5216.5,0,0.074,0.000,20.092,16.470,37.032,0.000,54.506,0.000,60.239,66.648,0.000,0.000,0.000,0.000,0.000,0.000,0.000,0.000,0.000,129.264,0.000,40.379,0.000,0.000,0.000,0.000,54.506,0.000,0.000,54.506,99.317,22.621,0.000,0.000,0.000,0.000,0.000,0.000,0.000,45.242,164.069,0.000,0.000,0.000,0.000,0.000,0.000,0.004,0.000,5.765,0.000,0.000,11.103,0.000,0.000,0.000,0.000,0.000,0.000,10.625,0.000,0.000,0.000,0.916,0.000,0.000,0.000,0.000,0.000,0.000,0.000,0.000,0.000,0.000,0.000,1.069,0.000,0.000,0.000
5225.0,0,0.014,0.000,3.671,3.009,6.765,0.000,9.957,0.000,11.005,12.176,0.000,0.000,0.000,0.000,0.000,0.000,0.000,0.000,0.000,23.614,0.000,7.377,0.000,0.000,0.000,0.000,9.957,0.000,0.000,9.957,18.144,4.132,0.000,0.000,0.000,0.000,0.000,0.000,0.000,8.265,29.973,0.000,0.000,0.000,0.000,0.000,4.057,0.001,0.000,1.053,0.000,0.000,2.028,0.000,0.000,0.000,0.000,0.000,0.000,9.077,0.000,0.000,0.000,22.634,0.000,0.000,0.000,0.000,0.000,0.000,0.000,0.000,0.000,0.000,0.000,52.043,0.000,0.000,38.175
5233.0,0,0.003,0.000,0.741,0.607,1.366,0.000,2.010,0.000,2.222,2.458,0.000,0.000,0.000,0.000,0.000,0.000,0.000,0.000,0.000,4.768,0.000,1.489,0.000,0.000,0.000,0.000,2.010,0.000,0.000,2.010,3.663,0.834,0.000,0.000,0.000,0.000,0.000,0.000,0.000,1.669,6.051,0.000,0.000,0.000,0.000,0.000,0.819,0.000,0.000,0.213,0.000,0.000,0.410,0.000,0.000,0.000,0.000,0.000,0.000,1.833,0.000,0.000,0.000,4.570,0.000,0.000,0.000,0.000,0.000,0.000,0.000,0.000,0.000,0.000,0.000,10.507,0.000,0.000,7.707
5241.5,0,0.000,0.000,0.135,0.111,0.250,0.000,0.367,0.000,0.406,0.449,0.000,0.000,0.000,0.000,0.000,0.000,0.000,0.000,0.000,0.871,0.000,0.272,0.000,0.000,0.000,0.000,0.367,0.000,0.000,0.367,0.669,0.152,0.000,0.000,0.000,0.000,0.000,0.000,0.000,0.305,1.105,0.000,0.000,0.000,0.000,0.000,0.150,0.000,0.000,6.769,0.000,0.000,0.075,0.000,0.000,0.000,0.000,0.000,0.000,0.335,0.000,0.000,0.000,0.835,0.000,0.000,0.000,0.000,0.000,0.000,0.000,0.000,0.000,0.000,0.000,1.920,0.000,0.000,1.408
5250.0,0,0.000,0.000,0.025,0.020,0.046,0.000,0.067,0.000,0.074,0.082,0.000,0.000,0.000,0.000,0.000,0.000,0.000,0.000,0.000,0.159,0.000,0.050,0.000,0.000,0.000,0.000,0.067,0.000,0.000,0.067,0.122,0.028,0.000,0.000,0.000,0.000,0.000,20.218,0.000,0.056,0.202,0.000,0.000,0.000,0.000,0.000,0.027,0.000,0.000,1.237,0.000,0.000,0.014,0.000,0.000,0.000,0.000,0.000,0.000,0.061,0.000,0.000,0.000,0.153,0.000,0.000,0.000,0.000,0.000,0.000,0.000,0.000,0.000,0.000,0.000,0.351,0.000,0.000,0.257
5258.0,0,60.239,0.000,0.005,0.004,0.009,0.000,0.014,0.000,0.015,0.017,0.000,0.000,0.000,0.000,0.000,0.000,0.000,0.000,0.000,0.032,0.000,0.010,0.000,0.000,0.000,0.000,0.014,0.000,0.000,0.014,0.025,0.006,0.000,0.000,0.000,0.000,0.000,4.082,0.000,0.011,0.041,0.000,0.000,0.000,0.000,0.000,0.006,0.000,0.000,0.250,0.000,0.000,0.003,0.000,0.000,0.000,0.000,0.000,0.000,0.012,0.000,0.000,0.000,0.031,0.000,0.000,0.000,0.000,0.000,0.000,0.000,0.000,9.260,0.000,0.000,0.071,0.000,0.000,0.052
5266.5,0,11.005,0.000,0.001,0.001,0.002,0.000,0.002,49.319,0.003,0.003,0.000,0.000,0.000,0.000,0.000,0.000,0.000,0.000,0.000,0.006,0.000,0.002,180.967,0.000,0.000,0.000,0.002,99.317,0.000,0.002,0.005,0.001,0.000,0.000,18.182,0.000,0.000,0.746,0.000,0.002,0.007,0.000,0.000,0.000,0.000,0.000,0.001,0.000,0.000,0.046,0.000,0.000,0.001,0.000,0.000,0.000,0.000,0.000,0.000,4.785,0.000,0.000,0.000,0.006,0.000,0.000,0.000,0.000,0.000,0.000,0.000,0.000,1.692,0.000,0.000,0.013,0.000,0.000,0.009
5275.0,0,2.010,0.000,0.000,0.000,0.000,0.000,0.000,9.010,0.000,0.001,0.000,0.000,0.000,0.000,0.000,0.000,60.239,0.000,0.000,0.001,0.000,0.000,33.060,0.000,0.000,0.000,0.000,18.144,0.000,0.000,0.001,0.000,0.000,0.000,3.322,0.000,0.000,0.136,0.000,0.000,0.001,0.000,0.000,0.000,0.000,0.000,0.000,0.000,0.000,0.008,0.000,0.000,0.000,0.000,0.000,0.000,0.000,0.000,0.000,0.874,0.000,0.000,0.000,0.001,0.000,0.000,0.000,6.375,0.000,0.000,0.000,0.000,0.309,0.000,0.000,0.002,0.000,0.000,0.002
5283.0,0,0.406,0.000,0.000,0.000,0.000,0.000,0.000,1.819,0.000,0.000,0.000,0.000,0.000,0.000,0.000,0.000,12.162,0.000,0.000,0.000,0.000,0.000,6.675,0.000,0.000,0.000,0.000,3.663,0.000,0.000,0.000,0.000,0.000,0.000,0.671,0.000,0.000,0.028,0.000,0.000,0.000,0.000,0.000,0.000,0.000,0.000,0.000,0.000,0.000,0.002,0.000,0.000,0.000,0.000,0.000,0.000,0.000,0.000,0.000,0.177,0.000,0.000,0.000,0.000,0.000,0.000,0.000,1.287,0.000,0.000,0.000,0.000,0.062,0.000,0.000,0.000,0.000,0.000,0.000
5291.5,0,0.074,0.000,0.000,0.000,0.000,0.000,0.000,0.332,0.000,0.000,0.000,0.000,0.000,0.000,0.000,0.000,2.222,0.000,0.000,0.000,0.000,0.000,1.219,0.000,0.000,0.000,0.000,0.669,0.000,0.000,0.000,0.000,0.000,0.000,0.123,0.000,0.000,0.005,0.000,0.000,0.000,0.000,0.000,0.000,0.000,0.000,0.000,0.000,0.000,0.000,0.000,0.000,0.000,0.000,0.000,0.000,0.000,0.000,0.000,0.032,0.000,0.000,0.000,0.000,0.000,0.000,0.000,0.235,0.000,0.000,0.000,0.000,0.011,0.000,0.000,0.000,0.000,0.000,0.000
5300.0,0,0.014,134.064,0.000,121.306,0.000,0.000,0.000,0.061,0.000,0.000,0.000,0.000,0.000,0.000,0.000,0.000,0.406,0.000,0.000,0.000,0.000,0.000,0.223,0.000,0.000,0.000,0.000,0.122,0.000,0.000,0.000,0.000,0.000,0.000,0.022,0.000,0.000,0.001,0.000,0.000,0.000,0.000,0.000,0.000,0.000,0.000,0.000,0.000,0.000,10.040,0.000,0.000,74.082,0.000,0.000,0.000,0.000,0.000,0.000,0.006,0.000,0.000,0.000,0.000,0.000,0.000,0.000,0.043,0.000,0.000,37.041,0.000,0.002,0.000,0.000,37.041,0.000,0.000,14.168
5308.0,0,0.003,27.067,89.866,158.555,0.000,0.000,0.000,0.012,0.000,200.000,121.306,0.000,0.000,0.000,0.000,0.000,0.082,0.000,0.000,0.000,0.000,0.000,0.045,0.000,0.000,0.000,0.000,0.025,0.000,0.000,0.000,0.000,0.000,0.000,0.005,0.000,0.000,0.000,0.000,0.000,54.881,0.000,0.000,11.233,0.000,0.000,0.000,0.000,0.000,2.027,0.000,0.000,39.617,0.000,12.263,0.000,0.000,0.000,0.000,0.001,0.000,0.000,0.000,0.000,0.000,0.000,0.000,23.401,0.000,0.000,7.478,0.000,0.000,49.319,0.000,7.478,0.000,0.000,2.860
5316.5,0,66.575,4.945,164.581,28.965,0.000,89.866,60.239,0.002,0.000,36.537,22.161,0.000,66.574,109.762,0.000,0.000,0.015,109.762,121.306,54.506,0.000,0.000,0.008,73.576,0.000,44.626,0.000,0.005,0.000,0.000,60.239,11.212,0.000,0.000,0.001,4.751,0.000,0.000,0.000,16.644,132.556,0.000,0.000,2.052,0.000,0.000,0.000,0.000,0.000,9.455,0.000,0.000,40.524,0.000,2.240,0.000,0.000,0.000,0.000,24.605,121.306,0.000,0.000,0.000,0.000,0.000,0.000,16.419,0.000,0.000,1.366,0.000,0.000,9.010,100.000,1.366,0.000,0.000,0.523
5325.0,0,12.162,0.903,30.066,5.292,0.000,16.417,11.005,0.000,0.000,6.675,4.048,0.000,12.162,20.052,0.000,0.000,0.003,20.052,22.161,59.277,0.000,0.000,0.002,13.441,0.000,8.152,0.000,0.001,0.000,0.000,11.005,2.048,0.000,0.000,0.000,0.868,0.000,0.000,0.000,3.041,24.216,0.000,0.000,0.375,0.000,0.000,4.484,0.000,0.000,1.727,0.000,0.000,7.403,0.000,0.409,0.000,0.000,0.000,0.000,4.495,22.161,0.000,0.000,10.095,0.000,0.000,0.000,2.999,0.000,0.000,0.250,0.000,6.207,1.646,45.522,0.250,0.000,0.000,0.095
5333.0,0,2.455,0.182,6.070,1.068,0.000,3.315,2.222,0.000,0.000,1.348,0.817,0.000,2.455,4.048,0.000,0.000,0.001,4.048,4.474,11.968,0.000,0.000,0.000,2.714,0.000,1.646,0.000,0.000,0.000,0.000,2.222,6.578,0.000,0.000,0.000,0.175,0.000,0.000,0.000,25.443,4.889,0.000,0.000,0.076,0.000,0.000,0.905,0.000,0.000,0.349,0.000,0.000,1.495,0.000,0.083,0.000,0.000,0.000,0.000,0.908,4.474,0.000,0.000,2.038,0.000,0.000,0.000,0.606,0.000,0.000,0.050,0.000,1.253,0.332,9.191,0.050,0.000,0.000,0.019
5341.5,0,0.449,0.033,1.109,73.771,89.866,0.606,0.406,0.000,0.000,0.246,0.149,0.000,0.449,0.740,0.000,0.000,0.000,0.740,0.817,2.186,0.000,0.000,0.000,0.496,0.000,0.301,0.000,0.000,0.000,0.000,0.406,1.202,0.000,0.000,0.000,0.032,0.000,0.000,0.000,23.042,0.893,0.000,0.000,0.014,0.000,0.000,0.165,0.000,0.000,17.541,0.000,0.000,0.273,0.000,0.015,0.000,0.000,0.000,0.000,0.166,0.817,0.000,0.000,0.372,0.000,0.000,0.000,0.111,0.000,0.000,0.009,0.000,0.229,0.061,1.679,0.009,0.000,0.000,0.004
5350.0,0,0.082,0.006,81.517,13.477,16.417,0.111,0.074,0.000,0.000,0.045,0.027,0.000,0.082,0.135,0.000,0.000,0.000,0.135,0.149,81.713,0.000,0.000,0.000,0.091,0.000,0.055,0.000,0.000,0.000,0.000,0.074,0.220,0.000,0.000,0.000,0.006,0.000,0.000,0.000,19.269,54.670,0.000,0.000,0.003,0.000,0.000,0.030,0.000,0.000,3.204,0.000,0.000,0.050,0.000,0.003,0.000,0.000,0.000,0.000,0.030,0.149,0.000,0.000,0.068,0.000,0.000,0.000,0.020,0.000,0.000,0.002,0.000,0.042,0.011,0.307,0.002,0.000,0.000,0.001
5358.0,0,0.017,66.575,16.458,2.721,69.889,0.022,54.521,0.000,0.000,0.009,0.006,0.000,0.017,0.027,0.000,0.000,0.000,0.027,0.030,16.498,0.000,73.576,0.000,121.324,0.000,0.011,0.000,0.000,0.000,0.000,0.015,0.044,0.000,0.000,0.000,0.001,0.000,0.000,0.000,3.890,11.038,0.000,0.000,0.001,0.000,0.000,0.006,0.000,0.000,0.647,0.000,0.000,0.010,0.000,0.001,0.000,0.000,0.000,0.000,0.006,0.030,0.000,0.000,0.014,0.000,0.000,0.000,0.004,0.000,0.000,0.000,0.000,0.008,0.002,0.062,0.000,0.000,0.000,18.294
5366.5,0,0.003,12.162,3.007,0.497,12.768,0.004,9.960,0.000,0.000,0.002,0.001,0.000,0.003,163.751,0.000,0.000,0.000,0.005,0.006,3.014,49.319,13.441,0.000,22.164,0.000,0.002,0.000,0.000,0.000,0.000,0.003,0.008,0.000,0.000,0.000,0.000,0.000,0.000,0.000,0.711,2.016,0.000,33.333,0.000,0.000,0.000,0.001,0.000,0.000,0.118,0.000,0.000,0.002,0.000,0.000,0.000,0.000,0.000,0.000,0.001,0.006,0.000,109.762,0.003,0.000,0.000,0.000,0.001,0.000,0.000,0.000,0.000,0.002,0.000,0.011,0.000,0.000,0.000,3.342
5375.0,0,0.001,2.222,0.549,0.091,2.332,0.001,1.820,0.000,0.000,0.000,0.000,0.000,0.001,29.915,0.000,0.000,0.000,0.001,0.001,0.551,9.010,2.455,0.000,4.049,0.000,0.000,0.000,0.000,0.000,0.000,0.000,0.001,0.000,0.000,0.000,0.000,0.000,0.000,0.000,0.130,0.368,0.000,6.089,0.000,0.000,0.000,0.000,0.000,0.000,30.183,0.000,0.000,0.000,0.000,0.000,0.000,0.000,0.000,0.000,0.000,0.001,0.000,20.052,0.000,0.000,0.000,0.000,0.000,0.000,0.000,0.000,0.000,0.000,0.000,0.002,0.000,0.000,0.000,0.611
5383.0,0,0.000,0.449,0.111,0.018,0.471,0.000,0.367,0.000,0.000,0.000,0.000,0.000,0.000,6.040,0.000,0.000,0.000,0.000,0.000,0.111,1.819,0.496,0.000,0.817,0.000,0.000,0.000,0.000,0.000,0.000,0.000,0.000,0.000,0.000,0.000,0.000,0.000,0.000,0.000,0.026,0.074,0.000,1.229,0.000,0.000,0.000,0.000,0.000,0.000,6.094,0.000,0.000,0.000,0.000,0.000,0.000,0.000,0.000,0.000,9.632,0.000,0.000,4.048,0.000,0.000,0.000,0.000,0.000,0.000,0.000,0.000,0.000,0.000,0.000,0.000,0.000,0.000,0.000,0.123
5391.5,0,0.000,0.082,0.020,0.003,0.086,0.000,0.067,0.000,0.000,0.000,0.000,0.000,0.000,1.103,0.000,0.000,0.000,0.000,0.000,0.020,0.332,0.091,0.000,0.149,0.000,0.000,0.000,0.000,0.000,0.000,0.000,0.000,0.000,0.000,0.000,0.000,0.000,0.000,0.000,0.005,0.014,0.000,0.225,0.000,0.000,0.000,0.000,0.000,0.000,1.113,0.000,0.000,0.000,0.000,0.000,0.000,0.000,0.000,0.000,8.051,0.000,0.000,0.740,0.000,0.000,0.000,0.000,0.000,0.000,0.000,0.000,0.000,0.000,0.000,0.000,0.000,0.000,0.000,0.023
5400.0,0,0.000,0.015,0.004,0.001,0.016,0.000,0.012,0.000,0.000,0.000,0.000,0.000,0.000,0.202,0.000,0.000,0.000,0.000,0.000,0.004,0.061,0.017,0.000,0.027,0.000,0.000,0.000,0.000,0.000,0.000,0.000,0.000,0.000,0.000,0.000,0.000,0.000,0.000,0.000,0.001,0.002,0.000,0.041,0.000,0.000,0.000,0.000,0.000,0.000,0.203,0.000,0.000,0.000,0.000,0.000,0.000,0.000,0.000,0.000,1.471,0.000,0.000,0.135,0.000,0.000,0.000,0.000,0.000,0.000,0.000,0.000,0.000,0.000,0.000,0.000,0.000,0.000,0.000,0.004
5408.0,0,0.000,0.003,0.001,0.000,0.003,0.000,0.002,0.000,0.000,0.000,0.000,0.000,0.000,0.041,0.000,0.000,0.000,0.000,0.000,0.001,0.012,0.003,0.000,0.006,0.000,0.000,0.000,0.000,0.000,0.000,0.000,0.000,0.000,0.000,0.000,0.000,0.000,0.000,0.000,0.000,0.001,0.000,0.008,0.000,0.000,0.000,0.000,0.000,0.000,0.041,0.000,15.060,0.000,0.000,0.000,0.000,0.000,0.000,0.000,0.297,0.000,0.000,0.027,0.000,0.000,0.000,0.000,0.000,0.000,0.000,0.000,0.000,0.000,0.000,0.000,0.000,0.000,0.000,0.001
5416.5,0,165.932,204.126,0.000,49.319,0.001,121.306,0.000,180.967,0.000,200.000,0.000,0.000,0.000,0.007,0.000,0.000,0.000,0.000,0.000,0.000,0.002,0.001,109.762,0.001,0.000,0.000,0.000,0.000,0.000,0.000,0.000,0.000,0.000,0.000,0.000,0.000,0.000,12.263,0.000,0.000,94.592,0.000,0.002,0.000,0.000,0.000,0.000,0.000,0.000,14.985,0.000,2.751,0.000,0.000,18.294,0.000,0.000,0.000,0.000,0.054,0.000,0.000,0.005,0.000,0.000,0.000,0.000,0.000,0.000,0.000,0.000,0.000,0.000,0.000,49.659,0.000,0.000,0.000,13.552
5425.0,0,30.313,37.290,0.000,9.010,44.626,22.161,0.000,33.060,0.000,36.537,44.626,44.626,0.000,0.001,66.574,0.000,0.000,0.000,0.000,0.000,0.000,0.000,20.052,44.626,0.000,0.000,0.000,0.000,66.574,0.000,0.000,0.000,0.000,0.000,0.000,0.000,0.000,2.240,0.000,0.000,17.280,0.000,0.000,0.000,0.000,0.000,8.170,0.000,0.000,2.738,0.000,0.503,47.443,15.163,3.342,0.000,0.000,0.000,0.000,8.466,0.000,0.000,0.001,0.000,0.000,0.000,0.000,20.563,0.000,20.190,0.000,0.000,0.000,0.000,9.072,0.000,0.000,0.000,2.476
5433.0,0,6.120,7.529,0.000,1.819,9.010,4.474,0.000,6.675,0.000,7.377,9.010,9.010,0.000,0.000,13.441,0.000,0.000,0.000,0.000,0.000,0.000,0.000,4.048,9.010,0.000,0.000,0.000,0.000,13.441,0.000,0.000,0.000,0.000,0.000,0.000,0.000,0.000,0.452,0.000,0.000,3.489,0.000,0.000,0.000,0.000,0.000,1.649,0.000,0.000,0.553,0.000,0.101,59.237,3.061,0.675,0.000,0.000,0.000,0.000,1.709,0.000,0.000,0.000,0.000,0.000,0.000,0.000,4.152,0.000,4.076,0.000,0.000,0.000,0.000,1.832,0.000,0.000,0.000,0.500
5441.5,0,1.118,1.375,0.000,0.332,100.963,0.817,0.000,1.219,0.000,1.348,1.646,1.646,0.000,0.000,2.455,0.000,0.000,0.000,0.000,0.000,0.000,0.000,0.740,1.646,0.000,0.000,0.000,0.000,2.455,0.000,0.000,0.000,0.000,0.000,0.000,0.000,0.000,0.083,0.000,0.000,0.637,0.000,0.000,0.000,0.000,0.000,0.301,0.000,0.000,0.101,0.000,0.019,10.822,0.559,0.123,0.000,0.000,0.000,0.000,0.312,0.000,0.000,0.000,0.000,0.000,0.000,0.000,0.758,0.000,0.745,0.000,0.000,0.000,0.000,49.993,0.000,0.000,0.000,0.091
5450.0,0,40.584,0.251,0.000,0.061,18.444,0.149,0.000,0.223,44.626,0.246,0.301,0.301,0.000,0.000,0.449,0.000,0.000,0.000,0.000,0.000,0.000,0.000,0.135,0.301,0.000,0.000,0.000,0.000,0.449,0.000,0.000,0.000,0.000,0.000,0.000,0.000,0.000,0.015,0.000,0.000,40.773,0.000,0.000,0.000,0.000,0.000,13.524,0.000,0.000,0.018,0.000,0.003,106.517,0.102,0.023,0.000,0.000,0.000,0.000,0.057,0.000,0.000,0.000,0.000,0.000,0.000,0.000,0.139,0.000,0.136,0.000,0.000,0.000,0.000,9.133,0.000,0.000,0.000,0.017
5458.0,0,8.194,0.051,0.000,0.012,3.724,0.030,0.000,0.045,9.010,0.050,0.061,0.061,0.000,0.000,0.091,0.000,0.000,0.000,0.000,0.000,0.000,0.000,0.027,0.061,0.000,0.000,0.000,0.000,0.091,0.000,0.000,0.000,0.000,0.000,0.000,0.000,0.000,0.003,0.000,0.000,8.232,0.000,0.000,0.000,0.000,0.000,2.731,5.082,0.000,0.004,0.000,0.001,21.505,7.550,0.005,0.000,0.000,0.000,0.000,0.012,0.000,0.000,0.000,0.000,0.000,0.000,0.000,0.028,0.000,0.027,0.000,0.000,0.000,0.000,1.844,0.000,0.000,0.000,0.003
5466.5,0,1.497,109.772,0.000,0.002,0.680,0.006,0.000,0.008,1.646,0.009,0.011,0.011,0.000,0.000,0.017,0.000,0.000,0.000,0.000,0.000,0.000,0.000,0.005,0.011,0.000,0.000,0.000,0.000,0.017,0.000,0.000,0.000,0.000,0.000,0.000,0.000,0.000,0.001,0.000,0.000,1.504,0.000,0.000,0.000,0.000,0.000,0.499,7.136,0.000,0.001,0.000,11.157,3.929,1.379,0.001,0.000,0.000,0.000,0.000,0.002,0.000,0.000,0.000,0.000,0.000,0.000,0.000,0.005,0.000,0.005,0.000,0.000,8.379,0.000,0.337,0.000,0.000,0.000,0.001
5475.0,0,0.273,20.053,0.000,0.000,0.124,148.165,0.000,0.002,0.301,0.002,0.002,0.002,0.000,0.000,0.003,0.000,0.000,0.000,0.000,0.000,0.000,0.000,0.001,109.764,0.000,0.000,0.000,0.000,0.003,0.000,0.000,0.000,0.000,0.000,0.000,0.000,0.000,0.000,0.000,0.000,0.275,0.000,0.000,0.000,0.000,0.000,0.091,1.304,0.000,0.000,0.000,2.038,0.718,0.252,0.000,0.000,0.000,0.000,0.000,0.000,0.000,0.000,0.000,0.000,0.000,0.000,0.000,0.001,0.000,0.001,0.000,0.000,1.531,0.000,0.062,0.000,0.000,0.000,0.000
5483.0,0,54.562,4.049,0.000,0.000,0.025,29.914,0.000,134.064,0.061,0.000,0.000,0.000,0.000,0.000,0.001,0.000,0.000,0.000,0.000,0.000,44.626,0.000,109.763,22.161,0.000,0.000,0.000,0.000,0.001,0.000,0.000,0.000,0.000,0.000,0.000,0.000,0.000,0.000,0.000,0.000,109.818,0.000,0.000,0.000,0.000,0.000,0.018,0.263,0.000,0.000,0.000,0.411,0.145,20.519,0.000,0.000,0.000,0.000,0.000,0.000,0.000,81.314,99.317,0.000,0.000,0.000,0.000,0.000,0.000,0.000,0.000,0.000,0.309,0.000,0.012,0.000,0.000,0.000,0.000
5491.5,0,9.968,0.740,0.000,99.317,0.005,5.465,0.000,24.491,0.011,0.000,0.000,0.000,0.000,0.000,0.000,0.000,0.000,0.000,0.000,0.000,8.152,0.000,201.019,4.048,0.000,0.000,0.000,60.239,0.000,0.000,0.000,0.000,0.000,0.000,0.000,0.000,0.000,10.040,0.000,0.000,20.062,0.000,0.000,0.000,0.000,0.000,0.003,0.048,0.000,0.000,0.000,0.075,0.026,3.749,0.000,0.000,0.000,0.000,0.000,0.000,0.000,14.855,18.144,0.000,0.000,0.000,0.000,0.000,0.000,0.000,0.000,0.000,0.056,0.000,0.002,0.000,0.000,0.000,0.000
5500.0,0,1.821,0.135,0.000,18.144,148.164,0.998,0.000,4.474,0.002,0.000,0.000,0.000,0.000,0.000,0.000,0.000,0.000,0.000,0.000,0.000,1.489,0.000,36.723,0.740,0.000,0.000,0.000,11.005,0.000,0.000,0.000,0.000,0.000,0.000,0.000,0.000,0.000,1.834,0.000,0.000,3.665,0.000,0.000,0.000,0.000,0.000,0.001,0.009,0.000,33.333,0.000,0.014,0.005,0.685,0.000,0.000,0.000,0.000,0.000,0.000,0.000,2.714,3.315,0.000,0.000,0.000,0.000,0.000,0.000,0.000,0.000,0.000,0.010,0.000,0.000,0.000,0.000,0.000,0.000
5508.0,0,0.368,0.027,99.317,151.827,29.914,0.202,0.000,0.903,109.763,0.000,0.000,0.000,0.000,0.000,0.000,0.000,0.000,0.000,0.000,0.000,0.301,66.574,7.414,0.149,0.000,0.000,0.000,2.222,0.000,60.239,0.000,0.000,0.000,0.000,0.000,0.000,0.000,0.370,0.000,0.000,0.740,0.000,0.000,0.000,0.000,0.000,0.000,0.002,0.000,6.730,0.000,0.003,0.001,0.138,0.000,0.000,0.000,0.000,0.000,0.000,0.000,0.548,0.669,0.000,0.000,0.000,0.000,0.000,0.000,0.000,0.000,0.000,0.002,0.000,0.000,0.000,0.000,0.000,0.000
5516.5,0,0.067,0.005,18.144,27.736,5.465,0.037,60.239,0.165,20.052,49.319,0.000,0.000,0.000,0.000,0.000,44.626,0.000,0.000,0.000,161.685,0.055,160.326,1.354,0.027,0.000,0.000,163.746,0.406,0.000,11.005,81.314,0.000,0.000,0.000,0.000,0.000,0.000,0.068,0.000,0.000,0.135,0.000,0.000,0.000,0.000,0.000,0.000,0.000,0.000,21.512,0.000,0.001,20.190,0.025,0.000,0.000,0.000,0.000,0.000,22.410,0.000,0.100,0.122,0.000,0.000,0.000,0.000,0.000,0.000,0.000,0.000,0.000,0.000,0.000,0.000,0.000,0.000,0.000,0.000
5525.0,0,0.012,0.001,3.315,5.067,0.998,0.007,11.005,0.030,3.663,9.010,0.000,0.000,0.000,0.000,0.000,8.152,0.000,0.000,0.000,29.537,0.010,29.289,0.247,0.005,0.000,0.000,29.914,0.074,0.000,2.010,14.855,0.000,0.000,0.000,0.000,15.308,0.000,6.742,0.000,0.000,20.214,0.000,0.000,0.000,0.000,0.000,0.000,0.000,0.000,3.930,0.000,0.000,3.688,0.005,0.000,40.797,82.946,0.000,0.000,10.539,0.000,0.018,0.022,0.000,0.000,0.000,36.126,0.000,0.000,0.000,0.000,0.000,2.789,0.000,0.000,74.892,0.000,0.000,24.773
5533.0,0,0.002,0.000,0.669,1.023,0.202,0.001,2.222,0.006,0.740,1.819,0.000,0.000,0.000,0.000,60.239,1.646,0.000,0.000,0.000,5.963,0.002,5.913,0.050,0.001,0.000,0.000,6.039,0.015,0.000,0.406,2.999,0.000,0.000,0.000,0.000,3.091,0.000,1.361,0.000,0.000,4.081,0.000,0.000,0.000,0.000,0.000,0.000,0.000,0.000,0.793,0.000,0.000,0.745,0.001,0.000,8.237,16.746,0.000,0.000,2.128,0.000,0.004,0.005,0.000,0.000,0.000,7.294,0.000,0.000,0.000,0.000,0.000,0.563,0.000,0.000,15.120,0.000,0.000,5.002
5541.5,0,109.763,109.762,0.122,0.187,0.037,0.000,0.406,0.001,0.135,0.332,0.000,0.000,0.000,0.000,11.005,0.301,0.000,0.000,0.000,1.089,0.000,1.080,0.009,0.000,0.000,0.000,1.103,0.003,0.000,0.074,0.548,0.000,0.000,0.000,0.000,0.565,0.000,0.249,0.000,45.242,91.229,0.000,0.000,0.000,0.000,0.000,0.000,0.000,0.000,0.145,0.000,0.000,0.136,0.000,0.000,1.505,3.059,0.000,0.000,6.231,0.000,0.001,0.001,0.000,0.000,0.000,1.332,0.000,0.000,0.000,0.000,0.000,0.103,0.000,0.000,2.762,0.000,0.000,0.914
5550.0,0,183.798,141.358,0.022,0.034,0.007,0.000,0.074,99.317,0.025,0.061,180.967,0.000,0.000,0.000,2.010,0.055,0.000,0.000,0.000,0.199,0.000,0.197,0.002,200.000,0.000,0.000,0.202,200.001,0.000,0.014,0.100,0.000,0.000,0.000,0.000,0.103,0.000,0.045,0.000,8.265,16.666,0.000,0.000,0.000,0.000,0.000,0.000,0.000,0.000,0.026,0.000,0.000,0.025,0.000,0.000,0.275,0.559,40.000,0.000,7.595,0.000,0.000,0.000,0.000,0.000,0.000,0.243,0.000,0.000,0.000,0.000,0.000,0.019,0.000,0.000,20.833,0.000,0.000,9.251
5558.0,0,37.108,28.540,0.005,0.007,0.001,0.000,0.015,86.626,0.005,0.012,36.537,0.000,0.000,0.000,0.406,0.011,0.000,0.000,0.000,0.040,89.866,0.040,60.239,40.379,0.000,0.000,0.041,40.379,0.000,0.003,0.020,0.000,0.000,0.000,0.000,0.021,0.000,8.229,0.000,1.669,3.365,0.000,0.000,0.000,0.000,0.000,0.000,0.000,0.000,0.005,0.000,0.000,0.005,16.758,0.000,22.634,40.770,8.076,0.000,16.424,0.000,0.000,109.762,0.000,0.000,0.000,0.049,0.000,0.000,0.000,0.000,0.000,0.004,0.000,0.000,4.206,0.000,0.000,1.868
5566.5,0,6.779,5.214,0.001,0.001,0.000,0.000,0.003,15.825,0.001,0.002,6.675,0.000,0.000,0.000,0.074,0.002,0.000,0.000,0.000,0.007,16.417,0.007,11.005,7.377,0.000,0.000,0.007,7.377,0.000,0.000,0.004,0.000,0.000,0.000,0.000,0.004,0.000,1.503,0.000,0.305,0.615,0.000,0.000,0.000,0.000,0.000,0.000,0.000,0.000,0.001,0.000,30.327,0.001,3.061,0.000,4.135,7.448,1.475,0.000,3.000,0.000,0.000,20.052,0.000,0.000,0.000,0.009,0.000,0.000,0.000,0.000,0.000,0.001,0.000,0.000,0.768,0.000,0.000,0.341
5575.0,0,1.238,0.952,0.000,0.000,0.000,0.000,0.000,2.891,0.000,0.000,1.219,0.000,0.000,0.000,0.014,0.000,0.000,0.000,0.000,0.001,2.999,0.001,2.010,1.348,0.000,0.000,0.001,1.348,0.000,0.000,0.001,0.000,0.000,0.000,0.000,0.001,0.000,0.275,0.000,0.056,0.112,0.000,0.000,0.000,0.000,0.000,0.000,4.161,0.000,0.000,0.000,5.540,0.000,0.559,0.000,0.755,1.361,0.270,0.000,0.548,0.000,0.000,3.663,0.000,0.000,0.000,0.002,0.000,0.000,0.000,0.000,0.000,0.000,0.000,0.000,0.140,0.000,0.000,0.062
5583.0,0,0.250,0.192,163.746,0.000,180.967,0.000,0.000,0.584,0.000,0.000,0.246,0.000,0.000,0.000,0.003,0.000,0.000,0.000,0.000,0.000,0.606,0.000,0.406,0.272,0.000,0.000,0.000,0.272,0.000,0.000,0.000,0.000,0.000,0.000,0.000,0.000,0.000,0.055,0.000,0.011,0.023,0.000,0.000,0.000,0.000,0.000,14.886,0.840,0.000,8.220,0.000,51.119,0.000,0.113,0.000,0.153,0.275,0.054,0.000,0.111,0.000,0.000,0.740,0.000,0.000,0.000,0.000,0.000,0.000,0.000,0.000,0.000,0.000,0.000,0.000,0.028,0.000,0.000,0.013
5591.5,0,0.046,0.035,29.914,0.000,33.060,0.000,109.762,0.107,0.000,0.000,0.045,0.000,0.000,0.000,0.000,0.000,0.000,0.000,0.000,0.000,0.111,0.000,0.074,0.050,0.000,0.000,0.000,0.050,0.000,0.000,0.000,0.000,0.000,0.000,0.000,0.000,0.000,0.010,0.000,0.002,0.004,0.000,0.000,0.000,0.000,0.000,2.719,0.153,0.000,1.502,0.000,9.339,59.101,0.021,27.291,0.028,0.050,0.010,0.000,0.020,0.000,0.000,0.135,0.000,0.000,0.000,0.000,0.000,0.000,0.000,0.000,0.000,0.000,0.000,0.000,0.005,0.000,0.000,0.002
5600.0,0,44.634,0.006,5.465,0.000,6.039,0.000,20.052,0.019,0.000,0.000,0.008,0.000,0.000,0.000,0.000,0.000,0.000,0.000,0.000,0.000,0.020,0.000,121.320,0.009,0.000,0.000,0.000,0.009,0.000,0.000,0.000,0.000,0.000,0.000,0.000,0.000,0.000,29.076,0.000,0.000,116.691,0.000,0.000,0.000,0.000,0.000,0.497,0.028,0.000,0.274,0.000,1.706,10.797,0.004,4.986,0.005,0.009,0.002,0.000,0.004,0.000,0.000,0.025,0.000,0.000,0.000,0.000,0.000,0.000,0.000,0.000,0.000,2.789,0.000,0.000,0.001,0.000,0.000,0.000
5608.0,0,9.012,0.001,122.409,0.000,1.219,0.000,4.048,0.004,0.000,0.000,0.002,0.000,0.000,0.000,0.000,0.000,0.000,0.000,0.000,0.000,0.004,0.000,24.494,0.002,0.000,0.000,0.000,0.002,0.000,0.000,0.000,0.000,0.000,0.000,0.000,0.000,0.000,5.870,0.000,0.000,23.560,0.000,0.000,0.000,0.000,0.000,0.100,38.795,0.000,12.318,0.000,0.344,2.180,0.001,1.007,0.001,126.808,0.000,0.000,0.001,0.000,0.000,0.005,0.000,0.000,0.000,0.000,0.000,0.000,0.000,0.000,0.000,0.563,0.000,0.000,0.000,0.000,0.000,0.000
5616.5,0,1.646,0.000,22.362,0.000,0.223,109.762,100.057,0.001,0.000,0.000,0.000,0.000,0.000,163.746,0.000,0.000,0.000,0.000,0.000,0.000,0.001,0.000,4.475,0.000,180.967,0.000,0.000,0.000,0.000,0.000,0.000,0.000,0.000,0.000,0.000,0.000,0.000,1.072,0.000,0.000,4.304,0.000,0.000,0.000,0.000,0.000,0.018,7.087,0.000,2.250,0.000,10.158,0.398,0.000,0.184,0.000,23.166,0.000,0.000,0.000,0.000,0.000,0.001,0.000,0.000,0.000,0.000,0.000,0.000,0.000,0.000,0.000,0.103,0.000,0.000,0.000,0.000,0.000,0.000
5625.0,0,188.844,161.685,4.085,99.317,148.204,141.358,18.279,0.000,0.000,0.000,148.164,60.239,0.000,29.914,0.000,0.000,0.000,0.000,60.239,0.000,163.746,0.000,110.580,180.968,33.060,180.967,0.000,0.000,109.762,0.000,0.000,0.000,54.881,0.000,0.000,0.000,0.000,19.320,0.000,0.000,0.786,0.000,0.000,0.000,0.000,0.000,0.003,19.110,0.000,0.411,0.000,35.372,89.939,18.520,0.034,0.000,4.232,0.000,20.908,7.901,0.000,0.000,0.000,0.000,0.000,0.000,36.193,0.000,0.000,0.000,0.000,0.000,0.019,0.000,0.000,0.000,0.000,0.000,0.000
5633.0,0,38.127,81.963,0.825,20.052,29.922,28.540,3.690,49.319,89.866,0.000,111.228,121.924,0.000,6.039,0.000,0.000,0.000,148.164,12.162,0.000,114.374,254.543,186.072,36.537,6.675,36.537,0.000,99.317,22.161,60.239,0.000,0.000,11.080,0.000,0.000,0.000,0.000,12.121,0.000,0.000,0.159,0.000,27.291,0.000,0.000,0.000,0.001,3.858,0.000,0.083,0.000,7.141,18.158,3.739,0.007,12.415,34.142,0.000,4.221,5.923,0.000,0.000,54.506,0.000,0.000,0.000,7.307,0.000,0.000,0.000,0.000,11.820,0.004,0.000,0.000,0.000,0.000,0.000,0.000
5641.5,0,6.965,14.973,0.151,3.663,5.466,5.214,0.674,9.010,16.417,0.000,20.319,22.274,0.000,1.103,0.000,0.000,0.000,27.067,2.222,0.000,20.894,46.501,33.992,6.675,1.219,6.675,0.000,18.144,4.048,11.005,0.000,0.000,2.024,0.000,0.000,0.000,0.000,2.214,0.000,0.000,0.029,0.000,4.986,0.000,0.000,0.000,0.000,0.705,0.000,0.015,0.000,1.305,3.317,0.683,0.001,2.268,6.237,0.000,0.771,1.082,0.000,0.000,9.957,0.000,0.000,0.000,1.335,0.000,0.000,0.000,0.000,2.159,0.001,0.000,0.000,0.000,0.000,0.000,0.000
5650.0,0,1.272,2.735,0.028,0.669,0.999,0.952,0.123,1.646,2.999,0.000,3.712,4.069,0.000,0.202,0.000,0.000,0.000,4.945,0.406,0.000,3.817,8.495,6.210,1.219,0.223,1.219,0.000,3.315,0.740,2.010,0.000,0.000,0.370,0.000,0.000,0.000,0.000,0.405,0.000,0.000,0.005,0.000,0.911,0.000,0.000,0.000,0.000,4.290,0.000,0.003,0.000,0.238,0.606,0.125,0.000,0.414,1.139,0.000,0.141,0.198,0.000,0.000,1.819,0.000,0.000,0.000,0.244,0.000,0.000,0.000,0.000,0.394,0.000,0.000,0.000,0.000,0.000,0.000,0.000
5658.0,0,0.257,0.552,0.006,0.135,0.202,0.192,0.025,0.332,0.606,0.000,0.749,0.822,0.000,0.041,0.000,0.000,0.000,0.998,0.082,0.000,0.771,1.715,1.254,0.246,0.045,0.246,0.000,0.669,0.149,0.406,0.000,0.000,0.075,0.000,0.000,0.000,0.000,0.082,0.000,0.000,0.001,0.000,0.184,0.000,0.000,0.000,0.000,0.866,0.000,0.001,0.000,0.048,0.122,0.025,0.000,0.084,0.230,0.000,0.028,0.040,0.000,0.000,0.367,0.000,0.000,0.000,0.049,0.000,0.000,0.000,0.000,0.080,0.000,0.000,0.000,0.000,0.000,0.000,0.000
5666.5,0,0.047,0.101,0.001,0.025,0.037,0.035,0.005,0.061,0.111,0.000,0.137,0.150,0.000,0.007,0.000,0.000,0.000,0.182,0.015,0.000,0.141,0.313,0.229,0.045,0.008,0.045,0.000,0.122,0.027,0.074,0.000,0.000,0.014,0.000,0.000,0.000,0.000,0.015,0.000,0.000,0.000,0.000,0.034,0.000,0.000,0.000,0.000,0.158,0.000,0.000,0.000,0.009,0.022,0.005,0.000,0.015,0.042,40.000,0.005,0.007,0.000,0.000,0.067,0.000,0.000,0.000,0.009,0.000,0.000,0.000,0.000,0.015,0.000,0.000,0.000,0.000,0.000,0.000,0.000
5675.0,0,0.009,0.018,0.000,148.168,163.753,0.006,0.001,0.011,0.020,0.000,0.025,0.027,0.000,0.001,0.000,0.000,0.000,0.033,0.003,0.000,0.026,0.057,0.042,0.008,0.002,0.008,0.000,0.022,0.005,0.014,0.000,0.000,0.002,0.000,0.000,0.000,0.000,0.003,0.000,0.000,0.000,0.000,0.006,0.000,0.000,0.000,0.000,0.029,0.000,24.694,0.000,0.002,0.004,0.001,0.000,0.003,0.008,7.307,0.001,0.001,0.000,0.000,0.012,0.000,0.000,0.000,0.002,0.000,0.000,0.000,0.000,0.003,0.000,0.000,0.000,0.000,0.000,0.000,0.000
5683.0,0,0.002,0.004,60.239,111.229,142.823,0.001,180.968,0.002,0.004,121.306,0.005,0.006,0.000,0.000,0.000,0.000,0.000,0.007,0.001,89.866,0.005,0.012,0.008,0.002,0.000,0.002,0.000,0.005,0.001,163.749,0.000,0.000,0.001,0.000,0.000,0.000,0.000,0.001,0.000,50.000,67.032,0.000,0.001,0.000,0.000,0.000,0.000,0.006,0.000,16.081,0.000,0.000,55.601,0.000,0.000,0.001,0.002,1.475,0.000,2.901,0.000,0.000,0.002,0.000,0.000,0.000,0.000,0.000,0.000,0.000,0.000,0.001,0.000,0.000,0.000,0.000,0.000,0.000,0.000
5691.5,0,0.000,0.001,11.005,20.320,26.092,0.000,33.060,0.000,40.380,22.161,0.001,0.001,0.000,0.000,0.000,0.000,0.000,0.001,0.000,61.043,0.001,0.002,0.002,0.000,0.000,0.000,0.000,0.001,0.000,29.914,44.626,12.415,0.000,0.000,0.000,10.812,0.000,0.000,0.000,20.291,39.499,0.000,0.000,0.000,0.000,0.000,0.000,0.001,0.000,2.938,0.000,0.000,10.157,0.000,0.000,0.000,0.000,0.270,0.000,6.987,0.000,0.000,0.000,0.000,0.000,0.000,0.000,0.000,0.000,0.000,0.000,0.000,0.000,0.000,0.000,0.000,0.000,5.480,0.000
5700.0,0,0.000,0.000,2.010,3.712,4.766,0.000,6.039,0.000,7.377,4.048,0.000,0.000,0.000,0.000,0.000,0.000,0.000,0.000,0.000,11.152,0.000,0.000,0.000,0.000,0.000,0.000,0.000,0.000,0.000,5.465,8.152,34.081,0.000,0.000,0.000,1.975,0.000,0.000,0.000,3.707,7.216,0.000,0.000,0.000,0.000,0.000,0.000,2.789,0.000,0.537,0.000,0.000,1.856,0.000,0.000,0.000,0.000,0.049,0.000,1.276,0.000,0.000,0.000,0.000,0.000,0.000,0.000,0.000,0.000,0.000,0.000,31.994,9.943,0.000,0.000,0.000,0.000,1.001,0.000
5708.0,0,0.000,0.000,0.406,0.749,200.962,0.000,1.219,0.000,1.489,0.817,0.000,0.000,0.000,0.000,0.000,0.000,0.000,0.000,0.000,2.251,0.000,0.000,0.000,0.000,0.000,0.000,0.000,0.000,0.000,1.103,1.646,6.881,0.000,0.000,0.000,0.399,0.000,11.096,0.000,0.748,1.457,0.000,0.000,0.000,0.000,0.000,0.000,8.942,0.000,0.108,0.000,0.000,0.375,0.000,0.000,0.000,0.000,0.010,0.000,0.258,0.000,0.000,0.000,0.000,0.000,0.000,0.000,0.000,0.000,0.000,0.000,31.910,2.007,0.000,0.000,0.000,0.000,0.202,0.000
5716.5,0,0.000,0.000,0.074,0.137,36.713,0.000,0.223,0.000,0.272,0.149,0.000,0.000,0.000,0.000,0.000,0.000,0.000,0.000,0.000,0.411,0.000,0.000,0.000,0.000,0.000,0.000,0.000,0.000,0.000,0.202,0.301,1.257,0.000,0.000,0.000,0.073,0.000,2.027,0.000,0.137,0.266,16.758,0.000,0.000,0.000,0.000,0.000,1.634,0.000,30.181,0.000,0.000,0.068,0.000,0.000,0.000,0.000,0.002,0.000,0.047,0.000,0.000,0.000,0.000,0.000,0.000,0.000,0.000,0.000,0.000,0.000,5.829,0.367,0.000,0.000,22.466,0.000,0.037,0.000
5725.0,0,0.000,0.000,0.014,40.404,6.707,0.000,0.041,0.000,0.050,0.027,0.000,0.000,0.000,0.000,0.000,0.000,0.000,0.000,0.000,73.651,0.000,0.000,0.000,0.000,0.000,0.000,0.000,0.000,0.000,0.037,0.055,0.230,0.000,0.000,0.000,0.013,0.000,0.370,0.000,0.025,0.049,3.061,0.000,0.000,0.000,0.000,0.000,0.298,0.000,5.514,0.000,0.000,44.945,0.000,0.000,0.000,0.000,0.000,0.000,0.009,0.000,0.000,0.000,0.000,0.000,0.000,0.000,0.000,0.000,0.000,0.000,1.065,0.067,0.000,0.000,4.104,0.000,0.007,8.220
5733.0,0,0.000,0.000,0.003,8.157,1.354,0.000,0.008,0.000,0.010,0.006,0.000,0.000,0.000,0.000,0.000,0.000,0.000,0.000,0.000,14.870,0.000,0.000,0.000,0.000,0.000,0.000,0.000,0.000,0.000,0.007,0.011,0.046,0.000,0.000,0.000,0.003,0.000,0.075,0.000,0.005,100.010,0.618,0.000,0.000,0.000,0.000,0.000,0.060,0.000,1.113,0.000,0.000,9.074,0.000,0.000,0.000,0.000,36.194,0.000,0.002,0.000,0.000,0.000,0.000,0.000,0.000,0.000,0.000,0.000,0.000,0.000,0.215,0.014,0.000,0.000,0.829,0.000,0.001,1.660
5741.5,0,0.000,0.000,0.000,1.490,0.247,0.000,0.002,0.000,0.002,0.001,0.000,0.000,0.000,0.000,0.000,0.000,0.000,0.000,0.000,2.716,0.000,0.000,0.000,0.000,0.000,0.000,0.000,0.000,0.000,0.001,0.002,0.008,0.000,0.000,0.000,0.000,0.000,0.014,0.000,0.001,18.270,0.113,0.000,0.000,0.000,0.000,0.000,0.011,0.000,0.203,0.000,0.000,1.658,0.000,0.000,0.000,0.000,6.612,0.000,0.000,0.000,0.000,0.000,0.000,0.000,0.000,0.000,0.000,0.000,0.000,0.000,0.039,0.002,0.000,0.000,0.151,0.000,0.000,0.303
5750.0,0,0.000,0.000,0.000,0.272,0.045,0.000,0.000,0.000,0.000,0.000,0.000,0.000,0.000,0.000,0.000,0.000,0.000,0.000,0.000,0.496,0.000,0.000,0.000,0.000,0.000,0.000,0.000,0.000,0.000,0.000,0.000,0.002,0.000,0.000,0.000,0.000,0.000,0.002,0.000,0.000,3.338,0.021,0.000,0.000,0.000,0.000,0.000,0.002,0.000,16.590,0.000,0.000,0.303,0.000,0.000,0.000,0.000,1.208,0.000,0.000,0.000,0.000,0.000,0.000,0.000,0.000,0.000,0.000,0.000,0.000,0.000,0.007,0.000,0.000,0.000,0.028,0.000,0.000,0.055
5758.0,0,0.000,0.000,99.317,213.121,197.492,0.000,0.000,0.000,0.000,180.968,0.000,0.000,0.000,0.000,0.000,0.000,0.000,0.000,0.000,200.100,0.000,121.306,0.000,0.000,0.000,0.000,0.000,0.000,0.000,134.064,0.000,0.000,0.000,0.000,0.000,0.000,0.000,0.001,0.000,0.000,0.674,0.004,0.000,0.000,0.000,0.000,0.000,0.000,0.000,19.902,0.000,0.000,0.061,0.000,0.000,0.000,0.000,0.244,0.000,0.000,0.000,0.000,0.000,0.000,0.000,0.000,0.000,0.000,0.000,0.000,0.000,0.001,0.000,0.000,0.000,0.006,0.000,0.000,0.011
5766.5,0,0.000,0.000,18.144,38.934,36.079,0.000,44.626,0.000,49.319,33.060,0.000,0.000,0.000,0.000,0.000,0.000,0.000,0.000,0.000,36.555,0.000,22.161,0.000,0.000,0.000,0.000,0.000,0.000,0.000,24.491,60.239,0.000,0.000,0.000,14.222,11.430,0.000,0.000,0.000,74.453,105.709,16.759,0.000,0.000,0.000,0.000,0.000,0.000,0.000,3.636,0.000,0.000,24.671,0.000,0.000,0.000,0.000,0.045,0.000,0.000,0.000,0.000,0.000,0.000,0.000,19.152,0.000,0.000,0.000,0.000,0.000,0.000,9.943,0.000,0.000,0.001,0.000,0.000,0.002
5775.0,0,0.000,81.314,3.315,7.113,6.591,0.000,8.152,0.000,9.010,6.039,0.000,0.000,0.000,0.000,0.000,0.000,0.000,0.000,0.000,6.678,0.000,4.048,0.000,0.000,0.000,0.000,0.000,0.000,0.000,4.474,11.005,0.000,0.000,0.000,2.598,2.088,0.000,0.000,0.000,13.601,19.311,3.062,0.000,0.000,0.000,0.000,0.000,0.000,0.000,0.664,0.000,0.000,4.507,0.000,0.000,0.000,0.000,0.008,0.000,0.000,0.000,0.000,0.000,0.000,0.000,3.499,0.000,0.000,0.000,0.000,0.000,0.000,1.816,0.000,0.000,20.329,0.000,4.958,8.220
5783.0,0,0.000,16.417,0.669,1.436,1.331,0.000,1.646,0.000,1.819,1.219,0.000,0.000,0.000,0.000,0.000,0.000,0.000,0.000,0.000,1.348,0.000,0.817,0.000,0.000,0.000,0.000,0.000,0.000,0.000,0.903,2.222,0.000,0.000,0.000,0.525,0.422,0.000,0.000,0.000,2.746,3.899,0.618,0.000,0.000,0.000,0.000,0.000,0.000,0.000,0.134,0.000,0.000,0.910,0.000,0.000,0.000,0.000,0.002,0.000,0.000,0.000,0.000,0.000,0.000,0.000,0.706,0.000,0.000,0.000,0.000,0.000,0.000,0.367,0.000,0.000,4.104,0.000,1.001,1.660
5791.5,0,0.000,2.999,0.122,0.262,0.243,0.000,0.301,0.000,0.332,0.223,0.000,0.000,0.000,0.000,0.000,0.000,0.000,0.000,0.000,0.246,0.000,0.149,0.000,0.000,0.000,0.000,0.000,0.000,0.000,0.165,0.406,0.000,0.000,0.000,0.096,0.077,0.000,0.000,0.000,0.502,0.712,0.113,0.000,0.000,0.000,0.000,0.000,0.000,0.000,0.024,0.000,0.000,0.166,0.000,0.000,0.000,0.000,0.000,8.131,0.000,0.000,0.000,0.000,0.000,0.000,0.129,0.000,0.000,0.000,0.000,0.000,0.000,0.067,0.000,0.000,0.750,0.000,0.183,0.303
5800.0,0,0.000,0.548,0.022,0.048,0.044,0.000,0.055,0.000,0.061,0.041,0.000,0.000,0.000,0.000,0.000,0.000,0.000,0.000,0.000,0.045,0.000,0.027,0.000,0.000,0.000,0.000,0.000,0.000,0.000,0.030,0.074,0.000,0.000,0.000,0.018,0.014,0.000,0.000,0.000,0.092,0.130,0.021,0.000,0.000,0.000,0.000,0.000,0.000,0.000,0.004,0.000,0.000,0.030,0.000,0.000,0.000,0.000,0.000,1.485,0.000,0.000,0.000,0.000,0.000,0.000,0.024,0.000,0.000,0.000,0.000,0.000,0.000,11.323,0.000,0.000,0.137,0.000,0.033,0.055
5808.0,0,0.000,60.349,0.005,0.010,0.009,0.000,0.011,0.000,0.012,0.008,0.000,0.000,0.000,0.000,0.000,0.000,0.000,0.000,0.000,0.009,0.000,0.006,0.000,0.000,0.000,0.000,0.000,0.000,0.000,0.006,0.015,0.000,0.000,0.000,0.004,0.003,0.000,0.000,0.000,0.019,0.026,0.004,0.000,0.000,0.000,0.000,0.000,0.000,0.000,0.001,0.000,0.000,0.006,0.000,0.000,0.000,0.000,32.749,0.300,8.187,0.000,0.000,0.000,0.000,0.000,0.005,0.000,0.000,0.000,0.000,0.000,0.000,2.286,0.000,0.000,0.028,0.000,0.007,0.011
5816.5,0,0.000,11.025,0.001,0.002,0.002,0.000,0.002,0.000,0.002,0.002,49.319,0.000,0.000,0.000,0.000,0.000,0.000,0.000,0.000,0.002,0.000,0.001,0.000,0.000,0.000,200.000,0.000,0.000,0.000,0.001,0.003,0.000,0.000,0.000,0.001,0.001,0.000,0.000,0.000,0.003,0.005,0.001,0.000,0.000,0.000,0.000,0.000,0.000,0.000,0.000,0.000,0.000,0.001,0.000,0.000,0.000,0.000,5.983,0.055,1.496,0.000,0.000,0.000,0.000,0.000,0.001,0.000,0.000,0.000,0.000,0.000,0.000,0.418,0.000,0.000,0.005,0.000,0.001,0.002
5825.0,0,200.000,2.014,0.000,0.000,0.000,148.164,0.000,0.000,0.000,0.000,9.010,0.000,0.000,0.000,0.000,0.000,0.000,0.000,0.000,0.000,0.000,0.000,0.000,161.685,0.000,36.537,0.000,0.000,0.000,0.000,0.000,0.000,0.000,0.000,0.000,0.000,0.000,0.000,0.000,0.001,0.001,0.000,0.000,0.000,0.000,0.000,0.000,0.000,0.000,0.000,0.000,0.000,0.000,0.000,0.000,0.000,33.287,1.093,0.010,12.038,0.000,0.000,0.000,0.000,0.000,0.000,17.973,0.000,0.000,0.000,0.000,6.657,0.076,0.000,190.484,0.001,0.000,0.000,0.000
5833.0,0,40.379,0.407,0.000,44.626,0.000,29.914,0.000,0.000,0.000,0.000,1.819,0.000,0.000,0.000,0.000,0.000,0.000,0.000,0.000,0.000,0.000,0.000,0.000,32.644,0.000,7.377,0.000,0.000,0.000,0.000,0.000,0.000,0.000,0.000,0.000,0.000,0.000,33.333,0.000,0.000,30.120,0.000,0.000,0.000,0.000,0.000,0.000,0.000,0.000,0.000,0.000,0.000,60.653,0.000,0.000,0.000,6.721,0.221,0.002,7.957,0.000,0.000,0.000,0.000,0.000,0.000,13.493,0.000,0.000,0.000,0.000,1.344,0.015,0.000,38.458,0.000,0.000,0.000,0.000
5841.5,0,56.696,0.074,49.319,8.152,154.388,65.704,163.746,197.483,148.164,0.000,0.332,134.064,0.000,0.000,0.000,0.000,0.000,0.000,0.000,60.239,0.000,109.762,188.570,5.963,0.000,1.348,0.000,89.866,0.000,89.866,0.000,0.000,0.000,0.000,0.000,0.000,0.000,18.352,0.000,0.000,35.622,0.000,0.000,0.000,0.000,0.000,0.000,0.000,0.000,8.220,0.000,0.000,31.270,0.000,0.000,0.000,1.228,0.040,0.000,1.454,0.000,0.000,0.000,0.000,0.000,0.000,2.465,14.188,0.000,0.000,0.000,0.246,6.863,0.000,7.026,0.000,0.000,0.000,7.438
5850.0,0,10.357,0.014,9.010,1.489,28.204,12.003,29.914,36.077,27.067,0.000,0.061,24.491,0.000,0.000,0.000,0.000,0.000,0.000,0.000,11.005,0.000,20.052,34.449,1.089,0.000,0.246,0.000,16.417,0.000,16.417,0.000,0.000,0.000,0.000,0.000,0.000,0.000,15.615,0.000,0.000,6.508,0.000,0.000,7.530,0.000,0.000,0.000,0.000,0.000,1.502,0.000,0.000,5.713,0.000,0.000,0.000,37.012,0.007,0.000,0.266,0.000,0.000,0.000,0.000,0.000,0.000,0.450,2.592,0.000,0.000,0.000,0.045,1.254,0.000,1.283,36.093,0.000,0.000,16.336
5858.0,0,2.091,0.003,1.819,0.301,5.694,2.423,6.039,7.284,5.465,0.000,0.012,4.945,0.000,0.000,0.000,0.000,0.000,0.000,0.000,2.222,0.000,4.048,6.955,0.220,0.000,0.050,0.000,3.315,0.000,3.315,0.000,0.000,0.000,0.000,0.000,0.000,0.000,3.153,0.000,0.000,1.314,0.000,0.000,1.520,0.000,0.000,0.000,0.000,0.000,0.303,0.000,0.000,1.153,0.000,0.000,0.000,7.473,0.001,0.000,0.054,0.000,0.000,0.000,0.000,0.000,0.000,0.091,0.523,0.000,0.000,0.000,0.009,0.253,0.000,0.259,7.287,0.000,0.000,18.276
5866.5,0,66.956,73.576,0.332,0.055,1.040,121.749,1.103,1.331,0.998,0.000,0.002,0.903,0.000,0.000,0.000,0.000,0.000,0.000,0.000,0.406,0.000,0.740,135.335,0.040,0.000,0.009,0.000,0.606,0.000,0.606,0.000,0.000,0.000,0.000,0.000,0.000,0.000,15.554,0.000,0.000,0.240,0.000,0.000,0.278,0.000,0.000,0.000,0.000,0.000,0.055,0.000,0.000,0.211,0.000,0.000,0.000,1.365,0.000,0.000,0.010,0.000,0.000,0.000,0.000,0.000,0.000,0.017,0.096,0.000,0.000,0.000,0.002,0.046,0.000,0.047,1.331,0.000,0.000,3.339
5875.0,0,12.232,13.441,0.061,0.010,0.190,22.242,0.202,0.243,0.182,0.000,0.000,0.165,0.000,0.000,0.000,0.000,0.000,0.000,0.000,0.074,73.576,0.135,24.723,0.007,0.000,0.002,0.000,0.111,0.000,0.111,0.000,0.000,0.000,0.000,0.000,0.000,0.000,2.841,0.000,0.000,0.044,0.000,0.000,0.051,0.000,0.000,0.000,0.000,0.000,0.010,0.000,0.000,70.114,16.758,0.000,0.000,0.249,0.000,0.000,5.528,0.000,100.000,134.064,0.000,0.000,0.000,14.718,0.017,0.000,0.000,0.000,0.000,0.008,0.000,0.009,0.243,0.000,0.000,0.610
5883.0,0,2.470,2.714,0.012,0.002,73.614,4.490,0.041,0.049,0.037,0.000,0.000,0.033,0.000,0.000,0.000,0.000,0.000,0.000,0.000,0.015,14.855,163.773,4.992,0.001,0.000,0.000,0.000,0.022,0.000,0.022,0.000,0.000,0.000,0.000,0.000,0.000,0.000,0.574,0.000,0.000,0.009,0.000,0.000,0.010,0.000,0.000,0.000,5.617,0.000,0.002,0.000,16.644,14.156,3.383,0.000,0.000,0.050,0.000,0.000,1.116,0.000,20.190,27.067,0.000,0.000,0.000,2.972,0.004,0.000,0.000,0.000,0.000,0.002,0.000,0.002,0.049,0.000,7.397,0.123
5891.5,0,0.451,0.496,0.002,0.000,13.448,0.820,0.007,0.009,0.007,0.000,0.000,0.006,0.000,0.000,0.000,0.000,0.000,0.000,0.000,0.003,2.714,29.919,0.912,0.000,0.000,0.000,0.000,0.004,0.000,0.004,0.000,0.000,0.000,0.000,0.000,0.000,0.000,0.105,0.000,0.000,0.002,0.000,0.000,0.002,0.000,0.000,0.000,1.026,0.000,0.000,0.000,3.041,2.586,0.618,0.000,0.000,0.009,0.000,0.000,0.204,0.000,3.688,4.945,0.000,0.000,0.000,0.543,0.001,0.000,0.000,0.000,0.000,0.000,0.000,0.000,0.009,0.000,1.351,0.022
5900.0,0,0.082,0.091,0.000,0.000,2.457,0.150,0.001,0.002,0.001,0.000,0.000,0.001,0.000,0.000,0.000,0.000,0.000,0.000,0.000,0.000,0.496,5.466,0.167,0.000,0.000,0.000,0.000,0.001,0.000,0.001,0.000,0.000,0.000,0.000,0.000,0.000,0.000,0.019,0.000,0.000,0.000,0.000,0.000,0.000,0.000,0.000,0.000,0.187,0.000,0.000,0.000,0.555,0.472,0.113,0.000,0.000,0.002,0.000,0.000,0.037,0.000,0.674,0.903,0.000,0.000,0.000,0.099,0.000,0.000,0.000,0.000,0.000,0.000,0.000,0.000,0.002,0.000,0.247,0.004
5908.0,0,0.017,0.018,0.000,0.000,0.496,0.030,0.000,0.000,0.000,0.000,0.000,0.000,0.000,0.000,0.000,0.000,0.000,0.000,0.000,0.000,0.100,1.103,0.034,0.000,0.000,0.000,0.000,0.000,0.000,0.000,0.000,0.000,0.000,0.000,0.000,0.000,0.000,0.004,0.000,0.000,0.000,0.000,0.000,0.000,0.000,0.000,0.000,0.038,0.000,0.000,0.000,0.112,0.095,0.023,0.000,0.000,0.000,0.000,0.000,0.008,0.000,0.136,0.182,0.000,0.000,0.000,0.020,0.000,0.000,0.000,0.000,0.000,0.000,0.000,0.000,0.000,0.000,0.050,0.001
5916.5,0,0.003,0.003,0.000,0.000,0.091,0.006,0.000,0.000,0.000,0.000,0.000,0.000,0.000,0.000,0.000,0.000,0.000,0.000,0.000,0.000,0.018,0.202,0.006,0.000,0.000,0.000,0.000,0.000,0.000,0.000,0.000,0.000,0.000,0.000,0.000,0.000,0.000,0.001,0.000,0.000,0.000,0.000,0.000,0.000,0.000,0.000,0.000,0.007,0.000,0.000,0.000,0.020,0.017,0.004,0.000,0.000,0.000,0.000,0.000,0.001,0.000,0.025,0.033,0.000,0.000,0.000,0.004,0.000,0.000,0.000,0.000,0.000,0.000,0.000,0.000,0.000,0.000,0.009,0.000
5925.0,0,89.866,180.968,0.000,73.576,0.017,0.001,0.000,0.000,0.000,0.000,0.000,0.000,0.000,0.000,0.000,0.000,0.000,0.000,0.000,134.064,0.003,0.037,0.001,0.000,0.000,0.000,0.000,0.000,0.000,0.000,0.000,0.000,0.000,0.000,0.000,0.000,0.000,33.333,0.000,0.000,100.000,0.000,0.000,0.000,0.000,0.000,0.000,0.001,0.000,10.040,0.000,0.004,54.884,0.001,0.000,0.000,0.000,0.000,0.000,0.000,0.000,0.005,0.006,0.000,0.000,0.000,0.001,0.000,0.000,0.000,0.000,0.000,0.000,0.000,0.000,0.000,0.000,0.002,22.344
5933.0,0,72.650,157.843,163.746,14.855,81.317,44.626,0.000,188.570,0.000,0.000,180.967,148.164,0.000,0.000,0.000,0.000,121.306,0.000,0.000,27.067,121.307,0.007,89.866,109.762,0.000,134.064,0.000,60.239,0.000,0.000,0.000,0.000,0.000,0.000,0.000,0.000,0.000,23.283,0.000,0.000,42.503,0.000,0.000,15.163,0.000,0.000,0.000,0.000,0.000,2.027,0.000,0.001,11.081,0.000,0.000,0.000,49.659,0.000,0.000,11.128,0.000,0.001,0.001,0.000,0.000,0.000,0.000,0.000,0.000,0.000,0.000,0.000,0.000,0.000,0.000,12.330,0.000,0.000,4.511
5941.5,0,13.272,28.835,29.914,2.714,14.855,8.152,89.866,34.449,0.000,0.000,33.060,27.067,0.000,0.000,0.000,0.000,22.161,0.000,0.000,4.945,22.161,0.001,16.417,20.052,134.064,24.491,0.000,11.005,81.314,0.000,0.000,0.000,0.000,0.000,0.000,0.000,0.000,26.597,0.000,0.000,7.765,0.000,14.978,17.014,0.000,12.048,0.000,0.000,0.000,0.370,0.000,0.000,2.024,13.720,0.000,9.197,9.072,0.000,0.000,22.513,0.000,44.933,109.763,0.000,0.000,0.000,0.000,0.000,0.000,0.000,0.000,0.000,0.000,0.000,0.000,2.252,0.000,0.000,0.824
5950.0,0,2.425,186.235,5.465,0.496,2.714,1.489,16.417,6.293,0.000,0.000,6.039,4.945,0.000,0.000,0.000,0.000,4.048,0.000,0.000,0.903,4.048,0.000,2.999,3.663,24.491,4.474,0.000,2.010,14.855,0.000,0.000,0.000,0.000,0.000,0.000,0.000,0.000,4.859,0.000,0.000,1.418,0.000,2.736,3.108,0.000,2.201,0.000,12.500,0.000,0.068,0.000,0.000,0.370,2.506,0.000,1.680,1.657,0.000,0.000,4.113,0.000,48.866,20.052,0.000,0.000,0.000,0.000,0.000,0.000,0.000,0.000,0.000,0.000,0.000,0.000,0.411,0.000,0.000,0.151
5958.0,0,0.490,37.600,1.103,0.100,0.548,0.301,3.315,1.271,0.000,0.000,1.219,0.998,0.000,0.000,0.000,0.000,0.817,0.000,0.000,0.182,0.817,0.000,0.606,0.740,4.945,0.903,0.000,0.406,2.999,0.000,0.000,0.000,0.000,0.000,0.000,0.000,0.000,0.981,0.000,0.000,0.286,0.000,0.552,0.628,0.000,0.444,0.000,2.524,0.000,0.014,0.000,0.000,0.075,0.506,0.000,0.339,0.335,0.000,0.000,0.830,0.000,9.866,4.048,0.000,0.000,0.000,0.000,0.000,0.000,0.000,0.000,0.000,0.000,0.000,0.000,0.083,0.000,0.000,0.030
5966.5,0,0.089,6.869,0.202,0.018,0.100,0.055,0.606,0.232,0.000,0.000,0.223,0.182,0.000,0.000,0.000,0.000,0.149,0.000,0.000,0.033,0.149,0.000,0.111,0.135,0.903,0.165,0.000,0.074,0.548,0.000,0.000,0.000,0.000,0.000,0.000,0.000,0.000,0.179,0.000,0.000,0.052,0.000,0.101,0.115,0.000,0.081,0.000,0.461,0.000,0.002,0.000,0.000,0.014,0.092,0.000,0.062,0.061,0.000,0.000,0.152,0.000,1.802,0.740,0.000,0.000,0.000,0.000,0.000,0.000,0.000,0.000,0.000,0.000,0.000,0.000,0.015,0.000,0.000,0.006
5975.0,0,200.016,1.255,0.037,0.003,0.018,0.010,0.111,0.042,0.000,0.000,0.041,0.033,0.000,0.000,0.000,0.000,0.027,0.000,0.000,0.006,0.027,0.000,0.020,0.025,0.165,0.030,0.000,0.014,0.100,0.000,0.000,0.000,0.000,0.000,0.000,0.000,0.000,0.033,0.000,0.000,0.010,0.000,0.018,7.551,0.000,0.015,0.000,0.084,0.000,27.291,0.000,0.000,42.505,0.017,12.263,0.011,0.011,0.000,0.000,11.792,0.000,0.329,0.135,0.000,0.000,0.000,0.000,0.000,0.000,0.000,0.000,0.000,0.000,0.000,0.000,0.003,0.000,0.000,0.001
5983.0,0,40.383,200.253,163.754,81.315,0.004,0.002,0.022,0.009,0.000,0.000,0.008,0.007,0.000,0.000,0.000,0.000,0.006,0.000,0.000,0.001,0.006,0.000,0.004,0.005,0.033,0.006,0.000,0.003,0.020,0.000,0.000,0.000,0.000,0.000,0.000,0.000,0.000,31.435,0.000,0.000,123.742,0.000,0.004,1.524,0.000,0.003,0.000,0.017,0.000,5.510,0.000,27.441,108.582,0.003,2.476,0.002,81.875,0.000,0.000,14.146,0.000,0.066,0.027,0.000,0.000,0.000,0.000,0.000,0.000,0.000,0.000,0.000,0.000,0.000,0.000,0.001,0.000,0.000,0.000
5991.5,0,47.757,146.345,29.915,64.174,54.507,0.000,99.321,192.791,0.000,89.866,134.066,0.001,0.000,180.967,0.000,0.000,0.001,0.000,121.306,99.317,0.001,148.164,161.686,109.763,0.006,0.001,0.000,73.576,0.004,0.000,0.000,0.000,0.000,0.000,0.000,0.000,0.000,18.005,0.000,0.000,22.606,0.000,27.292,0.278,0.000,0.001,0.000,0.003,0.000,25.701,0.000,5.013,19.836,0.001,0.452,18.521,14.957,0.000,0.000,13.371,0.000,0.012,0.005,0.000,0.000,0.000,9.864,0.000,0.000,0.000,0.000,0.000,0.000,0.000,0.000,0.000,0.000,0.000,0.000
6000.0,0,8.724,26.735,5.465,11.724,9.958,0.000,18.144,35.220,0.000,16.417,24.492,0.000,0.000,33.060,0.000,0.000,0.000,0.000,22.161,18.144,0.000,27.067,29.537,20.052,0.001,0.000,0.000,13.441,0.001,0.000,0.000,0.000,0.000,0.000,0.000,0.000,0.000,3.289,0.000,0.000,4.130,0.000,4.986,0.051,0.000,0.000,0.000,0.001,0.000,4.695,0.000,0.916,3.624,0.000,0.083,15.127,2.732,0.000,0.000,2.443,0.000,67.034,73.577,0.000,0.000,12.750,1.802,0.000,0.000,0.000,0.000,0.000,0.000,0.000,0.000,0.000,0.000,0.000,0.000
