t_ms,x,z,yaw,speed,turn,airborne,feeding,hunger,opto_p9,proboscis,per_rostrum,per_haustellum,labellum_spread,pumping,:unannotated_L,ascending:AN_L,ascending:AN_R,central:ALIN_L,central:ALIN_R,central:ALLN_L,central:ALLN_R,central:ALON_L,central:ALON_R,central:ALPN_L,central:ALPN_R,central:CX_L,central:CX_R,central:DAN_L,central:DAN_R,central:Kenyon_Cell_L,central:Kenyon_Cell_R,central:LHCENT_L,central:LHCENT_R,central:LHLN_L,central:LHLN_R,central:MBIN_L,central:MBIN_R,central:MBON_L,central:MBON_R,central:TPN_L,central:TPN_R,central:TuBu_L,central:TuBu_R,central:central_L,central:central_R,central:mAL_L,central:mAL_R,descending:descending_L,descending:descending_R,descending:ocellar_L,descending:ocellar_R,endocrine:endocrine_L,endocrine:endocrine_R,endocrine:pars_intercerebralis_L,endocrine:pars_intercerebralis_R,endocrine:pars_lateralis_L,endocrine:pars_lateralis_R,motor:brain_motor_neuron_L,motor:brain_motor_neuron_R,motor:motor_L,motor:motor_R,motor:neck_motor_neuron_R,optic:LA>ME_L,optic:LA>ME_R,optic:LA_L,optic:LA_R,optic:LO.LOP_L,optic:LO.LOP_R,optic:LO>LOP_L,optic:LO>LOP_R,optic:LO>ME_L,optic:LO>ME_R,optic:LOP>LO.ME_L,optic:LOP>LO.ME_R,optic:LOP>LO_L,optic:LOP>LO_R,optic:LOP>ME.LO_L,optic:LOP>ME.LO_R,optic:LOP>ME_L,optic:LOP>ME_R,optic:LOP_L,optic:LOP_R,optic:LO_L,optic:LO_R,optic:ME.LO.LOP_L,optic:ME.LO.LOP_R,optic:ME.LOP_L,optic:ME.LOP_R,optic:ME.LO_L,optic:ME.LO_R,optic:ME>LA_L,optic:ME>LA_R,optic:ME>LO.LOP_L,optic:ME>LO.LOP_R,optic:ME>LOP.LO_L,optic:ME>LOP.LO_R,optic:ME>LOP_L,optic:ME>LO_L,optic:ME>LO_R,optic:ME_L,optic:ME_R,optic:bilateral_L,optic:bilateral_R,optic:ocellar_L,optic:ocellar_R,optic:optic_L,optic:optic_R,optic:optic_lobes_L,optic:optic_lobes_R,sensory:gustatory_L,sensory:gustatory_R,sensory:hygrosensory_L,sensory:hygrosensory_R,sensory:mechanosensory_L,sensory:mechanosensory_R,sensory:olfactory_L,sensory:olfactory_R,sensory:optic_lobes_L,sensory:sensory_L,sensory:thermosensory_L,sensory:thermosensory_R,sensory:unknown_sensory_L,sensory:unknown_sensory_R,sensory:visual_L,sensory:visual_R,sensory_ascending:AN_L,sensory_ascending:AN_R,sensory_ascending:gustatory_L,sensory_ascending:gustatory_R,sensory_ascending:unknown_sensory_L,sensory_ascending:unknown_sensory_R,type:APL_L,type:APL_R,type:CEM_L,type:CEM_R,type:DNa02_L,type:DNa02_R,type:DNp01_L,type:DNp01_R,type:DNp02_L,type:DNp02_R,type:DNp09_L,type:DNp09_R,type:DNp11_L,type:DNp11_R,type:EPG_L,type:EPG_R,type:L1_L,type:L1_R,type:L2_L,type:L2_R,type:L3_L,type:L3_R,type:L4_L,type:L4_R,type:L5_L,type:L5_R,type:LC4_L,type:LC4_R,type:LC6_L,type:LC6_R,type:LPLC1_L,type:LPLC1_R,type:LPLC2_L,type:LPLC2_R,type:MDN_L,type:MDN_R,type:MN10_L,type:MN10_R,type:MN11D_L,type:MN11D_R,type:MN11V_L,type:MN11V_R,type:MN12D_L,type:MN12D_R,type:MN13_L,type:MN13_R,type:MN1_L,type:MN1_R,type:MN2Da_L,type:MN2Da_R,type:MN2Db_L,type:MN2Db_R,type:MN2V_L,type:MN2V_R,type:MN3L_L,type:MN3L_R,type:MN3M_L,type:MN3M_R,type:MN4a_L,type:MN4a_R,type:MN4b_L,type:MN4b_R,type:MN5_L,type:MN5_R,type:MN6_L,type:MN6_R,type:MN7_L,type:MN7_R,type:MN8_L,type:MN8_R,type:MN9_L,type:MN9_R,type:MNx01_R,type:MNx02_L,type:MNx02_R,type:MNx03_L,type:MNx03_R,type:MNx04_L,type:MNx04_R,type:MNx05_L,type:MNx05_R,type:Mi1_L,type:Mi1_R,type:R1-6_L,type:R1-6_R,type:R7_L,type:R7_R,type:R8_L,type:R8_R,type:T4a_L,type:T4a_R,type:T4b_L,type:T4b_R,type:T4c_L,type:T4c_R,type:T4d_L,type:T4d_R,type:T5a_L,type:T5a_R,type:T5b_L,type:T5b_R,type:T5c_L,type:T5c_R,type:T5d_L,type:T5d_R,type:Tm1_L,type:Tm1_R,type:Tm2_L,type:Tm2_R,type:Tm3_L,type:Tm3_R,type:Tm9_L,type:Tm9_R,visual_centrifugal:ocellar_L,visual_centrifugal:ocellar_R,visual_centrifugal:visual_centrifugal_L,visual_centrifugal:visual_centrifugal_R,visual_projection:bilateral_L,visual_projection:bilateral_R,visual_projection:ocellar_L,visual_projection:ocellar_R,visual_projection:visual_projection_L,visual_projection:visual_projection_R,vnc:abdomen_motor_neuron_L,vnc:abdomen_motor_neuron_R,vnc:ascending_neuron_L,vnc:ascending_neuron_R,vnc:bristle_neuron_L,vnc:bristle_neuron_R,vnc:campaniform_sensillum_neuron_L,vnc:campaniform_sensillum_neuron_R,vnc:central_complex_output_neuron_L,vnc:central_complex_output_neuron_R,vnc:chordotonal_organ_neuron_L,vnc:chordotonal_organ_neuron_R,vnc:hair_plate_neuron_L,vnc:hair_plate_neuron_R,vnc:haltere_motor_neuron_L,vnc:haltere_motor_neuron_R,vnc:hind_leg_motor_neuron_L,vnc:leg_motor_neuron_front_leg_L,vnc:leg_motor_neuron_front_leg_R,vnc:leg_motor_neuron_hind_leg_L,vnc:leg_motor_neuron_hind_leg_R,vnc:leg_motor_neuron_middle_leg_L,vnc:leg_motor_neuron_middle_leg_R,vnc:multidendritic_neuron_L,vnc:multidendritic_neuron_R,vnc:neck_motor_neuron_L,vnc:neck_motor_neuron_R,vnc:orphan_neuron_L,vnc:orphan_neuron_R,vnc:oxygenation_neuron_L,vnc:oxygenation_neuron_R,vnc:reproductive_tract_sensory_neuron_L,vnc:reproductive_tract_sensory_neuron_R,vnc:sequential_leg_neuromeres_L,vnc:sequential_leg_neuromeres_R,vnc:single_leg_neuromere_L,vnc:single_leg_neuromere_R,vnc:strand_neuron_L,vnc:taste_bristle_gustatory_neuron_L,vnc:taste_bristle_gustatory_neuron_R,vnc:taste_bristle_neuron_L,vnc:taste_bristle_neuron_R,vnc:taste_bristle_tactile_neuron_L,vnc:taste_bristle_tactile_neuron_R,vnc:thoracic_abdominal_segmental_motor_neuron_L,vnc:thoracic_abdominal_segmental_motor_neuron_R,vnc:thoracic_abdominal_segmental_sensory_neuron_L,vnc:thoracic_abdominal_segmental_sensory_neuron_R,vnc:unknown_L,vnc:unknown_R,vnc:unknown_motor_neuron_L,vnc:unknown_motor_neuron_R,vnc:unknown_thoracic_abdominal_motor_neuron_L,vnc:unknown_thoracic_abdominal_motor_neuron_R,vnc:uterus_motor_neuron_L,vnc:uterus_motor_neuron_R,vnc:ventral_nerve_cord_centrifugal_L,vnc:ventral_nerve_cord_centrifugal_R,vnc:ventral_nerve_cord_centripetal_L,vnc:ventral_nerve_cord_centripetal_R,vnc:ventral_nerve_cord_dorsal_L,vnc:ventral_nerve_cord_dorsal_R,vnc:ventral_nerve_cord_neurosecretory_cell_L,vnc:ventral_nerve_cord_neurosecretory_cell_R,vnc:ventral_nerve_cord_serially_convergent_L,vnc:ventral_nerve_cord_serially_convergent_R,vnc:wing_motor_neuron_L,vnc:wing_motor_neuron_R,vnc_type:DLM1-4_L,vnc_type:DLM1-4_R,vnc_type:DLM5_L,vnc_type:DLM5_R,vnc_type:PSI_L,vnc_type:PSI_R,vnc_type:TTMn_L,vnc_type:TTMn_R,vnc_type:tergotrochanter_L,vnc_type:tergotrochanter_R
121.5,-2.000,7.000,0.000,0.000,0.000,0,0,0.801,0,0.000,0.000,0.000,0.000,0.000,2.42,1.42,1.06,2.82,2.82,76.11,77.35,9.69,9.69,23.36,28.68,1.08,0.84,5.51,6.99,2.81,4.12,24.21,19.37,14.36,15.84,0.00,67.80,11.30,23.31,0.00,0.00,1.36,3.62,2.34,2.16,1.78,3.48,1.42,1.70,0.00,0.00,0.00,0.00,0.00,1.61,0.00,0.00,1.69,5.35,0.00,0.00,0.00,0.00,0.00,0.00,0.00,0.00,0.00,0.00,0.00,0.00,0.00,0.00,0.00,0.00,0.00,0.00,0.00,0.00,0.00,0.00,0.00,0.00,0.00,0.00,0.00,0.00,0.00,0.00,0.00,0.00,0.00,0.00,0.00,0.00,0.00,0.00,0.00,0.00,0.00,0.00,0.00,0.00,0.00,0.00,0.00,0.00,0.00,0.00,2.21,1.22,0.00,3.87,5.27,5.12,28.72,28.75,0.00,0.00,2.61,0.00,2.30,1.72,0.00,0.00,1.41,1.35,0.92,0.00,0.00,0.00,0.00,33.90,0.00,0.00,0.00,0.00,0.00,0.00,0.00,0.00,0.00,0.00,0.00,0.00,2.82,0.00,0.00,0.00,0.00,0.00,0.00,0.00,0.00,0.00,0.00,0.00,0.00,0.00,0.00,0.00,0.00,0.00,0.00,0.00,0.00,0.00,0.00,0.00,0.00,0.00,0.00,0.00,0.00,0.00,0.00,0.00,0.00,16.95,0.00,0.00,0.00,0.00,0.00,0.00,0.00,0.00,0.00,0.00,0.00,0.00,0.00,0.00,0.00,0.00,0.00,0.00,0.00,0.00,0.00,0.00,0.00,0.00,0.00,0.00,0.00,0.00,0.00,0.00,33.90,0.00,0.00,0.00,0.00,0.00,0.00,0.00,0.00,0.00,0.00,0.00,0.00,0.00,0.00,0.00,0.00,0.00,0.00,0.00,0.00,0.00,0.00,0.00,0.00,0.00,0.00,0.00,0.00,0.00,0.00,0.00,0.00,0.00,0.00,0.00,0.00,0.67,0.41,0.00,0.00,0.00,0.00,0.03,0.01,1.81,2.10,1.68,2.12,5.04,5.28,6.36,5.39,0.00,0.00,5.23,4.93,4.38,6.31,0.00,0.00,0.00,0.52,0.00,0.00,0.00,0.00,0.00,0.40,0.72,0.00,0.00,0.70,1.80,0.00,9.69,5.65,3.63,0.54,0.56,1.06,1.51,0.00,1.36,1.15,0.00,0.00,5.48,2.26,0.00,0.00,3.77,3.39,1.29,1.38,0.00,0.00,0.00,0.00,0.00,0.00,1.26,6.52,2.05,1.31,3.19,4.59,2.78,2.39,1.46,1.78,11.73,9.13,16.95,8.47,0.00,0.00,0.00,0.00,0.00,0.00,0.00,0.00
250.5,-2.000,7.000,0.000,0.000,0.000,0,0,0.801,0,0.000,0.000,0.000,0.000,0.000,0.00,1.03,1.23,2.49,0.00,71.03,73.86,12.79,0.00,18.03,23.52,1.06,1.16,3.78,3.26,1.20,1.48,21.32,14.21,9.60,11.53,0.00,0.00,9.33,10.57,0.00,0.00,0.80,0.80,1.86,1.98,1.57,0.00,2.78,2.76,0.00,0.00,0.00,0.00,1.42,2.84,0.00,0.00,5.97,1.57,0.00,0.00,0.00,0.00,0.00,0.00,0.00,0.00,0.00,0.00,0.00,0.00,0.00,0.00,0.00,0.00,0.00,0.00,0.00,0.00,0.00,0.00,0.00,0.00,0.00,0.00,0.00,0.00,0.00,0.00,0.00,0.00,0.00,0.00,0.00,0.00,0.00,0.00,0.00,0.00,0.00,0.00,0.00,0.00,0.00,0.00,0.00,0.00,0.00,0.00,1.24,1.25,0.77,0.00,3.02,3.63,22.17,20.79,0.00,0.00,0.00,1.87,1.01,1.52,0.00,0.00,1.55,1.09,0.81,0.81,0.00,3.73,0.00,0.00,0.00,9.95,0.00,0.00,0.00,0.00,0.00,0.00,0.00,29.85,0.00,0.00,1.24,3.89,0.00,0.00,0.00,0.00,0.00,0.00,0.00,0.00,0.00,0.00,0.00,0.00,0.00,0.00,0.00,0.00,0.00,0.00,0.00,0.00,0.00,0.00,0.00,0.00,0.00,0.00,0.00,0.00,0.00,0.00,29.85,14.93,0.00,0.00,0.00,0.00,29.85,0.00,0.00,0.00,29.85,0.00,0.00,0.00,0.00,0.00,0.00,0.00,0.00,0.00,0.00,0.00,0.00,0.00,0.00,0.00,0.00,0.00,0.00,0.00,0.00,29.85,0.00,0.00,0.00,0.00,0.00,0.00,0.00,0.00,0.00,0.00,0.00,0.00,0.00,0.00,0.00,0.00,0.00,0.00,0.00,0.00,0.00,0.00,0.00,0.00,0.00,0.00,0.00,0.00,0.00,0.00,0.00,0.00,0.00,0.00,0.00,0.00,0.00,0.47,0.12,0.00,0.00,0.00,0.00,0.01,0.02,1.59,1.23,2.08,2.13,3.43,3.42,4.02,4.34,4.98,0.00,3.98,4.14,4.47,2.78,0.00,0.00,0.00,0.92,0.45,0.00,0.00,0.00,0.00,1.42,0.00,6.89,0.00,2.15,0.79,4.26,0.00,9.95,0.00,0.95,0.98,1.10,1.25,0.00,1.51,1.63,0.00,0.00,4.83,3.32,3.73,0.00,3.32,0.00,1.40,1.30,0.00,0.00,0.00,0.00,0.00,0.00,2.21,3.44,0.45,1.62,1.40,1.87,2.45,1.05,1.80,1.31,2.30,1.15,22.39,29.85,29.85,0.00,0.00,0.00,0.00,0.00,0.00,0.00
350.5,-2.000,7.000,0.000,0.000,0.000,0,0,0.801,0,0.000,0.000,0.000,0.000,0.000,0.00,1.00,0.83,2.49,0.00,66.47,71.05,4.26,4.26,18.03,22.13,1.06,0.93,2.16,2.71,0.53,0.76,28.43,18.48,7.49,10.26,0.00,0.00,4.98,3.11,0.00,0.00,0.80,1.59,1.76,1.96,1.57,0.00,1.39,1.73,0.00,0.00,0.00,0.00,0.00,0.00,2.30,0.00,1.49,0.00,0.00,0.00,0.00,0.00,0.00,0.00,0.00,0.00,0.00,0.00,0.00,0.00,0.00,0.00,0.00,0.00,0.00,0.00,0.00,0.00,0.00,0.00,0.00,0.00,0.00,0.00,0.00,0.00,0.00,0.00,0.00,0.00,0.00,0.00,0.00,0.00,0.00,0.00,0.00,0.00,0.00,0.00,0.00,0.00,0.00,0.00,0.00,0.00,0.00,0.00,0.53,0.54,0.00,0.85,3.53,3.56,20.16,19.71,0.00,14.93,2.30,3.73,0.51,1.01,0.00,0.00,0.46,0.99,0.81,1.61,0.00,0.00,0.00,0.00,0.00,0.00,0.00,0.00,0.00,0.00,0.00,0.00,0.00,29.85,29.85,0.00,0.00,0.00,0.00,0.00,0.00,0.00,0.00,0.00,0.00,0.00,0.00,0.00,0.00,0.00,0.00,0.00,0.00,0.00,0.00,0.00,0.00,0.00,0.00,0.00,0.00,0.00,0.00,0.00,0.00,0.00,0.00,0.00,0.00,0.00,0.00,0.00,0.00,0.00,0.00,0.00,0.00,0.00,0.00,0.00,0.00,0.00,0.00,0.00,0.00,0.00,0.00,0.00,0.00,0.00,0.00,0.00,0.00,0.00,0.00,0.00,0.00,0.00,0.00,0.00,0.00,0.00,0.00,0.00,0.00,0.00,0.00,0.00,0.00,0.00,0.00,0.00,0.00,0.00,0.00,0.00,0.00,0.00,0.00,0.00,0.00,0.00,0.00,0.00,0.00,0.00,0.00,0.00,0.00,0.00,0.00,0.00,0.00,0.00,0.00,0.00,0.00,0.24,0.00,0.00,0.00,0.00,0.00,0.02,0.02,0.40,0.31,1.38,1.19,3.13,3.27,3.66,2.85,0.00,4.98,3.60,3.80,4.06,2.60,0.00,0.00,0.00,0.46,0.45,0.50,1.00,0.00,1.99,0.36,1.89,0.00,0.00,1.23,1.32,0.00,0.00,0.00,2.13,0.95,0.00,1.14,0.89,14.93,1.14,1.18,0.00,0.00,3.95,1.99,0.00,0.00,0.00,0.00,1.04,1.08,0.00,0.00,0.00,0.00,0.00,0.00,3.32,4.59,1.58,1.85,1.05,1.55,0.49,0.35,1.29,0.79,0.00,0.00,0.00,0.00,0.00,0.00,0.00,0.00,0.00,0.00,0.00,0.00
450.5,-2.000,7.000,0.000,0.000,0.000,0,0,0.802,0,0.000,0.000,0.000,0.000,0.000,0.00,1.42,1.16,0.00,0.00,68.68,70.63,4.26,4.26,16.46,20.57,0.87,0.76,1.80,2.71,0.52,0.67,17.06,11.37,8.55,10.60,0.00,0.00,3.11,8.71,0.00,0.00,1.59,1.59,1.45,1.45,0.00,0.00,1.76,0.56,29.85,0.00,0.00,0.00,1.42,5.69,0.00,0.00,0.00,0.00,0.00,0.00,0.00,0.00,0.00,0.00,0.00,0.00,0.00,0.00,0.00,0.00,0.00,0.00,0.00,0.00,0.00,0.00,0.00,0.00,0.00,0.00,0.00,0.00,0.00,0.00,0.00,0.00,0.00,0.00,0.00,0.00,0.00,0.00,0.00,0.00,0.00,0.00,0.00,0.00,0.00,0.00,0.00,0.00,0.00,0.00,0.00,0.00,0.00,0.00,0.53,0.71,0.77,0.85,3.02,3.23,19.25,18.79,0.00,0.00,0.00,1.87,2.53,1.01,0.00,0.00,1.55,1.09,0.00,1.61,0.00,0.00,0.00,0.00,0.00,0.00,29.85,0.00,0.00,0.00,0.00,0.00,0.00,0.00,0.00,0.00,2.49,0.00,0.00,0.00,0.00,0.00,0.00,0.00,0.00,0.00,0.00,0.00,0.00,0.00,0.00,0.00,0.00,0.00,0.00,0.00,0.00,0.00,0.00,0.00,0.00,0.00,0.00,0.00,0.00,0.00,0.00,0.00,0.00,0.00,0.00,0.00,0.00,0.00,0.00,0.00,0.00,0.00,0.00,0.00,0.00,0.00,0.00,0.00,0.00,0.00,0.00,0.00,0.00,0.00,0.00,0.00,0.00,0.00,0.00,0.00,0.00,0.00,0.00,0.00,0.00,0.00,0.00,0.00,0.00,0.00,0.00,0.00,0.00,0.00,0.00,0.00,0.00,0.00,0.00,0.00,0.00,0.00,0.00,0.00,0.00,0.00,0.00,0.00,0.00,0.00,0.00,0.00,0.00,0.00,0.00,0.00,0.00,0.00,0.00,0.00,0.00,0.71,0.61,0.00,1.87,0.00,0.00,0.02,0.01,1.59,0.62,0.89,0.60,3.16,2.94,3.66,2.31,0.00,0.00,3.16,2.51,3.05,3.30,2.49,0.00,0.00,0.00,0.90,0.00,0.00,0.00,0.00,1.07,1.47,0.00,0.00,0.92,1.32,0.00,0.00,0.00,1.07,1.90,0.98,0.97,1.00,0.00,0.82,1.24,0.00,0.00,0.88,2.65,0.00,0.00,6.63,0.00,0.95,1.01,0.00,0.00,0.00,0.00,0.00,29.85,0.00,0.00,0.68,0.46,2.11,0.31,0.00,1.05,1.29,0.52,0.00,0.00,0.00,0.00,0.00,0.00,0.00,0.00,0.00,0.00,0.00,0.00
550.5,-2.000,7.000,0.000,0.000,0.000,0,0,0.802,0,0.000,0.000,0.000,0.000,0.255,0.00,1.50,1.80,0.00,0.00,64.95,68.95,8.53,0.00,15.84,18.40,0.76,0.91,1.98,1.81,1.12,0.77,19.90,8.53,7.84,9.11,0.00,0.00,8.08,6.84,0.00,0.00,0.40,1.59,1.58,1.37,1.57,1.53,1.53,1.31,0.00,0.00,0.00,0.00,2.84,1.42,2.30,0.00,0.00,0.00,0.00,0.00,0.00,0.00,0.00,0.00,0.00,0.00,0.00,0.00,0.00,0.00,0.00,0.00,0.00,0.00,0.00,0.00,0.00,0.00,0.00,0.00,0.00,0.00,0.00,0.00,0.00,0.00,0.00,0.00,0.00,0.00,0.00,0.00,0.00,0.00,0.00,0.00,0.00,0.00,0.00,0.00,0.00,0.00,0.00,0.00,0.00,0.00,0.00,0.00,1.41,0.54,0.00,0.85,3.20,3.03,18.78,19.10,0.00,0.00,0.00,0.00,0.51,1.01,0.00,0.00,1.39,0.49,4.03,0.00,0.00,3.73,0.00,0.00,0.00,0.00,0.00,0.00,0.00,0.00,0.00,0.00,0.00,0.00,29.85,0.00,0.00,0.00,0.00,0.00,0.00,0.00,0.00,0.00,0.00,0.00,0.00,0.00,0.00,0.00,0.00,0.00,0.00,0.00,0.00,0.00,0.00,0.00,0.00,0.00,0.00,0.00,0.00,0.00,44.78,44.78,0.00,0.00,0.00,0.00,0.00,0.00,0.00,0.00,0.00,0.00,0.00,0.00,0.00,0.00,0.00,0.00,0.00,0.00,0.00,0.00,0.00,0.00,0.00,0.00,0.00,0.00,0.00,0.00,0.00,0.00,0.00,9.95,0.00,0.00,0.00,0.00,0.00,0.00,0.00,0.00,0.00,0.00,0.00,0.00,0.00,0.00,0.00,0.00,0.00,0.00,0.00,0.00,0.00,0.00,0.00,0.00,0.00,0.00,0.00,0.00,0.00,0.00,0.00,0.00,0.00,0.00,0.00,0.00,0.00,0.00,0.00,0.47,0.12,0.00,0.00,0.00,0.00,0.01,0.00,0.40,0.31,2.17,1.53,3.16,3.27,2.19,3.12,0.00,0.00,3.41,3.12,4.26,2.95,0.00,0.00,0.00,0.46,0.00,1.00,0.00,3.98,0.50,1.78,1.68,0.00,0.00,0.62,0.79,4.26,0.00,0.00,1.07,1.42,0.49,1.63,0.75,0.00,0.88,0.84,0.00,0.00,3.95,5.31,0.00,0.00,0.00,0.00,1.09,1.16,0.00,0.00,0.00,0.00,0.00,0.00,2.21,3.44,1.13,2.08,0.70,0.93,1.47,1.40,2.06,0.52,4.59,3.44,0.00,7.46,0.00,0.00,0.00,0.00,0.00,0.00,0.00,0.00
650.5,-2.000,7.000,0.000,0.000,0.000,0,0,0.803,0,0.000,0.000,0.000,0.000,0.048,0.00,0.78,1.16,2.49,0.00,64.40,69.51,17.06,0.00,16.02,20.22,1.16,0.99,1.98,4.16,0.75,1.05,17.06,14.21,6.44,8.76,0.00,0.00,6.22,11.19,0.00,0.00,0.80,1.19,1.54,1.77,1.57,0.00,1.67,2.67,0.00,0.00,19.90,0.00,0.00,2.84,0.00,0.00,0.00,3.14,0.00,0.00,0.00,0.00,0.00,0.00,0.00,0.00,0.00,0.00,0.00,0.00,0.00,0.00,0.00,0.00,0.00,0.00,0.00,0.00,0.00,0.00,0.00,0.00,0.00,0.00,0.00,0.00,0.00,0.00,0.00,0.00,0.00,0.00,0.00,0.00,0.00,0.00,0.00,0.00,0.00,0.00,0.00,0.00,0.00,0.00,0.00,0.00,0.00,0.00,1.59,0.54,0.77,0.00,3.18,3.05,19.38,17.99,0.00,0.00,2.30,1.87,1.01,2.02,0.00,0.00,0.77,1.19,0.81,0.81,0.00,0.00,0.00,0.00,0.00,0.00,0.00,0.00,0.00,0.00,0.00,0.00,0.00,0.00,0.00,0.00,1.24,2.60,0.00,0.00,0.00,0.00,0.00,0.00,0.00,0.00,0.00,0.00,0.00,0.00,0.00,0.00,0.00,0.00,0.00,0.00,29.85,29.85,0.00,0.00,0.00,0.00,0.00,0.00,0.00,0.00,0.00,0.00,0.00,0.00,0.00,0.00,0.00,0.00,0.00,0.00,0.00,0.00,0.00,0.00,0.00,0.00,0.00,0.00,0.00,0.00,0.00,0.00,0.00,0.00,0.00,0.00,0.00,0.00,0.00,0.00,0.00,0.00,0.00,0.00,0.00,0.00,0.00,0.00,0.00,0.00,0.00,0.00,0.00,0.00,0.00,0.00,0.00,0.00,0.00,0.00,0.00,0.00,0.00,0.00,0.00,0.00,0.00,0.00,0.00,0.00,0.00,0.00,0.00,0.00,0.00,0.00,0.00,0.00,0.00,0.00,0.00,0.24,0.61,0.00,0.00,0.00,0.00,0.02,0.00,0.80,0.62,1.38,1.11,2.96,2.96,3.29,2.85,0.00,0.00,2.71,2.99,3.05,2.43,0.00,2.30,0.00,0.46,0.00,0.00,1.00,1.00,0.50,0.00,1.26,0.00,0.00,0.92,1.58,0.00,0.00,0.00,0.00,0.95,1.47,1.10,1.20,0.00,0.69,0.96,0.00,0.00,1.32,1.33,3.73,0.00,3.32,0.00,1.19,1.19,0.00,0.00,0.00,0.00,0.00,0.00,4.42,0.00,1.58,0.93,2.11,2.18,0.98,0.00,0.77,1.31,2.30,1.15,0.00,0.00,0.00,0.00,0.00,0.00,0.00,0.00,0.00,0.00
750.5,-2.000,7.000,0.000,0.000,0.000,0,0,0.803,0,0.028,0.000,0.071,0.213,0.009,0.00,1.07,1.00,4.98,4.98,66.61,68.67,4.26,4.26,16.11,20.05,0.82,0.78,3.96,2.17,0.84,0.64,17.06,14.21,8.08,8.41,0.00,0.00,6.84,4.35,0.00,0.00,1.59,1.19,1.95,1.94,0.00,0.77,2.82,2.15,0.00,0.00,0.00,0.00,1.42,0.00,0.00,0.00,0.00,0.00,0.00,0.00,0.00,0.00,0.00,0.00,0.00,0.00,0.00,0.00,0.00,0.00,0.00,0.00,0.00,0.00,0.00,0.00,0.00,0.00,0.00,0.00,0.00,0.00,0.00,0.00,0.00,0.00,0.00,0.00,0.00,0.00,0.00,0.00,0.00,0.00,0.00,0.00,0.00,0.00,0.00,0.00,0.00,0.00,0.00,0.00,0.00,0.00,0.00,0.00,0.71,1.97,0.00,0.00,2.89,3.10,19.46,18.65,0.00,0.00,2.30,3.73,0.00,0.00,0.00,0.00,0.77,1.09,0.00,1.61,0.00,0.00,0.00,0.00,0.00,0.00,29.85,0.00,0.00,0.00,0.00,0.00,0.00,0.00,29.85,29.85,0.00,0.00,0.00,0.00,0.00,0.00,0.00,0.00,0.00,0.00,0.00,0.00,0.00,0.00,0.00,0.00,0.00,0.00,0.00,0.00,0.00,0.00,0.00,0.00,0.00,0.00,0.00,0.00,0.00,0.00,0.00,0.00,0.00,0.00,0.00,0.00,0.00,0.00,0.00,0.00,0.00,0.00,0.00,0.00,0.00,0.00,0.00,0.00,0.00,0.00,0.00,29.85,29.85,29.85,29.85,29.85,0.00,0.00,0.00,0.00,0.00,0.00,0.00,0.00,0.00,0.00,0.00,0.00,0.00,0.00,0.00,0.00,0.00,0.00,0.00,0.00,0.00,0.00,0.00,0.00,0.00,0.00,0.00,0.00,0.00,0.00,0.00,0.00,0.00,0.00,0.00,0.00,0.00,0.00,0.00,0.00,0.00,0.00,0.00,0.00,0.00,0.71,0.12,0.00,0.00,0.00,0.00,0.02,0.00,0.40,0.31,0.89,1.53,2.78,2.83,3.29,1.90,0.00,0.00,3.28,2.51,3.25,2.43,0.00,2.30,0.00,0.00,0.45,0.00,0.00,1.00,0.00,1.07,1.89,0.00,0.00,1.23,0.79,0.00,4.26,0.00,1.07,1.42,0.00,0.82,0.79,0.00,0.82,1.30,0.00,0.00,1.76,5.31,0.00,0.00,0.00,2.99,1.15,1.02,0.00,0.00,0.00,0.00,0.00,0.00,0.00,0.00,0.90,0.23,1.76,1.24,2.94,3.51,0.77,1.31,0.00,0.00,0.00,0.00,0.00,0.00,0.00,0.00,0.00,0.00,0.00,0.00
850.5,-2.000,7.000,0.000,0.000,0.000,0,0,0.803,0,0.005,0.000,0.013,0.040,0.002,2.13,1.25,0.80,2.49,0.00,66.75,69.37,4.26,4.26,15.84,18.40,0.80,0.65,2.16,2.17,0.82,0.55,19.90,14.21,7.84,9.11,0.00,0.00,5.60,6.84,0.00,0.00,1.59,0.80,1.64,1.55,0.79,2.30,1.16,1.08,0.00,0.00,0.00,0.00,1.42,0.00,0.00,0.00,0.00,1.57,0.00,0.00,0.00,0.00,0.00,0.00,0.00,0.00,0.00,0.00,0.00,0.00,0.00,0.00,0.00,0.00,0.00,0.00,0.00,0.00,0.00,0.00,0.00,0.00,0.00,0.00,0.00,0.00,0.00,0.00,0.00,0.00,0.00,0.00,0.00,0.00,0.00,0.00,0.00,0.00,0.00,0.00,0.00,0.00,0.00,0.00,0.00,0.00,0.00,0.00,1.24,1.25,0.00,0.00,3.11,3.23,19.77,19.42,0.00,0.00,2.30,0.00,1.01,1.01,0.00,0.00,0.46,0.89,2.42,0.81,0.00,0.00,0.00,0.00,0.00,0.00,0.00,0.00,0.00,0.00,0.00,0.00,0.00,0.00,0.00,0.00,1.24,0.00,0.00,0.00,0.00,0.00,0.00,0.00,0.00,0.00,0.00,0.00,0.00,0.00,0.00,0.00,0.00,0.00,0.00,0.00,0.00,0.00,0.00,0.00,0.00,0.00,0.00,0.00,0.00,0.00,0.00,0.00,0.00,0.00,0.00,0.00,0.00,0.00,0.00,0.00,0.00,0.00,0.00,0.00,0.00,0.00,0.00,0.00,0.00,0.00,0.00,0.00,0.00,0.00,0.00,0.00,0.00,0.00,0.00,0.00,0.00,0.00,0.00,0.00,0.00,0.00,0.00,0.00,0.00,0.00,0.00,0.00,0.00,0.00,0.00,0.00,0.00,0.00,0.00,0.00,0.00,0.00,0.00,0.00,0.00,0.00,0.00,0.00,0.00,0.00,0.00,0.00,0.00,0.00,0.00,0.00,0.00,0.00,0.00,0.00,0.00,0.35,0.12,0.00,0.00,0.00,0.00,0.01,0.00,1.19,0.31,0.69,1.11,3.29,2.79,3.53,4.21,0.00,0.00,2.40,4.14,2.03,4.17,0.00,0.00,0.00,0.00,0.90,0.50,0.00,0.00,0.00,0.36,0.63,0.00,0.00,1.23,0.53,0.00,4.26,0.00,1.07,1.90,0.98,0.85,0.83,0.00,1.01,0.84,0.00,14.93,3.95,1.99,0.00,0.00,0.00,2.99,0.92,1.05,0.00,0.00,0.00,0.00,0.00,0.00,0.00,0.00,1.13,0.69,0.70,1.55,0.49,0.70,1.03,0.79,0.00,0.00,0.00,0.00,0.00,0.00,0.00,0.00,0.00,0.00,0.00,0.00
950.5,-2.000,7.000,0.000,0.000,0.000,0,0,0.804,0,0.001,0.000,0.003,0.008,0.000,0.00,0.75,1.00,2.49,2.49,65.92,69.23,4.26,4.26,15.49,19.70,0.95,1.14,2.52,1.81,1.06,0.64,21.32,12.79,9.36,9.34,0.00,0.00,8.08,8.71,0.00,0.00,0.40,0.80,1.47,1.49,0.79,0.00,1.20,1.64,0.00,0.00,0.00,0.00,1.42,0.00,0.00,1.99,1.49,0.00,0.00,0.00,0.00,0.00,0.00,0.00,0.00,0.00,0.00,0.00,0.00,0.00,0.00,0.00,0.00,0.00,0.00,0.00,0.00,0.00,0.00,0.00,0.00,0.00,0.00,0.00,0.00,0.00,0.00,0.00,0.00,0.00,0.00,0.00,0.00,0.00,0.00,0.00,0.00,0.00,0.00,0.00,0.00,0.00,0.00,0.00,0.00,0.00,0.00,0.00,1.24,1.07,0.00,0.00,2.52,2.91,18.88,19.31,0.00,0.00,0.00,0.00,0.00,2.02,0.00,0.00,0.77,0.69,0.81,1.61,0.00,3.73,0.00,0.00,0.00,0.00,0.00,0.00,0.00,0.00,0.00,0.00,0.00,29.85,0.00,0.00,3.73,3.89,0.00,0.00,0.00,0.00,0.00,0.00,0.00,0.00,0.00,0.00,0.00,0.00,0.00,0.00,0.00,0.00,0.00,0.00,0.00,0.00,0.00,0.00,0.00,0.00,0.00,0.00,0.00,0.00,0.00,0.00,0.00,0.00,0.00,0.00,0.00,0.00,0.00,0.00,0.00,0.00,0.00,0.00,0.00,0.00,0.00,0.00,0.00,0.00,0.00,0.00,0.00,0.00,0.00,0.00,0.00,0.00,0.00,0.00,0.00,0.00,0.00,0.00,0.00,0.00,0.00,0.00,0.00,0.00,0.00,0.00,0.00,0.00,0.00,0.00,0.00,0.00,0.00,0.00,0.00,0.00,0.00,0.00,0.00,0.00,0.00,0.00,0.00,0.00,0.00,0.00,0.00,0.00,0.00,0.00,0.00,0.00,0.00,0.00,0.00,0.24,0.49,0.00,0.00,0.00,0.00,0.02,0.01,1.59,0.31,1.38,0.94,2.81,2.96,3.66,2.17,0.00,0.00,3.72,2.04,3.66,3.30,0.00,2.30,0.00,0.00,0.00,0.00,0.50,1.00,0.00,0.36,1.26,0.00,0.00,0.92,0.79,0.00,4.26,0.00,0.00,0.00,0.49,0.59,0.64,0.00,0.69,1.01,0.00,0.00,5.71,3.98,0.00,0.00,3.32,0.00,0.92,0.93,0.00,0.00,0.00,0.00,0.00,0.00,1.11,0.00,0.90,0.93,2.11,0.93,0.98,0.70,1.29,0.52,0.00,1.15,0.00,0.00,0.00,0.00,0.00,0.00,0.00,0.00,0.00,0.00
1050.5,-2.000,7.000,0.000,0.000,0.000,0,0,0.804,0,0.000,0.000,0.000,0.001,0.000,0.00,0.78,0.96,0.00,0.00,65.92,65.59,4.26,0.00,15.41,17.79,0.74,0.80,2.34,1.27,1.05,0.61,25.59,11.37,9.48,8.30,0.00,0.00,4.35,5.60,0.00,0.00,0.40,1.19,1.56,1.46,2.36,0.00,1.25,0.89,0.00,0.00,0.00,0.00,5.69,1.42,0.00,0.00,1.49,0.00,0.00,0.00,0.00,0.00,0.00,0.00,0.00,0.00,0.00,0.00,0.00,0.00,0.00,0.00,0.00,0.00,0.00,0.00,0.00,0.00,0.00,0.00,0.00,0.00,0.00,0.00,0.00,0.00,0.00,0.00,0.00,0.00,0.00,0.00,0.00,0.00,0.00,0.00,0.00,0.00,0.00,0.00,0.00,0.00,0.00,0.00,0.00,0.00,0.00,0.00,0.35,1.07,0.00,1.71,2.78,2.96,17.89,18.05,0.00,0.00,2.30,1.87,1.01,1.52,0.00,0.00,0.93,0.89,1.61,0.00,0.00,0.00,0.00,0.00,0.00,0.00,0.00,0.00,0.00,0.00,0.00,0.00,0.00,0.00,0.00,0.00,0.00,0.00,0.00,0.00,0.00,0.00,0.00,0.00,0.00,0.00,0.00,0.00,0.00,0.00,0.00,0.00,0.00,0.00,0.00,0.00,0.00,0.00,0.00,0.00,0.00,0.00,0.00,0.00,0.00,0.00,0.00,0.00,0.00,0.00,0.00,0.00,0.00,0.00,0.00,0.00,0.00,0.00,0.00,0.00,0.00,0.00,0.00,0.00,0.00,0.00,0.00,0.00,0.00,0.00,0.00,0.00,0.00,0.00,0.00,0.00,0.00,0.00,0.00,0.00,0.00,0.00,0.00,0.00,0.00,0.00,0.00,0.00,0.00,0.00,0.00,0.00,0.00,0.00,0.00,0.00,0.00,0.00,0.00,0.00,0.00,0.00,0.00,0.00,0.00,0.00,0.00,0.00,0.00,0.00,0.00,0.00,0.00,0.00,0.00,0.00,0.00,0.00,0.00,0.00,0.00,0.00,0.00,0.02,0.01,0.80,0.00,0.69,0.85,2.85,2.97,3.05,3.26,0.00,9.95,2.71,3.05,2.23,2.26,0.00,0.00,0.00,0.00,0.00,0.50,0.50,0.00,0.00,1.07,1.47,0.00,0.00,0.62,0.53,4.26,0.00,0.00,1.07,0.47,0.00,0.76,0.60,0.00,1.26,0.56,0.00,0.00,1.76,2.65,0.00,0.00,0.00,0.00,1.13,0.86,0.00,0.00,0.00,0.00,0.00,0.00,1.11,0.00,0.45,0.69,1.05,1.55,0.49,0.35,0.77,1.57,1.15,0.00,0.00,0.00,0.00,0.00,0.00,0.00,0.00,0.00,0.00,0.00
1150.5,-2.000,7.000,0.000,0.000,0.000,0,0,0.805,0,0.000,0.000,0.000,0.000,0.354,0.00,0.61,0.86,2.49,2.49,66.06,66.85,4.26,4.26,15.84,18.92,0.46,0.84,1.62,2.35,0.96,0.64,21.32,14.21,7.61,7.84,0.00,0.00,8.71,8.71,0.00,0.00,0.80,1.19,1.42,1.56,0.00,0.77,0.46,1.08,0.00,0.00,0.00,0.00,0.00,4.26,0.00,1.99,0.00,1.57,0.00,0.00,0.00,0.00,0.00,0.00,0.00,0.00,0.00,0.00,0.00,0.00,0.00,0.00,0.00,0.00,0.00,0.00,0.00,0.00,0.00,0.00,0.00,0.00,0.00,0.00,0.00,0.00,0.00,0.00,0.00,0.00,0.00,0.00,0.00,0.00,0.00,0.00,0.00,0.00,0.00,0.00,0.00,0.00,0.00,0.00,0.00,0.00,0.00,0.00,0.88,0.36,1.53,0.85,2.91,2.86,18.57,18.36,0.00,0.00,0.00,1.87,1.52,0.51,0.00,0.00,0.62,0.89,0.81,0.00,0.00,0.00,0.00,0.00,0.00,0.00,0.00,0.00,0.00,0.00,0.00,0.00,0.00,0.00,29.85,0.00,1.24,0.00,0.00,0.00,0.00,0.00,0.00,0.00,0.00,0.00,0.00,0.00,0.00,0.00,0.00,0.00,0.00,0.00,0.00,0.00,0.00,0.00,0.00,0.00,29.85,29.85,0.00,0.00,14.93,14.93,0.00,0.00,0.00,0.00,0.00,0.00,0.00,0.00,0.00,0.00,0.00,0.00,0.00,0.00,0.00,0.00,0.00,0.00,29.85,29.85,0.00,0.00,0.00,0.00,0.00,0.00,0.00,0.00,0.00,0.00,0.00,0.00,0.00,0.00,0.00,0.00,0.00,0.00,0.00,0.00,0.00,0.00,0.00,0.00,0.00,0.00,0.00,0.00,0.00,0.00,0.00,0.00,0.00,0.00,0.00,0.00,0.00,0.00,0.00,0.00,0.00,0.00,0.00,0.00,0.00,0.00,0.00,0.00,0.00,0.00,0.00,0.12,0.12,0.00,0.00,0.00,0.00,0.01,0.02,0.40,0.00,0.49,1.19,2.70,2.59,2.44,2.58,0.00,0.00,3.28,2.24,2.64,2.08,0.00,0.00,0.00,0.46,0.45,0.00,0.00,1.99,0.00,1.42,1.68,0.00,0.00,1.23,1.85,0.00,4.26,0.00,1.07,0.47,0.00,0.87,0.77,14.93,1.14,0.79,0.00,0.00,2.63,1.99,0.00,0.00,3.32,0.00,1.02,0.91,0.00,0.00,0.00,0.00,0.00,0.00,0.00,0.00,0.68,1.39,0.35,0.62,0.49,1.05,1.54,0.26,0.00,1.15,0.00,0.00,0.00,0.00,0.00,0.00,0.00,0.00,0.00,0.00
1250.5,-2.000,7.000,0.000,0.000,0.000,0,0,0.805,0,0.000,0.000,0.000,0.000,0.067,0.00,0.64,0.90,0.00,0.00,63.57,66.29,8.53,8.53,15.23,19.61,1.31,1.25,2.52,2.17,0.68,0.75,21.32,11.37,7.49,9.11,0.00,0.00,7.46,8.71,0.00,0.00,1.59,1.59,1.45,1.51,0.00,0.77,1.06,1.45,0.00,0.00,0.00,0.00,5.69,0.00,0.00,0.00,1.49,1.57,0.00,0.00,0.00,0.00,0.00,0.00,0.00,0.00,0.00,0.00,0.00,0.00,0.00,0.00,0.00,0.00,0.00,0.00,0.00,0.00,0.00,0.00,0.00,0.00,0.00,0.00,0.00,0.00,0.00,0.00,0.00,0.00,0.00,0.00,0.00,0.00,0.00,0.00,0.00,0.00,0.00,0.00,0.00,0.00,0.00,0.00,0.00,0.00,0.00,0.00,0.88,0.54,0.00,1.71,2.98,2.84,18.13,19.21,0.00,0.00,0.00,3.73,0.51,0.00,0.00,0.00,1.24,1.48,1.61,0.00,0.00,0.00,0.00,0.00,9.95,0.00,0.00,0.00,0.00,0.00,0.00,0.00,0.00,0.00,0.00,0.00,3.73,1.30,0.00,0.00,0.00,0.00,0.00,0.00,0.00,0.00,0.00,0.00,0.00,0.00,0.00,0.00,0.00,0.00,0.00,0.00,0.00,0.00,0.00,0.00,0.00,0.00,0.00,0.00,0.00,0.00,0.00,0.00,0.00,0.00,0.00,0.00,0.00,0.00,0.00,0.00,0.00,0.00,0.00,0.00,0.00,0.00,0.00,0.00,0.00,0.00,0.00,0.00,0.00,0.00,0.00,0.00,0.00,0.00,0.00,0.00,0.00,0.00,0.00,0.00,0.00,0.00,0.00,0.00,0.00,0.00,0.00,0.00,0.00,0.00,0.00,0.00,0.00,0.00,0.00,0.00,0.00,0.00,0.00,0.00,0.00,0.00,0.00,0.00,0.00,0.00,0.00,0.00,0.00,0.00,0.00,0.00,0.00,0.00,0.00,0.00,0.00,0.00,0.12,0.00,0.00,0.00,0.00,0.00,0.01,0.40,0.62,1.68,0.94,2.94,2.81,2.31,2.99,0.00,0.00,2.46,2.65,2.23,3.30,0.00,0.00,0.00,1.38,0.45,0.00,0.00,0.50,0.00,0.71,0.21,0.00,0.00,1.23,1.32,4.26,0.00,0.00,0.00,0.47,0.49,1.01,0.79,0.00,1.01,0.51,0.00,0.00,3.07,2.65,3.73,4.26,3.32,2.99,0.86,1.04,0.00,0.00,0.00,0.00,0.00,0.00,0.00,1.15,1.13,0.23,1.40,1.24,2.45,3.16,1.80,1.31,1.15,1.15,0.00,0.00,0.00,0.00,0.00,0.00,0.00,0.00,0.00,0.00
1350.5,-2.000,7.000,0.000,0.000,0.000,0,0,0.805,0,0.074,0.082,0.061,0.000,0.381,2.13,1.00,1.10,4.98,0.00,66.06,65.73,4.26,4.26,16.37,17.53,1.14,1.10,1.62,1.99,1.03,0.46,17.06,11.37,6.91,6.57,0.00,0.00,5.60,8.71,0.00,0.00,0.40,1.99,1.64,1.54,1.57,2.30,1.39,1.40,0.00,0.00,0.00,0.00,1.42,0.00,0.00,1.99,0.00,0.00,14.93,0.00,0.00,0.00,0.00,0.00,0.00,0.00,0.00,0.00,0.00,0.00,0.00,0.00,0.00,0.00,0.00,0.00,0.00,0.00,0.00,0.00,0.00,0.00,0.00,0.00,0.00,0.00,0.00,0.00,0.00,0.00,0.00,0.00,0.00,0.00,0.00,0.00,0.00,0.00,0.00,0.00,0.00,0.00,0.00,0.00,0.00,0.00,0.00,0.00,0.53,0.71,0.77,0.00,3.15,3.30,18.99,18.21,0.00,0.00,4.59,0.00,1.01,0.51,0.00,0.00,0.62,0.89,1.61,0.00,0.00,0.00,0.00,0.00,0.00,0.00,0.00,0.00,0.00,0.00,0.00,0.00,0.00,0.00,0.00,0.00,2.49,1.30,0.00,0.00,0.00,0.00,0.00,0.00,0.00,0.00,0.00,0.00,0.00,0.00,0.00,0.00,0.00,0.00,0.00,0.00,0.00,0.00,0.00,0.00,0.00,0.00,0.00,0.00,0.00,0.00,0.00,0.00,0.00,0.00,0.00,0.00,0.00,0.00,0.00,0.00,0.00,0.00,0.00,0.00,0.00,0.00,0.00,0.00,0.00,0.00,0.00,0.00,0.00,0.00,0.00,0.00,0.00,0.00,0.00,0.00,0.00,0.00,0.00,0.00,0.00,0.00,0.00,0.00,0.00,0.00,0.00,0.00,0.00,0.00,0.00,0.00,0.00,0.00,0.00,0.00,0.00,0.00,0.00,0.00,0.00,0.00,0.00,0.00,0.00,0.00,0.00,0.00,0.00,0.00,0.00,0.00,0.00,0.00,0.00,0.00,0.00,0.12,0.24,0.00,0.00,0.00,0.00,0.02,0.02,0.40,0.31,0.79,0.77,2.99,2.81,3.41,3.66,0.00,0.00,3.16,3.19,2.44,3.12,0.00,0.00,0.00,0.00,0.00,0.00,0.00,0.00,0.00,1.78,1.47,0.00,0.00,0.62,1.06,0.00,0.00,0.00,3.20,0.47,0.98,0.65,0.52,0.00,1.01,0.73,0.00,0.00,2.19,3.32,0.00,4.26,3.32,2.99,0.98,0.91,0.00,0.00,0.00,0.00,29.85,0.00,0.00,0.00,0.68,0.69,2.46,2.18,0.49,0.35,0.77,1.57,1.15,1.15,0.00,0.00,0.00,0.00,0.00,0.00,0.00,0.00,0.00,0.00
1450.5,-2.000,7.000,0.000,0.000,0.000,0,0,0.806,0,0.014,0.016,0.012,0.000,0.072,0.00,0.89,0.66,2.49,0.00,64.95,68.11,8.53,8.53,16.19,18.31,0.93,1.08,4.14,1.81,0.89,1.15,18.48,8.53,6.32,10.14,0.00,0.00,10.57,10.57,0.00,0.00,0.80,1.59,1.76,1.69,0.79,0.77,2.13,2.62,0.00,0.00,0.00,0.00,1.42,0.00,4.59,1.99,0.00,0.00,0.00,0.00,0.00,0.00,0.00,0.00,0.00,0.00,0.00,0.00,0.00,0.00,0.00,0.00,0.00,0.00,0.00,0.00,0.00,0.00,0.00,0.00,0.00,0.00,0.00,0.00,0.00,0.00,0.00,0.00,0.00,0.00,0.00,0.00,0.00,0.00,0.00,0.00,0.00,0.00,0.01,0.01,0.00,0.00,0.00,0.00,0.00,0.00,0.00,0.00,0.88,1.61,0.00,0.85,2.87,3.03,19.69,19.55,7.46,0.00,2.30,3.73,0.00,2.02,0.00,0.00,1.39,0.59,0.81,0.81,7.46,0.00,0.00,0.00,0.00,0.00,0.00,0.00,0.00,0.00,0.00,0.00,0.00,0.00,29.85,0.00,0.00,0.00,0.00,0.00,0.00,0.00,0.00,0.00,0.00,0.00,0.00,0.00,0.00,0.00,0.00,0.00,0.00,0.00,0.00,0.00,0.00,0.00,0.00,0.00,0.00,0.00,0.00,0.00,0.00,0.00,0.00,0.00,0.00,0.00,0.00,0.00,0.00,0.00,0.00,0.00,0.00,0.00,0.00,0.00,0.00,0.00,0.00,0.00,0.00,0.00,0.00,0.00,0.00,0.00,0.00,0.00,0.00,0.00,0.00,0.00,0.00,0.00,0.00,0.00,0.00,0.00,0.00,0.00,0.00,0.00,0.00,0.00,0.00,0.00,0.00,0.00,0.00,0.00,0.00,0.00,0.00,0.00,0.00,0.00,0.00,0.00,0.00,0.00,0.00,0.00,0.00,0.00,0.00,0.00,0.00,0.00,0.00,0.00,0.00,0.00,0.00,0.83,0.85,0.00,1.87,0.00,0.00,0.01,0.00,0.80,0.00,1.58,1.62,3.24,2.73,1.46,2.85,0.00,0.00,3.16,3.12,3.45,4.34,0.00,0.00,0.00,0.00,0.45,0.00,0.00,0.00,0.00,1.07,1.05,0.00,0.00,1.23,1.58,0.00,0.00,0.00,0.00,0.47,0.00,0.80,0.66,0.00,0.82,1.35,0.00,0.00,3.95,3.32,0.00,0.00,0.00,0.00,1.13,1.17,0.00,0.00,0.00,0.00,0.00,0.00,1.11,2.30,1.13,0.69,2.11,1.24,0.49,1.40,0.77,1.31,0.00,3.44,0.00,0.00,0.00,0.00,0.00,0.00,0.00,0.00,0.00,0.00
1550.5,-2.000,7.000,0.000,0.000,0.000,0,0,0.806,0,0.003,0.003,0.002,0.000,0.014,0.00,0.71,0.96,0.00,2.49,64.40,69.65,4.26,8.53,15.49,17.01,0.89,0.99,2.70,1.99,0.67,0.91,21.32,12.79,7.73,10.14,0.00,0.00,9.33,7.46,0.00,0.00,0.40,0.40,1.88,1.74,0.79,0.77,1.48,1.92,0.00,0.00,0.00,0.00,1.42,4.26,0.00,1.99,0.00,0.00,0.00,0.00,0.00,0.00,0.00,0.00,0.00,0.00,0.00,0.00,0.00,0.00,0.00,0.00,0.00,0.00,0.00,0.00,0.00,0.00,0.00,0.00,0.00,0.00,0.00,0.00,0.00,0.00,0.00,0.00,0.00,0.00,0.00,0.00,0.00,0.00,0.00,0.00,0.00,0.00,0.00,0.00,0.00,0.00,0.00,0.00,0.00,0.00,0.00,0.00,0.71,0.71,0.00,1.71,3.11,3.49,19.25,18.50,0.00,0.00,2.30,1.87,2.02,0.51,0.00,0.00,0.62,0.79,0.00,1.61,0.00,3.73,0.00,0.00,0.00,0.00,0.00,0.00,0.00,0.00,0.00,0.00,0.00,0.00,29.85,0.00,0.00,0.00,0.00,0.00,0.00,0.00,0.00,0.00,0.00,0.00,0.00,0.00,0.00,0.00,0.00,0.00,0.00,0.00,0.00,0.00,0.00,0.00,29.85,0.00,0.00,0.00,0.00,0.00,0.00,0.00,0.00,0.00,0.00,0.00,0.00,0.00,0.00,0.00,0.00,0.00,0.00,0.00,0.00,0.00,0.00,0.00,0.00,0.00,0.00,0.00,0.00,0.00,0.00,0.00,0.00,0.00,0.00,0.00,0.00,0.00,0.00,0.00,0.00,0.00,0.00,0.00,0.00,0.00,0.00,0.00,0.00,0.00,0.00,0.00,0.00,0.00,0.00,0.00,0.00,0.00,0.00,0.00,0.00,0.00,0.00,0.00,0.00,0.00,0.00,0.00,0.00,0.00,0.00,0.00,0.00,0.00,0.00,0.00,0.00,0.00,0.00,0.35,0.24,0.00,0.00,0.00,0.00,0.01,0.00,0.00,0.31,1.38,1.28,3.05,2.85,3.53,2.58,0.00,0.00,3.22,2.85,3.25,1.91,0.00,0.00,0.00,0.92,0.00,0.50,6.97,0.00,3.48,2.84,0.63,0.00,0.00,1.23,0.53,4.26,0.00,0.00,0.00,0.95,0.00,0.89,1.29,0.00,1.20,0.90,0.00,0.00,3.07,1.33,3.73,0.00,0.00,2.99,0.97,1.10,0.00,0.00,0.00,0.00,0.00,0.00,3.32,0.00,0.45,0.93,1.76,1.24,0.98,1.05,1.29,1.05,1.15,2.30,0.00,0.00,0.00,0.00,0.00,0.00,0.00,0.00,0.00,0.00
1650.5,-2.000,7.000,0.000,0.000,0.000,0,0,0.807,0,0.000,0.001,0.000,0.000,0.003,2.13,0.93,1.13,2.49,0.00,66.47,66.29,4.26,0.00,16.11,17.79,1.35,1.22,3.24,2.35,0.98,0.53,19.90,15.64,7.73,8.64,0.00,0.00,9.95,6.22,0.00,0.00,1.59,0.80,1.59,1.65,1.57,0.77,1.20,1.45,0.00,0.00,0.00,0.00,1.42,1.42,2.30,0.00,2.99,1.57,0.00,0.00,0.00,0.00,0.00,0.00,0.00,0.00,0.00,0.00,0.00,0.00,0.00,0.00,0.00,0.00,0.00,0.00,0.00,0.00,0.00,0.00,0.00,0.00,0.00,0.00,0.00,0.00,0.00,0.00,0.00,0.00,0.00,0.00,0.00,0.00,0.00,0.00,0.00,0.00,0.00,0.00,0.00,0.00,0.00,0.00,0.00,0.00,0.00,0.00,1.06,1.07,0.00,0.00,2.54,2.80,18.10,18.97,7.46,0.00,2.30,0.00,1.01,1.01,0.00,0.00,1.70,0.59,0.00,0.81,0.00,0.00,0.00,0.00,0.00,0.00,0.00,0.00,0.00,0.00,0.00,0.00,0.00,29.85,29.85,0.00,1.24,2.60,0.00,0.00,0.00,0.00,0.00,0.00,0.00,0.00,0.00,0.00,0.00,0.00,0.00,0.00,0.00,0.00,0.00,0.00,0.00,0.00,0.00,0.00,0.00,0.00,0.00,0.00,0.00,0.00,0.00,0.00,0.00,0.00,0.00,0.00,0.00,0.00,0.00,0.00,0.00,0.00,0.00,0.00,0.00,0.00,0.00,0.00,0.00,0.00,0.00,0.00,0.00,0.00,0.00,0.00,0.00,0.00,0.00,0.00,0.00,0.00,0.00,0.00,0.00,0.00,0.00,0.00,0.00,0.00,0.00,0.00,0.00,0.00,0.00,0.00,0.00,0.00,0.00,0.00,0.00,0.00,0.00,0.00,0.00,0.00,0.00,0.00,0.00,0.00,0.00,0.00,0.00,0.00,0.00,0.00,0.00,0.00,0.00,0.00,0.00,0.59,0.36,0.00,0.00,0.00,0.00,0.01,0.01,1.19,0.92,1.38,0.68,2.73,3.38,1.95,2.04,0.00,0.00,2.46,2.92,4.47,4.17,0.00,0.00,0.00,0.46,0.45,0.00,0.00,0.00,0.00,0.71,0.84,2.30,2.99,0.62,0.53,0.00,0.00,4.98,0.00,0.00,0.00,0.65,1.02,0.00,0.95,0.62,0.00,0.00,3.51,4.64,7.46,0.00,0.00,0.00,0.77,0.81,0.00,0.00,0.00,0.00,0.00,0.00,3.32,3.44,1.81,0.46,1.40,0.62,0.00,0.70,0.51,0.52,0.00,0.00,0.00,0.00,0.00,0.00,0.00,0.00,0.00,0.00,0.00,0.00
1750.5,-2.000,7.000,0.000,0.000,0.000,0,0,0.807,0,0.000,0.000,0.000,0.000,0.000,2.13,0.64,0.80,0.00,2.49,67.03,67.27,4.26,4.26,16.37,19.00,0.78,0.72,1.26,2.71,0.78,0.94,14.21,12.79,6.91,8.30,0.00,0.00,8.08,7.46,0.00,0.00,0.40,2.39,1.41,1.42,0.79,0.00,1.20,0.80,0.00,0.00,0.00,0.00,1.42,0.00,0.00,0.00,0.00,0.00,0.00,0.00,0.00,0.00,0.00,0.00,0.00,0.00,0.00,0.00,0.00,0.00,0.00,0.00,0.00,0.00,0.00,0.00,0.00,0.00,0.00,0.00,0.00,0.00,0.00,0.00,0.00,0.00,0.00,0.00,0.00,0.00,0.00,0.00,0.00,0.00,0.00,0.00,0.00,0.00,0.00,0.00,0.00,0.00,0.00,0.00,0.00,0.00,0.00,0.00,0.53,1.07,1.53,0.00,3.11,2.59,19.41,18.63,0.00,0.00,0.00,0.00,1.01,1.01,0.00,0.00,0.93,0.69,0.81,0.81,0.00,0.00,0.00,0.00,9.95,0.00,0.00,0.00,0.00,0.00,0.00,0.00,0.00,0.00,29.85,0.00,0.00,0.00,0.00,0.00,0.00,0.00,0.00,0.00,0.00,0.00,0.00,0.00,0.00,0.00,0.00,0.00,0.00,0.00,0.00,0.00,0.00,0.00,29.85,14.93,0.00,0.00,0.00,0.00,0.00,0.00,0.00,0.00,0.00,0.00,0.00,0.00,0.00,0.00,0.00,0.00,0.00,0.00,0.00,0.00,0.00,0.00,0.00,0.00,0.00,0.00,0.00,0.00,0.00,0.00,0.00,0.00,0.00,0.00,0.00,0.00,0.00,19.90,0.00,0.00,0.00,0.00,0.00,0.00,0.00,0.00,0.00,0.00,0.00,0.00,0.00,0.00,0.00,0.00,0.00,0.00,0.00,0.00,0.00,0.00,0.00,0.00,0.00,0.00,0.00,0.00,0.00,0.00,0.00,0.00,0.00,0.00,0.00,0.00,0.00,0.00,0.00,0.12,0.12,0.00,0.00,0.00,0.00,0.01,0.00,0.80,0.62,0.89,1.19,2.88,2.80,2.56,3.26,0.00,0.00,2.40,2.51,2.64,3.12,0.00,2.30,0.00,0.00,0.00,0.50,0.00,0.00,0.00,1.42,0.21,0.00,0.00,0.92,2.11,4.26,4.26,0.00,1.07,0.47,0.98,0.84,0.93,0.00,1.01,1.52,0.00,0.00,3.95,3.32,0.00,0.00,0.00,0.00,0.86,0.89,0.00,0.00,0.00,0.00,0.00,0.00,1.11,0.00,0.90,0.46,1.40,0.31,0.49,0.70,1.29,0.52,1.15,1.15,0.00,0.00,0.00,0.00,0.00,0.00,0.00,0.00,0.00,0.00
1850.5,-2.000,7.000,0.000,0.000,0.000,0,0,0.807,0,0.000,0.000,0.000,0.000,0.000,2.13,0.78,0.90,4.98,0.00,65.64,66.71,8.53,8.53,15.49,18.74,0.95,1.10,1.98,1.45,0.78,0.56,19.90,11.37,7.49,7.38,0.00,0.00,2.49,8.71,0.00,0.00,1.19,0.40,1.72,1.56,2.36,0.00,0.60,0.56,0.00,0.00,0.00,0.00,0.00,1.42,0.00,0.00,0.00,0.00,0.00,0.00,0.00,0.00,0.00,0.00,0.00,0.00,0.00,0.00,0.00,0.00,0.00,0.00,0.00,0.00,0.00,0.00,0.00,0.00,0.00,0.00,0.00,0.00,0.00,0.00,0.00,0.00,0.00,0.00,0.00,0.00,0.00,0.00,0.00,0.00,0.00,0.00,0.00,0.00,0.00,0.00,0.00,0.00,0.00,0.00,0.00,0.00,0.00,0.00,1.06,1.43,0.77,2.56,2.80,2.61,19.30,19.05,0.00,0.00,0.00,0.00,0.51,1.52,0.00,0.00,1.39,0.30,2.42,2.42,0.00,0.00,0.00,0.00,0.00,0.00,0.00,0.00,0.00,0.00,0.00,0.00,0.00,0.00,0.00,0.00,2.49,0.00,0.00,0.00,0.00,0.00,0.00,0.00,0.00,0.00,0.00,0.00,0.00,0.00,0.00,0.00,0.00,0.00,0.00,0.00,0.00,0.00,0.00,0.00,0.00,0.00,0.00,0.00,0.00,0.00,0.00,0.00,0.00,0.00,0.00,0.00,0.00,0.00,0.00,0.00,0.00,0.00,0.00,0.00,0.00,0.00,0.00,0.00,0.00,0.00,0.00,0.00,0.00,0.00,0.00,0.00,0.00,0.00,0.00,0.00,0.00,0.00,0.00,0.00,0.00,0.00,0.00,0.00,0.00,0.00,0.00,0.00,0.00,0.00,0.00,0.00,0.00,0.00,0.00,0.00,0.00,0.00,0.00,0.00,0.00,0.00,0.00,0.00,0.00,0.00,0.00,0.00,0.00,0.00,0.00,0.00,0.00,0.00,0.00,0.00,0.00,0.24,0.24,0.00,0.00,0.00,0.00,0.01,0.00,0.40,0.31,0.79,0.17,3.12,2.83,2.56,2.85,0.00,0.00,3.41,2.78,2.84,2.08,0.00,0.00,0.00,1.38,0.45,1.00,0.00,0.50,1.49,1.07,0.63,0.00,0.00,0.62,1.58,0.00,0.00,0.00,0.00,0.47,0.98,0.84,0.89,0.00,1.14,1.01,0.00,0.00,2.19,3.32,0.00,0.00,0.00,0.00,0.87,0.84,0.00,0.00,0.00,0.00,0.00,0.00,3.32,1.15,1.13,0.23,1.05,0.31,0.49,1.05,1.29,1.05,0.00,0.00,0.00,0.00,0.00,0.00,0.00,0.00,0.00,0.00,0.00,0.00
1950.5,-2.000,7.000,0.000,0.000,0.000,0,0,0.808,0,0.000,0.000,0.000,0.000,0.000,2.13,0.75,0.57,4.98,2.49,64.54,68.25,8.53,4.26,18.12,19.87,1.12,0.91,3.06,2.35,0.91,0.54,19.90,8.53,7.84,7.15,0.00,0.00,11.19,4.35,0.00,0.00,1.19,1.59,1.54,1.55,0.00,1.53,1.11,1.36,0.00,0.00,0.00,0.00,1.42,1.42,0.00,0.00,0.00,0.00,0.00,0.00,0.00,0.00,0.00,0.00,0.00,0.00,0.00,0.00,0.00,0.00,0.00,0.00,0.00,0.00,0.00,0.00,0.00,0.00,0.00,0.00,0.00,0.00,0.00,0.00,0.00,0.00,0.00,0.00,0.00,0.00,0.00,0.00,0.00,0.00,0.00,0.00,0.00,0.00,0.00,0.00,0.00,0.00,0.00,0.00,0.00,0.00,0.00,0.00,1.59,1.43,0.00,2.56,2.69,2.93,19.77,17.60,0.00,0.00,0.00,0.00,1.01,0.00,0.00,0.00,1.55,0.79,0.00,0.81,0.00,0.00,0.00,0.00,0.00,0.00,0.00,0.00,0.00,0.00,0.00,0.00,29.85,0.00,29.85,0.00,0.00,0.00,0.00,0.00,0.00,0.00,0.00,0.00,0.00,0.00,0.00,0.00,0.00,0.00,0.00,0.00,0.00,0.00,0.00,0.00,0.00,0.00,0.00,0.00,0.00,0.00,0.00,0.00,0.00,0.00,0.00,0.00,0.00,0.00,0.00,0.00,0.00,0.00,0.00,0.00,0.00,0.00,0.00,0.00,0.00,0.00,0.00,0.00,0.00,0.00,0.00,0.00,0.00,0.00,0.00,0.00,0.00,0.00,0.00,0.00,0.00,0.00,0.00,0.00,0.00,0.00,0.00,0.00,0.00,0.00,0.00,0.00,0.00,0.00,0.00,0.00,0.00,0.00,0.00,0.00,0.00,0.00,0.00,0.00,0.00,0.00,0.00,0.00,0.00,0.00,0.00,0.00,0.00,0.00,0.00,0.00,0.00,0.00,0.00,0.00,0.00,0.12,0.12,0.00,0.00,0.00,0.00,0.01,0.01,0.80,0.00,0.69,0.34,3.20,2.92,3.41,2.71,0.00,0.00,2.52,3.53,4.47,3.30,0.00,0.00,0.00,0.00,0.45,0.50,0.00,0.00,0.00,1.42,1.26,0.00,0.00,0.62,0.53,0.00,0.00,0.00,1.07,1.90,0.98,0.85,1.00,0.00,0.95,0.90,0.00,0.00,2.63,3.32,0.00,0.00,0.00,5.97,0.88,0.99,0.00,0.00,0.00,0.00,0.00,0.00,0.00,0.00,0.90,0.46,0.35,0.93,0.00,1.05,0.77,1.83,1.15,0.00,0.00,0.00,0.00,0.00,0.00,0.00,0.00,0.00,0.00,0.00
2050.5,-2.000,7.000,0.000,0.000,0.000,0,0,0.808,0,0.000,0.000,0.000,0.000,0.000,6.40,0.78,0.63,0.00,4.98,64.54,67.83,4.26,4.26,15.49,18.40,0.99,0.93,1.98,1.99,1.00,0.36,24.16,9.95,7.96,7.03,0.00,0.00,8.71,5.60,0.00,0.00,0.00,0.80,1.40,1.51,0.00,1.53,0.83,0.80,29.85,0.00,0.00,0.00,0.00,1.42,2.30,3.98,0.00,0.00,0.00,0.00,0.00,0.00,0.00,0.00,0.00,0.00,0.00,0.00,0.00,0.00,0.00,0.00,0.00,0.00,0.00,0.00,0.00,0.00,0.00,0.00,0.00,0.00,0.00,0.00,0.00,0.00,0.00,0.00,0.00,0.00,0.00,0.00,0.00,0.00,0.00,0.00,0.00,0.00,0.00,0.00,0.00,0.00,0.00,0.00,0.00,0.00,0.00,0.00,0.35,1.25,1.53,0.85,2.91,3.03,17.66,18.10,0.00,0.00,0.00,0.00,0.51,1.01,0.00,0.00,0.62,0.89,3.23,0.81,0.00,0.00,0.00,0.00,0.00,0.00,29.85,0.00,0.00,0.00,0.00,0.00,0.00,0.00,0.00,29.85,0.00,1.30,0.00,0.00,0.00,0.00,0.00,0.00,0.00,0.00,0.00,0.00,0.00,0.00,0.00,0.00,0.00,0.00,0.00,0.00,14.93,14.93,0.00,0.00,0.00,0.00,0.00,0.00,0.00,0.00,0.00,0.00,0.00,0.00,0.00,0.00,0.00,0.00,0.00,0.00,0.00,0.00,0.00,0.00,0.00,0.00,0.00,0.00,0.00,0.00,0.00,0.00,0.00,0.00,0.00,0.00,0.00,0.00,0.00,0.00,0.00,0.00,0.00,0.00,0.00,0.00,0.00,0.00,0.00,0.00,0.00,0.00,0.00,0.00,0.00,0.00,0.00,0.00,0.00,0.00,0.00,0.00,0.00,0.00,0.00,0.00,0.00,0.00,0.00,0.00,0.00,0.00,0.00,0.00,0.00,0.00,0.00,0.00,0.00,0.00,0.00,0.00,0.12,0.00,0.00,0.00,0.00,0.01,0.00,0.40,0.31,0.59,0.85,3.15,3.13,3.17,2.99,0.00,0.00,4.04,2.04,2.64,3.47,0.00,2.30,0.00,0.00,0.00,0.50,0.50,0.00,0.00,0.36,1.26,0.00,0.00,1.23,1.58,0.00,0.00,0.00,0.00,0.47,0.49,0.66,0.62,0.00,0.88,1.58,0.00,0.00,2.19,4.64,0.00,0.00,6.63,0.00,0.88,0.91,0.00,0.00,0.00,0.00,0.00,0.00,0.00,3.44,0.45,1.16,1.05,1.24,0.49,0.70,0.51,0.52,0.00,5.74,0.00,0.00,0.00,0.00,0.00,0.00,0.00,0.00,0.00,0.00
2150.5,-2.000,7.000,0.000,0.000,0.000,0,0,0.809,0,0.000,0.000,0.000,0.000,0.000,0.00,1.32,1.26,0.00,7.46,67.44,67.41,4.26,4.26,16.72,18.22,1.01,0.89,1.80,3.26,1.05,0.61,17.06,11.37,8.43,8.18,0.00,0.00,8.08,9.33,0.00,0.00,1.19,1.19,1.84,1.93,2.36,0.00,2.04,2.34,0.00,0.00,0.00,0.00,1.42,0.00,0.00,0.00,0.00,0.00,0.00,0.00,0.00,0.00,0.00,0.00,0.00,0.00,0.00,0.00,0.00,0.00,0.00,0.00,0.00,0.00,0.00,0.00,0.00,0.00,0.00,0.00,0.00,0.00,0.00,0.00,0.00,0.00,0.00,0.00,0.00,0.00,0.00,0.00,0.00,0.00,0.00,0.00,0.00,0.00,0.00,0.00,0.00,0.00,0.00,0.00,0.00,0.00,0.00,0.00,1.41,0.89,0.00,1.71,3.20,3.17,19.54,18.97,0.00,0.00,0.00,0.00,1.01,0.51,0.00,0.00,0.46,1.09,0.00,0.81,0.00,0.00,0.00,0.00,0.00,0.00,0.00,0.00,0.00,0.00,0.00,0.00,29.85,29.85,0.00,0.00,0.00,1.30,0.00,0.00,0.00,0.00,0.00,0.00,0.00,0.00,0.00,0.00,0.00,0.00,0.00,0.00,0.00,0.00,0.00,0.00,14.93,0.00,0.00,0.00,0.00,0.00,0.00,0.00,0.00,0.00,0.00,0.00,0.00,0.00,0.00,0.00,0.00,0.00,0.00,0.00,14.93,0.00,0.00,0.00,0.00,0.00,0.00,0.00,0.00,0.00,0.00,0.00,0.00,0.00,0.00,0.00,0.00,0.00,0.00,0.00,0.00,0.00,0.00,0.00,0.00,0.00,0.00,0.00,0.00,0.00,0.00,0.00,0.00,0.00,0.00,0.00,0.00,0.00,0.00,0.00,0.00,0.00,0.00,0.00,0.00,0.00,0.00,0.00,0.00,0.00,0.00,0.00,0.00,0.00,0.00,0.00,0.00,0.00,0.00,0.00,0.00,0.35,0.49,0.00,0.00,0.00,0.00,0.01,0.01,0.80,0.31,0.99,1.02,2.91,2.71,2.56,2.99,0.00,0.00,3.47,3.53,3.05,2.78,0.00,0.00,0.00,0.00,0.45,0.50,0.50,0.00,0.50,0.71,1.05,0.00,0.00,0.31,0.79,8.53,0.00,0.00,0.00,0.47,1.47,0.89,0.83,0.00,0.76,0.96,0.00,0.00,1.76,2.65,0.00,0.00,3.32,0.00,0.86,1.02,0.00,0.00,0.00,0.00,0.00,0.00,1.11,0.00,0.68,0.46,0.70,0.62,3.43,2.81,1.03,1.57,1.15,0.00,0.00,0.00,0.00,0.00,0.00,0.00,0.00,0.00,0.00,0.00
2250.5,-2.000,7.000,0.000,0.000,0.000,0,0,0.809,0,0.000,0.000,0.000,0.000,0.000,0.00,0.89,0.66,0.00,0.00,64.68,69.37,8.53,4.26,16.63,19.52,1.39,1.35,2.52,1.99,0.51,0.70,15.64,8.53,7.14,9.22,0.00,0.00,10.57,8.71,0.00,0.00,0.80,0.00,1.45,1.44,0.79,2.30,1.34,0.89,0.00,0.00,0.00,0.00,0.00,1.42,4.59,1.99,0.00,0.00,0.00,0.00,0.00,0.00,0.00,0.00,0.00,0.00,0.00,0.00,0.00,0.00,0.00,0.00,0.00,0.00,0.00,0.00,0.00,0.00,0.00,0.00,0.00,0.00,0.00,0.00,0.00,0.00,0.00,0.00,0.00,0.00,0.00,0.00,0.00,0.00,0.00,0.00,0.00,0.00,0.00,0.00,0.00,0.00,0.00,0.00,0.00,0.00,0.00,0.00,0.88,0.71,1.53,0.85,3.02,2.47,17.89,18.21,0.00,0.00,0.00,0.00,1.52,0.00,0.00,0.00,1.08,0.59,0.00,1.61,0.00,0.00,0.00,0.00,0.00,0.00,0.00,0.00,0.00,0.00,0.00,0.00,0.00,29.85,29.85,0.00,1.24,2.60,0.00,0.00,0.00,0.00,0.00,0.00,0.00,0.00,0.00,0.00,0.00,0.00,0.00,0.00,0.00,0.00,0.00,0.00,0.00,0.00,0.00,0.00,0.00,0.00,0.00,0.00,0.00,0.00,0.00,0.00,0.00,0.00,0.00,0.00,0.00,0.00,0.00,0.00,0.00,0.00,0.00,0.00,0.00,0.00,0.00,0.00,0.00,0.00,0.00,0.00,0.00,0.00,0.00,0.00,0.00,0.00,0.00,0.00,0.00,0.00,0.00,0.00,0.00,0.00,0.00,0.00,0.00,0.00,0.00,0.00,0.00,0.00,0.00,0.00,0.00,0.00,0.00,0.00,0.00,0.00,0.00,0.00,0.00,0.00,0.00,0.00,0.00,0.00,0.00,0.00,0.00,0.00,0.00,0.00,0.00,0.00,0.00,0.00,0.00,0.12,0.00,0.00,0.00,0.00,0.00,0.00,0.01,0.00,0.92,0.69,1.53,2.94,2.97,1.71,2.71,0.00,0.00,2.52,2.78,1.83,1.91,0.00,2.30,0.00,0.00,0.00,0.00,0.00,0.00,0.00,0.36,1.68,0.00,0.00,0.92,0.79,0.00,4.26,4.98,1.07,0.95,0.00,0.55,0.81,0.00,1.26,1.07,0.00,0.00,2.19,3.98,0.00,0.00,6.63,0.00,0.93,0.93,0.00,0.00,0.00,0.00,0.00,0.00,1.11,0.00,1.36,0.23,1.05,2.18,0.98,0.70,0.51,0.00,1.15,1.15,0.00,0.00,0.00,0.00,0.00,0.00,0.00,0.00,0.00,0.00
2350.5,-2.000,7.000,0.000,0.000,0.000,0,0,0.809,0,0.000,0.000,0.000,0.000,0.000,0.00,1.07,0.63,2.49,0.00,63.29,68.25,4.26,0.00,14.79,19.18,0.74,0.99,1.98,1.63,1.00,0.60,18.48,14.21,8.55,8.41,0.00,0.00,7.46,6.84,0.00,0.00,1.19,1.19,1.44,1.53,0.00,0.00,1.11,1.64,0.00,0.00,9.95,0.00,1.42,0.00,0.00,1.99,8.96,3.14,0.00,14.93,0.00,0.00,0.00,0.00,0.00,0.00,0.00,0.00,0.00,0.00,0.00,0.00,0.00,0.00,0.00,0.00,0.00,0.00,0.00,0.00,0.00,0.00,0.00,0.00,0.00,0.00,0.00,0.00,0.00,0.00,0.00,0.00,0.00,0.00,0.00,0.00,0.00,0.00,0.00,0.01,0.00,0.00,0.00,0.00,0.00,0.00,0.00,0.00,1.06,0.89,0.77,0.00,2.52,2.96,18.57,19.71,0.00,0.00,2.30,3.73,1.01,2.02,0.00,0.00,0.62,1.09,0.81,0.00,0.00,0.00,0.00,0.00,0.00,0.00,0.00,0.00,0.00,0.00,0.00,0.00,0.00,29.85,0.00,29.85,0.00,1.30,0.00,0.00,0.00,0.00,0.00,0.00,0.00,0.00,0.00,0.00,0.00,0.00,0.00,0.00,0.00,0.00,0.00,0.00,0.00,0.00,0.00,0.00,0.00,0.00,0.00,0.00,0.00,0.00,0.00,0.00,0.00,0.00,0.00,0.00,0.00,0.00,0.00,0.00,0.00,0.00,0.00,0.00,0.00,0.00,0.00,0.00,0.00,0.00,0.00,0.00,0.00,0.00,0.00,0.00,0.00,0.00,0.00,0.00,0.00,9.95,29.85,0.00,0.00,0.00,0.00,0.00,0.00,0.00,0.00,0.00,0.00,0.00,0.00,0.00,0.00,0.00,0.00,0.00,0.00,0.00,0.00,0.00,0.00,0.00,0.00,0.00,0.00,0.00,0.00,0.00,0.00,0.00,0.00,0.00,0.00,0.00,0.00,0.00,0.00,0.35,0.61,0.00,1.87,0.00,0.00,0.02,0.01,0.80,0.62,0.99,0.85,2.95,2.94,3.17,2.04,9.95,0.00,2.65,3.46,2.84,4.17,0.00,0.00,0.00,0.92,1.81,1.49,0.00,1.00,1.00,0.36,0.42,2.30,5.97,0.92,0.79,4.26,0.00,0.00,1.07,0.95,1.96,1.60,1.58,0.00,1.07,0.73,0.00,14.93,3.51,2.65,0.00,4.26,3.32,2.99,1.23,1.03,0.00,0.00,0.00,0.00,0.00,0.00,0.00,3.44,0.23,0.69,1.05,0.31,0.98,0.70,0.77,0.79,5.74,3.44,0.00,0.00,0.00,0.00,0.00,0.00,0.00,0.00,0.00,0.00
2450.5,-2.000,7.000,0.000,0.000,0.000,0,0,0.810,0,0.000,0.000,0.000,0.000,0.000,0.00,1.39,0.93,2.49,2.49,66.47,68.39,8.53,4.26,15.06,19.00,0.65,0.80,1.80,1.81,0.78,0.47,22.74,8.53,7.49,6.80,0.00,0.00,5.60,9.33,0.00,0.00,1.59,1.99,1.65,1.73,3.14,1.53,0.88,1.87,0.00,0.00,0.00,0.00,0.00,1.42,0.00,1.99,0.00,7.86,0.00,0.00,29.85,0.00,0.00,0.00,0.00,0.00,0.00,0.00,0.00,0.00,0.00,0.00,0.00,0.00,0.00,0.00,0.00,0.00,0.00,0.00,0.00,0.00,0.00,0.00,0.00,0.00,0.00,0.00,0.00,0.00,0.00,0.00,0.00,0.00,0.00,0.00,0.00,0.00,0.00,0.00,0.00,0.00,0.00,0.00,0.00,0.00,0.00,0.00,0.53,0.89,0.77,0.85,3.02,2.89,18.26,20.13,0.00,0.00,0.00,1.87,1.01,0.51,0.00,0.00,1.08,0.79,1.61,0.81,7.46,3.73,0.00,0.00,0.00,0.00,0.00,29.85,0.00,0.00,0.00,0.00,0.00,0.00,0.00,0.00,0.00,1.30,0.00,0.00,0.00,0.00,0.00,0.00,0.00,0.00,0.00,0.00,0.00,0.00,0.00,0.00,0.00,0.00,0.00,0.00,0.00,14.93,0.00,0.00,0.00,0.00,0.00,0.00,0.00,0.00,0.00,0.00,0.00,0.00,0.00,0.00,0.00,0.00,0.00,0.00,0.00,0.00,0.00,0.00,0.00,0.00,0.00,0.00,0.00,0.00,0.00,0.00,0.00,0.00,0.00,0.00,0.00,0.00,0.00,0.00,0.00,0.00,0.00,0.00,0.00,0.00,0.00,0.00,0.00,0.00,0.00,0.00,0.00,0.00,0.00,0.00,0.00,0.00,0.00,0.00,0.00,0.00,0.00,0.00,0.00,0.00,0.00,0.00,0.00,0.00,0.00,0.00,0.00,0.00,0.00,0.00,0.00,0.00,0.00,0.00,0.00,0.12,0.36,1.61,1.87,0.00,0.00,0.01,0.01,0.80,0.62,0.69,1.11,2.94,2.85,3.66,3.66,0.00,0.00,3.16,2.58,3.66,2.95,0.00,2.30,0.00,2.76,0.90,1.49,0.00,0.50,0.00,0.71,0.63,0.00,0.00,1.23,1.06,0.00,4.26,0.00,1.07,0.95,1.47,1.29,1.04,0.00,1.01,1.41,0.00,14.93,4.83,3.32,0.00,0.00,3.32,2.99,1.01,1.09,0.00,0.00,0.00,0.00,0.00,0.00,1.11,1.15,0.45,0.46,1.40,0.93,0.49,1.05,1.03,1.31,0.00,3.44,0.00,0.00,0.00,0.00,0.00,0.00,0.00,0.00,0.00,0.00
2550.5,-2.000,7.000,0.000,0.000,0.000,0,0,0.810,0,0.000,0.000,0.000,0.000,0.000,0.00,1.03,1.06,2.49,0.00,64.68,67.83,8.53,4.26,16.28,20.22,0.82,0.68,1.80,0.72,0.56,0.54,19.90,11.37,5.38,8.53,0.00,0.00,4.35,6.84,0.00,0.00,1.19,1.99,1.70,1.54,0.00,2.30,2.31,2.15,0.00,0.00,0.00,0.00,0.00,0.00,2.30,0.00,0.00,1.57,0.00,0.00,0.00,0.00,0.00,0.00,0.00,0.00,0.00,0.00,0.00,0.00,0.00,0.00,0.00,0.00,0.00,0.00,0.00,0.00,0.00,0.00,0.00,0.00,0.00,0.00,0.00,0.00,0.00,0.00,0.00,0.00,0.00,0.00,0.00,0.00,0.00,0.00,0.00,0.00,0.00,0.00,0.00,0.00,0.00,0.00,0.00,0.00,0.00,0.00,1.77,1.25,0.00,0.85,2.98,3.23,18.18,18.57,0.00,0.00,0.00,1.87,1.52,1.01,0.00,0.00,0.93,0.69,1.61,0.81,0.00,0.00,0.00,0.00,0.00,0.00,0.00,0.00,0.00,0.00,0.00,0.00,0.00,29.85,0.00,0.00,2.49,2.60,0.00,0.00,0.00,0.00,0.00,0.00,0.00,0.00,0.00,0.00,0.00,0.00,0.00,0.00,0.00,0.00,0.00,0.00,29.85,29.85,0.00,0.00,0.00,0.00,0.00,0.00,0.00,0.00,0.00,0.00,0.00,0.00,0.00,0.00,0.00,0.00,0.00,0.00,0.00,0.00,0.00,0.00,0.00,0.00,0.00,0.00,0.00,0.00,0.00,0.00,0.00,0.00,0.00,0.00,0.00,0.00,0.00,0.00,0.00,0.00,0.00,0.00,0.00,0.00,0.00,0.00,0.00,0.00,0.00,0.00,0.00,0.00,0.00,0.00,0.00,0.00,0.00,0.00,0.00,0.00,0.00,0.00,0.00,0.00,0.00,0.00,0.00,0.00,0.00,0.00,0.00,0.00,0.00,0.00,0.00,0.00,0.00,0.00,0.00,0.59,0.85,1.61,0.00,0.00,0.00,0.02,0.00,0.40,2.15,0.99,1.36,2.30,3.13,3.53,3.39,0.00,0.00,2.71,3.05,2.84,2.95,0.00,2.30,0.00,0.00,4.98,1.99,0.00,2.49,0.00,1.78,0.84,0.00,0.00,0.31,0.79,0.00,0.00,0.00,1.07,0.95,0.98,1.18,1.27,0.00,1.14,0.79,0.00,0.00,3.95,3.32,0.00,4.26,3.32,2.99,1.15,1.29,0.00,0.00,0.00,0.00,0.00,0.00,3.32,4.59,1.58,0.69,2.11,1.87,0.98,1.40,0.77,0.52,3.44,2.30,0.00,0.00,0.00,0.00,0.00,0.00,0.00,0.00,0.00,0.00
2650.5,-2.000,7.000,0.000,0.000,0.000,0,0,0.811,0,0.000,0.000,0.000,0.000,0.000,0.00,1.32,1.10,2.49,2.49,64.95,68.25,8.53,4.26,15.41,18.31,1.12,1.18,3.96,2.17,0.90,0.78,17.06,9.95,7.84,7.95,0.00,0.00,8.71,10.57,0.00,0.00,0.80,2.79,1.52,1.57,0.00,0.00,0.97,1.78,0.00,0.00,0.00,0.00,0.00,1.42,2.30,0.00,1.49,0.00,0.00,0.00,0.00,0.00,0.00,0.00,0.00,0.00,0.00,0.00,0.00,0.00,0.00,0.00,0.00,0.00,0.00,0.00,0.00,0.00,0.00,0.00,0.00,0.00,0.00,0.00,0.00,0.00,0.00,0.00,0.00,0.00,0.00,0.00,0.00,0.00,0.00,0.00,0.00,0.00,0.00,0.00,0.00,0.00,0.00,0.00,0.00,0.00,0.00,0.00,0.71,1.79,0.77,1.71,2.89,2.93,18.52,18.02,7.46,0.00,0.00,0.00,1.01,0.00,0.00,0.00,0.93,1.38,0.81,1.61,0.00,0.00,0.00,0.00,0.00,0.00,0.00,0.00,0.00,0.00,0.00,0.00,0.00,0.00,0.00,0.00,0.00,1.30,0.00,0.00,0.00,0.00,0.00,0.00,0.00,0.00,0.00,0.00,0.00,0.00,0.00,0.00,0.00,0.00,0.00,0.00,0.00,0.00,0.00,0.00,0.00,0.00,0.00,0.00,0.00,0.00,0.00,0.00,0.00,0.00,0.00,0.00,0.00,0.00,0.00,0.00,0.00,0.00,0.00,0.00,0.00,0.00,0.00,0.00,0.00,0.00,0.00,0.00,0.00,0.00,0.00,0.00,0.00,0.00,0.00,0.00,0.00,0.00,0.00,0.00,0.00,0.00,0.00,0.00,0.00,0.00,0.00,0.00,0.00,0.00,0.00,0.00,0.00,0.00,0.00,0.00,0.00,0.00,0.00,0.00,0.00,0.00,0.00,0.00,0.00,0.00,0.00,0.00,0.00,0.00,0.00,0.00,0.00,0.00,0.00,0.00,0.00,0.00,0.00,0.00,0.00,0.00,0.00,0.02,0.01,0.80,0.62,0.69,0.60,2.51,2.94,2.56,3.26,0.00,4.98,3.22,2.92,2.44,1.74,0.00,0.00,0.00,1.38,2.26,1.00,1.00,0.50,0.00,0.36,1.05,0.00,0.00,0.62,0.53,0.00,0.00,0.00,1.07,2.37,1.47,1.37,1.35,0.00,1.26,0.62,0.00,0.00,2.19,3.98,0.00,4.26,0.00,0.00,0.92,1.07,0.00,0.00,0.00,0.00,0.00,0.00,1.11,0.00,0.45,0.23,0.70,0.00,1.47,1.05,1.03,0.00,5.74,2.30,0.00,7.46,0.00,0.00,0.00,0.00,0.00,0.00,0.00,0.00
2750.5,-2.000,7.000,0.000,0.000,0.000,0,0,0.811,0,0.000,0.000,0.000,0.000,0.000,0.00,1.18,1.20,0.00,0.00,63.43,67.83,4.26,4.26,15.06,19.61,1.27,1.37,1.80,2.71,0.62,0.61,15.64,8.53,5.27,7.26,0.00,0.00,5.60,6.84,0.00,0.00,2.39,1.59,1.83,2.01,1.57,0.00,2.68,2.11,0.00,0.00,19.90,19.90,0.00,0.00,2.30,0.00,0.00,0.00,0.00,0.00,0.00,0.00,0.00,0.00,0.00,0.00,0.00,0.00,0.00,0.00,0.00,0.00,0.00,0.00,0.00,0.00,0.00,0.00,0.00,0.00,0.00,0.00,0.00,0.00,0.00,0.00,0.00,0.00,0.00,0.00,0.00,0.00,0.00,0.00,0.00,0.00,0.00,0.00,0.00,0.00,0.00,0.00,0.00,0.00,0.00,0.00,0.00,0.00,1.41,2.50,0.77,2.56,2.98,2.80,18.91,18.26,0.00,0.00,2.30,0.00,1.52,0.51,0.00,0.00,0.93,0.89,1.61,0.81,0.00,0.00,0.00,0.00,0.00,0.00,0.00,0.00,0.00,0.00,0.00,0.00,0.00,0.00,0.00,0.00,0.00,2.60,0.00,0.00,0.00,0.00,0.00,0.00,0.00,0.00,0.00,0.00,0.00,0.00,0.00,0.00,0.00,0.00,0.00,0.00,0.00,0.00,0.00,0.00,0.00,0.00,0.00,0.00,0.00,0.00,0.00,0.00,0.00,0.00,0.00,0.00,0.00,0.00,0.00,0.00,0.00,0.00,0.00,0.00,0.00,0.00,0.00,0.00,0.00,0.00,0.00,0.00,0.00,0.00,0.00,0.00,0.00,0.00,0.00,0.00,0.00,0.00,0.00,0.00,0.00,0.00,0.00,0.00,0.00,0.00,0.00,0.00,0.00,0.00,0.00,0.00,0.00,0.00,0.00,0.00,0.00,0.00,0.00,0.00,0.00,0.00,0.00,0.00,0.00,0.00,0.00,0.00,0.00,0.00,0.00,0.00,0.00,0.00,0.00,0.00,0.00,0.59,0.49,0.00,0.00,0.00,0.00,0.01,0.01,0.40,0.92,1.38,0.85,2.87,2.75,3.66,2.31,4.98,0.00,2.90,2.99,3.86,2.26,4.98,0.00,0.00,0.00,0.00,0.50,0.50,0.00,0.50,1.42,1.68,0.00,0.00,2.15,0.79,0.00,0.00,4.98,1.07,0.95,0.98,0.80,0.85,0.00,0.88,0.79,0.00,0.00,3.95,1.99,3.73,0.00,0.00,2.99,1.32,1.39,0.00,0.00,0.00,0.00,0.00,0.00,1.11,2.30,0.23,1.85,2.46,2.80,0.00,1.40,1.03,1.83,1.15,3.44,0.00,0.00,0.00,0.00,0.00,0.00,0.00,0.00,0.00,0.00
2850.5,-2.000,7.000,0.000,0.000,0.000,0,0,0.811,0,0.000,0.000,0.000,0.000,0.000,0.00,0.96,1.00,0.00,0.00,63.71,67.41,4.26,4.26,15.06,19.61,1.22,1.39,1.98,1.09,0.91,0.52,18.48,8.53,7.96,7.72,0.00,0.00,12.44,11.19,0.00,0.00,1.19,1.19,1.56,1.63,0.00,0.00,1.39,1.78,0.00,0.00,0.00,0.00,0.00,0.00,2.30,0.00,0.00,0.00,0.00,0.00,0.00,0.00,0.00,0.00,0.00,0.00,0.00,0.00,0.00,0.00,0.00,0.00,0.00,0.00,0.00,0.00,0.00,0.00,0.00,0.00,0.00,0.00,0.00,0.00,0.00,0.00,0.00,0.00,0.00,0.00,0.00,0.00,0.00,0.00,0.00,0.00,0.00,0.00,0.00,0.00,0.00,0.00,0.00,0.00,0.00,0.00,0.00,0.00,0.53,0.71,0.00,0.85,3.11,2.70,19.28,18.31,0.00,0.00,0.00,0.00,0.51,0.00,0.00,0.00,0.46,1.09,2.42,0.00,14.93,3.73,0.00,0.00,0.00,0.00,29.85,0.00,0.00,0.00,0.00,0.00,0.00,29.85,29.85,0.00,0.00,0.00,0.00,0.00,0.00,0.00,0.00,0.00,0.00,0.00,0.00,0.00,0.00,0.00,0.00,0.00,0.00,0.00,0.00,0.00,0.00,0.00,0.00,0.00,0.00,0.00,0.00,0.00,0.00,0.00,0.00,0.00,0.00,0.00,0.00,0.00,0.00,0.00,0.00,0.00,0.00,0.00,0.00,0.00,0.00,0.00,0.00,0.00,0.00,0.00,0.00,0.00,0.00,0.00,0.00,0.00,0.00,0.00,0.00,0.00,0.00,0.00,0.00,0.00,0.00,0.00,0.00,0.00,0.00,0.00,0.00,0.00,0.00,0.00,0.00,0.00,0.00,0.00,0.00,0.00,0.00,0.00,0.00,0.00,0.00,0.00,0.00,0.00,0.00,0.00,0.00,0.00,0.00,0.00,0.00,0.00,0.00,0.00,0.00,0.00,0.00,0.59,0.24,0.00,0.00,0.00,0.00,0.02,0.01,0.00,0.00,0.49,0.68,2.75,3.06,3.29,2.44,0.00,0.00,2.90,3.12,2.03,4.51,4.98,2.30,0.00,0.92,0.00,1.49,0.00,0.50,0.50,1.42,0.21,0.00,0.00,1.23,0.26,0.00,0.00,0.00,2.13,0.47,0.98,0.85,0.87,0.00,1.07,0.84,0.00,0.00,2.63,3.32,0.00,0.00,3.32,0.00,0.99,0.92,0.00,0.00,0.00,0.00,0.00,0.00,1.11,1.15,0.45,0.00,2.11,0.93,2.94,1.76,1.29,0.26,1.15,1.15,0.00,0.00,0.00,0.00,0.00,0.00,0.00,0.00,0.00,0.00
2950.5,-2.000,7.000,0.000,0.000,0.000,0,0,0.812,0,0.000,0.000,0.000,0.000,0.821,2.13,1.03,0.60,2.49,2.49,65.64,66.15,8.53,4.26,14.62,19.96,0.80,0.91,2.34,2.17,0.71,0.56,19.90,14.21,6.20,8.07,0.00,0.00,9.33,13.68,0.00,0.00,0.40,0.80,1.63,1.62,1.57,1.53,1.16,1.54,0.00,0.00,0.00,0.00,0.00,0.00,0.00,0.00,0.00,0.00,0.00,0.00,0.00,0.00,0.00,0.00,0.00,0.00,0.00,0.00,0.00,0.00,0.00,0.00,0.00,0.00,0.00,0.00,0.00,0.00,0.00,0.00,0.00,0.00,0.00,0.00,0.00,0.00,0.00,0.00,0.00,0.00,0.00,0.00,0.00,0.00,0.00,0.00,0.00,0.00,0.00,0.00,0.00,0.00,0.00,0.00,0.00,0.00,0.00,0.00,2.12,1.25,0.77,0.00,2.72,2.77,19.41,19.05,0.00,14.93,4.59,1.87,0.00,1.01,0.00,0.00,0.46,0.79,0.81,0.81,0.00,0.00,0.00,0.00,0.00,0.00,0.00,0.00,0.00,0.00,0.00,0.00,0.00,0.00,0.00,0.00,0.00,3.89,0.00,0.00,0.00,0.00,0.00,0.00,0.00,0.00,0.00,0.00,0.00,0.00,0.00,0.00,0.00,0.00,0.00,0.00,0.00,0.00,0.00,0.00,29.85,29.85,0.00,29.85,0.00,0.00,0.00,0.00,0.00,0.00,0.00,0.00,0.00,0.00,0.00,0.00,0.00,0.00,0.00,0.00,0.00,0.00,0.00,0.00,0.00,0.00,0.00,0.00,0.00,0.00,0.00,0.00,0.00,0.00,19.90,0.00,0.00,0.00,0.00,0.00,0.00,0.00,0.00,0.00,0.00,0.00,0.00,0.00,0.00,0.00,0.00,0.00,0.00,0.00,0.00,0.00,0.00,0.00,0.00,0.00,0.00,0.00,0.00,0.00,0.00,0.00,0.00,0.00,0.00,0.00,0.00,0.00,0.00,0.00,0.00,0.00,0.00,0.12,0.36,0.00,1.87,0.00,0.00,0.00,0.01,0.00,0.62,0.89,1.36,3.15,2.96,2.80,3.12,0.00,0.00,2.97,3.73,3.25,3.64,2.49,2.30,14.93,0.46,0.90,0.50,0.00,0.50,0.00,1.07,1.05,0.00,0.00,0.62,0.79,0.00,4.26,4.98,1.07,0.95,0.98,0.84,1.51,0.00,0.76,0.90,0.00,0.00,2.19,5.97,0.00,0.00,0.00,0.00,1.01,1.26,0.00,0.00,0.00,0.00,0.00,0.00,3.32,1.15,2.26,1.39,0.70,1.55,0.00,0.35,0.51,0.52,1.15,2.30,0.00,0.00,0.00,0.00,0.00,0.00,0.00,0.00,0.00,0.00
3050.5,-2.000,7.000,0.000,0.000,0.000,0,0,0.812,0,0.000,0.000,0.000,0.000,0.155,2.13,0.93,0.90,2.49,0.00,63.71,68.67,8.53,4.26,15.58,17.09,1.10,1.06,2.16,1.45,0.69,0.69,17.06,12.79,7.02,7.72,0.00,0.00,3.11,8.08,0.00,0.00,0.40,0.40,1.82,1.68,0.79,1.53,2.04,1.97,0.00,0.00,0.00,0.00,0.00,0.00,0.00,0.00,1.49,0.00,0.00,0.00,0.00,0.00,0.00,0.00,0.00,0.00,0.00,0.00,0.00,0.00,0.00,0.00,0.00,0.00,0.00,0.00,0.00,0.00,0.00,0.00,0.00,0.00,0.00,0.00,0.00,0.00,0.00,0.00,0.00,0.00,0.00,0.00,0.00,0.00,0.00,0.00,0.00,0.00,0.00,0.00,0.00,0.00,0.00,0.00,0.00,0.00,0.00,0.00,0.71,0.89,0.77,0.00,3.18,3.05,18.47,18.15,0.00,0.00,0.00,1.87,1.01,0.51,0.00,0.00,0.77,1.28,0.00,0.00,0.00,3.73,0.00,0.00,0.00,0.00,0.00,0.00,0.00,0.00,0.00,0.00,0.00,0.00,29.85,0.00,2.49,1.30,0.00,0.00,0.00,0.00,0.00,0.00,0.00,0.00,0.00,0.00,0.00,0.00,0.00,0.00,0.00,0.00,0.00,0.00,0.00,0.00,0.00,0.00,0.00,0.00,0.00,0.00,0.00,0.00,0.00,0.00,0.00,0.00,0.00,0.00,0.00,0.00,0.00,0.00,0.00,0.00,0.00,0.00,0.00,0.00,0.00,0.00,0.00,0.00,0.00,0.00,0.00,0.00,0.00,0.00,0.00,0.00,0.00,0.00,0.00,0.00,0.00,0.00,0.00,0.00,0.00,0.00,0.00,0.00,0.00,0.00,0.00,0.00,0.00,0.00,0.00,0.00,0.00,0.00,0.00,0.00,0.00,0.00,0.00,0.00,0.00,0.00,0.00,0.00,0.00,0.00,0.00,0.00,0.00,0.00,0.00,0.00,0.00,0.00,0.00,0.12,0.12,0.00,0.00,0.00,0.00,0.01,0.01,0.40,0.62,1.88,0.94,2.95,3.39,2.07,2.58,0.00,0.00,2.97,3.32,3.45,2.78,0.00,0.00,0.00,0.00,0.00,0.50,1.49,0.50,0.00,1.07,1.05,0.00,0.00,0.31,0.79,0.00,4.26,4.98,1.07,1.90,1.47,0.91,0.98,0.00,1.14,0.73,0.00,0.00,1.32,3.32,0.00,0.00,3.32,0.00,1.13,0.93,0.00,0.00,0.00,0.00,0.00,0.00,1.11,2.30,0.68,1.16,1.40,0.93,1.96,2.11,1.03,0.79,1.15,2.30,0.00,0.00,0.00,0.00,0.00,0.00,0.00,0.00,0.00,0.00
3150.5,-2.000,7.000,0.000,0.000,0.000,0,0,0.813,0,0.000,0.000,0.000,0.000,0.135,0.00,1.18,0.83,0.00,7.46,65.92,68.67,4.26,8.53,13.57,20.31,0.97,0.91,1.26,1.99,0.84,0.93,17.06,9.95,5.97,7.49,0.00,0.00,4.35,8.71,29.85,0.00,1.19,1.59,1.10,1.51,0.79,3.06,0.69,1.03,0.00,0.00,0.00,0.00,0.00,0.00,0.00,3.98,1.49,1.57,0.00,0.00,0.00,0.00,0.00,0.00,0.00,0.00,0.00,0.00,0.00,0.00,0.00,0.00,0.00,0.00,0.00,0.00,0.00,0.00,0.00,0.00,0.00,0.00,0.00,0.00,0.00,0.00,0.00,0.00,0.00,0.00,0.00,0.00,0.00,0.00,0.00,0.00,0.00,0.00,0.00,0.00,0.00,0.00,0.00,0.00,0.00,0.00,0.00,0.00,1.41,1.25,2.30,1.71,3.09,2.73,18.99,18.07,7.46,0.00,2.30,1.87,1.01,0.51,0.00,0.00,1.08,0.59,0.81,0.00,0.00,0.00,0.00,0.00,0.00,0.00,0.00,0.00,0.00,0.00,0.00,0.00,0.00,29.85,0.00,29.85,1.24,3.89,0.00,0.00,0.00,0.00,0.00,0.00,0.00,0.00,0.00,0.00,0.00,0.00,0.00,0.00,0.00,0.00,0.00,0.00,0.00,0.00,0.00,0.00,0.00,0.00,0.00,0.00,0.00,0.00,0.00,0.00,0.00,0.00,0.00,0.00,0.00,0.00,0.00,0.00,0.00,0.00,0.00,0.00,0.00,0.00,0.00,0.00,0.00,0.00,0.00,0.00,0.00,0.00,0.00,0.00,0.00,0.00,0.00,0.00,0.00,0.00,0.00,0.00,0.00,0.00,0.00,0.00,0.00,0.00,0.00,0.00,0.00,0.00,0.00,0.00,0.00,0.00,0.00,0.00,0.00,0.00,0.00,0.00,0.00,0.00,0.00,0.00,0.00,0.00,0.00,0.00,0.00,0.00,0.00,0.00,0.00,0.00,0.00,0.00,0.00,0.00,0.12,0.00,0.00,0.00,0.00,0.01,0.01,0.00,0.92,0.69,0.94,2.95,3.01,3.53,2.31,0.00,4.98,3.16,2.99,3.05,2.95,0.00,0.00,0.00,0.46,0.45,0.00,0.50,0.50,0.50,2.49,0.21,0.00,0.00,0.31,0.79,0.00,0.00,0.00,2.13,0.47,0.98,0.87,0.98,0.00,0.69,0.90,0.00,0.00,0.88,2.65,0.00,0.00,3.32,0.00,0.96,0.94,0.00,0.00,0.00,0.00,0.00,0.00,1.11,3.44,0.90,1.16,1.05,0.31,0.98,0.35,0.51,1.05,1.15,1.15,0.00,0.00,0.00,0.00,0.00,0.00,0.00,0.00,0.00,0.00
3250.5,-2.000,7.000,0.000,0.000,0.000,0,0,0.813,0,0.000,0.000,0.000,0.000,0.025,2.13,0.78,0.76,0.00,0.00,65.37,67.27,4.26,4.26,15.67,19.96,1.18,1.20,1.98,2.17,0.54,0.53,12.79,12.79,5.27,9.22,0.00,0.00,7.46,2.49,0.00,0.00,0.40,0.80,1.77,1.88,1.57,0.00,2.13,0.70,0.00,0.00,19.90,9.95,0.00,0.00,0.00,1.99,7.46,1.57,0.00,0.00,0.00,0.00,0.00,0.00,0.00,0.00,0.00,0.00,0.00,0.00,0.00,0.00,0.00,0.00,0.00,0.00,0.00,0.00,0.00,0.00,0.00,0.00,0.00,0.00,0.00,0.00,0.00,0.00,0.00,0.00,0.00,0.00,0.00,0.00,0.00,0.00,0.00,0.00,0.00,0.00,0.00,0.00,0.00,0.00,0.00,0.00,0.00,0.00,1.06,0.89,2.30,2.56,2.67,2.96,17.89,18.07,0.00,0.00,4.59,1.87,1.52,1.52,0.00,0.00,1.39,0.69,0.00,1.61,0.00,0.00,0.00,0.00,0.00,0.00,0.00,0.00,0.00,0.00,0.00,0.00,0.00,0.00,0.00,0.00,3.73,0.00,0.00,0.00,0.00,0.00,0.00,0.00,0.00,0.00,0.00,0.00,0.00,0.00,0.00,0.00,0.00,0.00,0.00,0.00,0.00,0.00,0.00,0.00,0.00,0.00,0.00,0.00,0.00,0.00,0.00,0.00,0.00,0.00,0.00,0.00,0.00,0.00,0.00,0.00,0.00,0.00,0.00,0.00,0.00,0.00,0.00,0.00,0.00,0.00,0.00,0.00,0.00,0.00,0.00,0.00,0.00,0.00,0.00,0.00,0.00,0.00,0.00,0.00,0.00,0.00,0.00,0.00,0.00,0.00,0.00,0.00,0.00,0.00,0.00,0.00,0.00,0.00,0.00,0.00,0.00,0.00,0.00,0.00,0.00,0.00,0.00,0.00,0.00,0.00,0.00,0.00,0.00,0.00,0.00,0.00,0.00,0.00,0.00,0.00,0.00,0.59,0.85,1.61,0.00,0.00,0.00,0.02,0.01,0.40,0.62,1.38,0.34,3.23,2.73,2.19,2.58,4.98,0.00,3.60,2.44,2.23,2.78,0.00,0.00,14.93,0.00,0.00,0.00,1.49,0.50,1.00,1.07,1.05,4.59,0.00,0.62,0.79,0.00,4.26,0.00,0.00,0.47,1.96,1.42,1.85,0.00,0.82,1.18,0.00,0.00,3.51,1.33,0.00,0.00,0.00,2.99,1.05,1.05,0.00,0.00,0.00,0.00,0.00,0.00,0.00,1.15,0.45,0.46,1.40,0.31,0.49,0.70,0.26,1.57,1.15,0.00,0.00,0.00,0.00,0.00,0.00,0.00,0.00,0.00,0.00,0.00
3350.5,-2.000,7.000,0.000,0.000,0.000,0,0,0.813,0,0.056,0.000,0.140,0.000,0.005,0.00,0.96,1.06,4.98,0.00,64.54,66.29,8.53,4.26,16.11,19.78,0.95,0.74,1.62,3.80,0.68,0.94,18.48,12.79,7.02,8.41,0.00,0.00,6.84,10.57,0.00,0.00,0.40,1.59,1.75,1.83,0.79,0.77,2.08,1.64,0.00,0.00,0.00,0.00,1.42,0.00,0.00,0.00,0.00,0.00,0.00,0.00,0.00,0.00,0.00,0.00,0.00,0.00,0.00,0.00,0.00,0.00,0.00,0.00,0.00,0.00,0.00,0.00,0.00,0.00,0.00,0.00,0.00,0.00,0.00,0.00,0.00,0.00,0.00,0.00,0.00,0.00,0.00,0.00,0.00,0.00,0.00,0.00,0.00,0.00,0.00,0.00,0.00,0.00,0.00,0.00,0.00,0.00,0.00,0.00,0.71,0.54,0.77,1.71,3.09,3.35,19.56,17.84,7.46,0.00,0.00,0.00,1.01,0.51,0.00,0.00,0.93,0.89,0.00,0.00,0.00,0.00,0.00,0.00,0.00,0.00,0.00,0.00,0.00,0.00,0.00,0.00,0.00,29.85,0.00,0.00,1.24,0.00,0.00,0.00,0.00,0.00,0.00,0.00,0.00,0.00,0.00,0.00,0.00,0.00,0.00,0.00,0.00,0.00,0.00,0.00,0.00,0.00,0.00,0.00,0.00,0.00,0.00,0.00,0.00,0.00,0.00,0.00,0.00,0.00,0.00,0.00,0.00,0.00,0.00,0.00,14.93,0.00,29.85,29.85,14.93,0.00,0.00,0.00,0.00,0.00,0.00,0.00,0.00,0.00,0.00,0.00,0.00,0.00,0.00,0.00,0.00,0.00,0.00,0.00,0.00,0.00,0.00,0.00,0.00,0.00,0.00,0.00,0.00,0.00,0.00,0.00,0.00,0.00,0.00,0.00,0.00,0.00,0.00,0.00,0.00,0.00,0.00,0.00,0.00,0.00,0.00,0.00,0.00,0.00,0.00,0.00,0.00,0.00,0.00,0.00,0.00,1.06,0.73,0.00,0.00,0.00,0.00,0.01,0.01,0.40,0.00,0.89,1.02,2.87,3.05,2.68,2.85,0.00,9.95,2.97,2.85,4.47,3.12,0.00,0.00,0.00,0.00,1.81,0.50,0.00,0.00,0.50,0.71,0.84,0.00,0.00,1.54,0.79,0.00,0.00,4.98,1.07,0.95,1.96,0.87,1.31,0.00,1.33,1.07,0.00,0.00,0.44,2.65,0.00,0.00,0.00,0.00,1.13,1.25,0.00,0.00,0.00,0.00,0.00,0.00,1.11,0.00,1.58,1.16,1.76,2.49,0.49,0.00,0.51,1.57,3.44,4.59,7.46,0.00,0.00,0.00,0.00,0.00,0.00,0.00,0.00,0.00
3450.5,-2.000,7.000,0.000,0.000,0.000,0,0,0.814,0,0.011,0.000,0.026,0.000,0.001,2.13,1.32,1.20,0.00,0.00,64.12,65.45,8.53,4.26,14.09,17.53,1.10,1.10,1.62,2.89,0.95,0.57,15.64,11.37,8.19,8.76,0.00,0.00,11.19,8.08,0.00,0.00,1.59,1.19,2.03,2.07,0.79,0.00,2.08,2.01,0.00,0.00,0.00,0.00,2.84,1.42,0.00,1.99,0.00,0.00,0.00,0.00,0.00,0.00,0.00,0.00,0.00,0.00,0.00,0.00,0.00,0.00,0.00,0.00,0.00,0.00,0.00,0.00,0.00,0.00,0.00,0.00,0.00,0.00,0.00,0.00,0.00,0.00,0.00,0.00,0.00,0.00,0.00,0.00,0.00,0.00,0.00,0.00,0.00,0.00,0.00,0.01,0.00,0.00,0.00,0.00,0.00,0.00,0.00,0.00,0.71,1.61,0.00,0.85,2.87,3.30,19.51,18.28,0.00,0.00,0.00,0.00,0.00,0.51,0.00,0.00,1.24,0.99,1.61,1.61,0.00,3.73,0.00,0.00,0.00,0.00,0.00,0.00,0.00,0.00,0.00,0.00,29.85,0.00,0.00,0.00,2.49,0.00,0.00,0.00,0.00,0.00,0.00,0.00,0.00,0.00,0.00,0.00,0.00,0.00,0.00,0.00,0.00,0.00,0.00,0.00,0.00,0.00,0.00,0.00,0.00,0.00,0.00,0.00,0.00,0.00,0.00,0.00,0.00,0.00,0.00,0.00,0.00,0.00,0.00,0.00,0.00,0.00,0.00,0.00,0.00,0.00,0.00,0.00,0.00,0.00,0.00,0.00,0.00,0.00,0.00,0.00,0.00,0.00,0.00,0.00,0.00,0.00,0.00,0.00,0.00,0.00,0.00,0.00,0.00,0.00,0.00,0.00,0.00,0.00,0.00,0.00,0.00,0.00,0.00,0.00,0.00,0.00,0.00,0.00,0.00,0.00,0.00,0.00,0.00,0.00,0.00,0.00,0.00,0.00,0.00,0.00,0.00,0.00,0.00,0.00,0.00,0.83,0.73,0.00,0.00,0.00,0.00,0.02,0.01,0.40,0.31,0.89,1.70,2.84,2.97,2.80,5.16,9.95,0.00,2.34,2.24,3.25,1.74,2.49,2.30,0.00,0.00,0.45,1.49,1.00,1.00,0.00,1.42,1.26,0.00,0.00,1.85,0.79,0.00,0.00,4.98,1.07,0.00,0.49,1.01,0.89,0.00,1.14,0.73,0.00,0.00,1.76,1.99,0.00,0.00,0.00,0.00,1.19,1.05,0.00,0.00,0.00,0.00,0.00,0.00,3.32,3.44,0.68,1.62,1.76,1.24,0.49,0.35,2.06,0.26,0.00,0.00,0.00,0.00,0.00,0.00,0.00,0.00,0.00,0.00,0.00,0.00
3550.5,-2.000,7.000,0.000,0.000,0.000,0,0,0.814,0,0.002,0.000,0.005,0.000,0.000,0.00,0.57,0.96,4.98,2.49,64.54,69.09,4.26,0.00,14.79,20.91,1.01,0.97,1.98,2.17,0.74,0.71,17.06,12.79,8.90,8.76,0.00,0.00,5.60,7.46,0.00,0.00,1.19,0.80,1.70,2.24,0.00,0.00,1.06,2.01,0.00,0.00,0.00,0.00,2.84,1.42,4.59,3.98,0.00,0.00,0.00,0.00,0.00,0.00,0.00,0.00,0.00,0.00,0.00,0.00,0.00,0.00,0.00,0.00,0.00,0.00,0.00,0.00,0.00,0.00,0.00,0.00,0.00,0.00,0.00,0.00,0.00,0.00,0.00,0.00,0.00,0.00,0.00,0.00,0.00,0.00,0.00,0.00,0.00,0.00,0.00,0.00,0.00,0.00,0.00,0.00,0.00,0.00,0.00,0.00,0.88,0.71,0.77,0.00,2.69,2.82,20.40,18.86,7.46,14.93,2.30,1.87,1.01,1.01,0.00,0.00,0.31,0.89,0.00,0.00,0.00,3.73,0.00,0.00,0.00,0.00,0.00,0.00,0.00,0.00,0.00,0.00,0.00,29.85,29.85,0.00,1.24,1.30,0.00,0.00,0.00,0.00,0.00,0.00,0.00,0.00,0.00,0.00,0.00,0.00,0.00,0.00,0.00,0.00,0.00,0.00,0.00,0.00,0.00,0.00,0.00,0.00,0.00,0.00,0.00,0.00,0.00,0.00,0.00,0.00,0.00,0.00,0.00,0.00,0.00,0.00,0.00,0.00,0.00,0.00,0.00,0.00,0.00,0.00,0.00,29.85,0.00,0.00,0.00,0.00,0.00,0.00,0.00,0.00,0.00,0.00,0.00,0.00,0.00,0.00,0.00,0.00,0.00,0.00,0.00,0.00,0.00,0.00,0.00,0.00,0.00,0.00,0.00,0.00,0.00,0.00,0.00,0.00,0.00,0.00,0.00,0.00,0.00,0.00,0.00,0.00,0.00,0.00,0.00,0.00,0.00,0.00,0.00,0.00,0.00,0.00,0.00,0.12,0.12,0.00,0.00,0.00,0.00,0.02,0.00,0.00,0.62,0.79,0.77,3.12,3.09,2.80,3.80,0.00,0.00,2.71,3.26,3.25,2.95,0.00,2.30,14.93,0.00,0.00,2.49,0.00,0.00,0.00,0.71,0.63,0.00,0.00,0.31,1.58,0.00,0.00,0.00,0.00,0.95,0.00,0.80,0.66,0.00,1.39,0.73,0.00,0.00,3.51,0.66,3.73,4.26,3.32,2.99,0.96,1.05,0.00,0.00,0.00,0.00,0.00,0.00,1.11,1.15,0.90,0.93,1.05,0.93,0.49,0.35,0.26,1.57,1.15,1.15,0.00,0.00,0.00,0.00,0.00,0.00,0.00,0.00,0.00,0.00
3650.5,-2.000,7.000,0.000,0.000,0.000,0,0,0.815,0,0.000,0.000,0.001,0.000,0.000,0.00,1.18,0.96,0.00,2.49,65.51,67.41,4.26,0.00,17.51,19.44,1.01,0.89,1.80,2.71,1.59,1.01,21.32,9.95,8.43,11.06,0.00,0.00,12.44,9.33,0.00,0.00,1.59,1.19,1.80,1.58,0.00,0.77,1.90,2.11,0.00,0.00,29.85,9.95,0.00,0.00,0.00,0.00,0.00,0.00,14.93,0.00,0.00,0.00,0.00,0.00,0.00,0.00,0.00,0.00,0.00,0.00,0.00,0.00,0.00,0.00,0.00,0.00,0.00,0.00,0.00,0.00,0.00,0.00,0.00,0.00,0.00,0.00,0.00,0.00,0.00,0.00,0.00,0.00,0.00,0.00,0.00,0.00,0.00,0.00,0.00,0.00,0.00,0.00,0.00,0.00,0.00,0.00,0.00,0.00,0.88,0.89,0.00,2.56,3.22,3.03,19.48,19.55,0.00,0.00,2.30,0.00,1.01,3.54,0.00,0.00,1.08,0.99,0.00,2.42,0.00,0.00,0.00,0.00,0.00,0.00,0.00,0.00,0.00,0.00,0.00,0.00,29.85,29.85,0.00,0.00,0.00,1.30,0.00,0.00,0.00,0.00,0.00,0.00,0.00,0.00,0.00,0.00,0.00,0.00,0.00,0.00,0.00,0.00,0.00,0.00,0.00,0.00,0.00,0.00,0.00,0.00,0.00,0.00,0.00,0.00,0.00,0.00,0.00,0.00,0.00,0.00,0.00,0.00,0.00,0.00,0.00,0.00,0.00,0.00,0.00,0.00,0.00,0.00,0.00,0.00,0.00,0.00,0.00,0.00,0.00,0.00,0.00,0.00,0.00,0.00,0.00,0.00,0.00,0.00,0.00,0.00,0.00,0.00,0.00,0.00,0.00,0.00,0.00,0.00,0.00,0.00,0.00,0.00,0.00,0.00,0.00,0.00,0.00,0.00,0.00,0.00,0.00,0.00,0.00,0.00,0.00,0.00,0.00,0.00,0.00,0.00,0.00,0.00,0.00,0.00,0.00,0.83,0.36,0.00,0.00,0.00,0.00,0.02,0.00,0.80,0.00,0.99,1.45,3.02,3.10,3.66,3.26,0.00,0.00,3.22,1.97,3.25,2.60,0.00,0.00,0.00,0.00,0.00,0.00,0.50,1.00,0.00,0.00,0.84,0.00,0.00,1.23,0.53,0.00,4.26,0.00,1.07,0.47,0.00,0.70,0.79,0.00,1.20,1.18,0.00,0.00,5.27,1.99,0.00,0.00,0.00,2.99,0.94,1.13,0.00,0.00,0.00,0.00,0.00,0.00,1.11,1.15,1.36,1.85,1.05,1.55,3.43,1.76,0.77,1.05,4.59,1.15,0.00,0.00,0.00,0.00,0.00,0.00,0.00,0.00,0.00,0.00
3750.5,-2.000,7.000,0.000,0.000,0.000,0,0,0.815,0,0.000,0.000,0.000,0.000,0.000,0.00,1.00,1.26,0.00,0.00,65.37,68.11,4.26,4.26,15.49,17.96,0.99,0.95,2.88,1.45,0.72,0.61,19.90,11.37,7.37,8.53,0.00,0.00,6.84,12.44,0.00,29.85,1.59,0.40,1.72,1.80,0.00,0.00,2.82,2.06,0.00,0.00,0.00,9.95,0.00,1.42,0.00,0.00,0.00,0.00,0.00,0.00,0.00,0.00,0.00,0.00,0.00,0.00,0.00,0.00,0.00,0.00,0.00,0.00,0.00,0.00,0.00,0.00,0.00,0.00,0.00,0.00,0.00,0.00,0.00,0.00,0.00,0.00,0.00,0.00,0.00,0.00,0.00,0.00,0.00,0.00,0.00,0.00,0.00,0.00,0.00,0.00,0.00,0.00,0.00,0.00,0.00,0.00,0.00,0.00,1.24,1.07,0.77,0.00,2.69,2.84,19.09,18.92,0.00,0.00,2.30,0.00,1.01,1.52,0.00,0.00,0.93,0.89,0.81,1.61,0.00,0.00,0.00,0.00,0.00,0.00,0.00,0.00,0.00,0.00,0.00,0.00,0.00,0.00,0.00,0.00,1.24,2.60,0.00,0.00,0.00,0.00,0.00,0.00,0.00,0.00,0.00,0.00,0.00,0.00,0.00,0.00,0.00,0.00,0.00,0.00,14.93,14.93,0.00,0.00,0.00,0.00,0.00,0.00,0.00,0.00,0.00,0.00,0.00,0.00,0.00,0.00,0.00,0.00,0.00,0.00,0.00,0.00,0.00,0.00,0.00,0.00,0.00,0.00,0.00,0.00,0.00,0.00,0.00,0.00,0.00,0.00,0.00,0.00,0.00,0.00,0.00,0.00,0.00,0.00,0.00,0.00,0.00,0.00,0.00,0.00,0.00,0.00,0.00,0.00,0.00,0.00,0.00,0.00,0.00,0.00,0.00,0.00,0.00,0.00,0.00,0.00,0.00,0.00,0.00,0.00,0.00,0.00,0.00,0.00,0.00,0.00,0.00,0.00,0.00,0.00,0.00,0.12,0.00,0.00,0.00,0.00,0.00,0.02,0.01,0.80,1.23,1.19,1.70,2.65,2.77,2.31,3.12,4.98,0.00,2.40,2.71,2.23,3.30,0.00,0.00,0.00,0.46,0.90,1.00,0.00,0.50,0.00,1.42,1.47,0.00,0.00,0.62,1.58,0.00,4.26,0.00,1.07,0.00,0.00,0.91,0.96,0.00,1.01,1.07,0.00,0.00,4.39,3.32,0.00,0.00,0.00,0.00,1.22,1.33,0.00,0.00,0.00,0.00,0.00,0.00,3.32,2.30,0.68,0.93,1.40,2.18,3.43,3.51,2.32,1.31,2.30,3.44,0.00,0.00,0.00,0.00,0.00,0.00,0.00,0.00,0.00,0.00
3850.5,-2.000,7.000,0.000,0.000,0.000,0,0,0.815,0,0.000,0.000,0.000,0.000,0.000,2.13,1.03,1.00,2.49,2.49,65.23,68.53,4.26,4.26,16.02,19.18,0.87,1.25,1.98,1.81,0.61,0.61,18.48,12.79,8.43,7.38,0.00,0.00,8.71,9.95,0.00,0.00,1.99,1.99,1.50,1.50,1.57,0.00,1.48,0.94,0.00,0.00,0.00,0.00,1.42,4.26,0.00,0.00,0.00,0.00,0.00,0.00,0.00,0.00,0.00,0.00,0.00,0.00,0.00,0.00,0.00,0.00,0.00,0.00,0.00,0.00,0.00,0.00,0.00,0.00,0.00,0.00,0.00,0.00,0.00,0.00,0.00,0.00,0.00,0.00,0.00,0.00,0.00,0.00,0.00,0.00,0.00,0.00,0.00,0.00,0.00,0.00,0.00,0.00,0.00,0.00,0.00,0.00,0.00,0.00,0.71,0.36,0.00,0.00,3.39,3.23,18.91,19.47,7.46,0.00,0.00,0.00,0.51,1.01,0.00,0.00,1.39,1.68,0.81,0.81,0.00,0.00,0.00,0.00,0.00,0.00,0.00,0.00,0.00,0.00,0.00,0.00,0.00,29.85,29.85,0.00,0.00,0.00,0.00,0.00,0.00,0.00,0.00,0.00,0.00,0.00,0.00,0.00,0.00,0.00,0.00,0.00,0.00,0.00,0.00,0.00,0.00,0.00,0.00,0.00,0.00,0.00,0.00,0.00,0.00,0.00,0.00,0.00,0.00,0.00,0.00,0.00,0.00,0.00,0.00,0.00,0.00,0.00,0.00,0.00,0.00,0.00,0.00,0.00,0.00,0.00,0.00,0.00,0.00,0.00,0.00,0.00,0.00,0.00,0.00,0.00,0.00,0.00,0.00,0.00,0.00,0.00,0.00,0.00,0.00,0.00,0.00,0.00,0.00,0.00,0.00,0.00,0.00,0.00,0.00,0.00,0.00,0.00,0.00,0.00,0.00,0.00,0.00,0.00,0.00,0.00,0.00,0.00,0.00,0.00,0.00,0.00,0.00,0.00,0.00,0.00,0.00,0.12,0.24,0.00,0.00,0.00,0.00,0.01,0.01,0.00,0.00,0.79,1.28,2.49,2.69,3.41,2.04,0.00,0.00,2.59,2.04,2.84,2.78,0.00,0.00,0.00,0.00,0.00,0.00,0.50,1.00,1.00,0.71,0.42,0.00,0.00,0.62,1.85,4.26,0.00,4.98,0.00,0.00,0.49,0.53,0.83,0.00,0.76,0.96,0.00,0.00,3.07,2.65,0.00,0.00,6.63,0.00,0.86,0.84,0.00,0.00,0.00,0.00,0.00,0.00,1.11,1.15,0.68,0.69,2.11,1.24,1.47,0.70,0.26,0.26,1.15,1.15,0.00,0.00,0.00,0.00,0.00,0.00,0.00,0.00,0.00,0.00
3950.5,-2.000,7.000,0.000,0.000,0.000,0,0,0.816,0,0.000,0.000,0.000,0.000,0.000,0.00,1.50,1.20,0.00,0.00,64.68,66.99,0.00,4.26,14.71,18.92,0.68,0.70,1.26,1.63,0.71,0.57,15.64,7.11,6.09,8.64,0.00,0.00,7.46,6.84,0.00,0.00,0.00,0.80,1.20,1.25,0.00,0.77,1.62,1.45,0.00,0.00,0.00,0.00,0.00,1.42,2.30,1.99,0.00,0.00,0.00,0.00,0.00,0.00,0.00,0.00,0.00,0.00,0.00,0.00,0.00,0.00,0.00,0.00,0.00,0.00,0.00,0.00,0.00,0.00,0.00,0.00,0.00,0.00,0.00,0.00,0.00,0.00,0.00,0.00,0.00,0.00,0.00,0.00,0.00,0.00,0.00,0.00,0.00,0.00,0.00,0.00,0.00,0.00,0.00,0.00,0.00,0.00,0.00,0.00,1.24,1.61,0.77,0.85,2.89,3.10,18.91,18.42,0.00,0.00,0.00,1.87,0.51,2.53,0.00,0.00,1.39,0.79,0.00,0.00,7.46,0.00,0.00,0.00,0.00,9.95,0.00,0.00,0.00,0.00,0.00,0.00,0.00,0.00,0.00,0.00,0.00,0.00,0.00,0.00,0.00,0.00,0.00,0.00,0.00,0.00,0.00,0.00,0.00,0.00,0.00,0.00,0.00,0.00,0.00,0.00,0.00,0.00,0.00,0.00,0.00,0.00,0.00,0.00,0.00,0.00,0.00,0.00,0.00,0.00,0.00,0.00,0.00,0.00,0.00,0.00,0.00,0.00,0.00,0.00,0.00,0.00,0.00,0.00,0.00,0.00,0.00,0.00,0.00,0.00,0.00,0.00,0.00,0.00,0.00,0.00,0.00,0.00,0.00,0.00,0.00,0.00,0.00,0.00,0.00,0.00,0.00,0.00,0.00,0.00,0.00,0.00,0.00,0.00,0.00,0.00,0.00,0.00,0.00,0.00,0.00,0.00,0.00,0.00,0.00,0.00,0.00,0.00,0.00,0.00,0.00,0.00,0.00,0.00,0.00,0.00,0.00,0.83,0.12,0.00,0.93,0.00,0.00,0.01,0.01,0.00,1.23,0.69,1.19,3.08,3.21,2.31,3.26,0.00,0.00,3.09,2.51,2.23,2.43,0.00,0.00,0.00,0.46,0.45,0.00,0.00,1.49,0.00,1.07,0.42,0.00,0.00,0.92,0.53,0.00,4.26,0.00,1.07,1.42,0.98,1.37,0.98,0.00,0.76,1.46,0.00,0.00,3.51,1.33,0.00,0.00,0.00,0.00,1.04,1.10,0.00,0.00,0.00,0.00,0.00,0.00,4.42,0.00,0.68,1.16,2.46,1.55,2.45,0.35,1.03,2.09,0.00,2.30,0.00,0.00,0.00,0.00,0.00,0.00,0.00,0.00,0.00,0.00
4050.5,-2.000,7.000,0.000,0.000,0.000,0,0,0.816,0,0.000,0.000,0.000,0.000,0.000,0.00,1.00,1.56,0.00,2.49,67.03,67.69,8.53,4.26,16.11,19.26,1.16,0.80,1.62,1.99,0.97,1.10,17.06,14.21,7.02,7.84,0.00,0.00,8.08,6.84,0.00,0.00,1.19,0.40,1.62,1.68,1.57,0.00,1.06,1.08,0.00,0.00,0.00,0.00,0.00,0.00,0.00,1.99,1.49,3.14,0.00,0.00,0.00,0.00,0.00,0.00,0.00,0.00,0.00,0.00,0.00,0.00,0.00,0.00,0.00,0.00,0.00,0.00,0.00,0.00,0.00,0.00,0.00,0.00,0.00,0.00,0.00,0.00,0.00,0.00,0.00,0.00,0.00,0.00,0.00,0.00,0.00,0.00,0.00,0.00,0.00,0.00,0.00,0.00,0.00,0.00,0.00,0.00,0.00,0.00,0.88,1.07,0.00,0.85,2.61,2.61,19.28,19.68,0.00,0.00,0.00,1.87,1.01,0.51,0.00,0.00,1.08,0.99,0.81,0.81,0.00,0.00,0.00,0.00,0.00,0.00,0.00,0.00,0.00,0.00,0.00,0.00,0.00,0.00,0.00,29.85,0.00,0.00,0.00,0.00,0.00,0.00,0.00,0.00,0.00,0.00,0.00,0.00,0.00,0.00,0.00,0.00,0.00,0.00,0.00,0.00,0.00,0.00,0.00,0.00,0.00,0.00,0.00,0.00,0.00,0.00,0.00,0.00,0.00,14.93,0.00,0.00,0.00,0.00,29.85,0.00,0.00,0.00,0.00,0.00,0.00,0.00,0.00,0.00,0.00,0.00,0.00,0.00,0.00,0.00,0.00,0.00,0.00,0.00,0.00,0.00,0.00,0.00,0.00,0.00,29.85,0.00,0.00,0.00,0.00,0.00,0.00,0.00,0.00,0.00,0.00,0.00,0.00,0.00,0.00,0.00,0.00,0.00,0.00,0.00,0.00,0.00,0.00,0.00,0.00,0.00,0.00,0.00,0.00,0.00,0.00,0.00,0.00,0.00,0.00,0.00,0.00,0.00,0.12,0.00,0.00,0.00,0.00,0.02,0.01,0.00,0.62,0.89,1.28,3.06,3.17,4.02,3.12,9.95,0.00,2.40,3.26,2.84,2.26,0.00,0.00,0.00,0.00,0.90,0.50,0.50,1.99,1.00,1.42,1.47,2.30,2.99,1.23,1.06,0.00,0.00,4.98,1.07,1.42,0.49,1.01,1.06,0.00,0.82,1.35,0.00,0.00,3.51,1.99,3.73,0.00,0.00,0.00,1.07,1.00,0.00,0.00,0.00,0.00,0.00,0.00,1.11,1.15,0.45,2.78,0.70,0.62,0.49,0.35,2.57,1.31,0.00,0.00,0.00,0.00,0.00,0.00,0.00,0.00,0.00,0.00,0.00,0.00
4150.5,-2.000,7.000,0.000,0.000,0.000,0,0,0.817,0,0.000,0.000,0.000,0.000,0.000,0.00,1.07,1.20,2.49,0.00,65.23,68.53,8.53,4.26,16.11,19.96,1.18,1.16,1.62,3.08,0.56,0.59,17.06,9.95,7.73,8.87,0.00,0.00,4.98,5.60,0.00,0.00,1.19,1.19,1.58,1.50,0.79,0.77,1.80,1.92,0.00,0.00,0.00,0.00,2.84,1.42,0.00,0.00,0.00,1.57,0.00,0.00,0.00,0.00,0.00,0.00,0.00,0.00,0.00,0.00,0.00,0.00,0.00,0.00,0.00,0.00,0.00,0.00,0.00,0.00,0.00,0.00,0.00,0.00,0.00,0.00,0.00,0.00,0.00,0.00,0.00,0.00,0.00,0.00,0.00,0.00,0.00,0.00,0.00,0.00,0.00,0.00,0.00,0.00,0.00,0.00,0.00,0.00,0.00,0.00,0.00,1.61,0.00,0.85,3.15,2.56,18.65,19.31,0.00,0.00,0.00,0.00,0.51,0.00,0.00,0.00,1.08,0.79,1.61,0.81,0.00,0.00,0.00,0.00,0.00,0.00,0.00,0.00,0.00,0.00,0.00,0.00,29.85,59.70,0.00,29.85,2.49,7.79,0.00,0.00,0.00,0.00,0.00,0.00,0.00,0.00,0.00,0.00,0.00,0.00,0.00,0.00,0.00,0.00,0.00,0.00,0.00,0.00,0.00,0.00,0.00,0.00,0.00,0.00,0.00,0.00,0.00,0.00,0.00,0.00,0.00,0.00,0.00,0.00,0.00,0.00,0.00,0.00,0.00,0.00,0.00,0.00,0.00,0.00,0.00,0.00,0.00,0.00,0.00,0.00,0.00,0.00,0.00,0.00,0.00,0.00,0.00,0.00,0.00,0.00,0.00,0.00,0.00,0.00,0.00,0.00,0.00,0.00,0.00,0.00,0.00,0.00,0.00,0.00,0.00,0.00,0.00,0.00,0.00,0.00,0.00,0.00,0.00,0.00,0.00,0.00,0.00,0.00,0.00,0.00,0.00,0.00,0.00,0.00,0.00,0.00,0.00,0.59,0.61,0.00,0.00,0.00,0.00,0.02,0.00,0.40,0.62,1.28,1.36,3.09,3.08,2.68,3.26,9.95,0.00,2.84,3.12,2.64,3.12,2.49,0.00,0.00,0.92,0.45,0.00,0.50,0.50,0.00,1.42,1.05,0.00,0.00,0.92,2.38,0.00,0.00,4.98,0.00,0.95,0.00,0.91,0.77,0.00,0.57,0.56,0.00,0.00,2.19,1.33,3.73,8.53,0.00,0.00,1.21,1.18,0.00,0.00,0.00,0.00,0.00,0.00,3.32,4.59,0.68,2.31,1.40,1.87,0.98,0.70,0.77,1.05,1.15,4.59,0.00,0.00,0.00,0.00,0.00,0.00,0.00,0.00,0.00,0.00
4250.5,-2.000,7.000,0.000,0.000,0.000,0,0,0.817,0,0.000,0.000,0.000,0.000,0.000,2.13,0.82,0.90,0.00,2.49,65.23,69.23,4.26,4.26,13.92,20.05,0.97,0.82,2.52,3.44,1.01,1.14,19.90,12.79,9.72,9.34,0.00,0.00,7.46,8.71,0.00,0.00,1.19,1.59,1.55,1.58,0.79,1.53,1.34,1.78,0.00,0.00,0.00,0.00,0.00,0.00,2.30,3.98,0.00,1.57,0.00,0.00,0.00,0.00,0.00,0.00,0.00,0.00,0.00,0.00,0.00,0.00,0.00,0.00,0.00,0.00,0.00,0.00,0.00,0.00,0.00,0.00,0.00,0.00,0.00,0.00,0.00,0.00,0.00,0.00,0.00,0.00,0.00,0.00,0.00,0.00,0.00,0.00,0.00,0.00,0.00,0.00,0.00,0.00,0.00,0.00,0.00,0.00,0.00,0.00,1.41,0.89,0.00,1.71,2.76,3.14,18.96,18.50,0.00,0.00,0.00,0.00,0.00,1.52,0.00,0.00,0.77,0.99,0.00,0.81,0.00,0.00,0.00,0.00,0.00,0.00,0.00,29.85,0.00,0.00,0.00,0.00,0.00,0.00,0.00,0.00,3.73,0.00,0.00,0.00,0.00,0.00,0.00,0.00,0.00,0.00,0.00,0.00,0.00,0.00,0.00,0.00,0.00,0.00,0.00,0.00,0.00,0.00,0.00,0.00,0.00,0.00,0.00,0.00,0.00,0.00,0.00,0.00,0.00,0.00,0.00,0.00,0.00,0.00,0.00,0.00,0.00,0.00,0.00,0.00,0.00,0.00,0.00,0.00,0.00,0.00,0.00,0.00,0.00,0.00,0.00,0.00,0.00,0.00,0.00,0.00,0.00,0.00,0.00,0.00,0.00,0.00,0.00,0.00,0.00,0.00,0.00,0.00,0.00,0.00,0.00,0.00,0.00,0.00,0.00,0.00,0.00,0.00,0.00,0.00,0.00,0.00,0.00,0.00,0.00,0.00,0.00,0.00,0.00,0.00,0.00,0.00,0.00,0.00,0.00,0.00,0.00,0.35,0.12,0.00,0.00,0.00,0.00,0.02,0.00,0.40,0.00,0.59,1.28,3.10,2.84,2.19,3.53,9.95,0.00,2.84,2.92,3.05,2.78,0.00,2.30,0.00,0.46,0.90,0.00,0.50,1.49,0.00,1.07,1.68,0.00,0.00,0.62,0.79,0.00,0.00,0.00,2.13,3.79,1.47,1.22,0.77,0.00,1.58,0.84,0.00,0.00,3.51,3.98,0.00,0.00,0.00,0.00,1.00,1.13,0.00,0.00,29.85,0.00,0.00,0.00,1.11,0.00,1.13,1.16,0.00,0.93,0.00,0.70,0.77,0.52,0.00,1.15,0.00,0.00,0.00,0.00,0.00,0.00,0.00,0.00,0.00,0.00
4350.5,-2.000,7.000,0.000,0.000,0.000,0,0,0.817,0,0.000,0.000,0.000,0.000,0.000,0.00,1.92,1.23,0.00,2.49,64.68,65.87,4.26,4.26,16.19,18.74,0.65,1.10,2.16,2.35,0.56,0.44,21.32,5.69,7.02,7.61,0.00,0.00,6.22,6.84,0.00,0.00,1.59,1.19,1.90,2.49,1.57,2.30,2.92,4.59,29.85,0.00,9.95,0.00,0.00,0.00,0.00,3.98,2.99,0.00,0.00,0.00,0.00,0.00,0.00,0.00,0.00,0.00,0.00,0.00,0.00,0.00,0.00,0.00,0.00,0.00,0.00,0.00,0.00,0.00,0.00,0.00,0.00,0.00,0.00,0.00,0.00,0.00,0.00,0.00,0.00,0.00,0.00,0.00,0.00,0.00,0.00,0.00,0.00,0.00,0.00,0.00,0.00,0.00,0.00,0.00,0.00,0.00,0.00,0.00,1.06,1.25,0.00,0.85,2.65,3.63,19.28,18.18,0.00,0.00,0.00,0.00,1.01,0.51,0.00,0.00,0.77,1.19,1.61,0.81,0.00,0.00,0.00,0.00,0.00,0.00,0.00,59.70,0.00,0.00,0.00,0.00,29.85,29.85,29.85,0.00,0.00,1.30,0.00,0.00,0.00,0.00,0.00,0.00,0.00,0.00,0.00,0.00,0.00,0.00,0.00,0.00,0.00,0.00,0.00,0.00,29.85,29.85,0.00,0.00,0.00,0.00,0.00,0.00,0.00,0.00,0.00,0.00,0.00,0.00,0.00,0.00,0.00,0.00,0.00,0.00,0.00,0.00,0.00,0.00,0.00,0.00,0.00,0.00,29.85,29.85,0.00,0.00,0.00,0.00,0.00,0.00,0.00,0.00,0.00,0.00,0.00,0.00,0.00,0.00,0.00,0.00,0.00,0.00,0.00,0.00,0.00,0.00,0.00,0.00,0.00,0.00,0.00,0.00,0.00,0.00,0.00,0.00,0.00,0.00,0.00,0.00,0.00,0.00,0.00,0.00,0.00,0.00,0.00,0.00,0.00,0.00,0.00,0.00,0.00,0.00,0.00,0.59,0.85,0.00,0.00,0.00,0.00,0.02,0.01,0.40,0.31,1.28,1.02,2.64,3.02,3.05,3.26,0.00,0.00,2.97,3.32,1.62,2.95,0.00,4.59,0.00,0.46,0.45,1.00,0.50,0.00,0.00,1.78,1.26,0.00,0.00,1.85,1.58,8.53,0.00,0.00,0.00,1.90,1.96,1.22,1.72,0.00,0.82,0.79,0.00,0.00,4.83,5.31,0.00,0.00,3.32,0.00,1.21,1.21,0.00,0.00,0.00,0.00,0.00,0.00,1.11,3.44,2.04,1.62,1.40,2.80,0.98,0.35,1.03,2.09,5.74,2.30,0.00,0.00,0.00,0.00,0.00,0.00,0.00,0.00,0.00,0.00
4450.5,-2.000,7.000,0.000,0.000,0.000,0,0,0.818,0,0.013,0.000,0.032,0.000,0.082,0.00,1.46,1.30,0.00,2.49,63.43,66.57,8.53,4.26,15.06,19.26,1.12,0.93,1.44,1.81,0.86,0.76,14.21,9.95,7.84,7.95,0.00,0.00,6.84,4.98,0.00,0.00,1.19,0.80,1.89,1.72,0.00,0.77,1.39,1.82,0.00,0.00,0.00,9.95,1.42,0.00,2.30,0.00,0.00,0.00,0.00,0.00,0.00,0.00,0.00,0.00,0.00,0.00,0.00,0.00,0.00,0.00,0.00,0.00,0.00,0.00,0.00,0.00,0.00,0.00,0.00,0.00,0.00,0.00,0.00,0.00,0.00,0.00,0.00,0.00,0.00,0.00,0.00,0.00,0.00,0.00,0.00,0.00,0.00,0.00,0.00,0.00,0.00,0.00,0.00,0.00,0.00,0.00,0.00,0.00,0.71,0.89,1.53,2.56,3.07,3.17,18.81,18.60,0.00,0.00,2.30,0.00,1.01,1.52,0.00,0.00,0.93,0.69,0.00,0.00,0.00,0.00,0.00,0.00,0.00,0.00,0.00,0.00,0.00,0.00,0.00,0.00,29.85,29.85,0.00,0.00,1.24,1.30,0.00,0.00,0.00,0.00,0.00,0.00,0.00,0.00,0.00,0.00,0.00,0.00,0.00,0.00,0.00,0.00,0.00,0.00,0.00,0.00,0.00,0.00,0.00,0.00,0.00,0.00,0.00,0.00,0.00,0.00,0.00,0.00,0.00,0.00,0.00,0.00,0.00,0.00,0.00,0.00,0.00,0.00,0.00,0.00,0.00,0.00,0.00,0.00,0.00,0.00,0.00,0.00,0.00,0.00,0.00,0.00,0.00,0.00,0.00,0.00,0.00,0.00,0.00,0.00,0.00,0.00,0.00,0.00,0.00,0.00,0.00,0.00,0.00,0.00,0.00,0.00,0.00,0.00,0.00,0.00,0.00,0.00,0.00,0.00,0.00,0.00,0.00,0.00,0.00,0.00,0.00,0.00,0.00,0.00,0.00,0.00,0.00,0.00,0.00,0.47,0.49,0.00,0.00,0.00,0.00,0.01,0.01,1.19,1.23,0.89,1.02,3.02,3.04,2.68,2.85,0.00,0.00,3.09,3.05,2.44,3.30,0.00,0.00,0.00,0.46,0.45,0.50,0.00,0.00,0.00,0.00,1.05,0.00,0.00,0.92,1.06,0.00,4.26,0.00,1.07,0.00,0.00,0.68,0.95,0.00,1.07,1.52,0.00,0.00,2.19,3.98,3.73,0.00,0.00,0.00,1.05,0.99,0.00,0.00,0.00,0.00,0.00,0.00,0.00,0.00,0.68,1.85,3.16,1.24,0.49,1.40,2.06,0.52,1.15,2.30,0.00,0.00,0.00,0.00,0.00,0.00,0.00,0.00,0.00,0.00
4550.5,-2.000,7.000,0.000,0.000,0.000,0,0,0.818,0,0.115,0.140,0.077,0.142,0.016,2.13,0.85,1.46,2.49,0.00,65.09,68.39,4.26,8.53,15.49,18.57,1.01,0.95,2.34,2.35,0.98,0.56,21.32,8.53,7.37,7.03,0.00,0.00,9.95,5.60,0.00,0.00,0.80,1.19,1.20,1.18,0.00,0.00,1.43,0.94,0.00,0.00,0.00,0.00,4.26,1.42,2.30,1.99,0.00,0.00,0.00,0.00,0.00,0.00,0.00,0.00,0.00,0.00,0.00,0.00,0.00,0.00,0.00,0.00,0.00,0.00,0.00,0.00,0.00,0.00,0.00,0.00,0.00,0.00,0.00,0.00,0.00,0.00,0.00,0.00,0.00,0.00,0.00,0.00,0.00,0.00,0.00,0.00,0.00,0.00,0.00,0.00,0.00,0.00,0.00,0.00,0.00,0.00,0.00,0.00,1.77,1.61,0.77,5.12,3.11,2.93,19.17,17.97,0.00,0.00,0.00,0.00,0.00,1.01,0.00,0.00,0.93,1.09,1.61,0.00,0.00,0.00,0.00,0.00,0.00,0.00,29.85,0.00,0.00,0.00,0.00,0.00,0.00,0.00,0.00,0.00,2.49,1.30,0.00,0.00,0.00,0.00,0.00,0.00,0.00,0.00,0.00,0.00,0.00,0.00,0.00,0.00,0.00,0.00,0.00,0.00,0.00,0.00,0.00,0.00,0.00,0.00,0.00,0.00,0.00,0.00,29.85,29.85,0.00,0.00,0.00,0.00,0.00,0.00,0.00,0.00,0.00,0.00,0.00,0.00,0.00,0.00,0.00,0.00,0.00,0.00,29.85,0.00,0.00,0.00,0.00,29.85,0.00,29.85,0.00,0.00,0.00,0.00,0.00,0.00,0.00,0.00,0.00,0.00,0.00,0.00,0.00,0.00,0.00,0.00,0.00,0.00,0.00,0.00,0.00,0.00,0.00,0.00,0.00,0.00,0.00,0.00,0.00,0.00,0.00,0.00,0.00,0.00,0.00,0.00,0.00,0.00,0.00,0.00,0.00,0.00,0.00,0.12,0.00,0.00,0.00,0.00,0.00,0.02,0.00,0.40,0.31,0.30,1.53,2.64,3.26,3.05,3.53,4.98,0.00,3.28,2.44,4.06,2.43,0.00,0.00,0.00,0.46,0.90,0.00,0.50,0.50,0.00,0.36,1.05,6.89,2.99,0.31,0.53,0.00,0.00,0.00,1.07,0.47,1.47,0.82,0.68,0.00,0.76,1.58,0.00,0.00,3.07,3.32,0.00,0.00,0.00,0.00,0.83,0.92,0.00,0.00,0.00,0.00,0.00,0.00,0.00,0.00,1.36,1.39,1.05,0.31,2.45,1.76,0.51,1.05,0.00,0.00,0.00,0.00,0.00,0.00,0.00,0.00,0.00,0.00,0.00,0.00
4650.5,-2.000,7.000,0.000,0.000,0.000,0,0,0.819,0,0.022,0.026,0.015,0.027,0.003,4.26,1.82,1.03,0.00,0.00,64.40,66.29,4.26,4.26,14.71,19.44,1.27,1.10,2.34,2.89,0.88,0.78,18.48,9.95,7.61,7.72,0.00,0.00,9.95,11.82,0.00,0.00,1.19,2.79,1.66,1.55,1.57,2.30,2.18,1.73,0.00,0.00,0.00,0.00,2.84,4.26,0.00,3.98,0.00,0.00,0.00,0.00,0.00,0.00,0.00,0.00,0.00,0.00,0.00,0.00,0.00,0.00,0.00,0.00,0.00,0.00,0.00,0.00,0.00,0.00,0.00,0.00,0.00,0.00,0.00,0.00,0.00,0.00,0.00,0.00,0.00,0.00,0.00,0.00,0.00,0.00,0.00,0.00,0.00,0.00,0.00,0.00,0.00,0.00,0.00,0.00,0.00,0.00,0.00,0.00,1.24,0.54,0.00,0.00,3.13,3.12,18.88,18.39,0.00,0.00,0.00,3.73,0.00,0.00,0.00,0.00,0.31,0.89,3.23,0.00,0.00,0.00,0.00,0.00,0.00,0.00,29.85,0.00,0.00,0.00,0.00,0.00,0.00,0.00,0.00,0.00,0.00,1.30,0.00,0.00,0.00,0.00,0.00,0.00,0.00,0.00,0.00,0.00,0.00,0.00,0.00,0.00,0.00,0.00,0.00,0.00,29.85,29.85,0.00,0.00,0.00,0.00,0.00,0.00,0.00,0.00,0.00,0.00,0.00,0.00,0.00,0.00,0.00,0.00,0.00,0.00,0.00,0.00,0.00,0.00,0.00,0.00,0.00,0.00,0.00,0.00,0.00,0.00,0.00,0.00,0.00,0.00,0.00,0.00,0.00,0.00,0.00,0.00,0.00,0.00,0.00,0.00,0.00,0.00,0.00,0.00,0.00,0.00,0.00,0.00,0.00,0.00,0.00,0.00,0.00,0.00,0.00,0.00,0.00,0.00,0.00,0.00,0.00,0.00,0.00,0.00,0.00,0.00,0.00,0.00,0.00,0.00,0.00,0.00,0.00,0.00,0.00,0.59,0.49,1.61,1.87,0.00,0.00,0.01,0.01,0.80,0.92,1.09,1.02,2.73,3.10,2.80,3.12,0.00,0.00,2.84,2.92,2.44,3.12,2.49,0.00,0.00,0.46,0.45,0.00,0.00,0.50,0.50,1.07,0.42,0.00,0.00,0.62,1.32,0.00,0.00,0.00,1.07,2.84,2.45,1.18,1.00,0.00,0.69,0.96,0.00,0.00,3.07,1.99,0.00,0.00,0.00,2.99,1.05,1.02,0.00,0.00,0.00,0.00,0.00,0.00,2.21,0.00,1.36,0.23,1.05,0.93,1.96,1.05,2.32,0.79,0.00,3.44,0.00,0.00,0.00,0.00,0.00,0.00,0.00,0.00,0.00,0.00
4750.5,-2.000,7.000,0.000,0.000,0.000,0,0,0.819,0,0.004,0.005,0.003,0.005,0.001,0.00,0.89,1.10,0.00,0.00,63.43,67.41,0.00,4.26,15.58,18.92,0.82,1.03,1.62,1.09,0.91,0.82,19.90,11.37,7.37,8.64,0.00,0.00,10.57,8.08,0.00,0.00,1.19,0.80,1.63,1.62,2.36,1.53,2.31,2.29,29.85,0.00,9.95,29.85,1.42,0.00,0.00,1.99,0.00,0.00,0.00,0.00,0.00,0.00,0.00,0.00,0.00,0.00,0.00,0.00,0.00,0.00,0.00,0.00,0.00,0.00,0.00,0.00,0.00,0.00,0.00,0.00,0.00,0.00,0.00,0.00,0.00,0.00,0.00,0.00,0.00,0.00,0.00,0.00,0.00,0.00,0.00,0.00,0.00,0.00,0.00,0.00,0.00,0.00,0.00,0.00,0.00,0.00,0.00,0.00,1.24,1.07,1.53,0.00,3.02,2.68,18.81,19.26,0.00,14.93,2.30,0.00,1.01,1.01,0.00,0.00,1.70,1.28,0.00,0.81,0.00,0.00,0.00,0.00,0.00,0.00,29.85,0.00,0.00,0.00,0.00,0.00,29.85,29.85,0.00,0.00,0.00,0.00,0.00,0.00,0.00,0.00,0.00,0.00,0.00,0.00,0.00,0.00,0.00,0.00,0.00,0.00,0.00,0.00,0.00,0.00,0.00,0.00,0.00,0.00,0.00,0.00,0.00,0.00,0.00,0.00,0.00,0.00,0.00,0.00,0.00,0.00,0.00,0.00,0.00,0.00,0.00,0.00,0.00,0.00,0.00,0.00,0.00,0.00,0.00,0.00,0.00,0.00,0.00,0.00,0.00,0.00,0.00,0.00,0.00,0.00,0.00,0.00,0.00,29.85,0.00,0.00,0.00,0.00,0.00,0.00,0.00,0.00,0.00,0.00,0.00,0.00,0.00,0.00,0.00,0.00,0.00,0.00,0.00,0.00,0.00,0.00,0.00,0.00,0.00,0.00,0.00,0.00,0.00,0.00,0.00,0.00,0.00,0.00,0.00,0.00,0.00,0.71,0.61,0.00,0.00,0.00,0.00,0.02,0.01,1.59,0.00,0.79,1.28,2.98,2.98,2.68,3.93,0.00,0.00,2.90,2.78,3.05,2.95,2.49,0.00,0.00,0.46,0.00,0.00,0.50,3.98,0.00,0.36,1.47,0.00,0.00,0.62,0.53,0.00,0.00,0.00,0.00,2.37,0.00,1.03,0.85,0.00,1.45,1.18,0.00,0.00,2.19,3.32,0.00,0.00,0.00,2.99,1.05,0.92,0.00,0.00,0.00,0.00,0.00,0.00,0.00,1.15,2.26,0.93,1.05,1.87,2.45,3.16,1.03,1.05,2.30,2.30,0.00,0.00,0.00,0.00,0.00,0.00,0.00,0.00,0.00,0.00
4850.5,-2.000,7.000,0.000,0.000,0.000,0,0,0.819,0,0.001,0.001,0.001,0.001,0.000,2.13,1.00,0.93,2.49,0.00,65.09,67.55,4.26,4.26,15.49,19.70,0.68,1.03,2.52,2.35,0.75,0.75,19.90,12.79,7.73,8.64,0.00,0.00,9.95,8.71,0.00,0.00,2.39,0.80,2.29,2.30,1.57,0.77,2.04,1.68,0.00,0.00,0.00,0.00,0.00,0.00,0.00,0.00,0.00,0.00,0.00,0.00,0.00,0.00,0.00,0.00,0.00,0.00,0.00,0.00,0.00,0.00,0.00,0.00,0.00,0.00,0.00,0.00,0.00,0.00,0.00,0.00,0.00,0.00,0.00,0.00,0.00,0.00,0.00,0.00,0.00,0.00,0.00,0.00,0.00,0.00,0.00,0.00,0.00,0.00,0.00,0.00,0.00,0.00,0.00,0.00,0.00,0.00,0.00,0.00,1.06,0.89,0.00,0.85,2.87,3.33,18.86,19.34,7.46,0.00,0.00,0.00,0.51,0.51,0.00,0.00,1.86,0.49,3.23,0.00,0.00,3.73,0.00,0.00,0.00,0.00,0.00,0.00,0.00,0.00,0.00,0.00,0.00,0.00,29.85,0.00,1.24,1.30,0.00,0.00,0.00,0.00,0.00,0.00,0.00,0.00,0.00,0.00,0.00,0.00,0.00,0.00,0.00,0.00,0.00,0.00,0.00,0.00,0.00,0.00,0.00,0.00,0.00,0.00,0.00,0.00,0.00,0.00,0.00,0.00,0.00,0.00,0.00,0.00,0.00,0.00,0.00,0.00,0.00,0.00,0.00,0.00,0.00,0.00,0.00,0.00,0.00,0.00,0.00,0.00,0.00,0.00,0.00,0.00,0.00,0.00,0.00,0.00,0.00,0.00,0.00,0.00,0.00,0.00,0.00,0.00,0.00,0.00,0.00,0.00,0.00,0.00,0.00,0.00,0.00,0.00,0.00,0.00,0.00,0.00,0.00,0.00,0.00,0.00,0.00,0.00,0.00,0.00,0.00,0.00,0.00,0.00,0.00,0.00,0.00,0.00,0.00,0.71,1.09,0.00,0.00,0.00,0.00,0.01,0.00,0.00,0.00,0.79,1.02,2.70,2.86,2.92,2.58,0.00,0.00,2.08,2.10,2.23,1.91,0.00,0.00,0.00,0.00,0.00,0.50,0.00,0.00,0.00,1.07,0.84,0.00,0.00,1.85,0.79,8.53,0.00,0.00,0.00,0.00,0.49,0.57,0.91,0.00,0.76,1.01,0.00,0.00,3.95,7.30,0.00,0.00,0.00,0.00,1.16,1.02,0.00,0.00,0.00,0.00,29.85,0.00,1.11,1.15,0.68,0.93,3.16,1.55,3.43,3.16,0.77,0.79,1.15,0.00,0.00,0.00,0.00,0.00,0.00,0.00,0.00,0.00,0.00,0.00
4950.5,-2.000,7.000,0.000,0.000,0.000,0,0,0.820,0,0.000,0.000,0.000,0.000,0.000,2.13,0.75,1.23,2.49,2.49,66.20,66.43,4.26,4.26,15.76,19.26,0.99,1.06,3.24,1.45,0.58,0.71,17.06,9.95,6.79,10.03,0.00,0.00,2.49,12.44,0.00,0.00,0.80,0.40,1.34,1.33,3.14,0.00,0.93,0.75,0.00,0.00,0.00,0.00,0.00,0.00,0.00,0.00,0.00,0.00,0.00,0.00,0.00,0.00,0.00,0.00,0.00,0.00,0.00,0.00,0.00,0.00,0.00,0.00,0.00,0.00,0.00,0.00,0.00,0.00,0.00,0.00,0.00,0.00,0.00,0.00,0.00,0.00,0.00,0.00,0.00,0.00,0.00,0.00,0.00,0.00,0.00,0.00,0.00,0.00,0.00,0.00,0.00,0.00,0.00,0.00,0.00,0.00,0.00,0.00,0.35,1.07,0.77,1.71,2.91,3.35,18.86,18.36,0.00,0.00,0.00,3.73,1.52,1.52,0.00,0.00,0.46,0.99,0.00,1.61,0.00,0.00,0.00,0.00,0.00,9.95,0.00,0.00,0.00,0.00,0.00,0.00,0.00,0.00,0.00,29.85,1.24,2.60,0.00,0.00,0.00,0.00,0.00,0.00,0.00,0.00,0.00,0.00,0.00,0.00,0.00,0.00,0.00,0.00,0.00,0.00,0.00,0.00,0.00,0.00,0.00,0.00,0.00,0.00,0.00,0.00,0.00,0.00,0.00,0.00,0.00,0.00,0.00,0.00,0.00,0.00,0.00,0.00,0.00,0.00,0.00,0.00,0.00,0.00,0.00,0.00,0.00,0.00,0.00,0.00,0.00,0.00,0.00,0.00,0.00,0.00,0.00,0.00,0.00,0.00,0.00,0.00,0.00,0.00,0.00,0.00,0.00,0.00,0.00,0.00,0.00,0.00,0.00,0.00,0.00,0.00,0.00,0.00,0.00,0.00,0.00,0.00,0.00,0.00,0.00,0.00,0.00,0.00,0.00,0.00,0.00,0.00,0.00,0.00,0.00,0.00,0.00,0.12,0.24,0.00,0.00,0.00,0.00,0.00,0.00,0.00,0.31,1.09,1.28,3.12,3.00,3.17,2.71,0.00,0.00,2.27,1.76,1.83,3.64,0.00,0.00,0.00,0.00,0.00,0.00,0.00,0.00,0.50,0.71,1.05,0.00,0.00,0.62,1.85,0.00,4.26,0.00,0.00,0.95,0.00,1.16,0.71,0.00,0.82,0.79,0.00,14.93,2.19,4.64,0.00,0.00,0.00,8.96,1.06,0.84,0.00,0.00,0.00,0.00,0.00,0.00,0.00,0.00,0.45,0.46,1.05,1.55,0.00,1.05,1.29,0.26,0.00,3.44,0.00,0.00,0.00,0.00,0.00,0.00,0.00,0.00,0.00,0.00
5050.5,-2.000,7.000,0.000,0.000,0.000,0,0,0.820,0,0.000,0.000,0.000,0.000,0.000,0.00,0.85,0.80,0.00,2.49,65.09,66.71,0.00,12.79,14.97,18.31,0.99,1.18,2.34,1.09,0.76,0.49,17.06,9.95,6.91,8.99,0.00,0.00,4.98,4.35,0.00,0.00,1.59,2.39,1.18,1.52,0.79,0.77,1.11,1.12,0.00,0.00,0.00,0.00,1.42,0.00,0.00,0.00,1.49,0.00,0.00,0.00,0.00,0.00,0.00,0.00,0.00,0.00,0.00,0.00,0.00,0.00,0.00,0.00,0.00,0.00,0.00,0.00,0.00,0.00,0.00,0.00,0.00,0.00,0.00,0.00,0.00,0.00,0.00,0.00,0.00,0.00,0.00,0.00,0.00,0.00,0.00,0.00,0.00,0.00,0.00,0.00,0.00,0.00,0.00,0.00,0.00,0.00,0.00,0.00,0.53,1.07,1.53,0.85,2.87,3.14,18.21,18.92,0.00,0.00,0.00,3.73,1.01,0.00,0.00,0.00,0.46,1.19,2.42,1.61,0.00,0.00,0.00,0.00,0.00,0.00,0.00,0.00,0.00,0.00,0.00,0.00,0.00,0.00,0.00,0.00,2.49,2.60,0.00,0.00,0.00,0.00,0.00,0.00,0.00,0.00,0.00,0.00,0.00,0.00,0.00,0.00,0.00,0.00,0.00,0.00,0.00,0.00,0.00,0.00,0.00,0.00,0.00,0.00,0.00,0.00,0.00,0.00,0.00,0.00,0.00,0.00,0.00,0.00,0.00,0.00,0.00,0.00,0.00,0.00,0.00,0.00,0.00,0.00,0.00,0.00,0.00,0.00,0.00,0.00,0.00,0.00,0.00,0.00,0.00,0.00,0.00,0.00,0.00,0.00,0.00,0.00,0.00,0.00,0.00,0.00,0.00,0.00,0.00,0.00,0.00,0.00,0.00,0.00,0.00,0.00,0.00,0.00,0.00,0.00,0.00,0.00,0.00,0.00,0.00,0.00,0.00,0.00,0.00,0.00,0.00,0.00,0.00,0.00,0.00,0.00,0.00,0.12,0.12,0.00,0.00,0.00,0.00,0.00,0.01,0.40,0.00,0.99,0.51,2.94,2.97,3.78,2.04,0.00,0.00,3.41,2.78,3.45,2.78,0.00,0.00,0.00,0.00,0.00,0.00,0.00,0.00,0.50,1.78,1.89,0.00,0.00,0.31,0.79,0.00,4.26,0.00,1.07,0.95,0.00,0.87,0.58,0.00,0.57,1.07,0.00,0.00,1.76,1.99,0.00,0.00,0.00,0.00,0.90,0.81,0.00,0.00,0.00,0.00,0.00,0.00,0.00,0.00,0.23,0.69,0.70,0.62,0.49,0.35,0.51,0.52,1.15,1.15,0.00,0.00,0.00,0.00,0.00,0.00,0.00,0.00,0.00,0.00
5150.5,-2.000,7.000,0.000,0.000,0.000,0,0,0.821,0,0.000,0.000,0.000,0.000,0.000,2.13,1.18,1.33,2.49,0.00,65.37,67.13,4.26,4.26,14.62,18.05,0.97,0.82,0.90,1.27,0.71,0.44,24.16,8.53,8.31,8.99,0.00,0.00,8.08,3.73,0.00,0.00,1.19,0.80,1.49,1.35,0.00,0.77,2.36,1.45,0.00,0.00,0.00,0.00,1.42,0.00,2.30,1.99,0.00,0.00,0.00,0.00,0.00,0.00,0.00,0.00,0.00,0.00,0.00,0.00,0.00,0.00,0.00,0.00,0.00,0.00,0.00,0.00,0.00,0.00,0.00,0.00,0.00,0.00,0.00,0.00,0.00,0.00,0.00,0.00,0.00,0.00,0.00,0.00,0.00,0.00,0.00,0.00,0.00,0.00,0.00,0.00,0.00,0.00,0.00,0.00,0.00,0.00,0.00,0.00,1.94,0.71,1.53,0.85,3.15,3.19,18.75,18.21,0.00,0.00,2.30,0.00,0.00,1.01,0.00,0.00,0.93,1.48,1.61,1.61,0.00,0.00,0.00,0.00,0.00,0.00,29.85,0.00,0.00,0.00,0.00,0.00,0.00,0.00,0.00,0.00,0.00,3.89,0.00,0.00,0.00,0.00,0.00,0.00,0.00,0.00,0.00,0.00,0.00,0.00,0.00,0.00,0.00,0.00,0.00,0.00,29.85,29.85,0.00,0.00,0.00,0.00,0.00,0.00,0.00,0.00,0.00,0.00,0.00,0.00,0.00,0.00,0.00,0.00,0.00,0.00,0.00,0.00,0.00,0.00,0.00,0.00,0.00,0.00,0.00,0.00,0.00,0.00,0.00,0.00,0.00,0.00,0.00,0.00,0.00,0.00,0.00,0.00,0.00,0.00,0.00,0.00,0.00,0.00,0.00,0.00,0.00,0.00,0.00,0.00,0.00,0.00,0.00,0.00,0.00,0.00,0.00,0.00,0.00,0.00,0.00,0.00,0.00,0.00,0.00,0.00,0.00,0.00,0.00,0.00,0.00,0.00,0.00,0.00,0.00,0.00,0.00,0.47,0.24,1.61,0.00,0.00,0.00,0.02,0.01,0.40,0.62,0.89,1.02,2.80,2.64,2.31,2.85,4.98,0.00,3.53,3.12,3.45,3.64,0.00,0.00,0.00,0.00,0.90,0.00,0.00,0.50,0.50,1.78,0.21,0.00,0.00,1.23,0.79,0.00,0.00,0.00,1.07,4.26,1.47,1.56,1.12,0.00,1.26,0.56,0.00,0.00,3.51,4.64,0.00,4.26,0.00,2.99,1.09,1.08,0.00,0.00,0.00,0.00,0.00,0.00,2.21,2.30,0.45,1.16,0.35,0.93,0.98,1.76,1.54,1.57,2.30,0.00,0.00,0.00,0.00,0.00,0.00,0.00,0.00,0.00,0.00,0.00
5250.5,-2.000,7.000,0.000,0.000,0.000,0,0,0.821,0,0.000,0.000,0.000,0.000,0.000,0.00,0.85,0.86,0.00,0.00,65.09,67.13,4.26,4.26,14.88,18.83,0.95,0.87,2.88,2.35,1.25,0.80,15.64,7.11,7.84,9.22,0.00,0.00,10.57,11.82,0.00,0.00,0.80,0.80,1.32,1.43,0.00,0.00,0.65,0.56,0.00,0.00,0.00,0.00,1.42,2.84,0.00,7.96,0.00,1.57,0.00,0.00,0.00,0.00,0.00,0.00,0.00,0.00,0.00,0.00,0.00,0.00,0.00,0.00,0.00,0.00,0.00,0.00,0.00,0.00,0.00,0.00,0.00,0.00,0.00,0.00,0.00,0.00,0.00,0.00,0.00,0.00,0.00,0.00,0.00,0.00,0.00,0.00,0.00,0.00,0.00,0.00,0.00,0.00,0.00,0.00,0.00,0.00,0.00,0.00,1.06,1.43,0.00,0.00,3.35,2.89,19.80,19.36,7.46,0.00,0.00,0.00,1.01,0.00,0.00,0.00,1.24,0.89,0.00,1.61,0.00,0.00,0.00,0.00,0.00,0.00,0.00,0.00,0.00,0.00,0.00,0.00,0.00,0.00,0.00,0.00,2.49,0.00,0.00,0.00,0.00,0.00,0.00,0.00,0.00,0.00,0.00,0.00,0.00,0.00,0.00,0.00,0.00,0.00,0.00,0.00,0.00,0.00,0.00,0.00,0.00,0.00,0.00,0.00,0.00,0.00,0.00,0.00,0.00,0.00,0.00,0.00,0.00,0.00,0.00,0.00,0.00,0.00,0.00,0.00,0.00,0.00,0.00,0.00,0.00,0.00,0.00,0.00,0.00,0.00,0.00,0.00,0.00,0.00,0.00,0.00,0.00,0.00,0.00,0.00,0.00,0.00,0.00,0.00,0.00,0.00,0.00,0.00,0.00,0.00,0.00,0.00,0.00,0.00,0.00,0.00,0.00,0.00,0.00,0.00,0.00,0.00,0.00,0.00,0.00,0.00,0.00,0.00,0.00,0.00,0.00,0.00,0.00,0.00,0.00,0.00,0.00,0.00,0.12,0.00,0.00,0.00,0.00,0.01,0.01,0.40,0.62,0.79,1.62,2.75,3.22,2.68,3.12,4.98,0.00,2.52,2.58,3.45,2.08,0.00,0.00,0.00,0.00,0.00,0.00,0.00,0.00,0.00,1.42,1.26,0.00,0.00,1.23,0.79,0.00,0.00,0.00,1.07,0.00,1.47,0.72,0.96,0.00,1.14,0.96,0.00,14.93,5.71,1.99,0.00,0.00,0.00,0.00,0.98,0.82,0.00,0.00,0.00,0.00,0.00,0.00,0.00,0.00,0.68,1.62,2.11,2.18,2.94,2.81,1.29,1.83,0.00,1.15,0.00,0.00,0.00,0.00,0.00,0.00,0.00,0.00,0.00,0.00
5350.5,-2.000,7.000,0.000,0.000,0.000,0,0,0.821,0,0.000,0.000,0.000,0.000,0.000,0.00,0.64,0.76,0.00,0.00,65.09,65.45,4.26,4.26,16.46,18.40,1.14,0.93,1.80,1.99,0.68,0.71,17.06,15.64,7.73,7.84,0.00,0.00,7.46,8.71,0.00,0.00,0.80,1.59,1.73,1.56,0.79,0.77,0.79,0.89,0.00,0.00,0.00,0.00,0.00,0.00,0.00,0.00,0.00,0.00,0.00,0.00,0.00,0.00,0.00,0.00,0.00,0.00,0.00,0.00,0.00,0.00,0.00,0.00,0.00,0.00,0.00,0.00,0.00,0.00,0.00,0.00,0.00,0.00,0.00,0.00,0.00,0.00,0.00,0.00,0.00,0.00,0.00,0.00,0.00,0.00,0.00,0.00,0.00,0.00,0.00,0.00,0.00,0.00,0.00,0.00,0.00,0.00,0.00,0.00,0.88,1.25,0.00,2.56,3.11,2.98,18.94,18.84,0.00,0.00,0.00,3.73,1.52,2.53,0.00,0.00,1.39,1.09,1.61,1.61,0.00,0.00,0.00,0.00,0.00,0.00,0.00,0.00,0.00,0.00,0.00,0.00,0.00,0.00,0.00,0.00,1.24,0.00,0.00,0.00,0.00,0.00,0.00,0.00,0.00,0.00,0.00,0.00,0.00,0.00,0.00,0.00,0.00,0.00,0.00,0.00,0.00,0.00,0.00,0.00,0.00,0.00,0.00,0.00,0.00,0.00,0.00,0.00,0.00,0.00,0.00,0.00,0.00,0.00,0.00,0.00,0.00,0.00,0.00,0.00,0.00,0.00,0.00,0.00,0.00,0.00,0.00,0.00,0.00,0.00,0.00,0.00,0.00,0.00,0.00,0.00,0.00,0.00,0.00,0.00,0.00,0.00,0.00,0.00,0.00,0.00,0.00,0.00,0.00,0.00,0.00,0.00,0.00,0.00,0.00,0.00,0.00,0.00,0.00,0.00,0.00,0.00,0.00,0.00,0.00,0.00,0.00,0.00,0.00,0.00,0.00,0.00,0.00,0.00,0.00,0.00,0.00,0.12,0.00,0.00,0.00,0.00,0.00,0.01,0.00,0.40,1.23,0.99,0.68,2.95,2.93,3.17,2.44,9.95,0.00,2.84,3.53,3.66,2.60,0.00,2.30,0.00,0.46,0.90,1.00,0.00,1.00,0.50,1.42,0.42,0.00,0.00,0.31,0.26,0.00,0.00,0.00,1.07,0.95,0.49,0.91,1.23,0.00,1.01,1.18,0.00,0.00,1.76,1.33,3.73,0.00,0.00,0.00,0.87,0.86,0.00,0.00,0.00,0.00,0.00,0.00,0.00,1.15,0.23,1.62,2.81,0.31,0.49,1.05,1.54,0.79,5.74,3.44,22.39,14.93,29.85,29.85,0.00,0.00,0.00,0.00,0.00,0.00
5450.5,-2.000,7.000,0.000,0.000,0.000,0,0,0.822,0,0.000,0.000,0.000,0.000,0.000,0.00,1.00,0.76,0.00,0.00,64.81,65.45,4.26,4.26,15.84,18.74,0.76,0.93,2.16,1.81,0.67,0.38,18.48,8.53,7.02,7.49,0.00,0.00,7.46,6.84,0.00,0.00,0.00,1.19,1.42,1.49,0.79,2.30,1.48,1.87,0.00,0.00,0.00,0.00,1.42,0.00,0.00,0.00,0.00,0.00,0.00,0.00,0.00,0.00,0.00,0.00,0.00,0.00,0.00,0.00,0.00,0.00,0.00,0.00,0.00,0.00,0.00,0.00,0.00,0.00,0.00,0.00,0.00,0.00,0.00,0.00,0.00,0.00,0.00,0.00,0.00,0.00,0.00,0.00,0.00,0.00,0.00,0.00,0.00,0.00,0.01,0.00,0.00,0.00,0.00,0.00,0.00,0.00,0.00,0.00,1.24,0.71,0.00,4.26,2.78,3.05,18.44,18.31,0.00,0.00,0.00,1.87,1.52,1.01,0.00,0.00,0.93,0.69,0.81,0.81,0.00,0.00,0.00,0.00,0.00,0.00,0.00,0.00,0.00,0.00,0.00,0.00,0.00,0.00,0.00,0.00,1.24,1.30,0.00,0.00,0.00,0.00,0.00,0.00,0.00,0.00,0.00,0.00,0.00,0.00,0.00,0.00,0.00,0.00,0.00,0.00,0.00,0.00,0.00,0.00,0.00,0.00,0.00,0.00,0.00,0.00,0.00,0.00,0.00,0.00,0.00,0.00,0.00,0.00,0.00,0.00,0.00,0.00,0.00,0.00,0.00,0.00,0.00,0.00,0.00,0.00,0.00,0.00,0.00,0.00,0.00,0.00,0.00,0.00,0.00,0.00,0.00,0.00,0.00,0.00,0.00,0.00,0.00,0.00,0.00,0.00,0.00,0.00,0.00,0.00,0.00,0.00,0.00,0.00,0.00,0.00,0.00,0.00,0.00,0.00,0.00,0.00,0.00,0.00,0.00,0.00,0.00,0.00,0.00,0.00,0.00,0.00,0.00,0.00,0.00,0.00,0.00,0.35,0.24,0.00,0.00,0.00,0.00,0.01,0.00,0.40,0.31,0.40,0.85,2.65,2.77,1.95,2.99,0.00,4.98,3.03,3.60,2.44,3.30,2.49,0.00,0.00,0.00,0.00,0.50,0.00,0.00,3.48,1.42,1.47,0.00,0.00,1.85,1.32,0.00,0.00,0.00,0.00,0.47,0.00,0.89,0.77,0.00,1.39,1.07,0.00,0.00,2.19,1.33,0.00,0.00,0.00,0.00,0.89,1.11,0.00,0.00,0.00,0.00,0.00,0.00,1.11,0.00,0.90,0.93,1.76,0.00,0.98,2.11,1.29,0.26,1.15,1.15,0.00,0.00,0.00,0.00,0.00,0.00,0.00,0.00,0.00,0.00
5550.5,-2.000,7.000,0.000,0.000,0.000,0,0,0.822,0,0.000,0.000,0.000,0.000,0.000,4.26,0.68,0.73,0.00,0.00,63.02,66.71,8.53,4.26,14.18,17.53,1.37,1.14,2.52,1.99,0.74,0.57,15.64,17.06,6.09,6.22,0.00,0.00,8.71,8.71,0.00,0.00,0.80,0.80,1.63,1.43,0.00,0.77,1.53,1.78,0.00,0.00,0.00,0.00,1.42,1.42,0.00,1.99,0.00,0.00,0.00,0.00,0.00,0.00,0.00,0.00,0.00,0.00,0.00,0.00,0.00,0.00,0.00,0.00,0.00,0.00,0.00,0.00,0.00,0.00,0.00,0.00,0.00,0.00,0.00,0.00,0.00,0.00,0.00,0.00,0.00,0.00,0.00,0.00,0.00,0.00,0.00,0.00,0.00,0.00,0.00,0.00,0.00,0.00,0.00,0.00,0.00,0.00,0.00,0.00,0.71,1.25,1.53,1.71,3.33,3.03,19.80,18.50,0.00,0.00,0.00,1.87,2.53,0.51,0.00,0.00,1.08,1.38,0.81,0.00,0.00,0.00,0.00,0.00,0.00,0.00,0.00,0.00,0.00,0.00,0.00,0.00,29.85,29.85,0.00,0.00,1.24,0.00,0.00,0.00,0.00,0.00,0.00,0.00,0.00,0.00,0.00,0.00,0.00,0.00,0.00,0.00,0.00,0.00,0.00,0.00,0.00,0.00,0.00,0.00,0.00,0.00,0.00,0.00,0.00,0.00,0.00,0.00,0.00,0.00,0.00,0.00,0.00,0.00,29.85,0.00,0.00,0.00,0.00,0.00,0.00,0.00,0.00,0.00,0.00,0.00,0.00,0.00,0.00,0.00,0.00,0.00,0.00,0.00,0.00,0.00,0.00,0.00,0.00,0.00,0.00,29.85,0.00,0.00,0.00,0.00,0.00,0.00,0.00,0.00,0.00,0.00,0.00,0.00,0.00,0.00,0.00,0.00,0.00,0.00,0.00,0.00,0.00,0.00,0.00,0.00,0.00,0.00,0.00,0.00,0.00,0.00,0.00,0.00,0.00,0.00,0.00,0.35,0.49,0.00,0.00,0.00,0.00,0.02,0.00,0.00,0.31,1.68,0.85,2.78,3.10,3.05,2.58,0.00,0.00,2.40,2.78,3.05,3.30,0.00,0.00,0.00,0.00,0.90,0.00,0.50,0.00,0.00,0.71,0.63,0.00,0.00,0.92,1.06,0.00,0.00,9.95,1.07,0.00,0.00,0.78,0.69,0.00,1.45,0.62,0.00,0.00,2.63,3.98,0.00,0.00,3.32,0.00,0.99,1.12,0.00,0.00,0.00,14.93,0.00,0.00,0.00,1.15,2.04,1.62,2.81,0.93,2.45,0.35,0.77,1.83,1.15,2.30,0.00,0.00,0.00,0.00,0.00,0.00,0.00,0.00,0.00,0.00
5650.5,-2.000,7.000,0.000,0.000,0.000,0,0,0.823,0,0.000,0.000,0.000,0.000,0.000,0.00,0.89,0.50,2.49,2.49,66.75,67.13,8.53,4.26,15.14,20.13,0.70,0.74,1.98,2.71,1.11,0.82,17.06,14.21,8.90,8.99,0.00,0.00,7.46,6.22,0.00,0.00,0.80,0.40,1.41,1.54,0.79,2.30,1.25,1.17,0.00,0.00,0.00,0.00,0.00,0.00,0.00,1.99,0.00,0.00,14.93,0.00,0.00,0.00,0.00,0.00,0.00,0.00,0.00,0.00,0.00,0.00,0.00,0.00,0.00,0.00,0.00,0.00,0.00,0.00,0.00,0.00,0.00,0.00,0.00,0.00,0.00,0.00,0.00,0.00,0.00,0.00,0.00,0.00,0.00,0.00,0.00,0.00,0.00,0.00,0.00,0.00,0.00,0.00,0.00,0.00,0.00,0.00,0.00,0.00,0.71,0.89,3.06,0.00,2.80,3.23,21.23,17.89,0.00,0.00,2.30,0.00,0.51,2.02,0.00,0.00,0.93,0.99,0.81,2.42,0.00,3.73,0.00,0.00,0.00,9.95,0.00,0.00,0.00,0.00,0.00,0.00,0.00,29.85,0.00,0.00,0.00,1.30,0.00,0.00,0.00,0.00,0.00,0.00,0.00,0.00,0.00,0.00,0.00,0.00,0.00,0.00,0.00,0.00,0.00,0.00,0.00,0.00,0.00,0.00,0.00,0.00,0.00,0.00,0.00,0.00,0.00,0.00,0.00,0.00,0.00,0.00,0.00,0.00,0.00,0.00,0.00,0.00,0.00,0.00,0.00,0.00,0.00,0.00,0.00,0.00,0.00,0.00,0.00,0.00,0.00,0.00,0.00,0.00,0.00,0.00,0.00,0.00,0.00,0.00,0.00,0.00,0.00,0.00,0.00,0.00,0.00,0.00,0.00,0.00,0.00,0.00,0.00,0.00,0.00,0.00,0.00,0.00,0.00,0.00,0.00,0.00,0.00,0.00,0.00,0.00,0.00,0.00,0.00,0.00,0.00,0.00,0.00,0.00,0.00,0.00,0.00,0.12,0.36,0.00,0.00,0.00,0.00,0.01,0.01,0.80,0.00,1.09,1.02,2.99,2.59,3.17,3.26,0.00,0.00,3.66,2.99,1.62,4.51,2.49,2.30,0.00,0.46,0.45,0.50,0.50,0.00,0.00,1.42,0.42,0.00,0.00,1.54,0.53,0.00,0.00,0.00,0.00,2.37,1.47,0.87,0.77,0.00,1.01,1.01,0.00,0.00,1.76,3.32,0.00,0.00,0.00,0.00,1.08,0.83,0.00,0.00,0.00,0.00,0.00,0.00,1.11,0.00,0.90,0.00,1.76,3.11,0.00,0.35,0.51,0.26,0.00,2.30,0.00,0.00,0.00,0.00,0.00,0.00,0.00,0.00,0.00,0.00
5750.5,-2.000,7.000,0.000,0.000,0.000,0,0,0.823,0,0.000,0.000,0.000,0.000,0.049,0.00,1.25,1.10,0.00,0.00,64.81,67.41,8.53,8.53,14.62,18.57,0.74,0.87,2.16,2.17,0.72,0.67,18.48,11.37,7.73,7.72,0.00,0.00,9.33,9.33,0.00,0.00,0.80,0.40,1.73,1.57,1.57,0.77,1.71,2.06,0.00,0.00,0.00,0.00,0.00,0.00,0.00,1.99,0.00,0.00,0.00,0.00,0.00,0.00,0.00,0.00,0.00,0.00,0.00,0.00,0.00,0.00,0.00,0.00,0.00,0.00,0.00,0.00,0.00,0.00,0.00,0.00,0.00,0.00,0.00,0.00,0.00,0.00,0.00,0.00,0.00,0.00,0.00,0.00,0.00,0.00,0.00,0.00,0.00,0.00,0.00,0.00,0.00,0.00,0.00,0.00,0.00,0.00,0.00,0.00,0.88,0.54,1.53,0.00,2.91,2.59,19.35,19.18,0.00,0.00,0.00,1.87,0.51,0.51,0.00,0.00,0.93,1.19,0.81,0.81,0.00,0.00,0.00,0.00,0.00,0.00,0.00,29.85,0.00,0.00,0.00,0.00,0.00,0.00,0.00,0.00,0.00,0.00,0.00,0.00,0.00,0.00,0.00,0.00,0.00,0.00,0.00,0.00,0.00,0.00,0.00,0.00,0.00,0.00,0.00,0.00,29.85,29.85,0.00,0.00,0.00,0.00,0.00,0.00,0.00,0.00,0.00,0.00,0.00,0.00,0.00,0.00,0.00,0.00,0.00,0.00,0.00,0.00,0.00,0.00,0.00,0.00,0.00,0.00,0.00,0.00,0.00,0.00,0.00,0.00,0.00,0.00,0.00,0.00,0.00,0.00,0.00,0.00,0.00,0.00,0.00,29.85,0.00,0.00,0.00,0.00,0.00,0.00,0.00,0.00,0.00,0.00,0.00,0.00,0.00,0.00,0.00,0.00,0.00,0.00,0.00,0.00,0.00,0.00,0.00,0.00,0.00,0.00,0.00,0.00,0.00,0.00,0.00,0.00,0.00,0.00,0.00,0.12,0.00,0.00,0.00,0.00,0.00,0.01,0.01,0.00,0.31,0.89,0.94,2.80,3.21,3.53,2.31,4.98,4.98,2.90,2.24,3.66,2.08,0.00,0.00,0.00,0.00,0.45,0.50,0.00,0.00,2.49,0.71,0.84,0.00,0.00,2.46,1.06,0.00,0.00,0.00,0.00,0.00,1.96,0.87,0.98,0.00,0.50,0.73,29.85,14.93,2.63,0.66,0.00,0.00,0.00,2.99,0.96,1.22,0.00,0.00,0.00,0.00,0.00,0.00,1.11,1.15,0.90,0.69,1.76,0.93,2.45,1.05,0.77,0.52,4.59,0.00,0.00,0.00,0.00,0.00,0.00,0.00,0.00,0.00,0.00,0.00
5850.5,-2.000,7.000,0.000,0.000,0.000,0,0,0.823,0,0.000,0.000,0.000,0.000,0.009,0.00,1.18,1.20,4.98,0.00,65.64,66.71,4.26,4.26,15.58,20.13,0.84,0.97,1.62,1.63,0.38,0.59,15.64,11.37,6.32,8.30,0.00,0.00,6.22,6.84,0.00,0.00,1.99,0.00,1.47,1.59,1.57,0.77,1.53,0.84,0.00,0.00,0.00,0.00,1.42,0.00,0.00,0.00,8.96,0.00,0.00,0.00,0.00,0.00,0.00,0.00,0.00,0.00,0.00,0.00,0.00,0.00,0.00,0.00,0.00,0.00,0.00,0.00,0.00,0.00,0.00,0.00,0.00,0.00,0.00,0.00,0.00,0.00,0.00,0.00,0.00,0.00,0.00,0.00,0.00,0.00,0.00,0.00,0.00,0.00,0.00,0.00,0.00,0.00,0.00,0.00,0.00,0.00,0.00,0.00,1.77,0.36,1.53,0.85,2.93,3.33,18.52,17.44,0.00,0.00,0.00,0.00,1.52,1.01,0.00,0.00,0.46,1.68,1.61,4.03,0.00,3.73,0.00,0.00,0.00,0.00,0.00,0.00,0.00,0.00,0.00,0.00,0.00,0.00,0.00,0.00,0.00,0.00,0.00,0.00,0.00,0.00,0.00,0.00,0.00,0.00,0.00,0.00,0.00,0.00,0.00,0.00,0.00,0.00,0.00,0.00,0.00,0.00,0.00,0.00,0.00,0.00,0.00,0.00,0.00,0.00,0.00,0.00,0.00,0.00,0.00,0.00,0.00,0.00,0.00,0.00,0.00,0.00,0.00,0.00,0.00,0.00,0.00,0.00,0.00,0.00,0.00,0.00,0.00,0.00,0.00,0.00,0.00,0.00,0.00,0.00,0.00,0.00,0.00,0.00,0.00,0.00,0.00,0.00,0.00,0.00,0.00,0.00,0.00,0.00,0.00,0.00,0.00,0.00,0.00,0.00,0.00,0.00,0.00,0.00,0.00,0.00,0.00,0.00,0.00,0.00,0.00,0.00,0.00,0.00,0.00,0.00,0.00,0.00,0.00,0.00,0.00,0.47,1.09,1.61,3.73,0.00,0.00,0.01,0.02,0.40,0.92,1.58,0.51,2.96,3.01,4.14,2.85,0.00,4.98,2.78,3.60,2.44,2.78,0.00,2.30,0.00,0.00,1.81,0.00,0.00,2.99,0.50,0.71,1.05,2.30,0.00,0.31,1.58,0.00,0.00,0.00,1.07,5.69,0.98,1.86,1.39,0.00,1.20,1.30,0.00,0.00,1.32,3.32,0.00,4.26,0.00,0.00,1.21,1.00,0.00,0.00,0.00,0.00,0.00,0.00,0.00,0.00,1.58,1.39,2.11,1.24,0.00,0.70,0.51,0.52,1.15,0.00,0.00,0.00,0.00,0.00,0.00,0.00,0.00,0.00,0.00,0.00
5950.5,-2.000,7.000,0.000,0.000,0.000,0,0,0.824,0,0.000,0.000,0.000,0.000,0.002,4.26,1.42,1.26,2.49,4.98,64.95,67.83,4.26,4.26,15.49,17.96,1.01,0.97,2.16,2.17,0.71,0.55,24.16,9.95,6.91,9.45,0.00,0.00,4.98,8.71,0.00,0.00,1.19,1.59,1.82,1.37,0.79,0.77,1.85,1.08,0.00,0.00,0.00,0.00,0.00,0.00,0.00,1.99,0.00,1.57,0.00,0.00,0.00,0.00,0.00,0.00,0.00,0.00,0.00,0.00,0.00,0.00,0.00,0.00,0.00,0.00,0.00,0.00,0.00,0.00,0.00,0.00,0.00,0.00,0.00,0.00,0.00,0.00,0.00,0.00,0.00,0.00,0.00,0.00,0.00,0.00,0.00,0.00,0.00,0.00,0.00,0.00,0.00,0.00,0.00,0.00,0.00,0.00,0.00,0.00,1.24,0.71,1.53,0.85,3.22,3.35,18.99,17.86,0.00,0.00,2.30,0.00,0.51,2.53,0.00,0.00,1.24,0.99,0.00,0.81,0.00,0.00,0.00,0.00,0.00,0.00,0.00,0.00,0.00,0.00,0.00,0.00,0.00,0.00,0.00,0.00,0.00,0.00,0.00,0.00,0.00,0.00,0.00,0.00,0.00,0.00,0.00,0.00,0.00,0.00,0.00,0.00,0.00,0.00,0.00,0.00,0.00,0.00,0.00,0.00,0.00,0.00,0.00,0.00,0.00,0.00,0.00,0.00,0.00,0.00,0.00,0.00,0.00,0.00,0.00,0.00,0.00,0.00,0.00,0.00,0.00,0.00,0.00,0.00,0.00,0.00,0.00,0.00,0.00,0.00,0.00,0.00,0.00,0.00,0.00,0.00,0.00,0.00,0.00,0.00,0.00,0.00,0.00,0.00,0.00,0.00,0.00,0.00,0.00,0.00,0.00,0.00,0.00,0.00,0.00,0.00,0.00,0.00,0.00,0.00,0.00,0.00,0.00,0.00,0.00,0.00,0.00,0.00,0.00,0.00,0.00,0.00,0.00,0.00,0.00,0.00,0.00,0.35,0.12,0.00,0.00,0.00,0.00,0.01,0.01,0.80,0.31,0.89,0.94,2.73,3.00,3.29,3.26,0.00,0.00,3.41,2.58,3.66,2.08,0.00,2.30,0.00,0.00,0.00,0.00,0.50,0.00,0.00,0.71,1.26,2.30,0.00,0.62,0.79,0.00,0.00,0.00,1.07,1.42,2.94,1.08,1.18,14.93,0.88,0.73,0.00,0.00,6.15,3.98,0.00,4.26,0.00,0.00,1.06,1.15,0.00,0.00,0.00,0.00,0.00,0.00,2.21,2.30,0.23,0.23,0.70,0.00,0.00,0.70,1.03,1.05,2.30,0.00,0.00,0.00,0.00,0.00,0.00,0.00,0.00,0.00,0.00,0.00
6050.5,-2.000,7.000,0.000,0.000,0.000,0,0,0.824,0,0.000,0.000,0.000,0.000,0.000,0.00,0.93,0.93,4.98,0.00,64.68,67.41,4.26,0.00,16.37,19.61,0.99,0.68,2.16,1.09,0.76,0.70,15.64,11.37,8.31,7.38,0.00,0.00,4.35,6.84,0.00,0.00,1.99,1.19,1.30,1.38,0.79,1.53,0.79,0.75,0.00,0.00,0.00,0.00,1.42,0.00,2.30,0.00,0.00,0.00,0.00,14.93,0.00,0.00,0.00,0.00,0.00,0.00,0.00,0.00,0.00,0.00,0.00,0.00,0.00,0.00,0.00,0.00,0.00,0.00,0.00,0.00,0.00,0.00,0.00,0.00,0.00,0.00,0.00,0.00,0.00,0.00,0.00,0.00,0.00,0.00,0.00,0.00,0.00,0.00,0.00,0.00,0.00,0.00,0.00,0.00,0.00,0.00,0.00,0.00,0.71,0.18,0.77,0.00,2.96,3.17,19.22,18.39,0.00,0.00,0.00,1.87,0.00,1.01,0.00,0.00,1.55,1.19,1.61,0.81,0.00,3.73,0.00,0.00,0.00,0.00,0.00,0.00,0.00,0.00,0.00,0.00,0.00,0.00,0.00,0.00,0.00,1.30,0.00,0.00,0.00,0.00,0.00,0.00,0.00,0.00,0.00,0.00,0.00,0.00,0.00,0.00,0.00,0.00,0.00,0.00,0.00,0.00,0.00,0.00,0.00,0.00,0.00,0.00,0.00,0.00,0.00,0.00,0.00,0.00,0.00,0.00,0.00,0.00,0.00,0.00,0.00,0.00,0.00,0.00,0.00,0.00,0.00,0.00,0.00,0.00,0.00,0.00,0.00,0.00,0.00,0.00,0.00,0.00,0.00,0.00,0.00,0.00,0.00,0.00,29.85,0.00,0.00,0.00,0.00,0.00,0.00,0.00,0.00,0.00,0.00,0.00,0.00,0.00,0.00,0.00,0.00,0.00,0.00,0.00,0.00,0.00,0.00,0.00,0.00,0.00,0.00,0.00,0.00,0.00,0.00,0.00,0.00,0.00,0.00,0.00,0.00,0.00,0.00,0.00,0.00,0.00,0.00,0.01,0.00,1.19,0.31,0.59,0.51,2.88,3.02,2.92,3.66,0.00,0.00,2.52,3.26,4.06,3.47,0.00,0.00,0.00,0.00,0.00,0.00,0.50,3.48,0.00,0.71,1.05,0.00,0.00,0.62,1.85,0.00,4.26,0.00,1.07,1.42,0.00,0.76,0.58,0.00,0.57,1.01,0.00,0.00,1.76,3.32,0.00,0.00,0.00,2.99,1.00,0.84,0.00,0.00,0.00,0.00,0.00,0.00,1.11,0.00,1.58,0.93,0.35,0.62,1.47,0.00,1.80,2.09,0.00,0.00,0.00,0.00,0.00,0.00,0.00,0.00,0.00,0.00,0.00,0.00
6150.5,-2.000,7.000,0.000,0.000,0.000,0,0,0.825,0,0.000,0.000,0.000,0.000,0.000,0.00,0.85,0.73,0.00,0.00,63.85,67.27,4.26,4.26,13.66,18.83,1.03,0.93,2.34,1.81,0.68,0.60,19.90,15.64,7.49,7.95,0.00,0.00,7.46,4.35,0.00,0.00,0.80,0.40,1.40,1.48,1.57,1.53,1.06,0.75,0.00,0.00,0.00,0.00,0.00,0.00,2.30,0.00,0.00,0.00,0.00,0.00,0.00,0.00,0.00,0.00,0.00,0.00,0.00,0.00,0.00,0.00,0.00,0.00,0.00,0.00,0.00,0.00,0.00,0.00,0.00,0.00,0.00,0.00,0.00,0.00,0.00,0.00,0.00,0.00,0.00,0.00,0.00,0.00,0.00,0.00,0.00,0.00,0.00,0.00,0.00,0.00,0.00,0.00,0.00,0.00,0.00,0.00,0.00,0.00,0.88,0.71,1.53,0.00,3.09,3.30,19.12,18.84,0.00,0.00,0.00,0.00,1.01,0.51,0.00,0.00,1.24,1.28,1.61,0.00,0.00,0.00,0.00,0.00,0.00,0.00,0.00,0.00,0.00,0.00,0.00,0.00,0.00,29.85,0.00,0.00,0.00,1.30,0.00,0.00,0.00,0.00,0.00,0.00,0.00,0.00,0.00,0.00,0.00,0.00,0.00,0.00,0.00,0.00,0.00,0.00,0.00,0.00,0.00,0.00,0.00,0.00,0.00,0.00,0.00,0.00,0.00,0.00,0.00,0.00,0.00,0.00,0.00,0.00,0.00,0.00,0.00,0.00,0.00,0.00,0.00,0.00,0.00,0.00,0.00,0.00,0.00,0.00,0.00,0.00,0.00,0.00,0.00,0.00,0.00,0.00,0.00,0.00,0.00,0.00,0.00,0.00,0.00,0.00,0.00,0.00,0.00,0.00,0.00,0.00,0.00,0.00,0.00,0.00,0.00,0.00,0.00,0.00,0.00,0.00,0.00,0.00,0.00,0.00,0.00,0.00,0.00,0.00,0.00,0.00,0.00,0.00,0.00,0.00,0.00,0.00,0.00,0.12,0.24,0.00,0.00,0.00,0.00,0.01,0.00,0.40,0.92,0.99,0.85,2.81,3.05,2.44,2.44,0.00,0.00,2.34,2.44,2.84,2.60,0.00,0.00,0.00,0.00,0.00,0.00,0.00,0.50,0.00,0.71,0.63,0.00,0.00,0.62,1.85,4.26,0.00,0.00,0.00,0.00,0.49,0.70,0.79,0.00,1.14,0.68,0.00,0.00,1.76,5.97,0.00,0.00,0.00,0.00,0.84,0.90,0.00,0.00,0.00,0.00,0.00,0.00,0.00,1.15,0.68,0.69,1.40,0.31,0.98,1.05,0.26,0.52,2.30,1.15,0.00,0.00,0.00,0.00,0.00,0.00,0.00,0.00,0.00,0.00
6250.5,-2.000,7.000,0.000,0.000,0.000,0,0,0.825,0,0.000,0.000,0.000,0.000,0.000,0.00,1.21,1.03,2.49,0.00,64.12,66.57,8.53,12.79,15.49,17.44,0.93,0.82,1.98,2.89,0.96,0.74,21.32,8.53,7.49,8.53,0.00,0.00,9.33,8.71,0.00,0.00,1.99,1.59,1.50,1.30,1.57,0.00,0.97,0.89,0.00,0.00,0.00,9.95,0.00,1.42,0.00,0.00,1.49,0.00,0.00,0.00,0.00,0.00,0.00,0.00,0.00,0.00,0.00,0.00,0.00,0.00,0.00,0.00,0.00,0.00,0.00,0.00,0.00,0.00,0.00,0.00,0.00,0.00,0.00,0.00,0.00,0.00,0.00,0.00,0.00,0.00,0.00,0.00,0.00,0.00,0.00,0.00,0.00,0.00,0.00,0.00,0.00,0.00,0.00,0.00,0.00,0.00,0.00,0.00,0.53,0.54,0.00,1.71,3.09,3.42,18.29,19.34,0.00,0.00,0.00,0.00,1.01,1.52,0.00,0.00,1.55,0.89,1.61,0.00,0.00,0.00,0.00,0.00,0.00,0.00,0.00,0.00,0.00,0.00,0.00,0.00,0.00,0.00,0.00,0.00,1.24,1.30,0.00,0.00,0.00,0.00,0.00,0.00,0.00,0.00,0.00,0.00,0.00,0.00,0.00,0.00,0.00,0.00,0.00,0.00,0.00,0.00,0.00,0.00,0.00,0.00,0.00,0.00,0.00,0.00,0.00,0.00,0.00,0.00,0.00,0.00,0.00,0.00,0.00,0.00,0.00,0.00,0.00,0.00,0.00,0.00,0.00,0.00,0.00,0.00,0.00,0.00,0.00,0.00,0.00,0.00,0.00,0.00,0.00,0.00,0.00,0.00,0.00,0.00,0.00,0.00,0.00,0.00,0.00,0.00,0.00,0.00,0.00,0.00,0.00,0.00,0.00,0.00,0.00,0.00,0.00,0.00,0.00,0.00,0.00,0.00,0.00,0.00,0.00,0.00,0.00,0.00,0.00,0.00,0.00,0.00,0.00,0.00,0.00,0.00,0.00,0.24,0.12,0.00,0.00,0.00,0.00,0.00,0.00,0.80,0.00,0.79,0.85,2.88,3.12,3.66,2.99,0.00,0.00,3.53,3.19,3.66,2.26,0.00,0.00,0.00,0.00,0.00,0.50,0.50,2.99,0.00,0.36,1.68,0.00,0.00,1.54,0.53,0.00,0.00,4.98,1.07,0.00,0.00,0.97,0.77,0.00,0.95,1.46,0.00,0.00,1.76,1.33,3.73,0.00,0.00,0.00,0.90,1.03,0.00,0.00,0.00,0.00,0.00,0.00,1.11,1.15,1.13,0.00,0.00,0.93,0.98,1.76,0.26,0.79,0.00,0.00,0.00,0.00,0.00,0.00,0.00,0.00,0.00,0.00,0.00,0.00
6350.5,-2.000,7.000,0.000,0.000,0.000,0,0,0.825,0,0.057,0.000,0.142,0.000,0.000,0.00,0.82,1.36,2.49,0.00,64.95,67.55,0.00,4.26,17.60,20.65,0.84,0.95,1.62,1.99,0.80,0.62,21.32,17.06,8.43,8.53,0.00,0.00,11.19,6.22,0.00,0.00,0.00,1.99,1.50,1.43,0.79,0.77,1.34,1.78,0.00,0.00,9.95,9.95,1.42,0.00,0.00,3.98,0.00,0.00,14.93,0.00,0.00,0.00,0.00,0.00,0.00,0.00,0.00,0.00,0.00,0.00,0.00,0.00,0.00,0.00,0.00,0.00,0.00,0.00,0.00,0.00,0.00,0.00,0.00,0.00,0.00,0.00,0.00,0.00,0.00,0.00,0.00,0.00,0.00,0.00,0.00,0.00,0.00,0.00,0.00,0.00,0.00,0.00,0.00,0.00,0.00,0.00,0.00,0.00,0.53,1.79,0.77,1.71,3.09,2.93,18.99,20.26,7.46,0.00,2.30,1.87,1.52,0.51,0.00,0.00,1.39,0.89,0.00,0.81,0.00,3.73,0.00,0.00,9.95,0.00,0.00,0.00,0.00,0.00,0.00,0.00,29.85,0.00,0.00,0.00,0.00,1.30,0.00,0.00,0.00,0.00,0.00,0.00,0.00,0.00,0.00,0.00,0.00,0.00,0.00,0.00,0.00,0.00,0.00,0.00,0.00,0.00,0.00,0.00,0.00,0.00,0.00,0.00,0.00,0.00,0.00,0.00,0.00,0.00,0.00,0.00,0.00,0.00,0.00,0.00,0.00,0.00,0.00,0.00,29.85,0.00,0.00,0.00,0.00,0.00,0.00,0.00,0.00,0.00,0.00,0.00,0.00,0.00,0.00,0.00,0.00,0.00,0.00,0.00,0.00,0.00,0.00,0.00,0.00,0.00,0.00,0.00,0.00,0.00,0.00,0.00,0.00,0.00,0.00,0.00,0.00,0.00,0.00,0.00,0.00,0.00,0.00,0.00,0.00,0.00,0.00,0.00,0.00,0.00,0.00,0.00,0.00,0.00,0.00,0.00,0.00,0.47,0.24,0.00,0.00,0.00,0.00,0.01,0.00,0.00,0.62,1.28,1.11,3.13,2.80,2.07,2.31,0.00,0.00,3.72,3.26,4.26,3.12,0.00,0.00,0.00,0.92,0.00,0.00,0.00,1.00,1.49,0.71,0.63,0.00,0.00,0.62,1.06,4.26,0.00,4.98,1.07,1.42,0.49,1.10,0.64,0.00,0.69,0.79,0.00,0.00,5.27,3.32,0.00,0.00,3.32,0.00,1.12,1.00,0.00,0.00,0.00,0.00,0.00,0.00,2.21,2.30,0.68,0.93,3.51,2.49,1.47,2.46,0.77,0.52,0.00,2.30,0.00,0.00,0.00,0.00,0.00,0.00,0.00,0.00,3.32,0.00
6450.5,-2.000,7.000,0.000,0.000,0.000,0,0,0.826,0,0.011,0.000,0.027,0.000,0.000,0.00,0.78,1.20,0.00,0.00,66.33,67.69,8.53,4.26,16.19,18.31,0.99,0.99,2.16,1.81,0.56,0.69,19.90,12.79,8.08,8.76,0.00,0.00,5.60,6.84,0.00,0.00,2.79,1.19,1.80,1.82,0.79,0.77,1.80,1.87,0.00,0.00,0.00,0.00,1.42,2.84,0.00,0.00,0.00,0.00,0.00,0.00,0.00,0.00,0.00,0.00,0.00,0.00,0.00,0.00,0.00,0.00,0.00,0.00,0.00,0.00,0.00,0.00,0.00,0.00,0.00,0.00,0.00,0.00,0.00,0.00,0.00,0.00,0.00,0.00,0.00,0.00,0.00,0.00,0.00,0.00,0.00,0.00,0.00,0.00,0.00,0.00,0.00,0.00,0.00,0.00,0.00,0.00,0.00,0.00,0.71,0.89,0.77,0.85,2.56,2.47,19.46,18.42,0.00,0.00,0.00,0.00,0.51,1.01,0.00,0.00,0.62,1.19,0.00,1.61,0.00,0.00,0.00,0.00,0.00,0.00,0.00,0.00,0.00,0.00,0.00,0.00,0.00,0.00,29.85,0.00,0.00,0.00,0.00,0.00,0.00,0.00,0.00,0.00,0.00,0.00,0.00,0.00,0.00,0.00,0.00,0.00,0.00,0.00,0.00,0.00,0.00,0.00,0.00,0.00,0.00,0.00,0.00,0.00,0.00,0.00,0.00,0.00,0.00,0.00,0.00,0.00,0.00,0.00,0.00,0.00,0.00,0.00,0.00,0.00,0.00,0.00,0.00,0.00,0.00,0.00,0.00,0.00,0.00,0.00,0.00,0.00,0.00,0.00,0.00,0.00,0.00,0.00,0.00,0.00,0.00,0.00,29.85,0.00,0.00,0.00,0.00,0.00,0.00,0.00,0.00,0.00,0.00,0.00,0.00,0.00,0.00,0.00,0.00,0.00,0.00,0.00,0.00,0.00,0.00,0.00,0.00,0.00,0.00,0.00,0.00,0.00,0.00,0.00,0.00,0.00,0.00,0.83,0.36,0.00,0.00,0.00,0.00,0.02,0.01,1.19,0.31,1.28,0.94,3.20,3.00,3.17,2.58,0.00,0.00,2.59,3.05,2.44,2.08,0.00,0.00,0.00,0.46,0.00,0.00,1.00,0.50,0.50,1.07,1.68,0.00,0.00,1.23,1.32,0.00,0.00,0.00,0.00,0.00,0.00,0.84,0.56,0.00,0.95,1.01,0.00,0.00,3.07,3.32,0.00,0.00,0.00,0.00,1.01,0.96,0.00,0.00,0.00,0.00,0.00,0.00,0.00,0.00,0.90,1.39,0.70,1.24,0.98,1.76,0.77,1.05,0.00,1.15,0.00,0.00,0.00,0.00,0.00,0.00,0.00,0.00,0.00,0.00
6550.5,-2.000,7.000,0.000,0.000,0.000,0,0,0.826,0,0.002,0.000,0.005,0.000,0.000,2.13,0.89,0.96,0.00,0.00,64.40,66.85,4.26,0.00,14.36,18.74,0.65,1.01,1.80,1.63,0.78,0.36,17.06,8.53,7.49,6.57,0.00,0.00,3.73,9.95,0.00,0.00,0.80,1.19,1.64,1.72,0.00,0.77,1.16,0.75,0.00,0.00,9.95,0.00,1.42,1.42,0.00,0.00,0.00,0.00,0.00,0.00,0.00,0.00,0.00,0.00,0.00,0.00,0.00,0.00,0.00,0.00,0.00,0.00,0.00,0.00,0.00,0.00,0.00,0.00,0.00,0.00,0.00,0.00,0.00,0.00,0.00,0.00,0.00,0.00,0.00,0.00,0.00,0.00,0.00,0.00,0.00,0.00,0.00,0.00,0.00,0.00,0.00,0.00,0.00,0.00,0.00,0.00,0.00,0.00,0.71,1.25,1.53,1.71,3.02,3.21,18.52,17.70,0.00,0.00,0.00,1.87,0.51,0.51,0.00,0.00,0.77,0.79,0.81,0.81,7.46,0.00,0.00,0.00,0.00,0.00,0.00,0.00,0.00,0.00,0.00,0.00,0.00,0.00,0.00,0.00,0.00,0.00,0.00,0.00,0.00,0.00,0.00,0.00,0.00,0.00,0.00,0.00,0.00,0.00,0.00,0.00,0.00,0.00,0.00,0.00,0.00,0.00,0.00,0.00,0.00,0.00,0.00,0.00,0.00,0.00,0.00,0.00,0.00,0.00,0.00,0.00,0.00,0.00,0.00,0.00,0.00,0.00,0.00,0.00,0.00,0.00,0.00,0.00,0.00,0.00,0.00,0.00,0.00,0.00,0.00,0.00,0.00,0.00,0.00,0.00,0.00,0.00,0.00,0.00,0.00,0.00,0.00,0.00,0.00,0.00,0.00,0.00,0.00,0.00,0.00,0.00,0.00,0.00,0.00,0.00,0.00,0.00,0.00,0.00,0.00,0.00,0.00,0.00,0.00,0.00,0.00,0.00,0.00,0.00,0.00,0.00,0.00,0.00,0.00,0.00,0.00,0.00,0.24,0.00,0.00,0.00,0.00,0.01,0.00,0.40,0.31,0.69,1.11,2.98,2.63,2.92,1.76,0.00,4.98,2.34,2.65,2.84,3.82,0.00,0.00,0.00,0.00,0.00,2.49,0.00,0.00,0.00,2.13,1.89,0.00,0.00,0.92,1.32,0.00,0.00,0.00,1.07,0.47,0.00,0.80,0.62,0.00,0.82,1.01,0.00,0.00,3.51,1.99,3.73,0.00,3.32,0.00,0.88,0.90,0.00,0.00,0.00,0.00,29.85,0.00,0.00,0.00,0.90,0.93,1.40,0.31,1.47,1.05,2.57,0.52,0.00,1.15,0.00,0.00,0.00,0.00,0.00,0.00,0.00,0.00,0.00,0.00
6650.5,-2.000,7.000,0.000,0.000,0.000,0,0,0.827,0,0.000,0.000,0.001,0.000,0.000,2.13,1.14,1.10,0.00,0.00,65.09,67.27,4.26,4.26,15.06,19.35,1.35,0.95,2.70,1.45,0.72,0.69,18.48,11.37,8.19,8.53,0.00,0.00,5.60,6.84,0.00,0.00,0.00,0.80,1.73,1.73,0.00,1.53,1.71,3.32,0.00,0.00,0.00,0.00,1.42,1.42,2.30,1.99,1.49,4.71,0.00,0.00,0.00,0.00,0.00,0.00,0.00,0.00,0.00,0.00,0.00,0.00,0.00,0.00,0.00,0.00,0.00,0.00,0.00,0.00,0.00,0.00,0.00,0.00,0.00,0.00,0.00,0.00,0.00,0.00,0.00,0.00,0.00,0.00,0.00,0.00,0.00,0.00,0.00,0.00,0.00,0.00,0.00,0.00,0.00,0.00,0.00,0.00,0.00,0.00,0.71,0.89,0.77,1.71,3.15,3.03,18.42,19.55,0.00,0.00,0.00,5.60,2.02,1.01,0.00,0.00,0.77,0.79,0.81,0.00,0.00,0.00,0.00,0.00,9.95,0.00,0.00,29.85,0.00,0.00,0.00,0.00,0.00,29.85,29.85,29.85,3.73,1.30,0.00,0.00,0.00,0.00,0.00,0.00,0.00,0.00,0.00,0.00,0.00,0.00,0.00,0.00,0.00,0.00,0.00,0.00,14.93,0.00,0.00,0.00,0.00,0.00,0.00,0.00,0.00,0.00,0.00,0.00,0.00,0.00,0.00,0.00,0.00,0.00,0.00,0.00,0.00,0.00,0.00,0.00,0.00,0.00,0.00,0.00,0.00,0.00,0.00,0.00,0.00,0.00,0.00,0.00,0.00,0.00,0.00,0.00,0.00,9.95,0.00,0.00,0.00,0.00,0.00,0.00,0.00,0.00,0.00,0.00,0.00,0.00,0.00,0.00,0.00,0.00,0.00,0.00,0.00,0.00,0.00,0.00,0.00,0.00,0.00,0.00,0.00,0.00,0.00,0.00,0.00,0.00,0.00,0.00,0.00,0.00,0.00,0.00,0.00,0.59,0.49,0.00,0.00,0.00,0.00,0.01,0.00,0.80,0.92,0.99,0.94,2.70,3.00,3.05,4.07,4.98,0.00,2.71,2.92,3.45,1.91,0.00,0.00,0.00,1.38,0.00,0.50,0.00,1.49,1.00,2.13,0.63,0.00,2.99,0.92,0.79,0.00,0.00,0.00,2.13,0.00,1.47,1.01,1.04,0.00,0.69,1.07,0.00,0.00,3.07,3.98,0.00,0.00,3.32,0.00,1.09,1.21,0.00,0.00,0.00,0.00,0.00,0.00,3.32,3.44,0.68,1.16,3.16,2.18,1.47,2.11,1.03,1.05,3.44,1.15,0.00,0.00,0.00,0.00,0.00,0.00,0.00,0.00,0.00,0.00
6750.5,-2.000,7.000,0.000,0.000,0.000,0,0,0.827,0,0.000,0.000,0.000,0.000,0.000,0.00,0.89,0.80,2.49,0.00,65.23,67.27,8.53,4.26,16.81,18.48,1.06,0.82,1.98,3.98,0.91,0.78,17.06,17.06,8.66,7.38,0.00,0.00,10.57,7.46,0.00,0.00,1.19,1.19,1.54,1.42,0.79,0.77,1.20,0.61,0.00,0.00,0.00,0.00,1.42,0.00,0.00,0.00,0.00,0.00,0.00,0.00,0.00,0.00,0.00,0.00,0.00,0.00,0.00,0.00,0.00,0.00,0.00,0.00,0.00,0.00,0.00,0.00,0.00,0.00,0.00,0.00,0.00,0.00,0.00,0.00,0.00,0.00,0.00,0.00,0.00,0.00,0.00,0.00,0.00,0.00,0.00,0.00,0.00,0.00,0.00,0.00,0.00,0.00,0.00,0.00,0.00,0.00,0.00,0.00,1.24,0.36,1.53,0.85,2.67,3.05,18.78,18.18,0.00,0.00,4.59,0.00,0.00,1.01,0.00,0.00,1.24,0.69,1.61,3.23,0.00,0.00,0.00,0.00,0.00,0.00,0.00,0.00,0.00,0.00,0.00,0.00,0.00,0.00,29.85,0.00,1.24,0.00,0.00,0.00,0.00,0.00,0.00,0.00,0.00,0.00,0.00,0.00,0.00,0.00,0.00,0.00,0.00,0.00,0.00,0.00,0.00,0.00,0.00,0.00,0.00,0.00,0.00,0.00,0.00,0.00,0.00,0.00,0.00,0.00,0.00,0.00,0.00,0.00,0.00,0.00,0.00,0.00,0.00,0.00,0.00,0.00,0.00,0.00,0.00,0.00,0.00,0.00,0.00,0.00,0.00,0.00,0.00,0.00,0.00,0.00,0.00,0.00,0.00,0.00,0.00,0.00,0.00,0.00,0.00,0.00,0.00,0.00,0.00,0.00,0.00,0.00,0.00,0.00,0.00,0.00,0.00,0.00,0.00,0.00,0.00,0.00,0.00,0.00,0.00,0.00,0.00,0.00,0.00,0.00,0.00,0.00,0.00,0.00,0.00,0.00,0.00,0.00,0.00,0.00,0.00,0.00,0.00,0.01,0.01,0.00,0.31,0.79,0.94,2.99,2.80,1.83,2.85,0.00,0.00,3.28,2.85,2.64,4.17,0.00,0.00,0.00,0.00,0.00,0.00,0.00,1.49,0.00,1.42,1.47,0.00,0.00,1.54,0.79,0.00,0.00,0.00,4.26,1.42,1.47,0.95,1.10,0.00,0.76,0.73,0.00,0.00,1.76,3.32,0.00,0.00,3.32,0.00,0.88,0.86,0.00,0.00,0.00,0.00,0.00,0.00,0.00,1.15,0.90,0.69,0.70,1.87,0.98,1.05,1.29,0.52,0.00,0.00,0.00,0.00,0.00,0.00,0.00,0.00,0.00,0.00,0.00,0.00
6850.5,-2.000,7.000,0.000,0.000,0.000,0,0,0.827,0,0.000,0.000,0.000,0.000,0.000,0.00,1.25,1.20,0.00,0.00,65.51,67.13,8.53,0.00,15.49,18.31,0.87,1.12,2.70,3.44,0.66,0.85,19.90,9.95,9.01,10.26,0.00,0.00,8.71,9.95,0.00,0.00,0.80,1.59,1.99,1.89,0.00,0.77,2.68,1.64,0.00,0.00,0.00,0.00,0.00,0.00,0.00,1.99,0.00,0.00,0.00,0.00,0.00,0.00,0.00,0.00,0.00,0.00,0.00,0.00,0.00,0.00,0.00,0.00,0.00,0.00,0.00,0.00,0.00,0.00,0.00,0.00,0.00,0.00,0.00,0.00,0.00,0.00,0.00,0.00,0.00,0.00,0.00,0.00,0.00,0.00,0.00,0.00,0.00,0.00,0.00,0.00,0.00,0.00,0.00,0.00,0.00,0.00,0.00,0.00,0.53,1.43,1.53,0.00,3.37,3.14,19.48,19.07,0.00,0.00,0.00,1.87,1.52,0.00,0.00,0.00,1.24,0.89,1.61,0.81,0.00,0.00,0.00,0.00,0.00,0.00,0.00,0.00,0.00,0.00,0.00,0.00,29.85,59.70,0.00,29.85,0.00,0.00,0.00,0.00,0.00,0.00,0.00,0.00,0.00,0.00,0.00,0.00,0.00,0.00,0.00,0.00,0.00,0.00,0.00,0.00,14.93,29.85,0.00,0.00,0.00,0.00,0.00,0.00,0.00,0.00,0.00,0.00,0.00,0.00,0.00,0.00,0.00,0.00,29.85,0.00,0.00,0.00,0.00,0.00,0.00,0.00,0.00,0.00,0.00,0.00,0.00,0.00,0.00,0.00,0.00,0.00,0.00,0.00,0.00,0.00,0.00,0.00,0.00,0.00,0.00,0.00,0.00,0.00,0.00,0.00,0.00,0.00,0.00,0.00,0.00,0.00,0.00,0.00,0.00,0.00,0.00,0.00,0.00,0.00,0.00,0.00,0.00,0.00,0.00,0.00,0.00,0.00,0.00,0.00,0.00,0.00,0.00,0.00,0.00,0.00,0.00,0.71,0.61,0.81,0.00,0.00,0.00,0.01,0.02,0.00,0.00,1.58,1.19,3.05,3.22,2.92,3.80,0.00,0.00,3.16,2.51,2.64,3.64,0.00,0.00,0.00,0.46,0.00,0.00,0.00,0.00,1.99,0.36,1.47,0.00,0.00,0.62,1.58,0.00,0.00,0.00,1.07,0.95,0.49,0.99,0.91,0.00,1.26,1.13,0.00,0.00,1.76,0.66,0.00,4.26,3.32,0.00,1.00,0.96,0.00,0.00,0.00,0.00,0.00,0.00,1.11,2.30,0.90,3.01,2.11,1.87,0.00,0.70,1.29,0.52,0.00,2.30,0.00,0.00,0.00,0.00,0.00,0.00,0.00,0.00,0.00,0.00
6950.5,-2.000,7.000,0.000,0.000,0.000,0,0,0.828,0,0.000,0.000,0.000,0.000,0.000,0.00,0.64,0.63,2.49,0.00,63.57,65.87,0.00,8.53,14.71,17.96,0.93,0.80,3.24,0.72,0.86,0.44,18.48,12.79,7.61,8.41,0.00,0.00,9.33,8.08,0.00,0.00,0.80,2.79,1.79,1.66,0.79,0.77,2.78,1.45,0.00,0.00,0.00,0.00,4.26,1.42,0.00,0.00,2.99,1.57,0.00,0.00,0.00,0.00,0.00,0.00,0.00,0.00,0.00,0.00,0.00,0.00,0.00,0.00,0.00,0.00,0.00,0.00,0.00,0.00,0.00,0.00,0.00,0.00,0.00,0.00,0.00,0.00,0.00,0.00,0.00,0.00,0.00,0.00,0.00,0.00,0.00,0.00,0.00,0.00,0.00,0.00,0.00,0.00,0.00,0.00,0.00,0.00,0.00,0.00,1.59,1.61,0.77,0.00,3.02,3.03,19.20,17.86,7.46,14.93,0.00,0.00,0.00,1.52,0.00,0.00,1.39,0.69,0.00,0.00,0.00,3.73,0.00,0.00,0.00,0.00,0.00,0.00,0.00,0.00,0.00,0.00,0.00,0.00,29.85,29.85,0.00,3.89,0.00,0.00,0.00,0.00,0.00,0.00,0.00,0.00,0.00,0.00,0.00,0.00,0.00,0.00,0.00,0.00,0.00,0.00,0.00,0.00,0.00,0.00,0.00,0.00,0.00,0.00,0.00,0.00,0.00,0.00,0.00,0.00,0.00,0.00,0.00,0.00,0.00,0.00,0.00,0.00,0.00,0.00,0.00,0.00,0.00,0.00,0.00,0.00,0.00,0.00,0.00,0.00,0.00,0.00,0.00,0.00,0.00,0.00,0.00,0.00,0.00,0.00,0.00,0.00,0.00,0.00,0.00,0.00,0.00,0.00,0.00,0.00,0.00,0.00,0.00,0.00,0.00,0.00,0.00,0.00,0.00,0.00,0.00,0.00,0.00,0.00,0.00,0.00,0.00,0.00,0.00,0.00,0.00,0.00,0.00,0.00,0.00,0.00,0.00,0.24,0.24,0.00,0.00,0.00,0.00,0.01,0.00,0.40,0.62,1.28,1.11,3.03,2.84,2.19,3.39,0.00,0.00,3.09,3.05,3.66,1.39,0.00,0.00,0.00,0.00,0.00,1.00,0.00,0.00,0.00,2.13,1.68,0.00,0.00,0.62,0.79,4.26,0.00,0.00,1.07,0.95,0.00,0.93,0.75,0.00,0.82,0.73,0.00,0.00,2.63,3.32,0.00,0.00,3.32,0.00,1.08,1.02,0.00,29.85,0.00,0.00,0.00,0.00,1.11,1.15,1.13,0.23,2.46,1.55,0.98,1.76,1.80,0.79,0.00,0.00,0.00,0.00,0.00,0.00,0.00,0.00,0.00,0.00,0.00,0.00
7050.5,-2.000,7.000,0.000,0.000,0.000,0,0,0.828,0,0.000,0.000,0.000,0.000,0.000,2.13,1.28,1.23,0.00,0.00,63.71,68.39,8.53,0.00,14.27,19.26,0.97,1.06,1.62,1.45,0.67,0.74,21.32,11.37,7.73,10.14,0.00,0.00,4.98,3.11,0.00,0.00,0.40,1.59,1.51,1.81,0.00,0.00,1.02,1.59,0.00,0.00,0.00,0.00,1.42,0.00,0.00,0.00,0.00,3.14,0.00,0.00,0.00,0.00,0.00,0.00,0.00,0.00,0.00,0.00,0.00,0.00,0.00,0.00,0.00,0.00,0.00,0.00,0.00,0.00,0.00,0.00,0.00,0.00,0.00,0.00,0.00,0.00,0.00,0.00,0.00,0.00,0.00,0.00,0.00,0.00,0.00,0.00,0.00,0.00,0.00,0.00,0.00,0.00,0.00,0.00,0.00,0.00,0.00,0.00,1.41,1.61,0.77,0.00,3.02,3.42,18.13,18.31,0.00,0.00,0.00,1.87,0.00,0.00,0.00,0.00,1.08,1.09,0.81,0.81,0.00,0.00,0.00,0.00,0.00,0.00,0.00,0.00,0.00,0.00,0.00,0.00,29.85,29.85,0.00,29.85,0.00,0.00,0.00,0.00,0.00,0.00,0.00,0.00,0.00,0.00,0.00,0.00,0.00,0.00,0.00,0.00,0.00,0.00,0.00,0.00,0.00,0.00,0.00,0.00,0.00,0.00,0.00,0.00,0.00,0.00,0.00,0.00,0.00,0.00,0.00,0.00,0.00,0.00,0.00,0.00,0.00,0.00,0.00,0.00,0.00,0.00,0.00,0.00,0.00,0.00,0.00,0.00,0.00,0.00,0.00,0.00,0.00,0.00,0.00,0.00,0.00,0.00,0.00,0.00,0.00,0.00,0.00,0.00,0.00,0.00,0.00,0.00,0.00,0.00,0.00,0.00,0.00,0.00,0.00,0.00,0.00,0.00,0.00,0.00,0.00,0.00,0.00,0.00,0.00,0.00,0.00,0.00,0.00,0.00,0.00,0.00,0.00,0.00,0.00,0.00,0.00,0.12,0.12,0.00,0.00,0.00,0.00,0.02,0.00,0.80,1.23,0.89,0.51,2.94,3.08,2.80,5.02,0.00,0.00,3.28,2.58,3.05,2.60,2.49,2.30,0.00,0.46,0.45,2.49,0.50,0.50,1.00,0.71,1.68,0.00,0.00,1.23,1.06,0.00,4.26,4.98,2.13,2.84,0.00,0.84,0.68,0.00,0.69,1.13,0.00,0.00,1.32,0.66,0.00,0.00,0.00,0.00,1.01,0.92,0.00,0.00,0.00,0.00,0.00,0.00,0.00,3.44,1.58,0.69,0.70,1.24,1.96,2.11,1.29,0.52,0.00,0.00,0.00,0.00,0.00,0.00,0.00,0.00,0.00,0.00,0.00,0.00
7150.5,-2.000,7.000,0.000,0.000,0.000,0,0,0.829,0,0.000,0.000,0.000,0.000,0.000,2.13,1.18,1.16,4.98,2.49,64.40,66.85,8.53,4.26,16.11,18.83,0.74,1.22,2.70,2.35,0.83,0.80,18.48,8.53,7.84,7.49,0.00,0.00,8.71,9.95,0.00,0.00,1.59,0.40,1.56,1.41,0.79,1.53,0.74,1.40,0.00,0.00,0.00,0.00,0.00,0.00,0.00,0.00,0.00,0.00,0.00,0.00,0.00,0.00,0.00,0.00,0.00,0.00,0.00,0.00,0.00,0.00,0.00,0.00,0.00,0.00,0.00,0.00,0.00,0.00,0.00,0.00,0.00,0.00,0.00,0.00,0.00,0.00,0.00,0.00,0.00,0.00,0.00,0.00,0.00,0.00,0.00,0.00,0.00,0.00,0.00,0.00,0.00,0.00,0.00,0.00,0.00,0.00,0.00,0.00,1.06,1.07,0.00,1.71,2.78,3.03,20.34,19.00,0.00,0.00,2.30,0.00,2.02,0.51,0.00,0.00,1.08,0.99,1.61,4.84,0.00,0.00,0.00,0.00,0.00,0.00,0.00,29.85,0.00,0.00,0.00,0.00,0.00,0.00,0.00,0.00,0.00,0.00,0.00,0.00,0.00,0.00,0.00,0.00,0.00,0.00,0.00,0.00,0.00,0.00,0.00,0.00,0.00,0.00,0.00,0.00,0.00,0.00,0.00,0.00,0.00,0.00,0.00,0.00,0.00,0.00,0.00,0.00,0.00,0.00,0.00,0.00,0.00,0.00,0.00,0.00,0.00,0.00,0.00,0.00,0.00,0.00,0.00,0.00,0.00,0.00,0.00,0.00,0.00,0.00,0.00,0.00,0.00,0.00,0.00,0.00,0.00,0.00,0.00,0.00,0.00,0.00,0.00,0.00,0.00,0.00,0.00,0.00,0.00,0.00,0.00,0.00,0.00,0.00,0.00,0.00,0.00,0.00,0.00,0.00,0.00,0.00,0.00,0.00,0.00,0.00,0.00,0.00,0.00,0.00,0.00,0.00,0.00,0.00,0.00,0.00,0.00,0.12,0.61,0.00,0.00,0.00,0.00,0.02,0.00,1.59,0.62,0.69,0.77,2.85,2.72,2.68,4.07,0.00,4.98,2.59,1.70,3.05,2.78,0.00,0.00,0.00,0.00,0.90,0.00,0.00,0.00,1.49,0.36,0.63,0.00,0.00,0.62,1.58,0.00,0.00,0.00,1.07,0.00,0.49,0.95,1.16,0.00,0.82,0.84,0.00,0.00,4.83,4.64,0.00,0.00,3.32,0.00,1.02,1.07,0.00,0.00,0.00,0.00,0.00,0.00,1.11,1.15,0.90,1.62,2.46,0.93,0.49,0.00,1.03,1.57,1.15,1.15,0.00,0.00,0.00,0.00,0.00,0.00,0.00,0.00,0.00,0.00
7250.5,-2.000,7.000,0.000,0.000,0.000,0,0,0.829,0,0.000,0.000,0.000,0.000,0.000,0.00,0.93,1.46,0.00,0.00,66.20,68.11,12.79,4.26,16.28,20.48,0.99,1.18,2.52,1.81,1.00,0.54,19.90,8.53,7.02,7.49,0.00,0.00,5.60,6.22,0.00,0.00,1.59,0.80,2.13,2.17,0.79,3.06,3.89,3.13,0.00,0.00,0.00,0.00,0.00,1.42,2.30,0.00,0.00,0.00,0.00,0.00,0.00,0.00,0.00,0.00,0.00,0.00,0.00,0.00,0.00,0.00,0.00,0.00,0.00,0.00,0.00,0.00,0.00,0.00,0.00,0.00,0.00,0.00,0.00,0.00,0.00,0.00,0.00,0.00,0.00,0.00,0.00,0.00,0.00,0.00,0.00,0.00,0.00,0.00,0.01,0.00,0.00,0.00,0.00,0.00,0.00,0.00,0.00,0.00,0.00,1.25,0.77,2.56,3.26,3.03,19.25,18.26,7.46,14.93,2.30,0.00,0.00,0.51,0.00,0.00,1.39,1.09,0.00,0.81,0.00,0.00,0.00,0.00,0.00,0.00,0.00,0.00,0.00,0.00,0.00,0.00,0.00,29.85,0.00,29.85,0.00,0.00,0.00,0.00,0.00,0.00,0.00,0.00,0.00,0.00,0.00,0.00,0.00,0.00,0.00,0.00,0.00,0.00,0.00,0.00,0.00,0.00,0.00,0.00,0.00,0.00,0.00,0.00,0.00,0.00,0.00,0.00,14.93,0.00,0.00,0.00,0.00,0.00,29.85,0.00,0.00,0.00,0.00,0.00,0.00,0.00,0.00,0.00,0.00,0.00,0.00,0.00,0.00,0.00,0.00,0.00,0.00,0.00,0.00,0.00,0.00,0.00,0.00,29.85,0.00,0.00,0.00,0.00,0.00,0.00,0.00,0.00,0.00,0.00,0.00,0.00,0.00,0.00,0.00,0.00,0.00,0.00,0.00,0.00,0.00,0.00,0.00,0.00,0.00,0.00,0.00,0.00,0.00,0.00,0.00,0.00,0.00,0.00,0.00,0.00,0.00,0.71,1.21,0.00,0.00,0.00,0.00,0.01,0.02,1.19,0.31,1.78,1.70,2.81,3.23,1.95,3.12,19.90,0.00,3.41,3.73,4.06,2.26,0.00,0.00,0.00,0.00,1.36,0.50,0.50,0.00,0.50,0.71,0.84,0.00,0.00,0.62,0.79,4.26,4.26,0.00,0.00,0.47,0.98,0.89,0.87,0.00,1.01,0.84,0.00,0.00,2.63,2.65,0.00,0.00,0.00,2.99,1.22,1.32,0.00,0.00,0.00,0.00,0.00,0.00,3.32,2.30,2.04,0.46,3.16,2.80,0.98,2.46,1.29,0.79,12.63,10.33,22.39,7.46,0.00,29.85,0.00,0.00,0.00,0.00,0.00,0.00
7350.5,-2.000,7.000,0.000,0.000,0.000,0,0,0.829,0,0.000,0.000,0.000,0.000,0.000,0.00,1.07,1.36,0.00,0.00,63.57,67.83,4.26,4.26,15.84,19.52,0.93,1.01,3.24,2.17,0.84,0.97,17.06,9.95,7.96,7.95,0.00,0.00,8.08,8.71,0.00,0.00,0.40,0.40,1.30,1.81,2.36,0.77,1.57,3.56,0.00,0.00,0.00,0.00,4.26,1.42,0.00,3.98,1.49,0.00,0.00,0.00,0.00,0.00,0.00,0.00,0.00,0.00,0.00,0.00,0.00,0.00,0.00,0.00,0.00,0.00,0.00,0.00,0.00,0.00,0.00,0.00,0.00,0.00,0.00,0.00,0.00,0.00,0.00,0.00,0.00,0.00,0.00,0.00,0.00,0.00,0.00,0.00,0.00,0.00,0.00,0.00,0.00,0.00,0.00,0.00,0.00,0.00,0.00,0.00,1.06,1.79,0.77,0.00,2.85,2.84,18.75,19.26,0.00,0.00,0.00,1.87,0.00,0.51,0.00,0.00,1.08,0.89,0.00,1.61,0.00,3.73,0.00,0.00,0.00,0.00,0.00,59.70,0.00,0.00,0.00,0.00,29.85,0.00,0.00,0.00,2.49,1.30,0.00,0.00,0.00,0.00,0.00,0.00,0.00,0.00,0.00,0.00,0.00,0.00,0.00,0.00,0.00,0.00,0.00,0.00,0.00,0.00,0.00,0.00,0.00,0.00,0.00,0.00,0.00,0.00,0.00,0.00,0.00,0.00,0.00,0.00,0.00,0.00,0.00,0.00,0.00,0.00,0.00,0.00,0.00,0.00,0.00,0.00,0.00,0.00,0.00,0.00,0.00,0.00,0.00,0.00,0.00,0.00,0.00,0.00,0.00,0.00,0.00,0.00,0.00,0.00,0.00,0.00,0.00,0.00,0.00,0.00,0.00,0.00,0.00,0.00,0.00,0.00,0.00,0.00,0.00,0.00,0.00,0.00,0.00,0.00,0.00,0.00,0.00,0.00,0.00,0.00,0.00,0.00,0.00,0.00,0.00,0.00,0.00,0.00,0.00,0.00,0.85,0.00,1.87,0.00,0.00,0.00,0.00,0.40,0.00,0.99,1.53,2.64,2.90,3.66,2.99,0.00,4.98,3.16,2.24,3.66,2.43,0.00,6.89,0.00,3.21,0.45,0.50,0.50,0.50,0.50,1.42,1.05,0.00,2.99,1.54,0.79,4.26,0.00,4.98,1.07,1.90,3.43,1.18,1.52,0.00,1.26,0.73,0.00,0.00,2.19,1.33,3.73,0.00,0.00,2.99,1.35,1.43,0.00,0.00,0.00,0.00,0.00,0.00,4.42,3.44,0.90,1.16,2.46,3.73,1.47,1.05,0.26,1.05,6.89,3.44,0.00,0.00,29.85,0.00,0.00,0.00,0.00,0.00,0.00,0.00
7450.5,-2.000,7.000,0.000,0.000,0.000,0,0,0.830,0,0.000,0.000,0.000,0.000,0.000,0.00,1.57,1.23,2.49,2.49,67.03,68.95,4.26,4.26,16.11,19.44,1.03,1.16,2.88,2.71,0.87,0.52,22.74,12.79,9.36,7.95,0.00,0.00,6.22,11.19,0.00,0.00,1.19,1.59,2.05,2.17,3.14,0.00,3.70,2.34,0.00,0.00,0.00,0.00,0.00,0.00,2.30,0.00,4.48,1.57,0.00,0.00,0.00,0.00,0.00,0.00,0.00,0.00,0.00,0.00,0.00,0.00,0.00,0.00,0.00,0.00,0.00,0.00,0.00,0.00,0.00,0.00,0.00,0.00,0.00,0.00,0.00,0.00,0.00,0.00,0.00,0.00,0.00,0.00,0.00,0.00,0.00,0.00,0.00,0.00,0.01,0.01,0.00,0.00,0.00,0.00,0.00,0.00,0.00,0.00,0.71,0.54,1.53,0.85,3.20,2.86,18.29,19.34,0.00,0.00,4.59,1.87,1.52,1.52,0.00,0.00,0.93,1.09,1.61,0.00,0.00,3.73,0.00,0.00,0.00,0.00,29.85,0.00,0.00,0.00,0.00,0.00,29.85,29.85,29.85,0.00,0.00,0.00,0.00,0.00,0.00,0.00,0.00,0.00,0.00,0.00,0.00,0.00,0.00,0.00,0.00,0.00,0.00,0.00,0.00,0.00,29.85,29.85,0.00,0.00,0.00,0.00,0.00,0.00,0.00,0.00,0.00,0.00,0.00,0.00,0.00,0.00,0.00,0.00,0.00,0.00,0.00,0.00,0.00,0.00,0.00,0.00,0.00,0.00,0.00,0.00,0.00,0.00,0.00,0.00,0.00,0.00,0.00,0.00,0.00,0.00,0.00,0.00,0.00,0.00,0.00,29.85,0.00,0.00,0.00,0.00,0.00,0.00,0.00,0.00,0.00,0.00,0.00,0.00,0.00,0.00,0.00,0.00,0.00,0.00,0.00,0.00,0.00,0.00,0.00,0.00,0.00,0.00,0.00,0.00,0.00,0.00,0.00,0.00,0.00,0.00,0.00,2.12,1.21,1.61,0.00,0.00,0.00,0.02,0.01,1.19,0.92,1.58,1.11,2.88,3.01,4.02,3.12,0.00,0.00,3.09,3.39,2.03,3.30,0.00,0.00,0.00,0.00,0.00,1.99,0.00,1.00,1.99,1.07,0.84,2.30,5.97,1.23,0.79,0.00,0.00,0.00,1.07,3.32,0.98,1.20,1.43,0.00,0.88,1.30,0.00,0.00,1.32,2.65,0.00,0.00,0.00,2.99,1.11,1.26,0.00,0.00,29.85,0.00,0.00,0.00,0.00,2.30,0.90,2.08,1.76,0.31,1.47,3.51,1.80,1.83,0.00,0.00,0.00,0.00,0.00,0.00,0.00,0.00,0.00,0.00,0.00,0.00
7550.5,-2.000,7.000,0.000,0.000,0.000,0,0,0.830,0,0.000,0.000,0.000,0.000,0.000,0.00,0.78,1.16,0.00,2.49,63.57,67.55,0.00,4.26,15.93,19.18,0.87,1.08,2.88,3.08,0.75,0.59,15.64,15.64,6.56,6.45,0.00,0.00,3.73,7.46,0.00,0.00,0.80,1.19,1.77,1.58,1.57,0.77,1.85,1.08,0.00,0.00,0.00,0.00,1.42,1.42,2.30,1.99,0.00,0.00,0.00,0.00,0.00,0.00,0.00,0.00,0.00,0.00,0.00,0.00,0.00,0.00,0.00,0.00,0.00,0.00,0.00,0.00,0.00,0.00,0.00,0.00,0.00,0.00,0.00,0.00,0.00,0.00,0.00,0.00,0.00,0.00,0.00,0.00,0.00,0.00,0.00,0.00,0.00,0.00,0.00,0.00,0.00,0.00,0.00,0.00,0.00,0.00,0.00,0.00,0.71,1.79,0.00,1.71,2.78,2.77,18.05,18.86,7.46,0.00,2.30,0.00,1.01,1.52,0.00,0.00,0.93,0.89,0.81,0.00,0.00,0.00,0.00,0.00,0.00,0.00,0.00,0.00,0.00,0.00,0.00,0.00,0.00,0.00,29.85,0.00,1.24,1.30,0.00,0.00,0.00,0.00,0.00,0.00,0.00,0.00,0.00,0.00,0.00,0.00,0.00,0.00,0.00,0.00,0.00,0.00,0.00,0.00,29.85,0.00,0.00,0.00,0.00,0.00,0.00,0.00,0.00,0.00,0.00,0.00,0.00,0.00,0.00,0.00,0.00,0.00,0.00,0.00,0.00,0.00,0.00,0.00,0.00,0.00,0.00,0.00,0.00,0.00,0.00,14.93,0.00,0.00,0.00,0.00,0.00,0.00,0.00,0.00,0.00,0.00,0.00,0.00,0.00,0.00,0.00,0.00,0.00,0.00,0.00,0.00,0.00,0.00,0.00,0.00,0.00,0.00,0.00,0.00,0.00,0.00,0.00,0.00,0.00,0.00,0.00,0.00,0.00,0.00,0.00,0.00,0.00,0.00,0.00,0.00,0.00,0.00,0.00,0.24,0.49,0.00,0.00,0.00,0.00,0.01,0.01,0.80,0.92,0.59,1.11,2.98,3.00,2.19,3.12,9.95,0.00,4.42,2.51,2.03,1.91,0.00,0.00,0.00,0.00,0.00,0.00,1.00,0.00,0.00,1.42,1.05,0.00,0.00,0.62,0.79,0.00,4.26,4.98,1.07,0.47,0.98,0.89,0.85,0.00,1.14,1.01,0.00,0.00,2.19,1.99,0.00,0.00,3.32,2.99,0.88,0.83,0.00,0.00,0.00,0.00,0.00,0.00,0.00,1.15,0.68,0.93,1.76,1.24,0.49,1.40,0.77,0.52,1.15,3.44,0.00,0.00,0.00,0.00,0.00,0.00,0.00,0.00,0.00,0.00
7650.5,-2.000,7.000,0.000,0.000,0.000,0,0,0.831,0,0.000,0.000,0.000,0.000,0.070,0.00,1.42,1.10,2.49,0.00,63.71,67.41,4.26,4.26,16.54,20.05,1.08,1.12,1.98,0.90,1.05,0.74,18.48,9.95,8.90,8.99,0.00,0.00,8.08,8.71,0.00,0.00,0.40,1.19,1.52,1.40,0.79,0.77,1.25,0.89,0.00,0.00,0.00,9.95,0.00,1.42,0.00,3.98,0.00,0.00,0.00,0.00,0.00,0.00,0.00,0.00,0.00,0.00,0.00,0.00,0.00,0.00,0.00,0.00,0.00,0.00,0.00,0.00,0.00,0.00,0.00,0.00,0.00,0.00,0.00,0.00,0.00,0.00,0.00,0.00,0.00,0.00,0.00,0.00,0.00,0.00,0.00,0.00,0.00,0.00,0.00,0.00,0.00,0.00,0.00,0.00,0.00,0.00,0.00,0.00,1.41,0.71,3.06,0.00,2.74,2.52,18.57,18.89,0.00,0.00,2.30,1.87,1.01,0.51,0.00,0.00,1.08,0.79,0.81,0.81,0.00,0.00,0.00,0.00,0.00,0.00,0.00,0.00,0.00,0.00,0.00,0.00,0.00,0.00,0.00,0.00,0.00,0.00,0.00,0.00,0.00,0.00,0.00,0.00,0.00,0.00,0.00,0.00,0.00,0.00,0.00,0.00,0.00,0.00,0.00,0.00,0.00,0.00,0.00,0.00,0.00,0.00,0.00,0.00,0.00,0.00,0.00,0.00,0.00,0.00,0.00,0.00,0.00,0.00,0.00,0.00,0.00,0.00,0.00,0.00,0.00,0.00,0.00,0.00,0.00,0.00,0.00,0.00,0.00,0.00,0.00,0.00,0.00,0.00,0.00,0.00,0.00,0.00,0.00,0.00,0.00,0.00,0.00,0.00,0.00,0.00,0.00,0.00,0.00,0.00,0.00,0.00,0.00,0.00,0.00,0.00,0.00,0.00,0.00,0.00,0.00,0.00,0.00,0.00,0.00,0.00,0.00,0.00,0.00,0.00,0.00,0.00,0.00,0.00,0.00,0.00,0.00,0.00,0.12,0.00,0.00,0.00,0.00,0.02,0.01,0.00,0.62,1.28,0.77,3.08,3.05,3.66,2.71,0.00,0.00,2.78,3.19,3.45,3.47,0.00,0.00,0.00,0.00,0.00,0.00,0.00,0.00,0.50,1.07,0.63,0.00,0.00,1.54,1.06,0.00,0.00,4.98,1.07,1.42,0.00,0.99,1.31,0.00,1.01,0.62,0.00,0.00,4.39,2.65,0.00,0.00,3.32,5.97,1.08,1.15,0.00,0.00,0.00,0.00,0.00,0.00,1.11,0.00,0.68,1.16,1.76,0.93,1.96,3.16,1.29,2.36,0.00,0.00,22.39,29.85,29.85,29.85,0.00,0.00,0.00,0.00,0.00,0.00
7750.5,-2.000,7.000,0.000,0.000,0.000,0,0,0.831,0,0.000,0.000,0.000,0.000,0.013,2.13,1.10,1.10,2.49,2.49,64.26,66.01,8.53,4.26,15.23,18.22,1.06,1.01,1.80,1.99,1.34,0.84,24.16,9.95,7.84,6.68,0.00,0.00,8.71,7.46,0.00,0.00,1.19,0.80,1.66,1.68,0.00,0.77,1.16,2.01,0.00,0.00,0.00,0.00,0.00,0.00,2.30,0.00,0.00,0.00,0.00,0.00,0.00,0.00,0.00,0.00,0.00,0.00,0.00,0.00,0.00,0.00,0.00,0.00,0.00,0.00,0.00,0.00,0.00,0.00,0.00,0.00,0.00,0.00,0.00,0.00,0.00,0.00,0.00,0.00,0.00,0.00,0.00,0.00,0.00,0.00,0.00,0.00,0.00,0.00,0.00,0.00,0.00,0.00,0.00,0.00,0.00,0.00,0.00,0.00,1.06,0.89,0.77,0.85,3.02,3.10,19.04,18.36,0.00,0.00,2.30,1.87,0.51,0.00,0.00,0.00,0.62,0.40,0.81,0.00,7.46,0.00,0.00,0.00,0.00,0.00,0.00,0.00,0.00,0.00,0.00,0.00,29.85,29.85,29.85,0.00,0.00,0.00,0.00,0.00,0.00,0.00,0.00,0.00,0.00,0.00,0.00,0.00,0.00,0.00,0.00,0.00,0.00,0.00,0.00,0.00,14.93,14.93,0.00,0.00,0.00,0.00,0.00,0.00,0.00,0.00,0.00,0.00,0.00,0.00,0.00,0.00,0.00,0.00,0.00,0.00,0.00,0.00,0.00,0.00,0.00,0.00,0.00,0.00,0.00,0.00,0.00,0.00,0.00,0.00,0.00,0.00,0.00,0.00,0.00,0.00,0.00,0.00,0.00,0.00,0.00,0.00,0.00,0.00,0.00,0.00,0.00,0.00,0.00,0.00,0.00,0.00,0.00,0.00,0.00,0.00,0.00,0.00,0.00,0.00,0.00,0.00,0.00,0.00,0.00,0.00,0.00,0.00,0.00,0.00,0.00,0.00,0.00,0.00,0.00,0.00,0.00,0.83,0.85,0.00,0.00,0.00,0.00,0.01,0.01,0.00,0.62,0.89,0.60,2.68,3.16,3.78,1.90,0.00,0.00,1.96,2.99,2.64,2.43,0.00,0.00,0.00,0.00,0.45,0.50,0.00,0.00,0.00,2.13,0.84,0.00,0.00,1.23,0.79,0.00,4.26,4.98,1.07,0.00,0.00,0.76,0.75,0.00,1.14,0.90,0.00,0.00,4.83,1.33,0.00,0.00,3.32,0.00,1.00,0.83,0.00,0.00,0.00,0.00,0.00,0.00,1.11,1.15,0.90,0.93,1.76,0.93,1.47,0.70,0.51,0.52,0.00,1.15,0.00,0.00,0.00,0.00,0.00,0.00,0.00,0.00,0.00,0.00
7850.5,-2.000,7.000,0.000,0.000,0.000,0,0,0.831,0,0.000,0.000,0.000,0.000,0.002,0.00,0.68,0.96,4.98,0.00,66.61,67.97,8.53,8.53,16.02,19.18,0.80,0.78,2.52,1.63,0.98,0.72,17.06,8.53,8.43,8.87,0.00,0.00,7.46,9.33,0.00,0.00,1.19,0.80,1.47,1.55,1.57,0.00,0.74,0.66,0.00,0.00,0.00,0.00,0.00,0.00,2.30,0.00,0.00,0.00,0.00,0.00,0.00,0.00,0.00,0.00,0.00,0.00,0.00,0.00,0.00,0.00,0.00,0.00,0.00,0.00,0.00,0.00,0.00,0.00,0.00,0.00,0.00,0.00,0.00,0.00,0.00,0.00,0.00,0.00,0.00,0.00,0.00,0.00,0.00,0.00,0.00,0.00,0.00,0.00,0.00,0.00,0.00,0.00,0.00,0.00,0.00,0.00,0.00,0.00,0.35,1.43,0.77,0.00,2.91,3.21,19.12,19.18,0.00,0.00,0.00,0.00,1.01,2.02,0.00,0.00,1.24,1.58,0.81,1.61,0.00,0.00,0.00,0.00,0.00,0.00,0.00,0.00,0.00,0.00,0.00,0.00,0.00,0.00,29.85,0.00,3.73,0.00,0.00,0.00,0.00,0.00,0.00,0.00,0.00,0.00,0.00,0.00,0.00,0.00,0.00,0.00,0.00,0.00,0.00,0.00,0.00,0.00,0.00,0.00,0.00,0.00,0.00,0.00,0.00,0.00,0.00,0.00,0.00,0.00,0.00,0.00,0.00,0.00,0.00,0.00,0.00,0.00,0.00,0.00,0.00,0.00,0.00,0.00,0.00,0.00,0.00,0.00,0.00,0.00,0.00,0.00,0.00,0.00,0.00,0.00,0.00,0.00,0.00,0.00,0.00,0.00,0.00,0.00,0.00,0.00,0.00,0.00,0.00,0.00,0.00,0.00,0.00,0.00,0.00,0.00,0.00,0.00,0.00,0.00,0.00,0.00,0.00,0.00,0.00,0.00,0.00,0.00,0.00,0.00,0.00,0.00,0.00,0.00,0.00,0.00,0.00,0.00,0.00,0.00,0.00,0.00,0.00,0.01,0.00,0.00,0.31,0.89,0.43,2.89,2.84,3.41,2.44,0.00,0.00,3.47,2.85,1.83,2.43,0.00,2.30,0.00,0.00,0.00,0.50,0.00,0.00,0.00,2.49,0.21,0.00,0.00,1.23,1.58,0.00,0.00,0.00,0.00,0.47,0.00,0.80,0.79,0.00,1.07,0.96,0.00,0.00,4.39,1.33,0.00,0.00,0.00,0.00,0.94,0.90,0.00,0.00,0.00,0.00,0.00,0.00,0.00,0.00,0.68,0.93,0.00,1.24,0.49,1.40,0.00,0.79,0.00,0.00,0.00,0.00,0.00,0.00,0.00,0.00,0.00,0.00,0.00,0.00
7950.5,-2.000,7.000,0.000,0.000,0.000,0,0,0.832,0,0.000,0.000,0.000,0.000,0.000,0.00,1.10,1.13,0.00,2.49,65.23,67.41,4.26,8.53,14.97,18.31,0.84,1.01,1.44,1.27,0.56,0.56,17.06,12.79,6.67,8.07,0.00,0.00,6.22,6.84,0.00,0.00,0.80,1.19,1.54,1.42,0.79,1.53,1.62,2.53,0.00,0.00,0.00,0.00,0.00,0.00,2.30,1.99,1.49,0.00,0.00,0.00,0.00,0.00,0.00,0.00,0.00,0.00,0.00,0.00,0.00,0.00,0.00,0.00,0.00,0.00,0.00,0.00,0.00,0.00,0.00,0.00,0.00,0.00,0.00,0.00,0.00,0.00,0.00,0.00,0.00,0.00,0.00,0.00,0.00,0.00,0.00,0.00,0.00,0.00,0.00,0.00,0.00,0.00,0.00,0.00,0.00,0.00,0.00,0.00,0.71,1.07,0.00,0.00,2.54,2.70,17.30,19.47,0.00,0.00,0.00,1.87,1.01,1.01,0.00,0.00,0.93,0.79,2.42,0.00,0.00,0.00,0.00,0.00,0.00,0.00,0.00,0.00,0.00,0.00,0.00,0.00,0.00,0.00,0.00,0.00,1.24,0.00,0.00,0.00,0.00,0.00,0.00,0.00,0.00,0.00,0.00,0.00,0.00,0.00,0.00,0.00,0.00,0.00,0.00,0.00,0.00,0.00,0.00,0.00,0.00,0.00,0.00,0.00,0.00,0.00,0.00,0.00,0.00,0.00,0.00,0.00,0.00,0.00,0.00,0.00,0.00,0.00,0.00,0.00,0.00,0.00,0.00,0.00,0.00,0.00,0.00,0.00,0.00,0.00,0.00,0.00,0.00,0.00,0.00,0.00,0.00,0.00,0.00,0.00,0.00,0.00,0.00,0.00,0.00,0.00,0.00,0.00,0.00,0.00,0.00,0.00,0.00,0.00,0.00,0.00,0.00,0.00,0.00,0.00,0.00,0.00,0.00,0.00,0.00,0.00,0.00,0.00,0.00,0.00,0.00,0.00,0.00,0.00,0.00,0.00,0.00,0.47,0.49,0.00,0.00,0.00,0.00,0.02,0.00,0.80,0.62,1.68,1.36,3.29,2.98,2.56,2.99,0.00,0.00,3.16,1.83,2.44,3.47,0.00,0.00,0.00,0.00,0.45,0.50,0.00,1.00,0.00,1.07,0.63,0.00,0.00,0.62,0.79,0.00,0.00,0.00,0.00,3.79,0.98,1.23,0.73,0.00,0.57,0.84,0.00,0.00,3.95,2.65,3.73,0.00,0.00,2.99,1.49,1.25,0.00,0.00,0.00,0.00,0.00,0.00,1.11,4.59,1.81,2.08,3.16,2.80,0.00,0.70,1.03,1.57,4.59,4.59,0.00,0.00,0.00,0.00,0.00,0.00,0.00,0.00,0.00,0.00
8050.5,-2.000,7.000,0.000,0.000,0.000,0,0,0.832,0,0.000,0.000,0.000,0.000,0.000,0.00,0.78,0.96,0.00,0.00,64.68,67.55,8.53,8.53,15.93,20.39,0.97,0.99,2.34,2.17,1.04,0.64,17.06,12.79,6.67,8.07,0.00,0.00,9.33,8.08,0.00,29.85,1.19,0.40,1.38,1.24,0.00,0.00,1.11,0.33,0.00,0.00,0.00,0.00,1.42,1.42,0.00,0.00,0.00,0.00,0.00,0.00,0.00,0.00,0.00,0.00,0.00,0.00,0.00,0.00,0.00,0.00,0.00,0.00,0.00,0.00,0.00,0.00,0.00,0.00,0.00,0.00,0.00,0.00,0.00,0.00,0.00,0.00,0.00,0.00,0.00,0.00,0.00,0.00,0.00,0.00,0.00,0.00,0.00,0.00,0.00,0.00,0.00,0.00,0.00,0.00,0.00,0.00,0.00,0.00,0.53,1.25,0.77,0.00,2.89,3.23,18.23,18.97,0.00,0.00,0.00,3.73,0.51,0.51,0.00,0.00,1.08,1.28,0.81,0.81,7.46,0.00,0.00,0.00,0.00,0.00,29.85,0.00,0.00,0.00,0.00,0.00,0.00,0.00,29.85,0.00,2.49,0.00,0.00,0.00,0.00,0.00,0.00,0.00,0.00,0.00,0.00,0.00,0.00,0.00,0.00,0.00,0.00,0.00,0.00,0.00,0.00,0.00,0.00,0.00,0.00,0.00,0.00,0.00,0.00,0.00,0.00,0.00,0.00,0.00,0.00,0.00,0.00,0.00,0.00,0.00,0.00,0.00,0.00,0.00,0.00,0.00,0.00,0.00,0.00,0.00,0.00,0.00,0.00,0.00,0.00,0.00,0.00,0.00,0.00,0.00,0.00,0.00,0.00,0.00,29.85,0.00,0.00,0.00,0.00,0.00,0.00,0.00,0.00,0.00,0.00,0.00,0.00,0.00,0.00,0.00,0.00,0.00,0.00,0.00,0.00,0.00,0.00,0.00,0.00,0.00,0.00,0.00,0.00,0.00,0.00,0.00,0.00,0.00,0.00,0.00,0.00,0.12,0.00,0.00,0.00,0.00,0.00,0.00,0.00,0.40,0.62,1.38,0.94,2.94,3.17,4.14,2.31,0.00,0.00,3.16,2.99,3.05,2.78,0.00,0.00,0.00,0.00,0.00,0.50,0.50,0.00,1.00,1.42,0.42,0.00,0.00,1.23,0.00,0.00,0.00,0.00,1.07,0.00,1.47,0.78,0.77,0.00,1.07,0.68,0.00,0.00,2.63,2.65,0.00,0.00,0.00,2.99,0.96,0.87,0.00,0.00,0.00,0.00,0.00,0.00,2.21,0.00,0.45,1.16,0.70,1.24,0.49,0.70,0.51,0.52,1.15,0.00,0.00,0.00,0.00,0.00,0.00,0.00,0.00,0.00,0.00,0.00
8150.5,-2.000,7.000,0.000,0.000,0.000,0,0,0.833,0,0.000,0.000,0.000,0.000,0.000,0.00,0.78,1.10,0.00,0.00,65.64,67.27,4.26,4.26,16.63,18.66,0.82,0.99,2.16,3.26,0.89,0.83,18.48,11.37,7.61,8.99,0.00,0.00,9.95,11.82,0.00,0.00,1.59,0.00,2.02,2.13,0.79,0.00,1.94,2.11,0.00,0.00,0.00,0.00,0.00,0.00,0.00,1.99,0.00,0.00,0.00,0.00,0.00,0.00,0.00,0.00,0.00,0.00,0.00,0.00,0.00,0.00,0.00,0.00,0.00,0.00,0.00,0.00,0.00,0.00,0.00,0.00,0.00,0.00,0.00,0.00,0.00,0.00,0.00,0.00,0.00,0.00,0.00,0.00,0.00,0.00,0.00,0.00,0.00,0.00,0.00,0.00,0.00,0.00,0.00,0.00,0.00,0.00,0.00,0.00,0.53,1.25,0.77,0.00,2.87,2.86,18.49,18.44,0.00,0.00,2.30,1.87,3.04,1.52,0.00,0.00,1.55,0.59,0.81,1.61,0.00,0.00,0.00,0.00,0.00,0.00,0.00,0.00,0.00,0.00,0.00,0.00,0.00,0.00,0.00,0.00,0.00,0.00,0.00,0.00,0.00,0.00,0.00,0.00,0.00,0.00,0.00,0.00,0.00,0.00,0.00,0.00,0.00,0.00,0.00,0.00,0.00,0.00,0.00,0.00,0.00,0.00,0.00,0.00,0.00,0.00,0.00,0.00,0.00,0.00,0.00,0.00,0.00,0.00,0.00,0.00,0.00,0.00,0.00,0.00,0.00,0.00,0.00,0.00,0.00,0.00,0.00,0.00,0.00,0.00,0.00,0.00,0.00,0.00,0.00,0.00,0.00,0.00,0.00,0.00,0.00,0.00,0.00,0.00,0.00,0.00,0.00,0.00,0.00,0.00,0.00,0.00,0.00,0.00,0.00,0.00,0.00,0.00,0.00,0.00,0.00,0.00,0.00,0.00,0.00,0.00,0.00,0.00,0.00,0.00,0.00,0.00,0.00,0.00,0.00,0.00,0.00,0.35,0.24,0.00,0.00,0.00,0.00,0.00,0.00,0.00,1.23,1.09,0.85,3.10,3.53,2.31,2.44,0.00,0.00,2.40,3.19,3.05,2.26,2.49,0.00,0.00,0.46,0.00,1.00,0.50,0.00,0.00,0.00,1.68,2.30,0.00,1.23,1.06,4.26,4.26,4.98,0.00,0.00,0.00,0.84,0.68,0.00,0.95,1.13,0.00,0.00,3.95,3.98,0.00,0.00,3.32,0.00,0.77,0.99,0.00,0.00,0.00,0.00,0.00,0.00,3.32,3.44,0.45,0.69,1.40,2.18,0.00,0.70,0.26,1.05,0.00,0.00,0.00,0.00,0.00,0.00,0.00,0.00,0.00,0.00,0.00,0.00
8250.5,-2.000,7.000,0.000,0.000,0.000,0,0,0.833,0,0.000,0.000,0.000,0.000,0.000,0.00,1.07,1.20,4.98,2.49,66.06,68.39,8.53,4.26,16.98,18.83,1.25,1.12,2.88,2.17,1.41,0.94,17.06,15.64,8.31,8.30,0.00,0.00,8.71,11.19,0.00,0.00,0.80,1.19,1.73,1.79,0.79,0.77,2.04,1.40,0.00,0.00,0.00,0.00,1.42,1.42,2.30,0.00,0.00,0.00,0.00,0.00,0.00,0.00,0.00,0.00,0.00,0.00,0.00,0.00,0.00,0.00,0.00,0.00,0.00,0.00,0.00,0.00,0.00,0.00,0.00,0.00,0.00,0.00,0.00,0.00,0.00,0.00,0.00,0.00,0.00,0.00,0.00,0.00,0.00,0.00,0.00,0.00,0.00,0.00,0.00,0.00,0.00,0.00,0.00,0.00,0.00,0.00,0.00,0.00,0.71,0.36,1.53,0.00,2.89,2.98,18.99,19.76,0.00,0.00,2.30,0.00,0.51,0.51,0.00,0.00,0.77,0.99,0.00,0.00,0.00,0.00,0.00,0.00,0.00,0.00,0.00,0.00,0.00,0.00,0.00,0.00,29.85,0.00,0.00,0.00,1.24,0.00,0.00,0.00,0.00,0.00,0.00,0.00,0.00,0.00,0.00,0.00,0.00,0.00,0.00,0.00,0.00,0.00,0.00,0.00,0.00,0.00,0.00,0.00,0.00,0.00,0.00,0.00,0.00,0.00,0.00,0.00,0.00,0.00,0.00,0.00,0.00,0.00,0.00,0.00,0.00,0.00,0.00,0.00,0.00,0.00,0.00,0.00,0.00,0.00,0.00,0.00,0.00,0.00,0.00,0.00,0.00,0.00,0.00,0.00,0.00,0.00,0.00,0.00,0.00,0.00,0.00,0.00,0.00,0.00,0.00,0.00,0.00,0.00,0.00,0.00,0.00,0.00,0.00,0.00,0.00,0.00,0.00,0.00,0.00,0.00,0.00,0.00,0.00,0.00,0.00,0.00,0.00,0.00,0.00,0.00,0.00,0.00,0.00,0.00,0.00,0.12,0.49,0.00,0.00,0.00,0.00,0.02,0.00,0.40,0.00,0.99,1.62,2.64,2.69,3.17,2.99,0.00,0.00,3.79,3.60,2.84,3.47,0.00,0.00,0.00,0.46,0.00,0.00,0.00,0.00,0.00,0.00,1.05,0.00,0.00,0.62,0.79,4.26,0.00,0.00,1.07,0.47,0.98,0.63,0.73,0.00,0.88,0.96,0.00,0.00,2.19,2.65,3.73,0.00,3.32,0.00,1.11,1.03,0.00,0.00,0.00,0.00,0.00,0.00,1.11,0.00,0.90,0.69,2.46,1.87,2.45,2.11,0.00,0.52,1.15,0.00,0.00,0.00,0.00,0.00,0.00,0.00,0.00,0.00,0.00,0.00
8350.5,-2.000,7.000,0.000,0.000,0.000,0,0,0.833,0,0.000,0.000,0.000,0.000,0.000,2.13,1.64,1.00,0.00,2.49,61.50,66.85,4.26,0.00,15.49,17.96,0.97,1.12,2.34,1.45,0.91,0.72,21.32,9.95,7.84,8.07,0.00,0.00,7.46,8.71,0.00,0.00,0.40,1.19,1.60,1.85,1.57,0.77,2.36,2.99,0.00,0.00,0.00,0.00,0.00,0.00,0.00,0.00,5.97,3.14,0.00,0.00,0.00,0.00,0.00,0.00,0.00,0.00,0.00,0.00,0.00,0.00,0.00,0.00,0.00,0.00,0.00,0.00,0.00,0.00,0.00,0.00,0.00,0.00,0.00,0.00,0.00,0.00,0.00,0.00,0.00,0.00,0.00,0.00,0.00,0.00,0.00,0.00,0.00,0.00,0.01,0.01,0.00,0.00,0.00,0.00,0.00,0.00,0.00,0.00,0.71,1.07,1.53,0.00,3.35,2.82,19.35,18.07,7.46,0.00,2.30,3.73,1.52,0.51,0.00,0.00,1.08,0.59,0.81,0.81,0.00,0.00,0.00,0.00,0.00,0.00,0.00,29.85,0.00,0.00,0.00,0.00,0.00,0.00,29.85,0.00,1.24,2.60,0.00,0.00,0.00,0.00,0.00,0.00,0.00,0.00,0.00,0.00,0.00,0.00,0.00,0.00,0.00,0.00,0.00,0.00,0.00,0.00,0.00,0.00,0.00,0.00,0.00,0.00,0.00,0.00,0.00,0.00,0.00,0.00,0.00,0.00,0.00,0.00,0.00,0.00,0.00,0.00,29.85,29.85,0.00,0.00,0.00,0.00,0.00,0.00,0.00,0.00,0.00,0.00,0.00,0.00,0.00,0.00,0.00,0.00,0.00,0.00,0.00,0.00,0.00,0.00,0.00,0.00,0.00,0.00,0.00,0.00,0.00,0.00,0.00,0.00,0.00,0.00,0.00,0.00,0.00,0.00,0.00,0.00,0.00,0.00,0.00,0.00,0.00,0.00,0.00,0.00,0.00,0.00,0.00,0.00,0.00,0.00,0.00,0.00,0.00,0.83,1.21,1.61,3.73,0.00,0.00,0.00,0.01,0.80,0.00,1.48,2.13,2.85,2.80,2.56,4.07,4.98,4.98,2.97,2.71,1.22,3.30,2.49,6.89,0.00,2.30,0.90,0.00,1.99,0.00,1.49,1.07,1.68,2.30,8.96,0.62,1.06,0.00,0.00,0.00,1.07,3.32,2.94,2.32,1.54,29.85,0.88,1.01,0.00,0.00,1.32,1.99,0.00,0.00,0.00,0.00,1.28,1.47,0.00,0.00,0.00,0.00,0.00,0.00,0.00,4.59,0.45,0.46,3.51,2.49,1.47,0.70,1.80,1.57,4.59,4.59,0.00,0.00,0.00,0.00,0.00,0.00,0.00,0.00,0.00,0.00
8450.5,-2.000,7.000,0.000,0.000,0.000,0,0,0.834,0,0.000,0.000,0.000,0.000,0.000,0.00,0.96,0.90,0.00,0.00,64.12,66.85,8.53,4.26,15.41,18.74,0.72,0.80,3.06,1.27,0.58,0.95,19.90,12.79,7.61,8.76,0.00,0.00,5.60,6.84,0.00,0.00,1.19,0.40,1.61,1.72,0.00,0.00,1.94,1.22,0.00,0.00,0.00,0.00,0.00,1.42,2.30,1.99,1.49,0.00,0.00,0.00,0.00,0.00,0.00,0.00,0.00,0.00,0.00,0.00,0.00,0.00,0.00,0.00,0.00,0.00,0.00,0.00,0.00,0.00,0.00,0.00,0.00,0.00,0.00,0.00,0.00,0.00,0.00,0.00,0.00,0.00,0.00,0.00,0.00,0.00,0.00,0.00,0.00,0.00,0.00,0.00,0.00,0.00,0.00,0.00,0.00,0.00,0.00,0.00,0.71,0.54,0.77,0.85,3.07,3.19,18.75,18.97,0.00,0.00,0.00,0.00,0.51,2.02,0.00,0.00,1.08,0.89,2.42,0.81,0.00,3.73,0.00,0.00,0.00,9.95,0.00,0.00,0.00,0.00,0.00,0.00,0.00,29.85,0.00,29.85,0.00,2.60,0.00,0.00,0.00,0.00,0.00,0.00,0.00,0.00,0.00,0.00,0.00,0.00,0.00,0.00,0.00,0.00,0.00,0.00,0.00,0.00,0.00,0.00,0.00,0.00,0.00,0.00,0.00,0.00,0.00,0.00,0.00,0.00,0.00,0.00,0.00,0.00,0.00,0.00,0.00,0.00,0.00,0.00,0.00,0.00,0.00,0.00,0.00,0.00,0.00,0.00,0.00,0.00,0.00,0.00,0.00,0.00,0.00,0.00,0.00,0.00,0.00,0.00,0.00,0.00,0.00,0.00,0.00,0.00,0.00,0.00,0.00,0.00,0.00,0.00,0.00,0.00,0.00,0.00,0.00,0.00,0.00,0.00,0.00,0.00,0.00,0.00,0.00,0.00,0.00,0.00,0.00,0.00,0.00,0.00,0.00,0.00,0.00,0.00,0.00,0.12,0.24,0.00,0.00,0.00,0.00,0.02,0.01,0.00,0.62,1.09,1.19,2.89,2.86,3.17,2.17,0.00,0.00,3.28,2.99,3.45,2.60,4.98,0.00,0.00,0.46,0.45,0.00,0.00,0.00,0.50,0.71,1.05,0.00,0.00,0.31,0.79,0.00,0.00,4.98,1.07,1.42,0.00,0.80,0.56,0.00,1.01,0.84,0.00,14.93,2.63,3.32,3.73,0.00,3.32,0.00,0.98,0.77,0.00,0.00,0.00,0.00,0.00,0.00,2.21,1.15,1.36,0.69,2.11,0.93,0.00,0.35,0.77,0.52,3.44,1.15,0.00,0.00,0.00,0.00,0.00,0.00,0.00,0.00,0.00,0.00
8550.5,-2.000,7.000,0.000,0.000,0.000,0,0,0.834,0,0.000,0.000,0.000,0.000,0.000,0.00,1.00,0.76,4.98,2.49,64.81,69.23,8.53,4.26,15.41,19.44,0.76,0.59,1.44,2.35,0.83,0.85,22.74,11.37,6.91,9.34,0.00,0.00,11.19,6.84,0.00,0.00,0.80,1.19,1.40,1.51,0.79,0.77,0.97,1.40,0.00,0.00,0.00,0.00,1.42,1.42,2.30,0.00,0.00,0.00,0.00,0.00,0.00,0.00,0.00,0.00,0.00,0.00,0.00,0.00,0.00,0.00,0.00,0.00,0.00,0.00,0.00,0.00,0.00,0.00,0.00,0.00,0.00,0.00,0.00,0.00,0.00,0.00,0.00,0.00,0.00,0.00,0.00,0.00,0.00,0.00,0.00,0.00,0.00,0.00,0.00,0.00,0.00,0.00,0.00,0.00,0.00,0.00,0.00,0.00,0.35,1.07,1.53,3.41,2.65,3.12,18.86,19.39,0.00,0.00,2.30,1.87,0.51,1.52,0.00,0.00,1.70,0.69,0.00,2.42,0.00,0.00,0.00,0.00,0.00,0.00,0.00,0.00,0.00,0.00,0.00,0.00,0.00,0.00,29.85,0.00,0.00,0.00,0.00,0.00,0.00,0.00,0.00,0.00,0.00,0.00,0.00,0.00,0.00,0.00,0.00,0.00,0.00,0.00,0.00,0.00,0.00,0.00,0.00,0.00,0.00,0.00,0.00,0.00,0.00,0.00,0.00,0.00,0.00,0.00,0.00,0.00,0.00,0.00,0.00,0.00,0.00,0.00,0.00,0.00,0.00,0.00,0.00,0.00,0.00,0.00,0.00,0.00,0.00,0.00,0.00,0.00,0.00,0.00,0.00,0.00,0.00,0.00,0.00,0.00,0.00,0.00,0.00,0.00,0.00,0.00,0.00,0.00,0.00,0.00,0.00,0.00,0.00,0.00,0.00,0.00,0.00,0.00,0.00,0.00,0.00,0.00,0.00,0.00,0.00,0.00,0.00,0.00,0.00,0.00,0.00,0.00,0.00,0.00,0.00,0.00,0.00,0.24,0.24,0.00,0.00,0.00,0.00,0.01,0.01,0.00,0.31,0.99,0.34,3.15,2.90,1.46,2.99,0.00,0.00,2.78,2.37,3.45,2.26,0.00,0.00,0.00,0.00,0.00,0.50,0.00,0.00,0.00,1.42,1.89,0.00,0.00,1.85,1.32,4.26,4.26,0.00,0.00,0.00,0.00,0.65,0.54,0.00,1.20,0.90,0.00,0.00,3.07,2.65,0.00,0.00,0.00,2.99,1.03,0.99,0.00,0.00,0.00,0.00,0.00,0.00,1.11,1.15,0.90,0.46,2.11,3.11,0.00,1.05,0.77,0.79,4.59,3.44,0.00,0.00,0.00,0.00,0.00,0.00,0.00,0.00,0.00,0.00
8650.5,-2.000,7.000,0.000,0.000,0.000,0,0,0.835,0,0.000,0.000,0.000,0.000,0.000,0.00,0.85,1.33,0.00,0.00,64.54,66.99,8.53,0.00,15.76,18.57,0.84,1.01,1.80,3.26,0.53,0.93,18.48,14.21,6.56,7.84,0.00,0.00,7.46,8.08,0.00,29.85,1.99,1.99,1.74,1.49,1.57,1.53,1.80,1.40,0.00,0.00,0.00,0.00,1.42,1.42,0.00,0.00,0.00,0.00,0.00,0.00,0.00,0.00,0.00,0.00,0.00,0.00,0.00,0.00,0.00,0.00,0.00,0.00,0.00,0.00,0.00,0.00,0.00,0.00,0.00,0.00,0.00,0.00,0.00,0.00,0.00,0.00,0.00,0.00,0.00,0.00,0.00,0.00,0.00,0.00,0.00,0.00,0.00,0.00,0.00,0.00,0.00,0.00,0.00,0.00,0.00,0.00,0.00,0.00,0.88,1.25,0.77,0.85,3.20,2.75,18.47,18.39,0.00,0.00,0.00,0.00,1.52,0.51,0.00,0.00,1.24,1.09,0.00,0.81,0.00,0.00,0.00,0.00,0.00,0.00,0.00,0.00,0.00,0.00,0.00,0.00,29.85,0.00,0.00,0.00,2.49,3.89,0.00,0.00,0.00,0.00,0.00,0.00,0.00,0.00,0.00,0.00,0.00,0.00,0.00,0.00,0.00,0.00,0.00,0.00,0.00,0.00,0.00,0.00,0.00,0.00,0.00,0.00,0.00,0.00,0.00,0.00,0.00,0.00,0.00,0.00,0.00,0.00,0.00,0.00,0.00,0.00,0.00,0.00,0.00,0.00,0.00,0.00,0.00,0.00,0.00,0.00,0.00,0.00,0.00,0.00,0.00,0.00,0.00,0.00,0.00,0.00,0.00,0.00,0.00,0.00,0.00,0.00,0.00,0.00,0.00,0.00,0.00,0.00,0.00,0.00,0.00,0.00,0.00,0.00,0.00,0.00,0.00,0.00,0.00,0.00,0.00,0.00,0.00,0.00,0.00,0.00,0.00,0.00,0.00,0.00,0.00,0.00,0.00,0.00,0.00,0.35,0.49,0.00,0.00,0.00,0.00,0.01,0.01,0.40,0.92,1.68,1.11,3.01,3.09,2.68,2.44,0.00,0.00,2.59,2.99,3.25,3.82,0.00,0.00,0.00,0.00,0.00,0.00,0.50,0.00,0.00,0.36,0.21,0.00,0.00,1.54,1.06,0.00,0.00,0.00,0.00,0.95,0.00,1.01,0.87,14.93,1.14,0.68,0.00,0.00,3.07,3.32,0.00,4.26,0.00,2.99,1.21,1.09,0.00,0.00,0.00,0.00,0.00,0.00,1.11,0.00,0.90,1.16,1.76,2.18,0.49,0.70,0.77,0.52,3.44,0.00,0.00,0.00,0.00,0.00,0.00,0.00,0.00,0.00,0.00,0.00
8750.5,-2.000,7.000,0.000,0.000,0.000,0,0,0.835,0,0.009,0.000,0.023,0.000,0.000,2.13,1.28,1.33,2.49,0.00,62.88,68.95,8.53,4.26,15.23,18.31,1.18,0.87,2.70,2.17,0.75,0.49,22.74,14.21,7.37,9.91,0.00,0.00,6.84,6.22,0.00,0.00,1.59,0.00,1.76,1.81,0.79,0.00,1.85,1.68,0.00,0.00,0.00,0.00,1.42,0.00,0.00,1.99,0.00,0.00,0.00,0.00,0.00,0.00,0.00,0.00,0.00,0.00,0.00,0.00,0.00,0.00,0.00,0.00,0.00,0.00,0.00,0.00,0.00,0.00,0.00,0.00,0.00,0.00,0.00,0.00,0.00,0.00,0.00,0.00,0.00,0.00,0.00,0.00,0.00,0.00,0.00,0.00,0.00,0.00,0.00,0.00,0.00,0.00,0.00,0.00,0.00,0.00,0.00,0.00,0.35,1.07,0.77,0.00,3.00,2.70,19.41,17.02,0.00,0.00,2.30,3.73,1.01,1.01,0.00,0.00,0.46,0.59,0.00,0.00,0.00,0.00,0.00,0.00,0.00,0.00,0.00,0.00,0.00,0.00,0.00,0.00,0.00,29.85,0.00,0.00,0.00,0.00,0.00,0.00,0.00,0.00,0.00,0.00,0.00,0.00,0.00,0.00,0.00,0.00,0.00,0.00,0.00,0.00,0.00,0.00,14.93,0.00,0.00,0.00,0.00,0.00,0.00,0.00,0.00,0.00,0.00,0.00,0.00,0.00,0.00,0.00,0.00,0.00,0.00,0.00,0.00,0.00,0.00,0.00,0.00,0.00,0.00,0.00,0.00,0.00,0.00,0.00,0.00,0.00,0.00,0.00,0.00,0.00,0.00,0.00,0.00,0.00,0.00,0.00,0.00,0.00,0.00,0.00,0.00,0.00,0.00,0.00,0.00,0.00,0.00,0.00,0.00,0.00,0.00,0.00,0.00,0.00,0.00,0.00,0.00,0.00,0.00,0.00,0.00,0.00,0.00,0.00,0.00,0.00,0.00,0.00,0.00,0.00,0.00,0.00,0.00,0.47,0.61,0.00,0.00,0.00,0.00,0.01,0.01,0.40,1.23,1.19,1.02,3.16,3.14,2.80,2.85,0.00,4.98,3.09,3.19,3.05,2.26,0.00,2.30,0.00,0.00,0.00,3.48,1.00,0.50,0.00,0.36,0.63,0.00,0.00,0.62,1.32,0.00,0.00,0.00,2.13,0.95,0.49,0.97,0.83,0.00,0.95,0.73,0.00,0.00,2.63,1.99,0.00,0.00,3.32,0.00,1.24,1.16,0.00,0.00,0.00,0.00,0.00,29.85,2.21,2.30,0.90,1.39,2.46,2.49,2.45,2.46,1.80,0.79,2.30,3.44,0.00,0.00,0.00,0.00,0.00,0.00,0.00,0.00,0.00,0.00
8850.5,-2.000,7.000,0.000,0.000,0.000,0,0,0.835,0,0.000,0.000,0.000,0.000,0.000,0.00,1.03,1.03,2.49,0.00,65.64,67.97,12.79,4.26,15.49,19.96,0.70,1.10,1.98,1.81,0.65,0.49,25.59,11.37,7.14,8.18,0.00,0.00,6.22,9.95,0.00,0.00,0.80,1.59,1.71,1.57,2.36,0.00,1.30,1.36,0.00,0.00,0.00,0.00,0.00,0.00,0.00,1.99,0.00,0.00,0.00,0.00,0.00,0.00,0.00,0.00,0.00,0.00,0.00,0.00,0.00,0.00,0.00,0.00,0.00,0.00,0.00,0.00,0.00,0.00,0.00,0.00,0.00,0.00,0.00,0.00,0.00,0.00,0.00,0.00,0.00,0.00,0.00,0.00,0.00,0.00,0.00,0.00,0.00,0.00,0.00,0.00,0.00,0.00,0.00,0.00,0.00,0.00,0.00,0.00,1.06,1.25,0.00,0.00,2.91,3.03,18.29,18.65,0.00,0.00,4.59,0.00,2.02,0.00,0.00,0.00,1.24,0.89,0.81,1.61,0.00,0.00,0.00,0.00,0.00,0.00,0.00,0.00,0.00,0.00,0.00,0.00,0.00,29.85,59.70,29.85,0.00,2.60,0.00,0.00,0.00,0.00,0.00,0.00,0.00,0.00,0.00,0.00,0.00,0.00,0.00,0.00,0.00,0.00,0.00,0.00,0.00,0.00,0.00,0.00,0.00,0.00,0.00,0.00,0.00,0.00,0.00,0.00,0.00,0.00,0.00,0.00,0.00,0.00,0.00,0.00,0.00,0.00,0.00,0.00,0.00,0.00,0.00,0.00,0.00,0.00,0.00,0.00,0.00,0.00,0.00,0.00,0.00,0.00,0.00,0.00,0.00,0.00,0.00,0.00,0.00,0.00,0.00,0.00,0.00,0.00,0.00,0.00,0.00,0.00,0.00,0.00,0.00,0.00,0.00,0.00,0.00,0.00,0.00,0.00,0.00,0.00,0.00,0.00,0.00,0.00,0.00,0.00,0.00,0.00,0.00,0.00,0.00,0.00,0.00,0.00,0.00,0.35,0.12,0.00,0.00,0.00,0.00,0.01,0.00,1.59,0.62,1.38,1.02,3.09,2.90,2.68,2.85,0.00,0.00,2.52,2.78,2.84,3.12,0.00,0.00,0.00,0.00,0.45,0.00,1.00,1.00,0.50,1.42,1.05,0.00,0.00,1.23,1.32,0.00,0.00,0.00,0.00,2.37,1.47,0.97,1.25,0.00,0.82,0.84,0.00,0.00,3.51,2.65,3.73,0.00,0.00,0.00,1.06,1.12,0.00,0.00,0.00,0.00,0.00,0.00,4.42,5.74,1.13,1.85,1.40,1.87,1.96,0.00,0.26,1.05,0.00,1.15,0.00,0.00,0.00,0.00,0.00,0.00,0.00,0.00,0.00,0.00
8950.5,-2.000,7.000,0.000,0.000,0.000,0,0,0.836,0,0.000,0.000,0.000,0.000,0.000,2.13,1.46,1.10,4.98,0.00,64.95,69.37,8.53,4.26,16.54,19.26,0.84,1.08,1.98,0.90,1.42,0.84,17.06,14.21,8.55,8.53,0.00,0.00,9.33,8.08,0.00,0.00,1.19,1.19,1.61,1.66,0.79,0.77,2.41,2.34,0.00,0.00,0.00,9.95,1.42,0.00,0.00,0.00,1.49,3.14,0.00,0.00,0.00,0.00,0.00,0.00,0.00,0.00,0.00,0.00,0.00,0.00,0.00,0.00,0.00,0.00,0.00,0.00,0.00,0.00,0.00,0.00,0.00,0.00,0.00,0.00,0.00,0.00,0.00,0.00,0.00,0.00,0.00,0.00,0.00,0.00,0.00,0.00,0.00,0.00,0.00,0.00,0.00,0.00,0.00,0.00,0.00,0.00,0.00,0.00,1.06,1.25,0.77,1.71,2.89,3.12,18.34,20.58,7.46,0.00,4.59,3.73,1.01,2.02,0.00,0.00,1.24,0.89,0.00,0.81,0.00,3.73,0.00,0.00,0.00,0.00,0.00,0.00,0.00,0.00,0.00,0.00,0.00,0.00,0.00,29.85,1.24,0.00,0.00,0.00,0.00,0.00,0.00,0.00,0.00,0.00,0.00,0.00,0.00,0.00,0.00,0.00,0.00,0.00,0.00,0.00,0.00,0.00,0.00,0.00,0.00,0.00,0.00,0.00,0.00,0.00,0.00,0.00,0.00,0.00,0.00,0.00,0.00,0.00,0.00,0.00,0.00,0.00,0.00,0.00,0.00,0.00,0.00,0.00,0.00,0.00,0.00,0.00,0.00,0.00,0.00,0.00,0.00,0.00,0.00,0.00,0.00,0.00,0.00,0.00,0.00,0.00,0.00,0.00,0.00,0.00,0.00,0.00,0.00,0.00,0.00,0.00,0.00,0.00,0.00,0.00,0.00,0.00,0.00,0.00,0.00,0.00,0.00,0.00,0.00,0.00,0.00,0.00,0.00,0.00,0.00,0.00,0.00,0.00,0.00,0.00,0.00,0.24,0.49,0.00,0.00,0.00,0.00,0.00,0.01,0.40,1.23,0.89,1.62,2.95,2.89,3.05,2.31,0.00,0.00,3.09,2.51,2.03,2.60,0.00,0.00,0.00,5.51,0.90,0.50,1.00,1.00,3.98,0.36,0.84,0.00,0.00,0.92,1.06,0.00,0.00,0.00,2.13,1.90,1.96,1.39,1.72,0.00,1.01,1.01,0.00,0.00,2.63,3.32,0.00,0.00,3.32,0.00,1.13,1.11,0.00,0.00,0.00,0.00,0.00,0.00,0.00,2.30,1.13,0.46,1.40,1.55,1.47,1.40,0.77,1.31,3.44,1.15,0.00,0.00,0.00,0.00,0.00,0.00,0.00,0.00,0.00,0.00
9050.5,-2.000,7.000,0.000,0.000,0.000,0,0,0.836,0,0.000,0.000,0.000,0.000,0.000,0.00,0.71,1.26,0.00,0.00,66.47,68.81,4.26,4.26,16.02,20.05,0.87,0.76,2.16,3.26,0.75,0.85,21.32,9.95,8.19,8.07,0.00,0.00,10.57,8.71,29.85,0.00,1.19,1.99,1.55,1.62,0.00,0.77,0.97,1.12,0.00,0.00,0.00,0.00,2.84,0.00,2.30,0.00,0.00,0.00,0.00,0.00,0.00,0.00,0.00,0.00,0.00,0.00,0.00,0.00,0.00,0.00,0.00,0.00,0.00,0.00,0.00,0.00,0.00,0.00,0.00,0.00,0.00,0.00,0.00,0.00,0.00,0.00,0.00,0.00,0.00,0.00,0.00,0.00,0.00,0.00,0.00,0.00,0.00,0.00,0.00,0.00,0.00,0.00,0.00,0.00,0.00,0.00,0.00,0.00,0.88,1.43,0.77,0.85,3.13,2.91,19.72,20.18,0.00,0.00,4.59,1.87,1.52,1.52,0.00,0.00,0.46,0.99,1.61,1.61,7.46,0.00,0.00,0.00,0.00,0.00,0.00,0.00,0.00,0.00,0.00,0.00,0.00,0.00,0.00,0.00,0.00,0.00,0.00,0.00,0.00,0.00,0.00,0.00,0.00,0.00,0.00,0.00,0.00,0.00,0.00,0.00,0.00,0.00,0.00,0.00,0.00,14.93,0.00,0.00,0.00,0.00,0.00,0.00,0.00,0.00,0.00,0.00,0.00,0.00,0.00,0.00,0.00,0.00,0.00,0.00,0.00,0.00,0.00,0.00,0.00,0.00,0.00,0.00,0.00,0.00,0.00,0.00,0.00,0.00,0.00,0.00,0.00,0.00,0.00,0.00,0.00,0.00,0.00,0.00,0.00,0.00,0.00,0.00,0.00,0.00,0.00,0.00,0.00,0.00,0.00,0.00,0.00,0.00,0.00,0.00,0.00,0.00,0.00,0.00,0.00,0.00,0.00,0.00,0.00,0.00,0.00,0.00,0.00,0.00,0.00,0.00,0.00,0.00,0.00,0.00,0.00,0.24,0.49,0.00,0.00,0.00,0.00,0.01,0.01,0.40,0.00,0.69,0.68,3.02,2.86,3.17,2.71,0.00,0.00,3.16,3.46,3.05,2.78,0.00,0.00,0.00,0.46,0.00,0.00,0.50,1.49,0.50,1.07,1.05,0.00,0.00,1.54,1.85,4.26,0.00,0.00,1.07,0.47,0.49,0.87,0.68,0.00,0.82,0.84,0.00,0.00,4.39,0.66,0.00,0.00,0.00,0.00,0.97,0.82,0.00,0.00,0.00,0.00,0.00,0.00,1.11,0.00,1.13,1.39,2.11,2.18,0.98,1.05,1.54,0.26,0.00,0.00,0.00,0.00,0.00,0.00,0.00,0.00,0.00,0.00,0.00,0.00
9150.5,-2.000,7.000,0.000,0.000,0.000,0,0,0.837,0,0.000,0.000,0.000,0.000,0.000,0.00,1.78,1.70,0.00,0.00,65.37,69.09,4.26,0.00,16.11,18.92,0.91,1.29,2.16,3.26,0.71,0.60,11.37,9.95,7.37,7.38,0.00,0.00,8.08,8.71,0.00,0.00,1.19,0.80,2.28,2.28,0.00,0.77,5.23,4.59,0.00,0.00,19.90,0.00,0.00,1.42,0.00,1.99,2.99,4.71,0.00,0.00,0.00,0.00,0.00,0.00,0.00,0.00,0.00,0.00,0.00,0.00,0.00,0.00,0.00,0.00,0.00,0.00,0.00,0.00,0.00,0.00,0.00,0.00,0.00,0.00,0.00,0.00,0.00,0.00,0.00,0.00,0.00,0.00,0.00,0.00,0.00,0.00,0.00,0.00,0.00,0.00,0.00,0.00,0.00,0.00,0.00,0.00,0.00,0.00,0.35,1.07,2.30,0.85,3.02,2.93,18.60,19.00,0.00,0.00,0.00,1.87,0.00,1.52,0.00,0.00,1.39,1.09,2.42,1.61,0.00,0.00,0.00,0.00,0.00,0.00,59.70,29.85,0.00,0.00,0.00,0.00,0.00,0.00,29.85,0.00,0.00,3.89,0.00,0.00,0.00,0.00,0.00,0.00,0.00,0.00,0.00,0.00,0.00,0.00,0.00,0.00,0.00,0.00,0.00,0.00,29.85,14.93,0.00,0.00,0.00,0.00,0.00,0.00,0.00,0.00,0.00,0.00,0.00,0.00,0.00,0.00,0.00,0.00,0.00,0.00,0.00,0.00,0.00,0.00,0.00,0.00,0.00,0.00,0.00,0.00,0.00,0.00,0.00,0.00,0.00,0.00,0.00,0.00,0.00,0.00,0.00,0.00,0.00,29.85,0.00,0.00,0.00,0.00,0.00,0.00,0.00,0.00,0.00,0.00,0.00,0.00,0.00,0.00,0.00,0.00,0.00,0.00,0.00,0.00,0.00,0.00,0.00,0.00,0.00,0.00,0.00,0.00,0.00,0.00,0.00,0.00,0.00,0.00,0.00,0.00,0.00,0.83,0.49,0.00,0.00,0.00,0.00,0.02,0.01,1.19,0.62,1.68,1.45,3.12,2.69,3.41,2.44,0.00,0.00,3.09,3.53,3.86,2.95,2.49,0.00,0.00,2.76,4.52,1.49,1.49,0.50,1.99,0.71,0.84,0.00,0.00,2.15,0.53,0.00,4.26,0.00,1.07,6.16,5.87,2.85,3.43,0.00,0.69,0.79,0.00,0.00,3.07,1.99,0.00,0.00,0.00,0.00,1.63,1.47,0.00,0.00,0.00,0.00,0.00,0.00,3.32,3.44,0.68,0.23,2.46,2.49,2.94,1.40,1.80,2.88,2.30,0.00,0.00,0.00,0.00,0.00,0.00,0.00,0.00,0.00,0.00,0.00
9250.5,-2.000,7.000,0.000,0.000,0.000,0,0,0.837,0,0.000,0.000,0.000,0.000,0.000,4.26,1.07,1.10,0.00,0.00,65.23,66.85,12.79,0.00,14.53,17.70,1.01,0.99,2.88,2.35,0.79,0.56,24.16,8.53,8.19,9.34,0.00,0.00,10.57,4.35,0.00,0.00,0.80,2.39,1.61,1.72,0.00,1.53,1.11,1.54,0.00,0.00,0.00,0.00,0.00,1.42,0.00,0.00,2.99,1.57,0.00,0.00,0.00,0.00,0.00,0.00,0.00,0.00,0.00,0.00,0.00,0.00,0.00,0.00,0.00,0.00,0.00,0.00,0.00,0.00,0.00,0.00,0.00,0.00,0.00,0.00,0.00,0.00,0.00,0.00,0.00,0.00,0.00,0.00,0.00,0.00,0.00,0.00,0.00,0.00,0.00,0.00,0.00,0.00,0.00,0.00,0.00,0.00,0.00,0.00,0.88,1.07,0.77,0.00,2.74,2.50,18.75,18.39,0.00,0.00,0.00,0.00,0.00,1.01,0.00,0.00,0.15,0.89,0.00,0.00,0.00,0.00,0.00,0.00,0.00,0.00,0.00,0.00,0.00,0.00,0.00,0.00,0.00,0.00,0.00,0.00,0.00,0.00,0.00,0.00,0.00,0.00,0.00,0.00,0.00,0.00,0.00,0.00,0.00,0.00,0.00,0.00,0.00,0.00,0.00,0.00,0.00,0.00,0.00,0.00,0.00,0.00,0.00,0.00,0.00,0.00,0.00,0.00,0.00,14.93,0.00,0.00,0.00,0.00,0.00,0.00,0.00,0.00,0.00,0.00,0.00,0.00,0.00,0.00,0.00,0.00,0.00,0.00,0.00,0.00,0.00,0.00,0.00,0.00,0.00,0.00,0.00,0.00,0.00,0.00,29.85,0.00,0.00,0.00,0.00,0.00,0.00,0.00,0.00,0.00,0.00,0.00,0.00,0.00,0.00,0.00,0.00,0.00,0.00,0.00,0.00,0.00,0.00,0.00,0.00,0.00,0.00,0.00,0.00,0.00,0.00,0.00,0.00,0.00,0.00,0.00,0.00,0.24,0.24,0.00,0.00,0.00,0.00,0.01,0.00,0.40,0.31,0.99,0.94,2.95,3.13,3.29,2.99,0.00,0.00,3.03,2.51,3.66,2.43,2.49,2.30,0.00,0.00,0.00,0.00,0.00,0.50,0.50,0.71,1.26,0.00,0.00,0.92,0.79,4.26,0.00,0.00,1.07,0.47,0.49,0.95,0.77,0.00,1.26,0.79,0.00,0.00,4.83,2.65,0.00,0.00,3.32,0.00,0.97,0.99,0.00,0.00,0.00,0.00,0.00,0.00,2.21,1.15,0.90,0.69,1.76,1.55,0.00,2.11,1.29,0.79,1.15,1.15,0.00,0.00,0.00,0.00,0.00,0.00,0.00,0.00,0.00,0.00
9350.5,-2.000,7.000,0.000,0.000,0.000,0,0,0.837,0,0.000,0.000,0.000,0.000,0.000,0.00,0.61,0.93,0.00,0.00,64.54,66.15,4.26,8.53,14.79,19.52,1.12,0.89,3.96,1.45,0.54,0.44,14.21,8.53,4.68,8.30,0.00,0.00,8.71,4.98,0.00,0.00,0.80,0.40,1.41,1.33,0.00,0.77,1.16,0.98,0.00,0.00,0.00,0.00,0.00,0.00,2.30,0.00,0.00,0.00,0.00,0.00,0.00,0.00,0.00,0.00,0.00,0.00,0.00,0.00,0.00,0.00,0.00,0.00,0.00,0.00,0.00,0.00,0.00,0.00,0.00,0.00,0.00,0.00,0.00,0.00,0.00,0.00,0.00,0.00,0.00,0.00,0.00,0.00,0.00,0.00,0.00,0.00,0.00,0.00,0.00,0.00,0.00,0.00,0.00,0.00,0.00,0.00,0.00,0.00,0.53,0.89,0.77,0.85,3.13,3.10,18.05,17.84,0.00,0.00,0.00,0.00,1.52,0.00,0.00,0.00,0.77,1.68,0.00,0.00,0.00,3.73,0.00,0.00,0.00,0.00,0.00,0.00,0.00,0.00,0.00,0.00,0.00,29.85,29.85,0.00,1.24,0.00,0.00,0.00,0.00,0.00,0.00,0.00,0.00,0.00,0.00,0.00,0.00,0.00,0.00,0.00,0.00,0.00,0.00,0.00,0.00,0.00,0.00,0.00,0.00,0.00,0.00,0.00,0.00,0.00,0.00,0.00,0.00,0.00,0.00,0.00,0.00,0.00,0.00,0.00,0.00,0.00,0.00,0.00,0.00,0.00,0.00,0.00,0.00,0.00,0.00,0.00,0.00,0.00,0.00,0.00,0.00,0.00,0.00,0.00,0.00,0.00,0.00,0.00,0.00,0.00,0.00,0.00,0.00,0.00,0.00,0.00,0.00,0.00,0.00,0.00,0.00,0.00,0.00,0.00,0.00,0.00,0.00,0.00,0.00,0.00,0.00,0.00,0.00,0.00,0.00,0.00,0.00,0.00,0.00,0.00,0.00,0.00,0.00,0.00,0.00,0.35,0.12,0.00,0.00,0.00,0.00,0.01,0.00,1.19,0.92,1.38,0.94,3.10,3.08,3.90,3.66,0.00,0.00,2.71,3.80,3.45,3.30,2.49,0.00,0.00,0.00,0.00,0.00,0.00,0.00,0.00,0.36,0.63,0.00,0.00,1.23,1.32,0.00,4.26,4.98,1.07,0.47,0.98,0.72,0.79,0.00,0.69,1.30,0.00,0.00,3.51,3.98,0.00,0.00,0.00,0.00,0.72,0.82,0.00,0.00,0.00,0.00,0.00,0.00,1.11,0.00,0.45,1.85,1.76,0.93,0.49,0.00,0.51,0.52,0.00,0.00,0.00,0.00,0.00,0.00,0.00,0.00,0.00,0.00,0.00,0.00
9450.5,-2.000,7.000,0.000,0.000,0.000,0,0,0.838,0,0.087,0.120,0.038,0.082,0.123,0.00,1.14,0.66,2.49,4.98,64.54,68.25,12.79,8.53,15.67,19.96,1.01,0.87,1.62,1.99,1.34,0.61,17.06,12.79,7.73,8.18,0.00,0.00,9.33,10.57,0.00,0.00,0.40,0.00,1.16,1.30,0.79,0.77,0.56,0.56,0.00,0.00,0.00,0.00,1.42,2.84,0.00,1.99,1.49,0.00,0.00,0.00,0.00,0.00,0.00,0.00,0.00,0.00,0.00,0.00,0.00,0.00,0.00,0.00,0.00,0.00,0.00,0.00,0.00,0.00,0.00,0.00,0.00,0.00,0.00,0.00,0.00,0.00,0.00,0.00,0.00,0.00,0.00,0.00,0.00,0.00,0.00,0.00,0.00,0.00,0.00,0.00,0.00,0.00,0.00,0.00,0.00,0.00,0.00,0.00,1.41,0.18,1.53,0.85,3.09,3.53,18.91,19.42,0.00,0.00,2.30,1.87,2.02,0.51,0.00,0.00,0.77,0.69,1.61,0.81,0.00,0.00,0.00,0.00,0.00,0.00,0.00,0.00,0.00,0.00,0.00,0.00,0.00,0.00,0.00,0.00,3.73,1.30,0.00,0.00,0.00,0.00,0.00,0.00,0.00,0.00,0.00,0.00,0.00,0.00,0.00,0.00,0.00,0.00,0.00,0.00,0.00,0.00,0.00,0.00,0.00,0.00,0.00,0.00,0.00,0.00,0.00,0.00,0.00,0.00,0.00,0.00,0.00,0.00,0.00,0.00,0.00,0.00,0.00,0.00,0.00,0.00,0.00,0.00,0.00,0.00,0.00,0.00,0.00,0.00,0.00,0.00,0.00,0.00,0.00,0.00,0.00,0.00,0.00,0.00,0.00,0.00,0.00,0.00,0.00,0.00,0.00,0.00,0.00,0.00,0.00,0.00,0.00,0.00,0.00,0.00,0.00,0.00,0.00,0.00,0.00,0.00,0.00,0.00,0.00,0.00,0.00,0.00,0.00,0.00,0.00,0.00,0.00,0.00,0.00,0.00,0.00,0.00,0.00,0.00,0.00,0.00,0.00,0.00,0.01,0.00,0.62,0.89,0.77,2.89,3.06,1.95,2.31,0.00,0.00,2.71,2.58,3.86,2.95,0.00,4.59,0.00,0.00,0.90,0.50,0.50,0.00,0.00,0.36,0.42,0.00,0.00,0.62,1.06,4.26,0.00,0.00,0.00,0.95,0.98,0.78,0.93,0.00,1.07,0.90,0.00,0.00,2.19,3.98,0.00,4.26,3.32,0.00,0.95,1.05,0.00,0.00,0.00,0.00,0.00,0.00,2.21,3.44,0.90,1.16,1.40,1.87,0.00,1.05,0.77,0.26,0.00,0.00,0.00,0.00,0.00,0.00,0.00,0.00,0.00,0.00,0.00,0.00
9550.5,-2.000,7.000,0.000,0.000,0.000,0,0,0.838,0,0.016,0.023,0.007,0.016,0.023,4.26,1.18,1.30,0.00,0.00,63.71,67.13,12.79,8.53,15.67,18.22,0.68,1.01,1.08,2.89,1.01,0.77,22.74,12.79,7.96,7.49,0.00,0.00,8.08,9.95,0.00,0.00,1.19,1.19,1.31,1.37,0.00,0.00,1.06,0.75,0.00,0.00,0.00,0.00,1.42,0.00,0.00,0.00,1.49,1.57,0.00,0.00,0.00,0.00,0.00,0.00,0.00,0.00,0.00,0.00,0.00,0.00,0.00,0.00,0.00,0.00,0.00,0.00,0.00,0.00,0.00,0.00,0.00,0.00,0.00,0.00,0.00,0.00,0.00,0.00,0.00,0.00,0.00,0.00,0.00,0.00,0.00,0.00,0.00,0.00,0.00,0.00,0.00,0.00,0.00,0.00,0.00,0.00,0.00,0.00,0.71,1.07,0.00,0.00,2.98,2.96,19.15,18.97,0.00,0.00,0.00,3.73,0.00,2.02,0.00,0.00,1.08,0.79,1.61,0.81,0.00,0.00,0.00,0.00,0.00,0.00,0.00,0.00,0.00,0.00,0.00,0.00,0.00,0.00,0.00,0.00,0.00,0.00,0.00,0.00,0.00,0.00,0.00,0.00,0.00,0.00,0.00,0.00,0.00,0.00,0.00,0.00,0.00,0.00,0.00,0.00,0.00,0.00,0.00,0.00,0.00,0.00,0.00,0.00,0.00,0.00,0.00,0.00,0.00,0.00,0.00,0.00,0.00,0.00,0.00,0.00,0.00,0.00,0.00,0.00,0.00,0.00,0.00,0.00,0.00,0.00,0.00,0.00,0.00,0.00,0.00,0.00,0.00,0.00,0.00,0.00,0.00,0.00,0.00,0.00,0.00,0.00,0.00,0.00,0.00,0.00,0.00,0.00,0.00,0.00,0.00,0.00,0.00,0.00,0.00,0.00,0.00,0.00,0.00,0.00,0.00,0.00,0.00,0.00,0.00,0.00,0.00,0.00,0.00,0.00,0.00,0.00,0.00,0.00,0.00,0.00,0.00,0.12,0.12,0.00,0.00,0.00,0.00,0.02,0.01,0.40,0.00,0.89,0.77,2.81,2.94,3.29,3.12,0.00,0.00,2.46,3.12,0.61,2.26,0.00,0.00,0.00,0.00,0.00,0.00,0.00,1.99,0.50,0.36,1.47,0.00,0.00,0.62,0.79,0.00,0.00,0.00,1.07,0.47,0.49,1.01,0.96,0.00,0.82,1.13,0.00,14.93,3.95,3.32,0.00,0.00,0.00,0.00,1.02,1.16,0.00,0.00,0.00,0.00,0.00,0.00,0.00,2.30,0.90,0.69,2.81,2.49,0.49,0.70,0.51,0.79,3.44,6.89,0.00,0.00,0.00,0.00,0.00,0.00,0.00,0.00,0.00,0.00
9650.5,-2.000,7.000,0.000,0.000,0.000,0,0,0.839,0,0.003,0.004,0.001,0.003,0.004,0.00,0.64,0.80,2.49,2.49,64.95,68.11,8.53,8.53,16.54,19.18,1.03,0.93,3.24,2.71,1.03,0.51,27.01,14.21,8.66,9.57,0.00,0.00,7.46,8.08,0.00,0.00,0.40,1.59,1.75,2.11,1.57,1.53,1.90,2.57,0.00,0.00,0.00,0.00,0.00,1.42,2.30,1.99,1.49,0.00,0.00,14.93,0.00,0.00,0.00,0.00,0.00,0.00,0.00,0.00,0.00,0.00,0.00,0.00,0.00,0.00,0.00,0.00,0.00,0.00,0.00,0.00,0.00,0.00,0.00,0.00,0.00,0.00,0.00,0.00,0.00,0.00,0.00,0.00,0.00,0.00,0.00,0.00,0.00,0.00,0.01,0.01,0.00,0.00,0.00,0.00,0.00,0.00,0.00,0.00,1.24,0.89,0.00,0.85,3.18,2.96,19.93,19.23,0.00,0.00,2.30,0.00,0.51,0.00,0.00,0.00,0.31,1.48,0.00,0.00,0.00,0.00,0.00,0.00,0.00,0.00,0.00,0.00,0.00,0.00,0.00,0.00,0.00,0.00,29.85,29.85,3.73,0.00,0.00,0.00,0.00,0.00,0.00,0.00,0.00,0.00,0.00,0.00,0.00,0.00,0.00,0.00,0.00,0.00,0.00,0.00,0.00,0.00,0.00,0.00,0.00,0.00,0.00,0.00,0.00,0.00,0.00,0.00,0.00,0.00,0.00,0.00,0.00,0.00,0.00,0.00,0.00,0.00,0.00,0.00,0.00,0.00,0.00,0.00,0.00,0.00,0.00,0.00,0.00,0.00,0.00,0.00,0.00,0.00,0.00,0.00,0.00,0.00,0.00,0.00,0.00,0.00,0.00,0.00,0.00,0.00,0.00,0.00,0.00,0.00,0.00,0.00,0.00,0.00,0.00,0.00,0.00,0.00,0.00,0.00,0.00,0.00,0.00,0.00,0.00,0.00,0.00,0.00,0.00,0.00,0.00,0.00,0.00,0.00,0.00,0.00,0.00,0.47,0.73,0.00,0.00,0.00,0.00,0.02,0.00,0.00,0.62,0.99,1.11,2.80,2.96,2.56,4.61,0.00,0.00,2.78,2.51,2.84,2.08,0.00,0.00,0.00,0.00,0.00,0.00,1.00,0.00,0.00,0.36,0.84,0.00,0.00,1.23,0.53,4.26,0.00,4.98,1.07,0.47,0.49,0.66,0.73,0.00,0.95,1.24,0.00,0.00,2.19,2.65,0.00,0.00,0.00,0.00,0.93,0.97,0.00,0.00,0.00,0.00,0.00,0.00,0.00,1.15,1.13,1.16,0.70,1.24,0.00,0.35,0.51,0.79,0.00,0.00,0.00,0.00,0.00,0.00,0.00,0.00,0.00,0.00,0.00,0.00
9750.5,-2.000,7.000,0.000,0.000,0.000,0,0,0.839,0,0.001,0.001,0.000,0.001,0.001,0.00,0.75,0.83,4.98,2.49,66.20,67.83,8.53,4.26,14.62,19.52,0.97,0.93,2.88,1.99,0.88,1.02,18.48,14.21,8.55,8.99,0.00,0.00,9.95,11.19,0.00,0.00,0.40,0.80,1.58,1.60,0.79,0.00,2.50,1.82,0.00,0.00,0.00,9.95,0.00,2.84,0.00,0.00,0.00,0.00,0.00,0.00,0.00,0.00,0.00,0.00,0.00,0.00,0.00,0.00,0.00,0.00,0.00,0.00,0.00,0.00,0.00,0.00,0.00,0.00,0.00,0.00,0.00,0.00,0.00,0.00,0.00,0.00,0.00,0.00,0.00,0.00,0.00,0.00,0.00,0.00,0.00,0.00,0.00,0.00,0.00,0.00,0.00,0.00,0.00,0.00,0.00,0.00,0.00,0.00,0.88,0.54,0.77,0.85,3.07,3.47,19.59,18.71,0.00,0.00,6.89,0.00,1.01,0.51,0.00,0.00,1.08,0.30,0.00,0.00,0.00,0.00,0.00,0.00,0.00,0.00,0.00,0.00,0.00,0.00,0.00,0.00,0.00,0.00,29.85,0.00,0.00,5.19,0.00,0.00,0.00,0.00,0.00,0.00,0.00,0.00,0.00,0.00,0.00,0.00,0.00,0.00,0.00,0.00,0.00,0.00,14.93,14.93,0.00,0.00,0.00,0.00,0.00,0.00,0.00,0.00,0.00,0.00,0.00,0.00,0.00,0.00,0.00,0.00,0.00,0.00,0.00,0.00,0.00,0.00,0.00,0.00,0.00,0.00,0.00,0.00,0.00,0.00,0.00,0.00,0.00,0.00,0.00,0.00,0.00,0.00,0.00,0.00,0.00,0.00,0.00,0.00,0.00,0.00,0.00,0.00,0.00,0.00,0.00,0.00,0.00,0.00,0.00,0.00,0.00,0.00,0.00,0.00,0.00,0.00,0.00,0.00,0.00,0.00,0.00,0.00,0.00,0.00,0.00,0.00,0.00,0.00,0.00,0.00,0.00,0.00,0.00,0.35,0.24,0.00,0.00,0.00,0.00,0.02,0.01,0.80,0.92,1.19,1.02,2.84,2.96,3.66,2.71,0.00,0.00,2.84,3.12,4.06,2.26,0.00,0.00,0.00,0.46,0.00,0.50,0.00,0.50,0.00,1.78,0.84,0.00,0.00,1.54,1.06,4.26,0.00,0.00,2.13,0.95,2.45,0.74,0.89,0.00,0.88,1.41,0.00,0.00,1.76,3.32,0.00,0.00,3.32,0.00,1.02,1.00,0.00,0.00,0.00,0.00,0.00,0.00,0.00,1.15,0.90,0.69,2.81,2.18,0.00,1.40,1.03,0.52,4.59,3.44,0.00,0.00,0.00,0.00,0.00,0.00,0.00,0.00,0.00,0.00
9850.5,-2.000,7.000,0.000,0.000,0.000,0,0,0.839,0,0.000,0.000,0.000,0.000,0.000,0.00,1.18,1.03,2.49,0.00,64.54,69.09,8.53,4.26,15.76,18.92,0.82,1.08,2.88,1.99,0.80,0.71,19.90,14.21,7.49,7.72,0.00,0.00,10.57,6.22,0.00,0.00,0.40,1.19,1.86,1.97,3.14,0.00,2.73,2.67,0.00,0.00,0.00,0.00,4.26,1.42,2.30,0.00,0.00,0.00,0.00,0.00,0.00,0.00,0.00,0.00,0.00,0.00,0.00,0.00,0.00,0.00,0.00,0.00,0.00,0.00,0.00,0.00,0.00,0.00,0.00,0.00,0.00,0.00,0.00,0.00,0.00,0.00,0.00,0.00,0.00,0.00,0.00,0.00,0.00,0.00,0.00,0.00,0.00,0.00,0.01,0.01,0.00,0.00,0.00,0.00,0.00,0.00,0.00,0.00,1.59,0.89,0.77,1.71,2.56,3.21,19.07,19.05,0.00,0.00,0.00,0.00,1.01,1.52,0.00,0.00,1.08,0.59,1.61,0.00,0.00,0.00,0.00,0.00,0.00,0.00,0.00,0.00,0.00,0.00,0.00,0.00,0.00,0.00,59.70,29.85,0.00,0.00,0.00,0.00,0.00,0.00,0.00,0.00,0.00,0.00,0.00,0.00,0.00,0.00,0.00,0.00,0.00,0.00,0.00,0.00,0.00,0.00,0.00,0.00,0.00,0.00,0.00,0.00,0.00,0.00,0.00,0.00,0.00,0.00,0.00,0.00,0.00,0.00,0.00,0.00,0.00,0.00,0.00,0.00,0.00,0.00,0.00,0.00,0.00,0.00,0.00,0.00,0.00,0.00,0.00,0.00,0.00,0.00,0.00,0.00,0.00,0.00,0.00,0.00,0.00,0.00,0.00,0.00,0.00,0.00,0.00,0.00,0.00,0.00,0.00,0.00,0.00,0.00,0.00,0.00,0.00,0.00,0.00,0.00,0.00,0.00,0.00,0.00,0.00,0.00,0.00,0.00,0.00,0.00,0.00,0.00,0.00,0.00,0.00,0.00,0.00,0.47,1.09,0.00,0.00,0.00,0.00,0.02,0.01,0.80,0.31,1.28,1.62,2.89,2.75,2.80,2.31,0.00,0.00,2.78,2.58,2.03,3.12,0.00,2.30,0.00,0.46,0.00,1.00,0.50,1.49,0.50,1.07,1.26,0.00,0.00,1.23,2.38,4.26,0.00,0.00,1.07,0.00,0.49,0.84,0.93,0.00,0.82,0.73,0.00,0.00,2.63,1.99,0.00,0.00,0.00,0.00,1.28,1.20,0.00,0.00,0.00,0.00,0.00,0.00,3.32,4.59,0.90,2.08,2.11,1.87,0.98,0.35,0.77,0.52,4.59,2.30,7.46,0.00,0.00,0.00,0.00,0.00,0.00,0.00,0.00,0.00
9950.5,-2.000,7.000,0.000,0.000,0.000,0,0,0.840,0,0.000,0.000,0.000,0.000,0.000,0.00,0.96,1.10,4.98,0.00,64.95,67.69,4.26,4.26,15.32,19.52,0.97,0.84,2.52,1.09,0.51,0.67,21.32,17.06,7.26,8.30,0.00,0.00,9.33,8.71,0.00,0.00,0.80,0.80,1.35,1.37,0.00,0.77,1.06,0.70,0.00,0.00,0.00,0.00,0.00,1.42,0.00,0.00,0.00,0.00,0.00,0.00,0.00,0.00,0.00,0.00,0.00,0.00,0.00,0.00,0.00,0.00,0.00,0.00,0.00,0.00,0.00,0.00,0.00,0.00,0.00,0.00,0.00,0.00,0.00,0.00,0.00,0.00,0.00,0.00,0.00,0.00,0.00,0.00,0.00,0.00,0.00,0.00,0.00,0.00,0.00,0.00,0.00,0.00,0.00,0.00,0.00,0.00,0.00,0.00,0.53,1.43,0.00,0.85,2.54,2.59,19.74,18.28,0.00,0.00,2.30,0.00,0.51,1.01,0.00,0.00,1.39,0.89,0.81,0.81,0.00,3.73,0.00,0.00,0.00,0.00,0.00,0.00,0.00,0.00,0.00,0.00,0.00,29.85,29.85,0.00,0.00,0.00,0.00,0.00,0.00,0.00,0.00,0.00,0.00,0.00,0.00,0.00,0.00,0.00,0.00,0.00,0.00,0.00,0.00,0.00,0.00,0.00,0.00,0.00,0.00,0.00,0.00,0.00,0.00,0.00,0.00,0.00,0.00,0.00,0.00,0.00,0.00,0.00,0.00,0.00,0.00,0.00,0.00,0.00,0.00,0.00,0.00,0.00,0.00,0.00,0.00,0.00,0.00,0.00,0.00,0.00,0.00,0.00,0.00,0.00,0.00,0.00,0.00,0.00,0.00,0.00,0.00,0.00,0.00,0.00,0.00,0.00,0.00,0.00,0.00,0.00,0.00,0.00,0.00,0.00,0.00,0.00,0.00,0.00,0.00,0.00,0.00,0.00,0.00,0.00,0.00,0.00,0.00,0.00,0.00,0.00,0.00,0.00,0.00,0.00,0.00,0.24,0.12,0.00,0.00,0.00,0.00,0.01,0.00,0.40,0.62,0.69,0.43,2.85,2.85,2.31,1.90,0.00,0.00,2.59,2.99,2.44,2.60,0.00,0.00,0.00,0.46,0.00,0.00,0.50,0.00,0.50,0.36,1.05,0.00,0.00,1.23,0.53,0.00,4.26,0.00,1.07,0.47,0.49,0.82,0.77,0.00,1.26,0.79,0.00,0.00,3.07,3.98,0.00,0.00,0.00,2.99,0.89,1.03,0.00,0.00,0.00,0.00,0.00,0.00,0.00,1.15,1.36,0.46,0.35,0.31,0.98,0.35,1.29,1.05,0.00,1.15,0.00,0.00,0.00,0.00,0.00,0.00,0.00,0.00,0.00,0.00
10050.5,-2.000,7.000,0.000,0.000,0.000,0,0,0.840,0,0.000,0.000,0.000,0.000,0.000,0.00,0.93,0.80,4.98,2.49,64.26,67.41,4.26,4.26,15.49,17.62,0.97,1.27,2.34,2.89,1.37,0.90,22.74,14.21,7.96,8.07,0.00,0.00,10.57,11.19,0.00,0.00,0.00,1.19,1.59,1.60,0.79,0.77,1.85,1.26,0.00,0.00,0.00,0.00,1.42,1.42,4.59,0.00,0.00,0.00,14.93,0.00,0.00,0.00,0.00,0.00,0.00,0.00,0.00,0.00,0.00,0.00,0.00,0.00,0.00,0.00,0.00,0.00,0.00,0.00,0.00,0.00,0.00,0.00,0.00,0.00,0.00,0.00,0.00,0.00,0.00,0.00,0.00,0.00,0.00,0.00,0.00,0.00,0.00,0.00,0.00,0.00,0.00,0.00,0.00,0.00,0.00,0.00,0.00,0.00,1.06,0.89,3.06,0.00,3.68,2.86,18.99,19.15,0.00,0.00,0.00,1.87,1.52,1.52,0.00,0.00,1.08,1.09,0.81,0.81,0.00,0.00,0.00,0.00,0.00,0.00,0.00,0.00,0.00,0.00,0.00,0.00,0.00,0.00,0.00,0.00,0.00,0.00,0.00,0.00,0.00,0.00,0.00,0.00,0.00,0.00,0.00,0.00,0.00,0.00,0.00,0.00,0.00,0.00,0.00,0.00,0.00,0.00,0.00,0.00,0.00,0.00,0.00,0.00,0.00,0.00,0.00,0.00,0.00,0.00,0.00,0.00,0.00,0.00,0.00,0.00,0.00,0.00,0.00,0.00,0.00,0.00,0.00,0.00,0.00,0.00,0.00,0.00,0.00,0.00,0.00,0.00,0.00,0.00,0.00,0.00,0.00,0.00,0.00,0.00,0.00,0.00,0.00,0.00,0.00,0.00,0.00,0.00,0.00,0.00,0.00,0.00,0.00,0.00,0.00,0.00,0.00,0.00,0.00,0.00,0.00,0.00,0.00,0.00,0.00,0.00,0.00,0.00,0.00,0.00,0.00,0.00,0.00,0.00,0.00,0.00,0.00,0.59,0.12,0.00,0.00,0.00,0.00,0.01,0.01,0.40,0.00,0.89,1.19,3.01,2.77,2.44,2.71,0.00,0.00,3.79,3.19,1.62,3.30,0.00,0.00,0.00,0.00,0.00,0.00,0.00,0.50,0.50,1.07,0.63,9.18,2.99,1.85,2.38,0.00,0.00,0.00,0.00,0.47,0.49,0.65,0.83,0.00,0.95,0.90,0.00,0.00,2.63,1.99,0.00,0.00,0.00,0.00,1.01,1.03,0.00,0.00,0.00,0.00,0.00,0.00,1.11,2.30,0.45,1.16,1.40,1.87,0.49,0.35,0.51,0.79,0.00,0.00,0.00,0.00,0.00,0.00,0.00,0.00,0.00,0.00,0.00,0.00
10150.5,-2.000,7.000,0.000,0.000,0.000,0,0,0.841,0,0.078,0.082,0.073,0.000,0.247,0.00,0.71,0.93,0.00,2.49,63.57,67.27,4.26,4.26,16.98,18.92,0.89,0.89,1.26,1.81,0.59,0.59,17.06,7.11,6.32,7.49,0.00,0.00,6.22,7.46,0.00,0.00,0.40,1.19,1.31,1.29,0.79,0.77,1.06,0.61,0.00,0.00,0.00,0.00,1.42,0.00,0.00,0.00,0.00,0.00,0.00,0.00,0.00,0.00,0.00,0.00,0.00,0.00,0.00,0.00,0.00,0.00,0.00,0.00,0.00,0.00,0.00,0.00,0.00,0.00,0.00,0.00,0.00,0.00,0.00,0.00,0.00,0.00,0.00,0.00,0.00,0.00,0.00,0.00,0.00,0.00,0.00,0.00,0.00,0.00,0.00,0.00,0.00,0.00,0.00,0.00,0.00,0.00,0.00,0.00,1.24,1.25,1.53,0.85,2.76,2.45,18.62,19.87,7.46,14.93,0.00,0.00,1.01,0.51,0.00,0.00,1.08,0.89,0.81,2.42,0.00,0.00,0.00,0.00,0.00,0.00,0.00,29.85,0.00,0.00,0.00,0.00,0.00,0.00,0.00,0.00,0.00,0.00,0.00,0.00,0.00,0.00,0.00,0.00,0.00,0.00,0.00,0.00,0.00,0.00,0.00,0.00,0.00,0.00,0.00,0.00,0.00,0.00,0.00,0.00,0.00,0.00,0.00,0.00,0.00,0.00,0.00,0.00,0.00,0.00,0.00,0.00,0.00,0.00,0.00,0.00,0.00,0.00,0.00,0.00,0.00,0.00,0.00,0.00,0.00,0.00,0.00,0.00,0.00,0.00,0.00,0.00,0.00,0.00,0.00,0.00,0.00,0.00,0.00,0.00,0.00,0.00,0.00,0.00,0.00,0.00,0.00,0.00,0.00,0.00,0.00,0.00,0.00,0.00,0.00,0.00,0.00,0.00,0.00,0.00,0.00,0.00,0.00,0.00,0.00,0.00,0.00,0.00,0.00,0.00,0.00,0.00,0.00,0.00,0.00,0.00,0.00,0.00,0.12,0.00,0.00,0.00,0.00,0.00,0.00,0.00,0.00,1.58,0.77,2.82,3.46,2.56,2.58,0.00,0.00,3.34,2.99,3.25,3.30,0.00,0.00,0.00,0.00,0.00,0.00,0.50,0.00,0.50,0.36,0.84,0.00,0.00,0.92,0.00,0.00,0.00,4.98,0.00,0.95,0.98,0.82,0.85,0.00,1.20,0.90,0.00,0.00,3.51,0.66,0.00,0.00,0.00,0.00,0.79,0.80,0.00,0.00,0.00,0.00,0.00,0.00,1.11,1.15,0.90,2.31,0.70,1.55,0.00,0.70,0.51,1.05,0.00,1.15,0.00,0.00,0.00,0.00,0.00,0.00,0.00,0.00,0.00,0.00
10250.5,-2.000,7.000,0.000,0.000,0.000,0,0,0.841,0,0.015,0.016,0.014,0.000,0.047,2.13,0.68,0.70,4.98,4.98,65.78,68.25,8.53,4.26,15.23,18.31,0.57,0.65,3.06,2.17,1.42,1.23,17.06,9.95,8.31,7.95,29.85,0.00,6.22,11.82,0.00,0.00,1.99,1.19,1.27,1.18,0.00,0.77,1.16,0.89,0.00,0.00,0.00,0.00,2.84,0.00,0.00,0.00,0.00,0.00,0.00,0.00,0.00,0.00,0.00,0.00,0.00,0.00,0.00,0.00,0.00,0.00,0.00,0.00,0.00,0.00,0.00,0.00,0.00,0.00,0.00,0.00,0.00,0.00,0.00,0.00,0.00,0.00,0.00,0.00,0.00,0.00,0.00,0.00,0.00,0.00,0.00,0.00,0.00,0.00,0.00,0.00,0.00,0.00,0.00,0.00,0.00,0.00,0.00,0.00,1.59,0.89,0.00,0.85,2.89,3.05,19.59,18.05,0.00,0.00,2.30,0.00,0.51,0.00,0.00,0.00,1.24,0.79,3.23,0.81,0.00,0.00,0.00,0.00,0.00,0.00,0.00,0.00,0.00,0.00,0.00,0.00,0.00,0.00,0.00,0.00,0.00,1.30,0.00,0.00,0.00,0.00,0.00,0.00,0.00,0.00,0.00,0.00,0.00,0.00,0.00,0.00,0.00,0.00,0.00,0.00,14.93,0.00,0.00,0.00,0.00,0.00,0.00,0.00,0.00,0.00,0.00,0.00,0.00,0.00,0.00,0.00,0.00,0.00,0.00,0.00,0.00,0.00,0.00,0.00,0.00,0.00,0.00,0.00,0.00,0.00,0.00,0.00,0.00,0.00,0.00,0.00,0.00,0.00,0.00,0.00,0.00,0.00,0.00,0.00,0.00,0.00,0.00,0.00,0.00,0.00,0.00,0.00,0.00,0.00,0.00,0.00,0.00,0.00,0.00,0.00,0.00,0.00,0.00,0.00,0.00,0.00,0.00,0.00,0.00,0.00,0.00,0.00,0.00,0.00,0.00,0.00,0.00,0.00,0.00,0.00,0.00,0.35,0.12,0.00,0.00,0.00,0.00,0.01,0.01,0.00,0.62,0.89,0.43,3.03,2.90,2.92,2.71,0.00,0.00,2.90,3.05,2.64,3.12,2.49,2.30,0.00,0.00,0.00,0.50,1.00,0.50,2.49,1.07,0.84,0.00,0.00,3.08,0.79,0.00,0.00,4.98,1.07,0.00,0.98,0.78,0.93,0.00,0.82,1.01,0.00,0.00,1.76,4.64,0.00,0.00,0.00,0.00,0.88,0.91,0.00,0.00,0.00,0.00,0.00,0.00,1.11,0.00,0.68,1.16,0.35,0.62,0.49,1.05,0.26,1.83,0.00,2.30,0.00,0.00,0.00,0.00,0.00,0.00,0.00,0.00,0.00,0.00
10350.5,-2.000,7.000,0.000,0.000,0.000,0,0,0.841,0,0.003,0.003,0.003,0.000,0.009,0.00,0.78,0.83,2.49,0.00,65.92,66.29,8.53,4.26,15.41,19.18,1.03,0.74,1.44,1.45,0.76,0.74,19.90,11.37,9.01,9.11,0.00,0.00,8.71,9.33,0.00,0.00,0.00,2.39,1.79,1.75,2.36,0.00,1.99,2.25,0.00,0.00,0.00,0.00,1.42,0.00,4.59,1.99,1.49,1.57,0.00,0.00,0.00,0.00,0.00,0.00,0.00,0.00,0.00,0.00,0.00,0.00,0.00,0.00,0.00,0.00,0.00,0.00,0.00,0.00,0.00,0.00,0.00,0.00,0.00,0.00,0.00,0.00,0.00,0.00,0.00,0.00,0.00,0.00,0.00,0.00,0.00,0.00,0.00,0.00,0.01,0.01,0.00,0.00,0.00,0.00,0.00,0.00,0.00,0.00,0.53,0.71,0.00,0.00,2.65,2.93,19.48,19.21,0.00,0.00,4.59,0.00,1.52,0.51,0.00,0.00,0.77,0.79,0.81,1.61,0.00,0.00,0.00,0.00,0.00,0.00,0.00,0.00,0.00,0.00,0.00,0.00,0.00,29.85,0.00,0.00,3.73,1.30,0.00,0.00,0.00,0.00,0.00,0.00,0.00,0.00,0.00,0.00,0.00,0.00,0.00,0.00,0.00,0.00,0.00,0.00,0.00,14.93,0.00,0.00,0.00,0.00,0.00,0.00,0.00,0.00,0.00,0.00,0.00,0.00,0.00,0.00,0.00,0.00,0.00,0.00,0.00,0.00,0.00,0.00,0.00,0.00,0.00,0.00,0.00,0.00,0.00,0.00,0.00,0.00,0.00,0.00,0.00,0.00,0.00,0.00,0.00,0.00,0.00,29.85,0.00,0.00,0.00,0.00,0.00,0.00,0.00,0.00,0.00,0.00,0.00,0.00,0.00,0.00,0.00,0.00,0.00,0.00,0.00,0.00,0.00,0.00,0.00,0.00,0.00,0.00,0.00,0.00,0.00,0.00,0.00,0.00,0.00,0.00,0.00,0.00,0.00,0.94,0.85,0.00,0.00,0.00,0.00,0.02,0.01,0.40,0.00,1.09,0.68,2.70,2.93,2.56,3.26,0.00,4.98,3.53,3.05,2.64,2.08,0.00,0.00,0.00,0.92,0.00,0.00,0.50,0.00,0.50,1.42,0.42,0.00,0.00,0.62,0.79,0.00,0.00,0.00,1.07,0.95,1.96,0.84,0.56,0.00,1.07,1.13,0.00,0.00,3.07,1.33,0.00,0.00,0.00,0.00,1.01,1.03,0.00,0.00,0.00,0.00,0.00,0.00,2.21,4.59,0.23,1.39,2.81,2.80,2.45,2.46,0.51,0.26,3.44,2.30,0.00,0.00,0.00,0.00,0.00,0.00,0.00,0.00,0.00,0.00
10450.5,-2.000,7.000,0.000,0.000,0.000,0,0,0.842,0,0.001,0.001,0.000,0.000,0.558,0.00,1.03,1.36,2.49,0.00,64.68,67.55,4.26,0.00,15.84,19.09,1.12,1.14,1.08,1.09,0.62,0.22,19.90,11.37,7.61,6.57,0.00,0.00,6.22,4.35,0.00,0.00,0.80,0.80,1.49,1.86,0.79,0.00,1.71,2.01,0.00,0.00,0.00,0.00,1.42,0.00,2.30,1.99,0.00,0.00,0.00,0.00,0.00,0.00,0.00,0.00,0.00,0.00,0.00,0.00,0.00,0.00,0.00,0.00,0.00,0.00,0.00,0.00,0.00,0.00,0.00,0.00,0.00,0.00,0.00,0.00,0.00,0.00,0.00,0.00,0.00,0.00,0.00,0.00,0.00,0.00,0.00,0.00,0.00,0.00,0.00,0.00,0.00,0.00,0.00,0.00,0.00,0.00,0.00,0.00,1.24,0.54,0.77,0.85,3.18,3.05,18.55,18.36,7.46,0.00,0.00,0.00,0.51,0.51,0.00,0.00,0.93,1.09,0.00,0.81,0.00,0.00,0.00,0.00,0.00,0.00,0.00,0.00,0.00,0.00,0.00,0.00,29.85,29.85,0.00,0.00,2.49,3.89,0.00,0.00,0.00,0.00,0.00,0.00,0.00,0.00,0.00,0.00,0.00,0.00,0.00,0.00,0.00,0.00,0.00,0.00,0.00,0.00,0.00,0.00,0.00,0.00,0.00,0.00,0.00,0.00,0.00,0.00,0.00,0.00,0.00,0.00,0.00,0.00,0.00,0.00,0.00,0.00,0.00,0.00,0.00,0.00,0.00,0.00,0.00,0.00,0.00,0.00,0.00,0.00,0.00,0.00,0.00,0.00,0.00,0.00,0.00,0.00,0.00,0.00,0.00,0.00,0.00,0.00,0.00,0.00,0.00,0.00,0.00,0.00,0.00,0.00,0.00,0.00,0.00,0.00,0.00,0.00,0.00,0.00,0.00,0.00,0.00,0.00,0.00,0.00,0.00,0.00,0.00,0.00,0.00,0.00,0.00,0.00,0.00,0.00,0.00,0.47,0.24,0.00,0.00,0.00,0.00,0.02,0.00,0.00,0.00,0.69,0.68,3.01,2.79,2.80,3.53,0.00,4.98,3.28,3.39,2.64,1.74,0.00,0.00,0.00,0.00,0.45,0.00,0.00,2.49,0.50,0.36,0.63,0.00,0.00,1.85,1.06,4.26,0.00,0.00,1.07,0.47,0.00,0.89,0.73,0.00,0.82,0.56,0.00,0.00,2.63,1.33,0.00,0.00,3.32,2.99,1.03,0.97,0.00,0.00,0.00,0.00,0.00,0.00,2.21,2.30,0.90,1.39,4.57,1.87,0.00,0.00,0.51,0.52,0.00,2.30,0.00,0.00,0.00,0.00,0.00,0.00,0.00,0.00,0.00,0.00
10550.5,-2.000,7.000,0.000,0.000,0.000,0,0,0.842,0,0.000,0.000,0.000,0.000,0.105,2.13,0.96,0.83,0.00,0.00,63.57,66.15,0.00,0.00,15.58,18.31,0.63,0.74,2.88,2.17,0.81,0.44,18.48,9.95,6.32,6.34,0.00,0.00,7.46,9.33,0.00,29.85,1.59,1.19,1.25,1.18,2.36,0.00,0.83,0.80,0.00,0.00,0.00,0.00,0.00,0.00,0.00,0.00,0.00,0.00,0.00,0.00,0.00,0.00,0.00,0.00,0.00,0.00,0.00,0.00,0.00,0.00,0.00,0.00,0.00,0.00,0.00,0.00,0.00,0.00,0.00,0.00,0.00,0.00,0.00,0.00,0.00,0.00,0.00,0.00,0.00,0.00,0.00,0.00,0.00,0.00,0.00,0.00,0.00,0.00,0.00,0.00,0.00,0.00,0.00,0.00,0.00,0.00,0.00,0.00,1.24,0.71,0.77,2.56,2.85,3.03,18.34,18.07,7.46,0.00,0.00,3.73,0.51,0.51,0.00,0.00,1.24,0.89,1.61,0.81,0.00,0.00,0.00,0.00,0.00,0.00,0.00,0.00,0.00,0.00,0.00,0.00,0.00,0.00,29.85,0.00,0.00,1.30,0.00,0.00,0.00,0.00,0.00,0.00,0.00,0.00,0.00,0.00,0.00,0.00,0.00,0.00,0.00,0.00,0.00,0.00,0.00,0.00,0.00,0.00,0.00,0.00,0.00,0.00,0.00,0.00,0.00,0.00,0.00,0.00,0.00,0.00,0.00,0.00,0.00,0.00,0.00,0.00,0.00,0.00,0.00,0.00,0.00,0.00,0.00,0.00,0.00,0.00,0.00,0.00,0.00,0.00,0.00,0.00,0.00,0.00,0.00,0.00,0.00,0.00,0.00,0.00,0.00,0.00,0.00,0.00,0.00,0.00,0.00,0.00,0.00,0.00,0.00,0.00,0.00,0.00,0.00,0.00,0.00,0.00,0.00,0.00,0.00,0.00,0.00,0.00,0.00,0.00,0.00,0.00,0.00,0.00,0.00,0.00,0.00,0.00,0.00,0.12,0.12,0.00,0.00,0.00,0.00,0.01,0.00,1.19,1.54,0.99,0.51,2.57,3.12,2.68,2.04,0.00,0.00,3.34,2.44,2.84,2.43,2.49,0.00,0.00,0.00,0.90,0.50,0.50,0.00,0.00,0.00,1.68,0.00,0.00,0.92,0.79,0.00,0.00,0.00,2.13,0.47,0.49,0.76,0.79,0.00,1.01,1.24,0.00,0.00,3.95,0.66,0.00,0.00,0.00,2.99,0.95,0.82,0.00,0.00,0.00,0.00,0.00,0.00,1.11,1.15,0.68,0.69,1.05,0.62,0.49,0.35,0.77,1.05,0.00,0.00,0.00,0.00,0.00,0.00,0.00,0.00,0.00,0.00,0.00,0.00
10650.5,-2.000,7.000,0.000,0.000,0.000,0,0,0.843,0,0.000,0.000,0.000,0.000,0.020,0.00,1.35,1.16,0.00,0.00,64.68,68.25,4.26,4.26,14.97,20.39,1.14,1.01,2.34,1.99,1.19,0.52,15.64,7.11,7.96,8.07,0.00,0.00,8.71,7.46,0.00,0.00,0.00,0.40,1.79,1.79,0.00,0.77,1.76,2.15,0.00,0.00,0.00,0.00,1.42,1.42,2.30,0.00,2.99,1.57,0.00,0.00,0.00,0.00,0.00,0.00,0.00,0.00,0.00,0.00,0.00,0.00,0.00,0.00,0.00,0.00,0.00,0.00,0.00,0.00,0.00,0.00,0.00,0.00,0.00,0.00,0.00,0.00,0.00,0.00,0.00,0.00,0.00,0.00,0.00,0.00,0.00,0.00,0.00,0.00,0.00,0.00,0.00,0.00,0.00,0.00,0.00,0.00,0.00,0.00,0.53,1.07,3.06,1.71,2.80,3.19,19.41,18.13,7.46,0.00,0.00,0.00,1.01,2.02,0.00,0.00,0.77,0.99,0.81,2.42,0.00,0.00,0.00,0.00,0.00,0.00,0.00,29.85,0.00,0.00,0.00,0.00,0.00,0.00,0.00,0.00,2.49,1.30,0.00,0.00,0.00,0.00,0.00,0.00,0.00,0.00,0.00,0.00,0.00,0.00,0.00,0.00,0.00,0.00,0.00,0.00,0.00,29.85,29.85,29.85,0.00,0.00,0.00,0.00,0.00,0.00,0.00,0.00,0.00,0.00,0.00,0.00,0.00,0.00,0.00,0.00,0.00,0.00,0.00,0.00,0.00,0.00,0.00,0.00,0.00,0.00,0.00,0.00,0.00,0.00,0.00,0.00,0.00,0.00,0.00,29.85,29.85,0.00,0.00,0.00,0.00,0.00,0.00,0.00,0.00,0.00,0.00,0.00,0.00,0.00,0.00,0.00,0.00,0.00,0.00,0.00,0.00,0.00,0.00,0.00,0.00,0.00,0.00,0.00,0.00,0.00,0.00,0.00,0.00,0.00,0.00,0.00,0.00,0.00,0.00,0.00,0.00,0.59,0.97,3.23,2.80,0.00,0.00,0.02,0.02,0.80,0.92,0.79,1.62,2.82,3.13,4.51,3.80,14.93,0.00,3.22,2.58,2.64,4.86,0.00,6.89,0.00,0.46,1.81,0.50,0.50,3.98,0.00,0.71,0.63,0.00,2.99,1.54,1.06,0.00,0.00,0.00,0.00,3.79,1.96,1.84,1.81,14.93,1.20,1.01,0.00,0.00,3.07,1.99,0.00,0.00,3.32,0.00,1.09,1.43,0.00,0.00,0.00,0.00,0.00,0.00,1.11,2.30,1.36,0.00,1.76,1.87,0.98,1.05,1.54,0.52,2.30,4.59,0.00,0.00,0.00,0.00,0.00,0.00,0.00,0.00,0.00,0.00
10750.5,-2.000,7.000,0.000,0.000,0.000,0,0,0.843,0,0.000,0.000,0.000,0.000,0.004,0.00,0.82,0.96,2.49,2.49,63.85,66.71,4.26,4.26,15.67,19.96,0.99,0.91,2.88,2.35,0.73,0.76,15.64,9.95,7.61,9.45,0.00,0.00,8.71,5.60,0.00,0.00,0.80,0.00,1.60,1.76,0.79,0.77,1.90,1.36,0.00,0.00,0.00,0.00,1.42,0.00,0.00,3.98,0.00,0.00,0.00,0.00,0.00,0.00,0.00,0.00,0.00,0.00,0.00,0.00,0.00,0.00,0.00,0.00,0.00,0.00,0.00,0.00,0.00,0.00,0.00,0.00,0.00,0.00,0.00,0.00,0.00,0.00,0.00,0.00,0.00,0.00,0.00,0.00,0.00,0.00,0.00,0.00,0.00,0.00,0.00,0.00,0.00,0.00,0.00,0.00,0.00,0.00,0.00,0.00,0.88,1.97,1.53,1.71,3.07,3.00,18.44,19.52,0.00,0.00,0.00,1.87,0.51,1.52,0.00,0.00,0.62,0.59,1.61,0.00,0.00,3.73,0.00,0.00,0.00,0.00,0.00,0.00,0.00,0.00,0.00,0.00,0.00,0.00,0.00,0.00,1.24,1.30,0.00,0.00,0.00,0.00,0.00,0.00,0.00,0.00,0.00,0.00,0.00,0.00,0.00,0.00,0.00,0.00,0.00,0.00,0.00,0.00,0.00,0.00,0.00,0.00,0.00,0.00,0.00,0.00,0.00,0.00,0.00,0.00,0.00,0.00,0.00,0.00,0.00,0.00,0.00,0.00,0.00,0.00,0.00,0.00,0.00,0.00,0.00,0.00,0.00,0.00,0.00,0.00,0.00,0.00,0.00,0.00,0.00,0.00,0.00,0.00,0.00,0.00,0.00,0.00,0.00,0.00,0.00,0.00,0.00,0.00,0.00,0.00,0.00,0.00,0.00,0.00,0.00,0.00,0.00,0.00,0.00,0.00,0.00,0.00,0.00,0.00,0.00,0.00,0.00,0.00,0.00,0.00,0.00,0.00,0.00,0.00,0.00,0.00,0.00,0.59,0.24,0.00,0.00,0.00,0.00,0.02,0.00,0.40,0.00,0.79,0.77,2.68,2.75,2.80,2.85,0.00,0.00,3.47,3.46,2.64,2.78,0.00,0.00,0.00,0.00,0.00,0.00,0.00,0.00,0.00,0.36,0.84,0.00,0.00,0.92,0.53,0.00,0.00,4.98,1.07,0.47,0.00,0.63,0.68,0.00,1.07,1.01,0.00,0.00,3.51,2.65,0.00,0.00,0.00,2.99,0.96,0.94,0.00,0.00,0.00,0.00,0.00,0.00,3.32,1.15,0.45,1.16,1.40,0.93,1.47,1.05,1.03,0.52,0.00,0.00,0.00,0.00,0.00,0.00,0.00,0.00,0.00,0.00,0.00,0.00
10850.5,-2.000,7.000,0.000,0.000,0.000,0,0,0.843,0,0.032,0.054,0.000,0.000,0.083,0.00,1.03,1.36,0.00,2.49,65.51,67.27,8.53,4.26,15.49,18.66,1.06,1.03,2.34,3.98,0.91,0.82,19.90,14.21,7.26,9.68,0.00,0.00,10.57,4.98,0.00,0.00,1.99,0.40,1.41,1.26,0.79,1.53,0.79,1.22,0.00,0.00,0.00,0.00,1.42,0.00,0.00,1.99,0.00,1.57,0.00,0.00,0.00,0.00,0.00,0.00,0.00,0.00,0.00,0.00,0.00,0.00,0.00,0.00,0.00,0.00,0.00,0.00,0.00,0.00,0.00,0.00,0.00,0.00,0.00,0.00,0.00,0.00,0.00,0.00,0.00,0.00,0.00,0.00,0.00,0.00,0.00,0.00,0.00,0.00,0.00,0.00,0.00,0.00,0.00,0.00,0.00,0.00,0.00,0.00,1.24,0.89,0.77,0.85,2.78,2.86,17.87,19.58,0.00,14.93,0.00,0.00,1.01,0.51,0.00,0.00,0.15,0.89,2.42,1.61,0.00,3.73,0.00,0.00,0.00,0.00,0.00,0.00,0.00,0.00,0.00,0.00,0.00,0.00,0.00,0.00,2.49,0.00,0.00,0.00,0.00,0.00,0.00,0.00,0.00,0.00,0.00,0.00,0.00,0.00,0.00,0.00,0.00,0.00,0.00,0.00,14.93,29.85,0.00,0.00,0.00,0.00,0.00,0.00,0.00,0.00,0.00,0.00,0.00,0.00,0.00,0.00,0.00,0.00,0.00,0.00,0.00,0.00,0.00,0.00,0.00,0.00,0.00,0.00,0.00,0.00,0.00,0.00,0.00,0.00,0.00,0.00,0.00,0.00,0.00,0.00,0.00,0.00,0.00,0.00,0.00,0.00,0.00,0.00,0.00,0.00,0.00,0.00,0.00,0.00,0.00,0.00,0.00,0.00,0.00,0.00,0.00,0.00,0.00,0.00,0.00,0.00,0.00,0.00,0.00,0.00,0.00,0.00,0.00,0.00,0.00,0.00,0.00,0.00,0.00,0.00,0.00,0.00,0.00,0.00,0.00,0.00,0.00,0.01,0.00,0.40,0.92,0.59,0.68,3.09,3.22,2.92,3.93,0.00,0.00,2.71,2.31,3.66,4.34,0.00,2.30,0.00,0.00,2.71,0.00,1.00,0.00,0.50,1.07,0.42,2.30,0.00,1.85,1.06,0.00,4.26,0.00,0.00,0.95,2.45,1.01,1.25,0.00,1.07,1.07,0.00,0.00,3.51,4.64,0.00,0.00,0.00,0.00,0.95,1.08,0.00,0.00,0.00,0.00,0.00,0.00,1.11,0.00,0.90,1.39,1.40,0.62,0.00,0.70,1.03,1.57,2.30,1.15,0.00,0.00,0.00,0.00,0.00,0.00,0.00,0.00,0.00,0.00
10950.5,-2.000,7.000,0.000,0.000,0.000,0,0,0.844,0,0.006,0.010,0.000,0.000,0.016,2.13,0.89,1.20,2.49,0.00,63.99,68.11,4.26,8.53,15.06,19.35,1.18,1.14,2.34,3.62,1.08,0.70,18.48,8.53,7.49,9.45,0.00,0.00,8.71,8.71,0.00,0.00,0.40,0.80,2.01,1.91,2.36,0.00,2.36,2.62,0.00,0.00,0.00,9.95,4.26,2.84,0.00,1.99,0.00,0.00,0.00,0.00,0.00,0.00,0.00,0.00,0.00,0.00,0.00,0.00,0.00,0.00,0.00,0.00,0.00,0.00,0.00,0.00,0.00,0.00,0.00,0.00,0.00,0.00,0.00,0.00,0.00,0.00,0.00,0.00,0.00,0.00,0.00,0.00,0.00,0.00,0.00,0.00,0.00,0.00,0.00,0.00,0.00,0.00,0.00,0.00,0.00,0.00,0.00,0.00,0.71,0.71,0.77,0.00,2.80,3.03,19.51,18.36,0.00,0.00,0.00,0.00,1.01,0.51,0.00,0.00,0.62,0.89,0.81,0.81,0.00,0.00,0.00,0.00,0.00,0.00,0.00,0.00,0.00,0.00,0.00,0.00,29.85,29.85,0.00,0.00,1.24,1.30,0.00,0.00,0.00,0.00,0.00,0.00,0.00,0.00,0.00,0.00,0.00,0.00,0.00,0.00,0.00,0.00,0.00,0.00,0.00,0.00,0.00,0.00,0.00,0.00,0.00,0.00,0.00,0.00,0.00,0.00,0.00,0.00,0.00,0.00,0.00,0.00,0.00,0.00,0.00,0.00,0.00,0.00,0.00,0.00,0.00,0.00,0.00,0.00,0.00,0.00,0.00,0.00,0.00,0.00,0.00,0.00,0.00,0.00,0.00,0.00,0.00,0.00,0.00,0.00,0.00,0.00,0.00,0.00,0.00,0.00,0.00,0.00,0.00,0.00,0.00,0.00,0.00,0.00,0.00,0.00,0.00,0.00,0.00,0.00,0.00,0.00,0.00,0.00,0.00,0.00,0.00,0.00,0.00,0.00,0.00,0.00,0.00,0.00,0.00,0.59,0.85,0.00,0.00,0.00,0.00,0.01,0.01,0.00,0.92,1.38,1.62,2.92,2.86,2.92,1.90,0.00,0.00,3.53,2.78,3.45,4.17,0.00,0.00,0.00,0.46,0.45,0.00,0.50,1.00,0.00,0.00,0.63,0.00,0.00,0.31,1.58,0.00,0.00,0.00,0.00,0.95,0.49,0.78,0.66,0.00,1.07,1.18,0.00,0.00,3.07,3.32,0.00,0.00,3.32,0.00,1.14,1.25,0.00,0.00,0.00,0.00,0.00,29.85,2.21,1.15,1.36,0.69,1.76,1.55,2.94,3.16,1.54,1.57,3.44,0.00,0.00,0.00,0.00,0.00,0.00,0.00,0.00,0.00,0.00,0.00
11050.5,-2.000,7.000,0.000,0.000,0.000,0,0,0.844,0,0.001,0.002,0.000,0.000,0.003,0.00,1.42,1.33,0.00,0.00,64.81,69.65,4.26,4.26,16.54,19.87,0.82,1.01,2.34,1.09,0.74,0.45,25.59,18.48,7.26,7.72,0.00,0.00,4.35,7.46,0.00,0.00,0.40,0.40,1.95,1.74,2.36,0.00,3.61,2.15,0.00,0.00,0.00,19.90,1.42,1.42,0.00,3.98,0.00,0.00,14.93,0.00,0.00,0.00,0.00,0.00,0.00,0.00,0.00,0.00,0.00,0.00,0.00,0.00,0.00,0.00,0.00,0.00,0.00,0.00,0.00,0.00,0.00,0.00,0.00,0.00,0.00,0.00,0.00,0.00,0.00,0.00,0.00,0.00,0.00,0.00,0.00,0.00,0.00,0.00,0.00,0.00,0.00,0.00,0.00,0.00,0.00,0.00,0.00,0.00,1.77,0.36,0.77,4.26,3.07,2.59,18.55,18.23,0.00,0.00,2.30,0.00,1.01,2.53,0.00,0.00,0.77,1.09,1.61,0.81,0.00,0.00,0.00,0.00,0.00,0.00,0.00,0.00,0.00,0.00,0.00,0.00,29.85,29.85,0.00,0.00,0.00,1.30,0.00,0.00,0.00,0.00,0.00,0.00,0.00,0.00,0.00,0.00,0.00,0.00,0.00,0.00,0.00,0.00,0.00,0.00,29.85,29.85,0.00,0.00,0.00,0.00,0.00,0.00,0.00,0.00,0.00,0.00,0.00,0.00,0.00,0.00,0.00,0.00,0.00,0.00,0.00,0.00,0.00,0.00,0.00,0.00,0.00,0.00,0.00,0.00,0.00,0.00,0.00,0.00,0.00,0.00,0.00,0.00,0.00,0.00,0.00,0.00,0.00,0.00,0.00,0.00,0.00,0.00,0.00,0.00,0.00,0.00,0.00,0.00,0.00,0.00,0.00,0.00,0.00,0.00,0.00,0.00,0.00,0.00,0.00,0.00,0.00,0.00,0.00,0.00,0.00,0.00,0.00,0.00,0.00,0.00,0.00,0.00,0.00,0.00,0.00,0.83,0.49,0.00,0.00,0.00,0.00,0.02,0.00,0.40,0.00,1.19,1.19,2.84,2.96,3.17,2.85,0.00,0.00,2.90,2.99,1.83,2.43,0.00,0.00,0.00,0.46,0.00,0.00,0.00,0.50,0.00,0.71,1.05,0.00,0.00,1.54,1.32,4.26,4.26,4.98,2.13,1.42,0.00,1.18,0.93,0.00,0.82,1.07,0.00,0.00,2.63,2.65,0.00,0.00,3.32,0.00,1.19,1.18,0.00,0.00,0.00,0.00,0.00,0.00,2.21,1.15,0.90,1.16,2.11,0.93,1.96,2.11,2.06,1.05,2.30,1.15,0.00,0.00,0.00,0.00,0.00,0.00,0.00,0.00,0.00,0.00
11150.5,-2.000,7.000,0.000,0.000,0.000,0,0,0.845,0,0.000,0.000,0.000,0.000,0.001,0.00,1.03,0.66,2.49,0.00,65.92,67.97,8.53,8.53,14.71,18.40,0.93,0.91,1.44,1.27,0.61,0.56,14.21,12.79,6.91,8.07,0.00,0.00,3.73,6.84,0.00,0.00,1.99,0.80,1.35,1.35,0.79,0.00,1.11,0.98,0.00,0.00,0.00,0.00,0.00,0.00,4.59,0.00,0.00,0.00,0.00,0.00,0.00,0.00,0.00,0.00,0.00,0.00,0.00,0.00,0.00,0.00,0.00,0.00,0.00,0.00,0.00,0.00,0.00,0.00,0.00,0.00,0.00,0.00,0.00,0.00,0.00,0.00,0.00,0.00,0.00,0.00,0.00,0.00,0.00,0.00,0.00,0.00,0.00,0.00,0.00,0.01,0.00,0.00,0.00,0.00,0.00,0.00,0.00,0.00,0.35,1.25,0.00,0.85,2.50,3.53,19.25,18.52,0.00,0.00,4.59,0.00,2.53,1.52,0.00,0.00,0.77,0.89,1.61,0.81,0.00,0.00,0.00,0.00,0.00,0.00,0.00,0.00,0.00,0.00,0.00,0.00,0.00,0.00,0.00,0.00,0.00,0.00,0.00,0.00,0.00,0.00,0.00,0.00,0.00,0.00,0.00,0.00,0.00,0.00,0.00,0.00,0.00,0.00,0.00,0.00,0.00,0.00,0.00,0.00,0.00,0.00,0.00,0.00,0.00,0.00,0.00,0.00,0.00,0.00,0.00,0.00,0.00,0.00,0.00,0.00,0.00,0.00,0.00,0.00,0.00,0.00,0.00,0.00,0.00,0.00,0.00,0.00,0.00,0.00,0.00,0.00,0.00,0.00,0.00,0.00,0.00,0.00,0.00,0.00,0.00,0.00,0.00,0.00,0.00,0.00,0.00,0.00,0.00,0.00,0.00,0.00,0.00,0.00,0.00,0.00,0.00,0.00,0.00,0.00,0.00,0.00,0.00,0.00,0.00,0.00,0.00,0.00,0.00,0.00,0.00,0.00,0.00,0.00,0.00,0.00,0.00,0.47,0.24,0.00,0.00,0.00,0.00,0.01,0.00,0.00,0.62,0.89,0.68,2.63,3.05,2.56,3.26,0.00,4.98,3.09,2.51,2.23,2.26,0.00,0.00,0.00,0.00,0.00,0.00,0.00,2.49,0.00,0.36,0.63,4.59,2.99,1.85,1.32,4.26,0.00,0.00,1.07,0.95,0.98,1.10,0.66,0.00,1.33,1.24,0.00,0.00,2.63,3.32,0.00,0.00,3.32,0.00,0.98,0.84,0.00,0.00,0.00,0.00,0.00,0.00,1.11,0.00,0.90,2.31,1.40,0.93,0.49,0.70,1.03,0.52,8.04,0.00,0.00,0.00,0.00,0.00,0.00,0.00,0.00,0.00,0.00,0.00
11250.5,-2.000,7.000,0.000,0.000,0.000,0,0,0.845,0,0.000,0.000,0.000,0.000,0.000,0.00,1.07,1.10,0.00,0.00,64.95,68.95,4.26,4.26,16.81,18.83,0.70,1.06,1.98,1.45,0.76,0.59,15.64,8.53,8.31,7.72,0.00,0.00,6.22,9.33,0.00,0.00,0.40,1.59,1.53,1.92,0.79,0.00,1.25,0.98,0.00,0.00,0.00,0.00,0.00,1.42,0.00,1.99,1.49,0.00,0.00,14.93,0.00,0.00,0.00,0.00,0.00,0.00,0.00,0.00,0.00,0.00,0.00,0.00,0.00,0.00,0.00,0.00,0.00,0.00,0.00,0.00,0.00,0.00,0.00,0.00,0.00,0.00,0.00,0.00,0.00,0.00,0.00,0.00,0.00,0.00,0.00,0.00,0.00,0.00,0.00,0.00,0.00,0.00,0.00,0.00,0.00,0.00,0.00,0.00,0.53,0.89,1.53,3.41,2.91,3.05,19.07,20.02,0.00,0.00,0.00,0.00,1.01,2.53,0.00,0.00,1.08,0.59,2.42,1.61,0.00,0.00,0.00,0.00,9.95,0.00,0.00,0.00,0.00,0.00,0.00,0.00,0.00,29.85,0.00,0.00,1.24,0.00,0.00,0.00,0.00,0.00,0.00,0.00,0.00,0.00,0.00,0.00,0.00,0.00,0.00,0.00,0.00,0.00,0.00,0.00,0.00,0.00,0.00,0.00,0.00,0.00,0.00,0.00,0.00,0.00,0.00,0.00,0.00,0.00,0.00,0.00,0.00,0.00,0.00,0.00,0.00,0.00,0.00,0.00,0.00,0.00,0.00,0.00,0.00,0.00,0.00,0.00,0.00,0.00,0.00,0.00,0.00,0.00,0.00,0.00,0.00,0.00,0.00,0.00,0.00,0.00,0.00,0.00,0.00,0.00,0.00,0.00,0.00,0.00,0.00,0.00,0.00,0.00,0.00,0.00,0.00,0.00,0.00,0.00,0.00,0.00,0.00,0.00,0.00,0.00,0.00,0.00,0.00,0.00,0.00,0.00,0.00,0.00,0.00,0.00,0.00,0.12,0.12,0.00,0.00,0.00,0.00,0.00,0.01,0.00,0.31,0.59,0.94,2.98,2.69,2.07,1.90,0.00,0.00,2.71,2.78,3.66,2.95,2.49,0.00,0.00,0.00,0.00,0.50,0.00,0.00,0.50,0.00,0.63,2.30,0.00,0.92,0.79,0.00,0.00,0.00,1.07,0.47,0.49,0.76,0.77,0.00,1.01,1.13,0.00,0.00,0.88,2.65,3.73,0.00,0.00,0.00,0.90,0.97,0.00,0.00,0.00,0.00,0.00,0.00,2.21,1.15,0.23,1.16,1.40,0.00,0.98,1.40,0.77,0.79,1.15,1.15,0.00,0.00,0.00,0.00,0.00,0.00,0.00,0.00,0.00,0.00
11350.5,-2.000,7.000,0.000,0.000,0.000,0,0,0.845,0,0.000,0.000,0.000,0.000,0.000,0.00,1.85,1.26,0.00,2.49,66.33,67.55,4.26,4.26,17.68,20.39,0.72,0.84,2.16,2.17,1.17,0.61,22.74,11.37,10.18,8.64,0.00,0.00,8.08,7.46,0.00,0.00,1.59,0.80,1.78,1.57,0.79,0.77,1.94,2.15,0.00,0.00,0.00,0.00,0.00,0.00,2.30,3.98,1.49,0.00,0.00,0.00,0.00,0.00,0.00,0.00,0.00,0.00,0.00,0.00,0.00,0.00,0.00,0.00,0.00,0.00,0.00,0.00,0.00,0.00,0.00,0.00,0.00,0.00,0.00,0.00,0.00,0.00,0.00,0.00,0.00,0.00,0.00,0.00,0.00,0.00,0.00,0.00,0.00,0.00,0.00,0.00,0.00,0.00,0.00,0.00,0.00,0.00,0.00,0.00,1.77,1.43,0.00,0.00,3.24,2.61,19.22,19.58,0.00,0.00,2.30,1.87,2.02,1.52,0.00,0.00,1.08,0.89,2.42,2.42,0.00,0.00,0.00,0.00,0.00,0.00,0.00,29.85,0.00,0.00,0.00,0.00,0.00,0.00,0.00,0.00,0.00,0.00,0.00,0.00,0.00,0.00,0.00,0.00,0.00,0.00,0.00,0.00,0.00,0.00,0.00,0.00,0.00,0.00,0.00,0.00,0.00,0.00,0.00,0.00,0.00,0.00,0.00,0.00,0.00,0.00,0.00,0.00,0.00,0.00,0.00,0.00,0.00,0.00,0.00,0.00,0.00,0.00,0.00,0.00,0.00,0.00,0.00,0.00,0.00,0.00,0.00,0.00,0.00,0.00,0.00,0.00,0.00,0.00,0.00,0.00,0.00,0.00,0.00,0.00,0.00,0.00,0.00,0.00,0.00,0.00,0.00,0.00,0.00,0.00,0.00,0.00,0.00,0.00,0.00,0.00,0.00,0.00,0.00,0.00,0.00,0.00,0.00,0.00,0.00,0.00,0.00,0.00,0.00,0.00,0.00,0.00,0.00,0.00,0.00,0.00,0.00,0.12,0.00,0.00,0.00,0.00,0.00,0.02,0.00,3.18,1.54,1.98,1.79,3.13,3.08,4.87,2.58,0.00,0.00,2.59,3.39,2.64,3.30,0.00,0.00,0.00,1.38,1.81,0.00,0.50,1.99,1.00,0.36,0.84,0.00,0.00,1.54,0.79,0.00,8.53,0.00,2.13,0.95,0.98,1.01,1.43,0.00,0.82,1.07,0.00,0.00,1.76,1.99,0.00,0.00,0.00,0.00,1.02,1.11,0.00,0.00,0.00,0.00,0.00,0.00,1.11,0.00,1.13,0.69,1.05,0.62,1.47,1.40,0.77,1.57,0.00,0.00,0.00,0.00,0.00,0.00,0.00,0.00,0.00,0.00,0.00,0.00
11450.5,-2.000,7.000,0.000,0.000,0.000,0,0,0.846,0,0.000,0.000,0.000,0.000,0.778,0.00,0.78,1.00,2.49,0.00,65.23,66.99,8.53,0.00,15.49,17.79,0.99,0.63,2.34,3.26,0.52,0.46,14.21,11.37,7.37,8.07,0.00,0.00,3.11,4.98,0.00,0.00,0.80,0.80,1.72,1.59,1.57,0.00,1.43,1.40,0.00,0.00,9.95,0.00,2.84,0.00,2.30,0.00,0.00,0.00,0.00,0.00,0.00,0.00,0.00,0.00,0.00,0.00,0.00,0.00,0.00,0.00,0.00,0.00,0.00,0.00,0.00,0.00,0.00,0.00,0.00,0.00,0.00,0.00,0.00,0.00,0.00,0.00,0.00,0.00,0.00,0.00,0.00,0.00,0.00,0.00,0.00,0.00,0.00,0.00,0.00,0.00,0.00,0.00,0.00,0.00,0.00,0.00,0.00,0.00,0.71,0.36,0.77,0.85,3.09,3.26,18.65,18.36,7.46,0.00,0.00,0.00,1.52,0.51,0.00,0.00,1.55,0.40,0.00,1.61,0.00,0.00,0.00,0.00,0.00,0.00,0.00,0.00,0.00,0.00,0.00,0.00,0.00,29.85,29.85,0.00,0.00,0.00,0.00,0.00,0.00,0.00,0.00,0.00,0.00,0.00,0.00,0.00,0.00,0.00,0.00,0.00,0.00,0.00,0.00,0.00,0.00,0.00,29.85,14.93,119.40,119.40,59.70,29.85,29.85,14.93,0.00,0.00,0.00,0.00,0.00,0.00,0.00,0.00,0.00,0.00,0.00,0.00,0.00,0.00,0.00,0.00,0.00,0.00,0.00,0.00,0.00,0.00,0.00,0.00,0.00,0.00,0.00,0.00,39.80,0.00,0.00,0.00,0.00,0.00,0.00,0.00,0.00,0.00,0.00,0.00,0.00,0.00,0.00,0.00,0.00,0.00,0.00,0.00,0.00,0.00,0.00,0.00,0.00,0.00,0.00,0.00,0.00,0.00,0.00,0.00,0.00,0.00,0.00,0.00,0.00,0.00,0.00,0.00,0.00,0.00,0.00,0.12,0.24,0.00,0.00,0.00,0.00,0.01,0.01,0.00,0.31,0.99,0.94,3.08,2.75,3.29,2.85,0.00,0.00,3.28,3.12,2.64,3.30,2.49,0.00,0.00,0.00,0.00,1.49,0.00,0.00,0.00,0.00,1.26,0.00,0.00,1.54,1.06,0.00,0.00,0.00,0.00,0.00,0.49,0.65,0.77,0.00,1.07,0.84,0.00,0.00,2.63,1.33,0.00,0.00,0.00,2.99,0.72,0.84,0.00,0.00,0.00,0.00,0.00,0.00,1.11,0.00,0.23,0.69,1.76,0.62,0.98,1.40,1.03,0.26,0.00,1.15,0.00,0.00,0.00,0.00,0.00,0.00,0.00,0.00,0.00,0.00
11550.5,-2.000,7.000,0.000,0.000,0.000,0,0,0.846,0,0.000,0.000,0.000,0.000,0.310,0.00,1.39,1.53,0.00,2.49,64.95,66.57,8.53,8.53,14.88,19.00,0.87,0.78,1.44,1.63,1.18,0.47,32.69,15.64,8.55,7.84,0.00,0.00,6.22,7.46,0.00,0.00,0.40,0.80,1.83,1.47,0.79,0.77,3.42,1.54,0.00,0.00,9.95,0.00,1.42,0.00,0.00,1.99,1.49,0.00,14.93,0.00,0.00,0.00,0.00,0.00,0.00,0.00,0.00,0.00,0.00,0.00,0.00,0.00,0.00,0.00,0.00,0.00,0.00,0.00,0.00,0.00,0.00,0.00,0.00,0.00,0.00,0.00,0.00,0.00,0.00,0.00,0.00,0.00,0.00,0.00,0.00,0.00,0.00,0.00,0.00,0.00,0.00,0.00,0.00,0.00,0.00,0.00,0.00,0.00,0.88,1.07,0.77,0.85,3.07,2.63,19.28,18.13,0.00,0.00,0.00,0.00,1.01,1.01,0.00,0.00,1.08,1.09,1.61,0.81,7.46,0.00,0.00,0.00,0.00,0.00,59.70,0.00,0.00,0.00,0.00,0.00,0.00,0.00,0.00,0.00,0.00,0.00,0.00,0.00,0.00,0.00,0.00,0.00,0.00,0.00,0.00,0.00,0.00,0.00,0.00,0.00,0.00,0.00,0.00,0.00,0.00,14.93,0.00,0.00,0.00,0.00,0.00,0.00,0.00,0.00,0.00,0.00,0.00,0.00,0.00,0.00,0.00,0.00,0.00,0.00,0.00,0.00,0.00,0.00,0.00,0.00,0.00,0.00,0.00,0.00,0.00,0.00,0.00,0.00,0.00,0.00,0.00,0.00,0.00,0.00,0.00,0.00,0.00,0.00,0.00,0.00,0.00,0.00,0.00,0.00,0.00,0.00,0.00,0.00,0.00,0.00,0.00,0.00,0.00,0.00,0.00,0.00,0.00,0.00,0.00,0.00,0.00,0.00,0.00,0.00,0.00,0.00,0.00,0.00,0.00,0.00,0.00,0.00,0.00,0.00,0.00,0.24,0.24,0.00,0.00,0.00,0.00,0.02,0.01,0.40,0.62,2.08,1.28,3.24,3.29,2.92,2.99,0.00,4.98,2.78,3.66,3.05,2.08,0.00,0.00,0.00,0.46,1.36,0.00,0.50,1.00,1.49,1.07,0.42,0.00,0.00,0.62,1.58,0.00,0.00,0.00,3.20,7.58,1.96,2.24,1.85,0.00,1.07,1.01,0.00,0.00,2.63,3.98,0.00,0.00,3.32,0.00,1.48,1.32,0.00,0.00,0.00,0.00,0.00,0.00,1.11,1.15,0.90,1.16,1.76,1.87,0.98,0.00,2.06,0.79,2.30,1.15,0.00,0.00,0.00,0.00,0.00,0.00,0.00,0.00,0.00,0.00
11650.5,-2.000,7.000,0.000,0.000,0.000,0,0,0.847,0,0.000,0.000,0.000,0.000,0.059,2.13,1.32,0.60,0.00,4.98,65.23,68.81,8.53,4.26,14.88,18.83,0.89,0.76,2.52,1.81,0.66,0.71,17.06,14.21,8.43,9.45,0.00,0.00,3.73,6.22,0.00,0.00,1.59,0.40,1.53,1.52,1.57,0.00,1.62,1.82,0.00,0.00,0.00,0.00,1.42,1.42,0.00,0.00,0.00,0.00,0.00,0.00,0.00,0.00,0.00,0.00,0.00,0.00,0.00,0.00,0.00,0.00,0.00,0.00,0.00,0.00,0.00,0.00,0.00,0.00,0.00,0.00,0.00,0.00,0.00,0.00,0.00,0.00,0.00,0.00,0.00,0.00,0.00,0.00,0.00,0.00,0.00,0.00,0.00,0.00,0.00,0.00,0.00,0.00,0.00,0.00,0.00,0.00,0.00,0.00,0.88,1.43,0.00,1.71,3.09,2.93,19.04,18.71,0.00,0.00,0.00,0.00,1.01,0.00,0.00,0.00,0.93,0.79,0.00,0.81,0.00,3.73,0.00,0.00,0.00,0.00,0.00,0.00,0.00,0.00,0.00,0.00,0.00,0.00,29.85,29.85,0.00,0.00,0.00,0.00,0.00,0.00,0.00,0.00,0.00,0.00,0.00,0.00,0.00,0.00,0.00,0.00,0.00,0.00,0.00,0.00,0.00,0.00,0.00,0.00,0.00,0.00,0.00,0.00,0.00,0.00,0.00,0.00,0.00,0.00,0.00,0.00,0.00,0.00,0.00,0.00,0.00,0.00,0.00,0.00,0.00,0.00,0.00,0.00,0.00,0.00,0.00,0.00,0.00,0.00,0.00,0.00,0.00,0.00,0.00,0.00,0.00,0.00,0.00,0.00,0.00,0.00,0.00,0.00,0.00,0.00,0.00,0.00,0.00,0.00,0.00,0.00,0.00,0.00,0.00,0.00,0.00,0.00,0.00,0.00,0.00,0.00,0.00,0.00,0.00,0.00,0.00,0.00,0.00,0.00,0.00,0.00,0.00,0.00,0.00,0.00,0.00,0.12,0.73,0.00,0.00,0.00,0.00,0.01,0.01,0.00,0.31,0.79,1.28,2.78,2.98,2.56,2.58,0.00,0.00,3.34,2.85,3.05,2.60,0.00,0.00,0.00,0.00,0.90,0.00,0.00,0.00,0.00,0.71,0.84,0.00,0.00,0.92,1.32,0.00,0.00,0.00,2.13,1.42,0.98,0.65,0.60,0.00,0.88,1.30,0.00,0.00,4.83,2.65,0.00,4.26,0.00,0.00,1.19,1.02,0.00,0.00,0.00,0.00,0.00,0.00,2.21,2.30,0.90,1.85,0.70,1.24,1.96,1.05,1.29,1.31,0.00,0.00,0.00,0.00,0.00,0.00,0.00,0.00,0.00,0.00,0.00,0.00
11750.5,-2.000,7.000,0.000,0.000,0.000,0,0,0.847,0,0.000,0.000,0.000,0.000,0.011,0.00,0.85,0.63,0.00,2.49,66.06,68.11,8.53,8.53,15.49,19.61,0.91,0.95,1.26,1.99,0.67,0.62,12.79,8.53,7.26,8.30,0.00,0.00,4.98,6.84,0.00,0.00,0.40,0.80,1.40,1.48,0.00,0.77,1.39,1.40,0.00,0.00,0.00,0.00,1.42,1.42,0.00,0.00,1.49,0.00,0.00,0.00,0.00,0.00,0.00,0.00,0.00,0.00,0.00,0.00,0.00,0.00,0.00,0.00,0.00,0.00,0.00,0.00,0.00,0.00,0.00,0.00,0.00,0.00,0.00,0.00,0.00,0.00,0.00,0.00,0.00,0.00,0.00,0.00,0.00,0.00,0.00,0.00,0.00,0.00,0.00,0.00,0.00,0.00,0.00,0.00,0.00,0.00,0.00,0.00,1.06,0.71,0.77,0.85,2.69,2.89,19.64,18.84,0.00,0.00,0.00,0.00,1.52,1.01,0.00,0.00,1.86,0.89,0.00,1.61,0.00,7.46,0.00,0.00,0.00,0.00,0.00,0.00,0.00,0.00,0.00,0.00,29.85,29.85,29.85,0.00,0.00,0.00,0.00,0.00,0.00,0.00,0.00,0.00,0.00,0.00,0.00,0.00,0.00,0.00,0.00,0.00,0.00,0.00,0.00,0.00,0.00,0.00,0.00,0.00,0.00,0.00,0.00,0.00,0.00,0.00,0.00,0.00,0.00,0.00,0.00,0.00,0.00,0.00,0.00,0.00,0.00,0.00,0.00,0.00,0.00,0.00,0.00,0.00,0.00,0.00,0.00,0.00,0.00,0.00,0.00,0.00,0.00,0.00,0.00,0.00,0.00,0.00,0.00,0.00,0.00,0.00,0.00,0.00,0.00,0.00,0.00,0.00,0.00,0.00,0.00,0.00,0.00,0.00,0.00,0.00,0.00,0.00,0.00,0.00,0.00,0.00,0.00,0.00,0.00,0.00,0.00,0.00,0.00,0.00,0.00,0.00,0.00,0.00,0.00,0.00,0.00,0.24,0.36,0.00,0.00,0.00,0.00,0.02,0.01,0.00,0.62,0.59,0.94,2.96,2.60,3.53,3.66,0.00,0.00,2.71,2.65,1.62,3.30,0.00,0.00,0.00,0.92,0.90,0.00,2.49,1.00,0.50,1.78,0.63,0.00,0.00,0.62,0.53,0.00,0.00,0.00,0.00,0.00,2.45,0.66,1.47,0.00,0.88,0.90,0.00,0.00,2.63,1.33,3.73,0.00,0.00,0.00,0.91,1.04,0.00,0.00,0.00,0.00,0.00,0.00,0.00,1.15,0.23,0.93,1.40,0.31,1.96,1.40,0.51,1.57,0.00,0.00,0.00,0.00,0.00,0.00,0.00,0.00,0.00,0.00,0.00,0.00
11850.5,-2.000,7.000,0.000,0.000,0.000,0,0,0.847,0,0.000,0.000,0.000,0.082,0.002,0.00,0.93,0.83,0.00,4.98,66.06,68.25,4.26,4.26,15.23,20.31,0.84,0.68,3.06,1.27,1.04,0.71,14.21,15.64,7.02,7.26,0.00,0.00,5.60,4.35,0.00,0.00,1.59,0.00,1.45,1.50,0.00,0.00,0.88,0.70,0.00,0.00,0.00,0.00,0.00,0.00,0.00,1.99,0.00,0.00,0.00,0.00,0.00,0.00,0.00,0.00,0.00,0.00,0.00,0.00,0.00,0.00,0.00,0.00,0.00,0.00,0.00,0.00,0.00,0.00,0.00,0.00,0.00,0.00,0.00,0.00,0.00,0.00,0.00,0.00,0.00,0.00,0.00,0.00,0.00,0.00,0.00,0.00,0.00,0.00,0.00,0.00,0.00,0.00,0.00,0.00,0.00,0.00,0.00,0.00,1.24,1.07,1.53,2.56,3.48,3.35,20.06,17.73,0.00,0.00,4.59,1.87,0.51,1.52,0.00,0.00,0.77,1.58,2.42,1.61,0.00,0.00,0.00,0.00,0.00,0.00,0.00,29.85,0.00,0.00,0.00,0.00,0.00,0.00,0.00,0.00,0.00,0.00,0.00,0.00,0.00,0.00,0.00,0.00,0.00,0.00,0.00,0.00,0.00,0.00,0.00,0.00,0.00,0.00,0.00,0.00,0.00,0.00,0.00,0.00,0.00,0.00,0.00,0.00,0.00,0.00,0.00,0.00,0.00,0.00,0.00,0.00,0.00,0.00,0.00,0.00,0.00,0.00,0.00,0.00,0.00,0.00,0.00,0.00,0.00,0.00,0.00,0.00,0.00,0.00,0.00,0.00,0.00,0.00,0.00,0.00,0.00,0.00,0.00,0.00,0.00,0.00,0.00,0.00,0.00,0.00,0.00,0.00,0.00,0.00,0.00,0.00,0.00,0.00,0.00,0.00,0.00,0.00,0.00,0.00,0.00,0.00,0.00,0.00,0.00,0.00,0.00,0.00,0.00,0.00,0.00,0.00,0.00,0.00,0.00,0.00,0.00,0.47,0.12,0.00,0.00,0.00,0.00,0.01,0.00,0.00,0.00,1.09,1.11,2.85,2.75,3.05,3.12,0.00,0.00,2.97,3.05,2.44,3.82,4.98,0.00,0.00,0.92,0.00,0.00,0.00,0.00,1.49,1.42,1.89,0.00,0.00,0.62,0.79,0.00,4.26,0.00,0.00,1.90,1.96,1.14,0.89,0.00,0.38,0.90,0.00,0.00,3.07,5.97,0.00,0.00,0.00,0.00,0.96,0.84,0.00,0.00,0.00,0.00,0.00,0.00,1.11,1.15,0.90,1.16,1.76,0.93,0.00,0.35,0.77,1.83,2.30,0.00,0.00,0.00,0.00,0.00,0.00,0.00,0.00,0.00,0.00,0.00
11950.5,-2.000,7.000,0.000,0.000,0.000,0,0,0.848,0,0.000,0.000,0.000,0.016,0.000,0.00,1.32,1.23,2.49,0.00,64.95,66.99,8.53,4.26,16.28,19.00,1.18,1.25,3.06,1.63,0.97,0.61,17.06,12.79,6.91,8.41,0.00,0.00,7.46,7.46,0.00,0.00,0.80,0.00,1.86,1.78,0.00,1.53,2.55,1.87,0.00,0.00,0.00,9.95,1.42,0.00,0.00,0.00,1.49,0.00,0.00,0.00,0.00,0.00,0.00,0.00,0.00,0.00,0.00,0.00,0.00,0.00,0.00,0.00,0.00,0.00,0.00,0.00,0.00,0.00,0.00,0.00,0.00,0.00,0.00,0.00,0.00,0.00,0.00,0.00,0.00,0.00,0.00,0.00,0.00,0.00,0.00,0.00,0.00,0.00,0.01,0.00,0.00,0.00,0.00,0.00,0.00,0.00,0.00,0.00,1.77,1.25,0.00,0.85,3.35,2.75,19.15,18.34,0.00,0.00,0.00,1.87,0.00,1.52,0.00,0.00,1.08,0.79,0.00,1.61,0.00,0.00,0.00,0.00,0.00,0.00,29.85,0.00,0.00,0.00,0.00,0.00,29.85,29.85,0.00,0.00,1.24,5.19,0.00,0.00,0.00,0.00,0.00,0.00,0.00,0.00,0.00,0.00,0.00,0.00,0.00,0.00,0.00,0.00,0.00,0.00,0.00,14.93,0.00,0.00,0.00,0.00,0.00,0.00,0.00,0.00,0.00,0.00,0.00,0.00,0.00,0.00,0.00,0.00,0.00,0.00,0.00,0.00,0.00,0.00,0.00,0.00,0.00,0.00,0.00,0.00,0.00,0.00,0.00,0.00,0.00,0.00,0.00,0.00,0.00,0.00,0.00,0.00,0.00,0.00,0.00,0.00,0.00,0.00,0.00,0.00,0.00,0.00,0.00,0.00,0.00,0.00,0.00,0.00,0.00,0.00,0.00,0.00,0.00,0.00,0.00,0.00,0.00,0.00,0.00,0.00,0.00,0.00,0.00,0.00,0.00,0.00,0.00,0.00,0.00,0.00,0.00,0.59,0.61,0.00,0.00,0.00,0.00,0.02,0.01,0.00,0.31,1.28,1.70,2.75,3.21,1.83,2.44,4.98,0.00,3.03,2.51,3.05,3.47,0.00,0.00,0.00,2.76,0.45,0.50,0.00,1.49,0.00,0.36,0.84,0.00,0.00,1.85,1.32,0.00,0.00,0.00,0.00,1.42,0.00,1.46,1.00,0.00,0.69,0.90,0.00,0.00,2.63,3.98,0.00,0.00,3.32,0.00,1.26,1.05,0.00,0.00,0.00,0.00,0.00,0.00,0.00,1.15,0.23,0.23,1.05,2.18,2.45,2.81,0.77,0.26,3.44,2.30,0.00,0.00,0.00,0.00,0.00,0.00,0.00,0.00,0.00,0.00
12050.5,-2.000,7.000,0.000,0.000,0.000,0,0,0.848,0,0.000,0.000,0.000,0.003,0.000,0.00,1.46,1.76,4.98,2.49,64.12,69.09,4.26,4.26,16.37,20.22,0.80,1.01,2.70,1.63,0.88,0.62,22.74,11.37,8.43,10.14,0.00,0.00,4.35,8.71,0.00,0.00,1.19,0.80,1.58,1.67,0.79,1.53,1.99,2.06,0.00,0.00,9.95,0.00,0.00,2.84,0.00,0.00,1.49,0.00,0.00,0.00,29.85,0.00,0.00,0.00,0.00,0.00,0.00,0.00,0.00,0.00,0.00,0.00,0.00,0.00,0.00,0.00,0.00,0.00,0.00,0.00,0.00,0.00,0.00,0.00,0.00,0.00,0.00,0.00,0.00,0.00,0.00,0.00,0.00,0.00,0.00,0.00,0.00,0.00,0.01,0.00,0.00,0.00,0.00,0.00,0.00,0.00,0.00,0.00,1.41,1.43,1.53,0.85,3.33,3.44,18.34,19.42,0.00,0.00,0.00,0.00,0.51,1.01,0.00,0.00,0.46,0.49,0.81,0.81,0.00,0.00,0.00,0.00,0.00,0.00,0.00,29.85,0.00,0.00,0.00,0.00,0.00,0.00,0.00,0.00,0.00,0.00,0.00,0.00,0.00,0.00,0.00,0.00,0.00,0.00,0.00,0.00,0.00,0.00,0.00,0.00,0.00,0.00,0.00,0.00,0.00,0.00,0.00,0.00,0.00,0.00,0.00,0.00,0.00,0.00,0.00,0.00,0.00,0.00,0.00,0.00,0.00,0.00,29.85,0.00,0.00,0.00,0.00,0.00,0.00,0.00,0.00,0.00,0.00,0.00,0.00,0.00,0.00,0.00,0.00,0.00,0.00,0.00,0.00,0.00,0.00,0.00,0.00,0.00,0.00,0.00,0.00,0.00,0.00,0.00,0.00,0.00,0.00,0.00,0.00,0.00,0.00,0.00,0.00,0.00,0.00,0.00,0.00,0.00,0.00,0.00,0.00,0.00,0.00,0.00,0.00,0.00,0.00,0.00,0.00,0.00,0.00,0.00,0.00,0.00,0.00,0.59,0.73,1.61,1.87,0.00,0.00,0.01,0.03,0.80,1.23,1.09,1.11,3.05,2.96,3.05,3.80,0.00,0.00,2.02,3.19,2.23,3.82,0.00,0.00,0.00,0.46,0.45,0.00,0.50,0.00,0.00,1.07,0.84,0.00,0.00,0.31,1.06,0.00,0.00,0.00,1.07,0.47,2.45,1.39,1.41,0.00,1.20,1.24,0.00,0.00,2.19,2.65,0.00,0.00,0.00,2.99,1.03,1.13,0.00,0.00,0.00,0.00,0.00,0.00,0.00,1.15,1.13,3.47,1.05,1.55,4.40,3.16,0.77,3.14,2.30,3.44,0.00,0.00,0.00,0.00,0.00,0.00,0.00,0.00,0.00,0.00
12150.5,-2.000,7.000,0.000,0.000,0.000,0,0,0.849,0,0.000,0.000,0.000,0.001,0.364,2.13,1.25,0.86,0.00,2.49,63.43,66.99,4.26,4.26,15.67,18.31,0.97,1.22,2.52,1.63,0.69,0.83,22.74,9.95,7.96,8.87,0.00,0.00,7.46,8.71,0.00,0.00,0.80,2.39,1.68,1.77,0.00,1.53,1.11,2.11,0.00,0.00,0.00,0.00,0.00,2.84,0.00,3.98,0.00,0.00,0.00,0.00,0.00,0.00,0.00,0.00,0.00,0.00,0.00,0.00,0.00,0.00,0.00,0.00,0.00,0.00,0.00,0.00,0.00,0.00,0.00,0.00,0.00,0.00,0.00,0.00,0.00,0.00,0.00,0.00,0.00,0.00,0.00,0.00,0.00,0.00,0.00,0.00,0.00,0.00,0.01,0.00,0.00,0.00,0.00,0.00,0.00,0.00,0.00,0.00,0.88,1.07,0.00,0.85,2.74,2.70,18.96,19.89,0.00,0.00,0.00,1.87,1.52,2.02,0.00,0.00,1.39,0.79,0.00,0.00,0.00,0.00,0.00,0.00,0.00,0.00,0.00,0.00,0.00,0.00,0.00,0.00,0.00,29.85,0.00,0.00,0.00,0.00,0.00,0.00,0.00,0.00,0.00,0.00,0.00,0.00,0.00,0.00,0.00,0.00,0.00,0.00,0.00,0.00,0.00,0.00,0.00,0.00,0.00,0.00,0.00,0.00,0.00,0.00,0.00,0.00,0.00,0.00,0.00,0.00,0.00,0.00,0.00,0.00,29.85,0.00,0.00,0.00,0.00,0.00,0.00,0.00,0.00,0.00,0.00,0.00,0.00,0.00,0.00,0.00,0.00,0.00,0.00,0.00,0.00,0.00,0.00,0.00,0.00,0.00,0.00,0.00,0.00,0.00,0.00,0.00,0.00,0.00,0.00,0.00,0.00,0.00,0.00,0.00,0.00,0.00,0.00,0.00,0.00,0.00,0.00,0.00,0.00,0.00,0.00,0.00,0.00,0.00,0.00,0.00,0.00,0.00,0.00,0.00,0.00,0.00,0.00,0.35,0.24,0.00,0.00,0.00,0.00,0.01,0.01,0.80,0.62,1.28,0.43,2.89,2.86,3.90,2.17,0.00,0.00,3.60,2.31,2.44,2.78,0.00,0.00,0.00,0.00,0.45,0.00,0.00,1.00,0.50,1.42,0.84,0.00,0.00,0.31,0.53,0.00,0.00,0.00,0.00,1.42,0.49,1.01,0.77,0.00,1.01,0.79,0.00,0.00,3.07,1.33,0.00,0.00,3.32,0.00,1.13,1.03,0.00,0.00,0.00,0.00,0.00,0.00,1.11,1.15,1.13,0.93,2.11,1.87,1.47,0.70,0.51,1.57,4.59,4.59,0.00,0.00,0.00,0.00,0.00,0.00,0.00,0.00,0.00,0.00
12250.5,-2.000,7.000,0.000,0.000,0.000,0,0,0.849,0,0.000,0.000,0.000,0.000,0.069,0.00,0.64,0.86,4.98,4.98,65.23,65.73,8.53,4.26,16.11,18.83,1.16,1.01,3.06,3.44,0.80,0.71,15.64,11.37,7.49,6.68,0.00,0.00,8.71,6.84,0.00,0.00,0.80,1.19,1.47,1.58,0.79,1.53,0.69,1.36,0.00,0.00,0.00,0.00,0.00,0.00,0.00,1.99,0.00,0.00,0.00,0.00,0.00,0.00,0.00,0.00,0.00,0.00,0.00,0.00,0.00,0.00,0.00,0.00,0.00,0.00,0.00,0.00,0.00,0.00,0.00,0.00,0.00,0.00,0.00,0.00,0.00,0.00,0.00,0.00,0.00,0.00,0.00,0.00,0.00,0.00,0.00,0.00,0.00,0.00,0.00,0.00,0.00,0.00,0.00,0.00,0.00,0.00,0.00,0.00,1.41,0.71,1.53,0.00,2.89,2.82,19.28,19.47,0.00,0.00,0.00,0.00,0.00,1.01,0.00,0.00,0.46,0.59,0.81,0.00,7.46,0.00,0.00,0.00,0.00,0.00,0.00,0.00,0.00,0.00,0.00,0.00,0.00,29.85,0.00,0.00,1.24,0.00,0.00,0.00,0.00,0.00,0.00,0.00,0.00,0.00,0.00,0.00,0.00,0.00,0.00,0.00,0.00,0.00,0.00,0.00,0.00,0.00,0.00,0.00,0.00,0.00,0.00,0.00,0.00,0.00,0.00,0.00,0.00,0.00,0.00,0.00,0.00,0.00,0.00,0.00,0.00,0.00,0.00,0.00,0.00,0.00,0.00,0.00,29.85,29.85,0.00,0.00,0.00,0.00,0.00,0.00,0.00,0.00,0.00,0.00,0.00,0.00,0.00,0.00,0.00,0.00,0.00,0.00,0.00,0.00,0.00,0.00,0.00,0.00,0.00,0.00,0.00,0.00,0.00,0.00,0.00,0.00,0.00,0.00,0.00,0.00,0.00,0.00,0.00,0.00,0.00,0.00,0.00,0.00,0.00,0.00,0.00,0.00,0.00,0.00,0.00,0.24,0.12,0.00,0.00,0.00,0.00,0.01,0.01,0.40,0.31,1.38,0.77,2.82,3.13,3.17,2.71,0.00,0.00,3.03,2.85,1.22,2.60,2.49,0.00,0.00,0.46,0.00,0.50,0.00,1.00,0.00,1.07,1.89,0.00,0.00,0.00,0.00,0.00,0.00,0.00,0.00,0.47,0.00,0.74,0.71,0.00,0.69,0.51,0.00,0.00,2.63,3.98,0.00,0.00,3.32,0.00,0.80,0.87,0.00,0.00,0.00,0.00,0.00,0.00,0.00,0.00,0.23,0.69,0.00,0.93,0.49,0.70,0.51,1.05,1.15,0.00,0.00,0.00,0.00,0.00,0.00,0.00,0.00,0.00,0.00,0.00
12350.5,-2.000,7.000,0.000,0.000,0.000,0,0,0.849,0,0.000,0.000,0.000,0.000,0.013,2.13,0.85,0.90,0.00,0.00,65.09,67.83,4.26,4.26,14.36,18.05,1.03,1.01,1.80,2.71,0.87,0.62,21.32,11.37,7.96,8.30,0.00,0.00,9.95,4.98,0.00,0.00,0.00,1.59,1.43,1.36,2.36,1.53,1.20,0.89,0.00,0.00,0.00,0.00,1.42,1.42,0.00,0.00,1.49,0.00,0.00,0.00,0.00,0.00,0.00,0.00,0.00,0.00,0.00,0.00,0.00,0.00,0.00,0.00,0.00,0.00,0.00,0.00,0.00,0.00,0.00,0.00,0.00,0.00,0.00,0.00,0.00,0.00,0.00,0.00,0.00,0.00,0.00,0.00,0.00,0.00,0.00,0.00,0.00,0.00,0.00,0.00,0.00,0.00,0.00,0.00,0.00,0.00,0.00,0.00,0.71,1.07,0.77,0.00,3.29,3.17,19.04,18.13,0.00,0.00,0.00,3.73,0.51,1.01,0.00,0.00,0.62,0.99,2.42,1.61,0.00,3.73,0.00,0.00,0.00,0.00,29.85,0.00,0.00,0.00,0.00,0.00,0.00,0.00,0.00,0.00,1.24,0.00,0.00,0.00,0.00,0.00,0.00,0.00,0.00,0.00,0.00,0.00,0.00,0.00,0.00,0.00,0.00,0.00,0.00,0.00,0.00,0.00,0.00,0.00,0.00,0.00,0.00,0.00,0.00,0.00,0.00,0.00,0.00,0.00,0.00,0.00,0.00,0.00,0.00,0.00,0.00,0.00,0.00,0.00,0.00,0.00,0.00,0.00,0.00,0.00,0.00,0.00,0.00,0.00,0.00,0.00,0.00,0.00,0.00,0.00,0.00,0.00,0.00,29.85,0.00,0.00,0.00,0.00,0.00,0.00,0.00,0.00,0.00,0.00,0.00,0.00,0.00,0.00,0.00,0.00,0.00,0.00,0.00,0.00,0.00,0.00,0.00,0.00,0.00,0.00,0.00,0.00,0.00,0.00,0.00,0.00,0.00,0.00,0.00,0.00,0.00,0.24,0.36,0.00,0.00,0.00,0.00,0.01,0.01,0.80,0.31,0.59,1.11,2.80,2.90,3.41,2.04,0.00,0.00,2.21,3.66,2.64,2.78,0.00,0.00,0.00,0.00,0.45,0.00,0.00,0.50,4.98,0.36,1.26,0.00,0.00,0.92,1.06,4.26,4.26,0.00,1.07,0.00,0.00,0.84,1.27,0.00,1.07,1.35,0.00,0.00,1.76,5.31,0.00,0.00,0.00,2.99,0.87,0.97,0.00,0.00,0.00,0.00,0.00,0.00,2.21,0.00,0.45,1.39,1.40,0.31,0.98,1.05,0.77,1.31,1.15,0.00,0.00,0.00,0.00,0.00,0.00,0.00,0.00,0.00,0.00,0.00
12450.5,-2.000,7.000,0.000,0.000,0.000,0,0,0.850,0,0.000,0.000,0.000,0.000,0.002,0.00,1.18,0.80,4.98,0.00,64.40,68.25,4.26,4.26,15.49,17.36,1.18,0.76,2.70,1.99,1.45,0.94,22.74,8.53,7.37,9.57,0.00,0.00,9.95,9.95,0.00,0.00,1.19,0.80,1.33,1.41,0.79,1.53,1.16,1.08,0.00,0.00,0.00,0.00,1.42,1.42,0.00,1.99,0.00,0.00,0.00,0.00,0.00,0.00,0.00,0.00,0.00,0.00,0.00,0.00,0.00,0.00,0.00,0.00,0.00,0.00,0.00,0.00,0.00,0.00,0.00,0.00,0.00,0.00,0.00,0.00,0.00,0.00,0.00,0.00,0.00,0.00,0.00,0.00,0.00,0.00,0.00,0.00,0.00,0.00,0.00,0.00,0.00,0.00,0.00,0.00,0.00,0.00,0.00,0.00,1.06,0.54,0.00,0.85,3.22,2.84,18.65,19.15,0.00,0.00,0.00,1.87,0.00,1.01,0.00,0.00,0.93,0.59,0.81,1.61,0.00,0.00,0.00,0.00,0.00,0.00,0.00,0.00,0.00,0.00,0.00,0.00,0.00,0.00,0.00,0.00,2.49,1.30,0.00,0.00,0.00,0.00,0.00,0.00,0.00,0.00,0.00,0.00,0.00,0.00,0.00,0.00,0.00,0.00,0.00,0.00,0.00,0.00,0.00,0.00,0.00,0.00,0.00,0.00,0.00,0.00,0.00,0.00,0.00,0.00,0.00,0.00,0.00,0.00,0.00,0.00,0.00,0.00,0.00,0.00,0.00,0.00,0.00,0.00,0.00,0.00,0.00,0.00,0.00,0.00,0.00,0.00,0.00,0.00,0.00,0.00,0.00,0.00,0.00,0.00,0.00,0.00,0.00,0.00,0.00,0.00,0.00,0.00,0.00,0.00,0.00,0.00,0.00,0.00,0.00,0.00,0.00,0.00,0.00,0.00,0.00,0.00,0.00,0.00,0.00,0.00,0.00,0.00,0.00,0.00,0.00,0.00,0.00,0.00,0.00,0.00,0.00,0.12,0.36,0.00,0.00,0.00,0.00,0.00,0.01,0.40,0.31,1.09,0.77,3.06,2.81,2.56,2.04,0.00,0.00,2.46,3.53,2.23,3.30,0.00,0.00,0.00,0.00,0.00,0.00,0.00,0.00,0.00,0.36,0.63,0.00,0.00,0.92,1.32,0.00,4.26,0.00,1.07,0.47,0.00,0.93,0.91,0.00,1.33,0.84,0.00,0.00,2.19,1.99,0.00,0.00,0.00,0.00,1.00,1.00,0.00,0.00,0.00,0.00,0.00,0.00,1.11,0.00,1.13,0.93,1.40,2.49,0.49,1.05,2.32,0.79,4.59,4.59,14.93,22.39,29.85,0.00,0.00,0.00,0.00,0.00,0.00,0.00
12550.5,-2.000,7.000,0.000,0.000,0.000,0,0,0.850,0,0.000,0.000,0.000,0.000,0.000,8.53,1.00,0.70,0.00,4.98,65.23,67.41,8.53,4.26,17.25,19.18,0.70,0.93,2.34,2.71,1.04,0.80,22.74,8.53,8.55,9.22,0.00,0.00,11.19,8.71,0.00,0.00,0.80,0.00,1.32,1.40,1.57,0.77,0.88,1.45,0.00,0.00,0.00,0.00,0.00,0.00,4.59,0.00,0.00,0.00,0.00,0.00,0.00,0.00,0.00,0.00,0.00,0.00,0.00,0.00,0.00,0.00,0.00,0.00,0.00,0.00,0.00,0.00,0.00,0.00,0.00,0.00,0.00,0.00,0.00,0.00,0.00,0.00,0.00,0.00,0.00,0.00,0.00,0.00,0.00,0.00,0.00,0.00,0.00,0.00,0.00,0.00,0.00,0.00,0.00,0.00,0.00,0.00,0.00,0.00,0.53,1.79,1.53,0.85,3.15,3.10,18.73,19.26,0.00,14.93,2.30,0.00,0.51,2.02,0.00,0.00,0.93,0.99,1.61,1.61,0.00,0.00,0.00,0.00,0.00,0.00,29.85,0.00,0.00,0.00,0.00,0.00,0.00,29.85,0.00,0.00,1.24,2.60,0.00,0.00,0.00,0.00,0.00,0.00,0.00,0.00,0.00,0.00,0.00,0.00,0.00,0.00,0.00,0.00,0.00,0.00,0.00,0.00,0.00,0.00,0.00,0.00,0.00,0.00,0.00,0.00,0.00,0.00,0.00,0.00,0.00,0.00,0.00,0.00,0.00,0.00,0.00,0.00,0.00,0.00,0.00,0.00,0.00,0.00,0.00,0.00,0.00,0.00,0.00,0.00,0.00,0.00,0.00,0.00,0.00,0.00,0.00,0.00,0.00,0.00,0.00,0.00,0.00,0.00,0.00,0.00,0.00,0.00,0.00,0.00,0.00,0.00,0.00,0.00,0.00,0.00,0.00,0.00,0.00,0.00,0.00,0.00,0.00,0.00,0.00,0.00,0.00,0.00,0.00,0.00,0.00,0.00,0.00,0.00,0.00,0.00,0.00,0.24,0.24,0.00,0.00,0.00,0.00,0.01,0.01,1.59,1.23,0.49,0.68,3.08,3.26,3.05,3.39,4.98,0.00,3.66,3.66,2.84,2.26,0.00,0.00,0.00,0.92,0.00,0.00,0.00,0.00,0.50,1.42,0.63,0.00,2.99,0.92,0.79,0.00,4.26,0.00,1.07,1.90,0.49,1.06,0.71,0.00,0.95,0.62,0.00,0.00,3.07,0.66,3.73,0.00,0.00,0.00,1.00,0.97,0.00,0.00,0.00,0.00,0.00,0.00,0.00,1.15,1.13,1.39,0.70,0.93,0.49,0.70,0.26,0.52,0.00,0.00,0.00,0.00,0.00,0.00,0.00,0.00,0.00,0.00,0.00,0.00
12650.5,-2.000,7.000,0.000,0.000,0.000,0,0,0.851,0,0.000,0.000,0.000,0.000,0.000,0.00,1.10,1.06,2.49,0.00,65.23,68.95,4.26,4.26,14.53,18.48,0.87,0.91,1.44,1.63,0.81,0.60,18.48,12.79,6.79,7.72,0.00,0.00,3.73,4.98,0.00,0.00,1.19,0.80,1.81,1.95,3.14,0.00,2.68,3.28,0.00,0.00,0.00,0.00,0.00,0.00,0.00,3.98,0.00,0.00,0.00,0.00,0.00,0.00,0.00,0.00,0.00,0.00,0.00,0.00,0.00,0.00,0.00,0.00,0.00,0.00,0.00,0.00,0.00,0.00,0.00,0.00,0.00,0.00,0.00,0.00,0.00,0.00,0.00,0.00,0.00,0.00,0.00,0.00,0.00,0.00,0.00,0.00,0.00,0.00,0.01,0.01,0.00,0.00,0.00,0.00,0.00,0.00,0.00,0.00,0.71,1.25,0.77,1.71,3.15,3.05,19.07,18.63,0.00,0.00,0.00,0.00,0.51,0.00,0.00,0.00,1.70,0.99,0.00,1.61,0.00,0.00,0.00,0.00,0.00,0.00,0.00,0.00,0.00,0.00,0.00,0.00,0.00,0.00,29.85,0.00,0.00,0.00,0.00,0.00,0.00,0.00,0.00,0.00,0.00,0.00,0.00,0.00,0.00,0.00,0.00,0.00,0.00,0.00,0.00,0.00,0.00,0.00,0.00,0.00,0.00,0.00,0.00,0.00,0.00,0.00,0.00,0.00,0.00,0.00,0.00,0.00,0.00,0.00,0.00,0.00,0.00,0.00,0.00,0.00,0.00,0.00,0.00,0.00,0.00,0.00,0.00,0.00,0.00,0.00,0.00,0.00,0.00,0.00,0.00,0.00,0.00,0.00,0.00,0.00,0.00,0.00,0.00,0.00,0.00,0.00,0.00,0.00,0.00,0.00,0.00,0.00,0.00,0.00,0.00,0.00,0.00,0.00,0.00,0.00,0.00,0.00,0.00,0.00,0.00,0.00,0.00,0.00,0.00,0.00,0.00,0.00,0.00,0.00,0.00,0.00,0.00,0.35,0.36,0.00,0.00,0.00,0.00,0.02,0.00,0.00,0.62,0.89,1.19,3.13,2.81,3.05,2.71,9.95,0.00,3.91,2.92,2.23,2.60,0.00,0.00,0.00,1.38,0.90,1.00,1.49,1.99,1.99,1.07,0.21,0.00,0.00,0.00,1.06,0.00,0.00,4.98,2.13,0.00,0.98,0.80,0.95,0.00,1.01,0.90,0.00,0.00,2.63,1.99,0.00,0.00,0.00,0.00,1.10,1.20,0.00,0.00,0.00,0.00,0.00,0.00,4.42,2.30,1.13,0.46,0.70,2.18,1.47,2.11,1.54,0.79,1.15,0.00,0.00,0.00,0.00,0.00,0.00,0.00,0.00,0.00,0.00,0.00
12750.5,-2.000,7.000,0.000,0.000,0.000,0,0,0.851,0,0.000,0.000,0.000,0.000,0.000,0.00,1.85,2.13,4.98,2.49,65.78,67.13,4.26,8.53,16.28,19.78,1.20,1.22,2.34,2.71,0.95,1.06,17.06,9.95,7.26,8.99,0.00,0.00,10.57,8.71,0.00,0.00,0.80,0.40,2.23,2.18,0.00,0.77,4.30,4.44,0.00,0.00,0.00,0.00,2.84,1.42,0.00,1.99,2.99,0.00,0.00,14.93,0.00,0.00,0.00,0.00,0.00,0.00,0.00,0.00,0.00,0.00,0.00,0.00,0.00,0.00,0.00,0.00,0.00,0.00,0.00,0.00,0.00,0.00,0.00,0.00,0.00,0.00,0.00,0.00,0.00,0.00,0.00,0.00,0.00,0.00,0.00,0.00,0.00,0.00,0.00,0.00,0.00,0.00,0.00,0.00,0.00,0.00,0.00,0.00,0.53,2.14,0.77,1.71,3.15,2.89,17.40,19.13,7.46,0.00,2.30,0.00,0.00,1.01,0.00,0.00,0.15,0.69,0.00,0.00,0.00,3.73,0.00,0.00,9.95,0.00,29.85,0.00,0.00,0.00,0.00,0.00,29.85,29.85,0.00,29.85,1.24,2.60,0.00,0.00,0.00,0.00,0.00,0.00,0.00,0.00,0.00,0.00,0.00,0.00,0.00,0.00,0.00,0.00,0.00,0.00,0.00,0.00,0.00,0.00,0.00,0.00,0.00,0.00,0.00,0.00,0.00,0.00,0.00,0.00,0.00,0.00,0.00,0.00,0.00,0.00,0.00,0.00,0.00,0.00,0.00,0.00,0.00,0.00,0.00,0.00,0.00,0.00,0.00,0.00,0.00,0.00,0.00,0.00,0.00,0.00,0.00,0.00,0.00,0.00,0.00,0.00,0.00,0.00,0.00,0.00,0.00,0.00,0.00,0.00,0.00,0.00,0.00,0.00,0.00,0.00,0.00,0.00,0.00,0.00,0.00,0.00,0.00,0.00,0.00,0.00,0.00,0.00,0.00,0.00,0.00,0.00,0.00,0.00,0.00,0.00,0.00,2.36,1.58,1.61,0.93,0.00,0.00,0.03,0.00,0.00,0.31,2.08,1.62,2.85,3.04,2.92,4.07,0.00,4.98,2.90,2.92,3.66,3.82,0.00,0.00,0.00,4.13,0.45,2.99,0.00,0.00,3.48,1.42,1.05,0.00,0.00,1.85,0.53,0.00,0.00,0.00,0.00,5.69,7.34,3.30,2.30,0.00,1.01,0.90,0.00,14.93,1.76,2.65,0.00,0.00,0.00,0.00,1.70,1.23,0.00,0.00,0.00,0.00,0.00,0.00,2.21,3.44,1.81,1.62,1.40,2.18,1.47,0.00,2.06,2.62,3.44,2.30,0.00,0.00,0.00,0.00,0.00,0.00,0.00,0.00,0.00,0.00
12850.5,-2.000,7.000,0.000,0.000,0.000,0,0,0.851,0,0.000,0.000,0.000,0.000,0.000,0.00,0.78,0.80,2.49,0.00,65.78,67.83,12.79,4.26,16.02,19.52,1.14,0.99,3.06,1.81,1.19,0.48,17.06,12.79,7.26,8.64,0.00,0.00,7.46,9.95,0.00,0.00,0.40,0.40,1.77,1.78,3.14,0.00,1.71,2.48,0.00,0.00,0.00,0.00,1.42,1.42,0.00,1.99,0.00,1.57,0.00,0.00,0.00,0.00,0.00,0.00,0.00,0.00,0.00,0.00,0.00,0.00,0.00,0.00,0.00,0.00,0.00,0.00,0.00,0.00,0.00,0.00,0.00,0.00,0.00,0.00,0.00,0.00,0.00,0.00,0.00,0.00,0.00,0.00,0.00,0.00,0.00,0.00,0.00,0.00,0.01,0.01,0.00,0.00,0.00,0.00,0.00,0.00,0.00,0.00,1.77,1.43,0.00,0.00,2.91,2.61,19.12,19.76,0.00,0.00,0.00,0.00,2.53,0.51,0.00,0.00,0.77,1.19,1.61,0.81,0.00,0.00,0.00,0.00,0.00,0.00,29.85,0.00,0.00,0.00,0.00,0.00,0.00,0.00,29.85,0.00,0.00,0.00,0.00,0.00,0.00,0.00,0.00,0.00,0.00,0.00,0.00,0.00,0.00,0.00,0.00,0.00,0.00,0.00,0.00,0.00,0.00,0.00,0.00,0.00,0.00,0.00,0.00,0.00,0.00,0.00,0.00,0.00,0.00,0.00,0.00,0.00,0.00,0.00,0.00,0.00,0.00,14.93,0.00,0.00,0.00,0.00,0.00,0.00,0.00,0.00,0.00,0.00,0.00,0.00,0.00,0.00,0.00,0.00,0.00,0.00,0.00,0.00,0.00,0.00,29.85,0.00,0.00,0.00,0.00,0.00,0.00,0.00,0.00,0.00,0.00,0.00,0.00,0.00,0.00,0.00,0.00,0.00,0.00,0.00,0.00,0.00,0.00,0.00,0.00,0.00,0.00,0.00,0.00,0.00,0.00,0.00,0.00,0.00,0.00,0.00,0.00,0.24,0.85,0.00,1.87,0.00,0.00,0.01,0.00,0.00,0.31,1.09,0.94,2.63,2.77,3.53,3.53,0.00,0.00,2.84,2.17,1.62,2.26,0.00,0.00,0.00,0.00,0.45,0.00,0.00,0.00,0.00,1.42,1.47,0.00,0.00,1.23,1.32,0.00,0.00,0.00,2.13,0.00,0.49,0.55,0.75,14.93,0.69,0.96,0.00,0.00,2.63,3.32,0.00,0.00,0.00,0.00,0.93,1.00,0.00,0.00,29.85,0.00,0.00,0.00,3.32,1.15,0.90,1.16,1.40,1.55,0.98,0.70,0.77,0.26,0.00,0.00,0.00,0.00,0.00,0.00,0.00,0.00,0.00,0.00,0.00,0.00
12950.5,-2.000,7.000,0.000,0.000,0.000,0,0,0.852,0,0.009,0.000,0.023,0.000,0.000,0.00,0.50,0.66,2.49,0.00,65.23,68.53,8.53,8.53,14.79,19.26,0.93,1.35,1.80,2.53,1.10,1.45,18.48,11.37,7.73,8.53,0.00,0.00,8.08,16.79,29.85,0.00,1.99,0.80,1.58,1.84,1.57,0.77,1.02,1.54,0.00,0.00,0.00,0.00,1.42,1.42,0.00,3.98,0.00,0.00,0.00,0.00,0.00,0.00,0.00,0.00,0.00,0.00,0.00,0.00,0.00,0.00,0.00,0.00,0.00,0.00,0.00,0.00,0.00,0.00,0.00,0.00,0.00,0.00,0.00,0.00,0.00,0.00,0.00,0.00,0.00,0.00,0.00,0.00,0.00,0.00,0.00,0.00,0.00,0.00,0.00,0.00,0.00,0.00,0.00,0.00,0.00,0.00,0.00,0.00,0.53,0.89,1.53,1.71,3.11,2.77,19.33,18.28,0.00,0.00,0.00,1.87,0.00,1.01,0.00,0.00,0.46,0.79,1.61,0.81,0.00,0.00,0.00,0.00,0.00,0.00,0.00,0.00,0.00,0.00,0.00,0.00,0.00,59.70,0.00,0.00,2.49,2.60,0.00,0.00,0.00,0.00,0.00,0.00,0.00,0.00,0.00,0.00,0.00,0.00,0.00,0.00,0.00,0.00,0.00,0.00,0.00,0.00,0.00,0.00,0.00,0.00,0.00,0.00,0.00,0.00,0.00,0.00,0.00,0.00,0.00,0.00,0.00,0.00,0.00,0.00,0.00,0.00,0.00,0.00,0.00,0.00,0.00,0.00,0.00,0.00,0.00,0.00,0.00,0.00,0.00,0.00,0.00,0.00,0.00,0.00,0.00,0.00,0.00,0.00,0.00,0.00,0.00,0.00,0.00,0.00,0.00,0.00,0.00,0.00,0.00,0.00,0.00,0.00,0.00,0.00,0.00,0.00,0.00,0.00,0.00,0.00,0.00,0.00,0.00,0.00,0.00,0.00,0.00,0.00,0.00,0.00,0.00,0.00,0.00,0.00,0.00,0.24,0.61,0.00,0.00,0.00,0.00,0.01,0.01,1.19,0.00,0.49,0.85,3.06,3.14,3.53,2.44,4.98,0.00,2.84,3.32,3.66,2.43,0.00,0.00,0.00,0.00,0.00,0.00,0.00,0.00,0.00,0.36,0.21,0.00,0.00,0.62,0.53,0.00,0.00,0.00,1.07,0.47,0.49,0.66,0.66,0.00,1.07,1.18,0.00,0.00,4.39,1.99,0.00,0.00,0.00,0.00,0.79,0.79,0.00,0.00,0.00,0.00,0.00,0.00,1.11,2.30,0.45,1.16,1.40,0.93,0.00,1.05,0.26,0.26,2.30,0.00,0.00,0.00,0.00,0.00,0.00,0.00,0.00,0.00,0.00,0.00
13050.5,-2.000,7.000,0.000,0.000,0.000,0,0,0.852,0,0.002,0.000,0.004,0.000,0.000,0.00,1.10,0.66,2.49,0.00,64.95,65.31,4.26,0.00,15.93,19.00,0.78,0.59,1.98,2.35,0.64,0.44,17.06,8.53,8.08,8.18,0.00,0.00,1.24,2.49,0.00,0.00,1.19,0.80,1.67,1.57,0.79,1.53,1.48,0.89,0.00,0.00,0.00,0.00,0.00,0.00,0.00,0.00,1.49,0.00,0.00,0.00,0.00,0.00,0.00,0.00,0.00,0.00,0.00,0.00,0.00,0.00,0.00,0.00,0.00,0.00,0.00,0.00,0.00,0.00,0.00,0.00,0.00,0.00,0.00,0.00,0.00,0.00,0.00,0.00,0.00,0.00,0.00,0.00,0.00,0.00,0.00,0.00,0.00,0.00,0.00,0.00,0.00,0.00,0.00,0.00,0.00,0.00,0.00,0.00,0.53,1.07,0.00,2.56,3.02,3.03,18.81,17.86,0.00,0.00,2.30,1.87,0.51,0.51,0.00,0.00,1.08,0.89,1.61,0.00,0.00,3.73,0.00,0.00,0.00,0.00,0.00,0.00,0.00,0.00,0.00,0.00,0.00,0.00,0.00,0.00,0.00,1.30,0.00,0.00,0.00,0.00,0.00,0.00,0.00,0.00,0.00,0.00,0.00,0.00,0.00,0.00,0.00,0.00,0.00,0.00,0.00,0.00,0.00,0.00,0.00,0.00,0.00,0.00,0.00,0.00,0.00,0.00,0.00,0.00,29.85,0.00,0.00,0.00,0.00,0.00,0.00,0.00,29.85,0.00,0.00,0.00,0.00,0.00,0.00,0.00,0.00,0.00,0.00,0.00,0.00,0.00,0.00,0.00,0.00,0.00,0.00,0.00,0.00,0.00,0.00,0.00,0.00,0.00,0.00,0.00,0.00,0.00,0.00,0.00,0.00,0.00,0.00,0.00,0.00,0.00,0.00,0.00,0.00,0.00,0.00,0.00,0.00,0.00,0.00,0.00,0.00,0.00,0.00,0.00,0.00,0.00,0.00,0.00,0.00,0.00,0.00,0.00,0.12,0.00,0.00,0.00,0.00,0.01,0.00,1.19,0.00,1.48,1.28,2.89,2.80,2.80,3.26,0.00,0.00,2.90,2.99,2.64,2.26,0.00,0.00,0.00,0.92,0.00,0.00,0.00,0.50,0.00,1.07,0.63,0.00,0.00,0.62,0.79,0.00,0.00,0.00,2.13,0.95,0.49,0.78,0.93,0.00,0.95,1.35,0.00,0.00,3.51,1.99,0.00,0.00,0.00,0.00,1.04,0.90,0.00,0.00,0.00,0.00,0.00,0.00,3.32,1.15,1.13,0.93,1.05,0.62,1.47,0.35,1.54,1.05,1.15,0.00,0.00,0.00,0.00,0.00,0.00,0.00,0.00,0.00,0.00,0.00
13150.5,-2.000,7.000,0.000,0.000,0.000,0,0,0.853,0,0.155,0.147,0.168,0.123,0.352,4.26,1.25,1.50,4.98,4.98,66.33,69.37,8.53,8.53,16.98,18.92,0.82,1.33,4.14,3.08,1.48,0.51,19.90,8.53,9.36,7.49,0.00,0.00,11.82,7.46,0.00,0.00,0.80,1.19,1.82,1.69,0.79,0.77,1.71,1.68,0.00,0.00,9.95,0.00,0.00,0.00,2.30,0.00,0.00,3.14,0.00,14.93,0.00,0.00,0.00,0.00,0.00,0.00,0.00,0.00,0.00,0.00,0.00,0.00,0.00,0.00,0.00,0.00,0.00,0.00,0.00,0.00,0.00,0.00,0.00,0.00,0.00,0.00,0.00,0.00,0.00,0.00,0.00,0.00,0.00,0.00,0.00,0.00,0.00,0.00,0.00,0.01,0.00,0.00,0.00,0.00,0.00,0.00,0.00,0.00,0.88,1.43,1.53,0.85,3.11,3.37,19.51,18.57,7.46,0.00,2.30,3.73,0.00,1.01,0.00,0.00,1.08,0.99,0.81,2.42,0.00,0.00,0.00,0.00,0.00,0.00,0.00,0.00,0.00,0.00,0.00,0.00,0.00,29.85,0.00,0.00,0.00,0.00,0.00,0.00,0.00,0.00,0.00,0.00,0.00,0.00,0.00,0.00,0.00,0.00,0.00,0.00,0.00,0.00,0.00,0.00,0.00,0.00,0.00,0.00,0.00,0.00,0.00,0.00,0.00,0.00,0.00,0.00,0.00,0.00,0.00,0.00,0.00,0.00,0.00,0.00,0.00,0.00,0.00,0.00,0.00,0.00,0.00,0.00,0.00,0.00,0.00,0.00,0.00,0.00,0.00,0.00,0.00,0.00,0.00,0.00,0.00,0.00,0.00,0.00,0.00,0.00,0.00,0.00,0.00,0.00,0.00,0.00,0.00,0.00,0.00,0.00,0.00,0.00,0.00,0.00,0.00,0.00,0.00,0.00,0.00,0.00,0.00,0.00,0.00,0.00,0.00,0.00,0.00,0.00,0.00,0.00,0.00,0.00,0.00,0.00,0.00,0.71,0.73,0.00,0.00,0.00,0.00,0.01,0.00,0.00,1.23,1.19,1.87,2.44,3.12,3.78,2.31,0.00,0.00,2.90,2.71,3.25,3.12,0.00,2.30,0.00,0.00,0.90,0.50,0.00,1.00,0.00,0.71,0.63,4.59,2.99,0.00,0.53,0.00,4.26,0.00,1.07,0.95,1.96,0.95,0.91,0.00,0.82,0.90,0.00,14.93,3.07,3.32,0.00,0.00,0.00,0.00,1.23,1.23,0.00,0.00,0.00,0.00,0.00,0.00,3.32,3.44,1.36,0.69,2.46,2.49,2.94,2.46,0.26,0.52,5.74,4.59,0.00,0.00,0.00,0.00,0.00,0.00,0.00,0.00,0.00,0.00
13250.5,-2.000,7.000,0.000,0.000,0.000,0,0,0.853,0,0.029,0.028,0.032,0.023,0.067,0.00,1.10,1.03,0.00,0.00,64.26,66.15,4.26,4.26,16.11,19.09,0.74,0.78,3.06,1.99,1.16,0.70,18.48,9.95,8.66,8.99,0.00,0.00,12.44,7.46,0.00,0.00,0.00,0.00,1.76,1.84,0.79,0.77,1.57,1.73,0.00,0.00,0.00,0.00,2.84,0.00,2.30,3.98,1.49,0.00,0.00,0.00,0.00,0.00,0.00,0.00,0.00,0.00,0.00,0.00,0.00,0.00,0.00,0.00,0.00,0.00,0.00,0.00,0.00,0.00,0.00,0.00,0.00,0.00,0.00,0.00,0.00,0.00,0.00,0.00,0.00,0.00,0.00,0.00,0.00,0.00,0.00,0.00,0.00,0.00,0.01,0.01,0.00,0.00,0.00,0.00,0.00,0.00,0.00,0.00,1.24,0.54,1.53,2.56,2.93,2.91,18.65,18.76,7.46,0.00,2.30,0.00,1.01,2.02,0.00,0.00,1.70,0.79,0.00,1.61,0.00,0.00,0.00,0.00,9.95,0.00,0.00,0.00,0.00,0.00,0.00,0.00,0.00,0.00,29.85,0.00,0.00,0.00,0.00,0.00,0.00,0.00,0.00,0.00,0.00,0.00,0.00,0.00,0.00,0.00,0.00,0.00,0.00,0.00,0.00,0.00,0.00,0.00,0.00,0.00,0.00,0.00,0.00,0.00,0.00,0.00,0.00,0.00,0.00,0.00,0.00,0.00,0.00,0.00,0.00,0.00,0.00,0.00,0.00,0.00,0.00,0.00,0.00,0.00,0.00,0.00,0.00,0.00,0.00,0.00,0.00,0.00,0.00,0.00,0.00,0.00,0.00,0.00,0.00,0.00,0.00,29.85,0.00,0.00,0.00,0.00,0.00,0.00,0.00,0.00,0.00,0.00,0.00,0.00,0.00,0.00,0.00,0.00,0.00,0.00,0.00,0.00,0.00,0.00,0.00,0.00,0.00,0.00,0.00,0.00,0.00,0.00,0.00,0.00,0.00,0.00,0.00,0.83,0.85,0.00,0.00,0.00,0.00,0.02,0.00,0.40,0.00,0.69,1.11,2.57,2.97,2.80,2.85,4.98,0.00,2.84,3.12,2.64,2.43,0.00,4.59,0.00,0.00,0.00,0.00,0.00,2.49,0.00,0.71,0.63,0.00,0.00,0.92,1.32,4.26,4.26,0.00,2.13,0.47,0.98,0.76,0.71,0.00,1.33,1.01,0.00,0.00,3.51,2.65,0.00,0.00,0.00,0.00,0.77,1.15,0.00,29.85,0.00,0.00,0.00,0.00,0.00,1.15,1.36,1.62,1.05,0.31,0.98,1.05,0.51,1.05,0.00,1.15,0.00,0.00,0.00,0.00,0.00,0.00,0.00,0.00,0.00,0.00
13350.5,-2.000,7.000,0.000,0.000,0.000,0,0,0.853,0,0.000,0.000,0.000,0.004,0.013,0.00,1.28,1.06,0.00,0.00,66.20,67.97,4.26,8.53,15.32,19.35,1.16,1.29,2.16,1.81,1.16,0.46,21.32,14.21,9.83,8.07,0.00,0.00,11.19,8.71,0.00,0.00,1.99,1.19,1.40,1.28,0.00,0.00,1.02,1.22,0.00,0.00,0.00,0.00,1.42,2.84,0.00,1.99,0.00,0.00,0.00,0.00,0.00,0.00,0.00,0.00,0.00,0.00,0.00,0.00,0.00,0.00,0.00,0.00,0.00,0.00,0.00,0.00,0.00,0.00,0.00,0.00,0.00,0.00,0.00,0.00,0.00,0.00,0.00,0.00,0.00,0.00,0.00,0.00,0.00,0.00,0.00,0.00,0.00,0.00,0.00,0.00,0.00,0.00,0.00,0.00,0.00,0.00,0.00,0.00,1.24,0.71,0.77,0.85,2.85,3.05,19.04,19.84,0.00,0.00,0.00,1.87,1.01,2.02,0.00,0.00,0.93,1.48,0.00,3.23,0.00,0.00,0.00,0.00,0.00,0.00,0.00,0.00,0.00,0.00,0.00,0.00,0.00,0.00,0.00,0.00,1.24,0.00,0.00,0.00,0.00,0.00,0.00,0.00,0.00,0.00,0.00,0.00,0.00,0.00,0.00,0.00,0.00,0.00,0.00,0.00,0.00,0.00,0.00,0.00,0.00,0.00,0.00,0.00,0.00,0.00,0.00,0.00,29.85,0.00,0.00,0.00,0.00,0.00,0.00,0.00,0.00,0.00,0.00,0.00,0.00,0.00,0.00,0.00,0.00,0.00,0.00,0.00,0.00,0.00,0.00,0.00,0.00,0.00,0.00,0.00,0.00,0.00,0.00,29.85,0.00,0.00,0.00,0.00,0.00,0.00,0.00,0.00,0.00,0.00,0.00,0.00,0.00,0.00,0.00,0.00,0.00,0.00,0.00,0.00,0.00,0.00,0.00,0.00,0.00,0.00,0.00,0.00,0.00,0.00,0.00,0.00,0.00,0.00,0.00,0.00,0.00,0.12,0.24,0.00,0.00,0.00,0.00,0.02,0.02,0.40,0.31,1.38,1.79,2.82,2.75,2.44,3.26,0.00,0.00,2.46,2.58,3.45,2.60,0.00,0.00,0.00,0.00,0.45,0.50,0.00,0.00,0.50,0.36,1.47,0.00,0.00,1.23,0.79,4.26,0.00,4.98,1.07,0.47,0.00,1.10,0.93,0.00,0.95,1.07,0.00,0.00,3.95,1.33,0.00,0.00,0.00,5.97,1.08,1.01,0.00,0.00,0.00,0.00,0.00,0.00,0.00,1.15,1.58,1.62,1.05,0.93,1.47,0.70,0.51,0.79,5.74,3.44,7.46,7.46,0.00,0.00,0.00,0.00,0.00,0.00,0.00,0.00
13450.5,-2.000,7.000,0.000,0.000,0.000,0,0,0.854,0,0.018,0.000,0.045,0.001,0.002,0.00,0.75,1.03,0.00,2.49,64.26,66.43,8.53,4.26,15.23,18.48,0.74,0.80,2.70,1.63,0.66,0.26,19.90,8.53,7.26,7.26,0.00,0.00,7.46,6.22,0.00,0.00,2.39,0.40,1.82,1.58,1.57,2.30,1.90,1.26,0.00,0.00,0.00,0.00,0.00,0.00,0.00,0.00,1.49,1.57,0.00,0.00,0.00,0.00,0.00,0.00,0.00,0.00,0.00,0.00,0.00,0.00,0.00,0.00,0.00,0.00,0.00,0.00,0.00,0.00,0.00,0.00,0.00,0.00,0.00,0.00,0.00,0.00,0.00,0.00,0.00,0.00,0.00,0.00,0.00,0.00,0.00,0.00,0.00,0.00,0.00,0.00,0.00,0.00,0.00,0.00,0.00,0.00,0.00,0.00,1.24,1.07,0.77,0.00,2.69,3.07,19.20,17.94,0.00,0.00,0.00,3.73,2.02,1.01,0.00,0.00,1.08,0.99,0.81,0.00,0.00,7.46,0.00,0.00,9.95,0.00,0.00,0.00,0.00,0.00,0.00,0.00,0.00,0.00,0.00,0.00,1.24,3.89,0.00,0.00,0.00,0.00,0.00,0.00,0.00,0.00,0.00,0.00,0.00,0.00,0.00,0.00,0.00,0.00,0.00,0.00,0.00,14.93,0.00,0.00,0.00,0.00,0.00,0.00,0.00,0.00,0.00,0.00,0.00,0.00,0.00,0.00,0.00,0.00,0.00,0.00,0.00,0.00,0.00,0.00,0.00,0.00,0.00,0.00,0.00,0.00,29.85,0.00,0.00,0.00,0.00,0.00,0.00,0.00,0.00,0.00,0.00,0.00,0.00,0.00,0.00,0.00,0.00,0.00,0.00,0.00,0.00,0.00,0.00,0.00,0.00,0.00,0.00,0.00,0.00,0.00,0.00,0.00,0.00,0.00,0.00,0.00,0.00,0.00,0.00,0.00,0.00,0.00,0.00,0.00,0.00,0.00,0.00,0.00,0.00,0.00,0.00,0.35,0.49,0.00,0.00,0.00,0.00,0.01,0.01,1.99,0.62,0.89,0.94,3.34,2.88,4.02,2.85,0.00,0.00,3.60,3.60,3.66,3.64,0.00,0.00,0.00,0.46,0.00,0.00,0.50,0.00,0.50,0.71,1.68,0.00,0.00,0.62,0.79,0.00,8.53,0.00,2.13,0.47,1.47,0.78,0.83,0.00,0.63,0.62,0.00,0.00,2.63,1.99,3.73,0.00,3.32,2.99,0.98,1.03,0.00,0.00,0.00,0.00,0.00,0.00,0.00,5.74,2.26,0.93,1.05,2.18,2.45,1.76,1.54,0.52,0.00,0.00,0.00,0.00,0.00,0.00,0.00,0.00,0.00,0.00,0.00,0.00
13550.5,-2.000,7.000,0.000,0.000,0.000,0,0,0.854,0,0.003,0.000,0.009,0.000,0.000,0.00,1.10,1.20,2.49,0.00,64.54,67.97,8.53,4.26,16.72,20.48,0.91,0.61,1.62,3.98,0.95,0.60,17.06,8.53,8.19,7.72,0.00,0.00,6.84,6.22,29.85,0.00,0.40,0.00,1.98,1.69,0.00,2.30,2.41,1.45,0.00,0.00,0.00,0.00,0.00,0.00,2.30,1.99,0.00,0.00,0.00,0.00,0.00,0.00,0.00,0.00,0.00,0.00,0.00,0.00,0.00,0.00,0.00,0.00,0.00,0.00,0.00,0.00,0.00,0.00,0.00,0.00,0.00,0.00,0.00,0.00,0.00,0.00,0.00,0.00,0.00,0.00,0.00,0.00,0.00,0.00,0.00,0.00,0.00,0.00,0.00,0.00,0.00,0.00,0.00,0.00,0.00,0.00,0.00,0.00,1.06,0.54,2.30,0.00,2.67,3.12,19.17,19.87,0.00,0.00,0.00,1.87,1.01,1.01,0.00,0.00,1.24,0.79,0.81,1.61,0.00,0.00,0.00,0.00,0.00,0.00,0.00,0.00,0.00,0.00,0.00,0.00,0.00,29.85,29.85,0.00,3.73,1.30,0.00,0.00,0.00,0.00,0.00,0.00,0.00,0.00,0.00,0.00,0.00,0.00,0.00,0.00,0.00,0.00,0.00,0.00,0.00,0.00,0.00,0.00,0.00,0.00,0.00,0.00,0.00,0.00,0.00,0.00,0.00,0.00,0.00,0.00,0.00,0.00,0.00,0.00,0.00,0.00,0.00,0.00,0.00,0.00,0.00,0.00,0.00,0.00,0.00,0.00,0.00,0.00,0.00,0.00,0.00,0.00,0.00,0.00,0.00,0.00,0.00,0.00,0.00,0.00,0.00,0.00,0.00,0.00,0.00,0.00,0.00,0.00,0.00,0.00,0.00,0.00,0.00,0.00,0.00,0.00,0.00,0.00,0.00,0.00,0.00,0.00,0.00,0.00,0.00,0.00,0.00,0.00,0.00,0.00,0.00,0.00,0.00,0.00,0.00,0.24,0.24,0.00,0.00,0.00,0.00,0.02,0.01,0.80,0.62,1.19,1.19,2.73,2.88,3.17,3.39,4.98,0.00,2.84,3.05,3.86,2.78,2.49,0.00,0.00,0.92,0.00,0.00,3.48,0.50,0.50,1.78,0.21,0.00,0.00,0.92,0.53,0.00,0.00,0.00,2.13,0.95,0.00,0.91,0.96,0.00,1.07,1.07,0.00,0.00,5.27,1.99,0.00,4.26,0.00,2.99,1.12,1.18,0.00,0.00,0.00,0.00,0.00,0.00,5.53,2.30,0.68,0.69,2.46,1.55,0.98,0.35,0.26,1.05,0.00,1.15,0.00,0.00,0.00,0.00,0.00,0.00,0.00,0.00,0.00,0.00
13650.5,-2.000,7.000,0.000,0.000,0.000,0,0,0.855,0,0.001,0.000,0.002,0.000,0.000,4.26,1.07,0.90,2.49,0.00,65.23,66.85,8.53,8.53,15.14,19.09,1.06,0.93,2.52,2.53,1.03,0.69,19.90,7.11,7.37,9.68,0.00,0.00,6.84,6.22,0.00,0.00,1.99,1.59,1.84,1.77,0.79,1.53,1.53,1.31,0.00,0.00,0.00,0.00,1.42,0.00,2.30,0.00,0.00,0.00,0.00,0.00,0.00,0.00,0.00,0.00,0.00,0.00,0.00,0.00,0.00,0.00,0.00,0.00,0.00,0.00,0.00,0.00,0.00,0.00,0.00,0.00,0.00,0.00,0.00,0.00,0.00,0.00,0.00,0.00,0.00,0.00,0.00,0.00,0.00,0.00,0.00,0.00,0.00,0.00,0.00,0.00,0.00,0.00,0.00,0.00,0.00,0.00,0.00,0.00,1.77,0.89,2.30,3.41,3.20,2.80,19.90,19.52,0.00,0.00,0.00,0.00,0.00,0.51,0.00,0.00,0.93,0.69,1.61,0.81,0.00,0.00,0.00,0.00,0.00,0.00,0.00,0.00,0.00,0.00,0.00,0.00,0.00,0.00,29.85,29.85,3.73,2.60,0.00,0.00,0.00,0.00,0.00,0.00,0.00,0.00,0.00,0.00,0.00,0.00,0.00,0.00,0.00,0.00,0.00,0.00,0.00,0.00,0.00,0.00,0.00,0.00,0.00,0.00,0.00,0.00,0.00,0.00,0.00,0.00,0.00,0.00,0.00,0.00,0.00,0.00,0.00,0.00,0.00,0.00,0.00,0.00,0.00,0.00,0.00,0.00,0.00,0.00,0.00,0.00,0.00,0.00,0.00,0.00,0.00,0.00,0.00,0.00,0.00,0.00,0.00,0.00,0.00,0.00,0.00,0.00,0.00,0.00,0.00,0.00,0.00,0.00,0.00,0.00,0.00,0.00,0.00,0.00,0.00,0.00,0.00,0.00,0.00,0.00,0.00,0.00,0.00,0.00,0.00,0.00,0.00,0.00,0.00,0.00,0.00,0.00,0.00,0.35,0.49,0.00,0.00,0.00,0.00,0.01,0.00,1.19,0.00,0.99,0.85,3.32,2.76,2.44,2.85,0.00,0.00,2.65,2.78,2.84,2.43,0.00,2.30,0.00,0.46,0.45,0.00,0.00,0.00,0.00,0.71,0.42,0.00,0.00,0.62,1.06,0.00,0.00,0.00,0.00,0.47,1.47,0.66,0.79,0.00,0.88,1.18,0.00,0.00,2.19,3.98,0.00,0.00,0.00,2.99,1.06,1.12,0.00,0.00,0.00,0.00,0.00,0.00,1.11,1.15,0.90,1.39,1.40,0.93,0.49,0.35,0.51,0.26,1.15,0.00,0.00,0.00,0.00,0.00,0.00,0.00,0.00,0.00,0.00,0.00
13750.5,-2.000,7.000,0.000,0.000,0.000,0,0,0.855,0,0.000,0.000,0.000,0.000,0.000,0.00,1.00,0.76,0.00,0.00,66.20,67.41,4.26,12.79,16.37,18.48,0.80,0.93,2.52,1.81,0.90,0.53,17.06,11.37,7.14,7.49,0.00,0.00,8.71,8.08,0.00,0.00,0.40,3.58,1.24,1.29,3.93,2.30,1.20,0.98,0.00,0.00,0.00,0.00,8.53,4.26,0.00,1.99,0.00,0.00,0.00,0.00,0.00,0.00,0.00,0.00,0.00,0.00,0.00,0.00,0.00,0.00,0.00,0.00,0.00,0.00,0.00,0.00,0.00,0.00,0.00,0.00,0.00,0.00,0.00,0.00,0.00,0.00,0.00,0.00,0.00,0.00,0.00,0.00,0.00,0.00,0.00,0.00,0.00,0.00,0.00,0.00,0.00,0.00,0.00,0.00,0.00,0.00,0.00,0.00,1.24,1.25,0.00,0.00,2.65,3.14,18.47,17.70,0.00,14.93,4.59,3.73,0.51,0.51,0.00,0.00,0.46,0.40,0.00,1.61,0.00,3.73,0.00,0.00,0.00,0.00,0.00,0.00,0.00,0.00,0.00,0.00,0.00,0.00,0.00,0.00,0.00,1.30,0.00,0.00,0.00,0.00,0.00,0.00,0.00,0.00,0.00,0.00,0.00,0.00,0.00,0.00,0.00,0.00,0.00,0.00,0.00,0.00,0.00,0.00,0.00,0.00,0.00,0.00,0.00,0.00,0.00,0.00,0.00,0.00,0.00,0.00,0.00,0.00,0.00,0.00,0.00,0.00,0.00,0.00,0.00,0.00,0.00,0.00,0.00,0.00,0.00,0.00,0.00,0.00,0.00,0.00,0.00,0.00,0.00,0.00,0.00,0.00,0.00,0.00,0.00,0.00,0.00,0.00,0.00,0.00,0.00,0.00,0.00,0.00,0.00,0.00,0.00,0.00,0.00,0.00,0.00,0.00,0.00,0.00,0.00,0.00,0.00,0.00,0.00,0.00,0.00,0.00,0.00,0.00,0.00,0.00,0.00,0.00,0.00,0.00,0.00,0.35,0.12,0.00,0.00,0.00,0.00,0.02,0.01,0.00,1.23,0.89,0.85,2.84,2.98,3.90,1.76,0.00,0.00,3.22,2.37,2.84,3.30,0.00,2.30,0.00,0.46,0.00,0.50,0.00,0.00,1.00,1.42,0.63,0.00,0.00,0.62,1.32,0.00,0.00,0.00,1.07,0.47,0.98,0.84,0.83,0.00,0.57,1.18,0.00,0.00,2.63,5.97,0.00,0.00,0.00,0.00,1.02,0.98,0.00,0.00,0.00,0.00,0.00,0.00,0.00,1.15,0.90,1.62,0.70,1.55,2.94,0.00,0.77,0.79,0.00,0.00,0.00,0.00,0.00,0.00,0.00,0.00,0.00,0.00,0.00,0.00
13850.5,-2.000,7.000,0.000,0.000,0.000,0,0,0.855,0,0.028,0.047,0.000,0.000,0.085,2.13,1.28,0.86,0.00,0.00,64.40,67.41,8.53,4.26,16.19,18.92,0.84,0.78,3.42,2.71,0.51,0.46,14.21,11.37,6.32,7.72,0.00,0.00,5.60,2.49,0.00,0.00,0.80,0.40,1.68,1.49,0.00,0.77,1.90,1.97,0.00,0.00,0.00,0.00,0.00,0.00,0.00,0.00,0.00,0.00,0.00,0.00,0.00,0.00,0.00,0.00,0.00,0.00,0.00,0.00,0.00,0.00,0.00,0.00,0.00,0.00,0.00,0.00,0.00,0.00,0.00,0.00,0.00,0.00,0.00,0.00,0.00,0.00,0.00,0.00,0.00,0.00,0.00,0.00,0.00,0.00,0.00,0.00,0.00,0.00,0.00,0.00,0.00,0.00,0.00,0.00,0.00,0.00,0.00,0.00,0.88,1.07,0.00,0.85,3.24,3.14,19.33,18.92,0.00,0.00,2.30,0.00,2.02,1.01,0.00,0.00,0.77,0.69,2.42,0.81,0.00,3.73,0.00,0.00,0.00,0.00,0.00,29.85,0.00,0.00,0.00,0.00,29.85,29.85,59.70,0.00,2.49,0.00,0.00,0.00,0.00,0.00,0.00,0.00,0.00,0.00,0.00,0.00,0.00,0.00,0.00,0.00,0.00,0.00,0.00,0.00,14.93,0.00,0.00,0.00,0.00,0.00,0.00,0.00,14.93,0.00,0.00,0.00,0.00,0.00,0.00,0.00,0.00,0.00,0.00,0.00,0.00,0.00,0.00,0.00,0.00,0.00,0.00,0.00,0.00,0.00,0.00,0.00,0.00,14.93,0.00,0.00,0.00,0.00,0.00,0.00,0.00,0.00,0.00,0.00,0.00,0.00,0.00,0.00,0.00,0.00,0.00,0.00,0.00,0.00,0.00,0.00,0.00,0.00,0.00,0.00,0.00,0.00,0.00,0.00,0.00,0.00,0.00,0.00,0.00,0.00,0.00,0.00,0.00,0.00,0.00,0.00,0.00,0.00,0.00,0.00,0.00,0.71,0.73,0.00,0.00,0.00,0.00,0.01,0.01,1.19,0.62,0.89,1.62,3.02,2.96,3.05,3.26,0.00,0.00,3.72,3.26,3.05,3.47,0.00,0.00,0.00,0.92,0.00,0.00,0.00,0.00,1.00,0.71,0.42,0.00,0.00,0.62,0.79,0.00,4.26,4.98,2.13,0.47,0.98,0.97,0.95,0.00,0.82,1.07,0.00,0.00,4.39,6.63,0.00,0.00,0.00,0.00,1.07,1.10,0.00,0.00,0.00,0.00,0.00,0.00,4.42,4.59,1.13,0.00,4.57,3.42,0.98,1.05,0.51,0.79,0.00,1.15,0.00,0.00,0.00,0.00,0.00,0.00,0.00,0.00,0.00,0.00
13950.5,-2.000,7.000,0.000,0.000,0.000,0,0,0.856,0,0.000,0.000,0.000,0.000,0.016,4.26,1.21,1.36,2.49,2.49,64.81,66.99,4.26,4.26,14.44,18.83,0.68,0.65,1.26,1.63,0.98,0.67,17.06,19.90,7.37,7.49,0.00,0.00,11.19,6.84,0.00,0.00,1.59,0.40,1.47,1.51,3.93,1.53,0.74,0.94,0.00,0.00,0.00,9.95,1.42,0.00,0.00,1.99,1.49,0.00,0.00,0.00,0.00,0.00,0.00,0.00,0.00,0.00,0.00,0.00,0.00,0.00,0.00,0.00,0.00,0.00,0.00,0.00,0.00,0.00,0.00,0.00,0.00,0.00,0.00,0.00,0.00,0.00,0.00,0.00,0.00,0.00,0.00,0.00,0.00,0.00,0.00,0.00,0.00,0.00,0.00,0.00,0.00,0.00,0.00,0.00,0.00,0.00,0.00,0.00,0.88,0.89,0.77,0.00,2.96,3.19,19.67,18.65,0.00,0.00,0.00,0.00,1.52,3.04,0.00,0.00,1.39,0.49,1.61,0.81,0.00,0.00,0.00,0.00,0.00,0.00,0.00,0.00,0.00,0.00,0.00,0.00,0.00,29.85,0.00,0.00,0.00,0.00,0.00,0.00,0.00,0.00,0.00,0.00,0.00,0.00,0.00,0.00,0.00,0.00,0.00,0.00,0.00,0.00,0.00,0.00,0.00,0.00,0.00,0.00,0.00,0.00,0.00,0.00,0.00,0.00,0.00,0.00,0.00,0.00,0.00,0.00,0.00,0.00,0.00,0.00,0.00,0.00,0.00,0.00,0.00,0.00,0.00,0.00,0.00,0.00,0.00,0.00,0.00,0.00,0.00,0.00,0.00,0.00,0.00,0.00,0.00,0.00,0.00,0.00,0.00,0.00,0.00,0.00,0.00,0.00,0.00,0.00,0.00,0.00,0.00,0.00,0.00,0.00,0.00,0.00,0.00,0.00,0.00,0.00,0.00,0.00,0.00,0.00,0.00,0.00,0.00,0.00,0.00,0.00,0.00,0.00,0.00,0.00,0.00,0.00,0.00,0.12,0.00,0.00,0.00,0.00,0.00,0.01,0.00,0.40,0.31,0.69,1.19,3.02,2.83,2.31,2.85,0.00,0.00,2.34,2.71,2.23,1.56,0.00,0.00,0.00,0.00,0.45,0.00,0.50,0.00,0.00,1.78,0.84,0.00,0.00,1.54,0.79,0.00,4.26,0.00,0.00,0.47,0.98,0.85,0.83,0.00,1.14,0.90,0.00,0.00,4.39,1.33,3.73,0.00,0.00,0.00,0.83,0.84,0.00,0.00,0.00,14.93,0.00,0.00,1.11,2.30,0.23,0.69,0.70,0.00,0.00,1.05,0.26,0.26,0.00,1.15,0.00,0.00,0.00,0.00,0.00,0.00,0.00,0.00,0.00,0.00
