t_ms,threat,loom:R1-6,loom:L1,loom:L2,loom:L3,loom:Mi1,loom:Tm3,loom:Tm1,loom:Tm2,loom:Tm9,loom:T4a,loom:T4b,loom:T4c,loom:T4d,loom:T5a,loom:T5b,loom:T5c,loom:T5d,ctrl:R1-6,ctrl:L1,ctrl:L2,ctrl:L3,ctrl:Mi1,ctrl:Tm3,ctrl:Tm1,ctrl:Tm2,ctrl:Tm9,ctrl:T4a,ctrl:T4b,ctrl:T4c,ctrl:T4d,ctrl:T5a,ctrl:T5b,ctrl:T5c,ctrl:T5d
34.0,0,0.000,0.000,0.000,2.284,0.000,0.000,0.000,0.000,0.000,0.000,0.000,0.000,0.000,0.000,0.000,1.257,0.000,0.000,0.000,0.000,0.000,0.000,0.000,0.000,0.000,0.000,0.000,0.000,0.000,0.000,0.000,1.718,0.000,2.342
68.0,0,0.000,0.000,0.000,3.262,0.000,0.000,1.176,5.769,4.639,0.000,0.000,0.000,0.000,3.370,2.794,10.970,3.306,0.000,0.000,0.000,0.954,0.000,0.000,0.000,3.159,1.917,0.000,0.000,0.000,0.000,0.000,5.559,2.970,6.673
98.5,0,11.685,0.000,0.000,5.021,1.355,0.000,0.707,18.781,11.704,0.000,0.000,0.000,1.902,4.583,4.864,18.489,22.526,14.364,0.000,0.000,0.574,0.000,0.000,1.704,6.891,9.261,0.000,0.000,0.000,0.000,0.000,6.170,8.772,11.485
132.5,0,23.221,0.000,0.000,2.849,9.460,1.377,1.340,12.401,9.346,8.404,11.521,9.930,3.138,2.600,2.760,12.309,22.864,25.355,0.000,0.000,0.325,8.784,1.581,2.819,9.349,10.929,8.002,6.489,11.722,0.000,0.000,10.534,4.978,11.314
166.5,0,28.802,0.000,0.000,1.617,19.144,18.378,1.661,7.036,5.303,24.024,24.470,21.812,1.781,1.476,1.566,6.984,12.973,28.213,0.000,0.000,0.185,10.948,15.106,1.599,5.305,6.201,25.801,18.167,21.282,0.000,0.000,5.977,2.824,6.420
200.5,0,28.525,0.000,0.000,0.917,18.108,24.052,0.942,3.993,3.009,23.895,21.472,15.197,1.010,0.837,0.889,3.963,7.361,28.435,0.000,0.000,0.105,15.175,20.172,0.907,3.010,3.519,22.793,21.464,25.446,0.000,0.000,3.391,1.603,3.643
234.5,0,29.240,0.000,0.000,0.520,17.980,29.170,0.535,2.265,1.707,17.007,18.885,8.623,0.573,0.475,0.504,2.249,4.177,31.279,0.000,0.000,0.059,11.268,21.136,0.515,1.708,1.997,19.239,23.995,15.565,0.000,4.574,1.924,0.909,2.067
268.5,0,29.102,0.000,0.000,0.295,15.713,26.538,0.303,1.285,0.969,12.805,11.537,6.129,0.325,0.270,0.286,1.276,2.370,32.852,0.000,0.000,0.034,9.100,18.779,0.292,0.969,1.133,10.916,18.328,9.810,0.000,9.975,1.092,3.561,1.173
302.5,0,32.162,0.000,0.000,0.168,14.785,18.570,0.172,0.729,0.550,13.933,6.546,5.220,0.185,0.153,0.162,1.842,1.345,34.652,0.000,0.000,0.019,5.163,13.515,0.166,0.550,0.643,8.811,14.573,7.099,0.000,13.759,0.620,2.021,2.535
336.5,0,34.446,0.000,0.000,0.095,13.399,17.036,0.098,0.414,0.312,9.691,3.714,2.962,0.105,1.699,0.092,1.924,0.763,36.041,0.000,0.000,0.011,5.384,10.268,0.094,0.312,0.365,6.241,10.001,5.203,0.000,7.807,0.352,1.147,3.293
370.5,0,35.681,0.000,0.000,0.054,14.095,17.602,0.055,0.235,0.177,6.646,3.103,2.856,1.206,0.964,0.052,2.369,0.433,37.580,0.000,0.000,0.006,6.398,7.244,0.053,0.177,0.207,4.655,7.013,2.952,0.000,4.430,0.199,0.651,4.152
404.5,0,32.646,0.000,0.000,0.031,10.889,15.179,0.031,0.133,0.100,3.771,1.761,1.621,3.741,1.946,0.030,2.677,1.074,39.971,0.000,0.000,0.003,7.250,10.849,0.030,0.100,0.117,3.793,6.947,1.675,0.000,2.514,0.113,0.369,2.356
438.5,0,34.813,0.000,0.000,0.017,11.235,15.419,0.018,0.076,0.057,2.140,2.036,2.076,2.123,1.104,0.017,1.519,0.609,34.691,0.000,0.000,0.002,5.159,9.291,0.017,0.057,0.067,3.457,5.522,0.950,0.962,5.774,0.064,0.209,3.386
472.5,0,36.368,0.000,0.000,0.010,9.078,13.547,0.010,0.043,0.032,1.214,1.156,1.178,2.167,0.627,0.010,1.971,1.392,38.875,0.000,0.000,0.001,6.326,10.604,0.010,0.032,0.038,3.465,3.133,1.493,0.546,5.741,0.036,1.350,3.971
506.5,0,36.016,0.000,0.000,0.006,11.556,15.261,0.006,0.024,0.018,0.689,0.656,0.668,1.230,0.356,0.005,2.274,0.790,34.699,0.000,1.214,0.001,5.895,6.017,0.006,0.018,0.021,1.966,1.778,0.847,1.494,6.207,0.021,0.766,2.253
540.5,0,34.237,0.000,0.000,0.003,8.440,12.037,0.003,0.014,0.010,0.391,0.372,0.379,0.698,0.202,0.003,2.496,0.448,33.793,0.000,0.689,0.000,6.329,6.047,0.003,0.010,0.012,1.116,1.009,1.626,0.848,5.001,0.012,0.435,1.278
574.5,0,36.880,0.000,0.000,0.002,8.077,14.477,0.002,0.008,0.006,0.222,0.211,0.215,0.396,2.811,0.002,2.498,1.069,38.405,0.000,0.391,0.000,4.585,9.538,0.002,0.006,0.007,0.633,2.946,0.923,0.481,2.837,0.007,0.247,0.725
608.5,0,36.651,0.000,0.000,0.001,8.318,13.190,0.001,0.004,0.003,0.126,0.120,0.122,0.225,3.167,0.001,2.613,0.607,36.549,0.000,0.222,0.000,2.602,7.696,0.001,0.003,0.004,0.359,2.913,0.524,0.273,1.610,0.004,0.140,0.412
642.5,0,33.460,0.000,0.000,0.001,8.833,12.373,0.001,0.003,0.002,0.071,0.068,0.069,1.218,3.001,0.001,1.483,1.463,37.321,0.000,0.126,0.000,4.242,10.340,0.001,0.002,0.002,1.784,7.602,1.756,0.155,2.018,0.002,1.741,0.234
676.5,0,34.539,0.000,0.000,0.000,10.412,12.046,0.000,0.001,0.001,0.041,0.039,0.039,1.577,1.703,0.000,1.677,0.830,39.423,0.000,0.071,0.000,3.694,7.643,0.000,0.001,0.001,3.293,4.314,0.996,0.088,1.145,0.001,0.988,1.518
710.5,0,34.578,0.000,0.000,0.000,13.245,9.404,0.000,0.001,0.001,0.023,0.022,0.022,0.895,2.513,0.000,0.951,0.471,37.863,0.000,0.041,0.000,3.416,8.218,0.000,0.001,0.001,1.868,2.448,0.565,0.050,1.718,0.001,2.236,2.418
744.5,0,34.940,0.000,0.000,0.000,12.882,10.819,0.000,0.000,0.000,0.013,0.012,0.013,0.508,1.426,0.000,0.540,0.267,39.922,0.000,0.023,0.000,6.104,10.817,0.000,0.000,0.000,1.060,1.389,0.321,0.028,2.034,0.000,1.269,3.753
778.5,0,34.141,0.000,0.000,0.000,12.975,9.379,0.000,0.000,0.000,0.007,0.007,0.007,0.288,0.809,0.000,1.563,0.152,38.567,0.000,0.013,0.000,9.500,11.891,0.000,0.000,0.000,0.602,0.788,0.182,0.016,1.154,0.000,0.720,2.129
812.5,0,32.845,0.000,0.000,0.000,10.233,8.323,0.000,0.000,0.000,0.004,0.004,0.004,0.163,0.459,0.000,2.749,0.086,38.070,0.000,0.007,0.000,9.605,8.239,0.000,0.000,0.000,0.341,3.797,0.103,1.468,2.097,0.000,0.409,1.208
846.5,0,34.413,0.000,0.000,0.000,9.737,13.474,0.000,0.000,0.000,0.002,0.002,0.002,0.093,0.260,0.000,1.560,0.049,37.702,0.000,0.004,0.000,9.121,6.024,0.000,0.000,0.000,0.194,2.155,0.059,0.833,2.371,0.000,0.232,2.969
880.5,0,32.324,0.000,0.000,0.000,8.148,14.653,0.000,0.000,0.000,0.001,0.001,0.001,0.053,0.148,0.000,1.864,1.890,38.061,0.000,0.002,0.000,12.739,8.960,0.000,0.000,0.000,1.187,2.984,0.033,0.473,2.487,0.000,0.132,3.268
914.5,0,31.815,0.000,0.000,0.000,14.924,10.975,0.000,0.000,0.000,0.001,0.001,0.001,0.030,0.084,0.000,1.058,1.908,35.737,0.000,0.001,0.000,7.228,6.389,0.000,0.000,0.000,0.674,1.693,1.203,0.268,1.411,0.000,0.075,1.854
948.5,0,34.793,0.000,0.000,0.000,12.697,13.003,0.000,0.000,0.000,0.000,0.000,0.000,0.017,0.048,0.000,1.836,2.210,34.248,0.000,0.001,1.331,6.590,5.259,0.000,0.000,0.000,1.676,2.065,0.683,1.805,0.801,0.000,0.042,1.052
982.5,0,36.695,0.000,0.000,0.000,13.815,12.020,0.000,0.000,0.000,0.000,0.000,0.000,0.010,2.896,0.000,1.884,1.254,34.602,0.000,0.000,0.755,5.070,4.674,0.000,0.000,0.000,2.467,1.172,0.387,1.024,2.035,0.000,1.815,0.597
1016.5,0,36.269,0.000,0.000,0.000,8.894,12.546,0.000,0.000,0.000,0.000,0.000,0.000,0.005,1.643,0.000,2.056,0.712,36.138,0.000,0.000,0.428,2.877,4.825,0.000,0.000,0.000,1.400,1.807,0.220,0.581,2.735,0.000,1.030,0.339
1050.5,0,35.902,0.000,0.000,0.000,13.058,12.152,0.000,0.000,0.000,0.000,0.000,0.000,0.003,3.574,0.000,1.167,1.297,32.897,0.000,0.000,0.243,5.574,12.750,0.000,0.000,0.000,0.794,1.025,0.125,0.330,1.552,0.000,0.584,0.192
1084.5,0,35.996,0.000,0.000,0.000,9.628,14.251,0.000,0.000,0.000,0.000,0.000,0.000,0.002,2.028,0.000,0.662,1.651,30.551,0.000,0.000,0.138,4.234,11.259,0.000,0.000,0.000,0.451,0.582,0.071,0.187,0.881,1.762,0.332,0.109
1118.5,0,36.400,0.000,0.000,0.947,8.307,14.484,0.000,0.000,0.000,0.000,0.000,0.000,0.001,2.482,0.000,0.376,0.937,32.260,0.000,0.000,0.078,2.403,10.415,0.000,0.000,0.000,0.256,0.330,0.040,0.106,0.500,1.000,0.188,0.062
1152.5,0,37.484,0.000,0.000,0.537,9.113,14.123,0.000,0.000,0.000,0.000,0.000,0.000,0.001,1.408,0.000,0.213,1.410,31.680,0.000,0.000,0.044,6.404,8.804,0.000,0.000,0.000,0.145,0.187,0.023,0.060,0.284,0.567,1.868,0.035
1186.5,0,36.586,0.000,0.000,0.305,11.708,13.366,0.000,0.000,0.000,0.000,0.000,0.000,1.176,0.799,0.000,2.485,0.800,36.159,0.000,0.000,0.025,5.246,6.426,0.000,0.000,0.000,1.730,1.327,0.013,0.034,1.352,0.322,1.060,0.020
1220.5,0,35.434,0.000,0.000,1.104,14.071,14.092,0.000,0.000,0.000,0.000,0.000,0.000,0.667,1.473,0.000,2.667,0.454,33.068,0.000,0.000,0.014,4.030,6.601,0.000,0.000,0.000,0.982,3.796,0.007,0.019,0.767,0.183,0.602,0.011
1254.5,0,34.616,0.000,0.000,0.626,12.498,8.999,0.000,0.000,0.000,0.000,0.000,0.000,0.379,0.836,0.000,3.426,0.258,39.820,0.000,0.000,0.008,2.287,8.768,0.000,0.000,0.000,0.557,3.683,0.004,0.011,3.300,0.104,0.341,0.006
1288.5,0,35.247,0.000,0.000,0.355,12.463,8.647,0.000,0.000,0.000,0.000,0.000,0.000,0.215,0.474,0.000,3.063,2.067,37.462,0.000,0.000,0.005,3.698,13.106,0.000,0.000,0.000,0.316,4.964,0.002,0.006,5.086,0.059,0.194,0.004
1322.5,0,35.660,0.000,0.000,0.202,9.085,12.533,0.000,0.000,0.000,1.004,0.000,0.000,1.109,0.269,0.000,1.738,3.248,36.052,0.000,0.000,0.003,3.206,10.080,0.000,0.000,0.000,0.179,7.216,0.001,0.004,2.886,0.033,0.110,0.002
1356.5,0,37.553,0.000,0.000,0.114,8.413,11.248,0.000,0.000,0.000,0.569,0.000,0.000,0.629,0.153,0.000,2.152,1.843,35.891,0.000,0.000,0.001,4.433,10.942,0.000,0.000,0.000,1.474,8.931,0.001,1.449,1.637,0.019,0.062,0.001
1390.5,0,37.715,0.000,0.000,0.065,9.013,10.659,0.000,0.000,0.000,0.323,0.000,0.000,0.357,0.087,0.000,1.221,1.046,34.153,0.000,0.000,0.001,8.047,7.616,0.000,0.000,0.000,0.836,5.067,0.000,0.822,0.929,0.011,0.035,0.001
1424.5,0,34.895,0.000,0.000,0.037,8.498,11.300,0.000,0.000,0.000,0.183,0.000,0.000,1.165,0.049,0.000,1.898,1.829,31.877,0.000,0.000,0.000,7.067,5.473,0.000,0.000,0.000,0.474,4.046,0.000,0.466,2.134,0.006,0.020,1.596
1458.5,0,33.511,0.000,0.000,0.021,11.276,10.520,0.000,0.000,0.000,0.104,0.000,0.000,1.616,0.028,0.000,1.077,1.038,31.043,0.000,0.000,0.000,5.064,4.512,0.000,0.000,0.000,2.075,2.296,0.000,0.265,1.211,0.003,0.011,0.906
1492.5,0,33.513,0.000,0.000,0.012,7.471,8.072,0.000,0.000,0.000,0.059,0.000,0.000,0.917,0.016,0.000,1.666,0.589,34.488,0.000,0.000,0.000,3.945,13.356,0.000,0.000,0.000,4.359,6.312,0.000,0.150,0.687,0.002,0.006,4.319
1526.5,0,34.460,0.000,0.000,0.007,6.125,8.250,0.000,0.000,0.000,0.033,0.000,0.000,0.520,0.009,0.000,3.308,1.184,34.659,0.000,0.000,0.000,2.238,9.146,0.000,0.000,0.000,2.474,4.733,0.000,0.085,1.797,0.001,0.004,4.753
1560.5,0,34.680,0.000,0.000,0.004,5.577,7.958,0.000,0.000,0.000,0.019,0.000,0.000,0.295,0.005,0.000,2.699,0.672,35.170,0.000,0.000,0.000,1.270,9.467,0.000,0.000,0.000,1.404,6.358,0.000,0.048,1.019,0.001,1.154,2.697
1594.5,0,34.874,0.000,0.000,0.002,5.257,8.353,0.000,0.000,0.000,0.011,0.000,0.000,0.167,0.003,0.000,3.634,2.648,38.676,0.000,0.000,0.000,1.766,7.075,0.000,0.000,0.000,0.796,6.445,0.000,0.027,1.841,0.000,0.655,1.530
1628.5,0,35.843,0.000,0.000,0.001,9.046,10.651,0.000,0.000,0.000,0.006,0.908,0.000,0.095,0.002,0.000,2.062,1.503,37.858,0.000,0.000,0.000,3.428,5.704,0.000,0.000,0.000,0.452,3.657,1.194,0.016,1.044,0.000,0.371,2.546
1662.5,0,33.934,0.000,0.000,0.001,9.277,8.337,0.000,0.000,0.000,0.003,0.515,0.000,0.054,0.001,0.000,2.149,2.019,39.279,0.000,0.000,0.000,4.535,8.778,0.000,0.000,0.000,0.256,4.422,0.678,0.009,0.593,0.000,0.211,1.445
1696.5,0,34.908,0.000,0.000,0.000,15.592,14.907,0.000,0.000,0.000,0.002,0.292,0.000,0.031,0.001,0.000,3.067,1.145,38.399,0.000,0.000,0.000,7.542,9.060,0.000,0.000,0.000,3.042,3.751,0.384,0.999,4.829,0.000,0.120,0.820
1730.5,0,36.090,0.000,0.000,0.000,16.908,16.787,0.000,0.000,0.000,0.001,0.166,0.000,0.017,0.000,0.000,3.095,0.650,36.693,0.000,0.000,0.000,5.588,11.991,0.000,0.000,0.000,3.268,5.038,0.218,0.567,5.518,0.000,0.068,0.465
1764.5,0,35.001,0.000,0.000,0.000,15.656,15.784,0.000,0.000,0.000,0.001,0.094,0.000,0.010,0.000,0.000,3.122,0.369,41.861,0.000,0.000,0.000,5.603,15.085,0.000,0.000,0.000,3.015,6.526,0.124,0.322,5.867,0.000,0.039,4.010
1798.5,0,35.112,0.000,0.000,0.000,17.873,17.701,0.000,0.000,0.000,0.000,0.053,0.000,0.006,0.000,0.000,3.792,0.209,43.250,0.000,0.000,0.000,4.778,15.623,0.000,0.000,0.000,1.711,9.390,0.070,1.328,3.329,0.000,0.022,2.275
1832.5,0,34.312,0.000,0.000,0.000,16.950,20.189,0.000,0.000,0.000,0.000,0.030,0.000,0.003,0.000,0.000,2.152,0.119,40.583,0.000,0.000,0.000,7.256,10.458,0.000,0.000,0.000,0.971,7.119,0.040,1.731,1.889,0.000,0.012,1.291
1866.5,0,34.825,0.000,0.000,0.000,13.499,17.364,0.000,0.000,0.000,0.864,0.017,0.000,0.002,0.000,0.000,2.397,0.067,37.403,0.000,0.000,0.000,6.840,10.450,0.000,0.000,0.000,0.551,5.786,0.023,3.754,1.072,0.000,1.188,0.733
1900.5,0,36.233,0.000,0.000,0.000,11.629,17.583,0.000,0.000,0.000,0.490,0.010,0.000,0.001,0.000,0.000,1.360,0.038,35.382,0.000,0.000,0.000,6.736,10.189,0.000,0.000,0.000,0.313,4.621,0.013,2.130,3.372,0.000,0.674,0.416
1934.5,0,31.197,0.000,0.000,0.000,9.328,14.508,0.000,0.000,0.000,0.278,0.006,0.000,0.001,0.000,0.000,1.997,0.022,31.775,0.000,0.000,0.000,7.973,9.811,0.000,0.000,0.000,0.177,5.968,0.007,1.209,3.468,0.000,0.382,0.236
1968.5,0,31.282,0.000,0.000,0.000,5.293,11.536,0.000,0.000,0.000,0.158,0.003,0.000,0.000,1.235,0.000,3.324,0.951,34.477,0.000,0.000,0.000,7.588,8.349,0.000,0.000,0.000,0.101,7.920,0.004,0.686,4.601,0.000,0.217,0.134
2002.5,0,33.892,0.000,0.000,0.000,5.278,16.401,0.000,0.000,0.000,0.090,0.002,0.000,0.000,0.701,0.000,1.886,0.540,30.794,0.000,0.000,0.000,6.902,11.893,0.000,0.000,0.000,0.057,8.586,0.002,0.389,7.651,0.000,0.123,0.076
2036.5,0,33.963,0.000,0.000,0.000,6.957,16.590,0.000,0.000,0.000,0.051,0.001,0.000,0.000,1.983,0.000,1.070,1.222,33.437,0.000,1.117,0.000,7.507,9.665,0.000,0.000,0.000,0.032,4.872,0.963,0.221,4.341,0.000,0.070,6.064
2070.5,0,33.814,0.000,0.000,0.000,6.008,17.459,0.000,0.000,0.000,0.029,0.001,0.000,1.100,1.125,0.000,2.791,0.693,36.241,0.000,0.634,0.000,7.504,6.626,0.000,0.000,0.000,0.018,5.581,0.546,0.125,2.463,0.000,0.040,6.857
2104.5,0,34.573,0.000,0.000,0.000,5.537,13.511,0.000,0.000,0.000,0.016,0.000,0.000,0.624,0.638,0.000,2.604,0.393,36.501,0.000,0.360,0.000,6.366,4.941,0.000,0.000,0.000,1.252,5.720,0.310,0.071,2.484,0.000,0.022,5.761
2138.5,0,31.997,0.000,0.000,0.000,8.701,15.592,0.000,0.000,0.000,0.009,0.000,0.000,0.354,0.362,0.000,3.842,1.490,37.592,0.000,0.204,0.000,6.232,4.222,0.000,0.000,0.000,0.710,4.332,0.176,0.040,1.410,0.000,1.385,3.269
2172.5,0,31.195,0.000,0.000,0.000,10.593,15.491,0.000,0.000,0.000,0.005,0.000,0.000,0.201,1.858,0.000,3.143,3.361,35.775,0.000,0.116,0.000,3.536,5.362,0.000,0.000,0.000,0.403,5.422,0.100,0.023,2.591,0.000,0.786,1.855
2206.5,0,34.789,0.000,0.000,0.000,12.930,13.447,0.000,0.000,0.000,0.874,0.000,0.000,0.114,1.054,0.000,1.783,1.907,34.485,0.000,1.240,0.000,4.651,7.520,0.000,0.000,0.000,0.229,5.912,0.057,0.013,1.470,0.000,0.446,1.052
2240.5,0,35.022,0.000,0.000,0.000,15.966,16.131,0.000,0.000,0.000,0.496,0.000,0.000,0.065,0.598,0.000,1.012,1.082,34.834,0.000,0.704,0.000,3.702,10.658,0.000,0.000,0.000,0.130,5.087,1.374,0.007,2.671,0.000,0.253,0.597
2274.5,0,36.661,0.000,0.000,0.000,13.291,15.945,0.000,0.000,0.000,0.281,0.000,0.000,0.037,0.339,0.000,1.906,0.614,31.449,0.000,0.399,0.000,3.128,6.048,0.000,0.000,0.000,0.074,2.886,1.749,0.004,1.515,0.000,0.144,1.807
2308.5,0,37.933,0.000,0.000,0.000,11.850,11.388,0.000,0.000,0.000,0.160,0.000,0.000,0.021,0.193,0.000,4.259,0.348,32.160,0.000,0.227,0.000,5.229,3.431,0.000,0.000,0.000,0.042,4.830,0.993,0.002,3.678,0.000,0.081,1.025
2342.5,0,36.213,0.000,0.000,0.000,9.606,11.937,0.000,0.000,0.000,0.091,0.000,0.000,0.012,0.109,0.000,3.363,0.198,32.760,0.000,0.129,0.000,7.501,9.127,0.000,0.000,0.000,0.024,5.839,1.916,1.226,4.698,0.000,0.046,1.990
2376.5,0,35.197,0.000,0.000,0.000,8.998,10.060,0.000,0.000,0.000,0.051,0.000,0.000,0.007,0.062,0.000,1.908,0.112,32.541,0.000,0.073,0.000,4.256,6.340,0.000,0.000,0.000,0.013,6.331,1.087,0.696,5.320,0.000,0.026,1.129
2410.5,0,37.130,0.000,0.000,0.000,6.946,16.767,0.000,0.000,0.000,0.029,0.000,0.000,0.004,0.035,0.000,1.083,1.154,35.503,0.000,0.041,0.000,4.642,7.629,0.000,0.000,0.000,0.008,5.368,0.617,0.395,3.019,0.000,0.015,0.641
2444.5,0,37.204,0.000,0.000,0.000,6.274,14.314,0.000,0.000,0.000,0.017,0.000,0.000,0.002,0.020,0.000,0.614,0.655,36.542,0.000,0.023,0.000,5.591,8.537,1.542,0.000,0.000,0.004,3.046,0.350,0.224,3.007,0.000,0.008,2.172
2478.5,0,35.956,0.000,0.000,0.000,3.560,12.768,0.000,0.000,0.000,0.009,0.000,0.000,0.001,1.014,0.000,1.637,0.372,36.447,0.000,0.013,0.000,11.581,10.659,0.875,0.000,0.000,0.002,3.219,0.199,0.127,1.706,0.000,0.005,1.232
2512.5,0,35.169,0.000,0.000,0.000,8.393,10.481,0.000,0.000,0.000,0.005,0.000,0.000,0.001,2.242,0.000,4.337,0.211,40.329,0.000,0.008,0.000,6.571,10.886,0.496,0.000,0.000,1.432,3.079,1.239,0.072,0.968,0.000,0.003,0.699
2546.5,0,35.977,0.000,0.000,0.000,11.198,12.060,0.000,0.000,0.000,0.003,0.000,0.000,0.000,1.272,0.000,3.816,0.120,37.565,0.000,0.004,0.000,3.729,7.881,0.282,0.000,0.000,0.812,1.747,0.703,0.041,0.549,0.000,0.002,0.397
2580.5,0,37.663,0.000,0.000,0.000,11.485,11.352,0.000,0.000,0.000,0.002,0.000,0.000,0.000,0.722,0.000,2.165,0.068,38.561,0.000,0.002,0.000,7.601,8.736,0.160,0.000,0.000,1.538,4.996,0.399,0.023,1.960,0.000,1.124,0.225
2614.5,0,37.586,0.000,0.000,0.000,8.645,12.607,0.000,0.000,0.000,0.001,0.000,0.000,0.931,0.410,0.000,3.489,0.039,36.149,0.000,0.001,0.000,8.185,6.168,0.091,0.000,0.000,0.873,4.390,0.226,0.013,2.616,0.000,1.987,2.337
2648.5,0,35.362,0.000,0.000,0.000,5.776,16.217,0.000,0.000,0.000,0.001,0.000,0.000,0.528,1.792,0.000,3.832,1.411,37.650,0.000,0.001,0.000,4.644,7.468,0.051,0.000,0.000,2.213,4.664,0.128,0.007,1.484,0.000,1.127,1.326
2682.5,0,35.304,0.000,0.000,0.000,9.919,15.661,0.000,0.000,0.000,0.000,0.000,0.000,0.300,1.017,0.000,3.898,0.800,33.901,0.000,0.000,0.000,7.582,9.688,0.029,0.000,0.000,1.256,2.646,0.073,0.004,5.932,0.000,0.640,0.752
2716.5,0,35.310,0.000,0.000,0.000,10.835,19.774,0.000,0.000,0.000,0.000,0.000,0.000,0.170,0.577,0.000,2.212,0.454,34.698,0.000,0.000,0.000,4.302,9.051,0.017,0.000,0.000,0.713,4.368,1.361,0.002,4.796,0.000,0.363,0.427
2750.5,0,34.383,0.000,0.000,0.000,9.031,17.237,0.000,0.000,0.000,0.000,0.000,0.000,0.097,0.327,0.000,1.255,2.385,36.835,0.000,0.000,0.000,6.344,8.168,0.009,0.000,0.000,1.859,5.671,0.772,0.001,2.721,0.000,1.348,0.242
2784.5,0,33.894,0.000,0.000,0.000,9.474,17.402,0.000,0.000,0.000,0.000,0.000,0.000,0.055,0.186,0.000,0.712,1.353,36.889,0.000,0.000,0.000,6.557,12.621,0.005,0.000,0.000,2.141,6.360,1.997,0.001,2.765,0.000,0.765,0.137
2818.5,0,35.164,0.000,0.000,0.000,9.789,14.252,0.000,0.000,0.000,0.000,0.000,0.000,0.031,1.528,0.000,0.404,0.768,33.207,0.000,0.000,0.000,5.029,8.221,0.003,0.000,0.000,2.731,6.822,1.133,0.000,1.569,0.000,0.434,0.078
2852.5,0,34.654,0.000,0.000,0.000,11.883,11.814,0.000,0.000,0.000,0.000,0.000,0.000,0.018,2.466,0.000,0.229,0.436,29.300,0.000,0.000,0.000,2.854,10.500,0.002,0.000,0.000,3.253,7.836,0.643,0.000,0.890,0.000,0.246,0.044
2886.5,0,32.994,0.000,0.000,0.000,14.936,10.037,0.000,0.000,0.000,0.000,0.000,0.000,0.010,1.399,0.000,0.130,0.247,34.617,0.000,0.000,0.000,3.947,5.958,0.001,0.000,0.000,1.846,6.985,0.365,0.000,1.821,0.000,0.140,0.025
2920.5,0,34.812,0.000,0.000,0.000,10.481,10.239,0.000,0.000,0.000,0.000,0.000,0.000,0.006,1.747,0.000,0.930,1.316,36.418,0.000,0.000,0.000,2.240,7.765,0.001,0.000,0.000,1.047,3.963,0.207,0.000,2.524,0.000,0.079,0.014
2954.5,0,35.957,0.000,0.000,0.000,12.433,11.517,0.000,0.000,0.000,0.000,0.000,0.000,0.003,0.992,0.000,2.496,2.535,34.526,0.000,0.000,0.000,3.727,8.707,0.000,0.000,0.000,3.392,5.369,0.117,0.000,2.793,0.000,1.721,0.008
2988.5,0,34.791,0.000,0.000,0.000,7.986,9.917,0.000,0.000,0.000,1.195,0.000,0.000,0.002,0.563,0.000,1.416,1.438,33.183,0.000,0.000,0.000,2.115,7.901,0.000,0.000,0.000,1.925,4.340,0.067,0.000,3.288,0.000,0.976,2.141
3022.5,0,35.973,0.000,0.000,0.000,6.408,11.641,0.000,0.000,0.000,0.678,0.000,0.000,0.001,0.319,0.000,2.553,0.816,37.478,0.000,0.000,0.000,2.237,7.597,0.000,0.000,0.000,1.092,3.858,0.038,0.000,1.866,0.000,2.360,1.215
3056.5,0,35.284,0.000,0.000,0.000,10.769,13.468,0.000,0.000,0.000,0.385,0.000,0.000,0.001,0.181,0.000,1.449,0.463,37.803,0.000,0.000,0.000,1.269,5.814,0.000,0.000,0.000,0.620,2.189,0.021,0.000,2.666,0.000,1.339,2.756
3090.5,0,33.874,0.000,0.000,0.000,8.604,9.413,0.000,0.000,0.000,0.218,0.000,0.000,0.000,0.103,0.000,0.822,0.263,35.943,0.000,0.000,0.000,0.720,9.912,0.000,0.000,0.000,1.868,2.413,1.102,0.000,3.217,0.000,0.760,1.564
3124.5,0,34.210,0.000,0.000,0.000,11.367,11.409,0.000,0.000,0.000,0.124,0.000,0.000,0.000,0.058,0.000,1.530,0.985,35.201,0.000,0.000,0.000,3.069,7.328,0.000,0.000,0.000,3.949,1.369,0.625,0.000,3.304,0.000,0.431,0.887
3158.5,0,33.607,0.000,0.000,0.000,8.243,11.805,0.000,0.000,0.000,0.070,0.000,0.000,0.000,0.033,0.000,0.868,0.559,35.854,0.000,0.000,0.000,6.004,8.587,0.000,0.000,0.000,2.241,0.777,0.355,0.000,1.875,0.000,0.245,0.503
3192.5,0,33.618,0.000,0.000,0.000,9.967,12.919,0.000,0.000,0.000,0.040,0.000,0.000,0.000,1.203,0.000,1.439,2.249,37.104,0.000,0.000,0.000,6.725,9.853,0.000,0.000,0.000,3.974,0.441,0.201,0.000,1.064,0.000,0.139,0.286
3226.5,0,32.915,0.000,0.000,0.000,7.810,16.711,0.000,0.000,0.000,0.023,0.000,0.000,0.886,0.683,0.000,1.666,2.288,41.091,0.000,0.000,0.000,6.320,7.338,0.000,0.000,0.000,3.456,1.669,0.114,0.000,2.322,0.000,0.079,0.162
3260.5,0,34.250,0.000,0.000,0.000,13.231,16.098,0.000,0.000,0.000,0.013,0.000,0.000,0.503,0.387,0.000,0.945,1.298,37.043,0.000,1.136,0.000,5.608,6.932,0.000,0.000,0.000,1.961,4.366,0.065,0.000,3.782,0.000,0.045,0.092
3294.5,0,35.585,0.000,0.000,1.278,9.718,13.673,0.000,0.000,0.000,0.007,0.000,0.000,0.285,0.220,0.000,1.483,0.737,35.533,0.000,0.645,0.000,5.603,3.933,0.000,0.000,0.000,1.113,3.698,0.037,0.000,2.146,0.000,0.025,0.052
3328.5,0,35.465,0.000,0.000,0.725,6.469,13.511,0.000,0.000,0.000,0.004,0.000,0.000,0.162,0.125,0.000,0.842,1.447,32.745,0.000,0.366,0.970,3.179,3.964,0.000,0.000,0.000,0.631,3.309,0.021,0.000,1.217,0.000,0.014,0.030
3362.5,0,35.834,0.000,0.000,0.411,7.879,13.081,0.000,0.000,0.000,0.002,0.000,0.000,0.092,0.071,0.000,0.477,0.821,35.711,0.000,0.208,0.550,4.208,3.554,0.000,0.000,0.000,0.358,3.109,0.012,0.000,2.157,0.000,0.008,0.017
3396.5,0,32.596,0.000,0.000,0.233,11.971,19.009,0.000,0.000,0.000,0.001,1.038,0.000,0.052,0.040,0.000,1.242,0.466,34.426,0.000,0.118,0.312,3.741,3.721,0.000,0.000,0.000,2.055,7.651,0.007,0.000,2.425,0.000,0.005,0.010
3430.5,0,35.554,0.000,0.000,0.132,8.869,13.910,0.000,0.000,0.000,0.001,0.589,0.000,0.030,1.299,0.000,0.704,0.264,36.078,0.000,0.067,0.177,4.622,3.565,0.000,0.000,0.000,1.166,4.342,0.004,0.000,1.376,0.000,1.583,0.005
3464.5,0,34.922,0.000,0.000,0.075,7.180,14.610,0.000,0.000,0.000,0.000,0.334,0.000,0.017,0.737,0.000,0.400,0.150,39.074,0.000,1.146,0.101,9.037,6.361,0.000,0.000,0.000,0.662,3.942,0.002,1.045,0.781,0.000,0.898,0.003
3498.5,0,33.455,0.000,0.000,0.043,10.122,11.018,0.000,0.000,0.000,0.000,0.190,0.000,2.634,0.418,0.000,0.227,0.085,39.593,0.000,0.650,0.057,8.016,14.293,0.000,0.000,0.000,1.556,4.978,0.001,0.593,0.443,0.000,2.051,1.708
3532.5,0,32.927,0.000,0.000,0.024,8.850,15.812,0.000,0.000,0.000,0.000,0.108,0.000,1.495,1.696,0.000,2.085,0.048,39.698,0.000,0.369,0.032,8.513,9.528,0.000,0.000,1.385,0.883,2.824,0.001,1.602,0.251,0.000,1.164,0.969
3566.5,0,34.562,0.000,0.000,0.014,11.416,11.481,0.000,0.000,0.000,0.000,0.061,0.000,0.848,0.962,0.000,1.183,0.027,36.890,0.000,0.209,0.018,10.961,9.889,0.000,0.000,0.786,2.205,3.409,0.000,0.909,1.470,0.000,0.660,2.451
3600.5,0,35.430,0.000,0.000,0.008,12.803,17.766,0.000,0.000,0.000,0.000,0.035,0.000,0.481,0.546,0.000,2.488,0.016,37.673,0.000,0.119,0.010,10.210,9.629,0.000,0.000,0.446,2.780,3.250,0.000,0.516,0.834,0.000,0.375,2.811
3634.5,0,33.926,0.000,0.000,0.004,12.234,17.791,0.000,0.000,0.000,1.366,0.020,0.000,0.273,0.310,0.000,1.412,0.009,38.046,0.000,0.067,0.006,8.156,8.600,0.000,0.000,0.253,4.348,7.795,0.000,0.293,0.473,0.000,0.213,1.595
3668.5,0,34.972,0.000,0.000,0.003,10.202,16.814,0.000,0.000,0.000,0.775,1.187,0.000,0.155,0.176,0.000,0.801,2.048,35.491,0.000,0.038,0.003,4.628,4.880,0.000,0.000,0.144,2.467,6.919,0.000,0.166,0.268,0.000,1.839,0.905
3702.5,0,35.009,0.000,0.000,0.001,8.099,15.785,0.000,0.000,0.000,0.440,0.673,0.000,0.088,1.314,0.000,0.455,1.162,36.280,0.000,0.022,0.002,2.626,4.248,0.000,0.000,0.081,4.089,6.718,0.000,0.094,0.152,1.361,1.043,0.514
3736.5,0,35.284,0.000,0.000,0.001,11.946,11.677,0.000,0.000,0.000,0.250,0.382,0.000,0.050,0.746,0.000,1.340,0.659,34.163,0.000,0.012,0.001,6.860,3.952,0.000,0.000,0.046,2.320,5.184,0.000,0.053,4.508,0.772,0.592,0.291
3770.5,0,37.781,0.000,0.000,0.000,9.918,19.683,0.000,0.000,0.000,0.142,0.217,0.000,0.028,0.423,0.000,1.772,0.374,35.320,0.000,0.969,0.001,5.339,3.989,0.000,0.000,0.026,1.317,4.055,0.000,0.030,3.965,0.438,0.336,0.165
3804.5,0,35.800,0.000,0.000,0.000,11.044,15.406,0.000,0.000,0.000,0.080,0.123,0.000,0.016,0.240,0.000,1.005,0.212,35.231,0.000,0.550,0.000,7.658,2.264,0.000,0.000,0.015,5.129,3.542,1.036,0.017,2.250,0.249,0.191,0.094
3838.5,0,35.546,0.000,0.000,0.000,7.452,18.996,0.000,0.000,0.000,0.046,0.070,0.000,0.009,1.467,0.000,1.670,1.356,36.328,0.000,0.312,0.000,7.101,4.444,0.000,0.000,0.008,2.911,2.010,0.588,0.010,2.831,0.141,1.289,1.703
3872.5,0,36.591,0.000,0.000,0.000,6.196,16.447,0.000,0.000,0.000,0.026,0.040,0.000,0.005,0.832,0.000,0.948,0.770,41.055,0.000,0.177,0.000,5.405,4.129,1.273,0.000,0.005,2.883,1.140,3.100,1.578,1.606,0.080,0.731,2.644
3906.5,0,37.806,0.000,0.000,0.000,7.762,17.043,0.000,0.000,0.000,0.015,0.022,0.000,0.003,0.472,0.000,0.538,0.437,39.868,0.000,0.100,0.000,5.779,10.477,0.722,0.000,0.003,1.636,3.777,1.759,0.895,2.415,0.045,0.415,1.500
3940.5,0,38.193,0.000,0.000,0.000,6.408,17.574,0.000,0.000,0.000,0.008,0.013,0.000,0.002,0.268,0.000,0.305,1.171,39.592,0.000,0.057,0.000,6.072,8.194,0.410,0.000,0.002,0.928,2.143,0.998,0.508,1.370,0.026,0.235,3.135
3974.5,0,36.028,0.000,0.000,0.000,5.025,18.394,0.000,0.000,0.000,0.005,0.007,0.000,0.001,1.623,0.000,0.173,0.664,38.744,0.000,0.032,0.000,4.415,7.175,0.233,0.000,0.001,0.527,3.897,1.520,0.288,0.778,0.015,0.134,1.779
4008.5,0,35.152,0.000,0.000,0.000,7.270,17.413,0.000,0.000,0.000,0.003,0.004,0.000,0.001,0.921,0.000,2.983,0.377,39.264,0.000,0.018,0.000,6.229,6.398,0.132,0.000,0.000,1.815,9.400,0.862,0.164,1.574,0.008,0.076,1.009
4042.5,0,36.187,0.000,0.000,0.000,10.324,16.145,0.000,0.000,0.000,0.002,0.002,0.000,0.000,0.523,0.000,3.025,0.214,38.077,0.000,0.010,0.000,4.933,8.790,0.075,0.000,0.000,2.692,5.334,0.489,1.359,2.253,0.005,0.043,0.573
4076.5,0,32.590,0.000,0.000,0.828,10.663,14.667,0.000,0.000,0.000,0.001,0.001,0.000,0.808,0.296,0.000,2.695,0.971,35.774,0.000,0.006,0.000,5.081,12.243,0.042,0.000,0.000,1.527,5.861,0.278,0.771,1.279,0.003,0.024,0.325
4110.5,0,33.007,0.000,0.000,0.470,7.206,13.679,0.000,0.000,0.000,0.000,0.001,0.000,0.459,0.168,0.000,1.529,1.660,31.762,0.000,0.003,0.000,3.911,8.679,0.024,0.000,0.000,0.867,3.326,1.568,0.437,0.726,0.002,0.014,2.507
4144.5,0,32.895,0.000,0.000,0.267,10.570,16.381,0.000,0.000,0.000,0.000,0.000,0.000,0.260,0.095,0.000,0.868,0.942,32.734,0.000,0.002,0.000,10.551,6.355,0.014,0.000,0.000,2.181,3.171,0.890,0.248,2.101,0.001,0.008,1.422
4178.5,0,34.675,0.000,0.000,0.151,9.628,15.214,0.000,0.000,0.000,0.000,0.000,0.000,0.148,0.054,0.000,0.492,0.534,35.437,0.000,0.001,0.000,7.113,9.637,0.008,0.000,0.000,1.238,2.932,0.505,0.141,1.192,0.000,0.004,0.807
4212.5,0,34.350,0.000,0.000,0.086,10.727,11.065,0.000,0.000,0.000,0.000,0.000,0.000,0.084,0.031,0.000,1.612,1.181,39.781,0.000,1.072,0.000,5.022,10.656,0.004,0.000,0.000,0.702,1.663,1.807,0.080,0.677,0.000,0.003,2.577
4246.5,0,33.195,0.000,0.000,0.049,10.785,9.269,0.000,0.000,0.000,0.000,0.000,0.000,0.048,0.017,0.000,1.901,2.003,37.228,0.000,0.608,0.000,7.120,8.690,0.002,0.000,0.000,1.805,2.460,1.025,0.045,0.384,0.000,1.212,1.462
4280.5,0,31.224,0.000,0.000,0.028,8.382,12.569,0.000,0.000,0.000,0.000,0.000,0.000,0.027,0.010,0.000,2.264,2.883,35.860,0.000,0.345,0.000,8.882,10.443,0.001,0.000,0.000,2.111,4.532,0.582,0.026,0.218,0.000,0.688,2.250
4314.5,0,32.523,0.000,0.000,0.016,8.175,14.691,0.000,0.000,0.000,0.000,0.000,0.000,0.015,0.006,0.000,3.525,1.636,36.430,0.000,0.196,0.000,5.040,8.877,0.001,0.000,0.000,2.765,3.921,0.330,0.015,0.124,0.000,0.390,1.277
4348.5,0,34.309,0.000,0.000,0.009,6.606,12.494,0.000,0.000,0.000,0.000,0.000,0.000,0.009,0.003,0.000,2.871,1.723,36.885,0.000,0.111,0.000,6.467,9.718,0.000,0.000,0.000,1.569,2.225,0.187,0.008,1.203,0.000,0.221,2.641
4382.5,0,34.475,0.000,0.000,0.005,11.088,15.729,0.000,0.000,0.000,0.000,0.000,0.000,0.005,0.002,0.000,2.907,1.799,32.409,0.000,0.063,0.000,4.914,8.282,0.000,0.000,0.000,0.890,2.483,1.362,0.005,2.186,0.000,0.126,1.499
4416.5,0,34.238,0.000,0.000,0.003,11.303,16.421,0.000,0.000,0.000,1.055,0.000,0.000,0.003,0.001,0.000,1.649,1.021,31.853,0.000,0.036,0.000,6.554,11.985,0.000,0.000,0.000,0.505,3.215,0.773,0.003,1.240,0.000,0.071,0.850
4450.5,0,35.006,0.000,0.000,0.002,11.870,12.420,0.000,0.000,0.000,0.599,0.000,0.000,0.002,0.001,0.000,1.883,0.579,38.749,0.000,0.020,0.000,6.531,9.342,0.000,0.000,0.000,0.287,3.571,0.438,2.804,3.123,0.000,0.040,0.483
4484.5,0,36.430,0.000,0.000,0.001,9.859,14.136,0.000,0.000,0.000,0.340,0.000,0.000,0.001,0.000,0.000,1.068,0.329,39.993,0.000,0.012,0.000,4.951,5.301,0.000,0.000,0.000,0.163,4.865,0.249,1.591,1.772,0.000,1.418,0.274
4518.5,0,37.512,0.000,0.000,0.001,13.474,16.326,0.000,0.000,0.000,0.193,0.000,0.000,0.001,0.000,0.000,0.606,0.187,37.823,0.000,0.007,0.000,5.091,6.107,0.000,0.000,0.000,4.440,5.556,0.141,0.903,1.005,0.000,0.805,0.155
4552.5,0,36.853,0.000,0.000,0.000,13.846,17.958,0.000,0.000,0.000,1.246,0.000,0.000,0.000,0.000,0.000,0.344,0.106,43.026,0.000,1.228,0.000,4.073,9.778,0.000,0.000,0.000,3.914,8.117,0.080,0.512,0.570,0.000,0.457,0.088
4586.5,0,36.074,0.000,0.000,0.000,15.413,22.533,0.000,0.000,0.000,0.707,0.000,0.000,0.000,1.225,0.000,1.118,0.060,39.129,0.000,0.697,0.000,3.525,8.298,0.000,0.000,0.000,2.221,5.847,0.045,0.291,1.651,0.000,0.259,0.050
4620.5,0,36.572,0.000,0.000,1.377,15.343,18.970,0.000,0.000,0.000,0.401,0.000,0.000,0.000,0.695,0.000,1.664,0.034,38.482,0.000,0.395,0.000,2.000,8.912,0.000,0.000,0.000,1.260,7.585,0.026,0.165,2.188,0.000,0.147,0.028
4654.5,0,36.036,0.000,0.000,0.782,13.075,20.021,0.000,0.000,0.000,0.228,0.000,0.000,0.000,0.394,0.000,0.944,0.855,37.954,0.000,0.224,0.000,3.853,6.429,0.000,0.000,0.000,0.715,5.758,0.015,0.094,3.003,0.000,0.083,1.460
4688.5,0,37.172,0.000,0.000,0.443,11.061,15.290,0.000,0.000,0.000,0.129,0.000,0.000,0.000,0.224,0.000,0.536,1.334,34.968,0.000,0.127,0.000,2.186,7.116,0.000,0.000,0.000,0.406,6.475,1.555,0.053,1.704,0.000,0.047,0.829
4722.5,0,36.783,0.000,0.000,0.252,14.595,9.663,0.000,0.000,0.000,0.073,0.000,0.000,0.000,2.634,0.000,0.304,0.757,36.569,0.000,0.072,0.000,3.817,8.430,0.000,0.000,0.000,1.785,3.674,0.882,0.030,2.026,0.000,0.027,2.571
4756.5,0,34.446,0.000,0.000,0.143,11.064,10.307,0.000,0.000,0.000,0.042,0.000,0.000,0.000,1.494,0.000,1.419,0.430,36.149,0.000,0.041,0.000,3.442,6.545,0.000,0.000,0.000,2.804,3.861,0.500,0.017,2.433,0.000,0.015,3.491
4790.5,0,35.233,0.000,0.000,0.081,10.244,16.008,0.000,0.000,0.000,0.024,0.000,0.000,0.000,1.810,0.000,2.031,0.244,34.195,0.000,0.023,0.000,5.380,10.995,0.000,0.000,0.000,2.651,5.972,0.284,0.010,2.591,0.000,0.009,1.981
4824.5,0,36.068,0.000,0.000,0.046,11.021,10.472,0.000,0.000,0.000,0.013,0.000,0.000,0.000,3.994,0.000,4.369,0.138,30.851,1.447,0.013,0.000,5.358,12.781,0.000,0.000,0.000,1.504,4.982,0.161,0.006,3.188,0.000,0.005,1.124
4858.5,0,36.278,0.000,0.000,0.026,10.859,12.763,0.000,0.000,0.000,1.254,0.000,0.000,0.000,2.266,0.000,2.479,0.078,36.338,0.821,0.007,0.000,4.338,12.340,0.000,0.000,0.000,0.853,4.199,1.227,0.003,1.809,0.000,0.003,0.638
4892.5,0,35.662,0.000,0.000,0.015,9.675,12.075,0.000,0.000,0.000,0.711,0.000,0.000,0.000,1.286,0.000,1.407,0.045,38.258,0.466,0.004,0.000,3.617,10.811,0.000,0.000,0.000,1.675,3.614,0.696,0.002,1.027,0.000,0.002,0.362
4926.5,0,36.665,0.000,0.000,0.008,9.938,14.666,0.000,0.000,0.000,0.404,0.000,0.000,0.000,0.730,0.000,0.798,0.025,36.315,0.264,0.002,0.000,4.571,10.610,0.000,0.000,0.000,0.950,4.975,0.395,0.001,0.582,0.000,0.001,0.205
4960.5,0,37.784,0.000,0.000,0.005,9.949,15.141,0.000,0.000,0.000,0.229,0.000,0.000,0.000,0.414,0.000,1.629,1.292,36.958,0.150,0.001,0.000,3.981,7.439,0.000,0.000,0.000,0.539,7.384,1.227,0.001,0.331,0.000,0.001,0.117
4994.5,0,36.907,0.000,0.000,0.003,10.628,19.885,0.000,0.000,0.000,0.130,0.000,0.000,0.931,1.588,0.000,0.924,0.733,34.229,0.085,0.001,0.000,4.820,5.593,0.000,0.000,0.000,0.306,7.162,0.696,0.000,0.188,0.000,0.000,1.649
5028.5,0,36.711,0.000,0.000,0.002,14.014,13.253,0.000,0.000,0.000,0.074,0.947,0.000,0.528,0.901,0.000,0.524,1.251,35.068,0.048,0.000,0.000,9.793,5.648,0.000,0.000,0.000,0.174,5.402,0.395,0.000,1.928,0.000,0.000,2.586
5062.5,0,38.818,0.000,0.000,0.001,10.163,12.341,0.000,0.000,0.000,0.042,0.537,0.000,0.300,0.511,0.000,0.298,0.710,36.992,0.027,0.000,0.000,8.603,3.204,0.000,0.000,0.000,0.099,3.065,0.224,0.000,1.094,0.000,0.000,1.467
5096.5,0,35.127,0.000,0.000,0.996,10.119,19.051,0.000,0.000,0.000,0.024,1.325,0.000,1.041,1.455,0.000,2.516,0.403,42.020,0.016,0.000,0.000,7.185,9.042,0.000,0.000,0.000,0.056,2.835,1.311,0.000,0.621,0.000,0.000,2.351
5130.5,0,35.999,0.000,0.000,0.565,9.843,19.033,0.000,0.000,0.000,0.013,0.752,0.000,1.968,0.826,0.000,1.427,0.229,37.287,0.009,0.000,0.000,6.373,6.425,0.000,0.000,0.000,1.793,4.903,0.744,0.000,0.352,0.000,0.000,1.334
5164.5,0,35.353,0.000,0.000,0.321,6.400,14.769,0.000,0.000,0.000,0.008,0.427,0.000,1.117,0.468,0.000,0.810,0.130,34.863,0.005,0.000,0.000,4.697,5.452,0.000,0.000,0.000,1.018,2.782,0.422,0.000,1.976,0.000,0.000,0.757
5198.5,0,39.134,0.000,0.000,0.182,8.320,10.003,0.000,0.000,0.000,0.004,0.242,0.000,0.634,0.266,0.000,1.497,0.074,35.536,0.003,0.000,0.000,2.665,4.217,0.000,0.000,0.000,0.577,2.656,0.240,0.000,1.121,0.000,0.000,0.429
5232.5,0,35.647,0.000,0.000,0.103,14.937,11.490,0.000,0.000,0.000,0.002,0.137,0.000,0.360,0.151,0.000,1.742,1.396,35.021,0.002,0.000,0.000,4.404,3.634,0.000,0.000,0.000,1.579,3.994,0.136,0.000,4.676,0.000,0.000,0.244
5266.5,0,33.667,0.000,0.000,0.059,10.257,14.011,0.000,0.000,0.000,0.001,0.078,0.000,0.204,0.086,0.000,0.989,0.792,34.514,0.001,0.000,0.000,4.974,6.302,0.000,0.000,0.000,0.896,3.834,0.077,1.245,2.653,0.000,0.000,0.138
5300.5,0,35.343,0.000,0.000,0.033,14.653,20.848,0.000,0.000,0.000,0.001,0.044,0.000,1.341,0.049,0.000,1.634,0.450,34.788,0.001,0.000,0.000,5.215,8.999,0.000,0.000,0.000,0.508,4.818,0.044,0.706,1.505,0.000,1.594,0.078
5334.5,0,31.857,0.000,0.000,0.019,10.317,15.489,0.000,0.000,0.000,0.000,0.025,0.000,0.761,0.028,0.000,1.805,1.383,34.228,0.000,0.000,0.000,2.959,14.527,0.000,0.000,0.000,3.644,5.576,0.025,0.401,2.249,0.000,0.904,2.060
5368.5,0,34.257,0.000,0.000,0.011,5.854,14.131,0.000,0.000,0.000,0.000,0.014,0.000,0.432,0.016,0.000,1.846,1.634,32.961,0.000,0.000,0.000,2.760,11.389,0.000,0.000,0.000,2.068,8.659,0.014,0.227,1.276,0.000,0.513,1.169
5402.5,0,37.154,0.000,0.000,0.006,6.219,13.045,0.000,0.000,0.000,0.000,0.008,0.000,0.245,0.009,0.000,1.869,0.927,36.335,0.000,0.000,0.000,6.426,7.614,0.000,0.000,0.000,1.173,6.018,1.010,0.129,0.724,0.000,0.291,0.663
5436.5,0,35.046,0.000,0.000,0.003,5.724,15.305,0.000,0.000,0.000,0.000,0.005,0.000,0.139,0.005,0.000,3.133,0.526,34.599,0.000,0.000,0.000,6.327,4.320,0.000,0.000,0.000,0.666,4.881,0.573,0.073,0.411,0.000,0.165,0.376
5470.5,0,33.767,0.000,0.000,0.002,10.079,13.905,0.000,0.000,0.000,0.842,0.003,0.000,0.079,0.003,0.000,1.778,1.113,36.061,0.000,0.000,0.000,4.784,3.955,0.000,0.000,0.000,0.378,4.021,0.325,0.042,0.233,0.000,0.094,0.214
5504.5,0,34.722,0.000,0.000,0.001,14.598,20.875,0.000,0.000,0.000,0.478,0.001,0.000,0.045,0.002,0.000,1.009,1.547,35.888,0.000,0.000,0.000,2.715,9.351,0.000,0.000,0.000,0.214,2.282,0.185,0.024,0.132,0.000,0.053,0.121
5538.5,0,35.391,0.000,0.000,0.001,14.556,17.010,0.000,0.000,0.000,0.271,0.001,0.000,0.025,0.001,0.000,0.572,0.878,38.701,0.000,0.000,0.000,4.319,8.759,0.000,0.000,0.000,0.122,3.116,0.105,1.412,2.388,0.000,0.030,1.652
5572.5,0,34.740,0.000,0.000,0.000,11.835,9.652,0.000,0.000,0.000,0.154,0.000,0.000,0.014,0.001,0.000,3.575,0.498,37.362,0.000,0.000,0.000,6.459,7.635,0.000,0.000,0.000,1.352,2.863,1.518,0.801,1.355,1.634,0.017,0.937
5606.5,0,36.376,0.000,0.000,0.000,12.196,8.981,0.000,0.000,0.000,0.087,0.000,0.000,0.008,2.591,0.000,4.005,0.283,37.333,0.000,0.000,0.000,8.871,4.332,0.000,0.000,0.000,0.767,4.463,0.861,0.455,2.403,0.927,0.010,0.532
5640.5,0,36.252,0.000,0.000,0.000,13.721,7.231,0.000,0.000,0.000,0.050,0.000,1.289,0.005,1.470,0.000,2.272,0.160,36.630,0.000,0.000,0.000,5.034,3.699,0.000,0.000,0.000,0.435,2.532,0.489,0.258,1.364,0.526,0.006,0.302
5674.5,0,35.853,0.000,0.000,0.000,11.414,11.314,0.000,0.000,0.000,0.028,0.000,0.731,0.003,0.834,0.000,1.289,0.091,37.810,0.000,0.000,0.000,5.186,6.331,0.000,0.000,0.000,1.552,2.710,0.277,0.146,0.774,0.299,0.003,2.025
5708.5,0,34.781,0.000,0.000,0.000,8.812,12.961,0.000,0.000,0.000,0.016,0.000,0.415,1.083,0.473,0.000,2.109,0.052,38.575,0.000,0.000,0.000,6.023,6.226,0.000,0.000,0.000,2.219,3.145,0.157,0.083,0.439,1.777,0.002,2.680
5742.5,0,35.233,0.000,0.000,0.000,12.269,10.491,0.000,0.000,0.000,0.009,0.000,0.235,0.615,0.269,0.000,1.197,0.029,39.729,0.000,0.000,0.000,4.535,6.446,0.000,0.000,0.000,1.259,1.784,0.089,0.047,5.933,2.403,0.001,1.521
5776.5,0,36.012,0.000,0.000,0.000,16.990,10.781,0.000,0.000,0.000,0.005,1.236,0.134,0.349,0.152,0.000,2.459,0.017,37.096,0.000,0.000,0.000,4.945,9.866,0.000,0.000,0.000,0.714,2.373,0.051,1.081,3.366,1.364,1.504,0.863
5810.5,0,37.797,0.000,0.000,0.000,10.759,10.772,0.000,0.000,0.000,0.003,0.701,0.076,0.198,0.086,0.000,1.395,0.009,40.393,0.000,1.387,0.000,5.190,9.670,0.000,0.000,0.000,1.743,4.517,0.029,2.172,1.910,0.774,0.853,0.490
5844.5,0,35.534,0.000,0.000,0.000,11.375,15.754,0.000,0.000,0.000,0.002,0.398,0.043,0.112,1.688,0.000,1.821,0.005,39.491,0.000,0.787,0.000,5.567,8.604,0.000,0.000,0.000,0.989,3.754,0.016,1.233,1.084,0.439,0.484,0.278
5878.5,0,35.675,0.000,0.000,0.000,10.802,13.159,0.000,0.000,0.000,1.268,0.226,0.024,0.064,2.193,0.000,1.926,0.003,39.105,0.000,0.447,0.000,4.343,9.165,0.000,0.000,0.000,1.956,3.684,1.136,0.699,0.615,0.249,0.275,0.158
5912.5,0,34.623,0.000,0.000,0.000,12.746,11.369,0.000,0.000,0.000,0.720,0.128,0.014,0.036,1.244,0.000,4.324,0.002,36.439,0.000,0.253,0.000,5.860,8.909,0.000,0.000,0.000,2.351,5.990,0.644,0.397,0.349,0.141,0.156,0.089
5946.5,0,35.069,0.000,0.000,0.000,11.333,11.468,0.000,0.000,0.000,0.408,0.073,0.008,0.021,0.706,0.000,2.453,0.001,38.535,0.000,0.144,0.000,6.009,10.712,0.000,0.000,0.000,1.334,9.294,0.366,0.225,0.198,0.080,1.669,0.051
5980.5,0,32.648,0.000,0.000,0.000,11.592,13.151,0.000,0.000,0.000,0.232,0.041,0.004,0.012,2.013,0.000,2.501,0.001,39.044,0.000,0.082,0.000,7.392,10.412,0.000,0.000,0.000,2.009,6.342,0.207,0.128,2.440,0.046,0.947,0.029
6014.5,0,34.234,0.000,0.000,0.000,7.524,14.029,0.000,0.000,0.000,0.131,0.023,0.003,0.808,1.142,0.000,1.419,0.000,41.950,0.000,0.046,0.000,7.789,8.711,0.000,0.000,0.000,1.140,5.260,0.118,1.180,2.585,0.026,0.537,0.016
6048.5,0,36.888,0.000,0.000,0.000,8.392,13.609,0.000,0.000,0.000,0.075,0.013,0.001,0.458,1.642,0.000,0.805,0.000,39.411,0.000,0.026,0.000,5.903,4.942,0.000,0.000,0.000,2.227,5.679,3.291,0.670,3.185,0.015,0.305,1.744
6082.5,0,36.236,0.000,0.000,0.000,7.871,14.419,0.000,0.000,0.000,0.042,0.008,0.001,0.260,0.932,0.000,0.457,0.000,36.318,0.000,0.015,0.000,7.697,7.007,0.000,0.000,0.000,2.670,4.433,1.867,0.380,1.807,0.008,0.173,2.375
6116.5,0,35.365,0.000,0.000,0.000,10.110,11.518,0.000,0.000,0.000,0.024,0.004,0.000,0.148,0.529,0.000,0.259,0.808,42.422,0.000,0.008,0.000,8.626,7.289,0.000,0.000,0.000,1.515,7.695,1.060,0.216,2.802,0.005,1.565,1.347
6150.5,0,35.823,0.000,0.000,0.000,7.910,9.630,0.000,0.000,0.000,0.014,0.002,0.000,0.084,0.300,0.000,0.147,0.459,41.715,0.000,0.005,0.000,6.012,10.071,0.000,0.000,0.000,2.165,10.311,0.601,0.122,4.252,0.003,0.888,0.765
6184.5,0,33.041,0.000,0.000,0.000,10.688,8.168,0.000,0.000,0.000,1.037,0.001,0.000,0.048,0.170,0.000,2.052,0.260,40.540,0.000,0.003,0.000,3.411,12.165,0.000,0.000,0.000,2.719,8.242,1.566,1.504,2.413,0.002,0.504,2.304
6218.5,0,33.684,0.000,0.000,0.000,11.752,9.748,0.000,0.000,0.000,0.588,0.001,0.000,0.027,0.097,0.000,1.979,2.081,40.725,0.000,0.002,0.000,1.936,13.642,0.000,0.000,0.000,1.543,7.504,0.888,0.853,3.101,0.001,0.286,1.307
6252.5,0,33.924,0.000,0.000,0.000,9.456,13.556,0.000,0.000,0.000,0.334,0.000,0.000,0.015,0.055,0.000,2.489,2.290,37.399,0.000,0.001,0.000,3.805,15.247,0.000,0.000,0.000,0.876,5.688,0.504,0.484,4.371,0.000,1.756,0.742
6286.5,0,33.102,0.000,0.000,0.000,11.943,12.228,0.000,0.000,0.000,0.189,0.000,0.000,0.009,0.031,0.000,1.412,1.299,40.891,0.000,0.000,0.000,6.850,11.762,0.000,0.000,0.000,0.497,3.227,1.500,1.770,4.184,1.718,0.996,0.421
6320.5,0,32.791,0.000,0.000,0.000,7.972,13.100,0.000,0.000,0.000,0.107,0.000,0.000,0.905,0.018,0.000,2.058,0.737,36.808,0.000,0.000,0.000,3.887,10.613,0.000,0.000,0.000,0.282,6.652,0.851,1.004,2.374,0.975,0.565,0.239
6354.5,0,34.980,0.000,0.000,0.000,11.615,13.015,0.000,0.000,0.000,0.061,0.000,0.000,0.514,0.010,0.000,1.168,1.430,33.138,0.000,0.000,0.000,4.526,13.238,0.000,0.000,0.000,0.160,3.774,0.483,0.570,1.347,0.553,0.321,0.135
6388.5,0,34.409,0.000,0.000,0.000,10.874,13.728,0.000,0.000,0.000,0.035,0.000,0.000,0.292,0.006,0.000,0.663,0.812,33.739,0.000,0.000,0.000,6.343,15.133,0.000,0.000,0.000,0.091,5.092,0.274,0.323,0.764,0.314,0.182,0.077
6422.5,0,34.472,0.000,0.000,0.000,8.763,12.261,0.000,0.000,0.000,0.020,0.000,0.000,1.008,1.474,0.000,0.376,0.460,34.864,0.000,0.000,0.000,6.375,9.691,0.000,0.000,0.000,0.051,5.932,0.156,0.184,0.434,0.178,0.103,0.044
6456.5,0,36.499,0.000,0.000,0.000,10.726,13.679,0.000,0.000,0.000,0.011,0.000,0.000,1.465,0.836,0.000,1.546,0.261,34.554,0.000,0.000,0.000,7.833,7.067,0.000,0.000,0.000,1.281,5.098,0.088,0.104,0.246,0.101,0.059,1.505
6490.5,0,37.875,0.000,0.000,0.000,11.733,16.362,0.000,0.000,0.000,0.006,0.000,0.000,0.831,0.475,0.000,2.014,1.079,38.155,0.000,0.000,0.000,9.487,6.324,0.000,0.000,0.000,0.727,3.970,0.050,0.059,0.140,0.057,0.033,0.854
6524.5,0,36.815,0.000,0.000,0.000,12.899,13.055,0.000,0.000,0.000,0.004,0.000,0.000,0.472,0.269,0.000,4.438,0.612,36.078,0.000,0.000,0.000,6.353,9.166,0.000,0.000,0.000,0.412,2.253,0.028,0.034,0.079,0.033,0.019,0.485
6558.5,0,36.239,0.000,0.000,0.000,14.587,12.673,0.000,0.000,0.000,0.002,0.000,0.000,0.268,0.153,0.000,3.434,1.204,38.329,0.000,0.000,0.000,4.892,12.554,0.000,0.000,0.000,1.868,1.278,1.293,0.019,1.328,0.018,0.011,0.275
6592.5,0,37.587,0.000,0.000,0.000,17.203,10.590,0.000,0.000,0.000,0.001,0.000,0.000,0.152,1.509,0.000,2.812,0.683,33.876,0.000,0.000,0.000,3.737,10.194,0.000,0.000,0.000,1.060,5.338,0.733,0.011,2.415,0.010,1.129,1.687
6626.5,0,35.517,0.000,0.000,0.000,16.157,12.396,0.000,0.000,0.000,0.001,0.000,0.000,0.086,3.401,0.000,1.596,1.554,32.997,0.000,0.000,0.000,2.121,10.723,0.000,0.000,0.000,0.602,5.991,0.416,0.006,2.551,0.006,4.112,0.957
6660.5,0,36.202,0.000,0.000,0.000,13.549,13.254,0.000,0.000,0.000,0.000,0.000,0.000,0.049,1.930,0.000,1.829,0.882,36.294,0.000,0.000,0.000,4.006,9.169,0.000,0.000,0.000,1.503,5.960,0.236,0.003,1.448,0.003,2.333,0.543
6694.5,0,37.819,0.000,0.000,0.000,12.773,21.240,0.000,0.000,0.000,0.000,0.000,0.000,0.028,1.095,0.000,1.038,0.500,34.498,0.000,0.000,0.000,6.029,7.840,0.000,0.000,0.000,0.853,3.382,0.134,1.614,1.945,0.002,1.324,0.308
6728.5,0,37.477,0.000,0.000,0.000,12.337,18.427,0.000,0.000,0.000,0.000,0.000,0.000,0.016,0.621,0.000,0.589,1.184,37.154,0.000,0.000,1.508,5.074,5.630,0.000,0.000,0.000,0.484,1.919,0.076,0.916,1.103,0.001,0.751,0.175
6762.5,0,36.793,0.000,0.000,0.000,9.201,14.904,0.000,0.000,0.000,0.000,0.000,0.000,0.009,0.353,0.000,0.334,0.672,38.853,0.000,0.000,0.856,5.586,4.254,0.000,0.000,0.000,0.274,4.033,0.043,0.520,0.626,0.001,0.426,0.099
6796.5,0,37.652,0.000,0.000,1.100,9.474,14.856,0.000,0.000,0.000,0.000,0.000,0.000,0.005,0.200,0.000,0.190,0.381,37.973,0.000,0.000,0.486,9.916,4.250,0.000,0.000,0.000,1.418,4.545,0.024,0.295,0.355,0.000,0.242,0.056
6830.5,0,35.873,0.000,0.000,0.624,10.978,15.732,0.000,0.000,0.000,0.000,0.000,0.000,0.003,0.114,0.000,1.385,0.216,34.584,0.000,0.000,0.275,6.743,8.270,0.000,0.000,0.000,0.805,6.966,0.014,0.167,0.202,0.000,0.137,0.032
6864.5,0,36.651,0.000,0.000,0.354,12.441,15.093,0.000,0.000,0.000,0.000,0.000,0.000,0.002,0.064,0.000,2.703,0.123,33.315,0.000,0.000,0.156,4.972,6.950,0.000,0.000,0.000,0.457,3.953,0.008,0.095,0.114,0.000,0.078,0.018
6898.5,0,36.420,0.000,0.000,0.201,9.187,15.064,0.000,0.000,0.000,0.000,1.109,0.000,0.001,0.037,0.000,3.255,1.040,31.079,0.000,0.000,0.089,4.304,5.339,0.000,0.000,0.000,0.259,6.711,0.004,0.054,1.437,0.000,0.044,1.647
6932.5,0,37.348,0.000,0.000,0.114,15.017,16.269,0.000,0.000,0.000,0.000,0.629,0.000,0.001,0.021,0.000,1.847,0.590,28.149,0.000,0.000,0.050,4.788,9.534,0.000,0.000,0.000,0.147,6.598,0.003,0.031,0.815,0.000,0.025,0.934
6966.5,0,33.440,0.000,0.000,0.065,17.997,16.311,0.000,0.000,0.000,0.000,0.357,0.000,0.000,0.012,0.000,1.876,0.335,34.109,0.000,0.000,0.029,7.240,8.181,0.000,0.000,0.000,0.083,8.624,0.001,0.017,0.463,0.000,0.014,0.530
7000.5,0,34.597,0.000,0.000,0.037,12.263,17.226,0.000,0.000,0.000,0.000,0.203,0.000,0.000,0.007,0.000,2.311,0.190,36.027,0.000,0.000,0.016,4.108,7.860,0.000,0.000,0.000,0.047,6.699,0.001,0.010,0.262,0.000,0.008,0.301
7034.5,0,33.806,0.000,0.000,0.021,11.347,15.472,0.000,0.000,0.000,0.000,0.115,0.000,0.000,0.004,0.000,3.100,0.964,38.496,0.000,1.376,0.009,5.362,11.116,0.000,0.000,0.000,1.433,6.636,0.000,0.006,0.149,0.000,0.005,2.361
7068.5,0,35.142,0.000,0.000,0.012,7.695,11.700,0.000,0.000,0.000,0.000,0.065,0.000,0.000,1.548,0.000,5.124,0.547,38.871,0.000,0.781,0.005,7.020,11.034,0.000,0.000,0.000,3.368,5.413,0.000,0.003,0.085,0.000,0.003,1.340
7102.5,0,36.871,0.000,0.000,0.007,9.014,14.517,0.000,0.000,0.000,0.000,0.037,0.000,0.000,2.043,0.000,2.907,0.310,42.522,0.000,0.443,0.003,5.303,7.566,0.000,0.000,0.000,3.283,5.847,0.000,0.002,0.048,0.000,0.001,2.229
7136.5,0,34.504,0.000,0.000,0.004,8.286,18.459,0.000,0.000,0.000,0.000,0.021,0.000,0.000,1.159,0.000,1.650,0.176,40.693,0.000,0.251,0.002,4.174,8.819,0.000,0.000,0.000,1.863,5.701,1.298,0.001,0.027,0.000,0.001,1.265
7170.5,0,34.049,0.000,0.000,0.002,10.391,22.867,0.000,0.000,0.000,0.000,0.012,0.000,0.000,0.658,0.000,0.936,2.169,41.425,0.000,0.143,0.001,5.129,9.340,0.000,0.000,0.000,2.664,3.235,2.101,0.001,0.015,0.000,0.000,2.481
7204.5,0,34.910,0.000,0.000,0.001,9.462,18.674,0.000,0.000,0.000,0.000,0.007,0.000,0.000,0.373,0.000,0.531,1.231,38.474,0.000,0.081,0.001,4.469,6.754,0.000,0.000,0.000,1.512,1.836,2.688,0.000,0.009,0.000,0.000,1.408
7238.5,0,35.241,0.000,0.000,0.001,9.205,16.972,0.000,0.000,0.000,0.000,0.004,0.000,0.000,0.212,0.000,0.301,0.698,32.516,0.000,0.046,0.000,4.915,10.646,0.000,0.000,0.000,0.858,2.788,1.525,0.000,0.005,0.000,0.000,0.799
7272.5,0,36.383,0.000,0.000,0.000,10.329,11.469,0.000,0.000,0.000,0.000,0.002,0.000,0.000,0.120,0.000,4.327,0.396,33.295,0.000,0.026,0.000,5.242,8.572,0.000,0.000,0.000,0.487,1.582,2.361,0.000,2.712,1.762,0.000,0.453
7306.5,0,36.098,0.000,0.000,0.000,9.117,11.732,0.000,0.000,0.000,1.366,0.001,0.000,0.000,0.068,0.000,3.564,0.225,30.940,0.000,0.015,0.000,2.974,7.705,0.000,0.000,0.000,2.023,0.898,2.823,0.000,1.539,1.000,0.000,0.257
7340.5,0,34.140,0.000,0.000,0.000,6.301,12.438,0.000,0.000,0.000,0.775,0.001,0.000,0.000,0.039,0.000,2.022,2.209,29.899,0.000,0.008,0.000,3.999,8.927,0.000,0.000,0.000,2.475,0.509,1.602,0.000,0.873,0.567,0.000,1.895
7374.5,0,36.906,0.000,0.000,0.000,8.930,12.890,0.000,0.000,0.000,0.440,0.000,0.000,0.000,0.022,0.000,1.148,1.254,27.861,0.000,1.416,1.090,5.979,8.513,0.000,0.000,0.000,1.404,3.037,0.909,0.000,4.198,0.322,0.000,2.739
7408.5,0,35.312,0.000,0.000,0.000,7.395,18.566,0.000,0.000,0.000,0.250,0.000,0.000,0.000,0.012,0.000,0.651,0.711,29.421,0.000,0.803,0.618,9.582,8.835,0.000,0.000,0.000,2.618,3.130,0.516,0.000,2.382,0.183,0.000,1.554
7442.5,0,34.220,0.000,0.000,0.000,9.793,12.952,0.000,0.000,0.000,0.142,0.000,0.000,0.000,0.007,0.000,1.575,0.404,35.168,0.000,0.456,0.351,5.437,6.555,0.000,0.000,0.000,4.866,2.997,1.364,0.000,1.352,0.104,0.000,0.882
7476.5,0,35.488,0.000,0.000,0.000,12.596,13.421,0.000,0.000,0.000,0.080,0.000,0.000,0.000,0.004,0.000,0.894,0.229,38.050,0.000,1.404,0.199,5.434,3.719,0.000,0.000,0.000,2.761,4.910,0.774,0.000,1.948,0.059,0.000,2.123
7510.5,0,34.126,0.000,0.000,1.355,8.332,11.315,0.000,0.000,0.000,0.888,0.000,0.000,0.000,0.002,0.000,1.753,0.979,38.480,0.000,0.797,0.113,7.125,6.420,0.000,0.000,0.000,1.567,4.638,0.439,0.000,1.105,0.033,0.000,1.205
7544.5,0,36.597,0.000,0.000,0.769,10.698,13.283,0.000,0.000,0.000,1.382,0.000,0.000,0.000,0.001,0.000,0.995,1.471,37.382,0.000,0.452,0.064,6.761,6.049,0.000,0.000,0.000,2.100,3.727,0.249,0.000,0.627,0.019,0.000,0.684
7578.5,0,34.975,0.000,0.000,0.436,11.949,12.045,0.000,0.000,0.000,0.784,1.176,0.000,0.000,0.001,0.000,6.047,0.835,35.986,0.000,0.257,0.036,6.543,10.576,0.000,0.000,0.000,2.682,3.409,1.781,0.000,0.356,0.011,0.000,0.388
7612.5,0,34.211,0.000,0.000,0.247,10.372,15.753,0.000,0.000,0.000,0.445,1.731,0.000,0.000,0.000,0.000,4.394,0.474,37.293,0.000,0.146,0.021,6.742,8.844,0.000,0.000,0.000,1.522,2.994,1.010,0.000,0.202,0.006,0.000,0.220
7646.5,0,36.036,0.000,0.000,0.140,8.400,11.463,0.000,0.000,0.000,0.252,0.982,0.000,0.000,0.000,0.000,2.493,0.269,37.998,0.000,0.083,0.012,6.326,7.993,0.000,0.000,0.000,2.306,3.153,0.573,0.000,0.115,0.003,0.000,1.593
7680.5,0,36.546,0.000,0.000,0.080,11.710,10.709,0.000,0.000,0.000,0.143,0.557,0.000,0.000,0.000,0.000,2.505,0.153,31.159,0.000,0.047,0.007,7.085,9.148,0.000,0.000,0.000,1.308,3.030,0.325,0.000,0.065,1.362,0.000,0.904
7714.5,0,36.707,0.000,0.000,0.045,9.480,7.204,0.000,0.000,0.000,0.081,0.316,0.000,0.000,0.000,0.000,2.485,0.087,31.043,0.000,0.027,0.004,4.020,12.439,0.000,0.000,0.000,0.742,4.894,0.185,0.000,1.310,0.773,0.000,2.835
7748.5,0,33.150,0.000,0.000,0.026,10.112,9.294,0.000,0.000,0.000,0.046,0.179,0.000,0.000,0.970,0.000,2.205,0.049,38.990,0.000,0.015,0.002,3.495,10.430,0.000,0.000,0.000,1.852,4.509,0.105,0.000,0.743,0.439,1.676,1.609
7782.5,0,32.576,0.000,0.000,0.015,8.211,13.246,0.000,0.000,0.000,0.026,0.102,0.000,0.000,0.550,0.000,2.333,0.028,40.247,0.000,0.009,0.001,7.765,12.012,0.000,0.000,0.000,2.334,5.148,0.059,0.000,0.422,0.249,0.951,0.913
7816.5,0,33.291,0.000,0.000,0.008,5.530,11.495,0.000,0.000,0.000,0.015,0.058,0.000,1.257,0.312,0.000,1.324,0.016,36.857,0.000,0.005,0.001,7.513,6.816,0.000,0.000,0.000,1.324,2.921,0.034,0.000,1.681,0.141,0.539,0.518
7850.5,0,33.328,0.000,0.000,0.005,8.591,16.381,0.000,0.000,0.000,0.008,0.033,0.000,0.713,0.177,0.000,1.738,0.009,40.568,0.000,0.003,0.000,7.032,9.767,0.000,0.000,0.000,0.751,3.449,0.019,0.000,0.954,0.080,0.306,0.294
7884.5,0,33.693,0.000,0.000,0.003,9.903,14.251,0.000,0.000,0.000,0.005,0.019,0.000,0.405,0.101,0.000,2.740,0.005,40.559,0.000,0.002,0.000,8.714,7.136,0.000,0.000,0.000,0.426,3.340,0.011,0.000,0.541,0.045,0.174,0.167
7918.5,0,34.130,0.000,0.000,0.002,9.497,8.086,0.000,0.000,0.000,0.003,0.011,0.000,0.230,0.057,0.000,1.555,0.003,34.649,0.000,0.001,0.000,7.166,8.612,0.000,0.000,0.000,1.960,4.297,1.417,1.266,0.307,0.026,0.099,0.095
7952.5,0,33.994,0.000,0.000,0.894,9.972,13.416,0.000,0.000,0.000,0.002,0.006,0.000,0.130,0.032,0.000,2.078,0.002,34.129,0.000,0.001,0.000,6.387,4.886,0.000,0.000,0.000,1.112,2.438,0.804,0.718,1.375,0.015,1.677,0.054
7986.5,0,33.123,0.000,0.000,0.507,13.248,13.014,0.000,0.000,0.000,0.932,0.003,0.000,0.074,2.547,0.000,1.179,0.001,35.031,0.000,0.000,0.000,3.624,5.315,0.000,0.000,0.000,0.631,2.874,0.456,3.375,0.780,0.008,0.951,0.030
8020.5,0,33.437,0.000,0.000,0.288,12.358,12.508,0.000,0.000,0.000,0.529,0.002,0.000,1.013,1.445,0.000,1.533,0.001,31.554,0.000,0.000,1.533,2.056,7.210,0.000,0.000,0.000,0.358,1.631,0.259,1.915,0.443,0.005,0.540,0.017
8054.5,0,33.388,0.000,0.000,0.163,11.874,16.314,0.000,0.000,0.000,0.300,0.001,0.000,0.575,0.820,0.000,2.045,0.000,32.028,0.000,0.000,0.870,4.859,5.795,0.000,0.000,0.000,1.633,3.575,0.147,1.087,0.251,0.003,0.306,0.010
8088.5,0,34.106,0.000,0.000,0.093,10.269,13.830,0.000,0.000,0.000,0.170,0.001,0.000,0.326,0.465,0.000,2.233,0.000,36.242,0.000,0.000,0.494,4.156,4.660,0.000,0.000,0.000,0.927,5.515,0.083,1.570,1.609,0.002,0.174,0.006
8122.5,1,34.112,0.000,0.000,0.053,11.966,11.998,0.000,0.000,0.000,0.097,0.000,0.000,0.185,0.264,0.000,1.267,1.321,36.348,0.000,0.000,0.280,2.358,6.384,0.000,0.000,0.000,1.968,5.695,0.047,0.891,2.481,0.001,0.099,0.003
8156.5,1,32.929,0.000,0.000,0.030,12.356,10.442,0.000,0.000,0.000,1.421,0.000,0.000,0.105,0.150,0.000,1.612,0.750,35.640,0.000,0.000,0.159,2.593,6.594,0.000,0.000,0.000,2.298,3.231,0.027,0.506,4.391,0.000,0.056,0.002
8190.5,1,24.273,0.000,0.000,0.017,13.935,11.001,0.000,0.000,0.000,0.806,0.916,0.000,0.060,0.085,0.000,0.915,0.425,36.676,0.000,0.000,0.090,5.270,10.704,0.000,0.000,0.000,1.304,4.486,0.015,1.452,2.491,0.000,2.784,0.001
8224.5,1,19.694,0.000,0.000,0.010,7.907,10.636,0.000,0.000,0.000,0.457,2.861,0.000,0.034,0.048,0.000,1.458,1.172,35.704,0.000,0.000,0.051,3.985,7.528,0.000,0.000,0.000,2.243,4.263,0.009,0.824,2.655,0.000,1.580,0.001
8258.5,1,17.125,0.000,0.000,1.124,7.153,6.035,0.000,0.000,1.046,0.260,1.623,1.289,0.019,1.064,2.632,5.614,3.723,33.384,0.000,0.000,0.029,2.261,7.382,0.000,0.000,0.000,1.273,2.419,0.005,0.467,1.507,0.000,0.896,0.000
8292.5,1,15.168,0.000,0.000,1.970,6.079,4.734,0.000,0.000,2.600,1.118,3.428,2.097,1.321,7.836,1.494,4.189,5.890,35.210,0.000,0.000,0.016,5.093,7.843,0.000,0.000,0.000,0.722,4.536,0.003,0.265,0.855,0.000,0.509,1.839
8326.5,1,14.626,0.000,0.000,1.118,4.717,2.686,0.000,0.000,2.324,1.484,4.003,4.046,2.962,6.818,1.722,4.392,7.664,35.922,0.000,0.000,0.009,6.479,9.127,0.000,0.000,0.000,1.748,3.901,2.869,0.150,0.485,0.000,0.289,1.044
8360.5,1,14.406,0.000,0.000,1.820,4.516,2.367,1.377,0.000,1.319,1.951,6.182,5.161,3.913,6.004,4.493,2.492,4.349,38.701,0.000,0.000,0.005,4.679,7.554,0.000,0.000,0.000,0.992,2.213,1.628,0.085,0.275,0.000,0.164,0.592
8394.5,1,13.448,0.000,0.000,2.268,5.069,2.471,0.782,0.000,3.018,6.926,6.350,3.932,3.183,10.020,5.576,1.414,3.446,36.836,0.000,0.000,1.130,8.775,10.052,0.000,0.000,0.000,0.563,1.256,0.924,0.048,6.211,0.000,0.093,0.336
8428.5,1,10.511,0.000,0.000,1.287,3.855,1.402,0.443,0.000,3.022,7.017,6.822,4.164,4.405,11.496,5.111,3.001,5.194,36.429,0.000,0.000,0.641,7.209,9.941,0.000,0.000,0.000,1.835,3.155,0.524,0.027,3.524,0.000,0.053,0.191
8462.5,1,8.270,0.000,0.000,0.730,2.989,1.859,0.252,0.000,2.951,5.128,7.748,4.818,4.835,6.523,2.900,3.875,5.748,36.718,0.000,1.099,0.364,6.402,7.303,0.000,0.000,0.000,1.041,3.626,0.297,0.016,2.000,0.000,1.163,0.108
8496.5,1,6.565,0.000,0.000,0.414,1.696,1.055,0.143,1.906,4.624,4.056,10.076,6.243,3.834,6.936,2.520,3.202,5.350,38.021,0.000,0.623,0.206,3.633,5.515,0.000,0.000,0.000,3.544,3.374,0.169,0.009,1.135,0.000,0.660,0.061
8530.5,1,5.948,0.000,0.000,0.235,0.962,1.611,0.081,2.076,5.022,4.254,10.221,9.082,3.107,7.156,4.889,2.703,6.165,36.618,0.000,0.354,0.117,3.532,7.297,0.000,0.000,0.000,2.011,3.469,1.460,0.005,3.997,0.000,0.374,0.035
8564.5,1,5.293,0.000,0.000,1.261,0.546,0.914,0.046,1.178,2.850,3.746,10.522,6.031,5.529,9.037,5.963,1.533,8.303,37.675,0.000,0.201,0.066,5.691,7.974,0.000,0.000,0.000,1.141,1.968,0.829,0.003,3.336,0.000,0.212,0.020
8598.5,1,4.620,0.000,0.000,2.845,1.391,1.694,0.026,0.669,2.735,6.229,10.379,8.873,7.067,12.182,7.723,1.801,8.212,39.392,0.000,0.114,0.038,6.798,7.374,0.000,0.000,0.000,0.647,3.657,0.470,0.002,1.893,0.000,1.768,0.011
8632.5,1,3.403,0.000,0.000,2.422,0.790,0.961,0.015,2.486,4.916,5.425,7.255,12.100,7.016,6.912,6.688,2.300,12.132,35.531,0.000,1.154,0.021,3.857,7.341,0.000,0.000,0.000,0.367,6.474,0.267,1.388,1.074,0.000,1.003,0.006
8666.5,1,2.783,0.000,0.000,2.412,1.595,0.545,0.008,2.381,6.132,5.119,5.198,6.866,5.157,5.971,8.529,4.390,10.964,40.691,0.000,0.655,0.012,4.692,10.721,0.000,0.000,0.000,0.208,3.673,1.622,0.788,0.609,0.000,0.569,0.004
8700.5,1,2.450,0.000,0.000,2.331,0.905,0.310,1.042,1.351,8.309,5.817,8.366,7.245,6.758,8.168,7.777,5.894,10.306,41.311,0.000,0.372,0.007,3.971,11.902,0.000,0.000,0.000,1.251,2.084,0.920,2.992,2.137,0.000,0.323,3.649
8734.5,1,1.689,0.000,0.000,3.631,0.513,0.176,3.169,2.967,7.682,6.292,10.306,9.326,6.867,8.725,7.823,4.426,6.851,41.205,0.000,0.211,0.004,8.417,8.457,0.000,0.000,0.000,0.710,1.183,0.522,1.697,2.874,0.000,0.183,2.071
8768.5,1,1.079,0.000,0.000,3.426,0.291,0.100,5.825,2.562,11.535,6.735,12.174,6.410,3.896,17.079,8.077,5.014,7.767,39.723,0.000,0.120,0.002,9.130,6.962,0.000,0.000,0.000,3.493,2.009,2.993,0.963,1.631,0.000,0.104,1.175
8802.5,1,0.612,0.000,0.000,3.091,0.165,0.057,3.305,4.828,14.022,7.089,9.227,10.274,4.307,14.748,8.127,5.036,7.408,42.737,0.000,0.068,0.001,7.360,5.357,0.000,0.000,0.000,4.617,2.788,1.698,1.711,0.925,0.000,0.059,0.667
8836.5,1,0.347,0.000,0.000,2.654,0.094,0.032,1.875,8.756,13.890,5.113,9.244,9.601,7.586,12.540,10.450,5.162,11.800,40.013,0.000,0.039,0.001,11.230,5.584,0.000,0.000,0.000,2.620,4.521,0.964,0.971,0.525,0.000,0.033,0.378
8870.5,1,0.197,0.000,0.000,3.797,0.053,0.018,1.064,8.868,18.524,2.901,10.381,10.094,5.670,18.980,9.499,5.502,13.478,39.918,0.000,0.022,0.000,7.576,8.142,0.000,0.000,0.000,1.486,2.565,0.547,0.551,0.298,0.000,0.019,0.215
8904.5,1,0.112,0.000,0.000,4.425,0.030,0.010,1.871,7.162,12.631,4.420,5.890,10.693,7.283,14.096,6.892,3.122,12.758,36.336,0.000,0.012,0.000,7.023,10.064,0.000,0.000,0.000,2.193,4.288,0.310,0.313,0.169,0.000,1.125,0.122
8938.5,1,0.063,0.000,0.000,3.810,0.017,0.006,6.431,5.441,14.681,2.508,7.229,7.186,9.027,14.649,7.989,1.771,8.117,35.862,0.000,0.007,0.000,5.066,6.770,0.000,0.000,0.000,1.244,3.594,1.390,0.177,0.096,0.000,0.638,1.804
8972.5,1,0.036,0.000,0.000,5.363,0.010,0.003,7.182,8.762,20.678,2.435,9.159,7.627,8.825,14.608,7.697,1.005,8.740,40.940,0.000,0.004,0.000,6.398,8.113,0.000,0.000,0.000,0.706,3.172,0.789,0.101,1.449,0.000,0.362,2.925
9006.5,1,0.020,0.000,0.000,9.360,0.006,0.002,6.589,6.650,14.609,1.382,5.197,7.004,11.593,8.289,5.418,0.570,9.858,37.502,0.000,0.002,0.000,4.929,8.300,0.000,0.000,0.000,0.401,3.254,0.448,0.057,0.822,0.000,0.205,1.660
9040.5,1,0.012,0.000,0.000,7.422,0.003,0.001,7.763,10.056,12.310,0.784,4.227,8.916,8.692,5.928,3.074,0.324,10.277,36.210,0.000,0.001,0.000,5.946,10.602,0.000,0.000,0.000,0.227,4.968,0.254,0.032,0.467,0.000,0.117,0.942
9074.5,1,0.007,0.000,0.000,5.407,0.002,0.001,7.259,10.485,11.398,0.445,5.153,7.034,7.630,3.363,1.744,0.184,13.173,36.567,0.000,0.001,0.000,6.958,9.138,0.000,0.000,0.000,0.129,4.030,0.144,0.018,0.265,0.000,0.066,0.534
9108.5,1,0.004,0.000,0.000,3.068,0.001,0.000,7.668,13.527,10.128,0.252,2.924,10.206,8.774,1.908,0.990,0.104,9.345,37.696,0.000,0.000,0.000,6.760,9.201,0.000,0.000,0.000,1.564,3.438,0.082,0.010,0.150,0.000,0.038,1.747
9142.5,1,0.002,0.000,0.000,3.642,0.001,0.000,9.939,11.679,8.162,0.143,2.705,7.007,8.217,1.083,0.562,0.059,7.298,37.302,0.000,0.000,0.000,3.836,10.277,0.000,0.000,0.000,0.888,3.074,1.366,0.006,1.679,0.000,0.021,0.991
9176.5,1,0.001,0.000,0.000,4.558,0.000,0.000,9.053,12.850,12.267,0.081,1.535,3.976,6.707,0.614,0.319,2.373,4.141,35.929,0.000,0.000,0.000,4.578,8.316,0.000,0.000,0.000,0.504,4.284,2.174,0.003,2.601,0.000,0.012,0.563
9210.5,1,45.810,0.000,0.000,2.586,1.355,0.000,5.137,11.158,12.811,3.568,5.787,4.759,6.394,0.349,0.181,2.493,2.350,35.091,0.000,0.000,0.000,5.849,11.498,0.000,0.000,0.000,0.286,3.499,1.234,0.002,2.535,0.000,0.007,0.319
9244.5,1,72.249,0.000,0.000,1.468,17.692,8.215,5.010,6.331,7.269,23.356,18.315,13.406,4.457,0.198,0.103,2.257,1.333,38.138,0.000,0.000,0.000,8.924,13.597,0.000,0.000,0.000,1.353,3.837,0.700,0.001,4.177,0.000,0.004,0.181
9278.5,1,83.221,0.000,0.000,0.833,21.147,29.262,2.843,3.592,4.125,43.596,31.711,24.734,2.529,0.112,0.058,1.281,0.757,37.117,0.000,0.000,0.000,6.209,14.004,0.000,0.000,0.000,0.768,3.310,0.397,0.001,2.370,0.000,0.002,0.103
9312.5,1,91.819,0.000,0.000,0.472,20.394,36.059,1.613,2.038,2.340,32.213,29.933,19.597,1.435,0.064,0.033,0.727,0.429,37.291,0.000,0.000,0.000,6.130,13.957,0.000,0.000,0.000,0.436,6.054,0.225,0.000,1.345,0.000,0.001,0.058
9346.5,1,89.787,0.000,0.000,0.268,20.229,38.571,0.915,1.157,1.328,24.986,21.186,11.119,0.814,0.036,0.019,0.412,0.244,34.773,0.000,0.000,0.000,4.798,14.003,0.000,0.000,0.000,1.488,3.435,0.128,0.000,2.193,0.000,0.001,0.033
9380.5,1,91.701,0.000,0.000,0.152,18.776,26.982,0.519,0.656,0.754,18.544,14.081,8.854,0.462,1.619,0.011,0.234,0.138,32.574,0.000,0.000,0.000,7.686,11.823,0.000,0.000,0.000,0.845,1.949,0.073,0.000,4.562,0.000,0.000,0.019
9414.5,0,91.021,0.000,0.000,0.086,13.732,25.758,0.295,0.372,0.428,11.865,20.834,5.024,0.262,0.919,0.006,0.133,0.078,35.207,0.000,0.000,0.000,8.165,9.296,0.000,0.000,0.000,0.479,2.358,0.041,0.000,2.589,0.000,0.000,0.011
9448.5,0,89.525,0.000,0.000,0.049,14.305,19.910,0.167,0.211,0.243,7.918,12.997,4.894,0.149,0.521,0.003,0.075,0.044,35.212,0.000,0.000,0.000,6.918,5.275,0.000,0.000,0.000,0.272,5.108,0.023,0.000,1.469,0.000,1.114,0.006
9482.5,0,88.348,0.000,0.000,0.028,11.447,14.482,0.095,0.120,0.138,6.600,7.375,2.777,0.084,0.296,0.002,0.043,0.025,33.441,0.000,0.000,0.000,6.284,2.993,1.491,0.000,0.000,0.154,5.585,0.013,0.000,0.833,0.000,0.632,0.003
9516.5,0,90.945,0.000,0.000,0.016,9.204,13.537,0.054,0.068,0.078,4.602,4.185,2.418,0.048,1.753,0.001,1.345,1.001,34.429,0.000,0.000,0.000,4.602,1.698,0.846,0.000,0.000,0.088,3.169,0.008,0.000,0.473,0.000,0.359,0.002
9550.5,0,85.245,0.000,0.000,0.009,12.233,11.921,0.031,0.039,0.044,2.611,2.374,1.372,1.109,2.382,0.001,1.784,2.586,34.553,0.000,1.411,0.000,5.329,4.037,0.480,0.000,0.000,0.050,3.379,0.004,0.000,0.268,0.000,0.204,0.001
9584.5,0,79.261,0.000,0.000,0.005,11.392,16.615,0.017,0.022,0.025,1.482,1.347,0.779,0.629,1.352,0.000,3.003,3.690,34.031,0.000,0.801,0.000,4.238,3.674,0.272,0.000,0.000,0.028,3.190,0.002,0.000,1.536,0.000,0.115,0.001
9618.5,0,75.704,0.000,0.000,0.003,11.206,18.987,0.010,0.012,0.014,0.841,0.764,0.442,1.165,1.830,0.000,4.146,4.353,33.219,0.000,0.454,0.000,3.599,3.423,0.155,0.000,0.000,0.016,3.093,0.001,0.000,2.052,0.000,0.066,0.000
9652.5,0,73.708,0.000,0.000,0.002,12.092,14.935,0.006,0.007,0.008,0.477,0.434,0.251,0.661,1.038,0.000,2.352,2.470,34.297,0.000,0.258,0.000,7.746,3.153,0.088,0.000,0.000,0.009,3.139,0.001,0.000,1.164,0.000,0.037,0.000
9686.5,0,72.679,0.000,0.000,0.001,11.699,15.947,0.003,0.004,0.005,0.271,0.246,0.142,0.375,0.589,0.000,2.156,2.287,32.969,0.000,0.146,0.000,4.395,5.903,0.050,0.000,0.000,0.005,4.929,0.000,0.000,0.661,0.000,0.021,0.000
9720.5,0,68.891,0.000,0.000,0.001,8.027,14.983,0.002,0.002,0.003,0.154,0.140,0.081,0.213,0.334,0.000,1.224,2.176,34.142,0.000,0.083,0.000,6.195,9.755,0.028,0.000,0.000,0.003,2.797,1.215,0.000,0.375,0.000,0.012,0.000
9754.5,0,67.396,0.000,0.000,0.000,8.117,13.464,0.001,0.001,0.001,0.087,0.079,0.046,1.067,2.374,0.000,0.694,2.166,35.512,0.000,0.047,0.000,4.998,11.632,0.016,0.000,0.000,0.002,4.666,0.689,0.000,1.902,1.231,0.007,0.000
9788.5,0,68.017,0.000,0.000,0.000,7.462,11.635,0.001,0.001,0.001,0.049,0.045,0.026,1.696,4.206,0.000,1.243,1.229,37.731,0.000,0.027,0.000,4.020,7.841,0.009,0.000,0.000,0.001,6.631,0.391,0.000,2.193,0.699,0.004,0.000
9822.5,0,66.974,0.000,0.000,0.000,9.867,14.379,0.000,0.000,0.000,0.028,0.026,0.015,0.963,2.387,0.000,3.033,1.668,37.169,0.000,0.015,0.000,2.281,11.615,0.005,0.000,0.000,0.001,5.383,0.222,0.000,2.349,0.396,0.002,0.000
9856.5,0,65.761,0.000,0.000,0.000,10.460,12.576,0.000,0.000,0.000,0.016,0.014,0.008,0.546,1.354,0.000,5.278,0.946,34.765,0.000,0.009,0.000,2.753,9.071,0.003,0.000,0.000,1.443,4.662,0.126,0.000,1.333,0.225,0.001,1.570
9890.5,0,65.655,0.000,0.000,0.000,10.379,7.136,0.000,0.000,0.000,0.009,0.008,0.005,1.305,0.768,0.000,2.995,0.537,33.963,0.000,0.005,0.000,1.562,7.558,0.002,0.000,0.000,0.819,3.950,0.071,0.000,3.437,0.128,0.001,0.891
9924.5,0,63.563,0.000,0.000,0.000,11.447,8.279,0.000,0.000,0.000,0.005,0.005,0.003,1.711,0.436,0.000,2.720,1.147,35.574,0.000,0.003,0.000,3.906,8.146,0.001,0.000,0.000,1.748,7.191,0.041,0.000,1.950,0.072,0.000,0.505
9958.5,0,60.669,0.000,0.000,0.000,9.886,6.723,0.000,0.000,0.000,0.003,0.003,0.002,0.971,0.247,0.000,1.543,0.651,35.387,0.000,0.002,0.000,5.404,7.278,0.001,0.000,0.000,0.992,6.564,0.023,0.000,2.883,1.436,0.000,0.287
9992.5,0,58.217,0.000,0.000,0.000,11.383,11.683,0.000,0.000,0.000,0.002,0.002,0.001,0.551,1.793,0.000,3.232,1.626,35.811,0.000,0.001,0.000,7.423,5.862,0.000,0.000,0.000,0.563,5.457,0.013,0.000,2.695,0.815,0.000,0.163
10026.5,0,55.403,0.000,0.000,0.000,7.532,11.670,0.000,0.000,0.000,0.001,0.001,0.000,0.313,1.017,0.000,1.834,0.923,36.985,0.000,0.001,0.000,9.817,8.490,0.000,0.000,0.000,1.613,5.972,0.007,0.000,4.097,0.462,0.000,0.092
10060.5,0,56.942,0.000,0.000,0.000,10.679,16.627,0.000,0.000,0.000,0.001,0.000,0.000,0.177,0.577,0.000,1.040,1.587,33.138,0.000,0.000,0.000,5.570,6.028,0.000,0.000,0.000,0.915,7.827,0.004,1.054,3.393,0.262,0.000,0.052
10094.5,0,56.033,0.000,0.000,0.000,11.770,15.836,0.000,0.000,0.000,0.000,0.000,0.000,0.101,1.338,0.000,2.923,0.901,34.062,0.000,0.000,0.000,5.871,6.838,0.000,0.000,0.000,0.519,4.441,0.002,0.598,1.925,0.149,0.000,2.166
10128.5,0,55.940,0.000,0.000,0.000,15.915,16.594,0.000,0.000,0.000,0.000,0.000,0.000,0.057,0.759,0.000,1.659,1.727,38.483,0.000,0.000,0.000,5.848,5.163,0.000,0.000,0.000,0.295,3.836,0.001,2.735,4.327,0.084,0.000,1.229
10162.5,0,53.317,0.000,0.000,0.000,12.394,18.326,0.000,0.000,0.000,0.000,1.366,0.000,0.032,0.431,0.000,3.109,0.980,38.137,0.000,0.000,0.000,7.830,10.998,0.000,0.000,0.000,0.167,5.902,0.970,1.552,2.455,0.048,0.000,0.697
10196.5,0,53.942,0.000,0.000,0.000,12.046,14.972,0.000,0.000,0.000,0.000,0.775,0.000,0.018,0.245,0.000,2.599,1.751,33.886,0.000,0.000,0.000,5.678,8.564,0.000,0.000,0.000,0.095,3.349,0.551,0.881,1.393,0.027,0.000,0.396
10230.5,0,50.816,0.000,0.000,0.000,10.884,13.856,0.000,0.000,0.000,0.000,0.440,0.000,0.010,0.139,0.000,1.475,0.994,36.189,0.000,0.000,0.000,5.950,8.874,0.000,0.000,0.000,0.054,1.900,0.312,0.500,3.812,0.015,0.000,4.394
10264.5,0,48.748,0.000,0.000,0.000,12.034,14.378,0.000,0.000,0.000,0.000,0.250,0.000,0.006,0.079,0.000,1.686,0.564,40.619,0.000,0.000,0.000,5.578,8.236,0.000,0.000,0.000,0.031,3.711,1.332,0.284,3.757,0.009,0.000,2.493
10298.5,0,47.357,0.000,0.000,0.000,9.638,14.193,0.000,0.000,0.000,0.000,0.142,0.000,0.003,0.045,0.000,2.680,0.320,34.884,0.000,0.000,0.000,5.702,13.124,0.000,0.000,0.000,0.017,6.766,0.756,0.161,2.132,0.005,0.000,4.394
10332.5,0,46.869,0.000,0.000,0.000,7.485,13.045,0.000,0.000,0.000,0.000,0.080,0.000,0.002,0.025,0.000,1.520,0.182,35.918,0.000,0.000,0.000,5.717,11.628,0.000,0.000,0.000,0.010,5.246,1.716,0.091,4.042,0.003,0.000,2.493
10366.5,0,48.050,0.000,0.000,0.000,4.247,15.900,0.000,0.000,0.000,0.000,0.046,0.000,1.390,0.014,0.000,0.863,1.203,33.211,0.000,0.000,0.000,3.244,14.345,0.000,0.000,0.000,1.436,7.795,0.974,0.052,2.294,0.002,0.000,1.415
10400.5,0,47.610,0.000,0.000,0.000,6.801,18.827,0.000,0.000,0.000,0.000,0.026,0.000,0.789,0.008,0.000,1.353,0.683,31.548,0.000,0.000,0.000,4.158,9.361,0.000,0.000,0.000,0.815,8.295,0.553,0.029,2.818,0.001,0.000,0.803
10434.5,0,51.466,0.000,0.000,0.000,10.194,20.278,0.000,0.000,0.000,0.000,0.015,0.000,1.348,1.335,0.000,2.134,1.593,30.738,0.000,0.000,0.000,4.939,9.642,0.000,0.000,0.000,0.462,7.994,0.314,0.017,2.713,0.001,0.000,0.456
10468.5,0,47.528,0.000,0.000,0.000,9.898,16.304,0.000,0.000,0.000,0.000,0.008,0.000,0.765,0.758,0.000,2.447,0.904,34.415,0.000,0.000,0.000,3.911,7.146,0.000,0.000,0.000,0.262,4.536,0.178,1.385,1.539,0.000,0.000,0.258
10502.5,0,45.655,0.000,0.000,0.000,9.998,15.572,0.000,0.000,0.000,0.000,0.005,0.000,0.434,0.430,0.000,1.388,0.513,33.378,0.000,0.000,0.000,7.306,4.055,0.000,0.000,0.000,0.149,6.234,1.173,0.786,0.873,0.000,0.000,0.147
10536.5,0,47.693,0.000,0.000,0.000,12.551,15.098,0.000,0.000,0.000,0.000,0.003,0.000,0.246,0.244,0.000,3.039,0.291,37.248,0.000,0.000,0.000,7.080,6.855,0.000,0.000,0.000,0.084,4.898,0.665,0.446,2.050,0.000,0.000,0.083
10570.5,0,50.220,0.000,0.000,0.000,9.830,11.382,0.000,0.000,0.000,0.000,0.002,0.000,0.140,1.698,0.000,1.724,0.165,38.321,0.000,0.000,0.000,6.335,3.889,0.000,0.000,0.000,0.048,4.117,0.378,0.253,1.163,0.000,1.231,0.047
10604.5,0,47.362,0.000,0.000,0.000,5.578,12.677,0.000,0.000,0.000,0.000,0.001,0.000,0.079,2.080,0.000,0.978,0.987,35.780,0.000,0.000,0.000,3.594,7.285,0.000,0.000,0.000,0.027,3.450,0.214,2.107,0.660,0.000,0.699,0.027
10638.5,0,49.193,0.000,0.000,0.000,6.747,13.519,0.000,0.000,0.000,0.000,0.000,0.000,0.045,2.806,0.000,1.534,0.560,35.114,0.000,0.000,0.000,3.439,6.422,0.000,0.000,0.000,0.015,6.731,0.122,1.196,1.805,0.000,0.396,1.916
10672.5,0,46.657,0.000,0.000,0.000,6.992,13.660,0.000,0.000,0.000,0.000,0.000,0.000,0.026,1.592,0.000,0.870,0.318,33.922,0.000,0.000,0.000,4.368,6.476,0.000,0.000,0.000,0.009,5.581,0.069,0.679,1.024,0.000,0.225,1.087
10706.5,0,46.490,0.000,0.000,0.000,9.129,12.761,0.000,0.000,0.000,0.963,0.000,0.000,1.026,0.903,0.000,0.494,0.180,37.016,0.000,0.000,0.000,2.478,8.420,0.000,0.000,0.000,1.091,4.505,0.039,0.385,0.581,0.000,0.128,2.789
10740.5,0,45.146,0.000,0.000,0.000,8.618,8.134,0.000,0.000,0.000,0.546,0.000,0.000,0.582,0.513,0.000,1.158,0.988,37.230,0.000,0.000,0.000,2.434,8.036,0.000,0.000,0.000,0.619,3.797,0.022,0.218,0.330,0.000,0.072,1.583
10774.5,0,44.236,0.000,0.000,0.000,12.131,11.622,0.000,0.000,0.000,0.310,0.000,0.000,0.330,1.277,0.000,1.636,0.561,39.231,0.000,0.000,0.000,2.517,7.579,0.000,0.000,0.000,0.351,3.438,0.013,0.124,0.187,0.000,0.041,3.240
10808.5,0,40.170,0.000,0.000,0.000,13.265,10.152,0.000,0.000,0.000,0.176,0.000,0.000,0.188,0.724,0.000,1.750,1.400,36.314,0.000,0.000,0.000,3.853,7.597,0.000,0.000,0.000,0.199,1.951,0.007,0.070,0.106,0.000,0.023,1.838
10842.5,0,44.188,0.000,0.000,0.000,13.767,8.990,0.000,0.000,0.000,0.100,0.000,0.000,0.106,1.894,0.000,0.993,0.794,36.363,0.000,1.599,0.000,2.186,5.638,0.000,0.000,0.000,1.397,1.107,0.004,0.040,0.060,0.000,0.013,1.043
10876.5,0,44.715,0.000,0.000,0.000,9.679,12.812,0.000,0.000,0.000,0.057,0.000,0.000,0.060,1.075,0.000,0.563,0.451,36.322,0.000,0.907,0.000,4.820,10.829,0.000,0.000,0.000,1.916,0.628,1.367,0.023,1.696,0.000,0.008,2.400
10910.5,0,43.825,0.000,0.000,0.000,13.120,16.436,0.000,0.000,0.000,0.032,0.000,0.000,0.034,1.952,0.000,0.320,0.256,36.541,0.000,0.515,0.000,6.273,9.106,0.000,0.000,0.000,1.087,7.166,0.776,0.013,2.556,0.000,0.004,1.362
10944.5,0,43.115,0.000,0.000,0.000,9.137,11.957,0.000,0.000,0.000,0.018,0.000,0.000,0.019,2.363,0.000,0.181,0.145,35.895,0.000,0.292,0.000,7.054,8.179,0.000,0.000,0.000,1.778,7.064,1.443,0.007,1.450,0.000,0.002,0.773
10978.5,0,40.579,0.000,0.000,0.000,10.196,11.187,0.000,0.000,0.000,0.010,0.000,0.000,0.011,1.341,0.000,0.989,1.164,36.187,0.000,0.166,0.000,5.022,4.641,0.000,0.000,0.000,1.009,4.008,2.378,0.004,3.341,0.000,0.001,0.439
11012.5,0,40.687,0.000,0.000,0.000,7.163,12.845,0.000,0.000,0.000,0.006,0.000,0.000,0.006,0.761,0.000,1.756,0.660,37.657,0.000,0.094,0.000,2.849,5.472,0.000,0.000,0.000,4.016,3.741,2.394,0.002,1.896,0.000,0.001,0.249
11046.5,0,37.917,0.000,0.000,0.000,6.267,19.528,0.000,0.000,0.000,0.003,0.000,0.000,0.004,0.432,0.000,0.997,0.375,39.555,0.000,0.053,0.000,3.075,6.596,0.000,0.000,0.000,2.279,3.677,1.359,0.001,3.592,0.000,0.000,1.597
11080.5,0,38.558,0.000,0.000,0.000,7.950,17.298,0.000,0.000,0.000,0.002,0.000,0.000,0.002,0.245,0.000,1.656,0.213,34.540,0.000,0.030,0.000,3.144,5.310,0.000,0.000,0.000,1.293,5.833,1.724,0.001,2.038,0.000,0.000,0.906
11114.5,0,39.709,0.000,0.000,0.000,9.117,14.459,0.000,0.000,0.000,0.909,0.000,0.000,0.001,0.139,0.000,0.940,0.121,33.200,0.000,0.017,0.000,1.784,4.455,0.000,0.000,0.000,0.734,4.396,0.978,0.000,1.157,0.000,0.000,0.514
11148.5,0,42.504,0.000,0.000,0.000,10.002,12.575,0.000,0.000,0.000,0.516,0.000,0.000,0.001,1.283,0.000,2.827,0.068,35.837,0.000,0.010,0.000,2.066,5.609,0.000,0.000,0.000,5.090,3.599,0.555,0.000,0.656,0.000,0.000,1.888
11182.5,0,41.465,0.000,0.000,0.000,13.828,13.971,0.000,0.000,0.000,0.293,0.000,0.000,0.000,0.728,0.000,1.604,0.039,35.772,0.000,0.006,0.000,2.745,8.216,0.000,0.000,0.000,2.888,5.141,0.315,0.000,0.372,0.000,0.000,3.413
11216.5,0,42.872,0.000,0.000,0.000,11.541,13.797,0.000,0.000,0.000,0.166,0.000,0.000,0.000,0.413,0.000,1.705,0.022,33.700,0.000,0.003,0.000,3.916,8.074,0.000,0.000,0.000,1.639,8.024,0.179,0.000,0.211,0.000,0.000,3.322
11250.5,0,42.472,0.000,0.000,0.000,15.156,11.340,0.000,0.000,0.000,0.094,0.000,0.000,0.000,0.234,0.000,2.927,1.178,31.620,0.000,0.002,0.000,3.184,11.769,0.000,0.000,0.000,0.930,7.576,0.101,0.000,0.120,0.000,0.000,1.885
11284.5,0,41.582,0.000,0.000,0.000,13.045,14.156,0.000,0.000,0.000,0.053,0.000,0.000,0.000,0.133,0.000,3.815,0.669,31.387,0.000,0.001,0.000,5.816,7.737,0.000,0.000,0.000,0.528,8.461,0.058,0.000,0.068,0.000,0.000,1.069
11318.5,0,40.656,0.000,0.000,0.000,10.243,17.948,0.000,0.000,0.000,0.030,0.000,0.000,0.000,0.075,0.000,2.986,1.657,28.784,0.000,0.001,0.000,5.866,7.350,0.000,0.000,0.000,0.299,5.878,0.033,1.572,1.354,0.000,0.000,2.356
11352.5,0,40.311,0.000,0.000,0.000,9.986,16.153,0.000,0.000,0.000,0.017,0.000,0.000,1.310,1.151,0.000,1.695,0.940,30.105,0.000,0.000,0.000,5.420,5.284,0.000,0.000,0.000,0.170,6.360,0.019,0.892,1.930,0.000,0.000,3.101
11386.5,0,40.974,0.000,0.000,0.000,11.930,17.471,0.000,0.000,0.000,0.010,0.000,0.000,0.743,0.653,0.000,1.840,1.709,30.573,0.000,0.000,0.000,7.212,7.163,0.000,0.000,1.609,0.096,3.609,0.011,0.506,1.095,1.581,0.000,1.759
11420.5,0,39.984,0.000,0.000,0.000,11.695,17.731,0.000,0.000,0.000,0.006,0.000,0.000,0.422,0.370,0.000,2.073,2.906,31.570,0.000,0.000,0.000,5.228,6.786,0.000,0.000,0.913,0.055,2.048,0.006,0.287,0.621,0.897,0.000,0.998
11454.5,0,37.158,0.000,0.000,0.000,13.393,18.298,0.000,0.000,0.000,0.003,0.000,0.000,0.239,0.210,0.000,1.176,1.649,33.671,0.000,0.000,0.000,6.986,6.226,0.000,0.000,0.518,1.560,2.295,0.003,0.163,0.353,0.509,0.000,0.566
11488.5,0,39.539,0.000,0.000,0.000,14.781,15.991,0.000,0.000,0.000,0.803,0.000,0.000,0.136,0.119,0.000,3.718,0.936,35.841,0.000,0.000,0.000,9.779,7.170,0.000,0.000,0.294,0.885,2.493,0.002,0.092,3.301,0.289,0.000,1.931
11522.5,0,38.529,0.000,0.000,0.000,11.401,13.808,0.000,0.000,0.000,0.456,0.000,0.000,0.077,1.292,0.000,3.768,1.830,31.413,0.000,0.000,0.000,9.389,7.780,0.000,0.000,0.167,0.502,3.853,0.001,0.052,1.873,0.164,0.000,3.286
11556.5,0,37.569,0.000,0.000,0.000,11.674,12.894,0.000,0.000,0.000,0.259,0.000,0.000,0.044,0.733,0.000,2.138,1.039,30.060,0.000,0.000,0.000,7.913,4.415,0.000,0.000,0.095,0.285,2.187,0.001,0.030,2.781,0.093,0.000,1.865
11590.5,0,36.835,0.000,0.000,0.000,11.717,11.905,0.000,0.000,0.000,0.147,0.000,0.000,0.025,0.416,0.000,1.213,0.589,34.494,0.000,0.000,0.000,7.433,6.621,0.000,0.000,0.054,1.628,1.241,0.000,0.017,2.655,0.053,0.000,3.024
11624.5,0,36.907,0.000,0.000,0.000,11.010,11.164,0.000,0.000,0.000,0.083,0.000,0.000,0.014,1.281,0.000,2.054,1.265,34.868,0.000,0.000,0.000,5.272,12.680,0.000,0.000,0.030,0.924,0.704,0.978,0.010,2.602,0.030,0.000,1.716
11658.5,0,39.654,0.000,0.000,0.000,12.823,12.891,0.000,0.000,0.000,0.047,0.000,0.000,0.008,0.727,0.000,1.166,0.718,35.357,0.000,0.000,0.000,4.402,11.501,0.000,0.000,0.017,1.755,3.065,0.555,0.005,4.341,0.017,0.000,0.973
11692.5,0,38.963,0.000,0.000,0.000,21.227,13.600,0.000,0.000,0.000,0.027,0.000,0.000,0.005,0.412,0.000,1.827,1.370,40.557,0.000,0.000,0.000,3.743,10.407,0.000,0.000,0.010,2.323,1.739,0.315,0.003,7.147,0.010,0.000,0.552
11726.5,0,37.343,0.000,0.000,0.000,15.661,16.061,0.000,0.000,0.000,0.015,0.000,0.000,0.003,0.234,0.000,1.037,0.777,36.297,0.000,0.000,0.000,3.790,10.226,0.000,0.000,0.006,1.318,5.197,0.179,0.002,4.055,0.005,0.000,0.313
11760.5,0,37.209,0.000,0.000,0.000,15.343,13.407,0.000,0.000,0.000,0.009,0.000,0.000,0.001,1.786,0.000,0.588,1.646,37.375,0.000,0.000,0.000,5.026,11.772,0.000,0.000,0.003,0.748,2.949,0.101,0.001,2.301,0.003,0.000,0.178
11794.5,0,36.878,0.000,0.000,0.000,12.127,14.510,0.000,0.000,0.000,1.161,0.000,0.000,0.001,1.013,0.000,1.128,0.934,35.397,0.000,1.224,0.000,4.971,11.222,0.000,0.000,0.002,0.424,2.914,0.058,0.001,1.306,0.002,0.000,0.101
11828.5,0,37.286,0.000,0.000,0.000,12.063,15.824,0.000,0.000,0.000,0.659,0.000,0.000,0.000,1.906,0.000,0.640,0.530,37.044,0.000,0.695,0.000,2.820,10.561,0.000,0.000,0.001,0.241,6.850,1.131,0.000,1.892,0.001,0.000,0.057
11862.5,0,39.809,0.000,0.000,0.000,8.768,13.815,0.000,0.000,0.000,0.374,0.000,0.000,0.000,1.081,0.000,0.363,0.301,34.700,0.000,0.394,0.000,3.108,9.091,0.000,0.000,0.001,0.137,5.353,1.687,0.000,1.074,0.001,0.000,2.205
11896.5,0,40.525,0.000,0.000,0.000,11.393,12.327,0.000,0.000,0.000,0.212,0.000,0.000,0.000,1.600,0.000,1.353,0.171,36.951,0.000,0.224,0.000,4.282,9.337,0.000,0.000,0.000,0.078,3.037,0.957,0.000,2.257,0.000,0.000,1.251
11930.5,0,40.032,0.000,0.000,0.000,7.700,13.479,0.000,0.000,0.000,0.120,0.000,0.000,0.931,0.908,0.000,0.768,0.097,40.314,0.000,0.127,0.000,6.609,9.150,0.000,0.000,0.000,0.044,4.829,0.543,0.000,1.281,0.000,0.000,0.710
11964.5,0,37.332,0.000,0.000,0.000,8.374,19.625,0.000,0.000,0.000,0.068,0.000,0.000,0.528,1.680,0.000,2.729,0.055,35.411,0.000,0.072,1.559,6.687,7.996,0.000,0.000,0.000,0.025,2.740,0.308,0.000,2.133,0.000,0.000,0.403
11998.5,0,33.853,0.000,0.000,0.000,8.525,16.220,0.000,0.000,0.000,0.039,0.000,0.000,0.300,2.016,0.000,1.548,0.031,34.488,0.000,0.041,0.885,6.316,9.145,0.000,0.000,0.000,0.014,2.950,0.175,1.572,3.499,0.000,0.000,2.130
12032.5,0,36.298,0.000,0.000,0.000,7.781,14.614,0.000,0.000,0.000,0.022,0.000,0.000,0.170,2.261,0.000,0.879,0.018,36.159,0.000,0.023,0.502,4.720,8.246,0.000,0.000,0.000,1.524,6.062,1.430,0.892,7.398,1.407,0.000,1.208
12066.5,0,36.186,0.000,0.000,0.000,6.653,16.616,0.000,0.000,0.000,1.169,0.000,0.000,0.097,1.283,0.000,0.499,1.704,37.797,0.000,1.103,0.285,3.892,6.440,0.000,0.000,0.000,0.865,5.115,0.811,0.506,5.959,0.798,0.000,0.686
12100.5,0,36.256,0.000,0.000,0.000,9.735,16.249,0.000,0.000,0.000,0.663,0.000,0.000,0.055,0.728,0.000,0.283,0.967,35.377,0.000,0.626,0.162,3.717,8.212,1.142,0.000,0.000,1.652,4.218,0.460,0.287,3.381,0.453,0.000,0.389
12134.5,0,36.394,0.000,0.000,0.000,13.962,16.530,0.000,0.000,0.000,0.376,0.000,0.000,0.031,1.959,0.000,0.161,0.549,34.206,0.000,0.355,0.092,7.222,6.020,0.648,0.000,0.000,4.180,3.614,0.261,0.163,4.639,0.257,0.000,0.221
12168.5,0,38.576,0.000,0.000,0.000,12.017,12.934,0.000,0.000,0.000,0.214,0.000,0.000,0.018,1.112,0.000,0.091,2.913,32.244,0.000,0.201,0.052,7.610,3.416,0.368,0.000,0.000,2.372,5.333,0.148,0.092,2.632,0.146,0.000,1.499
12202.5,0,38.904,0.000,0.000,0.000,10.348,10.621,0.000,0.000,0.000,0.121,0.000,0.000,0.010,1.685,0.000,0.052,1.653,32.277,0.000,0.114,0.030,7.947,5.332,0.209,0.000,0.000,1.346,3.026,0.084,0.052,4.252,0.083,0.000,0.851
12236.5,0,40.643,0.000,0.000,0.000,13.616,14.037,0.000,0.000,0.000,0.069,0.000,0.000,0.006,0.956,0.000,0.976,0.938,28.483,0.000,0.065,0.017,5.744,5.998,0.118,0.000,0.000,0.764,2.990,0.048,0.030,3.929,0.047,0.000,0.483
12270.5,0,38.869,0.000,0.000,0.000,10.903,11.436,0.000,0.000,0.000,0.039,0.000,0.000,0.003,0.542,0.000,2.891,0.532,31.337,0.000,0.037,0.010,4.313,6.679,0.067,0.000,0.000,0.433,2.959,0.027,0.017,2.229,0.027,0.000,0.274
12304.5,0,36.990,0.000,0.000,0.995,14.724,15.050,0.000,0.000,0.000,0.022,0.000,0.000,0.002,0.308,0.000,1.640,2.249,35.730,0.000,0.021,0.005,7.147,5.596,0.038,0.000,0.000,3.287,1.679,0.015,0.010,2.660,0.015,0.000,0.155
12338.5,0,37.812,0.000,0.000,0.565,11.715,16.210,0.000,0.000,0.000,0.013,0.000,0.000,0.001,0.175,0.000,2.126,1.276,36.887,0.000,0.012,0.003,9.086,4.582,0.022,0.000,0.000,1.865,0.953,0.009,0.005,1.509,0.009,0.000,4.639
12372.5,0,37.162,0.000,0.000,0.320,10.916,16.763,0.000,0.000,0.000,0.007,0.000,0.000,0.001,0.099,0.000,4.284,0.724,33.184,0.000,0.007,0.002,7.669,4.167,0.012,0.000,0.000,1.058,4.364,1.219,0.003,2.057,0.005,0.000,2.632
12406.5,0,36.757,0.000,0.000,0.182,7.133,17.017,0.000,0.000,0.000,0.004,0.000,0.000,0.000,0.056,0.000,3.540,0.411,35.581,0.000,0.004,0.001,4.352,6.204,0.007,0.000,0.000,1.687,3.618,0.692,0.002,1.167,0.003,0.000,1.493
12440.5,0,36.718,0.000,0.000,0.103,12.219,14.702,0.000,0.000,0.000,0.002,0.000,0.000,0.000,0.032,0.000,4.504,0.233,33.607,0.000,0.002,0.001,4.028,4.951,0.004,0.000,0.000,0.957,4.852,0.393,1.166,0.662,0.002,0.000,0.847
12474.5,0,38.960,0.000,0.000,0.059,9.292,18.430,0.000,0.000,0.000,0.001,0.000,0.000,0.000,0.018,0.000,2.556,0.132,35.433,0.000,0.001,0.000,3.673,4.377,0.002,0.000,0.000,1.816,5.214,0.223,0.661,0.376,0.001,0.000,0.481
12508.5,0,38.236,0.000,0.000,0.033,6.136,18.517,0.000,0.000,0.000,0.001,0.000,0.000,0.000,0.010,0.000,2.606,0.075,30.909,0.000,0.001,0.000,4.730,5.157,0.001,0.000,0.000,1.030,5.905,0.126,1.810,3.332,0.001,0.000,0.273
12542.5,0,37.255,0.000,0.000,0.019,6.590,16.301,0.000,0.000,0.000,0.000,0.000,0.000,0.000,0.006,0.000,2.684,0.043,33.379,0.000,0.000,0.970,6.460,5.396,0.001,0.000,0.000,0.585,4.541,0.072,1.027,1.891,0.000,0.000,2.009
12576.5,0,37.510,0.000,0.000,0.011,9.529,20.424,0.000,0.000,0.000,0.000,0.000,0.000,0.000,0.003,0.000,2.552,0.024,39.223,0.000,0.000,0.550,3.665,4.213,0.000,0.000,0.000,0.332,5.847,0.041,0.583,2.263,0.000,1.231,2.736
12610.5,0,35.270,0.000,0.000,0.006,7.486,19.263,0.000,0.000,0.000,0.000,0.000,0.000,0.000,0.002,0.000,2.737,0.014,37.133,0.000,0.000,0.312,10.192,4.138,0.000,0.000,0.000,0.188,4.580,0.023,0.331,1.284,0.000,0.699,1.552
12644.5,0,34.621,0.000,0.000,0.003,6.366,22.410,0.000,0.000,0.000,1.038,0.000,0.000,0.000,1.400,0.000,2.680,1.318,32.498,0.000,0.000,0.177,8.572,3.955,0.000,0.000,0.000,1.913,2.599,0.013,0.188,0.729,0.000,0.396,0.881
12678.5,0,36.784,0.000,0.000,0.002,12.174,18.061,0.000,0.000,0.000,0.589,1.156,0.000,0.000,0.794,0.000,1.521,1.924,29.976,0.000,0.000,0.101,12.925,8.837,0.000,0.000,0.000,1.085,2.685,0.007,0.106,0.413,0.000,0.225,2.601
12712.5,0,38.354,0.000,0.000,0.001,9.315,16.683,0.000,0.000,0.000,0.334,0.656,0.000,0.000,1.946,0.000,0.863,1.091,34.032,0.000,0.000,0.057,11.955,8.270,0.000,0.000,0.000,0.616,4.332,1.525,0.060,0.235,0.000,0.128,1.476
12746.5,0,35.872,0.000,0.000,0.001,8.786,15.014,0.000,0.000,0.000,0.190,0.372,0.000,0.000,1.104,0.000,1.527,1.728,36.689,0.000,0.000,0.032,7.837,9.491,0.000,0.000,0.000,1.930,2.458,0.865,0.034,1.866,0.000,0.072,0.837
12780.5,0,34.563,0.000,0.000,0.000,7.782,13.230,0.000,0.000,0.000,0.108,0.211,0.000,0.000,0.627,0.000,2.867,0.981,35.600,0.000,0.000,0.018,4.447,9.919,0.000,0.000,0.000,3.947,1.395,0.491,0.019,1.059,0.000,0.041,4.134
12814.5,0,34.181,0.000,0.000,0.000,11.006,12.666,0.000,0.000,0.000,0.061,0.120,0.000,0.000,0.356,0.000,1.627,0.556,37.749,0.000,0.000,0.010,5.185,13.838,0.000,0.000,0.000,2.239,0.791,0.279,0.011,2.235,0.000,0.023,2.346
12848.5,0,34.468,0.000,0.000,0.000,17.293,11.846,0.000,0.000,0.000,0.035,0.068,0.000,1.366,0.202,0.000,3.147,1.224,37.253,0.000,1.081,0.006,4.425,14.694,0.000,0.000,0.000,1.271,4.334,1.239,0.006,3.838,1.607,0.013,1.331
12882.5,0,33.939,0.000,0.000,0.000,15.536,11.780,0.000,0.000,0.000,0.020,0.039,0.000,0.775,0.114,0.000,2.628,1.625,34.780,0.000,0.613,0.003,4.823,13.792,0.000,0.000,0.000,3.559,4.149,0.703,0.004,2.178,0.912,0.008,0.755
12916.5,0,36.595,0.000,0.000,0.000,10.170,13.206,0.000,0.000,0.000,0.011,0.022,0.000,0.440,0.065,0.000,3.442,0.922,39.627,0.000,0.348,0.002,2.736,9.007,0.000,0.000,0.000,2.019,2.354,0.399,1.378,2.997,0.517,0.004,0.429
12950.5,0,37.882,0.000,0.000,0.000,7.103,13.070,0.000,0.000,0.000,0.006,0.012,0.000,0.250,1.545,0.000,3.252,0.523,37.068,0.000,0.197,0.001,3.099,7.930,0.000,0.000,0.000,1.146,2.778,1.673,0.782,1.701,0.294,0.002,2.344
12984.5,0,38.059,0.000,0.000,0.000,7.875,15.601,0.000,0.000,0.000,0.004,0.007,0.000,0.142,0.877,0.000,3.156,0.297,38.043,0.000,0.112,0.001,4.043,4.499,0.000,0.000,0.000,0.650,1.576,1.911,0.444,0.965,0.167,0.001,1.330
13018.5,0,37.606,0.000,0.000,0.000,10.661,18.240,0.000,0.000,0.000,0.002,0.004,0.000,0.966,1.763,0.000,1.791,0.168,35.707,0.000,0.064,0.000,5.414,4.967,0.000,0.000,0.000,3.442,0.894,1.084,0.252,0.548,0.095,0.001,0.755
13052.5,0,35.922,0.000,0.000,0.000,9.068,17.996,0.000,0.000,0.000,0.001,0.002,0.000,0.548,1.001,0.000,2.371,0.096,35.017,0.000,0.990,0.000,5.484,5.957,0.000,0.000,0.000,3.174,4.269,0.615,0.143,1.511,0.054,0.000,0.428
13086.5,0,33.532,0.000,0.000,0.000,6.174,14.602,0.000,0.000,0.000,0.001,0.001,0.000,0.311,0.568,0.000,3.351,0.054,34.965,0.000,0.562,0.000,3.112,4.601,0.000,0.000,0.000,1.801,3.509,2.777,0.081,0.858,0.030,1.455,2.037
13120.5,0,34.492,0.000,0.000,0.000,8.650,14.704,0.000,0.000,0.000,0.000,0.001,0.000,0.176,0.322,0.000,2.758,0.031,36.446,0.000,0.319,0.000,3.391,6.943,0.000,0.000,0.000,2.108,4.986,1.576,1.040,2.338,0.017,0.825,2.699
13154.5,0,34.025,0.000,0.000,0.000,13.875,14.161,0.000,0.000,0.000,0.000,0.000,0.000,0.100,0.183,0.000,1.565,0.017,38.018,0.000,0.181,0.000,3.070,7.940,0.000,0.000,0.000,1.196,5.785,2.002,0.590,2.843,0.010,0.468,3.154
13188.5,0,33.187,0.000,0.000,0.000,11.200,16.729,0.000,0.000,0.000,0.000,0.000,0.000,0.057,1.424,0.000,0.888,0.010,35.561,0.000,0.103,0.000,6.973,9.348,0.000,0.000,0.000,0.679,3.283,1.136,0.335,2.736,0.006,0.266,1.790
13222.5,0,33.178,0.000,0.000,0.000,12.079,17.676,0.000,0.000,0.000,0.000,0.916,0.000,0.032,0.808,0.000,0.504,0.006,36.540,0.000,0.058,0.000,7.998,6.912,0.000,0.000,0.000,0.385,3.146,1.911,0.190,1.553,0.003,0.151,1.016
13256.5,0,33.186,0.000,0.000,0.000,9.057,16.326,0.000,0.000,0.000,0.000,0.520,0.000,1.146,0.458,0.000,1.607,0.003,32.212,0.000,0.033,0.000,6.098,11.255,0.000,0.000,0.000,2.883,5.241,1.084,1.353,0.881,0.002,0.086,3.934
13290.5,0,33.312,0.000,0.000,0.000,8.500,19.920,0.000,0.000,0.000,0.000,0.295,0.000,0.650,0.260,0.000,3.926,1.158,32.306,0.000,0.019,1.235,4.514,11.937,0.000,0.000,0.000,2.857,7.329,0.615,0.768,0.500,0.001,0.049,2.232
13324.5,0,35.298,0.000,0.000,0.000,6.751,17.880,0.000,0.000,0.000,0.000,0.167,0.000,0.369,1.435,0.000,4.347,0.657,31.402,0.000,0.011,0.701,5.763,9.369,0.000,0.000,0.000,2.698,5.442,0.349,0.436,0.284,0.001,0.028,1.266
13358.5,0,33.839,0.000,0.000,0.000,9.321,13.123,0.000,0.000,0.000,0.000,0.095,0.000,0.209,0.814,0.000,2.466,1.208,31.992,0.000,0.006,0.398,4.369,7.970,0.000,0.000,0.000,1.531,5.969,0.198,0.247,2.720,0.000,0.016,2.965
13392.5,0,34.161,0.000,0.000,0.000,9.170,12.832,0.000,0.000,0.000,0.000,0.054,0.000,0.119,0.462,0.000,2.270,2.063,35.463,0.000,0.003,0.226,2.479,7.359,0.000,0.000,0.000,0.869,4.736,0.112,0.140,1.544,0.000,0.009,1.682
13426.5,0,34.337,0.000,0.000,0.000,7.462,13.188,0.000,0.000,0.000,0.000,0.031,0.000,0.067,0.262,0.000,1.288,1.171,38.884,0.000,0.002,0.128,2.662,5.865,0.000,0.000,0.000,0.493,2.687,0.064,0.080,0.876,0.000,0.005,0.954
13460.5,0,34.970,0.000,0.000,0.000,6.515,12.630,0.000,0.000,0.000,0.000,0.988,0.000,0.038,0.149,0.000,1.694,0.664,37.898,0.000,0.001,0.073,2.969,6.339,0.000,0.000,0.000,1.403,2.908,1.163,1.048,0.497,0.000,1.341,0.542
13494.5,0,33.807,0.000,0.000,0.000,9.016,12.853,0.000,0.000,0.000,0.000,1.581,0.000,0.022,0.084,0.000,2.187,0.377,36.788,0.000,0.001,0.041,3.728,5.051,0.000,0.000,0.000,0.796,5.634,0.660,0.594,1.434,0.000,0.761,2.289
13528.5,0,33.922,0.000,0.000,0.000,10.355,12.801,0.000,0.000,0.000,0.000,0.897,0.000,0.012,0.048,0.000,2.540,1.535,35.411,0.000,0.000,0.023,2.115,7.127,0.000,0.000,0.000,2.288,8.599,0.374,0.337,0.813,0.000,0.432,1.299
13562.5,0,32.500,0.000,0.000,0.000,9.308,12.523,0.000,0.000,0.000,1.020,0.509,0.000,0.007,0.027,0.000,1.441,0.871,35.216,0.000,0.000,0.013,2.812,4.044,0.000,0.000,0.000,1.298,4.879,1.330,0.191,1.904,0.000,0.245,2.686
13596.5,0,32.907,0.000,0.000,0.000,6.124,15.700,0.000,0.000,0.000,0.579,0.289,0.000,0.004,0.015,0.000,0.818,0.494,33.352,0.000,0.000,0.008,3.181,6.413,0.000,0.000,0.000,2.412,2.768,0.754,0.109,2.635,0.000,1.930,1.524
13630.5,0,32.845,0.000,0.000,0.000,6.164,11.031,0.000,0.000,0.000,0.329,0.164,0.000,0.002,0.009,0.000,0.464,1.353,37.951,0.000,0.000,0.004,3.982,6.996,0.000,0.000,0.000,1.369,3.246,0.428,0.062,2.833,0.000,1.095,4.531
13664.5,0,33.977,0.000,0.000,0.000,7.547,19.896,0.000,0.000,0.000,0.186,0.093,0.000,0.823,0.005,0.000,0.263,2.942,36.113,0.000,0.000,0.002,3.322,6.759,0.000,0.000,0.000,0.777,3.618,0.243,1.071,2.769,0.000,0.621,3.933
13698.5,0,34.373,0.000,0.000,0.000,7.701,19.130,0.000,0.000,0.000,0.106,0.053,0.000,1.470,1.248,0.000,0.149,1.669,39.408,0.000,0.000,0.001,1.885,8.296,0.000,0.000,0.000,0.441,3.158,0.138,0.608,3.377,0.000,0.353,2.232
13732.5,0,34.239,0.000,0.000,0.000,9.769,15.075,0.000,0.000,0.000,0.060,0.030,0.000,0.834,0.708,0.000,3.371,0.947,38.713,0.000,1.309,0.001,2.072,10.643,0.000,0.000,0.000,3.122,1.792,0.078,0.345,1.916,0.000,0.200,1.266
13766.5,0,36.870,0.000,0.000,0.000,8.677,14.560,0.000,0.000,0.000,0.034,0.017,0.000,0.473,0.402,0.000,1.913,1.492,37.773,0.000,1.797,0.000,5.676,8.891,0.000,0.000,0.000,1.772,2.227,0.044,0.196,2.603,0.000,0.114,0.719
13800.5,0,37.960,0.000,0.000,0.000,7.143,13.937,0.000,0.000,0.000,0.019,0.010,0.000,1.474,0.228,0.000,1.085,0.847,35.791,0.000,1.019,0.000,4.551,11.139,0.000,0.000,0.000,1.005,4.149,0.025,1.139,2.658,0.000,0.064,0.408
13834.5,0,35.799,0.000,0.000,0.000,10.550,13.431,0.000,0.000,0.000,0.011,0.005,0.000,0.836,0.129,0.000,1.753,0.480,34.311,0.000,0.578,0.000,5.316,7.901,0.000,0.000,0.000,0.570,4.002,0.014,0.646,1.508,0.000,0.037,0.231
13868.5,0,32.403,0.000,0.000,0.000,13.308,12.427,0.000,0.000,0.000,0.006,0.003,0.000,0.475,0.073,0.000,0.995,0.273,36.206,0.000,0.328,0.000,6.817,7.082,0.000,0.000,0.000,0.324,7.099,0.008,0.367,0.856,0.000,0.021,0.131
13902.5,0,34.663,0.000,0.000,0.000,12.288,16.746,0.000,0.000,0.000,0.004,0.002,0.000,0.269,0.042,0.000,0.564,0.969,39.380,0.000,0.186,0.000,5.103,4.019,0.000,0.000,1.253,0.184,5.662,0.005,0.208,0.486,1.273,0.012,1.898
13936.5,0,35.572,0.000,0.000,0.000,15.385,15.249,0.000,0.000,0.000,0.002,0.001,0.000,0.153,0.024,0.000,0.320,0.550,40.074,0.000,0.106,0.000,4.070,8.266,1.442,0.000,0.711,1.866,4.384,0.003,0.118,1.466,0.722,0.007,3.438
13970.5,0,34.558,0.000,0.000,0.000,12.447,9.762,0.000,0.000,0.000,2.399,0.001,0.000,0.087,1.484,0.000,0.182,0.312,36.790,0.000,0.060,0.000,3.895,8.552,0.818,0.000,0.403,2.600,2.488,0.001,1.600,2.148,0.410,0.004,4.216
14004.5,0,33.131,0.000,0.000,0.000,13.829,10.631,0.000,0.000,0.000,1.361,0.000,0.000,0.049,0.842,0.000,2.221,0.177,35.714,0.000,0.034,0.000,2.210,7.794,0.464,0.000,0.229,1.475,2.602,0.001,0.908,1.219,0.233,0.002,4.341
14038.5,0,34.117,0.000,0.000,0.000,14.648,12.011,0.000,0.000,0.000,0.772,0.000,0.000,0.028,0.478,0.000,2.507,1.219,35.590,0.000,0.019,0.000,1.254,5.706,0.263,0.000,0.130,0.837,4.086,0.000,0.515,0.692,0.132,0.001,2.463
14072.5,0,35.036,0.000,0.000,0.000,12.862,10.408,0.000,0.000,0.000,1.502,0.000,0.000,0.016,1.506,0.000,1.422,2.069,36.290,0.000,0.011,0.000,2.887,6.364,0.149,0.000,0.074,0.475,4.703,0.000,0.292,2.169,0.075,0.001,1.398
14106.5,0,35.488,0.000,0.000,0.000,11.592,20.148,0.000,0.000,0.000,0.852,0.000,0.000,0.009,0.854,0.000,1.862,2.517,35.687,0.000,0.006,0.000,2.666,7.442,0.085,0.000,0.042,1.798,4.123,0.000,0.166,2.614,0.042,0.000,0.793
14140.5,0,35.056,0.000,0.000,0.000,10.131,17.868,0.000,0.000,0.000,0.484,0.000,0.000,0.005,0.485,0.000,2.422,1.428,34.328,0.000,0.004,0.000,2.855,13.368,0.048,0.000,0.024,1.020,7.254,0.000,0.094,2.714,0.024,0.000,0.450
14174.5,0,34.120,0.000,0.000,0.000,10.441,19.512,0.000,0.000,0.000,0.274,0.000,0.000,0.003,0.275,0.000,2.260,0.810,33.355,0.000,0.972,0.000,1.620,12.027,0.027,0.000,0.013,0.579,4.116,0.000,0.053,1.540,1.621,0.000,0.255
14208.5,0,37.726,0.000,0.000,0.000,13.386,16.647,0.000,0.000,0.000,0.156,0.000,0.000,0.002,0.156,0.000,2.175,0.460,33.610,0.000,0.551,0.000,2.074,9.734,0.015,0.000,0.008,0.329,4.925,1.342,0.030,3.821,0.920,0.000,0.145
14242.5,0,34.274,0.000,0.000,0.000,9.988,14.448,0.000,0.000,0.000,0.088,1.236,0.000,1.083,1.635,0.000,1.234,0.261,33.084,0.000,0.313,0.000,5.546,5.523,0.009,0.000,0.004,0.186,3.985,0.761,0.017,2.168,0.522,0.000,0.082
14276.5,0,34.712,0.000,0.000,0.000,9.577,11.902,0.000,0.000,0.000,0.050,0.701,0.000,0.614,2.594,0.000,2.708,0.148,35.693,0.000,0.178,0.000,5.659,7.025,0.005,0.000,0.002,0.106,7.738,1.469,0.010,2.920,0.296,0.000,0.047
14310.5,0,34.795,0.000,0.000,0.000,11.467,12.212,0.000,0.000,0.000,0.028,0.398,0.000,0.349,1.472,0.000,2.592,0.084,36.101,0.000,0.101,0.000,4.542,9.734,0.003,0.000,0.001,1.455,4.391,1.941,0.006,1.657,1.622,0.000,2.407
14344.5,0,35.829,0.000,0.000,0.000,10.207,11.360,0.000,0.000,0.000,0.016,0.226,0.000,0.198,0.835,0.000,1.471,0.048,35.395,0.000,0.057,0.000,3.547,8.147,0.002,0.000,0.001,0.826,3.898,1.101,0.003,2.181,0.921,0.000,3.315
14378.5,0,35.651,0.000,0.000,0.000,12.564,17.865,0.000,0.000,0.000,0.009,0.128,0.000,0.112,0.474,0.000,3.818,1.073,35.416,0.000,1.467,0.000,5.870,10.317,0.001,0.000,0.000,0.468,2.212,1.636,0.002,3.074,0.522,1.152,1.881
14412.5,0,34.598,0.000,0.000,0.000,12.397,16.681,0.000,0.000,0.000,0.005,0.073,0.000,0.064,0.269,0.000,2.166,0.609,32.699,0.000,0.832,0.000,4.695,9.587,0.001,0.000,0.000,2.072,2.849,0.928,0.001,3.094,0.296,0.653,1.067
14446.5,0,34.240,0.000,0.000,0.000,15.082,13.773,0.000,0.000,0.000,0.003,0.041,0.000,0.036,0.153,0.000,3.767,1.357,32.002,0.000,0.472,0.000,4.198,10.420,0.000,0.000,0.000,1.176,3.320,0.527,0.001,1.755,0.168,0.371,0.606
14480.5,0,34.887,0.000,0.000,0.000,12.469,16.868,0.000,0.000,0.000,0.002,0.023,0.000,0.021,0.087,0.000,2.137,1.852,36.628,0.000,0.268,0.000,7.011,5.912,0.000,0.000,0.000,0.667,1.884,0.299,0.000,2.672,0.095,0.210,0.344
14514.5,0,37.547,0.000,0.000,0.000,13.722,13.454,0.000,0.000,0.000,0.001,0.013,0.000,0.012,0.049,0.000,1.213,1.051,39.197,0.000,0.152,0.000,6.011,9.819,0.000,0.000,0.000,0.379,2.801,0.170,0.000,1.516,0.054,0.119,0.195
14548.5,0,37.181,0.000,0.000,0.000,14.447,11.721,0.000,0.000,0.000,0.001,0.008,0.000,0.007,0.028,0.000,0.688,1.482,35.431,0.000,0.086,0.000,5.493,8.814,0.000,0.000,0.000,0.215,5.581,0.096,0.000,0.860,0.031,0.068,0.111
14582.5,0,36.531,0.000,0.000,0.000,13.856,11.523,0.000,0.000,0.000,0.000,0.004,0.000,0.004,1.271,0.000,0.390,0.841,33.391,0.000,0.049,0.000,6.453,6.455,0.000,0.000,0.000,0.122,4.828,0.055,0.000,0.488,0.017,0.038,1.996
14616.5,0,34.895,0.000,0.000,0.000,12.093,10.018,0.000,0.000,0.000,0.000,0.002,0.000,0.002,1.956,0.000,1.387,0.477,32.289,0.000,0.028,0.000,6.270,16.560,0.000,0.000,0.000,0.069,2.740,0.031,0.000,3.055,0.010,0.022,1.133
14650.5,0,35.708,0.000,0.000,0.000,14.062,12.663,0.000,0.000,0.000,0.000,0.001,0.000,0.001,2.749,0.000,2.501,1.164,34.056,0.000,0.016,0.000,8.605,12.145,0.000,0.000,0.000,0.039,3.135,0.018,0.000,1.734,0.006,0.012,0.643
14684.5,0,37.084,0.000,0.000,0.000,14.157,15.719,0.000,0.000,0.000,1.176,0.001,0.000,0.001,1.560,0.000,5.291,0.660,30.665,0.000,0.009,0.000,5.852,14.397,0.000,0.000,0.000,1.213,1.779,2.607,0.000,0.984,0.003,0.007,0.365
14718.5,0,34.427,0.000,0.000,0.000,15.468,14.679,0.000,0.000,0.000,0.667,0.000,0.000,0.000,2.308,0.000,4.974,0.375,32.521,0.000,0.005,0.000,5.717,11.916,0.000,0.000,0.000,0.688,2.078,3.802,0.000,0.558,0.002,0.004,0.207
14752.5,0,32.355,0.000,0.000,0.000,12.393,15.840,0.000,0.000,0.000,0.379,0.000,0.000,0.000,1.309,0.000,2.822,0.213,33.221,0.000,0.003,0.000,5.455,10.835,0.000,0.000,0.000,1.797,5.541,2.157,0.000,0.317,0.001,0.002,0.117
14786.5,0,35.866,0.000,0.000,0.000,10.103,15.681,0.000,0.000,0.000,0.215,0.000,0.000,0.000,0.743,0.000,4.614,0.121,33.887,0.000,0.002,0.000,4.566,8.685,0.000,0.000,0.000,2.162,3.144,1.224,1.639,0.180,0.001,0.001,0.067
14820.5,0,34.001,0.000,0.000,0.000,9.866,14.806,0.000,0.000,0.000,0.122,0.000,0.000,0.000,0.422,0.000,2.618,0.068,33.374,0.000,1.299,0.000,8.624,11.057,0.000,0.000,0.000,1.227,3.405,2.334,0.930,0.102,0.000,0.001,0.038
14854.5,0,31.820,0.000,0.000,0.000,11.998,9.364,0.000,0.000,0.000,0.069,0.000,0.000,0.000,0.239,0.000,1.486,0.924,39.439,0.000,0.737,0.000,7.873,7.922,0.000,0.000,0.000,0.696,4.537,1.324,0.528,1.879,0.000,0.000,0.021
14888.5,0,31.879,0.000,0.000,0.000,11.083,11.466,0.000,0.000,0.000,0.039,0.000,0.000,0.000,0.136,0.000,0.843,1.588,40.549,0.000,0.418,0.000,6.026,7.820,0.000,0.000,0.000,2.831,3.736,0.751,0.299,2.199,0.000,0.000,0.012
14922.5,0,32.816,0.000,0.000,0.000,11.536,9.964,0.000,0.000,0.000,0.022,0.000,0.000,0.000,0.077,0.000,0.478,0.901,40.930,0.000,0.237,0.000,5.601,7.135,0.000,0.000,0.000,1.606,3.538,0.426,0.170,4.009,0.000,0.000,0.007
14956.5,0,33.671,0.000,0.000,0.000,9.295,18.796,0.000,0.000,0.000,0.013,0.000,0.000,0.000,1.180,0.000,0.271,0.511,37.118,0.000,0.135,0.000,4.181,7.950,0.000,0.000,0.000,3.278,4.426,0.242,0.096,2.275,0.000,1.821,1.905
14990.5,0,33.834,0.000,0.000,0.000,9.155,20.624,0.000,0.000,0.000,0.007,0.000,0.000,0.000,0.669,0.000,1.245,0.290,41.549,0.000,0.076,0.000,2.372,6.186,0.000,0.000,0.000,1.860,8.329,0.137,0.055,4.405,0.000,1.033,1.081
15024.5,0,32.868,0.000,0.000,0.000,8.775,14.784,0.000,0.000,0.000,0.004,0.000,0.000,0.000,0.380,0.000,2.894,0.165,37.157,0.000,0.043,0.000,2.357,3.510,0.000,0.000,0.000,1.055,7.754,0.078,0.031,2.500,0.000,0.586,0.613
15058.5,0,32.782,0.000,0.000,0.000,8.073,15.602,0.000,0.000,0.000,0.002,0.000,0.000,0.000,0.216,0.000,1.642,0.093,39.600,0.000,0.025,0.000,6.653,4.575,0.000,0.000,0.000,1.830,5.532,0.044,0.018,1.418,0.000,0.333,0.348
15092.5,0,34.270,0.000,0.000,0.000,11.101,14.575,0.000,0.000,0.000,0.001,0.000,0.000,0.000,0.122,0.000,0.932,0.961,39.500,0.000,0.014,0.000,5.401,5.177,0.000,0.000,0.000,2.890,5.321,0.025,0.010,1.864,0.000,0.189,1.961
15126.5,0,35.276,0.000,0.000,0.000,12.379,13.139,0.000,0.000,0.000,0.001,0.000,0.000,0.000,0.069,0.000,0.529,0.545,34.535,0.000,0.008,0.000,5.154,7.500,0.000,0.000,0.000,4.954,6.025,0.014,1.304,2.310,0.000,0.107,1.113
15160.5,0,34.553,0.000,0.000,0.000,14.959,9.687,0.000,0.000,0.000,0.000,0.000,0.000,0.000,1.224,0.000,2.628,0.309,34.387,0.000,0.004,0.000,4.169,8.214,0.000,0.000,0.000,2.811,6.234,1.373,0.740,1.310,0.000,0.061,0.631
15194.5,0,33.396,0.000,0.000,0.000,15.693,8.901,0.000,0.000,0.000,0.000,0.000,0.000,0.000,0.694,0.000,1.491,1.076,36.580,0.000,0.003,0.000,3.335,6.351,0.000,0.000,0.000,1.595,5.213,0.779,0.420,0.744,0.000,0.034,0.358
15228.5,0,32.535,0.000,0.000,0.000,11.858,10.198,0.000,0.000,0.000,0.000,0.000,0.000,0.000,0.394,0.000,0.846,0.611,39.206,0.000,1.401,1.127,4.447,6.285,0.000,0.000,0.000,4.193,5.552,0.442,0.238,0.422,0.000,0.020,0.203
15262.5,0,33.612,0.000,0.000,0.000,11.465,14.184,0.000,0.000,0.000,0.000,1.267,0.000,0.000,1.809,0.000,0.480,1.301,35.325,0.000,2.205,0.639,6.762,8.651,0.000,0.000,0.000,2.379,5.771,0.251,1.669,0.239,0.000,1.202,1.659
15296.5,0,33.827,0.000,0.000,0.000,8.244,14.167,0.000,0.000,0.000,0.000,0.719,0.000,0.000,1.026,0.000,0.272,0.738,38.479,0.000,1.251,0.363,3.837,7.146,0.000,0.000,0.000,2.699,6.565,0.142,0.947,1.665,0.000,0.682,0.941
15330.5,0,33.239,0.000,0.000,0.000,9.640,8.924,0.000,0.000,0.000,0.000,0.408,0.000,0.000,0.582,0.000,0.155,1.537,37.280,0.000,0.710,0.206,3.231,11.784,0.000,0.000,0.000,1.532,7.225,0.081,0.537,4.070,0.000,0.387,0.534
15364.5,0,36.103,0.000,0.000,0.000,7.324,15.070,0.000,0.000,0.000,0.000,0.232,0.000,0.000,0.330,0.000,0.088,0.872,36.207,0.000,0.403,0.117,4.992,8.254,0.000,0.000,0.000,0.869,8.290,0.046,0.305,3.903,0.000,0.220,1.735
15398.5,0,36.313,0.000,0.000,0.000,7.803,13.315,0.000,0.000,0.000,0.000,0.131,0.000,0.000,0.188,0.000,1.012,0.495,37.555,0.000,1.365,0.066,5.114,10.726,0.000,0.000,0.000,1.900,5.856,1.652,0.173,2.215,0.000,0.125,3.193
15432.5,0,38.281,0.000,0.000,0.000,12.534,12.607,0.000,0.000,0.000,0.000,0.075,0.000,0.000,0.106,0.000,1.929,1.159,38.806,0.000,0.774,0.038,3.871,6.086,0.000,0.000,0.000,2.146,6.108,0.937,0.098,1.257,0.000,0.071,1.812
15466.5,0,37.155,0.000,0.000,0.000,9.534,10.058,0.000,0.000,0.000,0.000,0.042,0.000,0.000,0.060,0.000,2.141,0.658,40.693,0.000,0.439,0.021,3.668,6.781,0.000,0.000,0.000,1.218,6.566,0.532,0.056,0.713,0.000,0.040,1.028
15500.5,0,36.427,0.000,0.000,0.000,6.742,8.003,0.000,0.000,0.000,0.000,0.024,0.000,0.000,0.034,0.000,2.400,1.437,42.309,0.000,0.249,0.012,3.295,4.943,0.000,0.000,0.000,1.922,5.306,1.547,0.032,1.999,0.000,0.023,0.583
15534.5,0,35.232,0.000,0.000,0.000,8.882,6.474,0.000,0.000,0.000,0.000,0.014,0.000,0.000,1.146,0.000,1.362,0.815,39.583,0.000,0.141,0.007,3.442,6.177,0.000,0.000,0.000,2.429,3.011,0.878,0.018,1.134,0.000,0.013,0.331
15568.5,0,34.292,0.000,0.000,0.000,10.143,9.909,0.000,0.000,0.000,0.000,0.008,0.000,0.000,0.650,0.000,0.773,0.463,39.017,0.000,0.080,0.004,2.947,6.330,0.000,0.000,0.000,1.378,4.238,0.498,0.010,0.643,0.000,0.007,0.188
15602.5,0,35.243,0.000,0.000,0.000,6.931,13.820,0.000,0.000,0.000,0.000,0.004,0.000,0.000,0.369,0.000,0.438,0.263,37.020,0.000,0.046,0.002,6.118,3.591,0.000,0.000,0.000,2.514,2.405,0.283,0.006,3.787,0.000,0.004,0.107
15636.5,0,35.805,0.000,0.000,0.000,8.528,12.490,0.000,0.000,0.000,0.000,0.002,0.000,0.000,0.209,0.000,2.291,0.149,33.361,0.000,0.026,0.001,7.403,7.922,0.000,0.000,0.000,1.427,4.154,1.681,0.003,2.149,0.000,0.002,0.060
15670.5,0,33.169,0.000,0.000,0.000,9.978,14.324,0.000,0.000,0.000,0.000,0.001,0.000,0.971,0.119,0.000,1.300,0.085,33.450,0.000,0.015,0.001,4.200,7.160,0.000,0.000,0.000,1.961,2.357,0.954,0.002,1.219,0.000,0.001,0.034
15704.5,0,31.782,0.000,0.000,0.000,12.400,15.992,0.000,0.000,0.000,0.000,0.001,0.000,1.606,0.067,0.000,3.214,1.263,33.105,0.000,0.008,0.000,6.918,11.063,0.000,0.000,0.000,1.113,5.424,0.541,0.001,2.195,0.000,0.001,1.711
15738.5,0,33.345,0.000,0.000,0.000,13.519,11.312,0.000,0.000,0.000,0.000,0.000,0.000,0.911,0.038,0.000,1.823,0.717,34.399,0.000,0.005,0.000,6.910,9.982,0.000,0.000,0.000,0.631,5.813,0.307,0.001,1.246,0.000,1.316,0.971
15772.5,0,31.979,0.000,0.000,0.000,13.151,7.233,0.000,0.000,0.000,0.000,0.000,0.000,0.517,0.022,0.000,3.253,0.407,35.504,0.000,0.003,0.000,8.734,9.004,0.000,0.000,0.000,0.358,5.778,0.174,1.388,0.707,0.000,0.747,0.551
15806.5,0,33.074,0.000,0.000,0.000,11.808,10.856,0.000,0.000,0.000,0.000,0.000,0.000,0.293,0.012,0.000,1.846,0.231,31.762,0.000,0.002,0.000,7.112,8.401,0.000,0.000,0.000,1.646,3.279,0.099,2.012,0.401,0.000,0.424,0.313
15840.5,0,35.404,0.000,0.000,0.000,11.741,11.913,0.000,0.000,0.000,0.000,0.000,0.000,0.166,1.181,0.000,1.940,0.131,37.110,0.000,0.001,0.000,7.889,5.836,0.000,0.000,0.000,0.934,1.860,2.806,1.142,2.924,0.000,0.240,1.898
15874.5,0,33.796,0.000,0.000,0.000,18.970,8.467,0.000,0.000,0.000,0.000,0.000,0.000,0.094,0.670,0.000,1.101,1.374,38.089,0.000,0.000,0.000,9.875,4.453,0.000,0.000,0.000,0.530,2.361,1.592,1.774,5.487,1.372,0.136,3.178
15908.5,0,34.301,0.000,0.000,0.000,16.416,15.060,0.000,0.000,0.000,0.000,0.000,0.000,0.054,0.380,0.000,1.913,0.779,36.237,0.000,0.000,0.000,5.603,5.186,0.000,0.000,0.000,2.033,1.339,2.450,1.007,3.113,0.778,0.077,1.803
15942.5,0,34.301,0.000,0.000,0.000,12.788,14.514,0.000,0.000,0.000,0.000,0.000,0.000,0.030,0.216,0.000,1.086,1.820,39.000,0.000,0.000,0.000,5.378,11.636,0.000,0.000,0.000,1.154,2.076,1.390,0.571,1.767,0.442,0.044,4.945
15976.5,0,33.497,0.000,0.000,0.000,9.845,17.902,0.000,0.000,0.000,0.000,0.000,0.000,0.017,0.122,0.000,0.616,2.003,37.471,0.000,0.000,0.000,3.051,9.548,0.000,0.000,0.000,0.655,2.882,0.789,0.324,1.002,0.251,1.743,2.806
16010.5,0,35.545,0.000,0.000,0.000,10.790,16.294,0.000,0.000,0.000,0.000,0.000,0.000,0.010,0.069,0.000,0.350,1.137,34.846,0.000,1.376,0.000,1.731,10.049,0.000,0.000,0.000,0.371,3.426,0.448,1.630,0.569,0.142,0.989,1.592
16044.5,0,35.258,0.000,0.000,0.000,10.382,12.684,0.000,0.000,0.000,0.000,0.000,0.000,0.834,0.039,0.000,1.445,0.645,37.700,0.000,0.781,0.000,0.982,7.063,0.000,0.000,0.000,1.538,3.155,1.317,0.925,1.474,0.081,0.561,0.903
16078.5,0,34.192,0.000,0.000,0.000,6.895,17.764,0.000,0.000,0.000,0.000,0.000,0.000,0.473,0.022,0.000,1.883,0.366,39.293,0.000,0.443,0.000,2.991,6.650,0.000,0.000,0.000,0.872,5.304,0.747,0.525,0.837,0.046,0.318,0.513
16112.5,0,34.530,0.000,0.000,0.000,7.192,18.830,0.000,0.000,0.000,0.000,0.000,0.000,0.269,0.013,0.000,1.069,0.208,38.949,0.000,0.251,0.000,3.282,7.654,0.000,0.000,0.000,0.495,6.748,0.424,0.298,0.475,0.026,0.181,0.291
16146.5,0,35.538,0.000,0.000,0.000,6.128,18.016,0.000,0.000,0.000,0.000,0.000,0.000,0.152,0.007,0.000,1.435,0.118,36.034,0.000,0.143,0.000,5.976,9.478,0.000,0.000,0.000,0.281,5.423,0.241,0.169,1.619,0.015,0.103,0.165
16180.5,0,32.081,0.000,0.000,0.000,6.431,21.463,0.000,0.000,0.000,1.020,0.000,0.000,0.086,0.004,0.000,1.737,0.067,35.187,0.000,0.081,0.000,4.722,13.054,0.000,0.000,0.000,1.520,3.077,0.136,1.629,2.460,0.008,0.058,0.094
16214.5,0,35.351,0.000,0.000,0.000,7.567,22.271,0.000,0.000,0.000,0.579,0.000,0.000,0.049,1.601,0.000,0.986,1.393,35.850,0.000,0.046,0.000,4.090,9.932,0.000,0.000,0.000,2.004,7.808,0.077,0.924,1.396,0.005,0.033,0.053
16248.5,0,34.955,0.000,0.000,0.000,8.767,12.637,0.000,0.000,0.000,0.329,0.000,0.000,0.028,0.908,0.000,0.559,0.790,32.568,0.000,0.026,0.000,7.414,7.203,0.000,0.000,0.000,2.654,6.025,2.645,0.525,2.065,0.003,0.019,4.380
16282.5,0,35.182,0.000,0.000,0.000,10.313,13.872,0.000,0.000,0.000,0.186,0.000,0.000,0.016,0.515,0.000,1.606,0.448,40.894,0.000,0.015,0.000,8.888,8.390,0.000,0.000,0.000,6.199,6.244,2.637,0.298,1.172,0.002,0.011,2.485
