t_ms,x,z,yaw,speed,turn,airborne,feeding,hunger,opto_p9,:unannotated_L,ascending:AN_L,ascending:AN_R,central:ALIN_L,central:ALIN_R,central:ALLN_L,central:ALLN_R,central:ALON_L,central:ALON_R,central:ALPN_L,central:ALPN_R,central:CX_L,central:CX_R,central:DAN_L,central:DAN_R,central:Kenyon_Cell_L,central:Kenyon_Cell_R,central:LHCENT_L,central:LHCENT_R,central:LHLN_L,central:LHLN_R,central:MBIN_L,central:MBIN_R,central:MBON_L,central:MBON_R,central:TPN_L,central:TPN_R,central:TuBu_L,central:TuBu_R,central:central_L,central:central_R,central:mAL_L,central:mAL_R,descending:descending_L,descending:descending_R,descending:ocellar_L,descending:ocellar_R,endocrine:endocrine_L,endocrine:endocrine_R,endocrine:pars_intercerebralis_L,endocrine:pars_intercerebralis_R,endocrine:pars_lateralis_L,endocrine:pars_lateralis_R,motor:brain_motor_neuron_L,motor:brain_motor_neuron_R,motor:motor_L,motor:motor_R,motor:neck_motor_neuron_R,optic:LA>ME_L,optic:LA>ME_R,optic:LA_L,optic:LA_R,optic:LO.LOP_L,optic:LO.LOP_R,optic:LO>LOP_L,optic:LO>LOP_R,optic:LO>ME_L,optic:LO>ME_R,optic:LOP>LO.ME_L,optic:LOP>LO.ME_R,optic:LOP>LO_L,optic:LOP>LO_R,optic:LOP>ME.LO_L,optic:LOP>ME.LO_R,optic:LOP>ME_L,optic:LOP>ME_R,optic:LOP_L,optic:LOP_R,optic:LO_L,optic:LO_R,optic:ME.LO.LOP_L,optic:ME.LO.LOP_R,optic:ME.LOP_L,optic:ME.LOP_R,optic:ME.LO_L,optic:ME.LO_R,optic:ME>LA_L,optic:ME>LA_R,optic:ME>LO.LOP_L,optic:ME>LO.LOP_R,optic:ME>LOP.LO_L,optic:ME>LOP.LO_R,optic:ME>LOP_L,optic:ME>LO_L,optic:ME>LO_R,optic:ME_L,optic:ME_R,optic:bilateral_L,optic:bilateral_R,optic:ocellar_L,optic:ocellar_R,optic:optic_L,optic:optic_R,optic:optic_lobes_L,optic:optic_lobes_R,sensory:gustatory_L,sensory:gustatory_R,sensory:hygrosensory_L,sensory:hygrosensory_R,sensory:mechanosensory_L,sensory:mechanosensory_R,sensory:olfactory_L,sensory:olfactory_R,sensory:optic_lobes_L,sensory:sensory_L,sensory:thermosensory_L,sensory:thermosensory_R,sensory:unknown_sensory_L,sensory:unknown_sensory_R,sensory:visual_L,sensory:visual_R,sensory_ascending:AN_L,sensory_ascending:AN_R,sensory_ascending:gustatory_L,sensory_ascending:gustatory_R,sensory_ascending:unknown_sensory_L,sensory_ascending:unknown_sensory_R,type:APL_L,type:APL_R,type:CB0701_L,type:CB0701_R,type:DNa02_L,type:DNa02_R,type:DNp01_L,type:DNp01_R,type:DNp02_L,type:DNp02_R,type:DNp09_L,type:DNp09_R,type:DNp11_L,type:DNp11_R,type:EPG_L,type:EPG_R,type:L1_L,type:L1_R,type:L2_L,type:L2_R,type:L3_L,type:L3_R,type:L4_L,type:L4_R,type:L5_L,type:L5_R,type:LC4_L,type:LC4_R,type:LC6_L,type:LC6_R,type:LPLC1_L,type:LPLC1_R,type:LPLC2_L,type:LPLC2_R,type:MDN_L,type:MDN_R,type:Mi1_L,type:Mi1_R,type:R1-6_L,type:R1-6_R,type:R7_L,type:R7_R,type:R8_L,type:R8_R,type:T4a_L,type:T4a_R,type:T4b_L,type:T4b_R,type:T4c_L,type:T4c_R,type:T4d_L,type:T4d_R,type:T5a_L,type:T5a_R,type:T5b_L,type:T5b_R,type:T5c_L,type:T5c_R,type:T5d_L,type:T5d_R,type:Tm1_L,type:Tm1_R,type:Tm2_L,type:Tm2_R,type:Tm3_L,type:Tm3_R,type:Tm9_L,type:Tm9_R,visual_centrifugal:ocellar_L,visual_centrifugal:ocellar_R,visual_centrifugal:visual_centrifugal_L,visual_centrifugal:visual_centrifugal_R,visual_projection:bilateral_L,visual_projection:bilateral_R,visual_projection:ocellar_L,visual_projection:ocellar_R,visual_projection:visual_projection_L,visual_projection:visual_projection_R
118.5,-2.000,7.000,0.000,0.000,0.000,0,0,0.800,0,0.00,0.07,0.16,78.43,49.02,166.80,164.18,117.65,88.24,116.09,106.02,0.73,1.00,57.05,53.48,67.19,53.85,102.24,95.24,100.81,88.12,352.94,352.94,136.64,136.03,0.00,0.00,0.00,0.00,7.93,7.27,0.77,1.51,5.06,6.82,0.00,0.00,0.00,0.00,0.00,0.00,0.00,0.00,1.73,2.26,0.00,0.00,0.00,0.41,0.00,0.35,0.00,0.00,0.00,0.00,0.00,0.00,0.00,0.00,0.00,3.12,4.32,0.11,0.43,0.00,0.00,7.82,8.71,1.93,1.79,0.00,0.00,0.00,0.00,0.00,0.35,6.52,5.51,0.00,0.00,0.00,0.00,0.00,0.15,0.12,6.18,6.32,0.39,0.78,0.00,0.00,0.00,11.76,1.09,0.00,0.00,0.00,79.19,84.87,1.45,1.73,15.22,16.07,0.00,0.00,92.76,88.24,0.00,0.00,0.00,0.00,0.00,0.00,0.00,0.00,0.00,0.00,352.94,323.53,0.00,0.00,0.00,0.00,0.00,0.00,0.00,29.41,0.00,0.00,0.00,0.00,0.00,0.00,0.00,0.00,0.07,0.00,1.09,0.64,2.93,3.12,0.86,1.72,0.00,0.00,0.00,0.00,0.00,0.00,0.00,0.00,0.00,0.00,8.47,8.87,19.86,31.63,29.81,34.03,30.12,34.51,2.39,1.76,4.22,3.54,6.57,5.27,3.81,2.99,4.49,4.91,3.24,3.64,22.54,22.92,48.45,49.52,10.56,9.49,24.35,20.06,0.13,0.03,21.78,20.65,0.00,0.00,4.65,4.07,7.15,0.92,0.00,0.00,0.46,0.62
220.5,-2.000,7.000,0.000,0.000,0.000,0,0,0.800,0,0.00,0.14,0.20,80.88,51.47,166.94,164.60,121.85,79.83,118.25,108.24,0.77,0.92,56.17,52.94,67.36,54.00,100.84,95.24,101.38,88.35,352.94,352.94,137.87,135.42,0.00,0.00,0.00,0.00,9.29,8.45,0.77,2.26,5.97,6.64,0.00,0.00,0.00,0.00,0.00,0.00,0.00,0.00,1.15,1.13,0.00,0.00,0.00,0.08,0.00,1.75,0.51,0.00,0.00,0.00,0.00,16.98,24.87,0.00,0.00,0.39,0.82,0.00,0.05,0.00,9.80,1.93,2.38,10.36,10.96,0.00,2.10,0.00,0.00,26.03,32.87,3.76,3.73,0.49,0.27,0.00,0.00,0.00,10.05,11.09,6.93,7.76,1.55,0.78,0.00,0.00,0.00,17.65,2.18,29.41,0.00,0.00,77.68,85.71,1.49,1.91,14.68,15.71,0.00,0.00,90.50,90.07,0.00,0.00,0.00,0.00,0.00,0.00,0.00,0.00,0.00,0.00,352.94,323.53,0.00,0.00,88.24,0.00,0.00,0.00,29.41,29.41,0.00,0.00,0.00,0.00,0.00,0.00,0.00,0.00,0.03,0.00,0.46,0.08,0.14,0.00,0.56,0.30,11.98,14.12,0.00,0.00,0.00,0.00,0.00,0.00,0.00,0.00,16.24,16.33,19.30,31.12,28.80,33.77,30.48,34.46,22.76,21.91,13.85,11.36,5.82,5.24,0.33,0.00,0.24,0.08,0.04,0.00,0.00,0.04,0.16,0.00,0.04,0.00,0.00,0.00,24.07,27.22,0.19,0.00,0.00,0.00,6.28,6.58,1.59,1.84,0.00,0.00,0.99,0.87
322.5,-2.000,7.000,0.000,0.000,0.000,0,0,0.800,0,0.00,0.11,0.23,80.88,51.47,166.53,164.04,126.05,84.03,117.13,107.13,1.21,1.62,56.17,54.19,67.27,53.89,102.24,93.84,101.85,89.37,352.94,352.94,137.25,134.80,0.00,0.00,0.00,0.00,9.02,8.63,1.55,2.26,6.89,6.55,0.00,0.00,0.00,0.00,0.00,0.00,0.00,0.00,1.15,1.13,0.00,0.00,0.00,0.08,0.00,5.95,2.70,0.00,0.00,0.00,0.00,15.00,21.71,0.00,0.00,0.19,0.31,0.00,0.00,0.00,0.00,1.26,1.48,7.44,7.04,0.00,2.10,0.00,0.00,30.43,44.98,3.11,3.18,0.44,0.31,0.00,0.00,0.00,8.53,9.58,3.06,3.57,0.39,0.39,0.00,0.00,0.00,17.65,2.18,0.00,0.00,0.00,77.68,81.51,2.27,1.66,15.78,16.17,0.00,0.00,88.24,95.59,0.00,0.00,0.00,0.00,0.00,0.00,0.00,0.00,0.00,0.00,352.94,323.53,0.00,0.00,58.82,0.00,0.00,0.00,29.41,88.24,0.00,0.00,0.00,0.00,0.00,0.00,0.00,0.00,0.00,0.00,0.29,0.08,0.09,0.00,0.26,0.34,23.97,26.47,0.00,0.00,0.00,0.00,0.00,0.00,0.00,0.00,8.55,8.68,19.47,31.46,29.94,35.40,31.32,35.23,4.26,3.43,2.39,1.02,4.08,3.74,0.44,0.15,4.92,4.20,1.25,0.54,3.23,3.38,3.58,3.64,0.11,0.00,0.08,0.00,11.80,14.41,0.31,0.04,0.00,0.00,7.21,7.05,0.00,0.00,0.00,0.00,1.11,1.09
424.5,-2.000,7.000,0.000,0.000,0.000,0,0,0.800,0,0.00,0.07,0.20,75.98,51.47,168.16,163.77,121.85,88.24,116.78,108.50,0.92,1.14,57.23,53.30,67.33,53.49,98.04,89.64,100.35,88.24,352.94,352.94,139.09,137.25,0.00,0.00,0.00,0.00,8.87,8.31,0.77,2.26,6.75,6.64,0.00,0.00,0.00,0.00,0.00,0.00,0.00,0.00,1.15,1.13,0.00,0.00,0.00,0.08,0.00,3.15,1.54,0.00,0.00,0.00,0.00,12.44,14.41,0.00,0.00,0.00,0.31,0.00,0.00,0.00,0.00,0.92,1.07,5.91,5.71,0.00,2.10,0.00,0.00,26.37,37.37,1.97,2.41,0.39,0.28,0.00,0.00,0.00,6.93,7.78,2.72,3.34,0.39,0.00,0.00,0.00,0.00,17.65,1.09,9.80,0.00,0.00,81.45,85.71,1.86,2.05,15.24,16.15,0.00,0.00,95.02,91.91,0.00,0.00,0.00,0.00,0.00,0.00,0.00,0.00,0.00,0.00,352.94,323.53,0.00,0.00,58.82,0.00,0.00,0.00,29.41,58.82,0.00,0.00,0.00,0.00,0.00,0.00,0.00,0.00,0.03,0.00,0.33,0.12,0.32,0.00,0.74,0.71,15.80,18.82,0.00,0.00,0.00,0.00,0.00,0.00,0.00,0.00,7.50,9.16,18.92,31.12,27.83,36.19,32.03,37.31,2.60,1.68,2.66,0.63,2.66,2.24,1.26,0.49,3.06,2.26,0.47,0.39,2.13,2.57,2.62,3.36,0.11,0.00,0.19,0.00,9.25,10.65,0.35,0.00,0.00,0.00,6.39,6.46,0.00,0.00,0.00,0.00,0.99,0.83
526.5,-2.000,7.000,0.000,0.000,0.000,0,0,0.800,0,0.00,0.07,0.23,80.88,49.02,168.30,166.39,130.25,84.03,116.78,106.70,0.77,1.19,56.17,54.90,67.75,53.96,99.44,92.44,99.31,89.14,352.94,352.94,134.19,137.25,0.00,0.00,0.00,0.00,8.83,8.18,0.77,1.51,5.97,5.95,0.00,0.00,0.00,0.00,0.00,0.00,0.00,0.00,0.58,1.70,0.00,0.00,0.00,0.08,0.00,6.65,3.21,0.00,0.00,0.00,0.00,10.26,12.44,0.00,0.00,0.00,0.00,0.00,0.00,0.00,0.00,0.67,0.90,4.96,6.01,0.00,2.10,0.00,0.00,25.02,35.64,2.62,3.25,0.28,0.26,0.00,0.00,0.00,6.09,7.13,2.80,3.26,0.00,0.00,0.00,0.00,0.00,23.53,1.09,19.61,0.00,0.00,77.68,90.76,1.99,1.89,15.22,16.17,0.00,0.00,90.50,93.75,0.00,0.00,0.00,0.00,0.00,0.00,0.00,0.00,0.00,0.00,352.94,323.53,0.00,0.00,58.82,0.00,0.00,0.00,0.00,29.41,0.00,0.00,0.00,0.00,0.00,0.00,0.00,0.00,0.00,0.00,0.42,0.12,0.14,0.00,1.04,1.46,14.16,8.24,0.00,0.00,0.00,0.00,0.00,0.00,0.00,0.00,7.20,8.09,19.36,31.14,31.83,36.46,32.61,37.31,1.42,0.88,1.76,0.55,1.26,0.84,0.78,0.30,3.10,1.94,0.78,0.27,1.71,1.84,1.99,2.59,0.04,0.00,0.15,0.00,9.77,11.40,0.31,0.08,0.00,0.00,6.98,6.81,0.00,0.00,0.00,0.00,0.72,0.64
628.5,-2.000,7.000,0.000,0.000,0.000,0,0,0.800,0,0.00,0.11,0.23,80.88,49.02,166.53,165.56,126.05,79.83,117.73,106.45,0.81,0.94,58.11,52.58,67.27,53.29,100.84,89.64,101.04,87.21,352.94,352.94,137.87,134.19,0.00,0.00,0.00,0.00,8.75,8.06,1.55,1.51,6.11,6.45,0.00,0.00,0.00,0.00,0.00,0.00,0.00,0.00,0.58,1.13,0.00,0.00,0.00,0.16,0.00,5.25,3.21,0.00,0.00,0.00,0.00,8.88,12.63,0.00,0.00,0.00,0.00,0.00,0.00,0.00,0.00,0.84,0.58,5.12,6.09,0.00,0.00,0.00,0.00,21.64,33.91,2.43,2.48,0.27,0.24,0.00,0.00,0.00,5.72,7.09,2.94,3.46,0.00,0.00,0.00,0.00,0.00,17.65,3.27,19.61,0.00,0.00,80.69,86.55,1.62,1.84,15.63,15.13,0.00,0.00,95.02,93.75,0.00,0.00,0.00,0.00,0.00,0.00,0.00,0.00,0.00,0.00,352.94,323.53,0.00,0.00,88.24,0.00,0.00,0.00,29.41,58.82,0.00,0.00,0.00,0.00,0.00,0.00,0.00,0.00,0.03,0.00,0.54,0.24,0.27,0.00,1.93,1.72,10.35,10.59,0.00,0.00,0.00,0.00,0.00,0.00,0.00,0.00,8.10,9.31,19.43,30.82,31.04,35.14,31.10,35.05,1.83,0.72,1.99,0.71,0.95,0.42,0.59,0.23,2.86,0.91,0.62,0.23,1.97,1.54,1.03,1.54,0.15,0.00,0.26,0.00,9.21,10.65,0.19,0.12,0.00,0.00,6.05,6.22,0.00,0.00,0.00,0.00,0.71,0.64
730.5,-2.000,7.000,0.000,0.000,0.000,0,0,0.800,0,0.00,0.11,0.13,83.33,46.57,167.89,162.80,121.85,84.03,115.49,106.96,1.16,1.37,56.52,52.58,66.96,53.40,102.24,92.44,98.96,87.21,352.94,352.94,135.42,134.80,0.00,0.00,0.00,0.00,8.76,7.95,0.77,2.26,6.06,6.55,0.00,0.00,0.00,0.00,0.00,0.00,0.00,0.00,1.15,1.70,0.00,0.00,0.00,0.08,0.00,5.25,1.03,0.00,0.00,0.00,0.00,9.08,10.07,0.00,0.00,0.00,0.00,0.00,0.00,0.00,0.00,0.67,0.66,4.84,5.67,0.00,0.00,0.00,0.00,23.66,31.14,1.91,1.68,0.23,0.20,0.00,0.00,0.00,5.91,6.53,2.91,3.52,0.00,0.39,0.00,0.00,0.00,17.65,2.18,19.61,0.00,0.00,81.45,84.87,1.45,1.66,15.27,15.68,0.00,0.00,97.29,90.07,0.00,0.00,0.00,0.00,0.00,0.00,0.00,0.00,0.00,0.00,352.94,323.53,0.00,0.00,58.82,0.00,0.00,0.00,0.00,58.82,0.00,0.00,0.00,0.00,0.00,0.00,0.00,0.00,0.00,0.00,0.54,0.08,0.27,0.00,1.75,1.54,9.26,7.06,0.00,0.00,0.00,0.00,0.00,0.00,0.00,0.00,8.17,8.87,19.15,30.47,28.00,35.31,31.63,34.51,1.87,1.08,1.37,0.63,0.82,0.38,0.59,0.23,1.87,1.50,0.47,0.15,1.18,1.42,1.67,1.29,0.04,0.00,0.19,0.00,10.23,11.50,0.35,0.16,0.00,0.00,5.46,5.38,0.00,0.92,0.00,0.00,0.63,0.62
832.5,-2.000,7.000,0.000,0.000,0.000,0,0,0.800,0,2.10,0.14,0.23,78.43,49.02,167.35,163.35,130.25,84.03,116.70,107.30,0.83,1.14,55.63,52.94,67.26,53.64,102.24,93.84,100.92,86.99,352.94,352.94,132.97,136.03,0.00,0.00,0.00,0.00,8.72,8.05,0.77,0.75,6.20,6.13,0.00,0.00,0.00,0.00,0.00,0.00,0.00,0.00,1.15,1.13,0.00,0.00,0.00,0.08,0.00,2.80,1.80,0.00,0.00,0.00,0.00,7.70,13.03,0.00,0.00,0.00,0.00,0.00,0.00,0.00,0.00,0.59,0.49,4.76,5.44,1.34,0.00,0.00,0.00,22.99,31.14,1.47,2.20,0.25,0.24,0.00,0.00,0.00,5.58,6.87,3.08,3.70,0.00,0.00,0.00,0.00,0.00,23.53,1.09,0.00,0.00,0.00,80.69,86.55,1.42,1.98,15.50,15.45,0.00,0.00,92.76,95.59,0.00,0.00,0.00,0.00,0.00,0.00,0.00,0.00,0.00,0.00,352.94,323.53,0.00,0.00,58.82,0.00,0.00,0.00,29.41,58.82,0.00,0.00,0.00,0.00,0.00,0.00,0.00,0.00,0.03,0.00,0.75,0.20,0.27,0.00,1.67,1.95,11.98,11.18,0.00,0.00,0.00,0.00,0.00,0.00,0.00,0.00,7.84,10.42,19.00,31.28,29.54,34.61,28.57,36.99,1.87,1.00,1.84,0.59,0.78,0.31,0.70,0.23,1.75,1.31,0.39,0.35,1.21,1.31,1.27,0.89,0.04,0.00,0.11,0.00,10.20,10.07,0.27,0.00,0.00,0.00,5.58,5.98,0.00,0.00,0.00,0.00,0.71,0.60
934.5,-2.000,7.000,0.000,0.000,0.000,0,0,0.800,0,0.00,0.11,0.29,73.53,53.92,167.89,164.04,121.85,84.03,116.53,106.87,1.00,1.14,56.17,53.48,67.33,53.42,99.44,89.64,98.27,88.46,352.94,352.94,139.09,137.87,0.00,0.00,0.00,0.00,8.69,8.22,0.77,1.51,6.11,5.76,0.00,0.00,0.00,0.00,0.00,0.00,0.00,0.00,0.58,1.13,0.00,0.00,0.00,0.25,0.00,3.85,2.18,0.00,0.00,0.00,0.00,8.09,9.28,0.00,0.00,0.00,0.00,0.00,0.00,0.00,0.00,0.67,0.58,4.84,5.67,0.00,0.00,0.00,0.00,21.97,26.99,1.97,2.49,0.24,0.19,0.00,0.00,0.00,5.60,6.24,3.00,3.72,0.39,0.00,0.00,0.00,0.00,17.65,1.09,19.61,0.00,0.00,79.19,85.71,1.62,1.55,14.63,15.76,0.00,0.00,92.76,86.40,0.00,0.00,0.00,0.00,0.00,0.00,0.00,0.00,0.00,0.00,352.94,323.53,0.00,0.00,0.00,0.00,0.00,0.00,29.41,29.41,0.00,0.00,0.00,0.00,0.00,0.00,0.00,0.00,0.03,0.00,0.54,0.36,0.41,0.00,2.16,1.69,10.35,6.47,0.00,0.00,0.00,0.00,0.00,0.00,0.00,0.00,7.76,10.12,19.28,31.08,31.31,34.30,31.28,37.04,2.15,0.88,1.99,0.67,0.65,0.49,0.41,0.15,1.67,1.35,0.23,0.19,1.29,0.88,0.79,0.81,0.08,0.00,0.15,0.00,9.71,11.57,0.23,0.08,0.00,0.00,6.16,6.81,0.00,0.00,0.00,0.00,0.67,0.51
1036.5,-2.000,7.000,0.000,0.000,0.000,0,0,0.800,0,0.00,0.11,0.20,78.43,51.47,167.08,164.18,130.25,84.03,116.44,107.05,0.79,0.92,55.10,53.48,67.27,54.27,102.24,96.64,100.35,88.46,352.94,352.94,136.03,132.35,0.00,0.00,0.00,0.00,8.87,8.23,0.77,2.26,6.34,7.01,0.00,0.00,0.00,0.00,0.00,0.00,0.00,0.00,1.15,1.13,0.00,0.00,0.00,0.08,0.00,3.50,1.67,0.00,0.00,0.00,0.00,8.49,13.03,0.00,0.00,0.00,0.00,0.00,0.00,0.00,0.00,0.59,0.33,5.12,5.56,0.00,0.00,0.00,0.00,21.30,32.87,1.79,2.16,0.22,0.22,0.00,0.00,0.00,5.47,6.62,2.94,3.72,0.77,2.75,0.00,0.00,0.00,17.65,1.09,0.00,0.00,0.00,77.68,87.39,1.73,2.07,15.53,15.65,0.00,0.00,88.24,93.75,0.00,0.00,0.00,0.00,0.00,0.00,0.00,0.00,0.00,0.00,352.94,323.53,0.00,0.00,58.82,0.00,0.00,0.00,29.41,29.41,0.00,0.00,0.00,0.00,0.00,0.00,0.00,0.00,0.03,0.00,0.29,0.44,0.18,0.00,1.75,2.21,7.63,8.24,0.00,0.00,0.00,0.00,0.00,0.00,0.00,0.00,7.69,9.64,18.96,30.87,29.02,37.07,31.14,34.64,1.42,0.84,1.53,0.63,1.06,0.35,0.59,0.11,1.87,0.75,0.51,0.23,1.02,0.92,0.87,0.73,0.00,0.00,0.04,0.00,9.54,11.68,0.31,0.08,0.00,0.00,6.28,6.46,0.00,1.84,0.00,0.00,0.59,0.57
1138.5,-2.000,7.000,0.000,0.000,0.000,0,0,0.800,0,0.00,0.07,0.23,75.98,51.47,166.53,165.42,117.65,84.03,117.30,107.73,0.77,1.16,57.41,52.76,66.94,53.39,100.84,95.24,98.39,88.69,352.94,352.94,137.87,135.42,0.00,0.00,0.00,0.00,8.60,8.21,0.77,1.51,6.20,5.72,0.00,0.00,0.00,0.00,0.00,0.00,0.00,0.00,1.15,1.70,0.00,0.00,0.00,0.00,0.00,3.15,0.90,0.00,0.00,0.00,0.00,9.28,9.67,0.00,0.00,0.00,0.00,0.00,0.00,0.00,0.00,0.76,0.49,4.80,5.86,0.00,0.00,0.00,0.00,23.33,28.03,1.88,1.94,0.24,0.20,0.00,0.00,0.00,5.71,6.53,2.84,3.73,0.00,0.00,0.00,0.00,0.00,17.65,1.09,0.00,0.00,0.00,79.19,84.03,1.36,1.87,14.50,15.45,0.00,0.00,92.76,95.59,0.00,0.00,0.00,0.00,0.00,0.00,0.00,0.00,0.00,0.00,352.94,323.53,0.00,0.00,29.41,0.00,0.00,0.00,29.41,29.41,0.00,0.00,0.00,0.00,0.00,0.00,0.00,0.04,0.07,0.00,0.59,0.32,0.09,0.00,2.23,1.80,13.07,7.65,0.00,0.00,0.00,0.00,0.00,0.00,0.00,0.00,8.32,11.27,19.90,30.78,30.38,35.44,33.41,36.13,2.43,1.20,2.07,0.59,1.02,0.87,0.48,0.15,2.10,1.35,0.55,0.19,0.80,1.27,0.72,0.69,0.11,0.00,0.11,0.00,8.98,11.98,0.31,0.00,0.00,0.00,5.23,5.74,0.00,0.00,0.00,0.00,0.69,0.56
1240.5,-2.000,7.000,0.000,0.000,0.000,0,0,0.800,0,0.00,0.11,0.20,78.43,49.02,166.67,165.29,126.05,84.03,118.42,106.70,0.85,1.21,57.23,54.37,67.32,53.82,107.84,91.04,100.12,88.24,352.94,352.94,139.09,137.25,0.00,0.00,0.00,0.00,8.86,8.17,0.77,2.26,5.97,6.27,0.00,0.00,0.00,0.00,0.00,0.00,0.00,0.00,1.15,1.13,0.00,0.00,0.00,0.16,0.00,3.15,0.77,0.00,0.00,0.00,0.00,8.69,11.25,0.00,0.00,0.00,0.00,0.00,0.00,0.00,0.00,0.67,0.58,4.96,5.78,0.00,0.00,0.00,0.00,20.96,30.80,1.90,2.16,0.25,0.22,0.00,0.00,0.00,5.62,6.69,3.00,3.72,0.00,1.18,0.00,0.00,0.00,17.65,2.18,9.80,0.00,0.00,77.68,86.55,1.79,1.96,15.17,15.19,0.00,0.00,95.02,93.75,0.00,0.00,0.00,0.00,0.00,0.00,0.00,0.00,0.00,0.00,352.94,323.53,0.00,0.00,58.82,0.00,0.00,0.00,0.00,29.41,0.00,0.00,0.00,0.00,0.00,0.00,0.00,0.00,0.07,0.00,0.71,0.52,0.32,0.00,1.56,1.84,8.17,7.06,0.00,0.00,0.00,0.00,0.00,0.00,0.00,0.00,8.58,10.31,19.02,32.40,29.68,36.32,29.46,34.06,2.35,1.36,1.96,0.87,0.92,0.42,0.48,0.15,1.59,1.23,0.59,0.00,1.33,1.27,0.87,0.65,0.11,0.00,0.15,0.00,9.34,12.12,0.35,0.04,0.00,0.00,5.58,6.58,0.00,1.84,0.00,0.00,0.63,0.66
1342.5,-2.000,7.000,0.000,0.000,0.000,0,0,0.800,0,0.00,0.07,0.23,78.43,53.92,167.21,163.08,121.85,79.83,116.01,106.79,0.64,0.92,55.81,54.90,67.56,53.44,102.24,93.84,99.54,87.33,352.94,352.94,138.48,135.42,0.00,0.00,0.00,0.00,8.67,8.25,0.77,2.26,5.93,5.85,0.00,0.00,0.00,0.00,0.00,0.00,0.00,0.00,1.15,1.70,0.00,0.00,0.00,0.08,0.00,3.50,3.47,0.00,0.00,0.00,0.00,9.28,11.84,0.00,0.00,0.00,0.00,0.00,0.00,0.00,0.00,0.76,0.58,4.88,5.82,0.00,0.00,0.00,0.00,22.65,30.45,1.90,2.19,0.28,0.22,0.00,0.00,0.00,5.61,6.82,3.09,3.87,0.77,1.57,0.00,0.00,0.00,17.65,1.09,19.61,0.00,0.00,78.43,86.55,1.83,1.73,14.78,15.13,0.00,0.00,92.76,97.43,0.00,0.00,0.00,0.00,0.00,0.00,0.00,0.00,0.00,0.00,352.94,323.53,0.00,0.00,58.82,0.00,0.00,0.00,29.41,58.82,0.00,0.00,0.00,0.00,0.00,0.00,0.00,0.00,0.00,0.00,0.63,0.40,0.23,0.00,1.82,1.95,13.62,5.29,0.00,0.00,0.00,0.00,0.00,0.00,0.00,0.00,9.11,10.46,19.24,31.14,29.72,36.54,28.75,36.45,2.60,1.08,1.68,0.47,1.16,0.49,0.48,0.19,1.59,1.07,0.51,0.15,0.91,1.38,0.95,1.01,0.19,0.00,0.11,0.00,8.69,12.02,0.46,0.00,0.00,0.00,5.58,6.10,0.00,1.84,0.00,0.00,0.69,0.60
1444.5,-2.000,7.000,0.000,0.000,0.000,0,0,0.800,0,0.00,0.04,0.23,75.98,49.02,166.80,164.46,126.05,79.83,118.25,107.64,0.85,1.14,56.52,53.30,67.45,53.63,99.44,93.84,97.69,87.78,352.94,352.94,136.03,132.97,0.00,0.00,0.00,0.00,8.93,8.21,0.77,1.51,5.97,6.45,0.00,0.00,0.00,0.00,0.00,0.00,0.00,0.00,1.73,1.13,0.00,0.00,0.00,0.00,0.00,4.55,1.80,0.00,0.00,0.00,0.00,7.50,13.03,0.00,0.00,0.00,0.00,0.06,0.00,0.00,0.00,0.59,0.66,5.91,5.94,0.00,0.00,0.00,0.00,23.33,30.45,1.82,2.12,0.30,0.24,0.00,0.00,0.00,5.76,6.54,3.05,3.71,0.00,0.39,0.00,0.00,0.00,17.65,2.18,9.80,0.00,0.00,78.43,86.55,1.38,1.87,15.76,16.20,0.00,0.00,95.02,93.75,0.00,0.00,0.00,0.00,0.00,0.00,0.00,0.00,0.00,0.00,352.94,323.53,0.00,0.00,58.82,0.00,0.00,0.00,0.00,29.41,0.00,0.00,0.00,0.00,0.00,0.00,0.00,0.00,0.00,0.00,0.59,0.52,0.14,0.00,1.38,1.57,9.26,9.41,0.00,0.00,0.00,0.00,0.00,0.00,0.00,0.00,8.21,9.42,18.77,30.92,31.39,34.87,31.94,34.28,2.23,1.28,1.56,0.63,0.75,0.52,0.41,0.08,2.18,0.75,0.55,0.04,1.44,1.11,0.87,0.81,0.08,0.00,0.11,0.00,10.49,12.43,0.27,0.00,0.00,0.00,5.58,5.26,0.00,0.00,0.00,0.00,0.62,0.56
1546.5,-2.000,7.000,0.000,0.000,0.000,0,0,0.800,0,2.10,0.11,0.20,75.98,51.47,166.94,163.49,113.45,84.03,117.47,107.13,1.04,1.54,57.05,54.72,67.27,53.63,102.24,95.24,98.62,88.92,352.94,352.94,135.42,136.03,0.00,0.00,0.00,0.00,8.63,8.14,0.77,1.51,5.97,5.90,0.00,0.00,0.00,0.00,0.00,0.00,0.00,0.00,0.58,1.13,0.00,0.00,0.00,0.08,0.00,4.20,1.16,0.00,0.00,0.00,0.00,8.69,11.45,0.00,0.00,0.00,0.00,0.00,0.00,0.00,0.00,0.59,0.49,4.72,5.78,0.00,0.00,0.00,0.00,21.64,29.41,1.77,1.94,0.29,0.21,0.00,0.00,0.00,5.75,6.56,3.05,3.40,0.00,0.00,0.00,0.00,0.00,17.65,4.36,9.80,0.00,0.00,76.17,88.24,1.73,1.73,15.35,15.47,0.00,0.00,88.24,86.40,0.00,0.00,0.00,0.00,0.00,0.00,0.00,0.00,0.00,0.00,352.94,323.53,0.00,0.00,29.41,0.00,0.00,0.00,0.00,58.82,0.00,0.00,0.00,0.00,0.00,0.00,0.00,0.00,0.07,0.00,0.59,0.40,0.05,0.00,1.78,1.87,12.53,5.29,0.00,0.00,0.00,0.00,0.00,0.00,0.00,0.00,8.96,8.98,19.16,30.26,30.47,33.73,27.32,35.64,2.31,1.20,1.80,0.55,0.82,0.70,0.67,0.19,1.63,1.07,0.51,0.12,1.02,1.15,0.91,0.73,0.08,0.00,0.04,0.00,10.23,13.01,0.35,0.00,0.00,0.00,5.12,6.22,0.00,0.00,0.00,0.00,0.68,0.63
1648.5,-2.000,7.000,0.000,0.000,0.000,0,0,0.800,0,0.00,0.07,0.20,75.98,51.47,167.08,165.15,134.45,75.63,116.18,106.96,0.98,1.25,55.99,53.65,67.11,53.74,102.24,95.24,99.54,88.01,352.94,352.94,134.19,134.19,0.00,0.00,0.00,0.00,8.87,8.15,0.77,1.51,6.11,6.22,0.00,0.00,0.00,0.00,0.00,0.00,0.00,0.00,1.73,1.13,0.00,0.00,0.00,0.08,0.00,3.85,2.05,0.00,0.00,0.00,0.00,8.88,12.83,0.00,0.00,0.00,0.00,0.00,0.00,0.00,0.00,0.76,0.41,4.88,5.94,0.00,2.10,0.00,0.00,21.64,29.41,2.03,2.35,0.24,0.22,0.00,0.00,0.00,5.56,6.94,3.09,3.63,0.00,1.18,0.00,0.00,0.00,17.65,2.18,9.80,0.00,0.00,80.69,84.87,1.77,2.34,14.50,15.71,0.00,0.00,92.76,93.75,0.00,0.00,0.00,0.00,0.00,0.00,0.00,0.00,0.00,0.00,352.94,323.53,0.00,0.00,29.41,0.00,0.00,0.00,29.41,29.41,0.00,0.00,0.00,0.00,0.00,0.00,0.00,0.00,0.00,0.00,0.59,0.40,0.27,0.00,1.45,2.10,11.44,8.24,0.00,0.00,0.00,0.00,0.00,0.00,0.00,0.00,9.41,9.79,18.53,30.83,30.47,36.76,31.81,35.77,2.39,0.80,1.76,0.59,1.06,0.59,0.37,0.08,1.71,0.79,0.51,0.12,1.75,1.15,1.15,0.77,0.04,0.00,0.08,0.00,10.13,11.85,0.35,0.00,0.00,0.00,5.81,6.46,0.00,0.92,0.00,0.00,0.64,0.59
1750.5,-2.000,7.000,0.000,0.000,0.000,0,0,0.800,0,2.10,0.11,0.16,75.98,49.02,166.39,162.94,117.65,84.03,117.13,107.81,0.92,1.10,56.52,52.94,66.94,53.41,103.64,91.04,99.65,88.35,352.94,352.94,137.25,136.64,0.00,0.00,0.00,0.00,8.63,8.07,0.77,1.51,6.34,5.49,0.00,0.00,0.00,0.00,0.00,0.00,0.00,0.00,0.58,2.26,0.00,0.00,0.00,0.00,0.00,4.55,2.44,0.00,0.00,0.00,0.00,8.88,12.24,0.00,0.00,0.00,0.00,0.00,0.00,0.00,0.00,0.67,0.74,4.61,5.97,0.00,0.00,0.00,0.00,20.28,31.14,2.06,2.24,0.25,0.25,0.00,0.00,0.00,5.40,6.80,3.06,3.78,0.00,0.00,0.00,0.00,0.00,23.53,2.18,9.80,0.00,0.00,82.96,87.39,1.68,1.53,15.50,15.03,0.00,0.00,85.97,93.75,0.00,0.00,0.00,0.00,0.00,0.00,0.00,0.00,0.00,0.00,352.94,323.53,0.00,0.00,58.82,0.00,0.00,0.00,0.00,29.41,0.00,0.00,0.00,0.00,0.00,0.00,0.00,0.00,0.03,0.00,0.46,0.44,0.18,0.00,2.05,1.95,8.71,7.65,0.00,0.00,0.00,0.00,0.00,0.00,0.00,0.00,9.56,9.05,19.35,30.56,29.59,34.48,30.26,35.86,1.99,1.44,2.19,0.79,0.85,0.63,0.48,0.11,1.94,1.46,0.55,0.12,1.10,1.96,0.87,0.69,0.00,0.00,0.15,0.00,9.90,11.98,0.31,0.04,0.00,0.00,6.16,6.34,0.00,0.00,0.00,0.00,0.62,0.56
1852.5,-2.000,7.000,0.000,0.000,0.000,0,0,0.800,0,0.00,0.14,0.16,78.43,53.92,165.44,164.18,121.85,84.03,116.96,106.10,0.83,0.98,57.23,53.12,67.61,53.16,99.44,92.44,98.73,87.21,352.94,352.94,137.25,135.42,0.00,0.00,0.00,0.00,8.77,7.98,0.77,2.26,5.61,6.18,0.00,0.00,0.00,0.00,0.00,0.00,0.00,0.00,1.15,0.57,0.00,0.00,0.00,0.08,0.00,4.55,1.03,0.00,0.00,0.00,0.00,8.69,10.66,0.00,0.00,0.00,0.00,0.00,0.00,0.00,0.00,0.67,0.66,4.88,6.16,0.00,0.00,0.00,0.00,20.62,30.80,1.95,2.00,0.23,0.21,0.00,0.00,0.00,5.53,6.33,3.08,3.83,0.00,0.00,0.00,0.00,0.00,17.65,3.27,9.80,0.00,0.00,77.68,84.03,1.88,1.73,15.58,15.68,0.00,0.00,95.02,93.75,0.00,0.00,0.00,0.00,0.00,0.00,0.00,0.00,0.00,0.00,352.94,323.53,0.00,0.00,58.82,0.00,0.00,0.00,29.41,0.00,0.00,0.00,0.00,0.00,0.00,0.00,0.00,0.00,0.03,0.00,0.46,0.44,0.23,0.00,2.31,1.91,8.17,3.53,0.00,0.00,0.00,0.00,0.00,0.00,0.00,0.00,9.33,9.90,18.56,31.42,28.97,33.59,30.57,35.10,2.23,1.52,2.11,0.87,0.95,0.42,0.44,0.23,1.59,1.19,0.39,0.23,0.80,1.34,1.15,0.89,0.08,0.00,0.19,0.00,11.54,13.15,0.15,0.00,0.00,0.00,6.86,6.10,0.00,0.00,0.00,0.00,0.66,0.56
1954.5,-2.000,7.000,0.000,0.000,0.000,0,0,0.800,0,0.00,0.07,0.20,80.88,51.47,166.53,164.18,117.65,79.83,116.18,107.73,0.81,0.94,56.17,53.12,67.38,53.29,100.84,96.64,99.42,88.12,352.94,352.94,137.25,134.19,0.00,0.00,0.00,0.00,8.67,8.10,0.77,1.51,5.84,5.62,0.00,0.00,0.00,0.00,0.00,0.00,0.00,0.00,0.58,0.57,0.00,0.00,0.00,0.08,0.00,4.90,2.31,0.00,0.00,0.00,0.00,7.50,9.47,0.00,0.00,0.00,0.00,0.00,0.00,0.00,0.00,0.76,0.58,5.47,6.09,0.00,0.00,0.00,0.00,21.64,27.68,2.01,2.24,0.32,0.24,0.00,0.00,0.00,5.67,6.48,3.01,3.71,0.00,0.00,0.00,0.00,0.00,23.53,4.36,0.00,0.00,0.00,78.43,86.55,1.55,1.78,15.40,15.00,0.00,0.00,97.29,88.24,0.00,0.00,0.00,0.00,0.00,0.00,0.00,0.00,0.00,0.00,352.94,323.53,0.00,0.00,58.82,0.00,0.00,0.00,29.41,29.41,0.00,0.00,0.00,0.00,0.00,0.00,0.00,0.00,0.00,0.00,0.63,0.36,0.32,0.00,1.78,1.80,8.17,4.12,0.00,0.00,0.00,0.00,0.00,0.00,0.00,0.00,8.51,10.12,18.79,31.49,28.05,34.52,31.37,35.86,1.91,1.36,2.15,0.59,1.02,0.49,0.41,0.23,1.63,1.19,0.59,0.39,1.40,1.04,1.07,0.61,0.15,0.00,0.04,0.00,9.77,12.26,0.46,0.08,0.00,0.00,5.23,6.34,0.00,0.00,0.00,0.00,0.62,0.51
2056.5,-2.000,7.000,0.000,0.000,0.000,0,0,0.800,0,0.00,0.11,0.23,73.53,51.47,166.94,164.73,117.65,79.83,117.04,106.96,0.96,1.31,55.81,52.94,67.40,53.32,100.84,89.64,100.92,88.58,352.94,352.94,137.25,137.25,0.00,0.00,0.00,0.00,8.81,8.13,0.77,0.75,5.65,6.32,0.00,0.00,0.00,0.00,0.00,0.00,0.00,0.00,0.58,1.70,0.00,0.00,0.00,0.08,0.00,4.90,1.93,0.00,0.00,0.00,0.00,8.09,11.25,0.00,0.00,0.00,0.00,0.00,0.00,0.00,0.00,0.59,0.49,4.96,5.52,0.00,0.00,0.00,0.00,22.31,32.18,1.92,2.42,0.26,0.21,0.00,0.00,0.00,5.85,6.44,2.64,3.62,0.00,0.00,0.00,0.00,0.00,17.65,2.18,19.61,0.00,0.00,76.17,85.71,2.33,1.93,15.17,15.68,0.00,0.00,95.02,88.24,0.00,0.00,0.00,0.00,0.00,0.00,0.00,0.00,0.00,0.00,352.94,323.53,0.00,0.00,29.41,0.00,0.00,0.00,29.41,29.41,0.00,0.00,0.00,0.00,0.00,0.00,0.00,0.04,0.03,0.00,0.59,0.20,0.27,0.00,1.56,1.50,12.53,7.65,0.00,0.00,0.00,0.00,0.00,0.00,0.00,0.00,7.95,9.31,19.29,31.73,32.14,35.40,29.28,34.51,2.15,0.84,1.76,0.47,1.09,0.63,0.55,0.15,1.98,1.27,0.43,0.12,0.95,1.31,1.15,1.01,0.04,0.00,0.11,0.00,9.48,12.43,0.35,0.08,0.00,0.00,6.16,6.81,1.59,0.00,0.00,0.00,0.75,0.56
2158.5,-2.000,7.000,0.000,0.000,0.000,0,0,0.800,0,0.00,0.14,0.13,78.43,46.57,166.12,164.04,130.25,84.03,118.42,107.73,1.12,1.52,56.70,54.19,67.20,54.15,100.84,95.24,101.85,87.89,352.94,352.94,137.87,137.25,0.00,0.00,0.00,0.00,8.90,8.28,0.77,1.51,5.79,6.09,0.00,0.00,0.00,0.00,0.00,0.00,0.00,0.00,0.58,0.57,0.00,0.00,0.00,0.25,0.00,3.15,1.03,0.00,0.00,0.00,0.00,10.26,11.45,0.00,0.00,0.00,0.00,0.00,0.00,0.00,0.00,0.76,0.41,4.84,5.94,0.00,2.10,0.00,0.00,20.96,30.80,1.73,2.23,0.26,0.20,0.00,0.00,0.00,5.76,6.67,2.87,3.80,0.77,0.78,0.00,0.00,0.00,17.65,2.18,9.80,0.00,0.00,80.69,84.87,1.45,1.59,15.58,15.29,0.00,0.00,97.29,91.91,0.00,0.00,0.00,0.00,0.00,0.00,0.00,0.00,0.00,0.00,352.94,323.53,0.00,0.00,29.41,0.00,0.00,0.00,29.41,58.82,0.00,0.00,0.00,0.00,0.00,0.00,0.00,0.00,0.07,0.00,0.54,0.44,0.18,0.00,1.67,2.62,13.62,7.06,0.00,0.00,0.00,0.00,0.00,0.00,0.00,0.00,7.91,9.39,18.69,31.27,29.76,36.37,30.43,34.64,2.23,1.16,2.07,0.71,0.95,0.63,0.63,0.19,2.06,1.23,0.51,0.08,1.14,1.23,0.91,0.57,0.15,0.04,0.04,0.00,10.85,13.05,0.46,0.04,0.00,0.00,5.12,7.05,0.00,0.92,0.00,0.00,0.74,0.56
2260.5,-2.000,7.000,0.000,0.000,0.000,0,0,0.800,0,0.00,0.07,0.23,78.43,49.02,167.35,164.60,121.85,84.03,117.73,107.30,0.87,1.16,55.81,52.76,67.81,53.64,99.44,91.04,100.81,87.67,352.94,352.94,137.25,137.25,0.00,0.00,0.00,0.00,8.97,8.12,0.77,0.75,5.93,6.27,0.00,0.00,0.00,0.00,0.00,0.00,0.00,0.00,0.58,0.00,0.00,0.00,0.00,0.00,0.00,4.90,3.34,0.00,0.00,0.00,0.00,10.26,12.44,0.00,0.00,0.00,0.00,0.00,0.00,0.00,0.00,0.76,0.33,4.92,6.13,0.00,0.00,0.00,0.00,21.97,27.34,2.12,2.83,0.28,0.19,0.00,0.00,0.00,5.75,6.50,3.01,3.71,0.39,0.39,0.00,0.00,0.00,23.53,2.18,9.80,0.00,0.00,82.20,87.39,1.49,1.57,15.09,15.91,0.00,0.00,92.76,91.91,0.00,0.00,0.00,0.00,0.00,0.00,0.00,0.00,0.00,0.00,352.94,323.53,0.00,0.00,88.24,0.00,0.00,0.00,29.41,29.41,0.00,0.00,0.00,0.00,0.00,0.00,0.00,0.00,0.10,0.00,0.75,0.36,0.32,0.00,2.05,2.06,10.89,10.59,0.00,0.00,0.00,0.00,0.00,0.00,0.00,0.00,8.32,10.09,19.50,31.49,30.38,34.17,29.32,34.60,2.31,0.80,1.64,0.67,1.16,0.63,0.74,0.19,2.10,0.99,0.51,0.12,1.18,1.00,0.91,0.97,0.11,0.00,0.19,0.00,9.94,13.05,0.23,0.04,0.00,0.00,5.93,6.34,0.00,0.00,0.00,0.00,0.67,0.53
2362.5,-2.000,7.000,0.000,0.000,0.000,0,0,0.800,0,0.00,0.11,0.20,75.98,53.92,165.71,165.01,121.85,84.03,116.78,107.47,0.60,1.12,57.05,54.19,67.90,53.90,102.24,92.44,100.23,88.46,352.94,352.94,139.71,140.32,0.00,0.00,0.00,0.00,8.87,8.05,0.77,0.75,6.48,6.09,0.00,0.00,0.00,0.00,0.00,0.00,0.00,0.00,1.15,0.57,0.00,0.00,0.00,0.08,0.00,3.15,2.05,0.00,0.00,0.00,0.00,7.70,10.66,0.00,0.00,0.00,0.00,0.00,0.00,0.00,0.00,0.76,0.58,4.80,5.75,0.00,0.00,0.00,0.00,20.62,28.03,2.03,2.52,0.23,0.17,0.00,0.00,0.00,5.44,6.32,3.03,3.86,0.77,0.78,0.00,0.00,0.00,17.65,2.18,29.41,0.00,0.00,80.69,88.24,1.77,1.23,15.27,16.25,0.00,0.00,92.76,90.07,0.00,0.00,0.00,0.00,0.00,0.00,0.00,0.00,0.00,0.00,352.94,323.53,0.00,0.00,58.82,0.00,0.00,0.00,29.41,29.41,0.00,0.00,0.00,0.00,0.00,0.00,0.00,0.00,0.03,0.00,0.38,0.36,0.09,0.00,1.78,1.76,7.63,4.12,0.00,0.00,0.00,0.00,0.00,0.00,0.00,0.00,8.85,9.68,19.45,31.11,30.51,35.88,32.52,35.32,2.19,0.88,1.68,0.55,0.89,0.59,0.37,0.19,2.02,1.31,0.31,0.15,0.72,1.00,1.19,0.89,0.08,0.00,0.15,0.00,9.48,13.08,0.31,0.00,0.00,0.00,6.16,6.93,0.00,0.92,0.00,0.00,0.71,0.53
2464.5,-2.000,7.000,0.000,0.000,0.000,0,0,0.800,0,2.10,0.07,0.20,73.53,53.92,167.76,165.15,126.05,92.44,118.42,107.90,1.06,1.41,56.52,54.01,67.09,53.84,100.84,96.64,98.85,88.80,352.94,352.94,135.42,134.80,0.00,0.00,0.00,0.00,8.82,8.05,1.55,2.26,7.11,5.72,0.00,0.00,0.00,0.00,0.00,0.00,0.00,0.00,0.58,1.13,0.00,0.00,0.00,0.00,0.00,5.25,2.18,0.00,0.00,0.00,0.00,9.67,11.45,0.00,0.00,0.00,0.00,0.00,0.00,0.00,0.00,0.76,0.49,4.65,5.86,1.34,0.00,0.00,0.00,20.96,30.10,2.09,2.39,0.26,0.22,0.00,0.00,0.00,5.54,6.62,3.08,3.94,0.00,0.78,0.00,0.00,0.00,23.53,1.09,0.00,0.00,0.00,81.45,85.71,1.81,1.82,15.17,16.07,0.00,0.00,95.02,91.91,0.00,0.00,0.00,0.00,0.00,0.00,0.00,0.00,0.00,0.00,352.94,323.53,0.00,0.00,58.82,0.00,0.00,0.00,29.41,58.82,0.00,0.00,0.00,0.00,0.00,0.00,0.00,0.00,0.03,0.00,0.54,0.24,0.32,0.00,1.45,2.40,8.71,9.41,0.00,0.00,0.00,0.00,0.00,0.00,0.00,0.00,8.51,10.60,19.11,30.72,29.50,34.96,29.15,37.76,2.15,1.20,2.03,0.75,1.02,0.45,0.59,0.15,1.47,1.07,0.43,0.15,1.29,1.04,1.15,0.65,0.08,0.04,0.19,0.00,10.00,11.85,0.46,0.04,0.00,0.00,6.28,5.86,0.00,0.92,0.00,0.00,0.71,0.63
2566.5,-2.000,7.000,0.000,0.000,0.000,0,0,0.800,0,0.00,0.11,0.20,78.43,49.02,166.39,165.01,121.85,79.83,116.53,107.22,0.81,1.02,55.99,54.01,67.20,53.60,96.64,92.44,98.62,87.67,352.94,352.94,138.48,135.42,0.00,0.00,0.00,0.00,8.67,7.91,0.77,1.51,6.20,5.76,0.00,0.00,0.00,0.00,0.00,0.00,0.00,0.00,1.15,1.70,0.00,0.00,0.00,0.08,0.00,1.05,0.51,0.00,0.00,0.00,0.00,7.90,11.25,0.00,0.00,0.00,0.00,0.00,0.00,0.00,0.00,0.67,0.58,4.96,5.67,0.00,0.00,0.00,0.00,19.95,32.18,1.53,2.10,0.25,0.22,0.00,0.00,0.00,5.54,6.67,3.18,3.70,0.00,1.18,0.00,0.00,0.00,17.65,1.09,0.00,0.00,0.00,78.43,83.19,1.96,1.80,15.32,16.41,0.00,0.00,90.50,97.43,0.00,0.00,0.00,0.00,0.00,0.00,0.00,0.00,0.00,0.00,352.94,323.53,0.00,0.00,58.82,0.00,0.00,0.00,29.41,58.82,0.00,0.00,0.00,0.00,0.00,0.00,0.00,0.00,0.00,0.00,0.33,0.36,0.23,0.00,1.82,2.29,8.17,9.41,0.00,0.00,0.00,0.00,0.00,0.00,0.00,0.00,9.03,10.09,19.26,30.66,29.90,35.62,30.83,35.64,2.43,1.32,1.53,0.83,1.06,0.31,0.48,0.19,2.06,0.83,0.31,0.04,1.33,1.19,0.91,0.69,0.11,0.00,0.04,0.00,8.69,11.47,0.31,0.04,0.00,0.00,5.00,6.70,0.79,0.00,0.00,0.00,0.69,0.64
2668.5,-2.000,7.000,0.000,0.000,0.000,0,0,0.800,0,0.00,0.07,0.23,80.88,53.92,165.58,164.73,121.85,84.03,117.22,108.58,0.75,1.08,56.70,53.12,67.03,53.39,102.24,91.04,98.96,87.78,352.94,352.94,140.32,133.58,0.00,0.00,0.00,0.00,8.77,7.96,0.77,0.75,5.47,5.95,0.00,0.00,0.00,0.00,0.00,0.00,0.00,0.00,1.73,1.13,0.00,0.00,0.00,0.25,0.00,3.50,1.93,0.00,0.00,0.00,0.00,8.29,13.82,0.00,0.00,0.00,0.00,0.00,0.00,0.00,0.00,0.59,0.33,5.63,6.13,0.00,0.00,0.00,0.00,21.30,31.49,1.97,2.33,0.29,0.20,0.00,0.00,0.00,5.68,6.71,3.00,3.69,0.00,0.39,0.00,0.00,0.00,17.65,0.00,19.61,0.00,0.00,82.20,84.03,1.88,1.57,15.01,15.39,0.00,0.00,90.50,91.91,0.00,0.00,0.00,0.00,0.00,0.00,0.00,0.00,0.00,0.00,352.94,323.53,0.00,0.00,58.82,0.00,0.00,0.00,0.00,58.82,0.00,0.00,0.00,0.00,0.00,0.00,0.00,0.00,0.03,0.00,0.67,0.32,0.27,0.00,1.97,2.40,7.08,10.00,0.00,0.00,0.00,0.00,0.00,0.00,0.00,0.00,7.73,9.39,19.59,30.36,28.75,35.14,28.97,33.92,2.15,1.24,2.31,0.71,0.92,0.52,0.33,0.34,2.18,0.71,0.74,0.15,1.02,1.34,0.99,0.36,0.04,0.00,0.23,0.00,10.59,11.33,0.38,0.12,0.00,0.00,6.05,5.98,0.00,0.00,0.00,0.00,0.71,0.57
2770.5,-2.000,7.000,0.000,0.000,0.000,0,0,0.800,0,0.00,0.07,0.23,83.33,49.02,167.21,165.15,113.45,79.83,116.35,106.70,0.87,1.21,57.05,53.48,67.62,53.32,103.64,93.84,99.88,87.33,352.94,352.94,137.25,137.25,0.00,0.00,0.00,0.00,8.84,8.15,0.77,2.26,6.52,6.04,0.00,0.00,0.00,0.00,0.00,0.00,0.00,0.00,0.58,1.70,0.00,0.00,0.00,0.08,0.00,2.45,1.03,0.00,0.00,0.00,0.00,8.49,11.84,0.00,0.00,0.00,0.00,0.00,0.00,0.00,0.00,0.59,0.58,4.80,5.59,0.00,2.10,0.00,0.00,21.97,28.03,1.73,1.99,0.27,0.19,0.00,0.00,0.00,5.63,6.44,2.97,3.69,0.00,0.00,0.00,0.00,0.00,17.65,2.18,9.80,0.00,0.00,78.43,88.24,1.99,1.68,14.99,15.03,0.00,0.00,90.50,93.75,0.00,0.00,0.00,0.00,0.00,0.00,0.00,0.00,0.00,0.00,352.94,323.53,0.00,0.00,88.24,0.00,0.00,0.00,29.41,29.41,0.00,0.00,0.00,0.00,0.00,0.00,0.00,0.04,0.03,0.00,0.46,0.56,0.27,0.00,2.08,2.14,9.26,8.82,0.00,0.00,0.00,0.00,0.00,0.00,0.00,0.00,9.56,9.87,19.16,31.09,29.19,37.43,30.43,33.70,2.11,1.32,1.99,0.51,0.89,0.52,0.44,0.11,1.75,1.31,0.20,0.27,1.29,1.08,0.95,0.65,0.08,0.00,0.30,0.00,11.05,12.26,0.31,0.08,0.00,0.00,5.12,5.74,0.00,0.00,0.00,0.00,0.67,0.59
2872.5,-2.000,7.000,0.000,0.000,0.000,0,0,0.800,0,0.00,0.11,0.26,80.88,49.02,167.62,164.60,126.05,84.03,117.82,107.13,0.81,1.12,58.11,54.37,67.86,53.92,102.24,92.44,99.77,88.35,352.94,352.94,137.87,131.74,0.00,0.00,0.00,0.00,8.91,8.22,0.77,2.26,5.93,6.13,0.00,0.00,0.00,0.00,0.00,0.00,0.00,0.00,1.15,1.70,0.00,0.00,0.00,0.08,0.00,4.55,2.70,0.00,0.00,0.00,0.00,8.49,12.24,0.00,0.00,0.00,0.00,0.00,0.00,0.00,0.00,0.76,0.49,5.12,5.78,0.00,0.00,0.00,0.00,21.30,32.53,1.73,2.23,0.26,0.25,0.00,0.00,0.00,5.79,6.73,2.99,3.75,0.00,0.00,0.00,0.00,0.00,23.53,1.09,9.80,0.00,0.00,78.43,84.03,1.47,1.59,15.07,15.24,0.00,0.00,88.24,90.07,0.00,0.00,0.00,0.00,0.00,0.00,0.00,0.00,0.00,0.00,352.94,323.53,0.00,0.00,58.82,0.00,0.00,0.00,0.00,29.41,0.00,0.00,0.00,0.00,0.00,0.00,0.00,0.00,0.00,0.00,0.42,0.40,0.27,0.00,1.78,2.17,7.63,7.06,0.00,0.00,0.00,0.00,0.00,0.00,0.00,0.00,8.96,10.01,18.94,30.69,29.46,36.46,30.34,36.22,2.11,1.32,1.92,0.63,1.12,0.52,0.44,0.26,1.55,0.95,0.43,0.12,0.95,1.23,0.56,0.81,0.00,0.00,0.15,0.00,9.71,12.46,0.42,0.04,0.00,0.00,5.23,6.34,0.00,0.00,0.00,0.00,0.62,0.57
2974.5,-2.000,7.000,0.000,0.000,0.000,0,0,0.800,0,0.00,0.11,0.16,75.98,51.47,166.80,165.29,121.85,84.03,117.73,106.96,0.94,1.23,56.52,53.12,67.31,53.93,100.84,96.64,101.15,87.33,352.94,352.94,134.80,134.80,0.00,0.00,0.00,0.00,9.04,8.26,0.77,2.26,6.38,6.36,0.00,0.00,0.00,0.00,0.00,0.00,0.00,0.00,1.15,1.70,0.00,0.00,0.00,0.08,0.00,3.50,1.54,0.00,0.00,0.00,0.00,7.90,12.44,0.00,0.00,0.00,0.00,0.00,0.00,0.00,0.00,0.59,0.41,5.04,5.63,0.00,0.00,0.00,0.00,21.64,28.72,1.99,2.25,0.29,0.25,0.00,0.00,0.00,5.56,6.60,3.15,3.73,0.00,0.00,0.00,0.00,0.00,23.53,1.09,0.00,0.00,0.00,77.68,85.71,1.73,1.93,15.30,16.35,0.00,0.00,97.29,95.59,0.00,0.00,0.00,0.00,0.00,0.00,0.00,0.00,0.00,0.00,352.94,323.53,0.00,0.00,88.24,0.00,0.00,0.00,29.41,58.82,0.00,0.00,0.00,0.00,0.00,0.00,0.00,0.00,0.07,0.00,0.67,0.40,0.18,0.00,1.75,2.21,10.35,8.82,0.00,0.00,0.00,0.00,0.00,0.00,0.00,0.00,9.26,9.90,19.56,31.05,31.22,34.34,29.68,35.68,2.39,1.28,2.11,0.47,0.68,0.45,0.44,0.11,1.91,1.07,0.62,0.27,1.29,0.96,0.95,0.57,0.08,0.00,0.15,0.00,10.39,11.68,0.46,0.00,0.00,0.00,5.35,6.10,0.00,0.00,0.00,0.00,0.65,0.59
3076.5,-2.000,7.000,0.000,0.000,0.000,0,0,0.800,0,0.00,0.14,0.20,75.98,49.02,166.80,165.98,126.05,79.83,118.68,107.99,0.94,1.33,56.17,54.37,67.38,53.83,102.24,93.84,98.96,88.46,352.94,352.94,139.09,135.42,0.00,0.00,0.00,0.00,8.90,8.34,0.77,2.26,6.16,6.04,0.00,0.00,0.00,0.00,0.00,0.00,0.00,0.00,1.15,1.13,0.00,0.00,0.00,0.08,0.00,4.20,2.31,0.00,0.00,0.00,0.00,10.07,13.23,0.00,0.00,0.00,0.00,0.00,0.00,0.00,0.00,0.59,0.58,5.28,5.90,0.00,0.00,0.00,0.00,21.97,29.41,2.23,2.28,0.28,0.24,0.00,0.00,0.00,5.64,6.75,3.20,3.89,0.00,0.00,0.00,0.00,0.00,17.65,3.27,19.61,0.00,0.00,77.68,85.71,1.79,1.84,15.48,15.47,0.00,0.00,95.02,91.91,0.00,0.00,0.00,0.00,0.00,0.00,0.00,0.00,0.00,0.00,352.94,323.53,0.00,0.00,58.82,0.00,0.00,0.00,29.41,58.82,0.00,0.00,0.00,0.00,0.00,0.00,0.00,0.00,0.00,0.00,0.71,0.36,0.18,0.00,2.12,2.21,8.17,5.29,0.00,0.00,0.00,0.00,0.00,0.00,0.00,0.00,7.76,10.97,19.30,30.80,31.48,35.14,31.14,35.77,2.15,0.96,1.56,0.94,0.95,0.56,0.52,0.26,1.87,1.03,0.43,0.27,1.10,1.65,0.83,0.77,0.00,0.00,0.30,0.00,9.87,12.63,0.38,0.08,0.00,0.00,6.16,6.93,0.00,0.00,0.00,0.00,0.70,0.56
3178.5,-2.000,7.000,0.000,0.000,0.000,0,0,0.800,0,0.00,0.07,0.16,73.53,51.47,166.94,164.87,134.45,79.83,117.39,107.47,0.77,1.25,56.52,53.30,67.12,53.78,102.24,98.04,99.08,88.01,352.94,352.94,139.09,133.58,0.00,0.00,0.00,0.00,8.72,8.14,0.77,1.51,6.52,6.68,0.00,0.00,0.00,0.00,0.00,0.00,0.00,0.00,1.15,1.13,0.00,0.00,0.00,0.00,0.00,3.50,2.44,0.00,0.00,0.00,0.00,9.28,12.44,0.00,0.00,0.00,0.00,0.00,0.00,0.00,0.00,0.59,0.58,4.53,5.71,0.00,0.00,0.00,0.00,23.66,28.72,2.39,2.85,0.29,0.19,0.00,0.00,0.00,5.62,6.43,2.82,3.73,0.00,1.18,0.00,0.00,0.00,17.65,3.27,0.00,0.00,0.00,82.20,87.39,1.47,1.46,15.60,16.07,0.00,0.00,95.02,90.07,0.00,0.00,0.00,0.00,0.00,0.00,0.00,0.00,0.00,0.00,352.94,323.53,0.00,0.00,58.82,0.00,0.00,0.00,29.41,58.82,0.00,0.00,0.00,0.00,0.00,0.00,0.00,0.00,0.00,0.00,0.46,0.48,0.32,0.00,1.60,2.21,11.44,8.24,0.00,0.00,0.00,0.00,0.00,0.00,0.00,0.00,7.80,10.38,19.38,31.08,30.91,35.93,30.12,35.01,1.62,1.48,1.72,1.14,1.29,0.52,0.33,0.11,1.94,1.19,0.74,0.12,1.29,1.19,1.07,0.85,0.11,0.04,0.23,0.00,10.23,12.12,0.46,0.08,0.00,0.00,5.93,6.81,0.00,0.00,0.00,0.00,0.68,0.59
3280.5,-2.000,7.000,0.000,0.000,0.000,0,0,0.800,0,0.00,0.11,0.23,73.53,53.92,167.08,164.87,121.85,79.83,116.78,106.28,0.79,1.08,55.81,54.01,67.34,54.06,96.64,93.84,99.42,88.46,352.94,352.94,137.87,136.03,0.00,0.00,0.00,0.00,8.80,8.21,1.55,1.51,5.56,6.27,0.00,0.00,0.00,0.00,0.00,0.00,0.00,0.00,1.15,0.57,0.00,0.00,0.00,0.33,0.00,5.95,3.08,0.00,0.00,0.00,0.00,9.67,12.63,0.00,0.00,0.00,0.00,0.00,0.00,0.00,0.00,0.67,0.58,4.57,6.13,0.00,2.10,0.00,0.00,21.30,30.45,2.17,2.34,0.25,0.22,0.00,0.00,0.00,5.57,6.70,2.95,3.58,0.00,0.39,0.00,0.00,0.00,23.53,2.18,9.80,0.00,0.00,79.94,85.71,1.90,1.78,14.86,15.32,0.00,0.00,88.24,93.75,0.00,0.00,0.00,0.00,0.00,0.00,0.00,0.00,0.00,0.00,352.94,323.53,0.00,0.00,29.41,0.00,0.00,0.00,29.41,29.41,0.00,0.00,0.00,0.00,0.00,0.00,0.00,0.00,0.00,0.00,0.88,0.52,0.41,0.00,1.86,2.25,11.44,7.06,0.00,0.00,0.00,0.00,0.00,0.00,0.00,0.00,8.17,9.87,19.32,30.83,29.63,35.93,31.63,35.91,1.95,0.68,1.60,0.87,0.99,0.24,0.41,0.11,2.30,1.19,0.43,0.12,1.25,1.38,1.35,0.89,0.04,0.00,0.19,0.00,9.57,12.57,0.38,0.08,0.00,0.00,5.70,5.74,0.00,0.00,0.00,0.00,0.70,0.53
3382.5,-2.000,7.000,0.000,0.000,0.000,0,0,0.800,0,0.00,0.11,0.20,78.43,53.92,166.39,164.73,130.25,84.03,117.22,108.24,0.83,1.31,57.58,55.26,67.21,53.56,103.64,89.64,99.42,88.35,352.94,352.94,136.03,135.42,0.00,0.00,0.00,0.00,8.77,8.07,0.77,0.75,5.56,5.58,0.00,0.00,0.00,0.00,0.00,0.00,0.00,0.00,1.15,1.70,0.00,0.00,0.00,0.08,0.00,5.95,3.34,0.00,0.00,0.00,0.00,8.09,12.83,0.00,0.00,0.00,0.00,0.00,0.00,0.00,0.00,0.67,0.58,5.00,5.75,0.00,0.00,0.00,0.00,20.96,30.10,1.96,2.11,0.25,0.25,0.00,0.00,0.00,5.67,6.75,3.10,3.64,0.39,3.14,0.00,0.00,0.00,23.53,1.09,9.80,0.00,0.00,80.69,83.19,1.90,1.84,14.99,15.26,0.00,0.00,90.50,86.40,0.00,0.00,0.00,0.00,0.00,0.00,0.00,0.00,0.00,0.00,352.94,323.53,0.00,0.00,58.82,0.00,0.00,0.00,0.00,58.82,0.00,0.00,0.00,0.00,0.00,0.00,0.00,0.00,0.03,0.00,0.63,0.32,0.36,0.00,2.08,1.91,8.71,9.41,0.00,0.00,0.00,0.00,0.00,0.00,0.00,0.00,9.14,9.46,19.16,31.05,30.20,34.03,31.90,33.52,2.23,0.92,1.68,0.63,1.09,0.63,0.52,0.11,1.51,1.19,0.70,0.15,0.99,1.23,0.95,0.57,0.00,0.04,0.11,0.00,10.82,12.91,0.23,0.08,0.00,0.00,6.16,6.10,0.00,1.84,0.00,0.00,0.55,0.70
3484.5,-2.000,7.000,0.000,0.000,0.000,0,0,0.800,0,0.00,0.11,0.23,78.43,56.37,168.03,164.73,126.05,79.83,118.08,107.13,0.75,1.04,56.70,53.65,67.97,53.53,99.44,91.04,99.19,87.21,352.94,352.94,137.87,134.80,0.00,0.00,0.00,0.00,8.94,8.08,0.77,0.75,6.20,5.72,0.00,0.00,0.00,0.00,0.00,0.00,0.00,0.00,1.15,0.57,0.00,0.00,0.00,0.16,0.00,3.15,1.41,0.00,0.00,0.00,0.00,7.70,12.83,0.00,0.00,0.00,0.00,0.00,0.00,0.00,0.00,0.67,0.49,4.96,5.82,0.00,0.00,0.00,0.00,21.30,29.41,1.96,2.40,0.23,0.20,0.00,0.00,0.00,5.45,6.66,2.95,3.72,0.00,0.00,0.00,0.00,0.00,23.53,4.36,9.80,0.00,0.00,79.94,85.71,1.47,1.96,15.17,15.13,0.00,0.00,90.50,90.07,0.00,0.00,0.00,0.00,0.00,0.00,0.00,0.00,0.00,0.00,352.94,323.53,0.00,0.00,58.82,0.00,0.00,0.00,29.41,58.82,0.00,0.00,0.00,0.00,0.00,0.00,0.00,0.00,0.03,0.00,0.59,0.28,0.27,0.00,1.86,1.46,8.71,8.24,0.00,0.00,0.00,0.00,0.00,0.00,0.00,0.00,8.10,10.42,18.89,31.56,31.97,34.96,29.59,34.87,2.11,0.80,1.92,0.31,0.95,0.56,0.52,0.19,1.59,1.07,0.39,0.31,1.10,1.08,0.76,0.77,0.15,0.00,0.30,0.00,9.61,12.22,0.35,0.16,0.00,0.00,6.05,6.22,0.00,0.00,0.00,0.00,0.63,0.64
3586.5,-2.000,7.000,0.000,0.000,0.000,0,0,0.800,0,2.10,0.11,0.16,78.43,49.02,167.08,163.49,121.85,79.83,118.60,107.64,0.85,1.25,56.34,54.01,67.76,54.04,100.84,93.84,100.46,86.76,352.94,352.94,137.87,133.58,0.00,0.00,0.00,0.00,8.87,8.15,1.55,1.51,6.16,5.67,0.00,0.00,0.00,0.00,0.00,0.00,0.00,0.00,0.58,0.00,0.00,0.00,0.00,0.25,0.00,4.20,1.41,0.00,0.00,0.00,0.00,8.88,11.25,0.00,0.00,0.00,0.00,0.00,0.00,0.00,0.00,0.76,0.49,5.32,5.86,0.00,0.00,0.00,0.00,22.99,31.14,2.21,2.44,0.28,0.24,0.00,0.00,0.00,5.63,6.68,2.99,3.77,0.00,0.00,0.00,0.00,0.00,17.65,4.36,19.61,0.00,0.00,77.68,84.03,1.64,1.46,15.04,15.65,0.00,0.00,95.02,95.59,0.00,0.00,0.00,0.00,0.00,0.00,0.00,0.00,0.00,0.00,352.94,323.53,0.00,0.00,88.24,0.00,0.00,0.00,0.00,29.41,0.00,0.00,0.00,0.00,0.00,0.00,0.00,0.00,0.03,0.00,0.50,0.36,0.18,0.00,2.16,1.61,8.71,11.18,0.00,0.00,0.00,0.00,0.00,0.00,0.00,0.00,7.84,9.87,19.35,31.51,30.42,35.49,29.99,34.69,2.39,1.52,2.15,0.75,1.06,0.70,0.59,0.26,2.10,0.99,0.74,0.15,0.95,1.04,1.11,0.65,0.11,0.00,0.19,0.00,10.03,12.50,0.35,0.08,0.00,0.00,5.70,6.22,0.00,0.00,0.00,0.00,0.64,0.60
3688.5,-2.000,7.000,0.000,0.000,0.000,0,0,0.800,0,0.00,0.14,0.23,78.43,51.47,167.76,164.73,117.65,84.03,118.25,108.84,0.96,1.16,56.34,53.12,67.43,53.86,100.84,96.64,99.65,89.48,352.94,352.94,137.25,135.42,0.00,0.00,0.00,0.00,8.98,8.40,1.55,1.51,6.52,6.91,0.00,0.00,0.00,0.00,0.00,0.00,0.00,0.00,0.58,2.26,0.00,0.00,0.00,0.08,0.00,2.80,1.54,0.00,0.00,0.00,0.00,9.87,10.66,0.00,0.00,0.00,0.00,0.00,0.00,0.00,0.00,0.67,0.49,5.24,6.13,0.00,2.10,0.00,0.00,21.97,30.80,1.70,2.15,0.25,0.20,0.00,0.00,0.00,5.81,6.77,2.86,3.97,0.00,0.78,0.00,0.00,0.00,17.65,1.09,9.80,0.00,0.00,80.69,84.87,1.60,1.66,14.94,15.91,0.00,0.00,95.02,95.59,0.00,0.00,0.00,0.00,0.00,0.00,0.00,0.00,0.00,0.00,352.94,323.53,0.00,0.00,58.82,0.00,0.00,0.00,29.41,29.41,0.00,0.00,0.00,0.00,0.00,0.00,0.00,0.04,0.00,0.00,0.59,0.40,0.27,0.00,1.86,1.87,10.35,7.06,0.00,0.00,0.00,0.00,0.00,0.00,0.00,0.00,7.43,10.46,19.24,30.71,29.59,35.31,30.83,35.23,2.03,1.20,1.68,0.67,0.99,0.59,0.52,0.15,1.87,1.07,0.43,0.08,1.10,1.38,0.87,0.61,0.04,0.00,0.04,0.00,9.64,11.71,0.46,0.04,0.00,0.00,5.81,6.58,0.00,1.84,0.00,0.00,0.72,0.56
3790.5,-2.000,7.000,0.000,0.000,0.000,0,0,0.800,0,0.00,0.11,0.20,75.98,51.47,168.16,164.18,121.85,84.03,116.96,107.22,0.77,1.04,56.70,54.01,67.28,53.38,102.24,91.04,100.23,88.80,352.94,352.94,136.64,135.42,0.00,0.00,0.00,0.00,8.89,8.10,0.77,1.51,6.29,5.90,0.00,0.00,0.00,0.00,0.00,0.00,0.00,0.00,0.58,2.26,0.00,0.00,0.00,0.08,0.00,5.60,2.18,0.00,0.00,0.00,0.00,9.08,11.45,0.00,0.00,0.00,0.00,0.00,0.00,0.00,0.00,0.59,0.41,4.92,5.82,0.00,0.00,0.00,0.00,21.30,32.18,1.75,2.43,0.26,0.20,0.00,0.00,0.00,5.44,6.51,3.09,3.80,0.77,0.39,0.00,0.00,0.00,17.65,1.09,19.61,0.00,0.00,79.19,85.71,1.66,1.80,15.04,15.55,0.00,0.00,92.76,90.07,0.00,0.00,0.00,0.00,0.00,0.00,0.00,0.00,0.00,0.00,352.94,323.53,0.00,0.00,58.82,0.00,0.00,0.00,29.41,58.82,0.00,0.00,0.00,0.00,0.00,0.00,0.00,0.00,0.07,0.00,0.21,0.52,0.05,0.00,1.90,2.06,11.44,7.06,0.00,0.00,0.00,0.00,0.00,0.00,0.00,0.00,7.73,10.12,19.18,30.97,30.03,33.99,30.88,36.90,1.99,1.24,1.68,0.75,1.19,0.80,0.37,0.11,1.59,0.67,0.35,0.08,1.29,1.31,0.87,0.81,0.08,0.00,0.11,0.00,10.72,12.94,0.46,0.04,0.00,0.00,5.58,5.74,0.00,0.00,0.00,0.00,0.65,0.55
3892.5,-2.000,7.000,0.000,0.000,0.000,0,0,0.800,0,0.00,0.11,0.16,80.88,51.47,166.12,164.32,121.85,79.83,116.78,107.05,0.77,1.04,57.05,53.30,67.03,53.94,103.64,91.04,100.46,88.69,352.94,352.94,134.19,135.42,0.00,0.00,0.00,0.00,8.54,8.07,0.77,1.51,5.93,5.90,0.00,0.00,0.00,0.00,0.00,0.00,0.00,0.00,0.58,0.57,0.00,0.00,0.00,0.16,0.00,2.80,0.64,0.00,0.00,0.00,0.00,8.88,12.04,0.00,0.00,0.00,0.00,0.00,0.00,0.00,0.00,0.42,0.33,4.88,5.82,0.00,0.00,0.00,0.00,20.96,28.03,1.16,1.89,0.26,0.17,0.00,0.00,0.00,5.67,6.43,3.09,3.70,0.00,0.00,0.00,0.00,0.00,17.65,2.18,0.00,0.00,0.00,79.19,84.03,1.81,2.09,15.71,14.87,0.00,0.00,90.50,90.07,0.00,0.00,0.00,0.00,0.00,0.00,0.00,0.00,0.00,0.00,352.94,323.53,0.00,0.00,58.82,0.00,0.00,0.00,29.41,58.82,0.00,0.00,0.00,0.00,0.00,0.00,0.00,0.00,0.00,0.00,0.71,0.24,0.23,0.00,2.27,1.57,8.17,4.71,0.00,0.00,0.00,0.00,0.00,0.00,0.00,0.00,8.44,9.39,19.48,31.04,29.06,36.46,30.57,36.45,1.83,1.48,2.03,0.83,0.75,0.45,0.44,0.34,2.02,0.83,0.43,0.27,0.99,0.92,0.79,0.85,0.08,0.00,0.23,0.00,11.35,12.09,0.35,0.04,0.00,0.00,5.00,5.26,0.00,0.00,0.00,0.00,0.63,0.60
3994.5,-2.000,7.000,0.000,0.000,0.000,0,0,0.800,0,0.00,0.18,0.26,80.88,51.47,167.48,165.70,130.25,75.63,117.30,107.47,0.77,1.12,57.05,52.76,67.37,53.77,99.44,95.24,100.35,88.46,352.94,352.94,136.64,134.80,0.00,0.00,0.00,0.00,8.80,8.01,1.55,0.75,6.25,6.27,0.00,0.00,0.00,0.00,0.00,0.00,0.00,0.00,0.58,1.70,0.00,0.00,0.00,0.16,0.00,3.50,1.80,0.00,0.00,0.00,0.00,9.47,10.46,0.00,0.00,0.00,0.00,0.00,0.00,0.00,0.00,0.59,0.58,4.45,6.20,0.00,2.10,0.00,0.00,22.99,31.49,1.79,2.18,0.31,0.22,0.00,0.00,0.00,5.72,6.74,2.74,3.61,0.00,0.00,0.00,0.00,0.00,17.65,3.27,29.41,0.00,0.00,80.69,85.71,1.92,1.87,15.32,16.02,0.00,0.00,97.29,93.75,0.00,0.00,0.00,0.00,0.00,0.00,0.00,0.00,0.00,0.00,352.94,323.53,0.00,0.00,29.41,0.00,0.00,0.00,29.41,29.41,0.00,0.00,0.00,0.00,0.00,0.00,0.00,0.00,0.00,0.00,0.63,0.52,0.14,0.00,1.67,2.17,11.44,4.12,0.00,0.00,0.00,0.00,0.00,0.00,0.00,0.00,9.44,9.02,19.10,30.56,30.34,35.05,32.43,34.92,2.07,1.36,2.15,0.90,1.19,0.56,0.37,0.11,1.27,1.11,0.35,0.31,1.29,0.81,1.07,0.89,0.08,0.00,0.15,0.00,10.26,12.57,0.38,0.04,0.00,0.00,5.46,5.98,0.00,0.00,0.00,0.00,0.72,0.57
4096.5,-2.000,7.000,0.000,0.000,0.000,0,0,0.800,0,0.00,0.07,0.16,83.33,51.47,168.71,165.29,117.65,84.03,116.70,107.47,0.64,0.94,55.10,54.19,66.88,53.64,105.04,91.04,101.04,89.26,352.94,352.94,134.19,137.25,0.00,0.00,0.00,0.00,8.68,8.08,0.77,1.51,6.38,5.81,0.00,0.00,0.00,0.00,0.00,0.00,0.00,0.00,0.58,0.57,0.00,0.00,0.00,0.00,0.00,2.10,0.13,0.00,0.00,0.00,0.00,8.88,11.84,0.00,0.00,0.00,0.00,0.00,0.00,0.00,0.00,0.59,0.58,5.24,5.52,0.00,2.10,0.00,0.00,22.31,31.49,1.80,2.21,0.25,0.24,0.00,0.00,0.00,5.75,6.48,2.91,3.71,0.00,0.00,0.00,0.00,0.00,17.65,1.09,0.00,0.00,0.00,80.69,83.19,1.81,2.12,15.96,15.19,0.00,0.00,90.50,93.75,0.00,0.00,0.00,0.00,0.00,0.00,0.00,0.00,0.00,0.00,352.94,323.53,0.00,0.00,58.82,0.00,0.00,0.00,29.41,58.82,0.00,0.00,0.00,0.00,0.00,0.00,0.00,0.00,0.03,0.00,0.59,0.44,0.23,0.00,2.01,1.99,9.26,11.18,0.00,0.00,0.00,0.00,0.00,0.00,0.00,0.00,8.70,9.50,19.07,31.05,29.02,34.65,30.12,36.54,1.66,1.20,1.64,0.63,0.71,0.59,0.55,0.19,1.79,0.95,0.55,0.19,1.02,1.23,0.91,0.85,0.04,0.00,0.04,0.00,10.92,12.02,0.38,0.08,0.00,0.00,5.35,5.86,0.00,0.00,0.00,0.00,0.73,0.61
4198.5,-2.000,7.000,0.000,0.000,0.000,0,0,0.800,0,0.00,0.07,0.26,80.88,56.37,167.48,163.77,130.25,84.03,117.47,106.79,0.94,1.25,56.52,53.48,67.61,53.41,103.64,92.44,100.58,87.78,352.94,352.94,138.48,136.64,0.00,0.00,0.00,0.00,8.78,8.06,0.77,1.51,5.97,5.90,0.00,0.00,0.00,0.00,0.00,0.00,0.00,0.00,1.15,1.13,0.00,0.00,0.00,0.08,0.00,5.95,1.80,0.00,0.00,0.00,0.00,8.69,12.63,0.00,0.00,0.00,0.00,0.00,0.00,0.00,0.00,0.67,0.49,4.53,6.01,0.00,2.10,0.00,0.00,19.27,30.80,1.84,2.10,0.26,0.24,0.00,0.00,0.00,5.53,6.74,3.12,3.68,0.77,0.00,0.00,0.00,0.00,17.65,3.27,9.80,0.00,0.00,79.94,86.55,1.81,1.62,15.27,15.13,0.00,0.00,95.02,90.07,0.00,0.00,0.00,0.00,0.00,0.00,0.00,0.00,0.00,0.00,352.94,323.53,0.00,0.00,29.41,0.00,0.00,0.00,29.41,58.82,0.00,0.00,0.00,0.00,0.00,0.00,0.00,0.00,0.03,0.00,0.71,0.12,0.14,0.00,2.08,1.84,10.89,7.65,0.00,0.00,0.00,0.00,0.00,0.00,0.00,0.00,8.58,9.35,19.30,31.36,29.59,35.27,30.74,35.14,1.58,1.04,1.92,0.94,0.89,0.73,0.63,0.15,1.51,1.23,0.35,0.23,0.99,1.57,0.76,0.36,0.04,0.00,0.08,0.00,9.61,11.88,0.42,0.04,0.00,0.00,5.46,6.10,0.00,0.00,0.00,0.00,0.63,0.60
4300.5,-2.000,7.000,0.000,0.000,0.000,0,0,0.800,0,0.00,0.11,0.20,78.43,51.47,165.99,164.18,113.45,79.83,115.49,106.87,0.75,1.10,56.70,54.37,67.48,53.57,106.44,91.04,98.50,87.33,352.94,352.94,136.03,132.97,0.00,0.00,0.00,0.00,8.77,8.21,0.77,1.51,6.38,6.18,0.00,0.00,0.00,0.00,0.00,0.00,0.00,0.00,1.15,1.70,0.00,0.00,0.00,0.16,0.00,5.95,2.18,0.00,0.00,0.00,0.00,9.28,11.45,0.00,0.00,0.00,0.00,0.00,0.00,0.00,0.00,0.67,0.58,4.96,5.59,0.00,0.00,0.00,0.00,20.96,28.72,1.81,2.05,0.28,0.21,0.00,0.00,0.00,5.75,6.41,3.02,3.68,0.00,0.00,0.00,0.00,0.00,17.65,2.18,9.80,0.00,0.00,78.43,86.55,1.86,1.80,15.32,15.73,0.00,0.00,90.50,97.43,0.00,0.00,0.00,0.00,0.00,0.00,0.00,0.00,0.00,0.00,352.94,323.53,0.00,0.00,0.00,0.00,0.00,0.00,29.41,29.41,0.00,0.00,0.00,0.00,0.00,0.00,0.00,0.00,0.07,0.00,0.54,0.36,0.09,0.00,2.16,1.80,10.89,5.29,0.00,0.00,0.00,0.00,0.00,0.00,0.00,0.00,8.70,10.23,19.44,31.05,30.42,34.39,30.43,37.53,1.95,0.80,2.03,0.35,0.71,0.52,0.48,0.30,1.91,0.91,0.66,0.00,1.29,1.27,1.23,0.28,0.08,0.00,0.19,0.00,10.39,11.50,0.27,0.04,0.00,0.00,5.35,5.62,0.00,0.00,0.00,0.00,0.69,0.56
4402.5,-2.000,7.000,0.000,0.000,0.000,0,0,0.800,0,0.00,0.07,0.20,83.33,56.37,168.16,164.73,126.05,88.24,116.70,106.45,0.64,0.89,57.23,54.19,67.38,53.74,102.24,93.84,100.23,87.33,352.94,352.94,134.80,134.80,0.00,0.00,0.00,0.00,8.74,7.88,1.55,2.26,5.88,6.13,0.00,0.00,0.00,0.00,0.00,0.00,0.00,0.00,0.58,1.70,0.00,0.00,0.00,0.08,0.00,2.45,0.90,0.00,0.00,0.00,0.00,7.70,11.05,0.00,0.00,0.00,0.00,0.00,0.00,0.00,0.00,0.67,0.41,5.51,6.13,0.00,0.00,0.00,0.00,21.30,30.80,1.85,1.79,0.27,0.21,0.00,0.00,0.00,5.72,6.59,2.98,3.54,0.39,0.00,0.00,0.00,0.00,17.65,2.18,9.80,0.00,0.00,77.68,83.19,1.83,1.53,15.63,16.30,0.00,0.00,97.29,93.75,0.00,0.00,0.00,0.00,0.00,0.00,0.00,0.00,0.00,0.00,352.94,323.53,0.00,0.00,58.82,0.00,0.00,0.00,29.41,58.82,0.00,0.00,0.00,0.00,0.00,0.00,0.00,0.00,0.07,0.00,0.63,0.20,0.23,0.00,1.90,2.32,11.98,8.24,0.00,0.00,0.00,0.00,0.00,0.00,0.00,0.00,8.29,10.05,18.70,31.87,31.61,33.95,30.70,34.33,1.50,1.16,2.11,0.39,0.92,0.73,0.37,0.19,2.18,1.11,0.55,0.23,1.06,0.84,0.64,0.89,0.15,0.00,0.08,0.00,10.00,11.78,0.42,0.00,0.00,0.00,5.35,5.86,0.00,0.00,0.00,0.00,0.68,0.62
4504.5,-2.000,7.000,0.000,0.000,0.000,0,0,0.800,0,0.00,0.11,0.23,83.33,58.82,166.94,164.32,117.65,84.03,117.04,107.13,1.16,1.48,56.70,53.48,67.11,54.10,103.64,96.64,100.58,89.26,352.94,352.94,134.80,139.09,0.00,0.00,0.00,0.00,8.84,8.35,0.77,1.51,5.65,6.50,0.00,0.00,0.00,0.00,0.00,0.00,0.00,0.00,0.58,1.13,0.00,0.00,0.00,0.08,0.00,5.25,2.05,0.00,0.00,0.00,0.00,7.70,12.44,0.00,0.00,0.00,0.00,0.00,0.00,0.00,0.00,0.59,0.58,5.24,5.63,0.00,0.00,0.00,0.00,20.96,29.76,2.31,2.50,0.27,0.22,0.00,0.00,0.00,5.59,6.56,3.10,3.79,0.39,0.00,0.00,0.00,0.00,17.65,2.18,0.00,0.00,0.00,78.43,85.71,1.81,1.89,15.01,15.52,0.00,0.00,90.50,93.75,0.00,0.00,0.00,0.00,0.00,0.00,0.00,0.00,0.00,0.00,352.94,323.53,0.00,0.00,88.24,0.00,0.00,0.00,0.00,58.82,0.00,0.00,0.00,0.00,0.00,0.00,0.00,0.00,0.03,0.00,0.59,0.40,0.23,0.00,2.31,1.95,10.35,9.41,0.00,0.00,0.00,0.00,0.00,0.00,0.00,0.00,9.26,9.64,19.78,30.73,27.25,35.80,32.08,36.00,1.95,1.60,1.45,0.71,1.06,0.49,0.44,0.30,1.75,0.87,0.66,0.19,0.99,1.23,0.83,0.73,0.08,0.00,0.08,0.00,9.80,12.53,0.31,0.04,0.00,0.00,5.81,5.98,0.00,0.00,0.00,0.00,0.66,0.60
4606.5,-2.000,7.000,0.000,0.000,0.000,0,0,0.800,0,0.00,0.11,0.20,75.98,51.47,166.80,164.32,121.85,84.03,118.16,107.30,0.85,1.25,56.70,52.58,67.73,53.89,96.64,93.84,100.35,87.67,352.94,352.94,134.80,136.64,0.00,0.00,0.00,0.00,8.86,8.07,0.77,1.51,5.38,6.59,0.00,0.00,0.00,0.00,0.00,0.00,0.00,0.00,1.73,1.13,0.00,0.00,0.00,0.25,0.00,7.00,1.93,0.00,0.00,0.00,0.00,6.51,10.26,0.00,0.00,0.00,0.00,0.00,0.00,0.00,0.00,0.67,0.49,5.79,5.59,0.00,0.00,0.00,0.00,21.30,28.72,2.25,2.33,0.26,0.15,0.00,0.00,0.00,5.67,6.44,3.04,3.79,0.39,0.39,0.00,0.00,0.00,17.65,1.09,9.80,0.00,0.00,77.68,84.03,2.16,1.96,15.60,16.30,0.00,0.00,92.76,88.24,0.00,0.00,0.00,0.00,0.00,0.00,0.00,0.00,0.00,0.00,352.94,323.53,0.00,0.00,0.00,0.00,0.00,0.00,0.00,29.41,0.00,0.00,0.00,0.00,0.00,0.00,0.00,0.00,0.03,0.00,0.42,0.44,0.09,0.00,1.67,1.91,8.17,7.06,0.00,0.00,0.00,0.00,0.00,0.00,0.00,0.00,9.41,10.01,18.75,31.47,30.73,35.88,30.88,36.72,1.87,1.00,1.84,0.79,1.09,0.66,0.18,0.23,1.19,0.83,0.27,0.08,1.63,1.04,0.72,0.69,0.08,0.00,0.11,0.00,10.03,11.64,0.27,0.04,0.00,0.00,5.35,6.10,0.00,0.00,0.00,0.00,0.62,0.55
4708.5,-2.000,7.000,0.000,0.000,0.000,0,0,0.800,0,0.00,0.11,0.23,80.88,53.92,167.76,165.29,117.65,79.83,118.16,107.56,0.89,1.14,56.52,52.76,67.40,53.93,103.64,95.24,101.38,88.80,352.94,352.94,139.71,136.03,0.00,0.00,0.00,0.00,8.83,8.11,1.55,1.51,5.52,6.04,0.00,0.00,0.00,0.00,0.00,0.00,0.00,0.00,1.15,1.13,0.00,0.00,0.00,0.16,0.00,4.90,1.67,0.00,0.00,0.00,0.00,9.28,12.04,0.00,0.00,0.00,0.00,0.00,0.00,0.00,0.00,0.59,0.66,4.65,5.63,0.00,0.00,0.00,0.00,22.31,29.07,1.59,1.79,0.25,0.19,0.00,0.00,0.00,5.56,6.59,3.11,3.59,0.00,0.00,0.00,0.00,0.00,23.53,1.09,0.00,0.00,0.00,78.43,83.19,1.64,1.73,15.63,15.11,0.00,0.00,85.97,88.24,0.00,0.00,0.00,0.00,0.00,0.00,0.00,0.00,0.00,0.00,352.94,323.53,0.00,0.00,29.41,0.00,0.00,0.00,29.41,58.82,0.00,0.00,0.00,0.00,0.00,0.00,0.00,0.00,0.07,0.00,0.50,0.36,0.14,0.00,2.19,1.80,10.89,7.65,0.00,0.00,0.00,0.00,0.00,0.00,0.00,0.00,8.88,9.39,18.69,31.22,29.90,35.36,31.68,35.46,2.27,1.28,1.76,1.02,1.19,0.52,0.33,0.00,2.02,1.35,0.70,0.23,1.06,1.42,0.91,0.65,0.00,0.00,0.15,0.00,10.66,12.67,0.61,0.16,0.00,0.00,6.16,5.74,0.00,0.00,0.00,0.00,0.66,0.62
4810.5,-2.000,7.000,0.000,0.000,0.000,0,0,0.800,0,2.10,0.11,0.16,78.43,49.02,166.80,165.70,130.25,84.03,117.30,106.96,0.94,1.23,56.52,54.01,67.34,54.19,102.24,92.44,99.77,89.83,352.94,352.94,136.64,136.64,0.00,0.00,0.00,0.00,8.85,8.24,0.77,0.75,6.11,7.33,0.00,0.00,0.00,0.00,0.00,0.00,0.00,0.00,0.58,1.13,0.00,0.00,0.00,0.00,0.00,5.25,2.95,0.00,0.00,0.00,0.00,7.90,12.63,0.00,0.00,0.00,0.00,0.00,0.00,0.00,0.00,0.67,0.49,5.00,5.67,0.00,0.00,0.00,0.00,19.61,31.14,1.84,2.01,0.24,0.22,0.00,0.00,0.00,5.47,6.72,2.94,3.70,0.00,0.78,0.00,0.00,0.00,17.65,3.27,9.80,0.00,0.00,82.20,88.24,1.83,1.82,15.50,16.25,0.00,0.00,90.50,95.59,0.00,0.00,0.00,0.00,0.00,0.00,0.00,0.00,0.00,0.00,352.94,323.53,0.00,0.00,58.82,0.00,0.00,29.41,0.00,58.82,0.00,0.00,0.00,0.00,0.00,0.00,0.00,0.00,0.07,0.00,0.42,0.32,0.09,0.00,2.08,1.95,7.08,11.18,0.00,0.00,0.00,0.00,0.00,0.00,0.00,0.00,8.96,9.53,19.14,30.87,28.66,35.40,29.86,34.69,2.43,1.36,2.62,0.67,0.71,0.56,0.59,0.15,1.59,0.91,0.47,0.15,1.02,1.42,0.76,0.57,0.15,0.00,0.15,0.00,9.54,13.63,0.23,0.04,0.00,0.00,6.39,6.34,0.00,1.84,0.00,0.00,0.68,0.60
4912.5,-2.000,7.000,0.000,0.000,0.000,0,0,0.800,0,0.00,0.11,0.23,80.88,53.92,167.08,163.63,121.85,88.24,117.47,107.05,1.14,1.41,56.70,52.94,67.48,53.69,105.04,93.84,100.58,88.12,352.94,352.94,135.42,135.42,0.00,0.00,0.00,0.00,8.98,8.31,1.55,0.75,6.84,6.68,0.00,0.00,0.00,0.00,0.00,0.00,0.00,0.00,1.15,2.26,0.00,0.00,0.00,0.16,0.00,3.15,1.28,0.00,0.00,0.00,0.00,9.28,11.45,0.00,0.00,0.00,0.00,0.00,0.00,0.00,0.00,0.59,0.49,5.00,5.02,0.00,0.00,0.00,0.00,21.97,31.83,1.50,1.48,0.26,0.26,0.00,0.00,0.00,5.79,6.66,2.98,3.64,0.00,0.00,0.00,0.00,0.00,17.65,2.18,0.00,0.00,0.00,80.69,84.03,1.47,1.64,15.68,16.20,0.00,0.00,88.24,93.75,0.00,0.00,0.00,0.00,0.00,0.00,0.00,0.00,0.00,0.00,352.94,323.53,0.00,0.00,58.82,0.00,0.00,0.00,58.82,58.82,0.00,0.00,0.00,0.00,0.00,0.00,0.00,0.00,0.03,0.00,0.54,0.56,0.23,0.00,2.45,2.14,11.98,9.41,0.00,0.00,0.00,0.00,0.00,0.00,0.00,0.00,8.17,9.79,19.12,31.23,31.04,35.27,29.41,35.95,2.03,1.08,1.60,0.43,0.89,0.56,0.48,0.19,1.83,1.19,0.55,0.08,1.21,1.42,0.76,0.97,0.04,0.00,0.11,0.00,10.72,11.06,0.23,0.04,0.00,0.00,5.23,5.38,0.00,0.00,0.00,0.00,0.71,0.57
5014.5,-2.000,7.000,0.000,0.000,0.000,0,0,0.800,0,0.00,0.11,0.20,78.43,56.37,167.62,165.01,126.05,84.03,116.09,107.73,0.83,1.10,55.81,53.30,67.13,54.08,99.44,93.84,98.96,87.44,352.94,352.94,135.42,139.09,0.00,0.00,0.00,0.00,8.77,8.10,1.55,0.75,6.48,5.76,0.00,0.00,0.00,0.00,0.00,0.00,0.00,0.00,0.58,0.57,0.00,0.00,0.00,0.08,0.00,8.05,3.98,0.00,0.00,0.00,0.00,8.69,13.23,0.00,0.00,0.00,0.00,0.00,0.00,0.00,0.00,0.67,0.49,5.28,5.59,0.00,0.00,0.00,0.00,21.30,29.07,1.87,2.24,0.29,0.24,0.00,0.00,0.00,5.65,6.75,2.90,3.83,1.55,0.00,0.00,0.00,0.00,23.53,2.18,9.80,0.00,0.00,78.43,84.87,1.94,1.73,15.04,16.30,0.00,0.00,92.76,93.75,0.00,0.00,0.00,0.00,0.00,0.00,0.00,0.00,0.00,0.00,352.94,323.53,0.00,0.00,58.82,0.00,0.00,0.00,0.00,58.82,0.00,0.00,0.00,0.00,0.00,0.00,0.00,0.00,0.03,0.00,0.75,0.20,0.27,0.00,1.67,1.69,9.80,8.82,0.00,0.00,0.00,0.00,0.00,0.00,0.00,0.00,8.85,10.57,19.12,31.02,29.76,36.85,29.55,36.99,1.62,1.36,1.68,0.71,1.23,0.52,0.37,0.19,2.38,0.79,0.59,0.15,1.21,1.42,0.99,0.81,0.08,0.00,0.19,0.00,9.77,12.12,0.46,0.16,0.00,0.00,5.12,6.70,0.00,0.00,0.00,0.00,0.63,0.63
5116.5,-2.000,7.000,0.000,0.000,0.000,0,0,0.800,0,0.00,0.07,0.23,80.88,49.02,167.35,162.94,113.45,79.83,117.13,106.45,0.73,1.02,56.34,54.55,67.31,53.69,99.44,93.84,98.96,86.99,352.94,352.94,134.19,134.19,0.00,0.00,0.00,0.00,8.80,7.99,1.55,2.26,6.52,5.62,0.00,0.00,0.00,0.00,0.00,0.00,0.00,0.00,1.15,1.13,0.00,0.00,0.00,0.08,0.00,5.25,2.57,0.00,0.00,0.00,0.00,7.90,12.04,0.00,0.00,0.00,0.00,0.00,0.00,0.00,0.00,0.59,0.41,4.92,6.24,0.00,0.00,0.00,0.00,20.28,30.45,2.02,2.33,0.30,0.19,0.00,0.00,0.00,5.71,6.62,2.97,3.66,0.00,0.00,0.00,0.00,0.00,17.65,1.09,0.00,0.00,0.00,79.19,85.71,1.32,1.41,14.91,15.71,0.00,0.00,92.76,93.75,0.00,0.00,0.00,0.00,0.00,0.00,0.00,0.00,0.00,0.00,352.94,323.53,0.00,0.00,88.24,0.00,0.00,0.00,29.41,29.41,0.00,0.00,0.00,0.00,0.00,0.00,0.00,0.00,0.00,0.00,0.42,0.36,0.14,0.00,1.86,1.87,10.35,7.65,0.00,0.00,0.00,0.00,0.00,0.00,0.00,0.00,9.67,9.98,19.33,31.02,29.94,33.90,31.99,35.19,1.87,0.88,1.84,0.94,0.95,0.59,0.63,0.11,1.51,0.83,0.27,0.12,1.02,1.31,1.03,0.61,0.08,0.00,0.08,0.00,9.80,12.53,0.42,0.00,0.00,0.00,6.05,5.62,0.00,0.00,0.00,0.00,0.63,0.56
5218.5,-2.000,7.000,0.000,0.000,0.000,0,0,0.800,0,0.00,0.11,0.23,78.43,51.47,166.39,164.04,130.25,75.63,118.25,107.39,0.89,1.08,59.00,53.65,67.25,53.36,102.24,92.44,99.54,87.67,352.94,352.94,137.87,134.19,0.00,0.00,0.00,0.00,8.95,8.00,0.77,0.75,6.52,6.41,0.00,0.00,0.00,0.00,0.00,0.00,0.00,0.00,1.15,1.70,0.00,0.00,0.00,0.16,0.00,6.30,3.60,0.00,0.00,0.00,0.00,7.50,11.45,0.00,0.00,0.00,0.00,0.00,0.00,0.00,0.00,0.84,0.41,5.24,6.09,0.00,0.00,0.00,0.00,20.28,30.45,2.25,2.42,0.24,0.22,0.00,0.00,0.00,5.56,6.68,2.84,3.72,0.00,0.39,0.00,0.00,0.00,17.65,2.18,19.61,0.00,0.00,79.94,84.87,1.94,2.00,15.14,15.86,0.00,0.00,90.50,88.24,0.00,0.00,0.00,0.00,0.00,0.00,0.00,0.00,0.00,0.00,352.94,323.53,0.00,0.00,88.24,0.00,0.00,0.00,29.41,58.82,0.00,0.00,0.00,0.00,0.00,0.00,0.00,0.00,0.03,0.00,0.42,0.40,0.05,0.00,1.86,1.95,9.80,5.29,0.00,0.00,0.00,0.00,0.00,0.00,0.00,0.00,8.21,9.50,19.28,31.39,28.49,36.54,30.79,35.77,2.39,0.92,2.11,0.83,0.82,0.52,0.55,0.11,1.75,1.35,0.59,0.12,1.02,1.04,1.31,0.65,0.11,0.00,0.08,0.00,9.48,12.09,0.54,0.00,0.00,0.00,6.05,6.34,0.00,0.92,0.00,0.00,0.67,0.59
5320.5,-2.000,7.000,0.000,0.000,0.000,0,0,0.800,0,0.00,0.11,0.20,75.98,51.47,167.21,164.60,117.65,84.03,117.13,107.13,0.71,1.08,56.17,54.72,67.32,53.69,102.24,92.44,98.85,87.89,352.94,352.94,137.87,132.35,0.00,0.00,0.00,0.00,8.74,7.92,0.77,1.51,6.06,5.49,0.00,0.00,0.00,0.00,0.00,0.00,0.00,0.00,0.58,0.57,0.00,0.00,0.00,0.16,0.00,2.80,0.90,0.00,0.00,0.00,0.00,7.30,13.42,0.00,0.00,0.00,0.00,0.00,0.00,0.00,0.00,0.67,0.41,4.88,5.82,0.00,2.10,0.00,0.00,20.96,30.45,1.60,1.93,0.24,0.24,0.00,0.00,0.00,5.57,6.58,2.92,3.59,0.77,0.00,0.00,0.00,0.00,23.53,2.18,9.80,0.00,0.00,81.45,84.87,1.62,1.75,15.07,15.99,0.00,0.00,90.50,88.24,0.00,0.00,0.00,0.00,0.00,0.00,0.00,0.00,0.00,0.00,352.94,323.53,0.00,0.00,58.82,0.00,0.00,0.00,0.00,58.82,0.00,0.00,0.00,0.00,0.00,0.00,0.00,0.00,0.10,0.00,0.59,0.32,0.18,0.00,2.08,1.31,7.08,10.00,0.00,0.00,0.00,0.00,0.00,0.00,0.00,0.00,8.47,9.75,19.19,31.57,29.02,36.15,32.97,34.82,2.27,1.04,2.11,0.75,1.02,0.52,0.52,0.30,1.71,0.91,0.23,0.15,1.02,0.92,1.07,0.61,0.15,0.00,0.26,0.00,10.36,12.74,0.23,0.00,0.00,0.00,6.16,5.62,0.00,0.00,0.00,0.00,0.66,0.60
5422.5,-2.000,7.000,0.000,0.000,0.000,0,0,0.800,0,0.00,0.07,0.23,85.78,46.57,165.31,163.90,117.65,84.03,118.34,106.96,1.08,1.29,57.23,53.30,66.99,53.65,102.24,95.24,98.15,88.46,352.94,352.94,137.25,137.25,0.00,0.00,0.00,0.00,9.04,8.10,0.77,1.51,6.43,6.09,0.00,0.00,0.00,0.00,0.00,0.00,0.00,0.00,1.15,0.57,0.00,0.00,0.00,0.00,0.00,3.50,1.41,0.00,0.00,0.00,0.00,8.88,12.24,0.00,0.00,0.00,0.00,0.00,0.00,0.00,0.00,0.67,0.33,4.72,6.09,0.00,2.10,0.00,0.00,21.30,29.76,1.75,2.41,0.24,0.25,0.00,0.00,0.00,5.76,6.75,2.90,3.91,0.39,0.00,0.00,0.00,0.00,17.65,2.18,9.80,0.00,0.00,79.94,84.87,1.64,1.98,15.01,15.50,0.00,0.00,90.50,91.91,0.00,0.00,0.00,0.00,0.00,0.00,0.00,0.00,0.00,0.00,352.94,323.53,0.00,0.00,88.24,0.00,0.00,0.00,29.41,58.82,0.00,0.00,0.00,0.00,0.00,0.00,0.00,0.00,0.03,0.00,0.54,0.32,0.14,0.00,1.71,2.02,7.63,5.29,0.00,0.00,0.00,0.00,0.00,0.00,0.00,0.00,8.36,10.12,19.50,31.70,29.15,35.05,32.34,35.86,2.68,1.48,2.35,0.75,1.29,0.42,0.26,0.23,2.22,0.75,0.70,0.12,0.95,0.88,0.91,0.93,0.30,0.04,0.19,0.00,9.77,12.12,0.42,0.00,0.00,0.00,6.28,6.70,0.00,0.00,0.00,0.00,0.71,0.57
5524.5,-2.000,7.000,0.000,0.000,0.000,0,0,0.800,0,0.00,0.14,0.20,75.98,49.02,167.62,163.77,121.85,84.03,116.61,108.16,0.83,1.16,57.23,52.05,67.65,54.06,93.84,91.04,100.92,89.26,352.94,352.94,137.25,134.19,0.00,0.00,0.00,0.00,8.82,8.26,0.77,1.51,5.93,6.13,0.00,0.00,0.00,0.00,0.00,0.00,0.00,0.00,1.15,1.13,0.00,0.00,0.00,0.08,0.00,5.95,3.60,0.00,0.00,0.00,0.00,8.09,12.04,0.00,0.00,0.00,0.00,0.00,0.00,0.00,0.00,0.67,0.49,5.00,5.67,0.00,0.00,0.00,0.00,21.97,30.45,1.99,2.36,0.24,0.22,0.00,0.00,0.00,5.72,6.68,3.06,3.67,0.00,0.39,0.00,0.00,0.00,17.65,5.45,19.61,0.00,0.00,79.94,84.03,1.81,1.89,15.53,15.84,0.00,0.00,92.76,90.07,0.00,0.00,0.00,0.00,0.00,0.00,0.00,0.00,0.00,0.00,352.94,323.53,0.00,0.00,29.41,0.00,0.00,0.00,29.41,58.82,0.00,0.00,0.00,0.00,0.00,0.00,0.00,0.00,0.07,0.00,0.42,0.56,0.18,0.00,1.49,1.46,9.80,7.65,0.00,0.00,0.00,0.00,0.00,0.00,0.00,0.00,7.99,10.27,19.56,31.08,30.25,35.62,30.03,35.37,2.35,1.00,1.64,0.90,0.78,0.45,0.33,0.11,1.39,1.11,0.39,0.31,1.25,1.27,0.72,0.81,0.00,0.00,0.15,0.00,10.39,12.84,0.31,0.00,0.00,0.00,5.58,6.70,0.00,0.00,0.00,0.00,0.64,0.57
5626.5,-2.000,7.000,0.000,0.000,0.000,0,0,0.800,0,2.10,0.11,0.20,78.43,51.47,168.30,164.32,126.05,88.24,116.01,107.05,0.73,0.96,56.17,53.12,67.15,53.86,100.84,92.44,99.88,87.33,352.94,352.94,137.25,135.42,0.00,0.00,0.00,0.00,8.95,8.32,0.77,2.26,6.06,6.45,0.00,0.00,0.00,0.00,0.00,0.00,0.00,0.00,1.15,0.57,0.00,0.00,0.00,0.08,0.00,1.05,0.39,0.00,0.00,0.00,0.00,10.07,11.25,0.00,0.00,0.00,0.00,0.00,0.00,0.00,0.00,0.67,0.49,4.33,6.16,0.00,0.00,0.00,0.00,20.62,29.41,1.26,1.58,0.27,0.21,0.00,0.00,0.00,5.53,6.68,2.98,3.90,1.16,0.00,0.00,0.00,0.00,17.65,0.00,0.00,0.00,0.00,79.19,86.55,1.64,1.48,14.94,15.37,0.00,0.00,88.24,86.40,0.00,0.00,0.00,0.00,0.00,0.00,0.00,0.00,0.00,0.00,352.94,323.53,0.00,0.00,29.41,0.00,0.00,0.00,29.41,29.41,0.00,0.00,0.00,0.00,0.00,0.00,0.00,0.00,0.00,0.00,0.67,0.56,0.09,0.00,1.67,1.50,13.07,9.41,0.00,0.00,0.00,0.00,0.00,0.00,0.00,0.00,9.00,11.86,20.06,31.55,29.32,35.18,28.88,33.43,2.15,1.20,1.64,0.98,0.95,0.52,0.41,0.15,1.94,1.03,0.62,0.04,0.99,0.88,0.95,0.65,0.00,0.00,0.08,0.00,10.10,11.26,0.50,0.12,0.00,0.00,5.23,5.98,0.00,0.00,0.00,0.00,0.73,0.57
5728.5,-2.000,7.000,0.000,0.000,0.000,0,0,0.800,0,2.10,0.07,0.16,80.88,51.47,166.67,165.01,126.05,88.24,117.56,106.36,1.16,1.60,56.87,52.94,66.97,53.92,102.24,95.24,100.00,87.10,352.94,352.94,135.42,137.87,0.00,0.00,0.00,0.00,8.78,8.03,0.77,2.26,5.65,6.68,0.00,0.00,0.00,0.00,0.00,0.00,0.00,0.00,1.15,0.57,0.00,0.00,0.00,0.00,0.00,2.45,0.77,0.00,0.00,0.00,0.00,8.09,10.07,0.00,0.00,0.00,0.00,0.00,0.00,0.00,0.00,0.84,0.58,5.08,6.43,0.00,2.10,0.00,0.00,21.97,29.76,1.60,2.19,0.30,0.24,0.00,0.00,0.00,5.68,6.48,2.96,3.80,0.00,1.18,0.00,0.00,0.00,11.76,1.09,29.41,0.00,0.00,80.69,82.35,1.86,1.50,14.96,16.51,0.00,0.00,92.76,91.91,0.00,0.00,0.00,0.00,0.00,0.00,0.00,0.00,0.00,0.00,352.94,323.53,0.00,0.00,58.82,0.00,0.00,0.00,0.00,58.82,0.00,0.00,0.00,0.00,0.00,0.00,0.00,0.00,0.00,0.00,0.50,0.40,0.27,0.00,2.12,1.61,8.17,4.12,0.00,0.00,0.00,0.00,0.00,0.00,0.00,0.00,8.92,9.46,19.41,31.14,29.59,36.19,30.74,35.37,2.03,1.24,1.80,0.71,0.71,0.63,0.44,0.15,2.18,1.07,0.70,0.19,1.21,1.11,0.83,0.77,0.08,0.00,0.00,0.00,9.57,12.77,0.46,0.08,0.00,0.00,6.05,6.58,0.00,1.84,0.00,0.00,0.68,0.60
5830.5,-2.000,7.000,0.000,0.000,0.000,0,0,0.800,0,0.00,0.11,0.16,78.43,49.02,167.62,165.29,121.85,88.24,117.13,107.90,0.96,1.21,56.52,52.94,67.11,53.90,98.04,92.44,98.62,87.78,352.94,352.94,135.42,134.19,0.00,0.00,0.00,0.00,8.81,8.09,0.77,1.51,6.29,5.49,0.00,0.00,0.00,0.00,0.00,0.00,0.00,0.00,1.15,0.57,0.00,0.00,0.00,0.25,0.00,3.50,1.03,0.00,0.00,0.00,0.00,8.29,10.07,0.00,0.00,0.00,0.00,0.00,0.00,0.00,0.00,0.76,0.49,4.80,5.86,0.00,0.00,0.00,0.00,22.31,31.14,2.15,2.50,0.23,0.22,0.00,0.00,0.00,5.53,6.67,3.00,3.83,0.00,0.00,0.00,0.00,0.00,23.53,2.18,0.00,0.00,0.00,79.94,84.03,1.66,1.84,14.60,15.71,0.00,0.00,97.29,90.07,0.00,0.00,0.00,0.00,0.00,0.00,0.00,0.00,0.00,0.00,352.94,323.53,0.00,0.00,88.24,0.00,0.00,0.00,29.41,29.41,0.00,0.00,0.00,0.00,0.00,0.00,0.00,0.00,0.07,0.00,0.50,0.24,0.09,0.00,1.90,1.65,9.26,7.06,0.00,0.00,0.00,0.00,0.00,0.00,0.00,0.00,8.51,10.42,18.47,32.21,28.53,33.59,31.68,35.37,2.19,1.36,1.64,0.79,1.12,0.49,0.41,0.11,2.50,1.27,0.74,0.15,1.02,1.23,0.91,1.13,0.08,0.00,0.11,0.00,10.23,11.13,0.27,0.04,0.00,0.00,5.93,6.93,0.00,0.00,0.00,0.00,0.67,0.57
5932.5,-2.000,7.000,0.000,0.000,0.000,0,0,0.800,0,2.10,0.11,0.26,75.98,51.47,168.03,164.18,117.65,88.24,116.87,106.53,0.75,1.16,56.34,54.37,67.77,54.29,100.84,92.44,99.19,88.46,352.94,352.94,136.03,134.19,0.00,0.00,0.00,0.00,8.93,8.06,0.77,1.51,6.52,6.13,0.00,0.00,0.00,0.00,0.00,0.00,0.00,0.00,1.15,0.57,0.00,0.00,0.00,0.08,0.00,3.50,1.03,0.00,0.00,0.00,0.00,9.28,10.66,0.00,0.00,0.00,0.00,0.00,0.00,0.00,0.00,0.76,0.49,4.61,5.94,0.00,0.00,0.00,0.00,22.31,29.76,1.98,2.17,0.28,0.20,0.00,0.00,0.00,5.63,6.44,2.89,3.91,0.39,0.00,0.00,0.00,0.00,11.76,1.09,9.80,0.00,0.00,80.69,85.71,2.03,1.68,15.68,16.20,0.00,0.00,92.76,91.91,0.00,0.00,0.00,0.00,0.00,0.00,0.00,0.00,0.00,0.00,352.94,323.53,0.00,0.00,88.24,0.00,0.00,0.00,29.41,29.41,0.00,0.00,0.00,0.00,0.00,0.00,0.00,0.00,0.07,0.00,0.79,0.44,0.23,0.00,1.41,1.91,11.98,3.53,0.00,0.00,0.00,0.00,0.00,0.00,0.00,0.00,8.10,10.31,19.09,31.61,29.41,34.74,29.90,36.49,2.23,1.16,2.46,0.55,1.43,0.77,0.44,0.15,1.91,0.91,0.62,0.27,1.10,1.04,0.72,0.45,0.11,0.00,0.11,0.00,10.85,13.08,0.50,0.00,0.00,0.00,5.58,6.22,0.00,0.00,0.00,0.00,0.67,0.55
6034.5,-2.000,7.000,0.000,0.000,0.000,0,0,0.800,0,0.00,0.07,0.20,80.88,49.02,167.08,164.87,121.85,79.83,117.91,107.39,0.85,1.04,56.87,53.65,67.26,53.51,99.44,92.44,99.77,87.78,352.94,352.94,135.42,132.97,0.00,0.00,0.00,0.00,8.85,8.29,0.77,0.75,5.56,6.13,0.00,0.00,0.00,0.00,0.00,0.00,0.00,0.00,1.15,0.00,0.00,0.00,0.00,0.00,0.00,6.65,2.44,0.00,0.00,0.00,0.00,7.70,11.25,0.00,0.00,0.00,0.00,0.00,0.00,0.00,0.00,0.76,0.41,5.00,6.16,0.00,0.00,0.00,0.00,21.97,29.76,2.23,2.59,0.24,0.20,0.00,0.00,0.00,5.61,6.62,3.10,3.71,0.00,0.00,0.00,0.00,0.00,23.53,3.27,0.00,0.00,0.00,79.94,84.03,2.05,1.62,15.40,15.47,0.00,0.00,92.76,91.91,0.00,0.00,0.00,0.00,0.00,0.00,0.00,0.00,0.00,0.00,352.94,323.53,0.00,0.00,58.82,0.00,0.00,0.00,0.00,29.41,0.00,0.00,0.00,0.00,0.00,0.00,0.00,0.00,0.00,0.00,0.38,0.32,0.18,0.00,1.86,1.76,12.53,7.65,0.00,0.00,0.00,0.00,0.00,0.00,0.00,0.00,9.52,10.12,18.96,31.66,29.54,36.98,31.50,33.25,2.47,1.24,2.15,0.55,0.71,0.66,0.55,0.08,1.94,0.87,0.43,0.23,0.80,1.08,0.95,0.77,0.00,0.00,0.15,0.00,10.13,11.64,0.35,0.08,0.00,0.00,5.12,5.74,0.00,0.00,0.00,0.00,0.67,0.56
6136.5,-2.000,7.000,0.000,0.000,0.000,0,0,0.800,0,2.10,0.11,0.23,78.43,56.37,168.71,165.15,109.24,79.83,117.47,107.30,0.98,1.29,57.94,53.48,67.72,53.64,102.24,93.84,100.81,88.69,352.94,352.94,138.48,134.19,0.00,0.00,0.00,0.00,8.87,8.33,1.55,0.75,5.84,6.68,0.00,0.00,0.00,0.00,0.00,0.00,0.00,0.00,0.58,1.13,0.00,0.00,0.00,0.08,0.00,2.45,1.93,0.00,0.00,0.00,0.00,8.88,13.23,0.00,0.00,0.00,0.00,0.00,0.00,0.00,0.00,0.59,0.41,5.39,5.82,0.00,0.00,0.00,0.00,21.97,26.99,1.74,2.11,0.28,0.26,0.00,0.00,0.00,5.70,6.46,2.82,3.74,0.39,1.18,0.00,0.00,0.00,17.65,2.18,9.80,0.00,0.00,80.69,88.24,1.75,1.91,15.09,16.04,0.00,0.00,97.29,95.59,0.00,0.00,0.00,0.00,0.00,0.00,0.00,0.00,0.00,0.00,352.94,323.53,0.00,0.00,29.41,0.00,0.00,0.00,29.41,58.82,0.00,0.00,0.00,0.00,0.00,0.00,0.00,0.04,0.00,0.00,0.59,0.40,0.18,0.00,1.67,1.87,10.35,11.18,0.00,0.00,0.00,0.00,0.00,0.00,0.00,0.00,7.65,9.64,19.63,30.40,28.88,35.97,30.83,35.68,1.91,1.44,1.80,0.59,0.95,0.56,0.52,0.04,1.91,0.75,0.51,0.08,1.18,1.11,0.64,0.57,0.08,0.00,0.19,0.00,10.16,11.78,0.31,0.16,0.00,0.00,5.70,5.98,0.00,0.00,0.00,0.00,0.60,0.58
6238.5,-2.000,7.000,0.000,0.000,0.000,0,0,0.800,0,0.00,0.11,0.16,78.43,53.92,167.21,164.18,126.05,84.03,118.16,106.96,1.10,1.48,56.34,54.01,67.05,54.01,100.84,96.64,100.35,86.08,352.94,352.94,135.42,137.87,0.00,0.00,0.00,0.00,8.84,8.17,0.77,0.75,6.43,6.27,0.00,0.00,0.00,0.00,0.00,0.00,0.00,0.00,0.58,0.57,0.00,0.00,0.00,0.08,0.00,3.15,1.16,0.00,0.00,0.00,0.00,8.29,11.65,0.00,0.00,0.00,0.00,0.00,0.00,0.00,0.00,0.59,0.58,4.61,5.78,0.00,0.00,0.00,0.00,20.62,29.07,1.87,1.81,0.27,0.22,0.00,0.00,0.00,5.57,6.42,2.93,3.75,0.00,0.00,0.00,0.00,0.00,17.65,2.18,9.80,0.00,0.00,79.19,87.39,1.49,1.84,15.09,15.55,0.00,0.00,95.02,91.91,0.00,0.00,0.00,0.00,0.00,0.00,0.00,0.00,0.00,0.00,352.94,323.53,0.00,0.00,58.82,0.00,0.00,0.00,29.41,29.41,0.00,0.00,0.00,0.00,0.00,0.00,0.00,0.00,0.00,0.00,0.59,0.48,0.18,0.00,1.97,2.14,9.80,4.71,0.00,0.00,0.00,0.00,0.00,0.00,0.00,0.00,8.70,10.16,19.51,30.18,28.53,35.18,30.34,35.46,1.74,1.04,1.88,0.79,0.82,0.56,0.55,0.30,1.55,0.95,0.47,0.23,1.40,1.19,1.07,0.93,0.19,0.00,0.19,0.00,10.00,11.85,0.38,0.04,0.00,0.00,5.93,5.86,0.00,0.00,0.00,0.00,0.59,0.58
6340.5,-2.000,7.000,0.000,0.000,0.000,0,0,0.800,0,0.00,0.11,0.13,73.53,46.57,166.80,165.56,113.45,75.63,115.66,106.70,0.73,1.06,57.05,53.12,67.07,53.90,102.24,96.64,101.27,88.80,352.94,352.94,136.64,133.58,0.00,0.00,0.00,0.00,8.77,8.04,0.77,0.75,6.48,5.95,0.00,0.00,0.00,0.00,0.00,0.00,0.00,0.00,1.15,0.00,0.00,0.00,0.00,0.08,0.00,3.50,2.05,0.00,0.00,0.00,0.00,9.08,12.24,0.00,0.00,0.00,0.00,0.00,0.00,0.00,0.00,0.59,0.49,4.80,5.94,0.00,0.00,0.00,0.00,22.31,28.72,2.04,2.26,0.28,0.19,0.00,0.00,0.00,5.83,6.47,3.16,3.83,0.00,0.00,0.00,0.00,0.00,17.65,3.27,19.61,0.00,0.00,81.45,87.39,1.58,1.75,15.32,15.73,0.00,0.00,97.29,91.91,0.00,0.00,0.00,0.00,0.00,0.00,0.00,0.00,0.00,0.00,352.94,323.53,0.00,0.00,58.82,0.00,0.00,0.00,29.41,29.41,0.00,0.00,0.00,0.00,0.00,0.00,0.00,0.00,0.07,0.00,0.54,0.32,0.41,0.00,2.01,1.91,11.44,8.82,0.00,0.00,0.00,0.00,0.00,0.00,0.00,0.00,9.29,10.46,19.36,30.61,30.64,35.93,31.37,36.09,1.95,1.20,2.27,0.75,1.19,0.56,0.63,0.26,1.94,0.71,0.78,0.12,1.02,1.19,0.87,0.65,0.04,0.00,0.19,0.00,10.20,13.22,0.27,0.16,0.00,0.00,5.12,6.34,0.00,0.00,0.00,0.00,0.71,0.52
6442.5,-2.000,7.000,0.000,0.000,0.000,0,0,0.800,0,0.00,0.14,0.16,78.43,49.02,167.35,163.90,117.65,84.03,118.42,106.28,0.83,1.23,56.70,52.41,67.26,53.91,98.04,93.84,100.00,87.44,352.94,352.94,134.80,137.87,0.00,0.00,0.00,0.00,8.85,8.18,0.77,0.75,5.75,6.27,0.00,0.00,0.00,0.00,0.00,0.00,0.00,0.00,1.73,1.70,0.00,0.00,0.00,0.16,0.00,3.85,2.31,0.00,0.00,0.00,0.00,9.28,10.26,0.00,0.00,0.00,0.00,0.00,0.00,0.00,0.00,0.59,0.58,5.00,5.33,0.00,0.00,0.00,0.00,20.62,30.45,1.48,1.74,0.28,0.21,0.00,0.00,0.00,5.52,6.50,3.16,3.64,0.39,1.96,0.00,0.00,0.00,17.65,3.27,0.00,0.00,0.00,78.43,83.19,1.90,1.87,15.37,15.96,0.00,0.00,90.50,90.07,0.00,0.00,0.00,0.00,0.00,0.00,0.00,0.00,0.00,0.00,352.94,323.53,0.00,0.00,29.41,0.00,0.00,0.00,0.00,29.41,0.00,0.00,0.00,0.00,0.00,0.00,0.00,0.00,0.07,0.00,0.59,0.40,0.14,0.00,1.64,2.25,9.26,8.24,0.00,0.00,0.00,0.00,0.00,0.00,0.00,0.00,8.88,9.94,19.31,30.70,29.81,33.64,30.43,33.34,2.19,1.76,1.49,0.51,1.06,0.77,0.41,0.11,1.83,1.11,0.47,0.19,0.99,1.27,1.11,0.81,0.04,0.00,0.11,0.00,10.36,12.60,0.19,0.04,0.00,0.00,5.35,6.34,0.00,1.84,0.00,0.00,0.67,0.50
6544.5,-2.000,7.000,0.000,0.000,0.000,0,0,0.800,0,0.00,0.11,0.23,78.43,51.47,167.48,164.04,126.05,84.03,118.16,107.73,0.60,1.14,55.99,54.55,67.12,53.64,102.24,92.44,100.46,89.26,352.94,352.94,136.64,136.03,0.00,0.00,0.00,0.00,8.82,8.31,0.77,0.75,6.02,6.09,0.00,0.00,0.00,0.00,0.00,0.00,0.00,0.00,1.15,0.57,0.00,0.00,0.00,0.16,0.00,2.80,1.80,0.00,0.00,0.00,0.00,9.28,11.45,0.00,0.00,0.00,0.00,0.00,0.00,0.00,0.00,0.67,0.74,4.65,5.82,0.00,0.00,0.00,0.00,22.65,28.72,1.87,2.31,0.28,0.19,0.00,0.00,0.00,5.60,6.49,2.91,3.76,0.77,0.39,0.00,0.00,0.00,23.53,1.09,29.41,0.00,0.00,79.19,85.71,1.70,1.71,15.27,15.26,0.00,0.00,95.02,90.07,0.00,0.00,0.00,0.00,0.00,0.00,0.00,0.00,0.00,0.00,352.94,323.53,0.00,0.00,58.82,0.00,0.00,0.00,29.41,58.82,0.00,0.00,0.00,0.00,0.00,0.00,0.00,0.00,0.03,0.00,0.42,0.56,0.23,0.00,1.86,2.02,10.35,7.65,0.00,0.00,0.00,0.00,0.00,0.00,0.00,0.00,8.02,10.64,19.19,30.53,32.85,36.10,29.55,33.97,1.83,1.12,2.15,0.55,0.71,0.59,0.37,0.19,1.55,1.31,0.35,0.08,1.06,0.81,1.23,0.61,0.04,0.00,0.04,0.00,9.64,13.73,0.27,0.04,0.00,0.00,5.23,6.58,0.00,0.00,0.00,0.00,0.70,0.61
6646.5,-2.000,7.000,0.000,0.000,0.000,0,0,0.800,0,2.10,0.07,0.23,71.08,49.02,167.21,165.56,117.65,79.83,117.04,106.96,1.19,1.41,56.70,54.19,67.43,53.96,99.44,91.04,100.58,89.60,352.94,352.94,136.03,132.35,0.00,0.00,0.00,0.00,8.78,7.99,1.55,1.51,6.29,6.55,0.00,0.00,0.00,0.00,0.00,0.00,0.00,0.00,1.15,1.13,0.00,0.00,0.00,0.08,0.00,1.75,1.28,0.00,0.00,0.00,0.00,9.28,10.07,0.00,0.00,0.00,0.00,0.06,0.00,0.00,0.00,0.76,0.49,5.00,5.75,0.00,0.00,0.00,0.00,22.31,29.76,1.90,2.46,0.30,0.21,0.00,0.00,0.00,5.72,6.47,2.89,3.57,0.00,0.00,0.00,0.00,0.00,23.53,1.09,0.00,0.00,0.00,82.96,85.71,1.60,1.66,14.65,16.25,0.00,0.00,90.50,88.24,0.00,0.00,0.00,0.00,0.00,0.00,0.00,0.00,0.00,0.00,352.94,323.53,0.00,0.00,29.41,0.00,0.00,0.00,29.41,58.82,0.00,0.00,0.00,0.00,0.00,0.00,0.00,0.00,0.00,0.00,0.33,0.36,0.18,0.00,1.75,2.25,10.89,6.47,0.00,0.00,0.00,0.00,0.00,0.00,0.00,0.00,8.81,9.35,19.01,31.43,28.80,35.97,31.19,32.07,2.47,1.16,1.84,0.75,1.33,0.42,0.41,0.15,2.22,1.03,0.39,0.04,1.29,1.19,0.76,0.61,0.04,0.00,0.08,0.00,10.23,11.71,0.35,0.04,0.00,0.00,6.16,6.10,0.00,0.00,0.00,0.00,0.77,0.56
6748.5,-2.000,7.000,0.000,0.000,0.000,0,0,0.800,0,0.00,0.14,0.16,73.53,53.92,167.48,164.73,117.65,75.63,117.30,107.05,0.75,1.00,54.93,53.30,66.93,53.70,103.64,92.44,99.65,87.10,352.94,352.94,136.03,134.80,0.00,0.00,0.00,0.00,8.77,8.06,0.77,0.75,6.16,6.04,0.00,0.00,0.00,0.00,0.00,0.00,0.00,0.00,1.15,1.70,0.00,0.00,0.00,0.16,0.00,3.50,1.67,0.00,0.00,0.00,0.00,7.11,10.66,0.00,0.00,0.00,0.00,0.00,0.00,0.00,0.00,0.67,0.49,5.32,6.01,0.00,0.00,0.00,0.00,19.95,26.99,2.08,2.33,0.27,0.24,0.00,0.00,0.00,5.63,6.69,3.00,3.83,0.00,0.00,0.00,0.00,0.00,17.65,1.09,0.00,0.00,0.00,80.69,85.71,1.94,1.75,14.89,15.60,0.00,0.00,95.02,90.07,0.00,0.00,0.00,0.00,0.00,0.00,0.00,0.00,0.00,0.00,352.94,323.53,0.00,0.00,58.82,0.00,0.00,0.00,58.82,29.41,0.00,0.00,0.00,0.00,0.00,0.00,0.00,0.00,0.00,0.00,0.50,0.44,0.23,0.00,1.64,1.87,11.98,5.29,0.00,0.00,0.00,0.00,0.00,0.00,0.00,0.00,9.52,10.20,19.62,31.23,30.34,36.72,30.66,37.80,2.27,1.24,2.11,0.71,1.23,0.52,0.74,0.19,2.02,0.83,0.43,0.00,0.76,1.38,1.11,0.89,0.08,0.00,0.34,0.00,10.07,12.46,0.42,0.08,0.00,0.00,5.58,6.22,1.59,0.00,0.00,0.00,0.68,0.55
6850.5,-2.000,7.000,0.000,0.000,0.000,0,0,0.800,0,2.10,0.11,0.23,75.98,53.92,167.08,163.90,121.85,88.24,116.44,107.30,0.75,1.12,56.34,54.19,67.53,54.26,106.44,92.44,100.69,89.14,352.94,352.94,138.48,137.25,0.00,0.00,0.00,0.00,9.02,8.18,1.55,1.51,6.02,6.22,0.00,0.00,0.00,0.00,0.00,0.00,0.00,0.00,0.58,2.26,0.00,0.00,0.00,0.16,0.00,6.65,1.93,0.00,0.00,0.00,0.00,8.69,12.44,0.00,0.00,0.00,0.00,0.00,0.00,0.00,0.00,0.76,0.49,5.51,5.78,0.00,2.10,0.00,0.00,22.99,31.49,2.02,2.07,0.24,0.26,0.00,0.00,0.00,5.77,6.64,3.04,3.68,0.00,0.00,0.00,0.00,0.00,23.53,1.09,9.80,0.00,0.00,78.43,87.39,1.94,2.39,15.32,16.25,0.00,0.00,88.24,88.24,0.00,0.00,0.00,0.00,0.00,0.00,0.00,0.00,0.00,0.00,352.94,323.53,0.00,0.00,0.00,0.00,0.00,0.00,29.41,58.82,0.00,0.00,0.00,0.00,0.00,0.00,0.00,0.00,0.03,0.00,0.50,0.16,0.27,0.00,2.16,1.76,8.71,11.18,0.00,0.00,0.00,0.00,0.00,0.00,0.00,0.00,8.77,10.12,18.95,30.53,31.04,35.22,29.37,35.59,2.43,1.16,1.96,0.63,0.99,0.35,0.78,0.23,1.94,0.95,0.59,0.15,1.18,1.42,0.72,0.77,0.04,0.00,0.23,0.00,10.16,12.46,0.46,0.04,0.00,0.00,6.05,6.22,0.00,0.00,0.00,0.00,0.71,0.56
6952.5,-2.000,7.000,0.000,0.000,0.000,0,0,0.800,0,0.00,0.07,0.20,78.43,49.02,166.94,164.32,121.85,84.03,117.47,107.73,1.00,1.29,55.63,54.90,67.21,53.30,100.84,93.84,100.00,87.89,352.94,352.94,136.64,134.19,0.00,0.00,0.00,0.00,8.99,8.27,0.77,1.51,6.98,6.68,0.00,0.00,0.00,0.00,0.00,0.00,0.00,0.00,0.58,1.13,0.00,0.00,0.00,0.08,0.00,2.10,0.90,0.00,0.00,0.00,0.00,9.08,13.03,0.00,0.00,0.00,0.00,0.00,0.00,0.00,0.00,0.67,0.58,4.96,5.14,0.00,2.10,0.00,0.00,20.62,32.18,1.66,1.99,0.24,0.21,0.00,0.00,0.00,5.65,6.72,3.01,3.72,0.00,0.39,0.00,0.00,0.00,17.65,2.18,9.80,0.00,0.00,79.94,82.35,1.77,1.55,14.89,15.71,0.00,0.00,95.02,91.91,0.00,0.00,0.00,0.00,0.00,0.00,0.00,0.00,0.00,0.00,352.94,323.53,0.00,0.00,88.24,0.00,0.00,0.00,0.00,58.82,0.00,0.00,0.00,0.00,0.00,0.00,0.00,0.00,0.03,0.00,0.46,0.28,0.18,0.00,1.93,1.72,10.35,10.59,0.00,0.00,0.00,0.00,0.00,0.00,0.00,0.00,8.51,9.64,19.35,30.43,28.00,35.00,30.34,35.10,1.58,1.64,2.35,0.87,0.82,0.49,0.41,0.08,2.26,0.95,0.59,0.23,1.33,1.15,1.03,0.61,0.04,0.00,0.08,0.00,9.05,11.88,0.27,0.04,0.00,0.00,6.51,6.46,0.00,0.00,0.00,0.00,0.74,0.64
7054.5,-2.000,7.000,0.000,0.000,0.000,0,0,0.800,0,0.00,0.07,0.20,78.43,51.47,166.80,164.60,121.85,75.63,117.13,107.39,0.94,1.37,56.52,52.76,66.81,53.83,93.84,92.44,99.65,86.76,352.94,352.94,137.25,134.19,0.00,0.00,0.00,0.00,8.71,7.89,0.77,1.51,6.02,6.18,0.00,0.00,0.00,0.00,0.00,0.00,0.00,0.00,1.15,0.57,0.00,0.00,0.00,0.08,0.00,4.20,2.31,0.00,0.00,0.00,0.00,8.69,11.65,0.00,0.00,0.00,0.00,0.00,0.00,0.00,0.00,0.76,0.58,4.76,5.25,0.00,0.00,0.00,0.00,20.96,31.14,1.46,1.74,0.23,0.22,0.00,0.00,0.00,5.65,6.56,3.14,3.54,1.16,0.00,0.00,0.00,0.00,11.76,2.18,9.80,0.00,0.00,79.19,88.24,1.58,1.73,14.89,15.50,0.00,0.00,90.50,88.24,0.00,0.00,0.00,0.00,0.00,0.00,0.00,0.00,0.00,0.00,352.94,323.53,0.00,0.00,58.82,0.00,0.00,0.00,29.41,58.82,0.00,0.00,0.00,0.00,0.00,0.00,0.00,0.00,0.00,0.00,0.59,0.32,0.32,0.00,1.71,2.10,13.07,7.65,0.00,0.00,0.00,0.00,0.00,0.00,0.00,0.00,8.36,9.31,18.76,31.20,29.68,35.84,29.01,34.92,2.56,1.32,1.64,0.75,1.06,0.45,0.41,0.08,2.10,0.63,0.47,0.23,0.72,1.15,0.87,0.77,0.04,0.04,0.11,0.00,9.25,11.54,0.54,0.04,0.00,0.00,5.58,5.74,0.00,0.00,0.00,0.00,0.72,0.58
7156.5,-2.000,7.000,0.000,0.000,0.000,0,0,0.800,0,2.10,0.07,0.23,75.98,49.02,167.48,163.90,121.85,88.24,117.65,106.10,1.23,1.62,57.23,52.94,67.60,53.90,103.64,96.64,99.19,86.42,352.94,352.94,134.80,136.03,0.00,0.00,0.00,0.00,8.66,8.06,1.55,2.26,5.79,5.35,0.00,0.00,0.00,0.00,0.00,0.00,0.00,0.00,1.15,0.00,0.00,0.00,0.00,0.16,0.00,3.85,2.70,0.00,0.00,0.00,0.00,8.29,9.87,0.00,0.00,0.00,0.00,0.00,0.00,0.00,0.00,0.59,0.58,5.20,5.78,0.00,0.00,0.00,0.00,20.28,29.07,1.84,2.24,0.27,0.21,0.00,0.00,0.00,5.58,6.33,3.10,3.76,0.00,0.00,0.00,0.00,0.00,17.65,2.18,9.80,0.00,0.00,79.19,86.55,1.96,1.71,15.24,15.60,0.00,0.00,88.24,90.07,0.00,0.00,0.00,0.00,0.00,0.00,0.00,0.00,0.00,0.00,352.94,323.53,0.00,0.00,58.82,0.00,0.00,0.00,29.41,29.41,0.00,0.00,0.00,0.00,0.00,0.00,0.00,0.00,0.00,0.00,0.33,0.24,0.18,0.00,2.01,1.80,8.17,10.00,0.00,0.00,0.00,0.00,0.00,0.00,0.00,0.00,9.37,10.46,19.27,31.51,30.20,35.80,29.99,34.15,1.50,1.48,1.80,0.47,0.99,0.56,0.52,0.08,1.71,1.03,0.90,0.08,1.21,1.11,0.91,0.69,0.08,0.04,0.15,0.00,10.33,11.47,0.19,0.04,0.00,0.00,5.58,5.74,0.00,0.00,0.00,0.00,0.63,0.56
7258.5,-2.000,7.000,0.000,0.000,0.000,0,0,0.800,0,0.00,0.14,0.20,78.43,49.02,168.03,164.73,117.65,88.24,117.56,107.13,0.75,1.10,57.94,53.83,66.88,53.64,98.04,93.84,99.65,88.24,352.94,352.94,135.42,134.80,0.00,0.00,0.00,0.00,8.91,8.11,0.77,1.51,6.25,5.99,0.00,0.00,0.00,0.00,0.00,0.00,0.00,0.00,0.58,2.26,0.00,0.00,0.00,0.08,0.00,5.60,2.05,0.00,0.00,0.00,0.00,7.50,11.65,0.00,0.00,0.00,0.00,0.00,0.00,0.00,0.00,0.76,0.58,4.72,5.90,0.00,0.00,0.00,0.00,20.28,28.03,2.09,2.27,0.29,0.20,0.00,0.00,0.00,5.73,6.51,3.03,3.82,0.00,0.78,0.00,0.00,0.00,17.65,2.18,19.61,0.00,0.00,81.45,84.03,2.05,1.93,15.81,14.59,0.00,0.00,90.50,90.07,0.00,0.00,0.00,0.00,0.00,0.00,0.00,0.00,0.00,0.00,352.94,323.53,0.00,0.00,88.24,0.00,0.00,0.00,0.00,29.41,0.00,0.00,0.00,0.00,0.00,0.00,0.00,0.00,0.00,0.00,0.67,0.56,0.32,0.00,1.86,2.06,8.71,5.29,0.00,0.00,0.00,0.00,0.00,0.00,0.00,0.00,9.26,10.35,19.19,31.51,30.60,33.02,31.68,35.91,2.15,1.52,1.76,0.75,1.06,0.56,0.74,0.15,2.02,1.19,0.27,0.08,0.83,1.19,0.72,0.89,0.11,0.00,0.11,0.00,9.67,13.63,0.50,0.08,0.00,0.00,5.93,6.46,1.59,0.92,0.00,0.00,0.70,0.52
7360.5,-2.000,7.000,0.000,0.000,0.000,0,0,0.800,0,0.00,0.11,0.23,73.53,49.02,166.67,164.60,126.05,84.03,116.78,107.05,0.92,1.33,57.23,53.65,67.00,53.60,100.84,93.84,99.65,87.67,352.94,352.94,134.19,135.42,0.00,0.00,0.00,0.00,8.74,8.24,0.77,1.51,6.06,6.32,0.00,0.00,0.00,0.00,0.00,0.00,0.00,0.00,1.15,1.13,0.00,0.00,0.00,0.08,0.00,4.55,2.18,0.00,0.00,0.00,0.00,8.29,10.46,0.00,0.00,0.00,0.00,0.00,0.00,0.00,0.00,0.59,0.49,4.53,5.78,0.00,0.00,0.00,0.00,19.95,31.14,1.77,2.13,0.26,0.22,0.00,0.00,0.00,5.52,6.33,3.16,3.82,0.39,0.00,0.00,0.00,0.00,17.65,1.09,9.80,0.00,0.00,79.94,84.87,1.55,1.91,14.99,16.22,0.00,0.00,90.50,88.24,0.00,0.00,0.00,0.00,0.00,0.00,0.00,0.00,0.00,0.00,352.94,323.53,0.00,0.00,58.82,0.00,0.00,0.00,0.00,29.41,0.00,0.00,0.00,0.00,0.00,0.00,0.00,0.00,0.03,0.00,0.42,0.36,0.18,0.00,2.16,2.32,9.80,7.06,0.00,0.00,0.00,0.00,0.00,0.00,0.00,0.00,8.58,10.23,18.61,31.63,30.34,34.96,32.30,37.49,2.07,1.32,1.84,0.71,0.71,0.66,0.63,0.08,1.63,0.99,0.62,0.00,0.72,1.31,1.35,0.85,0.11,0.00,0.11,0.00,9.61,11.64,0.50,0.04,0.00,0.00,5.23,6.70,0.00,0.00,0.00,0.00,0.59,0.56
7462.5,-2.000,7.000,0.000,0.000,0.000,0,0,0.800,0,0.00,0.14,0.20,75.98,49.02,166.39,164.04,117.65,84.03,117.04,107.22,0.62,1.00,56.70,52.76,67.33,53.93,105.04,93.84,99.88,88.80,352.94,352.94,136.64,135.42,0.00,0.00,0.00,0.00,8.83,8.29,1.55,0.75,6.34,6.09,0.00,0.00,0.00,0.00,0.00,0.00,0.00,0.00,0.58,1.13,0.00,0.00,0.00,0.00,0.00,6.65,3.21,0.00,0.00,0.00,0.00,8.29,11.45,0.00,0.00,0.00,0.00,0.00,0.00,0.00,0.00,0.59,0.49,5.32,5.78,0.00,0.00,0.00,0.00,20.96,30.80,2.13,2.54,0.24,0.20,0.00,0.00,0.00,5.70,6.67,2.96,3.80,0.39,0.00,0.00,0.00,0.00,23.53,1.09,19.61,0.00,0.00,77.68,86.55,1.92,1.89,14.40,15.71,0.00,0.00,95.02,91.91,0.00,0.00,0.00,0.00,0.00,0.00,0.00,0.00,0.00,0.00,352.94,323.53,0.00,0.00,88.24,0.00,0.00,0.00,29.41,58.82,0.00,0.00,0.00,0.00,0.00,0.00,0.00,0.04,0.00,0.00,0.59,0.44,0.32,0.00,1.78,1.91,10.35,7.65,0.00,0.00,0.00,0.00,0.00,0.00,0.00,0.00,7.35,10.35,18.88,32.07,29.90,34.21,29.94,34.46,2.07,1.20,1.60,0.59,0.85,0.56,0.55,0.23,1.71,1.03,0.62,0.15,0.83,1.19,0.76,0.85,0.04,0.00,0.11,0.00,10.30,10.61,0.46,0.08,0.00,0.00,5.70,6.58,0.00,0.00,0.00,0.00,0.63,0.64
7564.5,-2.000,7.000,0.000,0.000,0.000,0,0,0.800,0,0.00,0.07,0.20,80.88,51.47,166.67,165.01,113.45,79.83,117.47,107.81,0.77,1.00,58.11,53.83,67.15,53.61,100.84,92.44,98.62,86.76,352.94,352.94,136.03,134.19,0.00,0.00,0.00,0.00,8.68,8.22,0.77,0.75,6.43,6.27,0.00,0.00,0.00,0.00,0.00,0.00,0.00,0.00,0.58,0.57,0.00,0.00,0.00,0.00,0.00,4.20,1.67,0.00,0.00,0.00,0.00,9.67,12.44,0.00,0.00,0.00,0.00,0.00,0.00,0.00,0.00,0.59,0.66,4.45,5.67,0.00,2.10,0.00,0.00,21.30,31.14,2.42,2.63,0.25,0.21,0.00,0.00,0.00,5.65,6.65,3.05,3.75,1.16,0.00,0.00,0.00,0.00,23.53,5.45,9.80,0.00,0.00,81.45,88.24,1.83,1.71,15.01,15.03,0.00,0.00,92.76,88.24,0.00,0.00,0.00,0.00,0.00,0.00,0.00,0.00,0.00,0.00,352.94,323.53,0.00,0.00,58.82,0.00,0.00,0.00,0.00,58.82,0.00,0.00,0.00,0.00,0.00,0.00,0.00,0.00,0.03,0.00,0.79,0.16,0.18,0.00,2.01,2.10,9.26,9.41,0.00,0.00,0.00,0.00,0.00,0.00,0.00,0.00,9.44,9.75,19.00,31.02,30.20,34.48,28.12,36.04,1.83,1.48,1.99,0.98,1.16,0.49,0.44,0.15,1.67,0.91,0.74,0.15,1.25,0.96,0.83,1.09,0.23,0.00,0.04,0.00,9.31,12.43,0.46,0.04,0.00,0.00,6.16,6.58,0.00,0.00,0.00,0.00,0.63,0.57
7666.5,-2.000,7.000,0.000,0.000,0.000,0,0,0.800,0,0.00,0.11,0.16,80.88,53.92,168.30,163.21,130.25,79.83,119.11,106.19,1.00,1.48,56.87,55.08,67.37,53.95,99.44,95.24,100.12,89.14,352.94,352.94,137.87,139.71,0.00,0.00,0.00,0.00,8.99,8.23,0.77,1.51,6.34,6.27,0.00,0.00,0.00,0.00,0.00,0.00,0.00,0.00,1.15,1.13,0.00,0.00,0.00,0.08,0.00,4.55,1.03,0.00,0.00,0.00,0.00,10.07,10.66,0.00,0.00,0.00,0.00,0.00,0.00,0.00,0.00,0.84,0.41,4.72,6.01,0.00,2.10,0.00,0.00,21.64,30.10,2.13,2.52,0.26,0.21,0.00,0.00,0.00,5.69,6.54,2.94,3.88,0.00,0.00,0.00,0.00,0.00,23.53,2.18,9.80,0.00,0.00,82.20,84.87,1.83,1.96,15.32,15.94,0.00,0.00,90.50,93.75,0.00,0.00,0.00,0.00,0.00,0.00,0.00,0.00,0.00,0.00,352.94,323.53,0.00,0.00,58.82,0.00,0.00,0.00,29.41,58.82,0.00,0.00,0.00,0.00,0.00,0.00,0.00,0.00,0.00,0.00,0.67,0.40,0.36,0.00,1.56,1.72,10.89,7.65,0.00,0.00,0.00,0.00,0.00,0.00,0.00,0.00,7.76,10.60,19.51,31.03,29.15,33.86,32.39,35.59,2.35,1.00,1.88,0.83,0.89,0.42,0.22,0.11,2.18,0.79,0.59,0.04,0.83,1.00,0.99,0.77,0.08,0.00,0.11,0.00,10.13,12.43,0.19,0.04,0.00,0.00,5.35,6.70,0.00,0.00,0.00,0.00,0.67,0.60
7768.5,-2.000,7.000,0.000,0.000,0.000,0,0,0.800,0,0.00,0.07,0.23,75.98,51.47,165.58,162.52,113.45,79.83,117.04,107.47,0.87,1.25,56.52,53.48,67.19,53.63,102.24,95.24,99.65,87.44,352.94,352.94,136.03,136.64,0.00,0.00,0.00,0.00,8.87,8.22,0.77,0.75,5.79,6.22,0.00,0.00,0.00,0.00,0.00,0.00,0.00,0.00,1.15,1.70,0.00,0.00,0.00,0.25,0.00,5.25,2.44,0.00,0.00,0.00,0.00,8.29,11.84,0.00,0.00,0.00,0.00,0.00,0.00,0.00,0.00,0.76,0.49,5.59,5.59,0.00,0.00,0.00,0.00,21.97,27.34,2.13,2.57,0.27,0.20,0.00,0.00,0.00,5.56,6.56,3.18,3.80,0.00,0.78,0.00,0.00,0.00,17.65,2.18,19.61,0.00,0.00,80.69,84.03,1.32,1.71,15.32,15.06,0.00,0.00,90.50,90.07,0.00,0.00,0.00,0.00,0.00,0.00,0.00,0.00,0.00,0.00,352.94,323.53,0.00,0.00,58.82,0.00,0.00,0.00,29.41,29.41,0.00,0.00,0.00,0.00,0.00,0.00,0.00,0.00,0.03,0.00,0.29,0.28,0.36,0.00,1.75,1.72,8.71,10.00,0.00,0.00,0.00,0.00,0.00,0.00,0.00,0.00,8.40,10.42,19.44,32.06,30.12,34.70,30.83,35.05,2.07,1.08,1.56,0.67,1.16,0.73,0.48,0.19,1.87,1.11,0.39,0.15,1.06,1.38,1.07,0.77,0.08,0.00,0.15,0.00,10.49,11.30,0.54,0.04,0.00,0.00,5.70,6.70,0.00,0.92,0.00,0.00,0.63,0.56
7870.5,-2.000,7.000,0.000,0.000,0.000,0,0,0.800,0,0.00,0.07,0.20,78.43,49.02,167.48,163.90,117.65,71.43,118.16,106.96,0.81,1.04,57.05,52.58,67.61,53.77,105.04,92.44,100.58,90.17,352.94,352.94,134.80,134.80,0.00,0.00,0.00,0.00,8.80,7.95,0.77,0.75,6.06,5.76,0.00,0.00,0.00,0.00,0.00,0.00,0.00,0.00,1.15,1.13,0.00,0.00,0.00,0.16,0.00,4.20,1.28,0.00,0.00,0.00,0.00,8.88,12.24,0.00,0.00,0.00,0.00,0.00,0.00,0.00,0.00,0.59,0.58,4.84,5.52,0.00,0.00,0.00,0.00,20.96,29.41,1.74,1.92,0.27,0.18,0.00,0.00,0.00,5.73,6.61,3.08,3.64,0.00,0.00,0.00,0.00,0.00,17.65,1.09,0.00,0.00,0.00,77.68,87.39,1.70,1.84,15.04,16.12,0.00,0.00,97.29,88.24,0.00,0.00,0.00,0.00,0.00,0.00,0.00,0.00,0.00,0.00,352.94,323.53,0.00,0.00,58.82,0.00,0.00,0.00,0.00,29.41,0.00,0.00,0.00,0.00,0.00,0.00,0.00,0.00,0.00,0.00,0.54,0.28,0.27,0.00,1.67,1.84,11.98,7.06,0.00,0.00,0.00,0.00,0.00,0.00,0.00,0.00,8.92,9.90,19.13,30.83,29.06,35.84,29.86,37.04,2.23,1.40,1.99,0.98,0.85,0.45,0.59,0.11,1.15,0.95,0.47,0.15,0.80,1.23,0.87,0.85,0.19,0.00,0.04,0.00,8.75,12.63,0.38,0.04,0.00,0.00,5.70,5.50,0.00,0.00,0.00,0.00,0.67,0.56
7972.5,-2.000,7.000,0.000,0.000,0.000,0,0,0.800,0,0.00,0.07,0.26,83.33,49.02,166.12,164.32,121.85,84.03,117.04,107.73,0.73,1.12,56.70,52.58,67.61,53.68,103.64,96.64,100.23,88.35,352.94,352.94,134.80,132.97,0.00,0.00,0.00,0.00,8.74,8.07,0.77,2.26,6.02,6.18,0.00,0.00,0.00,0.00,0.00,0.00,0.00,0.00,1.15,1.13,0.00,0.00,0.00,0.16,0.00,4.90,2.05,0.00,0.00,0.00,0.00,8.29,11.84,0.00,0.00,0.00,0.00,0.00,0.00,0.00,0.00,0.59,0.49,4.88,6.01,1.34,0.00,0.00,0.00,22.31,29.76,2.12,2.79,0.28,0.21,0.00,0.00,0.00,5.59,6.73,3.01,3.73,0.00,0.78,0.00,0.00,0.00,23.53,4.36,9.80,0.00,0.00,78.43,84.03,1.77,1.71,14.76,15.86,0.00,0.00,85.97,93.75,0.00,0.00,0.00,0.00,0.00,0.00,0.00,0.00,0.00,0.00,352.94,323.53,0.00,0.00,58.82,0.00,0.00,0.00,29.41,29.41,0.00,0.00,0.00,0.00,0.00,0.00,0.00,0.00,0.00,0.00,0.63,0.28,0.41,0.00,1.41,1.95,9.80,5.88,0.00,0.00,0.00,0.00,0.00,0.00,0.00,0.00,7.91,9.64,18.95,31.25,30.69,35.27,30.52,34.60,2.15,1.40,1.80,0.67,0.99,0.63,0.30,0.08,1.75,1.19,0.35,0.15,0.95,0.84,0.72,0.53,0.08,0.00,0.23,0.00,10.56,11.92,0.38,0.00,0.00,0.00,6.98,7.29,0.00,0.00,0.00,0.00,0.67,0.54
8074.5,-2.000,7.000,0.000,0.000,0.000,0,0,0.800,0,0.00,0.11,0.26,73.53,53.92,166.94,164.18,121.85,84.03,116.61,106.70,0.89,1.08,57.76,53.83,67.25,53.55,102.24,93.84,98.96,87.67,352.94,352.94,134.19,136.64,0.00,0.00,0.00,0.00,8.74,8.21,0.77,2.26,5.79,6.64,0.00,0.00,0.00,0.00,0.00,0.00,0.00,0.00,1.15,1.13,0.00,0.00,0.00,0.16,0.00,2.45,0.64,0.00,0.00,0.00,0.00,9.08,11.45,0.00,0.00,0.00,0.00,0.00,0.00,0.00,0.00,0.67,0.49,4.96,5.52,0.00,2.10,0.00,0.00,22.31,30.45,1.91,1.97,0.26,0.22,0.00,0.00,0.00,5.68,6.61,3.04,3.60,0.00,0.00,0.00,0.00,0.00,17.65,0.00,19.61,0.00,0.00,82.96,85.71,1.66,1.75,15.45,15.32,0.00,0.00,88.24,91.91,0.00,0.00,0.00,0.00,0.00,0.00,0.00,0.00,0.00,0.00,352.94,323.53,0.00,0.00,0.00,0.00,0.00,0.00,29.41,29.41,0.00,0.00,0.00,0.00,0.00,0.00,0.00,0.00,0.03,0.00,0.50,0.36,0.27,0.00,2.08,1.87,10.89,5.29,0.00,0.00,0.00,0.00,0.00,0.00,0.00,0.00,8.40,9.61,19.47,30.53,29.37,35.22,28.70,35.68,2.03,1.04,2.11,0.94,1.12,0.63,0.37,0.08,1.94,1.50,0.66,0.19,1.14,0.92,0.79,0.81,0.04,0.00,0.11,0.00,9.21,12.26,0.31,0.08,0.00,0.00,5.70,6.10,0.00,0.00,0.00,0.00,0.66,0.63
8176.5,-2.000,7.000,0.000,0.000,0.000,0,0,0.800,0,0.00,0.07,0.20,80.88,51.47,167.62,163.21,130.25,79.83,118.25,106.62,0.62,0.96,56.70,53.83,67.12,54.01,99.44,93.84,98.73,89.71,352.94,352.94,139.09,133.58,0.00,0.00,0.00,0.00,8.68,8.17,0.77,1.51,5.84,6.13,0.00,0.00,0.00,0.00,0.00,0.00,0.00,0.00,0.58,1.70,0.00,0.00,0.00,0.16,0.00,2.80,1.80,0.00,0.00,0.00,0.00,8.29,10.86,0.00,0.00,0.00,0.00,0.00,0.00,0.00,0.00,0.76,0.58,5.28,5.56,0.00,2.10,0.00,0.00,21.97,30.10,1.54,1.72,0.28,0.26,0.00,0.00,0.00,5.69,6.54,2.93,3.63,0.00,0.00,0.00,0.00,0.00,11.76,2.18,0.00,0.00,0.00,77.68,88.24,1.55,1.59,15.42,15.08,0.00,0.00,92.76,97.43,0.00,0.00,0.00,0.00,0.00,0.00,0.00,0.00,0.00,0.00,352.94,323.53,0.00,0.00,29.41,0.00,0.00,0.00,0.00,58.82,0.00,0.00,0.00,0.00,0.00,0.00,0.00,0.00,0.00,0.00,0.42,0.56,0.36,0.00,2.05,2.02,9.26,10.59,0.00,0.00,0.00,0.00,0.00,0.00,0.00,0.00,7.91,10.31,19.66,30.84,31.08,36.37,32.03,33.29,1.91,0.88,1.68,0.94,1.19,0.70,0.30,0.19,1.87,1.27,0.78,0.08,1.02,1.31,1.03,0.49,0.08,0.00,0.23,0.00,10.23,12.29,0.27,0.08,0.00,0.00,5.46,6.34,0.00,0.00,0.00,0.00,0.67,0.56
8278.5,-2.000,7.000,0.000,0.000,0.000,0,0,0.800,0,2.10,0.07,0.16,75.98,49.02,167.76,164.87,117.65,84.03,118.34,105.93,0.89,1.41,56.34,54.90,67.29,53.92,102.24,92.44,101.15,88.69,352.94,352.94,135.42,132.35,0.00,0.00,0.00,0.00,8.73,8.10,0.77,2.26,5.88,5.99,0.00,0.00,0.00,0.00,0.00,0.00,0.00,0.00,1.15,1.13,0.00,0.00,0.00,0.16,0.00,2.80,2.31,0.00,0.00,0.00,0.00,8.09,9.67,0.00,0.00,0.00,0.00,0.00,0.00,0.00,0.00,0.67,0.49,4.45,5.21,0.00,2.10,0.00,0.00,18.93,27.68,2.20,2.33,0.25,0.21,0.00,0.00,0.00,5.53,6.41,3.04,3.80,0.00,0.00,0.00,0.00,0.00,17.65,2.18,0.00,0.00,0.00,79.19,86.55,1.83,1.41,16.09,15.78,0.00,0.00,92.76,90.07,0.00,0.00,0.00,0.00,0.00,0.00,0.00,0.00,0.00,0.00,352.94,323.53,0.00,0.00,29.41,0.00,0.00,0.00,0.00,29.41,0.00,0.00,0.00,0.00,0.00,0.00,0.00,0.00,0.00,0.00,0.46,0.44,0.23,0.00,1.56,1.69,8.71,4.71,0.00,0.00,0.00,0.00,0.00,0.00,0.00,0.00,8.10,9.72,19.60,31.60,31.44,35.22,30.92,35.73,1.95,1.48,1.60,0.79,0.85,0.49,0.41,0.11,1.47,1.03,0.35,0.19,1.21,1.46,0.95,0.77,0.11,0.00,0.04,0.00,9.38,12.70,0.35,0.04,0.00,0.00,6.05,7.05,0.00,0.00,0.00,0.00,0.69,0.57
8380.5,-2.000,7.000,0.000,0.000,0.000,0,0,0.800,0,0.00,0.07,0.16,75.98,49.02,167.35,165.01,126.05,79.83,117.13,107.64,0.71,1.23,57.05,53.12,67.75,53.95,98.04,91.04,99.88,88.24,352.94,352.94,136.03,136.64,0.00,0.00,0.00,0.00,8.87,7.99,0.77,2.26,5.70,5.99,0.00,0.00,0.00,0.00,0.00,0.00,0.00,0.00,1.15,1.13,0.00,0.00,0.00,0.16,0.00,5.60,1.16,0.00,0.00,0.00,0.00,7.50,10.86,0.00,0.00,0.00,0.00,0.00,0.00,0.00,0.00,0.67,0.58,5.20,5.94,0.00,0.00,0.00,0.00,21.97,30.80,1.92,2.07,0.26,0.22,0.00,0.00,0.00,5.79,6.50,3.01,3.65,0.00,0.00,0.00,0.00,0.00,23.53,2.18,0.00,0.00,0.00,81.45,86.55,1.96,1.71,15.42,15.47,0.00,0.00,92.76,86.40,0.00,0.00,0.00,0.00,0.00,0.00,0.00,0.00,0.00,0.00,352.94,323.53,0.00,0.00,29.41,0.00,0.00,0.00,29.41,58.82,0.00,0.00,0.00,0.00,0.00,0.00,0.00,0.00,0.10,0.00,0.50,0.48,0.27,0.00,2.12,1.54,7.63,7.06,0.00,0.00,0.00,0.00,0.00,0.00,0.00,0.00,7.76,8.98,19.50,30.86,28.66,36.54,30.57,36.27,1.91,1.20,2.03,0.87,1.23,0.42,0.52,0.04,2.22,1.23,0.70,0.23,1.29,1.46,1.03,0.69,0.04,0.00,0.08,0.00,8.98,12.77,0.31,0.00,0.00,0.00,6.28,6.22,0.00,0.00,0.00,0.00,0.65,0.59
8482.5,-2.000,7.000,0.000,0.000,0.000,0,0,0.800,0,0.00,0.11,0.20,78.43,51.47,166.53,165.84,121.85,84.03,117.56,106.87,0.75,1.06,56.17,53.30,67.41,53.89,98.04,92.44,99.65,87.21,352.94,352.94,136.64,136.03,0.00,0.00,0.00,0.00,8.77,8.10,0.77,2.26,6.16,6.04,0.00,0.00,0.00,0.00,0.00,0.00,0.00,0.00,1.73,1.13,0.00,0.00,0.00,0.08,0.00,1.05,1.67,0.00,0.00,0.00,0.00,9.08,10.66,0.00,0.00,0.00,0.00,0.00,0.00,0.00,0.00,0.76,0.58,5.04,5.75,0.00,0.00,0.00,0.00,20.28,25.61,1.60,2.38,0.22,0.21,0.00,0.00,0.00,5.81,6.46,2.99,3.93,0.00,0.00,0.00,0.00,0.00,17.65,4.36,19.61,0.00,0.00,79.19,85.71,1.88,1.59,15.63,15.91,0.00,0.00,88.24,93.75,0.00,0.00,0.00,0.00,0.00,0.00,0.00,0.00,0.00,0.00,352.94,323.53,0.00,0.00,117.65,0.00,0.00,0.00,29.41,58.82,0.00,0.00,0.00,0.00,0.00,0.00,0.00,0.00,0.03,0.00,0.71,0.44,0.32,0.00,1.71,2.10,10.89,6.47,0.00,0.00,0.00,0.00,0.00,0.00,0.00,0.00,7.99,10.12,19.38,30.92,30.82,34.34,32.03,34.96,1.66,1.64,1.76,0.75,0.78,0.52,0.48,0.11,2.06,1.23,0.20,0.04,0.99,1.04,1.03,0.53,0.08,0.00,0.11,0.00,10.46,12.74,0.31,0.04,0.00,0.00,5.58,5.98,0.00,0.00,0.00,0.00,0.70,0.55
8584.5,-2.000,7.000,0.000,0.000,0.000,0,0,0.800,0,0.00,0.07,0.16,75.98,53.92,166.94,166.11,121.85,79.83,117.91,107.13,1.04,1.19,55.46,54.01,67.61,53.63,100.84,92.44,101.61,88.46,352.94,352.94,135.42,133.58,0.00,0.00,0.00,0.00,8.80,7.85,1.55,2.26,6.06,6.50,0.00,0.00,0.00,0.00,0.00,0.00,0.00,0.00,1.15,1.13,0.00,0.00,0.00,0.16,0.00,4.20,1.16,0.00,0.00,0.00,0.00,7.50,10.46,0.00,0.00,0.00,0.00,0.00,0.00,0.00,0.00,0.59,0.49,5.35,5.78,0.00,0.00,0.00,0.00,20.96,31.83,1.76,1.73,0.26,0.22,0.00,0.00,0.00,5.65,6.49,3.05,3.45,0.00,1.18,0.00,0.00,0.00,17.65,1.09,9.80,0.00,0.00,80.69,87.39,1.83,1.73,15.50,15.16,0.00,0.00,95.02,97.43,0.00,0.00,0.00,0.00,0.00,0.00,0.00,0.00,0.00,0.00,352.94,323.53,0.00,0.00,58.82,0.00,0.00,0.00,0.00,58.82,0.00,0.00,0.00,0.00,0.00,0.00,0.00,0.00,0.03,0.00,0.29,0.40,0.32,0.00,1.75,1.72,8.71,5.29,0.00,0.00,0.00,0.00,0.00,0.00,0.00,0.00,7.84,9.57,19.49,31.33,28.80,35.66,31.06,34.55,1.70,0.96,2.03,0.71,0.71,0.56,0.37,0.08,1.91,0.91,0.59,0.12,1.06,1.04,1.23,0.85,0.04,0.00,0.15,0.00,9.34,12.74,0.50,0.08,0.00,0.00,5.81,6.10,0.00,0.92,0.00,0.00,0.63,0.55
8686.5,-2.000,7.000,0.000,0.000,0.000,0,0,0.800,0,0.00,0.11,0.20,80.88,56.37,167.89,166.25,121.85,84.03,116.96,108.33,0.81,1.08,56.87,53.48,67.56,53.83,100.84,93.84,101.04,87.44,352.94,352.94,136.03,136.64,0.00,0.00,0.00,0.00,8.84,8.24,0.77,2.26,6.70,6.04,0.00,0.00,0.00,0.00,0.00,0.00,0.00,0.00,0.58,0.57,0.00,0.00,0.00,0.08,0.00,4.90,3.08,0.00,0.00,0.00,0.00,7.50,10.26,0.00,0.00,0.00,0.00,0.00,0.00,0.00,0.00,0.59,0.58,5.16,6.01,0.00,2.10,0.00,0.00,21.30,31.14,2.14,2.36,0.27,0.21,0.00,0.00,0.00,5.55,6.58,3.05,3.74,0.00,0.00,0.00,0.00,0.00,17.65,3.27,9.80,0.00,0.00,79.19,84.03,1.70,1.93,14.99,15.63,0.00,0.00,85.97,93.75,0.00,0.00,0.00,0.00,0.00,0.00,0.00,0.00,0.00,0.00,352.94,323.53,0.00,0.00,88.24,0.00,0.00,0.00,29.41,58.82,0.00,0.00,0.00,0.00,0.00,0.00,0.00,0.00,0.10,0.00,0.46,0.40,0.18,0.00,1.67,2.32,9.80,9.41,0.00,0.00,0.00,0.00,0.00,0.00,0.00,0.00,7.84,9.79,19.06,32.08,29.72,34.56,29.86,34.92,2.56,1.32,2.03,0.43,0.92,0.59,0.37,0.08,1.51,1.03,0.59,0.12,0.80,1.11,1.03,0.81,0.04,0.00,0.15,0.00,9.80,12.74,0.61,0.04,0.00,0.00,5.35,6.81,0.00,0.00,0.00,0.00,0.61,0.58
8788.5,-2.000,7.000,0.000,0.000,0.000,0,0,0.800,0,0.00,0.07,0.26,78.43,56.37,166.53,165.84,130.25,88.24,116.18,107.30,0.62,0.94,56.52,53.83,66.76,53.26,102.24,92.44,98.27,86.08,352.94,352.94,134.80,136.64,0.00,0.00,0.00,0.00,8.92,8.13,1.55,1.51,6.29,7.24,0.00,0.00,0.00,0.00,0.00,0.00,0.00,0.00,1.15,1.13,0.00,0.00,0.00,0.00,0.00,3.50,2.05,0.00,0.00,0.00,0.00,7.70,9.08,0.00,0.00,0.00,0.00,0.00,0.00,0.00,0.00,0.59,0.58,5.39,5.94,0.00,2.10,0.00,0.00,22.31,28.37,2.04,2.39,0.31,0.20,0.00,0.00,0.00,5.82,6.44,3.11,3.82,0.00,0.00,0.00,0.00,0.00,23.53,0.00,19.61,0.00,0.00,81.45,83.19,1.64,1.98,15.27,15.37,0.00,0.00,90.50,90.07,0.00,0.00,0.00,0.00,0.00,0.00,0.00,0.00,0.00,0.00,352.94,323.53,0.00,0.00,29.41,0.00,0.00,0.00,29.41,58.82,0.00,0.00,0.00,0.00,0.00,0.00,0.00,0.00,0.00,0.00,0.50,0.56,0.32,0.00,2.05,1.72,9.80,6.47,0.00,0.00,0.00,0.00,0.00,0.00,0.00,0.00,8.55,10.23,19.55,30.45,29.10,35.05,32.12,36.00,2.03,1.04,2.23,0.71,0.92,0.87,0.55,0.15,1.75,1.07,0.47,0.12,0.99,0.88,0.91,0.61,0.08,0.00,0.08,0.00,10.59,11.78,0.46,0.08,0.00,0.00,5.93,6.34,0.00,0.00,0.00,0.00,0.65,0.60
8890.5,-2.000,7.000,0.000,0.000,0.000,0,0,0.800,0,0.00,0.14,0.23,75.98,53.92,167.48,164.18,113.45,79.83,116.96,106.70,0.87,0.98,57.05,52.58,67.11,53.42,98.04,92.44,100.12,88.46,352.94,352.94,136.03,134.80,0.00,0.00,0.00,0.00,8.64,8.00,0.77,1.51,5.97,5.95,0.00,0.00,0.00,0.00,0.00,0.00,0.00,0.00,0.58,1.70,0.00,0.00,0.00,0.08,0.00,2.45,1.03,0.00,0.00,0.00,0.00,9.47,11.65,0.00,0.00,0.00,0.00,0.00,0.00,0.00,0.00,0.59,0.49,4.69,5.59,1.34,0.00,0.00,0.00,20.96,31.83,2.19,2.49,0.24,0.24,0.00,0.00,0.00,5.61,6.64,3.05,3.62,0.39,0.39,0.00,0.00,0.00,23.53,3.27,0.00,0.00,0.00,79.19,87.39,1.75,1.41,14.94,15.78,0.00,0.00,99.55,86.40,0.00,0.00,0.00,0.00,0.00,0.00,0.00,0.00,0.00,0.00,352.94,323.53,0.00,0.00,58.82,0.00,0.00,0.00,29.41,58.82,0.00,0.00,0.00,0.00,0.00,0.00,0.00,0.04,0.07,0.00,0.54,0.28,0.32,0.00,1.30,2.70,10.89,7.65,0.00,0.00,0.00,0.00,0.00,0.00,0.00,0.00,8.25,10.75,19.32,30.21,28.71,35.31,31.99,34.60,2.15,1.36,1.80,0.47,0.82,0.80,0.33,0.15,1.71,0.83,0.31,0.35,1.02,1.11,1.39,0.85,0.08,0.00,0.11,0.00,10.16,11.92,0.19,0.12,0.00,0.00,5.70,6.34,0.00,0.92,0.00,0.00,0.67,0.61
8992.5,-2.000,7.000,0.000,0.000,0.000,0,0,0.800,0,2.10,0.07,0.20,78.43,51.47,168.03,164.04,126.05,84.03,116.96,107.05,1.04,1.39,56.52,53.65,67.33,54.17,99.44,96.64,100.12,88.92,352.94,352.94,137.87,137.87,0.00,0.00,0.00,0.00,8.88,8.47,0.77,1.51,6.20,6.45,0.00,0.00,0.00,0.00,0.00,0.00,0.00,0.00,1.15,1.13,0.00,0.00,0.00,0.08,0.00,4.90,1.54,0.00,0.00,0.00,0.00,9.28,12.24,0.00,0.00,0.00,0.00,0.00,0.00,0.00,0.00,0.84,0.58,4.88,5.67,0.00,0.00,0.00,0.00,21.30,27.68,1.91,2.24,0.27,0.21,0.00,0.00,0.00,5.56,6.72,3.05,3.94,0.00,0.00,0.00,0.00,0.00,17.65,3.27,9.80,0.00,0.00,79.19,85.71,1.79,1.82,14.78,15.71,0.00,0.00,88.24,84.56,0.00,0.00,0.00,0.00,0.00,0.00,0.00,0.00,0.00,0.00,352.94,323.53,0.00,0.00,29.41,0.00,0.00,0.00,29.41,29.41,0.00,0.00,0.00,0.00,0.00,0.00,0.00,0.00,0.00,0.00,0.96,0.24,0.32,0.00,1.97,1.61,10.35,10.00,0.00,0.00,0.00,0.00,0.00,0.00,0.00,0.00,9.22,10.57,19.76,30.79,30.07,33.24,29.68,36.99,2.31,1.56,1.80,0.71,1.26,0.31,0.52,0.15,1.91,1.19,0.39,0.27,1.18,1.27,0.87,0.45,0.00,0.00,0.26,0.00,9.90,12.63,0.35,0.08,0.00,0.00,5.46,6.10,0.00,0.00,0.00,0.00,0.67,0.58
9094.5,-2.000,7.000,0.000,0.000,0.000,0,0,0.800,0,0.00,0.07,0.20,83.33,53.92,166.53,164.87,130.25,71.43,117.22,107.56,0.81,1.23,57.58,52.41,67.38,53.69,105.04,91.04,99.31,86.99,352.94,352.94,137.87,136.64,0.00,0.00,0.00,0.00,8.76,8.08,1.55,1.51,6.11,6.32,0.00,0.00,0.00,0.00,0.00,0.00,0.00,0.00,1.15,1.13,0.00,0.00,0.00,0.08,0.00,1.05,1.16,0.00,0.00,0.00,0.00,8.09,11.45,0.00,0.00,0.00,0.00,0.00,0.00,0.00,0.00,0.76,0.58,5.12,5.63,0.00,0.00,0.00,0.00,20.96,30.10,2.21,2.63,0.26,0.24,0.00,0.00,0.00,5.52,6.58,3.13,3.74,0.00,0.00,0.00,0.00,0.00,17.65,2.18,9.80,0.00,0.00,77.68,86.55,1.77,1.53,15.40,15.78,0.00,0.00,92.76,93.75,0.00,0.00,0.00,0.00,0.00,0.00,0.00,0.00,0.00,0.00,352.94,323.53,0.00,0.00,88.24,0.00,0.00,0.00,29.41,29.41,0.00,0.00,0.00,0.00,0.00,0.00,0.00,0.00,0.00,0.00,0.59,0.36,0.41,0.00,1.90,1.80,9.26,8.82,0.00,0.00,0.00,0.00,0.00,0.00,0.00,0.00,8.70,10.42,19.69,31.18,30.86,34.08,32.21,34.55,2.27,1.32,2.03,0.94,0.85,0.59,0.48,0.08,1.98,1.31,0.47,0.12,0.91,1.19,0.87,0.65,0.08,0.00,0.04,0.00,10.23,12.74,0.35,0.08,0.00,0.00,5.81,5.98,0.00,0.00,0.00,0.00,0.67,0.64
9196.5,-2.000,7.000,0.000,0.000,0.000,0,0,0.800,0,2.10,0.14,0.23,75.98,51.47,166.67,163.77,113.45,79.83,117.30,106.62,0.85,1.25,55.63,53.12,67.13,53.95,100.84,92.44,100.12,87.55,352.94,352.94,136.03,136.03,0.00,0.00,0.00,0.00,8.77,8.12,0.77,2.26,6.25,6.22,0.00,0.00,0.00,0.00,0.00,0.00,0.00,0.00,0.58,2.26,0.00,0.00,0.00,0.00,0.00,4.20,1.03,0.00,0.00,0.00,0.00,8.69,12.83,0.00,0.00,0.00,0.00,0.00,0.00,0.00,0.00,0.59,0.49,5.04,5.86,0.00,0.00,0.00,0.00,22.31,30.10,1.86,1.68,0.23,0.22,0.00,0.00,0.00,5.79,6.70,2.77,3.63,0.00,0.00,0.00,0.00,0.00,23.53,1.09,9.80,0.00,0.00,79.19,84.87,1.90,1.59,15.45,15.63,0.00,0.00,95.02,90.07,0.00,0.00,0.00,0.00,0.00,0.00,0.00,0.00,0.00,0.00,352.94,323.53,0.00,0.00,88.24,0.00,0.00,0.00,29.41,29.41,0.00,0.00,0.00,0.00,0.00,0.00,0.00,0.00,0.03,0.00,0.71,0.28,0.14,0.00,2.01,1.95,8.17,8.82,0.00,0.00,0.00,0.00,0.00,0.00,0.00,0.00,8.40,10.20,18.99,31.62,30.16,37.82,31.94,35.64,2.03,1.36,2.15,0.79,0.89,0.56,0.59,0.04,1.98,1.03,0.35,0.15,1.06,1.42,0.68,0.73,0.11,0.00,0.19,0.00,10.03,13.18,0.31,0.08,0.00,0.00,5.12,6.10,0.00,0.00,0.00,0.00,0.72,0.61
9298.5,-2.000,7.000,0.000,0.000,0.000,0,0,0.800,0,0.00,0.07,0.13,78.43,53.92,167.48,165.01,121.85,79.83,117.65,108.24,0.92,1.25,58.11,54.37,67.41,53.80,103.64,92.44,99.42,86.65,352.94,352.94,138.48,134.80,0.00,0.00,0.00,0.00,9.03,8.07,0.77,2.26,6.29,5.90,0.00,0.00,0.00,0.00,0.00,0.00,0.00,0.00,1.15,0.57,0.00,0.00,0.00,0.16,0.00,3.15,2.18,0.00,0.00,0.00,0.00,8.69,11.25,0.00,0.00,0.00,0.00,0.00,0.00,0.00,0.00,0.76,0.66,5.28,6.09,0.00,2.10,0.00,0.00,22.65,29.41,1.55,1.89,0.28,0.18,0.00,0.00,0.00,5.72,6.75,3.13,3.82,0.00,0.00,0.00,0.00,0.00,17.65,2.18,19.61,0.00,0.00,78.43,84.87,1.81,1.48,15.55,15.21,0.00,0.00,92.76,97.43,0.00,0.00,0.00,0.00,0.00,0.00,0.00,0.00,0.00,0.00,352.94,323.53,0.00,0.00,88.24,0.00,0.00,0.00,29.41,29.41,0.00,0.00,0.00,0.00,0.00,0.00,0.00,0.00,0.00,0.00,0.88,0.56,0.18,0.00,2.01,2.25,7.63,7.65,0.00,0.00,0.00,0.00,0.00,0.00,0.00,0.00,8.81,10.16,19.14,31.28,30.56,33.37,30.52,35.59,2.19,1.40,1.92,0.55,0.95,0.38,0.33,0.23,1.98,0.79,0.62,0.08,1.18,1.08,0.83,0.85,0.15,0.00,0.11,0.00,10.85,12.46,0.23,0.04,0.00,0.00,5.35,5.38,0.00,0.00,0.00,0.00,0.65,0.54
9400.5,-2.000,7.000,0.000,0.000,0.000,0,0,0.800,0,2.10,0.07,0.16,80.88,51.47,167.35,164.18,130.25,88.24,116.61,106.62,0.67,1.10,55.99,54.72,67.24,53.64,109.24,92.44,100.12,86.65,352.94,352.94,136.64,136.03,0.00,0.00,0.00,0.00,8.98,8.25,0.77,1.51,6.11,6.82,0.00,0.00,0.00,0.00,0.00,0.00,0.00,0.00,1.73,1.13,0.00,0.00,0.00,0.16,0.00,5.95,1.41,0.00,0.00,0.00,0.00,7.11,11.84,0.00,0.00,0.00,0.00,0.00,0.00,0.00,0.00,0.59,0.58,5.04,5.75,0.00,2.10,0.00,0.00,18.93,28.72,2.02,2.55,0.22,0.24,0.00,0.00,0.00,5.56,6.55,3.21,3.77,0.77,0.00,0.00,0.00,0.00,23.53,2.18,29.41,0.00,0.00,80.69,84.87,1.79,2.09,15.37,14.82,0.00,0.00,95.02,95.59,0.00,0.00,0.00,0.00,0.00,0.00,0.00,0.00,0.00,0.00,352.94,323.53,0.00,0.00,58.82,0.00,0.00,0.00,29.41,29.41,0.00,0.00,0.00,0.00,0.00,0.00,0.00,0.00,0.03,0.00,0.71,0.24,0.23,0.00,1.93,2.36,10.35,7.65,0.00,0.00,0.00,0.00,0.00,0.00,0.00,0.00,8.70,9.83,19.28,31.28,29.85,34.65,31.19,34.10,2.35,1.12,1.76,0.83,1.02,0.70,0.44,0.30,1.71,1.27,0.31,0.19,0.91,1.34,1.11,0.89,0.08,0.00,0.23,0.00,10.39,12.50,0.23,0.00,0.00,0.00,6.16,6.22,0.00,0.00,0.00,0.00,0.62,0.56
9502.5,-2.000,7.000,0.000,0.000,0.000,0,0,0.800,0,0.00,0.14,0.26,80.88,51.47,169.12,165.01,126.05,79.83,116.87,107.05,0.92,1.33,57.05,52.41,67.81,53.59,98.04,93.84,99.54,87.33,352.94,352.94,134.80,136.03,0.00,0.00,0.00,0.00,8.72,8.33,0.77,0.75,6.20,6.22,0.00,0.00,0.00,0.00,0.00,0.00,0.00,0.00,1.15,1.13,0.00,0.00,0.00,0.00,0.00,2.45,2.83,0.00,0.00,0.00,0.00,9.08,11.65,0.00,0.00,0.00,0.00,0.00,0.00,0.00,0.00,0.84,0.58,5.12,6.13,0.00,0.00,0.00,0.00,20.96,30.10,2.17,2.77,0.26,0.21,0.00,0.00,0.00,5.81,6.39,3.12,3.68,0.00,0.00,0.00,0.00,0.00,17.65,2.18,9.80,0.00,0.00,81.45,82.35,1.55,1.84,15.71,15.32,0.00,0.00,90.50,91.91,0.00,0.00,0.00,0.00,0.00,0.00,0.00,0.00,0.00,0.00,352.94,323.53,0.00,0.00,58.82,0.00,0.00,0.00,29.41,29.41,0.00,0.00,0.00,0.00,0.00,0.00,0.00,0.00,0.03,0.00,0.33,0.60,0.18,0.00,1.90,2.21,13.62,4.71,0.00,0.00,0.00,0.00,0.00,0.00,0.00,0.00,8.36,9.98,19.68,30.36,32.05,35.09,32.03,36.58,2.43,1.04,1.92,0.47,0.99,0.66,0.59,0.15,2.54,0.95,0.31,0.08,1.10,1.23,0.87,0.77,0.11,0.04,0.19,0.00,9.84,13.05,0.38,0.04,0.00,0.00,5.81,6.93,0.00,0.00,0.00,0.00,0.71,0.56
9604.5,-2.000,7.000,0.000,0.000,0.000,0,0,0.800,0,2.10,0.07,0.20,75.98,53.92,167.89,165.01,126.05,79.83,117.39,106.79,0.87,1.33,57.23,53.48,67.23,53.76,98.04,92.44,98.50,87.78,352.94,352.94,135.42,133.58,0.00,0.00,0.00,0.00,9.01,8.26,0.77,0.75,5.97,6.41,0.00,0.00,0.00,0.00,0.00,0.00,0.00,0.00,1.15,2.83,0.00,0.00,0.00,0.08,0.00,4.55,1.28,0.00,0.00,0.00,0.00,7.70,11.84,0.00,0.00,0.00,0.00,0.00,0.00,0.00,0.00,0.84,0.41,5.32,5.67,1.34,0.00,0.00,0.00,20.96,30.10,2.54,2.38,0.24,0.21,0.00,0.00,0.00,5.68,6.66,3.13,3.74,0.00,0.00,0.00,0.00,0.00,23.53,1.09,9.80,0.00,0.00,78.43,90.76,1.81,1.73,15.48,15.86,0.00,0.00,85.97,88.24,0.00,0.00,0.00,0.00,0.00,0.00,0.00,0.00,0.00,0.00,352.94,323.53,0.00,0.00,29.41,0.00,0.00,0.00,29.41,58.82,0.00,0.00,0.00,0.00,0.00,0.00,0.00,0.00,0.03,0.00,1.00,0.36,0.27,0.00,1.86,1.87,8.71,7.65,0.00,0.00,0.00,0.00,0.00,0.00,0.00,0.00,9.18,9.83,19.83,31.42,30.51,34.08,29.94,35.28,1.70,1.04,1.88,1.02,0.92,0.52,0.26,0.08,1.98,0.67,0.86,0.15,1.10,1.23,1.07,0.77,0.08,0.00,0.19,0.00,10.33,12.36,0.38,0.04,0.00,0.00,6.39,6.81,1.59,0.00,0.00,0.00,0.75,0.64
9706.5,-2.000,7.000,0.000,0.000,0.000,0,0,0.800,0,0.00,0.14,0.20,75.98,51.47,167.76,164.04,113.45,79.83,117.30,106.53,0.85,1.12,56.17,53.83,67.38,53.87,100.84,89.64,99.88,87.21,352.94,352.94,136.64,134.80,0.00,0.00,0.00,0.00,8.81,8.09,0.77,1.51,5.93,5.99,0.00,0.00,0.00,0.00,0.00,0.00,0.00,0.00,0.58,1.13,0.00,0.00,0.00,0.00,0.00,4.20,2.18,0.00,0.00,0.00,0.00,7.50,9.67,0.00,0.00,0.00,0.00,0.00,0.00,0.00,0.00,0.59,0.49,5.00,5.67,0.00,0.00,0.00,0.00,20.28,29.76,2.19,2.31,0.25,0.19,0.00,0.00,0.00,5.54,6.36,2.95,3.59,0.00,0.00,0.00,0.00,0.00,17.65,2.18,9.80,0.00,0.00,77.68,85.71,1.36,1.68,14.58,15.26,0.00,0.00,90.50,95.59,0.00,0.00,0.00,0.00,0.00,0.00,0.00,0.00,0.00,0.00,352.94,323.53,0.00,0.00,58.82,0.00,0.00,0.00,29.41,29.41,0.00,0.00,0.00,0.00,0.00,0.00,0.00,0.00,0.07,0.00,0.50,0.36,0.23,0.00,1.52,1.65,9.80,5.29,0.00,0.00,0.00,0.00,0.00,0.00,0.00,0.00,8.51,9.94,19.11,31.04,31.26,35.53,31.28,36.67,2.11,1.48,2.27,0.63,0.78,0.42,0.41,0.15,2.10,0.91,0.55,0.08,1.52,1.04,0.99,0.69,0.08,0.04,0.08,0.00,9.51,12.74,0.23,0.04,0.00,0.00,5.81,6.81,0.00,0.00,0.00,0.00,0.67,0.57
9808.5,-2.000,7.000,0.000,0.000,0.000,0,0,0.800,0,0.00,0.11,0.23,80.88,51.47,167.89,165.29,121.85,84.03,117.22,108.07,0.98,1.35,56.17,52.76,67.51,53.48,105.04,91.04,100.23,88.58,352.94,352.94,136.64,136.03,0.00,0.00,0.00,0.00,8.85,8.28,0.77,2.26,6.29,6.64,0.00,0.00,0.00,0.00,0.00,0.00,0.00,0.00,0.58,1.13,0.00,0.00,0.00,0.25,0.00,4.90,1.67,0.00,0.00,0.00,0.00,9.47,11.45,0.00,0.00,0.00,0.00,0.00,0.00,0.00,0.00,0.59,0.66,4.72,5.40,0.00,0.00,0.00,0.00,21.30,26.99,2.24,2.36,0.24,0.20,0.00,0.00,0.00,5.67,6.70,3.10,3.58,0.00,0.00,0.00,0.00,0.00,17.65,1.09,19.61,0.00,0.00,79.94,84.87,1.62,1.68,14.76,15.65,0.00,0.00,95.02,93.75,0.00,0.00,0.00,0.00,0.00,0.00,0.00,0.00,0.00,0.00,352.94,323.53,0.00,0.00,58.82,0.00,0.00,0.00,29.41,58.82,0.00,0.00,0.00,0.00,0.00,0.00,0.00,0.00,0.03,0.00,0.63,0.36,0.05,0.00,1.75,2.29,10.35,10.00,0.00,0.00,0.00,0.00,0.00,0.00,0.00,0.00,8.29,10.31,19.38,31.35,30.60,37.07,30.88,33.34,1.95,1.32,1.84,0.67,0.95,0.49,0.48,0.26,1.87,1.43,0.47,0.08,0.99,0.77,1.15,0.69,0.15,0.00,0.08,0.00,9.64,11.92,0.19,0.00,0.00,0.00,5.46,5.62,0.00,0.00,0.00,0.00,0.72,0.60
9910.5,-2.000,7.000,0.000,0.000,0.000,0,0,0.800,0,0.00,0.07,0.23,78.43,51.47,168.03,164.18,121.85,75.63,117.22,107.05,0.75,1.16,56.70,53.65,67.17,54.08,96.64,91.04,100.12,86.76,352.94,352.94,138.48,135.42,0.00,0.00,0.00,0.00,8.78,8.14,1.55,2.26,5.65,6.36,0.00,0.00,0.00,0.00,0.00,0.00,0.00,0.00,1.15,1.70,0.00,0.00,0.00,0.16,0.00,5.25,2.31,0.00,0.00,0.00,0.00,6.71,12.04,0.00,0.00,0.00,0.00,0.00,0.00,0.00,0.00,0.76,0.49,5.24,5.40,0.00,0.00,0.00,0.00,21.64,29.41,2.21,2.31,0.29,0.24,0.00,0.00,0.00,5.47,6.52,3.02,3.64,0.77,0.39,0.00,0.00,0.00,17.65,3.27,19.61,0.00,0.00,82.20,87.39,1.73,1.87,15.19,15.76,0.00,0.00,92.76,90.07,0.00,0.00,0.00,0.00,0.00,0.00,0.00,0.00,0.00,0.00,352.94,323.53,0.00,0.00,58.82,0.00,0.00,0.00,0.00,58.82,0.00,0.00,0.00,0.00,0.00,0.00,0.00,0.00,0.00,0.00,0.46,0.44,0.32,0.00,1.49,1.91,8.17,10.00,0.00,0.00,0.00,0.00,0.00,0.00,0.00,0.00,8.47,9.50,19.64,30.74,28.84,34.03,31.54,36.72,1.99,1.24,2.19,0.24,1.16,0.49,0.63,0.23,2.22,1.07,0.27,0.08,1.21,1.23,0.87,0.61,0.15,0.00,0.08,0.00,10.07,12.57,0.23,0.08,0.00,0.00,6.16,6.81,0.00,0.92,0.00,0.00,0.62,0.52
10012.5,-2.000,7.000,0.000,0.000,0.000,0,0,0.800,0,0.00,0.07,0.16,78.43,53.92,167.35,165.15,126.05,88.24,117.04,107.39,0.69,1.00,55.99,52.76,67.41,53.95,99.44,89.64,99.77,88.35,352.94,352.94,136.03,135.42,0.00,0.00,0.00,0.00,8.90,8.30,0.77,1.51,6.25,6.73,0.00,0.00,0.00,0.00,0.00,0.00,0.00,0.00,1.73,1.13,0.00,0.00,0.00,0.00,0.00,5.95,2.05,0.00,0.00,0.00,0.00,8.88,11.45,0.00,0.00,0.00,0.00,0.00,0.00,0.00,0.00,0.59,0.58,5.16,6.09,0.00,0.00,0.00,0.00,22.65,32.18,2.36,2.59,0.29,0.24,0.00,0.00,0.00,5.69,6.62,3.01,3.71,0.39,0.00,0.00,0.00,0.00,17.65,5.45,9.80,0.00,0.00,79.19,86.55,1.96,1.75,15.63,15.84,0.00,0.00,90.50,90.07,0.00,0.00,0.00,0.00,0.00,0.00,0.00,0.00,0.00,0.00,352.94,323.53,0.00,0.00,58.82,0.00,0.00,0.00,29.41,29.41,0.00,0.00,0.00,0.00,0.00,0.00,0.00,0.04,0.00,0.00,0.46,0.44,0.23,0.00,1.64,1.80,9.80,6.47,0.00,0.00,0.00,0.00,0.00,0.00,0.00,0.00,7.65,9.64,19.06,31.21,31.57,33.73,29.46,36.58,2.47,1.24,1.60,1.22,1.02,0.49,0.33,0.19,1.83,1.11,0.51,0.08,1.18,1.46,0.68,1.09,0.08,0.04,0.19,0.00,11.15,12.19,0.50,0.04,0.00,0.00,6.28,6.10,0.00,0.00,0.00,0.00,0.69,0.63
10114.5,-2.000,7.000,0.000,0.000,0.000,0,0,0.800,0,0.00,0.07,0.23,78.43,53.92,168.30,164.60,130.25,84.03,117.73,107.39,0.56,0.96,57.41,54.19,67.90,53.77,102.24,91.04,101.50,87.89,352.94,352.94,138.48,134.19,0.00,0.00,0.00,0.00,8.95,8.25,0.77,1.51,5.84,6.50,0.00,0.00,0.00,0.00,0.00,0.00,0.00,0.00,1.15,0.00,0.00,0.00,0.00,0.16,0.00,2.80,1.03,0.00,0.00,0.00,0.00,8.09,12.44,0.00,0.00,0.00,0.00,0.00,0.00,0.00,0.00,0.67,0.49,4.88,5.75,0.00,2.10,0.00,0.00,20.28,28.03,1.82,2.12,0.26,0.20,0.00,0.00,0.00,5.58,6.68,3.05,3.63,0.00,0.78,0.00,0.00,0.00,11.76,3.27,9.80,0.00,0.00,79.19,84.03,1.88,1.78,15.01,16.12,0.00,0.00,92.76,90.07,0.00,0.00,0.00,0.00,0.00,0.00,0.00,0.00,0.00,0.00,352.94,323.53,0.00,0.00,58.82,0.00,0.00,0.00,29.41,58.82,0.00,0.00,0.00,0.00,0.00,0.00,0.00,0.00,0.00,0.00,0.42,0.32,0.23,0.00,1.52,2.02,9.26,8.82,0.00,0.00,0.00,0.00,0.00,0.00,0.00,0.00,8.88,10.05,19.38,31.08,28.05,37.47,29.37,35.77,2.47,1.48,1.96,0.39,0.75,0.42,0.70,0.15,1.47,1.03,0.43,0.04,0.91,1.15,0.95,0.85,0.08,0.00,0.11,0.00,10.59,12.29,0.35,0.00,0.00,0.00,5.93,6.46,0.00,0.00,0.00,0.00,0.65,0.58
10216.5,-2.000,7.000,0.000,0.000,0.000,0,0,0.800,0,0.00,0.11,0.13,80.88,51.47,167.08,163.90,121.85,79.83,117.30,107.05,0.69,1.10,56.87,52.05,68.07,54.23,100.84,95.24,100.81,89.71,352.94,352.94,137.87,133.58,0.00,0.00,0.00,0.00,8.82,8.03,0.77,1.51,5.88,6.13,0.00,0.00,0.00,0.00,0.00,0.00,0.00,0.00,1.15,0.57,0.00,0.00,0.00,0.16,0.00,5.25,2.31,0.00,0.00,0.00,0.00,10.26,9.47,0.00,0.00,0.00,0.00,0.00,0.00,0.00,0.00,0.59,0.58,4.96,6.09,0.00,0.00,0.00,0.00,20.28,29.41,1.44,2.00,0.24,0.24,0.00,0.00,0.00,5.64,6.38,2.90,3.75,0.00,0.00,0.00,0.00,0.00,17.65,1.09,0.00,0.00,0.00,77.68,84.87,1.99,1.80,15.94,15.37,0.00,0.00,92.76,97.43,0.00,0.00,0.00,0.00,0.00,0.00,0.00,0.00,0.00,0.00,352.94,323.53,0.00,0.00,58.82,0.00,0.00,0.00,0.00,58.82,0.00,0.00,0.00,0.00,0.00,0.00,0.00,0.00,0.03,0.00,0.50,0.20,0.18,0.00,1.82,1.84,7.63,7.06,0.00,0.00,0.00,0.00,0.00,0.00,0.00,0.00,8.73,9.64,18.38,30.54,30.29,35.88,32.88,35.28,2.03,1.40,2.03,0.94,0.92,0.38,0.30,0.19,1.31,1.15,0.31,0.12,1.52,1.04,1.31,0.93,0.11,0.00,0.23,0.00,10.33,12.84,0.38,0.00,0.00,0.00,4.88,5.02,0.00,0.00,0.00,0.00,0.72,0.53
10318.5,-2.000,7.000,0.000,0.000,0.000,0,0,0.800,0,0.00,0.11,0.13,80.88,51.47,166.12,165.01,121.85,84.03,116.44,107.81,0.75,1.29,56.87,54.55,67.16,53.65,105.04,91.04,99.88,87.44,352.94,352.94,137.25,138.48,0.00,0.00,0.00,0.00,8.78,8.22,0.77,1.51,5.88,5.95,0.00,0.00,0.00,0.00,0.00,0.00,0.00,0.00,0.58,1.13,0.00,0.00,0.00,0.00,0.00,2.80,0.77,0.00,0.00,0.00,0.00,8.69,10.86,0.00,0.00,0.00,0.00,0.00,0.00,0.00,0.00,0.59,0.49,4.65,5.97,0.00,0.00,0.00,0.00,20.28,29.76,1.71,2.18,0.25,0.22,0.00,0.13,0.00,5.61,6.58,2.89,3.79,1.55,0.00,0.00,0.00,0.00,17.65,0.00,19.61,0.00,0.00,79.94,85.71,1.73,1.80,15.48,15.60,0.00,0.00,95.02,93.75,0.00,0.00,0.00,0.00,0.00,0.00,0.00,0.00,0.00,0.00,352.94,323.53,0.00,0.00,0.00,0.00,0.00,0.00,29.41,29.41,0.00,0.00,0.00,0.00,0.00,0.00,0.00,0.00,0.00,0.00,0.42,0.40,0.18,0.00,2.01,2.51,10.89,5.29,0.00,0.00,0.00,0.00,0.00,0.00,0.00,0.00,8.40,10.53,18.98,31.86,27.52,34.21,31.23,35.28,1.74,1.28,2.03,0.90,1.19,0.42,0.52,0.15,2.22,1.35,0.59,0.08,0.83,1.11,1.19,0.89,0.08,0.00,0.11,0.00,10.75,12.77,0.35,0.08,0.00,0.00,6.16,5.98,0.00,0.00,0.00,0.00,0.70,0.61
10420.5,-2.000,7.000,0.000,0.000,0.000,0,0,0.800,0,0.00,0.11,0.20,83.33,53.92,167.62,165.42,126.05,84.03,117.47,107.73,0.89,1.21,56.87,53.48,67.48,53.56,99.44,95.24,99.08,87.21,352.94,352.94,137.25,136.03,0.00,0.00,0.00,0.00,8.92,8.13,0.77,1.51,5.75,5.62,0.00,0.00,0.00,0.00,0.00,0.00,0.00,0.00,1.15,0.57,0.00,0.00,0.00,0.08,0.00,4.20,2.31,0.00,0.00,0.00,0.00,7.90,10.66,0.00,0.00,0.00,0.00,0.00,0.00,0.00,0.00,0.76,0.49,4.88,5.71,0.00,2.10,0.00,0.00,20.28,28.37,1.80,2.01,0.25,0.20,0.00,0.00,0.00,5.60,6.44,3.10,3.87,0.39,0.78,0.00,0.00,0.00,17.65,0.00,9.80,0.00,0.00,80.69,85.71,1.70,1.62,15.09,15.65,0.00,0.00,92.76,91.91,0.00,0.00,0.00,0.00,0.00,0.00,0.00,0.00,0.00,0.00,352.94,323.53,0.00,0.00,58.82,0.00,0.00,0.00,29.41,29.41,0.00,0.00,0.00,0.00,0.00,0.00,0.00,0.00,0.00,0.00,0.46,0.68,0.32,0.00,2.01,1.76,7.63,5.29,0.00,0.00,0.00,0.00,0.00,0.00,0.00,0.00,8.32,10.46,19.47,31.16,30.20,35.58,30.48,35.91,2.39,1.04,1.99,0.79,1.19,0.56,0.55,0.26,1.43,1.15,0.66,0.27,1.06,1.00,0.95,0.69,0.15,0.00,0.00,0.00,9.90,11.61,0.38,0.08,0.00,0.00,5.12,5.86,0.00,0.92,0.00,0.00,0.64,0.58
10522.5,-2.000,7.000,0.000,0.000,0.000,0,0,0.800,0,0.00,0.11,0.29,73.53,51.47,166.80,164.73,121.85,84.03,118.34,107.22,0.77,0.96,57.58,54.90,67.89,53.43,105.04,93.84,100.23,87.55,352.94,352.94,137.25,138.48,0.00,0.00,0.00,0.00,8.96,7.95,0.77,1.51,6.34,6.45,0.00,0.00,0.00,0.00,0.00,0.00,0.00,0.00,0.58,1.13,0.00,0.00,0.00,0.16,0.00,4.55,2.83,0.00,0.00,0.00,0.00,9.28,11.05,0.00,0.00,0.00,0.00,0.00,0.00,0.00,0.00,0.76,0.58,4.65,5.97,0.00,0.00,0.00,0.00,19.95,27.68,2.14,2.57,0.28,0.20,0.00,0.00,0.00,5.60,6.53,2.96,3.72,0.00,1.18,0.00,0.00,0.00,23.53,2.18,9.80,0.00,0.00,79.19,82.35,1.68,1.71,14.94,16.30,0.00,0.00,101.81,86.40,0.00,0.00,0.00,0.00,0.00,0.00,0.00,0.00,0.00,0.00,352.94,323.53,0.00,0.00,0.00,0.00,0.00,0.00,29.41,29.41,0.00,0.00,0.00,0.00,0.00,0.00,0.00,0.00,0.07,0.00,0.71,0.36,0.09,0.00,1.82,1.72,9.80,7.06,0.00,0.00,0.00,0.00,0.00,0.00,0.00,0.00,8.66,10.35,19.15,30.73,29.37,35.49,29.23,37.35,2.11,1.60,1.92,0.55,0.95,0.52,0.59,0.15,2.14,0.87,0.39,0.04,1.02,1.19,0.72,0.69,0.19,0.00,0.19,0.00,9.64,13.80,0.35,0.08,0.00,0.00,5.93,7.29,0.00,0.00,0.00,0.00,0.79,0.61
10624.5,-2.000,7.000,0.000,0.000,0.000,0,0,0.800,0,0.00,0.04,0.23,85.78,51.47,166.94,164.04,117.65,84.03,116.27,107.39,1.06,1.21,57.76,54.01,67.84,53.60,103.64,91.04,99.31,87.67,352.94,352.94,139.09,135.42,0.00,0.00,0.00,0.00,8.82,8.06,0.77,0.75,6.02,6.09,0.00,0.00,0.00,0.00,0.00,0.00,0.00,0.00,1.15,1.13,0.00,0.00,0.00,0.00,0.00,3.15,2.83,0.00,0.00,0.00,0.00,8.09,12.83,0.00,0.00,0.00,0.00,0.00,0.00,0.00,0.00,0.67,0.66,4.65,5.78,0.00,2.10,0.00,0.00,20.28,32.53,2.36,2.15,0.23,0.21,0.00,0.00,0.00,5.57,6.57,3.14,3.68,0.00,0.39,0.00,0.00,0.00,17.65,1.09,9.80,0.00,0.00,78.43,87.39,2.01,1.89,15.99,15.71,0.00,0.00,92.76,91.91,0.00,0.00,0.00,0.00,0.00,0.00,0.00,0.00,0.00,0.00,352.94,323.53,0.00,0.00,58.82,0.00,0.00,0.00,29.41,29.41,0.00,0.00,0.00,0.00,0.00,0.00,0.00,0.00,0.07,0.00,0.67,0.28,0.09,0.00,1.75,1.72,8.71,7.06,0.00,0.00,0.00,0.00,0.00,0.00,0.00,0.00,8.88,9.09,19.10,30.70,29.37,34.92,29.50,35.46,2.11,1.68,1.80,0.90,1.12,0.52,0.41,0.08,1.55,1.03,0.59,0.15,1.10,0.81,1.07,0.73,0.11,0.00,0.11,0.00,9.57,12.60,0.23,0.00,0.00,0.00,6.28,5.86,0.00,0.00,0.00,0.00,0.59,0.54
10726.5,-2.000,7.000,0.000,0.000,0.000,0,0,0.800,0,0.00,0.14,0.23,78.43,51.47,166.80,164.32,126.05,88.24,117.39,107.22,1.02,1.27,57.23,53.48,67.35,53.19,100.84,93.84,101.27,85.74,352.94,352.94,134.19,131.74,0.00,0.00,0.00,0.00,8.78,8.15,0.77,1.51,5.65,6.22,0.00,0.00,0.00,0.00,0.00,0.00,0.00,0.00,1.15,1.70,0.00,0.00,0.00,0.16,0.00,5.25,2.83,0.00,0.00,0.00,0.00,7.11,11.25,0.00,0.00,0.00,0.00,0.00,0.00,0.00,0.00,0.76,0.66,5.00,5.86,0.00,0.00,0.00,0.00,19.95,29.07,1.98,2.46,0.26,0.18,0.00,0.00,0.00,5.50,6.59,3.04,3.72,0.00,0.39,0.00,0.00,0.00,23.53,3.27,0.00,0.00,0.00,78.43,85.71,1.68,1.82,15.84,15.34,0.00,0.00,92.76,91.91,0.00,0.00,0.00,0.00,0.00,0.00,0.00,0.00,0.00,0.00,352.94,323.53,0.00,0.00,58.82,0.00,0.00,0.00,29.41,29.41,0.00,0.00,0.00,0.00,0.00,0.00,0.00,0.00,0.00,0.00,0.84,0.32,0.00,0.00,1.60,2.40,8.71,4.71,0.00,0.00,0.00,0.00,0.00,0.00,0.00,0.00,8.96,9.75,18.99,30.96,31.75,34.56,28.83,34.87,2.39,1.16,1.56,0.67,0.95,0.49,0.37,0.08,1.75,0.91,0.23,0.31,1.02,1.54,1.19,0.85,0.11,0.00,0.11,0.00,9.02,13.18,0.42,0.00,0.00,0.00,6.39,5.98,0.00,0.00,0.00,0.00,0.66,0.54
10828.5,-2.000,7.000,0.000,0.000,0.000,0,0,0.800,0,0.00,0.07,0.20,80.88,53.92,166.53,165.01,113.45,79.83,117.73,106.02,0.75,1.08,57.41,53.83,67.27,53.53,102.24,92.44,100.81,88.35,352.94,352.94,135.42,134.19,0.00,0.00,0.00,0.00,8.77,8.03,0.77,1.51,6.16,6.45,0.00,0.00,0.00,0.00,0.00,0.00,0.00,0.00,1.73,0.57,0.00,0.00,0.00,0.08,0.00,3.15,1.67,0.00,0.00,0.00,0.00,6.32,11.05,0.00,0.00,0.00,0.00,0.00,0.00,0.00,0.00,0.76,0.49,5.20,5.48,0.00,2.10,0.00,0.00,19.61,31.14,1.71,2.15,0.22,0.17,0.00,0.00,0.00,5.43,6.65,3.17,3.65,0.00,0.00,0.00,0.00,0.00,17.65,2.18,9.80,0.00,0.00,82.20,87.39,1.73,1.75,15.32,15.37,0.00,0.00,95.02,91.91,0.00,0.00,0.00,0.00,0.00,0.00,0.00,0.00,0.00,0.00,352.94,323.53,0.00,0.00,88.24,0.00,0.00,0.00,29.41,58.82,0.00,0.00,0.00,0.00,0.00,0.00,0.00,0.00,0.00,0.00,0.50,0.28,0.23,0.00,1.64,2.32,8.71,11.76,0.00,0.00,0.00,0.00,0.00,0.00,0.00,0.00,8.32,9.46,19.44,31.06,31.61,34.17,29.37,35.82,1.70,1.32,1.84,0.67,1.19,0.56,0.63,0.15,1.67,0.91,0.66,0.27,1.18,1.23,1.03,0.61,0.00,0.00,0.08,0.00,10.30,13.01,0.15,0.04,0.00,0.00,5.35,6.22,0.00,0.00,0.00,0.00,0.57,0.63
10930.5,-2.000,7.000,0.000,0.000,0.000,0,0,0.800,0,0.00,0.18,0.23,80.88,51.47,167.21,165.01,130.25,79.83,117.99,106.96,0.92,1.19,56.87,54.01,67.84,53.80,102.24,93.84,100.92,88.35,352.94,352.94,136.03,136.64,0.00,0.00,0.00,0.00,8.88,8.01,0.77,1.51,5.79,6.64,0.00,0.00,0.00,0.00,0.00,0.00,0.00,0.00,0.58,0.57,0.00,0.00,0.00,0.00,0.00,4.90,1.54,0.00,0.00,0.00,0.00,9.87,11.25,0.00,0.00,0.00,0.00,0.00,0.00,0.00,0.00,0.59,0.41,4.49,5.78,0.00,0.00,0.00,0.00,22.31,26.30,2.21,2.74,0.25,0.21,0.00,0.00,0.00,5.84,6.51,2.97,3.78,0.39,0.78,0.00,0.00,0.00,23.53,2.18,9.80,0.00,0.00,78.43,84.87,1.60,1.64,15.68,15.94,0.00,0.00,95.02,90.07,0.00,0.00,0.00,0.00,0.00,0.00,0.00,0.00,0.00,0.00,352.94,323.53,0.00,0.00,117.65,0.00,0.00,0.00,0.00,29.41,0.00,0.00,0.00,0.00,0.00,0.00,0.00,0.00,0.03,0.00,0.46,0.40,0.23,0.00,2.16,1.95,13.62,5.88,0.00,0.00,0.00,0.00,0.00,0.00,0.00,0.00,8.70,10.75,19.67,31.39,31.48,33.42,31.50,34.96,2.27,1.16,2.03,0.79,0.95,0.66,0.59,0.34,1.67,0.95,0.35,0.15,1.21,0.92,0.91,0.69,0.04,0.00,0.11,0.00,9.41,12.29,0.35,0.00,0.00,0.00,6.39,6.46,0.00,0.92,0.00,0.00,0.77,0.57
11032.5,-2.000,7.000,0.000,0.000,0.000,0,0,0.800,0,0.00,0.07,0.20,75.98,51.47,167.62,164.32,130.25,84.03,117.56,107.47,0.81,1.14,57.58,53.83,67.62,53.95,99.44,93.84,99.31,87.10,352.94,352.94,137.25,135.42,0.00,0.00,0.00,0.00,8.90,8.18,0.77,1.51,6.29,6.50,0.00,0.00,0.00,0.00,0.00,0.00,0.00,0.00,0.58,0.57,0.00,0.00,0.00,0.00,0.00,7.00,2.31,0.00,0.00,0.00,0.00,6.91,9.87,0.00,0.00,0.00,0.00,0.00,0.00,0.00,0.00,0.76,0.41,4.88,6.09,0.00,2.10,0.00,0.00,19.95,29.07,2.52,3.05,0.22,0.21,0.00,0.00,0.00,5.46,6.68,3.20,3.78,0.00,0.78,0.00,0.00,0.00,17.65,2.18,9.80,0.00,0.00,76.17,84.03,1.73,2.07,15.81,15.24,0.00,0.00,95.02,93.75,0.00,0.00,0.00,0.00,0.00,0.00,0.00,0.00,0.00,0.00,352.94,323.53,0.00,0.00,88.24,0.00,0.00,0.00,29.41,58.82,0.00,0.00,0.00,0.00,0.00,0.00,0.00,0.00,0.03,0.00,0.75,0.36,0.27,0.00,2.01,2.06,7.63,7.65,0.00,0.00,0.00,0.00,0.00,0.00,0.00,0.00,9.11,9.39,18.96,31.66,30.25,37.82,29.99,34.73,2.23,1.20,2.42,0.63,1.33,0.52,0.59,0.04,1.39,0.99,0.62,0.12,1.25,1.11,0.83,1.05,0.04,0.00,0.11,0.00,10.16,12.98,0.38,0.12,0.00,0.00,6.51,6.81,1.59,0.00,0.00,0.00,0.72,0.58
11134.5,-2.000,7.000,0.000,0.000,0.000,0,0,0.800,0,0.00,0.07,0.20,80.88,49.02,168.16,165.15,121.85,84.03,117.04,107.13,0.79,0.92,56.34,54.37,67.44,53.16,99.44,92.44,99.77,85.40,352.94,352.94,137.25,135.42,0.00,0.00,0.00,0.00,8.93,8.18,1.55,2.26,6.02,6.68,0.00,0.00,0.00,0.00,0.00,0.00,0.00,0.00,1.15,1.70,0.00,0.00,0.00,0.16,0.00,1.75,0.64,0.00,0.00,0.00,0.00,7.30,10.86,0.00,0.00,0.00,0.00,0.00,0.00,0.00,0.00,0.59,0.41,5.28,6.09,0.00,0.00,0.00,0.00,22.65,29.76,1.93,2.11,0.27,0.22,0.00,0.00,0.00,5.62,6.55,3.02,3.66,0.00,0.39,0.00,0.00,0.00,17.65,3.27,29.41,0.00,0.00,77.68,82.35,2.14,1.46,14.96,15.16,0.00,0.00,88.24,93.75,0.00,0.00,0.00,0.00,0.00,0.00,0.00,0.00,0.00,0.00,352.94,323.53,0.00,0.00,29.41,0.00,0.00,0.00,29.41,58.82,0.00,0.00,0.00,0.00,0.00,0.00,0.00,0.00,0.00,0.00,0.67,0.20,0.27,0.00,1.56,1.99,9.80,6.47,0.00,0.00,0.00,0.00,0.00,0.00,0.00,0.00,7.84,11.42,18.55,30.64,29.81,35.31,28.79,35.05,2.23,1.00,1.84,0.55,1.63,0.49,0.44,0.08,1.39,0.87,0.43,0.12,0.95,1.23,0.95,0.61,0.00,0.00,0.15,0.00,10.13,12.19,0.27,0.04,0.00,0.00,5.70,6.22,0.00,0.00,0.00,0.00,0.71,0.53
11236.5,-2.000,7.000,0.000,0.000,0.000,0,0,0.800,0,0.00,0.11,0.20,80.88,51.47,168.71,165.15,121.85,84.03,118.42,107.30,1.00,1.52,58.11,54.90,67.24,53.80,99.44,92.44,99.08,88.46,352.94,352.94,140.32,135.42,0.00,0.00,0.00,0.00,8.88,8.15,0.77,1.51,6.16,6.87,0.00,0.00,0.00,0.00,0.00,0.00,0.00,0.00,1.73,1.13,0.00,0.00,0.00,0.33,0.00,4.55,2.83,0.00,0.00,0.00,0.00,8.69,11.65,0.00,0.00,0.00,0.00,0.00,0.00,0.00,0.00,0.59,0.41,5.00,5.94,0.00,2.10,0.00,0.00,21.64,30.10,1.74,2.13,0.26,0.26,0.00,0.00,0.00,5.85,6.67,3.05,3.77,0.77,0.00,0.00,0.00,0.00,23.53,2.18,9.80,0.00,0.00,79.19,85.71,1.77,1.84,14.96,16.38,0.00,0.00,92.76,91.91,0.00,0.00,0.00,0.00,0.00,0.00,0.00,0.00,0.00,0.00,352.94,323.53,0.00,0.00,29.41,0.00,0.00,0.00,29.41,29.41,0.00,0.00,0.00,0.00,0.00,0.00,0.00,0.00,0.00,0.00,0.42,0.28,0.23,0.00,2.01,2.17,9.26,8.82,0.00,0.00,0.00,0.00,0.00,0.00,0.00,0.00,8.44,10.16,19.48,31.22,28.36,33.55,30.70,37.31,1.91,1.12,2.39,0.83,0.78,0.52,0.33,0.08,1.94,0.67,0.39,0.08,1.25,1.61,0.68,0.77,0.11,0.00,0.15,0.00,9.67,12.05,0.35,0.00,0.00,0.00,5.58,6.22,0.00,0.00,0.00,0.00,0.73,0.55
11338.5,-2.000,7.000,0.000,0.000,0.000,0,0,0.800,0,0.00,0.14,0.26,78.43,49.02,166.80,165.56,126.05,79.83,117.56,106.70,0.64,1.16,55.46,53.48,67.32,53.74,102.24,92.44,100.12,86.87,352.94,352.94,135.42,137.25,0.00,0.00,0.00,0.00,8.82,8.15,0.77,2.26,5.88,5.76,0.00,0.00,0.00,0.00,0.00,0.00,0.00,0.00,1.15,2.26,0.00,0.00,0.00,0.08,0.00,4.20,0.77,0.00,0.00,0.00,0.00,9.67,8.49,0.00,0.00,0.00,0.00,0.00,0.00,0.00,0.00,0.67,0.58,4.96,6.47,0.00,0.00,0.00,0.00,21.64,29.41,2.03,2.30,0.28,0.20,0.00,0.00,0.00,5.71,6.57,3.00,3.83,0.00,0.00,0.00,0.00,0.00,17.65,0.00,9.80,0.00,0.00,82.20,89.08,1.66,1.78,15.50,15.32,0.00,0.00,95.02,86.40,0.00,0.00,0.00,0.00,0.00,0.00,0.00,0.00,0.00,0.00,352.94,323.53,0.00,0.00,29.41,0.00,0.00,0.00,29.41,58.82,0.00,0.00,0.00,0.00,0.00,0.00,0.00,0.00,0.00,0.00,0.50,0.36,0.18,0.00,1.52,1.91,11.98,5.88,0.00,0.00,0.00,0.00,0.00,0.00,0.00,0.00,8.77,10.49,19.26,31.55,28.62,34.21,30.34,31.85,1.95,1.36,2.19,0.31,0.95,0.77,0.37,0.15,1.63,1.31,0.66,0.12,1.33,1.31,1.15,0.73,0.08,0.00,0.08,0.00,10.26,11.71,0.35,0.12,0.00,0.00,5.81,6.22,0.00,0.00,0.00,0.00,0.68,0.57
11440.5,-2.000,7.000,0.000,0.000,0.000,0,0,0.800,0,0.00,0.11,0.20,83.33,53.92,167.62,164.46,113.45,88.24,118.25,107.56,0.71,0.98,56.70,53.48,67.65,54.18,98.04,91.04,99.77,88.92,352.94,352.94,137.25,133.58,0.00,0.00,0.00,0.00,8.65,8.08,0.77,2.26,5.29,6.32,0.00,0.00,0.00,0.00,0.00,0.00,0.00,0.00,0.58,1.70,0.00,0.00,0.00,0.16,0.00,5.25,2.31,0.00,0.00,0.00,0.00,6.71,9.87,0.00,0.00,0.00,0.00,0.00,0.00,0.00,0.00,0.59,0.58,5.28,5.71,0.00,2.10,0.00,0.00,20.62,30.45,1.63,2.27,0.26,0.24,0.00,0.00,0.00,5.68,6.50,3.07,3.73,0.00,0.00,0.00,0.00,0.00,17.65,2.18,19.61,0.00,0.00,82.96,86.55,1.94,1.71,15.73,15.76,0.00,0.00,97.29,88.24,0.00,0.00,0.00,0.00,0.00,0.00,0.00,0.00,0.00,0.00,352.94,323.53,0.00,0.00,29.41,0.00,0.00,0.00,29.41,58.82,0.00,0.00,0.00,0.00,0.00,0.00,0.00,0.00,0.03,0.00,0.59,0.40,0.18,0.00,2.01,1.91,6.54,7.65,0.00,0.00,0.00,0.00,0.00,0.00,0.00,0.00,8.21,10.79,19.00,31.93,29.85,36.72,30.52,34.37,2.11,1.44,1.76,0.63,0.99,0.49,0.37,0.26,1.63,0.71,0.55,0.12,1.10,0.81,1.07,0.57,0.08,0.00,0.19,0.00,9.80,10.75,0.46,0.12,0.00,0.00,4.88,5.86,0.00,0.00,0.00,0.00,0.67,0.61
11542.5,-2.000,7.000,0.000,0.000,0.000,0,0,0.800,0,2.10,0.11,0.23,80.88,51.47,166.94,165.15,121.85,75.63,116.09,107.30,1.02,1.37,56.34,52.94,67.24,54.29,105.04,93.84,100.12,88.69,352.94,352.94,137.87,134.80,0.00,0.00,0.00,0.00,8.94,8.11,0.77,2.26,6.66,6.91,0.00,0.00,0.00,0.00,0.00,0.00,0.00,0.00,1.73,1.13,0.00,0.00,0.00,0.08,0.00,2.45,1.67,0.00,0.00,0.00,0.00,8.09,11.25,0.00,0.00,0.00,0.00,0.00,0.00,0.00,0.00,0.59,0.49,4.65,5.75,0.00,2.10,0.00,0.00,19.95,29.41,1.31,1.53,0.19,0.20,0.00,0.00,0.00,5.42,6.54,2.98,3.71,0.00,0.00,0.00,0.00,0.00,11.76,1.09,9.80,0.00,0.00,79.19,85.71,1.62,1.89,15.76,15.94,0.00,0.00,92.76,97.43,0.00,0.00,0.00,0.00,0.00,0.00,0.00,0.00,0.00,0.00,352.94,323.53,0.00,0.00,29.41,0.00,0.00,0.00,29.41,58.82,0.00,0.00,0.00,0.00,0.00,0.00,0.00,0.00,0.00,0.00,0.50,0.28,0.36,0.00,1.75,1.80,9.80,7.65,0.00,0.00,0.00,0.00,0.00,0.00,0.00,0.00,9.07,10.60,18.73,30.30,28.36,34.43,30.21,35.68,1.46,0.88,2.03,0.90,1.33,0.59,0.48,0.26,1.75,1.03,0.27,0.12,1.59,1.23,0.76,0.61,0.08,0.00,0.19,0.00,9.02,11.98,0.42,0.04,0.00,0.00,5.58,5.62,0.00,0.00,0.00,0.00,0.68,0.60
11644.5,-2.000,7.000,0.000,0.000,0.000,0,0,0.800,0,0.00,0.04,0.20,78.43,53.92,165.44,164.46,130.25,84.03,117.47,108.41,0.79,1.06,57.94,53.12,67.04,53.74,98.04,92.44,99.54,87.89,352.94,352.94,134.80,134.19,0.00,0.00,0.00,0.00,8.57,8.00,0.77,0.75,5.84,6.04,0.00,0.00,0.00,0.00,0.00,0.00,0.00,0.00,0.58,0.57,0.00,0.00,0.00,0.08,0.00,6.30,2.05,0.00,0.00,0.00,0.00,7.90,9.67,0.00,0.00,0.00,0.00,0.00,0.00,0.00,0.00,0.59,0.49,5.35,6.09,0.00,0.00,0.00,0.00,21.97,32.18,2.18,2.66,0.25,0.19,0.00,0.00,0.00,5.57,6.42,2.99,3.68,0.00,0.00,0.00,0.00,0.00,17.65,2.18,0.00,0.00,0.00,79.19,85.71,1.38,1.89,15.24,15.45,0.00,0.00,95.02,90.07,0.00,0.00,0.00,0.00,0.00,0.00,0.00,0.00,0.00,0.00,352.94,323.53,0.00,0.00,29.41,0.00,0.00,0.00,29.41,58.82,0.00,0.00,0.00,0.00,0.00,0.00,0.00,0.00,0.00,0.00,0.63,0.44,0.18,0.00,2.12,1.84,9.80,5.88,0.00,0.00,0.00,0.00,0.00,0.00,0.00,0.00,7.91,9.42,19.31,30.89,30.47,32.80,30.30,36.22,1.70,1.20,1.92,0.75,1.12,0.59,0.52,0.23,1.67,1.39,0.55,0.23,1.14,1.27,0.91,0.81,0.04,0.00,0.23,0.00,10.69,12.81,0.38,0.00,0.00,0.00,5.93,6.58,0.00,0.00,0.00,0.00,0.67,0.62
11746.5,-2.000,7.000,0.000,0.000,0.000,0,0,0.800,0,0.00,0.14,0.16,78.43,51.47,168.03,163.35,117.65,79.83,116.09,105.93,0.75,1.10,56.70,53.65,67.11,53.56,100.84,95.24,99.42,88.69,352.94,352.94,132.97,137.25,0.00,0.00,0.00,0.00,8.83,8.13,0.77,0.75,6.02,6.32,0.00,0.00,0.00,0.00,0.00,0.00,0.00,0.00,1.15,0.57,0.00,0.00,0.00,0.08,0.00,3.15,3.08,0.00,0.00,0.00,0.00,8.29,10.07,0.00,0.00,0.00,0.00,0.06,0.00,0.00,0.00,0.76,0.41,4.53,5.97,0.00,0.00,0.00,0.00,20.28,30.10,1.99,2.36,0.26,0.20,0.00,0.00,0.00,5.54,6.57,2.96,3.61,0.00,0.00,0.00,0.00,0.00,17.65,0.00,19.61,0.00,0.00,82.20,86.55,2.09,1.57,15.63,15.73,0.00,0.00,90.50,91.91,0.00,0.00,0.00,0.00,0.00,0.00,0.00,0.00,0.00,0.00,352.94,323.53,0.00,0.00,29.41,0.00,0.00,0.00,29.41,58.82,0.00,0.00,0.00,0.00,0.00,0.00,0.00,0.00,0.00,0.00,0.33,0.48,0.32,0.00,1.90,1.72,11.44,7.65,0.00,0.00,0.00,0.00,0.00,0.00,0.00,0.00,7.50,9.83,19.16,31.41,30.34,33.15,30.03,37.44,2.11,1.12,1.96,0.79,1.06,0.56,0.41,0.15,1.79,0.99,0.39,0.15,0.99,1.08,0.79,0.40,0.04,0.00,0.19,0.00,10.03,12.12,0.35,0.04,0.00,0.00,5.81,6.22,0.00,0.00,0.00,0.00,0.68,0.54
11848.5,-2.000,7.000,0.000,0.000,0.000,0,0,0.800,0,0.00,0.07,0.16,78.43,51.47,167.62,164.04,130.25,75.63,117.39,107.81,0.69,0.96,58.11,54.19,67.75,53.35,99.44,86.83,101.50,88.24,352.94,352.94,137.25,136.64,0.00,0.00,0.00,0.00,8.79,8.18,0.77,0.75,5.61,5.95,0.00,0.00,0.00,0.00,0.00,0.00,0.00,0.00,1.73,1.70,0.00,0.00,0.00,0.08,0.00,3.50,0.64,0.00,0.00,0.00,0.00,8.88,11.25,0.00,0.00,0.00,0.00,0.00,0.00,0.00,0.00,0.67,0.49,4.96,5.71,0.00,2.10,0.00,0.00,20.28,28.03,1.77,2.00,0.24,0.17,0.00,0.00,0.00,5.60,6.63,3.18,3.80,0.77,0.78,0.00,0.00,0.00,17.65,3.27,0.00,0.00,0.00,81.45,84.87,1.92,1.68,15.78,15.47,0.00,0.00,92.76,93.75,0.00,0.00,0.00,0.00,0.00,0.00,0.00,0.00,0.00,0.00,352.94,323.53,0.00,0.00,88.24,0.00,0.00,0.00,29.41,58.82,0.00,0.00,0.00,0.00,0.00,0.00,0.00,0.00,0.00,0.00,0.46,0.40,0.18,0.00,1.45,1.87,10.35,12.94,0.00,0.00,0.00,0.00,0.00,0.00,0.00,0.00,8.92,10.23,18.47,31.79,29.41,33.59,30.88,35.91,2.43,1.24,1.92,0.90,0.89,0.52,0.44,0.11,1.75,0.79,0.39,0.12,1.06,1.46,1.19,0.69,0.00,0.00,0.15,0.00,9.41,11.95,0.19,0.12,0.00,0.00,5.58,5.62,0.79,0.92,0.00,0.00,0.65,0.48
11950.5,-2.000,7.000,0.000,0.000,0.000,0,0,0.800,0,0.00,0.11,0.23,78.43,51.47,166.26,164.73,126.05,92.44,117.56,106.79,0.69,0.92,56.34,53.12,67.56,54.17,99.44,95.24,100.12,89.14,352.94,352.94,137.87,137.25,0.00,0.00,0.00,0.00,8.85,8.15,0.77,0.75,5.84,5.72,0.00,0.00,0.00,0.00,0.00,0.00,0.00,0.00,1.73,0.57,0.00,0.00,0.00,0.00,0.00,5.60,2.31,0.00,0.00,0.00,0.00,10.07,10.46,0.00,0.00,0.00,0.00,0.00,0.00,0.00,0.00,0.76,0.49,5.16,5.97,0.00,0.00,0.00,0.00,21.97,30.10,2.20,2.78,0.26,0.18,0.00,0.00,0.00,5.78,6.51,3.16,3.71,1.16,0.00,0.00,0.00,0.00,23.53,3.27,0.00,0.00,0.00,81.45,84.87,2.03,1.46,15.27,15.08,0.00,0.00,95.02,95.59,0.00,0.00,0.00,0.00,0.00,0.00,0.00,0.00,0.00,0.00,352.94,323.53,0.00,0.00,88.24,0.00,0.00,0.00,29.41,29.41,0.00,0.00,0.00,0.00,0.00,0.00,0.00,0.00,0.03,0.00,0.71,0.36,0.23,0.00,1.67,1.80,8.17,7.65,0.00,0.00,0.00,0.00,0.00,0.00,0.00,0.00,8.66,10.20,19.40,31.29,29.41,36.15,30.66,37.67,2.27,1.36,1.84,0.63,1.12,0.35,0.33,0.08,1.59,0.95,0.31,0.15,1.25,1.19,0.79,0.81,0.04,0.04,0.23,0.00,10.79,12.46,0.50,0.00,0.00,0.00,5.81,6.58,0.00,0.00,0.00,0.00,0.71,0.57
12052.5,-2.000,7.000,0.000,0.000,0.000,0,0,0.800,0,0.00,0.11,0.13,73.53,49.02,166.67,163.77,117.65,88.24,116.53,106.70,0.89,1.19,56.70,53.48,67.27,53.81,99.44,91.04,98.96,86.65,352.94,352.94,136.03,137.25,0.00,0.00,0.00,0.00,8.78,7.99,0.77,1.51,5.61,5.39,0.00,0.00,0.00,0.00,0.00,0.00,0.00,0.00,0.58,1.13,0.00,0.00,0.00,0.25,0.00,2.10,1.80,0.00,0.00,0.00,0.00,8.29,10.66,0.00,0.00,0.00,0.00,0.00,0.00,0.00,0.00,0.67,0.49,4.84,5.75,0.00,0.00,0.00,0.00,22.99,31.49,1.70,2.30,0.27,0.21,0.00,0.00,0.00,5.61,6.54,3.09,3.64,0.00,0.00,0.00,0.00,0.00,17.65,2.18,0.00,0.00,0.00,73.91,85.71,1.73,1.27,15.27,15.89,0.00,0.00,85.97,88.24,0.00,0.00,0.00,0.00,0.00,0.00,0.00,0.00,0.00,0.00,352.94,323.53,0.00,0.00,58.82,0.00,0.00,0.00,29.41,58.82,0.00,0.00,0.00,0.00,0.00,0.00,0.00,0.00,0.00,0.00,0.59,0.24,0.23,0.00,1.82,2.17,11.44,2.35,0.00,0.00,0.00,0.00,0.00,0.00,0.00,0.00,8.51,9.64,19.32,31.11,30.12,33.07,31.32,36.72,2.15,1.48,1.72,0.83,0.75,0.84,0.33,0.30,1.94,0.79,0.66,0.23,0.80,1.19,1.03,0.97,0.08,0.04,0.23,0.00,9.64,12.46,0.27,0.04,0.00,0.00,5.46,5.98,0.00,0.00,0.00,0.00,0.65,0.57
12154.5,-2.000,7.000,0.000,0.000,0.000,0,0,0.800,0,0.00,0.11,0.20,73.53,53.92,166.94,164.46,117.65,79.83,117.39,107.30,1.06,1.44,57.58,54.01,67.90,53.68,103.64,93.84,101.27,87.55,352.94,352.94,137.87,140.32,0.00,0.00,0.00,0.00,8.87,8.15,0.77,1.51,6.25,6.22,0.00,0.00,0.00,0.00,0.00,0.00,0.00,0.00,1.73,0.57,0.00,0.00,0.00,0.25,0.00,3.15,1.54,0.00,0.00,0.00,0.00,9.08,10.46,0.00,0.00,0.00,0.00,0.00,0.00,0.00,0.00,0.76,0.41,4.88,5.59,0.00,0.00,0.00,0.00,22.31,29.41,1.85,1.89,0.24,0.20,0.00,0.00,0.00,5.84,6.46,2.99,3.54,0.00,0.00,0.00,0.00,0.00,17.65,2.18,0.00,0.00,0.00,79.19,86.55,1.55,1.80,15.17,16.56,0.00,0.00,90.50,88.24,0.00,0.00,0.00,0.00,0.00,0.00,0.00,0.00,0.00,0.00,352.94,323.53,0.00,0.00,88.24,0.00,0.00,0.00,29.41,58.82,0.00,0.00,0.00,0.00,0.00,0.00,0.00,0.00,0.00,0.00,0.71,0.44,0.05,0.00,1.75,1.65,10.89,10.59,0.00,0.00,0.00,0.00,0.00,0.00,0.00,0.00,9.22,10.20,18.79,30.74,29.06,35.62,30.97,37.67,1.83,1.20,1.56,0.67,0.99,0.49,0.44,0.08,2.22,0.67,0.43,0.08,0.87,0.81,0.87,0.93,0.04,0.00,0.23,0.00,10.53,12.19,0.38,0.04,0.00,0.00,5.58,6.10,0.00,0.00,0.00,0.00,0.78,0.61
12256.5,-2.000,7.000,0.000,0.000,0.000,0,0,0.800,0,0.00,0.11,0.16,75.98,51.47,167.48,164.87,126.05,79.83,117.56,106.62,0.83,1.10,55.99,52.76,66.91,53.55,99.44,89.64,98.04,87.67,352.94,352.94,136.03,134.19,0.00,0.00,0.00,0.00,8.77,8.17,0.77,2.26,6.02,6.18,0.00,0.00,0.00,0.00,0.00,0.00,0.00,0.00,0.58,0.00,0.00,0.00,0.00,0.16,0.00,3.50,1.67,0.00,0.00,0.00,0.00,9.28,11.25,0.00,0.00,0.00,0.00,0.00,0.00,0.00,0.00,0.59,0.41,5.16,5.90,1.34,0.00,0.00,0.00,20.62,30.80,1.73,2.12,0.24,0.20,0.00,0.00,0.00,5.56,6.53,3.03,3.66,0.77,0.78,0.00,0.00,0.00,23.53,1.09,0.00,0.00,0.00,79.19,83.19,1.53,1.73,15.84,15.78,0.00,0.00,88.24,88.24,0.00,0.00,0.00,0.00,0.00,0.00,0.00,0.00,0.00,0.00,352.94,323.53,0.00,0.00,58.82,0.00,0.00,0.00,29.41,58.82,0.00,0.00,0.00,0.00,0.00,0.00,0.00,0.00,0.03,0.00,0.63,0.40,0.41,0.00,1.86,1.80,9.26,8.24,0.00,0.00,0.00,0.00,0.00,0.00,0.00,0.00,8.55,9.98,19.75,31.60,29.54,33.64,27.55,33.61,1.95,1.24,2.03,0.79,0.95,0.45,0.44,0.26,1.39,0.79,0.51,0.39,1.29,1.31,1.07,1.21,0.00,0.00,0.15,0.00,10.20,12.43,0.31,0.08,0.00,0.00,5.46,6.34,0.00,0.92,0.00,0.00,0.59,0.53
12358.5,-2.000,7.000,0.000,0.000,0.000,0,0,0.800,0,0.00,0.07,0.16,78.43,53.92,168.16,164.18,117.65,84.03,116.70,107.47,0.81,1.12,56.87,51.69,67.45,53.63,102.24,93.84,99.65,87.55,352.94,352.94,135.42,135.42,0.00,0.00,0.00,0.00,8.79,7.96,1.55,1.51,5.75,5.67,0.00,0.00,0.00,0.00,0.00,0.00,0.00,0.00,1.15,1.70,0.00,0.00,0.00,0.25,0.00,3.50,2.83,0.00,0.00,0.00,0.00,9.08,10.86,0.00,0.00,0.00,0.00,0.00,0.00,0.00,0.00,0.67,0.41,4.84,5.90,0.00,2.10,0.00,0.00,19.27,32.18,1.82,2.36,0.25,0.24,0.00,0.00,0.00,5.68,6.81,2.93,3.64,0.00,0.00,0.00,0.00,0.00,17.65,2.18,9.80,0.00,0.00,82.20,84.03,1.94,1.21,15.35,16.07,0.00,0.00,90.50,88.24,0.00,0.00,0.00,0.00,0.00,0.00,0.00,0.00,0.00,0.00,352.94,323.53,0.00,0.00,29.41,0.00,0.00,0.00,29.41,29.41,0.00,0.00,0.00,0.00,0.00,0.00,0.00,0.00,0.00,0.00,0.29,0.64,0.14,0.00,2.12,2.32,11.98,4.12,0.00,0.00,0.00,0.00,0.00,0.00,0.00,0.00,9.41,9.83,19.42,30.52,30.03,34.92,31.19,35.95,1.87,1.60,1.88,0.71,0.95,0.70,0.52,0.08,1.83,1.03,0.66,0.15,0.95,0.88,0.83,0.57,0.04,0.00,0.00,0.00,10.00,11.54,0.23,0.00,0.00,0.00,5.70,6.34,0.00,0.00,0.00,0.00,0.71,0.57
12460.5,-2.000,7.000,0.000,0.000,0.000,0,0,0.800,0,0.00,0.11,0.23,78.43,49.02,166.80,164.32,117.65,79.83,116.70,106.70,0.67,0.96,55.28,52.58,67.08,53.72,100.84,93.84,100.46,88.24,352.94,352.94,133.58,134.19,0.00,0.00,0.00,0.00,8.79,8.04,0.77,1.51,6.16,6.04,0.00,0.00,0.00,0.00,0.00,0.00,0.00,0.00,1.73,0.57,0.00,0.00,0.00,0.08,0.00,4.90,1.28,0.00,0.00,0.00,0.00,8.09,10.66,0.00,0.00,0.00,0.00,0.00,0.00,0.00,0.00,0.67,0.41,4.76,5.36,0.00,2.10,0.00,0.00,21.30,28.37,1.88,2.04,0.23,0.21,0.00,0.00,0.00,5.65,6.39,3.07,3.75,0.39,0.00,0.00,0.00,0.00,17.65,1.09,9.80,0.00,0.00,81.45,87.39,1.90,1.71,15.01,15.65,0.00,0.00,88.24,95.59,0.00,0.00,0.00,0.00,0.00,0.00,0.00,0.00,0.00,0.00,352.94,323.53,0.00,0.00,29.41,0.00,0.00,0.00,29.41,58.82,0.00,0.00,0.00,0.00,0.00,0.00,0.00,0.00,0.00,0.00,0.50,0.52,0.36,0.00,1.71,1.95,10.35,8.24,0.00,0.00,0.00,0.00,0.00,0.00,0.00,0.00,8.21,9.83,19.54,30.89,29.59,33.90,30.66,35.86,2.31,1.00,2.35,0.55,0.95,0.56,0.55,0.23,1.63,0.99,0.59,0.19,1.06,1.23,0.87,0.77,0.08,0.00,0.08,0.00,10.00,11.88,0.38,0.00,0.00,0.00,4.88,6.34,0.00,0.00,0.00,0.00,0.67,0.52
12562.5,-2.000,7.000,0.000,0.000,0.000,0,0,0.800,0,0.00,0.04,0.16,78.43,49.02,167.48,163.35,126.05,84.03,117.39,107.05,1.25,1.60,56.70,53.48,67.32,53.57,100.84,95.24,99.31,89.71,352.94,352.94,138.48,136.64,0.00,0.00,0.00,0.00,8.84,8.35,0.77,1.51,6.02,6.22,0.00,0.00,0.00,0.00,0.00,0.00,0.00,0.00,0.58,1.13,0.00,0.00,0.00,0.00,0.00,2.45,1.67,0.00,0.00,0.00,0.00,8.69,12.24,0.00,0.00,0.00,0.00,0.00,0.00,0.00,0.00,0.76,0.49,5.55,5.56,0.00,0.00,0.00,0.00,21.64,31.49,2.19,2.63,0.26,0.19,0.00,0.00,0.00,5.76,6.76,3.13,3.74,0.77,0.00,0.00,0.00,0.00,17.65,4.36,19.61,0.00,0.00,79.19,84.87,1.73,1.37,15.01,15.29,0.00,0.00,92.76,84.56,0.00,0.00,0.00,0.00,0.00,0.00,0.00,0.00,0.00,0.00,352.94,323.53,0.00,0.00,88.24,0.00,0.00,0.00,29.41,58.82,0.00,0.00,0.00,0.00,0.00,0.00,0.00,0.00,0.00,0.00,0.50,0.56,0.27,0.00,1.93,2.02,11.44,10.59,0.00,0.00,0.00,0.00,0.00,0.00,0.00,0.00,8.40,10.35,18.95,30.95,30.42,34.70,30.26,35.82,1.66,1.24,2.07,0.71,1.09,0.56,0.67,0.11,1.71,1.03,0.35,0.12,1.21,1.54,1.35,0.77,0.04,0.00,0.08,0.00,10.82,12.53,0.27,0.04,0.00,0.00,5.58,6.58,0.79,0.00,0.00,0.00,0.71,0.62
12664.5,-2.000,7.000,0.000,0.000,0.000,0,0,0.800,0,0.00,0.11,0.23,78.43,56.37,167.48,164.60,130.25,75.63,117.22,106.36,0.81,1.02,56.70,54.90,67.34,53.95,105.04,92.44,99.77,89.48,352.94,352.94,137.87,136.03,0.00,0.00,0.00,0.00,8.92,8.10,0.77,2.26,6.29,5.99,0.00,0.00,0.00,0.00,0.00,0.00,0.00,0.00,0.58,0.57,0.00,0.00,0.00,0.08,0.00,1.40,1.80,0.00,0.00,0.00,0.00,9.87,12.24,0.00,0.00,0.00,0.00,0.00,0.00,0.00,0.00,0.59,0.33,4.76,5.40,0.00,0.00,0.00,0.00,21.30,31.49,1.53,1.80,0.23,0.20,0.00,0.00,0.00,5.83,6.56,3.15,3.59,0.00,1.18,0.00,0.00,0.00,17.65,2.18,0.00,0.00,0.00,78.43,83.19,1.70,1.75,15.48,15.63,0.00,0.00,85.97,91.91,0.00,0.00,0.00,0.00,0.00,0.00,0.00,0.00,0.00,0.00,352.94,323.53,0.00,0.00,29.41,0.00,0.00,0.00,29.41,58.82,0.00,0.00,0.00,0.00,0.00,0.00,0.00,0.00,0.07,0.00,0.50,0.28,0.23,0.00,1.56,1.42,12.53,9.41,0.00,0.00,0.00,0.00,0.00,0.00,0.00,0.00,8.85,9.27,19.32,30.86,31.39,35.66,31.46,34.33,2.47,0.88,1.60,0.87,0.85,0.38,0.44,0.15,1.35,0.95,0.82,0.08,1.44,1.04,0.83,0.65,0.00,0.00,0.08,0.00,9.97,12.22,0.31,0.04,0.00,0.00,5.81,5.62,0.00,0.92,0.00,0.00,0.72,0.64
12766.5,-2.000,7.000,0.000,0.000,0.000,0,0,0.800,0,0.00,0.11,0.16,75.98,51.47,166.39,165.15,126.05,79.83,116.78,106.62,0.85,1.21,56.34,52.41,67.21,53.24,99.44,96.64,100.46,89.14,352.94,352.94,137.87,137.87,0.00,0.00,0.00,0.00,8.74,7.95,0.77,1.51,5.97,5.39,0.00,0.00,0.00,0.00,0.00,0.00,0.00,0.00,1.15,0.57,0.00,0.00,0.00,0.08,0.00,5.95,2.31,0.00,0.00,0.00,0.00,9.08,11.05,0.00,0.00,0.00,0.00,0.00,0.00,0.00,0.00,0.67,0.49,4.92,5.48,0.00,2.10,0.00,0.00,20.28,31.14,2.08,2.26,0.24,0.22,0.00,0.00,0.00,5.58,6.48,3.17,3.71,0.39,0.00,0.00,0.00,0.00,17.65,4.36,0.00,0.00,0.00,76.92,86.55,1.88,1.73,14.83,15.55,0.00,0.00,97.29,90.07,0.00,0.00,0.00,0.00,0.00,0.00,0.00,0.00,0.00,0.00,352.94,323.53,0.00,0.00,58.82,0.00,0.00,0.00,29.41,58.82,0.00,0.00,0.00,0.00,0.00,0.00,0.00,0.00,0.07,0.00,0.50,0.56,0.23,0.00,1.49,2.17,11.44,6.47,0.00,0.00,0.00,0.00,0.00,0.00,0.00,0.00,8.06,9.20,19.23,31.45,28.84,35.09,29.41,35.59,2.03,1.16,2.27,0.83,0.82,0.52,0.67,0.19,1.94,0.91,0.51,0.19,1.02,1.50,1.23,0.89,0.08,0.00,0.04,0.00,9.90,11.50,0.35,0.04,0.00,0.00,5.12,5.98,0.00,0.00,0.00,0.00,0.65,0.53
12868.5,-2.000,7.000,0.000,0.000,0.000,0,0,0.800,0,0.00,0.04,0.20,78.43,51.47,166.12,166.25,117.65,88.24,118.34,107.64,0.87,1.19,56.70,52.94,66.97,53.64,105.04,95.24,97.92,87.33,352.94,352.94,135.42,132.97,0.00,0.00,0.00,0.00,8.73,8.15,0.77,2.26,6.02,6.09,0.00,0.00,0.00,0.00,0.00,0.00,0.00,0.00,1.15,1.70,0.00,0.00,0.00,0.08,0.00,1.40,0.39,0.00,0.00,0.00,0.00,7.90,11.84,0.00,0.00,0.00,0.00,0.00,0.00,0.00,0.00,0.67,0.58,4.61,5.63,0.00,0.00,0.00,0.00,21.97,30.10,1.57,2.01,0.28,0.22,0.00,0.00,0.00,5.58,6.77,2.86,3.82,0.77,0.39,0.00,0.00,0.00,23.53,3.27,19.61,0.00,0.00,81.45,88.24,1.75,1.66,15.07,15.58,0.00,0.00,95.02,90.07,0.00,0.00,0.00,0.00,0.00,0.00,0.00,0.00,0.00,0.00,352.94,323.53,0.00,0.00,58.82,0.00,0.00,0.00,29.41,58.82,0.00,0.00,0.00,0.00,0.00,0.00,0.00,0.00,0.00,0.00,0.59,0.40,0.23,0.00,1.93,1.61,12.53,11.18,0.00,0.00,0.00,0.00,0.00,0.00,0.00,0.00,8.36,11.20,19.33,31.20,29.28,35.80,30.57,34.82,1.58,1.40,1.84,0.47,0.95,0.59,0.44,0.19,1.87,0.75,0.82,0.12,1.18,1.15,1.19,0.69,0.08,0.00,0.15,0.00,9.74,12.53,0.35,0.04,0.00,0.00,5.00,6.70,0.00,0.00,0.00,0.00,0.70,0.66
12970.5,-2.000,7.000,0.000,0.000,0.000,0,0,0.800,0,2.10,0.14,0.23,78.43,49.02,168.30,165.29,126.05,84.03,116.27,107.47,1.04,1.23,55.81,52.76,67.43,54.33,100.84,89.64,100.92,88.24,352.94,352.94,136.03,134.80,0.00,0.00,0.00,0.00,8.74,8.07,0.77,1.51,5.61,6.09,0.00,0.00,0.00,0.00,0.00,0.00,0.00,0.00,1.15,1.70,0.00,0.00,0.00,0.16,0.00,3.50,3.21,0.00,0.00,0.00,0.00,7.70,9.67,0.00,0.00,0.00,0.00,0.00,0.00,0.00,0.00,0.67,0.41,4.61,5.86,0.00,0.00,0.00,0.00,20.28,31.49,1.93,2.49,0.28,0.24,0.00,0.00,0.00,5.49,6.52,3.00,3.74,0.00,0.00,0.00,0.00,0.00,23.53,2.18,19.61,0.00,0.00,79.19,86.55,1.68,1.71,15.35,15.45,0.00,0.00,92.76,90.07,0.00,0.00,0.00,0.00,0.00,0.00,0.00,0.00,0.00,0.00,352.94,323.53,0.00,0.00,58.82,0.00,0.00,0.00,0.00,29.41,0.00,0.00,0.00,0.00,0.00,0.00,0.00,0.00,0.03,0.00,0.63,0.32,0.09,0.00,1.67,1.91,10.89,5.29,0.00,0.00,0.00,0.00,0.00,0.00,0.00,0.00,7.65,10.23,19.16,31.84,30.07,35.84,30.21,34.33,1.99,1.00,1.96,0.39,1.09,0.35,0.41,0.19,2.42,0.87,0.43,0.19,0.95,1.11,0.68,0.53,0.11,0.00,0.26,0.00,9.51,12.94,0.31,0.16,0.00,0.00,6.39,6.81,1.59,0.00,0.00,0.00,0.70,0.59
13072.5,-2.000,7.000,0.000,0.000,0.000,0,0,0.800,0,0.00,0.11,0.20,73.53,49.02,165.85,163.49,126.05,79.83,117.13,107.73,0.73,1.10,54.93,54.19,66.87,53.18,100.84,91.04,98.62,87.10,352.94,352.94,135.42,137.25,0.00,0.00,0.00,0.00,8.84,8.02,0.77,2.26,6.38,6.27,0.00,0.00,0.00,0.00,0.00,0.00,0.00,0.00,1.73,1.70,0.00,0.00,0.00,0.08,0.00,4.20,2.44,0.00,0.00,0.00,0.00,9.47,11.65,0.00,0.00,0.00,0.00,0.00,0.00,0.00,0.00,0.67,0.41,4.92,5.75,0.00,0.00,0.00,0.00,23.33,29.76,2.04,2.30,0.27,0.19,0.00,0.00,0.00,5.91,6.51,2.81,3.78,0.00,0.00,0.00,0.00,0.00,17.65,2.18,9.80,0.00,0.00,79.19,80.67,1.81,1.84,14.91,15.08,0.00,0.00,88.24,88.24,0.00,0.00,0.00,0.00,0.00,0.00,0.00,0.00,0.00,0.00,352.94,323.53,0.00,0.00,58.82,0.00,0.00,0.00,29.41,29.41,0.00,0.00,0.00,0.00,0.00,0.00,0.00,0.00,0.03,0.00,0.63,0.64,0.18,0.00,1.97,2.51,10.35,7.06,0.00,0.00,0.00,0.00,0.00,0.00,0.00,0.00,8.29,9.64,19.34,30.94,28.88,34.52,30.39,35.46,1.87,0.92,1.84,0.67,0.78,0.24,0.41,0.08,1.47,0.79,0.66,0.12,1.37,1.15,0.91,1.09,0.04,0.00,0.00,0.00,9.77,12.74,0.42,0.00,0.00,0.00,5.35,6.34,0.00,0.00,0.00,0.00,0.72,0.56
13174.5,-2.000,7.000,0.000,0.000,0.000,0,0,0.800,0,0.00,0.11,0.20,83.33,51.47,165.99,163.49,117.65,84.03,117.73,107.13,0.94,1.08,56.70,54.19,67.05,53.90,103.64,93.84,100.23,87.21,352.94,352.94,136.03,134.80,0.00,0.00,0.00,0.00,8.91,8.15,0.77,2.26,5.38,7.15,0.00,0.00,0.00,0.00,0.00,0.00,0.00,0.00,1.73,1.13,0.00,0.00,0.00,0.16,0.00,5.95,3.60,0.00,0.00,0.00,0.00,9.47,10.86,0.00,0.00,0.00,0.00,0.00,0.00,0.00,0.00,0.84,0.41,4.92,6.13,0.00,2.10,0.00,0.00,21.64,31.83,2.14,2.32,0.25,0.21,0.00,0.00,0.00,5.52,6.65,3.10,3.61,0.39,1.18,0.00,0.00,0.00,17.65,3.27,0.00,0.00,0.00,82.96,87.39,1.83,1.84,15.42,15.26,0.00,0.00,90.50,86.40,0.00,0.00,0.00,0.00,0.00,0.00,0.00,0.00,0.00,0.00,352.94,323.53,0.00,0.00,88.24,0.00,0.00,0.00,29.41,29.41,0.00,0.00,0.00,0.00,0.00,0.00,0.00,0.00,0.03,0.00,0.50,0.44,0.23,0.00,1.75,1.76,9.80,5.29,0.00,0.00,0.00,0.00,0.00,0.00,0.00,0.00,8.51,9.72,19.39,30.30,28.93,34.78,31.41,35.82,2.60,0.88,2.19,0.75,0.95,0.35,0.63,0.26,1.75,0.59,0.74,0.19,1.02,1.19,0.99,0.61,0.00,0.00,0.11,0.00,9.80,11.85,0.35,0.08,0.00,0.00,6.39,6.34,0.00,0.00,0.00,0.00,0.70,0.56
13276.5,-2.000,7.000,0.000,0.000,0.000,0,0,0.800,0,0.00,0.14,0.20,73.53,53.92,167.48,164.04,130.25,88.24,116.78,107.90,0.83,1.04,57.05,52.23,67.01,53.87,102.24,95.24,98.39,87.44,352.94,352.94,136.64,136.64,0.00,0.00,0.00,0.00,8.80,8.00,0.77,1.51,6.25,6.73,0.00,0.00,0.00,0.00,0.00,0.00,0.00,0.00,1.15,1.13,0.00,0.00,0.00,0.16,0.00,2.45,1.16,0.00,0.00,0.00,0.00,7.11,11.65,0.00,0.00,0.00,0.00,0.00,0.00,0.00,0.00,0.67,0.49,5.83,5.21,0.00,2.10,0.00,0.00,21.64,29.41,1.66,1.78,0.28,0.20,0.00,0.00,0.00,5.85,6.42,2.98,3.66,0.39,0.00,0.00,0.00,0.00,17.65,1.09,19.61,0.00,0.00,77.68,87.39,1.81,1.66,15.50,15.21,0.00,0.00,90.50,86.40,0.00,0.00,0.00,0.00,0.00,0.00,0.00,0.00,0.00,0.00,352.94,323.53,0.00,0.00,58.82,0.00,0.00,0.00,29.41,58.82,0.00,0.00,0.00,0.00,0.00,0.00,0.00,0.04,0.00,0.00,0.59,0.32,0.09,0.00,1.82,1.65,8.71,7.06,0.00,0.00,0.00,0.00,0.00,0.00,0.00,0.00,8.21,9.83,19.99,30.92,29.81,35.22,30.39,33.97,1.91,1.48,2.11,0.83,0.92,0.56,0.74,0.08,1.87,0.79,0.59,0.12,0.72,1.34,0.91,0.65,0.19,0.00,0.30,0.00,8.89,11.47,0.19,0.08,0.00,0.00,5.81,6.10,0.00,0.00,0.00,0.00,0.70,0.55
13378.5,-2.000,7.000,0.000,0.000,0.000,0,0,0.800,0,0.00,0.07,0.16,78.43,53.92,166.67,164.60,126.05,79.83,118.25,106.28,0.75,1.10,56.34,52.58,67.08,53.69,103.64,93.84,100.35,89.71,352.94,352.94,135.42,133.58,0.00,0.00,0.00,0.00,8.84,8.13,0.77,2.26,6.02,7.05,0.00,0.00,0.00,0.00,0.00,0.00,0.00,0.00,1.15,1.70,0.00,0.00,0.00,0.16,0.00,3.50,0.51,0.00,0.00,0.00,0.00,9.08,10.26,0.00,0.00,0.00,0.00,0.00,0.00,0.00,0.00,0.67,0.41,4.61,6.20,0.00,0.00,0.00,0.00,21.97,29.07,1.52,1.77,0.27,0.19,0.00,0.00,0.00,5.78,6.60,2.87,3.88,0.00,0.00,0.00,0.00,0.00,17.65,3.27,9.80,0.00,0.00,79.94,87.39,1.62,1.75,15.48,15.45,0.00,0.00,90.50,90.07,0.00,0.00,0.00,0.00,0.00,0.00,0.00,0.00,0.00,0.00,352.94,323.53,0.00,0.00,58.82,0.00,0.00,0.00,0.00,29.41,0.00,0.00,0.00,0.00,0.00,0.00,0.00,0.00,0.00,0.00,0.71,0.36,0.27,0.00,2.27,2.10,11.44,4.12,0.00,0.00,0.00,0.00,0.00,0.00,0.00,0.00,8.14,10.79,18.71,31.14,29.54,36.06,29.19,35.32,1.78,0.84,1.80,0.87,0.85,0.63,0.48,0.04,1.43,0.91,0.43,0.08,1.10,1.04,0.83,0.73,0.00,0.00,0.00,0.00,9.74,13.76,0.46,0.00,0.00,0.00,5.58,5.86,0.00,0.00,0.00,0.00,0.67,0.52
13480.5,-2.000,7.000,0.000,0.000,0.000,0,0,0.800,0,0.00,0.11,0.16,75.98,49.02,166.94,163.63,121.85,75.63,117.47,107.05,0.69,0.94,56.52,52.76,67.10,53.77,100.84,95.24,101.15,87.44,352.94,352.94,136.64,135.42,0.00,0.00,0.00,0.00,8.78,8.02,0.77,1.51,5.88,6.22,0.00,0.00,0.00,0.00,0.00,0.00,0.00,0.00,0.58,1.70,0.00,0.00,0.00,0.00,0.00,5.95,2.95,0.00,0.00,0.00,0.00,8.69,10.46,0.00,0.00,0.00,0.00,0.00,0.00,0.00,0.00,0.76,0.41,5.24,5.94,0.00,0.00,0.00,0.00,22.99,28.37,2.25,2.66,0.26,0.17,0.00,0.00,0.00,5.73,6.47,3.04,3.92,0.39,0.39,0.00,0.00,0.00,17.65,3.27,19.61,0.00,0.00,80.69,85.71,1.68,1.55,15.48,15.45,0.00,0.00,95.02,90.07,0.00,0.00,0.00,0.00,0.00,0.00,0.00,0.00,0.00,0.00,352.94,323.53,0.00,0.00,58.82,0.00,0.00,0.00,29.41,29.41,0.00,0.00,0.00,0.00,0.00,0.00,0.00,0.04,0.03,0.00,0.67,0.32,0.36,0.00,1.90,2.14,8.71,8.24,0.00,0.00,0.00,0.00,0.00,0.00,0.00,0.00,8.10,10.49,18.76,30.64,30.12,34.12,31.68,37.58,2.47,1.08,1.64,0.67,0.99,0.49,0.44,0.04,1.63,1.23,0.51,0.27,1.14,1.04,0.91,0.77,0.00,0.00,0.00,0.00,10.13,11.16,0.35,0.04,0.00,0.00,6.16,6.46,0.00,0.92,0.00,0.00,0.71,0.65
13582.5,-2.000,7.000,0.000,0.000,0.000,0,0,0.800,0,0.00,0.11,0.20,80.88,49.02,166.39,164.60,130.25,88.24,118.25,107.30,1.06,1.29,57.41,52.58,67.75,53.92,103.64,93.84,98.96,89.48,352.94,352.94,135.42,135.42,0.00,0.00,0.00,0.00,8.71,8.38,0.77,2.26,6.61,6.68,0.00,0.00,0.00,0.00,0.00,0.00,0.00,0.00,1.73,1.70,0.00,0.00,0.00,0.08,0.00,5.25,1.28,0.00,0.00,0.00,0.00,8.09,12.24,0.00,0.00,0.00,0.00,0.00,0.00,0.00,0.00,0.50,0.49,4.69,5.67,0.00,0.00,0.00,0.00,20.62,29.41,1.95,1.93,0.22,0.18,0.00,0.00,0.00,5.46,6.59,3.09,3.75,0.00,0.00,0.00,0.00,0.00,17.65,2.18,0.00,0.00,0.00,79.19,84.03,1.73,2.00,14.53,15.99,0.00,0.00,88.24,86.40,0.00,0.00,0.00,0.00,0.00,0.00,0.00,0.00,0.00,0.00,352.94,323.53,0.00,0.00,88.24,0.00,0.00,0.00,0.00,58.82,0.00,0.00,0.00,0.00,0.00,0.00,0.00,0.00,0.00,0.00,0.46,0.32,0.18,0.00,1.86,2.14,9.80,10.00,0.00,0.00,0.00,0.00,0.00,0.00,0.00,0.00,8.14,9.68,18.17,30.97,29.94,35.31,29.68,35.68,1.62,1.12,2.31,0.75,0.82,0.59,0.55,0.15,1.55,1.15,0.43,0.08,1.18,1.11,1.03,0.65,0.08,0.00,0.15,0.00,10.49,12.29,0.27,0.04,0.00,0.00,5.81,5.86,0.00,0.00,0.00,0.00,0.63,0.56
13684.5,-2.000,7.000,0.000,0.000,0.000,0,0,0.800,0,0.00,0.04,0.23,75.98,46.57,167.08,164.87,121.85,79.83,116.96,107.47,0.62,1.00,57.23,55.44,67.34,53.34,96.64,92.44,98.15,87.78,352.94,352.94,136.03,137.87,0.00,0.00,0.00,0.00,8.78,8.04,1.55,1.51,6.34,6.68,0.00,0.00,0.00,0.00,0.00,0.00,0.00,0.00,1.15,1.13,0.00,0.00,0.00,0.08,0.00,5.25,1.16,0.00,0.00,0.00,0.00,9.08,10.86,0.00,0.00,0.00,0.00,0.06,0.00,0.00,0.00,0.67,0.41,4.76,5.97,0.00,0.00,0.00,0.00,21.64,29.41,2.10,1.96,0.28,0.20,0.00,0.00,0.00,5.62,6.53,3.02,3.69,0.00,0.00,0.00,0.00,0.00,23.53,1.09,9.80,0.00,0.00,78.43,86.55,1.36,1.57,15.58,15.99,0.00,0.00,92.76,95.59,0.00,0.00,0.00,0.00,0.00,0.00,0.00,0.00,0.00,0.00,352.94,323.53,0.00,0.00,58.82,0.00,0.00,0.00,29.41,29.41,0.00,0.00,0.00,0.00,0.00,0.00,0.00,0.00,0.00,0.00,0.63,0.44,0.14,0.00,1.67,1.99,10.35,4.12,0.00,0.00,0.00,0.00,0.00,0.00,0.00,0.00,8.81,9.94,19.63,31.07,30.47,32.76,31.19,33.92,2.03,0.88,1.76,0.39,1.26,0.66,0.33,0.19,1.98,1.03,0.55,0.08,1.14,1.57,0.76,0.89,0.08,0.00,0.11,0.00,10.16,11.98,0.38,0.08,0.00,0.00,5.35,6.10,0.00,0.00,0.00,0.00,0.66,0.64
13786.5,-2.000,7.000,0.000,0.000,0.000,0,0,0.800,0,0.00,0.11,0.20,78.43,49.02,165.99,165.56,130.25,79.83,117.99,107.13,0.87,1.10,55.99,52.58,67.21,53.58,103.64,92.44,99.54,88.35,352.94,352.94,134.80,136.03,0.00,0.00,0.00,0.00,8.75,7.93,0.77,0.75,6.11,6.32,0.00,0.00,0.00,0.00,0.00,0.00,0.00,0.00,1.73,2.26,0.00,0.00,0.00,0.16,0.00,4.90,1.16,0.00,0.00,0.00,0.00,7.30,10.46,0.00,0.00,0.00,0.00,0.00,0.00,0.00,0.00,0.59,0.41,5.04,6.09,0.00,0.00,0.00,0.00,20.62,29.76,2.03,2.44,0.25,0.21,0.00,0.00,0.00,5.66,6.52,3.16,3.76,0.39,0.00,0.00,0.00,0.00,17.65,0.00,29.41,0.00,0.00,79.19,86.55,1.60,1.87,15.48,15.29,0.00,0.00,92.76,90.07,0.00,0.00,0.00,0.00,0.00,0.00,0.00,0.00,0.00,0.00,352.94,323.53,0.00,0.00,58.82,0.00,0.00,0.00,29.41,58.82,0.00,0.00,0.00,0.00,0.00,0.00,0.00,0.00,0.03,0.00,0.54,0.40,0.36,0.00,1.60,1.76,11.44,6.47,0.00,0.00,0.00,0.00,0.00,0.00,0.00,0.00,8.06,9.64,18.96,30.97,30.60,36.59,29.72,36.00,1.99,1.04,1.88,0.55,0.95,0.49,0.41,0.30,2.14,1.31,0.43,0.15,0.87,1.11,0.99,0.57,0.08,0.00,0.15,0.00,10.16,12.63,0.23,0.08,0.00,0.00,6.28,6.46,0.00,0.00,0.00,0.00,0.67,0.54
13888.5,-2.000,7.000,0.000,0.000,0.000,0,0,0.800,0,0.00,0.11,0.29,78.43,53.92,167.62,165.56,126.05,75.63,116.96,106.36,0.75,0.96,57.58,52.41,67.33,53.86,103.64,93.84,98.85,87.21,352.94,352.94,134.80,133.58,0.00,0.00,0.00,0.00,8.92,8.26,0.77,0.75,6.20,6.45,0.00,0.00,0.00,0.00,0.00,0.00,0.00,0.00,1.15,1.13,0.00,0.00,0.00,0.16,0.00,3.15,2.44,0.00,0.00,0.00,0.00,7.70,12.04,0.00,0.00,0.00,0.00,0.06,0.00,0.00,0.00,0.67,0.33,5.08,5.78,0.00,2.10,0.00,0.00,19.61,29.07,1.68,2.25,0.24,0.18,0.00,0.00,0.00,5.44,6.72,3.01,3.89,0.39,0.00,0.00,0.00,0.00,17.65,3.27,9.80,0.00,0.00,82.20,84.87,1.55,1.62,15.50,16.33,0.00,0.00,92.76,88.24,0.00,0.00,0.00,0.00,0.00,0.00,0.00,0.00,0.00,0.00,352.94,323.53,0.00,0.00,58.82,0.00,0.00,0.00,0.00,58.82,0.00,0.00,0.00,0.00,0.00,0.00,0.00,0.00,0.00,0.00,0.59,0.24,0.14,0.00,2.05,2.32,9.26,5.88,0.00,0.00,0.00,0.00,0.00,0.00,0.00,0.00,8.51,10.90,18.47,31.77,28.80,35.49,29.90,34.51,2.19,1.08,2.03,0.98,0.89,0.24,0.52,0.30,1.87,0.75,0.47,0.27,1.10,1.34,0.91,0.28,0.04,0.00,0.15,0.00,9.67,12.29,0.31,0.00,0.00,0.00,5.35,6.34,0.00,0.00,0.00,0.00,0.70,0.59
13990.5,-2.000,7.000,0.000,0.000,0.000,0,0,0.800,0,2.10,0.11,0.20,75.98,53.92,167.62,166.11,113.45,88.24,116.35,107.64,0.75,0.96,57.23,54.01,67.17,54.30,100.84,98.04,100.58,89.26,352.94,352.94,134.80,134.80,0.00,0.00,0.00,0.00,8.80,8.12,0.77,0.75,6.11,6.18,0.00,0.00,0.00,0.00,0.00,0.00,0.00,0.00,0.58,1.13,0.00,0.00,0.00,0.08,0.00,1.75,0.77,0.00,0.00,0.00,0.00,6.91,10.66,0.00,0.00,0.00,0.00,0.00,0.00,0.00,0.00,0.59,0.41,5.08,5.63,0.00,0.00,0.00,0.00,19.61,31.49,1.66,1.79,0.24,0.24,0.00,0.00,0.00,5.55,6.78,3.08,3.74,0.00,0.00,0.00,0.00,0.00,17.65,3.27,29.41,0.00,0.00,77.68,88.24,1.53,2.14,15.71,16.12,0.00,0.00,92.76,91.91,0.00,0.00,0.00,0.00,0.00,0.00,0.00,0.00,0.00,0.00,352.94,323.53,0.00,0.00,29.41,0.00,0.00,0.00,29.41,58.82,0.00,0.00,0.00,0.00,0.00,0.00,0.00,0.00,0.03,0.00,0.50,0.28,0.23,0.00,1.82,2.32,10.89,8.82,0.00,0.00,0.00,0.00,0.00,0.00,0.00,0.00,8.51,10.23,18.74,31.14,29.32,36.90,29.15,35.28,1.95,1.04,2.15,0.67,0.92,0.38,0.44,0.11,2.22,0.99,0.51,0.12,1.52,1.04,1.19,0.81,0.08,0.00,0.19,0.00,10.43,11.74,0.42,0.08,0.00,0.00,6.39,6.34,1.59,0.00,0.00,0.00,0.64,0.65
14092.5,-2.000,7.000,0.000,0.000,0.000,0,0,0.800,0,0.00,0.11,0.20,80.88,49.02,167.35,165.70,117.65,79.83,116.78,107.64,0.69,1.14,57.41,53.12,67.54,53.82,102.24,92.44,98.62,88.58,352.94,352.94,133.58,136.03,0.00,0.00,0.00,0.00,8.79,8.04,0.77,0.75,5.47,5.72,0.00,0.00,0.00,0.00,0.00,0.00,0.00,0.00,1.73,1.70,0.00,0.00,0.00,0.16,0.00,4.90,0.64,0.00,0.00,0.00,0.00,9.47,10.86,0.00,0.00,0.00,0.00,0.00,0.00,0.00,0.00,0.59,0.41,5.08,5.59,0.00,0.00,0.00,0.00,20.96,29.76,2.28,2.18,0.25,0.22,0.00,0.00,0.00,5.66,6.55,3.08,3.45,0.00,0.39,0.00,0.00,0.00,23.53,1.09,9.80,0.00,0.00,77.68,83.19,1.86,1.87,15.94,15.94,0.00,0.00,92.76,91.91,0.00,0.00,0.00,0.00,0.00,0.00,0.00,0.00,0.00,0.00,352.94,323.53,0.00,0.00,88.24,0.00,0.00,0.00,29.41,58.82,0.00,0.00,0.00,0.00,0.00,0.00,0.00,0.00,0.00,0.00,0.75,0.52,0.18,0.00,2.34,2.10,8.17,8.24,0.00,0.00,0.00,0.00,0.00,0.00,0.00,0.00,9.11,9.16,19.23,30.95,29.63,35.09,29.72,36.99,2.27,1.12,1.88,0.90,1.09,0.87,0.41,0.23,1.23,1.03,0.59,0.08,1.33,0.84,1.19,0.89,0.11,0.00,0.19,0.00,10.39,12.36,0.38,0.04,0.00,0.00,5.35,5.26,0.00,0.00,0.00,0.00,0.63,0.60
14194.5,-2.000,7.000,0.000,0.000,0.000,0,0,0.800,0,0.00,0.11,0.20,75.98,51.47,166.53,165.15,109.24,75.63,115.58,107.56,0.81,1.21,57.76,54.01,67.15,54.35,100.84,89.64,98.27,88.01,352.94,352.94,134.19,135.42,0.00,0.00,0.00,0.00,8.58,8.07,0.77,1.51,5.52,6.09,0.00,0.00,0.00,0.00,0.00,0.00,0.00,0.00,1.73,1.13,0.00,0.00,0.00,0.08,0.00,4.55,2.05,0.00,0.00,0.00,0.00,7.90,11.05,0.00,0.00,0.00,0.00,0.00,0.00,0.00,0.00,0.67,0.58,5.12,5.90,0.00,0.00,0.00,0.00,21.64,28.72,2.15,2.46,0.23,0.22,0.00,0.00,0.00,5.67,6.52,3.17,3.58,0.39,0.00,0.00,0.00,0.00,17.65,4.36,19.61,0.00,0.00,78.43,84.87,1.96,1.62,15.19,15.81,0.00,0.00,90.50,86.40,0.00,0.00,0.00,0.00,0.00,0.00,0.00,0.00,0.00,0.00,352.94,323.53,0.00,0.00,58.82,0.00,0.00,0.00,29.41,29.41,0.00,0.00,0.00,0.00,0.00,0.00,0.00,0.00,0.00,0.00,0.46,0.56,0.14,0.00,1.45,2.02,10.35,4.12,0.00,0.00,0.00,0.00,0.00,0.00,0.00,0.00,8.44,9.05,19.72,30.92,31.79,34.83,31.54,36.31,2.19,1.48,1.88,0.63,1.12,0.45,0.63,0.26,1.67,1.07,0.39,0.12,0.80,1.34,1.07,0.81,0.04,0.00,0.11,0.00,11.15,11.98,0.35,0.08,0.00,0.00,6.16,6.34,0.00,0.00,0.00,0.00,0.65,0.50
14296.5,-2.000,7.000,0.000,0.000,0.000,0,0,0.800,0,0.00,0.11,0.20,73.53,49.02,168.71,165.98,126.05,79.83,117.22,107.30,0.71,1.10,58.29,54.19,66.88,53.98,102.24,91.04,98.85,87.33,352.94,352.94,136.03,137.25,0.00,0.00,0.00,0.00,8.79,8.22,0.77,2.26,6.38,6.04,0.00,0.00,0.00,0.00,0.00,0.00,0.00,0.00,0.58,1.13,0.00,0.00,0.00,0.08,0.00,2.45,1.41,0.00,0.00,0.00,0.00,8.49,12.04,0.00,0.00,0.00,0.00,0.00,0.00,0.00,0.00,0.67,0.49,5.00,6.01,0.00,2.10,0.00,0.00,19.27,29.76,1.95,2.27,0.27,0.21,0.00,0.00,0.00,5.39,6.76,3.01,3.76,0.00,0.00,0.00,0.00,0.00,17.65,1.09,29.41,0.00,0.00,77.68,84.03,1.60,1.68,15.30,15.58,0.00,0.00,92.76,91.91,0.00,0.00,0.00,0.00,0.00,0.00,0.00,0.00,0.00,0.00,352.94,323.53,0.00,0.00,88.24,0.00,0.00,0.00,29.41,58.82,0.00,0.00,0.00,0.00,0.00,0.00,0.00,0.00,0.03,0.00,0.50,0.36,0.23,0.00,1.90,1.95,9.26,7.06,0.00,0.00,0.00,0.00,0.00,0.00,0.00,0.00,9.22,10.12,19.41,31.67,30.29,34.56,31.81,34.06,2.23,1.32,2.11,0.79,0.82,0.59,0.48,0.19,1.75,1.15,0.55,0.19,1.02,1.04,0.91,0.65,0.19,0.00,0.15,0.00,9.94,12.53,0.42,0.16,0.00,0.00,5.35,6.34,0.00,0.00,0.00,0.00,0.64,0.56
14398.5,-2.000,7.000,0.000,0.000,0.000,0,0,0.800,0,0.00,0.07,0.20,78.43,49.02,166.12,164.87,126.05,84.03,117.39,106.96,0.58,0.96,56.34,52.58,67.57,54.08,103.64,95.24,100.81,88.01,352.94,352.94,135.42,137.87,0.00,0.00,0.00,0.00,8.71,7.91,0.77,1.51,6.06,5.76,0.00,0.00,0.00,0.00,0.00,0.00,0.00,0.00,1.15,1.13,0.00,0.00,0.00,0.08,0.00,5.60,2.95,0.00,0.00,0.00,0.00,8.69,11.25,0.00,0.00,0.00,0.00,0.00,0.00,0.00,0.00,0.67,0.49,4.88,5.71,0.00,0.00,0.00,0.00,20.96,30.45,2.12,2.26,0.27,0.21,0.00,0.00,0.00,5.69,6.43,3.07,3.63,0.00,0.00,0.00,0.00,0.00,17.65,2.18,9.80,0.00,0.00,80.69,85.71,1.83,1.66,15.14,15.81,0.00,0.00,92.76,86.40,0.00,0.00,0.00,0.00,0.00,0.00,0.00,0.00,0.00,0.00,352.94,323.53,0.00,0.00,58.82,0.00,0.00,0.00,29.41,29.41,0.00,0.00,0.00,0.00,0.00,0.00,0.00,0.00,0.00,0.00,0.75,0.52,0.23,0.00,1.67,1.50,10.89,7.65,0.00,0.00,0.00,0.00,0.00,0.00,0.00,0.00,8.85,9.09,18.47,31.08,30.82,35.84,31.32,36.63,1.54,1.32,1.84,0.55,1.12,0.42,0.55,0.08,2.06,0.87,0.59,0.12,1.29,1.04,0.95,0.61,0.00,0.00,0.08,0.00,10.10,12.22,0.38,0.08,0.00,0.00,5.23,5.98,0.00,0.00,0.00,0.00,0.59,0.60
14500.5,-2.000,7.000,0.000,0.000,0.000,0,0,0.800,0,0.00,0.11,0.23,73.53,49.02,167.08,164.73,121.85,79.83,116.78,108.24,0.83,1.12,57.05,54.37,67.12,54.03,99.44,95.24,99.31,87.78,352.94,352.94,136.64,134.80,0.00,0.00,0.00,0.00,8.74,8.17,0.77,1.51,6.02,6.64,0.00,0.00,0.00,0.00,0.00,0.00,0.00,0.00,0.58,1.70,0.00,0.00,0.00,0.00,0.00,5.60,2.95,0.00,0.00,0.00,0.00,8.88,12.63,0.00,0.00,0.00,0.00,0.00,0.00,0.00,0.00,0.76,0.66,4.96,6.05,0.00,0.00,0.00,0.00,20.28,30.80,2.30,2.15,0.29,0.24,0.00,0.00,0.00,5.77,6.86,3.03,3.70,0.77,0.00,0.00,0.00,0.00,23.53,4.36,19.61,0.00,0.00,81.45,86.55,1.68,2.03,14.89,16.04,0.00,0.00,90.50,95.59,0.00,0.00,0.00,0.00,0.00,0.00,0.00,0.00,0.00,0.00,352.94,323.53,0.00,0.00,29.41,0.00,0.00,0.00,29.41,58.82,0.00,0.00,0.00,0.00,0.00,0.00,0.00,0.00,0.03,0.00,0.42,0.36,0.27,0.00,1.78,2.47,13.07,11.76,0.00,0.00,0.00,0.00,0.00,0.00,0.00,0.00,8.25,9.98,19.60,31.08,31.26,36.50,30.57,34.78,1.91,1.64,1.68,0.39,1.09,0.38,0.33,0.26,2.06,1.23,0.31,0.27,1.33,1.04,1.07,0.69,0.08,0.04,0.19,0.00,9.94,12.74,0.27,0.00,0.00,0.00,5.93,6.34,0.00,0.00,0.00,0.00,0.67,0.56
14602.5,-2.000,7.000,0.000,0.000,0.000,0,0,0.800,0,0.00,0.07,0.16,75.98,53.92,166.53,165.29,121.85,84.03,117.73,107.30,0.73,0.96,56.17,53.65,67.25,53.41,100.84,91.04,98.96,87.44,352.94,352.94,136.03,137.87,0.00,0.00,0.00,0.00,8.80,8.37,0.77,0.75,5.56,5.85,0.00,0.00,0.00,0.00,0.00,0.00,0.00,0.00,0.58,2.26,0.00,0.00,0.00,0.16,0.00,4.55,1.16,0.00,0.00,0.00,0.00,8.09,11.05,0.00,0.00,0.00,0.00,0.00,0.00,0.00,0.00,0.67,0.49,4.41,6.05,0.00,2.10,0.00,0.00,19.95,30.80,2.18,2.26,0.27,0.21,0.00,0.00,0.00,5.47,6.63,2.95,3.76,0.77,0.00,0.00,0.00,0.00,17.65,1.09,9.80,0.00,0.00,79.19,86.55,1.66,1.48,15.09,15.86,0.00,0.00,88.24,84.56,0.00,0.00,0.00,0.00,0.00,0.00,0.00,0.00,0.00,0.00,352.94,323.53,0.00,0.00,29.41,0.00,0.00,0.00,29.41,58.82,0.00,0.00,0.00,0.00,0.00,0.00,0.00,0.00,0.00,0.00,0.50,0.44,0.18,0.00,2.16,2.21,9.80,4.71,0.00,0.00,0.00,0.00,0.00,0.00,0.00,0.00,9.74,10.16,18.94,31.31,30.51,36.19,32.17,36.36,1.99,1.28,1.64,0.55,1.09,0.52,0.37,0.04,1.98,1.03,0.62,0.19,1.25,1.31,1.03,0.65,0.04,0.00,0.19,0.00,9.90,12.87,0.38,0.00,0.00,0.00,5.58,7.29,1.59,0.00,0.00,0.00,0.70,0.64
14704.5,-2.000,7.000,0.000,0.000,0.000,0,0,0.800,0,0.00,0.04,0.23,75.98,51.47,166.80,164.18,117.65,88.24,118.34,106.45,0.89,1.35,56.17,54.19,66.91,53.81,103.64,92.44,99.65,87.44,352.94,352.94,134.19,134.80,0.00,0.00,0.00,0.00,8.87,8.11,1.55,1.51,5.97,5.81,0.00,0.00,0.00,0.00,0.00,0.00,0.00,0.00,1.15,1.13,0.00,0.00,0.00,0.00,0.00,3.15,1.41,0.00,0.00,0.00,0.00,7.11,10.66,0.00,0.00,0.00,0.00,0.00,0.00,0.00,0.00,0.50,0.58,5.08,5.36,0.00,0.00,0.00,0.00,21.64,28.03,1.98,2.27,0.26,0.26,0.00,0.00,0.00,5.52,6.40,3.02,3.72,0.00,0.00,0.00,0.00,0.00,23.53,1.09,19.61,0.00,0.00,80.69,88.24,1.62,1.82,15.07,15.16,0.00,0.00,88.24,93.75,0.00,0.00,0.00,0.00,0.00,0.00,0.00,0.00,0.00,0.00,352.94,323.53,0.00,0.00,88.24,0.00,0.00,0.00,29.41,29.41,0.00,0.00,0.00,0.00,0.00,0.00,0.00,0.00,0.03,0.00,0.63,0.32,0.27,0.00,1.82,1.91,9.26,2.94,0.00,0.00,0.00,0.00,0.00,0.00,0.00,0.00,7.65,9.79,18.83,30.88,30.25,32.93,31.90,37.26,2.03,1.48,1.60,0.51,1.06,0.52,0.52,0.15,1.35,1.07,0.70,0.08,1.10,0.84,1.11,0.65,0.11,0.00,0.30,0.00,9.28,12.43,0.50,0.04,0.00,0.00,5.70,6.34,0.00,0.00,0.00,0.00,0.67,0.51
14806.5,-2.000,7.000,0.000,0.000,0.000,0,0,0.800,0,0.00,0.07,0.26,78.43,51.47,167.21,163.35,126.05,79.83,116.35,106.62,1.06,1.35,56.17,53.12,67.44,53.77,100.84,93.84,100.46,86.19,352.94,352.94,133.58,136.03,0.00,0.00,0.00,0.00,8.94,8.00,0.77,2.26,5.97,6.27,0.00,0.00,0.00,0.00,0.00,0.00,0.00,0.00,0.58,1.13,0.00,0.00,0.00,0.00,0.00,3.15,0.77,0.00,0.00,0.00,0.00,8.69,10.86,0.00,0.00,0.00,0.00,0.00,0.00,0.00,0.00,0.50,0.58,5.35,5.97,0.00,0.00,0.00,0.00,20.62,31.49,1.70,2.04,0.28,0.19,0.00,0.00,0.00,5.68,6.41,3.09,3.76,0.00,1.18,0.00,0.00,0.00,17.65,1.09,19.61,0.00,0.00,81.45,85.71,1.86,1.80,15.32,14.56,0.00,0.00,92.76,91.91,0.00,0.00,0.00,0.00,0.00,0.00,0.00,0.00,0.00,0.00,352.94,323.53,0.00,0.00,88.24,0.00,0.00,0.00,0.00,29.41,0.00,0.00,0.00,0.00,0.00,0.00,0.00,0.00,0.00,0.00,0.54,0.40,0.09,0.00,1.82,1.65,10.35,9.41,0.00,0.00,0.00,0.00,0.00,0.00,0.00,0.00,8.73,9.79,19.08,31.23,28.58,36.72,30.97,35.10,2.23,1.56,1.92,0.67,0.75,0.31,0.52,0.04,1.67,1.03,0.82,0.08,1.75,1.27,0.91,0.97,0.15,0.00,0.19,0.00,9.87,12.77,0.42,0.04,0.00,0.00,5.58,6.22,0.00,0.00,0.00,0.00,0.71,0.53
14908.5,-2.000,7.000,0.000,0.000,0.000,0,0,0.800,0,0.00,0.07,0.20,73.53,53.92,167.08,165.42,121.85,84.03,117.56,107.05,0.77,1.31,56.52,53.30,67.21,53.74,102.24,92.44,99.54,86.65,352.94,352.94,135.42,137.87,0.00,0.00,0.00,0.00,8.93,8.21,0.77,2.26,6.11,6.45,0.00,0.00,0.00,0.00,0.00,0.00,0.00,0.00,0.58,1.70,0.00,0.00,0.00,0.08,0.00,7.35,2.83,0.00,0.00,0.00,0.00,9.08,12.83,0.00,0.00,0.00,0.00,0.00,0.00,0.00,0.00,0.59,0.49,4.69,5.59,0.00,0.00,0.00,0.00,19.95,30.10,2.14,2.43,0.23,0.21,0.00,0.00,0.00,5.60,6.85,3.11,3.77,0.39,0.39,0.00,0.00,0.00,23.53,1.09,9.80,0.00,0.00,81.45,85.71,1.77,1.68,15.07,16.15,0.00,0.00,95.02,90.07,0.00,0.00,0.00,0.00,0.00,0.00,0.00,0.00,0.00,0.00,352.94,323.53,0.00,0.00,29.41,0.00,0.00,0.00,0.00,58.82,0.00,0.00,0.00,0.00,0.00,0.00,0.00,0.00,0.00,0.00,0.50,0.44,0.54,0.00,1.71,2.10,9.26,10.59,0.00,0.00,0.00,0.00,0.00,0.00,0.00,0.00,8.92,9.94,19.40,31.09,28.13,33.33,30.26,33.29,2.07,1.24,1.99,0.47,1.02,0.63,0.37,0.19,2.14,0.95,0.43,0.12,1.02,1.42,1.15,0.69,0.08,0.00,0.08,0.00,10.03,12.36,0.38,0.08,0.00,0.00,5.58,6.10,0.00,0.00,0.00,0.00,0.71,0.63
15010.5,-2.000,7.000,0.000,0.000,0.000,0,0,0.800,0,2.10,0.07,0.23,75.98,56.37,166.26,164.18,117.65,79.83,117.47,107.13,0.81,1.14,55.81,53.48,67.52,53.53,102.24,91.04,101.15,88.12,352.94,352.94,139.71,137.87,0.00,0.00,0.00,0.00,8.78,8.06,0.77,1.51,5.61,5.67,0.00,0.00,0.00,0.00,0.00,0.00,0.00,0.00,1.73,1.13,0.00,0.00,0.00,0.08,0.00,4.90,1.80,0.00,0.00,0.00,0.00,8.69,9.47,0.00,0.00,0.00,0.00,0.00,0.00,0.00,0.00,0.50,0.66,4.72,5.59,0.00,0.00,0.00,0.00,21.97,30.45,2.14,2.30,0.27,0.20,0.00,0.00,0.00,5.88,6.59,2.95,3.82,0.00,0.39,0.00,0.00,0.00,17.65,2.18,0.00,0.00,0.00,80.69,88.24,1.75,1.50,14.58,15.26,0.00,0.00,88.24,93.75,0.00,0.00,0.00,0.00,0.00,0.00,0.00,0.00,0.00,0.00,352.94,323.53,0.00,0.00,29.41,0.00,0.00,0.00,29.41,29.41,0.00,0.00,0.00,0.00,0.00,0.00,0.00,0.00,0.00,0.00,0.71,0.36,0.14,0.00,1.93,2.29,11.44,4.12,0.00,0.00,0.00,0.00,0.00,0.00,0.00,0.00,7.88,10.68,19.16,31.17,30.91,34.48,31.46,37.26,2.11,1.32,1.64,0.75,0.89,0.70,0.41,0.08,1.59,1.46,0.47,0.19,1.44,1.11,1.03,0.77,0.04,0.04,0.08,0.00,9.15,12.53,0.65,0.04,0.00,0.00,5.81,6.46,0.00,0.92,0.00,0.00,0.73,0.52
15112.5,-2.000,7.000,0.000,0.000,0.000,0,0,0.800,0,0.00,0.14,0.23,73.53,51.47,166.26,164.87,121.85,79.83,117.22,106.45,0.79,0.98,57.58,53.30,67.69,54.03,106.44,91.04,101.85,87.67,352.94,352.94,133.58,137.25,0.00,0.00,0.00,0.00,8.84,8.29,1.55,1.51,6.06,6.59,0.00,0.00,0.00,0.00,0.00,0.00,0.00,0.00,1.15,1.13,0.00,0.00,0.00,0.08,0.00,4.55,3.21,0.00,0.00,0.00,0.00,8.88,10.26,0.00,0.00,0.00,0.00,0.00,0.00,0.00,0.00,0.76,0.66,4.49,6.54,0.00,0.00,0.00,0.00,20.96,29.07,2.04,2.52,0.23,0.24,0.00,0.00,0.00,5.77,6.57,2.97,3.81,0.00,0.00,0.00,0.00,0.00,23.53,2.18,39.22,0.00,0.00,76.17,83.19,1.68,1.71,15.68,15.63,0.00,0.00,88.24,88.24,0.00,0.00,0.00,0.00,0.00,0.00,0.00,0.00,0.00,0.00,352.94,323.53,0.00,0.00,58.82,0.00,0.00,0.00,29.41,58.82,0.00,0.00,0.00,0.00,0.00,0.00,0.00,0.00,0.00,0.00,0.75,0.32,0.27,0.00,1.75,1.76,11.98,5.88,0.00,0.00,0.00,0.00,0.00,0.00,0.00,0.00,9.03,9.57,18.99,30.75,32.10,35.18,29.01,37.58,2.27,1.32,1.84,0.71,0.68,0.38,0.55,0.15,1.67,1.23,0.35,0.04,1.10,1.23,1.19,0.77,0.11,0.00,0.04,0.00,10.59,13.42,0.23,0.00,0.00,0.00,6.39,6.22,0.00,0.92,0.00,0.00,0.70,0.55
15214.5,-2.000,7.000,0.000,0.000,0.000,0,0,0.800,0,0.00,0.11,0.16,73.53,49.02,167.76,164.46,121.85,88.24,118.25,107.56,0.69,1.06,57.23,54.55,67.42,53.99,100.84,91.04,99.31,87.21,352.94,352.94,139.09,134.80,0.00,0.00,0.00,0.00,8.84,8.29,0.77,1.51,6.52,6.32,0.00,0.00,0.00,0.00,0.00,0.00,0.00,0.00,1.73,1.70,0.00,0.00,0.00,0.08,0.00,2.80,1.03,0.00,0.00,0.00,0.00,9.08,11.25,0.00,0.00,0.00,0.00,0.00,0.00,0.00,0.00,0.67,0.58,5.12,5.59,0.00,2.10,0.00,0.00,22.65,30.80,1.58,1.88,0.29,0.19,0.00,0.00,0.00,5.67,6.69,2.91,3.67,0.00,0.00,0.00,0.00,0.00,17.65,3.27,0.00,0.00,0.00,79.94,85.71,1.88,2.30,14.65,15.81,0.00,0.00,85.97,88.24,0.00,0.00,0.00,0.00,0.00,0.00,0.00,0.00,0.00,0.00,352.94,323.53,0.00,0.00,88.24,0.00,0.00,0.00,29.41,58.82,0.00,0.00,0.00,0.00,0.00,0.00,0.00,0.00,0.03,0.00,0.71,0.40,0.14,0.00,1.82,1.95,8.71,12.35,0.00,0.00,0.00,0.00,0.00,0.00,0.00,0.00,8.02,8.98,19.01,31.59,29.54,34.03,30.88,36.31,2.19,0.92,2.23,0.90,1.02,0.49,0.37,0.15,1.51,1.23,0.59,0.12,1.33,1.27,1.27,0.57,0.00,0.00,0.23,0.00,10.39,11.20,0.27,0.08,0.00,0.00,5.23,5.74,0.00,0.00,0.00,0.00,0.69,0.55
15316.5,-2.000,7.000,0.000,0.000,0.000,0,0,0.800,0,0.00,0.07,0.20,78.43,51.47,167.08,165.56,126.05,88.24,117.47,106.79,0.85,1.14,57.58,53.83,67.46,54.35,100.84,92.44,100.12,87.55,352.94,352.94,135.42,135.42,0.00,0.00,0.00,0.00,8.80,8.22,0.77,1.51,6.79,6.22,0.00,0.00,0.00,0.00,0.00,0.00,0.00,0.00,1.15,1.13,0.00,0.00,0.00,0.25,0.00,2.80,1.28,0.00,0.00,0.00,0.00,8.49,10.26,0.00,0.00,0.00,0.00,0.00,0.00,0.00,0.00,0.59,0.58,4.65,5.67,0.00,0.00,0.00,0.00,22.31,31.14,1.93,2.17,0.25,0.20,0.00,0.00,0.00,5.69,6.48,2.90,3.66,1.16,0.39,0.00,0.00,0.00,17.65,0.00,9.80,0.00,0.00,79.19,86.55,1.86,1.80,15.73,16.25,0.00,0.00,95.02,93.75,0.00,0.00,0.00,0.00,0.00,0.00,0.00,0.00,0.00,0.00,352.94,323.53,0.00,0.00,88.24,0.00,0.00,0.00,29.41,29.41,0.00,0.00,0.00,0.00,0.00,0.00,0.00,0.00,0.00,0.00,0.46,0.40,0.27,0.00,1.71,1.80,11.44,5.29,0.00,0.00,0.00,0.00,0.00,0.00,0.00,0.00,8.25,9.16,18.55,30.80,30.34,34.26,29.72,35.05,2.35,1.32,1.88,0.75,0.75,0.91,0.41,0.15,2.14,0.83,0.35,0.23,1.18,0.96,0.87,0.97,0.11,0.00,0.15,0.00,10.26,11.54,0.42,0.04,0.00,0.00,5.93,6.58,0.00,0.00,0.00,0.00,0.70,0.59
15418.5,-2.000,7.000,0.000,0.000,0.000,0,0,0.800,0,0.00,0.07,0.23,80.88,51.47,166.39,164.46,121.85,79.83,116.70,107.13,0.67,0.92,56.70,53.83,67.46,53.80,100.84,91.04,100.81,87.78,352.94,352.94,134.19,134.80,0.00,0.00,0.00,0.00,8.64,7.91,0.77,2.26,6.06,6.41,0.00,0.00,0.00,0.00,0.00,0.00,0.00,0.00,1.73,1.13,0.00,0.00,0.00,0.00,0.00,2.10,2.44,0.00,0.00,0.00,0.00,8.49,12.24,0.00,0.00,0.00,0.00,0.06,0.00,0.00,0.00,0.59,0.49,4.96,5.94,0.00,2.10,0.00,0.00,20.62,27.68,1.53,2.09,0.26,0.25,0.00,0.00,0.00,5.54,6.66,3.06,3.80,0.00,0.00,0.00,0.00,0.00,23.53,1.09,9.80,0.00,0.00,79.19,83.19,1.88,1.46,15.40,15.58,0.00,0.00,90.50,90.07,0.00,0.00,0.00,0.00,0.00,0.00,0.00,0.00,0.00,0.00,352.94,323.53,0.00,0.00,58.82,0.00,0.00,0.00,29.41,58.82,0.00,0.00,0.00,0.00,0.00,0.00,0.00,0.00,0.03,0.00,0.38,0.48,0.27,0.00,1.45,1.69,8.71,8.82,0.00,0.00,0.00,0.00,0.00,0.00,0.00,0.00,8.17,10.35,19.70,31.55,30.82,35.22,30.48,35.59,2.07,1.56,1.56,0.63,1.02,0.91,0.48,0.26,2.18,0.67,0.31,0.19,1.14,1.04,0.83,0.61,0.04,0.00,0.26,0.00,10.72,12.74,0.35,0.00,0.00,0.00,6.39,5.62,0.00,0.00,0.00,0.00,0.68,0.60
15520.5,-2.000,7.000,0.000,0.000,0.000,0,0,0.800,0,2.10,0.11,0.13,80.88,51.47,167.62,165.56,121.85,79.83,117.65,107.30,1.19,1.27,57.05,54.90,67.66,53.59,103.64,91.04,99.19,87.67,352.94,352.94,139.09,134.80,0.00,0.00,0.00,0.00,8.78,8.01,0.77,0.75,5.84,5.39,0.00,0.00,0.00,0.00,0.00,0.00,0.00,0.00,1.73,1.13,0.00,0.00,0.00,0.16,0.00,0.70,0.13,0.00,0.00,0.00,0.00,9.28,11.25,0.00,0.00,0.00,0.00,0.00,0.00,0.00,0.00,0.59,0.41,4.84,5.71,0.00,0.00,0.00,0.00,21.30,31.49,1.60,1.55,0.27,0.19,0.00,0.00,0.00,5.76,6.60,2.84,3.75,0.00,0.00,0.00,0.00,0.00,17.65,0.00,9.80,0.00,0.00,77.68,86.55,1.86,1.62,14.96,15.26,0.00,0.00,95.02,93.75,0.00,0.00,0.00,0.00,0.00,0.00,0.00,0.00,0.00,0.00,352.94,323.53,0.00,0.00,58.82,0.00,0.00,0.00,29.41,29.41,0.00,0.00,0.00,0.00,0.00,0.00,0.00,0.04,0.00,0.00,0.50,0.52,0.23,0.00,1.56,1.65,9.26,3.53,0.00,0.00,0.00,0.00,0.00,0.00,0.00,0.00,9.00,10.12,19.17,31.48,31.08,34.92,28.35,35.37,2.15,1.16,1.76,0.67,0.75,0.31,0.22,0.19,2.02,1.03,0.62,0.15,1.33,1.42,1.35,0.77,0.19,0.00,0.11,0.00,10.62,12.70,0.35,0.04,0.00,0.00,5.70,5.86,0.00,0.00,0.00,0.00,0.68,0.56
15622.5,-2.000,7.000,0.000,0.000,0.000,0,0,0.800,0,0.00,0.11,0.16,80.88,53.92,166.80,164.73,126.05,88.24,117.73,106.53,1.41,1.64,56.70,52.58,67.20,54.36,98.04,93.84,99.88,88.12,352.94,352.94,136.64,137.25,0.00,0.00,0.00,0.00,8.83,8.06,0.77,1.51,6.16,6.45,0.00,0.00,0.00,0.00,0.00,0.00,0.00,0.00,0.58,1.13,0.00,0.00,0.00,0.00,0.00,3.85,2.44,0.00,0.00,0.00,0.00,8.49,12.83,0.00,0.00,0.00,0.00,0.00,0.00,0.00,0.00,0.59,0.58,4.88,6.28,0.00,2.10,0.00,0.00,22.31,29.07,1.85,2.32,0.23,0.22,0.00,0.00,0.00,5.66,6.65,2.95,3.65,0.00,0.00,0.00,0.00,0.00,17.65,0.00,0.00,0.00,0.00,77.68,86.55,2.20,1.55,15.30,15.63,0.00,0.00,90.50,93.75,0.00,0.00,0.00,0.00,0.00,0.00,0.00,0.00,0.00,0.00,352.94,323.53,0.00,0.00,58.82,0.00,0.00,0.00,0.00,29.41,0.00,0.00,0.00,0.00,0.00,0.00,0.00,0.00,0.03,0.00,0.25,0.48,0.23,0.00,2.31,2.25,9.80,7.06,0.00,0.00,0.00,0.00,0.00,0.00,0.00,0.00,8.36,9.39,19.11,31.35,28.31,35.88,30.26,35.86,1.99,1.28,2.07,0.75,1.02,0.38,0.44,0.04,2.18,0.75,0.39,0.12,0.95,1.19,1.03,0.73,0.08,0.00,0.08,0.00,9.25,13.11,0.27,0.08,0.00,0.00,5.46,5.62,0.00,0.00,0.00,0.00,0.73,0.59
15724.5,-2.000,7.000,0.000,0.000,0.000,0,0,0.800,0,0.00,0.11,0.23,83.33,53.92,166.94,164.18,130.25,84.03,117.04,107.13,0.69,1.00,57.94,53.83,67.11,53.47,99.44,92.44,98.62,87.44,352.94,352.94,139.09,135.42,0.00,0.00,0.00,0.00,8.80,8.14,0.77,0.75,5.88,6.68,0.00,0.00,0.00,0.00,0.00,0.00,0.00,0.00,1.15,2.26,0.00,0.00,0.00,0.16,0.00,3.50,0.64,0.00,0.00,0.00,0.00,7.50,12.24,0.00,0.00,0.00,0.00,0.00,0.00,0.00,0.00,0.76,0.49,4.92,5.29,0.00,0.00,0.00,0.00,19.95,30.45,1.86,2.23,0.24,0.22,0.00,0.00,0.00,5.56,6.51,2.98,3.54,0.00,0.00,0.00,0.00,0.00,17.65,4.36,0.00,0.00,0.00,79.94,83.19,1.53,1.96,15.09,15.16,0.00,0.00,92.76,93.75,0.00,0.00,0.00,0.00,0.00,0.00,0.00,0.00,0.00,0.00,352.94,323.53,0.00,0.00,29.41,0.00,0.00,0.00,0.00,58.82,0.00,0.00,0.00,0.00,0.00,0.00,0.00,0.00,0.03,0.00,0.54,0.32,0.32,0.00,1.86,2.10,10.89,9.41,0.00,0.00,0.00,0.00,0.00,0.00,0.00,0.00,9.11,9.46,18.93,30.40,29.76,35.80,30.88,33.70,2.11,1.20,2.35,1.42,1.19,0.70,0.59,0.11,2.06,1.19,0.39,0.04,1.37,0.96,0.72,0.85,0.00,0.04,0.00,0.00,10.00,12.57,0.27,0.00,0.00,0.00,5.70,6.46,0.00,0.00,0.00,0.00,0.68,0.60
15826.5,-2.000,7.000,0.000,0.000,0.000,0,0,0.800,0,0.00,0.11,0.23,75.98,56.37,166.80,163.63,126.05,84.03,117.13,107.22,0.94,1.35,57.58,54.01,67.54,53.93,103.64,93.84,99.19,88.01,352.94,352.94,138.48,136.03,0.00,0.00,0.00,0.00,8.90,8.18,0.77,1.51,6.29,6.04,0.00,0.00,0.00,0.00,0.00,0.00,0.00,0.00,0.58,1.13,0.00,0.00,0.00,0.08,0.00,5.25,2.18,0.00,0.00,0.00,0.00,8.29,12.44,0.00,0.00,0.00,0.00,0.00,0.00,0.00,0.00,0.67,0.49,5.08,5.56,0.00,0.00,0.00,0.00,19.95,32.53,1.97,2.34,0.25,0.21,0.00,0.00,0.00,5.61,6.92,2.91,3.68,0.39,0.00,0.00,0.00,0.00,17.65,4.36,0.00,0.00,0.00,77.68,84.87,1.75,1.30,15.12,16.61,0.00,0.00,88.24,91.91,0.00,0.00,0.00,0.00,0.00,0.00,0.00,0.00,0.00,0.00,352.94,323.53,0.00,0.00,88.24,0.00,0.00,0.00,29.41,58.82,0.00,0.00,0.00,0.00,0.00,0.00,0.00,0.00,0.00,0.00,0.71,0.36,0.18,0.00,1.56,2.02,10.89,10.00,0.00,0.00,0.00,0.00,0.00,0.00,0.00,0.00,8.47,10.38,19.40,31.19,30.47,34.78,29.77,36.76,2.11,1.60,1.99,0.59,1.06,0.42,0.63,0.08,1.79,1.07,0.39,0.04,1.14,1.42,0.76,0.73,0.08,0.00,0.04,0.00,9.87,11.33,0.35,0.08,0.00,0.00,5.46,5.62,0.00,0.00,0.00,0.00,0.68,0.64
15928.5,-2.000,7.000,0.000,0.000,0.000,0,0,0.800,0,0.00,0.14,0.20,80.88,49.02,167.48,163.49,126.05,79.83,117.99,107.22,0.64,1.04,57.41,54.19,66.95,53.64,98.04,92.44,100.00,88.80,352.94,352.94,137.87,136.03,0.00,0.00,0.00,0.00,8.82,8.12,1.55,1.51,6.57,6.27,0.00,0.00,0.00,0.00,0.00,0.00,0.00,0.00,0.58,1.13,0.00,0.00,0.00,0.08,0.00,5.60,2.05,0.00,0.00,0.00,0.00,8.88,11.25,0.00,0.00,0.00,0.00,0.00,0.00,0.00,0.00,0.59,0.41,5.24,5.44,0.00,2.10,0.00,0.00,20.62,30.80,1.85,2.34,0.24,0.25,0.00,0.00,0.00,5.80,6.52,2.98,3.67,0.00,1.18,0.00,0.00,0.00,17.65,3.27,9.80,0.00,0.00,81.45,82.35,1.70,1.55,15.09,15.55,0.00,0.00,88.24,93.75,0.00,0.00,0.00,0.00,0.00,0.00,0.00,0.00,0.00,0.00,352.94,323.53,0.00,0.00,88.24,0.00,0.00,0.00,29.41,29.41,0.00,0.00,0.00,0.00,0.00,0.00,0.00,0.00,0.00,0.00,0.50,0.40,0.32,0.00,2.01,1.69,8.17,5.88,0.00,0.00,0.00,0.00,0.00,0.00,0.00,0.00,7.28,10.16,19.58,31.32,29.46,35.18,30.52,35.55,1.87,1.04,1.64,0.47,0.68,0.66,0.55,0.23,2.02,1.11,0.39,0.23,0.91,1.46,1.07,0.73,0.11,0.00,0.15,0.00,9.74,12.12,0.46,0.00,0.00,0.00,5.93,6.81,0.00,0.92,0.00,0.00,0.70,0.57
16030.5,-2.000,7.000,0.000,0.000,0.000,0,0,0.800,0,0.00,0.07,0.20,75.98,56.37,165.85,165.01,121.85,84.03,116.27,106.62,0.85,1.16,57.05,53.65,67.12,53.78,102.24,89.64,100.35,89.03,352.94,352.94,137.25,134.80,0.00,0.00,0.00,0.00,8.72,8.03,0.77,0.75,5.79,5.81,0.00,0.00,0.00,0.00,0.00,0.00,0.00,0.00,0.58,1.70,0.00,0.00,0.00,0.08,0.00,4.20,2.18,0.00,0.00,0.00,0.00,8.88,10.26,0.00,0.00,0.00,0.00,0.00,0.00,0.00,0.00,0.67,0.58,5.24,5.94,0.00,2.10,0.00,0.00,21.97,28.37,1.59,1.84,0.26,0.24,0.00,0.00,0.00,5.74,6.50,3.09,3.92,0.39,0.00,0.00,0.00,0.00,17.65,3.27,9.80,0.00,0.00,80.69,87.39,1.83,1.82,15.27,15.94,0.00,0.00,95.02,88.24,0.00,0.00,0.00,0.00,0.00,0.00,0.00,0.00,0.00,0.00,352.94,323.53,0.00,0.00,58.82,0.00,0.00,0.00,29.41,58.82,0.00,0.00,0.00,0.00,0.00,0.00,0.00,0.00,0.03,0.00,0.79,0.28,0.27,0.00,1.97,1.99,11.44,5.88,0.00,0.00,0.00,0.00,0.00,0.00,0.00,0.00,8.02,10.42,18.70,30.91,29.81,36.68,31.41,35.46,2.15,1.08,1.92,0.71,0.75,0.56,0.52,0.15,1.98,1.19,0.43,0.15,1.25,1.31,0.64,0.85,0.11,0.00,0.11,0.00,10.10,12.91,0.31,0.00,0.00,0.00,5.35,5.74,0.00,0.00,0.00,0.00,0.68,0.57
16132.5,-2.000,7.000,0.000,0.000,0.000,0,0,0.800,0,0.00,0.11,0.13,83.33,51.47,165.71,164.04,121.85,84.03,115.84,106.96,0.73,1.00,56.70,53.65,67.31,54.28,99.44,93.84,99.42,88.35,352.94,352.94,136.03,134.80,0.00,0.00,0.00,0.00,8.70,7.98,0.77,0.75,6.20,6.59,0.00,0.00,0.00,0.00,0.00,0.00,0.00,0.00,1.15,0.57,0.00,0.00,0.00,0.08,0.00,1.05,0.64,0.00,0.00,0.00,0.00,8.29,11.05,0.00,0.00,0.00,0.00,0.00,0.00,0.00,0.00,0.59,0.41,4.76,5.71,0.00,0.00,0.00,0.00,18.93,28.72,1.33,1.78,0.22,0.20,0.00,0.00,0.00,5.51,6.58,2.98,3.54,0.39,0.78,0.00,0.00,0.00,23.53,2.18,9.80,0.00,0.00,80.69,82.35,1.86,1.71,14.35,15.84,0.00,0.00,85.97,90.07,0.00,0.00,0.00,0.00,0.00,0.00,0.00,0.00,0.00,0.00,352.94,323.53,0.00,0.00,29.41,0.00,0.00,0.00,29.41,29.41,0.00,0.00,0.00,0.00,0.00,0.00,0.00,0.00,0.03,0.00,0.79,0.28,0.18,0.00,1.52,1.76,10.89,9.41,0.00,0.00,0.00,0.00,0.00,0.00,0.00,0.00,8.44,10.05,19.79,31.19,31.53,34.30,31.32,36.04,2.23,0.84,1.56,0.35,1.06,0.56,0.59,0.19,1.94,0.95,0.55,0.12,0.87,1.61,0.72,0.45,0.15,0.00,0.15,0.00,8.72,12.87,0.50,0.04,0.00,0.00,4.53,5.86,0.00,0.00,0.00,0.00,0.63,0.54
16234.5,-2.000,7.000,0.000,0.000,0.000,0,0,0.800,0,2.10,0.07,0.20,80.88,46.57,166.94,164.60,113.45,84.03,117.30,107.56,0.81,1.25,55.99,52.58,67.17,53.90,105.04,93.84,99.31,87.33,352.94,352.94,137.87,137.25,0.00,0.00,0.00,0.00,8.66,8.11,0.77,1.51,6.70,6.73,0.00,0.00,0.00,0.00,0.00,0.00,0.00,0.00,1.15,1.70,0.00,0.00,0.00,0.16,0.00,3.15,1.67,0.00,0.00,0.00,0.00,9.47,13.82,0.00,0.00,0.00,0.00,0.00,0.00,0.00,0.00,0.59,0.58,4.72,5.21,0.00,0.00,0.00,0.00,20.62,28.72,1.82,1.99,0.27,0.18,0.00,0.00,0.00,5.55,6.46,2.97,3.83,0.00,0.78,0.00,0.00,0.00,17.65,2.18,0.00,0.00,0.00,82.20,88.24,2.22,1.57,14.81,15.13,0.00,0.00,95.02,90.07,0.00,0.00,0.00,0.00,0.00,0.00,0.00,0.00,0.00,0.00,352.94,323.53,0.00,0.00,29.41,0.00,0.00,0.00,29.41,29.41,0.00,0.00,0.00,0.00,0.00,0.00,0.00,0.00,0.00,0.00,0.38,0.20,0.14,0.00,1.97,1.91,9.80,8.24,0.00,0.00,0.00,0.00,0.00,0.00,0.00,0.00,8.81,10.27,19.09,31.44,31.08,35.71,31.19,35.05,2.15,1.24,2.07,1.06,0.68,0.45,0.55,0.23,1.83,1.19,0.35,0.31,1.06,1.15,0.72,0.85,0.11,0.00,0.11,0.00,8.95,12.43,0.23,0.00,0.00,0.00,5.46,5.74,0.00,0.00,0.00,0.00,0.67,0.60
