t_ms,threat,sternal_posterior_rotator|move_coxa_posterior|138983,accessory_tibia_flexor|flex_femur_tibia_joint|139104,tergotrochanter|extend_coxa_trochanter_joint|139163,long_tendon_muscle|pull_long_tendon|139388,long_tendon_muscle|pull_long_tendon|140394,accessory_tibia_flexor|flex_femur_tibia_joint|141575,sternal_anterior_rotator|move_coxa_anterior|141950,femur_reductor|unknown_leg_movement|142440,tergotrochanter|extend_coxa_trochanter_joint|142519,accessory_tibia_flexor|flex_femur_tibia_joint|142692,long_tendon_muscle|pull_long_tendon|142729,femur_reductor|unknown_leg_movement|142979,tibia_extensor|extend_femur_tibia_joint|144000,accessory_tibia_flexor|flex_femur_tibia_joint|144116,tibia_flexor|flex_femur_tibia_joint|144368,trochanter_extensor|extend_coxa_trochanter_joint|144568,femur_reductor|unknown_leg_movement|144790,tibia_flexor|flex_femur_tibia_joint|144943,long_tendon_muscle|pull_long_tendon|145046,pleural_remotor_abductor|move_coxa_posterior_lateral|145550,tibia_flexor|flex_femur_tibia_joint|145861,tergopleural_promotor|move_coxa_anterior|146002,long_tendon_muscle|pull_long_tendon|146256,long_tendon_muscle|pull_long_tendon|146725,tergopleural_promotor|move_coxa_anterior|146853,sternotrochanter|extend_coxa_trochanter_joint|146908,femur_reductor|unknown_leg_movement|147084,trochanter_flexor|flex_coxa_trochanter_joint|147330,accessory_tibia_flexor|flex_femur_tibia_joint|147711,sternotrochanter|extend_coxa_trochanter_joint|147924,sternal_posterior_rotator|move_coxa_posterior|148025,trochanter_flexor|flex_coxa_trochanter_joint|148153,long_tendon_muscle|pull_long_tendon|148686,trochanter_flexor|flex_coxa_trochanter_joint|148708,long_tendon_muscle|pull_long_tendon|148710,trochanter_flexor|flex_coxa_trochanter_joint|149054,sternal_adductor|move_coxa_medial|149086,accessory_trochanter_flexor|flex_coxa_trochanter_joint|149421,sternal_anterior_rotator|move_coxa_anterior|149442,trochanter_flexor|flex_coxa_trochanter_joint|149498,trochanter_flexor|flex_coxa_trochanter_joint|150223,tibia_flexor|flex_femur_tibia_joint|150775,accessory_trochanter_flexor|flex_coxa_trochanter_joint|151047,pleural_remotor_abductor|move_coxa_posterior_lateral|151350,sternal_posterior_rotator|move_coxa_posterior|151421,trochanter_flexor|flex_coxa_trochanter_joint|151695,femur_reductor|unknown_leg_movement|152868,tarsus_depressor|extend_tibia_tarsus_joint|152983,femur_reductor|unknown_leg_movement|153248,trochanter_flexor|flex_coxa_trochanter_joint|153798,accessory_tibia_flexor|flex_femur_tibia_joint|153968,trochanter_flexor|flex_coxa_trochanter_joint|154320,tergopleural_promotor|move_coxa_anterior|155137,accessory_tibia_flexor|flex_femur_tibia_joint|155175,accessory_tibia_flexor|flex_femur_tibia_joint|155734,accessory_tibia_flexor|flex_femur_tibia_joint|156282,accessory_tibia_flexor|flex_femur_tibia_joint|157098,tarsus_levator|flex_tibia_tarsus_joint|157274,tarsus_depressor|extend_tibia_tarsus_joint|157884,sternal_posterior_rotator|move_coxa_posterior|158165,accessory_tibia_flexor|flex_femur_tibia_joint|158286,tibia_extensor|extend_femur_tibia_joint|158937,tergotrochanter|extend_coxa_trochanter_joint|158967,tergotrochanter|extend_coxa_trochanter_joint|159089,accessory_tibia_flexor|flex_femur_tibia_joint|159201,tibia_flexor|flex_femur_tibia_joint|160275,tergopleural_promotor|move_coxa_anterior|160331,trochanter_extensor|extend_coxa_trochanter_joint|161158,tarsus_depressor|extend_tibia_tarsus_joint|161160,joint_lf_ThC_pro,joint_lf_CTr,joint_lf_FTi,joint_lf_TiTa,joint_lm_ThC_pro,joint_lm_CTr,joint_lm_FTi,joint_lm_TiTa,joint_lh_ThC_pro,joint_lh_CTr,joint_lh_FTi,joint_lh_TiTa,joint_rf_ThC_pro,joint_rf_CTr,joint_rf_FTi,joint_rf_TiTa,joint_rm_ThC_pro,joint_rm_CTr,joint_rm_FTi,joint_rm_TiTa,joint_rh_ThC_pro,joint_rh_CTr,joint_rh_FTi,joint_rh_TiTa
16.5,0,0.000,0.000,0.000,0.000,0.000,0.000,0.000,0.000,0.000,0.000,0.000,0.000,0.000,0.000,0.000,0.000,0.000,0.000,0.000,0.000,0.000,0.000,0.000,0.000,0.000,0.000,0.000,0.000,0.000,0.000,0.000,0.000,0.000,0.000,0.000,0.000,0.000,0.000,0.000,0.000,0.000,0.000,0.000,0.000,0.000,0.000,0.000,0.000,0.000,0.000,0.000,0.000,0.000,0.000,0.000,0.000,0.000,0.000,0.000,0.000,0.000,0.000,0.000,0.000,0.000,0.000,0.000,0.000,0.000,0.0000,0.0000,0.0000,0.0000,0.0000,0.0000,0.0043,0.0000,0.0000,0.0000,0.0234,0.0000,0.0000,0.0000,0.0000,0.0000,0.0000,0.0000,0.0000,0.0000,0.0000,0.0000,0.0000,0.0000
25.0,0,0.000,0.000,0.000,0.000,0.000,0.000,0.000,0.000,0.000,0.000,0.000,0.000,0.000,0.000,0.000,0.000,0.000,0.000,0.000,7.408,5.488,6.703,0.000,0.000,0.000,0.000,0.000,0.000,0.000,0.000,0.000,0.000,0.000,0.000,0.000,0.000,0.000,0.000,0.000,0.000,0.000,0.000,0.000,20.769,0.000,0.000,0.000,0.000,0.000,0.000,0.000,0.000,26.277,0.000,0.000,0.000,0.000,0.000,0.000,18.792,0.000,0.000,0.000,0.000,0.000,0.000,0.000,0.000,0.000,-0.0009,0.0000,0.0036,0.0000,0.0028,0.0012,0.0426,0.0000,0.0000,-0.0097,0.0874,0.0104,0.0000,0.0000,0.0000,0.0000,0.0000,0.0000,0.0000,0.0000,0.0000,0.0000,0.0081,0.0040
33.0,0,0.000,0.000,0.000,0.000,0.000,0.000,0.000,0.000,0.000,0.000,0.000,0.000,0.000,0.000,0.000,0.000,0.000,0.000,0.000,4.508,4.120,27.158,0.000,0.000,0.000,0.000,0.000,0.000,0.000,0.000,0.000,0.000,0.000,0.000,0.000,0.000,0.000,0.000,0.000,0.000,0.000,0.000,0.000,29.343,0.000,10.913,0.000,0.000,0.000,0.000,0.000,0.000,32.687,0.000,0.000,0.000,0.000,0.000,0.000,11.485,0.000,0.000,0.000,0.000,0.000,0.000,0.000,0.000,0.000,0.0041,0.0063,0.0084,0.0000,0.0082,-0.0086,0.1033,0.0000,-0.0060,-0.0393,0.1840,0.0238,-0.0029,0.0000,0.0000,0.0000,0.0000,0.0000,0.0000,0.0000,0.0000,0.0000,0.0266,0.0098
41.5,0,0.000,0.000,0.000,0.000,0.000,0.000,0.000,0.000,0.000,0.000,0.000,0.000,0.000,0.000,0.000,0.000,0.000,0.000,0.000,0.823,0.753,24.782,0.000,0.000,0.000,0.000,0.000,0.000,0.000,0.000,0.000,0.000,0.000,0.000,0.000,0.000,0.000,0.000,0.000,0.000,0.000,0.000,0.000,39.612,0.000,1.994,0.000,0.000,0.000,0.000,0.000,0.000,17.068,0.000,0.000,0.000,0.000,0.000,0.000,2.098,0.000,0.000,0.000,0.000,0.000,0.000,0.000,0.000,0.000,0.0148,0.0110,0.0111,0.0000,0.0136,-0.0241,0.1659,0.0000,-0.0166,-0.0858,0.2828,0.0419,-0.0143,-0.0084,0.0055,0.0000,-0.0059,0.0000,0.0091,0.0000,0.0000,0.0000,0.0643,0.0185
50.0,0,0.000,0.000,0.000,0.000,0.000,0.000,0.000,7.408,0.000,0.000,0.000,0.000,0.000,0.000,0.000,0.000,0.000,0.000,0.000,0.150,0.137,40.917,0.000,0.000,8.187,0.000,0.000,0.000,0.000,0.000,0.000,0.000,0.000,0.000,0.000,0.000,0.000,0.000,0.000,0.000,0.000,0.000,0.000,43.839,0.000,0.364,0.000,0.000,0.000,0.000,0.000,0.000,3.118,0.000,0.000,0.000,0.000,0.000,0.000,0.383,0.000,0.000,0.000,0.000,0.000,0.000,0.000,0.000,0.000,0.0323,0.0133,0.0122,0.0000,0.0167,-0.0428,0.2195,0.0000,-0.0288,-0.1416,0.3727,0.0556,-0.0311,-0.0400,0.0095,0.0026,-0.0138,-0.0043,0.0279,0.0000,-0.0021,-0.0036,0.1076,0.0258
58.0,0,0.000,0.000,0.000,0.000,0.000,0.000,0.000,6.984,0.000,0.000,0.000,0.000,0.000,0.000,0.000,0.000,0.000,0.000,0.000,0.030,0.028,45.857,0.000,0.000,14.767,0.000,0.000,0.000,0.000,0.000,0.000,0.000,0.000,0.000,0.000,13.153,0.000,0.000,0.000,0.000,20.769,0.000,0.000,35.842,0.000,0.074,0.000,0.000,0.000,0.000,0.000,0.000,0.630,0.000,0.000,0.000,0.000,0.000,0.000,0.077,0.000,0.000,0.000,0.000,0.000,0.000,0.000,0.000,0.000,0.0553,0.0306,0.0121,0.0000,0.0176,-0.0626,0.2555,0.0000,-0.0365,-0.1954,0.4468,0.0617,-0.0476,-0.0880,0.0115,0.0094,-0.0215,-0.0126,0.0517,0.0000,-0.0129,-0.0122,0.1500,0.0334
66.5,0,0.000,0.000,0.000,0.000,0.000,0.000,0.000,9.230,0.000,0.000,0.000,0.000,0.000,0.000,0.000,0.000,0.000,0.000,0.000,0.006,0.005,43.101,0.000,0.000,6.763,0.000,0.000,0.000,0.000,0.000,0.000,0.000,0.000,0.000,0.000,29.632,0.000,0.000,0.000,0.000,30.916,0.000,0.000,9.560,0.000,0.013,0.000,0.000,0.000,0.000,0.000,0.000,0.115,0.000,0.000,0.000,0.000,0.000,0.000,0.014,0.000,0.000,0.000,0.000,0.000,0.000,0.000,0.000,0.000,0.0801,0.0620,0.0113,0.0000,0.0171,-0.0755,0.2663,0.0000,-0.0338,-0.2342,0.4900,0.0619,-0.0594,-0.1413,0.0148,0.0216,-0.0255,-0.0292,0.0723,0.0000,-0.0271,-0.0181,0.1685,0.0491
75.0,0,0.000,0.000,0.000,0.000,0.000,0.000,0.000,5.365,0.000,0.000,0.000,0.000,0.000,0.000,0.000,0.000,0.000,0.000,0.000,0.001,0.001,38.422,0.000,0.000,3.702,0.000,0.000,0.000,0.000,0.000,0.000,0.000,0.000,0.000,0.000,20.819,0.000,0.000,0.000,0.000,29.493,0.000,0.000,1.746,0.000,0.002,0.000,0.000,0.000,0.000,0.000,0.000,0.021,0.000,0.000,0.000,0.000,0.000,0.000,0.003,0.000,0.000,0.000,0.000,0.000,0.000,0.000,0.000,0.000,0.1059,0.0968,0.0102,0.0000,0.0159,-0.0797,0.2582,0.0000,-0.0189,-0.2519,0.4930,0.0584,-0.0635,-0.1867,0.0165,0.0364,-0.0264,-0.0488,0.0842,0.0000,-0.0374,-0.0183,0.1637,0.0723
83.0,0,0.000,0.000,0.000,0.000,0.000,0.000,0.000,1.083,0.000,0.000,0.000,0.000,0.000,3.679,0.000,0.000,0.000,0.000,0.000,0.000,0.000,38.018,0.000,0.000,4.426,0.000,0.000,0.000,0.000,0.000,0.000,0.000,0.000,0.000,0.000,4.203,0.000,0.000,0.000,0.000,8.967,0.000,0.000,0.353,0.000,0.000,0.000,0.000,0.000,0.000,0.000,0.000,0.004,0.000,0.000,0.000,0.000,0.000,0.000,0.001,0.000,0.000,0.000,0.000,0.000,0.000,0.000,0.000,0.000,0.1318,0.1194,0.0116,0.0000,0.0142,-0.0776,0.2387,0.0000,0.0055,-0.2526,0.4663,0.0530,-0.0624,-0.2190,0.0165,0.0533,-0.0255,-0.0630,0.0863,0.0000,-0.0419,-0.0109,0.1526,0.1035
91.5,0,0.000,0.000,0.000,0.000,0.000,0.000,0.000,0.198,0.000,0.000,0.000,0.000,0.000,0.672,0.000,0.000,0.000,0.000,0.000,0.000,0.000,23.385,0.000,0.000,0.809,0.000,0.000,0.000,0.000,0.000,0.000,0.000,0.000,0.000,0.000,0.768,0.000,0.000,0.000,0.000,1.638,0.000,0.000,0.064,0.000,0.000,0.000,0.000,0.000,0.000,0.000,0.000,0.001,0.000,0.000,0.000,0.000,0.000,0.000,0.000,0.000,0.000,0.000,0.000,0.000,0.000,0.000,0.000,0.000,0.1510,0.1274,0.0122,0.0000,0.0171,-0.0720,0.2136,0.0000,0.0352,-0.2426,0.4176,0.0526,-0.0636,-0.2371,0.0280,0.0699,-0.0234,-0.0687,0.0787,0.0000,-0.0422,-0.0003,0.1459,0.1361
100.0,0,0.000,0.000,0.000,0.000,0.000,0.000,0.000,0.036,0.000,0.000,0.000,0.000,0.000,0.123,0.000,0.000,0.000,0.000,0.000,0.000,0.000,6.291,0.000,0.000,0.148,0.000,0.000,0.000,0.000,0.000,0.000,0.000,0.000,0.000,0.000,0.140,0.000,0.000,0.000,0.000,0.299,0.000,0.000,0.012,0.000,0.000,0.000,0.000,0.000,0.000,0.000,0.000,0.000,0.000,0.000,0.000,0.000,0.000,0.000,0.000,0.000,0.000,0.000,0.000,0.000,0.000,0.000,0.000,0.000,0.1586,0.1250,0.0119,0.0000,0.0229,-0.0645,0.1867,0.0000,0.0647,-0.2239,0.3581,0.0565,-0.0724,-0.2446,0.0475,0.0848,-0.0209,-0.0682,0.0623,0.0050,-0.0399,0.0114,0.1433,0.1691
108.0,0,0.000,0.000,0.000,0.000,0.000,0.000,0.000,0.007,0.000,0.000,0.000,0.000,0.000,0.025,0.000,0.000,0.000,0.000,0.000,0.000,0.000,1.270,0.000,0.000,0.030,0.000,0.000,0.000,0.000,0.000,0.000,0.000,0.000,0.000,0.000,0.028,0.000,0.000,0.000,0.000,0.060,0.000,0.000,0.002,0.000,0.000,0.000,0.000,0.000,0.000,0.000,0.000,0.000,0.000,0.000,0.000,0.000,0.000,0.000,0.000,0.000,0.000,0.000,0.000,0.000,0.000,0.000,0.000,0.000,0.1556,0.1163,0.0111,0.0000,0.0261,-0.0564,0.1603,0.0000,0.0936,-0.2030,0.2984,0.0704,-0.0866,-0.2385,0.0596,0.0968,-0.0182,-0.0639,0.0470,0.0142,-0.0363,0.0267,0.1430,0.1982
116.5,0,0.000,0.000,0.000,0.000,0.000,0.000,0.000,0.001,0.000,0.000,0.000,0.000,0.000,0.005,0.000,0.000,0.000,0.000,0.000,0.000,0.000,0.232,0.000,0.000,0.005,0.000,0.000,0.000,0.000,0.000,0.000,0.000,0.000,0.000,0.000,0.005,0.000,0.000,0.000,0.000,0.011,0.000,0.000,0.000,0.000,0.000,0.000,0.000,0.000,0.000,0.000,0.000,0.000,0.000,0.000,0.000,0.000,0.000,0.000,0.000,0.000,0.000,0.000,0.000,0.000,0.000,0.000,0.000,0.000,0.1455,0.1046,0.0099,0.0000,0.0267,-0.0485,0.1357,0.0000,0.1172,-0.1797,0.2494,0.0900,-0.1014,-0.2222,0.0659,0.1065,-0.0156,-0.0578,0.0350,0.0202,-0.0321,0.0427,0.1398,0.2257
125.0,0,0.000,0.000,0.000,0.000,0.000,0.000,0.000,0.000,0.000,0.000,0.000,0.000,0.000,0.001,0.000,0.000,0.000,0.000,0.000,0.000,0.000,0.042,0.000,0.000,0.001,0.000,0.000,0.000,0.000,0.000,0.000,0.000,0.000,0.000,0.000,0.001,0.000,0.000,0.000,0.000,0.002,0.000,0.000,0.000,0.000,0.000,0.000,0.000,0.000,0.000,0.000,0.000,0.000,0.000,0.000,0.000,0.000,0.000,0.000,0.000,0.000,0.000,0.000,0.000,0.000,0.000,0.000,0.000,0.000,0.1314,0.0917,0.0087,0.0000,0.0255,-0.0411,0.1137,0.0000,0.1394,-0.1609,0.2273,0.1135,-0.1130,-0.2039,0.0661,0.1136,-0.0208,-0.0508,0.0260,0.0227,-0.0277,0.0515,0.1466,0.2445
133.0,0,0.000,0.000,0.000,0.000,0.000,0.000,0.000,0.000,0.000,0.000,0.000,0.000,0.000,0.000,0.000,0.000,0.000,0.000,0.000,0.000,0.000,0.009,0.000,0.000,0.000,0.000,0.000,0.000,0.000,0.000,0.000,0.000,0.000,0.000,0.000,0.000,0.000,0.000,0.000,0.000,0.000,0.000,0.000,0.000,0.000,0.000,0.000,0.000,0.000,0.000,0.000,0.000,0.000,0.000,0.000,0.000,0.000,0.000,0.000,0.000,0.000,0.000,0.000,0.000,0.000,0.000,0.000,0.000,0.000,0.1158,0.0789,0.0075,0.0000,0.0233,-0.0344,0.0884,0.0000,0.1568,-0.1470,0.2275,0.1348,-0.1185,-0.1931,0.0625,0.1134,-0.0302,-0.0439,0.0192,0.0229,-0.0236,0.0540,0.1584,0.2574
141.5,0,0.000,0.000,0.000,0.000,0.000,0.000,0.000,0.000,0.000,0.000,0.000,0.000,0.000,0.000,0.000,0.000,0.000,0.000,0.000,0.000,0.000,0.002,0.000,0.000,0.000,0.000,0.000,0.000,0.000,0.000,0.000,0.000,0.000,0.000,0.000,0.000,0.000,0.000,0.000,0.000,0.000,0.000,0.000,4.493,0.000,0.000,0.000,0.000,0.000,0.000,0.000,0.000,0.000,0.000,0.000,0.000,0.000,0.000,0.000,0.000,0.000,0.000,0.000,0.000,0.000,0.000,0.000,0.000,0.000,0.0986,0.0670,0.0063,0.0000,0.0207,-0.0285,0.0612,0.0000,0.1682,-0.1481,0.2442,0.1539,-0.1194,-0.1811,0.0568,0.1089,-0.0429,-0.0373,0.0100,0.0217,-0.0199,0.0523,0.1825,0.2614
150.0,0,0.000,0.000,0.000,0.000,0.000,0.000,0.000,0.000,0.000,0.000,0.000,0.000,0.000,0.000,0.000,0.000,0.000,0.000,0.000,0.000,0.000,0.000,0.000,0.000,0.000,0.000,0.000,0.000,0.000,0.000,0.000,0.000,0.000,0.000,0.000,0.000,0.000,0.000,0.000,0.000,0.000,0.000,0.000,18.946,0.000,0.000,0.000,0.000,0.000,0.000,0.000,0.000,0.000,0.000,0.000,0.000,0.000,0.000,0.000,0.000,0.000,0.000,0.000,0.000,0.000,0.000,0.000,0.000,0.000,0.0776,0.0562,0.0053,0.0000,0.0180,-0.0235,0.0389,0.0000,0.1757,-0.1607,0.2792,0.1718,-0.1190,-0.1666,0.0502,0.1004,-0.0546,-0.0313,-0.0019,0.0197,-0.0166,0.0483,0.2043,0.2529
158.0,0,0.000,0.000,0.000,0.000,0.000,0.000,0.000,0.000,0.000,0.000,0.000,0.000,0.000,0.000,0.000,0.000,0.000,0.000,0.000,0.000,0.000,10.420,0.000,0.000,0.000,0.000,0.000,0.000,0.000,0.000,0.000,0.000,0.000,0.000,0.000,0.000,0.000,0.000,0.000,0.000,0.000,0.000,0.000,30.086,0.000,0.000,0.000,0.000,0.000,0.000,0.000,0.000,0.000,0.000,0.000,0.000,0.000,0.000,0.000,0.000,0.000,0.000,0.000,0.000,0.000,0.000,0.000,0.000,0.000,0.0589,0.0467,0.0044,0.0000,0.0153,-0.0261,0.0403,0.0000,0.1838,-0.1903,0.3291,0.1821,-0.1205,-0.1564,0.0434,0.0898,-0.0619,-0.0260,-0.0102,0.0174,-0.0137,0.0431,0.2152,0.2349
166.5,0,0.000,0.000,0.000,0.000,0.000,0.000,0.000,0.000,0.000,0.000,0.000,0.000,0.000,0.000,0.000,0.000,0.000,0.000,0.000,0.000,0.000,10.117,0.000,0.000,0.000,0.000,0.000,0.000,0.000,0.000,0.000,0.000,0.000,0.000,0.000,0.000,0.000,0.000,0.000,0.000,0.000,0.000,0.000,40.007,0.000,0.000,0.000,0.000,0.000,0.000,0.000,0.000,0.000,0.000,0.000,0.000,0.000,0.000,0.000,0.000,0.000,0.000,0.000,0.000,0.000,0.000,0.000,0.000,0.000,0.0419,0.0385,0.0036,0.0000,0.0129,-0.0277,0.0450,0.0000,0.1907,-0.2312,0.3812,0.1870,-0.1254,-0.1516,0.0370,0.0784,-0.0653,-0.0215,-0.0106,0.0151,-0.0112,0.0435,0.2081,0.2115
175.0,0,0.000,0.000,0.000,0.000,0.000,0.000,0.000,0.000,0.000,0.000,0.000,0.000,0.000,0.000,0.000,0.000,0.000,0.000,0.000,0.000,0.000,14.249,0.000,0.000,0.000,0.000,0.000,0.000,0.000,8.187,0.000,0.000,0.000,0.000,0.000,0.000,0.000,0.000,0.000,0.000,0.000,0.000,0.000,44.690,0.000,0.000,0.000,0.000,0.000,0.000,0.000,0.000,0.000,0.000,0.000,0.000,0.000,0.000,0.000,0.000,0.000,0.000,0.000,0.000,0.000,0.000,0.000,0.000,0.000,0.0285,0.0265,0.0030,0.0000,0.0108,-0.0273,0.0443,0.0000,0.1981,-0.2784,0.4312,0.1925,-0.1310,-0.1627,0.0345,0.0706,-0.0640,-0.0176,-0.0100,0.0128,-0.0092,0.0425,0.1917,0.1859
183.0,0,0.000,0.000,0.000,0.000,0.000,0.000,0.000,0.000,0.000,0.000,0.000,0.000,0.000,3.012,0.000,0.000,0.000,0.000,0.000,0.000,0.000,18.283,0.000,0.000,0.000,0.000,0.000,0.000,0.000,1.653,0.000,0.000,0.000,0.000,0.000,0.000,0.000,0.000,0.000,0.000,0.000,0.000,0.000,37.096,0.000,0.000,0.000,0.000,0.000,0.000,0.000,0.000,0.000,0.000,0.000,0.000,0.000,0.000,0.000,0.000,0.000,0.000,0.000,0.000,0.000,0.000,0.000,0.000,0.000,0.0205,0.0168,0.0046,0.0000,0.0089,-0.0255,0.0410,0.0000,0.2040,-0.3295,0.4737,0.1969,-0.1361,-0.1801,0.0365,0.0681,-0.0596,-0.0144,-0.0051,0.0108,-0.0024,0.0397,0.1711,0.1604
191.5,0,0.000,0.000,0.000,0.000,0.000,0.000,0.000,0.000,0.000,0.000,0.000,0.000,0.000,0.550,0.000,0.000,0.000,0.000,0.000,0.000,0.000,17.967,0.000,0.000,0.000,0.000,0.000,0.000,0.000,0.302,0.000,0.000,0.000,0.000,0.000,0.000,0.000,0.000,0.000,0.000,0.000,0.000,0.000,19.374,0.000,0.000,0.000,0.000,0.000,0.000,0.000,0.000,0.000,0.000,0.000,0.000,0.000,0.000,0.000,0.000,0.000,0.000,0.000,0.000,0.000,0.000,0.000,0.000,0.000,0.0185,0.0100,0.0056,0.0000,0.0073,-0.0230,0.0367,0.0000,0.2089,-0.3780,0.5095,0.2021,-0.1388,-0.1993,0.0368,0.0708,-0.0551,-0.0116,0.0027,0.0090,0.0082,0.0359,0.1492,0.1465
200.0,0,0.000,0.000,0.000,0.000,0.000,0.000,0.000,0.000,0.000,0.000,0.000,0.000,0.000,0.101,0.000,0.000,0.000,0.000,0.000,0.000,0.000,10.007,0.000,0.000,0.000,0.000,0.000,0.000,0.000,0.055,0.000,0.000,0.000,0.000,0.000,0.000,0.000,0.000,0.000,0.000,0.000,0.000,0.000,5.771,0.000,0.000,0.000,0.000,0.000,0.000,0.000,0.000,0.000,0.000,0.000,0.000,0.000,0.000,0.000,0.000,0.000,0.000,0.000,0.000,0.000,0.000,0.000,0.000,0.000,0.0212,0.0055,0.0060,0.0000,0.0060,-0.0203,0.0320,0.0000,0.2101,-0.4212,0.5366,0.2116,-0.1391,-0.2111,0.0350,0.0763,-0.0496,-0.0094,0.0082,0.0074,0.0198,0.0315,0.1278,0.1447
208.0,0,0.000,0.000,0.000,0.000,0.000,0.000,0.000,0.000,0.000,0.000,0.000,0.000,0.000,0.020,0.000,0.000,0.000,0.000,0.000,0.000,0.000,4.252,0.000,0.000,0.000,0.000,0.000,0.000,0.000,0.011,0.000,0.000,0.000,0.000,0.000,0.000,0.000,0.000,0.000,0.000,0.000,0.000,0.000,1.165,0.000,0.000,0.000,0.000,0.000,0.000,0.000,0.000,0.000,0.000,0.000,0.000,0.000,0.000,0.000,0.000,0.000,0.000,0.000,0.000,0.000,0.000,0.000,0.000,0.000,0.0260,0.0026,0.0059,0.0000,0.0049,-0.0153,0.0275,0.0000,0.2093,-0.4573,0.5502,0.2255,-0.1371,-0.2137,0.0320,0.0866,-0.0435,-0.0076,0.0057,0.0104,0.0267,0.0350,0.1081,0.1549
216.5,0,0.000,0.000,0.000,0.000,0.000,0.000,0.000,0.000,0.000,0.000,0.000,0.000,0.000,0.004,0.000,0.000,0.000,0.000,0.000,0.000,0.000,0.777,0.000,0.000,0.000,0.000,0.000,0.000,0.000,0.002,0.000,0.000,0.000,0.000,0.000,0.000,0.000,0.000,0.000,0.000,0.000,0.000,0.000,0.213,0.000,0.000,0.000,0.000,0.000,0.000,0.000,0.000,0.000,0.000,0.000,0.000,0.000,0.000,0.000,0.000,0.000,0.000,0.000,0.000,0.000,0.000,0.000,0.000,0.000,0.0298,0.0007,0.0055,0.0000,0.0039,-0.0112,0.0232,0.0000,0.2018,-0.4834,0.5540,0.2409,-0.1338,-0.2126,0.0309,0.0984,-0.0375,-0.0061,0.0014,0.0183,0.0335,0.0404,0.0904,0.1718
225.0,0,0.000,0.000,0.000,0.000,0.000,0.000,0.000,0.000,0.000,0.000,0.000,0.000,0.000,0.001,0.000,0.000,0.000,0.000,0.000,0.000,0.000,0.142,0.000,0.000,0.000,0.000,0.000,0.000,0.000,0.000,0.000,0.000,0.000,0.000,0.000,0.000,0.000,0.000,0.000,0.000,0.000,0.000,0.000,0.039,0.000,0.000,0.000,0.000,0.000,0.000,0.000,0.000,0.000,0.000,0.000,0.000,0.000,0.000,0.000,0.000,0.000,0.000,0.000,0.000,0.000,0.000,0.000,0.000,0.000,0.0316,-0.0004,0.0049,0.0000,0.0032,-0.0080,0.0194,0.0000,0.1928,-0.4954,0.5514,0.2548,-0.1293,-0.2045,0.0290,0.1067,-0.0319,-0.0048,-0.0031,0.0251,0.0365,0.0423,0.0749,0.1886
233.0,0,0.000,0.000,0.000,0.000,0.000,0.000,0.000,0.000,0.000,0.000,0.000,0.000,0.000,0.000,0.000,0.000,0.000,0.000,0.000,0.000,0.000,0.029,0.000,0.000,0.000,0.000,0.000,0.000,0.000,0.000,0.000,0.000,0.000,0.000,0.000,0.000,0.000,0.000,0.000,0.000,0.000,0.000,0.000,7.416,0.000,0.000,0.000,0.000,0.000,0.000,0.000,0.000,0.000,0.000,0.000,0.000,0.000,0.000,0.000,0.000,0.000,0.000,0.000,0.000,0.000,0.000,0.000,0.000,0.000,0.0294,-0.0010,0.0043,0.0000,0.0025,-0.0058,0.0161,0.0000,0.1784,-0.4926,0.5481,0.2628,-0.1219,-0.1907,0.0264,0.1110,-0.0268,-0.0039,-0.0087,0.0308,0.0362,0.0429,0.0616,0.2018
241.5,0,0.000,0.000,0.000,0.000,0.000,0.000,0.000,0.000,0.000,0.000,0.000,0.000,0.000,0.000,0.000,0.000,0.000,0.000,0.000,0.000,0.000,0.005,0.000,0.000,0.000,0.000,0.000,0.000,0.000,0.000,0.000,0.000,0.000,0.000,0.000,0.000,0.000,0.000,0.000,0.000,0.000,0.000,0.000,11.737,0.000,0.000,0.000,0.000,0.000,0.000,0.000,0.000,0.000,0.000,0.000,0.000,0.000,0.000,0.000,0.000,0.000,0.000,0.000,0.000,0.000,0.000,0.000,0.000,0.000,0.0222,-0.0013,0.0037,0.0000,0.0020,-0.0041,0.0104,0.0000,0.1615,-0.4773,0.5436,0.2642,-0.1161,-0.1721,0.0233,0.1101,-0.0223,-0.0031,-0.0120,0.0330,0.0340,0.0411,0.0504,0.2079
250.0,0,0.000,0.000,0.000,0.000,0.000,0.000,0.000,0.000,0.000,0.000,0.000,0.000,0.000,0.000,0.000,0.000,0.000,0.000,0.000,0.000,0.000,0.001,0.000,0.000,0.000,0.000,0.000,0.000,0.000,0.000,0.000,0.000,0.000,0.000,0.000,0.000,0.000,0.000,0.000,0.000,0.000,0.000,0.000,30.951,0.000,0.000,0.000,0.000,0.000,0.000,0.000,0.000,0.000,0.000,0.000,0.000,0.000,0.000,0.000,0.000,0.000,0.000,0.000,0.000,0.000,0.000,0.000,0.000,0.000,0.0097,-0.0014,0.0031,0.0000,0.0016,-0.0029,0.0059,0.0000,0.1428,-0.4570,0.5449,0.2600,-0.1160,-0.1516,0.0201,0.1038,-0.0242,-0.0024,-0.0130,0.0325,0.0307,0.0378,0.0410,0.2075
258.0,0,0.000,0.000,0.000,0.000,0.000,0.000,0.000,0.000,0.000,0.000,0.000,0.000,0.000,0.000,0.000,0.000,0.000,0.000,0.000,0.000,0.000,0.000,0.000,0.000,0.000,0.000,0.000,0.000,0.000,0.000,0.000,0.000,0.000,0.000,0.000,0.000,0.000,0.000,0.000,0.000,0.000,0.000,0.000,39.091,4.493,0.000,0.000,0.000,0.000,0.000,0.000,0.000,0.000,0.000,0.000,0.000,0.000,0.000,0.000,8.791,0.000,0.000,0.000,0.000,0.000,0.000,0.000,0.000,0.000,-0.0150,-0.0013,0.0026,0.0000,0.0013,-0.0021,0.0100,0.0000,0.1238,-0.4412,0.5519,0.2525,-0.1255,-0.1309,0.0172,0.0964,-0.0254,-0.0019,-0.0097,0.0303,0.0270,0.0336,0.0353,0.1978
266.5,0,0.000,0.000,0.000,0.000,0.000,0.000,0.000,0.000,0.000,0.000,0.000,0.000,0.000,0.000,0.000,0.000,0.000,0.000,0.000,0.000,0.000,0.000,0.000,0.000,0.000,0.000,0.000,0.000,0.000,0.000,0.000,0.000,0.000,0.000,0.000,0.000,0.000,0.000,0.000,0.000,0.000,0.000,0.000,56.139,0.821,0.000,0.000,0.000,0.000,0.000,0.000,0.000,0.000,0.000,0.000,0.000,0.000,0.000,0.000,17.903,0.000,0.000,0.000,0.000,0.000,0.000,0.000,0.000,0.000,-0.0464,-0.0012,0.0022,0.0000,0.0010,-0.0040,0.0308,0.0000,0.1056,-0.4373,0.5631,0.2433,-0.1394,-0.1113,0.0144,0.0870,-0.0249,-0.0015,-0.0036,0.0273,0.0233,0.0269,0.0304,0.1815
275.0,0,0.000,0.000,0.000,0.000,0.000,0.000,0.000,0.000,0.000,0.000,0.000,0.000,0.000,0.000,0.000,0.000,0.000,0.000,0.000,0.000,0.000,0.000,0.000,0.000,0.000,0.000,0.000,0.000,0.000,0.000,0.000,0.000,0.000,0.000,0.000,0.000,0.000,0.000,0.000,0.000,0.000,0.000,0.000,63.702,0.150,0.000,0.000,0.000,0.000,0.000,0.000,0.000,0.000,0.000,0.000,0.000,0.000,0.000,0.000,3.271,0.000,0.000,0.000,0.000,0.000,0.000,0.000,0.000,0.000,-0.0733,-0.0011,0.0018,0.0000,0.0008,-0.0103,0.0533,0.0000,0.0890,-0.4427,0.5760,0.2313,-0.1525,-0.0936,0.0120,0.0765,-0.0232,-0.0012,0.0009,0.0239,0.0198,0.0210,0.0233,0.1617
283.0,0,0.000,0.000,0.000,0.000,0.000,0.000,0.000,10.913,0.000,0.000,0.000,0.000,0.000,0.000,0.000,0.000,0.000,0.000,0.000,0.000,0.000,8.187,0.000,0.000,0.000,0.000,0.000,0.000,0.000,0.000,0.000,0.000,0.000,0.000,0.000,0.000,0.000,0.000,0.000,0.000,0.000,0.000,0.000,66.755,0.030,0.000,0.000,0.000,0.000,0.000,0.000,0.000,0.000,0.000,0.000,0.000,0.000,0.000,0.000,0.660,0.000,0.000,0.000,0.000,0.000,0.000,0.000,0.000,0.000,-0.0891,-0.0010,0.0015,0.0000,0.0006,-0.0200,0.0618,0.0000,0.0742,-0.4601,0.5893,0.2148,-0.1630,-0.0943,0.0099,0.0686,-0.0209,-0.0009,0.0089,0.0206,0.0167,0.0163,0.0173,0.1433
291.5,0,0.000,0.000,0.000,0.000,0.000,0.000,0.000,12.025,0.000,0.000,0.000,0.000,0.000,3.679,0.000,0.000,0.000,0.000,0.000,0.000,0.000,16.032,0.000,0.000,0.000,0.000,0.000,0.000,0.000,0.000,0.000,0.000,0.000,0.000,0.000,0.000,0.000,0.000,0.000,0.000,0.000,0.000,0.000,72.680,0.006,0.000,0.000,0.000,0.000,0.000,0.000,0.000,0.000,0.000,0.000,0.000,0.000,0.000,0.000,0.121,0.000,0.000,0.000,0.000,0.000,0.000,0.000,0.000,0.000,-0.0940,-0.0008,0.0038,0.0000,0.0005,-0.0325,0.0561,0.0000,0.0739,-0.4843,0.6036,0.1960,-0.1699,-0.1126,0.0082,0.0669,-0.0183,-0.0066,0.0233,0.0175,0.0139,0.0126,0.0072,0.1338
300.0,0,0.000,0.000,0.000,0.000,0.000,0.000,0.000,8.921,0.000,0.000,0.000,0.000,0.000,0.672,0.000,0.000,0.000,0.000,0.000,0.000,0.000,23.610,0.000,0.000,0.000,0.000,0.000,0.000,0.000,0.000,0.000,0.000,0.000,0.000,0.000,10.000,0.000,0.000,0.000,0.000,0.000,0.000,0.000,62.754,0.001,0.000,0.000,0.000,0.000,0.000,0.000,0.000,0.000,0.000,0.000,0.000,0.000,0.000,0.000,0.022,0.000,0.000,0.000,0.000,0.000,0.000,0.000,0.000,0.000,-0.0896,0.0052,0.0054,0.0000,0.0004,-0.0397,0.0453,0.0000,0.0878,-0.5096,0.6104,0.1766,-0.1731,-0.1398,0.0117,0.0704,-0.0240,-0.0154,0.0439,0.0147,0.0201,0.0098,0.0012,0.1323
308.0,0,0.000,0.000,0.000,0.000,0.000,0.000,0.000,4.033,0.000,0.000,0.000,0.000,0.000,0.136,0.000,0.000,0.000,0.000,0.000,0.000,0.000,34.067,0.000,0.000,10.000,0.000,0.000,0.000,0.000,0.000,0.000,0.000,0.000,0.000,0.000,14.700,0.000,0.000,0.000,0.000,10.737,0.000,0.000,49.793,0.000,0.000,0.000,0.000,0.000,0.000,0.000,0.000,0.000,0.000,0.000,0.000,0.000,0.000,0.000,0.004,0.000,0.000,0.000,0.000,0.000,0.000,0.000,0.000,0.000,-0.0709,0.0222,0.0061,0.0000,0.0003,-0.0420,0.0352,0.0000,0.1073,-0.5329,0.6092,0.1587,-0.1708,-0.1690,0.0143,0.0795,-0.0331,-0.0258,0.0598,0.0122,0.0313,0.0076,-0.0044,0.1319
316.5,0,0.000,0.000,0.000,0.000,0.000,0.000,0.000,0.737,0.000,0.000,0.000,0.000,0.000,0.025,0.000,0.000,0.000,0.000,0.000,0.000,0.000,39.408,0.000,0.000,7.315,0.000,0.000,0.000,0.000,0.000,0.000,0.000,0.000,0.000,0.000,17.053,0.000,0.000,0.000,0.000,15.196,0.000,0.000,25.771,0.000,0.000,0.000,0.000,0.000,0.000,0.000,0.000,0.000,0.000,0.000,0.000,0.000,0.000,0.000,0.001,0.000,0.000,0.000,0.000,0.000,0.000,0.000,0.000,0.000,-0.0431,0.0469,0.0062,0.0000,0.0002,-0.0410,0.0257,0.0000,0.1274,-0.5528,0.6088,0.1469,-0.1616,-0.1893,0.0151,0.0965,-0.0380,-0.0318,0.0643,0.0100,0.0444,0.0058,-0.0118,0.1369
325.0,0,0.000,0.000,0.000,0.000,0.000,0.000,0.000,0.135,0.000,0.000,0.000,0.000,0.000,0.005,0.000,0.000,0.000,0.000,0.000,0.000,0.000,33.239,0.000,0.000,4.348,0.000,0.000,0.000,0.000,0.000,0.000,0.000,0.000,0.000,0.000,6.127,0.000,0.000,0.000,0.000,5.242,0.000,0.000,6.727,0.000,0.000,0.000,0.000,0.000,0.000,0.000,0.000,0.000,0.000,0.000,0.000,0.000,0.000,0.000,0.000,0.000,0.000,0.000,0.000,0.000,0.000,0.000,0.000,0.000,-0.0104,0.0657,0.0058,0.0000,0.0002,-0.0380,0.0184,0.0000,0.1437,-0.5684,0.6078,0.1406,-0.1487,-0.1954,0.0181,0.1133,-0.0388,-0.0336,0.0603,0.0082,0.0606,0.0045,-0.0214,0.1448
333.0,0,0.000,0.000,0.000,0.000,0.000,0.000,0.000,0.027,0.000,0.000,0.000,0.000,0.000,0.001,0.000,0.000,0.000,0.000,0.000,0.000,0.000,25.489,0.000,0.000,13.344,0.000,0.000,0.000,0.000,0.000,0.000,0.000,0.000,0.000,0.000,1.237,0.000,0.000,0.000,0.000,1.058,0.000,0.000,1.358,0.000,0.000,0.000,0.000,0.000,0.000,0.000,0.000,0.000,0.000,0.000,0.000,0.000,0.000,0.000,0.000,0.000,0.000,0.000,0.000,0.000,0.000,0.000,0.000,0.000,0.0285,0.0745,0.0053,0.0000,0.0002,-0.0340,0.0059,0.0000,0.1527,-0.5783,0.6133,0.1398,-0.1396,-0.1891,0.0195,0.1300,-0.0371,-0.0328,0.0506,0.0067,0.0755,0.0035,-0.0346,0.1551
341.5,0,0.000,0.000,0.000,0.000,0.000,0.000,0.000,0.005,0.000,0.000,0.000,0.000,0.000,0.000,0.000,0.000,0.000,0.000,0.000,0.000,0.000,15.175,0.000,0.000,2.438,0.000,0.000,0.000,0.000,0.000,0.000,0.000,0.000,0.000,0.000,0.226,0.000,0.000,0.000,0.000,0.193,0.000,0.000,0.248,0.000,0.000,0.000,0.000,0.000,0.000,0.000,0.000,0.000,0.000,0.000,0.000,0.000,0.000,0.000,0.000,0.000,0.000,0.000,0.000,0.000,0.000,0.000,0.000,0.000,0.0608,0.0755,0.0047,0.0000,0.0001,-0.0298,-0.0062,0.0000,0.1579,-0.5832,0.6217,0.1427,-0.1370,-0.1748,0.0227,0.1490,-0.0339,-0.0303,0.0338,0.0054,0.0847,0.0027,-0.0469,0.1633
350.0,0,0.000,0.000,0.000,0.000,0.000,0.000,0.000,0.001,0.000,0.000,0.000,0.000,0.000,0.000,0.000,0.000,0.000,0.000,0.000,0.000,0.000,5.784,0.000,0.000,0.445,0.000,0.000,0.000,0.000,0.000,0.000,0.000,0.000,0.000,0.000,0.041,0.000,0.000,0.000,0.000,0.035,0.000,0.000,0.045,0.000,0.000,0.000,0.000,0.000,0.000,0.000,0.000,0.000,0.000,0.000,0.000,0.000,0.000,0.000,0.000,0.000,0.000,0.000,0.000,0.000,0.000,0.000,0.000,0.000,0.0815,0.0717,0.0041,0.0000,0.0001,-0.0256,-0.0155,0.0000,0.1587,-0.5812,0.6321,0.1469,-0.1395,-0.1564,0.0295,0.1615,-0.0301,-0.0272,0.0172,0.0044,0.0922,0.0021,-0.0583,0.1674
358.0,0,0.000,0.000,0.000,0.000,0.000,0.000,0.000,0.000,0.000,0.000,0.000,0.000,0.000,0.000,0.000,0.000,0.000,0.000,0.000,0.000,0.000,1.168,0.000,0.000,0.090,0.000,0.000,0.000,0.000,0.000,0.000,0.000,0.000,0.000,0.000,0.008,0.000,0.000,0.000,0.000,0.007,0.000,0.000,0.009,0.000,0.000,0.000,0.000,0.000,0.000,0.000,0.000,0.000,0.000,0.000,0.000,0.000,0.000,0.000,0.000,0.000,0.000,0.000,0.000,0.000,0.000,0.000,0.000,0.000,0.0907,0.0653,0.0035,0.0000,0.0001,-0.0216,-0.0235,0.0000,0.1540,-0.5657,0.6408,0.1493,-0.1480,-0.1367,0.0398,0.1682,-0.0261,-0.0238,0.0012,0.0035,0.0969,0.0016,-0.0675,0.1627
366.5,0,0.000,0.000,0.000,0.000,0.000,0.000,0.000,0.000,0.000,0.000,0.000,0.000,0.000,0.000,0.000,0.000,0.000,0.000,0.000,0.000,0.000,0.213,0.000,0.000,0.016,0.000,0.000,0.000,0.000,0.000,0.000,0.000,0.000,0.000,0.000,0.002,0.000,0.000,0.000,0.000,0.001,0.000,0.000,0.002,0.000,0.000,0.000,0.000,0.000,0.000,0.000,0.000,0.000,0.000,0.000,0.000,0.000,0.000,0.000,0.000,0.000,0.000,0.000,0.000,0.000,0.000,0.000,0.000,0.000,0.0915,0.0578,0.0029,0.0000,0.0001,-0.0181,-0.0275,0.0000,0.1432,-0.5358,0.6470,0.1498,-0.1578,-0.1174,0.0481,0.1702,-0.0223,-0.0204,-0.0093,0.0028,0.0988,0.0012,-0.0748,0.1512
375.0,0,0.000,0.000,0.000,0.000,0.000,0.000,0.000,0.000,0.000,0.000,0.000,0.000,0.000,0.000,0.000,0.000,0.000,0.000,0.000,0.000,0.000,0.039,0.000,0.000,0.003,0.000,0.000,0.000,0.000,0.000,0.000,0.000,0.000,0.000,0.000,0.000,0.000,0.000,0.000,0.000,0.000,0.000,0.000,5.488,0.000,0.000,0.000,0.000,0.000,0.000,0.000,0.000,0.000,0.000,0.000,0.000,0.000,0.000,0.000,0.000,0.000,0.000,0.000,0.000,0.000,0.000,0.000,0.000,0.000,0.0852,0.0501,0.0024,0.0000,0.0000,-0.0150,-0.0316,0.0000,0.1288,-0.4964,0.6547,0.1477,-0.1748,-0.0994,0.0553,0.1665,-0.0188,-0.0173,-0.0140,0.0073,0.0991,0.0010,-0.0804,0.1359
383.0,0,0.000,0.000,0.000,0.000,0.000,0.000,0.000,0.000,0.000,0.000,0.000,0.000,0.000,0.000,0.000,0.000,0.000,0.000,0.000,0.000,0.000,0.008,0.000,0.000,0.001,0.000,0.000,0.000,0.000,0.000,0.000,0.000,0.000,0.000,0.000,0.000,0.000,0.000,0.000,0.000,0.000,0.000,0.000,18.657,0.000,0.000,0.000,0.000,0.000,0.000,0.000,0.000,0.000,0.000,0.000,0.000,0.000,0.000,0.000,0.000,0.000,0.000,0.000,0.000,0.000,0.000,0.000,0.000,0.000,0.0713,0.0428,0.0020,0.0000,0.0000,-0.0124,-0.0352,0.0000,0.1131,-0.4509,0.6593,0.1424,-0.2013,-0.0833,0.0666,0.1604,-0.0157,-0.0145,-0.0154,0.0107,0.1009,-0.0051,-0.0835,0.1193
391.5,0,0.000,0.000,0.000,0.000,0.000,0.000,0.000,0.000,0.000,0.000,0.000,0.000,0.000,0.000,0.000,0.000,0.000,0.000,0.000,0.000,0.000,0.001,0.000,0.000,0.000,0.000,0.000,0.000,0.000,0.000,0.000,0.000,0.000,0.000,0.000,0.000,0.000,0.000,0.000,0.000,0.000,0.000,0.000,27.330,0.000,0.000,0.000,0.000,0.000,0.000,0.000,0.000,0.000,0.000,0.000,0.000,0.000,0.000,0.000,0.000,0.000,0.000,0.000,0.000,0.000,0.000,0.000,0.000,0.000,0.0514,0.0360,0.0017,0.0000,0.0000,-0.0101,-0.0378,0.0000,0.0974,-0.4043,0.6520,0.1322,-0.2318,-0.0691,0.0825,0.1551,-0.0130,-0.0120,-0.0184,0.0122,0.1024,-0.0156,-0.0862,0.1027
400.0,0,0.000,0.000,0.000,0.000,0.000,0.000,0.000,0.000,0.000,0.000,0.000,0.000,0.000,0.000,0.000,0.000,0.000,0.000,0.000,0.000,0.000,0.000,0.000,0.000,0.000,0.000,0.000,0.000,0.000,0.000,0.000,0.000,0.000,0.000,0.000,0.000,0.000,0.000,0.000,0.000,0.000,0.000,0.000,30.006,0.000,0.000,0.000,0.000,0.000,0.000,0.000,0.000,0.000,0.000,0.000,0.000,0.000,0.000,0.000,0.000,0.000,0.000,0.000,0.000,0.000,0.000,0.000,0.000,0.000,0.0294,0.0300,0.0013,0.0000,0.0000,-0.0082,-0.0440,0.0000,0.0827,-0.3612,0.6331,0.1188,-0.2554,-0.0569,0.0912,0.1471,-0.0107,-0.0099,-0.0248,0.0124,0.1004,-0.0270,-0.0896,0.0872
408.0,0,0.000,0.000,0.000,0.000,0.000,0.000,0.000,0.000,0.000,0.000,0.000,0.000,0.000,0.000,0.000,0.000,0.000,0.000,0.000,0.000,0.000,0.000,0.000,0.000,0.000,0.000,0.000,0.000,0.000,0.000,0.000,0.000,0.000,0.000,0.000,0.000,0.000,0.000,0.000,0.000,0.000,0.000,0.000,44.199,0.000,0.000,0.000,0.000,0.000,0.000,0.000,0.000,0.000,0.000,0.000,0.000,0.000,0.000,0.000,0.000,0.000,0.000,0.000,0.000,0.000,0.000,0.000,0.000,0.000,0.0068,0.0248,0.0011,0.0000,0.0000,-0.0067,-0.0531,0.0000,0.0694,-0.3240,0.6124,0.1043,-0.2687,-0.0466,0.0919,0.1350,-0.0087,-0.0081,-0.0311,0.0118,0.0941,-0.0394,-0.0913,0.0732
416.5,0,0.000,0.000,0.000,0.000,0.000,0.000,0.000,0.000,0.000,0.000,0.000,0.000,0.000,0.000,0.000,0.000,0.000,0.000,0.000,0.000,0.000,0.000,0.000,0.000,0.000,0.000,0.000,0.000,0.000,6.703,0.000,0.000,0.000,0.000,0.000,0.000,0.000,0.000,0.000,0.000,0.000,0.000,0.000,44.012,0.000,0.000,0.000,0.000,0.000,0.000,0.000,0.000,0.000,0.000,0.000,0.000,0.000,0.000,0.000,0.000,0.000,0.000,0.000,0.000,0.000,0.000,0.000,0.000,0.000,-0.0147,0.0161,0.0009,0.0000,0.0000,-0.0054,-0.0646,0.0000,0.0577,-0.3036,0.6011,0.0956,-0.2745,-0.0451,0.0871,0.1228,-0.0071,-0.0066,-0.0368,0.0108,0.0851,-0.0461,-0.0907,0.0608
425.0,0,0.000,0.000,0.000,0.000,0.000,0.000,0.000,0.000,0.000,0.000,0.000,0.000,0.000,0.000,0.000,0.000,0.000,0.000,0.000,0.000,0.000,0.000,0.000,0.000,0.000,0.000,0.000,0.000,0.000,5.290,0.000,0.000,0.000,0.000,0.000,0.000,0.000,0.000,0.000,0.000,0.000,0.000,0.000,44.642,0.000,0.000,0.000,0.000,0.000,0.000,0.000,0.000,0.000,0.000,0.000,0.000,0.000,0.000,0.000,0.000,0.000,0.000,0.000,0.000,0.000,0.000,0.000,0.000,0.000,-0.0340,0.0066,0.0007,0.0000,0.0000,-0.0043,-0.0747,0.0000,0.0476,-0.2957,0.6011,0.0977,-0.2759,-0.0460,0.0793,0.1153,-0.0057,-0.0053,-0.0388,0.0095,0.0766,-0.0476,-0.0914,0.0502
433.0,0,0.000,0.000,0.000,0.000,0.000,0.000,0.000,0.000,0.000,0.000,0.000,0.000,0.000,0.000,0.000,0.000,0.000,0.000,0.000,0.000,0.000,9.048,0.000,0.000,0.000,0.000,0.000,0.000,0.000,1.068,0.000,0.000,0.000,0.000,0.000,0.000,0.000,0.000,0.000,0.000,0.000,0.000,0.000,48.413,0.000,0.000,0.000,0.000,0.000,0.000,0.000,0.000,0.000,0.000,0.000,0.000,0.000,0.000,0.000,0.000,0.000,0.000,0.000,0.000,0.000,0.000,0.000,0.000,0.000,-0.0453,-0.0000,0.0006,0.0000,0.0000,-0.0035,-0.0841,0.0000,0.0390,-0.2991,0.6110,0.1107,-0.2764,-0.0449,0.0729,0.1183,-0.0046,-0.0043,-0.0378,0.0083,0.0703,-0.0457,-0.0930,0.0411
441.5,0,0.000,0.000,0.000,0.000,0.000,0.000,0.000,0.000,0.000,0.000,0.000,0.000,0.000,0.000,0.000,0.000,0.000,0.000,0.000,0.000,0.000,16.566,0.000,0.000,0.000,0.000,0.000,0.000,0.000,0.195,0.000,0.000,0.000,0.000,0.000,0.000,0.000,0.000,0.000,0.000,0.000,0.000,0.000,44.204,0.000,0.000,0.000,0.000,0.000,0.000,0.000,0.000,0.000,0.000,0.000,0.000,0.000,0.000,0.000,0.000,0.000,0.000,0.000,0.000,0.000,0.000,0.000,0.000,0.000,-0.0482,-0.0040,0.0005,0.0000,0.0000,-0.0028,-0.0892,0.0000,0.0348,-0.3213,0.6288,0.1323,-0.2760,-0.0418,0.0733,0.1251,-0.0037,-0.0035,-0.0351,0.0071,0.0658,-0.0420,-0.0966,0.0356
450.0,0,0.000,0.000,0.000,0.000,0.000,0.000,0.000,0.000,0.000,0.000,0.000,0.000,0.000,0.000,0.000,0.000,0.000,0.000,0.000,0.000,0.000,17.124,0.000,0.000,0.000,0.000,0.000,0.000,0.000,0.036,0.000,0.000,0.000,0.000,0.000,0.000,0.000,0.000,0.000,0.000,0.000,0.000,0.000,30.281,0.000,0.000,0.000,0.000,0.000,0.000,0.000,0.000,0.000,0.000,0.000,0.000,0.000,0.000,0.000,0.000,0.000,0.000,0.000,0.000,0.000,0.000,0.000,0.000,0.000,-0.0445,-0.0061,0.0004,0.0000,0.0000,-0.0022,-0.0879,0.0000,0.0410,-0.3512,0.6486,0.1593,-0.2768,-0.0376,0.0807,0.1380,-0.0030,-0.0028,-0.0314,0.0114,0.0623,-0.0374,-0.1025,0.0327
458.0,0,0.000,0.000,0.000,0.000,0.000,0.000,0.000,0.000,0.000,0.000,0.000,0.000,0.000,0.000,0.000,0.000,0.000,0.000,0.000,0.000,0.000,14.931,0.000,0.000,0.000,0.000,0.000,0.000,0.000,0.007,0.000,0.000,0.000,0.000,0.000,0.000,0.000,0.000,0.000,0.000,0.000,0.000,0.000,25.699,0.000,0.000,0.000,0.000,0.000,0.000,0.000,0.000,0.000,0.000,0.000,0.000,0.000,0.000,0.000,0.000,0.000,0.000,0.000,0.000,0.000,0.000,0.000,0.000,0.000,-0.0368,-0.0069,0.0003,0.0000,0.0000,-0.0018,-0.0823,0.0000,0.0568,-0.3859,0.6722,0.1884,-0.2775,-0.0330,0.0935,0.1535,-0.0024,-0.0022,-0.0275,0.0178,0.0591,-0.0325,-0.1083,0.0348
466.5,0,0.000,0.000,0.000,0.000,0.000,0.000,0.000,0.000,0.000,0.000,0.000,0.000,0.000,0.000,0.000,0.000,0.000,0.000,0.000,0.000,0.000,31.007,0.000,0.000,4.066,0.000,0.000,0.000,0.000,0.001,0.000,0.000,0.000,0.000,0.000,0.000,0.000,0.000,0.000,0.000,0.000,0.000,0.000,36.688,0.000,0.000,0.000,0.000,0.000,0.000,0.000,0.000,0.000,0.000,0.000,0.000,0.000,0.000,0.000,0.000,0.000,0.000,0.000,0.000,0.000,0.000,0.000,0.000,0.000,-0.0213,-0.0070,0.0002,0.0000,0.0000,-0.0014,-0.0768,0.0023,0.0807,-0.4208,0.6954,0.2175,-0.2769,-0.0284,0.1075,0.1700,-0.0019,-0.0018,-0.0236,0.0266,0.0560,-0.0278,-0.1136,0.0519
475.0,0,0.000,0.000,0.000,0.000,0.000,0.000,0.000,0.000,0.000,0.000,0.000,0.000,0.000,0.000,0.000,0.000,0.000,0.000,0.000,0.000,0.000,29.588,0.000,0.000,2.762,0.000,0.000,0.000,0.000,0.000,0.000,0.000,0.000,0.000,0.000,0.000,0.000,0.000,0.000,0.000,0.000,0.000,0.000,34.166,0.000,0.000,0.000,0.000,0.000,0.000,0.000,0.000,0.000,0.000,0.000,0.000,0.000,0.000,0.000,0.000,0.000,0.000,0.000,0.000,0.000,0.000,0.000,0.000,0.000,-0.0040,-0.0066,0.0002,0.0000,0.0000,-0.0011,-0.0719,0.0086,0.1044,-0.4514,0.7161,0.2441,-0.2806,-0.0241,0.1213,0.1842,-0.0015,-0.0014,-0.0200,0.0351,0.0538,-0.0235,-0.1153,0.0749
483.0,0,0.000,0.000,0.000,0.000,0.000,0.000,0.000,0.000,0.000,0.000,0.000,0.000,0.000,0.000,0.000,0.000,0.000,0.000,0.000,0.000,0.000,27.017,0.000,0.000,0.558,0.000,0.000,0.000,0.000,0.000,0.000,0.000,0.000,0.000,0.000,0.000,0.000,0.000,0.000,0.000,0.000,0.000,0.000,34.929,0.000,0.000,0.000,0.000,0.000,0.000,0.000,0.000,0.000,0.000,0.000,0.000,0.000,0.000,0.000,0.000,0.000,0.000,0.000,0.000,0.000,0.000,0.000,0.000,0.000,0.0113,-0.0060,0.0001,0.0000,0.0000,-0.0009,-0.0711,0.0150,0.1273,-0.4775,0.7348,0.2668,-0.2867,-0.0202,0.1339,0.1952,-0.0012,-0.0011,-0.0168,0.0472,0.0533,-0.0196,-0.1137,0.0996
491.5,0,0.000,0.000,0.000,0.000,0.000,0.000,0.000,0.000,0.000,0.000,0.000,0.000,0.000,0.000,0.000,0.000,0.000,0.000,0.000,0.000,0.000,14.932,0.000,0.000,0.102,0.000,0.000,0.000,0.000,0.000,0.000,0.000,0.000,0.000,0.000,0.000,0.000,0.000,0.000,0.000,0.000,0.000,0.000,29.365,0.000,0.000,0.000,0.000,0.000,0.000,0.000,0.000,0.000,0.000,0.000,0.000,0.000,0.000,0.000,0.000,0.000,0.000,0.000,0.000,0.000,0.000,0.000,0.000,0.000,0.0215,-0.0053,0.0001,0.0000,0.0000,-0.0007,-0.0742,0.0201,0.1469,-0.4986,0.7488,0.2856,-0.2981,-0.0168,0.1462,0.2018,-0.0009,-0.0009,-0.0139,0.0604,0.0546,-0.0163,-0.1111,0.1185
500.0,0,0.000,0.000,0.000,0.000,0.000,0.000,0.000,0.000,0.000,0.000,0.000,0.000,0.000,0.000,0.000,0.000,0.000,0.000,0.000,0.000,0.000,4.959,0.000,0.000,0.019,0.000,0.000,0.000,0.000,0.000,0.000,0.000,0.000,0.000,0.000,0.000,0.000,0.000,0.000,0.000,0.000,0.000,0.000,28.714,0.000,0.000,0.000,0.000,0.000,0.000,0.000,0.000,0.000,0.000,0.000,0.000,0.000,0.000,0.000,0.000,0.000,0.000,0.000,0.000,0.000,0.000,0.000,0.000,0.000,0.0240,-0.0046,0.0001,0.0000,0.0000,-0.0005,-0.0810,0.0224,0.1614,-0.5138,0.7562,0.3005,-0.3105,-0.0139,0.1558,0.2040,-0.0058,-0.0007,-0.0115,0.0685,0.0571,-0.0134,-0.1041,0.1374
508.0,0,0.000,0.000,0.000,0.000,0.000,0.000,0.000,0.000,0.000,0.000,0.000,0.000,0.000,0.000,0.000,0.000,0.000,0.000,0.000,0.000,0.000,1.001,0.000,0.000,0.004,0.000,0.000,0.000,0.000,0.000,0.000,0.000,0.000,0.000,0.000,0.000,0.000,0.000,0.000,0.000,0.000,0.000,0.000,31.602,0.000,0.000,0.000,0.000,0.000,0.000,0.000,0.000,0.000,0.000,0.000,0.000,0.000,0.000,0.000,0.000,0.000,0.000,0.000,0.000,0.000,0.000,0.000,0.000,0.000,0.0189,-0.0039,0.0001,0.0000,0.0000,-0.0004,-0.0855,0.0225,0.1638,-0.5220,0.7577,0.3104,-0.3224,-0.0114,0.1669,0.2042,-0.0127,-0.0005,-0.0094,0.0768,0.0621,-0.0084,-0.0973,0.1530
516.5,0,0.000,0.000,0.000,0.000,0.000,0.000,0.000,0.000,0.000,0.000,0.000,0.000,0.000,0.000,0.000,0.000,0.000,0.000,0.000,0.000,0.000,6.248,0.000,0.000,0.001,0.000,0.000,0.000,0.000,0.000,0.000,0.000,0.000,0.000,0.000,0.000,0.000,0.000,0.000,0.000,0.000,0.000,0.000,42.183,0.000,0.000,0.000,0.000,0.000,0.000,0.000,0.000,0.000,0.000,0.000,0.000,0.000,0.000,0.000,0.000,0.000,0.000,0.000,0.000,0.000,0.000,0.000,0.000,0.000,0.0120,-0.0033,0.0001,0.0000,0.0000,-0.0003,-0.0926,0.0212,0.1565,-0.5252,0.7584,0.3172,-0.3315,-0.0092,0.1840,0.2074,-0.0222,-0.0004,-0.0076,0.0788,0.0741,-0.0045,-0.0920,0.1614
525.0,0,0.000,0.000,0.000,0.000,0.000,0.000,0.000,0.000,0.000,0.000,0.000,0.000,0.000,0.000,0.000,0.000,0.000,0.000,0.000,0.000,0.000,18.101,0.000,0.000,0.000,0.000,0.000,0.000,0.000,0.000,0.000,0.000,0.000,0.000,0.000,0.000,0.000,0.000,0.000,0.000,0.000,0.000,0.000,60.863,0.000,0.000,0.000,0.000,0.000,0.000,0.000,0.000,0.000,0.000,0.000,0.000,0.000,0.000,0.000,0.000,0.000,0.000,0.000,0.000,0.000,0.000,0.000,0.000,0.000,0.0078,-0.0027,0.0000,0.0000,0.0000,-0.0020,-0.1023,0.0192,0.1434,-0.5285,0.7597,0.3207,-0.3414,-0.0075,0.1986,0.2101,-0.0330,-0.0003,-0.0028,0.0780,0.0869,-0.0019,-0.0869,0.1638
533.0,0,0.000,0.000,0.000,0.000,0.000,0.000,0.000,0.000,0.000,0.000,0.000,0.000,0.000,0.000,0.000,0.000,0.000,0.000,0.000,0.000,0.000,10.358,0.000,0.000,0.000,0.000,0.000,0.000,0.000,0.000,0.000,0.000,0.000,0.000,0.000,0.000,0.000,0.000,0.000,0.000,0.000,0.000,0.000,59.553,0.000,0.000,0.000,0.000,0.000,0.000,0.000,0.000,0.000,0.000,0.000,0.000,0.000,0.000,0.000,0.000,0.000,0.000,0.000,0.000,0.000,0.000,0.000,0.000,0.000,0.0023,-0.0023,0.0000,0.0000,0.0000,-0.0054,-0.1140,0.0170,0.1276,-0.5293,0.7611,0.3225,-0.3539,-0.0084,0.2076,0.2128,-0.0455,-0.0003,0.0003,0.0735,0.0994,-0.0054,-0.0813,0.1576
541.5,0,0.000,0.000,0.000,0.000,0.000,0.000,0.000,0.000,0.000,0.000,0.000,0.000,0.000,0.000,0.000,0.000,0.000,0.000,0.000,0.000,0.000,1.892,0.000,0.000,0.000,0.000,0.000,0.000,0.000,4.493,0.000,0.000,0.000,0.000,0.000,0.000,0.000,0.000,0.000,0.000,0.000,0.000,0.000,66.505,0.000,0.000,0.000,0.000,0.000,0.000,0.000,0.000,0.000,0.000,0.000,0.000,0.000,0.000,0.000,0.000,0.000,0.000,0.000,0.000,0.000,0.000,0.000,0.000,0.000,-0.0082,-0.0049,0.0000,0.0000,0.0000,-0.0075,-0.1305,0.0147,0.1110,-0.5263,0.7632,0.3232,-0.3648,-0.0127,0.2053,0.2178,-0.0549,-0.0002,0.0003,0.0668,0.1053,-0.0100,-0.0752,0.1453
550.0,0,0.000,0.000,0.000,0.000,0.000,0.000,0.000,0.000,0.000,0.000,0.000,0.000,0.000,2.231,0.000,0.000,0.000,0.000,0.000,0.000,0.000,0.346,0.000,0.000,0.000,0.000,0.000,0.000,0.000,6.886,0.000,0.000,0.000,0.000,0.000,0.000,0.000,0.000,0.000,0.000,0.000,0.000,0.000,62.385,0.000,0.000,0.000,0.000,0.000,0.000,0.000,0.000,0.000,0.000,0.000,0.000,0.000,0.000,0.000,0.000,0.000,0.000,0.000,0.000,0.000,0.000,0.000,0.000,0.000,-0.0218,-0.0106,0.0016,0.0000,0.0000,-0.0083,-0.1452,0.0125,0.0950,-0.5204,0.7636,0.3243,-0.3707,-0.0237,0.1929,0.2231,-0.0581,-0.0002,-0.0003,0.0590,0.1081,-0.0140,-0.0734,0.1299
558.0,0,0.000,0.000,0.000,0.000,0.000,0.000,0.000,0.000,0.000,0.000,0.000,0.000,0.000,0.450,0.000,0.000,0.000,0.000,0.000,0.000,0.000,19.147,0.000,0.000,0.000,0.000,0.000,0.000,0.000,1.390,0.000,0.000,0.000,0.000,0.000,0.000,0.000,0.000,0.000,0.000,0.000,0.000,0.000,63.706,0.000,0.000,0.000,0.000,0.000,0.000,0.000,0.000,0.000,0.000,0.000,0.000,0.000,0.000,0.000,0.000,0.000,0.000,0.000,0.000,0.000,0.000,0.000,0.000,0.000,-0.0273,-0.0142,0.0028,0.0000,0.0000,-0.0083,-0.1635,0.0105,0.0802,-0.5122,0.7649,0.3258,-0.3691,-0.0461,0.1748,0.2270,-0.0568,-0.0001,-0.0006,0.0565,0.1106,-0.0159,-0.0695,0.1135
566.5,0,0.000,0.000,0.000,0.000,0.000,0.000,0.000,0.000,0.000,0.000,0.000,0.000,0.000,0.082,0.000,0.000,0.000,0.000,0.000,0.000,0.000,18.411,0.000,0.000,0.000,0.000,0.000,0.000,0.000,0.254,0.000,0.000,0.000,0.000,0.000,0.000,0.000,0.000,0.000,0.000,0.000,0.000,0.000,63.763,0.000,0.000,0.000,0.000,0.000,0.000,0.000,0.000,0.000,0.000,0.000,0.000,0.000,0.000,0.000,0.000,0.000,0.000,0.000,0.000,0.000,0.000,0.000,0.000,0.000,-0.0281,-0.0157,0.0034,0.0000,0.0000,-0.0079,-0.1802,0.0088,0.0671,-0.5082,0.7666,0.3276,-0.3630,-0.0696,0.1567,0.2318,-0.0527,-0.0001,-0.0039,0.0568,0.1129,-0.0162,-0.0656,0.0974
575.0,0,0.000,0.000,0.000,0.000,0.000,0.000,0.000,0.000,0.000,0.000,0.000,0.000,0.000,6.718,0.000,0.000,0.000,0.000,0.000,0.000,0.000,21.085,0.000,0.000,3.329,0.000,0.000,0.000,0.000,0.046,0.000,0.000,0.000,0.000,0.000,0.000,0.000,0.000,0.000,0.000,0.000,0.000,0.000,62.175,0.000,0.000,0.000,0.000,0.000,0.000,0.000,0.000,0.000,0.000,0.000,0.000,0.000,0.000,0.000,0.000,0.000,0.000,0.000,0.000,0.000,0.000,0.000,0.000,0.000,-0.0228,-0.0156,0.0078,0.0000,0.0000,-0.0071,-0.1926,0.0072,0.0555,-0.5126,0.7721,0.3295,-0.3531,-0.0975,0.1412,0.2371,-0.0473,-0.0001,-0.0007,0.0628,0.1186,-0.0154,-0.0652,0.0825
583.0,0,0.000,0.000,0.000,0.000,0.000,0.000,0.000,0.000,0.000,0.000,0.000,0.000,0.000,1.356,0.000,0.000,0.000,0.000,0.000,0.000,0.000,26.462,0.000,0.000,5.165,0.000,0.000,0.000,0.000,0.009,0.000,0.000,0.000,0.000,0.000,0.000,0.000,0.000,0.000,0.000,0.000,0.000,0.000,56.581,0.000,0.000,0.000,0.000,0.000,0.000,0.000,0.000,0.000,0.000,0.000,0.000,0.000,0.000,0.000,0.000,0.000,0.000,0.000,0.000,0.000,0.000,0.000,0.000,0.000,-0.0116,-0.0147,0.0109,0.0000,0.0000,-0.0063,-0.2000,0.0059,0.0457,-0.5228,0.7790,0.3311,-0.3393,-0.1205,0.1357,0.2401,-0.0414,-0.0001,0.0136,0.0767,0.1281,-0.0140,-0.0679,0.0691
591.5,0,0.000,0.000,0.000,0.000,0.000,0.000,0.000,0.000,0.000,0.000,0.000,0.000,0.000,9.296,0.000,0.000,0.000,0.000,0.000,0.000,0.000,26.540,0.000,0.000,4.622,0.000,0.000,0.000,0.000,0.002,0.000,0.000,0.000,0.000,0.000,0.000,0.000,0.000,0.000,0.000,0.000,0.000,0.000,42.776,0.000,0.000,0.000,0.000,0.000,0.000,0.000,0.000,0.000,0.000,0.000,0.000,0.000,0.000,0.000,0.000,0.000,0.000,0.000,0.000,0.000,0.000,0.000,0.000,0.000,0.0029,-0.0133,0.0176,0.0000,0.0000,-0.0054,-0.2056,0.0048,0.0373,-0.5349,0.7834,0.3320,-0.3323,-0.1357,0.1421,0.2411,-0.0356,-0.0000,0.0401,0.0971,0.1390,-0.0124,-0.0746,0.0573
600.0,0,0.000,0.000,0.000,0.000,0.000,0.000,0.000,0.000,0.000,0.000,0.000,0.000,0.000,1.698,0.000,0.000,0.000,0.000,0.000,0.000,0.000,28.772,0.000,0.000,3.856,0.000,0.000,0.000,0.000,0.000,0.000,0.000,0.000,0.000,0.000,0.000,0.000,0.000,0.000,0.000,0.000,0.000,0.000,21.736,0.000,0.000,0.000,0.000,0.000,0.000,0.000,0.000,0.000,0.000,0.000,0.000,0.000,0.000,0.000,0.000,0.000,0.000,0.000,0.000,0.000,0.000,0.000,0.000,0.000,0.0207,-0.0117,0.0217,0.0000,0.0000,-0.0046,-0.2091,0.0039,0.0303,-0.5484,0.7847,0.3321,-0.3273,-0.1498,0.1547,0.2403,-0.0323,-0.0000,0.0705,0.1200,0.1529,-0.0175,-0.0810,0.0472
608.0,0,0.000,0.000,0.000,0.000,0.000,0.000,0.000,0.000,0.000,0.000,0.000,0.000,0.000,0.343,0.000,0.000,0.000,0.000,0.000,0.000,0.000,30.350,0.000,0.000,9.075,0.000,0.000,0.000,0.000,0.000,0.000,0.000,0.000,0.000,0.000,0.000,0.000,0.000,0.000,0.000,0.000,0.000,0.000,19.107,0.000,0.000,0.000,0.000,0.000,0.000,0.000,0.000,0.000,0.000,0.000,0.000,0.000,0.000,0.000,0.000,0.000,0.000,0.000,0.000,0.000,0.000,0.000,0.000,0.000,0.0436,-0.0101,0.0230,0.0000,0.0000,-0.0039,-0.2108,0.0032,0.0271,-0.5609,0.7850,0.3345,-0.3211,-0.1629,0.1649,0.2390,-0.0290,-0.0000,0.0908,0.1411,0.1643,-0.0272,-0.0863,0.0386
616.5,0,0.000,0.000,0.000,0.000,0.000,0.000,0.000,0.000,0.000,0.000,0.000,0.000,0.000,0.063,0.000,0.000,0.000,0.000,0.000,0.000,0.000,35.637,0.000,0.000,10.827,0.000,0.000,0.000,0.000,0.000,0.000,0.000,0.000,0.000,0.000,0.000,0.000,0.000,0.000,0.000,0.000,0.000,0.000,15.868,0.000,0.000,0.000,0.000,0.000,0.000,0.000,0.000,0.000,0.000,0.000,0.000,0.000,0.000,0.000,0.000,0.000,0.000,0.000,0.000,0.000,0.000,0.000,0.000,0.000,0.0696,-0.0086,0.0225,0.0000,0.0000,-0.0032,-0.2157,0.0059,0.0301,-0.5707,0.7840,0.3384,-0.3205,-0.1705,0.1721,0.2386,-0.0255,-0.0000,0.1002,0.1579,0.1701,-0.0368,-0.0871,0.0314
625.0,0,0.000,0.000,0.000,0.000,0.000,0.000,0.000,0.000,0.000,0.000,0.000,0.000,0.000,0.011,0.000,0.000,0.000,0.000,0.000,0.000,0.000,25.029,0.000,0.000,6.471,0.000,0.000,0.000,0.000,0.000,0.000,0.000,0.000,0.000,0.000,0.000,0.000,0.000,0.000,0.000,0.000,0.000,0.000,8.964,0.000,0.000,0.000,0.000,0.000,0.000,0.000,0.000,0.000,0.000,0.000,0.000,0.000,0.000,0.000,0.000,0.000,0.000,0.000,0.000,0.000,0.000,0.000,0.000,0.000,0.0930,-0.0072,0.0209,0.0000,0.0000,-0.0027,-0.2180,0.0078,0.0378,-0.5770,0.7840,0.3417,-0.3231,-0.1691,0.1802,0.2392,-0.0220,-0.0000,0.1073,0.1687,0.1734,-0.0463,-0.0809,0.0254
633.0,0,0.000,0.000,0.000,0.000,0.000,0.000,0.000,0.000,0.000,0.000,0.000,0.000,0.000,0.002,0.000,0.000,0.000,0.000,0.000,0.000,0.000,18.288,0.000,0.000,1.307,0.000,0.000,0.000,0.000,0.000,0.000,0.000,0.000,0.000,0.000,0.000,0.000,0.000,0.000,0.000,0.000,0.000,0.000,6.776,0.000,0.000,0.000,0.000,0.000,0.000,0.000,0.000,0.000,0.000,0.000,0.000,0.000,0.000,0.000,0.000,0.000,0.000,0.000,0.000,0.000,0.000,0.000,0.000,0.000,0.1098,-0.0060,0.0187,0.0000,0.0000,-0.0022,-0.2157,0.0086,0.0484,-0.5807,0.7841,0.3439,-0.3327,-0.1646,0.1972,0.2446,-0.0246,-0.0000,0.1257,0.1721,0.1744,-0.0541,-0.0774,0.0205
641.5,0,0.000,0.000,0.000,0.000,0.000,0.000,0.000,0.000,0.000,0.000,0.000,0.000,0.000,0.000,0.000,0.000,0.000,0.000,0.000,0.000,0.000,6.353,0.000,0.000,0.239,0.000,0.000,0.000,0.000,0.000,0.000,0.000,0.000,0.000,0.000,0.000,0.000,0.000,0.000,0.000,0.000,0.000,0.000,1.238,0.000,0.000,0.000,0.000,0.000,0.000,0.000,0.000,0.000,0.000,0.000,0.000,0.000,0.000,0.000,0.000,0.000,0.000,0.000,0.000,0.000,0.000,0.000,0.000,0.000,0.1179,-0.0050,0.0164,0.0000,0.0000,-0.0018,-0.2081,0.0085,0.0577,-0.5800,0.7828,0.3424,-0.3470,-0.1568,0.2157,0.2537,-0.0345,-0.0000,0.1466,0.1706,0.1747,-0.0639,-0.0795,0.0165
650.0,0,0.000,0.000,0.000,0.000,0.000,0.000,0.000,0.000,0.000,0.000,0.000,0.000,0.000,0.000,0.000,0.000,0.000,0.000,0.000,0.000,0.000,1.161,0.000,0.000,0.044,0.000,0.000,0.000,0.000,0.000,0.000,0.000,0.000,0.000,0.000,0.000,0.000,0.000,0.000,0.000,0.000,0.000,0.000,0.226,0.000,0.000,0.000,0.000,0.000,0.000,0.000,0.000,0.000,0.000,0.000,0.000,0.000,0.000,0.000,0.000,0.000,0.000,0.000,0.000,0.000,0.000,0.000,0.000,0.000,0.1182,-0.0041,0.0141,0.0000,0.0000,-0.0014,-0.1952,0.0080,0.0656,-0.5746,0.7799,0.3368,-0.3614,-0.1442,0.2293,0.2627,-0.0423,-0.0000,0.1631,0.1628,0.1754,-0.0744,-0.0847,0.0132
658.0,0,0.000,0.000,0.000,0.000,0.000,0.000,0.000,0.000,0.000,0.000,0.000,0.000,0.000,0.000,0.000,0.000,0.000,0.000,0.000,0.000,0.000,0.234,0.000,0.000,0.009,0.000,0.000,0.000,0.000,0.000,0.000,0.000,0.000,0.000,0.000,0.000,0.000,0.000,0.000,0.000,0.000,0.000,0.000,7.454,0.000,0.000,0.000,0.000,0.000,0.000,0.000,0.000,0.000,0.000,0.000,0.000,0.000,0.000,0.000,0.000,0.000,0.000,0.000,0.000,0.000,0.000,0.000,0.000,0.000,0.1105,-0.0033,0.0119,0.0000,0.0000,-0.0012,-0.1823,0.0073,0.0677,-0.5642,0.7781,0.3281,-0.3703,-0.1287,0.2343,0.2702,-0.0452,-0.0000,0.1639,0.1496,0.1739,-0.0857,-0.0924,0.0105
666.5,0,0.000,0.000,0.000,0.000,0.000,0.000,0.000,0.000,0.000,0.000,0.000,0.000,0.000,0.000,0.000,0.000,0.000,0.000,0.000,0.000,0.000,12.296,0.000,0.000,0.002,0.000,0.000,0.000,0.000,0.000,0.000,0.000,0.000,0.000,0.000,0.000,0.000,0.000,0.000,0.000,0.000,0.000,0.000,18.366,0.000,0.000,0.000,0.000,0.000,0.000,0.000,0.000,0.000,0.000,0.000,0.000,0.000,0.000,0.000,0.000,0.000,0.000,0.000,0.000,0.000,0.000,0.000,0.000,0.000,0.1013,-0.0027,0.0100,0.0000,-0.0040,-0.0066,-0.1603,0.0064,0.0653,-0.5517,0.7798,0.3160,-0.3707,-0.1123,0.2305,0.2746,-0.0444,-0.0000,0.1535,0.1335,0.1708,-0.0925,-0.0964,0.0084
675.0,0,0.000,0.000,0.000,0.000,0.000,0.000,0.000,0.000,0.000,0.000,0.000,0.000,0.000,0.000,0.000,0.000,0.000,0.000,0.000,0.000,0.000,10.460,0.000,0.000,0.000,0.000,0.000,0.000,0.000,0.000,0.000,0.000,0.000,0.000,0.000,0.000,0.000,0.000,0.000,0.000,0.000,0.000,0.000,25.565,0.000,0.000,0.000,0.000,0.000,0.000,0.000,0.000,0.000,0.000,0.000,0.000,0.000,0.000,0.000,0.000,0.000,0.000,0.000,0.000,0.000,0.000,0.000,0.000,0.000,0.0892,-0.0022,0.0083,0.0000,-0.0088,-0.0172,-0.1306,0.0055,0.0601,-0.5430,0.7826,0.3010,-0.3647,-0.1032,0.2226,0.2738,-0.0413,-0.0000,0.1353,0.1164,0.1667,-0.0947,-0.1004,0.0067
683.0,0,0.000,0.000,0.000,0.000,0.000,0.000,0.000,0.000,0.000,0.000,0.000,0.000,0.000,7.408,0.000,0.000,0.000,0.000,0.000,0.000,0.000,11.160,0.000,0.000,0.000,0.000,0.000,0.000,0.000,0.000,0.000,0.000,0.000,0.000,0.000,0.000,0.000,0.000,0.000,0.000,0.000,0.000,0.000,15.544,0.000,0.000,0.000,0.000,0.000,0.000,0.000,0.000,0.000,0.000,0.000,0.000,0.000,0.000,0.000,0.000,0.000,0.000,0.000,0.000,0.000,0.000,0.000,0.000,0.000,0.0780,-0.0017,0.0115,0.0000,-0.0169,-0.0297,-0.1104,0.0047,0.0537,-0.5370,0.7874,0.2841,-0.3527,-0.1035,0.2178,0.2697,-0.0372,-0.0000,0.1093,0.0999,0.1620,-0.0968,-0.0989,0.0053
691.5,0,0.000,0.000,0.000,0.000,0.000,0.000,0.000,0.000,0.000,0.000,0.000,0.000,0.000,9.541,0.000,0.000,0.000,0.000,0.000,0.000,0.000,14.292,0.000,0.000,0.000,0.000,0.000,0.000,0.000,0.000,0.000,0.000,0.000,0.000,0.000,0.000,0.000,0.000,0.000,0.000,0.000,0.000,0.000,17.324,0.000,0.000,0.000,0.000,0.000,0.000,0.000,0.000,0.000,0.000,0.000,0.000,0.000,0.000,0.000,0.000,0.000,0.000,0.000,0.000,0.000,0.000,0.000,0.000,0.000,0.0701,-0.0014,0.0183,0.0000,-0.0219,-0.0436,-0.0982,0.0039,0.0468,-0.5351,0.7938,0.2656,-0.3395,-0.1105,0.2114,0.2655,-0.0326,-0.0000,0.0832,0.0862,0.1571,-0.0938,-0.0956,0.0042
700.0,0,0.000,0.000,0.000,0.000,0.000,0.000,0.000,0.000,0.000,0.000,0.000,0.000,0.000,10.791,0.000,0.000,0.000,0.000,0.000,0.000,0.000,28.888,0.000,0.000,0.000,0.000,0.000,0.000,0.000,0.000,0.000,0.000,0.000,0.000,0.000,0.000,0.000,0.000,0.000,0.000,0.000,0.000,0.000,16.400,0.000,0.000,0.000,0.000,0.000,0.000,0.000,0.000,0.000,0.000,0.000,0.000,0.000,0.000,0.000,0.000,0.000,0.000,0.000,0.000,0.000,0.000,0.000,0.000,0.000,0.0687,-0.0011,0.0274,0.0000,-0.0267,-0.0601,-0.0904,0.0033,0.0401,-0.5300,0.8000,0.2478,-0.3219,-0.1172,0.2035,0.2587,-0.0281,-0.0000,0.0605,0.0770,0.1503,-0.0868,-0.0888,0.0053
708.0,0,0.000,0.000,0.000,0.000,0.000,0.000,0.000,0.000,0.000,0.000,0.000,0.000,0.000,2.179,0.000,0.000,0.000,0.000,0.000,0.000,0.000,36.933,0.000,0.000,7.408,0.000,0.000,0.000,0.000,0.000,0.000,0.000,0.000,0.000,0.000,0.000,0.000,0.000,0.000,0.000,0.000,0.000,0.000,17.678,0.000,0.000,0.000,0.000,0.000,0.000,0.000,0.000,0.000,0.000,0.000,0.000,0.000,0.000,0.000,0.000,0.000,0.000,0.000,0.000,0.000,0.000,0.000,0.000,0.000,0.0769,-0.0009,0.0326,0.0000,-0.0321,-0.0766,-0.0806,0.0027,0.0339,-0.5235,0.8045,0.2320,-0.3019,-0.1233,0.1944,0.2546,-0.0238,-0.0000,0.0417,0.0708,0.1389,-0.0778,-0.0799,0.0151
716.5,0,0.000,0.000,0.000,0.000,0.000,0.000,0.000,0.000,0.000,0.000,0.000,0.000,0.000,4.464,0.000,0.000,0.000,0.000,0.000,0.000,0.000,45.410,0.000,0.000,12.440,0.000,0.000,0.000,0.000,0.000,0.000,0.000,0.000,0.000,0.000,0.000,0.000,0.000,0.000,0.000,6.703,0.000,0.000,18.376,0.000,0.000,0.000,0.000,0.000,0.000,0.000,0.000,0.000,0.000,0.000,0.000,0.000,0.000,0.000,0.000,0.000,0.000,0.000,0.000,0.000,0.000,0.000,0.000,0.000,0.0930,0.0036,0.0367,0.0000,-0.0375,-0.0918,-0.0733,0.0073,0.0283,-0.5217,0.8059,0.2136,-0.2802,-0.1220,0.1857,0.2529,-0.0200,-0.0000,0.0280,0.0690,0.1246,-0.0681,-0.0701,0.0312
725.0,0,0.000,0.000,0.000,0.000,0.000,0.000,0.000,0.000,0.000,0.000,0.000,0.000,0.000,0.815,0.000,0.000,0.000,0.000,0.000,0.000,0.000,50.388,0.000,0.000,17.679,0.000,0.000,0.000,0.000,0.000,0.000,0.000,0.000,0.000,0.000,0.000,0.000,0.000,0.000,0.000,1.225,0.000,0.000,7.036,0.000,0.000,0.000,0.000,0.000,0.000,0.000,0.000,0.000,0.000,0.000,0.000,0.000,0.000,0.000,0.000,0.000,0.000,0.000,0.000,0.000,0.000,0.000,0.000,0.000,0.1168,0.0069,0.0375,0.0000,-0.0420,-0.1039,-0.0626,0.0148,0.0235,-0.5164,0.8067,0.1918,-0.2583,-0.1147,0.1799,0.2527,-0.0166,-0.0000,0.0185,0.0700,0.1091,-0.0585,-0.0554,0.0511
733.0,0,0.000,0.000,0.000,0.000,0.000,0.000,0.000,0.000,0.000,0.000,0.000,0.000,0.000,5.653,0.000,0.000,0.000,0.000,0.000,0.000,0.000,50.012,0.000,0.000,12.069,0.000,0.000,0.000,0.000,0.000,0.000,0.000,0.000,0.000,0.000,0.000,0.000,0.000,0.000,0.000,0.247,0.000,0.000,1.421,0.000,0.000,0.000,0.000,0.000,0.000,0.000,0.000,0.000,0.000,0.000,0.000,0.000,0.000,0.000,0.000,0.000,0.000,0.000,0.000,0.000,0.000,0.000,0.000,0.000,0.1440,0.0085,0.0395,0.0000,-0.0448,-0.1130,-0.0573,0.0231,0.0193,-0.5047,0.8058,0.1683,-0.2401,-0.1039,0.1788,0.2530,-0.0137,-0.0000,0.0119,0.0727,0.0938,-0.0496,-0.0384,0.0697
741.5,0,0.000,0.000,0.000,0.000,0.000,0.000,0.000,0.000,0.000,0.000,0.000,0.000,0.000,1.033,0.000,0.000,0.000,0.000,0.000,0.000,0.000,46.498,0.000,0.000,10.736,0.000,0.000,0.000,0.000,0.000,0.000,0.000,0.000,0.000,0.000,0.000,0.000,0.000,0.000,0.000,0.045,0.000,0.000,0.260,0.000,0.000,0.000,0.000,0.000,0.000,0.000,0.000,0.000,0.000,0.000,0.000,0.000,0.000,0.000,0.000,0.000,0.000,0.000,0.000,0.000,0.000,0.000,0.000,0.000,0.1711,0.0090,0.0391,0.0000,-0.0524,-0.1138,-0.0564,0.0339,0.0158,-0.4850,0.8018,0.1451,-0.2265,-0.0916,0.1843,0.2551,-0.0112,-0.0000,0.0074,0.0795,0.0795,-0.0415,-0.0232,0.0824
750.0,0,0.000,0.000,0.000,0.000,0.000,0.000,0.000,0.000,0.000,0.000,0.000,0.000,0.000,0.189,0.000,0.000,0.000,0.000,0.000,0.000,0.000,35.876,0.000,0.000,11.130,0.000,0.000,0.000,0.000,0.000,0.000,0.000,0.000,0.000,0.000,0.000,0.000,0.000,0.000,0.000,0.008,0.000,0.000,0.047,0.000,0.000,0.000,0.000,0.000,0.000,0.000,0.000,0.000,0.000,0.000,0.000,0.000,0.000,0.000,0.000,0.000,0.000,0.000,0.000,0.000,0.000,0.000,0.000,0.000,0.1952,0.0088,0.0367,0.0000,-0.0640,-0.1104,-0.0539,0.0459,0.0198,-0.4606,0.7964,0.1232,-0.2196,-0.0792,0.1892,0.2543,-0.0091,-0.0000,0.0044,0.0831,0.0667,-0.0345,-0.0125,0.0864
758.0,0,0.000,0.000,0.000,0.000,0.000,0.000,0.000,0.000,0.000,0.000,0.000,0.000,0.000,0.038,0.000,0.000,0.000,0.000,0.000,0.000,0.000,32.093,0.000,0.000,2.247,0.000,0.000,0.000,0.000,0.000,0.000,0.000,0.000,0.000,0.000,0.000,0.000,0.000,0.000,0.000,0.002,0.000,0.000,0.010,0.000,0.000,0.000,0.000,0.000,0.000,0.000,0.000,0.000,0.000,0.000,0.000,0.000,0.000,0.000,0.000,0.000,0.000,0.000,0.000,0.000,0.000,0.000,0.000,0.000,0.2113,0.0081,0.0332,0.0000,-0.0783,-0.1025,-0.0512,0.0585,0.0344,-0.4323,0.7897,0.1035,-0.2184,-0.0674,0.1914,0.2503,-0.0074,-0.0000,0.0024,0.0831,0.0554,-0.0284,-0.0055,0.0840
766.5,0,0.000,0.000,0.000,0.000,0.000,0.000,0.000,0.000,0.000,0.000,0.000,0.000,0.000,0.007,0.000,0.000,0.000,0.000,0.000,0.000,0.000,13.554,0.000,0.000,0.411,0.000,0.000,0.000,0.000,0.000,0.000,0.000,0.000,0.000,0.000,0.000,0.000,0.000,0.000,0.000,0.000,0.000,0.000,0.002,0.000,0.000,0.000,0.000,0.000,0.000,0.000,0.000,0.000,0.000,0.000,0.000,0.000,0.000,0.000,0.000,0.000,0.000,0.000,0.000,0.000,0.000,0.000,0.000,0.000,0.2166,0.0073,0.0293,0.0000,-0.0947,-0.0921,-0.0470,0.0677,0.0568,-0.4026,0.7854,0.0861,-0.2204,-0.0567,0.1905,0.2451,-0.0118,-0.0000,-0.0048,0.0788,0.0456,-0.0232,-0.0011,0.0777
775.0,0,0.000,0.000,0.000,0.000,0.000,0.000,0.000,0.000,0.000,0.000,0.000,0.000,0.000,0.001,0.000,0.000,0.000,0.000,0.000,0.000,0.000,6.155,0.000,0.000,0.075,0.000,0.000,0.000,0.000,0.000,0.000,0.000,0.000,0.000,0.000,0.000,0.000,0.000,0.000,0.000,0.000,0.000,0.000,0.000,0.000,0.000,0.000,0.000,0.000,0.000,0.000,0.000,0.000,0.000,0.000,0.000,0.000,0.000,0.000,0.000,0.000,0.000,0.000,0.000,0.000,0.000,0.000,0.000,0.000,0.2117,0.0064,0.0253,0.0000,-0.1195,-0.0807,-0.0419,0.0703,0.0865,-0.3727,0.7845,0.0710,-0.2321,-0.0472,0.1971,0.2348,-0.0150,-0.0000,-0.0099,0.0718,0.0374,-0.0189,0.0014,0.0696
783.0,0,0.000,0.000,0.000,0.000,0.000,0.000,0.000,0.000,0.000,0.000,0.000,0.000,0.000,0.000,0.000,0.000,0.000,0.000,0.000,0.000,0.000,16.389,0.000,0.000,0.015,0.000,0.000,0.000,0.000,0.000,0.000,0.000,0.000,0.000,0.000,0.000,0.000,0.000,0.000,0.000,0.000,0.000,0.000,0.000,0.000,0.000,0.000,0.000,0.000,0.000,0.000,0.000,0.000,0.000,0.000,0.000,0.000,0.000,0.000,0.000,0.000,0.000,0.000,0.000,0.000,0.000,0.000,0.000,0.000,0.2048,0.0055,0.0215,0.0000,-0.1511,-0.0734,-0.0212,0.0680,0.1216,-0.3463,0.7854,0.0582,-0.2515,-0.0390,0.2053,0.2226,-0.0182,-0.0000,-0.0110,0.0636,0.0304,-0.0153,-0.0005,0.0609
791.5,0,0.000,0.000,0.000,0.000,0.000,0.000,0.000,0.000,0.000,0.000,0.000,0.000,0.000,0.000,0.000,0.000,0.000,0.000,0.000,0.000,0.000,18.093,0.000,0.000,0.003,0.000,0.000,0.000,0.000,0.000,0.000,0.000,0.000,0.000,0.000,0.000,0.000,0.000,0.000,0.000,0.000,0.000,0.000,10.000,0.000,0.000,0.000,0.000,0.000,0.000,0.000,0.000,0.000,0.000,0.000,0.000,0.000,0.000,0.000,0.000,0.000,0.000,0.000,0.000,0.000,0.000,0.000,0.000,0.000,0.1949,0.0046,0.0181,0.0000,-0.1843,-0.0723,0.0003,0.0628,0.1572,-0.3326,0.7921,0.0474,-0.2754,-0.0320,0.2085,0.2047,-0.0194,-0.0000,-0.0131,0.0552,0.0246,-0.0124,-0.0023,0.0573
800.0,0,0.000,0.000,0.000,0.000,0.000,0.000,0.000,0.000,0.000,0.000,0.000,0.000,0.000,0.000,0.000,0.000,0.000,0.000,0.000,0.000,0.000,31.239,0.000,0.000,0.001,0.000,0.000,0.000,0.000,0.000,0.000,0.000,0.000,0.000,0.000,0.000,0.000,0.000,0.000,0.000,0.000,0.000,0.000,14.080,0.000,0.000,0.000,0.000,0.000,0.000,0.000,0.000,0.000,0.000,0.000,0.000,0.000,0.000,0.000,0.000,0.000,0.000,0.000,0.000,0.000,0.000,0.000,0.000,0.000,0.1843,0.0039,0.0150,0.0000,-0.2157,-0.0773,0.0214,0.0561,0.1905,-0.3284,0.7985,0.0385,-0.2974,-0.0311,0.2030,0.1850,-0.0190,-0.0000,-0.0176,0.0471,0.0245,-0.0099,-0.0051,0.0530
808.0,0,0.000,0.000,0.000,0.000,0.000,0.000,0.000,0.000,0.000,0.000,0.000,0.000,0.000,0.000,0.000,0.000,0.000,0.000,0.000,0.000,0.000,20.516,0.000,0.000,0.000,0.000,0.000,0.000,0.000,0.000,0.000,0.000,0.000,0.000,0.000,0.000,0.000,0.000,0.000,0.000,0.000,0.000,0.000,20.534,0.000,0.000,0.000,0.000,0.000,0.000,0.000,0.000,0.000,0.000,0.000,0.000,0.000,0.000,0.000,0.000,0.000,0.000,0.000,0.000,0.000,0.000,0.000,0.000,0.000,0.1709,0.0032,0.0124,0.0000,-0.2399,-0.0857,0.0346,0.0489,0.2190,-0.3333,0.8049,0.0311,-0.3164,-0.0386,0.1909,0.1683,-0.0177,-0.0000,-0.0262,0.0397,0.0242,-0.0079,-0.0068,0.0476
816.5,0,0.000,0.000,0.000,0.000,0.000,0.000,0.000,0.000,0.000,0.000,0.000,0.000,0.000,0.000,0.000,0.000,0.000,0.000,0.000,0.000,0.000,15.511,0.000,0.000,0.000,0.000,0.000,0.000,0.000,0.000,0.000,0.000,0.000,0.000,0.000,0.000,0.000,0.000,0.000,0.000,0.000,0.000,0.000,7.817,0.000,0.000,0.000,0.000,0.000,0.000,0.000,0.000,0.000,0.000,0.000,0.000,0.000,0.000,0.000,0.000,0.000,0.000,0.000,0.000,0.000,0.000,0.000,0.000,0.000,0.1573,0.0026,0.0102,0.0000,-0.2535,-0.0950,0.0360,0.0420,0.2409,-0.3380,0.8071,0.0250,-0.3286,-0.0558,0.1753,0.1641,-0.0159,-0.0000,-0.0369,0.0331,0.0273,-0.0063,-0.0074,0.0418
825.0,0,0.000,0.000,0.000,0.000,0.000,0.000,0.000,0.000,0.000,0.000,0.000,0.000,0.000,0.000,0.000,0.000,0.000,0.000,0.000,0.000,0.000,15.940,0.000,0.000,0.000,0.000,0.000,0.000,0.000,0.000,0.000,0.000,0.000,0.000,0.000,0.000,0.000,0.000,0.000,0.000,0.000,0.000,0.000,3.894,0.000,0.000,0.000,0.000,0.000,0.000,0.000,0.000,0.000,0.000,0.000,0.000,0.000,0.000,0.000,0.000,0.000,0.000,0.000,0.000,0.000,0.000,0.000,0.000,0.000,0.1476,0.0022,0.0083,0.0000,-0.2562,-0.1051,0.0291,0.0355,0.2583,-0.3382,0.8047,0.0200,-0.3340,-0.0776,0.1566,0.1702,-0.0139,-0.0000,-0.0484,0.0274,0.0332,-0.0051,-0.0117,0.0384
833.0,0,0.000,0.000,0.000,0.000,0.000,0.000,0.000,0.000,0.000,0.000,0.000,0.000,0.000,2.466,0.000,0.000,0.000,0.000,0.000,0.000,0.000,12.933,0.000,0.000,0.000,0.000,0.000,0.000,0.000,0.000,0.000,0.000,0.000,0.000,0.000,0.000,0.000,0.000,0.000,0.000,0.000,0.000,0.000,0.786,0.000,0.000,0.000,0.000,0.000,0.000,0.000,0.000,0.000,0.000,0.000,0.000,0.000,0.000,0.000,0.000,0.000,0.000,0.000,0.000,0.000,0.000,0.000,0.000,0.000,0.1409,0.0018,0.0085,0.0000,-0.2516,-0.1149,0.0201,0.0337,0.2691,-0.3321,0.7984,0.0160,-0.3316,-0.0958,0.1403,0.1808,-0.0120,-0.0000,-0.0592,0.0225,0.0398,-0.0040,-0.0184,0.0402
841.5,0,0.000,0.000,0.000,0.000,0.000,0.000,0.000,0.000,0.000,0.000,0.000,0.000,0.000,0.450,0.000,0.000,0.000,0.000,0.000,0.000,0.000,5.375,0.000,0.000,0.000,0.000,0.000,0.000,0.000,0.000,0.000,0.000,0.000,0.000,0.000,0.000,0.000,0.000,0.000,0.000,0.000,0.000,0.000,0.144,0.000,0.000,0.000,0.000,0.000,0.000,0.000,0.000,0.000,0.000,0.000,0.000,0.000,0.000,0.000,0.000,0.000,0.000,0.000,0.000,0.000,0.000,0.000,0.000,0.000,0.1334,0.0014,0.0085,0.0000,-0.2417,-0.1218,0.0114,0.0348,0.2753,-0.3152,0.7885,0.0199,-0.3296,-0.1055,0.1287,0.1955,-0.0101,-0.0000,-0.0676,0.0184,0.0452,-0.0032,-0.0273,0.0476
850.0,0,0.000,0.000,0.000,0.000,0.000,0.000,0.000,0.000,0.000,0.000,0.000,0.000,0.000,0.082,0.000,0.000,0.000,0.000,0.000,0.000,0.000,0.982,0.000,0.000,0.000,0.000,0.000,0.000,0.000,0.000,0.000,0.000,0.000,0.000,0.000,0.000,0.000,0.000,0.000,0.000,0.000,0.000,0.000,0.026,0.000,0.000,0.000,0.000,0.000,0.000,0.000,0.000,0.000,0.000,0.000,0.000,0.000,0.000,0.000,0.000,0.000,0.000,0.000,0.000,0.000,0.000,0.000,0.000,0.000,0.1229,0.0011,0.0080,0.0000,-0.2270,-0.1208,0.0053,0.0386,0.2768,-0.2888,0.7745,0.0355,-0.3224,-0.1060,0.1158,0.2115,-0.0085,-0.0000,-0.0751,0.0149,0.0489,-0.0025,-0.0365,0.0523
858.0,0,0.000,0.000,0.000,0.000,0.000,0.000,0.000,0.000,0.000,0.000,0.000,0.000,0.000,0.017,0.000,0.000,0.000,0.000,0.000,0.000,0.000,2.664,0.000,0.000,0.000,0.000,0.000,0.000,0.000,0.000,0.000,0.000,0.000,0.000,0.000,0.000,0.000,0.000,0.000,0.000,0.000,0.000,0.000,0.005,0.000,0.000,0.000,0.000,0.000,0.000,0.000,0.000,0.000,0.000,0.000,0.000,0.000,0.000,0.000,0.000,0.000,0.000,0.000,0.000,0.000,0.000,0.000,0.000,0.000,0.1120,0.0009,0.0073,0.0000,-0.2127,-0.1136,-0.0012,0.0443,0.2725,-0.2573,0.7556,0.0587,-0.3147,-0.1004,0.1019,0.2263,-0.0071,-0.0000,-0.0768,0.0121,0.0518,-0.0020,-0.0464,0.0526
866.5,0,0.000,0.000,0.000,0.000,0.000,0.000,0.000,0.000,0.000,0.000,0.000,0.000,0.000,0.003,0.000,0.000,0.000,0.000,0.000,0.000,0.000,0.487,0.000,0.000,0.000,0.000,0.000,0.000,0.000,0.000,0.000,0.000,0.000,0.000,0.000,0.000,0.000,0.000,0.000,0.000,0.000,0.000,0.000,0.001,0.000,0.000,0.000,0.000,0.000,0.000,0.000,0.000,0.000,0.000,0.000,0.000,0.000,0.000,0.000,0.000,0.000,0.000,0.000,0.000,0.000,0.000,0.000,0.000,0.000,0.0999,0.0007,0.0065,0.0000,-0.2002,-0.1029,-0.0054,0.0501,0.2576,-0.2242,0.7367,0.0806,-0.3083,-0.0913,0.0978,0.2355,-0.0058,-0.0000,-0.0737,0.0097,0.0539,-0.0016,-0.0561,0.0499
875.0,0,0.000,0.000,0.000,0.000,0.000,0.000,0.000,0.000,0.000,0.000,0.000,0.000,0.000,0.001,0.000,0.000,0.000,0.000,0.000,0.000,0.000,0.089,0.000,0.000,0.000,0.000,0.000,0.000,0.000,0.000,0.000,0.000,0.000,0.000,0.000,0.000,0.000,0.000,0.000,0.000,0.000,0.000,0.000,0.000,0.000,0.000,0.000,0.000,0.000,0.000,0.000,0.000,0.000,0.000,0.000,0.000,0.000,0.000,0.000,0.000,0.000,0.000,0.000,0.000,0.000,0.000,0.000,0.000,0.000,0.0873,0.0006,0.0056,0.0000,-0.1895,-0.0907,-0.0076,0.0517,0.2350,-0.1922,0.7199,0.0968,-0.3033,-0.0807,0.1007,0.2363,-0.0048,-0.0000,-0.0680,0.0078,0.0585,-0.0049,-0.0649,0.0454
883.0,0,0.000,0.000,0.000,0.000,0.000,0.000,0.000,0.000,0.000,0.000,0.000,0.000,0.000,0.000,0.000,0.000,0.000,0.000,0.000,0.000,0.000,0.018,0.000,0.000,0.000,0.000,0.000,0.000,0.000,0.000,0.000,0.000,0.000,0.000,0.000,0.000,0.000,0.000,0.000,0.000,0.000,0.000,0.000,8.187,0.000,0.000,0.000,0.000,0.000,0.000,0.000,0.000,0.000,0.000,0.000,0.000,0.000,0.000,0.000,0.000,0.000,0.000,0.000,0.000,0.000,0.000,0.000,0.000,0.000,0.0725,0.0005,0.0048,0.0000,-0.1798,-0.0784,-0.0084,0.0499,0.2087,-0.1625,0.7081,0.1057,-0.3027,-0.0699,0.0991,0.2290,-0.0039,-0.0000,-0.0608,0.0062,0.0593,-0.0095,-0.0701,0.0402
891.5,0,0.000,0.000,0.000,0.000,0.000,0.000,0.000,0.000,0.000,0.000,0.000,0.000,0.000,0.000,0.000,0.000,0.000,0.000,0.000,0.000,0.000,0.003,0.000,0.000,0.000,0.000,0.000,0.000,0.000,0.000,0.000,0.000,0.000,0.000,0.000,0.000,0.000,0.000,0.000,0.000,0.000,0.000,0.000,18.500,0.000,0.000,0.000,0.000,0.000,0.000,0.000,0.000,0.000,0.000,0.000,0.000,0.000,0.000,0.000,0.000,0.000,0.000,0.000,0.000,0.000,0.000,0.000,0.000,0.000,0.0539,0.0004,0.0040,0.0000,-0.1738,-0.0668,-0.0051,0.0459,0.1840,-0.1410,0.7059,0.1090,-0.2939,-0.0596,0.0929,0.2148,-0.0031,-0.0000,-0.0532,0.0050,0.0565,-0.0138,-0.0716,0.0348
900.0,0,0.000,0.000,0.000,0.000,0.000,0.000,0.000,0.000,0.000,0.000,0.000,0.000,0.000,0.000,0.000,0.000,0.000,0.000,0.000,0.000,0.000,0.001,0.000,0.000,0.000,0.000,0.000,0.000,0.000,0.000,0.000,0.000,0.000,0.000,0.000,0.000,0.000,0.000,0.000,0.000,0.000,0.000,0.000,27.369,0.000,0.000,0.000,0.000,0.000,0.000,0.000,0.000,0.000,0.000,0.000,0.000,0.000,0.000,0.000,0.000,0.000,0.000,0.000,0.000,0.000,0.000,0.000,0.000,0.000,0.0325,0.0003,0.0034,0.0000,-0.1724,-0.0561,0.0037,0.0409,0.1643,-0.1416,0.7080,0.1056,-0.2793,-0.0502,0.0840,0.1966,-0.0025,-0.0000,-0.0456,0.0040,0.0533,-0.0191,-0.0712,0.0297
908.0,0,0.000,0.000,0.000,0.000,0.000,0.000,0.000,0.000,0.000,0.000,0.000,0.000,0.000,0.000,0.000,0.000,0.000,0.000,0.000,0.000,0.000,0.000,0.000,0.000,0.000,0.000,0.000,0.000,0.000,0.000,0.000,0.000,0.000,0.000,0.000,0.000,0.000,0.000,0.000,0.000,0.000,0.000,0.000,36.074,0.000,0.000,0.000,0.000,0.000,0.000,0.000,0.000,0.000,0.000,0.000,0.000,0.000,0.000,0.000,0.000,0.000,0.000,0.000,0.000,0.000,0.000,0.000,0.000,0.000,0.0102,0.0002,0.0028,0.0000,-0.1697,-0.0532,0.0195,0.0357,0.1447,-0.1593,0.7154,0.1023,-0.2634,-0.0461,0.0794,0.1789,-0.0020,-0.0000,-0.0319,0.0031,0.0487,-0.0218,-0.0699,0.0250
916.5,0,0.000,0.000,0.000,0.000,0.000,0.000,0.000,0.000,0.000,0.000,0.000,0.000,0.000,0.000,0.000,0.000,0.000,0.000,0.000,0.000,0.000,13.000,0.000,0.000,0.000,0.000,0.000,0.000,0.000,0.000,0.000,0.000,0.000,0.000,0.000,0.000,0.000,0.000,0.000,0.000,0.000,0.000,0.000,38.326,0.000,0.000,0.000,0.000,0.000,0.000,0.000,0.000,0.000,0.000,0.000,0.000,0.000,0.000,0.000,0.000,0.000,0.000,0.000,0.000,0.000,0.000,0.000,0.000,0.000,-0.0041,0.0002,0.0023,0.0000,-0.1619,-0.0552,0.0311,0.0306,0.1267,-0.1873,0.7232,0.0954,-0.2526,-0.0578,0.0786,0.1593,-0.0016,-0.0000,-0.0063,0.0025,0.0475,-0.0237,-0.0695,0.0208
925.0,0,0.000,0.000,0.000,0.000,0.000,0.000,0.000,0.000,0.000,0.000,0.000,0.000,0.000,0.000,0.000,0.000,0.000,0.000,0.000,0.000,0.000,30.831,0.000,0.000,0.000,0.000,0.000,0.000,0.000,0.000,0.000,0.000,0.000,0.000,0.000,0.000,0.000,0.000,0.000,0.000,0.000,0.000,0.000,41.253,0.000,0.000,0.000,0.000,0.000,0.000,0.000,0.000,0.000,0.000,0.000,0.000,0.000,0.000,0.000,0.000,0.000,0.000,0.000,0.000,0.000,0.000,0.000,0.000,0.000,-0.0080,0.0001,0.0019,0.0000,-0.1488,-0.0633,0.0360,0.0259,0.1116,-0.2232,0.7318,0.0899,-0.2423,-0.0835,0.0775,0.1425,-0.0013,-0.0000,0.0235,0.0020,0.0450,-0.0238,-0.0704,0.0172
933.0,0,0.000,0.000,0.000,0.000,0.000,0.000,0.000,4.493,0.000,0.000,0.000,0.000,0.000,6.703,0.000,0.000,0.000,0.000,0.000,0.000,0.000,46.723,0.000,0.000,14.966,0.000,0.000,0.000,0.000,0.000,0.000,0.000,0.000,0.000,0.000,0.000,0.000,0.000,0.000,0.000,0.000,0.000,0.000,38.590,0.000,0.000,0.000,0.000,0.000,0.000,0.000,0.000,0.000,0.000,0.000,0.000,0.000,0.000,0.000,0.000,0.000,0.000,0.000,0.000,0.000,0.000,0.000,0.000,0.000,0.0051,0.0001,0.0058,0.0000,-0.1328,-0.0776,0.0419,0.0216,0.1093,-0.2672,0.7427,0.0889,-0.2321,-0.1215,0.0804,0.1319,-0.0010,-0.0077,0.0552,0.0016,0.0411,-0.0283,-0.0740,0.0141
941.5,0,0.000,0.000,0.000,0.000,0.000,0.000,0.000,0.821,0.000,0.000,0.000,0.000,0.000,1.225,0.000,0.000,0.000,0.000,0.000,0.000,0.000,48.374,0.000,0.000,12.128,0.000,0.000,0.000,0.000,0.000,0.000,0.000,0.000,0.000,0.000,0.000,0.000,0.000,0.000,0.000,11.516,0.000,0.000,29.535,0.000,0.000,0.000,0.000,0.000,0.000,0.000,0.000,0.000,0.000,0.000,0.000,0.000,0.000,0.000,0.000,0.000,0.000,0.000,0.000,0.000,0.000,0.000,0.000,0.000,0.0274,0.0066,0.0087,0.0000,-0.1158,-0.0948,0.0380,0.0179,0.1190,-0.3112,0.7494,0.0936,-0.2275,-0.1605,0.0809,0.1250,-0.0008,-0.0202,0.0789,0.0012,0.0395,-0.0331,-0.0782,0.0115
950.0,0,0.000,0.000,0.000,0.000,0.000,0.000,0.000,0.150,0.000,0.000,0.000,0.000,0.000,3.903,0.000,0.000,0.000,0.000,0.000,0.000,0.000,46.451,0.000,0.000,15.322,0.000,0.000,0.000,0.000,0.000,0.000,0.000,0.000,0.000,0.000,8.935,0.000,0.000,0.000,0.000,17.490,0.000,0.000,13.350,0.000,0.000,0.000,0.000,0.000,4.066,0.000,0.000,0.000,0.000,0.000,0.000,0.000,0.000,0.000,0.000,0.000,0.000,0.000,0.000,0.000,0.000,0.000,0.000,0.000,0.0568,0.0267,0.0125,0.0000,-0.0993,-0.1100,0.0248,0.0147,0.1327,-0.3463,0.7530,0.1009,-0.2242,-0.1945,0.0788,0.1250,-0.0007,-0.0299,0.0860,0.0010,0.0369,-0.0347,-0.0825,0.0094
958.0,0,0.000,0.000,0.000,0.000,0.000,0.000,0.000,0.030,0.000,0.000,0.000,0.000,0.000,0.788,0.000,0.000,0.000,0.000,0.000,0.000,0.000,52.108,0.000,0.000,21.593,0.000,0.000,0.000,0.000,0.000,0.000,0.000,0.000,0.000,0.000,6.297,0.000,0.000,0.000,0.000,18.250,0.000,0.000,2.695,0.000,0.000,0.000,0.000,0.000,4.500,0.000,0.000,0.000,0.000,0.000,0.000,0.000,0.000,0.000,0.000,0.000,0.000,0.000,0.000,0.000,0.000,0.000,0.000,0.000,0.0939,0.0525,0.0146,0.0000,-0.0840,-0.1197,0.0126,0.0120,0.1462,-0.3706,0.7504,0.1068,-0.2191,-0.2190,0.0735,0.1281,-0.0005,-0.0346,0.0779,0.0008,0.0350,-0.0338,-0.0842,0.0076
966.5,0,0.000,0.000,0.000,0.000,0.000,0.000,0.000,0.006,0.000,0.000,0.000,0.000,0.000,0.144,0.000,0.000,0.000,0.000,0.000,0.000,0.000,49.358,0.000,0.000,13.977,0.000,0.000,0.000,0.000,0.000,0.000,0.000,0.000,0.000,0.000,1.150,0.000,0.000,0.000,0.000,3.334,0.000,0.000,0.492,0.000,0.000,0.000,0.000,0.000,0.822,0.000,0.000,0.000,0.000,0.000,0.000,0.000,0.000,0.000,0.000,0.000,0.000,0.000,0.000,0.000,0.000,0.000,0.000,0.000,0.1318,0.0681,0.0150,0.0000,-0.0703,-0.1239,0.0033,0.0126,0.1569,-0.3825,0.7438,0.1131,-0.2123,-0.2302,0.0662,0.1314,-0.0004,-0.0354,0.0613,0.0006,0.0344,-0.0313,-0.0828,0.0061
975.0,0,0.000,0.000,0.000,0.000,0.000,0.000,0.000,0.001,0.000,0.000,0.000,0.000,0.000,0.026,0.000,0.000,0.000,0.000,0.000,0.000,0.000,31.328,0.000,0.000,5.279,0.000,0.000,0.000,0.000,0.000,0.000,0.000,0.000,0.000,0.000,0.210,0.000,0.000,0.000,0.000,0.609,0.000,0.000,0.090,0.000,0.000,0.000,0.000,0.000,0.150,0.000,0.000,0.000,0.000,0.000,0.000,0.000,0.000,0.000,0.000,0.000,0.000,0.000,0.000,0.000,0.000,0.000,0.000,0.000,0.1618,0.0739,0.0144,0.0000,-0.0583,-0.1224,-0.0069,0.0162,0.1667,-0.3821,0.7322,0.1200,-0.2059,-0.2275,0.0582,0.1335,-0.0003,-0.0338,0.0420,0.0005,0.0351,-0.0280,-0.0792,0.0049
983.0,0,0.000,0.000,0.000,0.000,0.000,0.000,0.000,0.000,0.000,0.000,0.000,0.000,0.000,0.005,0.000,0.000,0.000,0.000,0.000,0.000,0.000,19.560,0.000,0.000,1.066,0.000,0.000,0.000,0.000,0.000,0.000,0.000,0.000,0.000,0.000,0.042,0.000,0.000,0.000,0.000,0.123,0.000,0.000,0.018,0.000,0.000,0.000,0.000,0.000,0.030,0.000,0.000,0.000,0.000,0.000,0.000,0.000,0.000,0.000,0.000,0.000,0.000,0.000,0.000,0.000,0.000,0.000,0.000,0.000,0.1805,0.0730,0.0132,0.0000,-0.0480,-0.1152,-0.0157,0.0183,0.1775,-0.3718,0.7171,0.1248,-0.2017,-0.2139,0.0502,0.1401,-0.0003,-0.0309,0.0217,0.0004,0.0370,-0.0245,-0.0750,0.0039
991.5,0,0.000,0.000,0.000,0.000,0.000,0.000,0.000,0.000,0.000,0.000,0.000,0.000,0.000,0.001,0.000,0.000,0.000,0.000,0.000,0.000,0.000,6.902,0.000,0.000,0.195,0.000,0.000,0.000,0.000,0.000,0.000,0.000,0.000,0.000,0.000,0.008,0.000,0.000,0.000,0.000,0.022,0.000,0.000,0.003,0.000,0.000,0.000,0.000,0.000,0.006,0.000,0.000,0.000,0.000,0.000,0.000,0.000,0.000,0.000,0.000,0.000,0.000,0.000,0.000,0.000,0.000,0.000,0.000,0.000,0.1863,0.0682,0.0117,0.0000,-0.0435,-0.1045,-0.0265,0.0186,0.1817,-0.3565,0.6947,0.1224,-0.1978,-0.1939,0.0426,0.1476,-0.0002,-0.0274,0.0071,0.0003,0.0403,-0.0210,-0.0703,0.0031
1000.0,0,0.000,0.000,0.000,0.000,0.000,0.000,0.000,0.000,0.000,0.000,0.000,0.000,0.000,0.000,0.000,0.000,0.000,0.000,0.000,0.000,0.000,1.261,0.000,0.000,0.036,0.000,0.000,0.000,0.000,0.000,0.000,0.000,0.000,0.000,0.000,0.001,0.000,0.000,0.000,0.000,0.004,0.000,0.000,0.001,0.000,0.000,0.000,0.000,0.000,0.001,0.000,0.000,0.000,0.000,0.000,0.000,0.000,0.000,0.000,0.000,0.000,0.000,0.000,0.000,0.000,0.000,0.000,0.000,0.000,0.1806,0.0615,0.0102,0.0000,-0.0452,-0.0922,-0.0397,0.0177,0.1831,-0.3415,0.6628,0.1144,-0.1941,-0.1769,0.0358,0.1492,-0.0002,-0.0238,-0.0083,0.0002,0.0439,-0.0178,-0.0703,0.0025
1008.0,0,0.000,0.000,0.000,0.000,0.000,0.000,0.000,0.000,0.000,0.000,0.000,0.000,0.000,0.000,0.000,0.000,0.000,0.000,0.000,0.000,0.000,0.255,0.000,0.000,0.007,0.000,0.000,0.000,0.000,0.000,0.000,0.000,0.000,0.000,0.000,0.000,0.000,0.000,0.000,0.000,0.001,0.000,0.000,7.408,0.000,0.000,0.000,0.000,0.000,0.000,0.000,0.000,0.000,0.000,0.000,0.000,0.000,0.000,0.000,0.000,0.000,0.000,0.000,0.000,0.000,0.000,0.000,0.000,0.000,0.1652,0.0540,0.0087,0.0000,-0.0524,-0.0798,-0.0490,0.0161,0.1850,-0.3284,0.6257,0.1032,-0.1926,-0.1630,0.0297,0.1473,-0.0001,-0.0204,-0.0213,0.0002,0.0470,-0.0149,-0.0680,0.0020
1016.5,0,0.000,0.000,0.000,0.000,0.000,0.000,0.000,0.000,0.000,0.000,0.000,0.000,0.000,0.000,0.000,0.000,0.000,0.000,0.000,0.000,0.000,9.124,0.000,0.000,0.001,0.000,0.000,0.000,0.000,0.000,0.000,0.000,0.000,0.000,0.000,0.000,0.000,0.000,0.000,0.000,0.000,0.000,0.000,17.518,0.000,0.000,0.000,0.000,0.000,0.000,0.000,0.000,0.000,0.000,0.000,0.000,0.000,0.000,0.000,0.000,0.000,0.000,0.000,0.000,0.000,0.000,0.000,0.000,0.000,0.1467,0.0466,0.0074,0.0000,-0.0636,-0.0766,-0.0406,0.0143,0.1880,-0.3271,0.6020,0.0908,-0.1918,-0.1500,0.0245,0.1411,-0.0001,-0.0172,-0.0293,0.0001,0.0493,-0.0124,-0.0666,0.0016
1025.0,0,0.000,0.000,0.000,0.000,0.000,0.000,0.000,0.000,0.000,0.000,0.000,0.000,0.000,0.000,0.000,0.000,0.000,0.000,0.000,0.000,0.000,18.391,0.000,0.000,0.000,0.000,0.000,0.000,0.000,0.000,0.000,0.000,0.000,0.000,0.000,0.000,0.000,0.000,0.000,0.000,0.000,0.000,0.000,16.435,0.000,0.000,0.000,0.000,0.000,0.000,0.000,0.000,0.000,0.000,0.000,0.000,0.000,0.000,0.000,0.000,0.000,0.000,0.000,0.000,0.000,0.000,0.000,0.000,0.000,0.1304,0.0395,0.0062,0.0000,-0.0740,-0.0778,-0.0246,0.0124,0.1882,-0.3325,0.5867,0.0783,-0.1981,-0.1481,0.0216,0.1325,-0.0001,-0.0143,-0.0330,0.0001,0.0532,-0.0102,-0.0674,0.0012
1033.0,0,0.000,0.000,0.000,0.000,0.000,0.000,0.000,0.000,0.000,0.000,0.000,0.000,0.000,0.000,0.000,0.000,0.000,0.000,0.000,0.000,0.000,9.201,0.000,0.000,0.000,0.000,0.000,0.000,0.000,0.000,0.000,0.000,0.000,0.000,0.000,0.000,0.000,0.000,0.000,0.000,0.000,0.000,0.000,17.023,0.000,0.000,0.000,0.000,0.000,0.000,0.000,0.000,0.000,0.000,0.000,0.000,0.000,0.000,0.000,0.000,0.000,0.000,0.000,0.000,0.000,0.000,0.000,0.000,0.000,0.1137,0.0332,0.0051,0.0000,-0.0835,-0.0806,-0.0172,0.0106,0.1820,-0.3396,0.5736,0.0666,-0.2096,-0.1576,0.0189,0.1265,-0.0001,-0.0119,-0.0381,0.0001,0.0537,-0.0083,-0.0652,0.0010
1041.5,0,0.000,0.000,0.000,0.000,0.000,0.000,0.000,0.000,0.000,0.000,0.000,0.000,0.000,0.000,0.000,0.000,0.000,0.000,0.000,0.000,0.000,6.647,0.000,0.000,0.000,0.000,0.000,0.000,0.000,0.000,0.000,0.000,0.000,0.000,0.000,0.000,0.000,0.000,0.000,0.000,0.000,0.000,0.000,16.439,0.000,0.000,0.000,0.000,0.000,0.000,0.000,0.000,0.000,0.000,0.000,0.000,0.000,0.000,0.000,0.000,0.000,0.000,0.000,0.000,0.000,0.000,0.000,0.000,0.000,0.0970,0.0276,0.0042,0.0000,-0.0861,-0.0858,-0.0195,0.0089,0.1716,-0.3435,0.5592,0.0559,-0.2191,-0.1912,0.0164,0.1288,-0.0000,-0.0152,-0.0440,0.0001,0.0510,-0.0068,-0.0650,0.0008
1050.0,0,0.000,0.000,0.000,0.000,0.000,0.000,0.000,0.000,0.000,0.000,0.000,0.000,0.000,0.000,0.000,0.000,0.000,0.000,0.000,0.000,0.000,4.543,0.000,0.000,0.000,0.000,0.000,0.000,0.000,0.000,0.000,0.000,0.000,0.000,0.000,0.000,0.000,0.000,0.000,0.000,0.000,0.000,0.000,3.003,0.000,0.000,0.000,0.000,0.000,0.000,0.000,0.000,0.000,0.000,0.000,0.000,0.000,0.000,0.000,0.000,0.000,0.000,0.000,0.000,0.000,0.000,0.000,0.000,0.000,0.0834,0.0228,0.0034,0.0000,-0.0830,-0.0919,-0.0240,0.0121,0.1579,-0.3332,0.5350,0.0465,-0.2244,-0.2279,0.0139,0.1327,-0.0000,-0.0174,-0.0511,0.0000,0.0485,-0.0055,-0.0671,0.0037
1058.0,0,0.000,0.000,0.000,0.000,0.000,0.000,0.000,0.000,0.000,0.000,0.000,0.000,0.000,3.679,0.000,0.000,0.000,0.000,0.000,0.000,0.000,6.405,0.000,0.000,0.000,0.000,0.000,0.000,0.000,0.000,0.000,0.000,0.000,0.000,0.000,0.000,0.000,0.000,0.000,0.000,0.000,0.000,0.000,0.606,0.000,0.000,0.000,0.000,0.000,0.000,0.000,0.000,0.000,0.000,0.000,0.000,0.000,0.000,0.000,0.000,0.000,0.000,0.000,0.000,0.000,0.000,0.000,0.000,0.000,0.0762,0.0186,0.0054,0.0000,-0.0764,-0.1005,-0.0322,0.0189,0.1466,-0.3102,0.5085,0.0384,-0.2244,-0.2558,0.0160,0.1425,-0.0000,-0.0196,-0.0591,0.0000,0.0447,-0.0044,-0.0699,0.0092
1066.5,0,0.000,0.000,0.000,0.000,0.000,0.000,0.000,0.000,0.000,0.000,0.000,0.000,0.000,0.672,0.000,0.000,0.000,0.000,0.000,0.000,0.000,16.789,0.000,0.000,0.000,0.000,0.000,0.000,0.000,0.000,0.000,0.000,0.000,0.000,0.000,0.000,0.000,0.000,0.000,0.000,0.000,0.000,0.000,0.111,0.000,0.000,0.000,0.000,0.000,0.000,0.000,0.000,0.000,0.000,0.000,0.000,0.000,0.000,0.000,0.000,0.000,0.000,0.000,0.000,0.000,0.000,0.000,0.000,0.000,0.0773,0.0152,0.0067,0.0000,-0.0682,-0.1099,-0.0391,0.0260,0.1384,-0.2796,0.4874,0.0365,-0.2277,-0.2669,0.0215,0.1551,-0.0000,-0.0200,-0.0630,0.0000,0.0399,-0.0036,-0.0740,0.0175
1075.0,0,0.000,0.000,0.000,0.000,0.000,0.000,0.000,0.000,0.000,0.000,0.000,0.000,0.000,0.123,0.000,0.000,0.000,0.000,0.000,0.000,0.000,21.780,0.000,0.000,0.000,0.000,0.000,0.000,0.000,0.000,0.000,0.000,0.000,0.000,0.000,0.000,0.000,0.000,0.000,0.000,0.000,0.000,0.000,0.020,0.000,0.000,0.000,0.000,0.000,0.000,0.000,0.000,0.000,0.000,0.000,0.000,0.000,0.000,0.000,0.000,0.000,0.000,0.000,0.000,0.000,0.000,0.000,0.000,0.000,0.0840,0.0123,0.0071,0.0000,-0.0595,-0.1189,-0.0489,0.0339,0.1328,-0.2481,0.4762,0.0344,-0.2396,-0.2609,0.0282,0.1702,-0.0000,-0.0191,-0.0694,0.0000,0.0349,-0.0057,-0.0780,0.0239
1083.0,0,0.000,0.000,0.000,0.000,0.000,0.000,0.000,0.000,0.000,0.000,0.000,0.000,0.000,0.025,0.000,0.000,0.000,0.000,0.000,0.000,0.000,7.726,0.000,0.000,0.000,0.000,0.000,0.000,0.000,0.000,0.000,0.000,0.000,0.000,0.000,0.000,0.000,0.000,0.000,0.000,0.000,0.000,0.000,0.004,0.000,0.000,0.000,0.000,0.000,0.000,0.000,0.000,0.000,0.000,0.000,0.000,0.000,0.000,0.000,0.000,0.000,0.000,0.000,0.000,0.000,0.000,0.000,0.000,0.000,0.0882,0.0099,0.0070,0.0000,-0.0510,-0.1241,-0.0565,0.0425,0.1294,-0.2162,0.4642,0.0314,-0.2535,-0.2432,0.0346,0.1842,-0.0000,-0.0175,-0.0761,0.0000,0.0299,-0.0128,-0.0840,0.0304
1091.5,0,0.000,0.000,0.000,0.000,0.000,0.000,0.000,0.000,0.000,0.000,0.000,0.000,0.000,0.005,0.000,0.000,0.000,0.000,0.000,0.000,0.000,1.411,0.000,0.000,0.000,0.000,0.000,0.000,0.000,0.000,0.000,0.000,0.000,0.000,0.000,0.000,0.000,0.000,0.000,0.000,0.000,0.000,0.000,0.001,0.000,0.000,0.000,0.000,0.000,0.000,0.000,0.000,0.000,0.000,0.000,0.000,0.000,0.000,0.000,0.000,0.000,0.000,0.000,0.000,0.000,0.000,0.000,0.000,0.000,0.0869,0.0080,0.0065,0.0000,-0.0431,-0.1272,-0.0635,0.0518,0.1303,-0.1853,0.4430,0.0279,-0.2661,-0.2191,0.0421,0.1927,-0.0000,-0.0156,-0.0832,0.0000,0.0253,-0.0219,-0.0894,0.0355
1100.0,0,0.000,0.000,0.000,0.000,0.000,0.000,0.000,0.000,0.000,0.000,0.000,0.000,0.000,0.001,0.000,0.000,0.000,0.000,0.000,0.000,0.000,0.258,0.000,0.000,0.000,0.000,0.000,0.000,0.000,0.000,0.000,0.000,0.000,0.000,0.000,0.000,0.000,0.000,0.000,0.000,0.000,0.000,0.000,0.000,0.000,0.000,0.000,0.000,0.000,0.000,0.000,0.000,0.000,0.000,0.000,0.000,0.000,0.000,0.000,0.000,0.000,0.000,0.000,0.000,0.000,0.000,0.000,0.000,0.000,0.0814,0.0064,0.0058,0.0000,-0.0360,-0.1270,-0.0653,0.0609,0.1286,-0.1567,0.4142,0.0242,-0.2717,-0.1925,0.0454,0.1983,-0.0000,-0.0135,-0.0883,0.0000,0.0212,-0.0322,-0.0944,0.0369
1108.0,0,0.000,0.000,0.000,0.000,0.000,0.000,0.000,0.000,0.000,0.000,0.000,0.000,0.000,0.000,0.000,0.000,0.000,0.000,0.000,0.000,0.000,0.052,0.000,0.000,0.000,0.000,0.000,0.000,0.000,0.000,0.000,0.000,0.000,0.000,0.000,0.000,0.000,0.000,0.000,0.000,0.000,0.000,0.000,0.000,0.000,0.000,0.000,0.000,0.000,0.000,0.000,0.000,0.000,0.000,0.000,0.000,0.000,0.000,0.000,0.000,0.000,0.000,0.000,0.000,0.000,0.000,0.000,0.000,0.000,0.0737,0.0051,0.0051,0.0000,-0.0299,-0.1243,-0.0628,0.0643,0.1263,-0.1311,0.3818,0.0207,-0.2718,-0.1660,0.0531,0.2026,-0.0000,-0.0116,-0.0914,0.0000,0.0176,-0.0431,-0.0961,0.0357
1116.5,0,0.000,0.000,0.000,0.000,0.000,0.000,0.000,0.000,0.000,0.000,0.000,0.000,0.000,0.000,0.000,0.000,0.000,0.000,0.000,0.000,0.000,0.010,0.000,0.000,0.000,0.000,0.000,0.000,0.000,0.000,0.000,0.000,0.000,0.000,0.000,0.000,0.000,0.000,0.000,0.000,0.000,0.000,0.000,0.000,0.000,0.000,0.000,0.000,0.000,0.000,0.000,0.000,0.000,0.000,0.000,0.000,0.000,0.000,0.000,0.000,0.000,0.000,0.000,0.000,0.000,0.000,0.000,0.000,0.000,0.0650,0.0041,0.0044,0.0000,-0.0316,-0.1231,-0.0635,0.0650,0.1315,-0.1087,0.3507,0.0175,-0.2719,-0.1438,0.0694,0.2032,-0.0000,-0.0098,-0.0890,0.0000,0.0145,-0.0534,-0.0965,0.0330
1125.0,0,0.000,0.000,0.000,0.000,0.000,0.000,0.000,0.000,0.000,0.000,0.000,0.000,0.000,0.000,0.000,0.000,0.000,0.000,0.000,0.000,0.000,0.002,0.000,0.000,0.000,0.000,0.000,0.000,0.000,0.000,0.000,0.000,0.000,0.000,0.000,0.000,0.000,0.000,0.000,0.000,0.000,0.000,0.000,10.000,0.000,0.000,0.000,0.000,0.000,0.000,0.000,0.000,0.000,0.000,0.000,0.000,0.000,0.000,0.000,0.000,0.000,0.000,0.000,0.000,0.000,0.000,0.000,0.000,0.000,0.0532,0.0032,0.0037,0.0000,-0.0375,-0.1221,-0.0616,0.0620,0.1389,-0.0894,0.3170,0.0146,-0.2726,-0.1293,0.0924,0.2012,-0.0000,-0.0082,-0.0835,0.0000,0.0118,-0.0650,-0.1020,0.0294
1133.0,0,0.000,0.000,0.000,0.000,0.000,0.000,0.000,0.000,0.000,0.000,0.000,0.000,0.000,0.000,0.000,0.000,0.000,0.000,0.000,0.000,0.000,0.000,0.000,0.000,0.000,0.000,0.000,0.000,0.000,0.000,0.000,0.000,0.000,0.000,0.000,0.000,0.000,0.000,0.000,0.000,0.000,0.000,0.000,9.427,0.000,0.000,0.000,0.000,0.000,0.000,0.000,0.000,0.000,0.000,0.000,0.000,0.000,0.000,0.000,0.000,0.000,0.000,0.000,0.000,0.000,0.000,0.000,0.000,0.000,0.0389,0.0026,0.0031,0.0000,-0.0451,-0.1234,-0.0598,0.0568,0.1498,-0.0731,0.2775,0.0121,-0.2702,-0.1151,0.1167,0.1940,-0.0000,-0.0067,-0.0757,0.0000,0.0096,-0.0699,-0.1047,0.0257
1141.5,0,0.000,0.000,0.000,0.000,0.000,0.000,0.000,0.000,0.000,0.000,0.000,0.000,0.000,0.000,0.000,0.000,0.000,0.000,0.000,0.000,0.000,0.000,0.000,0.000,0.000,0.000,0.000,0.000,0.000,0.000,0.000,0.000,0.000,0.000,0.000,0.000,0.000,0.000,0.000,0.000,0.000,0.000,0.000,13.588,0.000,0.000,0.000,0.000,0.000,0.000,0.000,0.000,0.000,0.000,0.000,0.000,0.000,0.000,0.000,0.000,0.000,0.000,0.000,0.000,0.000,0.000,0.000,0.000,0.000,0.0239,0.0020,0.0026,0.0000,-0.0539,-0.1261,-0.0586,0.0505,0.1574,-0.0595,0.2333,0.0099,-0.2595,-0.1048,0.1303,0.1851,-0.0000,-0.0055,-0.0682,0.0000,0.0078,-0.0691,-0.1033,0.0220
1150.0,0,0.000,0.000,0.000,0.000,0.000,0.000,0.000,0.000,0.000,0.000,0.000,0.000,0.000,0.000,0.000,0.000,0.000,0.000,0.000,0.000,0.000,0.000,0.000,0.000,0.000,0.000,0.000,0.000,0.000,0.000,0.000,0.000,0.000,0.000,0.000,0.000,0.000,0.000,0.000,0.000,0.000,0.000,0.000,12.514,0.000,0.000,0.000,0.000,0.000,0.000,0.000,0.000,0.000,0.000,0.000,0.000,0.000,0.000,0.000,0.000,0.000,0.000,0.000,0.000,0.000,0.000,0.000,0.000,0.000,0.0094,0.0016,0.0021,0.0000,-0.0575,-0.1311,-0.0574,0.0439,0.1572,-0.0482,0.1907,0.0081,-0.2410,-0.0979,0.1319,0.1738,-0.0000,-0.0045,-0.0617,0.0000,0.0063,-0.0648,-0.0971,0.0186
1158.0,0,0.000,0.000,0.000,0.000,0.000,0.000,0.000,0.000,0.000,0.000,0.000,0.000,0.000,0.000,0.000,0.000,0.000,0.000,0.000,0.000,0.000,5.488,0.000,0.000,0.000,0.000,0.000,0.000,0.000,0.000,0.000,0.000,0.000,0.000,0.000,0.000,0.000,0.000,0.000,0.000,0.000,0.000,0.000,19.266,0.000,0.000,0.000,0.000,0.000,0.000,0.000,0.000,0.000,0.000,0.000,0.000,0.000,0.000,0.000,0.000,0.000,0.000,0.000,0.000,0.000,0.000,0.000,0.000,0.000,-0.0009,0.0013,0.0017,0.0000,-0.0565,-0.1372,-0.0498,0.0376,0.1544,-0.0388,0.1516,0.0066,-0.2157,-0.0948,0.1255,0.1618,-0.0000,-0.0037,-0.0547,0.0000,0.0050,-0.0585,-0.0880,0.0156
1166.5,0,0.000,0.000,0.000,0.000,0.000,0.000,0.000,0.000,0.000,0.000,0.000,0.000,0.000,0.000,0.000,0.000,0.000,0.000,0.000,0.000,0.000,1.003,0.000,0.000,0.000,0.000,0.000,0.000,0.000,0.000,0.000,0.000,0.000,0.000,0.000,0.000,0.000,0.000,0.000,0.000,0.000,0.000,0.000,16.848,0.000,0.000,0.000,0.000,0.000,0.000,0.000,0.000,0.000,0.000,0.000,0.000,0.000,0.000,0.000,0.000,0.000,0.000,0.000,0.000,0.000,0.000,0.000,0.000,0.000,-0.0111,0.0010,0.0014,0.0000,-0.0527,-0.1449,-0.0432,0.0317,0.1477,-0.0312,0.1163,0.0053,-0.1865,-0.0891,0.1144,0.1511,-0.0000,-0.0030,-0.0475,0.0000,0.0040,-0.0515,-0.0776,0.0129
1175.0,0,0.000,0.000,0.000,0.000,0.000,0.000,0.000,0.000,0.000,0.000,0.000,0.000,0.000,0.000,0.000,0.000,0.000,0.000,0.000,0.000,0.000,11.250,0.000,0.000,0.000,0.000,0.000,0.000,0.000,0.000,0.000,0.000,0.000,0.000,0.000,0.000,0.000,0.000,0.000,0.000,0.000,0.000,0.000,3.078,0.000,0.000,0.000,0.000,0.000,0.000,0.000,0.000,0.000,0.000,0.000,0.000,0.000,0.000,0.000,0.000,0.000,0.000,0.000,0.000,0.000,0.000,0.000,0.000,0.000,-0.0114,0.0008,0.0012,0.0000,-0.0475,-0.1589,-0.0407,0.0265,0.1415,-0.0250,0.0916,0.0043,-0.1571,-0.0808,0.1014,0.1486,-0.0000,-0.0024,-0.0432,0.0000,0.0032,-0.0444,-0.0702,0.0106
1183.0,0,0.000,0.000,0.000,0.000,0.000,0.000,0.000,0.000,0.000,0.000,0.000,0.000,0.000,0.000,0.000,0.000,0.000,0.000,0.000,0.000,0.000,15.813,0.000,0.000,0.000,0.000,0.000,0.000,0.000,0.000,0.000,0.000,0.000,0.000,0.000,0.000,0.000,0.000,0.000,0.000,0.000,0.000,0.000,0.621,0.000,0.000,0.000,0.000,0.000,0.000,0.000,0.000,0.000,0.000,0.000,0.000,0.000,0.000,0.000,0.000,0.000,0.000,0.000,0.000,0.000,0.000,0.000,0.000,0.000,-0.0013,0.0006,0.0009,0.0000,-0.0417,-0.1770,-0.0273,0.0262,0.1326,-0.0199,0.0888,0.0034,-0.1299,-0.0714,0.0880,0.1480,-0.0000,-0.0019,-0.0387,0.0000,0.0026,-0.0377,-0.0625,0.0087
1191.5,0,0.000,0.000,0.000,0.000,0.000,0.000,0.000,0.000,0.000,0.000,0.000,0.000,0.000,0.000,0.000,0.000,0.000,0.000,0.000,0.000,0.000,23.932,0.000,0.000,0.000,0.000,0.000,0.000,0.000,0.000,0.000,0.000,0.000,0.000,0.000,0.000,0.000,0.000,0.000,0.000,0.000,0.000,0.000,10.114,0.000,0.000,0.000,0.000,0.000,0.000,0.000,0.000,0.000,0.000,0.000,0.000,0.000,0.000,0.000,0.000,0.000,0.000,0.000,0.000,0.000,0.000,0.000,0.000,0.000,0.0134,0.0005,0.0007,0.0000,-0.0359,-0.1984,0.0039,0.0254,0.1281,-0.0305,0.1148,0.0070,-0.1060,-0.0618,0.0751,0.1462,-0.0000,-0.0015,-0.0340,0.0000,0.0020,-0.0317,-0.0545,0.0071
1200.0,0,0.000,0.000,0.000,0.000,0.000,0.000,0.000,0.000,0.000,0.000,0.000,0.000,0.000,0.000,0.000,0.000,0.000,0.000,0.000,0.000,0.000,38.883,0.000,0.000,10.653,0.000,0.000,0.000,0.000,0.000,0.000,0.000,0.000,0.000,0.000,0.000,0.000,0.000,0.000,0.000,0.000,0.000,0.000,10.035,0.000,0.000,0.000,0.000,0.000,0.000,0.000,0.000,0.000,0.000,0.000,0.000,0.000,0.000,0.000,0.000,0.000,0.000,0.000,0.000,0.000,0.000,0.000,0.000,0.000,0.0365,0.0004,0.0006,0.0000,-0.0380,-0.2180,0.0546,0.0237,0.1292,-0.0609,0.1627,0.0096,-0.0884,-0.0527,0.0633,0.1411,-0.0000,-0.0012,-0.0336,0.0000,0.0016,-0.0264,-0.0467,0.0057
1208.0,0,0.000,0.000,0.000,0.000,0.000,0.000,0.000,0.000,0.000,0.000,0.000,0.000,0.000,0.000,0.000,0.000,0.000,0.000,0.000,0.000,0.000,34.842,0.000,0.000,2.151,0.000,0.000,0.000,0.000,0.000,0.000,0.000,0.000,0.000,0.000,0.000,0.000,0.000,0.000,0.000,0.000,0.000,0.000,2.026,0.000,0.000,0.000,0.000,0.000,0.000,0.000,0.000,0.000,0.000,0.000,0.000,0.000,0.000,0.000,0.000,0.000,0.000,0.000,0.000,0.000,0.000,0.000,0.000,0.000,0.0603,0.0003,0.0005,0.0000,-0.0420,-0.2338,0.1037,0.0233,0.1341,-0.0991,0.2156,0.0107,-0.0793,-0.0443,0.0571,0.1359,-0.0000,-0.0010,-0.0378,0.0000,0.0013,-0.0217,-0.0435,0.0082
1216.5,0,0.000,0.000,0.000,0.000,0.000,0.000,0.000,0.000,0.000,0.000,0.000,0.000,0.000,0.000,0.000,0.000,0.000,0.000,0.000,0.000,0.000,14.865,0.000,0.000,0.393,0.000,0.000,0.000,0.000,0.000,0.000,0.000,0.000,0.000,0.000,0.000,0.000,0.000,0.000,0.000,0.000,0.000,0.000,0.370,0.000,0.000,0.000,0.000,0.000,0.000,0.000,0.000,0.000,0.000,0.000,0.000,0.000,0.000,0.000,0.000,0.000,0.000,0.000,0.000,0.000,0.000,0.000,0.000,0.000,0.0793,0.0002,0.0004,0.0000,-0.0486,-0.2448,0.1436,0.0253,0.1366,-0.1383,0.2549,0.0108,-0.0792,-0.0369,0.0562,0.1327,-0.0000,-0.0008,-0.0408,0.0000,0.0010,-0.0178,-0.0417,0.0100
1225.0,0,0.000,0.000,0.000,0.000,0.000,0.000,0.000,0.000,0.000,0.000,0.000,0.000,0.000,0.000,0.000,0.000,0.000,0.000,0.000,0.000,0.000,9.913,0.000,0.000,0.072,0.000,0.000,0.000,0.000,0.000,0.000,0.000,0.000,0.000,0.000,0.000,0.000,0.000,0.000,0.000,0.000,0.000,0.000,0.068,0.000,0.000,0.000,0.000,0.000,0.000,0.000,0.000,0.000,0.000,0.000,0.000,0.000,0.000,0.000,0.000,0.000,0.000,0.000,0.000,0.000,0.000,0.000,0.000,0.000,0.0922,0.0002,0.0003,0.0000,-0.0602,-0.2527,0.1724,0.0301,0.1319,-0.1656,0.2738,0.0102,-0.0862,-0.0305,0.0537,0.1296,-0.0000,-0.0006,-0.0441,0.0036,0.0008,-0.0145,-0.0336,0.0105
1233.0,0,0.000,0.000,0.000,0.000,0.000,0.000,0.000,0.000,0.000,0.000,0.000,0.000,0.000,0.000,0.000,0.000,0.000,0.000,0.000,0.000,0.000,5.330,0.000,0.000,0.014,0.000,0.000,0.000,0.000,0.000,0.000,0.000,0.000,0.000,0.000,0.000,0.000,0.000,0.000,0.000,0.000,0.000,0.000,0.014,0.000,0.000,0.000,0.000,0.000,0.000,0.000,0.000,0.000,0.000,0.000,0.000,0.000,0.000,0.000,0.000,0.000,0.000,0.000,0.000,0.000,0.000,0.000,0.000,0.000,0.0984,0.0001,0.0002,0.0000,-0.0757,-0.2562,0.1823,0.0323,0.1246,-0.1779,0.2661,0.0092,-0.0971,-0.0251,0.0517,0.1260,-0.0000,-0.0005,-0.0443,0.0063,0.0006,-0.0118,-0.0092,0.0136
1241.5,0,0.000,0.000,0.000,0.000,0.000,0.000,0.000,0.000,0.000,0.000,0.000,0.000,0.000,0.000,0.000,0.000,0.000,0.000,0.000,0.000,0.000,0.974,0.000,0.000,0.003,0.000,0.000,0.000,0.000,0.000,0.000,0.000,0.000,0.000,0.000,0.000,0.000,0.000,0.000,0.000,0.000,0.000,0.000,0.002,0.000,0.000,0.000,0.000,0.000,0.000,0.000,0.000,0.000,0.000,0.000,0.000,0.000,0.000,0.000,0.000,0.000,0.000,0.000,0.000,0.000,0.000,0.000,0.000,0.000,0.0973,0.0001,0.0002,0.0000,-0.1001,-0.2557,0.1737,0.0361,0.1215,-0.1793,0.2452,0.0081,-0.1139,-0.0204,0.0505,0.1230,-0.0000,-0.0004,-0.0397,0.0119,0.0005,-0.0095,0.0377,0.0152
1250.0,0,0.000,0.000,0.000,0.000,0.000,0.000,0.000,0.000,0.000,0.000,0.000,0.000,0.000,0.000,0.000,0.000,0.000,0.000,0.000,0.000,0.000,6.881,0.000,0.000,0.000,0.000,0.000,0.000,0.000,0.000,0.000,0.000,0.000,0.000,0.000,0.000,0.000,0.000,0.000,0.000,0.000,0.000,0.000,0.000,0.000,0.000,0.000,0.000,0.000,0.000,0.000,0.000,0.000,0.000,0.000,0.000,0.000,0.000,0.000,0.000,0.000,0.000,0.000,0.000,0.000,0.000,0.000,0.000,0.000,0.0956,0.0001,0.0002,0.0000,-0.1293,-0.2525,0.1590,0.0372,0.1146,-0.1708,0.2147,0.0070,-0.1400,-0.0166,0.0579,0.1213,-0.0000,-0.0003,-0.0345,0.0154,0.0004,-0.0107,0.0972,0.0208
1258.0,0,0.000,0.000,0.000,0.000,0.000,0.000,0.000,0.000,0.000,0.000,0.000,0.000,0.000,0.000,0.000,0.000,0.000,0.000,0.000,0.000,0.000,18.938,0.000,0.000,0.000,0.000,0.000,0.000,0.000,0.000,0.000,0.000,0.000,0.000,0.000,0.000,0.000,0.000,0.000,0.000,0.000,0.000,0.000,0.000,0.000,0.000,0.000,0.000,0.000,0.000,0.000,0.000,0.000,0.000,0.000,0.000,0.000,0.000,0.000,0.000,0.000,0.000,0.000,0.000,0.000,0.000,0.000,0.000,0.000,0.0980,0.0001,0.0001,0.0000,-0.1603,-0.2495,0.1538,0.0407,0.1176,-0.1617,0.1813,0.0060,-0.1744,-0.0193,0.0734,0.1238,-0.0000,-0.0002,-0.0322,0.0166,0.0021,-0.0214,0.1546,0.0241
1266.5,0,0.000,0.000,0.000,0.000,0.000,0.000,0.000,0.000,0.000,0.000,0.000,0.000,0.000,0.000,0.000,0.000,0.000,0.000,0.000,0.000,0.000,16.694,0.000,0.000,0.000,0.000,0.000,0.000,0.000,0.000,0.000,0.000,0.000,0.000,0.000,0.000,0.000,0.000,0.000,0.000,0.000,0.000,0.000,14.272,0.000,0.000,0.000,0.000,0.000,0.000,0.000,0.000,0.000,0.000,0.000,0.000,0.000,0.000,0.000,0.000,0.000,0.000,0.000,0.000,0.000,0.000,0.000,0.000,0.000,0.0983,0.0001,0.0001,0.0000,-0.1887,-0.2467,0.1458,0.0415,0.1227,-0.1503,0.1400,0.0050,-0.2076,-0.0308,0.0839,0.1274,-0.0000,-0.0002,-0.0341,0.0164,0.0033,-0.0354,0.2013,0.0249
1275.0,0,0.000,0.000,0.000,0.000,0.000,0.000,0.000,0.000,0.000,0.000,0.000,0.000,0.000,0.000,0.000,0.000,0.000,0.000,0.000,0.000,0.000,19.295,0.000,0.000,0.000,0.000,0.000,0.000,0.000,0.000,0.000,0.000,0.000,0.000,0.000,0.000,0.000,0.000,0.000,0.000,0.000,0.000,0.000,6.673,0.000,0.000,0.000,0.000,0.000,0.000,0.000,0.000,0.000,0.000,0.000,0.000,0.000,0.000,0.000,0.000,0.000,0.000,0.000,0.000,0.000,0.000,0.000,0.000,0.000,0.0976,0.0000,0.0001,0.0000,-0.2069,-0.2437,0.1273,0.0419,0.1264,-0.1357,0.0981,0.0042,-0.2318,-0.0485,0.0900,0.1273,-0.0000,-0.0001,-0.0427,0.0154,0.0058,-0.0471,0.2300,0.0239
1283.0,0,0.000,0.000,0.000,0.000,0.000,0.000,0.000,0.000,0.000,0.000,0.000,0.000,0.000,0.000,0.000,0.000,0.000,0.000,0.000,0.000,0.000,19.598,0.000,0.000,0.000,0.000,0.000,0.000,0.000,0.000,0.000,0.000,0.000,0.000,0.000,0.000,0.000,0.000,0.000,0.000,0.000,0.000,0.000,4.359,0.000,0.000,0.000,0.000,0.000,0.000,0.000,0.000,0.000,0.000,0.000,0.000,0.000,0.000,0.000,0.000,0.000,0.000,0.000,0.000,0.000,0.000,0.000,0.000,0.000,0.0989,0.0000,0.0001,0.0000,-0.2165,-0.2411,0.0999,0.0428,0.1348,-0.1195,0.0578,0.0035,-0.2423,-0.0670,0.0923,0.1304,-0.0000,-0.0001,-0.0545,0.0138,0.0073,-0.0582,0.2330,0.0220
1291.5,0,0.000,0.000,0.000,0.000,0.000,0.000,0.000,0.000,0.000,0.000,0.000,0.000,0.000,0.000,0.000,0.000,0.000,0.000,0.000,0.000,0.000,34.900,0.000,0.000,0.000,0.000,0.000,0.000,0.000,0.000,0.000,0.000,0.000,0.000,0.000,0.000,0.000,0.000,0.000,0.000,0.000,0.000,0.000,0.796,0.000,0.000,0.000,0.000,0.000,0.000,0.000,0.000,0.000,0.000,0.000,0.000,0.000,0.000,0.000,0.000,0.000,0.000,0.000,0.000,0.000,0.000,0.000,0.000,0.000,0.1061,0.0000,0.0000,0.0000,-0.2194,-0.2386,0.0725,0.0474,0.1467,-0.1032,0.0202,0.0028,-0.2408,-0.0847,0.0928,0.1362,-0.0000,-0.0001,-0.0673,0.0121,0.0094,-0.0630,0.2145,0.0250
1300.0,0,0.000,0.000,0.000,0.000,0.000,0.000,0.000,0.000,0.000,0.000,0.000,0.000,0.000,9.048,0.000,0.000,0.000,0.000,0.000,0.000,0.000,34.449,0.000,0.000,0.000,0.000,0.000,0.000,0.000,0.000,0.000,0.000,0.000,0.000,0.000,0.000,0.000,0.000,0.000,0.000,0.000,0.000,0.000,0.145,0.000,0.000,0.000,0.000,0.000,0.000,0.000,0.000,0.000,0.000,0.000,0.000,0.000,0.000,0.000,0.000,0.000,0.000,0.000,0.000,0.000,0.000,0.000,0.000,0.000,0.1169,0.0000,0.0055,0.0000,-0.2143,-0.2351,0.0452,0.0549,0.1586,-0.0877,-0.0117,0.0023,-0.2309,-0.1001,0.0886,0.1446,-0.0000,-0.0001,-0.0792,0.0105,0.0122,-0.0623,0.1864,0.0383
1308.0,0,0.000,0.000,0.000,0.000,0.000,0.000,0.000,0.000,0.000,0.000,0.000,0.000,0.000,1.827,0.000,0.000,0.000,0.000,0.000,0.000,0.000,27.035,0.000,0.000,0.000,0.000,0.000,0.000,0.000,0.000,0.000,0.000,0.000,0.000,0.000,0.000,0.000,0.000,0.000,0.000,0.000,0.000,0.000,0.029,0.000,0.000,0.000,0.000,0.000,0.000,0.000,0.000,0.000,0.000,0.000,0.000,0.000,0.000,0.000,0.000,0.000,0.000,0.000,0.000,0.000,0.000,0.000,0.000,0.000,0.1275,0.0000,0.0096,0.0000,-0.2051,-0.2303,0.0179,0.0607,0.1737,-0.0738,-0.0394,0.0019,-0.2168,-0.1089,0.0890,0.1535,-0.0000,-0.0001,-0.0871,0.0089,0.0194,-0.0584,0.1560,0.0553
1316.5,0,0.000,0.000,0.000,0.000,0.000,0.000,0.000,0.000,0.000,0.000,0.000,0.000,0.000,6.399,0.000,0.000,0.000,0.000,0.000,0.000,0.000,29.149,0.000,0.000,0.000,0.000,0.000,0.000,0.000,0.000,0.000,0.000,0.000,0.000,0.000,0.000,0.000,0.000,0.000,0.000,0.000,0.000,0.000,0.005,0.000,0.000,0.000,0.000,0.000,0.000,0.000,0.000,0.000,0.000,0.000,0.000,0.000,0.000,0.000,0.000,0.000,0.000,0.000,0.000,0.000,0.000,0.000,0.000,0.000,0.1377,0.0000,0.0156,0.0000,-0.1896,-0.2230,-0.0062,0.0655,0.1901,-0.0650,-0.0643,0.0015,-0.2016,-0.1139,0.1005,0.1646,-0.0000,-0.0000,-0.0957,0.0075,0.0274,-0.0581,0.1257,0.0759
1325.0,0,0.000,0.000,0.000,0.000,0.000,0.000,0.000,0.000,0.000,0.000,0.000,0.000,0.000,1.169,0.000,0.000,0.000,0.000,0.000,0.000,0.000,21.333,0.000,0.000,0.000,0.000,0.000,0.000,0.000,0.000,0.000,0.000,0.000,0.000,0.000,0.000,0.000,0.000,0.000,0.000,0.000,0.000,0.000,0.001,0.000,0.000,0.000,0.000,0.000,0.000,0.000,0.000,0.000,0.000,0.000,0.000,0.000,0.000,0.000,0.000,0.000,0.000,0.000,0.000,0.000,0.000,0.000,0.000,0.000,0.1452,0.0000,0.0190,0.0000,-0.1701,-0.2145,-0.0267,0.0729,0.2062,-0.0569,-0.0866,0.0012,-0.1877,-0.1175,0.1171,0.1770,-0.0000,-0.0000,-0.0999,0.0077,0.0347,-0.0586,0.0982,0.0997
1333.0,0,0.000,0.000,0.000,0.000,0.000,0.000,0.000,0.000,0.000,0.000,0.000,0.000,0.000,0.236,0.000,0.000,0.000,0.000,0.000,0.000,0.000,9.273,0.000,0.000,0.000,0.000,0.000,0.000,0.000,0.000,0.000,0.000,0.000,0.000,0.000,0.000,0.000,0.000,0.000,0.000,0.000,0.000,0.000,0.000,0.000,0.000,0.000,0.000,0.000,0.000,0.000,0.000,0.000,0.000,0.000,0.000,0.000,0.000,0.000,0.000,0.000,0.000,0.000,0.000,0.000,0.000,0.000,0.000,0.000,0.1467,0.0000,0.0200,0.0000,-0.1490,-0.2029,-0.0441,0.0775,0.2189,-0.0491,-0.1093,0.0010,-0.1881,-0.1167,0.1440,0.1858,-0.0000,-0.0000,-0.1022,0.0096,0.0380,-0.0634,0.0676,0.1177
1341.5,0,0.000,0.000,0.000,0.000,0.000,0.000,0.000,0.000,0.000,0.000,0.000,0.000,0.000,0.043,0.000,0.000,0.000,0.000,0.000,0.000,0.000,19.126,0.000,0.000,0.000,0.000,0.000,0.000,0.000,0.000,0.000,0.000,0.000,0.000,0.000,0.000,0.000,0.000,0.000,0.000,0.000,0.000,0.000,0.000,0.000,0.000,0.000,0.000,0.000,0.000,0.000,0.000,0.000,0.000,0.000,0.000,0.000,0.000,0.000,0.000,0.000,0.000,0.000,0.000,0.000,0.000,0.000,0.000,0.000,0.1479,0.0000,0.0194,0.0000,-0.1340,-0.1924,-0.0480,0.0820,0.2297,-0.0418,-0.1312,0.0008,-0.1995,-0.1116,0.1745,0.1889,-0.0000,-0.0000,-0.1048,0.0105,0.0378,-0.0707,0.0353,0.1299
1350.0,0,0.000,0.000,0.000,0.000,0.000,0.000,0.000,0.000,0.000,0.000,0.000,0.000,0.000,0.008,0.000,0.000,0.000,0.000,0.000,0.000,0.000,22.888,0.000,0.000,0.000,0.000,0.000,0.000,0.000,0.000,0.000,0.000,0.000,0.000,0.000,0.000,0.000,0.000,0.000,0.000,0.000,0.000,0.000,0.000,0.000,0.000,0.000,0.000,0.000,0.000,0.000,0.000,0.000,0.000,0.000,0.000,0.000,0.000,0.000,0.000,0.000,0.000,0.000,0.000,0.000,0.000,0.000,0.000,0.000,0.1499,0.0000,0.0180,0.0000,-0.1266,-0.1795,-0.0473,0.0814,0.2392,-0.0384,-0.1521,0.0006,-0.2205,-0.1026,0.2019,0.1885,-0.0059,-0.0000,-0.1048,0.0106,0.0448,-0.0768,0.0052,0.1316
1358.0,0,0.000,0.000,0.000,0.000,0.000,0.000,0.000,0.000,0.000,0.000,0.000,0.000,0.000,0.002,0.000,0.000,0.000,0.000,0.000,0.000,0.000,22.486,0.000,0.000,3.679,0.000,0.000,0.000,0.000,0.000,0.000,0.000,0.000,0.000,0.000,0.000,0.000,0.000,0.000,0.000,0.000,0.000,0.000,2.231,0.000,0.000,0.000,0.000,0.000,0.000,0.000,0.000,0.000,0.000,0.000,0.000,0.000,0.000,0.000,0.000,0.000,0.000,0.000,0.000,0.000,0.000,0.000,0.000,0.000,0.1537,0.0000,0.0161,0.0000,-0.1207,-0.1642,-0.0461,0.0767,0.2476,-0.0405,-0.1701,0.0005,-0.2424,-0.0980,0.2243,0.1864,-0.0104,-0.0000,-0.1021,0.0100,0.0629,-0.0788,-0.0201,0.1255
1366.5,0,0.000,0.000,0.000,0.000,0.000,0.000,0.000,0.000,0.000,0.000,0.000,0.000,0.000,0.000,0.000,0.000,0.000,0.000,0.000,0.000,0.000,29.494,0.000,0.000,6.160,0.000,0.000,0.000,0.000,0.000,0.000,0.000,0.000,0.000,0.000,0.000,0.000,0.000,0.000,0.000,0.000,0.000,0.000,0.408,0.000,0.000,0.000,0.000,0.000,0.000,0.000,0.000,0.000,0.000,0.000,0.000,0.000,0.000,0.000,0.000,0.000,0.000,0.000,0.000,0.000,0.000,0.000,0.000,0.000,0.1612,0.0000,0.0140,0.0000,-0.1116,-0.1485,-0.0500,0.0695,0.2557,-0.0460,-0.1822,0.0004,-0.2529,-0.1011,0.2400,0.1857,-0.0127,-0.0000,-0.1001,0.0090,0.0887,-0.0773,-0.0409,0.1148
1375.0,0,0.000,0.000,0.000,0.000,0.000,0.000,0.000,0.000,0.000,0.000,0.000,0.000,0.000,0.000,0.000,0.000,0.000,0.000,0.000,0.000,0.000,42.749,0.000,0.000,15.610,0.000,0.000,0.000,0.000,0.000,0.000,0.000,0.000,0.000,0.000,0.000,0.000,0.000,0.000,0.000,0.000,0.000,0.000,0.074,0.000,0.000,0.000,0.000,0.000,0.000,0.000,0.000,0.000,0.000,0.000,0.000,0.000,0.000,0.000,0.000,0.000,0.000,0.000,0.000,0.000,0.000,0.000,0.000,0.000,0.1764,0.0000,0.0120,0.0000,-0.1001,-0.1427,-0.0523,0.0614,0.2646,-0.0612,-0.1922,0.0003,-0.2477,-0.1079,0.2457,0.1852,-0.0133,-0.0000,-0.1001,0.0080,0.1157,-0.0723,-0.0578,0.1020
1383.0,0,0.000,0.000,0.000,0.000,0.000,0.000,0.000,0.000,0.000,0.000,0.000,0.000,0.000,0.000,0.000,0.000,0.000,0.000,0.000,0.000,0.000,41.123,0.000,0.000,7.645,0.000,0.000,0.000,0.000,0.000,0.000,0.000,0.000,0.000,0.000,0.000,0.000,0.000,0.000,0.000,0.000,0.000,0.000,0.015,0.000,0.000,0.000,0.000,0.000,0.000,0.000,0.000,0.000,0.000,0.000,0.000,0.000,0.000,0.000,0.000,0.000,0.000,0.000,0.000,0.000,0.000,0.000,0.000,0.000,0.1918,0.0000,0.0102,0.0000,-0.0877,-0.1416,-0.0548,0.0531,0.2737,-0.0873,-0.2009,0.0002,-0.2297,-0.1208,0.2453,0.1877,-0.0128,-0.0000,-0.1039,0.0069,0.1405,-0.0653,-0.0718,0.0887
1391.5,0,0.000,0.000,0.000,0.000,0.000,0.000,0.000,0.000,0.000,0.000,0.000,0.000,0.000,0.000,0.000,0.000,0.000,0.000,0.000,0.000,0.000,53.560,0.000,0.000,8.594,0.000,0.000,0.000,0.000,0.000,0.000,0.000,0.000,0.000,0.000,0.000,0.000,0.000,0.000,0.000,6.703,0.000,0.000,0.003,0.000,0.000,0.000,0.000,0.000,0.000,0.000,0.000,0.000,0.000,0.000,0.000,0.000,0.000,0.000,0.000,0.000,0.000,0.000,0.000,0.000,0.000,0.000,0.000,0.000,0.2081,0.0043,0.0085,0.0000,-0.0754,-0.1467,-0.0566,0.0482,0.2820,-0.1208,-0.2076,0.0002,-0.2050,-0.1409,0.2395,0.1922,-0.0118,-0.0000,-0.1095,0.0059,0.1567,-0.0574,-0.0825,0.0784
1400.0,0,0.000,0.000,0.000,0.000,0.000,0.000,0.000,0.000,0.000,0.000,0.000,0.000,0.000,4.066,0.000,0.000,0.000,0.000,0.000,0.000,0.000,60.208,0.000,0.000,21.454,0.000,0.000,0.000,0.000,0.000,0.000,0.000,0.000,0.000,0.000,17.197,0.000,0.000,0.000,0.000,17.103,0.000,0.000,0.001,0.000,0.000,0.000,0.000,0.000,0.000,0.000,0.000,0.000,0.000,0.000,0.000,0.000,0.000,0.000,0.000,0.000,0.000,0.000,0.000,0.000,0.000,0.000,0.000,0.000,0.2277,0.0236,0.0099,0.0000,-0.0640,-0.1550,-0.0545,0.0503,0.2926,-0.1632,-0.2099,0.0002,-0.1815,-0.1636,0.2329,0.1986,-0.0106,-0.0000,-0.1156,0.0117,0.1648,-0.0496,-0.0843,0.0771
1408.0,0,0.000,0.000,0.000,0.000,0.000,0.000,0.000,4.966,0.000,0.000,0.000,0.000,0.000,0.821,0.000,0.000,0.000,0.000,0.000,0.000,0.000,69.724,0.000,0.000,19.717,0.000,0.000,0.000,0.000,0.000,0.000,0.000,0.000,0.000,0.000,8.438,0.000,0.000,0.000,0.000,11.953,0.000,0.000,0.000,0.000,0.000,0.000,0.000,0.000,0.000,0.000,0.000,0.000,0.000,0.000,0.000,0.000,0.000,0.000,0.000,0.000,0.000,0.000,0.000,0.000,0.000,0.000,0.000,0.000,0.2480,0.0450,0.0107,0.0000,-0.0536,-0.1629,-0.0517,0.0564,0.3043,-0.2052,-0.2034,0.0038,-0.1643,-0.1808,0.2284,0.2056,-0.0092,-0.0000,-0.1181,0.0195,0.1664,-0.0421,-0.0853,0.0842
1416.5,0,0.000,0.000,0.000,0.000,0.000,0.000,0.000,0.907,0.000,0.000,0.000,0.000,0.000,3.162,0.000,0.000,0.000,0.000,0.000,0.000,0.000,61.262,0.000,0.000,15.227,0.000,0.000,0.000,0.000,0.000,0.000,0.000,0.000,0.000,0.000,1.541,0.000,0.000,0.000,0.000,4.909,0.000,0.000,0.000,0.000,0.000,0.000,0.000,0.000,0.000,0.000,0.000,0.000,0.000,0.000,0.000,0.000,0.000,0.000,0.000,0.000,0.000,0.000,0.000,0.000,0.000,0.000,0.000,0.000,0.2659,0.0591,0.0128,0.0000,-0.0446,-0.1684,-0.0537,0.0655,0.3168,-0.2445,-0.1978,0.0148,-0.1552,-0.1881,0.2264,0.2123,-0.0079,-0.0000,-0.1186,0.0318,0.1647,-0.0354,-0.0803,0.0991
1425.0,0,0.000,0.000,0.000,0.000,0.000,0.000,0.000,0.166,0.000,0.000,0.000,0.000,0.000,0.578,0.000,0.000,0.000,0.000,0.000,0.000,0.000,53.187,0.000,0.000,13.435,0.000,0.000,0.000,0.000,0.000,0.000,0.000,0.000,0.000,0.000,0.282,0.000,0.000,0.000,0.000,0.897,0.000,0.000,0.000,0.000,0.000,0.000,0.000,0.000,0.000,0.000,0.000,0.000,0.000,0.000,0.000,0.000,0.000,0.000,0.000,0.000,0.000,0.000,0.000,0.000,0.000,0.000,0.000,0.000,0.2803,0.0646,0.0137,0.0000,-0.0367,-0.1667,-0.0564,0.0775,0.3286,-0.2745,-0.1977,0.0292,-0.1582,-0.1886,0.2248,0.2171,-0.0067,-0.0000,-0.1180,0.0501,0.1585,-0.0294,-0.0707,0.1204
1433.0,0,0.000,0.000,0.000,0.000,0.000,0.000,0.000,0.033,0.000,0.000,0.000,0.000,0.000,0.117,0.000,0.000,0.000,0.000,0.000,0.000,0.000,42.098,0.000,0.000,7.206,0.000,0.000,0.000,0.000,0.000,0.000,0.000,0.000,0.000,0.000,0.057,0.000,0.000,0.000,0.000,0.181,0.000,0.000,0.000,0.000,0.000,0.000,0.000,0.000,0.000,0.000,0.000,0.000,0.000,0.000,0.000,0.000,0.000,0.000,0.000,0.000,0.000,0.000,0.000,0.000,0.000,0.000,0.000,0.000,0.2890,0.0642,0.0135,0.0000,-0.0301,-0.1625,-0.0624,0.0891,0.3395,-0.2910,-0.2073,0.0480,-0.1772,-0.1827,0.2321,0.2285,-0.0056,-0.0000,-0.1170,0.0726,0.1558,-0.0243,-0.0642,0.1412
1441.5,0,0.000,0.000,0.000,0.000,0.000,0.000,0.000,0.006,0.000,0.000,0.000,0.000,0.000,0.021,0.000,0.000,0.000,0.000,0.000,0.000,0.000,25.152,0.000,0.000,4.328,0.000,14.966,0.000,0.000,0.000,0.000,0.000,0.000,0.000,0.000,0.010,0.000,0.000,0.000,0.000,0.033,0.000,0.000,0.000,0.000,0.000,0.000,0.000,0.000,0.000,0.000,0.000,0.000,0.000,0.000,0.000,0.000,0.000,0.000,0.000,0.000,0.000,0.000,0.000,0.000,0.000,0.000,0.000,0.000,0.2904,0.0602,0.0126,0.0000,-0.0245,-0.1522,-0.0698,0.1003,0.3506,-0.2976,-0.2227,0.0699,-0.2087,-0.1760,0.2496,0.2368,-0.0046,-0.0000,-0.1197,0.0960,0.1569,-0.0258,-0.0641,0.1583
1450.0,0,0.000,0.000,0.000,0.000,0.000,0.000,0.000,0.001,0.000,0.000,0.000,0.000,0.000,0.004,0.000,0.000,0.000,0.000,0.000,0.000,0.000,23.640,0.000,0.000,3.516,0.000,25.590,0.000,0.000,0.000,0.000,0.000,0.000,0.000,0.000,0.002,0.000,0.000,0.000,0.000,0.006,0.000,0.000,0.000,0.000,0.000,0.000,0.000,0.000,0.000,0.000,0.000,0.000,0.000,0.000,0.000,0.000,0.000,0.000,0.000,0.000,0.000,0.000,0.000,0.000,0.000,0.000,0.000,0.000,0.2867,0.0544,0.0113,0.0000,-0.0274,-0.1376,-0.0719,0.1102,0.3611,-0.2934,-0.2392,0.0923,-0.2440,-0.1709,0.2656,0.2435,-0.0038,-0.0000,-0.1217,0.1138,0.1589,-0.0332,-0.0659,0.1663
1458.0,0,0.000,0.000,0.000,0.000,0.000,0.000,0.000,0.000,0.000,0.000,0.000,0.000,0.000,0.001,0.000,0.000,0.000,0.000,0.000,0.000,0.000,16.639,0.000,0.000,0.710,0.000,23.667,0.000,0.000,0.000,0.000,0.000,0.000,0.000,0.000,0.000,0.000,0.000,0.000,0.000,0.001,0.000,0.000,0.000,0.000,0.000,0.000,0.000,0.000,0.000,0.000,0.000,0.000,0.000,0.000,0.000,0.000,0.000,0.000,0.000,0.000,0.000,0.000,0.000,0.000,0.000,0.000,0.000,0.000,0.2770,0.0479,0.0099,0.0000,-0.0395,-0.1213,-0.0710,0.1149,0.3705,-0.2805,-0.2539,0.1114,-0.2732,-0.1632,0.2782,0.2437,-0.0031,-0.0000,-0.1247,0.1204,0.1627,-0.0420,-0.0701,0.1634
1466.5,0,0.000,0.000,0.000,0.000,0.000,0.000,0.000,0.000,0.000,0.000,0.000,0.000,0.000,0.000,0.000,0.000,0.000,0.000,0.000,0.000,0.000,3.040,0.000,0.000,0.130,0.000,8.389,0.000,0.000,0.000,0.000,0.000,0.000,0.000,0.000,0.000,0.000,0.000,0.000,0.000,0.000,0.000,0.000,0.000,0.000,0.000,0.000,0.000,0.000,0.000,0.000,0.000,0.000,0.000,0.000,0.000,0.000,0.000,0.000,0.000,0.000,0.000,0.000,0.000,0.000,0.000,0.000,0.000,0.000,0.2583,0.0413,0.0086,0.0000,-0.0560,-0.1048,-0.0668,0.1123,0.3779,-0.2586,-0.2643,0.1220,-0.2919,-0.1554,0.2820,0.2408,-0.0025,-0.0000,-0.1266,0.1178,0.1651,-0.0524,-0.0702,0.1528
1475.0,0,0.000,0.000,0.000,0.000,0.000,0.000,0.000,0.000,0.000,0.000,0.000,0.000,0.000,0.000,0.000,0.000,0.000,0.000,0.000,0.000,0.000,0.555,0.000,0.000,0.024,0.000,5.211,0.000,0.000,0.000,0.000,0.000,0.000,0.000,0.000,0.000,0.000,0.000,0.000,0.000,0.000,0.000,0.000,6.703,0.000,0.000,0.000,0.000,0.000,0.000,0.000,0.000,0.000,0.000,0.000,0.000,0.000,0.000,0.000,0.000,0.000,0.000,0.000,0.000,0.000,0.000,0.000,0.000,0.000,0.2314,0.0351,0.0073,0.0000,-0.0755,-0.0892,-0.0605,0.1046,0.3826,-0.2313,-0.2658,0.1226,-0.2979,-0.1455,0.2757,0.2355,-0.0021,-0.0000,-0.1272,0.1097,0.1653,-0.0632,-0.0665,0.1380
1483.0,0,0.000,0.000,0.000,0.000,0.000,0.000,0.000,0.000,0.000,0.000,0.000,0.000,0.000,0.000,0.000,0.000,0.000,0.000,0.000,0.000,0.000,9.541,0.000,0.000,0.005,0.000,1.052,0.000,0.000,0.000,0.000,0.000,0.000,0.000,0.000,0.000,0.000,0.000,0.000,0.000,0.000,0.000,0.000,27.631,0.000,0.000,0.000,0.000,0.000,0.000,0.000,0.000,0.000,0.000,0.000,0.000,0.000,0.000,0.000,0.000,0.000,0.000,0.000,0.000,0.000,0.000,0.000,0.000,0.000,0.2014,0.0295,0.0061,0.0000,-0.0964,-0.0750,-0.0477,0.0941,0.3839,-0.2023,-0.2612,0.1163,-0.2954,-0.1388,0.2582,0.2320,-0.0017,-0.0000,-0.1277,0.0987,0.1627,-0.0706,-0.0605,0.1215
1491.5,0,0.000,0.000,0.000,0.000,0.000,0.000,0.000,0.000,0.000,0.000,0.000,0.000,0.000,0.000,0.000,0.000,0.000,0.000,0.000,0.000,0.000,17.362,0.000,0.000,0.001,0.000,0.192,0.000,0.000,0.000,0.000,0.000,0.000,0.000,0.000,0.000,0.000,0.000,0.000,0.000,0.000,0.000,0.000,39.909,0.000,0.000,0.000,0.000,0.000,0.000,0.000,0.000,0.000,0.000,0.000,0.000,0.000,0.000,0.000,0.000,0.000,0.000,0.000,0.000,0.000,0.000,0.000,0.000,0.000,0.1717,0.0245,0.0051,0.0000,-0.1181,-0.0624,-0.0323,0.0826,0.3823,-0.1763,-0.2514,0.1059,-0.2894,-0.1391,0.2360,0.2270,-0.0013,-0.0000,-0.1269,0.0866,0.1605,-0.0780,-0.0535,0.1049
1500.0,0,0.000,0.000,0.000,0.000,0.000,0.000,0.000,0.000,0.000,0.000,0.000,0.000,0.000,0.000,0.000,0.000,0.000,0.000,0.000,0.000,0.000,28.977,0.000,0.000,0.000,0.000,0.035,0.000,0.000,0.000,0.000,0.000,0.000,0.000,0.000,0.000,0.000,0.000,0.000,0.000,0.000,0.000,0.000,47.869,0.000,0.000,0.000,0.000,0.000,0.000,0.000,0.000,0.000,0.000,0.000,0.000,0.000,0.000,0.000,0.000,0.000,0.000,0.000,0.000,0.000,0.000,0.000,0.000,0.000,0.1467,0.0203,0.0042,0.0000,-0.1368,-0.0516,-0.0129,0.0711,0.3778,-0.1646,-0.2317,0.0938,-0.2824,-0.1506,0.2145,0.2193,-0.0011,-0.0000,-0.1271,0.0745,0.1548,-0.0825,-0.0480,0.0950
1508.0,0,0.000,0.000,0.000,0.000,0.000,0.000,0.000,0.000,0.000,0.000,0.000,0.000,0.000,0.000,0.000,0.000,0.000,0.000,0.000,0.000,0.000,37.655,0.000,0.000,0.000,0.000,0.007,0.000,0.000,0.000,0.000,0.000,0.000,0.000,0.000,0.000,0.000,0.000,0.000,0.000,0.000,0.000,0.000,46.309,0.000,0.000,0.000,0.000,0.000,0.000,0.000,0.000,0.000,0.000,0.000,0.000,0.000,0.000,0.000,0.000,0.000,0.000,0.000,0.000,0.000,0.000,0.000,0.000,0.000,0.1281,0.0166,0.0034,0.0000,-0.1517,-0.0482,0.0007,0.0604,0.3706,-0.1684,-0.1996,0.0814,-0.2744,-0.1706,0.1941,0.2074,-0.0009,-0.0000,-0.1245,0.0633,0.1493,-0.0871,-0.0481,0.0853
1516.5,0,0.000,0.000,0.000,0.000,0.000,0.000,0.000,0.000,0.000,0.000,0.000,0.000,0.000,0.000,0.000,0.000,0.000,0.000,0.000,0.000,0.000,47.457,0.000,0.000,5.488,0.000,0.001,0.000,0.000,0.000,0.000,0.000,0.000,0.000,0.000,0.000,0.000,0.000,0.000,0.000,0.000,0.000,0.000,42.051,0.000,0.000,0.000,0.000,0.000,0.000,0.000,0.000,0.000,0.000,0.000,0.000,0.000,0.000,0.000,0.000,0.000,0.000,0.000,0.000,0.000,0.000,0.000,0.000,0.000,0.1201,0.0135,0.0028,0.0000,-0.1622,-0.0475,0.0109,0.0564,0.3608,-0.1872,-0.1597,0.0725,-0.2705,-0.1905,0.1786,0.1986,-0.0007,-0.0000,-0.1190,0.0531,0.1422,-0.0913,-0.0505,0.0862
1525.0,0,0.000,0.000,0.000,0.000,0.000,0.000,0.000,0.000,0.000,0.000,0.000,0.000,0.000,0.000,0.000,0.000,0.000,0.000,0.000,0.000,0.000,38.309,0.000,0.000,7.068,0.000,0.000,0.000,0.000,0.000,0.000,0.000,0.000,0.000,0.000,0.000,0.000,0.000,0.000,0.000,0.000,0.000,0.000,27.778,0.000,0.000,0.000,0.000,0.000,0.000,0.000,0.000,0.000,0.000,0.000,0.000,0.000,0.000,0.000,0.000,0.000,0.000,0.000,0.000,0.000,0.000,0.000,0.000,0.000,0.1200,0.0110,0.0023,0.0000,-0.1669,-0.0534,0.0107,0.0576,0.3475,-0.2145,-0.1288,0.0660,-0.2666,-0.2028,0.1657,0.1982,-0.0005,-0.0000,-0.1190,0.0441,0.1334,-0.0951,-0.0564,0.0963
1533.0,0,0.000,0.000,0.000,0.000,0.000,0.000,0.000,0.000,0.000,0.000,0.000,0.000,0.000,0.000,0.000,0.000,0.000,0.000,0.000,0.000,0.000,37.134,0.000,0.000,7.492,0.000,0.000,0.000,0.000,0.000,0.000,0.000,0.000,0.000,0.000,0.000,0.000,0.000,0.000,0.000,0.000,0.000,0.000,16.695,0.000,0.000,0.000,0.000,0.000,0.000,0.000,0.000,0.000,0.000,0.000,0.000,0.000,0.000,0.000,0.000,0.000,0.000,0.000,0.000,0.000,0.000,0.000,0.000,0.000,0.1264,0.0089,0.0018,0.0000,-0.1686,-0.0618,0.0097,0.0645,0.3332,-0.2409,-0.1127,0.0637,-0.2669,-0.2073,0.1503,0.2030,-0.0004,-0.0000,-0.1212,0.0364,0.1238,-0.0961,-0.0612,0.1082
1541.5,0,0.000,0.000,0.000,0.000,0.000,0.000,0.000,0.000,0.000,0.000,0.000,0.000,0.000,0.000,0.000,0.000,0.000,0.000,0.000,0.000,0.000,33.343,0.000,0.000,4.697,0.000,0.000,0.000,0.000,0.000,0.000,0.000,0.000,0.000,0.000,0.000,0.000,0.000,0.000,0.000,0.000,0.000,0.000,7.116,0.000,0.000,0.000,0.000,0.000,0.000,0.000,0.000,0.000,0.000,0.000,0.000,0.000,0.000,0.000,0.000,0.000,0.000,0.000,0.000,0.000,0.000,0.000,0.000,0.000,0.1365,0.0071,0.0015,0.0000,-0.1707,-0.0676,0.0071,0.0742,0.3168,-0.2643,-0.1114,0.0663,-0.2705,-0.2058,0.1392,0.2093,-0.0003,-0.0000,-0.1268,0.0298,0.1141,-0.0995,-0.0676,0.1199
1550.0,0,0.000,0.000,0.000,0.000,0.000,0.000,0.000,0.000,0.000,0.000,0.000,0.000,0.000,0.000,0.000,0.000,0.000,0.000,0.000,0.000,0.000,26.823,0.000,0.000,0.858,0.000,0.000,0.000,0.000,0.000,0.000,0.000,0.000,0.000,0.000,0.000,0.000,0.000,0.000,0.000,0.000,0.000,0.000,1.300,0.000,0.000,0.000,0.000,0.000,0.000,0.000,0.000,0.000,0.000,0.000,0.000,0.000,0.000,0.000,0.000,0.000,0.000,0.000,0.000,0.000,0.000,0.000,0.000,0.000,0.1468,0.0057,0.0012,0.0000,-0.1744,-0.0680,0.0049,0.0844,0.2943,-0.2818,-0.1128,0.0677,-0.2759,-0.2037,0.1321,0.2175,-0.0003,-0.0000,-0.1318,0.0243,0.1025,-0.1006,-0.0719,0.1332
1558.0,0,0.000,0.000,0.000,0.000,0.000,0.000,0.000,0.000,0.000,0.000,0.000,0.000,0.000,0.000,0.000,0.000,0.000,0.000,0.000,0.000,0.000,5.415,0.000,0.000,0.173,0.000,0.000,0.000,0.000,0.000,0.000,0.000,0.000,0.000,0.000,0.000,0.000,0.000,0.000,0.000,0.000,0.000,0.000,0.262,0.000,0.000,0.000,0.000,0.000,0.000,0.000,0.000,0.000,0.000,0.000,0.000,0.000,0.000,0.000,0.000,0.000,0.000,0.000,0.000,0.000,0.000,0.000,0.000,0.000,0.1498,0.0046,0.0009,0.0000,-0.1823,-0.0644,0.0033,0.0919,0.2708,-0.2912,-0.1137,0.0673,-0.2783,-0.1956,0.1274,0.2251,-0.0002,-0.0000,-0.1339,0.0197,0.0945,-0.0965,-0.0733,0.1458
1566.5,0,0.000,0.000,0.000,0.000,0.000,0.000,0.000,0.000,0.000,0.000,0.000,0.000,0.000,0.000,0.000,0.000,0.000,0.000,0.000,0.000,0.000,0.989,0.000,0.000,0.032,0.000,0.000,0.000,0.000,0.000,0.000,0.000,0.000,0.000,0.000,0.000,0.000,0.000,0.000,0.000,0.000,0.000,0.000,0.048,0.000,0.000,0.000,0.000,0.000,0.000,0.000,0.000,0.000,0.000,0.000,0.000,0.000,0.000,0.000,0.000,0.000,0.000,0.000,0.000,0.000,0.000,0.000,0.000,0.000,0.1451,0.0036,0.0007,0.0000,-0.1969,-0.0586,0.0022,0.0961,0.2433,-0.2917,-0.1083,0.0637,-0.2745,-0.1808,0.1241,0.2330,-0.0002,-0.0000,-0.1316,0.0159,0.0854,-0.0888,-0.0705,0.1542
1575.0,0,0.000,0.000,0.000,0.000,0.000,0.000,0.000,0.000,0.000,0.000,0.000,0.000,0.000,0.000,0.000,0.000,0.000,0.000,0.000,0.000,0.000,0.181,0.000,0.000,0.006,0.000,0.000,0.000,0.000,0.000,0.000,0.000,0.000,0.000,0.000,0.000,0.000,0.000,0.000,0.000,0.000,0.000,0.000,0.009,0.000,0.000,0.000,0.000,0.000,0.000,0.000,0.000,0.000,0.000,0.000,0.000,0.000,0.000,0.000,0.000,0.000,0.000,0.000,0.000,0.000,0.000,0.000,0.000,0.000,0.1350,0.0029,0.0006,0.0000,-0.2167,-0.0518,0.0014,0.0968,0.2151,-0.2828,-0.1001,0.0580,-0.2663,-0.1620,0.1249,0.2372,-0.0001,-0.0000,-0.1255,0.0128,0.0754,-0.0792,-0.0675,0.1546
1583.0,0,0.000,0.000,0.000,0.000,0.000,0.000,0.000,0.000,0.000,0.000,0.000,0.000,0.000,0.000,0.000,0.000,0.000,0.000,0.000,0.000,0.000,0.036,0.000,0.000,0.001,0.000,0.000,0.000,0.000,0.000,0.000,0.000,0.000,0.000,0.000,0.000,0.000,0.000,0.000,0.000,0.000,0.000,0.000,0.002,0.000,0.000,0.000,0.000,0.000,0.000,0.000,0.000,0.000,0.000,0.000,0.000,0.000,0.000,0.000,0.000,0.000,0.000,0.000,0.000,0.000,0.000,0.000,0.000,0.000,0.1218,0.0023,0.0005,0.0000,-0.2424,-0.0449,0.0008,0.0925,0.1869,-0.2679,-0.0975,0.0514,-0.2517,-0.1417,0.1275,0.2373,-0.0001,-0.0000,-0.1174,0.0102,0.0653,-0.0690,-0.0595,0.1471
1591.5,0,0.000,0.000,0.000,0.000,0.000,0.000,0.000,0.000,0.000,0.000,0.000,0.000,0.000,0.000,0.000,0.000,0.000,0.000,0.000,0.000,0.000,0.007,0.000,0.000,0.000,0.000,0.000,0.000,0.000,0.000,0.000,0.000,0.000,0.000,0.000,0.000,0.000,0.000,0.000,0.000,0.000,0.000,0.000,10.737,0.000,0.000,0.000,0.000,0.000,0.000,0.000,0.000,0.000,0.000,0.000,0.000,0.000,0.000,0.000,0.000,0.000,0.000,0.000,0.000,0.000,0.000,0.000,0.000,0.000,0.1043,0.0018,0.0004,0.0000,-0.2694,-0.0383,0.0005,0.0849,0.1598,-0.2515,-0.0971,0.0445,-0.2292,-0.1218,0.1311,0.2314,-0.0001,-0.0000,-0.1064,0.0082,0.0556,-0.0591,-0.0490,0.1346
1600.0,0,0.000,0.000,0.000,0.000,0.000,0.000,0.000,0.000,0.000,0.000,0.000,0.000,0.000,0.000,0.000,0.000,0.000,0.000,0.000,0.000,0.000,0.001,0.000,0.000,0.000,0.000,0.000,0.000,0.000,0.000,0.000,0.000,0.000,0.000,0.000,0.000,0.000,0.000,0.000,0.000,0.000,0.000,0.000,23.607,0.000,0.000,0.000,0.000,0.000,0.000,0.000,0.000,0.000,0.000,0.000,0.000,0.000,0.000,0.000,0.000,0.000,0.000,0.000,0.000,0.000,0.000,0.000,0.000,0.000,0.0814,0.0014,0.0003,0.0000,-0.2934,-0.0322,0.0003,0.0755,0.1349,-0.2307,-0.0996,0.0380,-0.2029,-0.1032,0.1353,0.2214,-0.0001,-0.0000,-0.0940,0.0065,0.0468,-0.0500,-0.0363,0.1196
1608.0,0,0.000,0.000,0.000,0.000,0.000,0.000,0.000,0.000,0.000,0.000,0.000,0.000,0.000,0.000,0.000,0.000,0.000,0.000,0.000,0.000,0.000,6.066,0.000,0.000,0.000,0.000,0.000,0.000,0.000,0.000,0.000,0.000,0.000,0.000,0.000,0.000,0.000,0.000,0.000,0.000,0.000,0.000,0.000,34.067,0.000,0.000,0.000,0.000,0.000,0.000,0.000,0.000,0.000,0.000,0.000,0.000,0.000,0.000,0.000,0.000,0.000,0.000,0.000,0.000,0.000,0.000,0.000,0.000,0.000,0.0590,0.0011,0.0002,0.0000,-0.3149,-0.0269,0.0066,0.0657,0.1127,-0.2168,-0.1042,0.0320,-0.1807,-0.0864,0.1372,0.2102,-0.0000,-0.0000,-0.0856,0.0052,0.0390,-0.0418,-0.0261,0.1040
1616.5,0,0.000,0.000,0.000,0.000,0.000,0.000,0.000,0.000,0.000,0.000,0.000,0.000,0.000,0.000,0.000,0.000,0.000,0.000,0.000,0.000,0.000,13.361,0.000,0.000,0.000,0.000,0.000,0.000,0.000,0.000,0.000,0.000,0.000,0.000,0.000,0.000,0.000,0.000,0.000,0.000,0.000,0.000,0.000,40.764,0.000,0.000,0.000,0.000,0.000,0.000,0.000,0.000,0.000,0.000,0.000,0.000,0.000,0.000,0.000,0.000,0.000,0.000,0.000,0.000,0.000,0.000,0.000,0.000,0.000,0.0414,0.0009,0.0002,0.0000,-0.3319,-0.0253,0.0259,0.0563,0.0933,-0.2165,-0.1071,0.0267,-0.1688,-0.0763,0.1385,0.2022,-0.0000,-0.0000,-0.0817,0.0041,0.0264,-0.0346,-0.0185,0.0889
1625.0,0,0.000,0.000,0.000,0.000,0.000,0.000,0.000,0.000,0.000,0.000,0.000,0.000,0.000,0.000,0.000,0.000,0.000,0.000,0.000,0.000,0.000,25.411,0.000,0.000,0.000,0.000,0.000,0.000,0.000,0.000,0.000,0.000,0.000,0.000,0.000,0.000,0.000,0.000,0.000,0.000,0.000,0.000,0.000,33.069,0.000,0.000,0.000,0.000,0.000,0.000,0.000,0.000,0.000,0.000,0.000,0.000,0.000,0.000,0.000,0.000,0.000,0.000,0.000,0.000,0.000,0.000,0.000,0.000,0.000,0.0321,0.0007,0.0001,0.0000,-0.3414,-0.0311,0.0489,0.0475,0.0789,-0.2213,-0.1118,0.0221,-0.1693,-0.0769,0.1415,0.1887,-0.0000,-0.0000,-0.0793,0.0032,0.0162,-0.0285,-0.0147,0.0751
1633.0,0,0.000,0.000,0.000,0.000,0.000,0.000,0.000,0.000,0.000,0.000,0.000,0.000,0.000,6.065,0.000,0.000,0.000,0.000,0.000,0.000,0.000,29.671,0.000,0.000,5.488,0.000,0.000,0.000,0.000,0.000,0.000,0.000,0.000,0.000,0.000,7.408,0.000,0.000,0.000,0.000,0.000,0.000,0.000,36.316,0.000,0.000,0.000,0.000,0.000,0.000,0.000,0.000,0.000,0.000,0.000,0.000,0.000,0.000,0.000,0.000,0.000,0.000,0.000,0.000,0.000,0.000,0.000,0.000,0.000,0.0333,0.0052,0.0041,0.0000,-0.3427,-0.0454,0.0746,0.0397,0.0752,-0.2205,-0.1182,0.0181,-0.1738,-0.0902,0.1448,0.1785,-0.0000,-0.0000,-0.0792,0.0026,0.0058,-0.0233,-0.0137,0.0627
1641.5,0,0.000,0.000,0.000,0.000,0.000,0.000,0.000,0.000,0.000,0.000,0.000,0.000,0.000,1.108,0.000,0.000,0.000,0.000,0.000,0.000,0.000,35.513,0.000,0.000,4.331,0.000,0.000,0.000,0.000,0.000,0.000,0.000,0.000,0.000,0.000,5.847,0.000,0.000,0.000,0.000,4.066,0.000,0.000,13.166,0.000,0.000,0.000,0.000,0.000,0.000,0.000,0.000,0.000,0.000,0.000,0.000,0.000,0.000,0.000,0.000,0.000,0.000,0.000,0.000,0.000,0.000,0.000,0.000,0.000,0.0437,0.0141,0.0069,0.0000,-0.3330,-0.0672,0.0887,0.0329,0.0754,-0.2070,-0.1240,0.0148,-0.1855,-0.1030,0.1536,0.1736,-0.0000,-0.0000,-0.0828,0.0020,0.0014,-0.0189,-0.0173,0.0537
1650.0,0,0.000,0.000,0.000,0.000,0.000,0.000,0.000,0.000,0.000,0.000,0.000,0.000,0.000,0.202,0.000,0.000,0.000,0.000,0.000,0.000,0.000,41.028,0.000,0.000,9.088,0.000,0.000,0.000,0.000,0.000,0.000,0.000,0.000,0.000,0.000,9.365,0.000,0.000,0.000,0.000,7.467,0.000,0.000,2.405,0.000,0.000,0.000,0.000,0.000,0.000,0.000,0.000,0.000,0.000,0.000,0.000,0.000,0.000,0.000,0.000,0.000,0.000,0.000,0.000,0.000,0.000,0.000,0.000,0.000,0.0662,0.0287,0.0083,0.0000,-0.3155,-0.0966,0.1020,0.0270,0.0858,-0.1871,-0.1298,0.0120,-0.1938,-0.1083,0.1596,0.1697,-0.0000,-0.0000,-0.0867,0.0016,0.0074,-0.0132,-0.0253,0.0506
1658.0,0,0.000,0.000,0.000,0.000,0.000,0.000,0.000,0.000,0.000,0.000,0.000,0.000,0.000,0.041,0.000,0.000,0.000,0.000,0.000,0.000,0.000,46.659,0.000,0.000,8.794,0.000,0.000,0.000,0.000,0.000,0.000,0.000,0.000,0.000,0.000,1.891,0.000,0.000,0.000,0.000,1.508,0.000,0.000,0.486,0.000,0.000,0.000,0.000,0.000,0.000,0.000,0.000,0.000,0.000,0.000,0.000,0.000,0.000,0.000,0.000,0.000,0.000,0.000,0.000,0.000,0.000,0.000,0.000,0.000,0.0959,0.0378,0.0086,0.0000,-0.2974,-0.1282,0.1207,0.0249,0.0978,-0.1647,-0.1329,0.0097,-0.1930,-0.1059,0.1647,0.1661,-0.0000,-0.0000,-0.0910,0.0013,0.0192,-0.0067,-0.0331,0.0498
1666.5,0,0.000,0.000,0.000,0.000,0.000,0.000,0.000,0.000,0.000,0.000,0.000,0.000,0.000,0.007,0.000,0.000,0.000,0.000,0.000,0.000,0.000,29.464,0.000,0.000,3.838,0.000,0.000,0.000,0.000,0.000,0.000,0.000,0.000,0.000,0.000,0.345,0.000,0.000,0.000,0.000,0.275,0.000,0.000,0.089,0.000,0.000,0.000,0.000,0.000,0.000,0.000,0.000,0.000,0.000,0.000,0.000,0.000,0.000,0.000,0.000,0.000,0.000,0.000,0.000,0.000,0.000,0.000,0.000,0.000,0.1224,0.0414,0.0083,0.0000,-0.2781,-0.1539,0.1314,0.0276,0.1116,-0.1422,-0.1357,0.0078,-0.1838,-0.0985,0.1652,0.1647,-0.0000,-0.0000,-0.0900,0.0010,0.0320,-0.0022,-0.0392,0.0473
1675.0,0,0.000,0.000,0.000,0.000,0.000,0.000,0.000,0.000,0.000,0.000,0.000,0.000,0.000,0.001,0.000,0.000,0.000,0.000,0.000,0.000,0.000,9.448,0.000,0.000,0.701,0.000,0.000,0.000,0.000,0.000,0.000,0.000,0.000,0.000,0.000,0.063,0.000,0.000,0.000,0.000,0.050,0.000,0.000,0.016,0.000,0.000,0.000,0.000,0.000,0.000,0.000,0.000,0.000,0.000,0.000,0.000,0.000,0.000,0.000,0.000,0.000,0.000,0.000,0.000,0.000,0.000,0.000,0.000,0.000,0.1378,0.0410,0.0077,0.0000,-0.2577,-0.1658,0.1312,0.0353,0.1251,-0.1210,-0.1358,0.0063,-0.1677,-0.0885,0.1654,0.1641,-0.0000,-0.0000,-0.0845,0.0008,0.0436,0.0006,-0.0443,0.0433
1683.0,0,0.000,0.000,0.000,0.000,0.000,0.000,0.000,0.000,0.000,0.000,0.000,0.000,0.000,0.000,0.000,0.000,0.000,0.000,0.000,0.000,0.000,1.908,0.000,0.000,0.142,0.000,0.000,0.000,0.000,0.000,0.000,0.000,0.000,0.000,0.000,0.013,0.000,0.000,0.000,0.000,0.010,0.000,0.000,0.003,0.000,0.000,0.000,0.000,0.000,0.000,0.000,0.000,0.000,0.000,0.000,0.000,0.000,0.000,0.000,0.000,0.000,0.000,0.000,0.000,0.000,0.000,0.000,0.000,0.000,0.1410,0.0385,0.0068,0.0000,-0.2389,-0.1665,0.1193,0.0397,0.1403,-0.1017,-0.1325,0.0050,-0.1498,-0.0776,0.1637,0.1620,-0.0000,-0.0000,-0.0764,0.0006,0.0577,0.0022,-0.0495,0.0385
1691.5,0,0.000,0.000,0.000,0.000,0.000,0.000,0.000,0.000,0.000,0.000,0.000,0.000,0.000,0.000,0.000,0.000,0.000,0.000,0.000,0.000,0.000,0.348,0.000,0.000,0.026,0.000,0.000,0.000,0.000,0.000,0.000,0.000,0.000,0.000,0.000,0.002,0.000,0.000,0.000,0.000,0.002,0.000,0.000,0.001,0.000,0.000,0.000,0.000,0.000,0.000,0.000,0.000,0.000,0.000,0.000,0.000,0.000,0.000,0.000,0.000,0.000,0.000,0.000,0.000,0.000,0.000,0.000,0.000,0.000,0.1354,0.0347,0.0060,0.0000,-0.2227,-0.1597,0.1061,0.0403,0.1545,-0.0846,-0.1277,0.0040,-0.1328,-0.0668,0.1619,0.1586,-0.0000,-0.0000,-0.0673,0.0005,0.0648,0.0030,-0.0507,0.0334
1700.0,0,0.000,0.000,0.000,0.000,0.000,0.000,0.000,0.000,0.000,0.000,0.000,0.000,0.000,0.000,0.000,0.000,0.000,0.000,0.000,0.000,0.000,0.064,0.000,0.000,0.005,0.000,0.000,0.000,0.000,0.000,0.000,0.000,0.000,0.000,0.000,0.000,0.000,0.000,0.000,0.000,0.000,0.000,0.000,0.000,0.000,0.000,0.000,0.000,0.000,0.000,0.000,0.000,0.000,0.000,0.000,0.000,0.000,0.000,0.000,0.000,0.000,0.000,0.000,0.000,0.000,0.000,0.000,0.000,0.000,0.1247,0.0305,0.0051,0.0000,-0.2102,-0.1470,0.0924,0.0384,0.1668,-0.0699,-0.1234,0.0032,-0.1175,-0.0566,0.1582,0.1514,-0.0000,-0.0000,-0.0582,0.0004,0.0678,0.0033,-0.0486,0.0286
1708.0,0,0.000,0.000,0.000,0.000,0.000,0.000,0.000,0.000,0.000,0.000,0.000,0.000,0.000,0.000,0.000,0.000,0.000,0.000,0.000,0.000,0.000,0.013,0.000,0.000,0.001,0.000,0.000,0.000,0.000,0.000,0.000,0.000,0.000,0.000,0.000,0.000,0.000,0.000,0.000,0.000,0.000,0.000,0.000,0.000,0.000,0.000,0.000,0.000,0.000,0.000,0.000,0.000,0.000,0.000,0.000,0.000,0.000,0.000,0.000,0.000,0.000,0.000,0.000,0.000,0.000,0.000,0.000,0.000,0.000,0.1113,0.0264,0.0043,0.0000,-0.1997,-0.1312,0.0792,0.0350,0.1783,-0.0573,-0.1179,0.0025,-0.1058,-0.0475,0.1505,0.1427,-0.0000,-0.0000,-0.0495,0.0003,0.0662,0.0033,-0.0446,0.0241
1716.5,0,0.000,0.000,0.000,0.000,0.000,0.000,0.000,0.000,0.000,0.000,0.000,0.000,0.000,0.000,0.000,0.000,0.000,0.000,0.000,0.000,0.000,0.002,0.000,0.000,0.000,0.000,0.000,0.000,0.000,0.000,0.000,0.000,0.000,0.000,0.000,0.000,0.000,0.000,0.000,0.000,0.000,0.000,0.000,0.000,0.000,0.000,0.000,0.000,0.000,0.000,0.000,0.000,0.000,0.000,0.000,0.000,0.000,0.000,0.000,0.000,0.000,0.000,0.000,0.000,0.000,0.000,0.000,0.000,0.000,0.0972,0.0224,0.0036,0.0000,-0.1910,-0.1144,0.0669,0.0311,0.1868,-0.0467,-0.1149,0.0020,-0.0981,-0.0394,0.1393,0.1304,-0.0000,-0.0000,-0.0416,0.0002,0.0615,0.0031,-0.0396,0.0201
1725.0,0,0.000,0.000,0.000,0.000,0.000,0.000,0.000,0.000,0.000,0.000,0.000,0.000,0.000,0.000,0.000,0.000,0.000,0.000,0.000,0.000,0.000,0.000,0.000,0.000,0.000,0.000,0.000,0.000,0.000,0.000,0.000,0.000,0.000,0.000,0.000,0.000,0.000,0.000,0.000,0.000,0.000,0.000,0.000,0.000,0.000,0.000,0.000,0.000,0.000,0.000,0.000,0.000,0.000,0.000,0.000,0.000,0.000,0.000,0.000,0.000,0.000,0.000,0.000,0.000,0.000,0.000,0.000,0.000,0.000,0.0835,0.0188,0.0030,0.0000,-0.1796,-0.0981,0.0538,0.0270,0.1938,-0.0379,-0.1118,0.0016,-0.0949,-0.0325,0.1252,0.1159,-0.0000,-0.0000,-0.0346,0.0002,0.0552,0.0028,-0.0345,0.0167
1733.0,0,0.000,0.000,0.000,0.000,0.000,0.000,0.000,0.000,0.000,0.000,0.000,0.000,0.000,0.000,0.000,0.000,0.000,0.000,0.000,0.000,0.000,0.000,0.000,0.000,0.000,0.000,0.000,0.000,0.000,0.000,0.000,0.000,0.000,0.000,0.000,0.000,0.000,0.000,0.000,0.000,0.000,0.000,0.000,0.000,0.000,0.000,0.000,0.000,0.000,0.000,0.000,0.000,0.000,0.000,0.000,0.000,0.000,0.000,0.000,0.000,0.000,0.000,0.000,0.000,0.000,0.000,0.000,0.000,0.000,0.0707,0.0156,0.0025,0.0000,-0.1657,-0.0830,0.0399,0.0230,0.1949,-0.0306,-0.1107,0.0012,-0.1004,-0.0266,0.1098,0.1008,-0.0000,-0.0000,-0.0231,0.0001,0.0483,0.0024,-0.0247,0.0137
1741.5,0,0.000,0.000,0.000,0.000,0.000,0.000,0.000,0.000,0.000,0.000,0.000,0.000,0.000,0.000,0.000,0.000,0.000,0.000,0.000,0.000,0.000,0.000,0.000,0.000,0.000,0.000,0.000,0.000,0.000,0.000,0.000,0.000,0.000,0.000,0.000,0.000,0.000,0.000,0.000,0.000,0.000,0.000,0.000,3.012,0.000,0.000,0.000,0.000,0.000,0.000,0.000,0.000,0.000,0.000,0.000,0.000,0.000,0.000,0.000,0.000,0.000,0.000,0.000,0.000,0.000,0.000,0.000,0.000,0.000,0.0582,0.0129,0.0020,0.0000,-0.1488,-0.0694,0.0270,0.0194,0.1908,-0.0246,-0.1111,0.0010,-0.1166,-0.0217,0.1031,0.0893,-0.0000,-0.0000,-0.0209,0.0001,0.0416,0.0021,-0.0132,0.0112
1750.0,0,0.000,0.000,0.000,0.000,0.000,0.000,0.000,0.000,0.000,0.000,0.000,0.000,0.000,0.000,0.000,0.000,0.000,0.000,0.000,0.000,0.000,0.000,0.000,0.000,0.000,0.000,0.000,0.000,0.000,0.000,0.000,0.000,0.000,0.000,0.000,0.000,0.000,0.000,0.000,0.000,0.000,0.000,0.000,7.958,0.000,0.000,0.000,0.000,0.000,0.000,0.000,0.000,0.000,0.000,0.000,0.000,0.000,0.000,0.000,0.000,0.000,0.000,0.000,0.000,0.000,0.000,0.000,0.000,0.000,0.0445,0.0106,0.0016,0.0000,-0.1305,-0.0576,0.0155,0.0162,0.1834,-0.0197,-0.1122,0.0008,-0.1362,-0.0259,0.0974,0.0807,-0.0000,-0.0000,-0.0213,0.0001,0.0352,-0.0046,-0.0114,0.0091
1758.0,0,0.000,0.000,0.000,0.000,0.000,0.000,0.000,0.000,0.000,0.000,0.000,0.000,0.000,0.000,0.000,0.000,0.000,0.000,0.000,0.000,0.000,0.000,0.000,0.000,0.000,0.000,0.000,0.000,0.000,0.000,0.000,0.000,0.000,0.000,0.000,0.000,0.000,0.000,0.000,0.000,0.000,0.000,0.000,1.607,0.000,0.000,0.000,0.000,0.000,0.000,0.000,0.000,0.000,0.000,0.000,0.000,0.000,0.000,0.000,0.000,0.000,0.000,0.000,0.000,0.000,0.000,0.000,0.000,0.000,0.0322,0.0086,0.0013,0.0000,-0.1123,-0.0474,0.0048,0.0134,0.1728,-0.0158,-0.1119,0.0006,-0.1524,-0.0355,0.0949,0.0742,-0.0000,-0.0000,-0.0234,0.0001,0.0295,-0.0128,-0.0162,0.0074
1766.5,0,0.000,0.000,0.000,0.000,0.000,0.000,0.000,0.000,0.000,0.000,0.000,0.000,0.000,0.000,0.000,0.000,0.000,0.000,0.000,0.000,0.000,0.000,0.000,0.000,0.000,0.000,0.000,0.000,0.000,0.000,0.000,0.000,0.000,0.000,0.000,0.000,0.000,0.000,0.000,0.000,0.000,0.000,0.000,0.294,0.000,0.000,0.000,0.000,0.000,0.000,0.000,0.000,0.000,0.000,0.000,0.000,0.000,0.000,0.000,0.000,0.000,0.000,0.000,0.000,0.000,0.000,0.000,0.000,0.000,0.0236,0.0070,0.0011,0.0000,-0.0953,-0.0387,-0.0023,0.0110,0.1612,-0.0126,-0.1092,0.0005,-0.1626,-0.0475,0.0894,0.0734,-0.0000,-0.0000,-0.0266,0.0000,0.0245,-0.0198,-0.0244,0.0059
1775.0,0,0.000,0.000,0.000,0.000,0.000,0.000,0.000,0.000,0.000,0.000,0.000,0.000,0.000,0.000,0.000,0.000,0.000,0.000,0.000,0.000,0.000,0.000,0.000,0.000,0.000,0.000,0.000,0.000,0.000,0.000,0.000,0.000,0.000,0.000,0.000,0.000,0.000,0.000,0.000,0.000,0.000,0.000,0.000,0.054,0.000,0.000,0.000,0.000,0.000,0.000,0.000,0.000,0.000,0.000,0.000,0.000,0.000,0.000,0.000,0.000,0.000,0.000,0.000,0.000,0.000,0.000,0.000,0.000,0.000,0.0178,0.0056,0.0009,0.0000,-0.0800,-0.0315,-0.0094,0.0105,0.1461,-0.0100,-0.1043,0.0004,-0.1653,-0.0556,0.0813,0.0737,-0.0000,-0.0000,-0.0275,0.0000,0.0202,-0.0256,-0.0292,0.0048
1783.0,0,0.000,0.000,0.000,0.000,0.000,0.000,0.000,0.000,0.000,0.000,0.000,0.000,0.000,0.000,0.000,0.000,0.000,0.000,0.000,0.000,0.000,0.000,0.000,0.000,0.000,0.000,0.000,0.000,0.000,0.000,0.000,0.000,0.000,0.000,0.000,0.000,0.000,0.000,0.000,0.000,0.000,0.000,0.000,0.011,0.000,0.000,0.000,0.000,0.000,0.000,0.000,0.000,0.000,0.000,0.000,0.000,0.000,0.000,0.000,0.000,0.000,0.000,0.000,0.000,0.000,0.000,0.000,0.000,0.000,0.0138,0.0045,0.0007,0.0000,-0.0665,-0.0255,-0.0136,0.0099,0.1292,-0.0079,-0.0960,0.0003,-0.1609,-0.0579,0.0719,0.0744,-0.0000,-0.0000,-0.0266,0.0000,0.0165,-0.0280,-0.0323,0.0038
1791.5,0,0.000,0.000,0.000,0.000,0.000,0.000,0.000,0.000,0.000,0.000,0.000,0.000,0.000,0.000,0.000,0.000,0.000,0.000,0.000,0.000,0.000,0.000,0.000,0.000,0.000,0.000,0.000,0.000,0.000,0.000,0.000,0.000,0.000,0.000,0.000,0.000,0.000,0.000,0.000,0.000,0.000,0.000,0.000,0.002,0.000,0.000,0.000,0.000,0.000,0.000,0.000,0.000,0.000,0.000,0.000,0.000,0.000,0.000,0.000,0.000,0.000,0.000,0.000,0.000,0.000,0.000,0.000,0.000,0.000,0.0108,0.0036,0.0005,0.0000,-0.0548,-0.0206,-0.0017,0.0090,0.1173,-0.0063,-0.0883,0.0002,-0.1560,-0.0560,0.0659,0.0830,-0.0000,-0.0000,-0.0245,0.0000,0.0135,-0.0279,-0.0347,0.0048
1800.0,0,0.000,0.000,0.000,0.000,0.000,0.000,0.000,0.000,0.000,0.000,0.000,0.000,0.000,0.000,0.000,0.000,0.000,0.000,0.000,0.000,0.000,0.000,0.000,0.000,0.000,0.000,0.000,0.000,0.000,0.000,0.000,0.000,0.000,0.000,0.000,0.000,0.000,0.000,0.000,0.000,0.000,0.000,0.000,0.000,0.000,0.000,0.000,0.000,0.000,0.000,0.000,0.000,0.000,0.000,0.000,0.000,0.000,0.000,0.000,0.000,0.000,0.000,0.000,0.000,0.000,0.000,0.000,0.000,0.000,0.0086,0.0029,0.0004,0.0000,-0.0449,-0.0224,0.0199,0.0080,0.1048,-0.0050,-0.0852,0.0002,-0.1561,-0.0517,0.0627,0.0935,-0.0000,-0.0000,-0.0219,0.0000,0.0109,-0.0282,-0.0369,0.0055
1808.0,0,0.000,0.000,0.000,0.000,0.000,0.000,0.000,0.000,0.000,0.000,0.000,0.000,0.000,0.000,0.000,0.000,0.000,0.000,0.000,0.000,0.000,0.000,0.000,0.000,0.000,0.000,0.000,0.000,0.000,0.000,0.000,0.000,0.000,0.000,0.000,0.000,0.000,0.000,0.000,0.000,0.000,0.000,0.000,7.408,0.000,0.000,0.000,0.000,0.000,0.000,0.000,0.000,0.000,0.000,0.000,0.000,0.000,0.000,0.000,0.000,0.000,0.000,0.000,0.000,0.000,0.000,0.000,0.000,0.000,0.0046,0.0023,0.0003,0.0000,-0.0412,-0.0236,0.0375,0.0069,0.0918,-0.0039,-0.0864,0.0001,-0.1561,-0.0462,0.0657,0.1008,-0.0000,-0.0000,-0.0191,0.0000,0.0088,-0.0271,-0.0367,0.0056
1816.5,0,0.000,0.000,0.000,0.000,0.000,0.000,0.000,0.000,0.000,0.000,0.000,0.000,0.000,0.000,0.000,0.000,0.000,0.000,0.000,0.000,0.000,13.542,0.000,0.000,0.000,0.000,0.000,0.000,0.000,0.000,0.000,0.000,0.000,0.000,0.000,0.000,0.000,0.000,0.000,0.000,0.000,0.000,0.000,25.275,0.000,0.000,0.000,0.000,0.000,0.000,0.000,0.000,0.000,0.000,0.000,0.000,0.000,0.000,0.000,0.000,0.000,0.000,0.000,0.000,0.000,0.000,0.000,0.000,0.000,0.0027,0.0018,0.0003,0.0000,-0.0408,-0.0319,0.0688,0.0059,0.0871,-0.0031,-0.0747,0.0001,-0.1656,-0.0403,0.0706,0.1027,-0.0000,-0.0000,-0.0163,0.0000,0.0071,-0.0250,-0.0328,0.0053
1825.0,0,0.000,0.000,0.000,0.000,0.000,0.000,0.000,0.000,0.000,0.000,0.000,0.000,0.000,0.000,0.000,0.000,0.000,0.000,0.000,0.000,0.000,10.974,0.000,0.000,0.000,0.000,0.000,0.000,0.000,0.000,0.000,0.000,0.000,0.000,0.000,0.000,0.000,0.000,0.000,0.000,0.000,0.000,0.000,24.697,0.000,0.000,0.000,0.000,0.000,0.000,0.000,0.000,0.000,0.000,0.000,0.000,0.000,0.000,0.000,0.000,0.000,0.000,0.000,0.000,0.000,0.000,0.000,0.000,0.000,-0.0001,0.0015,0.0002,0.0000,-0.0405,-0.0418,0.0895,0.0050,0.0811,-0.0024,-0.0559,0.0001,-0.1858,-0.0392,0.0852,0.1012,-0.0000,0.0050,-0.0169,0.0000,0.0057,-0.0223,-0.0283,0.0049
1833.0,0,0.000,0.000,0.000,0.000,0.000,0.000,0.000,0.000,0.000,0.000,0.000,0.000,0.000,0.000,0.000,0.000,0.000,0.000,0.000,0.000,0.000,15.216,0.000,0.000,0.000,0.000,0.000,0.000,0.000,0.000,0.000,0.000,0.000,0.000,0.000,0.000,0.000,0.000,0.000,0.000,0.000,0.000,0.000,23.155,0.000,0.000,0.000,0.000,0.000,0.000,0.000,0.000,0.000,0.000,0.000,0.000,0.000,0.000,0.000,0.000,0.000,0.000,0.000,0.000,0.000,0.000,0.000,0.000,0.000,-0.0003,0.0012,0.0002,0.0000,-0.0385,-0.0533,0.0969,0.0042,0.0796,-0.0062,-0.0406,0.0001,-0.2125,-0.0476,0.1038,0.1035,-0.0000,0.0131,-0.0176,0.0000,0.0045,-0.0216,-0.0306,0.0043
1841.5,0,0.000,0.000,0.000,0.000,0.000,0.000,0.000,0.000,0.000,0.000,0.000,0.000,0.000,0.000,0.000,0.000,0.000,0.000,0.000,0.000,0.000,35.552,0.000,0.000,0.000,0.000,0.000,0.000,0.000,0.000,0.000,0.000,0.000,0.000,0.000,0.000,0.000,0.000,0.000,0.000,0.000,0.000,0.000,29.105,0.000,0.000,0.000,0.000,0.000,0.000,0.000,0.000,0.000,0.000,0.000,0.000,0.000,0.000,0.000,0.000,0.000,0.000,0.000,0.000,0.000,0.000,0.000,0.000,0.000,0.0059,0.0009,0.0001,0.0000,-0.0352,-0.0683,0.0949,0.0034,0.0885,-0.0147,-0.0373,0.0001,-0.2346,-0.0656,0.1193,0.1115,-0.0000,0.0212,-0.0250,0.0000,0.0036,-0.0221,-0.0349,0.0038
1850.0,0,0.000,0.000,0.000,0.000,0.000,0.000,0.000,0.000,0.000,0.000,0.000,0.000,0.000,5.488,0.000,0.000,0.000,0.000,0.000,0.000,0.000,38.300,0.000,0.000,0.000,0.000,0.000,0.000,0.000,0.000,0.000,0.000,0.000,0.000,0.000,0.000,0.000,0.000,0.000,0.000,0.000,0.000,0.000,15.032,0.000,0.000,0.000,0.000,0.000,0.000,0.000,0.000,0.000,0.000,0.000,0.000,0.000,0.000,0.000,0.000,0.000,0.000,0.000,0.000,0.000,0.000,0.000,0.000,0.000,0.0176,0.0007,0.0037,0.0000,-0.0312,-0.0818,0.0799,0.0028,0.1043,-0.0281,-0.0426,0.0000,-0.2502,-0.0891,0.1317,0.1222,-0.0000,0.0316,-0.0354,0.0000,0.0029,-0.0215,-0.0384,0.0032
1858.0,0,0.000,0.000,0.000,0.000,0.000,0.000,0.000,0.000,0.000,0.000,0.000,0.000,0.000,1.108,0.000,0.000,0.000,0.000,0.000,0.000,0.000,40.489,0.000,0.000,2.231,0.000,0.000,0.000,0.000,0.000,0.000,0.000,0.000,0.000,0.000,0.000,0.000,0.000,0.000,0.000,0.000,0.000,0.000,3.035,0.000,0.000,0.000,0.000,0.000,0.000,0.000,0.000,0.000,0.000,0.000,0.000,0.000,0.000,0.000,0.000,0.000,0.000,0.000,0.000,0.000,0.000,0.000,0.000,0.000,0.0377,0.0006,0.0064,0.0000,-0.0271,-0.0908,0.0588,0.0023,0.1231,-0.0423,-0.0518,0.0000,-0.2612,-0.1125,0.1378,0.1304,-0.0000,0.0375,-0.0477,0.0000,0.0023,-0.0200,-0.0447,0.0091
1866.5,0,0.000,0.000,0.000,0.000,0.000,0.000,0.000,0.000,0.000,0.000,0.000,0.000,0.000,0.202,0.000,0.000,0.000,0.000,0.000,0.000,0.000,37.636,0.000,0.000,11.607,0.000,0.000,0.000,0.000,0.000,0.000,0.000,0.000,0.000,0.000,0.000,0.000,0.000,0.000,0.000,0.000,0.000,0.000,0.554,0.000,0.000,0.000,0.000,0.000,0.000,0.000,0.000,0.000,0.000,0.000,0.000,0.000,0.000,0.000,0.000,0.000,0.000,0.000,0.000,0.000,0.000,0.000,0.000,0.000,0.0677,0.0004,0.0078,0.0000,-0.0232,-0.0942,0.0343,0.0019,0.1399,-0.0571,-0.0645,0.0000,-0.2694,-0.1280,0.1348,0.1417,-0.0000,0.0391,-0.0541,0.0000,0.0018,-0.0179,-0.0506,0.0261
1875.0,0,0.000,0.000,0.000,0.000,0.000,0.000,0.000,0.000,0.000,0.000,0.000,0.000,0.000,0.037,0.000,0.000,0.000,0.000,0.000,0.000,0.000,45.926,0.000,0.000,11.514,0.000,0.000,0.000,0.000,0.000,0.000,0.000,0.000,0.000,0.000,0.000,0.000,0.000,0.000,0.000,0.000,0.000,0.000,0.101,0.000,0.000,0.000,0.000,0.000,0.000,0.000,0.000,0.000,0.000,0.000,0.000,0.000,0.000,0.000,0.000,0.000,0.000,0.000,0.000,0.000,0.000,0.000,0.000,0.000,0.1018,0.0004,0.0081,0.0000,-0.0195,-0.0938,0.0089,0.0015,0.1611,-0.0766,-0.0707,0.0047,-0.2740,-0.1331,0.1254,0.1505,-0.0000,0.0378,-0.0573,0.0000,0.0014,-0.0157,-0.0486,0.0508
1883.0,0,0.000,0.000,0.000,0.000,0.000,0.000,0.000,0.000,0.000,0.000,0.000,0.000,0.000,0.007,0.000,0.000,0.000,0.000,0.000,0.000,0.000,50.842,0.000,0.000,18.098,0.000,0.000,0.000,0.000,0.000,0.000,0.000,0.000,0.000,0.000,0.000,0.000,0.000,0.000,0.000,0.000,0.000,0.000,0.020,0.000,0.000,0.000,0.000,0.000,0.000,0.000,0.000,0.000,0.000,0.000,0.000,0.000,0.000,0.000,0.000,0.000,0.000,0.000,0.000,0.000,0.000,0.000,0.000,0.000,0.1378,0.0003,0.0078,0.0000,-0.0163,-0.0944,-0.0151,0.0012,0.1855,-0.1113,-0.0588,0.0157,-0.2806,-0.1319,0.1128,0.1566,-0.0000,0.0348,-0.0563,0.0000,0.0011,-0.0135,-0.0466,0.0765
1891.5,0,0.000,0.000,0.000,0.000,0.000,0.000,0.000,0.000,0.000,0.000,0.000,0.000,0.000,0.001,0.000,0.000,0.000,0.000,0.000,0.000,0.000,26.984,0.000,0.000,3.306,0.000,0.000,0.000,0.000,0.000,0.000,0.000,0.000,0.000,0.000,0.000,0.000,0.000,0.000,0.000,0.000,0.000,0.000,0.004,0.000,0.000,0.000,0.000,0.000,0.000,0.000,0.000,0.000,0.000,0.000,0.000,0.000,0.000,0.000,0.000,0.000,0.000,0.000,0.000,0.000,0.000,0.000,0.000,0.000,0.1637,0.0002,0.0072,0.0000,-0.0135,-0.0908,-0.0360,0.0010,0.2097,-0.1525,-0.0483,0.0296,-0.2897,-0.1243,0.0989,0.1621,-0.0000,0.0311,-0.0526,0.0000,0.0009,-0.0115,-0.0474,0.1008
1900.0,0,0.000,0.000,0.000,0.000,0.000,0.000,0.000,0.000,0.000,0.000,0.000,0.000,0.000,0.000,0.000,0.000,0.000,0.000,0.000,0.000,0.000,16.129,0.000,0.000,0.604,0.000,0.000,0.000,0.000,0.000,0.000,0.000,0.000,0.000,0.000,0.000,0.000,0.000,0.000,0.000,0.000,0.000,0.000,0.001,0.000,0.000,0.000,0.000,0.000,0.000,0.000,0.000,0.000,0.000,0.000,0.000,0.000,0.000,0.000,0.000,0.000,0.000,0.000,0.000,0.000,0.000,0.000,0.000,0.000,0.1781,0.0002,0.0064,0.0000,-0.0111,-0.0837,-0.0544,0.0008,0.2307,-0.1953,-0.0440,0.0419,-0.3027,-0.1129,0.0874,0.1650,-0.0000,0.0271,-0.0474,0.0020,0.0007,-0.0096,-0.0462,0.1204
1908.0,0,0.000,0.000,0.000,0.000,0.000,0.000,0.000,0.000,0.000,0.000,0.000,0.000,0.000,0.000,0.000,0.000,0.000,0.000,0.000,0.000,0.000,15.984,0.000,0.000,0.122,0.000,0.000,0.000,0.000,0.000,0.000,0.000,0.000,0.000,0.000,0.000,0.000,0.000,0.000,0.000,0.000,0.000,0.000,20.032,0.000,0.000,0.000,0.000,0.000,0.000,0.000,0.000,0.000,0.000,0.000,0.000,0.000,0.000,0.000,0.000,0.000,0.000,0.000,0.000,0.000,0.000,0.000,0.000,0.000,0.1801,0.0001,0.0056,0.0000,-0.0091,-0.0780,-0.0732,0.0006,0.2480,-0.2360,-0.0303,0.0525,-0.3141,-0.0997,0.0763,0.1664,-0.0000,0.0232,-0.0416,0.0034,0.0005,-0.0080,-0.0430,0.1282
1916.5,0,0.000,0.000,0.000,0.000,0.000,0.000,0.000,0.000,0.000,0.000,0.000,0.000,0.000,0.000,0.000,0.000,0.000,0.000,0.000,0.000,0.000,8.408,0.000,0.000,0.022,0.000,0.000,0.000,0.000,0.000,0.000,0.000,0.000,0.000,0.000,0.000,0.000,0.000,0.000,0.000,0.000,0.000,0.000,32.395,0.000,0.000,0.000,0.000,0.000,0.000,0.000,0.000,0.000,0.000,0.000,0.000,0.000,0.000,0.000,0.000,0.000,0.000,0.000,0.000,0.000,0.000,0.000,0.000,0.000,0.1679,0.0001,0.0048,0.0000,-0.0074,-0.0770,-0.0971,0.0005,0.2627,-0.2736,-0.0012,0.0592,-0.3254,-0.0863,0.0655,0.1691,-0.0000,0.0196,-0.0359,0.0041,0.0004,-0.0066,-0.0403,0.1277
1925.0,0,0.000,0.000,0.000,0.000,0.000,0.000,0.000,0.000,0.000,0.000,0.000,0.000,0.000,0.000,0.000,0.000,0.000,0.000,0.000,0.000,0.000,1.536,0.000,0.000,0.004,0.000,0.000,0.000,0.000,0.000,0.000,0.000,0.000,0.000,0.000,0.000,0.000,0.000,0.000,0.000,0.000,0.000,0.000,41.855,0.000,0.000,0.000,0.000,0.000,0.000,0.000,0.000,0.000,0.000,0.000,0.000,0.000,0.000,0.000,0.000,0.000,0.000,0.000,0.000,0.000,0.000,0.000,0.000,0.000,0.1433,0.0001,0.0040,0.0000,-0.0059,-0.0763,-0.1187,0.0004,0.2719,-0.3075,0.0323,0.0643,-0.3333,-0.0735,0.0554,0.1732,-0.0000,0.0164,-0.0328,0.0043,0.0003,-0.0054,-0.0367,0.1206
1933.0,0,0.000,0.000,0.000,0.000,0.000,0.000,0.000,0.000,0.000,0.000,0.000,0.000,0.000,0.000,0.000,0.000,0.000,0.000,0.000,0.000,0.000,0.310,0.000,0.000,0.001,0.000,0.000,0.000,0.000,0.000,0.000,0.000,0.000,0.000,0.000,0.000,0.000,0.000,0.000,0.000,0.000,0.000,0.000,49.877,0.000,0.000,0.000,0.000,0.000,0.000,0.000,0.000,0.000,0.000,0.000,0.000,0.000,0.000,0.000,0.000,0.000,0.000,0.000,0.000,0.000,0.000,0.000,0.000,0.000,0.1119,0.0001,0.0034,0.0000,-0.0048,-0.0772,-0.1360,0.0003,0.2776,-0.3370,0.0654,0.0646,-0.3362,-0.0619,0.0464,0.1775,-0.0000,0.0136,-0.0296,0.0041,0.0003,-0.0044,-0.0326,0.1096
1941.5,0,0.000,0.000,0.000,0.000,0.000,0.000,0.000,0.000,0.000,0.000,0.000,0.000,0.000,0.000,0.000,0.000,0.000,0.000,0.000,0.000,0.000,0.057,0.000,0.000,0.000,0.000,0.000,0.000,0.000,0.000,0.000,0.000,0.000,0.000,0.000,0.000,0.000,0.000,0.000,0.000,0.000,0.000,0.000,60.980,0.000,0.000,0.000,0.000,0.000,0.000,0.000,0.000,0.000,0.000,0.000,0.000,0.000,0.000,0.000,0.000,0.000,0.000,0.000,0.000,0.000,0.000,0.000,0.000,0.000,0.0783,0.0000,0.0028,0.0000,-0.0038,-0.0745,-0.1501,0.0002,0.2813,-0.3658,0.0865,0.0640,-0.3335,-0.0515,0.0385,0.1782,-0.0000,0.0112,-0.0328,0.0038,0.0002,-0.0036,-0.0283,0.0969
1950.0,0,0.000,0.000,0.000,0.000,0.000,0.000,0.000,0.000,0.000,0.000,0.000,0.000,0.000,0.000,0.000,0.000,0.000,0.000,0.000,0.000,0.000,0.010,0.000,0.000,0.000,0.000,0.000,0.000,0.000,0.000,0.000,0.000,0.000,0.000,0.000,0.000,0.000,0.000,0.000,0.000,0.000,0.000,0.000,64.768,0.000,0.000,0.000,0.000,0.000,0.000,0.000,0.000,0.000,0.000,0.000,0.000,0.000,0.000,0.000,0.000,0.000,0.000,0.000,0.000,0.000,0.000,0.000,0.000,0.000,0.0453,0.0000,0.0023,0.0000,-0.0031,-0.0688,-0.1605,0.0002,0.2827,-0.3929,0.0955,0.0688,-0.3263,-0.0470,0.0317,0.1749,-0.0000,0.0092,-0.0388,0.0034,0.0002,-0.0029,-0.0267,0.0840
1958.0,0,0.000,0.000,0.000,0.000,0.000,0.000,0.000,0.000,0.000,0.000,0.000,0.000,0.000,0.000,0.000,0.000,0.000,0.000,0.000,0.000,0.000,8.189,0.000,0.000,0.000,0.000,0.000,0.000,0.000,5.488,0.000,0.000,0.000,0.000,0.000,0.000,0.000,0.000,0.000,0.000,0.000,0.000,0.000,63.353,0.000,0.000,0.000,0.000,0.000,0.000,0.000,0.000,0.000,0.000,0.000,0.000,0.000,0.000,0.000,0.000,0.000,0.000,0.000,0.000,0.000,0.000,0.000,0.000,0.000,0.0201,-0.0036,0.0019,0.0000,-0.0025,-0.0665,-0.1695,0.0002,0.2829,-0.4184,0.0996,0.0769,-0.3129,-0.0497,0.0260,0.1737,-0.0000,0.0074,-0.0449,0.0030,0.0060,0.0010,-0.0283,0.0747
1966.5,0,0.000,0.000,0.000,0.000,0.000,0.000,0.000,0.000,0.000,0.000,0.000,0.000,0.000,0.000,0.000,0.000,0.000,0.000,0.000,0.000,0.000,17.199,0.000,0.000,8.187,0.000,0.000,0.000,0.000,14.681,0.000,0.000,0.000,0.000,0.000,0.000,0.000,0.000,0.000,0.000,0.000,0.000,0.000,68.319,0.000,0.000,0.000,0.000,0.000,0.000,0.000,0.000,0.000,0.000,0.000,0.000,0.000,0.000,0.000,0.000,0.000,0.000,0.000,0.000,0.000,0.000,0.000,0.000,0.000,0.0095,-0.0132,0.0015,0.0000,-0.0020,-0.0625,-0.1769,0.0001,0.2800,-0.4422,0.1174,0.0893,-0.2944,-0.0526,0.0270,0.1780,-0.0000,0.0060,-0.0528,0.0103,0.0104,0.0039,-0.0348,0.0682
1975.0,0,0.000,0.000,0.000,0.000,0.000,0.000,0.000,0.000,0.000,0.000,0.000,0.000,0.000,6.065,0.000,0.000,0.000,0.000,0.000,0.000,0.000,28.017,0.000,0.000,1.496,0.000,0.000,0.000,0.000,6.748,0.000,0.000,0.000,0.000,0.000,0.000,0.000,0.000,0.000,0.000,0.000,0.000,0.000,60.227,0.000,0.000,0.000,0.000,0.000,0.000,0.000,0.000,0.000,0.000,0.000,0.000,0.000,0.000,0.000,0.000,0.000,0.000,0.000,0.000,0.000,0.000,0.000,0.000,0.000,0.0072,-0.0223,0.0052,0.0000,-0.0016,-0.0567,-0.1827,0.0001,0.2717,-0.4652,0.1434,0.1044,-0.2760,-0.0540,0.0323,0.1845,-0.0000,0.0049,-0.0596,0.0248,0.0164,0.0055,-0.0409,0.0670
1983.0,0,0.000,0.000,0.000,0.000,0.000,0.000,0.000,0.000,0.000,0.000,0.000,0.000,0.000,1.225,0.000,0.000,0.000,0.000,0.000,0.000,0.000,22.661,0.000,0.000,4.795,0.000,0.000,0.000,0.000,8.771,0.000,0.000,0.000,0.000,0.000,0.000,0.000,0.000,0.000,0.000,0.000,0.000,0.000,51.998,0.000,0.000,0.000,0.000,0.000,0.000,0.000,0.000,0.000,0.000,0.000,0.000,0.000,0.000,0.000,0.000,0.000,0.000,0.000,0.000,0.000,0.000,0.000,0.000,0.000,0.0113,-0.0314,0.0079,0.0000,-0.0012,-0.0501,-0.1868,0.0001,0.2561,-0.4853,0.1668,0.1203,-0.2585,-0.0610,0.0382,0.1910,-0.0000,0.0039,-0.0627,0.0422,0.0268,0.0060,-0.0475,0.0669
1991.5,0,0.000,0.000,0.000,0.000,0.000,0.000,0.000,0.000,0.000,0.000,0.000,0.000,0.000,7.632,0.000,0.000,0.000,0.000,0.000,0.000,0.000,36.138,0.000,0.000,13.557,0.000,0.000,0.000,0.000,1.602,0.000,0.000,0.000,0.000,0.000,0.000,0.000,0.000,0.000,0.000,0.000,0.000,0.000,55.547,0.000,0.000,0.000,0.000,0.000,0.000,0.000,0.000,0.000,0.000,0.000,0.000,0.000,0.000,0.000,0.000,0.000,0.000,0.000,0.000,0.000,0.000,0.000,0.000,0.000,0.0257,-0.0361,0.0138,0.0000,-0.0010,-0.0433,-0.1944,0.0001,0.2379,-0.5007,0.1905,0.1365,-0.2394,-0.0707,0.0423,0.1968,-0.0000,0.0031,-0.0630,0.0619,0.0397,0.0060,-0.0556,0.0704
2000.0,0,0.000,0.000,0.000,0.000,0.000,0.000,0.000,0.000,0.000,0.000,0.000,0.000,0.000,1.394,0.000,0.000,0.000,0.000,0.000,0.000,0.000,47.700,0.000,0.000,17.103,0.000,0.000,0.000,0.000,0.293,0.000,0.000,0.000,0.000,0.000,0.000,0.000,0.000,0.000,0.000,0.000,0.000,0.000,40.022,0.000,0.000,0.000,0.000,0.000,0.000,0.000,0.000,0.000,0.000,0.000,0.000,0.000,0.000,0.000,0.000,0.000,0.000,0.000,0.000,0.000,0.000,0.000,0.000,0.000,0.0485,-0.0368,0.0174,0.0000,-0.0008,-0.0369,-0.2053,0.0000,0.2184,-0.5136,0.2194,0.1520,-0.2184,-0.0796,0.0444,0.2008,-0.0000,0.0025,-0.0614,0.0834,0.0497,0.0057,-0.0581,0.0733
2008.0,0,0.000,0.000,0.000,0.000,0.000,0.000,0.000,0.000,0.000,0.000,0.000,0.000,0.000,0.281,0.000,0.000,0.000,0.000,0.000,0.000,0.000,49.606,0.000,0.000,18.080,0.000,0.000,0.000,0.000,0.059,0.000,0.000,0.000,0.000,0.000,0.000,0.000,0.000,0.000,0.000,0.000,0.000,0.000,35.071,0.000,0.000,0.000,0.000,0.000,0.000,0.000,0.000,0.000,0.000,0.000,0.000,0.000,0.000,0.000,0.000,0.000,0.000,0.000,0.000,0.000,0.000,0.000,0.000,0.000,0.0757,-0.0351,0.0186,0.0000,-0.0006,-0.0311,-0.2171,0.0055,0.1972,-0.5256,0.2564,0.1712,-0.2005,-0.0881,0.0496,0.2022,-0.0000,0.0020,-0.0572,0.1059,0.0629,0.0051,-0.0587,0.0799
2016.5,0,0.000,0.000,0.000,0.000,0.000,0.000,0.000,0.000,0.000,0.000,0.000,0.000,0.000,8.239,0.000,0.000,0.000,0.000,0.000,0.000,0.000,31.819,0.000,0.000,10.735,0.000,0.000,0.000,0.000,4.076,0.000,0.000,0.000,0.000,0.000,0.000,0.000,0.000,0.000,0.000,0.000,0.000,0.000,17.144,0.000,0.000,0.000,0.000,0.000,0.000,0.000,0.000,0.000,0.000,0.000,0.000,0.000,0.000,0.000,0.000,0.000,0.000,0.000,0.000,0.000,0.000,0.000,0.000,0.000,0.1008,-0.0349,0.0233,0.0000,-0.0005,-0.0259,-0.2267,0.0095,0.1741,-0.5387,0.2967,0.1924,-0.1900,-0.0899,0.0548,0.2020,-0.0054,0.0016,-0.0516,0.1291,0.0733,0.0045,-0.0559,0.0863
2025.0,0,0.000,0.000,0.000,0.000,0.000,0.000,0.000,0.000,0.000,0.000,0.000,0.000,0.000,1.505,0.000,0.000,0.000,0.000,0.000,0.000,0.000,30.688,0.000,0.000,10.045,0.000,0.000,0.000,0.000,0.745,0.000,0.000,0.000,0.000,0.000,0.000,0.000,0.000,0.000,0.000,0.000,0.000,0.000,3.132,0.000,0.000,0.000,0.000,0.000,0.000,0.000,0.000,0.000,0.000,0.000,0.000,0.000,0.000,0.000,0.000,0.000,0.000,0.000,0.000,0.000,0.000,0.000,0.000,0.000,0.1263,-0.0333,0.0258,0.0000,-0.0004,-0.0214,-0.2339,0.0134,0.1573,-0.5517,0.3327,0.2158,-0.1931,-0.0861,0.0602,0.2018,-0.0124,0.0012,-0.0395,0.1503,0.0831,0.0039,-0.0585,0.0962
2033.0,0,0.000,0.000,0.000,0.000,0.000,0.000,0.000,0.000,0.000,0.000,0.000,0.000,0.000,0.304,0.000,0.000,0.000,0.000,0.000,0.000,0.000,23.222,0.000,0.000,2.028,0.000,0.000,0.000,0.000,2.382,0.000,0.000,0.000,0.000,0.000,0.000,0.000,0.000,0.000,0.000,0.000,0.000,0.000,0.632,0.000,0.000,0.000,0.000,0.000,0.000,0.000,0.000,0.000,0.000,0.000,0.000,0.000,0.000,0.000,0.000,0.000,0.000,0.000,0.000,0.000,0.000,0.000,0.000,0.000,0.1470,-0.0322,0.0259,0.0000,-0.0003,-0.0176,-0.2358,0.0220,0.1435,-0.5642,0.3596,0.2380,-0.2055,-0.0790,0.0714,0.2024,-0.0251,0.0010,-0.0287,0.1698,0.0929,0.0033,-0.0643,0.1054
2041.5,0,0.000,0.000,0.000,0.000,0.000,0.000,0.000,0.000,0.000,0.000,0.000,0.000,0.000,0.056,0.000,0.000,0.000,0.000,0.000,0.000,0.000,13.636,0.000,0.000,0.371,0.000,0.000,0.000,0.000,0.435,0.000,0.000,0.000,0.000,0.000,0.000,0.000,0.000,0.000,0.000,0.000,0.000,0.000,0.116,0.000,0.000,0.000,0.000,0.000,0.000,0.000,0.000,0.000,0.000,0.000,0.000,0.000,0.000,0.000,0.000,0.000,0.000,0.000,0.000,0.000,0.000,0.000,0.000,0.000,0.1597,-0.0299,0.0245,0.0000,-0.0002,-0.0143,-0.2341,0.0313,0.1284,-0.5730,0.3918,0.2583,-0.2254,-0.0702,0.0841,0.2024,-0.0422,0.0008,-0.0186,0.1873,0.1010,0.0028,-0.0706,0.1124
2050.0,0,0.000,0.000,0.000,0.000,0.000,0.000,0.000,0.000,0.000,0.000,0.000,0.000,0.000,0.010,0.000,0.000,0.000,0.000,0.000,0.000,0.000,8.576,0.000,0.000,0.068,0.000,0.000,0.000,0.000,0.079,0.000,0.000,0.000,0.000,0.000,0.000,0.000,0.000,0.000,0.000,0.000,0.000,0.000,9.448,0.000,0.000,0.000,0.000,0.000,0.000,0.000,0.000,0.000,0.000,0.000,0.000,0.000,0.000,0.000,0.000,0.000,0.000,0.000,0.000,0.000,0.000,0.000,0.000,0.000,0.1617,-0.0270,0.0223,0.0000,-0.0002,-0.0116,-0.2306,0.0362,0.1124,-0.5777,0.4292,0.2751,-0.2467,-0.0611,0.0957,0.2019,-0.0631,0.0006,-0.0113,0.1999,0.1109,0.0023,-0.0764,0.1131
2058.0,0,0.000,0.000,0.000,0.000,0.000,0.000,0.000,0.000,0.000,0.000,0.000,0.000,0.000,0.002,0.000,0.000,0.000,0.000,0.000,0.000,0.000,1.731,0.000,0.000,0.014,0.000,0.000,0.000,0.000,0.016,0.000,0.000,0.000,0.000,0.000,0.000,0.000,0.000,0.000,0.000,0.000,0.000,0.000,12.644,0.000,0.000,0.000,0.000,0.000,0.000,0.000,0.000,0.000,0.000,0.000,0.000,0.000,0.000,0.000,0.000,0.000,0.000,0.000,0.000,0.000,0.000,0.000,0.000,0.000,0.1508,-0.0237,0.0197,0.0000,-0.0001,-0.0094,-0.2249,0.0372,0.0967,-0.5759,0.4657,0.2890,-0.2695,-0.0523,0.1016,0.1995,-0.0835,0.0005,-0.0064,0.2041,0.1183,0.0019,-0.0793,0.1077
2066.5,0,0.000,0.000,0.000,0.000,0.000,0.000,0.000,0.000,0.000,0.000,0.000,0.000,0.000,0.000,0.000,0.000,0.000,0.000,0.000,0.000,0.000,0.316,0.000,0.000,0.002,0.000,0.000,0.000,0.000,0.003,0.000,0.000,0.000,0.000,0.000,0.000,0.000,0.000,0.000,0.000,0.000,0.000,0.000,17.409,0.000,0.000,0.000,0.000,0.000,0.000,0.000,0.000,0.000,0.000,0.000,0.000,0.000,0.000,0.000,0.000,0.000,0.000,0.000,0.000,0.000,0.000,0.000,0.000,0.000,0.1309,-0.0204,0.0170,0.0000,-0.0001,-0.0076,-0.2159,0.0356,0.0820,-0.5669,0.4956,0.2975,-0.2944,-0.0492,0.1132,0.1956,-0.1028,0.0004,0.0031,0.2007,0.1276,-0.0043,-0.0831,0.0985
2075.0,0,0.000,0.000,0.000,0.000,0.000,0.000,0.000,0.000,0.000,0.000,0.000,0.000,0.000,0.000,0.000,0.000,0.000,0.000,0.000,0.000,0.000,0.058,0.000,0.000,0.000,0.000,0.000,0.000,0.000,0.001,0.000,0.000,0.000,0.000,0.000,0.000,0.000,0.000,0.000,0.000,0.000,0.000,0.000,27.818,0.000,0.000,0.000,0.000,0.000,0.000,0.000,0.000,0.000,0.000,0.000,0.000,0.000,0.000,0.000,0.000,0.000,0.000,0.000,0.000,0.000,0.000,0.000,0.000,0.000,0.1052,-0.0173,0.0145,0.0000,-0.0001,-0.0061,-0.2044,0.0326,0.0688,-0.5501,0.5172,0.3017,-0.3168,-0.0456,0.1178,0.1902,-0.1261,0.0003,0.0131,0.1905,0.1340,-0.0090,-0.0795,0.0875
2083.0,0,0.000,0.000,0.000,0.000,0.000,0.000,0.000,0.000,0.000,0.000,0.000,0.000,0.000,0.000,0.000,0.000,0.000,0.000,0.000,0.000,0.000,0.012,0.000,0.000,0.000,0.000,0.000,0.000,0.000,0.000,0.000,0.000,0.000,0.000,0.000,0.000,0.000,0.000,0.000,0.000,0.000,0.000,0.000,37.421,0.000,0.000,0.000,0.000,0.000,0.000,0.000,0.000,0.000,0.000,0.000,0.000,0.000,0.000,0.000,0.000,0.000,0.000,0.000,0.000,0.000,0.000,0.000,0.000,0.000,0.0764,-0.0146,0.0122,0.0000,-0.0001,-0.0048,-0.1947,0.0290,0.0571,-0.5260,0.5318,0.3003,-0.3319,-0.0411,0.1145,0.1788,-0.1480,0.0002,0.0192,0.1745,0.1373,-0.0132,-0.0718,0.0760
2091.5,0,0.000,0.000,0.000,0.000,0.000,0.000,0.000,0.000,0.000,0.000,0.000,0.000,0.000,0.000,0.000,0.000,0.000,0.000,0.000,0.000,0.000,0.002,0.000,0.000,0.000,0.000,0.000,0.000,0.000,0.000,0.000,0.000,0.000,0.000,0.000,0.000,0.000,0.000,0.000,0.000,0.000,0.000,0.000,49.566,0.000,0.000,0.000,0.000,0.000,0.000,0.000,0.000,0.000,0.000,0.000,0.000,0.000,0.000,0.000,0.000,0.000,0.000,0.000,0.000,0.000,0.000,0.000,0.000,0.000,0.0469,-0.0121,0.0102,0.0000,-0.0001,-0.0039,-0.1852,0.0252,0.0471,-0.5005,0.5498,0.2947,-0.3434,-0.0362,0.1061,0.1625,-0.1643,0.0002,0.0217,0.1576,0.1388,-0.0152,-0.0648,0.0650
2100.0,0,0.000,0.000,0.000,0.000,0.000,0.000,0.000,0.000,0.000,0.000,0.000,0.000,0.000,0.000,0.000,0.000,0.000,0.000,0.000,0.000,0.000,3.329,0.000,0.000,0.000,0.000,0.000,0.000,0.000,0.000,0.000,0.000,0.000,0.000,0.000,0.000,0.000,0.000,0.000,0.000,0.000,0.000,0.000,63.932,0.000,0.000,0.000,0.000,0.000,0.000,0.000,0.000,0.000,0.000,0.000,0.000,0.000,0.000,0.000,0.000,0.000,0.000,0.000,0.000,0.000,0.000,0.000,0.000,0.000,0.0204,-0.0100,0.0084,0.0000,-0.0000,-0.0064,-0.1574,0.0215,0.0386,-0.4877,0.5730,0.2871,-0.3527,-0.0312,0.0951,0.1457,-0.1736,0.0001,0.0220,0.1392,0.1366,-0.0155,-0.0537,0.0548
2108.0,0,0.000,0.000,0.000,0.000,0.000,0.000,0.000,0.000,0.000,0.000,0.000,0.000,0.000,0.000,0.000,0.000,0.000,0.000,0.000,0.000,0.000,2.903,0.000,0.000,0.000,0.000,0.000,0.000,0.000,0.000,0.000,0.000,0.000,0.000,0.000,0.000,0.000,0.000,0.000,0.000,0.000,0.000,0.000,75.445,0.000,0.000,0.000,0.000,0.000,0.000,0.000,0.000,0.000,0.000,0.000,0.000,0.000,0.000,0.000,0.000,0.000,0.000,0.000,0.000,0.000,0.000,0.000,0.000,0.000,-0.0034,-0.0082,0.0069,0.0000,-0.0000,-0.0105,-0.1335,0.0182,0.0314,-0.4898,0.5997,0.2784,-0.3578,-0.0312,0.0832,0.1280,-0.1763,0.0001,0.0208,0.1207,0.1311,-0.0148,-0.0451,0.0458
2116.5,0,0.000,0.000,0.000,0.000,0.000,0.000,0.000,0.000,0.000,0.000,0.000,0.000,0.000,0.000,0.000,0.000,0.000,0.000,0.000,0.000,0.000,11.810,0.000,0.000,0.000,0.000,0.000,0.000,0.000,0.000,0.000,0.000,0.000,0.000,0.000,0.000,0.000,0.000,0.000,0.000,0.000,0.000,0.000,76.320,0.000,0.000,0.000,0.000,0.000,0.000,0.000,0.000,0.000,0.000,0.000,0.000,0.000,0.000,0.000,0.000,0.000,0.000,0.000,0.000,0.000,0.000,0.000,0.000,0.000,-0.0195,-0.0067,0.0056,0.0000,-0.0000,-0.0189,-0.1233,0.0152,0.0254,-0.5002,0.6280,0.2687,-0.3552,-0.0394,0.0715,0.1120,-0.1695,0.0001,0.0139,0.1060,0.1271,-0.0136,-0.0398,0.0379
2125.0,0,0.000,0.000,0.000,0.000,0.000,0.000,0.000,0.000,0.000,0.000,0.000,0.000,0.000,2.466,0.000,0.000,0.000,0.000,0.000,0.000,0.000,13.244,0.000,0.000,0.000,0.000,0.000,0.000,0.000,0.000,0.000,0.000,0.000,0.000,0.000,0.000,0.000,0.000,0.000,0.000,0.000,0.000,0.000,61.549,0.000,0.000,0.000,0.000,0.000,0.000,0.000,0.000,0.000,0.000,0.000,0.000,0.000,0.000,0.000,0.000,0.000,0.000,0.000,0.000,0.000,0.000,0.000,0.000,0.000,-0.0288,-0.0054,0.0063,0.0000,-0.0000,-0.0272,-0.1211,0.0126,0.0205,-0.5143,0.6557,0.2575,-0.3453,-0.0623,0.0652,0.1031,-0.1561,0.0001,0.0080,0.0967,0.1227,-0.0120,-0.0383,0.0312
2133.0,0,0.000,0.000,0.000,0.000,0.000,0.000,0.000,0.000,0.000,0.000,0.000,0.000,0.000,11.778,0.000,0.000,0.000,0.000,0.000,0.000,0.000,22.068,0.000,0.000,0.000,0.000,0.000,0.000,0.000,0.000,0.000,0.000,0.000,0.000,0.000,0.000,0.000,0.000,0.000,0.000,0.000,0.000,0.000,52.265,0.000,0.000,0.000,0.000,0.000,0.000,0.000,0.000,0.000,0.000,0.000,0.000,0.000,0.000,0.000,0.000,0.000,0.000,0.000,0.000,0.000,0.000,0.000,0.000,0.000,-0.0299,-0.0044,0.0130,0.0000,-0.0000,-0.0345,-0.1227,0.0103,0.0165,-0.5292,0.6795,0.2491,-0.3309,-0.0863,0.0608,0.0996,-0.1394,0.0001,0.0016,0.0969,0.1181,-0.0104,-0.0362,0.0254
2141.5,0,0.000,0.000,0.000,0.000,0.000,0.000,0.000,0.000,0.000,0.000,0.000,0.000,0.000,2.152,0.000,0.000,0.000,0.000,0.000,0.000,0.000,24.111,0.000,0.000,3.329,0.000,0.000,0.000,0.000,0.000,0.000,0.000,0.000,0.000,0.000,0.000,0.000,0.000,0.000,0.000,0.000,0.000,0.000,37.866,0.000,0.000,0.000,0.000,0.000,0.000,0.000,0.000,0.000,0.000,0.000,0.000,0.000,0.000,0.000,0.000,0.000,0.000,0.000,0.000,0.000,0.000,0.000,0.000,0.000,-0.0223,-0.0035,0.0177,0.0000,-0.0000,-0.0406,-0.1258,0.0135,0.0156,-0.5421,0.6983,0.2452,-0.3182,-0.1053,0.0554,0.1022,-0.1217,0.0000,-0.0027,0.0968,0.1098,-0.0089,-0.0330,0.0261
2150.0,0,0.000,0.000,0.000,0.000,0.000,0.000,0.000,0.000,0.000,0.000,0.000,0.000,0.000,2.624,0.000,0.000,0.000,0.000,0.000,0.000,0.000,35.724,0.000,0.000,5.574,0.000,0.000,0.000,0.000,0.000,0.000,0.000,0.000,0.000,0.000,0.000,0.000,0.000,0.000,0.000,0.000,0.000,0.000,19.765,0.000,0.000,0.000,0.000,0.000,0.000,0.000,0.000,0.000,0.000,0.000,0.000,0.000,0.000,0.000,0.000,0.000,0.000,0.000,0.000,0.000,0.000,0.000,0.000,0.000,-0.0042,-0.0028,0.0212,0.0000,-0.0000,-0.0469,-0.1296,0.0192,0.0146,-0.5502,0.7131,0.2462,-0.3083,-0.1150,0.0491,0.1079,-0.1044,0.0000,-0.0051,0.1021,0.1089,-0.0042,-0.0293,0.0262
2158.0,0,0.000,0.000,0.000,0.000,0.000,0.000,0.000,0.000,0.000,0.000,0.000,0.000,0.000,0.530,0.000,0.000,0.000,0.000,0.000,0.000,0.000,33.473,0.000,0.000,11.862,0.000,0.000,0.000,0.000,0.000,0.000,0.000,0.000,0.000,0.000,0.000,0.000,0.000,0.000,0.000,0.000,0.000,0.000,13.419,0.000,0.000,0.000,0.000,0.000,0.000,0.000,0.000,0.000,0.000,0.000,0.000,0.000,0.000,0.000,0.000,0.000,0.000,0.000,0.000,0.000,0.000,0.000,0.000,0.000,0.0231,-0.0022,0.0224,0.0000,-0.0000,-0.0523,-0.1230,0.0275,0.0133,-0.5522,0.7231,0.2518,-0.2970,-0.1181,0.0521,0.1172,-0.0884,0.0000,-0.0062,0.1134,0.1070,0.0033,-0.0304,0.0304
2166.5,0,0.000,0.000,0.000,0.000,0.000,0.000,0.000,0.000,0.000,0.000,0.000,0.000,0.000,0.097,0.000,0.000,0.000,0.000,0.000,0.000,0.000,44.306,0.000,0.000,18.907,0.000,0.000,0.000,0.000,0.000,0.000,0.000,0.000,0.000,0.000,0.000,0.000,0.000,0.000,0.000,0.000,0.000,0.000,20.952,0.000,0.000,0.000,0.000,0.000,0.000,0.000,0.000,0.000,0.000,0.000,0.000,0.000,0.000,0.000,0.000,0.000,0.000,0.000,0.000,0.000,0.000,0.000,0.000,0.000,0.0564,-0.0018,0.0218,0.0000,-0.0000,-0.0604,-0.0980,0.0392,0.0160,-0.5542,0.7319,0.2575,-0.2863,-0.1139,0.0593,0.1261,-0.0782,0.0000,-0.0064,0.1265,0.1050,0.0109,-0.0304,0.0340
2175.0,0,0.000,0.000,0.000,0.000,0.000,0.000,0.000,0.000,0.000,0.000,0.000,0.000,0.000,0.018,0.000,0.000,0.000,0.000,0.000,0.000,0.000,54.142,0.000,0.000,12.531,0.000,0.000,0.000,0.000,0.000,0.000,0.000,0.000,0.000,0.000,0.000,0.000,0.000,0.000,0.000,0.000,0.000,0.000,28.036,0.000,0.000,0.000,0.000,0.000,0.000,0.000,0.000,0.000,0.000,0.000,0.000,0.000,0.000,0.000,0.000,0.000,0.000,0.000,0.000,0.000,0.000,0.000,0.000,0.000,0.0879,-0.0014,0.0202,0.0000,-0.0000,-0.0729,-0.0569,0.0520,0.0273,-0.5565,0.7377,0.2587,-0.2763,-0.1050,0.0759,0.1348,-0.0757,0.0000,-0.0068,0.1356,0.1045,0.0154,-0.0354,0.0346
2183.0,0,0.000,0.000,0.000,0.000,0.000,0.000,0.000,0.000,0.000,0.000,0.000,0.000,0.000,0.004,0.000,0.000,0.000,0.000,0.000,0.000,0.000,38.053,0.000,0.000,2.530,0.000,0.000,0.000,0.000,0.000,0.000,0.000,0.000,0.000,0.000,0.000,0.000,0.000,0.000,0.000,0.000,0.000,0.000,21.825,0.000,0.000,0.000,0.000,0.000,0.000,0.000,0.000,0.000,0.000,0.000,0.000,0.000,0.000,0.000,0.000,0.000,0.000,0.000,0.000,0.000,0.000,0.000,0.000,0.000,0.1102,-0.0011,0.0181,0.0000,-0.0000,-0.0854,-0.0121,0.0627,0.0413,-0.5588,0.7386,0.2537,-0.2748,-0.0938,0.1026,0.1409,-0.0823,0.0000,-0.0042,0.1383,0.1104,0.0172,-0.0431,0.0331
2191.5,0,0.000,0.000,0.000,0.000,0.000,0.000,0.000,0.000,0.000,0.000,0.000,0.000,0.000,0.001,0.000,0.000,0.000,0.000,0.000,0.000,0.000,35.120,0.000,0.000,0.462,0.000,0.000,0.000,0.000,0.000,0.000,0.000,0.000,0.000,0.000,0.000,0.000,0.000,0.000,0.000,0.000,0.000,0.000,11.678,0.000,0.000,0.000,0.000,0.000,0.000,0.000,0.000,0.000,0.000,0.000,0.000,0.000,0.000,0.000,0.000,0.000,0.000,0.000,0.000,0.000,0.000,0.000,0.000,0.000,0.1262,-0.0009,0.0158,0.0000,-0.0000,-0.0990,0.0272,0.0715,0.0624,-0.5637,0.7336,0.2405,-0.2772,-0.0846,0.1335,0.1461,-0.0971,0.0000,0.0050,0.1346,0.1182,0.0173,-0.0531,0.0303
2200.0,0,0.000,0.000,0.000,0.000,0.000,0.000,0.000,0.000,0.000,0.000,0.000,0.000,0.000,0.000,0.000,0.000,0.000,0.000,0.000,0.000,0.000,40.308,0.000,0.000,6.150,0.000,0.000,0.000,0.000,0.000,0.000,0.000,0.000,0.000,0.000,0.000,0.000,0.000,0.000,0.000,0.000,0.000,0.000,18.167,0.000,0.000,0.000,0.000,0.000,0.000,0.000,0.000,0.000,0.000,0.000,0.000,0.000,0.000,0.000,0.000,0.000,0.000,0.000,0.000,0.000,0.000,0.000,0.000,0.000,0.1414,-0.0007,0.0136,0.0000,-0.0072,-0.1146,0.0529,0.0789,0.0895,-0.5678,0.7215,0.2203,-0.2802,-0.0855,0.1560,0.1501,-0.1141,0.0000,0.0111,0.1272,0.1262,0.0163,-0.0645,0.0269
2208.0,0,0.000,0.000,0.000,0.000,0.000,0.000,0.000,0.000,0.000,0.000,0.000,0.000,0.000,0.000,0.000,0.000,0.000,0.000,0.000,0.000,0.000,69.565,0.000,0.000,29.055,0.000,0.000,0.000,0.000,0.000,0.000,0.000,0.000,0.000,0.000,0.000,0.000,0.000,0.000,0.000,0.000,0.000,0.000,25.859,0.000,0.000,0.000,0.000,0.000,0.000,0.000,0.000,0.000,0.000,0.000,0.000,0.000,0.000,0.000,0.000,0.000,0.000,0.000,0.000,0.000,0.000,0.000,0.000,0.000,0.1626,-0.0006,0.0115,0.0000,-0.0219,-0.1373,0.0816,0.0850,0.1228,-0.5724,0.7067,0.1963,-0.2855,-0.0937,0.1686,0.1482,-0.1307,0.0000,0.0083,0.1160,0.1406,0.0148,-0.0741,0.0234
2216.5,0,0.000,0.000,0.000,0.000,0.000,0.000,0.000,0.000,0.000,0.000,0.000,0.000,0.000,2.231,0.000,0.000,0.000,0.000,0.000,0.000,0.000,72.654,0.000,0.000,30.710,0.000,0.000,0.000,0.000,0.000,0.000,0.000,0.000,0.000,0.000,0.000,0.000,0.000,0.000,0.000,6.703,0.000,0.000,12.937,0.000,0.000,0.000,0.000,0.000,0.000,0.000,0.000,0.000,0.000,0.000,0.000,0.000,0.000,0.000,0.000,0.000,0.000,0.000,0.000,0.000,0.000,0.000,0.000,0.000,0.1872,0.0039,0.0113,0.0000,-0.0387,-0.1639,0.1078,0.0912,0.1584,-0.5756,0.6905,0.1712,-0.2860,-0.1127,0.1755,0.1507,-0.1396,0.0000,-0.0032,0.1030,0.1608,0.0131,-0.0807,0.0200
2225.0,0,0.000,0.000,0.000,0.000,0.000,0.000,0.000,0.000,0.000,0.000,0.000,0.000,0.000,4.901,0.000,0.000,0.000,0.000,0.000,0.000,0.000,69.859,0.000,0.000,24.846,0.000,0.000,0.000,0.000,0.000,0.000,0.000,0.000,0.000,0.000,10.382,0.000,0.000,0.000,0.000,17.912,0.000,0.000,2.363,0.000,0.000,0.000,0.000,0.000,0.000,0.000,0.000,0.000,0.000,0.000,0.000,0.000,0.000,0.000,0.000,0.000,0.000,0.000,0.000,0.000,0.000,0.000,0.000,0.000,0.2139,0.0210,0.0138,0.0000,-0.0487,-0.1891,0.1194,0.0961,0.1910,-0.5745,0.6680,0.1469,-0.2806,-0.1353,0.1714,0.1561,-0.1382,0.0000,-0.0180,0.0895,0.1836,0.0113,-0.0852,0.0168
2233.0,0,0.000,0.000,0.000,0.000,0.000,0.000,0.000,0.000,0.000,0.000,0.000,0.000,0.000,6.478,0.000,0.000,0.000,0.000,0.000,0.000,0.000,65.130,0.000,0.000,14.731,0.000,0.000,0.000,0.000,0.000,0.000,0.000,0.000,0.000,0.000,15.096,0.000,0.000,0.000,0.000,25.521,0.000,0.000,0.477,0.000,0.000,0.000,0.000,0.000,0.000,0.000,0.000,0.000,0.000,0.000,0.000,0.000,0.000,0.000,0.000,0.000,0.000,0.000,0.000,0.000,0.000,0.000,0.000,0.000,0.2389,0.0480,0.0186,0.0000,-0.0522,-0.2099,0.1096,0.1010,0.2203,-0.5633,0.6307,0.1243,-0.2686,-0.1607,0.1621,0.1662,-0.1297,0.0000,-0.0366,0.0765,0.2031,0.0096,-0.0885,0.0141
2241.5,0,0.000,0.000,0.000,0.000,0.000,0.000,0.000,0.000,0.000,0.000,0.000,0.000,0.000,7.249,0.000,0.000,0.000,0.000,0.000,0.000,0.000,39.566,0.000,0.000,2.691,0.000,0.000,0.000,0.000,0.000,0.000,0.000,0.000,0.000,0.000,5.224,0.000,0.000,0.000,0.000,12.876,0.000,0.000,0.087,0.000,0.000,0.000,0.000,0.000,0.000,0.000,0.000,0.000,0.000,0.000,0.000,0.000,0.000,0.000,0.000,0.000,0.000,0.000,0.000,0.000,0.000,0.000,0.000,0.000,0.2549,0.0711,0.0248,0.0000,-0.0513,-0.2233,0.0886,0.1074,0.2457,-0.5399,0.5771,0.1040,-0.2513,-0.1809,0.1480,0.1777,-0.1174,0.0000,-0.0555,0.0663,0.2181,0.0081,-0.0908,0.0116
2250.0,0,0.000,0.000,0.000,0.000,0.000,0.000,0.000,0.000,0.000,0.000,0.000,0.000,0.000,1.324,0.000,0.000,0.000,0.000,0.000,0.000,0.000,36.369,0.000,0.000,0.492,0.000,0.000,0.000,0.000,0.000,0.000,0.000,0.000,0.000,0.000,0.954,0.000,0.000,0.000,0.000,2.352,0.000,0.000,0.016,0.000,0.000,0.000,0.000,0.000,0.000,0.000,0.000,0.000,0.000,0.000,0.000,0.000,0.000,0.000,0.000,0.000,0.000,0.000,0.000,0.000,0.000,0.000,0.000,0.000,0.2629,0.0826,0.0279,0.0000,-0.0478,-0.2315,0.0626,0.1149,0.2680,-0.5077,0.5138,0.0863,-0.2314,-0.1897,0.1313,0.1909,-0.1034,0.0000,-0.0728,0.0607,0.2302,0.0067,-0.0930,0.0096
2258.0,0,0.000,0.000,0.000,0.000,0.000,0.000,0.000,0.000,0.000,0.000,0.000,0.000,0.000,0.267,0.000,0.000,0.000,0.000,0.000,0.000,0.000,30.878,0.000,0.000,0.099,0.000,0.000,0.000,0.000,0.000,0.000,0.000,0.000,0.000,0.000,0.193,0.000,0.000,0.000,0.000,0.475,0.000,0.000,0.003,0.000,0.000,0.000,0.000,0.000,0.000,0.000,0.000,0.000,0.000,0.000,0.000,0.000,0.000,0.000,0.000,0.000,0.000,0.000,0.000,0.000,0.000,0.000,0.000,0.000,0.2643,0.0850,0.0283,0.0000,-0.0430,-0.2360,0.0409,0.1212,0.2867,-0.4710,0.4680,0.0750,-0.2106,-0.1859,0.1140,0.2050,-0.0894,0.0000,-0.0868,0.0583,0.2345,0.0056,-0.0928,0.0078
2266.5,0,0.000,0.000,0.000,0.000,0.000,0.000,0.000,0.000,0.000,0.000,0.000,0.000,0.000,0.049,0.000,0.000,0.000,0.000,0.000,0.000,0.000,16.160,0.000,0.000,0.018,0.000,0.000,0.000,0.000,0.000,0.000,0.000,0.000,0.000,0.000,0.035,0.000,0.000,0.000,0.000,0.087,0.000,0.000,0.001,0.000,0.000,0.000,0.000,0.000,0.000,0.000,0.000,0.000,0.000,0.000,0.000,0.000,0.000,0.000,0.000,0.000,0.000,0.000,0.000,0.000,0.000,0.000,0.000,0.000,0.2585,0.0815,0.0269,0.0000,-0.0377,-0.2367,0.0184,0.1273,0.3016,-0.4327,0.4449,0.0717,-0.1933,-0.1734,0.0974,0.2149,-0.0760,0.0000,-0.0929,0.0566,0.2371,0.0046,-0.0930,0.0063
2275.0,0,0.000,0.000,0.000,0.000,0.000,0.000,0.000,0.000,0.000,0.000,0.000,0.000,0.000,0.009,0.000,0.000,0.000,0.000,0.000,0.000,0.000,2.952,0.000,0.000,0.003,0.000,0.000,0.000,0.000,0.000,0.000,0.000,0.000,0.000,0.000,0.006,0.000,0.000,0.000,0.000,0.016,0.000,0.000,0.000,0.000,0.000,0.000,0.000,0.000,0.000,0.000,0.000,0.000,0.000,0.000,0.000,0.000,0.000,0.000,0.000,0.000,0.000,0.000,0.000,0.000,0.000,0.000,0.000,0.000,0.2430,0.0747,0.0245,0.0000,-0.0386,-0.2334,-0.0028,0.1327,0.3122,-0.3959,0.4359,0.0775,-0.1865,-0.1562,0.0822,0.2188,-0.0639,0.0000,-0.0940,0.0601,0.2337,0.0037,-0.0943,0.0051
2283.0,0,0.000,0.000,0.000,0.000,0.000,0.000,0.000,0.000,0.000,0.000,0.000,0.000,0.000,0.002,0.000,0.000,0.000,0.000,0.000,0.000,0.000,0.596,0.000,0.000,0.001,0.000,0.000,0.000,0.000,0.000,0.000,0.000,0.000,0.000,0.000,0.001,0.000,0.000,0.000,0.000,0.003,0.000,0.000,0.000,0.000,0.000,0.000,0.000,0.000,0.000,0.000,0.000,0.000,0.000,0.000,0.000,0.000,0.000,0.000,0.000,0.000,0.000,0.000,0.000,0.000,0.000,0.000,0.000,0.000,0.2210,0.0664,0.0217,0.0000,-0.0466,-0.2279,-0.0181,0.1354,0.3205,-0.3627,0.4452,0.0842,-0.1946,-0.1372,0.0765,0.2216,-0.0532,0.0000,-0.0905,0.0652,0.2281,0.0030,-0.0994,0.0041
2291.5,0,0.000,0.000,0.000,0.000,0.000,0.000,0.000,0.000,0.000,0.000,0.000,0.000,0.000,0.000,0.000,0.000,0.000,0.000,0.000,0.000,0.000,0.109,0.000,0.000,0.000,0.000,0.000,0.000,0.000,0.000,0.000,0.000,0.000,0.000,0.000,0.000,0.000,0.000,0.000,0.000,0.001,0.000,0.000,0.000,0.000,0.000,0.000,0.000,0.000,0.000,0.000,0.000,0.000,0.000,0.000,0.000,0.000,0.000,0.000,0.000,0.000,0.000,0.000,0.000,0.000,0.000,0.000,0.000,0.000,0.1957,0.0578,0.0188,0.0000,-0.0595,-0.2225,-0.0283,0.1328,0.3265,-0.3347,0.4712,0.0941,-0.2109,-0.1183,0.0793,0.2248,-0.0439,0.0000,-0.0834,0.0693,0.2157,0.0024,-0.1006,0.0033
2300.0,0,0.000,0.000,0.000,0.000,0.000,0.000,0.000,0.000,0.000,0.000,0.000,0.000,0.000,0.000,0.000,0.000,0.000,0.000,0.000,0.000,0.000,0.020,0.000,0.000,0.000,0.000,0.000,0.000,0.000,0.000,0.000,0.000,0.000,0.000,0.000,0.000,0.000,0.000,0.000,0.000,0.000,0.000,0.000,0.000,0.000,0.000,0.000,0.000,0.000,0.000,0.000,0.000,0.000,0.000,0.000,0.000,0.000,0.000,0.000,0.000,0.000,0.000,0.000,0.000,0.000,0.000,0.000,0.000,0.000,0.1699,0.0494,0.0160,0.0000,-0.0735,-0.2171,-0.0375,0.1258,0.3285,-0.3162,0.5048,0.0991,-0.2288,-0.1005,0.0837,0.2253,-0.0360,0.0000,-0.0746,0.0687,0.1990,0.0020,-0.0962,0.0027
2308.0,0,0.000,0.000,0.000,0.000,0.000,0.000,0.000,0.000,0.000,0.000,0.000,0.000,0.000,0.000,0.000,0.000,0.000,0.000,0.000,0.000,0.000,0.004,0.000,0.000,0.000,0.000,0.000,0.000,0.000,0.000,0.000,0.000,0.000,0.000,0.000,0.000,0.000,0.000,0.000,0.000,0.000,0.000,0.000,0.000,0.000,0.000,0.000,0.000,0.000,0.000,0.000,0.000,0.000,0.000,0.000,0.000,0.000,0.000,0.000,0.000,0.000,0.000,0.000,0.000,0.000,0.000,0.000,0.000,0.000,0.1452,0.0417,0.0135,0.0000,-0.0871,-0.2113,-0.0459,0.1149,0.3240,-0.3047,0.5409,0.0992,-0.2463,-0.0843,0.0876,0.2200,-0.0294,0.0000,-0.0651,0.0646,0.1785,0.0016,-0.0912,0.0021
2316.5,0,0.000,0.000,0.000,0.000,0.000,0.000,0.000,0.000,0.000,0.000,0.000,0.000,0.000,0.000,0.000,0.000,0.000,0.000,0.000,0.000,0.000,0.001,0.000,0.000,0.000,0.000,0.000,0.000,0.000,0.000,0.000,0.000,0.000,0.000,0.000,0.000,0.000,0.000,0.000,0.000,0.000,0.000,0.000,6.703,0.000,0.000,0.000,0.000,0.000,0.000,0.000,0.000,0.000,0.000,0.000,0.000,0.000,0.000,0.000,0.000,0.000,0.000,0.000,0.000,0.000,0.000,0.000,0.000,0.000,0.1203,0.0348,0.0112,0.0000,-0.1000,-0.2032,-0.0542,0.1021,0.3128,-0.3002,0.5742,0.0994,-0.2604,-0.0701,0.0904,0.2141,-0.0238,0.0000,-0.0559,0.0585,0.1565,0.0013,-0.0892,0.0017
2325.0,0,0.000,0.000,0.000,0.000,0.000,0.000,0.000,0.000,0.000,0.000,0.000,0.000,0.000,0.000,0.000,0.000,0.000,0.000,0.000,0.000,0.000,10.653,0.000,0.000,0.000,0.000,0.000,0.000,0.000,0.000,0.000,0.000,0.000,0.000,0.000,0.000,0.000,0.000,0.000,0.000,0.000,0.000,0.000,17.103,0.000,0.000,0.000,0.000,0.000,0.000,0.000,0.000,0.000,0.000,0.000,0.000,0.000,0.000,0.000,0.000,0.000,0.000,0.000,0.000,0.000,0.000,0.000,0.000,0.000,0.0997,0.0288,0.0093,0.0000,-0.1102,-0.1961,-0.0613,0.0888,0.2964,-0.3053,0.6039,0.1007,-0.2700,-0.0667,0.0935,0.2082,-0.0192,0.0000,-0.0473,0.0515,0.1347,0.0010,-0.0843,0.0013
2333.0,0,0.000,0.000,0.000,0.000,0.000,0.000,0.000,0.000,0.000,0.000,0.000,0.000,0.000,0.000,0.000,0.000,0.000,0.000,0.000,0.000,0.000,17.537,0.000,0.000,0.000,0.000,0.000,0.000,0.000,0.000,0.000,0.000,0.000,0.000,0.000,0.000,0.000,0.000,0.000,0.000,0.000,0.000,0.000,22.494,0.000,0.000,0.000,0.000,0.000,0.000,0.000,0.000,0.000,0.000,0.000,0.000,0.000,0.000,0.000,0.000,0.000,0.000,0.000,0.000,0.000,0.000,0.000,0.000,0.000,0.0837,0.0237,0.0076,0.0000,-0.1185,-0.1931,-0.0599,0.0759,0.2769,-0.3195,0.6313,0.1040,-0.2837,-0.0724,0.1012,0.2005,-0.0155,0.0000,-0.0396,0.0445,0.1143,0.0008,-0.0814,0.0034
2341.5,0,0.000,0.000,0.000,0.000,0.000,0.000,0.000,0.000,0.000,0.000,0.000,0.000,0.000,3.329,0.000,0.000,0.000,0.000,0.000,0.000,0.000,39.114,0.000,0.000,7.408,0.000,0.000,0.000,0.000,0.000,0.000,0.000,0.000,0.000,0.000,0.000,0.000,0.000,0.000,0.000,0.000,0.000,0.000,36.102,0.000,0.000,0.000,0.000,0.000,0.000,0.000,0.000,0.000,0.000,0.000,0.000,0.000,0.000,0.000,0.000,0.000,0.000,0.000,0.000,0.000,0.000,0.000,0.000,0.000,0.0795,0.0194,0.0086,0.0000,-0.1215,-0.1939,-0.0483,0.0641,0.2549,-0.3401,0.6613,0.1110,-0.2978,-0.0972,0.1142,0.1936,-0.0124,0.0000,-0.0326,0.0442,0.0959,-0.0037,-0.0667,0.0078
2350.0,0,0.000,0.000,0.000,0.000,0.000,0.000,0.000,6.703,0.000,0.000,0.000,0.000,0.000,6.096,0.000,0.000,0.000,0.000,0.000,0.000,0.000,53.193,0.000,0.000,11.735,0.000,0.000,0.000,0.000,0.000,0.000,0.000,0.000,0.000,0.000,0.000,0.000,0.000,0.000,0.000,0.000,0.000,0.000,31.136,0.000,0.000,0.000,0.000,0.000,0.000,0.000,0.000,0.000,0.000,0.000,0.000,0.000,0.000,0.000,0.000,0.000,0.000,0.000,0.000,0.000,0.000,0.000,0.000,0.000,0.0862,0.0157,0.0126,0.0000,-0.1173,-0.1965,-0.0292,0.0535,0.2314,-0.3690,0.6925,0.1256,-0.3122,-0.1269,0.1357,0.1944,-0.0099,0.0000,-0.0269,0.0499,0.0818,-0.0125,-0.0424,0.0169
2358.0,0,0.000,0.000,0.000,0.000,0.000,0.000,0.000,1.353,0.000,0.000,0.000,0.000,0.000,7.934,0.000,0.000,0.000,0.000,0.000,0.000,0.000,50.578,0.000,0.000,17.516,0.000,0.000,0.000,0.000,0.000,0.000,0.000,0.000,0.000,0.000,0.000,0.000,0.000,0.000,0.000,0.000,0.000,0.000,24.999,0.000,0.000,0.000,0.000,0.000,0.000,0.000,0.000,0.000,0.000,0.000,0.000,0.000,0.000,0.000,0.000,0.000,0.000,0.000,0.000,0.000,0.000,0.000,0.000,0.000,0.1018,0.0127,0.0191,0.0000,-0.1084,-0.1988,-0.0130,0.0463,0.2055,-0.3990,0.7217,0.1491,-0.3272,-0.1637,0.1566,0.1965,-0.0079,0.0000,-0.0221,0.0584,0.0724,-0.0211,-0.0184,0.0277
2366.5,0,0.000,0.000,0.000,0.000,0.000,0.000,0.000,0.247,0.000,0.000,0.000,0.000,0.000,9.637,0.000,0.000,0.000,0.000,0.000,0.000,0.000,46.148,0.000,0.000,20.891,0.000,0.000,0.000,0.000,0.000,0.000,0.000,0.000,0.000,0.000,0.000,0.000,0.000,0.000,0.000,0.000,0.000,0.000,4.567,0.000,0.000,0.000,0.000,0.000,0.000,0.000,0.000,0.000,0.000,0.000,0.000,0.000,0.000,0.000,0.000,0.000,0.000,0.000,0.000,0.000,0.000,0.000,0.000,0.000,0.1257,0.0103,0.0274,0.0000,-0.0969,-0.2002,-0.0104,0.0457,0.1789,-0.4277,0.7478,0.1770,-0.3404,-0.1943,0.1743,0.1980,-0.0063,0.0000,-0.0229,0.0695,0.0699,-0.0258,-0.0052,0.0460
2375.0,0,0.000,0.000,0.000,0.000,0.000,0.000,0.000,0.045,0.000,0.000,0.000,0.000,0.000,1.760,0.000,0.000,0.000,0.000,0.000,0.000,0.000,47.481,0.000,0.000,13.210,0.000,0.000,0.000,0.000,0.000,0.000,0.000,0.000,0.000,0.000,0.000,0.000,0.000,0.000,0.000,0.000,0.000,0.000,0.834,0.000,0.000,0.000,0.000,0.000,0.000,0.000,0.000,0.000,0.000,0.000,0.000,0.000,0.000,0.000,0.000,0.000,0.000,0.000,0.000,0.000,0.000,0.000,0.000,0.000,0.1535,0.0082,0.0318,0.0000,-0.0847,-0.2005,-0.0189,0.0472,0.1532,-0.4540,0.7691,0.2054,-0.3529,-0.2149,0.1896,0.1996,-0.0050,0.0000,-0.0245,0.0816,0.0768,-0.0292,-0.0052,0.0645
2383.0,0,0.000,0.000,0.000,0.000,0.000,0.000,0.000,0.009,0.000,0.000,0.000,0.000,0.000,0.355,0.000,0.000,0.000,0.000,0.000,0.000,0.000,46.710,0.000,0.000,20.099,0.000,0.000,0.000,0.000,0.000,0.000,0.000,0.000,0.000,0.000,0.000,0.000,0.000,0.000,0.000,0.000,0.000,0.000,0.168,0.000,0.000,0.000,0.000,0.000,0.000,0.000,0.000,0.000,0.000,0.000,0.000,0.000,0.000,0.000,0.000,0.000,0.000,0.000,0.000,0.000,0.000,0.000,0.000,0.000,0.1833,0.0066,0.0328,0.0000,-0.0727,-0.1990,-0.0321,0.0484,0.1294,-0.4760,0.7862,0.2326,-0.3620,-0.2258,0.2046,0.2002,-0.0040,0.0000,-0.0279,0.0971,0.0851,-0.0300,-0.0121,0.0842
2391.5,0,0.000,0.000,0.000,0.000,0.000,0.000,0.000,0.002,0.000,0.000,0.000,0.000,0.000,0.065,0.000,0.000,0.000,0.000,0.000,0.000,0.000,45.422,0.000,0.000,17.737,0.000,0.000,0.000,0.000,0.000,0.000,0.000,0.000,0.000,0.000,0.000,0.000,0.000,0.000,0.000,0.000,0.000,0.000,0.031,0.000,0.000,0.000,0.000,0.000,0.000,0.000,0.000,0.000,0.000,0.000,0.000,0.000,0.000,0.000,0.000,0.000,0.000,0.000,0.000,0.000,0.000,0.000,0.000,0.000,0.2109,0.0053,0.0315,0.0000,-0.0616,-0.1973,-0.0439,0.0485,0.1082,-0.4925,0.7980,0.2573,-0.3681,-0.2251,0.2148,0.2033,-0.0031,0.0000,-0.0291,0.1121,0.0920,-0.0287,-0.0240,0.0940
2400.0,0,0.000,0.000,0.000,0.000,0.000,0.000,0.000,0.000,0.000,0.000,0.000,0.000,0.000,0.012,0.000,0.000,0.000,0.000,0.000,0.000,0.000,24.310,0.000,0.000,3.240,0.000,0.000,0.000,0.000,0.000,0.000,0.000,0.000,0.000,0.000,0.000,0.000,0.000,0.000,0.000,0.000,0.000,0.000,0.006,0.000,0.000,0.000,0.000,0.000,0.000,0.000,0.000,0.000,0.000,0.000,0.000,0.000,0.000,0.000,0.000,0.000,0.000,0.000,0.000,0.000,0.000,0.000,0.000,0.000,0.2275,0.0042,0.0289,0.0000,-0.0515,-0.1946,-0.0562,0.0477,0.0897,-0.5024,0.8053,0.2773,-0.3703,-0.2132,0.2214,0.2085,-0.0025,0.0000,-0.0282,0.1216,0.0969,-0.0292,-0.0358,0.0963
2408.0,0,0.000,0.000,0.000,0.000,0.000,0.000,0.000,0.000,0.000,0.000,0.000,0.000,0.000,0.002,0.000,0.000,0.000,0.000,0.000,0.000,0.000,4.908,0.000,0.000,0.654,0.000,0.000,0.000,0.000,0.000,0.000,0.000,0.000,0.000,0.000,0.000,0.000,0.000,0.000,0.000,0.000,0.000,0.000,0.001,0.000,0.000,0.000,0.000,0.000,0.000,0.000,0.000,0.000,0.000,0.000,0.000,0.000,0.000,0.000,0.000,0.000,0.000,0.000,0.000,0.000,0.000,0.000,0.000,0.000,0.2290,0.0033,0.0257,0.0000,-0.0428,-0.1885,-0.0685,0.0449,0.0738,-0.5054,0.8066,0.2914,-0.3720,-0.1944,0.2310,0.2176,-0.0056,0.0000,-0.0211,0.1292,0.1008,-0.0324,-0.0489,0.0925
2416.5,0,0.000,0.000,0.000,0.000,0.000,0.000,0.000,0.000,0.000,0.000,0.000,0.000,0.000,0.000,0.000,0.000,0.000,0.000,0.000,0.000,0.000,0.897,0.000,0.000,0.120,0.000,0.000,0.000,0.000,0.000,0.000,0.000,0.000,0.000,0.000,0.000,0.000,0.000,0.000,0.000,0.000,0.000,0.000,0.000,0.000,0.000,0.000,0.000,0.000,0.000,0.000,0.000,0.000,0.000,0.000,0.000,0.000,0.000,0.000,0.000,0.000,0.000,0.000,0.000,0.000,0.000,0.000,0.000,0.000,0.2183,0.0026,0.0223,0.0000,-0.0352,-0.1816,-0.0813,0.0407,0.0603,-0.5022,0.8055,0.3007,-0.3784,-0.1723,0.2469,0.2291,-0.0132,0.0000,-0.0013,0.1341,0.1012,-0.0414,-0.0640,0.0850
2425.0,0,0.000,0.000,0.000,0.000,0.000,0.000,0.000,0.000,0.000,0.000,0.000,0.000,0.000,0.000,0.000,0.000,0.000,0.000,0.000,0.000,0.000,0.164,0.000,0.000,0.022,0.000,0.000,0.000,0.000,0.000,0.000,0.000,0.000,0.000,0.000,0.000,0.000,0.000,0.000,0.000,0.000,0.000,0.000,0.000,0.000,0.000,0.000,0.000,0.000,0.000,0.000,0.000,0.000,0.000,0.000,0.000,0.000,0.000,0.000,0.000,0.000,0.000,0.000,0.000,0.000,0.000,0.000,0.000,0.000,0.2001,0.0021,0.0191,0.0000,-0.0288,-0.1736,-0.0896,0.0359,0.0490,-0.4963,0.8025,0.3047,-0.3842,-0.1495,0.2677,0.2377,-0.0250,0.0000,0.0202,0.1342,0.1015,-0.0544,-0.0768,0.0757
2433.0,0,0.000,0.000,0.000,0.000,0.000,0.000,0.000,0.000,0.000,0.000,0.000,0.000,0.000,0.000,0.000,0.000,0.000,0.000,0.000,0.000,0.000,0.033,0.000,0.000,0.004,0.000,0.000,0.000,0.000,0.000,0.000,0.000,0.000,0.000,0.000,0.000,0.000,0.000,0.000,0.000,0.000,0.000,0.000,0.000,0.000,0.000,0.000,0.000,0.000,0.000,0.000,0.000,0.000,0.000,0.000,0.000,0.000,0.000,0.000,0.000,0.000,0.000,0.000,0.000,0.000,0.000,0.000,0.000,0.000,0.1782,0.0016,0.0161,0.0000,-0.0234,-0.1650,-0.0969,0.0311,0.0397,-0.4884,0.7983,0.3027,-0.3840,-0.1316,0.2786,0.2401,-0.0326,0.0000,0.0359,0.1300,0.1034,-0.0656,-0.0897,0.0702
2441.5,0,0.000,0.000,0.000,0.000,0.000,0.000,0.000,0.000,0.000,0.000,0.000,0.000,0.000,0.000,0.000,0.000,0.000,0.000,0.000,0.000,0.000,0.006,0.000,0.000,0.001,0.000,0.000,0.000,0.000,0.000,0.000,0.000,0.000,0.000,0.000,0.000,0.000,0.000,0.000,0.000,0.000,0.000,0.000,6.703,0.000,0.000,0.000,0.000,0.000,0.000,0.000,0.000,0.000,0.000,0.000,0.000,0.000,0.000,0.000,0.000,0.000,0.000,0.000,0.000,0.000,0.000,0.000,0.000,0.000,0.1532,0.0013,0.0135,0.0000,-0.0190,-0.1541,-0.1035,0.0265,0.0320,-0.4782,0.7918,0.2961,-0.3761,-0.1222,0.2780,0.2371,-0.0355,0.0000,0.0408,0.1208,0.1030,-0.0746,-0.1012,0.0639
2450.0,0,0.000,0.000,0.000,0.000,0.000,0.000,0.000,0.000,0.000,0.000,0.000,0.000,0.000,0.000,0.000,0.000,0.000,0.000,0.000,0.000,0.000,0.001,0.000,0.000,0.000,0.000,0.000,0.000,0.000,0.000,0.000,0.000,0.000,0.000,0.000,0.000,0.000,0.000,0.000,0.000,0.000,0.000,0.000,1.225,0.000,0.000,0.000,0.000,0.000,0.000,0.000,0.000,0.000,0.000,0.000,0.000,0.000,0.000,0.000,0.000,0.000,0.000,0.000,0.000,0.000,0.000,0.000,0.000,0.000,0.1282,0.0010,0.0112,0.0000,-0.0153,-0.1417,-0.1073,0.0223,0.0257,-0.4566,0.7810,0.2892,-0.3604,-0.1237,0.2694,0.2318,-0.0352,0.0000,0.0398,0.1086,0.1072,-0.0820,-0.1105,0.0567
2458.0,0,0.000,0.000,0.000,0.000,0.000,0.000,0.000,0.000,0.000,0.000,0.000,0.000,0.000,0.000,0.000,0.000,0.000,0.000,0.000,0.000,0.000,0.000,0.000,0.000,0.000,0.000,0.000,0.000,0.000,0.000,0.000,0.000,0.000,0.000,0.000,0.000,0.000,0.000,0.000,0.000,0.000,0.000,0.000,0.247,0.000,0.000,0.000,0.000,0.000,0.000,0.000,0.000,0.000,0.000,0.000,0.000,0.000,0.000,0.000,0.000,0.000,0.000,0.000,0.000,0.000,0.000,0.000,0.000,0.000,0.1065,0.0008,0.0092,0.0000,-0.0123,-0.1295,-0.1087,0.0185,0.0206,-0.4249,0.7645,0.2817,-0.3384,-0.1352,0.2541,0.2260,-0.0329,0.0000,0.0410,0.0953,0.1088,-0.0885,-0.1183,0.0492
2466.5,0,0.000,0.000,0.000,0.000,0.000,0.000,0.000,0.000,0.000,0.000,0.000,0.000,0.000,0.000,0.000,0.000,0.000,0.000,0.000,0.000,0.000,0.000,0.000,0.000,0.000,0.000,0.000,0.000,0.000,0.000,0.000,0.000,0.000,0.000,0.000,0.000,0.000,0.000,0.000,0.000,0.000,0.000,0.000,0.045,0.000,0.000,0.000,0.000,0.000,0.000,0.000,0.000,0.000,0.000,0.000,0.000,0.000,0.000,0.000,0.000,0.000,0.000,0.000,0.000,0.000,0.000,0.000,0.000,0.000,0.0882,0.0006,0.0075,0.0000,-0.0098,-0.1185,-0.1086,0.0153,0.0164,-0.3842,0.7450,0.2745,-0.3128,-0.1507,0.2371,0.2220,-0.0297,0.0000,0.0377,0.0821,0.1073,-0.0908,-0.1243,0.0421
2475.0,0,0.000,0.000,0.000,0.000,0.000,0.000,0.000,0.000,0.000,0.000,0.000,0.000,0.000,0.000,0.000,0.000,0.000,0.000,0.000,0.000,0.000,11.514,0.000,0.000,0.000,0.000,0.000,0.000,0.000,0.000,0.000,0.000,0.000,0.000,0.000,0.000,0.000,0.000,0.000,0.000,0.000,0.000,0.000,0.008,0.000,0.000,0.000,0.000,0.000,0.000,0.000,0.000,0.000,0.000,0.000,0.000,0.000,0.000,0.000,0.000,0.000,0.000,0.000,0.000,0.000,0.000,0.000,0.000,0.000,0.0792,0.0005,0.0061,0.0000,-0.0079,-0.1085,-0.1078,0.0126,0.0131,-0.3412,0.7271,0.2655,-0.2847,-0.1625,0.2150,0.2176,-0.0261,0.0000,0.0312,0.0697,0.1061,-0.0889,-0.1288,0.0355
2483.0,0,0.000,0.000,0.000,0.000,0.000,0.000,0.000,0.000,0.000,0.000,0.000,0.000,0.000,0.000,0.000,0.000,0.000,0.000,0.000,0.000,0.000,7.291,0.000,0.000,0.000,0.000,0.000,0.000,0.000,0.000,0.000,0.000,0.000,0.000,0.000,0.000,0.000,0.000,0.000,0.000,0.000,0.000,0.000,0.002,0.000,0.000,0.000,0.000,0.000,0.000,0.000,0.000,0.000,0.000,0.000,0.000,0.000,0.000,0.000,0.000,0.000,0.000,0.000,0.000,0.000,0.000,0.000,0.000,0.000,0.0741,0.0004,0.0049,0.0000,-0.0063,-0.0973,-0.1045,0.0102,0.0104,-0.2973,0.7130,0.2544,-0.2539,-0.1648,0.1918,0.2158,-0.0225,0.0000,0.0270,0.0584,0.1007,-0.0863,-0.1326,0.0296
2491.5,0,0.000,0.000,0.000,0.000,0.000,0.000,0.000,0.000,0.000,0.000,0.000,0.000,0.000,0.000,0.000,0.000,0.000,0.000,0.000,0.000,0.000,19.286,0.000,0.000,0.000,0.000,0.000,0.000,0.000,0.000,0.000,0.000,0.000,0.000,0.000,0.000,0.000,0.000,0.000,0.000,0.000,0.000,0.000,0.000,0.000,0.000,0.000,0.000,0.000,0.000,0.000,0.000,0.000,0.000,0.000,0.000,0.000,0.000,0.000,0.000,0.000,0.000,0.000,0.000,0.000,0.000,0.000,0.000,0.000,0.0761,0.0003,0.0040,0.0000,-0.0050,-0.0852,-0.1026,0.0083,0.0082,-0.2581,0.7049,0.2404,-0.2225,-0.1590,0.1708,0.2126,-0.0191,0.0000,0.0268,0.0486,0.0920,-0.0805,-0.1336,0.0245
2500.0,0,0.000,0.000,0.000,0.000,0.000,0.000,0.000,0.000,0.000,0.000,0.000,0.000,0.000,0.000,0.000,0.000,0.000,0.000,0.000,0.000,0.000,25.281,0.000,0.000,4.966,0.000,0.000,0.000,0.000,0.000,0.000,0.000,0.000,0.000,0.000,0.000,0.000,0.000,0.000,0.000,0.000,0.000,0.000,0.000,0.000,0.000,0.000,0.000,0.000,0.000,0.000,0.000,0.000,0.000,0.000,0.000,0.000,0.000,0.000,0.000,0.000,0.000,0.000,0.000,0.000,0.000,0.000,0.000,0.000,0.0866,0.0002,0.0032,0.0000,-0.0065,-0.0800,-0.0725,0.0067,0.0065,-0.2361,0.7016,0.2207,-0.1909,-0.1469,0.1496,0.2069,-0.0161,0.0000,0.0260,0.0401,0.0863,-0.0726,-0.1323,0.0202
2508.0,0,0.000,0.000,0.000,0.000,0.000,0.000,0.000,0.000,0.000,0.000,0.000,0.000,0.000,0.000,0.000,0.000,0.000,0.000,0.000,0.000,0.000,35.409,0.000,0.000,4.015,0.000,0.000,0.000,0.000,0.000,0.000,0.000,0.000,0.000,0.000,0.000,0.000,0.000,0.000,0.000,0.000,0.000,0.000,0.000,0.000,0.000,0.000,0.000,0.000,0.000,0.000,0.000,0.000,0.000,0.000,0.000,0.000,0.000,0.000,0.000,0.000,0.000,0.000,0.000,0.000,0.000,0.000,0.000,0.000,0.1025,0.0002,0.0025,0.0000,-0.0127,-0.0791,-0.0306,0.0054,0.0051,-0.2217,0.7028,0.1972,-0.1594,-0.1315,0.1334,0.1955,-0.0134,0.0000,0.0241,0.0328,0.0791,-0.0655,-0.1278,0.0165
2516.5,0,0.000,0.000,0.000,0.000,0.000,0.000,0.000,0.000,0.000,0.000,0.000,0.000,0.000,0.000,0.000,0.000,0.000,0.000,0.000,0.000,0.000,24.987,0.000,0.000,4.412,0.000,0.000,0.000,0.000,0.000,0.000,0.000,0.000,0.000,0.000,0.000,0.000,0.000,0.000,0.000,0.000,0.000,0.000,0.000,0.000,0.000,0.000,0.000,0.000,0.000,0.000,0.000,0.000,0.000,0.000,0.000,0.000,0.000,0.000,0.000,0.000,0.000,0.000,0.000,0.000,0.000,0.000,0.000,0.000,0.1188,0.0001,0.0020,0.0000,-0.0222,-0.0806,0.0082,0.0043,0.0040,-0.2034,0.6983,0.1724,-0.1302,-0.1150,0.1203,0.1787,-0.0110,0.0000,0.0217,0.0267,0.0741,-0.0578,-0.1212,0.0134
2525.0,0,0.000,0.000,0.000,0.000,0.000,0.000,0.000,0.000,0.000,0.000,0.000,0.000,0.000,0.000,0.000,0.000,0.000,0.000,0.000,0.000,0.000,18.662,0.000,0.000,0.806,0.000,0.000,0.000,0.000,0.000,0.000,0.000,0.000,0.000,0.000,0.000,0.000,0.000,0.000,0.000,0.000,0.000,0.000,0.000,0.000,0.000,0.000,0.000,0.000,0.000,0.000,0.000,0.000,0.000,0.000,0.000,0.000,0.000,0.000,0.000,0.000,0.000,0.000,0.000,0.000,0.000,0.000,0.000,0.000,0.1306,0.0001,0.0016,0.0000,-0.0279,-0.0827,0.0317,0.0035,0.0032,-0.1816,0.6835,0.1482,-0.1048,-0.0987,0.1147,0.1623,-0.0090,0.0000,0.0190,0.0217,0.0716,-0.0501,-0.1111,0.0108
2533.0,0,0.000,0.000,0.000,0.000,0.000,0.000,0.000,0.000,0.000,0.000,0.000,0.000,0.000,0.000,0.000,0.000,0.000,0.000,0.000,0.000,0.000,3.768,0.000,0.000,0.163,0.000,0.000,0.000,0.000,0.000,0.000,0.000,0.000,0.000,0.000,0.000,0.000,0.000,0.000,0.000,0.000,0.000,0.000,0.000,0.000,0.000,0.000,0.000,0.000,0.000,0.000,0.000,0.000,0.000,0.000,0.000,0.000,0.000,0.000,0.000,0.000,0.000,0.000,0.000,0.000,0.000,0.000,0.000,0.000,0.1327,0.0001,0.0013,0.0000,-0.0351,-0.0859,0.0436,0.0028,0.0043,-0.1586,0.6565,0.1256,-0.0834,-0.0836,0.1126,0.1482,-0.0074,0.0000,0.0142,0.0175,0.0672,-0.0428,-0.1005,0.0087
2541.5,0,0.000,0.000,0.000,0.000,0.000,0.000,0.000,0.000,0.000,0.000,0.000,0.000,0.000,0.000,0.000,0.000,0.000,0.000,0.000,0.000,0.000,2.920,0.000,0.000,0.030,0.000,0.000,0.000,0.000,0.000,0.000,0.000,0.000,0.000,0.000,0.000,0.000,0.000,0.000,0.000,0.000,0.000,0.000,0.000,0.000,0.000,0.000,0.000,0.000,0.000,0.000,0.000,0.000,0.000,0.000,0.000,0.000,0.000,0.000,0.000,0.000,0.000,0.000,0.000,0.000,0.000,0.000,0.000,0.000,0.1283,0.0001,0.0010,0.0000,-0.0446,-0.0896,0.0480,0.0050,0.0080,-0.1361,0.6148,0.1052,-0.0658,-0.0700,0.1154,0.1385,-0.0060,0.0000,0.0102,0.0141,0.0624,-0.0360,-0.0876,0.0070
2550.0,0,0.000,0.000,0.000,0.000,0.000,0.000,0.000,0.000,0.000,0.000,0.000,0.000,0.000,0.000,0.000,0.000,0.000,0.000,0.000,0.000,0.000,0.533,0.000,0.000,0.005,0.000,0.000,0.000,0.000,0.000,0.000,0.000,0.000,0.000,0.000,0.000,0.000,0.000,0.000,0.000,0.000,0.000,0.000,0.000,0.000,0.000,0.000,0.000,0.000,0.000,0.000,0.000,0.000,0.000,0.000,0.000,0.000,0.000,0.000,0.000,0.000,0.000,0.000,0.000,0.000,0.000,0.000,0.000,0.000,0.1187,0.0001,0.0008,0.0000,-0.0563,-0.0946,0.0517,0.0090,0.0169,-0.1152,0.5633,0.0874,-0.0597,-0.0581,0.1204,0.1319,-0.0048,0.0000,0.0039,0.0113,0.0563,-0.0300,-0.0697,0.0056
2558.0,0,0.000,0.000,0.000,0.000,0.000,0.000,0.000,0.000,0.000,0.000,0.000,0.000,0.000,0.000,0.000,0.000,0.000,0.000,0.000,0.000,0.000,0.108,0.000,0.000,0.001,0.000,0.000,0.000,0.000,0.000,0.000,0.000,0.000,0.000,0.000,0.000,0.000,0.000,0.000,0.000,0.000,0.000,0.000,0.000,0.000,0.000,0.000,0.000,0.000,0.000,0.000,0.000,0.000,0.000,0.000,0.000,0.000,0.000,0.000,0.000,0.000,0.000,0.000,0.000,0.000,0.000,0.000,0.000,0.000,0.1064,0.0000,0.0006,0.0000,-0.0755,-0.0971,0.0636,0.0152,0.0302,-0.0965,0.5091,0.0720,-0.0600,-0.0478,0.1249,0.1277,-0.0039,0.0000,-0.0039,0.0090,0.0495,-0.0248,-0.0546,0.0045
2566.5,0,0.000,0.000,0.000,0.000,0.000,0.000,0.000,0.000,0.000,0.000,0.000,0.000,0.000,0.000,0.000,0.000,0.000,0.000,0.000,0.000,0.000,0.020,0.000,0.000,0.000,0.000,0.000,0.000,0.000,0.000,0.000,0.000,0.000,0.000,0.000,0.000,0.000,0.000,0.000,0.000,0.000,0.000,0.000,0.000,0.000,0.000,0.000,0.000,0.000,0.000,0.000,0.000,0.000,0.000,0.000,0.000,0.000,0.000,0.000,0.000,0.000,0.000,0.000,0.000,0.000,0.000,0.000,0.000,0.000,0.0931,0.0000,0.0005,0.0000,-0.1002,-0.0966,0.0695,0.0188,0.0449,-0.0800,0.4552,0.0589,-0.0714,-0.0391,0.1283,0.1254,-0.0031,0.0000,-0.0111,0.0072,0.0428,-0.0204,-0.0458,0.0036
2575.0,0,0.000,0.000,0.000,0.000,0.000,0.000,0.000,0.000,0.000,0.000,0.000,0.000,0.000,0.000,0.000,0.000,0.000,0.000,0.000,0.000,0.000,0.004,0.000,0.000,0.000,0.000,0.000,0.000,0.000,0.000,0.000,0.000,0.000,0.000,0.000,0.000,0.000,0.000,0.000,0.000,0.000,0.000,0.000,0.000,0.000,0.000,0.000,0.000,0.000,0.000,0.000,0.000,0.000,0.000,0.000,0.000,0.000,0.000,0.000,0.000,0.000,0.000,0.000,0.000,0.000,0.000,0.000,0.000,0.000,0.0800,0.0000,0.0004,0.0000,-0.1244,-0.0915,0.0693,0.0235,0.0634,-0.0659,0.3994,0.0480,-0.0959,-0.0318,0.1265,0.1208,-0.0025,0.0000,-0.0213,0.0057,0.0364,-0.0166,-0.0419,0.0028
2583.0,0,0.000,0.000,0.000,0.000,0.000,0.000,0.000,0.000,0.000,0.000,0.000,0.000,0.000,0.000,0.000,0.000,0.000,0.000,0.000,0.000,0.000,0.001,0.000,0.000,0.000,0.000,0.000,0.000,0.000,0.000,0.000,0.000,0.000,0.000,0.000,0.000,0.000,0.000,0.000,0.000,0.000,0.000,0.000,0.000,0.000,0.000,0.000,0.000,0.000,0.000,0.000,0.000,0.000,0.000,0.000,0.000,0.000,0.000,0.000,0.000,0.000,0.000,0.000,0.000,0.000,0.000,0.000,0.000,0.000,0.0678,0.0000,0.0003,0.0000,-0.1499,-0.0883,0.0652,0.0279,0.0814,-0.0539,0.3445,0.0389,-0.1221,-0.0301,0.1205,0.1154,-0.0020,0.0000,-0.0277,0.0045,0.0306,-0.0135,-0.0415,0.0022
2591.5,0,0.000,0.000,0.000,0.000,0.000,0.000,0.000,0.000,0.000,0.000,0.000,0.000,0.000,0.000,0.000,0.000,0.000,0.000,0.000,0.000,0.000,0.000,0.000,0.000,0.000,0.000,0.000,0.000,0.000,0.000,0.000,0.000,0.000,0.000,0.000,0.000,0.000,0.000,0.000,0.000,0.000,0.000,0.000,0.000,0.000,0.000,0.000,0.000,0.000,0.000,0.000,0.000,0.000,0.000,0.000,0.000,0.000,0.000,0.000,0.000,0.000,0.000,0.000,0.000,0.000,0.000,0.000,0.000,0.000,0.0568,0.0000,0.0002,0.0000,-0.1766,-0.0886,0.0660,0.0310,0.1035,-0.0439,0.2920,0.0314,-0.1562,-0.0308,0.1189,0.1127,-0.0016,0.0000,-0.0359,0.0036,0.0254,-0.0109,-0.0461,0.0041
2600.0,0,0.000,0.000,0.000,0.000,0.000,0.000,0.000,0.000,0.000,0.000,0.000,0.000,0.000,0.000,0.000,0.000,0.000,0.000,0.000,0.000,0.000,22.362,0.000,0.000,0.000,0.000,0.000,0.000,0.000,0.000,0.000,0.000,0.000,0.000,0.000,0.000,0.000,0.000,0.000,0.000,0.000,0.000,0.000,10.420,0.000,0.000,0.000,0.000,0.000,0.000,0.000,0.000,0.000,0.000,0.000,0.000,0.000,0.000,0.000,0.000,0.000,0.000,0.000,0.000,0.000,0.000,0.000,0.000,0.000,0.0542,0.0000,0.0002,0.0000,-0.2007,-0.0940,0.0775,0.0343,0.1289,-0.0355,0.2440,0.0252,-0.1919,-0.0377,0.1280,0.1197,-0.0012,0.0000,-0.0351,0.0028,0.0210,-0.0180,-0.0533,0.0096
2608.0,0,0.000,0.000,0.000,0.000,0.000,0.000,0.000,0.000,0.000,0.000,0.000,0.000,0.000,0.000,0.000,0.000,0.000,0.000,0.000,0.000,0.000,33.537,0.000,0.000,18.791,0.000,9.048,0.000,0.000,0.000,0.000,0.000,0.000,0.000,0.000,0.000,0.000,0.000,0.000,0.000,0.000,0.000,0.000,21.498,0.000,0.000,0.000,0.000,0.000,0.000,0.000,0.000,0.000,0.000,0.000,0.000,0.000,0.000,0.000,0.000,0.000,0.000,0.000,0.000,0.000,0.000,0.000,0.000,0.000,0.0641,0.0000,0.0001,0.0000,-0.2203,-0.1023,0.0906,0.0349,0.1570,-0.0286,0.1927,0.0202,-0.2169,-0.0480,0.1427,0.1326,-0.0010,0.0000,-0.0302,0.0022,0.0290,-0.0319,-0.0646,0.0132
2616.5,0,0.000,0.000,0.000,0.000,0.000,0.000,0.000,6.703,0.000,0.000,0.000,0.000,0.000,0.000,0.000,0.000,0.000,0.000,0.000,0.000,0.000,42.729,0.000,0.000,11.933,0.000,8.356,0.000,0.000,0.000,0.000,0.000,0.000,0.000,0.000,11.514,0.000,0.000,0.000,0.000,7.408,0.000,0.000,7.993,0.000,0.000,0.000,0.000,0.000,0.000,0.000,0.000,0.000,0.000,0.000,0.000,0.000,0.000,0.000,0.000,0.000,0.000,0.000,0.000,0.000,0.000,0.000,0.000,0.000,0.0816,0.0112,0.0001,0.0000,-0.2293,-0.1106,0.0929,0.0367,0.1867,-0.0230,0.1420,0.0161,-0.2285,-0.0576,0.1555,0.1491,0.0018,0.0000,-0.0274,0.0018,0.0474,-0.0509,-0.0775,0.0148
2625.0,0,0.000,0.000,0.000,0.000,0.000,0.000,0.000,7.928,0.000,0.000,0.000,9.048,0.000,0.000,0.000,0.000,0.000,0.000,0.000,0.000,0.000,37.728,0.000,0.000,17.313,0.000,7.015,0.000,0.000,0.000,0.000,0.000,0.000,0.000,0.000,6.597,0.000,0.000,0.000,0.000,5.419,0.000,0.000,1.460,0.000,0.000,0.000,0.000,0.000,0.000,0.000,0.000,0.000,0.000,0.000,0.000,0.000,0.000,0.000,0.000,0.000,0.000,0.000,0.000,0.000,0.000,0.000,0.000,0.000,0.1071,0.0247,0.0001,0.0000,-0.2290,-0.1186,0.0827,0.0397,0.2135,-0.0184,0.0933,0.0128,-0.2292,-0.0627,0.1610,0.1609,0.0038,0.0000,-0.0307,0.0014,0.0696,-0.0722,-0.0906,0.0148
2633.0,0,0.000,0.000,0.000,0.000,0.000,0.000,0.000,6.566,0.000,0.000,0.000,1.827,0.000,0.000,0.000,0.000,0.000,0.000,0.000,0.000,0.000,44.840,0.000,0.000,12.889,0.000,1.416,0.000,0.000,0.000,0.000,0.000,0.000,0.000,0.000,1.332,0.000,0.000,0.000,0.000,3.560,0.000,0.000,0.295,0.000,0.000,0.000,0.000,0.000,0.000,0.000,0.000,0.000,0.000,0.000,0.000,0.000,0.000,0.000,0.000,0.000,0.000,0.000,0.000,0.000,0.000,0.000,0.000,0.000,0.1360,0.0346,0.0001,0.0000,-0.2180,-0.1269,0.0717,0.0426,0.2385,-0.0111,0.0488,0.0102,-0.2225,-0.0627,0.1630,0.1679,0.0048,0.0000,-0.0391,0.0011,0.0906,-0.0929,-0.1030,0.0140
2641.5,0,0.000,0.000,0.000,0.000,0.000,0.000,0.000,6.165,0.000,0.000,0.000,0.334,0.000,2.231,0.000,0.000,0.000,0.000,0.000,0.000,0.000,54.239,0.000,0.000,9.079,0.000,2.490,0.000,0.000,0.000,0.000,0.000,0.000,0.000,0.000,0.243,0.000,0.000,0.000,0.000,2.669,0.000,0.000,0.054,0.000,0.000,0.000,0.000,0.000,0.000,0.000,0.000,0.000,0.000,0.000,0.000,0.000,0.000,0.000,0.000,0.000,0.000,0.000,0.000,0.000,0.000,0.000,0.000,0.000,0.1642,0.0403,0.0017,0.0000,-0.1997,-0.1321,0.0568,0.0470,0.2611,-0.0054,0.0084,0.0081,-0.2121,-0.0591,0.1566,0.1754,0.0052,0.0000,-0.0494,0.0008,0.1030,-0.1114,-0.1144,0.0127
2650.0,0,0.000,0.000,0.000,0.000,0.000,0.000,0.000,1.126,0.000,0.000,0.000,0.061,0.000,0.408,0.000,0.000,0.000,0.000,0.000,0.000,0.000,53.937,0.000,0.000,8.643,0.000,0.455,0.000,0.000,0.000,0.000,0.000,0.000,0.000,0.000,0.044,0.000,0.000,0.000,0.000,0.488,0.000,0.000,0.010,0.000,0.000,0.000,0.000,0.000,0.000,0.000,0.000,0.000,0.000,0.000,0.000,0.000,0.000,0.000,0.000,0.000,0.000,0.000,0.000,0.000,0.000,0.000,0.000,0.000,0.1898,0.0416,0.0028,0.0000,-0.1826,-0.1355,0.0409,0.0557,0.2806,-0.0054,-0.0287,0.0064,-0.1998,-0.0466,0.1457,0.1788,0.0050,0.0000,-0.0563,0.0007,0.1097,-0.1255,-0.1245,0.0112
2658.0,0,0.000,0.000,0.000,0.000,0.000,0.000,0.000,0.227,0.000,0.000,0.000,0.012,0.000,0.082,0.000,0.000,0.000,0.000,0.000,0.000,0.000,33.646,0.000,0.000,4.470,0.000,0.092,0.000,0.000,0.000,0.000,0.000,0.000,0.000,0.000,0.009,0.000,0.000,0.000,0.000,0.098,0.000,0.000,0.002,0.000,0.000,0.000,0.000,0.000,0.000,0.000,0.000,0.000,0.000,0.000,0.000,0.000,0.000,0.000,0.000,0.000,0.000,0.000,0.000,0.000,0.000,0.000,0.000,0.000,0.2082,0.0400,0.0034,0.0000,-0.1634,-0.1319,0.0259,0.0658,0.2968,-0.0058,-0.0618,0.0051,-0.1860,-0.0251,0.1312,0.1783,0.0047,0.0000,-0.0579,0.0005,0.1137,-0.1348,-0.1331,0.0130
2666.5,0,0.000,0.000,0.000,0.000,0.000,0.000,0.000,0.042,0.000,0.000,0.000,0.002,0.000,0.015,0.000,0.000,0.000,0.000,0.000,0.000,0.000,18.548,0.000,0.000,0.817,0.000,0.017,0.000,0.000,0.000,0.000,0.000,0.000,0.000,0.000,0.002,0.000,0.000,0.000,0.000,0.018,0.000,0.000,0.000,0.000,0.000,0.000,0.000,0.000,0.000,0.000,0.000,0.000,0.000,0.000,0.000,0.000,0.000,0.000,0.000,0.000,0.000,0.000,0.000,0.000,0.000,0.000,0.000,0.000,0.2164,0.0368,0.0035,0.0000,-0.1431,-0.1225,0.0150,0.0749,0.3102,-0.0059,-0.0902,0.0040,-0.1728,0.0019,0.1207,0.1801,0.0042,0.0000,-0.0555,0.0004,0.1135,-0.1415,-0.1395,0.0217
2675.0,0,0.000,0.000,0.000,0.000,0.000,0.000,0.000,0.008,0.000,0.000,0.000,0.000,0.000,0.003,0.000,0.000,0.000,0.000,0.000,0.000,0.000,17.756,0.000,0.000,0.149,0.000,0.003,0.000,0.000,0.000,0.000,0.000,0.000,0.000,0.000,0.000,0.000,0.000,0.000,0.000,0.003,0.000,0.000,0.000,0.000,0.000,0.000,0.000,0.000,0.000,0.000,0.000,0.000,0.000,0.000,0.000,0.000,0.000,0.000,0.000,0.000,0.000,0.000,0.000,0.000,0.000,0.000,0.000,0.000,0.2174,0.0327,0.0034,0.0000,-0.1290,-0.1159,-0.0009,0.0800,0.3228,-0.0080,-0.1176,0.0031,-0.1617,0.0203,0.1155,0.1844,0.0037,0.0000,-0.0526,0.0003,0.1104,-0.1443,-0.1435,0.0342
2683.0,0,0.000,0.000,0.000,0.000,0.000,0.000,0.000,0.002,0.000,0.000,0.000,0.000,0.000,0.001,0.000,0.000,0.000,0.000,0.000,0.000,0.000,11.017,0.000,0.000,0.030,0.000,10.001,0.000,0.000,0.000,0.000,0.000,0.000,0.000,0.000,0.000,0.000,0.000,0.000,0.000,0.001,0.000,0.000,0.000,0.000,0.000,0.000,0.000,0.000,0.000,0.000,0.000,0.000,0.000,0.000,0.000,0.000,0.000,0.000,0.000,0.000,0.000,0.000,0.000,0.000,0.000,0.000,0.000,0.000,0.2118,0.0285,0.0031,0.0000,-0.1170,-0.1068,-0.0194,0.0793,0.3342,-0.0117,-0.1427,0.0025,-0.1529,0.0304,0.1108,0.1874,0.0032,0.0000,-0.0530,0.0002,0.1030,-0.1455,-0.1457,0.0487
2691.5,0,0.000,0.000,0.000,0.000,0.000,0.000,0.000,0.000,0.000,0.000,0.000,0.000,0.000,0.000,0.000,0.000,0.000,0.000,0.000,0.000,0.000,5.341,0.000,0.000,0.006,0.000,21.221,0.000,0.000,0.000,0.000,0.000,0.000,0.000,0.000,0.000,0.000,0.000,0.000,0.000,0.000,0.000,0.000,8.187,0.000,0.000,0.000,0.000,0.000,0.000,0.000,0.000,0.000,0.000,0.000,0.000,0.000,0.000,0.000,0.000,0.000,0.000,0.000,0.000,0.000,0.000,0.000,0.000,0.000,0.1977,0.0244,0.0028,0.0000,-0.1086,-0.0985,-0.0375,0.0744,0.3456,-0.0160,-0.1688,0.0019,-0.1466,0.0345,0.1169,0.1871,0.0027,0.0000,-0.0432,0.0049,0.0930,-0.1454,-0.1485,0.0615
2700.0,0,0.000,0.000,0.000,0.000,0.000,0.000,0.000,0.000,0.000,0.000,0.000,0.000,0.000,0.000,0.000,0.000,0.000,0.000,0.000,0.000,0.000,0.976,0.000,0.000,0.001,0.000,14.964,0.000,0.000,0.000,0.000,0.000,0.000,0.000,0.000,0.000,0.000,0.000,0.000,0.000,0.000,0.000,0.000,16.122,0.000,0.000,0.000,0.000,0.000,0.000,0.000,0.000,0.000,0.000,0.000,0.000,0.000,0.000,0.000,0.000,0.000,0.000,0.000,0.000,0.000,0.000,0.000,0.000,0.000,0.1736,0.0206,0.0024,0.0000,-0.0987,-0.0887,-0.0533,0.0673,0.3554,-0.0181,-0.1918,0.0015,-0.1418,0.0349,0.1234,0.1894,0.0022,0.0000,-0.0329,0.0082,0.0818,-0.1436,-0.1491,0.0670
2708.0,0,0.000,0.000,0.000,0.000,0.000,0.000,0.000,0.000,0.000,0.000,0.000,0.000,0.000,0.000,0.000,0.000,0.000,0.000,0.000,0.000,0.000,3.876,0.000,0.000,0.000,0.000,7.087,0.000,0.000,0.000,0.000,0.000,0.000,0.000,0.000,0.000,0.000,0.000,0.000,0.000,0.000,0.000,0.000,27.244,0.000,0.000,0.000,0.000,0.000,0.000,0.000,0.000,0.000,0.000,0.000,0.000,0.000,0.000,0.000,0.000,0.000,0.000,0.000,0.000,0.000,0.000,0.000,0.000,0.000,0.1451,0.0172,0.0021,0.0000,-0.0875,-0.0780,-0.0694,0.0593,0.3640,-0.0183,-0.2109,0.0012,-0.1341,0.0226,0.1255,0.1936,0.0019,0.0000,-0.0241,0.0099,0.0666,-0.1412,-0.1453,0.0666
2716.5,0,0.000,0.000,0.000,0.000,0.000,0.000,0.000,0.000,0.000,0.000,0.000,0.000,0.000,0.000,0.000,0.000,0.000,0.000,0.000,0.000,0.000,13.720,0.000,0.000,0.000,0.000,5.788,0.000,0.000,0.000,0.000,0.000,0.000,0.000,0.000,0.000,0.000,0.000,0.000,0.000,0.000,0.000,0.000,31.796,0.000,0.000,0.000,0.000,0.000,0.000,0.000,0.000,0.000,0.000,0.000,0.000,0.000,0.000,0.000,0.000,0.000,0.000,0.000,0.000,0.000,0.000,0.000,0.000,0.000,0.1197,0.0143,0.0017,0.0000,-0.0759,-0.0673,-0.0853,0.0512,0.3704,-0.0174,-0.2254,0.0009,-0.1206,0.0016,0.1252,0.1957,0.0015,0.0000,-0.0134,0.0103,0.0586,-0.1389,-0.1373,0.0626
2725.0,0,0.000,0.000,0.000,0.000,0.000,0.000,0.000,0.000,0.000,0.000,0.000,0.000,0.000,0.000,0.000,0.000,0.000,0.000,0.000,0.000,0.000,9.915,0.000,0.000,0.000,0.000,1.057,0.000,0.000,0.000,0.000,0.000,0.000,0.000,0.000,0.000,0.000,0.000,0.000,0.000,0.000,0.000,0.000,28.294,0.000,0.000,0.000,0.000,0.000,0.000,0.000,0.000,0.000,0.000,0.000,0.000,0.000,0.000,0.000,0.000,0.000,0.000,0.000,0.000,0.000,0.000,0.000,0.000,0.000,0.0969,0.0117,0.0015,0.0000,-0.0649,-0.0572,-0.0992,0.0436,0.3734,-0.0159,-0.2308,0.0007,-0.1032,-0.0234,0.1191,0.1960,0.0013,0.0000,-0.0038,0.0123,0.0562,-0.1338,-0.1286,0.0656
2733.0,0,0.000,0.000,0.000,0.000,0.000,0.000,0.000,0.000,0.000,0.000,0.000,0.000,0.000,0.000,0.000,0.000,0.000,0.000,0.000,0.000,0.000,25.924,0.000,0.000,0.000,0.000,0.213,0.000,0.000,0.000,0.000,0.000,0.000,0.000,0.000,0.000,0.000,0.000,0.000,0.000,0.000,0.000,0.000,25.533,0.000,0.000,0.000,0.000,0.000,0.000,0.000,0.000,0.000,0.000,0.000,0.000,0.000,0.000,0.000,0.000,0.000,0.000,0.000,0.000,0.000,0.000,0.000,0.000,0.000,0.0830,0.0096,0.0012,0.0000,-0.0547,-0.0502,-0.1056,0.0417,0.3719,-0.0140,-0.2318,0.0006,-0.0853,-0.0491,0.1127,0.2007,0.0010,-0.0055,0.0074,0.0177,0.0619,-0.1307,-0.1220,0.0706
2741.5,0,0.000,0.000,0.000,0.000,0.000,0.000,0.000,0.000,0.000,0.000,0.000,0.000,0.000,0.000,0.000,0.000,0.000,0.000,0.000,0.000,0.000,31.598,0.000,0.000,8.187,0.000,0.039,0.000,0.000,0.000,0.000,0.000,0.000,0.000,0.000,0.000,0.000,0.000,0.000,0.000,0.000,0.000,0.000,17.899,0.000,0.000,0.000,0.000,0.000,0.000,0.000,0.000,0.000,0.000,0.000,0.000,0.000,0.000,0.000,0.000,0.000,0.000,0.000,0.000,0.000,0.000,0.000,0.000,0.000,0.0827,0.0078,0.0010,0.0000,-0.0457,-0.0457,-0.1085,0.0392,0.3663,-0.0122,-0.2304,0.0004,-0.0688,-0.0700,0.1033,0.2026,0.0008,-0.0146,0.0271,0.0248,0.0701,-0.1274,-0.1173,0.0839
2750.0,0,0.000,0.000,0.000,0.000,0.000,0.000,0.000,0.000,0.000,0.000,0.000,0.000,0.000,0.000,0.000,0.000,0.000,0.000,0.000,0.000,0.000,37.026,0.000,0.000,16.462,0.000,0.007,0.000,0.000,0.000,0.000,0.000,0.000,0.000,0.000,0.000,0.000,0.000,0.000,0.000,0.000,0.000,0.000,24.683,0.000,0.000,0.000,0.000,0.000,0.000,0.000,0.000,0.000,0.000,0.000,0.000,0.000,0.000,0.000,0.000,0.000,0.000,0.000,0.000,0.000,0.000,0.000,0.000,0.000,0.0937,0.0063,0.0008,0.0000,-0.0378,-0.0434,-0.1022,0.0380,0.3571,-0.0104,-0.2268,0.0003,-0.0546,-0.0840,0.0973,0.1996,0.0007,-0.0268,0.0515,0.0343,0.0807,-0.1227,-0.1098,0.0937
2758.0,0,0.000,0.000,0.000,0.000,0.000,0.000,0.000,0.000,0.000,0.000,0.000,0.000,0.000,0.000,0.000,0.000,0.000,0.000,0.000,0.000,0.000,46.875,0.000,0.000,14.797,0.000,0.001,0.000,0.000,0.000,0.000,0.000,0.000,0.000,0.000,0.000,0.000,0.000,0.000,0.000,0.000,0.000,0.000,15.365,0.000,0.000,0.000,0.000,0.000,0.000,0.000,0.000,0.000,0.000,0.000,0.000,0.000,0.000,0.000,0.000,0.000,0.000,0.000,0.000,0.000,0.000,0.000,0.000,0.000,0.1117,0.0051,0.0007,0.0000,-0.0310,-0.0402,-0.0837,0.0357,0.3459,-0.0121,-0.2106,0.0003,-0.0428,-0.0886,0.0896,0.1928,0.0005,-0.0364,0.0736,0.0427,0.0897,-0.1160,-0.0993,0.1006
2766.5,0,0.000,0.000,0.000,0.000,0.000,0.000,0.000,0.000,0.000,0.000,0.000,0.000,0.000,0.000,0.000,0.000,0.000,0.000,0.000,0.000,0.000,57.541,0.000,0.000,22.289,0.000,0.000,0.000,0.000,0.000,0.000,0.000,0.000,0.000,0.000,0.000,0.000,0.000,0.000,0.000,0.000,0.000,0.000,15.420,0.000,0.000,0.000,0.000,0.000,0.000,0.000,0.000,0.000,0.000,0.000,0.000,0.000,0.000,0.000,0.000,0.000,0.000,0.000,0.000,0.000,0.000,0.000,0.000,0.000,0.1361,0.0041,0.0005,0.0000,-0.0290,-0.0361,-0.0331,0.0323,0.3304,-0.0288,-0.1738,0.0002,-0.0333,-0.0864,0.0802,0.1817,0.0004,-0.0406,0.0869,0.0460,0.0990,-0.1079,-0.0907,0.1001
2775.0,0,0.000,0.000,0.000,0.000,0.000,0.000,0.000,0.000,0.000,0.000,0.000,0.000,0.000,0.000,0.000,0.000,0.000,0.000,0.000,0.000,0.000,58.544,0.000,0.000,29.234,0.000,0.000,0.000,0.000,0.000,0.000,0.000,0.000,0.000,0.000,0.000,0.000,0.000,0.000,0.000,0.000,0.000,0.000,13.653,0.000,0.000,0.000,0.000,0.000,0.000,0.000,0.000,0.000,0.000,0.000,0.000,0.000,0.000,0.000,0.000,0.000,0.000,0.000,0.000,0.000,0.000,0.000,0.000,0.000,0.1637,0.0033,0.0004,0.0000,-0.0338,-0.0362,0.0319,0.0285,0.3167,-0.0596,-0.1166,0.0002,-0.0308,-0.0801,0.0701,0.1676,0.0003,-0.0408,0.0886,0.0455,0.1039,-0.0975,-0.0848,0.0943
2783.0,0,0.000,0.000,0.000,0.000,0.000,0.000,0.000,0.000,0.000,0.000,0.000,0.000,0.000,0.000,0.000,0.000,0.000,0.000,0.000,0.000,0.000,53.389,0.000,0.000,15.934,0.000,0.000,0.000,0.000,0.000,0.000,0.000,0.000,0.000,0.000,0.000,0.000,0.000,0.000,0.000,0.000,0.000,0.000,5.482,0.000,0.000,0.000,0.000,0.000,0.000,0.000,0.000,0.000,0.000,0.000,0.000,0.000,0.000,0.000,0.000,0.000,0.000,0.000,0.000,0.000,0.000,0.000,0.000,0.000,0.1897,0.0026,0.0003,0.0000,-0.0408,-0.0397,0.0865,0.0247,0.2989,-0.1000,-0.0565,0.0001,-0.0405,-0.0719,0.0602,0.1530,0.0003,-0.0386,0.0818,0.0472,0.1078,-0.0858,-0.0811,0.0856
2791.5,0,0.000,0.000,0.000,0.000,0.000,0.000,0.000,0.000,0.000,0.000,0.000,0.000,0.000,0.000,0.000,0.000,0.000,0.000,0.000,0.000,0.000,47.115,0.000,0.000,13.044,0.000,0.000,0.000,0.000,0.000,0.000,0.000,0.000,0.000,0.000,0.000,0.000,0.000,0.000,0.000,0.000,0.000,0.000,1.001,0.000,0.000,0.000,0.000,0.000,0.000,0.000,0.000,0.000,0.000,0.000,0.000,0.000,0.000,0.000,0.000,0.000,0.000,0.000,0.000,0.000,0.000,0.000,0.000,0.000,0.2134,0.0021,0.0003,0.0000,-0.0528,-0.0484,0.1227,0.0210,0.2782,-0.1453,-0.0035,0.0001,-0.0592,-0.0629,0.0510,0.1404,0.0002,-0.0350,0.0712,0.0500,0.1114,-0.0741,-0.0819,0.0755
2800.0,0,0.000,0.000,0.000,0.000,0.000,0.000,0.000,0.000,0.000,0.000,0.000,0.000,0.000,0.000,0.000,0.000,0.000,0.000,0.000,0.000,0.000,35.988,0.000,0.000,6.449,0.000,0.000,0.000,0.000,0.000,0.000,0.000,0.000,0.000,0.000,0.000,0.000,0.000,0.000,0.000,0.000,0.000,0.000,0.183,0.000,0.000,0.000,0.000,0.000,0.000,0.000,0.000,0.000,0.000,0.000,0.000,0.000,0.000,0.000,0.000,0.000,0.000,0.000,0.000,0.000,0.000,0.000,0.000,0.000,0.2314,0.0016,0.0002,0.0000,-0.0686,-0.0600,0.1424,0.0177,0.2573,-0.1896,0.0399,0.0001,-0.0851,-0.0540,0.0450,0.1301,0.0002,-0.0309,0.0599,0.0552,0.1186,-0.0631,-0.0861,0.0653
2808.0,0,0.000,0.000,0.000,0.000,0.000,0.000,0.000,0.000,0.000,0.000,0.000,0.000,0.000,0.000,0.000,0.000,0.000,0.000,0.000,0.000,0.000,24.727,0.000,0.000,1.302,0.000,0.000,0.000,0.000,0.000,0.000,0.000,0.000,0.000,0.000,0.000,0.000,0.000,0.000,0.000,0.000,0.000,0.000,0.037,0.000,0.000,0.000,0.000,0.000,0.000,0.000,0.000,0.000,0.000,0.000,0.000,0.000,0.000,0.000,0.000,0.000,0.000,0.000,0.000,0.000,0.000,0.000,0.000,0.000,0.2406,0.0013,0.0002,0.0000,-0.0847,-0.0704,0.1403,0.0147,0.2362,-0.2277,0.0682,0.0001,-0.1127,-0.0458,0.0451,0.1214,0.0001,-0.0268,0.0477,0.0628,0.1234,-0.0530,-0.0910,0.0556
2816.5,0,0.000,0.000,0.000,0.000,0.000,0.000,0.000,0.000,0.000,0.000,0.000,0.000,0.000,0.000,0.000,0.000,0.000,0.000,0.000,0.000,0.000,32.761,0.000,0.000,0.238,0.000,0.000,0.000,0.000,0.000,0.000,0.000,0.000,0.000,0.000,0.000,0.000,0.000,0.000,0.000,0.000,0.000,0.000,0.007,0.000,0.000,0.000,0.000,0.000,0.000,0.000,0.000,0.000,0.000,0.000,0.000,0.000,0.000,0.000,0.000,0.000,0.000,0.000,0.000,0.000,0.000,0.000,0.000,0.000,0.2443,0.0010,0.0001,0.0000,-0.1059,-0.0826,0.1357,0.0122,0.2158,-0.2623,0.0962,0.0000,-0.1398,-0.0383,0.0475,0.1130,0.0001,-0.0228,0.0346,0.0717,0.1295,-0.0441,-0.0974,0.0468
2825.0,0,0.000,0.000,0.000,0.000,0.000,0.000,0.000,0.000,0.000,0.000,0.000,0.000,0.000,10.000,0.000,0.000,0.000,0.000,0.000,0.000,0.000,49.492,0.000,0.000,13.158,0.000,0.000,0.000,0.000,0.000,0.000,0.000,0.000,0.000,0.000,0.000,0.000,0.000,0.000,0.000,0.000,0.000,0.000,13.494,0.000,0.000,0.000,0.000,0.000,0.000,0.000,0.000,0.000,0.000,0.000,0.000,0.000,0.000,0.000,0.000,0.000,0.000,0.000,0.000,0.000,0.000,0.000,0.000,0.000,0.2492,0.0008,0.0060,0.0000,-0.1339,-0.0972,0.1413,0.0100,0.1979,-0.2938,0.1290,0.0000,-0.1724,-0.0318,0.0616,0.1157,0.0001,-0.0192,0.0187,0.0780,0.1346,-0.0364,-0.1054,0.0390
2833.0,0,0.000,0.000,0.000,0.000,0.000,0.000,0.000,0.000,0.000,0.000,0.000,0.000,0.000,2.019,0.000,0.000,0.000,0.000,0.000,0.000,0.000,41.092,0.000,0.000,17.150,0.000,0.000,0.000,0.000,0.000,0.000,0.000,0.000,0.000,0.000,0.000,0.000,0.000,0.000,0.000,0.000,0.000,0.000,18.732,0.000,0.000,0.000,0.000,0.000,0.000,0.000,0.000,0.000,0.000,0.000,0.000,0.000,0.000,0.000,0.000,0.000,0.000,0.000,0.000,0.000,0.000,0.000,0.000,0.000,0.2521,0.0006,0.0105,0.0000,-0.1599,-0.1121,0.1378,0.0115,0.1827,-0.3158,0.1516,0.0000,-0.2117,-0.0361,0.0789,0.1249,-0.0092,-0.0160,0.0021,0.0835,0.1453,-0.0299,-0.1136,0.0322
2841.5,0,0.000,0.000,0.000,0.000,0.000,0.000,0.000,0.000,0.000,0.000,0.000,0.000,0.000,0.369,0.000,0.000,0.000,0.000,0.000,0.000,0.000,50.024,0.000,0.000,14.220,0.000,0.000,0.000,0.000,0.000,0.000,0.000,0.000,0.000,0.000,0.000,0.000,0.000,0.000,0.000,0.000,0.000,0.000,13.454,0.000,0.000,0.000,0.000,0.000,0.000,0.000,0.000,0.000,0.000,0.000,0.000,0.000,0.000,0.000,0.000,0.000,0.000,0.000,0.000,0.000,0.000,0.000,0.000,0.000,0.2548,0.0005,0.0127,0.0000,-0.1793,-0.1265,0.1210,0.0124,0.1679,-0.3235,0.1440,0.0000,-0.2445,-0.0482,0.0986,0.1336,-0.0210,-0.0132,-0.0151,0.0859,0.1607,-0.0244,-0.1209,0.0264
2850.0,0,0.000,0.000,0.000,0.000,0.000,0.000,0.000,0.000,0.000,0.000,0.000,0.000,0.000,9.116,0.000,0.000,0.000,0.000,0.000,0.000,0.000,43.167,0.000,0.000,11.388,0.000,0.000,0.000,0.000,0.000,0.000,0.000,0.000,0.000,0.000,0.000,0.000,0.000,0.000,0.000,0.000,0.000,0.000,6.137,0.000,0.000,0.000,0.000,0.000,0.000,0.000,0.000,0.000,0.000,0.000,0.000,0.000,0.000,0.000,0.000,0.000,0.000,0.000,0.000,0.000,0.000,0.000,0.000,0.000,0.2579,0.0004,0.0187,0.0000,-0.1907,-0.1395,0.0949,0.0169,0.1526,-0.3149,0.1132,0.0000,-0.2643,-0.0652,0.1127,0.1407,-0.0282,-0.0108,-0.0300,0.0833,0.1770,-0.0198,-0.1269,0.0216
2858.0,0,0.000,0.000,0.000,0.000,0.000,0.000,0.000,0.000,0.000,0.000,0.000,0.000,0.000,1.840,0.000,0.000,0.000,0.000,0.000,0.000,0.000,42.734,0.000,0.000,5.628,0.000,0.000,0.000,0.000,0.000,0.000,0.000,0.000,0.000,0.000,0.000,0.000,0.000,0.000,0.000,0.000,0.000,0.000,1.239,0.000,0.000,0.000,0.000,0.000,0.000,0.000,0.000,0.000,0.000,0.000,0.000,0.000,0.000,0.000,0.000,0.000,0.000,0.000,0.000,0.000,0.000,0.000,0.000,0.000,0.2609,0.0003,0.0225,0.0000,-0.1932,-0.1558,0.0651,0.0246,0.1373,-0.2935,0.0721,0.0000,-0.2716,-0.0845,0.1191,0.1489,-0.0311,-0.0088,-0.0460,0.0771,0.1933,-0.0160,-0.1324,0.0175
2866.5,0,0.000,0.000,0.000,0.000,0.000,0.000,0.000,0.000,0.000,0.000,0.000,0.000,0.000,9.385,0.000,0.000,0.000,0.000,0.000,0.000,0.000,40.324,0.000,0.000,3.753,0.000,0.000,0.000,0.000,0.000,0.000,0.000,0.000,0.000,0.000,0.000,0.000,0.000,0.000,0.000,0.000,0.000,0.000,0.226,0.000,0.000,0.000,0.000,0.000,0.000,0.000,0.000,0.000,0.000,0.000,0.000,0.000,0.000,0.000,0.000,0.000,0.000,0.000,0.000,0.000,0.000,0.000,0.000,0.000,0.2634,0.0002,0.0289,0.0000,-0.1870,-0.1697,0.0281,0.0319,0.1281,-0.2646,0.0308,0.0000,-0.2676,-0.1034,0.1212,0.1596,-0.0309,-0.0072,-0.0598,0.0691,0.2085,-0.0128,-0.1373,0.0141
2875.0,0,0.000,0.000,0.000,0.000,0.000,0.000,0.000,0.000,0.000,0.000,0.000,0.000,0.000,1.714,0.000,0.000,0.000,0.000,0.000,0.000,0.000,33.147,0.000,0.000,8.094,0.000,0.000,0.000,0.000,0.000,0.000,0.000,0.000,0.000,0.000,0.000,0.000,0.000,0.000,0.000,0.000,0.000,0.000,0.041,0.000,0.000,0.000,0.000,0.000,0.000,0.000,0.000,0.000,0.000,0.000,0.000,0.000,0.000,0.000,0.000,0.000,0.000,0.000,0.000,0.000,0.000,0.000,0.000,0.000,0.2661,0.0002,0.0321,0.0000,-0.1749,-0.1809,-0.0052,0.0400,0.1219,-0.2327,-0.0070,0.0000,-0.2530,-0.1163,0.1239,0.1679,-0.0291,-0.0058,-0.0703,0.0604,0.2209,-0.0103,-0.1413,0.0114
2883.0,0,0.000,0.000,0.000,0.000,0.000,0.000,0.000,0.000,0.000,0.000,0.000,0.000,0.000,0.346,0.000,0.000,0.000,0.000,0.000,0.000,0.000,23.837,0.000,0.000,1.634,0.000,0.000,0.000,0.000,0.000,0.000,0.000,0.000,0.000,0.000,0.000,0.000,0.000,0.000,0.000,0.000,0.000,0.000,0.008,0.000,0.000,0.000,0.000,0.000,0.000,0.000,0.000,0.000,0.000,0.000,0.000,0.000,0.000,0.000,0.000,0.000,0.000,0.000,0.000,0.000,0.000,0.000,0.000,0.000,0.2640,0.0001,0.0324,0.0000,-0.1632,-0.1880,-0.0324,0.0501,0.1148,-0.2008,-0.0388,0.0000,-0.2330,-0.1192,0.1282,0.1776,-0.0263,-0.0047,-0.0760,0.0519,0.2327,-0.0082,-0.1431,0.0091
2891.5,0,0.000,0.000,0.000,0.000,0.000,0.000,0.000,0.000,0.000,0.000,0.000,0.000,0.000,0.063,0.000,0.000,0.000,0.000,0.000,0.000,0.000,14.229,0.000,0.000,0.299,0.000,0.000,0.000,0.000,0.000,0.000,0.000,0.000,0.000,0.000,0.000,0.000,0.000,0.000,0.000,0.000,0.000,0.000,0.002,0.000,0.000,0.000,0.000,0.000,0.000,0.000,0.000,0.000,0.000,0.000,0.000,0.000,0.000,0.000,0.000,0.000,0.000,0.000,0.000,0.000,0.000,0.000,0.000,0.000,0.2557,0.0001,0.0307,0.0000,-0.1550,-0.1867,-0.0482,0.0578,0.1102,-0.1708,-0.0633,0.0000,-0.2105,-0.1144,0.1325,0.1842,-0.0231,-0.0037,-0.0756,0.0439,0.2383,-0.0066,-0.1429,0.0088
2900.0,0,0.000,0.000,0.000,0.000,0.000,0.000,0.000,0.000,0.000,0.000,0.000,0.000,0.000,0.012,0.000,0.000,0.000,0.000,0.000,0.000,0.000,2.599,0.000,0.000,0.055,0.000,0.000,0.000,0.000,0.000,0.000,0.000,0.000,0.000,0.000,0.000,0.000,0.000,0.000,0.000,0.000,0.000,0.000,0.000,0.000,0.000,0.000,0.000,0.000,0.000,0.000,0.000,0.000,0.000,0.000,0.000,0.000,0.000,0.000,0.000,0.000,0.000,0.000,0.000,0.000,0.000,0.000,0.000,0.000,0.2387,0.0001,0.0279,0.0000,-0.1523,-0.1778,-0.0550,0.0618,0.1125,-0.1435,-0.0817,0.0000,-0.1880,-0.1050,0.1367,0.1933,-0.0200,-0.0030,-0.0712,0.0368,0.2387,-0.0052,-0.1387,0.0104
2908.0,0,0.000,0.000,0.000,0.000,0.000,0.000,0.000,0.000,0.000,0.000,0.000,0.000,0.000,0.002,0.000,0.000,0.000,0.000,0.000,0.000,0.000,0.525,0.000,0.000,0.011,0.000,0.000,0.000,0.000,0.000,0.000,0.000,0.000,0.000,0.000,0.000,0.000,0.000,0.000,0.000,0.000,0.000,0.000,0.000,0.000,0.000,0.000,0.000,0.000,0.000,0.000,0.000,0.000,0.000,0.000,0.000,0.000,0.000,0.000,0.000,0.000,0.000,0.000,0.000,0.000,0.000,0.000,0.000,0.000,0.2159,0.0001,0.0246,0.0000,-0.1601,-0.1688,-0.0626,0.0612,0.1193,-0.1194,-0.0947,0.0000,-0.1695,-0.0935,0.1385,0.2031,-0.0170,-0.0024,-0.0645,0.0306,0.2335,-0.0041,-0.1317,0.0113
2916.5,0,0.000,0.000,0.000,0.000,0.000,0.000,0.000,0.000,0.000,0.000,0.000,0.000,0.000,0.000,0.000,0.000,0.000,0.000,0.000,0.000,0.000,0.096,0.000,0.000,0.002,0.000,0.000,0.000,0.000,0.000,0.000,0.000,0.000,0.000,0.000,0.000,0.000,0.000,0.000,0.000,0.000,0.000,0.000,0.000,0.000,0.000,0.000,0.000,0.000,0.000,0.000,0.000,0.000,0.000,0.000,0.000,0.000,0.000,0.000,0.000,0.000,0.000,0.000,0.000,0.000,0.000,0.000,0.000,0.000,0.1905,0.0001,0.0213,0.0000,-0.1769,-0.1615,-0.0717,0.0574,0.1304,-0.0986,-0.1042,0.0000,-0.1591,-0.0814,0.1405,0.2086,-0.0143,-0.0019,-0.0568,0.0252,0.2195,-0.0033,-0.1207,0.0112
2925.0,0,0.000,0.000,0.000,0.000,0.000,0.000,0.000,0.000,0.000,0.000,0.000,0.000,0.000,0.000,0.000,0.000,0.000,0.000,0.000,0.000,0.000,20.355,0.000,0.000,0.000,0.000,0.000,0.000,0.000,0.000,0.000,0.000,0.000,0.000,0.000,0.000,0.000,0.000,0.000,0.000,0.000,0.000,0.000,0.000,0.000,0.000,0.000,0.000,0.000,0.000,0.000,0.000,0.000,0.000,0.000,0.000,0.000,0.000,0.000,0.000,0.000,0.000,0.000,0.000,0.000,0.000,0.000,0.000,0.000,0.1741,0.0000,0.0182,0.0000,-0.2026,-0.1586,-0.0536,0.0518,0.1449,-0.0855,-0.1124,0.0000,-0.1783,-0.0756,0.1631,0.2078,-0.0119,-0.0015,-0.0471,0.0206,0.2013,-0.0026,-0.1137,0.0106
2933.0,0,0.000,0.000,0.000,0.000,0.000,0.000,0.000,0.000,0.000,0.000,0.000,0.000,0.000,0.000,0.000,0.000,0.000,0.000,0.000,0.000,0.000,33.275,0.000,0.000,0.000,0.000,0.000,0.000,0.000,0.000,0.000,0.000,0.000,0.000,0.000,0.000,0.000,0.000,0.000,0.000,0.000,0.000,0.000,7.408,0.000,0.000,0.000,0.000,0.000,0.000,0.000,0.000,0.000,0.000,0.000,0.000,0.000,0.000,0.000,0.000,0.000,0.000,0.000,0.000,0.000,0.000,0.000,0.000,0.000,0.1642,0.0000,0.0153,0.0000,-0.2310,-0.1605,-0.0148,0.0456,0.1601,-0.0833,-0.1182,0.0000,-0.2163,-0.0692,0.2005,0.2030,-0.0098,0.0099,-0.0499,0.0168,0.1798,0.0041,-0.1165,0.0095
2941.5,0,0.000,0.000,0.000,0.000,0.000,0.000,0.000,0.000,0.000,0.000,0.000,0.000,0.000,0.000,0.000,0.000,0.000,0.000,0.000,0.000,0.000,36.876,0.000,0.000,0.000,0.000,0.000,0.000,0.000,0.000,0.000,0.000,0.000,0.000,0.000,0.000,0.000,0.000,0.000,0.000,0.000,0.000,0.000,10.144,0.000,0.000,0.000,0.000,0.000,0.000,0.000,0.000,0.000,0.000,0.000,0.000,0.000,0.000,0.000,0.000,0.000,0.000,0.000,0.000,0.000,0.000,0.000,0.000,0.000,0.1574,0.0000,0.0128,0.0000,-0.2548,-0.1653,0.0213,0.0394,0.1727,-0.1006,-0.1231,0.0000,-0.2545,-0.0700,0.2344,0.1995,-0.0080,0.0201,-0.0556,0.0136,0.1571,0.0151,-0.1182,0.0084
2950.0,0,0.000,0.000,0.000,0.000,0.000,0.000,0.000,0.000,0.000,0.000,0.000,0.000,0.000,2.466,0.000,0.000,0.000,0.000,0.000,0.000,0.000,40.498,0.000,0.000,0.000,0.000,0.000,0.000,0.000,0.000,0.000,0.000,0.000,0.000,0.000,0.000,0.000,0.000,0.000,0.000,0.000,0.000,0.000,19.285,0.000,0.000,0.000,0.000,0.000,0.000,0.000,0.000,0.000,0.000,0.000,0.000,0.000,0.000,0.000,0.000,0.000,0.000,0.000,0.000,0.000,0.000,0.000,0.000,0.000,0.1519,0.0000,0.0123,0.0000,-0.2677,-0.1721,0.0525,0.0335,0.1826,-0.1249,-0.1242,0.0000,-0.2828,-0.0843,0.2556,0.1944,-0.0065,0.0257,-0.0687,0.0109,0.1349,0.0221,-0.1177,0.0073
2958.0,0,0.000,0.000,0.000,0.000,0.000,0.000,0.000,6.065,0.000,0.000,0.000,0.000,0.000,8.685,0.000,0.000,0.000,0.000,0.000,0.000,0.000,59.836,0.000,0.000,0.000,0.000,0.000,0.000,0.000,0.000,0.000,0.000,0.000,0.000,0.000,0.000,0.000,0.000,0.000,0.000,0.000,0.000,0.000,20.375,0.000,0.000,0.000,0.000,0.000,0.000,0.000,0.000,0.000,0.000,0.000,0.000,0.000,0.000,0.000,0.000,0.000,0.000,0.000,0.000,0.000,0.000,0.000,0.000,0.000,0.1490,0.0000,0.0166,0.0000,-0.2686,-0.1811,0.0894,0.0318,0.1959,-0.1540,-0.1163,0.0000,-0.3004,-0.1063,0.2630,0.1906,-0.0053,0.0275,-0.0842,0.0088,0.1168,0.0278,-0.1160,0.0062
2966.5,0,0.000,0.000,0.000,0.000,0.000,0.000,0.000,10.823,0.000,0.000,0.000,0.000,0.000,9.774,0.000,0.000,0.000,0.000,0.000,0.000,0.000,75.498,0.000,0.000,14.912,0.000,0.000,0.000,0.000,0.000,0.000,0.000,0.000,0.000,0.000,4.493,0.000,0.000,0.000,0.000,8.187,0.000,0.000,22.435,0.000,0.000,0.000,0.000,0.000,0.000,0.000,0.000,0.000,0.000,0.000,0.000,0.000,0.000,0.000,0.000,0.000,0.000,0.000,0.000,0.000,0.000,0.000,0.000,0.000,0.1563,0.0081,0.0239,0.0000,-0.2600,-0.1910,0.1275,0.0297,0.2133,-0.1865,-0.0961,0.0000,-0.3109,-0.1347,0.2609,0.1936,-0.0043,0.0270,-0.0987,0.0070,0.1041,0.0300,-0.1122,0.0163
2975.0,0,0.000,0.000,0.000,0.000,0.000,0.000,0.000,14.989,0.000,0.000,0.000,0.000,0.000,8.489,0.000,0.000,0.000,0.000,0.000,0.000,0.000,67.972,0.000,0.000,18.130,0.000,0.000,0.000,0.000,0.000,0.000,0.000,0.000,0.000,0.000,13.198,0.000,0.000,0.000,0.000,14.223,0.000,0.000,12.889,0.000,0.000,0.000,0.000,0.000,0.000,0.000,0.000,0.000,0.000,0.000,0.000,0.000,0.000,0.000,0.000,0.000,0.000,0.000,0.000,0.000,0.000,0.000,0.000,0.000,0.1707,0.0270,0.0319,0.0000,-0.2420,-0.2004,0.1576,0.0302,0.2308,-0.2168,-0.0823,0.0000,-0.3190,-0.1627,0.2511,0.2027,-0.0034,0.0251,-0.1122,0.0056,0.0993,0.0295,-0.1090,0.0352
2983.0,0,0.000,0.000,0.000,0.000,0.000,0.000,0.000,3.026,0.000,0.000,0.000,0.000,0.000,7.779,0.000,0.000,0.000,0.000,0.000,0.000,0.000,70.469,0.000,0.000,19.826,0.000,0.000,0.000,0.000,0.000,0.000,0.000,0.000,0.000,0.000,8.730,0.000,0.000,0.000,0.000,10.280,0.000,0.000,2.602,0.000,0.000,0.000,0.000,0.000,0.000,0.000,0.000,0.000,0.000,0.000,0.000,0.000,0.000,0.000,0.000,0.000,0.000,0.000,0.000,0.000,0.000,0.000,0.000,0.000,0.1919,0.0474,0.0394,0.0000,-0.2181,-0.2075,0.1733,0.0357,0.2474,-0.2354,-0.0777,0.0000,-0.3270,-0.1878,0.2356,0.2160,-0.0028,0.0225,-0.1246,0.0045,0.0982,0.0276,-0.1055,0.0617
2991.5,0,0.000,0.000,0.000,0.000,0.000,0.000,0.000,0.553,0.000,0.000,0.000,0.000,0.000,8.829,0.000,0.000,0.000,0.000,0.000,0.000,0.000,56.204,0.000,0.000,11.054,0.000,0.000,0.000,0.000,0.000,0.000,0.000,0.000,0.000,0.000,1.595,0.000,0.000,0.000,0.000,1.878,0.000,0.000,0.475,0.000,0.000,0.000,0.000,0.000,0.000,0.000,0.000,0.000,0.000,0.000,0.000,0.000,0.000,0.000,0.000,0.000,0.000,0.000,0.000,0.000,0.000,0.000,0.000,0.000,0.2135,0.0589,0.0467,0.0000,-0.1919,-0.2110,0.1726,0.0461,0.2618,-0.2435,-0.0818,0.0000,-0.3401,-0.2054,0.2256,0.2335,-0.0022,0.0198,-0.1355,0.0036,0.0975,0.0249,-0.0985,0.0928
3000.0,0,0.000,0.000,0.000,0.000,0.000,0.000,0.000,0.101,0.000,0.000,0.000,0.000,0.000,1.613,0.000,0.000,0.000,0.000,0.000,0.000,0.000,36.072,0.000,0.000,2.019,0.000,0.000,0.000,0.000,0.000,0.000,0.000,0.000,0.000,0.000,0.291,0.000,0.000,0.000,0.000,0.343,0.000,0.000,0.087,0.000,0.000,0.000,0.000,0.000,0.000,0.000,0.000,0.000,0.000,0.000,0.000,0.000,0.000,0.000,0.000,0.000,0.000,0.000,0.000,0.000,0.000,0.000,0.000,0.000,0.2281,0.0626,0.0494,0.0000,-0.1656,-0.2113,0.1590,0.0578,0.2736,-0.2397,-0.0930,0.0000,-0.3542,-0.2136,0.2169,0.2494,-0.0018,0.0170,-0.1411,0.0044,0.0974,0.0218,-0.0867,0.1264
3008.0,0,0.000,0.000,0.000,0.000,0.000,0.000,0.000,0.020,0.000,0.000,0.000,0.000,0.000,0.326,0.000,0.000,0.000,0.000,0.000,0.000,0.000,29.188,0.000,0.000,0.408,0.000,0.000,0.000,0.000,0.000,0.000,0.000,0.000,0.000,0.000,0.059,0.000,0.000,0.000,0.000,0.069,0.000,0.000,0.018,0.000,0.000,0.000,0.000,0.000,0.000,0.000,0.000,0.000,0.000,0.000,0.000,0.000,0.000,0.000,0.000,0.000,0.000,0.000,0.000,0.000,0.000,0.000,0.000,0.000,0.2356,0.0611,0.0483,0.0000,-0.1409,-0.2105,0.1403,0.0710,0.2846,-0.2310,-0.1074,0.0040,-0.3670,-0.2101,0.2018,0.2624,-0.0014,0.0144,-0.1411,0.0106,0.0959,0.0188,-0.0784,0.1592
3016.5,0,0.000,0.000,0.000,0.000,0.000,0.000,0.000,0.004,0.000,0.000,0.000,0.000,0.000,0.059,0.000,0.000,0.000,0.000,0.000,0.000,0.000,19.959,0.000,0.000,0.074,0.000,0.000,0.000,0.000,0.000,0.000,0.000,0.000,0.000,0.000,0.011,0.000,0.000,0.000,0.000,0.013,0.000,0.000,0.003,0.000,0.000,0.000,0.000,0.000,0.000,0.000,0.000,0.000,0.000,0.000,0.000,0.000,0.000,0.000,0.000,0.000,0.000,0.000,0.000,0.000,0.000,0.000,0.000,0.000,0.2360,0.0567,0.0448,0.0000,-0.1184,-0.2086,0.1242,0.0831,0.2949,-0.2184,-0.1223,0.0105,-0.3771,-0.1968,0.1818,0.2725,-0.0011,0.0121,-0.1341,0.0179,0.0932,0.0160,-0.0699,0.1873
3025.0,0,0.000,0.000,0.000,0.000,0.000,0.000,0.000,0.001,0.000,0.000,0.000,0.000,0.000,0.011,0.000,0.000,0.000,0.000,0.000,0.000,0.000,7.325,0.000,0.000,0.014,0.000,0.000,0.000,0.000,0.000,0.000,0.000,0.000,0.000,0.000,0.002,0.000,0.000,0.000,0.000,0.002,0.000,0.000,0.001,0.000,0.000,0.000,0.000,0.000,0.000,0.000,0.000,0.000,0.000,0.000,0.000,0.000,0.000,0.000,0.000,0.000,0.000,0.000,0.000,0.000,0.000,0.000,0.000,0.000,0.2278,0.0509,0.0402,0.0000,-0.0986,-0.2040,0.1021,0.0914,0.3046,-0.2027,-0.1384,0.0147,-0.3825,-0.1780,0.1597,0.2804,-0.0009,0.0100,-0.1225,0.0219,0.0931,0.0134,-0.0611,0.2081
3033.0,0,0.000,0.000,0.000,0.000,0.000,0.000,0.000,0.000,0.000,0.000,0.000,0.000,0.000,0.002,0.000,0.000,0.000,0.000,0.000,0.000,0.000,1.479,0.000,0.000,0.003,0.000,0.000,0.000,0.000,0.000,0.000,0.000,0.000,0.000,0.000,0.000,0.000,0.000,0.000,0.000,0.000,0.000,0.000,0.000,0.000,0.000,0.000,0.000,0.000,0.000,0.000,0.000,0.000,0.000,0.000,0.000,0.000,0.000,0.000,0.000,0.000,0.000,0.000,0.000,0.000,0.000,0.000,0.000,0.000,0.2115,0.0445,0.0352,0.0000,-0.0814,-0.1985,0.0815,0.0946,0.3118,-0.1887,-0.1548,0.0164,-0.3806,-0.1568,0.1377,0.2818,-0.0007,0.0083,-0.1087,0.0231,0.0894,0.0111,-0.0525,0.2190
3041.5,0,0.000,0.000,0.000,0.000,0.000,0.000,0.000,0.000,0.000,0.000,0.000,0.000,0.000,0.000,0.000,0.000,0.000,0.000,0.000,0.000,0.000,0.270,0.000,0.000,0.001,0.000,0.000,0.000,0.000,0.000,0.000,0.000,0.000,0.000,0.000,0.000,0.000,0.000,0.000,0.000,0.000,0.000,0.000,0.000,0.000,0.000,0.000,0.000,0.000,0.000,0.000,0.000,0.000,0.000,0.000,0.000,0.000,0.000,0.000,0.000,0.000,0.000,0.000,0.000,0.000,0.000,0.000,0.000,0.000,0.1903,0.0383,0.0303,0.0000,-0.0667,-0.1884,0.0646,0.0945,0.3150,-0.1714,-0.1613,0.0164,-0.3712,-0.1354,0.1170,0.2776,-0.0005,0.0068,-0.0945,0.0225,0.0844,0.0092,-0.0445,0.2179
3050.0,0,0.000,0.000,0.000,0.000,0.000,0.000,0.000,0.000,0.000,0.000,0.000,0.000,0.000,0.000,0.000,0.000,0.000,0.000,0.000,0.000,0.000,0.049,0.000,0.000,0.000,0.000,0.000,0.000,0.000,0.000,0.000,0.000,0.000,0.000,0.000,0.000,0.000,0.000,0.000,0.000,0.000,0.000,0.000,0.000,0.000,0.000,0.000,0.000,0.000,0.000,0.000,0.000,0.000,0.000,0.000,0.000,0.000,0.000,0.000,0.000,0.000,0.000,0.000,0.000,0.000,0.000,0.000,0.000,0.000,0.1672,0.0324,0.0257,0.0000,-0.0578,-0.1748,0.0510,0.0897,0.3154,-0.1517,-0.1587,0.0155,-0.3571,-0.1152,0.0982,0.2693,-0.0004,0.0055,-0.0807,0.0209,0.0770,0.0075,-0.0373,0.2083
3058.0,0,0.000,0.000,0.000,0.000,0.000,0.000,0.000,0.000,0.000,0.000,0.000,0.000,0.000,0.000,0.000,0.000,0.000,0.000,0.000,0.000,0.000,0.010,0.000,0.000,0.000,0.000,0.000,0.000,0.000,0.000,0.000,0.000,0.000,0.000,0.000,0.000,0.000,0.000,0.000,0.000,0.000,0.000,0.000,0.000,0.000,0.000,0.000,0.000,0.000,0.000,0.000,0.000,0.000,0.000,0.000,0.000,0.000,0.000,0.000,0.000,0.000,0.000,0.000,0.000,0.000,0.000,0.000,0.000,0.000,0.1442,0.0272,0.0215,0.0000,-0.0537,-0.1576,0.0402,0.0819,0.3085,-0.1316,-0.1486,0.0141,-0.3362,-0.0969,0.0817,0.2550,-0.0003,0.0045,-0.0681,0.0187,0.0683,0.0061,-0.0309,0.1917
3066.5,0,0.000,0.000,0.000,0.000,0.000,0.000,0.000,0.000,0.000,0.000,0.000,0.000,0.000,0.000,0.000,0.000,0.000,0.000,0.000,0.000,0.000,0.002,0.000,0.000,0.000,0.000,0.000,0.000,0.000,0.000,0.000,0.000,0.000,0.000,0.000,0.000,0.000,0.000,0.000,0.000,0.000,0.000,0.000,0.000,0.000,0.000,0.000,0.000,0.000,0.000,0.000,0.000,0.000,0.000,0.000,0.000,0.000,0.000,0.000,0.000,0.000,0.000,0.000,0.000,0.000,0.000,0.000,0.000,0.000,0.1226,0.0225,0.0179,0.0000,-0.0491,-0.1386,0.0317,0.0726,0.2959,-0.1123,-0.1343,0.0124,-0.3086,-0.0806,0.0674,0.2355,-0.0003,0.0036,-0.0569,0.0163,0.0593,0.0050,-0.0255,0.1714
3075.0,0,0.000,0.000,0.000,0.000,0.000,0.000,0.000,0.000,0.000,0.000,0.000,0.000,0.000,0.000,0.000,0.000,0.000,0.000,0.000,0.000,0.000,0.000,0.000,0.000,0.000,0.000,0.000,0.000,0.000,0.000,0.000,0.000,0.000,0.000,0.000,0.000,0.000,0.000,0.000,0.000,0.000,0.000,0.000,0.000,0.000,0.000,0.000,0.000,0.000,0.000,0.000,0.000,0.000,0.000,0.000,0.000,0.000,0.000,0.000,0.000,0.000,0.000,0.000,0.000,0.000,0.000,0.000,0.000,0.000,0.1030,0.0186,0.0147,0.0000,-0.0458,-0.1196,0.0249,0.0631,0.2780,-0.0947,-0.1183,0.0107,-0.2768,-0.0666,0.0552,0.2116,-0.0002,0.0029,-0.0471,0.0140,0.0507,0.0040,-0.0209,0.1498
3083.0,0,0.000,0.000,0.000,0.000,0.000,0.000,0.000,0.000,0.000,0.000,0.000,0.000,0.000,0.000,0.000,0.000,0.000,0.000,0.000,0.000,0.000,0.000,0.000,0.000,0.000,0.000,0.000,0.000,0.000,0.000,0.000,0.000,0.000,0.000,0.000,0.000,0.000,0.000,0.000,0.000,0.000,0.000,0.000,0.000,0.000,0.000,0.000,0.000,0.000,0.000,0.000,0.000,0.000,0.000,0.000,0.000,0.000,0.000,0.000,0.000,0.000,0.000,0.000,0.000,0.000,0.000,0.000,0.000,0.000,0.0857,0.0152,0.0120,0.0000,-0.0416,-0.1016,0.0195,0.0539,0.2537,-0.0790,-0.0983,0.0091,-0.2476,-0.0546,0.0493,0.1859,-0.0002,0.0023,-0.0340,0.0119,0.0428,0.0032,-0.0170,0.1287
3091.5,0,0.000,0.000,0.000,0.000,0.000,0.000,0.000,0.000,0.000,0.000,0.000,0.000,0.000,0.000,0.000,0.000,0.000,0.000,0.000,0.000,0.000,0.000,0.000,0.000,0.000,0.000,0.000,0.000,0.000,0.000,0.000,0.000,0.000,0.000,0.000,0.000,0.000,0.000,0.000,0.000,0.000,0.000,0.000,14.840,0.000,0.000,0.000,0.000,0.000,0.000,0.000,0.000,0.000,0.000,0.000,0.000,0.000,0.000,0.000,0.000,0.000,0.000,0.000,0.000,0.000,0.000,0.000,0.000,0.000,0.0669,0.0124,0.0098,0.0000,-0.0388,-0.0854,0.0298,0.0454,0.2270,-0.0734,-0.0702,0.0077,-0.2235,-0.0445,0.0439,0.1603,-0.0001,0.0019,-0.0235,0.0099,0.0357,0.0026,-0.0138,0.1090
3100.0,0,0.000,0.000,0.000,0.000,0.000,0.000,0.000,0.000,0.000,0.000,0.000,0.000,0.000,0.000,0.000,0.000,0.000,0.000,0.000,0.000,0.000,15.386,0.000,0.000,0.000,0.000,0.000,0.000,0.000,0.000,0.000,0.000,0.000,0.000,0.000,0.000,0.000,0.000,0.000,0.000,0.000,0.000,0.000,38.149,0.000,0.000,0.000,0.000,0.000,0.000,0.000,0.000,4.066,0.000,0.000,0.000,0.000,0.000,0.000,0.000,0.000,0.000,0.000,0.000,0.000,0.000,0.000,0.000,0.000,0.0541,0.0100,0.0079,0.0000,-0.0405,-0.0775,0.0590,0.0379,0.2050,-0.0799,-0.0183,0.0064,-0.2005,-0.0404,0.0402,0.1363,-0.0001,0.0015,-0.0148,0.0082,0.0295,0.0021,-0.0147,0.0913
3108.0,0,0.000,0.000,0.000,0.000,0.000,0.000,0.000,0.000,0.000,0.000,0.000,0.000,0.000,0.000,0.000,0.000,0.000,0.000,0.000,0.000,0.000,28.911,0.000,0.000,0.000,0.000,0.000,0.000,0.000,0.000,0.000,0.000,0.000,0.000,0.000,0.000,0.000,0.000,0.000,0.000,0.000,0.000,0.000,45.298,0.000,0.000,0.000,0.000,0.000,0.000,0.000,0.000,0.821,0.000,0.000,0.000,0.000,0.000,0.000,0.000,0.000,0.000,0.000,0.000,0.000,0.000,0.000,0.000,0.000,0.0458,0.0081,0.0064,0.0000,-0.0405,-0.0751,0.0917,0.0314,0.1868,-0.1071,0.0536,0.0092,-0.1798,-0.0499,0.0384,0.1173,-0.0024,0.0012,-0.0073,0.0068,0.0243,-0.0007,-0.0184,0.0758
3116.5,0,0.000,0.000,0.000,0.000,0.000,0.000,0.000,0.000,0.000,0.000,0.000,0.000,0.000,0.000,0.000,0.000,0.000,0.000,0.000,0.000,0.000,34.634,0.000,0.000,0.000,0.000,0.000,0.000,0.000,6.065,0.000,0.000,0.000,0.000,0.000,0.000,0.000,0.000,0.000,0.000,0.000,0.000,0.000,36.990,0.000,0.000,0.000,0.000,0.000,0.000,0.000,0.000,0.150,0.000,0.000,0.000,0.000,0.000,0.000,0.000,0.000,0.000,0.000,0.000,0.000,0.000,0.000,0.000,0.000,0.0427,0.0025,0.0051,0.0000,-0.0384,-0.0771,0.1136,0.0258,0.1716,-0.1504,0.1298,0.0112,-0.1639,-0.0656,0.0378,0.1023,-0.0041,0.0009,-0.0042,0.0056,0.0198,-0.0078,-0.0265,0.0624
3125.0,0,0.000,0.000,0.000,0.000,0.000,0.000,0.000,0.000,0.000,0.000,0.000,0.000,0.000,0.000,0.000,0.000,0.000,0.000,0.000,0.000,0.000,32.132,0.000,0.000,6.065,0.000,0.000,0.000,0.000,1.108,0.000,0.000,0.000,0.000,0.000,0.000,0.000,0.000,0.000,0.000,0.000,0.000,0.000,13.717,0.000,0.000,0.000,0.000,0.000,0.000,0.000,0.000,0.027,0.000,0.000,0.000,0.000,0.000,0.000,0.000,0.000,0.000,0.000,0.000,0.000,0.000,0.000,0.000,0.000,0.0501,-0.0016,0.0041,0.0000,-0.0350,-0.0758,0.1176,0.0210,0.1544,-0.2019,0.1926,0.0171,-0.1516,-0.0835,0.0427,0.1000,-0.0049,0.0007,-0.0001,0.0045,0.0220,-0.0150,-0.0369,0.0511
3133.0,0,0.000,0.000,0.000,0.000,0.000,0.000,0.000,0.000,0.000,0.000,0.000,0.000,0.000,6.703,0.000,0.000,0.000,0.000,0.000,0.000,0.000,39.672,0.000,0.000,7.928,0.000,0.000,0.000,0.000,0.224,0.000,0.000,0.000,0.000,0.000,0.000,0.000,0.000,0.000,0.000,0.000,0.000,0.000,5.781,0.000,0.000,0.000,0.000,0.000,0.000,0.000,0.000,0.006,0.000,0.000,0.000,0.000,0.000,0.000,0.000,0.000,0.000,0.000,0.000,0.000,0.000,0.000,0.000,0.000,0.0685,-0.0041,0.0076,0.0000,-0.0310,-0.0710,0.1107,0.0171,0.1429,-0.2533,0.2338,0.0258,-0.1429,-0.0965,0.0517,0.1107,-0.0051,0.0006,0.0050,0.0037,0.0234,-0.0213,-0.0501,0.0416
3141.5,0,0.000,0.000,0.000,0.000,0.000,0.000,0.000,0.000,0.000,0.000,0.000,0.000,0.000,1.225,0.000,0.000,0.000,0.000,0.000,0.000,0.000,34.711,0.000,0.000,5.514,0.000,0.000,0.000,0.000,0.041,0.000,0.000,0.000,0.000,0.000,0.000,0.000,0.000,0.000,0.000,0.000,0.000,0.000,1.056,0.000,0.000,0.000,0.000,0.000,0.000,0.000,0.000,0.001,0.000,0.000,0.000,0.000,0.000,0.000,0.000,0.000,0.000,0.000,0.000,0.000,0.000,0.000,0.000,0.000,0.0919,-0.0053,0.0101,0.0000,-0.0269,-0.0641,0.0998,0.0138,0.1377,-0.2991,0.2464,0.0392,-0.1365,-0.1014,0.0611,0.1252,-0.0049,0.0005,0.0051,0.0076,0.0286,-0.0243,-0.0641,0.0400
3150.0,0,0.000,0.000,0.000,0.000,0.000,0.000,0.000,0.000,0.000,0.000,0.000,0.000,0.000,0.224,0.000,0.000,0.000,0.000,0.000,0.000,0.000,28.960,0.000,0.000,14.336,0.000,0.000,0.000,0.000,0.007,0.000,0.000,0.000,0.000,0.000,0.000,0.000,0.000,0.000,0.000,0.000,0.000,0.000,0.193,0.000,0.000,0.000,0.000,0.000,0.000,0.000,0.000,0.000,0.000,0.000,0.000,0.000,0.000,0.000,0.000,0.000,0.000,0.000,0.000,0.000,0.000,0.000,0.000,0.000,0.1196,-0.0057,0.0111,0.0000,-0.0229,-0.0565,0.0876,0.0111,0.1386,-0.3348,0.2386,0.0640,-0.1308,-0.0990,0.0665,0.1413,-0.0045,0.0004,-0.0027,0.0135,0.0332,-0.0246,-0.0752,0.0526
3158.0,0,0.000,0.000,0.000,0.000,0.000,0.000,0.000,0.000,0.000,0.000,0.000,0.000,0.000,0.045,0.000,0.000,0.000,0.000,0.000,0.000,0.000,30.388,0.000,0.000,7.860,0.000,0.000,0.000,0.000,0.002,0.000,0.000,0.000,0.000,0.000,0.000,0.000,0.000,0.000,0.000,0.000,0.000,0.000,0.039,0.000,0.000,0.000,0.000,0.000,0.000,0.000,0.000,0.000,0.000,0.000,0.000,0.000,0.000,0.000,0.000,0.000,0.000,0.000,0.000,0.000,0.000,0.000,0.000,0.000,0.1452,-0.0056,0.0110,0.0000,-0.0193,-0.0487,0.0721,0.0178,0.1470,-0.3625,0.2273,0.0963,-0.1257,-0.0920,0.0719,0.1589,-0.0040,0.0003,-0.0121,0.0273,0.0368,-0.0234,-0.0858,0.0694
3166.5,0,0.000,0.000,0.000,0.000,0.000,0.000,0.000,0.000,0.000,0.000,0.000,0.000,0.000,0.008,0.000,0.000,0.000,0.000,0.000,0.000,0.000,29.475,0.000,0.000,3.455,0.000,0.000,0.000,0.000,0.000,0.000,0.000,0.000,0.000,0.000,0.000,0.000,0.000,0.000,0.000,0.000,0.000,0.000,0.007,0.000,0.000,0.000,0.000,0.000,0.000,0.000,0.000,0.000,0.000,0.000,0.000,0.000,0.000,0.000,0.000,0.000,0.000,0.000,0.000,0.000,0.000,0.000,0.000,0.000,0.1653,-0.0052,0.0103,0.0000,-0.0161,-0.0414,0.0517,0.0279,0.1601,-0.3852,0.2274,0.1270,-0.1274,-0.0826,0.0771,0.1739,-0.0035,0.0002,-0.0204,0.0473,0.0457,-0.0214,-0.0966,0.0886
3175.0,0,0.000,0.000,0.000,0.000,0.000,0.000,0.000,0.000,0.000,0.000,0.000,0.000,0.000,0.002,0.000,0.000,0.000,0.000,0.000,0.000,0.000,8.713,0.000,0.000,0.631,0.000,0.000,0.000,0.000,0.000,0.000,0.000,0.000,0.000,0.000,0.000,0.000,0.000,0.000,0.000,0.000,0.000,0.000,4.495,0.000,0.000,0.000,0.000,0.000,0.000,0.000,0.000,0.000,0.000,0.000,0.000,0.000,0.000,0.000,0.000,0.000,0.000,0.000,0.000,0.000,0.000,0.000,0.000,0.000,0.1723,-0.0047,0.0094,0.0000,-0.0133,-0.0348,0.0270,0.0383,0.1753,-0.4027,0.2326,0.1521,-0.1385,-0.0723,0.0899,0.1840,-0.0030,0.0002,-0.0268,0.0616,0.0581,-0.0189,-0.1042,0.1031
3183.0,0,0.000,0.000,0.000,0.000,0.000,0.000,0.000,0.000,0.000,0.000,0.000,0.000,0.000,0.000,0.000,0.000,0.000,0.000,0.000,0.000,0.000,1.759,0.000,0.000,0.127,0.000,0.000,0.000,0.000,0.000,0.000,0.000,0.000,0.000,0.000,0.000,0.000,0.000,0.000,0.000,0.000,0.000,0.000,17.308,0.000,0.000,0.000,0.000,0.000,0.000,0.000,0.000,0.000,0.000,0.000,0.000,0.000,0.000,0.000,0.000,0.000,0.000,0.000,0.000,0.000,0.000,0.000,0.000,0.000,0.1634,-0.0041,0.0082,0.0000,-0.0109,-0.0290,-0.0004,0.0468,0.1916,-0.4148,0.2437,0.1706,-0.1595,-0.0622,0.1008,0.1892,-0.0051,0.0001,-0.0321,0.0675,0.0665,-0.0164,-0.1081,0.1076
3191.5,0,0.000,0.000,0.000,0.000,0.000,0.000,0.000,0.000,0.000,0.000,0.000,0.000,0.000,0.000,0.000,0.000,0.000,0.000,0.000,0.000,0.000,0.321,0.000,0.000,0.023,0.000,0.000,0.000,0.000,0.000,0.000,0.000,0.000,0.000,0.000,0.000,0.000,0.000,0.000,0.000,0.000,0.000,0.000,34.416,0.000,0.000,0.000,0.000,0.000,0.000,0.000,0.000,0.000,0.000,0.000,0.000,0.000,0.000,0.000,0.000,0.000,0.000,0.000,0.000,0.000,0.000,0.000,0.000,0.000,0.1411,-0.0035,0.0071,0.0000,-0.0089,-0.0239,-0.0277,0.0500,0.2074,-0.4236,0.2651,0.1841,-0.1851,-0.0527,0.1094,0.1865,-0.0065,0.0001,-0.0340,0.0673,0.0703,-0.0140,-0.1092,0.1045
3200.0,0,0.000,0.000,0.000,0.000,0.000,0.000,0.000,0.000,0.000,0.000,0.000,0.000,0.000,0.000,0.000,0.000,0.000,0.000,0.000,0.000,0.000,0.059,0.000,0.000,0.004,0.000,0.000,0.000,0.000,0.000,0.000,0.000,0.000,0.000,0.000,0.000,0.000,0.000,0.000,0.000,0.000,0.000,0.000,41.361,0.000,0.000,0.000,0.000,0.000,0.000,0.000,0.000,0.000,0.000,0.000,0.000,0.000,0.000,0.000,0.000,0.000,0.000,0.000,0.000,0.000,0.000,0.000,0.000,0.000,0.1110,-0.0030,0.0060,0.0000,-0.0073,-0.0196,-0.0558,0.0491,0.2224,-0.4265,0.2917,0.1937,-0.2085,-0.0442,0.1168,0.1801,-0.0070,0.0001,-0.0398,0.0633,0.0743,-0.0118,-0.1109,0.0967
3208.0,0,0.000,0.000,0.000,0.000,0.000,0.000,0.000,0.000,0.000,0.000,0.000,0.000,0.000,0.000,0.000,0.000,0.000,0.000,0.000,0.000,0.000,0.012,0.000,0.000,0.001,0.000,0.000,0.000,0.000,0.000,0.000,0.000,0.000,0.000,0.000,0.000,0.000,0.000,0.000,0.000,0.000,0.000,0.000,48.189,0.000,0.000,0.000,0.000,0.000,0.000,0.000,0.000,0.000,0.000,0.000,0.000,0.000,0.000,0.000,0.000,0.000,0.000,0.000,0.000,0.000,0.000,0.000,0.000,0.000,0.0784,-0.0025,0.0051,0.0000,-0.0059,-0.0160,-0.0808,0.0458,0.2364,-0.4300,0.3184,0.1995,-0.2300,-0.0426,0.1194,0.1702,-0.0070,0.0001,-0.0477,0.0573,0.0781,-0.0098,-0.1075,0.0866
3216.5,0,0.000,0.000,0.000,0.000,0.000,0.000,0.000,0.000,0.000,0.000,0.000,0.000,0.000,0.000,0.000,0.000,0.000,0.000,0.000,0.000,0.000,0.002,0.000,0.000,0.000,0.000,0.000,0.000,0.000,0.000,0.000,0.000,0.000,0.000,0.000,0.000,0.000,0.000,0.000,0.000,0.000,0.000,0.000,53.120,0.000,0.000,0.000,0.000,0.000,0.000,0.000,0.000,0.000,0.000,0.000,0.000,0.000,0.000,0.000,0.000,0.000,0.000,0.000,0.000,0.000,0.000,0.000,0.000,0.000,0.0464,-0.0021,0.0042,0.0000,-0.0047,-0.0130,-0.1029,0.0412,0.2473,-0.4353,0.3358,0.2031,-0.2446,-0.0483,0.1205,0.1612,-0.0065,0.0001,-0.0511,0.0547,0.0771,-0.0081,-0.1021,0.0757
3225.0,0,0.000,0.000,0.000,0.000,0.000,0.000,0.000,0.000,0.000,0.000,0.000,0.000,0.000,0.000,0.000,0.000,0.000,0.000,0.000,0.000,0.000,14.368,0.000,0.000,0.000,0.000,0.000,0.000,0.000,0.000,0.000,0.000,0.000,0.000,0.000,0.000,0.000,0.000,0.000,0.000,0.000,0.000,0.000,66.812,0.000,0.000,0.000,0.000,0.000,0.000,0.000,0.000,0.000,0.000,0.000,0.000,0.000,0.000,0.000,0.000,0.000,0.000,0.000,0.000,0.000,0.000,0.000,0.000,0.000,0.0240,-0.0017,0.0035,0.0000,-0.0038,-0.0105,-0.1207,0.0361,0.2535,-0.4436,0.3539,0.2059,-0.2553,-0.0654,0.1156,0.1543,-0.0059,0.0000,-0.0521,0.0510,0.0748,-0.0067,-0.0937,0.0709
3233.0,0,0.000,0.000,0.000,0.000,0.000,0.000,0.000,0.000,0.000,0.000,0.000,0.000,0.000,0.000,0.000,0.000,0.000,0.000,0.000,0.000,0.000,24.876,0.000,0.000,0.000,0.000,0.000,0.000,0.000,0.000,0.000,0.000,0.000,0.000,0.000,0.000,0.000,0.000,0.000,0.000,0.000,0.000,0.000,54.199,0.000,0.000,0.000,0.000,0.000,0.000,0.000,0.000,0.000,0.000,0.000,0.000,0.000,0.000,0.000,0.000,0.000,0.000,0.000,0.000,0.000,0.000,0.000,0.000,0.000,0.0120,-0.0014,0.0029,0.0000,-0.0030,-0.0084,-0.1354,0.0311,0.2561,-0.4591,0.3732,0.2084,-0.2636,-0.1177,0.1273,0.1543,-0.0088,0.0000,-0.0491,0.0525,0.0741,-0.0055,-0.0878,0.0725
3241.5,0,0.000,0.000,0.000,0.000,0.000,0.000,0.000,0.000,0.000,0.000,0.000,0.000,0.000,0.000,0.000,0.000,0.000,0.000,0.000,0.000,0.000,18.223,0.000,0.000,0.000,0.000,0.000,0.000,0.000,0.000,0.000,0.000,0.000,0.000,0.000,0.000,0.000,0.000,0.000,0.000,0.000,0.000,0.000,43.020,0.000,0.000,0.000,0.000,0.000,0.000,0.000,0.000,0.000,0.000,0.000,0.000,0.000,0.000,0.000,0.000,0.000,0.000,0.000,0.000,0.000,0.000,0.000,0.000,0.000,0.0062,-0.0011,0.0023,0.0000,-0.0024,-0.0067,-0.1432,0.0264,0.2471,-0.4754,0.3915,0.2128,-0.2691,-0.1733,0.1585,0.1563,-0.0129,0.0000,-0.0294,0.0627,0.0705,0.0119,-0.0873,0.0842
3250.0,0,0.000,0.000,0.000,0.000,0.000,0.000,0.000,0.000,0.000,0.000,0.000,0.000,0.000,0.000,0.000,0.000,0.000,0.000,0.000,0.000,0.000,15.582,0.000,0.000,0.000,0.000,0.000,0.000,0.000,0.000,0.000,0.000,0.000,0.000,0.000,0.000,0.000,0.000,0.000,0.000,0.000,0.000,0.000,26.807,0.000,0.000,0.000,0.000,0.000,0.000,0.000,0.000,0.000,0.000,0.000,0.000,0.000,0.000,0.000,0.000,0.000,0.000,0.000,0.000,0.000,0.000,0.000,0.000,0.000,0.0053,-0.0009,0.0019,0.0000,-0.0019,-0.0054,-0.1427,0.0221,0.2289,-0.4929,0.3990,0.2225,-0.2714,-0.2174,0.1918,0.1648,-0.0171,0.0000,-0.0166,0.0781,0.0645,0.0323,-0.0908,0.0981
3258.0,0,0.000,0.000,0.000,0.000,0.000,0.000,0.000,0.000,0.000,0.000,0.000,0.000,0.000,0.000,0.000,0.000,0.000,0.000,0.000,0.000,0.000,6.825,0.000,0.000,0.000,0.000,0.000,0.000,0.000,0.000,0.000,0.000,0.000,0.000,0.000,0.000,0.000,0.000,0.000,0.000,0.000,0.000,0.000,8.424,0.000,0.000,0.000,0.000,0.000,0.000,0.000,0.000,0.000,0.000,0.000,0.000,0.000,0.000,0.000,0.000,0.000,0.000,0.000,0.000,0.000,0.000,0.000,0.000,0.000,0.0072,-0.0007,0.0015,0.0000,-0.0015,-0.0043,-0.1364,0.0184,0.2055,-0.5049,0.3906,0.2329,-0.2699,-0.2470,0.2168,0.1783,-0.0190,0.0000,-0.0119,0.0949,0.0573,0.0448,-0.0893,0.1151
3266.5,0,0.000,0.000,0.000,0.000,0.000,0.000,0.000,0.000,0.000,0.000,0.000,0.000,0.000,0.000,0.000,0.000,0.000,0.000,0.000,0.000,0.000,7.312,0.000,0.000,0.000,0.000,8.084,0.000,0.000,0.000,0.000,0.000,0.000,0.000,0.000,0.000,0.000,0.000,0.000,0.000,0.000,0.000,0.000,1.539,0.000,0.000,0.000,0.000,0.000,0.000,0.000,0.000,0.000,0.000,0.000,0.000,0.000,0.000,0.000,0.000,0.000,0.000,0.000,0.000,0.000,0.000,0.000,0.000,0.000,0.0141,-0.0006,0.0012,0.0000,-0.0012,-0.0034,-0.1319,0.0152,0.1802,-0.5099,0.3672,0.2441,-0.2634,-0.2582,0.2331,0.1959,-0.0211,0.0000,-0.0135,0.1116,0.0498,0.0498,-0.0817,0.1318
3275.0,0,0.000,0.000,0.000,0.000,0.000,0.000,0.000,0.000,0.000,0.000,0.000,0.000,0.000,0.000,0.000,0.000,0.000,0.000,0.000,0.000,0.000,1.336,0.000,0.000,0.000,0.000,1.477,0.000,0.000,0.000,0.000,0.000,0.000,0.000,0.000,0.000,0.000,0.000,0.000,0.000,0.000,0.000,0.000,0.281,0.000,0.000,0.000,0.000,0.000,0.000,0.000,0.000,0.000,0.000,0.000,0.000,0.000,0.000,0.000,0.000,0.000,0.000,0.000,0.000,0.000,0.000,0.000,0.000,0.000,0.0206,-0.0005,0.0010,0.0000,-0.0010,-0.0027,-0.1298,0.0124,0.1593,-0.5040,0.3338,0.2548,-0.2507,-0.2565,0.2401,0.2103,-0.0235,0.0000,-0.0148,0.1235,0.0426,0.0499,-0.0752,0.1393
3283.0,0,0.000,0.000,0.000,0.000,0.000,0.000,0.000,0.000,0.000,0.000,0.000,0.000,0.000,0.000,0.000,0.000,0.000,0.000,0.000,0.000,0.000,0.270,0.000,0.000,0.000,0.000,0.298,0.000,0.000,0.000,0.000,0.000,0.000,0.000,0.000,0.000,0.000,0.000,0.000,0.000,0.000,0.000,0.000,3.385,0.000,0.000,0.000,0.000,0.000,0.000,0.000,0.000,0.000,0.000,0.000,0.000,0.000,0.000,0.000,0.000,0.000,0.000,0.000,0.000,0.000,0.000,0.000,0.000,0.000,0.0238,-0.0004,0.0008,0.0000,-0.0008,-0.0021,-0.1295,0.0101,0.1512,-0.4829,0.2983,0.2628,-0.2347,-0.2427,0.2455,0.2216,-0.0240,0.0000,-0.0150,0.1289,0.0360,0.0470,-0.0701,0.1386
3291.5,0,0.000,0.000,0.000,0.000,0.000,0.000,0.000,0.000,0.000,0.000,0.000,0.000,0.000,0.000,0.000,0.000,0.000,0.000,0.000,0.000,0.000,0.049,0.000,0.000,0.000,0.000,0.054,0.000,0.000,0.000,0.000,0.000,0.000,0.000,0.000,0.000,0.000,0.000,0.000,0.000,0.000,0.000,0.000,10.334,0.000,0.000,0.000,0.000,0.000,0.000,0.000,0.000,0.000,0.000,0.000,0.000,0.000,0.000,0.000,0.000,0.000,0.000,0.000,0.000,0.000,0.000,0.000,0.000,0.000,0.0216,-0.0003,0.0006,0.0000,-0.0006,-0.0017,-0.1302,0.0082,0.1436,-0.4517,0.2723,0.2673,-0.2174,-0.2211,0.2406,0.2263,-0.0230,0.0000,-0.0142,0.1259,0.0300,0.0426,-0.0700,0.1308
3300.0,0,0.000,0.000,0.000,0.000,0.000,0.000,0.000,0.000,0.000,0.000,0.000,0.000,0.000,0.000,0.000,0.000,0.000,0.000,0.000,0.000,0.000,0.009,0.000,0.000,0.000,0.000,0.010,0.000,0.000,0.000,0.000,0.000,0.000,0.000,0.000,0.000,0.000,0.000,0.000,0.000,0.000,0.000,0.000,16.255,0.000,0.000,0.000,0.000,0.000,0.000,0.000,0.000,0.000,0.000,0.000,0.000,0.000,0.000,0.000,0.000,0.000,0.000,0.000,0.000,0.000,0.000,0.000,0.000,0.000,0.0141,-0.0002,0.0005,0.0000,-0.0005,-0.0013,-0.1282,0.0066,0.1337,-0.4107,0.2473,0.2651,-0.2021,-0.1959,0.2307,0.2292,-0.0211,0.0000,-0.0075,0.1173,0.0249,0.0376,-0.0706,0.1189
3308.0,0,0.000,0.000,0.000,0.000,0.000,0.000,0.000,0.000,0.000,0.000,0.000,0.000,0.000,0.000,0.000,0.000,0.000,0.000,0.000,0.000,0.000,0.002,0.000,0.000,0.000,0.000,0.002,0.000,0.000,0.000,0.000,0.000,0.000,0.000,0.000,0.000,0.000,0.000,0.000,0.000,0.000,0.000,0.000,16.130,0.000,0.000,0.000,0.000,0.000,0.000,0.000,0.000,0.000,0.000,0.000,0.000,0.000,0.000,0.000,0.000,0.000,0.000,0.000,0.000,0.000,0.000,0.000,0.000,0.000,0.0037,-0.0002,0.0004,0.0000,-0.0004,-0.0011,-0.1209,0.0053,0.1208,-0.3659,0.2183,0.2582,-0.2015,-0.1917,0.2335,0.2299,-0.0318,0.0000,0.0155,0.1055,0.0284,0.0351,-0.0808,0.1052
3316.5,0,0.000,0.000,0.000,0.000,0.000,0.000,0.000,0.000,0.000,0.000,0.000,0.000,0.000,0.000,0.000,0.000,0.000,0.000,0.000,0.000,0.000,0.000,0.000,0.000,0.000,0.000,0.000,0.000,0.000,0.000,0.000,0.000,0.000,0.000,0.000,0.000,0.000,0.000,0.000,0.000,0.000,0.000,0.000,26.609,0.000,0.000,0.000,0.000,0.000,0.000,0.000,0.000,0.000,0.000,0.000,0.000,0.000,0.000,0.000,0.000,0.000,0.000,0.000,0.000,0.000,0.000,0.000,0.000,0.000,-0.0086,-0.0002,0.0003,0.0000,-0.0003,-0.0008,-0.1137,0.0043,0.1065,-0.3195,0.1888,0.2428,-0.2051,-0.1921,0.2505,0.2254,-0.0537,0.0000,0.0325,0.0926,0.0333,0.0467,-0.0926,0.0911
3325.0,0,0.000,0.000,0.000,0.000,0.000,0.000,0.000,0.000,0.000,0.000,0.000,0.000,0.000,0.000,0.000,0.000,0.000,0.000,0.000,0.000,0.000,0.000,0.000,0.000,0.000,0.000,0.000,0.000,0.000,0.000,0.000,0.000,0.000,0.000,0.000,0.000,0.000,0.000,0.000,0.000,0.000,0.000,0.000,31.122,0.000,0.000,0.000,0.000,0.000,0.000,0.000,0.000,0.000,0.000,0.000,0.000,0.000,0.000,0.000,0.000,0.000,0.000,0.000,0.000,0.000,0.000,0.000,0.000,0.000,-0.0223,-0.0001,0.0002,0.0000,-0.0002,-0.0007,-0.1026,0.0034,0.0920,-0.2744,0.1627,0.2226,-0.2093,-0.1874,0.2636,0.2188,-0.0739,0.0000,0.0426,0.0798,0.0375,0.0581,-0.1024,0.0777
3333.0,0,0.000,0.000,0.000,0.000,0.000,0.000,0.000,0.000,0.000,0.000,0.000,0.000,0.000,0.000,0.000,0.000,0.000,0.000,0.000,0.000,0.000,0.000,0.000,0.000,0.000,0.000,0.000,0.000,0.000,0.000,0.000,0.000,0.000,0.000,0.000,0.000,0.000,0.000,0.000,0.000,0.000,0.000,0.000,56.122,0.000,0.000,0.000,0.000,0.000,0.000,0.000,0.000,0.000,0.000,0.000,0.000,0.000,0.000,0.000,0.000,0.000,0.000,0.000,0.000,0.000,0.000,0.000,0.000,0.000,-0.0374,-0.0001,0.0002,0.0000,-0.0002,-0.0005,-0.0794,0.0027,0.0852,-0.2364,0.1496,0.1987,-0.2136,-0.1754,0.2689,0.2136,-0.0882,0.0000,0.0406,0.0677,0.0418,0.0630,-0.1103,0.0655
3341.5,0,0.000,0.000,0.000,0.000,0.000,0.000,0.000,0.000,0.000,0.000,0.000,0.000,0.000,0.000,0.000,0.000,0.000,0.000,0.000,0.000,0.000,10.737,0.000,0.000,0.000,0.000,0.000,0.000,0.000,8.187,0.000,0.000,0.000,0.000,0.000,0.000,0.000,0.000,0.000,0.000,0.000,0.000,0.000,55.358,0.000,0.000,0.000,0.000,0.000,0.000,0.000,0.000,0.000,0.000,0.000,0.000,0.000,0.000,0.000,0.000,0.000,0.000,0.000,0.000,0.000,0.000,0.000,0.000,0.000,-0.0467,-0.0051,0.0002,0.0000,-0.0001,-0.0053,-0.0562,0.0022,0.0808,-0.2109,0.1499,0.1737,-0.2131,-0.1712,0.2621,0.2104,-0.0945,0.0000,0.0305,0.0568,0.0428,0.0624,-0.1190,0.0546
3350.0,0,0.000,0.000,0.000,0.000,0.000,0.000,0.000,0.000,0.000,0.000,0.000,0.000,0.000,0.000,0.000,0.000,0.000,0.000,0.000,0.000,0.000,11.677,0.000,0.000,0.000,0.000,0.000,0.000,0.000,1.496,0.000,0.000,0.000,0.000,0.000,0.000,0.000,0.000,0.000,0.000,0.000,0.000,0.000,56.161,0.000,0.000,0.000,0.000,0.000,0.000,0.000,0.000,0.000,0.000,0.000,0.000,0.000,0.000,0.000,0.000,0.000,0.000,0.000,0.000,0.000,0.000,0.000,0.000,0.000,-0.0513,-0.0088,0.0001,0.0000,-0.0001,-0.0156,-0.0464,0.0017,0.0809,-0.1853,0.1456,0.1492,-0.2083,-0.1757,0.2488,0.2088,-0.0934,0.0000,0.0146,0.0472,0.0427,0.0585,-0.1260,0.0451
3358.0,0,0.000,0.000,0.000,0.000,0.000,0.000,0.000,0.000,0.000,0.000,0.000,0.000,0.000,0.000,0.000,0.000,0.000,0.000,0.000,0.000,0.000,24.003,0.000,0.000,0.000,0.000,0.000,0.000,0.000,0.302,0.000,0.000,0.000,0.000,0.000,0.000,0.000,0.000,0.000,0.000,0.000,0.000,0.000,44.095,0.000,0.000,0.000,0.000,0.000,0.000,0.000,0.000,0.000,0.000,0.000,0.000,0.000,0.000,0.000,0.000,0.000,0.000,0.000,0.000,0.000,0.000,0.000,0.000,0.000,-0.0480,-0.0107,0.0001,0.0000,-0.0001,-0.0267,-0.0441,0.0014,0.0914,-0.1621,0.1323,0.1264,-0.2007,-0.1841,0.2330,0.2080,-0.0874,0.0000,-0.0051,0.0389,0.0476,0.0529,-0.1325,0.0370
3366.5,0,0.000,0.000,0.000,0.000,0.000,0.000,0.000,0.000,0.000,0.000,0.000,0.000,0.000,3.012,0.000,0.000,0.000,0.000,0.000,0.000,0.000,23.426,0.000,0.000,0.000,0.000,0.000,0.000,0.000,0.055,0.000,0.000,0.000,0.000,0.000,0.000,0.000,0.000,0.000,0.000,0.000,0.000,0.000,22.255,0.000,0.000,0.000,0.000,0.000,0.000,0.000,0.000,0.000,0.000,0.000,0.000,0.000,0.000,0.000,0.000,0.000,0.000,0.000,0.000,0.000,0.000,0.000,0.000,0.000,-0.0379,-0.0111,0.0022,0.0000,-0.0001,-0.0343,-0.0431,0.0011,0.1066,-0.1413,0.1160,0.1059,-0.1921,-0.1880,0.2162,0.2080,-0.0789,0.0000,-0.0270,0.0319,0.0540,0.0465,-0.1398,0.0302
3375.0,0,0.000,0.000,0.000,0.000,0.000,0.000,0.000,0.000,0.000,0.000,0.000,0.000,0.000,0.550,0.000,0.000,0.000,0.000,0.000,0.000,0.000,31.921,0.000,0.000,8.297,0.000,0.000,0.000,0.000,0.010,0.000,0.000,0.000,0.000,0.000,0.000,0.000,0.000,0.000,0.000,0.000,0.000,0.000,7.744,0.000,0.000,0.000,0.000,0.000,0.000,0.000,0.000,0.000,0.000,0.000,0.000,0.000,0.000,0.000,0.000,0.000,0.000,0.000,0.000,0.000,0.000,0.000,0.000,0.000,-0.0139,-0.0107,0.0037,0.0000,-0.0001,-0.0372,-0.0420,0.0008,0.1276,-0.1215,0.0998,0.0880,-0.1834,-0.1820,0.1980,0.2113,-0.0693,0.0000,-0.0505,0.0260,0.0694,0.0401,-0.1471,0.0245
3383.0,0,0.000,0.000,0.000,0.000,0.000,0.000,0.000,0.000,0.000,0.000,0.000,0.000,0.000,4.177,0.000,0.000,0.000,0.000,0.000,0.000,0.000,33.826,0.000,0.000,9.107,0.000,0.000,0.000,0.000,0.002,0.000,0.000,0.000,0.000,0.000,0.000,0.000,0.000,0.000,0.000,0.000,0.000,0.000,1.564,0.000,0.000,0.000,0.000,0.000,0.000,0.000,0.000,0.000,0.000,0.000,0.000,0.000,0.000,0.000,0.000,0.000,0.000,0.000,0.000,0.000,0.000,0.000,0.000,0.000,0.0198,-0.0099,0.0073,0.0000,-0.0000,-0.0368,-0.0394,0.0065,0.1525,-0.1054,0.0893,0.0725,-0.1747,-0.1687,0.1797,0.2138,-0.0598,0.0000,-0.0710,0.0230,0.0874,0.0341,-0.1539,0.0198
3391.5,0,0.000,0.000,0.000,0.000,0.000,0.000,0.000,0.000,0.000,0.000,0.000,0.000,0.000,0.763,0.000,0.000,0.000,0.000,0.000,0.000,0.000,32.407,0.000,0.000,13.895,0.000,0.000,0.000,0.000,0.000,0.000,0.000,0.000,0.000,0.000,0.000,0.000,0.000,0.000,0.000,0.000,0.000,0.000,0.286,0.000,0.000,0.000,0.000,0.000,0.000,0.000,0.000,0.000,0.000,0.000,0.000,0.000,0.000,0.000,0.000,0.000,0.000,0.000,0.000,0.000,0.000,0.000,0.000,0.000,0.0588,-0.0088,0.0094,0.0000,-0.0000,-0.0344,-0.0357,0.0174,0.1797,-0.0970,0.0771,0.0644,-0.1660,-0.1513,0.1595,0.2172,-0.0508,0.0000,-0.0867,0.0275,0.1022,0.0286,-0.1586,0.0160
3400.0,0,0.000,0.000,0.000,0.000,0.000,0.000,0.000,0.000,0.000,0.000,0.000,0.000,0.000,0.139,0.000,0.000,0.000,0.000,0.000,0.000,0.000,14.711,0.000,0.000,2.538,0.000,0.000,0.000,0.000,0.000,0.000,0.000,0.000,0.000,0.000,0.000,0.000,0.000,0.000,0.000,0.000,0.000,0.000,0.052,0.000,0.000,0.000,0.000,0.000,0.000,0.000,0.000,0.000,0.000,0.000,0.000,0.000,0.000,0.000,0.000,0.000,0.000,0.000,0.000,0.000,0.000,0.000,0.000,0.000,0.0885,-0.0077,0.0102,0.0000,-0.0000,-0.0310,-0.0315,0.0322,0.2068,-0.0929,0.0634,0.0624,-0.1572,-0.1324,0.1386,0.2173,-0.0427,0.0000,-0.0928,0.0363,0.1158,0.0238,-0.1589,0.0128
3408.0,0,0.000,0.000,0.000,0.000,0.000,0.000,0.000,0.000,0.000,0.000,0.000,0.000,0.000,0.028,0.000,0.000,0.000,0.000,0.000,0.000,0.000,2.970,0.000,0.000,0.512,0.000,0.000,0.000,0.000,0.000,0.000,0.000,0.000,0.000,0.000,0.000,0.000,0.000,0.000,0.000,0.000,0.000,0.000,0.011,0.000,0.000,0.000,0.000,0.000,0.000,0.000,0.000,0.000,0.000,0.000,0.000,0.000,0.000,0.000,0.000,0.000,0.000,0.000,0.000,0.000,0.000,0.000,0.000,0.000,0.1041,-0.0066,0.0101,0.0000,-0.0000,-0.0273,-0.0272,0.0462,0.2318,-0.0868,0.0478,0.0662,-0.1491,-0.1139,0.1211,0.2155,-0.0355,0.0000,-0.0914,0.0534,0.1249,0.0197,-0.1556,0.0102
3416.5,0,0.000,0.000,0.000,0.000,0.000,0.000,0.000,0.000,0.000,0.000,0.000,0.000,0.000,0.005,0.000,0.000,0.000,0.000,0.000,0.000,0.000,0.543,0.000,0.000,0.094,0.000,0.000,0.000,0.000,0.000,0.000,0.000,0.000,0.000,0.000,0.000,0.000,0.000,0.000,0.000,0.000,0.000,0.000,0.002,0.000,0.000,0.000,0.000,0.000,0.000,0.000,0.000,0.000,0.000,0.000,0.000,0.000,0.000,0.000,0.000,0.000,0.000,0.000,0.000,0.000,0.000,0.000,0.000,0.000,0.1081,-0.0056,0.0095,0.0000,-0.0000,-0.0235,-0.0257,0.0570,0.2535,-0.0827,0.0284,0.0708,-0.1412,-0.0965,0.1117,0.2095,-0.0293,0.0000,-0.0854,0.0658,0.1328,0.0161,-0.1520,0.0082
3425.0,0,0.000,0.000,0.000,0.000,0.000,0.000,0.000,0.000,0.000,0.000,0.000,0.000,0.000,0.001,0.000,0.000,0.000,0.000,0.000,0.000,0.000,0.099,0.000,0.000,0.017,0.000,0.000,0.000,0.000,0.000,0.000,0.000,0.000,0.000,0.000,0.000,0.000,0.000,0.000,0.000,0.000,0.000,0.000,10.382,0.000,0.000,0.000,0.000,0.000,0.000,0.000,0.000,0.000,0.000,0.000,0.000,0.000,0.000,0.000,0.000,0.000,0.000,0.000,0.000,0.000,0.000,0.000,0.000,0.000,0.1017,-0.0047,0.0085,0.0000,-0.0000,-0.0200,-0.0266,0.0625,0.2714,-0.0798,0.0078,0.0724,-0.1334,-0.0809,0.1105,0.2023,-0.0240,0.0000,-0.0769,0.0716,0.1365,0.0131,-0.1476,0.0065
3433.0,0,0.000,0.000,0.000,0.000,0.000,0.000,0.000,0.000,0.000,0.000,0.000,0.000,0.000,0.000,0.000,0.000,0.000,0.000,0.000,0.000,0.000,0.020,0.000,0.000,0.003,0.000,0.000,0.000,0.000,0.000,0.000,0.000,0.000,0.000,0.000,0.000,0.000,0.000,0.000,0.000,0.000,0.000,0.000,26.402,0.000,0.000,0.000,0.000,0.000,0.000,0.000,0.000,0.000,0.000,0.000,0.000,0.000,0.000,0.000,0.000,0.000,0.000,0.000,0.000,0.000,0.000,0.000,0.000,0.000,0.0850,-0.0039,0.0075,0.0000,-0.0000,-0.0167,-0.0314,0.0625,0.2857,-0.0775,-0.0139,0.0698,-0.1306,-0.0672,0.1190,0.1915,-0.0254,0.0000,-0.0676,0.0714,0.1350,0.0106,-0.1421,0.0052
3441.5,0,0.000,0.000,0.000,0.000,0.000,0.000,0.000,0.000,0.000,0.000,0.000,0.000,0.000,0.000,0.000,0.000,0.000,0.000,0.000,0.000,0.000,0.004,0.000,0.000,0.001,0.000,0.000,0.000,0.000,0.000,0.000,0.000,0.000,0.000,0.000,0.000,0.000,0.000,0.000,0.000,0.000,0.000,0.000,43.103,0.000,0.000,0.000,0.000,0.000,0.000,0.000,0.000,0.000,0.000,0.000,0.000,0.000,0.000,0.000,0.000,0.000,0.000,0.000,0.000,0.000,0.000,0.000,0.000,0.000,0.0613,-0.0032,0.0065,0.0000,-0.0000,-0.0139,-0.0369,0.0590,0.2951,-0.0725,-0.0354,0.0644,-0.1314,-0.0553,0.1291,0.1809,-0.0335,0.0000,-0.0565,0.0673,0.1273,0.0046,-0.1352,0.0041
3450.0,0,0.000,0.000,0.000,0.000,0.000,0.000,0.000,0.000,0.000,0.000,0.000,0.000,0.000,0.000,0.000,0.000,0.000,0.000,0.000,0.000,0.000,0.001,0.000,0.000,0.000,0.000,0.000,0.000,0.000,0.000,0.000,0.000,0.000,0.000,0.000,0.000,0.000,0.000,0.000,0.000,0.000,0.000,0.000,50.172,0.000,0.000,0.000,0.000,0.000,0.000,0.000,0.000,0.000,0.000,0.000,0.000,0.000,0.000,0.000,0.000,0.000,0.000,0.000,0.000,0.000,0.000,0.000,0.000,0.000,0.0345,-0.0026,0.0055,0.0000,-0.0000,-0.0148,-0.0470,0.0536,0.3014,-0.0656,-0.0581,0.0575,-0.1310,-0.0453,0.1395,0.1661,-0.0437,0.0000,-0.0464,0.0609,0.1157,0.0001,-0.1277,0.0032
3458.0,0,0.000,0.000,0.000,0.000,0.000,0.000,0.000,0.000,0.000,0.000,0.000,0.000,0.000,0.000,0.000,0.000,0.000,0.000,0.000,0.000,0.000,0.000,0.000,0.000,0.000,0.000,0.000,0.000,0.000,0.000,0.000,0.000,0.000,0.000,0.000,0.000,0.000,0.000,0.000,0.000,0.000,0.000,0.000,61.240,0.000,0.000,0.000,0.000,0.000,0.000,0.000,0.000,0.000,0.000,0.000,0.000,0.000,0.000,0.000,0.000,0.000,0.000,0.000,0.000,0.000,0.000,0.000,0.000,0.000,0.0079,-0.0021,0.0046,0.0000,-0.0000,-0.0187,-0.0603,0.0473,0.3034,-0.0706,-0.0792,0.0502,-0.1357,-0.0437,0.1469,0.1483,-0.0598,0.0000,-0.0429,0.0537,0.1023,-0.0048,-0.1190,0.0025
3466.5,0,3.679,0.000,0.000,0.000,0.000,0.000,0.000,0.000,0.000,0.000,0.000,0.000,0.000,0.000,0.000,0.000,0.000,0.000,0.000,0.000,0.000,0.000,0.000,0.000,0.000,0.000,0.000,0.000,0.000,4.493,0.000,0.000,0.000,0.000,0.000,0.000,0.000,0.000,0.000,0.000,0.000,0.000,0.000,75.441,0.000,0.000,0.000,0.000,0.000,0.000,0.000,0.000,0.000,0.000,0.000,0.000,0.000,0.000,0.000,0.000,0.000,0.000,0.000,0.000,0.000,0.000,0.000,0.000,0.000,-0.0198,-0.0048,0.0038,0.0000,-0.0000,-0.0260,-0.0793,0.0409,0.3043,-0.0912,-0.0948,0.0430,-0.1381,-0.0581,0.1504,0.1296,-0.0784,0.0000,-0.0394,0.0528,0.0987,-0.0078,-0.1093,0.0020
3475.0,0,2.903,0.000,0.000,0.000,0.000,0.000,0.000,0.000,0.000,0.000,0.000,0.000,0.000,0.000,0.000,0.000,0.000,0.000,0.000,0.000,0.000,8.791,0.000,0.000,0.000,0.000,0.000,0.000,0.000,3.833,0.000,0.000,0.000,0.000,0.000,0.000,0.000,0.000,0.000,0.000,0.000,0.000,0.000,81.803,0.000,0.000,0.000,0.000,0.000,0.000,0.000,0.000,0.000,0.000,0.000,0.000,0.000,0.000,0.000,0.000,0.000,0.000,0.000,0.000,0.000,0.000,0.000,0.000,0.000,-0.0408,-0.0087,0.0032,0.0000,-0.0000,-0.0373,-0.1004,0.0349,0.3017,-0.1254,-0.1031,0.0395,-0.1355,-0.0806,0.1517,0.1162,-0.0893,0.0000,-0.0416,0.0573,0.1031,-0.0092,-0.0994,0.0016
3483.0,0,0.586,0.000,0.000,0.000,0.000,0.000,0.000,0.000,0.000,0.000,0.000,0.000,0.000,0.000,0.000,0.000,0.000,0.000,0.000,0.000,0.000,20.852,0.000,0.000,0.000,0.000,0.000,0.000,0.000,0.774,0.000,0.000,0.000,0.000,0.000,0.000,0.000,0.000,0.000,0.000,0.000,0.000,0.000,79.053,0.000,0.000,0.000,0.000,0.000,0.000,0.000,0.000,0.000,0.000,0.000,0.000,0.000,0.000,0.000,0.000,0.000,0.000,0.000,0.000,0.000,0.000,0.000,0.000,0.000,-0.0505,-0.0110,0.0026,0.0000,-0.0000,-0.0440,-0.1197,0.0293,0.2996,-0.1682,-0.1032,0.0425,-0.1263,-0.1095,0.1503,0.1113,-0.1008,0.0000,-0.0440,0.0618,0.1109,-0.0094,-0.0905,0.0012
3491.5,0,0.107,0.000,0.000,0.000,0.000,0.000,0.000,0.000,0.000,0.000,0.000,0.000,0.000,0.000,0.000,0.000,0.000,0.000,0.000,0.000,0.000,23.497,0.000,0.000,0.000,0.000,0.000,0.000,0.000,0.141,0.000,0.000,0.000,0.000,0.000,0.000,0.000,0.000,0.000,0.000,0.000,0.000,0.000,57.383,0.000,0.000,0.000,0.000,0.000,0.000,0.000,0.000,0.000,0.000,0.000,0.000,0.000,0.000,0.000,0.000,0.000,0.000,0.000,0.000,0.000,0.000,0.000,0.000,0.000,-0.0510,-0.0118,0.0021,0.0000,-0.0000,-0.0472,-0.1353,0.0244,0.2974,-0.2181,-0.0938,0.0525,-0.1115,-0.1384,0.1487,0.1152,-0.1040,0.0000,-0.0433,0.0721,0.1186,-0.0090,-0.0862,0.0010
3500.0,0,0.020,0.000,0.000,0.000,0.000,0.000,0.000,0.000,0.000,0.000,0.000,0.000,0.000,0.000,0.000,0.000,0.000,0.000,0.000,0.000,0.000,47.237,0.000,0.000,9.048,0.000,0.000,0.000,0.000,0.026,0.000,0.000,0.000,0.000,0.000,12.377,0.000,0.000,0.000,0.000,16.740,0.000,0.000,51.902,0.000,8.187,0.000,0.000,0.000,0.000,0.000,0.000,0.000,0.000,0.000,0.000,0.000,0.000,0.000,0.000,0.000,0.000,0.000,0.000,0.000,0.000,0.000,0.000,0.000,-0.0356,0.0087,0.0017,0.0000,-0.0000,-0.0466,-0.1492,0.0202,0.2942,-0.2710,-0.0610,0.0684,-0.0945,-0.1626,0.1462,0.1295,-0.1002,0.0000,-0.0427,0.0920,0.1239,-0.0082,-0.0850,0.0107
3508.0,0,0.004,0.000,0.000,0.000,0.000,0.000,0.000,0.000,0.000,0.000,0.000,0.000,0.000,0.000,0.000,0.000,0.000,0.000,0.000,0.000,0.000,59.386,0.000,0.000,11.221,0.000,0.000,0.000,0.000,0.005,0.000,0.000,0.000,0.000,0.000,8.564,0.000,0.000,0.000,0.000,12.774,0.000,0.000,42.543,0.000,14.380,0.000,0.000,0.000,3.012,0.000,0.000,0.000,0.000,0.000,0.000,0.000,0.000,0.000,0.000,0.000,0.000,0.000,0.000,0.000,0.000,0.000,0.000,0.000,-0.0094,0.0416,0.0014,0.0000,-0.0000,-0.0437,-0.1619,0.0166,0.2915,-0.3243,-0.0029,0.0879,-0.0779,-0.1765,0.1457,0.1468,-0.0924,0.0000,-0.0399,0.1159,0.1234,-0.0073,-0.0809,0.0259
3516.5,0,0.001,0.000,0.000,0.000,0.000,0.000,0.000,0.000,0.000,0.000,0.000,0.000,0.000,0.000,0.000,0.000,0.000,0.000,0.000,0.000,0.000,58.072,0.000,0.000,13.463,0.000,0.000,0.000,0.000,0.001,0.000,0.000,0.000,0.000,0.000,1.565,0.000,0.000,0.000,0.000,5.059,0.000,0.000,34.763,0.000,2.627,0.000,0.000,0.000,0.550,0.000,0.000,0.000,0.000,0.000,0.000,0.000,0.000,0.000,0.000,0.000,0.000,0.000,0.000,0.000,0.000,0.000,0.000,0.000,0.0229,0.0649,0.0011,0.0000,-0.0000,-0.0394,-0.1732,0.0135,0.2880,-0.3751,0.0655,0.1091,-0.0631,-0.1822,0.1533,0.1616,-0.0824,0.0000,-0.0400,0.1411,0.1215,-0.0064,-0.0790,0.0459
3525.0,0,0.000,0.000,0.000,0.000,0.000,0.000,0.000,0.000,0.000,0.000,0.000,0.000,0.000,0.000,0.000,0.000,0.000,0.000,0.000,0.000,0.000,50.448,0.000,0.000,13.872,0.000,0.000,0.000,0.000,0.000,0.000,0.000,0.000,0.000,0.000,0.286,0.000,0.000,0.000,0.000,0.924,0.000,0.000,21.757,0.000,0.480,0.000,0.000,0.000,0.101,0.000,0.000,0.000,0.000,0.000,0.000,0.000,0.000,0.000,0.000,0.000,0.000,0.000,0.000,0.000,0.000,0.000,0.000,0.000,0.0572,0.0759,0.0009,0.0000,-0.0000,-0.0346,-0.1819,0.0110,0.2841,-0.4180,0.1408,0.1346,-0.0543,-0.1770,0.1680,0.1782,-0.0719,0.0000,-0.0387,0.1633,0.1202,0.0000,-0.0745,0.0687
3533.0,0,0.000,0.000,0.000,0.000,0.000,0.000,0.000,0.000,0.000,0.000,0.000,0.000,0.000,0.000,0.000,0.000,0.000,0.000,0.000,0.000,0.000,46.497,0.000,0.000,18.146,0.000,0.000,0.000,0.000,0.000,0.000,0.000,0.000,0.000,0.000,0.058,0.000,0.000,0.000,0.000,0.187,0.000,0.000,14.108,0.000,0.097,0.000,0.000,0.000,0.020,0.000,0.000,0.000,0.000,0.000,0.000,0.000,0.000,0.000,0.000,0.000,0.000,0.000,0.000,0.000,0.000,0.000,0.000,0.000,0.0928,0.0781,0.0007,0.0000,-0.0000,-0.0299,-0.1882,0.0089,0.2774,-0.4519,0.2131,0.1611,-0.0530,-0.1643,0.1807,0.1939,-0.0642,0.0000,-0.0358,0.1827,0.1163,0.0050,-0.0735,0.0859
3541.5,0,0.000,0.000,0.000,0.000,0.000,0.000,0.000,0.000,0.000,0.000,0.000,0.000,0.000,0.000,0.000,0.000,0.000,0.000,0.000,0.000,0.000,20.127,0.000,0.000,3.315,0.000,0.000,0.000,0.000,0.000,0.000,0.000,0.000,0.000,0.000,0.011,0.000,0.000,0.000,0.000,0.034,0.000,0.000,2.577,0.000,0.018,0.000,0.000,0.000,0.004,0.000,0.000,0.000,0.000,0.000,0.000,0.000,0.000,0.000,0.000,0.000,0.000,0.000,0.000,0.000,0.000,0.000,0.000,0.000,0.1195,0.0748,0.0006,0.0000,-0.0000,-0.0254,-0.1922,0.0071,0.2660,-0.4774,0.2689,0.1852,-0.0614,-0.1475,0.1905,0.2038,-0.0628,0.0000,-0.0281,0.1955,0.1150,0.0079,-0.0700,0.1000
3550.0,0,0.000,0.000,0.000,0.000,0.000,0.000,0.000,0.000,0.000,0.000,0.000,0.000,0.000,0.000,0.000,0.000,0.000,0.000,0.000,0.000,0.000,5.908,0.000,0.000,0.606,0.000,0.000,0.000,0.000,0.000,0.000,0.000,0.000,0.000,0.000,0.002,0.000,0.000,0.000,0.000,0.006,0.000,0.000,0.471,0.000,0.003,0.000,0.000,0.000,0.001,0.000,0.000,0.000,0.000,0.000,0.000,0.000,0.000,0.000,0.000,0.000,0.000,0.000,0.000,0.000,0.000,0.000,0.000,0.000,0.1344,0.0686,0.0004,0.0000,-0.0000,-0.0213,-0.1927,0.0057,0.2465,-0.4923,0.2912,0.2044,-0.0795,-0.1292,0.1972,0.2089,-0.0656,0.0000,-0.0189,0.2032,0.1113,0.0091,-0.0698,0.1069
3558.0,0,0.000,0.000,0.000,0.000,0.000,0.000,0.000,0.000,0.000,0.000,0.000,0.000,0.000,0.000,0.000,0.000,0.000,0.000,0.000,0.000,0.000,1.193,0.000,0.000,0.122,0.000,0.000,0.000,0.000,0.000,0.000,0.000,0.000,0.000,0.000,0.000,0.000,0.000,0.000,0.000,0.001,0.000,0.000,0.095,0.000,0.001,0.000,0.000,0.000,0.000,0.000,0.000,0.000,0.000,0.000,0.000,0.000,0.000,0.000,0.000,0.000,0.000,0.000,0.000,0.000,0.000,0.000,0.000,0.000,0.1381,0.0609,0.0004,0.0000,-0.0000,-0.0177,-0.1890,0.0046,0.2217,-0.4971,0.2863,0.2178,-0.1058,-0.1111,0.1996,0.2117,-0.0677,0.0000,-0.0097,0.2028,0.1120,0.0092,-0.0696,0.1058
3566.5,0,0.000,0.000,0.000,0.000,0.000,0.000,0.000,0.000,0.000,0.000,0.000,0.000,0.000,0.000,0.000,0.000,0.000,0.000,0.000,0.000,0.000,0.218,0.000,0.000,0.022,0.000,0.000,0.000,0.000,0.000,0.000,0.000,0.000,0.000,0.000,0.000,0.000,0.000,0.000,0.000,0.000,0.000,0.000,0.017,0.000,0.000,0.000,0.000,0.000,0.000,0.000,0.000,0.000,0.000,0.000,0.000,0.000,0.000,0.000,0.000,0.000,0.000,0.000,0.000,0.000,0.000,0.000,0.000,0.000,0.1336,0.0530,0.0003,0.0000,-0.0000,-0.0146,-0.1818,0.0036,0.1947,-0.4948,0.2638,0.2257,-0.1292,-0.0942,0.1922,0.2125,-0.0678,0.0000,-0.0016,0.1930,0.1107,0.0088,-0.0717,0.0992
3575.0,0,0.000,0.000,0.000,0.000,0.000,0.000,0.000,0.000,0.000,0.000,0.000,0.000,0.000,0.000,0.000,0.000,0.000,0.000,0.000,0.000,0.000,0.040,0.000,0.000,0.004,0.000,0.000,0.000,0.000,0.000,0.000,0.000,0.000,0.000,0.000,0.000,0.000,0.000,0.000,0.000,0.000,0.000,0.000,12.728,0.000,0.000,0.000,0.000,0.000,0.000,0.000,0.000,0.000,0.000,0.000,0.000,0.000,0.000,0.000,0.000,0.000,0.000,0.000,0.000,0.000,0.000,0.000,0.000,0.000,0.1206,0.0453,0.0002,0.0000,-0.0000,-0.0120,-0.1704,0.0029,0.1679,-0.4833,0.2345,0.2281,-0.1469,-0.0790,0.1772,0.2041,-0.0646,0.0000,0.0036,0.1768,0.1123,0.0080,-0.0703,0.0897
3583.0,0,0.000,0.000,0.000,0.000,0.000,0.000,0.000,0.000,0.000,0.000,0.000,0.000,0.000,0.000,0.000,0.000,0.000,0.000,0.000,0.000,0.000,0.008,0.000,0.000,0.001,0.000,0.000,0.000,0.000,0.000,0.000,0.000,0.000,0.000,0.000,0.000,0.000,0.000,0.000,0.000,0.000,0.000,0.000,29.145,0.000,0.000,0.000,0.000,0.000,0.000,0.000,0.000,0.000,0.000,0.000,0.000,0.000,0.000,0.000,0.000,0.000,0.000,0.000,0.000,0.000,0.000,0.000,0.000,0.000,0.0986,0.0382,0.0002,0.0000,-0.0000,-0.0098,-0.1497,0.0023,0.1426,-0.4744,0.2292,0.2253,-0.1574,-0.0656,0.1584,0.1901,-0.0590,0.0000,0.0065,0.1573,0.1117,0.0071,-0.0657,0.0790
3591.5,0,0.000,0.000,0.000,0.000,0.000,0.000,0.000,0.000,0.000,0.000,0.000,0.000,0.000,0.000,0.000,0.000,0.000,0.000,0.000,0.000,0.000,16.482,0.000,0.000,0.000,0.000,0.000,0.000,0.000,0.000,0.000,0.000,0.000,0.000,0.000,0.000,0.000,0.000,0.000,0.000,0.000,0.000,0.000,45.563,0.000,0.000,0.000,0.000,0.000,0.000,0.000,0.000,0.000,0.000,0.000,0.000,0.000,0.000,0.000,0.000,0.000,0.000,0.000,0.000,0.000,0.000,0.000,0.000,0.000,0.0793,0.0319,0.0001,0.0000,-0.0000,-0.0079,-0.1098,0.0018,0.1198,-0.4722,0.2532,0.2201,-0.1646,-0.0541,0.1383,0.1751,-0.0524,0.0000,0.0078,0.1370,0.1079,0.0062,-0.0618,0.0682
3600.0,0,0.000,0.000,0.000,0.000,0.000,0.000,0.000,6.703,0.000,0.000,0.000,0.000,0.000,0.000,0.000,0.000,0.000,0.000,0.000,0.000,0.000,25.221,0.000,0.000,0.000,0.000,0.000,0.000,0.000,0.000,0.000,0.000,0.000,0.000,0.000,0.000,0.000,0.000,0.000,0.000,0.000,0.000,0.000,49.114,0.000,0.000,0.000,0.000,0.000,0.000,0.000,0.000,0.000,0.000,0.000,0.000,0.000,0.000,0.000,0.000,0.000,0.000,0.000,0.000,0.000,0.000,0.000,0.000,0.000,0.0649,0.0264,0.0001,0.0000,-0.0000,-0.0064,-0.0668,0.0014,0.1047,-0.4767,0.2956,0.2142,-0.1805,-0.0443,0.1186,0.1572,-0.0455,0.0000,0.0080,0.1174,0.1050,0.0053,-0.0594,0.0580
3608.0,0,0.000,0.000,0.000,0.000,0.000,0.000,0.000,11.353,0.000,0.000,0.000,0.000,0.000,7.408,0.000,0.000,0.000,0.000,0.000,0.000,0.000,15.474,0.000,0.000,0.000,0.000,0.000,0.000,0.000,0.000,0.000,0.000,0.000,0.000,0.000,0.000,0.000,0.000,0.000,0.000,0.000,0.000,0.000,43.945,0.000,0.000,0.000,0.000,0.000,0.000,0.000,0.000,0.000,0.000,0.000,0.000,0.000,0.000,0.000,0.000,0.000,0.000,0.000,0.000,0.000,0.000,0.000,0.000,0.000,0.0525,0.0217,0.0047,0.0000,-0.0000,-0.0068,-0.0411,0.0011,0.0942,-0.4872,0.3399,0.2072,-0.1985,-0.0470,0.1047,0.1380,-0.0389,0.0000,0.0105,0.0992,0.1051,0.0044,-0.0584,0.0488
3616.5,0,0.000,0.000,0.000,0.000,0.000,0.000,0.000,2.074,0.000,0.000,0.000,2.231,0.000,1.353,0.000,0.000,0.000,0.000,0.000,0.000,0.000,10.781,0.000,0.000,0.000,0.000,0.000,0.000,0.000,0.000,0.000,0.000,0.000,0.000,0.000,0.000,0.000,0.000,0.000,0.000,0.000,0.000,0.000,33.583,0.000,0.000,0.000,0.000,0.000,0.000,0.000,0.000,0.000,0.000,0.000,0.000,0.000,0.000,0.000,0.000,0.000,0.000,0.000,0.000,0.000,0.000,0.000,0.000,0.000,0.0418,0.0178,0.0081,0.0000,-0.0000,-0.0069,-0.0285,0.0009,0.0861,-0.5015,0.3775,0.2007,-0.2113,-0.0627,0.0914,0.1222,-0.0328,0.0000,0.0062,0.0829,0.1036,0.0037,-0.0576,0.0406
3625.0,0,0.000,0.000,0.000,0.000,0.000,0.000,0.000,0.379,0.000,0.000,0.000,0.408,0.000,0.247,0.000,0.000,0.000,0.000,0.000,0.000,0.000,10.760,0.000,0.000,0.000,0.000,0.000,0.000,0.000,0.000,0.000,0.000,0.000,0.000,0.000,0.000,0.000,0.000,0.000,0.000,0.000,0.000,0.000,16.971,0.000,0.000,0.000,0.000,0.000,0.000,0.000,0.000,0.000,0.000,0.000,0.000,0.000,0.000,0.000,0.000,0.000,0.000,0.000,0.000,0.000,0.000,0.000,0.000,0.000,0.0353,0.0144,0.0098,0.0000,-0.0000,-0.0066,-0.0221,0.0007,0.0838,-0.5142,0.4056,0.2021,-0.2157,-0.0794,0.0786,0.1117,-0.0274,0.0000,0.0027,0.0687,0.1023,0.0031,-0.0525,0.0335
3633.0,0,0.000,0.000,0.000,0.000,0.000,0.000,0.000,0.076,0.000,0.000,0.000,0.082,0.000,0.050,0.000,0.000,0.000,0.000,0.000,0.000,0.000,12.306,0.000,0.000,0.000,0.000,0.000,0.000,0.000,0.000,0.000,0.000,0.000,0.000,0.000,0.000,0.000,0.000,0.000,0.000,0.000,0.000,0.000,3.426,0.000,0.000,0.000,0.000,0.000,0.000,0.000,0.000,0.000,0.000,0.000,0.000,0.000,0.000,0.000,0.000,0.000,0.000,0.000,0.000,0.000,0.000,0.000,0.000,0.000,0.0363,0.0117,0.0102,0.0000,-0.0000,-0.0061,-0.0204,0.0006,0.0832,-0.5234,0.4131,0.2067,-0.2096,-0.0911,0.0667,0.1092,-0.0227,0.0000,-0.0015,0.0566,0.1036,0.0025,-0.0461,0.0275
3641.5,0,0.000,0.000,0.000,0.000,0.000,0.000,0.000,0.014,0.000,0.000,0.000,0.015,0.000,0.009,0.000,0.000,0.000,0.000,0.000,0.000,0.000,7.736,0.000,0.000,0.000,0.000,0.000,0.000,0.000,0.000,0.000,0.000,0.000,0.000,0.000,0.000,0.000,0.000,0.000,0.000,0.000,0.000,0.000,0.626,0.000,0.000,0.000,0.000,0.000,0.000,0.000,0.000,0.000,0.000,0.000,0.000,0.000,0.000,0.000,0.000,0.000,0.000,0.000,0.000,0.000,0.000,0.000,0.000,0.000,0.0417,0.0094,0.0099,0.0000,-0.0000,-0.0054,-0.0236,0.0004,0.0854,-0.5260,0.3958,0.2126,-0.1946,-0.0942,0.0559,0.1147,-0.0186,0.0000,-0.0060,0.0462,0.1057,0.0021,-0.0396,0.0224
3650.0,0,0.000,0.000,0.000,0.000,0.000,0.000,0.000,0.003,0.000,0.000,0.000,0.003,0.000,0.002,0.000,0.000,0.000,0.000,0.000,0.000,0.000,1.413,0.000,0.000,0.000,0.000,0.000,0.000,0.000,0.000,0.000,0.000,0.000,0.000,0.000,0.000,0.000,0.000,0.000,0.000,0.000,0.000,0.000,0.114,0.000,0.000,0.000,0.000,0.000,0.000,0.000,0.000,0.000,0.000,0.000,0.000,0.000,0.000,0.000,0.000,0.000,0.000,0.000,0.000,0.000,0.000,0.000,0.000,0.000,0.0453,0.0075,0.0091,0.0000,-0.0000,-0.0047,-0.0303,0.0003,0.0858,-0.5228,0.3585,0.2201,-0.1757,-0.0908,0.0495,0.1245,-0.0152,0.0000,-0.0086,0.0399,0.1045,0.0017,-0.0336,0.0182
3658.0,0,0.000,0.000,0.000,0.000,0.000,0.000,0.000,0.001,0.000,0.000,0.000,0.001,0.000,0.000,0.000,0.000,0.000,0.000,0.000,0.000,0.000,0.285,0.000,0.000,0.000,0.000,0.000,0.000,0.000,0.000,0.000,0.000,0.000,0.000,0.000,0.000,0.000,0.000,0.000,0.000,0.000,0.000,0.000,0.023,0.000,0.000,0.000,0.000,0.000,0.000,0.000,0.000,0.000,0.000,0.000,0.000,0.000,0.000,0.000,0.000,0.000,0.000,0.000,0.000,0.000,0.000,0.000,0.000,0.000,0.0462,0.0060,0.0081,0.0000,-0.0000,-0.0041,-0.0387,0.0033,0.0843,-0.5104,0.3205,0.2242,-0.1592,-0.0836,0.0436,0.1324,-0.0147,0.0000,-0.0097,0.0419,0.1001,0.0013,-0.0281,0.0163
3666.5,0,0.000,0.000,0.000,0.000,0.000,0.000,0.000,0.000,0.000,0.000,0.000,0.000,0.000,0.000,0.000,0.000,0.000,0.000,0.000,0.000,0.000,8.239,0.000,0.000,0.000,0.000,0.000,0.000,0.000,0.000,0.000,0.000,0.000,0.000,0.000,0.000,0.000,0.000,0.000,0.000,0.000,0.000,0.000,9.053,0.000,0.000,0.000,0.000,0.000,0.000,0.000,0.000,0.000,0.000,0.000,0.000,0.000,0.000,0.000,0.000,0.000,0.000,0.000,0.000,0.000,0.000,0.000,0.000,0.000,0.0470,0.0048,0.0071,0.0000,-0.0000,-0.0034,-0.0459,0.0055,0.0791,-0.4897,0.2963,0.2227,-0.1454,-0.0745,0.0399,0.1370,-0.0181,0.0000,-0.0097,0.0494,0.0922,0.0011,-0.0234,0.0146
3675.0,0,0.000,0.000,0.000,0.000,0.000,0.000,0.000,0.000,0.000,0.000,0.000,0.000,0.000,0.000,0.000,0.000,0.000,0.000,0.000,0.000,0.000,1.505,0.000,0.000,0.000,0.000,0.000,0.000,0.000,0.000,0.000,0.000,0.000,0.000,0.000,0.000,0.000,0.000,0.000,0.000,0.000,0.000,0.000,9.062,0.000,0.000,0.000,0.000,0.000,0.000,0.000,0.000,0.000,0.000,0.000,0.000,0.000,0.000,0.000,0.000,0.000,0.000,0.000,0.000,0.000,0.000,0.000,0.000,0.000,0.0420,0.0038,0.0060,0.0000,-0.0000,-0.0029,-0.0483,0.0101,0.0716,-0.4694,0.2867,0.2150,-0.1332,-0.0650,0.0359,0.1351,-0.0312,0.0000,-0.0092,0.0529,0.0824,0.0009,-0.0192,0.0128
3683.0,0,0.000,0.000,0.000,0.000,0.000,0.000,0.000,0.000,0.000,0.000,0.000,0.000,0.000,0.000,0.000,0.000,0.000,0.000,0.000,0.000,0.000,0.304,0.000,0.000,0.000,0.000,0.000,0.000,0.000,0.000,0.000,0.000,0.000,0.000,0.000,0.000,0.000,0.000,0.000,0.000,0.000,0.000,0.000,19.378,0.000,0.000,0.000,0.000,0.000,0.000,0.000,0.000,0.000,0.000,0.000,0.000,0.000,0.000,0.000,0.000,0.000,0.000,0.000,0.000,0.000,0.000,0.000,0.000,0.000,0.0316,0.0030,0.0051,0.0000,-0.0000,-0.0024,-0.0399,0.0130,0.0631,-0.4561,0.3027,0.2012,-0.1309,-0.0557,0.0316,0.1284,-0.0520,0.0000,-0.0029,0.0522,0.0719,0.0007,-0.0158,0.0110
3691.5,0,0.000,0.000,0.000,0.000,0.000,0.000,0.000,0.000,0.000,0.000,0.000,0.000,0.000,0.000,0.000,0.000,0.000,0.000,0.000,0.000,0.000,0.056,0.000,0.000,0.000,0.000,0.000,0.000,0.000,0.000,0.000,0.000,0.000,0.000,0.000,0.000,0.000,0.000,0.000,0.000,0.000,0.000,0.000,25.185,0.000,0.000,0.000,0.000,0.000,0.000,0.000,0.000,0.000,0.000,0.000,0.000,0.000,0.000,0.000,0.000,0.000,0.000,0.000,0.000,0.000,0.000,0.000,0.000,0.000,0.0170,0.0024,0.0043,0.0000,-0.0000,-0.0020,-0.0373,0.0141,0.0545,-0.4502,0.3259,0.1825,-0.1408,-0.0471,0.0273,0.1175,-0.0727,0.0000,0.0063,0.0488,0.0617,0.0006,-0.0128,0.0094
3700.0,0,0.000,0.000,0.000,0.000,0.000,0.000,0.000,0.000,0.000,0.000,0.000,0.000,0.000,0.000,0.000,0.000,0.000,0.000,0.000,0.000,0.000,0.010,0.000,0.000,0.000,0.000,6.065,0.000,0.000,0.000,0.000,0.000,0.000,0.000,0.000,0.000,0.000,0.000,0.000,0.000,0.000,0.000,0.000,31.463,0.000,0.000,0.000,0.000,0.000,0.000,0.000,0.000,0.000,0.000,0.000,0.000,0.000,0.000,0.000,0.000,0.000,0.000,0.000,0.000,0.000,0.000,0.000,0.000,0.000,0.0004,0.0019,0.0035,0.0000,-0.0000,-0.0075,-0.0410,0.0139,0.0464,-0.4460,0.3565,0.1613,-0.1615,-0.0436,0.0265,0.1141,-0.0907,0.0000,0.0279,0.0440,0.0522,0.0004,-0.0070,0.0079
3708.0,0,0.000,0.000,0.000,0.000,0.000,0.000,0.000,0.000,0.000,0.000,0.000,0.000,0.000,0.000,0.000,0.000,0.000,0.000,0.000,0.000,0.000,0.002,0.000,0.000,0.000,0.000,1.225,0.000,0.000,0.000,0.000,0.000,0.000,0.000,0.000,0.000,0.000,0.000,0.000,0.000,0.000,0.000,0.000,37.880,0.000,0.000,0.000,0.000,0.000,0.000,0.000,0.000,0.000,0.000,0.000,0.000,0.000,0.000,0.000,0.000,0.000,0.000,0.000,0.000,0.000,0.000,0.000,0.000,0.000,-0.0168,0.0015,0.0029,0.0000,-0.0000,-0.0187,-0.0430,0.0130,0.0390,-0.4420,0.3929,0.1423,-0.1775,-0.0548,0.0319,0.1122,-0.1042,0.0000,0.0608,0.0387,0.0437,-0.0013,-0.0088,0.0065
3716.5,0,0.000,0.000,0.000,0.000,0.000,0.000,0.000,0.000,0.000,0.000,0.000,0.000,0.000,0.000,0.000,0.000,0.000,0.000,0.000,0.000,0.000,15.620,0.000,0.000,0.000,0.000,3.552,0.000,0.000,7.408,0.000,0.000,0.000,0.000,0.000,0.000,0.000,0.000,0.000,0.000,0.000,0.000,0.000,45.970,0.000,0.000,0.000,0.000,0.000,0.000,0.000,0.000,0.000,0.000,0.000,0.000,0.000,0.000,0.000,0.000,0.000,0.000,0.000,0.000,0.000,0.000,0.000,0.000,0.000,-0.0257,-0.0035,0.0024,0.0000,-0.0000,-0.0337,-0.0382,0.0117,0.0325,-0.4378,0.4367,0.1292,-0.1802,-0.0772,0.0376,0.1102,-0.1100,0.0000,0.0944,0.0333,0.0362,-0.0025,-0.0143,0.0054
3725.0,0,0.000,0.000,0.000,0.000,0.000,0.000,0.000,0.000,0.000,0.000,0.000,0.000,0.000,0.000,0.000,0.000,0.000,0.000,0.000,0.000,0.000,23.535,0.000,0.000,0.000,0.000,0.649,0.000,0.000,9.307,0.000,0.000,0.000,0.000,0.000,0.000,0.000,0.000,0.000,0.000,0.000,0.000,0.000,50.490,0.000,0.000,0.000,0.000,0.000,0.000,0.000,0.000,0.000,0.000,0.000,0.000,0.000,0.000,0.000,0.000,0.000,0.000,0.000,0.000,0.000,0.000,0.000,0.000,0.000,-0.0272,-0.0117,0.0019,0.0000,-0.0000,-0.0493,-0.0379,0.0103,0.0268,-0.4307,0.4772,0.1224,-0.1708,-0.1001,0.0437,0.1143,-0.1078,-0.0059,0.1210,0.0283,0.0298,-0.0031,-0.0237,0.0044
3733.0,0,0.000,0.000,0.000,0.000,0.000,0.000,0.000,0.000,0.000,0.000,0.000,0.000,0.000,3.329,0.000,0.000,0.000,0.000,0.000,0.000,0.000,14.783,0.000,0.000,0.000,0.000,0.131,0.000,0.000,10.410,0.000,0.000,0.000,0.000,0.000,0.000,0.000,0.000,0.000,0.000,0.000,0.000,0.000,44.212,0.000,0.000,0.000,0.000,0.000,0.000,0.000,0.000,0.000,0.000,0.000,0.000,0.000,0.000,0.000,0.000,0.000,0.000,0.000,0.000,0.000,0.000,0.000,0.000,0.000,-0.0263,-0.0218,0.0039,0.0000,-0.0000,-0.0581,-0.0399,0.0089,0.0290,-0.4206,0.5117,0.1228,-0.1488,-0.1223,0.0511,0.1222,-0.1004,-0.0145,0.1443,0.0238,0.0317,-0.0033,-0.0382,0.0036
3741.5,0,0.000,0.000,0.000,0.000,0.000,0.000,0.000,0.000,0.000,0.000,0.000,0.000,0.000,0.608,0.000,0.000,0.000,0.000,0.000,0.000,0.000,10.914,0.000,0.000,0.000,0.000,0.024,0.000,0.000,4.914,0.000,0.000,0.000,0.000,0.000,0.000,0.000,0.000,0.000,0.000,0.000,0.000,0.000,37.217,0.000,0.000,0.000,0.000,0.000,0.000,0.000,0.000,0.000,0.000,0.000,0.000,0.000,0.000,0.000,0.000,0.000,0.000,0.000,0.000,0.000,0.000,0.000,0.000,0.000,-0.0247,-0.0296,0.0053,0.0000,-0.0000,-0.0602,-0.0397,0.0075,0.0421,-0.4067,0.5429,0.1356,-0.1230,-0.1361,0.0585,0.1365,-0.0903,-0.0255,0.1599,0.0198,0.0420,-0.0032,-0.0534,0.0029
3750.0,0,0.000,0.000,0.000,0.000,0.000,0.000,0.000,0.000,0.000,0.000,0.000,0.000,0.000,0.111,0.000,0.000,0.000,0.000,0.000,0.000,0.000,9.713,0.000,0.000,0.000,0.000,0.004,0.000,0.000,0.898,0.000,0.000,0.000,0.000,0.000,0.000,0.000,0.000,0.000,0.000,0.000,0.000,0.000,24.733,0.000,0.000,0.000,0.000,0.000,0.000,0.000,0.000,0.000,0.000,0.000,0.000,0.000,0.000,0.000,0.000,0.000,0.000,0.000,0.000,0.000,0.000,0.000,0.000,0.000,-0.0217,-0.0330,0.0059,0.0000,-0.0000,-0.0580,-0.0375,0.0063,0.0646,-0.3884,0.5679,0.1570,-0.1003,-0.1384,0.0629,0.1500,-0.0793,-0.0373,0.1624,0.0163,0.0532,-0.0030,-0.0670,0.0024
3758.0,0,0.000,0.000,0.000,0.000,0.000,0.000,0.000,0.000,0.000,0.000,0.000,0.000,0.000,0.022,0.000,0.000,0.000,0.000,0.000,0.000,0.000,1.961,0.000,0.000,0.000,0.000,0.001,0.000,0.000,0.181,0.000,0.000,0.000,0.000,0.000,0.000,0.000,0.000,0.000,0.000,0.000,0.000,0.000,13.494,0.000,0.000,0.000,0.000,0.000,0.000,0.000,0.000,0.000,0.000,0.000,0.000,0.000,0.000,0.000,0.000,0.000,0.000,0.000,0.000,0.000,0.000,0.000,0.000,0.000,-0.0201,-0.0332,0.0058,0.0000,-0.0000,-0.0534,-0.0341,0.0086,0.0936,-0.3676,0.5927,0.1842,-0.0807,-0.1321,0.0651,0.1619,-0.0683,-0.0466,0.1530,0.0134,0.0701,-0.0027,-0.0795,0.0019
3766.5,0,0.000,0.000,0.000,0.000,0.000,0.000,0.000,0.000,0.000,0.000,0.000,0.000,0.000,0.004,0.000,0.000,0.000,0.000,0.000,0.000,0.000,0.358,0.000,0.000,0.000,0.000,0.000,0.000,0.000,0.033,0.000,0.000,0.000,0.000,0.000,0.000,0.000,0.000,0.000,0.000,0.000,0.000,0.000,22.349,0.000,0.000,0.000,0.000,0.000,0.000,0.000,0.000,0.000,0.000,0.000,0.000,0.000,0.000,0.000,0.000,0.000,0.000,0.000,0.000,0.000,0.000,0.000,0.000,0.000,-0.0213,-0.0313,0.0055,0.0000,-0.0000,-0.0476,-0.0360,0.0171,0.1242,-0.3411,0.6197,0.2126,-0.0642,-0.1209,0.0688,0.1718,-0.0579,-0.0502,0.1397,0.0247,0.0912,-0.0023,-0.0912,0.0015
3775.0,0,0.000,0.000,0.000,0.000,0.000,0.000,0.000,0.000,0.000,0.000,0.000,0.000,0.000,0.001,0.000,0.000,0.000,0.000,0.000,0.000,0.000,0.065,0.000,0.000,0.000,0.000,0.000,0.000,0.000,0.006,0.000,0.000,0.000,0.000,0.000,0.000,0.000,0.000,0.000,0.000,0.000,0.000,0.000,31.897,0.000,0.000,0.000,0.000,0.000,0.000,0.000,0.000,0.000,0.000,0.000,0.000,0.000,0.000,0.000,0.000,0.000,0.000,0.000,0.000,0.000,0.000,0.000,0.000,0.000,-0.0267,-0.0285,0.0050,0.0000,-0.0000,-0.0415,-0.0363,0.0286,0.1537,-0.3078,0.6473,0.2383,-0.0522,-0.1074,0.0684,0.1737,-0.0486,-0.0495,0.1242,0.0431,0.1124,-0.0020,-0.1017,0.0012
3783.0,0,0.000,0.000,0.000,0.000,0.000,0.000,0.000,0.000,0.000,0.000,0.000,0.000,0.000,0.000,0.000,0.000,0.000,0.000,0.000,0.000,0.000,0.013,0.000,0.000,0.000,0.000,0.000,0.000,0.000,0.001,0.000,0.000,0.000,0.000,0.000,0.000,0.000,0.000,0.000,0.000,0.000,0.000,0.000,41.240,0.000,0.000,0.000,0.000,0.000,0.000,0.000,0.000,0.000,0.000,0.000,0.000,0.000,0.000,0.000,0.000,0.000,0.000,0.000,0.000,0.000,0.000,0.000,0.000,0.000,-0.0356,-0.0251,0.0044,0.0000,-0.0000,-0.0355,-0.0376,0.0427,0.1807,-0.2817,0.6750,0.2594,-0.0439,-0.0933,0.0644,0.1664,-0.0477,-0.0463,0.1081,0.0579,0.1291,-0.0017,-0.1084,0.0010
3791.5,0,0.000,0.000,0.000,0.000,0.000,0.000,0.000,0.000,0.000,0.000,0.000,0.000,0.000,0.000,0.000,0.000,0.000,0.000,0.000,0.000,0.000,0.002,0.000,0.000,0.000,0.000,0.000,0.000,0.000,0.000,0.000,0.000,0.000,0.000,0.000,0.000,0.000,0.000,0.000,0.000,0.000,0.000,0.000,32.935,0.000,0.000,0.000,0.000,0.000,0.000,0.000,0.000,0.000,0.000,0.000,0.000,0.000,0.000,0.000,0.000,0.000,0.000,0.000,0.000,0.000,0.000,0.000,0.000,0.000,-0.0455,-0.0217,0.0038,0.0000,-0.0000,-0.0300,-0.0368,0.0542,0.2015,-0.2594,0.6977,0.2737,-0.0385,-0.0798,0.0584,0.1545,-0.0524,-0.0417,0.0925,0.0646,0.1441,-0.0014,-0.1147,0.0008
3800.0,0,0.000,0.000,0.000,0.000,0.000,0.000,0.000,0.000,0.000,0.000,0.000,0.000,0.000,0.000,0.000,0.000,0.000,0.000,0.000,0.000,0.000,0.000,0.000,0.000,0.000,0.000,0.000,0.000,0.000,0.000,0.000,0.000,0.000,0.000,0.000,0.000,0.000,0.000,0.000,0.000,0.000,0.000,0.000,18.865,0.000,0.000,0.000,0.000,0.000,0.000,0.000,0.000,0.000,0.000,0.000,0.000,0.000,0.000,0.000,0.000,0.000,0.000,0.000,0.000,0.000,0.000,0.000,0.000,0.000,-0.0530,-0.0185,0.0032,0.0000,-0.0000,-0.0251,-0.0344,0.0590,0.2148,-0.2355,0.7134,0.2811,-0.0338,-0.0673,0.0516,0.1391,-0.0604,-0.0366,0.0781,0.0650,0.1526,-0.0012,-0.1170,0.0006
3808.0,0,0.000,0.000,0.000,0.000,0.000,0.000,0.000,0.000,0.000,0.000,0.000,0.000,0.000,0.000,0.000,0.000,0.000,0.000,0.000,0.000,0.000,0.000,0.000,0.000,0.000,0.000,0.000,0.000,0.000,0.000,0.000,0.000,0.000,0.000,0.000,0.000,0.000,0.000,0.000,0.000,0.000,0.000,0.000,10.768,0.000,0.000,0.000,0.000,0.000,0.000,0.000,0.000,0.000,0.000,0.000,0.000,0.000,0.000,0.000,0.000,0.000,0.000,0.000,0.000,0.000,0.000,0.000,0.000,0.000,-0.0565,-0.0156,0.0027,0.0000,-0.0000,-0.0208,-0.0327,0.0587,0.2200,-0.2230,0.7230,0.2817,-0.0281,-0.0562,0.0446,0.1223,-0.0668,-0.0315,0.0653,0.0615,0.1535,-0.0010,-0.1187,0.0005
3816.5,0,0.000,0.000,0.000,0.000,0.000,0.000,0.000,0.000,0.000,0.000,0.000,0.000,0.000,0.000,0.000,0.000,0.000,0.000,0.000,0.000,0.000,0.000,0.000,0.000,0.000,0.000,0.000,0.000,0.000,0.000,0.000,0.000,0.000,0.000,0.000,0.000,0.000,0.000,0.000,0.000,0.000,0.000,0.000,3.986,0.000,0.000,0.000,0.000,0.000,0.000,0.000,0.000,0.000,0.000,0.000,0.000,0.000,0.000,0.000,0.000,0.000,0.000,0.000,0.000,0.000,0.000,0.000,0.000,0.000,-0.0552,-0.0130,0.0023,0.0000,-0.0000,-0.0171,-0.0318,0.0551,0.2166,-0.2175,0.7304,0.2773,-0.0223,-0.0465,0.0380,0.1055,-0.0768,-0.0268,0.0541,0.0559,0.1523,-0.0008,-0.1097,0.0020
3825.0,0,0.000,0.000,0.000,0.000,0.000,0.000,0.000,0.000,0.000,0.000,0.000,0.000,0.000,0.000,0.000,0.000,0.000,0.000,0.000,0.000,0.000,0.000,0.000,0.000,0.000,0.000,0.000,0.000,0.000,0.000,0.000,0.000,0.000,0.000,0.000,0.000,0.000,0.000,0.000,0.000,0.000,0.000,0.000,4.057,0.000,0.000,0.000,0.000,0.000,0.000,0.000,0.000,0.000,0.000,0.000,0.000,0.000,0.000,0.000,0.000,0.000,0.000,0.000,0.000,0.000,0.000,0.000,0.000,0.000,-0.0509,-0.0107,0.0019,0.0000,-0.0000,-0.0140,-0.0315,0.0498,0.2038,-0.2135,0.7332,0.2693,-0.0171,-0.0382,0.0319,0.0932,-0.0937,-0.0225,0.0445,0.0494,0.1496,-0.0006,-0.0974,0.0031
3833.0,0,0.000,0.000,0.000,0.000,0.000,0.000,0.000,0.000,0.000,0.000,0.000,0.000,0.000,0.000,0.000,0.000,0.000,0.000,0.000,0.000,0.000,0.000,0.000,0.000,0.000,0.000,0.000,0.000,0.000,0.000,0.000,0.000,0.000,0.000,0.000,0.000,0.000,0.000,0.000,0.000,0.000,0.000,0.000,0.819,0.000,0.000,0.000,0.000,0.000,0.000,0.000,0.000,0.000,0.000,0.000,0.000,0.000,0.000,0.000,0.000,0.000,0.000,0.000,0.000,0.000,0.000,0.000,0.000,0.000,-0.0447,-0.0088,0.0015,0.0000,-0.0000,-0.0114,-0.0351,0.0439,0.1897,-0.2188,0.7327,0.2601,-0.0128,-0.0312,0.0266,0.0816,-0.1104,-0.0187,0.0363,0.0428,0.1457,-0.0005,-0.0764,0.0072
3841.5,0,0.000,0.000,0.000,0.000,0.000,0.000,0.000,0.000,0.000,0.000,0.000,0.000,0.000,0.000,0.000,0.000,0.000,0.000,0.000,0.000,0.000,0.000,0.000,0.000,0.000,0.000,0.000,0.000,0.000,0.000,0.000,0.000,0.000,0.000,0.000,0.000,0.000,0.000,0.000,0.000,0.000,0.000,0.000,18.363,0.000,0.000,0.000,0.000,0.000,0.000,0.000,0.000,0.000,0.000,0.000,0.000,0.000,0.000,0.000,0.000,0.000,0.000,0.000,0.000,0.000,0.000,0.000,0.000,0.000,-0.0418,-0.0072,0.0012,0.0000,-0.0000,-0.0092,-0.0438,0.0379,0.1748,-0.2308,0.7327,0.2500,-0.0093,-0.0254,0.0220,0.0760,-0.1239,-0.0154,0.0295,0.0364,0.1366,-0.0028,-0.0438,0.0099
3850.0,0,0.000,0.000,0.000,0.000,0.000,0.000,0.000,0.000,0.000,0.000,0.000,0.000,0.000,0.000,0.000,0.000,0.000,0.000,0.000,0.000,0.000,0.000,0.000,0.000,0.000,0.000,0.000,0.000,0.000,0.000,0.000,0.000,0.000,0.000,0.000,0.000,0.000,0.000,0.000,0.000,0.000,0.000,0.000,26.611,0.000,0.000,0.000,0.000,0.000,0.000,0.000,0.000,0.000,0.000,0.000,0.000,0.000,0.000,0.000,0.000,0.000,0.000,0.000,0.000,0.000,0.000,0.000,0.000,0.000,-0.0449,-0.0058,0.0010,0.0000,-0.0000,-0.0074,-0.0510,0.0322,0.1569,-0.2486,0.7323,0.2409,-0.0067,-0.0205,0.0180,0.0698,-0.1366,-0.0126,0.0217,0.0307,0.1237,-0.0076,0.0132,0.0110
3858.0,0,0.000,0.000,0.000,0.000,0.000,0.000,0.000,0.000,0.000,0.000,0.000,0.000,0.000,0.000,0.000,0.000,0.000,0.000,0.000,0.000,0.000,0.000,0.000,0.000,0.000,0.000,0.000,0.000,0.000,0.000,0.000,0.000,0.000,0.000,0.000,0.000,0.000,0.000,0.000,0.000,0.000,0.000,0.000,31.633,0.000,0.000,0.000,0.000,0.000,0.000,0.000,0.000,0.000,0.000,0.000,0.000,0.000,0.000,0.000,0.000,0.000,0.000,0.000,0.000,0.000,0.000,0.000,0.000,0.000,-0.0516,-0.0047,0.0008,0.0000,-0.0000,-0.0059,-0.0596,0.0271,0.1377,-0.2653,0.7308,0.2331,-0.0047,-0.0165,0.0147,0.0624,-0.1424,-0.0103,0.0106,0.0256,0.1091,-0.0160,0.0596,0.0111
3866.5,0,0.000,0.000,0.000,0.000,0.000,0.000,0.000,0.000,0.000,0.000,0.000,0.000,0.000,0.000,0.000,0.000,0.000,0.000,0.000,0.000,0.000,0.000,0.000,0.000,0.000,0.000,0.000,0.000,0.000,10.000,0.000,0.000,0.000,0.000,0.000,0.000,0.000,0.000,0.000,0.000,0.000,0.000,0.000,45.781,0.000,0.000,0.000,0.000,0.000,0.000,0.000,0.000,0.000,0.000,0.000,0.000,0.000,0.000,0.000,0.000,0.000,0.000,0.000,0.000,0.000,0.000,0.000,0.000,0.000,-0.0606,-0.0097,0.0007,0.0000,-0.0000,-0.0048,-0.0662,0.0225,0.1186,-0.2814,0.7291,0.2321,-0.0033,-0.0133,0.0119,0.0603,-0.1429,-0.0083,0.0003,0.0211,0.0944,-0.0243,0.0805,0.0205
3875.0,0,0.000,0.000,0.000,0.000,0.000,0.000,0.000,0.000,0.000,0.000,0.000,0.000,0.000,0.000,0.000,0.000,0.000,0.000,0.000,0.000,0.000,0.000,0.000,0.000,0.000,0.000,0.000,0.000,0.000,1.827,0.000,0.000,0.000,0.000,0.000,0.000,0.000,0.000,0.000,0.000,0.000,0.000,0.000,48.202,0.000,0.000,0.000,0.000,0.000,0.000,0.000,0.000,0.000,0.000,0.000,0.000,0.000,0.000,0.000,0.000,0.000,0.000,0.000,0.000,0.000,0.000,0.000,0.000,0.000,-0.0706,-0.0133,0.0005,0.0000,-0.0000,-0.0038,-0.0698,0.0186,0.1007,-0.2934,0.7273,0.2384,-0.0022,-0.0080,0.0096,0.0570,-0.1361,-0.0067,-0.0120,0.0268,0.0804,-0.0286,0.0844,0.0390
3883.0,0,0.000,0.000,0.000,0.000,0.000,0.000,0.000,0.000,0.000,0.000,0.000,0.000,0.000,0.000,0.000,0.000,0.000,0.000,0.000,0.000,0.000,0.000,0.000,0.000,0.000,0.000,0.000,0.000,0.000,0.369,0.000,0.000,0.000,0.000,0.000,0.000,0.000,0.000,0.000,0.000,0.000,0.000,0.000,53.526,0.000,0.000,0.000,0.000,0.000,0.000,0.000,0.000,0.000,0.000,0.000,0.000,0.000,0.000,0.000,0.000,0.000,0.000,0.000,0.000,0.000,0.000,0.000,0.000,0.000,-0.0805,-0.0149,0.0004,0.0000,-0.0000,-0.0030,-0.0715,0.0152,0.0845,-0.3047,0.7257,0.2491,-0.0015,0.0069,0.0078,0.0545,-0.1245,-0.0054,-0.0200,0.0411,0.0676,-0.0295,0.0746,0.0621
3891.5,0,0.000,0.000,0.000,0.000,0.000,0.000,0.000,0.000,0.000,0.000,0.000,0.000,0.000,0.000,0.000,0.000,0.000,0.000,0.000,0.000,0.000,0.000,0.000,0.000,0.000,0.000,0.000,0.000,0.000,7.476,0.000,0.000,0.000,0.000,0.000,0.000,0.000,0.000,0.000,0.000,0.000,0.000,0.000,60.488,0.000,0.000,0.000,0.000,0.000,0.000,0.000,0.000,0.000,0.000,0.000,0.000,0.000,0.000,0.000,0.000,0.000,0.000,0.000,0.000,0.000,0.000,0.000,0.000,0.000,-0.0898,-0.0196,0.0003,0.0000,-0.0000,-0.0024,-0.0741,0.0124,0.0703,-0.3220,0.7265,0.2617,-0.0010,0.0245,0.0062,0.0536,-0.1106,-0.0043,-0.0237,0.0616,0.0563,-0.0284,0.0599,0.0886
3900.0,0,0.000,0.000,0.000,0.000,0.000,0.000,0.000,0.000,0.000,0.000,0.000,0.000,0.000,0.000,0.000,0.000,0.000,0.000,0.000,0.000,0.000,5.488,0.000,0.000,0.000,0.000,0.000,0.000,0.000,5.044,0.000,0.000,0.000,0.000,0.000,0.000,0.000,0.000,0.000,0.000,0.000,0.000,0.000,70.377,0.000,0.000,0.000,0.000,0.000,0.000,0.000,0.000,0.000,0.000,0.000,0.000,0.000,0.000,0.000,0.000,0.000,0.000,0.000,0.000,0.000,0.000,0.000,0.000,0.000,-0.0949,-0.0245,0.0003,0.0000,-0.0000,-0.0019,-0.0769,0.0101,0.0580,-0.3464,0.7302,0.2755,-0.0006,0.0413,0.0050,0.0554,-0.0961,-0.0035,-0.0261,0.0838,0.0465,-0.0261,0.0428,0.1140
3908.0,0,0.000,0.000,0.000,0.000,0.000,0.000,0.000,0.000,0.000,0.000,0.000,0.000,0.000,0.000,0.000,0.000,0.000,0.000,0.000,0.000,0.000,5.174,0.000,0.000,0.000,0.000,0.000,0.000,0.000,1.018,0.000,0.000,0.000,0.000,0.000,0.000,0.000,0.000,0.000,0.000,0.000,0.000,0.000,80.615,0.000,0.000,0.000,0.000,0.000,0.000,0.000,0.000,0.000,0.000,0.000,0.000,0.000,0.000,0.000,0.000,0.000,0.000,0.000,0.000,0.000,0.000,0.000,0.000,0.000,-0.0979,-0.0267,0.0002,0.0000,-0.0000,-0.0015,-0.0784,0.0081,0.0491,-0.3743,0.7348,0.2874,-0.0004,0.0505,0.0040,0.0588,-0.0850,-0.0028,-0.0264,0.1033,0.0382,-0.0232,0.0247,0.1349
3916.5,0,2.019,0.000,0.000,0.000,0.000,0.000,0.000,0.000,0.000,0.000,0.000,0.000,0.000,0.000,0.000,0.000,0.000,0.000,0.000,0.000,0.000,2.964,0.000,0.000,0.000,0.000,0.000,0.000,0.000,0.186,0.000,0.000,0.000,0.000,0.000,0.000,0.000,0.000,0.000,0.000,0.000,0.000,0.000,80.729,0.000,0.000,0.000,0.000,0.000,0.000,0.000,0.000,0.000,0.000,0.000,0.000,0.000,0.000,0.000,0.000,0.000,0.000,0.000,0.000,0.000,0.000,0.000,0.000,0.000,-0.1022,-0.0265,0.0002,0.0000,-0.0000,-0.0012,-0.0842,0.0065,0.0429,-0.4016,0.7406,0.2962,-0.0002,0.0531,0.0082,0.0654,-0.0791,-0.0022,-0.0250,0.1223,0.0311,-0.0202,0.0042,0.1531
3925.0,0,0.369,0.000,0.000,0.000,0.000,0.000,0.000,0.000,0.000,0.000,0.000,0.000,0.000,0.000,0.000,0.000,0.000,0.000,0.000,0.000,0.000,0.541,0.000,0.000,0.000,0.000,0.000,0.000,0.000,0.034,0.000,0.000,0.000,0.000,0.000,0.000,0.000,0.000,0.000,0.000,0.000,0.000,0.000,80.814,0.000,0.000,0.000,0.000,0.000,0.000,0.000,0.000,0.000,0.000,0.000,0.000,0.000,0.000,0.000,0.000,0.000,0.000,0.000,0.000,0.000,0.000,0.000,0.000,0.000,-0.1072,-0.0249,0.0001,0.0000,-0.0000,-0.0009,-0.0927,0.0052,0.0388,-0.4272,0.7446,0.3029,-0.0001,0.0516,0.0163,0.0749,-0.0867,-0.0017,-0.0228,0.1366,0.0253,-0.0173,-0.0159,0.1682
3933.0,0,0.074,0.000,0.000,0.000,0.000,0.000,0.000,0.000,0.000,0.000,0.000,0.000,0.000,0.000,0.000,0.000,0.000,0.000,0.000,0.000,0.000,0.109,0.000,0.000,0.000,0.000,0.000,0.000,0.000,0.007,0.000,0.000,0.000,0.000,0.000,0.000,0.000,0.000,0.000,0.000,0.000,0.000,0.000,68.930,0.000,0.000,0.000,0.000,0.000,0.000,0.000,0.000,0.000,0.000,0.000,0.000,0.000,0.000,0.000,0.000,0.000,0.000,0.000,0.000,0.000,0.000,0.000,0.000,0.000,-0.1120,-0.0225,0.0001,0.0000,-0.0000,-0.0007,-0.1020,0.0042,0.0364,-0.4480,0.7479,0.3093,-0.0000,0.0477,0.0250,0.0852,-0.1048,-0.0014,-0.0201,0.1498,0.0204,-0.0146,-0.0346,0.1841
3941.5,0,0.014,0.000,0.000,0.000,0.000,0.000,0.000,0.000,0.000,0.000,0.000,0.000,0.000,0.000,0.000,0.000,0.000,0.000,0.000,0.000,0.000,0.020,0.000,0.000,0.000,0.000,0.000,0.000,0.000,0.001,0.000,0.000,0.000,0.000,0.000,0.000,0.000,0.000,0.000,0.000,0.000,0.000,0.000,63.405,0.000,0.000,0.000,0.000,0.000,0.000,0.000,0.000,0.000,0.000,0.000,0.000,0.000,0.000,0.000,0.000,0.000,0.000,0.000,0.000,0.000,0.000,0.000,0.000,0.000,-0.1158,-0.0198,0.0001,0.0000,-0.0000,-0.0006,-0.1140,0.0033,0.0334,-0.4665,0.7509,0.3153,0.0000,0.0427,0.0316,0.0961,-0.1318,-0.0011,-0.0174,0.1599,0.0215,-0.0122,-0.0508,0.1967
3950.0,0,0.002,0.000,0.000,0.000,0.000,0.000,0.000,0.000,0.000,0.000,0.000,0.000,0.000,0.000,0.000,0.000,0.000,0.000,0.000,0.000,0.000,18.217,0.000,0.000,0.000,0.000,0.000,0.000,0.000,10.000,0.000,0.000,0.000,0.000,0.000,0.000,0.000,0.000,0.000,0.000,0.000,0.000,0.000,60.088,0.000,0.000,0.000,0.000,0.000,0.000,0.000,0.000,0.000,0.000,0.000,0.000,0.000,0.000,0.000,0.000,0.000,0.000,0.000,0.000,0.000,0.000,0.000,0.000,0.000,-0.1102,-0.0230,0.0001,0.0000,-0.0000,-0.0038,-0.1248,0.0027,0.0297,-0.4838,0.7545,0.3205,-0.0018,0.0373,0.0386,0.1073,-0.1638,-0.0009,-0.0149,0.1664,0.0219,-0.0101,-0.0657,0.2055
3958.0,0,0.001,0.000,0.000,0.000,0.000,0.000,0.000,0.000,0.000,0.000,0.000,0.000,0.000,0.000,0.000,0.000,0.000,0.000,0.000,0.000,0.000,9.166,0.000,0.000,0.000,0.000,0.000,0.000,0.000,2.019,0.000,0.000,0.000,0.000,0.000,0.000,0.000,0.000,0.000,0.000,0.000,0.000,0.000,56.920,0.000,0.000,0.000,0.000,0.000,0.000,0.000,0.000,0.000,0.000,0.000,0.000,0.000,0.000,0.000,0.000,0.000,0.000,0.000,0.000,0.000,0.000,0.000,0.000,0.000,-0.1025,-0.0249,0.0001,0.0000,-0.0000,-0.0062,-0.1389,0.0021,0.0259,-0.5010,0.7585,0.3254,-0.0068,0.0320,0.0466,0.1170,-0.1939,-0.0007,-0.0082,0.1682,0.0265,-0.0083,-0.0772,0.2147
3966.5,0,0.000,0.000,0.000,0.000,0.000,0.000,0.000,0.000,0.000,0.000,0.000,0.000,0.000,0.000,0.000,0.000,0.000,0.000,0.000,0.000,0.000,11.674,0.000,0.000,0.000,0.000,0.000,0.000,0.000,3.094,0.000,0.000,0.000,0.000,0.000,0.000,0.000,0.000,0.000,0.000,0.000,0.000,0.000,56.446,0.000,0.000,0.000,0.000,0.000,0.000,0.000,0.000,0.000,0.000,0.000,0.000,0.000,0.000,0.000,0.000,0.000,0.000,0.000,0.000,0.000,0.000,0.000,0.000,0.000,-0.0930,-0.0268,0.0000,0.0000,-0.0000,-0.0073,-0.1574,0.0017,0.0222,-0.5194,0.7626,0.3309,-0.0154,0.0271,0.0597,0.1260,-0.2267,-0.0005,0.0042,0.1714,0.0288,-0.0068,-0.0869,0.2214
3975.0,0,0.000,0.000,0.000,0.000,0.000,0.000,0.000,0.000,0.000,0.000,0.000,0.000,0.000,0.000,0.000,0.000,0.000,0.000,0.000,0.000,0.000,10.320,0.000,0.000,0.000,0.000,0.000,0.000,0.000,0.565,0.000,0.000,0.000,0.000,0.000,0.000,0.000,0.000,0.000,0.000,0.000,0.000,0.000,57.148,0.000,0.000,0.000,0.000,0.000,0.000,0.000,0.000,0.000,0.000,0.000,0.000,0.000,0.000,0.000,0.000,0.000,0.000,0.000,0.000,0.000,0.000,0.000,0.000,0.000,-0.0836,-0.0267,0.0000,0.0000,-0.0000,-0.0076,-0.1774,0.0013,0.0188,-0.5356,0.7662,0.3358,-0.0307,0.0227,0.0820,0.1324,-0.2557,-0.0004,0.0173,0.1745,0.0303,-0.0055,-0.1007,0.2228
3983.0,0,0.000,0.000,0.000,0.000,0.000,0.000,0.000,0.000,0.000,0.000,0.000,0.000,0.000,0.000,0.000,0.000,0.000,0.000,0.000,0.000,0.000,2.084,0.000,0.000,0.000,0.000,0.000,0.000,0.000,0.114,0.000,0.000,0.000,0.000,0.000,0.000,0.000,0.000,0.000,0.000,0.000,0.000,0.000,52.676,0.000,0.000,0.000,0.000,0.000,0.000,0.000,0.000,0.000,0.000,0.000,0.000,0.000,0.000,0.000,0.000,0.000,0.000,0.000,0.000,0.000,0.000,0.000,0.000,0.000,-0.0792,-0.0252,0.0000,0.0000,-0.0000,-0.0073,-0.1957,0.0010,0.0157,-0.5525,0.7687,0.3403,-0.0517,0.0188,0.1110,0.1396,-0.2774,-0.0003,0.0324,0.1772,0.0342,-0.0045,-0.1113,0.2164
3991.5,0,0.000,0.000,0.000,0.000,0.000,0.000,0.000,0.000,0.000,0.000,0.000,0.000,0.000,0.000,0.000,0.000,0.000,0.000,0.000,0.000,0.000,0.381,0.000,0.000,0.000,0.000,0.000,0.000,0.000,4.087,0.000,0.000,0.000,0.000,0.000,0.000,0.000,0.000,0.000,0.000,0.000,0.000,0.000,52.667,0.000,0.000,0.000,0.000,0.000,0.000,0.000,0.000,0.000,0.000,0.000,0.000,0.000,0.000,0.000,0.000,0.000,0.000,0.000,0.000,0.000,0.000,0.000,0.000,0.000,-0.0790,-0.0256,0.0000,0.0000,-0.0000,-0.0067,-0.2083,0.0008,0.0130,-0.5695,0.7700,0.3442,-0.0745,0.0155,0.1373,0.1455,-0.2911,-0.0003,0.0348,0.1786,0.0374,-0.0036,-0.1182,0.2067
4000.0,0,0.000,0.000,0.000,0.000,0.000,0.000,0.000,0.000,0.000,0.000,0.000,0.000,0.000,0.000,0.000,0.000,0.000,0.000,0.000,0.000,0.000,0.070,0.000,0.000,0.000,0.000,0.000,0.000,0.000,0.747,0.000,0.000,0.000,0.000,0.000,0.000,0.000,0.000,0.000,0.000,0.000,0.000,0.000,37.003,0.000,0.000,0.000,0.000,0.000,0.000,0.000,0.000,0.000,0.000,0.000,0.000,0.000,0.000,0.000,0.000,0.000,0.000,0.000,0.000,0.000,0.000,0.000,0.000,0.000,-0.0806,-0.0250,0.0000,0.0000,-0.0000,-0.0060,-0.2157,0.0006,0.0107,-0.5858,0.7709,0.3475,-0.0996,0.0127,0.1556,0.1498,-0.2977,-0.0002,0.0297,0.1791,0.0439,-0.0029,-0.1201,0.1911
4008.0,0,0.000,0.000,0.000,0.000,0.000,0.000,0.000,0.000,0.000,0.000,0.000,0.000,0.000,0.000,0.000,0.000,0.000,0.000,0.000,0.000,0.000,0.014,0.000,0.000,0.000,0.000,0.000,0.000,0.000,0.151,0.000,0.000,0.000,0.000,0.000,0.000,0.000,0.000,0.000,0.000,0.000,0.000,0.000,31.893,0.000,0.000,0.000,0.000,0.000,0.000,0.000,0.000,0.000,0.000,0.000,0.000,0.000,0.000,0.000,0.000,0.000,0.000,0.000,0.000,0.000,0.000,0.000,0.000,0.000,-0.0821,-0.0232,0.0000,0.0000,-0.0000,-0.0052,-0.2182,0.0005,0.0088,-0.5992,0.7727,0.3489,-0.1243,0.0103,0.1747,0.1561,-0.3015,-0.0002,0.0187,0.1835,0.0502,-0.0023,-0.1209,0.1715
4016.5,0,0.000,0.000,0.000,0.000,0.000,0.000,0.000,0.000,0.000,0.000,0.000,0.000,0.000,0.000,0.000,0.000,0.000,0.000,0.000,0.000,0.000,0.003,0.000,0.000,0.000,0.000,0.000,0.000,0.000,4.521,0.000,0.000,0.000,0.000,0.000,0.000,0.000,0.000,0.000,0.000,0.000,0.000,0.000,27.085,0.000,0.000,0.000,0.000,0.000,0.000,0.000,0.000,0.000,0.000,0.000,0.000,0.000,0.000,0.000,0.000,0.000,0.000,0.000,0.000,0.000,0.000,0.000,0.000,0.000,-0.0831,-0.0239,0.0000,0.0000,-0.0000,-0.0044,-0.2174,0.0004,0.0071,-0.6088,0.7737,0.3492,-0.1499,0.0083,0.1872,0.1655,-0.3042,-0.0001,0.0033,0.1890,0.0603,-0.0018,-0.1211,0.1504
4025.0,0,0.000,0.000,0.000,0.000,0.000,0.000,0.000,0.000,0.000,0.000,0.000,0.000,0.000,0.000,0.000,0.000,0.000,0.000,0.000,0.000,0.000,0.000,0.000,0.000,0.000,0.000,0.000,0.000,0.000,0.826,0.000,0.000,0.000,0.000,0.000,0.000,0.000,0.000,0.000,0.000,0.000,0.000,0.000,44.113,0.000,0.000,0.000,0.000,0.000,0.000,0.000,0.000,0.000,0.000,0.000,0.000,0.000,0.000,0.000,0.000,0.000,0.000,0.000,0.000,0.000,0.000,0.000,0.000,0.000,-0.0851,-0.0236,0.0000,0.0000,-0.0000,-0.0088,-0.2161,0.0003,0.0058,-0.6148,0.7774,0.3487,-0.1688,0.0067,0.1924,0.1756,-0.3022,-0.0001,-0.0077,0.1921,0.0729,-0.0015,-0.1196,0.1295
4033.0,0,0.000,0.000,0.000,0.000,0.000,0.000,0.000,0.000,0.000,0.000,0.000,0.000,0.000,0.000,0.000,0.000,0.000,0.000,0.000,0.000,0.000,0.000,0.000,0.000,0.000,0.000,0.000,0.000,0.000,0.167,0.000,0.000,0.000,0.000,0.000,0.000,0.000,0.000,0.000,0.000,0.000,0.000,0.000,52.935,0.000,0.000,0.000,0.000,0.000,0.000,0.000,0.000,0.000,0.000,0.000,0.000,0.000,0.000,0.000,0.000,0.000,0.000,0.000,0.000,0.000,0.000,0.000,0.000,0.000,-0.0891,-0.0221,0.0000,0.0000,-0.0000,-0.0162,-0.2099,0.0002,0.0046,-0.6175,0.7845,0.3465,-0.1817,0.0054,0.1920,0.1807,-0.2943,-0.0001,-0.0140,0.1957,0.0906,-0.0012,-0.1144,0.1099
4041.5,0,0.000,0.000,0.000,0.000,0.000,0.000,0.000,0.000,0.000,0.000,0.000,0.000,0.000,0.000,0.000,0.000,0.000,0.000,0.000,0.000,0.000,0.000,0.000,0.000,0.000,0.000,0.000,0.000,0.000,0.030,0.000,0.000,0.000,0.000,0.000,0.000,0.000,0.000,0.000,0.000,0.000,0.000,0.000,52.400,0.000,0.000,0.000,0.000,0.000,0.000,0.000,0.000,0.000,0.000,0.000,0.000,0.000,0.000,0.000,0.000,0.000,0.000,0.000,0.000,0.000,0.000,0.000,0.000,0.000,-0.0940,-0.0200,0.0000,0.0000,-0.0000,-0.0208,-0.2055,0.0002,0.0037,-0.6190,0.7891,0.3419,-0.1912,0.0043,0.1890,0.1785,-0.2773,-0.0001,-0.0212,0.1938,0.1061,-0.0009,-0.1028,0.0922
4050.0,0,0.000,0.000,0.000,0.000,0.000,0.000,0.000,0.000,0.000,0.000,0.000,0.000,0.000,0.000,0.000,0.000,0.000,0.000,0.000,0.000,0.000,0.000,0.000,0.000,0.000,0.000,0.000,0.000,0.000,0.006,0.000,0.000,0.000,0.000,0.000,0.000,0.000,0.000,0.000,0.000,0.000,0.000,0.000,54.361,0.000,0.000,0.000,0.000,0.000,0.000,0.000,0.000,0.000,0.000,0.000,0.000,0.000,0.000,0.000,0.000,0.000,0.000,0.000,0.000,0.000,0.000,0.000,0.000,0.000,-0.0991,-0.0176,0.0000,0.0000,-0.0000,-0.0224,-0.2063,0.0001,0.0030,-0.6210,0.7954,0.3335,-0.1983,-0.0031,0.1838,0.1725,-0.2528,-0.0000,-0.0319,0.1877,0.1201,-0.0007,-0.0945,0.0767
4058.0,0,0.000,0.000,0.000,0.000,0.000,0.000,0.000,0.000,0.000,0.000,0.000,0.000,0.000,0.000,0.000,0.000,0.000,0.000,0.000,0.000,0.000,0.000,0.000,0.000,0.000,0.000,0.000,0.000,0.000,11.281,0.000,0.000,0.000,0.000,0.000,0.000,0.000,0.000,0.000,0.000,0.000,0.000,0.000,54.867,0.000,0.000,0.000,0.000,0.000,0.000,0.000,0.000,0.000,0.000,0.000,0.000,0.000,0.000,0.000,0.000,0.000,0.000,0.000,0.000,0.000,0.000,0.000,0.000,0.000,-0.1039,-0.0216,0.0000,0.0000,-0.0000,-0.0220,-0.2100,0.0001,0.0024,-0.6249,0.8032,0.3263,-0.2006,-0.0255,0.1768,0.1690,-0.2244,-0.0000,-0.0438,0.1751,0.1327,-0.0006,-0.0907,0.0632
4066.5,0,0.000,0.000,0.000,0.000,0.000,0.000,0.000,0.000,0.000,0.000,0.000,0.000,0.000,0.000,0.000,0.000,0.000,0.000,0.000,0.000,0.000,0.000,0.000,0.000,0.000,0.000,0.000,0.000,0.000,7.549,0.000,0.000,0.000,0.000,0.000,0.000,0.000,0.000,0.000,0.000,0.000,0.000,0.000,48.214,0.000,0.000,0.000,0.000,0.000,0.000,0.000,0.000,0.000,0.000,0.000,0.000,0.000,0.000,0.000,0.000,0.000,0.000,0.000,0.000,0.000,0.000,0.000,0.000,0.000,-0.1078,-0.0274,0.0000,0.0000,-0.0000,-0.0206,-0.2108,0.0001,0.0019,-0.6303,0.8114,0.3205,-0.1975,-0.0780,0.1842,0.1652,-0.2033,-0.0000,-0.0613,0.1603,0.1449,0.0042,-0.0909,0.0518
4075.0,0,0.000,0.000,0.000,0.000,0.000,0.000,0.000,0.000,0.000,0.000,0.000,0.000,0.000,0.000,0.000,0.000,0.000,0.000,0.000,0.000,0.000,0.000,0.000,0.000,0.000,0.000,0.000,0.000,0.000,14.708,0.000,0.000,0.000,0.000,0.000,0.000,0.000,0.000,0.000,0.000,0.000,0.000,0.000,42.186,0.000,0.000,0.000,0.000,0.000,0.000,0.000,0.000,0.000,0.000,0.000,0.000,0.000,0.000,0.000,0.000,0.000,0.000,0.000,0.000,0.000,0.000,0.000,0.000,0.000,-0.1104,-0.0368,0.0000,0.0000,-0.0000,-0.0185,-0.2105,0.0001,0.0015,-0.6366,0.8200,0.3179,-0.1959,-0.1370,0.2037,0.1653,-0.1921,-0.0000,-0.0797,0.1504,0.1555,0.0111,-0.0993,0.0422
4083.0,0,0.000,0.000,0.000,0.000,0.000,0.000,0.000,0.000,0.000,0.000,0.000,0.000,0.000,0.000,0.000,0.000,0.000,0.000,0.000,0.000,0.000,10.000,0.000,0.000,0.000,0.000,0.000,0.000,0.000,2.969,0.000,0.000,0.000,0.000,0.000,0.000,0.000,0.000,0.000,0.000,0.000,0.000,0.000,37.296,0.000,0.000,0.000,0.000,0.000,0.000,0.000,0.000,0.000,0.000,0.000,0.000,0.000,0.000,0.000,0.000,0.000,0.000,0.000,0.000,0.000,0.000,0.000,0.000,0.000,-0.1059,-0.0421,0.0000,0.0000,-0.0000,-0.0162,-0.2079,0.0001,0.0090,-0.6435,0.8273,0.3181,-0.1904,-0.1880,0.2194,0.1638,-0.1798,-0.0000,-0.0938,0.1465,0.1596,0.0154,-0.1083,0.0342
4091.5,0,0.000,0.000,0.000,0.000,0.000,0.000,0.000,0.000,0.000,0.000,0.000,0.000,0.000,0.000,0.000,0.000,0.000,0.000,0.000,0.000,0.000,1.827,0.000,0.000,0.000,0.000,0.000,0.000,0.000,2.561,0.000,0.000,0.000,0.000,0.000,0.000,0.000,0.000,0.000,0.000,0.000,0.000,0.000,42.017,0.000,0.000,0.000,0.000,0.000,0.000,0.000,0.000,0.000,0.000,0.000,0.000,0.000,0.000,0.000,0.000,0.000,0.000,0.000,0.000,0.000,0.000,0.000,0.000,0.000,-0.1022,-0.0446,0.0000,0.0000,-0.0000,-0.0140,-0.2025,0.0000,0.0199,-0.6500,0.8341,0.3217,-0.1809,-0.2237,0.2219,0.1641,-0.1648,-0.0000,-0.1056,0.1492,0.1618,0.0172,-0.1138,0.0276
4100.0,0,0.000,0.000,0.000,0.000,0.000,0.000,0.000,0.000,0.000,0.000,0.000,0.000,0.000,0.000,0.000,0.000,0.000,0.000,0.000,0.000,0.000,0.334,0.000,0.000,0.000,0.000,0.000,0.000,0.000,0.468,0.000,0.000,0.000,0.000,0.000,0.000,0.000,0.000,0.000,0.000,0.000,0.000,0.000,40.432,0.000,0.000,0.000,0.000,0.000,0.000,0.000,0.000,0.000,0.000,0.000,0.000,0.000,0.000,0.000,0.000,0.000,0.000,0.000,0.000,0.000,0.000,0.000,0.000,0.000,-0.1004,-0.0437,0.0000,0.0000,-0.0000,-0.0119,-0.1955,0.0000,0.0346,-0.6551,0.8408,0.3280,-0.1684,-0.2409,0.2134,0.1677,-0.1472,-0.0000,-0.1112,0.1561,0.1577,0.0172,-0.1164,0.0262
4108.0,0,0.000,0.000,0.000,0.000,0.000,0.000,0.000,0.000,0.000,0.000,0.000,0.000,0.000,0.000,0.000,0.000,0.000,0.000,0.000,0.000,0.000,0.067,0.000,0.000,0.000,0.000,0.000,0.000,0.000,0.094,0.000,0.000,0.000,0.000,0.000,0.000,0.000,0.000,0.000,0.000,0.000,0.000,0.000,43.313,0.000,0.000,0.000,0.000,0.000,0.000,0.000,0.000,0.000,0.000,0.000,0.000,0.000,0.000,0.000,0.000,0.000,0.000,0.000,0.000,0.000,0.000,0.000,0.000,0.000,-0.1003,-0.0407,0.0000,0.0000,-0.0000,-0.0099,-0.1905,0.0000,0.0501,-0.6589,0.8467,0.3354,-0.1544,-0.2416,0.1991,0.1765,-0.1285,-0.0000,-0.1124,0.1653,0.1520,0.0162,-0.1147,0.0311
4116.5,0,0.000,0.000,0.000,0.000,0.000,0.000,0.000,0.000,0.000,0.000,0.000,0.000,0.000,0.000,0.000,0.000,0.000,0.000,0.000,0.000,0.000,5.500,0.000,0.000,0.000,0.000,0.000,0.000,0.000,0.017,0.000,0.000,0.000,0.000,0.000,0.000,0.000,0.000,0.000,0.000,0.000,0.000,0.000,37.629,0.000,0.000,0.000,0.000,0.000,0.000,0.000,0.000,0.000,0.000,0.000,0.000,0.000,0.000,0.000,0.000,0.000,0.000,0.000,0.000,0.000,0.000,0.000,0.000,0.000,-0.0973,-0.0367,0.0000,0.0000,-0.0000,-0.0083,-0.1875,0.0000,0.0670,-0.6615,0.8525,0.3427,-0.1416,-0.2292,0.1825,0.1838,-0.1103,-0.0000,-0.1075,0.1745,0.1529,0.0147,-0.1130,0.0388
4125.0,0,0.000,0.000,0.000,0.000,0.000,0.000,0.000,0.000,0.000,0.000,0.000,0.000,0.000,0.000,0.000,0.000,0.000,0.000,0.000,0.000,0.000,1.005,0.000,0.000,0.000,0.000,0.000,0.000,0.000,0.003,0.000,0.000,0.000,0.000,0.000,0.000,0.000,0.000,0.000,0.000,0.000,0.000,0.000,41.650,0.000,0.000,0.000,0.000,0.000,0.000,0.000,0.000,0.000,0.000,0.000,0.000,0.000,0.000,0.000,0.000,0.000,0.000,0.000,0.000,0.000,0.000,0.000,0.000,0.000,-0.0957,-0.0321,0.0000,0.0000,-0.0000,-0.0068,-0.1854,0.0000,0.0837,-0.6614,0.8565,0.3490,-0.1314,-0.2091,0.1688,0.1890,-0.0934,-0.0000,-0.0987,0.1822,0.1537,0.0130,-0.1100,0.0466
4133.0,0,0.000,0.000,0.000,0.000,0.000,0.000,0.000,0.000,0.000,0.000,0.000,0.000,0.000,0.000,0.000,0.000,0.000,0.000,0.000,0.000,0.000,0.203,0.000,0.000,0.000,0.000,6.703,0.000,0.000,0.001,0.000,0.000,0.000,0.000,0.000,0.000,0.000,0.000,0.000,0.000,0.000,0.000,0.000,40.642,0.000,0.000,0.000,0.000,0.000,0.000,0.000,0.000,0.000,0.000,0.000,0.000,0.000,0.000,0.000,0.000,0.000,0.000,0.000,0.000,0.000,0.000,0.000,0.000,0.000,-0.0957,-0.0277,0.0000,0.0000,-0.0000,-0.0056,-0.1812,0.0000,0.0975,-0.6581,0.8584,0.3521,-0.1336,-0.1854,0.1557,0.1904,-0.0782,-0.0000,-0.0878,0.1845,0.1525,0.0112,-0.1083,0.0547
4141.5,0,0.000,0.000,0.000,0.000,0.000,0.000,0.000,0.000,0.000,0.000,0.000,0.000,0.000,0.000,0.000,0.000,0.000,0.000,0.000,0.000,0.000,0.037,0.000,0.000,0.000,0.000,1.225,0.000,0.000,0.000,0.000,0.000,0.000,0.000,0.000,0.000,0.000,0.000,0.000,0.000,0.000,0.000,0.000,44.027,0.000,0.000,0.000,0.000,0.000,0.000,0.000,0.000,0.000,0.000,0.000,0.000,0.000,0.000,0.000,0.000,0.000,0.000,0.000,0.000,0.000,0.000,0.000,0.000,0.000,-0.0970,-0.0235,0.0000,0.0000,-0.0000,-0.0045,-0.1718,0.0000,0.1066,-0.6525,0.8583,0.3492,-0.1550,-0.1609,0.1434,0.1923,-0.0777,-0.0000,-0.0765,0.1817,0.1539,0.0095,-0.1069,0.0607
4150.0,0,0.000,0.000,0.000,0.000,0.000,0.000,0.000,0.000,0.000,0.000,0.000,0.000,0.000,0.000,0.000,0.000,0.000,0.000,0.000,0.000,0.000,0.007,0.000,0.000,0.000,0.000,0.224,0.000,0.000,0.000,0.000,0.000,0.000,0.000,0.000,0.000,0.000,0.000,0.000,0.000,0.000,0.000,0.000,39.531,0.000,0.000,0.000,0.000,0.000,0.000,0.000,0.000,0.000,0.000,0.000,0.000,0.000,0.000,0.000,0.000,0.000,0.000,0.000,0.000,0.000,0.000,0.000,0.000,0.000,-0.0987,-0.0197,0.0000,0.0000,-0.0000,-0.0037,-0.1637,0.0000,0.1074,-0.6473,0.8567,0.3423,-0.1841,-0.1403,0.1400,0.1917,-0.0898,-0.0000,-0.0614,0.1781,0.1549,0.0080,-0.1091,0.0665
4158.0,0,0.000,0.000,0.000,0.000,0.000,0.000,0.000,0.000,0.000,0.000,0.000,0.000,0.000,0.000,0.000,0.000,0.000,0.000,0.000,0.000,0.000,0.001,0.000,0.000,0.000,0.000,0.045,0.000,0.000,0.000,0.000,0.000,0.000,0.000,0.000,0.000,0.000,0.000,0.000,0.000,0.000,0.000,0.000,41.743,0.000,0.000,0.000,0.000,0.000,0.000,0.000,0.000,0.000,0.000,0.000,0.000,0.000,0.000,0.000,0.000,0.000,0.000,0.000,0.000,0.000,0.000,0.000,0.000,0.000,-0.1006,-0.0164,0.0000,0.0000,-0.0000,-0.0103,-0.1560,0.0000,0.1019,-0.6442,0.8542,0.3329,-0.2133,-0.1470,0.1570,0.1881,-0.1190,-0.0000,-0.0421,0.1680,0.1605,0.0141,-0.1136,0.0716
4166.5,0,0.000,0.000,0.000,0.000,0.000,0.000,0.000,0.000,0.000,0.000,0.000,0.000,0.000,0.000,0.000,0.000,0.000,0.000,0.000,0.000,0.000,0.000,0.000,0.000,0.000,0.000,0.008,0.000,0.000,0.000,0.000,0.000,0.000,0.000,0.000,0.000,0.000,0.000,0.000,0.000,0.000,0.000,0.000,40.382,0.000,0.000,0.000,0.000,0.000,0.000,0.000,0.000,0.000,0.000,0.000,0.000,0.000,0.000,0.000,0.000,0.000,0.000,0.000,0.000,0.000,0.000,0.000,0.000,0.000,-0.1025,-0.0135,0.0000,0.0000,-0.0000,-0.0268,-0.1508,0.0000,0.0929,-0.6416,0.8483,0.3219,-0.2345,-0.1631,0.1776,0.1822,-0.1492,-0.0000,-0.0296,0.1530,0.1695,0.0270,-0.1208,0.0755
4175.0,0,0.000,0.000,0.000,0.000,0.000,0.000,0.000,0.000,0.000,0.000,0.000,0.000,0.000,0.000,0.000,0.000,0.000,0.000,0.000,0.000,0.000,0.000,0.000,0.000,0.000,0.000,0.002,0.000,0.000,0.000,0.000,0.000,0.000,0.000,0.000,0.000,0.000,0.000,0.000,0.000,0.000,0.000,0.000,41.918,0.000,0.000,0.000,0.000,0.000,0.000,0.000,0.000,0.000,0.000,0.000,0.000,0.000,0.000,0.000,0.000,0.000,0.000,0.000,0.000,0.000,0.000,0.000,0.000,0.000,-0.1042,-0.0110,0.0000,0.0000,-0.0000,-0.0474,-0.1480,0.0000,0.0823,-0.6377,0.8416,0.3100,-0.2436,-0.1755,0.1885,0.1731,-0.1670,-0.0000,-0.0229,0.1355,0.1809,0.0351,-0.1277,0.0762
4183.0,0,0.000,0.000,0.000,0.000,0.000,0.000,0.000,0.000,0.000,0.000,0.000,0.000,0.000,0.000,0.000,0.000,0.000,0.000,0.000,0.000,0.000,0.000,0.000,0.000,0.000,0.000,0.000,0.000,0.000,0.000,0.000,0.000,0.000,0.000,0.000,0.000,0.000,0.000,0.000,0.000,0.000,0.000,0.000,41.907,0.000,0.000,0.000,0.000,0.000,0.000,0.000,0.000,0.000,0.000,0.000,0.000,0.000,0.000,0.000,0.000,0.000,0.000,0.000,0.000,0.000,0.000,0.000,0.000,0.000,-0.1059,-0.0090,0.0000,0.0000,-0.0000,-0.0597,-0.1448,0.0000,0.0714,-0.6323,0.8359,0.3021,-0.2416,-0.1883,0.1860,0.1652,-0.1703,-0.0000,-0.0248,0.1176,0.1940,0.0382,-0.1325,0.0758
4191.5,0,0.000,0.000,0.000,0.000,0.000,0.000,0.000,0.000,0.000,0.000,0.000,0.000,0.000,2.019,0.000,0.000,0.000,0.000,0.000,0.000,0.000,0.000,0.000,0.000,0.000,0.000,0.000,0.000,0.000,0.000,0.000,0.000,0.000,0.000,0.000,0.000,0.000,0.000,0.000,0.000,0.000,0.000,0.000,20.512,0.000,0.000,0.000,0.000,0.000,0.000,0.000,0.000,0.000,0.000,0.000,0.000,0.000,0.000,0.000,0.000,0.000,0.000,0.000,0.000,0.000,0.000,0.000,0.000,0.000,-0.1054,-0.0073,0.0015,0.0000,-0.0000,-0.0715,-0.1402,0.0000,0.0609,-0.6245,0.8285,0.2956,-0.2317,-0.1996,0.1742,0.1589,-0.1630,-0.0000,-0.0334,0.1005,0.2065,0.0378,-0.1338,0.0720
4200.0,0,0.000,0.000,0.000,0.000,0.000,0.000,0.000,0.000,0.000,0.000,0.000,0.000,0.000,0.369,0.000,0.000,0.000,0.000,0.000,0.000,0.000,0.000,0.000,0.000,0.000,0.000,0.000,0.000,0.000,0.000,0.000,0.000,0.000,0.000,0.000,0.000,0.000,0.000,0.000,0.000,0.000,0.000,0.000,13.953,0.000,0.000,0.000,0.000,0.000,0.000,0.000,0.000,0.000,0.000,0.000,0.000,0.000,0.000,0.000,0.000,0.000,0.000,0.000,0.000,0.000,0.000,0.000,0.000,0.000,-0.1016,-0.0059,0.0025,0.0000,-0.0000,-0.0854,-0.1322,0.0000,0.0514,-0.6085,0.8176,0.2863,-0.2174,-0.2088,0.1573,0.1550,-0.1496,-0.0000,-0.0443,0.0847,0.2181,0.0353,-0.1342,0.0658
4208.0,0,0.000,0.000,0.000,0.000,0.000,0.000,0.000,0.000,0.000,0.000,0.000,0.000,0.000,4.568,0.000,0.000,0.000,0.000,0.000,0.000,0.000,12.466,0.000,0.000,0.000,0.000,0.000,0.000,0.000,0.000,0.000,0.000,0.000,0.000,0.000,0.000,0.000,0.000,0.000,0.000,0.000,0.000,0.000,2.817,0.000,0.000,0.000,0.000,0.000,0.000,0.000,0.000,0.000,0.000,0.000,0.000,0.000,0.000,0.000,0.000,0.000,0.000,0.000,0.000,0.000,0.000,0.000,0.000,0.000,-0.0863,-0.0047,0.0061,0.0000,-0.0000,-0.1002,-0.1222,0.0000,0.0428,-0.5859,0.8031,0.2715,-0.2018,-0.2106,0.1430,0.1534,-0.1331,-0.0024,-0.0563,0.0707,0.2263,0.0319,-0.1318,0.0583
4216.5,0,0.000,0.000,0.000,0.000,0.000,0.000,0.000,0.000,0.000,0.000,0.000,0.000,0.000,0.834,0.000,0.000,0.000,0.000,0.000,0.000,0.000,14.530,0.000,0.000,0.000,0.000,0.000,0.000,0.000,0.000,0.000,0.000,0.000,0.000,0.000,0.000,0.000,0.000,0.000,0.000,0.000,0.000,0.000,0.515,0.000,0.000,0.000,0.000,0.000,0.000,0.000,0.000,0.000,0.000,0.000,0.000,0.000,0.000,0.000,0.000,0.000,0.000,0.000,0.000,0.000,0.000,0.000,0.000,0.000,-0.0627,-0.0038,0.0084,0.0000,-0.0000,-0.1122,-0.1102,0.0000,0.0354,-0.5544,0.7890,0.2496,-0.1869,-0.2052,0.1274,0.1506,-0.1159,-0.0078,-0.0701,0.0619,0.2304,0.0280,-0.1257,0.0528
4225.0,0,0.000,0.000,0.000,0.000,0.000,0.000,0.000,0.000,0.000,0.000,0.000,0.000,0.000,0.152,0.000,0.000,0.000,0.000,0.000,0.000,0.000,13.036,0.000,0.000,5.488,0.000,0.000,0.000,0.000,0.000,0.000,0.000,0.000,0.000,0.000,0.000,0.000,0.000,0.000,0.000,0.000,0.000,0.000,9.142,0.000,0.000,0.000,0.000,0.000,0.000,0.000,0.000,0.000,0.000,0.000,0.000,0.000,0.000,0.000,0.000,0.000,0.000,0.000,0.000,0.000,0.000,0.000,0.000,0.000,-0.0357,-0.0030,0.0094,0.0000,-0.0043,-0.1195,-0.0956,0.0016,0.0291,-0.5183,0.7746,0.2233,-0.1733,-0.1950,0.1135,0.1513,-0.0993,-0.0134,-0.0816,0.0600,0.2343,0.0241,-0.1168,0.0529
4233.0,0,0.000,0.000,0.000,0.000,0.000,0.000,0.000,0.000,0.000,0.000,0.000,0.000,0.000,0.031,0.000,0.000,0.000,0.000,0.000,0.000,0.000,15.480,0.000,0.000,4.787,0.000,0.000,0.000,0.000,0.000,0.000,0.000,0.000,0.000,0.000,0.000,0.000,0.000,0.000,0.000,0.000,0.000,0.000,1.846,0.000,0.000,0.000,0.000,0.000,0.000,0.000,0.000,0.000,0.000,0.000,0.000,0.000,0.000,0.000,0.000,0.000,0.000,0.000,0.000,0.000,0.000,0.000,0.000,0.000,-0.0081,-0.0024,0.0094,0.0000,-0.0239,-0.1260,-0.0745,0.0051,0.0238,-0.4757,0.7607,0.1954,-0.1591,-0.1811,0.0994,0.1490,-0.0839,-0.0165,-0.0906,0.0644,0.2416,0.0205,-0.1059,0.0549
4241.5,0,0.000,0.000,0.000,0.000,0.000,0.000,0.000,0.000,0.000,0.000,0.000,0.000,0.000,0.006,0.000,0.000,0.000,0.000,0.000,0.000,0.000,13.247,0.000,0.000,0.874,0.000,0.000,0.000,0.000,0.000,0.000,0.000,0.000,0.000,0.000,0.000,0.000,0.000,0.000,0.000,0.000,0.000,0.000,0.337,0.000,0.000,0.000,0.000,0.000,0.000,0.000,0.000,0.000,0.000,0.000,0.000,0.000,0.000,0.000,0.000,0.000,0.000,0.000,0.000,0.000,0.000,0.000,0.000,0.000,0.0168,-0.0019,0.0089,0.0000,-0.0489,-0.1273,-0.0512,0.0092,0.0193,-0.4264,0.7387,0.1680,-0.1414,-0.1633,0.0856,0.1443,-0.0701,-0.0174,-0.0942,0.0716,0.2491,0.0172,-0.0963,0.0540
4250.0,0,0.000,0.000,0.000,0.000,0.000,0.000,0.000,0.000,0.000,0.000,0.000,0.000,0.000,0.001,0.000,0.000,0.000,0.000,0.000,0.000,0.000,6.913,0.000,0.000,0.160,0.000,4.066,0.000,0.000,0.000,0.000,0.000,0.000,0.000,0.000,0.000,0.000,0.000,0.000,0.000,0.000,0.000,0.000,0.062,0.000,0.000,0.000,0.000,0.000,0.000,0.000,0.000,0.000,0.000,0.000,0.000,0.000,0.000,0.000,0.000,0.000,0.000,0.000,0.000,0.000,0.000,0.000,0.000,0.000,0.0354,-0.0015,0.0080,0.0000,-0.0792,-0.1259,-0.0301,0.0130,0.0156,-0.3742,0.7014,0.1425,-0.1208,-0.1436,0.0726,0.1401,-0.0581,-0.0169,-0.0940,0.0776,0.2547,0.0143,-0.0905,0.0505
4258.0,0,0.000,0.000,0.000,0.000,0.000,0.000,0.000,0.000,0.000,0.000,0.000,0.000,0.000,0.000,0.000,0.000,0.000,0.000,0.000,0.000,0.000,1.396,0.000,0.000,0.032,0.000,7.524,0.000,0.000,0.000,0.000,0.000,0.000,0.000,0.000,0.000,0.000,0.000,0.000,0.000,0.000,0.000,0.000,0.012,0.000,0.000,0.000,0.000,0.000,0.000,0.000,0.000,0.000,0.000,0.000,0.000,0.000,0.000,0.000,0.000,0.000,0.000,0.000,0.000,0.000,0.000,0.000,0.000,0.000,0.0457,-0.0012,0.0071,0.0000,-0.1077,-0.1245,-0.0180,0.0168,0.0126,-0.3227,0.6482,0.1195,-0.1000,-0.1239,0.0609,0.1315,-0.0478,-0.0157,-0.0891,0.0780,0.2580,0.0118,-0.0891,0.0456
4266.5,0,0.000,0.000,0.000,0.000,0.000,0.000,0.000,0.000,0.000,0.000,0.000,0.000,0.000,0.000,0.000,0.000,0.000,0.000,0.000,0.000,0.000,0.255,0.000,0.000,0.006,0.000,1.375,0.000,0.000,0.000,0.000,0.000,0.000,0.000,0.000,0.000,0.000,0.000,0.000,0.000,0.000,0.000,0.000,0.002,0.000,0.000,0.000,0.000,0.000,0.000,0.000,0.000,0.000,0.000,0.000,0.000,0.000,0.000,0.000,0.000,0.000,0.000,0.000,0.000,0.000,0.000,0.000,0.000,0.000,0.0494,-0.0009,0.0061,0.0000,-0.1290,-0.1181,-0.0142,0.0211,0.0101,-0.2711,0.5869,0.0993,-0.0811,-0.1054,0.0506,0.1193,-0.0390,-0.0140,-0.0812,0.0741,0.2544,0.0097,-0.0900,0.0401
4275.0,0,0.000,0.000,0.000,0.000,0.000,0.000,0.000,0.000,0.000,0.000,0.000,0.000,0.000,0.000,0.000,0.000,0.000,0.000,0.000,0.000,0.000,0.047,0.000,0.000,0.001,0.000,0.251,0.000,0.000,0.000,0.000,0.000,0.000,0.000,0.000,0.000,0.000,0.000,0.000,0.000,0.000,0.000,0.000,0.000,0.000,0.000,0.000,0.000,0.000,0.000,0.000,0.000,0.000,0.000,0.000,0.000,0.000,0.000,0.000,0.000,0.000,0.000,0.000,0.000,0.000,0.000,0.000,0.000,0.000,0.0489,-0.0007,0.0052,0.0000,-0.1427,-0.1101,-0.0164,0.0230,0.0081,-0.2250,0.5257,0.0819,-0.0648,-0.0885,0.0417,0.1054,-0.0317,-0.0123,-0.0720,0.0675,0.2494,0.0079,-0.0869,0.0346
4283.0,0,0.000,0.000,0.000,0.000,0.000,0.000,0.000,0.000,0.000,0.000,0.000,0.000,0.000,0.000,0.000,0.000,0.000,0.000,0.000,0.000,0.000,0.009,0.000,0.000,0.000,0.000,0.051,0.000,0.000,0.000,0.000,0.000,0.000,0.000,0.000,0.000,0.000,0.000,0.000,0.000,0.000,0.000,0.000,0.000,0.000,0.000,0.000,0.000,0.000,0.000,0.000,0.000,0.000,0.000,0.000,0.000,0.000,0.000,0.000,0.000,0.000,0.000,0.000,0.000,0.000,0.000,0.000,0.000,0.000,0.0459,-0.0006,0.0044,0.0000,-0.1487,-0.0996,-0.0180,0.0247,0.0064,-0.1852,0.4687,0.0671,-0.0534,-0.0736,0.0342,0.0913,-0.0257,-0.0105,-0.0624,0.0598,0.2421,0.0064,-0.0804,0.0294
4291.5,0,0.000,0.000,0.000,0.000,0.000,0.000,0.000,0.000,0.000,0.000,0.000,0.000,0.000,0.000,0.000,0.000,0.000,0.000,0.000,0.000,0.000,0.002,0.000,0.000,0.000,0.000,0.009,0.000,0.000,0.000,0.000,0.000,0.000,0.000,0.000,0.000,0.000,0.000,0.000,0.000,0.000,0.000,0.000,0.000,0.000,0.000,0.000,0.000,0.000,0.000,0.000,0.000,0.000,0.000,0.000,0.000,0.000,0.000,0.000,0.000,0.000,0.000,0.000,0.000,0.000,0.000,0.000,0.000,0.000,0.0415,-0.0005,0.0036,0.0000,-0.1494,-0.0879,-0.0181,0.0245,0.0051,-0.1515,0.4181,0.0546,-0.0487,-0.0608,0.0337,0.0778,-0.0207,-0.0089,-0.0533,0.0519,0.2338,0.0052,-0.0745,0.0247
4300.0,0,0.000,0.000,0.000,0.000,0.000,0.000,0.000,0.000,0.000,0.000,0.000,0.000,0.000,0.000,0.000,0.000,0.000,0.000,0.000,0.000,0.000,0.000,0.000,0.000,0.000,0.000,0.002,0.000,0.000,0.000,0.000,0.000,0.000,0.000,0.000,0.000,0.000,0.000,0.000,0.000,0.000,0.000,0.000,0.000,0.000,0.000,0.000,0.000,0.000,0.000,0.000,0.000,0.000,0.000,0.000,0.000,0.000,0.000,0.000,0.000,0.000,0.000,0.000,0.000,0.000,0.000,0.000,0.000,0.000,0.0366,-0.0004,0.0030,0.0000,-0.1460,-0.0760,-0.0171,0.0231,0.0041,-0.1232,0.3760,0.0443,-0.0481,-0.0524,0.0343,0.0691,-0.0166,-0.0075,-0.0464,0.0443,0.2289,-0.0012,-0.0705,0.0205
4308.0,0,0.000,0.000,0.000,0.000,0.000,0.000,0.000,0.000,0.000,0.000,0.000,0.000,0.000,0.000,0.000,0.000,0.000,0.000,0.000,0.000,0.000,8.187,0.000,0.000,0.000,0.000,0.000,0.000,0.000,0.000,0.000,0.000,0.000,0.000,0.000,0.000,0.000,0.000,0.000,0.000,0.000,0.000,0.000,4.066,0.000,0.000,0.000,0.000,0.000,0.000,0.000,0.000,0.000,0.000,0.000,0.000,0.000,0.000,0.000,0.000,0.000,0.000,0.000,0.000,0.000,0.000,0.000,0.000,0.000,0.0353,-0.0003,0.0025,0.0000,-0.1481,-0.0723,-0.0183,0.0209,0.0032,-0.0998,0.3536,0.0357,-0.0498,-0.0553,0.0332,0.0609,-0.0164,-0.0062,-0.0466,0.0391,0.2264,-0.0085,-0.0721,0.0203
4316.5,0,0.000,0.000,0.000,0.000,0.000,0.000,0.000,0.000,0.000,0.000,0.000,0.000,0.000,0.000,0.000,0.000,0.000,0.000,0.000,0.000,0.000,21.316,0.000,0.000,0.000,0.000,0.000,0.000,0.000,0.000,0.000,0.000,0.000,0.000,0.000,0.000,0.000,0.000,0.000,0.000,0.000,0.000,0.000,13.144,0.000,0.000,0.000,0.000,0.000,0.000,0.000,0.000,0.000,0.000,0.000,0.000,0.000,0.000,0.000,0.000,0.000,0.000,0.000,0.000,0.000,0.000,0.000,0.000,0.000,0.0378,-0.0002,0.0020,0.0000,-0.1510,-0.0775,-0.0165,0.0184,0.0174,-0.0876,0.3536,0.0287,-0.0527,-0.0629,0.0347,0.0580,-0.0177,-0.0051,-0.0505,0.0342,0.2260,-0.0146,-0.0706,0.0196
4325.0,0,0.000,0.000,0.000,0.000,0.000,0.000,0.000,0.000,0.000,0.000,0.000,0.000,0.000,0.000,0.000,0.000,0.000,0.000,0.000,0.000,0.000,37.421,0.000,0.000,0.000,0.000,0.000,0.000,0.000,0.000,0.000,0.000,0.000,0.000,0.000,0.000,0.000,0.000,0.000,0.000,0.000,0.000,0.000,5.413,0.000,0.000,0.000,0.000,0.000,0.000,0.000,0.000,0.000,0.000,0.000,0.000,0.000,0.000,0.000,0.000,0.000,0.000,0.000,0.000,0.000,0.000,0.000,0.000,0.000,0.0465,-0.0002,0.0016,0.0000,-0.1493,-0.0887,-0.0071,0.0159,0.0426,-0.0845,0.3699,0.0230,-0.0544,-0.0754,0.0392,0.0564,-0.0215,-0.0042,-0.0579,0.0294,0.2280,-0.0177,-0.0661,0.0198
4333.0,0,0.000,0.000,0.000,0.000,0.000,0.000,0.000,0.000,0.000,0.000,0.000,0.000,0.000,9.048,0.000,0.000,0.000,0.000,0.000,0.000,0.000,32.355,0.000,0.000,0.000,0.000,0.000,0.000,0.000,0.000,0.000,0.000,0.000,0.000,0.000,8.187,0.000,0.000,0.000,0.000,10.000,0.000,0.000,1.093,0.000,0.000,0.000,0.000,0.000,0.000,0.000,0.000,0.000,0.000,0.000,0.000,0.000,0.000,0.000,0.000,0.000,0.000,0.000,0.000,0.000,0.000,0.000,0.000,0.000,0.0604,0.0108,0.0068,0.0000,-0.1411,-0.1018,-0.0093,0.0136,0.0760,-0.0867,0.3860,0.0184,-0.0540,-0.0928,0.0408,0.0585,-0.0233,-0.0034,-0.0657,0.0249,0.2302,-0.0185,-0.0618,0.0221
4341.5,0,0.000,0.000,0.000,0.000,0.000,0.000,0.000,0.000,0.000,0.000,0.000,0.000,0.000,1.653,0.000,0.000,0.000,0.000,0.000,0.000,0.000,28.009,0.000,0.000,0.000,0.000,0.000,0.000,0.000,0.000,0.000,0.000,0.000,0.000,0.000,11.528,0.000,0.000,0.000,0.000,14.080,0.000,0.000,0.200,0.000,0.000,0.000,0.000,0.000,0.000,0.000,0.000,0.000,0.000,0.000,0.000,0.000,0.000,0.000,0.000,0.000,0.000,0.000,0.000,0.000,0.000,0.000,0.000,0.000,0.0767,0.0304,0.0106,0.0000,-0.1284,-0.1138,-0.0175,0.0114,0.1144,-0.0879,0.3913,0.0146,-0.0505,-0.1098,0.0433,0.0628,-0.0231,-0.0027,-0.0732,0.0209,0.2331,-0.0179,-0.0556,0.0284
4350.0,0,0.000,0.000,0.000,0.000,0.000,0.000,0.000,0.000,0.000,0.000,0.000,0.000,0.000,0.302,0.000,0.000,0.000,0.000,0.000,0.000,0.000,39.423,0.000,0.000,6.065,0.000,0.000,0.000,0.000,0.000,0.000,0.000,0.000,0.000,0.000,2.106,0.000,0.000,0.000,0.000,6.251,0.000,0.000,0.036,0.000,0.000,0.000,0.000,0.000,0.000,0.000,0.000,0.000,0.000,0.000,0.000,0.000,0.000,0.000,0.000,0.000,0.000,0.000,0.000,0.000,0.000,0.000,0.000,0.000,0.0987,0.0454,0.0123,0.0000,-0.1137,-0.1237,-0.0310,0.0095,0.1534,-0.0948,0.3840,0.0116,-0.0443,-0.1212,0.0514,0.0716,-0.0217,-0.0022,-0.0772,0.0174,0.2328,-0.0165,-0.0450,0.0318
4358.0,0,0.000,0.000,0.000,0.000,0.000,0.000,0.000,0.000,0.000,0.000,0.000,0.000,0.000,0.061,0.000,0.000,0.000,0.000,0.000,0.000,0.000,37.935,0.000,0.000,5.290,0.000,0.000,0.000,0.000,0.000,0.000,0.000,0.000,0.000,0.000,0.425,0.000,0.000,0.000,0.000,1.262,0.000,0.000,0.007,0.000,0.000,0.000,0.000,0.000,0.000,0.000,0.000,0.000,0.000,0.000,0.000,0.000,0.000,0.000,0.000,0.000,0.000,0.000,0.000,0.000,0.000,0.000,0.000,0.000,0.1217,0.0527,0.0127,0.0000,-0.0986,-0.1320,-0.0482,0.0078,0.1908,-0.1025,0.3749,0.0092,-0.0389,-0.1250,0.0623,0.0834,-0.0196,-0.0018,-0.0759,0.0143,0.2299,-0.0147,-0.0390,0.0376
4366.5,0,0.000,0.000,0.000,0.000,0.000,0.000,0.000,0.000,0.000,0.000,0.000,0.000,0.000,0.011,0.000,0.000,0.000,0.000,0.000,0.000,0.000,34.610,0.000,0.000,5.932,0.000,0.000,0.000,0.000,0.000,0.000,0.000,0.000,0.000,0.000,0.078,0.000,0.000,0.000,0.000,0.231,0.000,0.000,0.001,0.000,0.000,0.000,0.000,0.000,0.000,0.000,0.000,0.000,0.000,0.000,0.000,0.000,0.000,0.000,0.000,0.000,0.000,0.000,0.000,0.000,0.000,0.000,0.000,0.000,0.1435,0.0540,0.0121,0.0000,-0.0842,-0.1343,-0.0645,0.0064,0.2249,-0.1101,0.3648,0.0073,-0.0530,-0.1255,0.0923,0.1013,-0.0173,-0.0014,-0.0726,0.0117,0.2221,-0.0129,-0.0372,0.0430
4375.0,0,0.000,0.000,0.000,0.000,0.000,0.000,0.000,0.000,0.000,0.000,0.000,0.000,0.000,0.002,0.000,0.000,0.000,0.000,0.000,0.000,0.000,34.257,0.000,0.000,1.084,0.000,0.000,0.000,0.000,0.000,0.000,0.000,0.000,0.000,0.000,0.014,0.000,0.000,0.000,0.000,0.042,0.000,0.000,0.000,0.000,0.000,0.000,0.000,0.000,0.000,0.000,0.000,0.000,0.000,0.000,0.000,0.000,0.000,0.000,0.000,0.000,0.000,0.000,0.000,0.000,0.000,0.000,0.000,0.000,0.1605,0.0516,0.0111,0.0000,-0.0709,-0.1346,-0.0817,0.0052,0.2535,-0.1153,0.3440,0.0058,-0.0776,-0.1329,0.1463,0.1188,-0.0149,0.0032,-0.0732,0.0096,0.2106,-0.0009,-0.0429,0.0506
4383.0,0,0.000,0.000,0.000,0.000,0.000,0.000,0.000,0.000,0.000,0.000,0.000,0.000,0.000,0.000,0.000,0.000,0.000,0.000,0.000,0.000,0.000,30.059,0.000,0.000,0.219,0.000,0.000,0.000,0.000,0.000,0.000,0.000,0.000,0.000,0.000,0.003,0.000,0.000,0.000,0.000,0.009,0.000,0.000,0.000,0.000,0.000,0.000,0.000,0.000,0.000,0.000,0.000,0.000,0.000,0.000,0.000,0.000,0.000,0.000,0.000,0.000,0.000,0.000,0.000,0.000,0.000,0.000,0.000,0.000,0.1724,0.0473,0.0099,0.0000,-0.0592,-0.1340,-0.0943,0.0042,0.2785,-0.1258,0.3150,0.0046,-0.1019,-0.1346,0.2141,0.1349,-0.0127,0.0188,-0.0834,0.0077,0.1958,0.0204,-0.0499,0.0574
4391.5,0,0.000,0.000,0.000,0.000,0.000,0.000,0.000,0.000,0.000,0.000,0.000,0.000,0.000,0.000,0.000,0.000,0.000,0.000,0.000,0.000,0.000,17.007,0.000,0.000,0.040,0.000,0.000,0.000,0.000,0.000,0.000,0.000,0.000,0.000,0.000,0.001,0.000,0.000,0.000,0.000,0.002,0.000,0.000,0.000,0.000,0.000,0.000,0.000,0.000,0.000,0.000,0.000,0.000,0.000,0.000,0.000,0.000,0.000,0.000,0.000,0.000,0.000,0.000,0.000,0.000,0.000,0.000,0.000,0.000,0.1776,0.0420,0.0086,0.0000,-0.0489,-0.1295,-0.1070,0.0034,0.2981,-0.1396,0.2734,0.0036,-0.1180,-0.1289,0.2726,0.1454,-0.0123,0.0340,-0.0911,0.0063,0.1768,0.0346,-0.0549,0.0637
4400.0,0,0.000,0.000,0.000,0.000,0.000,0.000,0.000,0.000,0.000,0.000,0.000,0.000,0.000,0.000,0.000,0.000,0.000,0.000,0.000,0.000,0.000,3.107,0.000,0.000,0.007,0.000,0.000,0.000,0.000,0.000,0.000,0.000,0.000,0.000,0.000,0.000,0.000,0.000,0.000,0.000,0.000,0.000,0.000,0.000,0.000,0.000,0.000,0.000,0.000,0.000,0.000,0.000,0.000,0.000,0.000,0.000,0.000,0.000,0.000,0.000,0.000,0.000,0.000,0.000,0.000,0.000,0.000,0.000,0.000,0.1728,0.0365,0.0073,0.0000,-0.0402,-0.1216,-0.1182,0.0028,0.3131,-0.1530,0.2216,0.0028,-0.1268,-0.1184,0.3104,0.1509,-0.0117,0.0423,-0.0943,0.0050,0.1558,0.0414,-0.0553,0.0687
4408.0,0,0.000,0.000,0.000,0.000,0.000,0.000,0.000,0.000,0.000,0.000,0.000,0.000,0.000,0.000,0.000,0.000,0.000,0.000,0.000,0.000,0.000,0.627,0.000,0.000,0.001,0.000,0.000,0.000,0.000,0.000,0.000,0.000,0.000,0.000,0.000,0.000,0.000,0.000,0.000,0.000,0.000,0.000,0.000,0.000,0.000,0.000,0.000,0.000,0.000,0.000,0.000,0.000,0.000,0.000,0.000,0.000,0.000,0.000,0.000,0.000,0.000,0.000,0.000,0.000,0.000,0.000,0.000,0.000,0.000,0.1606,0.0312,0.0062,0.0000,-0.0328,-0.1104,-0.1267,0.0022,0.3239,-0.1661,0.1672,0.0022,-0.1310,-0.1054,0.3287,0.1572,-0.0107,0.0450,-0.0960,0.0040,0.1346,0.0429,-0.0525,0.0710
4416.5,0,0.000,0.000,0.000,0.000,0.000,0.000,0.000,0.000,0.000,0.000,0.000,0.000,0.000,0.000,0.000,0.000,0.000,0.000,0.000,0.000,0.000,0.115,0.000,0.000,0.000,0.000,0.000,0.000,0.000,0.000,0.000,0.000,0.000,0.000,0.000,0.000,0.000,0.000,0.000,0.000,0.000,0.000,0.000,10.913,0.000,0.000,0.000,0.000,0.000,0.000,0.000,0.000,0.000,0.000,0.000,0.000,0.000,0.000,0.000,0.000,0.000,0.000,0.000,0.000,0.000,0.000,0.000,0.000,0.000,0.1413,0.0263,0.0052,0.0000,-0.0266,-0.0976,-0.1347,0.0018,0.3318,-0.1773,0.1143,0.0017,-0.1352,-0.0918,0.3323,0.1645,-0.0095,0.0439,-0.0976,0.0032,0.1185,0.0413,-0.0478,0.0785
4425.0,0,0.000,0.000,0.000,0.000,0.000,0.000,0.000,0.000,0.000,0.000,0.000,0.000,0.000,0.000,0.000,0.000,0.000,0.000,0.000,0.000,0.000,0.021,0.000,0.000,0.000,0.000,0.000,0.000,0.000,0.000,0.000,0.000,0.000,0.000,0.000,0.000,0.000,0.000,0.000,0.000,0.000,0.000,0.000,12.376,0.000,0.000,0.000,0.000,0.000,0.000,0.000,0.000,0.000,0.000,0.000,0.000,0.000,0.000,0.000,0.000,0.000,0.000,0.000,0.000,0.000,0.000,0.000,0.000,0.000,0.1168,0.0219,0.0043,0.0000,-0.0215,-0.0845,-0.1387,0.0014,0.3358,-0.1850,0.0595,0.0014,-0.1387,-0.0786,0.3256,0.1703,-0.0083,0.0407,-0.0965,0.0026,0.1032,0.0380,-0.0424,0.0888
4433.0,0,0.000,0.000,0.000,0.000,0.000,0.000,0.000,0.000,0.000,0.000,0.000,0.000,0.000,0.000,0.000,0.000,0.000,0.000,0.000,0.000,0.000,0.004,0.000,0.000,0.000,0.000,0.000,0.000,0.000,0.000,0.000,0.000,0.000,0.000,0.000,0.000,0.000,0.000,0.000,0.000,0.000,0.000,0.000,20.433,0.000,0.000,0.000,0.000,0.000,0.000,0.000,0.000,0.000,0.000,0.000,0.000,0.000,0.000,0.000,0.000,0.000,0.000,0.000,0.000,0.000,0.000,0.000,0.000,0.000,0.0900,0.0182,0.0035,0.0000,-0.0173,-0.0721,-0.1408,0.0011,0.3338,-0.1856,0.0103,0.0030,-0.1388,-0.0664,0.3127,0.1762,-0.0071,0.0365,-0.0930,0.0067,0.0885,0.0338,-0.0313,0.1016
4441.5,0,0.000,0.000,0.000,0.000,0.000,0.000,0.000,0.000,0.000,0.000,0.000,0.000,0.000,0.000,0.000,0.000,0.000,0.000,0.000,0.000,0.000,9.049,0.000,0.000,0.000,0.000,0.000,0.000,0.000,0.000,0.000,0.000,0.000,0.000,0.000,0.000,0.000,0.000,0.000,0.000,0.000,0.000,0.000,35.439,0.000,0.000,0.000,0.000,0.000,0.000,0.000,0.000,0.000,0.000,0.000,0.000,0.000,0.000,0.000,0.000,0.000,0.000,0.000,0.000,0.000,0.000,0.000,0.000,0.000,0.0669,0.0149,0.0029,0.0000,-0.0139,-0.0607,-0.1439,0.0009,0.3294,-0.1853,-0.0286,0.0077,-0.1380,-0.0591,0.2967,0.1818,-0.0060,0.0319,-0.0902,0.0097,0.0749,0.0295,-0.0052,0.1135
4450.0,0,0.000,0.000,0.000,0.000,0.000,0.000,0.000,0.000,0.000,0.000,0.000,0.000,0.000,0.000,0.000,0.000,0.000,0.000,0.000,0.000,0.000,21.397,0.000,0.000,0.000,0.000,0.000,0.000,0.000,0.000,0.000,0.000,0.000,0.000,0.000,0.000,0.000,0.000,0.000,0.000,0.000,0.000,0.000,37.574,0.000,0.000,0.000,0.000,0.000,0.000,0.000,0.000,0.000,0.000,0.000,0.000,0.000,0.000,0.000,0.000,0.000,0.000,0.000,0.000,0.000,0.000,0.000,0.000,0.000,0.0512,0.0122,0.0023,0.0000,-0.0111,-0.0506,-0.1442,0.0007,0.3231,-0.1908,-0.0512,0.0163,-0.1386,-0.0593,0.2772,0.1857,-0.0050,0.0274,-0.0844,0.0204,0.0627,0.0252,0.0324,0.1287
4458.0,0,0.000,0.000,0.000,0.000,0.000,0.000,0.000,0.000,0.000,0.000,0.000,0.000,0.000,0.000,0.000,0.000,0.000,0.000,0.000,0.000,0.000,27.577,0.000,0.000,0.000,0.000,0.000,0.000,0.000,0.000,0.000,0.000,0.000,0.000,0.000,0.000,0.000,0.000,0.000,0.000,0.000,0.000,0.000,50.316,0.000,0.000,0.000,0.000,0.000,0.000,0.000,0.000,0.000,0.000,0.000,0.000,0.000,0.000,0.000,0.000,0.000,0.000,0.000,0.000,0.000,0.000,0.000,0.000,0.000,0.0420,0.0099,0.0019,0.0000,-0.0089,-0.0451,-0.1431,0.0045,0.3131,-0.2070,-0.0562,0.0303,-0.1406,-0.0579,0.2591,0.1905,-0.0041,0.0232,-0.0763,0.0278,0.0520,0.0185,0.0623,0.1429
4466.5,0,0.000,0.000,0.000,0.000,0.000,0.000,0.000,0.000,0.000,0.000,0.000,0.000,0.000,0.000,0.000,0.000,0.000,0.000,0.000,0.000,0.000,18.273,0.000,0.000,0.000,0.000,0.000,0.000,0.000,0.000,0.000,0.000,0.000,0.000,0.000,0.000,0.000,0.000,0.000,0.000,0.000,0.000,0.000,51.922,0.000,0.000,0.000,0.000,0.000,0.000,0.000,0.000,0.000,0.000,0.000,0.000,0.000,0.000,0.000,0.000,0.000,0.000,0.000,0.000,0.000,0.000,0.000,0.000,0.000,0.0346,0.0080,0.0015,0.0000,-0.0071,-0.0401,-0.1446,0.0104,0.2993,-0.2303,-0.0460,0.0491,-0.1423,-0.0618,0.2433,0.1948,-0.0034,0.0195,-0.0672,0.0390,0.0428,0.0166,0.0807,0.1578
4475.0,0,0.000,0.000,0.000,0.000,0.000,0.000,0.000,0.000,0.000,0.000,0.000,0.000,0.000,0.000,0.000,0.000,0.000,0.000,0.000,0.000,0.000,22.700,0.000,0.000,0.000,0.000,0.000,0.000,0.000,0.000,0.000,0.000,0.000,0.000,0.000,0.000,0.000,0.000,0.000,0.000,0.000,0.000,0.000,45.657,0.000,0.000,0.000,0.000,0.000,0.000,0.000,0.000,0.000,0.000,0.000,0.000,0.000,0.000,0.000,0.000,0.000,0.000,0.000,0.000,0.000,0.000,0.000,0.000,0.000,0.0306,0.0064,0.0012,0.0000,-0.0056,-0.0349,-0.1461,0.0160,0.2835,-0.2536,-0.0257,0.0692,-0.1437,-0.0759,0.2348,0.2019,-0.0028,0.0162,-0.0581,0.0538,0.0350,0.0184,0.0872,0.1721
4483.0,0,0.000,0.000,0.000,0.000,0.000,0.000,0.000,0.000,0.000,0.000,0.000,0.000,0.000,0.000,0.000,0.000,0.000,0.000,0.000,0.000,0.000,13.660,0.000,0.000,0.000,0.000,0.000,0.000,0.000,0.000,0.000,0.000,0.000,0.000,0.000,0.000,0.000,0.000,0.000,0.000,0.000,0.000,0.000,40.001,0.000,0.000,0.000,0.000,0.000,0.000,0.000,0.000,0.000,0.000,0.000,0.000,0.000,0.000,0.000,0.000,0.000,0.000,0.000,0.000,0.000,0.000,0.000,0.000,0.000,0.0270,0.0052,0.0010,0.0000,-0.0044,-0.0299,-0.1430,0.0204,0.2633,-0.2739,-0.0073,0.0864,-0.1457,-0.0912,0.2267,0.2052,-0.0022,0.0133,-0.0474,0.0695,0.0285,0.0226,0.0801,0.1808
4491.5,0,0.000,0.000,0.000,0.000,0.000,0.000,0.000,0.000,0.000,0.000,0.000,0.000,0.000,0.000,0.000,0.000,0.000,0.000,0.000,0.000,0.000,15.988,0.000,0.000,9.048,0.000,0.000,0.000,0.000,0.000,0.000,0.000,0.000,0.000,0.000,0.000,0.000,0.000,0.000,0.000,0.000,0.000,0.000,31.613,0.000,0.000,0.000,0.000,0.000,0.000,0.000,0.000,0.000,0.000,0.000,0.000,0.000,0.000,0.000,0.000,0.000,0.000,0.000,0.000,0.000,0.000,0.000,0.000,0.000,0.0310,0.0041,0.0008,0.0000,-0.0035,-0.0253,-0.1353,0.0236,0.2407,-0.2854,0.0024,0.1010,-0.1484,-0.1038,0.2170,0.2093,-0.0018,0.0109,-0.0382,0.0843,0.0231,0.0245,0.0662,0.1858
4500.0,0,0.000,0.000,0.000,0.000,0.000,0.000,0.000,0.000,0.000,0.000,0.000,0.000,0.000,0.000,0.000,0.000,0.000,0.000,0.000,0.000,0.000,27.131,0.000,0.000,6.146,0.000,0.000,0.000,0.000,0.000,0.000,0.000,0.000,0.000,0.000,0.000,0.000,0.000,0.000,0.000,0.000,0.000,0.000,32.944,0.000,0.000,0.000,0.000,0.000,0.000,0.000,0.000,0.000,0.000,0.000,0.000,0.000,0.000,0.000,0.000,0.000,0.000,0.000,0.000,0.000,0.000,0.000,0.000,0.000,0.0409,0.0033,0.0006,0.0000,-0.0028,-0.0212,-0.1280,0.0265,0.2170,-0.2909,0.0088,0.1143,-0.1539,-0.1142,0.2125,0.2116,-0.0015,0.0089,-0.0305,0.0985,0.0186,0.0190,0.0554,0.1892
4508.0,0,0.000,0.000,0.000,0.000,0.000,0.000,0.000,0.000,0.000,0.000,0.000,0.000,0.000,0.000,0.000,0.000,0.000,0.000,0.000,0.000,0.000,18.972,0.000,0.000,3.966,0.000,0.000,0.000,0.000,0.000,0.000,0.000,0.000,0.000,0.000,0.000,0.000,0.000,0.000,0.000,0.000,0.000,0.000,29.636,0.000,0.000,0.000,0.000,0.000,0.000,0.000,0.000,0.000,0.000,0.000,0.000,0.000,0.000,0.000,0.000,0.000,0.000,0.000,0.000,0.000,0.000,0.000,0.000,0.000,0.0503,0.0026,0.0005,0.0000,-0.0022,-0.0176,-0.1195,0.0272,0.1942,-0.2881,0.0103,0.1258,-0.1659,-0.1207,0.2073,0.2101,-0.0012,0.0072,-0.0243,0.1089,0.0149,0.0133,0.0400,0.1866
4516.5,0,0.000,0.000,0.000,0.000,0.000,0.000,0.000,0.000,0.000,0.000,0.000,0.000,0.000,0.000,0.000,0.000,0.000,0.000,0.000,0.000,0.000,25.111,0.000,0.000,11.924,0.000,0.000,0.000,0.000,0.000,0.000,0.000,0.000,0.000,0.000,0.000,0.000,0.000,0.000,0.000,0.000,0.000,0.000,23.348,0.000,0.000,0.000,0.000,0.000,0.000,0.000,0.000,0.000,0.000,0.000,0.000,0.000,0.000,0.000,0.000,0.000,0.000,0.000,0.000,0.000,0.000,0.000,0.000,0.000,0.0651,0.0021,0.0004,0.0000,-0.0017,-0.0145,-0.1117,0.0260,0.1705,-0.2754,0.0216,0.1335,-0.1856,-0.1240,0.2070,0.2101,-0.0046,0.0058,-0.0179,0.1142,0.0120,0.0066,0.0289,0.1761
4525.0,0,0.000,0.000,0.000,0.000,0.000,0.000,0.000,0.000,0.000,0.000,0.000,0.000,0.000,0.000,0.000,0.000,0.000,0.000,0.000,0.000,0.000,40.997,0.000,0.000,30.268,0.000,0.000,0.000,0.000,0.000,0.000,0.000,0.000,0.000,0.000,0.000,0.000,0.000,0.000,0.000,0.000,0.000,0.000,28.903,0.000,0.000,0.000,0.000,0.000,0.000,0.000,0.000,0.000,0.000,0.000,0.000,0.000,0.000,0.000,0.000,0.000,0.000,0.000,0.000,0.000,0.000,0.000,0.000,0.000,0.0892,0.0017,0.0003,0.0000,-0.0013,-0.0118,-0.1045,0.0239,0.1503,-0.2660,0.0516,0.1389,-0.2168,-0.1341,0.2184,0.2127,-0.0203,0.0046,-0.0078,0.1161,0.0154,-0.0073,0.0118,0.1621
4533.0,0,0.000,0.000,0.000,0.000,0.000,0.000,0.000,0.000,0.000,0.000,0.000,0.000,0.000,0.000,0.000,0.000,0.000,0.000,0.000,0.000,0.000,50.340,0.000,0.000,39.872,0.000,0.000,0.000,0.000,0.000,0.000,0.000,0.000,0.000,0.000,0.000,0.000,0.000,0.000,0.000,0.000,0.000,0.000,14.913,0.000,0.000,0.000,0.000,0.000,0.000,0.000,0.000,0.000,0.000,0.000,0.000,0.000,0.000,0.000,0.000,0.000,0.000,0.000,0.000,0.000,0.000,0.000,0.000,0.000,0.1202,0.0013,0.0002,0.0000,-0.0011,-0.0096,-0.0957,0.0212,0.1400,-0.2550,0.0897,0.1423,-0.2488,-0.1460,0.2386,0.2183,-0.0411,0.0037,0.0028,0.1162,0.0218,-0.0252,-0.0068,0.1452
4541.5,0,0.000,0.000,0.000,0.000,0.000,0.000,0.000,0.000,0.000,0.000,0.000,0.000,0.000,5.488,0.000,0.000,0.000,0.000,0.000,0.000,0.000,65.730,0.000,0.000,46.684,0.000,0.000,0.000,0.000,0.000,0.000,0.000,0.000,0.000,0.000,7.408,0.000,0.000,0.000,0.000,9.048,0.000,0.000,2.724,0.000,0.000,0.000,0.000,0.000,0.000,0.000,0.000,0.000,0.000,0.000,0.000,0.000,0.000,0.000,0.000,0.000,0.000,0.000,0.000,0.000,0.000,0.000,0.000,0.000,0.1580,0.0111,0.0038,0.0000,-0.0065,-0.0078,-0.0836,0.0185,0.1356,-0.2537,0.1382,0.1408,-0.2684,-0.1593,0.2556,0.2235,-0.0610,0.0030,0.0093,0.1110,0.0293,-0.0462,-0.0284,0.1271
4550.0,0,0.000,0.000,0.000,0.000,0.000,0.000,0.000,0.000,0.000,0.000,0.000,0.000,0.000,1.003,0.000,0.000,0.000,0.000,0.000,0.000,0.000,69.960,0.000,0.000,46.124,0.000,0.000,0.000,0.000,0.000,0.000,0.000,0.000,0.000,0.000,15.419,0.000,0.000,0.000,0.000,20.730,0.000,0.000,0.498,0.000,0.000,0.000,0.000,0.000,0.000,0.000,0.000,0.000,0.000,0.000,0.000,0.000,0.000,0.000,0.000,0.000,0.000,0.000,0.000,0.000,0.000,0.000,0.000,0.000,0.1980,0.0336,0.0064,0.0000,-0.0154,-0.0093,-0.0713,0.0213,0.1350,-0.2583,0.1873,0.1374,-0.2727,-0.1688,0.2641,0.2283,-0.0732,0.0024,0.0091,0.1017,0.0437,-0.0674,-0.0496,0.1093
4558.0,0,0.000,0.000,0.000,0.000,0.000,0.000,0.000,0.000,0.000,0.000,0.000,0.000,0.000,5.691,0.000,0.000,0.000,0.000,0.000,0.000,0.000,68.018,0.000,0.000,34.112,0.000,0.000,0.000,0.000,0.000,0.000,0.000,0.000,0.000,0.000,7.606,0.000,0.000,0.000,0.000,13.579,0.000,0.000,0.100,0.000,0.000,0.000,0.000,0.000,0.000,0.000,0.000,0.000,0.000,0.000,0.000,0.000,0.000,0.000,0.000,0.000,0.000,0.000,0.000,0.000,0.000,0.000,0.000,0.000,0.2348,0.0564,0.0113,0.0000,-0.0265,-0.0133,-0.0630,0.0282,0.1398,-0.2674,0.2262,0.1313,-0.2649,-0.1681,0.2633,0.2353,-0.0769,0.0019,0.0013,0.0906,0.0604,-0.0850,-0.0697,0.0927
4566.5,0,0.000,0.000,0.000,0.000,0.000,0.000,0.000,0.000,0.000,0.000,0.000,0.000,0.000,9.227,0.000,0.000,0.000,0.000,0.000,0.000,0.000,66.784,0.000,0.000,22.671,0.000,0.000,0.000,0.000,0.000,0.000,0.000,0.000,0.000,0.000,3.409,0.000,0.000,0.000,0.000,4.712,0.000,0.000,0.018,0.000,0.000,0.000,0.000,0.000,0.000,0.000,0.000,0.000,0.000,0.000,0.000,0.000,0.000,0.000,0.000,0.000,0.000,0.000,0.000,0.000,0.000,0.000,0.000,0.000,0.2652,0.0718,0.0189,0.0000,-0.0393,-0.0184,-0.0606,0.0353,0.1471,-0.2736,0.2444,0.1211,-0.2489,-0.1587,0.2499,0.2392,-0.0748,0.0015,-0.0108,0.0788,0.0799,-0.0991,-0.0874,0.0777
4575.0,0,0.000,0.000,0.000,0.000,0.000,0.000,0.000,0.000,0.000,0.000,0.000,0.000,0.000,1.686,0.000,0.000,0.000,0.000,0.000,0.000,0.000,58.085,0.000,0.000,22.643,0.000,0.000,0.000,0.000,0.000,0.000,0.000,0.000,0.000,0.000,0.623,0.000,0.000,0.000,0.000,0.861,0.000,0.000,0.003,0.000,0.000,0.000,0.000,0.000,0.000,0.000,0.000,0.000,0.000,0.000,0.000,0.000,0.000,0.000,0.000,0.000,0.000,0.000,0.000,0.000,0.000,0.000,0.000,0.000,0.2893,0.0776,0.0235,0.0000,-0.0519,-0.0261,-0.0626,0.0457,0.1596,-0.2782,0.2492,0.1136,-0.2259,-0.1442,0.2302,0.2422,-0.0692,0.0012,-0.0244,0.0718,0.1025,-0.1039,-0.1027,0.0645
4583.0,0,0.000,0.000,0.000,0.000,0.000,0.000,0.000,0.000,0.000,0.000,0.000,0.000,0.000,4.834,0.000,0.000,0.000,0.000,0.000,0.000,0.000,47.752,0.000,0.000,7.900,0.000,0.000,0.000,0.000,0.000,0.000,0.000,0.000,0.000,0.000,0.126,0.000,0.000,0.000,0.000,0.174,0.000,0.000,0.001,0.000,0.000,0.000,0.000,0.000,0.000,0.000,0.000,0.000,0.000,0.000,0.000,0.000,0.000,0.000,0.000,0.000,0.000,0.000,0.000,0.000,0.000,0.000,0.000,0.000,0.3043,0.0766,0.0280,0.0000,-0.0642,-0.0305,-0.0642,0.0590,0.1726,-0.2755,0.2375,0.1091,-0.1984,-0.1275,0.2059,0.2396,-0.0619,0.0009,-0.0327,0.0675,0.1238,-0.1011,-0.1141,0.0565
4591.5,0,0.000,0.000,0.000,0.000,0.000,0.000,0.000,0.000,0.000,0.000,0.000,0.000,0.000,0.883,0.000,0.000,0.000,0.000,0.000,0.000,0.000,31.708,0.000,0.000,3.462,0.000,0.000,0.000,0.000,0.000,0.000,0.000,0.000,0.000,0.000,0.023,0.000,0.000,0.000,0.000,0.032,0.000,0.000,0.000,0.000,0.000,0.000,0.000,0.000,0.000,0.000,0.000,0.000,0.000,0.000,0.000,0.000,0.000,0.000,0.000,0.000,0.000,0.000,0.000,0.000,0.000,0.000,0.000,0.000,0.3096,0.0716,0.0296,0.0000,-0.0784,-0.0368,-0.0643,0.0728,0.1863,-0.2648,0.2103,0.1052,-0.1713,-0.1104,0.1800,0.2346,-0.0541,0.0007,-0.0360,0.0700,0.1431,-0.0937,-0.1217,0.0610
4600.0,0,0.000,0.000,0.000,0.000,0.000,0.000,0.000,0.000,0.000,0.000,0.000,0.000,0.000,0.161,0.000,0.000,0.000,0.000,0.000,0.000,0.000,18.518,0.000,0.000,0.632,0.000,0.000,0.000,0.000,0.000,0.000,0.000,0.000,0.000,0.000,0.004,0.000,0.000,0.000,0.000,0.006,0.000,0.000,0.000,0.000,0.000,0.000,0.000,0.000,0.000,0.000,0.000,0.000,0.000,0.000,0.000,0.000,0.000,0.000,0.000,0.000,0.000,0.000,0.000,0.000,0.000,0.000,0.000,0.000,0.3048,0.0645,0.0289,0.0000,-0.0939,-0.0396,-0.0644,0.0859,0.2029,-0.2464,0.1659,0.1002,-0.1482,-0.0941,0.1546,0.2239,-0.0465,0.0006,-0.0358,0.0744,0.1589,-0.0840,-0.1272,0.0698
4608.0,0,0.000,0.000,0.000,0.000,0.000,0.000,0.000,0.000,0.000,0.000,0.000,0.000,0.000,0.033,0.000,0.000,0.000,0.000,0.000,0.000,0.000,3.739,0.000,0.000,0.128,0.000,0.000,0.000,0.000,0.000,0.000,0.000,0.000,0.000,0.000,0.001,0.000,0.000,0.000,0.000,0.001,0.000,0.000,0.000,0.000,0.000,0.000,0.000,0.000,0.000,0.000,0.000,0.000,0.000,0.000,0.000,0.000,0.000,0.000,0.000,0.000,0.000,0.000,0.000,0.000,0.000,0.000,0.000,0.000,0.2884,0.0567,0.0268,0.0000,-0.1094,-0.0391,-0.0616,0.0961,0.2202,-0.2240,0.1150,0.0943,-0.1287,-0.0746,0.1310,0.2064,-0.0394,0.0005,-0.0336,0.0812,0.1693,-0.0735,-0.1313,0.0827
4616.5,0,0.000,0.000,0.000,0.000,0.000,0.000,0.000,0.000,0.000,0.000,0.000,0.000,0.000,0.006,0.000,0.000,0.000,0.000,0.000,0.000,0.000,0.683,0.000,0.000,0.023,0.000,0.000,0.000,0.000,0.000,0.000,0.000,0.000,0.000,0.000,0.000,0.000,0.000,0.000,0.000,0.000,0.000,0.000,0.000,0.000,0.000,0.000,0.000,0.000,0.000,0.000,0.000,0.000,0.000,0.000,0.000,0.000,0.000,0.000,0.000,0.000,0.000,0.000,0.000,0.000,0.000,0.000,0.000,0.000,0.2636,0.0488,0.0240,0.0000,-0.1291,-0.0366,-0.0622,0.1007,0.2372,-0.1985,0.0661,0.0859,-0.1139,-0.0580,0.1130,0.1877,-0.0388,0.0004,-0.0304,0.0867,0.1729,-0.0631,-0.1284,0.0936
4625.0,0,0.000,0.000,0.000,0.000,0.000,0.000,0.000,0.000,0.000,0.000,0.000,0.000,0.000,0.001,0.000,0.000,0.000,0.000,0.000,0.000,0.000,0.125,0.000,0.000,0.004,0.000,0.000,0.000,0.000,0.000,0.000,0.000,0.000,0.000,0.000,0.000,0.000,0.000,0.000,0.000,0.000,0.000,0.000,0.000,0.000,0.000,0.000,0.000,0.000,0.000,0.000,0.000,0.000,0.000,0.000,0.000,0.000,0.000,0.000,0.000,0.000,0.000,0.000,0.000,0.000,0.000,0.000,0.000,0.000,0.2345,0.0415,0.0210,0.0000,-0.1559,-0.0330,-0.0575,0.0985,0.2515,-0.1724,0.0202,0.0762,-0.1039,-0.0448,0.0997,0.1668,-0.0429,0.0003,-0.0268,0.0907,0.1688,-0.0535,-0.1245,0.0964
4633.0,0,0.000,0.000,0.000,0.000,0.000,0.000,0.000,0.000,0.000,0.000,0.000,0.000,0.000,0.000,0.000,0.000,0.000,0.000,0.000,0.000,0.000,0.025,0.000,0.000,0.001,0.000,0.000,0.000,0.000,0.000,0.000,0.000,0.000,0.000,0.000,0.000,0.000,0.000,0.000,0.000,0.000,0.000,0.000,9.048,0.000,0.000,0.000,0.000,0.000,0.000,0.000,0.000,0.000,0.000,0.000,0.000,0.000,0.000,0.000,0.000,0.000,0.000,0.000,0.000,0.000,0.000,0.000,0.000,0.000,0.2016,0.0348,0.0181,0.0000,-0.1889,-0.0340,-0.0440,0.0917,0.2638,-0.1509,-0.0237,0.0662,-0.0952,-0.0346,0.0894,0.1497,-0.0444,0.0002,-0.0231,0.0930,0.1576,-0.0448,-0.1163,0.0929
4641.5,0,0.000,0.000,0.000,0.000,0.000,0.000,0.000,0.000,0.000,0.000,0.000,0.000,0.000,0.000,0.000,0.000,0.000,0.000,0.000,0.000,0.000,0.005,0.000,0.000,0.000,0.000,0.000,0.000,0.000,0.000,0.000,0.000,0.000,0.000,0.000,0.000,0.000,0.000,0.000,0.000,0.000,0.000,0.000,15.195,0.000,0.000,0.000,0.000,0.000,0.000,0.000,0.000,0.000,0.000,0.000,0.000,0.000,0.000,0.000,0.000,0.000,0.000,0.000,0.000,0.000,0.000,0.000,0.000,0.000,0.1655,0.0289,0.0153,0.0000,-0.2228,-0.0371,-0.0331,0.0825,0.2725,-0.1356,-0.0641,0.0565,-0.0881,-0.0267,0.0834,0.1322,-0.0430,0.0002,-0.0196,0.0901,0.1421,-0.0372,-0.0988,0.0855
4650.0,0,0.000,0.000,0.000,0.000,0.000,0.000,0.000,0.000,0.000,0.000,0.000,0.000,0.000,0.000,0.000,0.000,0.000,0.000,0.000,0.000,0.000,0.001,0.000,0.000,0.000,0.000,0.000,0.000,0.000,0.000,0.000,0.000,0.000,0.000,0.000,0.000,0.000,0.000,0.000,0.000,0.000,0.000,0.000,23.819,0.000,0.000,0.000,0.000,0.000,0.000,0.000,0.000,0.000,0.000,0.000,0.000,0.000,0.000,0.000,0.000,0.000,0.000,0.000,0.000,0.000,0.000,0.000,0.000,0.000,0.1283,0.0239,0.0128,0.0000,-0.2500,-0.0432,-0.0262,0.0724,0.2785,-0.1250,-0.1003,0.0477,-0.0842,-0.0249,0.0812,0.1199,-0.0397,0.0001,-0.0165,0.0850,0.1250,-0.0306,-0.0775,0.0763
4658.0,0,0.000,0.000,0.000,0.000,0.000,0.000,0.000,0.000,0.000,0.000,0.000,0.000,0.000,0.000,0.000,0.000,0.000,0.000,0.000,0.000,0.000,6.065,0.000,0.000,0.000,0.000,0.000,0.000,0.000,0.000,0.000,0.000,0.000,0.000,0.000,0.000,0.000,0.000,0.000,0.000,0.000,0.000,0.000,36.063,0.000,0.000,0.000,0.000,0.000,0.000,0.000,0.000,0.000,0.000,0.000,0.000,0.000,0.000,0.000,0.000,0.000,0.000,0.000,0.000,0.000,0.000,0.000,0.000,0.000,0.0953,0.0195,0.0107,0.0000,-0.2669,-0.0530,-0.0161,0.0624,0.2832,-0.1238,-0.1271,0.0398,-0.0833,-0.0287,0.0814,0.1107,-0.0355,0.0001,-0.0091,0.0809,0.1079,-0.0251,-0.0580,0.0665
4666.5,0,0.000,0.000,0.000,0.000,0.000,0.000,0.000,0.000,0.000,0.000,0.000,0.000,0.000,6.703,0.000,0.000,0.000,0.000,0.000,0.000,0.000,16.255,0.000,0.000,0.000,0.000,0.000,0.000,0.000,0.000,0.000,0.000,0.000,0.000,0.000,0.000,0.000,0.000,0.000,0.000,0.000,0.000,0.000,36.228,0.000,0.000,0.000,0.000,0.000,0.000,0.000,0.000,0.000,0.000,0.000,0.000,0.000,0.000,0.000,0.000,0.000,0.000,0.000,0.000,0.000,0.000,0.000,0.000,0.000,0.0709,0.0159,0.0131,0.0000,-0.2725,-0.0639,-0.0111,0.0588,0.2875,-0.1224,-0.1499,0.0329,-0.1016,-0.0361,0.1007,0.1071,-0.0311,0.0001,0.0007,0.0781,0.0917,-0.0204,-0.0408,0.0598
4675.0,0,0.000,0.000,0.000,0.000,0.000,0.000,0.000,0.000,0.000,0.000,0.000,0.000,0.000,1.225,0.000,0.000,0.000,0.000,0.000,0.000,0.000,20.231,0.000,0.000,0.000,0.000,0.000,0.000,0.000,0.000,0.000,0.000,0.000,0.000,0.000,0.000,0.000,0.000,0.000,0.000,0.000,0.000,0.000,30.180,0.000,0.000,0.000,0.000,0.000,0.000,0.000,0.000,0.000,0.000,0.000,0.000,0.000,0.000,0.000,0.000,0.000,0.000,0.000,0.000,0.000,0.000,0.000,0.000,0.000,0.0554,0.0129,0.0146,0.0000,-0.2685,-0.0742,-0.0006,0.0546,0.2908,-0.1174,-0.1690,0.0271,-0.1278,-0.0469,0.1328,0.1093,-0.0267,0.0034,0.0187,0.0749,0.0796,-0.0146,-0.0252,0.0554
4683.0,0,0.000,0.000,0.000,0.000,0.000,0.000,0.000,0.000,0.000,0.000,0.000,0.000,0.000,0.247,0.000,0.000,0.000,0.000,0.000,0.000,0.000,30.947,0.000,0.000,0.000,0.000,0.000,0.000,0.000,0.000,0.000,0.000,0.000,0.000,0.000,0.000,0.000,0.000,0.000,0.000,10.913,0.000,0.000,24.262,0.000,0.000,0.000,0.000,0.000,0.000,0.000,0.000,0.000,0.000,0.000,0.000,0.000,0.000,0.000,0.000,0.000,0.000,0.000,0.000,0.000,0.000,0.000,0.000,0.000,0.0497,0.0167,0.0148,0.0000,-0.2578,-0.0858,0.0144,0.0556,0.2946,-0.1106,-0.1880,0.0221,-0.1565,-0.0528,0.1626,0.1178,-0.0226,0.0059,0.0313,0.0711,0.0717,-0.0099,-0.0158,0.0568
4691.5,0,0.000,0.000,0.000,0.000,0.000,0.000,0.000,0.000,0.000,0.000,0.000,0.000,0.000,0.045,0.000,0.000,0.000,0.000,0.000,0.000,0.000,25.474,0.000,0.000,0.000,0.000,0.000,0.000,0.000,0.000,0.000,0.000,0.000,0.000,0.000,0.000,0.000,0.000,0.000,0.000,15.672,0.000,0.000,10.517,0.000,0.000,0.000,0.000,0.000,0.000,0.000,0.000,0.000,0.000,0.000,0.000,0.000,0.000,0.000,0.000,0.000,0.000,0.000,0.000,0.000,0.000,0.000,0.000,0.000,0.0514,0.0259,0.0141,0.0000,-0.2404,-0.0961,0.0218,0.0577,0.2943,-0.1008,-0.2008,0.0180,-0.1822,-0.0536,0.1814,0.1260,-0.0189,0.0071,0.0347,0.0652,0.0715,-0.0066,-0.0143,0.0560
4700.0,0,0.000,0.000,0.000,0.000,0.000,0.000,0.000,0.000,0.000,0.000,0.000,0.000,0.000,0.008,0.000,0.000,0.000,0.000,0.000,0.000,0.000,21.613,0.000,0.000,0.000,0.000,0.000,0.000,0.000,0.000,0.000,0.000,0.000,0.000,0.000,0.000,0.000,0.000,0.000,0.000,2.863,0.000,0.000,1.921,0.000,0.000,0.000,0.000,0.000,0.000,0.000,0.000,0.000,0.000,0.000,0.000,0.000,0.000,0.000,0.000,0.000,0.000,0.000,0.000,0.000,0.000,0.000,0.000,0.000,0.0598,0.0318,0.0129,0.0000,-0.2225,-0.1030,0.0247,0.0624,0.2920,-0.0893,-0.2067,0.0145,-0.2026,-0.0510,0.1924,0.1332,-0.0157,0.0074,0.0343,0.0581,0.0721,-0.0043,-0.0161,0.0526
4708.0,0,0.000,0.000,0.000,0.000,0.000,0.000,0.000,0.000,0.000,0.000,0.000,0.000,0.000,0.002,0.000,0.000,0.000,0.000,0.000,0.000,0.000,12.551,0.000,0.000,0.000,0.000,0.000,0.000,0.000,0.000,0.000,0.000,0.000,0.000,0.000,0.000,0.000,0.000,0.000,0.000,0.578,0.000,0.000,0.388,0.000,0.000,0.000,0.000,0.000,0.000,0.000,0.000,0.000,0.000,0.000,0.000,0.000,0.000,0.000,0.000,0.000,0.000,0.000,0.000,0.000,0.000,0.000,0.000,0.000,0.0700,0.0337,0.0114,0.0000,-0.2059,-0.1052,0.0248,0.0661,0.2884,-0.0775,-0.2063,0.0117,-0.2154,-0.0465,0.1951,0.1394,-0.0129,0.0071,0.0319,0.0506,0.0729,-0.0027,-0.0186,0.0476
4716.5,0,0.000,0.000,0.000,0.000,0.000,0.000,0.000,0.000,0.000,0.000,0.000,0.000,0.000,0.000,0.000,0.000,0.000,0.000,0.000,0.000,0.000,2.293,0.000,0.000,0.000,0.000,0.000,0.000,0.000,0.000,0.000,0.000,0.000,0.000,0.000,0.000,0.000,0.000,0.000,0.000,0.106,0.000,0.000,0.071,0.000,0.000,0.000,0.000,0.000,0.000,0.000,0.000,0.000,0.000,0.000,0.000,0.000,0.000,0.000,0.000,0.000,0.000,0.000,0.000,0.000,0.000,0.000,0.000,0.000,0.0749,0.0329,0.0099,0.0000,-0.1980,-0.1059,0.0274,0.0675,0.2841,-0.0662,-0.2043,0.0094,-0.2199,-0.0412,0.1931,0.1473,-0.0105,0.0066,0.0286,0.0433,0.0750,-0.0017,-0.0259,0.0419
4725.0,0,0.000,0.000,0.000,0.000,0.000,0.000,0.000,0.000,0.000,0.000,0.000,0.000,0.000,0.000,0.000,0.000,0.000,0.000,0.000,0.000,0.000,4.098,0.000,0.000,0.000,0.000,0.000,0.000,0.000,0.000,0.000,0.000,0.000,0.000,0.000,0.000,0.000,0.000,0.000,0.000,0.019,0.000,0.000,0.013,0.000,0.000,0.000,0.000,0.000,0.000,0.000,0.000,0.000,0.000,0.000,0.000,0.000,0.000,0.000,0.000,0.000,0.000,0.000,0.000,0.000,0.000,0.000,0.000,0.000,0.0770,0.0305,0.0085,0.0000,-0.2012,-0.1092,0.0321,0.0697,0.2819,-0.0558,-0.2023,0.0075,-0.2189,-0.0358,0.1867,0.1532,-0.0086,0.0059,0.0251,0.0366,0.0759,-0.0009,-0.0332,0.0362
4733.0,0,0.000,0.000,0.000,0.000,0.000,0.000,0.000,0.000,0.000,0.000,0.000,0.000,0.000,0.000,0.000,0.000,0.000,0.000,0.000,0.000,0.000,4.506,0.000,0.000,0.000,0.000,0.000,0.000,0.000,0.000,0.000,0.000,0.000,0.000,0.000,0.000,0.000,0.000,0.000,0.000,0.004,0.000,0.000,0.003,0.000,0.000,0.000,0.000,0.000,0.000,0.000,0.000,0.000,0.000,0.000,0.000,0.000,0.000,0.000,0.000,0.000,0.000,0.000,0.000,0.000,0.000,0.000,0.000,0.000,0.0774,0.0274,0.0071,0.0000,-0.2116,-0.1157,0.0343,0.0683,0.2812,-0.0466,-0.2005,0.0060,-0.2230,-0.0305,0.1781,0.1590,-0.0069,0.0051,0.0148,0.0346,0.0828,-0.0005,-0.0410,0.0308
4741.5,0,0.000,0.000,0.000,0.000,0.000,0.000,0.000,0.000,0.000,0.000,0.000,0.000,0.000,0.000,0.000,0.000,0.000,0.000,0.000,0.000,0.000,0.823,0.000,0.000,0.000,0.000,0.000,0.000,0.000,0.000,0.000,0.000,0.000,0.000,0.000,0.000,0.000,0.000,0.000,0.000,0.001,0.000,0.000,0.000,0.000,0.000,0.000,0.000,0.000,0.000,0.000,0.000,0.000,0.000,0.000,0.000,0.000,0.000,0.000,0.000,0.000,0.000,0.000,0.000,0.000,0.000,0.000,0.000,0.000,0.0740,0.0239,0.0059,0.0000,-0.2282,-0.1202,0.0338,0.0637,0.2828,-0.0385,-0.1979,0.0048,-0.2353,-0.0257,0.1734,0.1655,-0.0056,0.0044,0.0011,0.0322,0.0943,-0.0002,-0.0509,0.0259
4750.0,0,0.000,0.000,0.000,0.000,0.000,0.000,0.000,0.000,0.000,0.000,0.000,0.000,0.000,0.000,0.000,0.000,0.000,0.000,0.000,0.000,0.000,3.479,0.000,0.000,0.000,0.000,0.000,0.000,0.000,0.000,0.000,0.000,0.000,0.000,0.000,0.000,0.000,0.000,0.000,0.000,0.000,0.000,0.000,0.000,0.000,0.000,0.000,0.000,0.000,0.000,0.000,0.000,0.000,0.000,0.000,0.000,0.000,0.000,0.000,0.000,0.000,0.000,0.000,0.000,0.000,0.000,0.000,0.000,0.000,0.0704,0.0206,0.0049,0.0000,-0.2475,-0.1241,0.0302,0.0574,0.2832,-0.0317,-0.1942,0.0038,-0.2473,-0.0215,0.1713,0.1679,-0.0045,0.0037,-0.0172,0.0291,0.1114,-0.0000,-0.0630,0.0216
4758.0,0,0.000,0.000,0.000,0.000,0.000,0.000,0.000,0.000,0.000,0.000,0.000,0.000,0.000,0.000,0.000,0.000,0.000,0.000,0.000,0.000,0.000,0.702,0.000,0.000,0.000,0.000,0.000,0.000,0.000,0.000,0.000,0.000,0.000,0.000,0.000,0.000,0.000,0.000,0.000,0.000,0.000,0.000,0.000,0.000,0.000,0.000,0.000,0.000,0.000,0.000,0.000,0.000,0.000,0.000,0.000,0.000,0.000,0.000,0.000,0.000,0.000,0.000,0.000,0.000,0.000,0.000,0.000,0.000,0.000,0.0648,0.0174,0.0040,0.0000,-0.2666,-0.1264,0.0241,0.0504,0.2825,-0.0259,-0.1892,0.0030,-0.2623,-0.0178,0.1680,0.1663,-0.0036,0.0031,-0.0381,0.0256,0.1248,0.0001,-0.0738,0.0178
4766.5,0,0.000,0.000,0.000,0.000,0.000,0.000,0.000,0.000,0.000,0.000,0.000,0.000,0.000,0.000,0.000,0.000,0.000,0.000,0.000,0.000,0.000,0.128,0.000,0.000,0.000,0.000,0.000,0.000,0.000,0.000,0.000,0.000,0.000,0.000,0.000,0.000,0.000,0.000,0.000,0.000,0.000,0.000,0.000,0.000,0.000,0.000,0.000,0.000,0.000,0.000,0.000,0.000,0.000,0.000,0.000,0.000,0.000,0.000,0.000,0.000,0.000,0.000,0.000,0.000,0.000,0.000,0.000,0.000,0.000,0.0579,0.0146,0.0033,0.0000,-0.2847,-0.1293,0.0158,0.0435,0.2805,-0.0210,-0.1833,0.0024,-0.2765,-0.0222,0.1718,0.1635,-0.0029,0.0026,-0.0590,0.0222,0.1342,-0.0053,-0.0859,0.0146
4775.0,0,0.000,0.000,0.000,0.000,0.000,0.000,0.000,0.000,0.000,0.000,0.000,0.000,0.000,0.000,0.000,0.000,0.000,0.000,0.000,0.000,0.000,4.089,0.000,0.000,0.000,0.000,0.000,0.000,0.000,0.000,0.000,0.000,0.000,0.000,0.000,0.000,0.000,0.000,0.000,0.000,0.000,0.000,0.000,0.000,0.000,0.000,0.000,0.000,0.000,0.000,0.000,0.000,0.000,0.000,0.000,0.000,0.000,0.000,0.000,0.000,0.000,0.000,0.000,0.000,0.000,0.000,0.000,0.000,0.000,0.0535,0.0121,0.0027,0.0000,-0.2996,-0.1340,0.0150,0.0369,0.2808,-0.0170,-0.1760,0.0019,-0.2879,-0.0344,0.1722,0.1639,-0.0023,0.0021,-0.0768,0.0189,0.1416,-0.0139,-0.0971,0.0119
4783.0,0,0.000,0.000,0.000,0.000,0.000,0.000,0.000,0.000,0.000,0.000,0.000,0.000,0.000,0.000,0.000,0.000,0.000,0.000,0.000,0.000,0.000,9.995,0.000,0.000,0.000,0.000,0.000,0.000,0.000,0.000,0.000,0.000,0.000,0.000,0.000,0.000,0.000,0.000,0.000,0.000,0.000,0.000,0.000,3.329,0.000,0.000,0.000,0.000,0.000,0.000,0.000,0.000,0.000,0.000,0.000,0.000,0.000,0.000,0.000,0.000,0.000,0.000,0.000,0.000,0.000,0.000,0.000,0.000,0.000,0.0524,0.0100,0.0022,0.0000,-0.3099,-0.1402,0.0135,0.0310,0.2833,-0.0137,-0.1705,0.0015,-0.2925,-0.0542,0.1681,0.1622,-0.0018,0.0017,-0.0897,0.0159,0.1465,-0.0236,-0.1078,0.0127
4791.5,0,0.000,0.000,0.000,0.000,0.000,0.000,0.000,0.000,0.000,0.000,0.000,0.000,0.000,0.000,0.000,0.000,0.000,0.000,0.000,0.000,0.000,5.155,0.000,0.000,0.000,0.000,0.000,0.000,0.000,0.000,0.000,0.000,0.000,0.000,0.000,0.000,0.000,0.000,0.000,0.000,0.000,0.000,0.000,0.608,0.000,0.000,0.000,0.000,0.000,0.000,0.000,0.000,0.000,0.000,0.000,0.000,0.000,0.000,0.000,0.000,0.000,0.000,0.000,0.000,0.000,0.000,0.000,0.000,0.000,0.0513,0.0082,0.0017,0.0000,-0.3114,-0.1465,0.0068,0.0258,0.2858,-0.0110,-0.1652,0.0012,-0.2897,-0.0830,0.1572,0.1538,-0.0014,0.0014,-0.0977,0.0132,0.1513,-0.0321,-0.1153,0.0131
4800.0,0,0.000,0.000,0.000,0.000,0.000,0.000,0.000,0.000,0.000,0.000,0.000,0.000,0.000,0.000,0.000,0.000,0.000,0.000,0.000,0.000,0.000,9.026,0.000,0.000,0.000,0.000,0.000,0.000,0.000,0.000,0.000,0.000,0.000,0.000,0.000,0.000,0.000,0.000,0.000,0.000,0.000,0.000,0.000,0.111,0.000,0.000,0.000,0.000,0.000,0.000,0.000,0.000,0.000,0.000,0.000,0.000,0.000,0.000,0.000,0.000,0.000,0.000,0.000,0.000,0.000,0.000,0.000,0.000,0.000,0.0532,0.0067,0.0014,0.0000,-0.3052,-0.1504,-0.0032,0.0212,0.2868,-0.0088,-0.1603,0.0009,-0.2806,-0.1096,0.1419,0.1439,-0.0011,0.0011,-0.1006,0.0109,0.1527,-0.0359,-0.1196,0.0184
4808.0,0,0.000,0.000,0.000,0.000,0.000,0.000,0.000,0.000,0.000,0.000,0.000,0.000,0.000,0.000,0.000,0.000,0.000,0.000,0.000,0.000,0.000,19.371,0.000,0.000,0.000,0.000,0.000,0.000,0.000,0.000,0.000,0.000,0.000,0.000,0.000,0.000,0.000,0.000,0.000,0.000,0.000,0.000,0.000,0.022,0.000,0.000,0.000,0.000,0.000,0.000,0.000,0.000,0.000,0.000,0.000,0.000,0.000,0.000,0.000,0.000,0.000,0.000,0.000,0.000,0.000,0.000,0.000,0.000,0.000,0.0605,0.0054,0.0011,0.0000,-0.2923,-0.1545,-0.0089,0.0174,0.2901,-0.0070,-0.1566,0.0007,-0.2637,-0.1265,0.1249,0.1373,-0.0009,0.0009,-0.0975,0.0089,0.1488,-0.0363,-0.1195,0.0219
4816.5,0,0.000,0.000,0.000,0.000,0.000,0.000,0.000,0.000,0.000,0.000,0.000,0.000,0.000,0.000,0.000,0.000,0.000,0.000,0.000,0.000,0.000,32.058,0.000,0.000,0.000,0.000,0.000,0.000,0.000,0.000,0.000,0.000,0.000,0.000,0.000,0.000,0.000,0.000,0.000,0.000,0.000,0.000,0.000,0.004,0.000,0.000,0.000,0.000,0.000,0.000,0.000,0.000,0.000,0.000,0.000,0.000,0.000,0.000,0.000,0.000,0.000,0.000,0.000,0.000,0.000,0.000,0.000,0.000,0.000,0.0732,0.0043,0.0009,0.0000,-0.2761,-0.1566,-0.0077,0.0142,0.2936,-0.0056,-0.1507,0.0006,-0.2513,-0.1328,0.1185,0.1355,-0.0007,0.0007,-0.0901,0.0073,0.1401,-0.0343,-0.0970,0.0251
4825.0,0,0.000,0.000,0.000,0.000,0.000,0.000,0.000,0.000,0.000,0.000,0.000,0.000,0.000,0.000,0.000,0.000,0.000,0.000,0.000,0.000,0.000,27.761,0.000,0.000,0.000,0.000,0.000,0.000,0.000,0.000,0.000,0.000,0.000,0.000,0.000,0.000,0.000,0.000,0.000,0.000,0.000,0.000,0.000,0.001,0.000,0.000,0.000,0.000,0.000,0.000,0.000,0.000,0.000,0.000,0.000,0.000,0.000,0.000,0.000,0.000,0.000,0.000,0.000,0.000,0.000,0.000,0.000,0.000,0.000,0.0872,0.0035,0.0007,0.0000,-0.2586,-0.1569,-0.0070,0.0115,0.2957,-0.0044,-0.1485,0.0004,-0.2533,-0.1294,0.1206,0.1376,-0.0006,0.0006,-0.0830,0.0059,0.1289,-0.0312,-0.0571,0.0336
4833.0,0,0.000,0.000,0.000,0.000,0.000,0.000,0.000,0.000,0.000,0.000,0.000,0.000,0.000,0.000,0.000,0.000,0.000,0.000,0.000,0.000,0.000,23.153,0.000,0.000,0.000,0.000,0.000,0.000,0.000,0.000,0.000,0.000,0.000,0.000,0.000,0.000,0.000,0.000,0.000,0.000,0.000,0.000,0.000,0.000,0.000,0.000,0.000,0.000,0.000,0.000,0.000,0.000,0.000,0.000,0.000,0.000,0.000,0.000,0.000,0.000,0.000,0.000,0.000,0.000,0.000,0.000,0.000,0.000,0.000,0.1002,0.0028,0.0006,0.0000,-0.2417,-0.1555,-0.0072,0.0093,0.2975,-0.0035,-0.1479,0.0003,-0.2606,-0.1201,0.1263,0.1411,-0.0004,0.0005,-0.0768,0.0048,0.1153,-0.0276,-0.0124,0.0441
4841.5,0,0.000,0.000,0.000,0.000,0.000,0.000,0.000,0.000,0.000,0.000,0.000,0.000,0.000,0.000,0.000,0.000,0.000,0.000,0.000,0.000,0.000,21.256,0.000,0.000,0.000,0.000,0.000,0.000,0.000,0.000,0.000,0.000,0.000,0.000,0.000,0.000,0.000,0.000,0.000,0.000,0.000,0.000,0.000,0.000,0.000,0.000,0.000,0.000,0.000,0.000,0.000,0.000,0.000,0.000,0.000,0.000,0.000,0.000,0.000,0.000,0.000,0.000,0.000,0.000,0.000,0.000,0.000,0.000,0.000,0.1113,0.0022,0.0004,0.0000,-0.2277,-0.1527,0.0034,0.0075,0.2981,-0.0139,-0.1513,0.0003,-0.2654,-0.1078,0.1333,0.1421,-0.0003,0.0004,-0.0693,0.0038,0.1008,-0.0239,0.0199,0.0526
4850.0,0,0.000,0.000,0.000,0.000,0.000,0.000,0.000,0.000,0.000,0.000,0.000,0.000,0.000,0.000,0.000,0.000,0.000,0.000,0.000,0.000,0.000,22.383,0.000,0.000,0.000,0.000,0.000,0.000,0.000,0.000,0.000,0.000,0.000,0.000,0.000,0.000,0.000,0.000,0.000,0.000,0.000,0.000,0.000,8.187,0.000,0.000,0.000,0.000,0.000,0.000,0.000,0.000,0.000,0.000,0.000,0.000,0.000,0.000,0.000,0.000,0.000,0.000,0.000,0.000,0.000,0.000,0.000,0.000,0.000,0.1186,0.0018,0.0004,0.0000,-0.2178,-0.1508,0.0303,0.0060,0.2954,-0.0413,-0.1512,0.0002,-0.2686,-0.0944,0.1371,0.1410,-0.0003,0.0003,-0.0610,0.0031,0.0866,-0.0204,0.0333,0.0556
4858.0,0,0.000,0.000,0.000,0.000,0.000,0.000,0.000,0.000,0.000,0.000,0.000,0.000,0.000,0.000,0.000,0.000,0.000,0.000,0.000,0.000,0.000,11.927,0.000,0.000,0.000,0.000,0.000,0.000,0.000,0.000,0.000,0.000,0.000,0.000,0.000,0.000,0.000,0.000,0.000,0.000,0.000,0.000,0.000,1.653,0.000,0.000,0.000,0.000,0.000,0.000,0.000,0.000,0.000,0.000,0.000,0.000,0.000,0.000,0.000,0.000,0.000,0.000,0.000,0.000,0.000,0.000,0.000,0.000,0.000,0.1205,0.0014,0.0003,0.0000,-0.2104,-0.1499,0.0538,0.0048,0.2912,-0.0766,-0.1511,0.0002,-0.2706,-0.0812,0.1369,0.1381,-0.0002,0.0002,-0.0527,0.0025,0.0734,-0.0172,0.0379,0.0543
4866.5,0,0.000,0.000,0.000,0.000,0.000,0.000,0.000,0.000,0.000,0.000,0.000,0.000,0.000,0.000,0.000,0.000,0.000,0.000,0.000,0.000,0.000,2.179,0.000,0.000,0.000,0.000,0.000,0.000,0.000,0.000,0.000,0.000,0.000,0.000,0.000,0.000,0.000,0.000,0.000,0.000,0.000,0.000,0.000,4.795,0.000,0.000,0.000,0.000,0.000,0.000,0.000,0.000,0.000,0.000,0.000,0.000,0.000,0.000,0.000,0.000,0.000,0.000,0.000,0.000,0.000,0.000,0.000,0.000,0.000,0.1148,0.0011,0.0002,0.0000,-0.2046,-0.1471,0.0681,0.0038,0.2828,-0.1071,-0.1547,0.0001,-0.2702,-0.0688,0.1314,0.1372,-0.0002,0.0002,-0.0449,0.0020,0.0615,-0.0143,0.0382,0.0505
4875.0,0,0.000,0.000,0.000,0.000,0.000,0.000,0.000,0.000,0.000,0.000,0.000,0.000,0.000,0.000,0.000,0.000,0.000,0.000,0.000,0.000,0.000,0.398,0.000,0.000,0.000,0.000,0.000,0.000,0.000,0.000,0.000,0.000,0.000,0.000,0.000,0.000,0.000,0.000,0.000,0.000,0.000,0.000,0.000,0.876,0.000,0.000,0.000,0.000,0.000,0.000,0.000,0.000,0.000,0.000,0.000,0.000,0.000,0.000,0.000,0.000,0.000,0.000,0.000,0.000,0.000,0.000,0.000,0.000,0.000,0.1045,0.0009,0.0002,0.0000,-0.2001,-0.1455,0.0673,0.0030,0.2710,-0.1237,-0.1571,0.0001,-0.2716,-0.0657,0.1211,0.1363,-0.0001,0.0001,-0.0377,0.0016,0.0510,-0.0118,0.0360,0.0453
4883.0,0,0.000,0.000,0.000,0.000,0.000,0.000,0.000,0.000,0.000,0.000,0.000,0.000,0.000,0.000,0.000,0.000,0.000,0.000,0.000,0.000,0.000,0.080,0.000,0.000,0.000,0.000,0.000,0.000,0.000,0.000,0.000,0.000,0.000,0.000,0.000,0.000,0.000,0.000,0.000,0.000,0.000,0.000,0.000,12.237,0.000,0.000,0.000,0.000,0.000,0.000,0.000,0.000,0.000,0.000,0.000,0.000,0.000,0.000,0.000,0.000,0.000,0.000,0.000,0.000,0.000,0.000,0.000,0.000,0.000,0.0896,0.0007,0.0001,0.0000,-0.1969,-0.1461,0.0636,0.0024,0.2534,-0.1291,-0.1577,0.0001,-0.2729,-0.0716,0.1121,0.1350,-0.0032,0.0001,-0.0314,0.0012,0.0420,-0.0097,0.0326,0.0397
4891.5,0,0.000,0.000,0.000,0.000,0.000,0.000,0.000,0.000,0.000,0.000,0.000,4.966,0.000,0.000,0.000,0.000,0.000,0.000,0.000,0.000,0.000,13.556,0.000,0.000,0.000,0.000,0.000,0.000,0.000,0.000,0.000,0.000,0.000,0.000,0.000,0.000,0.000,0.000,0.000,0.000,0.000,0.000,0.000,19.784,0.000,0.000,0.000,0.000,0.000,0.000,0.000,0.000,0.000,0.000,0.000,0.000,0.000,0.000,0.000,0.000,0.000,0.000,0.000,0.000,0.000,0.000,0.000,0.000,0.000,0.0769,0.0006,0.0001,0.0000,-0.1979,-0.1539,0.0698,0.0019,0.2341,-0.1298,-0.1549,0.0001,-0.2762,-0.0917,0.1012,0.1346,-0.0109,0.0001,-0.0283,0.0010,0.0344,-0.0079,0.0288,0.0341
4900.0,0,0.000,0.000,0.000,0.000,0.000,0.000,0.000,4.966,0.000,0.000,0.000,0.907,0.000,0.000,0.000,0.000,0.000,0.000,0.000,0.000,0.000,26.685,0.000,0.000,0.000,0.000,10.000,0.000,0.000,0.000,0.000,0.000,0.000,0.000,0.000,0.000,0.000,0.000,0.000,0.000,0.000,0.000,0.000,25.519,0.000,0.000,0.000,0.000,0.000,0.000,0.000,0.000,0.000,0.000,0.000,0.000,0.000,0.000,0.000,0.000,0.000,0.000,0.000,0.000,0.000,0.000,0.000,0.000,0.000,0.0692,0.0004,0.0001,0.0000,-0.2033,-0.1632,0.0824,0.0015,0.2156,-0.1358,-0.1489,0.0000,-0.2875,-0.1306,0.0913,0.1370,-0.0224,0.0001,-0.0312,0.0008,0.0280,-0.0064,0.0198,0.0289
4908.0,0,0.000,0.000,0.000,0.000,0.000,0.000,0.000,1.003,0.000,0.000,0.000,0.183,0.000,0.000,0.000,0.000,0.000,0.000,0.000,0.000,0.000,35.362,0.000,0.000,7.408,0.000,2.019,0.000,0.000,0.000,0.000,0.000,0.000,0.000,0.000,0.000,0.000,0.000,0.000,0.000,0.000,0.000,0.000,24.453,0.000,0.000,0.000,0.000,0.000,0.000,0.000,0.000,0.000,0.000,0.000,0.000,0.000,0.000,0.000,0.000,0.000,0.000,0.000,0.000,0.000,0.000,0.000,0.000,0.000,0.0714,0.0003,0.0001,0.0000,-0.2071,-0.1787,0.0905,0.0012,0.1990,-0.1494,-0.1340,0.0000,-0.3025,-0.1933,0.0966,0.1403,-0.0508,0.0001,-0.0367,0.0006,0.0237,-0.0111,0.0022,0.0242
4916.5,0,0.000,0.000,0.000,0.000,0.000,0.000,0.000,2.649,0.000,0.000,0.000,0.033,0.000,0.000,0.000,0.000,0.000,0.000,0.000,0.000,0.000,43.491,0.000,0.000,6.841,0.000,2.388,0.000,0.000,0.000,0.000,0.000,0.000,0.000,0.000,0.000,0.000,0.000,0.000,0.000,6.065,0.000,0.000,26.952,0.000,0.000,0.000,0.000,0.000,0.000,0.000,0.000,0.000,0.000,0.000,0.000,0.000,0.000,0.000,0.000,0.000,0.000,0.000,0.000,0.000,0.000,0.000,0.000,0.000,0.0803,0.0042,0.0001,0.0000,-0.2070,-0.1986,0.0949,0.0009,0.1870,-0.1712,-0.0952,0.0000,-0.3122,-0.2508,0.1109,0.1489,-0.0782,0.0000,-0.0317,0.0005,0.0251,-0.0231,-0.0211,0.0201
4925.0,0,0.000,0.000,0.000,0.000,0.000,0.000,0.000,0.484,0.000,0.000,0.000,0.006,0.000,0.000,0.000,0.000,0.000,0.000,0.000,0.000,0.000,53.993,0.000,0.000,8.969,0.000,0.436,0.000,0.000,0.000,0.000,0.000,0.000,0.000,0.000,18.792,0.000,0.000,0.000,0.000,21.892,0.000,0.000,10.271,0.000,0.000,0.000,0.000,0.000,0.000,0.000,0.000,0.000,0.000,0.000,0.000,0.000,0.000,0.000,0.000,0.000,0.000,0.000,0.000,0.000,0.000,0.000,0.000,0.000,0.0971,0.0251,0.0000,0.0000,-0.2014,-0.2223,0.0975,0.0007,0.1805,-0.1982,-0.0483,0.0000,-0.3102,-0.2946,0.1238,0.1581,-0.0967,0.0000,-0.0221,0.0004,0.0290,-0.0392,-0.0515,0.0166
4933.0,0,0.000,0.000,0.000,0.000,0.000,0.000,0.000,0.098,0.000,0.000,0.000,0.001,0.000,0.000,0.000,0.000,0.000,0.000,0.000,0.000,0.000,50.974,0.000,0.000,8.535,0.000,0.088,0.000,0.000,0.000,0.000,0.000,0.000,0.000,0.000,23.874,0.000,0.000,0.000,0.000,34.059,0.000,0.000,4.305,0.000,0.000,0.000,0.000,0.000,2.466,0.000,0.000,0.000,0.000,0.000,0.000,0.000,0.000,0.000,0.000,0.000,0.000,0.000,0.000,0.000,0.000,0.000,0.000,0.000,0.1197,0.0598,0.0000,0.0000,-0.1924,-0.2452,0.0910,0.0006,0.1734,-0.2197,-0.0113,0.0000,-0.2981,-0.3227,0.1320,0.1678,-0.1035,0.0000,-0.0211,0.0003,0.0436,-0.0548,-0.0771,0.0136
4941.5,0,0.000,0.000,0.000,0.000,0.000,0.000,0.000,0.018,0.000,0.000,0.000,0.000,0.000,4.966,0.000,0.000,0.000,0.000,0.000,0.000,0.000,44.035,0.000,0.000,10.986,0.000,0.016,0.000,0.000,0.000,0.000,0.000,0.000,0.000,0.000,13.152,0.000,0.000,0.000,0.000,23.367,0.000,0.000,0.786,0.000,0.000,0.000,0.000,0.000,0.450,0.000,0.000,0.000,0.000,0.000,0.000,0.000,0.000,0.000,0.000,0.000,0.000,0.000,0.000,0.000,0.000,0.000,0.000,0.000,0.1455,0.0934,0.0034,0.0000,-0.1830,-0.2640,0.0790,0.0035,0.1651,-0.2352,0.0008,0.0000,-0.2799,-0.3343,0.1334,0.1787,-0.1019,0.0000,-0.0292,0.0002,0.0625,-0.0697,-0.0977,0.0110
4950.0,0,0.000,0.000,0.000,0.000,0.000,0.000,0.000,0.003,0.000,0.000,0.000,0.000,0.000,0.907,0.000,0.000,0.000,0.000,0.000,0.000,0.000,36.760,0.000,0.000,2.007,0.000,0.003,0.000,0.000,0.000,0.000,0.000,0.000,0.000,0.000,2.403,0.000,0.000,0.000,0.000,4.269,0.000,0.000,0.144,0.000,0.000,0.000,0.000,0.000,0.082,0.000,0.000,0.000,0.000,0.000,0.000,0.000,0.000,0.000,0.000,0.000,0.000,0.000,0.000,0.000,0.000,0.000,0.000,0.000,0.1668,0.1121,0.0058,0.0000,-0.1751,-0.2763,0.0653,0.0088,0.1563,-0.2433,-0.0089,0.0000,-0.2594,-0.3335,0.1289,0.1895,-0.0951,0.0000,-0.0387,0.0002,0.0834,-0.0766,-0.1130,0.0089
4958.0,0,0.000,0.000,0.000,0.000,0.000,0.000,0.000,0.001,0.000,0.000,0.000,0.000,0.000,0.183,0.000,0.000,0.000,0.000,0.000,0.000,0.000,20.270,0.000,0.000,0.405,0.000,0.001,0.000,0.000,0.000,0.000,0.000,0.000,0.000,0.000,0.485,0.000,0.000,0.000,0.000,0.862,0.000,0.000,0.029,0.000,0.000,0.000,0.000,0.000,0.017,0.000,0.000,0.000,0.000,0.000,0.000,0.000,0.000,0.000,0.000,0.000,0.000,0.000,0.000,0.000,0.000,0.000,0.000,0.000,0.1797,0.1175,0.0070,0.0000,-0.1714,-0.2815,0.0474,0.0148,0.1536,-0.2419,-0.0274,0.0000,-0.2393,-0.3214,0.1213,0.2006,-0.0856,0.0000,-0.0449,0.0001,0.1030,-0.0767,-0.1221,0.0072
4966.5,0,0.000,0.000,0.000,0.000,0.000,0.000,0.000,0.000,0.000,0.000,0.000,0.000,0.000,0.033,0.000,0.000,0.000,0.000,0.000,0.000,0.000,3.703,0.000,0.000,0.074,0.000,0.000,0.000,0.000,0.000,0.000,0.000,0.000,0.000,0.000,0.089,0.000,0.000,0.000,0.000,0.157,0.000,0.000,0.005,0.000,0.000,0.000,0.000,0.000,0.003,0.000,0.000,0.000,0.000,0.000,0.000,0.000,0.000,0.000,0.000,0.000,0.000,0.000,0.000,0.000,0.000,0.000,0.000,0.000,0.1804,0.1139,0.0073,0.0000,-0.1705,-0.2758,0.0327,0.0203,0.1485,-0.2291,-0.0461,0.0000,-0.2205,-0.3023,0.1143,0.2077,-0.0752,0.0000,-0.0465,0.0001,0.1218,-0.0723,-0.1255,0.0058
4975.0,0,0.000,0.000,0.000,0.000,0.000,0.000,0.000,0.000,0.000,0.000,0.000,0.000,0.000,0.006,0.000,0.000,0.000,0.000,0.000,0.000,0.000,0.676,0.000,0.000,0.014,0.000,0.000,0.000,0.000,0.000,0.000,0.000,0.000,0.000,0.000,0.016,0.000,0.000,0.000,0.000,0.029,0.000,0.000,0.001,0.000,0.000,0.000,0.000,0.000,0.001,0.000,0.000,0.000,0.000,0.000,0.000,0.000,0.000,0.000,0.000,0.000,0.000,0.000,0.000,0.000,0.000,0.000,0.000,0.000,0.1714,0.1052,0.0070,0.0000,-0.1764,-0.2632,0.0220,0.0229,0.1419,-0.2089,-0.0636,0.0000,-0.2031,-0.2755,0.1047,0.2090,-0.0648,0.0000,-0.0449,0.0001,0.1369,-0.0656,-0.1258,0.0046
4983.0,0,0.000,0.000,0.000,0.000,0.000,0.000,0.000,0.000,0.000,0.000,0.000,0.000,0.000,0.001,0.000,0.000,0.000,0.000,0.000,0.000,0.000,0.137,0.000,0.000,0.003,0.000,0.000,0.000,0.000,0.000,0.000,0.000,0.000,0.000,0.000,0.003,0.000,0.000,0.000,0.000,0.006,0.000,0.000,0.000,0.000,0.000,0.000,0.000,0.000,0.000,0.000,0.000,0.000,0.000,0.000,0.000,0.000,0.000,0.000,0.000,0.000,0.000,0.000,0.000,0.000,0.000,0.000,0.000,0.000,0.1567,0.0941,0.0064,0.0000,-0.1895,-0.2489,0.0181,0.0231,0.1311,-0.1852,-0.0785,0.0000,-0.1863,-0.2445,0.0932,0.2072,-0.0550,0.0000,-0.0413,0.0001,0.1465,-0.0579,-0.1245,0.0037
4991.5,0,0.000,0.000,0.000,0.000,0.000,0.000,0.000,0.000,0.000,0.000,0.000,0.000,0.000,0.000,0.000,0.000,0.000,0.000,0.000,0.000,0.000,0.025,0.000,0.000,0.000,0.000,0.000,0.000,0.000,0.000,0.000,0.000,0.000,0.000,0.000,0.001,0.000,0.000,0.000,0.000,0.001,0.000,0.000,0.000,0.000,0.000,0.000,0.000,0.000,0.000,0.000,0.000,0.000,0.000,0.000,0.000,0.000,0.000,0.000,0.000,0.000,0.000,0.000,0.000,0.000,0.000,0.000,0.000,0.000,0.1393,0.0822,0.0057,0.0000,-0.2076,-0.2339,0.0272,0.0219,0.1194,-0.1608,-0.0917,0.0000,-0.1708,-0.2125,0.0811,0.2047,-0.0461,0.0000,-0.0368,0.0001,0.1521,-0.0500,-0.1216,0.0030
5000.0,0,0.000,0.000,0.000,0.000,0.000,0.000,0.000,0.000,0.000,0.000,0.000,0.000,0.000,0.000,0.000,0.000,0.000,0.000,0.000,0.000,0.000,0.005,0.000,0.000,0.000,0.000,0.000,0.000,0.000,0.000,0.000,0.000,0.000,0.000,0.000,0.000,0.000,0.000,0.000,0.000,0.000,0.000,0.000,0.000,0.000,0.000,0.000,0.000,0.000,0.000,0.000,0.000,0.000,0.000,0.000,0.000,0.000,0.000,0.000,0.000,0.000,0.000,0.000,0.000,0.000,0.000,0.000,0.000,0.000,0.1213,0.0705,0.0050,0.0000,-0.2287,-0.2188,0.0466,0.0200,0.1099,-0.1374,-0.1027,0.0000,-0.1636,-0.1817,0.0749,0.2047,-0.0383,0.0000,-0.0287,0.0000,0.1528,-0.0426,-0.1191,0.0023
5008.0,0,0.000,0.000,0.000,0.000,0.000,0.000,0.000,0.000,0.000,0.000,0.000,0.000,0.000,0.000,0.000,0.000,0.000,0.000,0.000,0.000,0.000,0.001,0.000,0.000,0.000,0.000,0.000,0.000,0.000,0.000,0.000,0.000,0.000,0.000,0.000,0.000,0.000,0.000,0.000,0.000,0.000,0.000,0.000,10.000,0.000,0.000,0.000,0.000,0.000,0.000,0.000,0.000,0.000,0.000,0.000,0.000,0.000,0.000,0.000,0.000,0.000,0.000,0.000,0.000,0.000,0.000,0.000,0.000,0.000,0.1009,0.0597,0.0043,0.0000,-0.2488,-0.2043,0.0498,0.0219,0.0990,-0.1158,-0.1112,0.0000,-0.1654,-0.1534,0.0732,0.2057,-0.0316,0.0000,-0.0217,0.0000,0.1492,-0.0358,-0.1186,0.0019
5016.5,0,0.000,0.000,0.000,0.000,0.000,0.000,0.000,0.000,0.000,0.000,0.000,0.000,0.000,0.000,0.000,0.000,0.000,0.000,0.000,0.000,0.000,23.216,0.000,0.000,6.703,0.000,0.000,0.000,0.000,0.000,0.000,0.000,0.000,0.000,0.000,0.000,0.000,0.000,0.000,0.000,0.000,0.000,0.000,13.301,0.000,0.000,0.000,0.000,0.000,0.000,0.000,0.000,0.000,0.000,0.000,0.000,0.000,0.000,0.000,0.000,0.000,0.000,0.000,0.000,0.000,0.000,0.000,0.000,0.000,0.0925,0.0500,0.0036,0.0000,-0.2667,-0.1918,0.0362,0.0227,0.0940,-0.0936,-0.1188,0.0000,-0.1744,-0.1378,0.0789,0.2074,-0.0259,0.0000,-0.0126,0.0000,0.1395,-0.0338,-0.1187,0.0015
5025.0,0,0.000,0.000,0.000,0.000,0.000,0.000,0.000,0.000,0.000,0.000,0.000,0.000,0.000,0.000,0.000,0.000,0.000,0.000,0.000,0.000,0.000,36.474,0.000,0.000,18.773,0.000,0.000,0.000,0.000,0.000,0.000,0.000,0.000,0.000,0.000,0.000,0.000,0.000,0.000,0.000,0.000,0.000,0.000,16.135,0.000,0.000,0.000,0.000,0.000,0.000,0.000,0.000,0.000,0.000,0.000,0.000,0.000,0.000,0.000,0.000,0.000,0.000,0.000,0.000,0.000,0.000,0.000,0.000,0.000,0.0984,0.0414,0.0030,0.0000,-0.2772,-0.1831,0.0098,0.0269,0.0982,-0.0747,-0.1264,0.0000,-0.1795,-0.1401,0.0905,0.2076,-0.0211,0.0000,-0.0075,0.0000,0.1313,-0.0396,-0.1206,0.0012
5033.0,0,0.000,0.000,0.000,0.000,0.000,0.000,0.000,0.000,0.000,0.000,0.000,0.000,0.000,0.000,0.000,0.000,0.000,0.000,0.000,0.000,0.000,47.203,0.000,0.000,26.647,0.000,0.000,0.000,0.000,0.000,0.000,0.000,0.000,0.000,0.000,0.000,0.000,0.000,0.000,0.000,0.000,0.000,0.000,3.258,0.000,0.000,0.000,0.000,0.000,0.000,0.000,0.000,0.000,0.000,0.000,0.000,0.000,0.000,0.000,0.000,0.000,0.000,0.000,0.000,0.000,0.000,0.000,0.000,0.000,0.1182,0.0341,0.0025,0.0000,-0.2766,-0.1783,-0.0202,0.0352,0.1097,-0.0594,-0.1314,0.0000,-0.1778,-0.1481,0.0980,0.2087,-0.0171,0.0000,-0.0131,0.0000,0.1280,-0.0495,-0.1223,0.0009
5041.5,0,0.000,0.000,0.000,0.000,0.000,0.000,0.000,0.000,0.000,0.000,0.000,0.000,0.000,0.000,0.000,0.000,0.000,0.000,0.000,0.000,0.000,48.238,0.000,0.000,14.262,0.000,0.000,0.000,0.000,0.000,0.000,0.000,0.000,0.000,0.000,0.000,0.000,0.000,0.000,0.000,0.000,0.000,0.000,0.595,0.000,0.000,0.000,0.000,0.000,0.000,0.000,0.000,0.000,0.000,0.000,0.000,0.000,0.000,0.000,0.000,0.000,0.000,0.000,0.000,0.000,0.000,0.000,0.000,0.000,0.1438,0.0279,0.0021,0.0000,-0.2635,-0.1734,-0.0453,0.0425,0.1232,-0.0471,-0.1306,0.0000,-0.1684,-0.1542,0.1033,0.2151,-0.0138,0.0000,-0.0269,0.0000,0.1315,-0.0573,-0.1226,0.0007
5050.0,0,0.000,0.000,0.000,0.000,0.000,0.000,0.000,0.000,0.000,0.000,0.000,0.000,0.000,8.187,0.000,0.000,0.000,0.000,0.000,0.000,0.000,44.750,0.000,0.000,10.560,0.000,0.000,0.000,0.000,0.000,0.000,0.000,0.000,0.000,0.000,0.000,0.000,0.000,0.000,0.000,0.000,0.000,0.000,0.109,0.000,0.000,0.000,0.000,0.000,0.000,0.000,0.000,0.000,0.000,0.000,0.000,0.000,0.000,0.000,0.000,0.000,0.000,0.000,0.000,0.000,0.000,0.000,0.000,0.000,0.1696,0.0227,0.0067,0.0000,-0.2417,-0.1653,-0.0629,0.0518,0.1388,-0.0372,-0.1282,0.0000,-0.1516,-0.1529,0.1047,0.2257,-0.0111,0.0000,-0.0439,0.0000,0.1418,-0.0660,-0.1231,0.0006
5058.0,0,0.000,0.000,0.000,0.000,0.000,0.000,0.000,0.000,0.000,0.000,0.000,0.000,0.000,1.653,0.000,0.000,0.000,0.000,0.000,0.000,0.000,37.410,0.000,0.000,12.265,0.000,0.000,0.000,0.000,0.000,0.000,0.000,0.000,0.000,0.000,0.000,0.000,0.000,0.000,0.000,0.000,0.000,0.000,0.022,0.000,0.000,0.000,0.000,0.000,0.000,0.000,0.000,0.000,0.000,0.000,0.000,0.000,0.000,0.000,0.000,0.000,0.000,0.000,0.000,0.000,0.000,0.000,0.000,0.000,0.1931,0.0184,0.0102,0.0000,-0.2154,-0.1522,-0.0753,0.0594,0.1607,-0.0294,-0.1270,0.0000,-0.1305,-0.1443,0.1031,0.2375,-0.0089,0.0000,-0.0604,0.0000,0.1537,-0.0728,-0.1264,0.0038
5066.5,0,0.000,0.000,0.000,0.000,0.000,0.000,0.000,0.000,0.000,0.000,0.000,0.000,0.000,0.302,0.000,0.000,0.000,0.000,0.000,0.000,0.000,28.154,0.000,0.000,2.241,0.000,0.000,0.000,0.000,0.000,0.000,0.000,0.000,0.000,0.000,0.000,0.000,0.000,0.000,0.000,0.000,0.000,0.000,0.004,0.000,0.000,0.000,0.000,0.000,0.000,0.000,0.000,0.000,0.000,0.000,0.000,0.000,0.000,0.000,0.000,0.000,0.000,0.000,0.000,0.000,0.000,0.000,0.000,0.000,0.2082,0.0148,0.0119,0.0000,-0.1879,-0.1360,-0.0821,0.0692,0.1852,-0.0231,-0.1238,0.0000,-0.1088,-0.1311,0.0988,0.2480,-0.0071,0.0000,-0.0731,0.0000,0.1656,-0.0738,-0.1294,0.0154
5075.0,0,0.000,0.000,0.000,0.000,0.000,0.000,0.000,0.000,0.000,0.000,0.000,0.000,0.000,0.055,0.000,0.000,0.000,0.000,0.000,0.000,0.000,19.539,0.000,0.000,0.409,0.000,0.000,0.000,0.000,0.000,0.000,0.000,0.000,0.000,0.000,0.000,0.000,0.000,0.000,0.000,0.000,0.000,0.000,0.001,0.000,0.000,0.000,0.000,0.000,0.000,0.000,0.000,0.000,0.000,0.000,0.000,0.000,0.000,0.000,0.000,0.000,0.000,0.000,0.000,0.000,0.000,0.000,0.000,0.000,0.2145,0.0119,0.0122,0.0000,-0.1611,-0.1188,-0.0884,0.0814,0.2099,-0.0182,-0.1182,0.0055,-0.0888,-0.1158,0.0911,0.2603,-0.0057,0.0000,-0.0779,0.0000,0.1764,-0.0703,-0.1276,0.0378
5083.0,0,0.000,0.000,0.000,0.000,0.000,0.000,0.000,0.000,0.000,0.000,0.000,0.000,0.000,0.011,0.000,0.000,0.000,0.000,0.000,0.000,0.000,3.945,0.000,0.000,0.083,0.000,0.000,0.000,0.000,0.000,0.000,0.000,0.000,0.000,0.000,0.000,0.000,0.000,0.000,0.000,0.000,0.000,0.000,0.000,0.000,0.000,0.000,0.000,0.000,0.000,0.000,0.000,0.000,0.000,0.000,0.000,0.000,0.000,0.000,0.000,0.000,0.000,0.000,0.000,0.000,0.000,0.000,0.000,0.000,0.2092,0.0095,0.0116,0.0000,-0.1363,-0.1020,-0.0931,0.0948,0.2322,-0.0143,-0.1119,0.0167,-0.0714,-0.1003,0.0815,0.2703,-0.0045,0.0000,-0.0765,0.0086,0.1878,-0.0642,-0.1246,0.0618
5091.5,0,0.000,0.000,0.000,0.000,0.000,0.000,0.000,0.000,0.000,0.000,0.000,0.000,0.000,0.002,0.000,0.000,0.000,0.000,0.000,0.000,0.000,4.399,0.000,0.000,0.015,0.000,0.000,0.000,0.000,0.000,0.000,0.000,0.000,0.000,0.000,0.000,0.000,0.000,0.000,0.000,0.000,0.000,0.000,0.000,0.000,0.000,0.000,0.000,0.000,0.000,0.000,0.000,0.000,0.000,0.000,0.000,0.000,0.000,0.000,0.000,0.000,0.000,0.000,0.000,0.000,0.000,0.000,0.000,0.000,0.1972,0.0076,0.0106,0.0000,-0.1141,-0.0863,-0.0976,0.1060,0.2521,-0.0112,-0.1056,0.0289,-0.0568,-0.0855,0.0712,0.2752,-0.0036,0.0000,-0.0712,0.0224,0.1951,-0.0569,-0.1211,0.0855
5100.0,0,0.000,0.000,0.000,0.000,0.000,0.000,0.000,0.000,0.000,0.000,0.000,0.000,0.000,0.000,0.000,0.000,0.000,0.000,0.000,0.000,0.000,0.804,0.000,0.000,0.003,0.000,0.000,0.000,0.000,0.000,0.000,0.000,0.000,0.000,0.000,0.000,0.000,0.000,0.000,0.000,0.000,0.000,0.000,0.000,0.000,0.000,0.000,0.000,0.000,0.000,0.000,0.000,0.000,0.000,0.000,0.000,0.000,0.000,0.000,0.000,0.000,0.000,0.000,0.000,0.000,0.000,0.000,0.000,0.000,0.1797,0.0061,0.0094,0.0000,-0.0946,-0.0723,-0.1019,0.1151,0.2698,-0.0088,-0.0964,0.0377,-0.0476,-0.0720,0.0611,0.2722,-0.0028,0.0000,-0.0641,0.0359,0.1985,-0.0494,-0.1158,0.0992
5108.0,0,0.000,0.000,0.000,0.000,0.000,0.000,0.000,0.000,0.000,0.000,0.000,0.000,0.000,0.000,0.000,0.000,0.000,0.000,0.000,0.000,0.000,0.162,0.000,0.000,0.001,0.000,0.000,0.000,0.000,0.000,0.000,0.000,0.000,0.000,0.000,0.000,0.000,0.000,0.000,0.000,0.000,0.000,0.000,12.060,0.000,0.000,0.000,0.000,0.000,0.000,0.000,0.000,0.000,0.000,0.000,0.000,0.000,0.000,0.000,0.000,0.000,0.000,0.000,0.000,0.000,0.000,0.000,0.000,0.000,0.1561,0.0048,0.0082,0.0000,-0.0779,-0.0599,-0.1029,0.1188,0.2851,-0.0123,-0.0856,0.0414,-0.0455,-0.0600,0.0587,0.2642,-0.0022,0.0000,-0.0562,0.0492,0.1990,-0.0422,-0.1100,0.1026
5116.5,0,0.000,0.000,0.000,0.000,0.000,0.000,0.000,0.000,0.000,0.000,0.000,0.000,0.000,0.000,0.000,0.000,0.000,0.000,0.000,0.000,0.000,0.030,0.000,0.000,0.000,0.000,0.000,0.000,0.000,0.000,0.000,0.000,0.000,0.000,0.000,0.000,0.000,0.000,0.000,0.000,0.000,0.000,0.000,23.247,0.000,0.000,0.000,0.000,0.000,0.000,0.000,0.000,0.000,0.000,0.000,0.000,0.000,0.000,0.000,0.000,0.000,0.000,0.000,0.000,0.000,0.000,0.000,0.000,0.000,0.1264,0.0038,0.0070,0.0000,-0.0637,-0.0493,-0.1049,0.1154,0.2954,-0.0219,-0.0566,0.0412,-0.0496,-0.0496,0.0626,0.2537,-0.0043,0.0000,-0.0484,0.0615,0.1993,-0.0356,-0.1068,0.0989
5125.0,0,0.000,0.000,0.000,0.000,0.000,0.000,0.000,0.000,0.000,0.000,0.000,0.000,0.000,0.000,0.000,0.000,0.000,0.000,0.000,0.000,0.000,4.071,0.000,0.000,0.000,0.000,0.000,0.000,0.000,0.000,0.000,0.000,0.000,0.000,0.000,0.000,0.000,0.000,0.000,0.000,0.000,0.000,0.000,40.637,0.000,0.000,0.000,0.000,0.000,0.000,0.000,0.000,0.000,0.000,0.000,0.000,0.000,0.000,0.000,0.000,0.000,0.000,0.000,0.000,0.000,0.000,0.000,0.000,0.000,0.0959,0.0030,0.0059,0.0000,-0.0518,-0.0404,-0.1101,0.1070,0.3021,-0.0329,-0.0117,0.0387,-0.0581,-0.0407,0.0708,0.2404,-0.0077,0.0000,-0.0410,0.0668,0.1957,-0.0297,-0.1035,0.0910
5133.0,0,0.000,0.000,0.000,0.000,0.000,0.000,0.000,0.000,0.000,0.000,0.000,0.000,0.000,0.000,0.000,0.000,0.000,0.000,0.000,0.000,0.000,19.264,0.000,0.000,0.000,0.000,0.000,0.000,0.000,0.000,0.000,0.000,0.000,0.000,0.000,0.000,0.000,0.000,0.000,0.000,0.000,0.000,0.000,47.283,0.000,0.000,0.000,0.000,0.000,0.000,0.000,0.000,0.000,0.000,0.000,0.000,0.000,0.000,0.000,0.000,0.000,0.000,0.000,0.000,0.000,0.000,0.000,0.000,0.000,0.0726,0.0024,0.0049,0.0000,-0.0420,-0.0328,-0.1201,0.0960,0.3043,-0.0515,0.0499,0.0386,-0.0682,-0.0332,0.0833,0.2281,-0.0124,0.0000,-0.0344,0.0663,0.1860,-0.0246,-0.1002,0.0812
5141.5,0,0.000,0.000,0.000,0.000,0.000,0.000,0.000,0.000,0.000,0.000,0.000,0.000,0.000,0.000,0.000,0.000,0.000,0.000,0.000,0.000,0.000,34.068,0.000,0.000,5.488,0.000,0.000,0.000,0.000,0.000,0.000,0.000,0.000,0.000,0.000,0.000,0.000,0.000,0.000,0.000,0.000,0.000,0.000,55.474,0.000,0.000,0.000,0.000,0.000,0.000,0.000,0.000,0.000,0.000,0.000,0.000,0.000,0.000,0.000,0.000,0.000,0.000,0.000,0.000,0.000,0.000,0.000,0.000,0.000,0.0620,0.0019,0.0041,0.0000,-0.0338,-0.0266,-0.1351,0.0890,0.3030,-0.0859,0.1190,0.0442,-0.0778,-0.0353,0.0947,0.2169,-0.0150,0.0000,-0.0286,0.0655,0.1705,-0.0202,-0.0971,0.0708
5150.0,0,0.000,0.000,0.000,0.000,0.000,0.000,0.000,6.703,0.000,0.000,0.000,0.000,0.000,0.000,0.000,0.000,0.000,0.000,0.000,0.000,0.000,60.540,0.000,0.000,16.102,0.000,0.000,0.000,0.000,0.000,0.000,0.000,0.000,0.000,0.000,0.000,0.000,0.000,0.000,0.000,0.000,0.000,0.000,59.112,0.000,0.000,0.000,0.000,0.000,0.000,0.000,0.000,0.000,0.000,0.000,0.000,0.000,0.000,0.000,0.000,0.000,0.000,0.000,0.000,0.000,0.000,0.000,0.000,0.000,0.0672,0.0015,0.0034,0.0000,-0.0272,-0.0254,-0.1400,0.0855,0.3013,-0.1374,0.1924,0.0571,-0.0893,-0.0480,0.1039,0.2114,-0.0263,0.0000,-0.0266,0.0656,0.1519,-0.0165,-0.0934,0.0607
5158.0,0,0.000,0.000,0.000,0.000,0.000,0.000,0.000,12.090,0.000,0.000,0.000,0.000,0.000,0.000,0.000,0.000,0.000,0.000,0.000,0.000,0.000,71.240,0.000,0.000,27.240,0.000,0.000,0.000,0.000,0.000,0.000,0.000,0.000,0.000,0.000,0.000,0.000,0.000,0.000,0.000,0.000,0.000,0.000,59.392,0.000,0.000,0.000,0.000,0.000,0.000,0.000,0.000,0.000,0.000,0.000,0.000,0.000,0.000,0.000,0.000,0.000,0.000,0.000,0.000,0.000,0.000,0.000,0.000,0.000,0.0849,0.0012,0.0027,0.0000,-0.0218,-0.0294,-0.1335,0.0828,0.3004,-0.2005,0.2648,0.0751,-0.1027,-0.0664,0.1125,0.2133,-0.0434,0.0000,-0.0307,0.0745,0.1377,-0.0134,-0.0933,0.0513
5166.5,0,0.000,0.000,0.000,0.000,0.000,0.000,0.000,5.537,0.000,0.000,0.000,0.000,0.000,2.725,0.000,0.000,0.000,0.000,0.000,0.000,0.000,66.268,0.000,0.000,29.827,0.000,0.000,0.000,0.000,0.000,0.000,0.000,0.000,0.000,0.000,0.000,0.000,0.000,0.000,0.000,8.187,0.000,0.000,37.881,0.000,0.000,0.000,0.000,0.000,0.000,0.000,0.000,0.000,0.000,0.000,0.000,0.000,0.000,0.000,0.000,0.000,0.000,0.000,0.000,0.000,0.000,0.000,0.000,0.000,0.1099,0.0060,0.0042,0.0000,-0.0174,-0.0314,-0.1284,0.0818,0.2998,-0.2667,0.3290,0.1012,-0.1171,-0.0906,0.1252,0.2176,-0.0691,0.0000,-0.0326,0.0835,0.1227,-0.0108,-0.0954,0.0460
5175.0,0,0.000,0.000,0.000,0.000,0.000,0.000,0.000,1.012,0.000,0.000,0.000,0.000,0.000,7.201,0.000,0.000,0.000,0.000,0.000,0.000,0.000,73.879,0.000,0.000,24.490,0.000,0.000,0.000,0.000,0.000,0.000,0.000,0.000,0.000,0.000,0.000,0.000,0.000,0.000,0.000,8.904,0.000,0.000,14.117,0.000,0.000,0.000,0.000,0.000,0.000,0.000,0.000,0.000,0.000,0.000,0.000,0.000,0.000,0.000,0.000,0.000,0.000,0.000,0.000,0.000,0.000,0.000,0.000,0.000,0.1398,0.0137,0.0093,0.0000,-0.0138,-0.0309,-0.1278,0.0854,0.2977,-0.3310,0.3870,0.1316,-0.1303,-0.1168,0.1338,0.2277,-0.0970,0.0000,-0.0349,0.0939,0.1101,-0.0087,-0.1006,0.0433
5183.0,0,0.000,0.000,0.000,0.000,0.000,0.000,0.000,0.204,0.000,0.000,0.000,0.000,0.000,1.454,0.000,0.000,0.000,0.000,0.000,0.000,0.000,67.530,0.000,0.000,21.384,0.000,0.000,0.000,0.000,0.000,0.000,0.000,0.000,0.000,0.000,0.000,0.000,0.000,0.000,0.000,1.798,0.000,0.000,2.850,0.000,0.000,0.000,0.000,0.000,0.000,0.000,0.000,0.000,0.000,0.000,0.000,0.000,0.000,0.000,0.000,0.000,0.000,0.000,0.000,0.000,0.000,0.000,0.000,0.000,0.1727,0.0187,0.0128,0.0000,-0.0110,-0.0289,-0.1290,0.0901,0.2915,-0.3885,0.4398,0.1649,-0.1423,-0.1397,0.1369,0.2378,-0.1200,0.0000,-0.0345,0.1098,0.1069,-0.0070,-0.1054,0.0450
5191.5,0,0.000,0.000,0.000,0.000,0.000,0.000,0.000,0.037,0.000,0.000,0.000,0.000,0.000,0.266,0.000,0.000,0.000,0.000,0.000,0.000,0.000,58.384,0.000,0.000,15.320,0.000,0.000,0.000,0.000,0.000,0.000,0.000,0.000,0.000,0.000,0.000,0.000,0.000,0.000,0.000,0.328,0.000,0.000,0.521,0.000,0.000,0.000,0.000,0.000,0.000,0.000,0.000,0.000,0.000,0.000,0.000,0.000,0.000,0.000,0.000,0.000,0.000,0.000,0.000,0.000,0.000,0.000,0.000,0.000,0.2041,0.0207,0.0143,0.0000,-0.0087,-0.0261,-0.1283,0.0960,0.2776,-0.4354,0.4874,0.1981,-0.1586,-0.1580,0.1434,0.2497,-0.1338,0.0000,-0.0335,0.1251,0.1128,-0.0056,-0.1098,0.0514
5200.0,0,0.000,0.000,0.000,0.000,0.000,0.000,0.000,0.007,0.000,0.000,0.000,0.000,0.000,0.049,0.000,0.000,0.000,0.000,0.000,0.000,0.000,47.555,0.000,0.000,9.523,0.000,0.000,0.000,0.000,0.000,0.000,0.000,0.000,0.000,0.000,0.000,0.000,0.000,0.000,0.000,0.060,0.000,0.000,0.095,0.000,0.000,0.000,0.000,0.000,0.000,0.000,0.000,0.000,0.000,0.000,0.000,0.000,0.000,0.000,0.000,0.000,0.000,0.000,0.000,0.000,0.000,0.000,0.000,0.000,0.2297,0.0207,0.0143,0.0000,-0.0069,-0.0229,-0.1292,0.1032,0.2554,-0.4698,0.5286,0.2298,-0.1820,-0.1690,0.1489,0.2585,-0.1359,0.0000,-0.0288,0.1399,0.1254,-0.0045,-0.1160,0.0568
5208.0,0,0.000,0.000,0.000,0.000,0.000,0.000,0.000,0.001,0.000,0.000,0.000,0.000,0.000,0.010,0.000,0.000,0.000,0.000,0.000,0.000,0.000,34.142,0.000,0.000,4.389,0.000,0.000,0.000,0.000,0.000,0.000,0.000,0.000,0.000,0.000,0.000,0.000,0.000,0.000,0.000,0.012,0.000,0.000,0.019,0.000,0.000,0.000,0.000,0.000,0.000,0.000,0.000,0.000,0.000,0.000,0.000,0.000,0.000,0.000,0.000,0.000,0.000,0.000,0.000,0.000,0.000,0.000,0.000,0.000,0.2466,0.0195,0.0135,0.0000,-0.0054,-0.0198,-0.1300,0.1099,0.2284,-0.4928,0.5632,0.2579,-0.2140,-0.1735,0.1563,0.2685,-0.1296,0.0000,-0.0221,0.1501,0.1418,-0.0086,-0.1220,0.0595
5216.5,0,0.000,0.000,0.000,0.000,0.000,0.000,0.000,0.000,0.000,0.000,0.000,0.000,0.000,0.002,0.000,0.000,0.000,0.000,0.000,0.000,0.000,16.234,0.000,0.000,0.802,0.000,0.000,0.000,0.000,0.000,0.000,0.000,0.000,0.000,0.000,0.000,0.000,0.000,0.000,0.000,0.002,0.000,0.000,0.004,0.000,0.000,0.000,0.000,0.000,0.000,0.000,0.000,0.000,0.000,0.000,0.000,0.000,0.000,0.000,0.000,0.000,0.000,0.000,0.000,0.000,0.000,0.000,0.000,0.000,0.2519,0.0177,0.0122,0.0000,-0.0043,-0.0168,-0.1320,0.1144,0.1998,-0.5060,0.5898,0.2810,-0.2514,-0.1711,0.1697,0.2771,-0.1186,0.0000,-0.0133,0.1576,0.1615,-0.0158,-0.1293,0.0597
5225.0,0,0.000,0.000,0.000,0.000,0.000,0.000,0.000,0.000,0.000,0.000,0.000,0.000,0.000,0.000,0.000,0.000,0.000,0.000,0.000,0.000,0.000,2.966,0.000,0.000,0.146,0.000,0.000,0.000,0.000,0.000,0.000,0.000,0.000,0.000,0.000,0.000,0.000,0.000,0.000,0.000,0.000,0.000,0.000,0.001,0.000,0.000,0.000,0.000,0.000,0.000,0.000,0.000,0.000,0.000,0.000,0.000,0.000,0.000,0.000,0.000,0.000,0.000,0.000,0.000,0.000,0.000,0.000,0.000,0.000,0.2439,0.0156,0.0108,0.0000,-0.0034,-0.0141,-0.1303,0.1121,0.1717,-0.5125,0.6107,0.2988,-0.2874,-0.1885,0.1991,0.2838,-0.1108,0.0000,-0.0125,0.1582,0.1824,-0.0254,-0.1474,0.0568
5233.0,0,0.000,0.000,0.000,0.000,0.000,0.000,0.000,0.000,0.000,0.000,0.000,0.000,0.000,0.000,0.000,0.000,0.000,0.000,0.000,0.000,0.000,0.599,0.000,0.000,0.030,0.000,0.000,0.000,0.000,0.000,0.000,0.000,0.000,0.000,0.000,0.000,0.000,0.000,0.000,0.000,0.000,0.000,0.000,0.000,0.000,0.000,0.000,0.000,0.000,0.000,0.000,0.000,0.000,0.000,0.000,0.000,0.000,0.000,0.000,0.000,0.000,0.000,0.000,0.000,0.000,0.000,0.000,0.000,0.000,0.2264,0.0134,0.0093,0.0000,-0.0050,-0.0117,-0.1282,0.1047,0.1455,-0.5126,0.6244,0.3103,-0.3171,-0.2047,0.2304,0.2818,-0.1032,0.0000,-0.0143,0.1510,0.2029,-0.0328,-0.1696,0.0518
5241.5,0,0.000,0.000,0.000,0.000,0.000,0.000,0.000,0.000,0.000,0.000,0.000,0.000,0.000,0.000,0.000,0.000,0.000,0.000,0.000,0.000,0.000,0.109,0.000,0.000,0.005,0.000,0.000,0.000,0.000,0.000,0.000,0.000,0.000,0.000,0.000,0.000,0.000,0.000,0.000,0.000,0.000,0.000,0.000,9.048,0.000,0.000,0.000,0.000,0.000,0.000,0.000,0.000,0.000,0.000,0.000,0.000,0.000,0.000,0.000,0.000,0.000,0.000,0.000,0.000,0.000,0.000,0.000,0.000,0.000,0.2011,0.0114,0.0079,0.0000,-0.0136,-0.0097,-0.1241,0.0945,0.1219,-0.5053,0.6326,0.3158,-0.3380,-0.2086,0.2492,0.2735,-0.0935,0.0000,-0.0150,0.1384,0.2202,-0.0359,-0.1867,0.0460
5250.0,0,0.000,0.000,0.000,0.000,0.000,0.000,0.000,0.000,0.000,0.000,0.000,0.000,0.000,0.000,0.000,0.000,0.000,0.000,0.000,0.000,0.000,0.020,0.000,0.000,0.001,0.000,0.000,0.000,0.000,0.000,0.000,0.000,0.000,0.000,0.000,0.000,0.000,0.000,0.000,0.000,0.000,0.000,0.000,21.047,0.000,0.000,0.000,0.000,0.000,0.000,0.000,0.000,0.000,0.000,0.000,0.000,0.000,0.000,0.000,0.000,0.000,0.000,0.000,0.000,0.000,0.000,0.000,0.000,0.000,0.1686,0.0096,0.0067,0.0000,-0.0281,-0.0079,-0.1225,0.0831,0.1013,-0.4912,0.6368,0.3146,-0.3474,-0.2002,0.2493,0.2581,-0.0825,0.0000,-0.0146,0.1232,0.2343,-0.0357,-0.1916,0.0399
5258.0,0,0.000,0.000,0.000,0.000,0.000,0.000,0.000,0.000,0.000,0.000,0.000,0.000,0.000,0.000,0.000,0.000,0.000,0.000,0.000,0.000,0.000,0.004,0.000,0.000,0.000,0.000,0.000,0.000,0.000,0.000,0.000,0.000,0.000,0.000,0.000,0.000,0.000,0.000,0.000,0.000,0.000,0.000,0.000,27.506,0.000,0.000,0.000,0.000,0.000,0.000,0.000,0.000,0.000,0.000,0.000,0.000,0.000,0.000,0.000,0.000,0.000,0.000,0.000,0.000,0.000,0.000,0.000,0.000,0.000,0.1325,0.0080,0.0056,0.0000,-0.0439,-0.0064,-0.1236,0.0716,0.0834,-0.4701,0.6401,0.3115,-0.3469,-0.1840,0.2356,0.2377,-0.0714,0.0000,-0.0136,0.1073,0.2441,-0.0335,-0.1864,0.0341
5266.5,0,0.000,0.000,0.000,0.000,0.000,0.000,0.000,0.000,0.000,0.000,0.000,0.000,0.000,0.000,0.000,0.000,0.000,0.000,0.000,0.000,0.000,0.001,0.000,0.000,0.000,0.000,0.000,0.000,0.000,0.000,0.000,0.000,0.000,0.000,0.000,0.000,0.000,0.000,0.000,0.000,0.000,0.000,0.000,37.230,0.000,0.000,0.000,0.000,0.000,0.000,0.000,0.000,0.000,0.000,0.000,0.000,0.000,0.000,0.000,0.000,0.000,0.000,0.000,0.000,0.000,0.000,0.000,0.000,0.000,0.0958,0.0066,0.0046,0.0000,-0.0596,-0.0052,-0.1245,0.0609,0.0683,-0.4459,0.6388,0.3087,-0.3363,-0.1641,0.2142,0.2182,-0.0609,0.0000,-0.0122,0.0919,0.2458,-0.0303,-0.1772,0.0287
5275.0,0,0.000,0.000,0.000,0.000,0.000,0.000,0.000,0.000,0.000,0.000,0.000,0.000,0.000,0.000,0.000,0.000,0.000,0.000,0.000,0.000,0.000,0.000,0.000,0.000,0.000,0.000,0.000,0.000,0.000,0.000,0.000,0.000,0.000,0.000,0.000,0.000,0.000,0.000,0.000,0.000,0.000,0.000,0.000,31.342,0.000,0.000,0.000,0.000,0.000,0.000,0.000,0.000,0.000,0.000,0.000,0.000,0.000,0.000,0.000,0.000,0.000,0.000,0.000,0.000,0.000,0.000,0.000,0.000,0.000,0.0616,0.0054,0.0038,0.0000,-0.0677,-0.0042,-0.1252,0.0511,0.0556,-0.4167,0.6317,0.3030,-0.3185,-0.1485,0.1894,0.2063,-0.0512,0.0000,-0.0107,0.0776,0.2395,-0.0267,-0.1575,0.0240
5283.0,0,0.000,0.000,0.000,0.000,0.000,0.000,0.000,0.000,0.000,0.000,0.000,0.000,0.000,0.000,0.000,0.000,0.000,0.000,0.000,0.000,0.000,4.966,0.000,0.000,0.000,0.000,0.000,0.000,0.000,0.000,0.000,0.000,0.000,0.000,0.000,0.000,0.000,0.000,0.000,0.000,0.000,0.000,0.000,35.681,0.000,0.000,0.000,0.000,0.000,0.000,0.000,0.000,0.000,0.000,0.000,0.000,0.000,0.000,0.000,0.000,0.000,0.000,0.000,0.000,0.000,0.000,0.000,0.000,0.000,0.0349,0.0044,0.0031,0.0000,-0.0690,-0.0034,-0.1281,0.0425,0.0451,-0.3896,0.6201,0.2990,-0.2958,-0.1426,0.1641,0.2015,-0.0427,0.0000,-0.0092,0.0649,0.2258,-0.0230,-0.1300,0.0198
5291.5,0,0.000,0.000,0.000,0.000,0.000,0.000,0.000,0.000,0.000,0.000,0.000,0.000,0.000,0.000,0.000,0.000,0.000,0.000,0.000,0.000,0.000,11.994,0.000,0.000,0.000,0.000,0.000,0.000,0.000,0.000,0.000,0.000,0.000,0.000,0.000,0.000,0.000,0.000,0.000,0.000,0.000,0.000,0.000,29.503,0.000,0.000,0.000,0.000,0.000,0.000,0.000,0.000,0.000,0.000,0.000,0.000,0.000,0.000,0.000,0.000,0.000,0.000,0.000,0.000,0.000,0.000,0.000,0.000,0.000,0.0178,0.0036,0.0025,0.0000,-0.0658,-0.0027,-0.1315,0.0351,0.0364,-0.3681,0.6057,0.2946,-0.2741,-0.1411,0.1442,0.1986,-0.0353,0.0000,-0.0078,0.0559,0.2059,-0.0196,-0.1032,0.0163
5300.0,0,0.000,0.000,0.000,0.000,0.000,0.000,0.000,0.000,0.000,0.000,0.000,0.000,0.000,0.000,0.000,0.000,0.000,0.000,0.000,0.000,0.000,19.882,0.000,0.000,0.000,0.000,0.000,0.000,0.000,0.000,0.000,0.000,0.000,0.000,0.000,0.000,0.000,0.000,0.000,0.000,0.000,0.000,0.000,16.803,0.000,0.000,0.000,0.000,0.000,0.000,0.000,0.000,0.000,0.000,0.000,0.000,0.000,0.000,0.000,0.000,0.000,0.000,0.000,0.000,0.000,0.000,0.000,0.000,0.000,0.0121,0.0029,0.0020,0.0000,-0.0601,-0.0022,-0.1328,0.0288,0.0292,-0.3431,0.5745,0.2874,-0.2527,-0.1416,0.1311,0.2049,-0.0289,0.0000,-0.0031,0.0565,0.1827,-0.0164,-0.0844,0.0133
5308.0,0,0.000,0.000,0.000,0.000,0.000,0.000,0.000,0.000,0.000,0.000,0.000,0.000,0.000,0.000,0.000,0.000,0.000,0.000,0.000,0.000,0.000,18.080,0.000,0.000,0.000,0.000,0.000,0.000,0.000,0.000,0.000,0.000,0.000,0.000,0.000,0.000,0.000,0.000,0.000,0.000,0.000,0.000,0.000,3.392,0.000,0.000,0.000,0.000,0.000,0.000,0.000,0.000,0.000,0.000,0.000,0.000,0.000,0.000,0.000,0.000,0.000,0.000,0.000,0.000,0.000,0.000,0.000,0.000,0.000,0.0167,0.0023,0.0016,0.0000,-0.0533,-0.0017,-0.1311,0.0234,0.0234,-0.3112,0.5241,0.2750,-0.2337,-0.1423,0.1302,0.2127,-0.0236,0.0000,0.0047,0.0623,0.1588,-0.0183,-0.0761,0.0108
5316.5,0,0.000,0.000,0.000,0.000,0.000,0.000,0.000,0.000,0.000,0.000,0.000,0.000,0.000,0.000,0.000,0.000,0.000,0.000,0.000,0.000,0.000,11.490,0.000,0.000,0.000,0.000,0.000,0.000,0.000,0.000,0.000,0.000,0.000,0.000,0.000,2.231,0.000,0.000,0.000,0.000,2.466,0.000,0.000,0.620,0.000,0.000,0.000,0.000,0.000,2.725,0.000,0.000,0.000,0.000,0.000,0.000,0.000,0.000,0.000,0.000,0.000,0.000,0.000,0.000,0.000,0.000,0.000,0.000,0.000,0.0269,0.0072,0.0013,0.0000,-0.0463,-0.0014,-0.1237,0.0190,0.0187,-0.2754,0.4591,0.2583,-0.2241,-0.1367,0.1306,0.2228,-0.0272,0.0000,0.0101,0.0695,0.1379,-0.0265,-0.0741,0.0087
5325.0,0,0.000,0.000,0.000,0.000,0.000,0.000,0.000,0.000,0.000,0.000,0.000,0.000,0.000,0.000,0.000,0.000,0.000,0.000,0.000,0.000,0.000,6.165,0.000,0.000,9.048,0.000,0.000,0.000,0.000,0.000,0.000,0.000,0.000,0.000,0.000,0.408,0.000,0.000,0.000,0.000,0.450,0.000,0.000,0.113,0.000,0.000,0.000,0.000,0.000,0.498,0.000,0.000,0.000,0.000,0.000,0.000,0.000,0.000,0.000,0.000,0.000,0.000,0.000,0.000,0.000,0.000,0.000,0.000,0.000,0.0423,0.0107,0.0010,0.0000,-0.0395,-0.0011,-0.1125,0.0173,0.0149,-0.2389,0.3873,0.2358,-0.2175,-0.1260,0.1365,0.2333,-0.0352,0.0000,0.0093,0.0775,0.1182,-0.0364,-0.0767,0.0070
5333.0,0,0.000,0.000,0.000,0.000,0.000,0.000,0.000,0.000,0.000,0.000,0.000,0.000,0.000,0.000,0.000,0.000,0.000,0.000,0.000,0.000,0.000,13.711,0.000,0.000,1.827,0.000,0.000,0.000,0.000,0.000,0.000,0.000,0.000,0.000,0.000,0.082,0.000,0.000,0.000,0.000,0.091,0.000,0.000,0.023,0.000,0.000,0.000,0.000,0.000,0.101,0.000,0.000,0.000,0.000,0.000,0.000,0.000,0.000,0.000,0.000,0.000,0.000,0.000,0.000,0.000,0.000,0.000,0.000,0.000,0.0584,0.0122,0.0008,0.0000,-0.0333,-0.0009,-0.0996,0.0209,0.0118,-0.2040,0.3176,0.2097,-0.2158,-0.1178,0.1515,0.2426,-0.0468,0.0000,0.0016,0.0794,0.1059,-0.0481,-0.0843,0.0056
5341.5,0,0.000,0.000,0.000,0.000,0.000,0.000,0.000,0.000,0.000,0.000,0.000,0.000,0.000,0.000,0.000,0.000,0.000,0.000,0.000,0.000,0.000,9.208,0.000,0.000,2.565,0.000,0.000,0.000,0.000,0.000,0.000,0.000,0.000,0.000,0.000,0.015,0.000,0.000,0.000,0.000,0.017,0.000,0.000,0.004,0.000,0.000,0.000,0.000,0.000,0.018,0.000,0.000,0.000,0.000,0.000,0.000,0.000,0.000,0.000,0.000,0.000,0.000,0.000,0.000,0.000,0.000,0.000,0.000,0.000,0.0721,0.0125,0.0007,0.0000,-0.0335,-0.0007,-0.0863,0.0254,0.0094,-0.1720,0.2495,0.1827,-0.2130,-0.1075,0.1650,0.2507,-0.0604,0.0000,-0.0107,0.0763,0.0939,-0.0615,-0.0927,0.0045
5350.0,0,0.000,0.000,0.000,0.000,0.000,0.000,0.000,0.000,0.000,0.000,0.000,0.000,0.000,0.000,0.000,0.000,0.000,0.000,0.000,0.000,0.000,11.397,0.000,0.000,3.194,0.000,0.000,0.000,0.000,0.000,0.000,0.000,0.000,0.000,0.000,0.003,0.000,0.000,0.000,0.000,0.003,0.000,0.000,0.001,0.000,0.000,0.000,0.000,0.000,0.003,0.000,0.000,0.000,0.000,0.000,0.000,0.000,0.000,0.000,0.000,0.000,0.000,0.000,0.000,0.000,0.000,0.000,0.000,0.000,0.0847,0.0119,0.0005,0.0000,-0.0379,-0.0005,-0.0736,0.0290,0.0105,-0.1435,0.1860,0.1566,-0.2063,-0.0955,0.1744,0.2571,-0.0669,0.0000,-0.0221,0.0701,0.0873,-0.0736,-0.1014,0.0036
5358.0,0,0.000,0.000,0.000,0.000,0.000,0.000,0.000,0.000,0.000,0.000,0.000,0.000,0.000,0.000,0.000,0.000,0.000,0.000,0.000,0.000,0.000,2.301,0.000,0.000,0.645,0.000,0.000,0.000,0.000,0.000,0.000,0.000,0.000,0.000,0.000,0.001,0.000,0.000,0.000,0.000,0.001,0.000,0.000,0.000,0.000,0.000,0.000,0.000,0.000,0.001,0.000,0.000,0.000,0.000,0.000,0.000,0.000,0.000,0.000,0.000,0.000,0.000,0.000,0.000,0.000,0.000,0.000,0.000,0.000,0.0894,0.0108,0.0004,0.0000,-0.0439,-0.0004,-0.0620,0.0320,0.0169,-0.1188,0.1316,0.1324,-0.1974,-0.0830,0.1841,0.2600,-0.0672,0.0000,-0.0333,0.0624,0.0830,-0.0860,-0.1103,0.0029
5366.5,0,0.000,0.000,0.000,0.000,0.000,0.000,0.000,0.000,0.000,0.000,0.000,0.000,0.000,0.000,0.000,0.000,0.000,0.000,0.000,0.000,0.000,0.420,0.000,0.000,0.118,0.000,0.000,0.000,0.000,0.000,0.000,0.000,0.000,0.000,0.000,0.000,0.000,0.000,0.000,0.000,0.000,0.000,0.000,0.000,0.000,0.000,0.000,0.000,0.000,0.000,0.000,0.000,0.000,0.000,0.000,0.000,0.000,0.000,0.000,0.000,0.000,0.000,0.000,0.000,0.000,0.000,0.000,0.000,0.000,0.0875,0.0096,0.0003,0.0000,-0.0505,-0.0003,-0.0517,0.0324,0.0260,-0.0976,0.0868,0.1108,-0.1873,-0.0710,0.1886,0.2566,-0.0636,0.0000,-0.0425,0.0544,0.0793,-0.0964,-0.1162,0.0023
5375.0,0,0.000,0.000,0.000,0.000,0.000,0.000,0.000,0.000,0.000,0.000,0.000,0.000,0.000,0.000,0.000,0.000,0.000,0.000,0.000,0.000,0.000,0.077,0.000,0.000,0.022,0.000,0.000,0.000,0.000,0.000,0.000,0.000,0.000,0.000,0.000,0.000,0.000,0.000,0.000,0.000,0.000,0.000,0.000,0.000,0.000,0.000,0.000,0.000,0.000,0.000,0.000,0.000,0.000,0.000,0.000,0.000,0.000,0.000,0.000,0.000,0.000,0.000,0.000,0.000,0.000,0.000,0.000,0.000,0.000,0.0814,0.0083,0.0003,0.0000,-0.0559,-0.0003,-0.0427,0.0308,0.0405,-0.0797,0.0507,0.0919,-0.1759,-0.0600,0.1872,0.2480,-0.0577,0.0000,-0.0464,0.0466,0.0761,-0.1019,-0.1190,0.0018
5383.0,0,0.000,0.000,0.000,0.000,0.000,0.000,0.000,0.000,0.000,0.000,0.000,0.000,0.000,0.000,0.000,0.000,0.000,0.000,0.000,0.000,0.000,0.016,0.000,0.000,0.004,0.000,0.000,0.000,0.000,0.000,0.000,0.000,0.000,0.000,0.000,0.000,0.000,0.000,0.000,0.000,0.000,0.000,0.000,0.000,0.000,0.000,0.000,0.000,0.000,0.000,0.000,0.000,0.000,0.000,0.000,0.000,0.000,0.000,0.000,0.000,0.000,0.000,0.000,0.000,0.000,0.000,0.000,0.000,0.000,0.0733,0.0071,0.0002,0.0000,-0.0568,-0.0002,-0.0351,0.0281,0.0615,-0.0647,0.0214,0.0756,-0.1648,-0.0501,0.1860,0.2354,-0.0510,0.0000,-0.0491,0.0394,0.0706,-0.1039,-0.1199,0.0014
5391.5,0,0.000,0.000,0.000,0.000,0.000,0.000,0.000,0.000,0.000,0.000,0.000,0.000,0.000,0.000,0.000,0.000,0.000,0.000,0.000,0.000,0.000,0.003,0.000,0.000,0.001,0.000,0.000,0.000,0.000,0.000,0.000,0.000,0.000,0.000,0.000,0.000,0.000,0.000,0.000,0.000,0.000,0.000,0.000,0.000,0.000,0.000,0.000,0.000,0.000,0.000,0.000,0.000,0.000,0.000,0.000,0.000,0.000,0.000,0.000,0.000,0.000,0.000,0.000,0.000,0.000,0.000,0.000,0.000,0.000,0.0643,0.0060,0.0002,0.0000,-0.0542,-0.0041,-0.0286,0.0249,0.0884,-0.0523,-0.0041,0.0619,-0.1547,-0.0478,0.1873,0.2210,-0.0442,0.0000,-0.0484,0.0329,0.0650,-0.1033,-0.1194,0.0011
5400.0,0,0.000,0.000,0.000,0.000,0.000,0.000,0.000,0.000,0.000,0.000,0.000,4.066,0.000,0.000,0.000,0.000,0.000,0.000,0.000,0.000,0.000,0.001,0.000,0.000,0.000,0.000,0.000,0.000,0.000,0.000,0.000,0.000,0.000,0.000,0.000,0.000,0.000,0.000,0.000,0.000,0.000,0.000,0.000,0.000,0.000,0.000,0.000,0.000,0.000,0.000,0.000,0.000,0.000,0.000,0.000,0.000,0.000,0.000,0.000,0.000,0.000,0.000,0.000,0.000,0.000,0.000,0.000,0.000,0.000,0.0554,0.0050,0.0001,0.0000,-0.0496,-0.0107,-0.0232,0.0231,0.1179,-0.0422,-0.0244,0.0503,-0.1452,-0.0505,0.1803,0.2029,-0.0376,0.0000,-0.0469,0.0273,0.0582,-0.1026,-0.1158,0.0009
5408.0,0,0.000,0.000,0.000,0.000,0.000,0.000,0.000,0.000,0.000,0.000,0.000,0.821,0.000,0.000,0.000,0.000,0.000,0.000,0.000,0.000,0.000,0.000,0.000,0.000,0.000,0.000,0.000,0.000,0.000,0.000,0.000,0.000,0.000,0.000,0.000,0.000,0.000,0.000,0.000,0.000,0.000,0.000,0.000,0.000,0.000,0.000,0.000,0.000,0.000,0.000,0.000,0.000,0.000,0.000,0.000,0.000,0.000,0.000,0.000,0.000,0.000,0.000,0.000,0.000,0.000,0.000,0.000,0.000,0.000,0.0470,0.0041,0.0001,0.0000,-0.0440,-0.0179,-0.0238,0.0243,0.1446,-0.0338,-0.0366,0.0407,-0.1362,-0.0572,0.1690,0.1833,-0.0317,0.0000,-0.0378,0.0224,0.0510,-0.1007,-0.1102,0.0007
5416.5,0,0.000,0.000,0.000,0.000,0.000,0.000,0.000,0.000,0.000,0.000,0.000,0.150,0.000,0.000,0.000,0.000,0.000,0.000,0.000,0.000,0.000,0.000,0.000,0.000,0.000,0.000,0.000,0.000,0.000,0.000,0.000,0.000,0.000,0.000,0.000,0.000,0.000,0.000,0.000,0.000,0.000,0.000,0.000,10.000,0.000,0.000,0.000,0.000,0.000,0.000,0.000,0.000,0.000,0.000,0.000,0.000,0.000,0.000,0.000,0.000,0.000,0.000,0.000,0.000,0.000,0.000,0.000,0.000,0.000,0.0365,0.0034,0.0001,0.0000,-0.0382,-0.0278,-0.0309,0.0271,0.1716,-0.0271,-0.0442,0.0328,-0.1281,-0.0642,0.1565,0.1620,-0.0264,0.0000,-0.0263,0.0183,0.0439,-0.0993,-0.1063,0.0005
5425.0,0,0.000,0.000,0.000,0.000,0.000,0.000,0.000,0.000,0.000,0.000,0.000,0.027,0.000,0.000,0.000,0.000,0.000,0.000,0.000,0.000,0.000,4.066,0.000,0.000,0.000,0.000,0.000,0.000,0.000,0.000,0.000,0.000,0.000,0.000,0.000,0.000,0.000,0.000,0.000,0.000,0.000,0.000,0.000,7.892,0.000,0.000,0.000,0.000,0.000,0.000,0.000,0.000,0.000,0.000,0.000,0.000,0.000,0.000,0.000,0.000,0.000,0.000,0.000,0.000,0.000,0.000,0.000,0.000,0.000,0.0270,0.0028,0.0001,0.0000,-0.0327,-0.0363,-0.0406,0.0346,0.1972,-0.0216,-0.0523,0.0264,-0.1197,-0.0659,0.1425,0.1469,-0.0218,0.0000,-0.0159,0.0149,0.0372,-0.1009,-0.1016,0.0004
5433.0,0,0.000,0.000,0.000,0.000,0.000,0.000,0.000,0.000,0.000,0.000,0.000,0.006,0.000,0.000,0.000,0.000,0.000,0.000,0.000,0.000,0.000,16.440,0.000,0.000,0.000,0.000,0.000,0.000,0.000,0.000,0.000,0.000,0.000,0.000,0.000,0.000,0.000,0.000,0.000,0.000,0.000,0.000,0.000,17.472,0.000,0.000,0.000,0.000,0.000,0.000,0.000,0.000,0.000,0.000,0.000,0.000,0.000,0.000,0.000,0.000,0.000,0.000,0.000,0.000,0.000,0.000,0.000,0.000,0.000,0.0233,0.0022,0.0000,0.0000,-0.0276,-0.0462,-0.0395,0.0422,0.2207,-0.0172,-0.0611,0.0211,-0.1103,-0.0634,0.1358,0.1347,-0.0179,0.0000,-0.0149,0.0121,0.0312,-0.1041,-0.0995,0.0003
5441.5,0,0.000,0.000,0.000,0.000,0.000,0.000,0.000,0.000,0.000,0.000,0.000,0.001,0.000,0.000,0.000,0.000,0.000,0.000,0.000,0.000,0.000,24.649,0.000,0.000,0.000,0.000,0.000,0.000,0.000,0.000,0.000,0.000,0.000,0.000,0.000,0.000,0.000,0.000,0.000,0.000,0.000,0.000,0.000,23.012,0.000,0.000,0.000,0.000,0.000,0.000,0.000,0.000,0.000,0.000,0.000,0.000,0.000,0.000,0.000,0.000,0.000,0.000,0.000,0.000,0.000,0.000,0.000,0.000,0.000,0.0238,0.0018,0.0000,0.0000,-0.0270,-0.0566,-0.0289,0.0476,0.2407,-0.0136,-0.0713,0.0169,-0.1026,-0.0582,0.1316,0.1270,-0.0146,0.0000,-0.0139,0.0133,0.0259,-0.1044,-0.0909,0.0031
5450.0,0,0.000,0.000,0.000,0.000,0.000,0.000,0.000,0.000,0.000,0.000,0.000,0.000,0.000,0.000,0.000,0.000,0.000,0.000,0.000,0.000,0.000,26.708,0.000,0.000,0.000,0.000,0.000,0.000,0.000,0.000,0.000,0.000,0.000,0.000,0.000,0.000,0.000,0.000,0.000,0.000,0.000,0.000,0.000,26.976,0.000,0.000,0.000,0.000,0.000,0.000,0.000,0.000,0.000,0.000,0.000,0.000,0.000,0.000,0.000,0.000,0.000,0.000,0.000,0.000,0.000,0.000,0.000,0.000,0.000,0.0269,0.0015,0.0000,0.0000,-0.0306,-0.0684,-0.0116,0.0540,0.2563,-0.0108,-0.0807,0.0134,-0.0986,-0.0519,0.1322,0.1207,-0.0118,0.0000,-0.0187,0.0141,0.0188,-0.1019,-0.0831,0.0091
5458.0,0,0.000,0.000,0.000,0.000,0.000,0.000,0.000,0.000,0.000,0.000,0.000,0.000,0.000,0.000,0.000,0.000,0.000,0.000,0.000,0.000,0.000,22.537,0.000,0.000,0.000,0.000,0.000,0.000,0.000,0.000,0.000,0.000,0.000,0.000,0.000,0.000,0.000,0.000,0.000,0.000,0.000,0.000,0.000,22.665,0.000,0.000,0.000,0.000,0.000,0.000,0.000,0.000,0.000,0.000,0.000,0.000,0.000,0.000,0.000,0.000,0.000,0.000,0.000,0.000,0.000,0.000,0.000,0.000,0.000,0.0311,0.0012,0.0000,0.0000,-0.0378,-0.0798,-0.0059,0.0589,0.2695,-0.0085,-0.0907,0.0107,-0.0992,-0.0452,0.1340,0.1154,-0.0096,0.0000,-0.0260,0.0138,0.0130,-0.0952,-0.0772,0.0215
5466.5,0,0.000,0.000,0.000,0.000,0.000,0.000,0.000,0.000,0.000,0.000,0.000,0.000,0.000,0.000,0.000,0.000,0.000,0.000,0.000,0.000,0.000,26.730,0.000,0.000,0.000,0.000,0.000,0.000,0.000,0.000,0.000,0.000,0.000,0.000,0.000,0.000,0.000,0.000,0.000,0.000,0.000,0.000,0.000,12.328,0.000,0.000,0.000,0.000,0.000,0.000,0.000,0.000,0.000,0.000,0.000,0.000,0.000,0.000,0.000,0.000,0.000,0.000,0.000,0.000,0.000,0.000,0.000,0.000,0.000,0.0391,0.0009,0.0000,0.0000,-0.0477,-0.0874,-0.0104,0.0647,0.2789,-0.0067,-0.1007,0.0085,-0.1015,-0.0387,0.1378,0.1113,-0.0077,0.0000,-0.0301,0.0129,0.0074,-0.0859,-0.0724,0.0372
5475.0,0,0.000,0.000,0.000,0.000,0.000,0.000,0.000,0.000,0.000,0.000,0.000,0.000,0.000,0.000,0.000,0.000,0.000,0.000,0.000,0.000,0.000,13.960,0.000,0.000,0.000,0.000,0.000,0.000,0.000,0.000,0.000,0.000,0.000,0.000,0.000,0.000,0.000,0.000,0.000,0.000,0.000,0.000,0.000,2.252,0.000,0.000,0.000,0.000,0.000,0.000,0.000,0.000,0.000,0.000,0.000,0.000,0.000,0.000,0.000,0.000,0.000,0.000,0.000,0.000,0.000,0.000,0.000,0.000,0.000,0.0487,0.0007,0.0000,0.0000,-0.0596,-0.0903,-0.0195,0.0722,0.2849,-0.0053,-0.1102,0.0067,-0.1111,-0.0327,0.1424,0.1087,-0.0108,0.0000,-0.0309,0.0116,0.0034,-0.0756,-0.0712,0.0533
5483.0,0,0.000,0.000,0.000,0.000,0.000,0.000,0.000,0.000,0.000,0.000,0.000,0.000,0.000,0.000,0.000,0.000,0.000,0.000,0.000,0.000,0.000,7.312,0.000,0.000,0.000,0.000,0.000,0.000,0.000,0.000,0.000,0.000,0.000,0.000,0.000,0.000,0.000,0.000,0.000,0.000,0.000,0.000,0.000,0.455,0.000,0.000,0.000,0.000,0.000,0.000,0.000,0.000,0.000,0.000,0.000,0.000,0.000,0.000,0.000,0.000,0.000,0.000,0.000,0.000,0.000,0.000,0.000,0.000,0.000,0.0576,0.0006,0.0000,0.0000,-0.0721,-0.0875,-0.0275,0.0772,0.2867,-0.0042,-0.1191,0.0053,-0.1234,-0.0273,0.1482,0.1100,-0.0185,0.0000,-0.0354,0.0141,0.0008,-0.0652,-0.0678,0.0686
5491.5,0,0.000,0.000,0.000,0.000,0.000,0.000,0.000,0.000,0.000,0.000,0.000,0.000,0.000,0.000,0.000,0.000,0.000,0.000,0.000,0.000,0.000,1.336,0.000,0.000,0.000,0.000,0.000,0.000,0.000,0.000,0.000,0.000,0.000,0.000,0.000,0.000,0.000,0.000,0.000,0.000,0.000,0.000,0.000,0.083,0.000,0.000,0.000,0.000,0.000,0.000,0.000,0.000,0.000,0.000,0.000,0.000,0.000,0.000,0.000,0.000,0.000,0.000,0.000,0.000,0.000,0.000,0.000,0.000,0.000,0.0618,0.0005,0.0000,0.0000,-0.0907,-0.0872,-0.0369,0.0786,0.2866,-0.0033,-0.1249,0.0042,-0.1451,-0.0226,0.1544,0.1118,-0.0324,0.0000,-0.0373,0.0184,-0.0057,-0.0555,-0.0657,0.0865
5500.0,0,0.000,0.000,0.000,0.000,0.000,0.000,0.000,0.000,0.000,0.000,0.000,0.000,0.000,0.000,0.000,0.000,0.000,0.000,0.000,0.000,0.000,3.256,0.000,0.000,0.000,0.000,2.725,0.000,0.000,0.000,0.000,0.000,0.000,0.000,0.000,0.000,0.000,0.000,0.000,0.000,0.000,0.000,0.000,0.015,0.000,0.000,0.000,0.000,0.000,0.000,0.000,0.000,0.000,0.000,0.000,0.000,0.000,0.000,0.000,0.000,0.000,0.000,0.000,0.000,0.000,0.000,0.000,0.000,0.000,0.0639,0.0004,0.0000,0.0000,-0.1080,-0.0834,-0.0444,0.0770,0.2891,-0.0026,-0.1267,0.0033,-0.1715,-0.0253,0.1597,0.1124,-0.0577,0.0000,-0.0420,0.0221,-0.0021,-0.0466,-0.0568,0.0976
5508.0,0,0.000,0.000,0.000,0.000,0.000,0.000,0.000,0.000,0.000,0.000,0.000,0.000,0.000,0.000,0.000,0.000,0.000,0.000,0.000,0.000,0.000,0.657,0.000,0.000,0.000,0.000,0.550,0.000,0.000,0.000,0.000,0.000,0.000,0.000,0.000,0.000,0.000,0.000,0.000,0.000,0.000,0.000,0.000,6.706,0.000,0.000,0.000,0.000,0.000,0.000,0.000,0.000,0.000,0.000,0.000,0.000,0.000,0.000,0.000,0.000,0.000,0.000,0.000,0.000,0.000,0.000,0.000,0.000,0.000,0.0602,0.0003,0.0000,0.0000,-0.1227,-0.0766,-0.0471,0.0721,0.2914,-0.0020,-0.1262,0.0026,-0.1962,-0.0380,0.1731,0.1135,-0.0859,0.0000,-0.0516,0.0253,0.0069,-0.0388,-0.0425,0.1020
5516.5,0,0.000,0.000,0.000,0.000,0.000,0.000,0.000,0.000,0.000,0.000,0.000,0.000,0.000,0.000,0.000,0.000,0.000,0.000,0.000,0.000,0.000,0.120,0.000,0.000,0.000,0.000,0.101,0.000,0.000,0.000,0.000,0.000,0.000,0.000,0.000,0.000,0.000,0.000,0.000,0.000,0.000,0.000,0.000,18.774,0.000,0.000,0.000,0.000,0.000,0.000,0.000,0.000,0.000,0.000,0.000,0.000,0.000,0.000,0.000,0.000,0.000,0.000,0.000,0.000,0.000,0.000,0.000,0.000,0.000,0.0492,0.0002,0.0000,0.0000,-0.1406,-0.0683,-0.0493,0.0651,0.2901,-0.0016,-0.1224,0.0020,-0.2114,-0.0601,0.1905,0.1180,-0.1108,0.0000,-0.0407,0.0262,0.0189,-0.0363,-0.0223,0.0995
5525.0,0,0.000,0.000,0.000,0.000,0.000,0.000,0.000,0.000,0.000,0.000,0.000,0.000,0.000,0.000,0.000,0.000,0.000,0.000,0.000,0.000,0.000,9.099,0.000,0.000,0.000,0.000,0.018,0.000,0.000,0.000,0.000,0.000,0.000,0.000,0.000,0.000,0.000,0.000,0.000,0.000,0.000,0.000,0.000,30.292,0.000,0.000,0.000,0.000,0.000,0.000,0.000,0.000,0.000,0.000,0.000,0.000,0.000,0.000,0.000,0.000,0.000,0.000,0.000,0.000,0.000,0.000,0.000,0.000,0.000,0.0377,0.0002,0.0000,0.0000,-0.1581,-0.0595,-0.0370,0.0573,0.2894,-0.0012,-0.1185,0.0016,-0.2179,-0.0881,0.1999,0.1312,-0.1222,0.0000,-0.0198,0.0252,0.0265,-0.0391,-0.0069,0.0924
5533.0,0,0.000,0.000,0.000,0.000,0.000,0.000,0.000,0.000,0.000,0.000,0.000,0.000,0.000,0.000,0.000,0.000,0.000,0.000,0.000,0.000,0.000,15.155,0.000,0.000,0.000,0.000,0.004,0.000,0.000,0.000,0.000,0.000,0.000,0.000,0.000,0.000,0.000,0.000,0.000,0.000,0.000,0.000,0.000,34.189,0.000,0.000,0.000,0.000,0.000,0.000,0.000,0.000,0.000,0.000,0.000,0.000,0.000,0.000,0.000,0.000,0.000,0.000,0.000,0.000,0.000,0.000,0.000,0.000,0.000,0.0286,0.0001,0.0000,0.0000,-0.1727,-0.0510,-0.0204,0.0494,0.2879,-0.0010,-0.1174,0.0012,-0.2157,-0.1141,0.2013,0.1397,-0.1226,0.0000,-0.0086,0.0232,0.0297,-0.0468,-0.0038,0.0829
5541.5,0,0.000,0.000,0.000,0.000,0.000,0.000,0.000,0.000,0.000,0.000,0.000,0.000,0.000,2.019,0.000,0.000,0.000,0.000,0.000,0.000,0.000,25.101,0.000,0.000,0.000,0.000,0.001,0.000,0.000,0.000,0.000,0.000,0.000,0.000,0.000,0.000,0.000,0.000,0.000,0.000,0.000,0.000,0.000,33.108,0.000,0.000,0.000,0.000,0.000,0.000,0.000,0.000,0.000,0.000,0.000,0.000,0.000,0.000,0.000,0.000,0.000,0.000,0.000,0.000,0.000,0.000,0.000,0.000,0.000,0.0250,0.0001,0.0015,0.0000,-0.1817,-0.0471,0.0044,0.0420,0.2854,-0.0008,-0.1259,0.0010,-0.2064,-0.1362,0.1953,0.1436,-0.1159,0.0000,-0.0085,0.0206,0.0298,-0.0565,-0.0084,0.0727
5550.0,0,0.000,0.000,0.000,0.000,0.000,0.000,0.000,0.000,0.000,0.000,0.000,0.000,0.000,0.369,0.000,0.000,0.000,0.000,0.000,0.000,0.000,31.815,0.000,0.000,0.000,0.000,0.000,0.000,0.000,0.000,0.000,0.000,0.000,0.000,0.000,0.000,0.000,0.000,0.000,0.000,0.000,0.000,0.000,24.761,0.000,0.000,0.000,0.000,0.000,0.000,0.000,0.000,0.000,0.000,0.000,0.000,0.000,0.000,0.000,0.000,0.000,0.000,0.000,0.000,0.000,0.000,0.000,0.000,0.000,0.0276,0.0001,0.0025,0.0000,-0.1867,-0.0469,0.0220,0.0412,0.2834,-0.0060,-0.1366,0.0008,-0.1933,-0.1541,0.1815,0.1416,-0.1053,0.0000,-0.0169,0.0180,0.0282,-0.0668,-0.0140,0.0625
5558.0,0,0.000,0.000,0.000,0.000,0.000,0.000,0.000,0.000,0.000,0.000,0.000,0.000,0.000,0.074,0.000,0.000,0.000,0.000,0.000,0.000,0.000,32.684,0.000,0.000,3.012,0.000,0.000,0.000,0.000,0.000,0.000,0.000,0.000,0.000,0.000,0.000,0.000,0.000,0.000,0.000,10.000,0.000,0.000,21.266,0.000,0.000,0.000,0.000,0.000,0.000,0.000,0.000,0.000,0.000,0.000,0.000,0.000,0.000,0.000,0.000,0.000,0.000,0.000,0.000,0.000,0.000,0.000,0.000,0.000,0.0370,0.0060,0.0030,0.0000,-0.1866,-0.0482,0.0306,0.0446,0.2809,-0.0277,-0.1464,0.0006,-0.1793,-0.1653,0.1665,0.1402,-0.0931,0.0000,-0.0285,0.0154,0.0255,-0.0732,-0.0188,0.0563
5566.5,0,0.000,0.000,0.000,0.000,0.000,0.000,0.000,0.000,0.000,0.000,0.000,0.000,0.000,0.014,0.000,0.000,0.000,0.000,0.000,0.000,0.000,42.790,0.000,0.000,3.879,0.000,0.000,0.000,0.000,0.000,0.000,0.000,0.000,0.000,0.000,0.000,0.000,0.000,0.000,0.000,1.827,0.000,0.000,3.885,0.000,0.000,0.000,0.000,0.000,0.000,0.000,0.000,0.000,0.000,0.000,0.000,0.000,0.000,0.000,0.000,0.000,0.000,0.000,0.000,0.000,0.000,0.000,0.000,0.000,0.0554,0.0103,0.0032,0.0000,-0.1839,-0.0490,0.0297,0.0481,0.2800,-0.0593,-0.1605,0.0005,-0.1717,-0.1694,0.1488,0.1379,-0.0806,0.0000,-0.0413,0.0130,0.0226,-0.0755,-0.0229,0.0574
5575.0,0,0.000,0.000,0.000,0.000,0.000,0.000,0.000,0.000,0.000,0.000,0.000,0.000,0.000,0.002,0.000,0.000,0.000,0.000,0.000,0.000,0.000,34.808,0.000,0.000,2.728,0.000,0.000,0.000,0.000,0.000,0.000,0.000,0.000,0.000,0.000,0.000,0.000,0.000,0.000,0.000,0.334,0.000,0.000,0.710,0.000,0.000,0.000,0.000,0.000,0.000,0.000,0.000,0.000,0.000,0.000,0.000,0.000,0.000,0.000,0.000,0.000,0.000,0.000,0.000,0.000,0.000,0.000,0.000,0.000,0.0787,0.0125,0.0031,0.0000,-0.1781,-0.0472,0.0199,0.0551,0.2813,-0.0891,-0.1749,0.0004,-0.1677,-0.1658,0.1301,0.1394,-0.0687,0.0000,-0.0521,0.0109,0.0195,-0.0730,-0.0293,0.0680
5583.0,0,0.000,0.000,0.000,0.000,0.000,0.000,0.000,0.000,0.000,0.000,0.000,0.000,0.000,0.001,0.000,0.000,0.000,0.000,0.000,0.000,0.000,24.032,0.000,0.000,4.616,0.000,0.000,0.000,0.000,0.000,0.000,0.000,0.000,0.000,0.000,0.000,0.000,0.000,0.000,0.000,0.067,0.000,0.000,0.143,0.000,0.000,0.000,0.000,0.000,0.000,0.000,0.000,0.000,0.000,0.000,0.000,0.000,0.000,0.000,0.000,0.000,0.000,0.000,0.000,0.000,0.000,0.000,0.000,0.000,0.1022,0.0130,0.0028,0.0000,-0.1731,-0.0435,0.0064,0.0654,0.2821,-0.1071,-0.1868,0.0003,-0.1697,-0.1550,0.1117,0.1427,-0.0579,0.0000,-0.0567,0.0159,0.0166,-0.0674,-0.0325,0.0841
5591.5,0,0.000,0.000,0.000,0.000,0.000,0.000,0.000,0.000,0.000,0.000,0.000,0.000,0.000,0.000,0.000,0.000,0.000,0.000,0.000,0.000,0.000,25.649,0.000,0.000,0.843,0.000,0.000,0.000,0.000,0.000,0.000,0.000,0.000,0.000,0.000,0.000,0.000,0.000,0.000,0.000,0.012,0.000,0.000,0.026,0.000,0.000,0.000,0.000,0.000,0.000,0.000,0.000,0.000,0.000,0.000,0.000,0.000,0.000,0.000,0.000,0.000,0.000,0.000,0.000,0.000,0.000,0.000,0.000,0.000,0.1218,0.0126,0.0025,0.0000,-0.1718,-0.0389,-0.0077,0.0768,0.2827,-0.1125,-0.1956,0.0002,-0.1802,-0.1399,0.0994,0.1491,-0.0482,0.0000,-0.0564,0.0257,0.0140,-0.0653,-0.0346,0.1051
5600.0,0,0.000,0.000,0.000,0.000,0.000,0.000,0.000,0.000,0.000,0.000,0.000,0.000,0.000,0.000,0.000,0.000,0.000,0.000,0.000,0.000,0.000,25.729,0.000,0.000,8.341,0.000,0.000,0.000,0.000,0.000,0.000,0.000,0.000,0.000,0.000,0.000,0.000,0.000,0.000,0.000,0.002,0.000,0.000,0.005,0.000,0.000,0.000,0.000,0.000,0.000,0.000,0.000,0.000,0.000,0.000,0.000,0.000,0.000,0.000,0.000,0.000,0.000,0.000,0.000,0.000,0.000,0.000,0.000,0.000,0.1417,0.0116,0.0022,0.0000,-0.1737,-0.0375,-0.0141,0.0855,0.2844,-0.1260,-0.1983,0.0002,-0.1935,-0.1231,0.0917,0.1564,-0.0399,0.0000,-0.0530,0.0365,0.0116,-0.0614,-0.0365,0.1269
5608.0,0,0.000,0.000,0.000,0.000,0.000,0.000,0.000,0.000,0.000,0.000,0.000,0.000,0.000,0.000,0.000,0.000,0.000,0.000,0.000,0.000,0.000,30.045,0.000,0.000,1.684,0.000,0.000,0.000,0.000,0.000,0.000,0.000,0.000,0.000,0.000,0.000,0.000,0.000,0.000,0.000,0.000,0.000,0.000,0.001,0.000,0.000,0.000,0.000,0.000,0.000,0.000,0.000,0.000,0.000,0.000,0.000,0.000,0.000,0.000,0.000,0.000,0.000,0.000,0.000,0.000,0.000,0.000,0.000,0.000,0.1576,0.0103,0.0019,0.0000,-0.1800,-0.0378,-0.0065,0.0920,0.2851,-0.1416,-0.1981,0.0001,-0.2138,-0.1062,0.0899,0.1603,-0.0327,0.0000,-0.0479,0.0436,0.0096,-0.0557,-0.0390,0.1393
5616.5,0,0.000,0.000,0.000,0.000,0.000,0.000,0.000,0.000,0.000,0.000,0.000,0.000,0.000,0.000,0.000,0.000,0.000,0.000,0.000,0.000,0.000,27.821,0.000,0.000,0.308,0.000,0.000,0.000,0.000,0.000,0.000,0.000,0.000,0.000,0.000,0.000,0.000,0.000,0.000,0.000,0.000,0.000,0.000,6.065,0.000,0.000,0.000,0.000,0.000,0.000,0.000,0.000,0.000,0.000,0.000,0.000,0.000,0.000,0.000,0.000,0.000,0.000,0.000,0.000,0.000,0.000,0.000,0.000,0.000,0.1671,0.0090,0.0016,0.0000,-0.1930,-0.0420,0.0086,0.0920,0.2830,-0.1603,-0.1961,0.0001,-0.2414,-0.0903,0.0916,0.1618,-0.0313,0.0000,-0.0422,0.0475,0.0079,-0.0493,-0.0428,0.1424
5625.0,0,0.000,0.000,0.000,0.000,0.000,0.000,0.000,0.000,0.000,0.000,0.000,0.000,0.000,0.000,0.000,0.000,0.000,0.000,0.000,0.000,0.000,30.484,0.000,0.000,0.056,0.000,0.000,0.000,0.000,0.000,0.000,0.000,0.000,0.000,0.000,0.000,0.000,0.000,0.000,0.000,0.000,0.000,0.000,16.207,0.000,0.000,0.000,0.000,0.000,0.000,0.000,0.000,0.000,0.000,0.000,0.000,0.000,0.000,0.000,0.000,0.000,0.000,0.000,0.000,0.000,0.000,0.000,0.000,0.000,0.1695,0.0077,0.0013,0.0000,-0.2061,-0.0510,0.0325,0.0869,0.2794,-0.1882,-0.1729,0.0001,-0.2684,-0.0758,0.0972,0.1584,-0.0367,0.0000,-0.0364,0.0473,0.0064,-0.0427,-0.0436,0.1369
5633.0,0,0.000,0.000,0.000,0.000,0.000,0.000,0.000,0.000,0.000,0.000,0.000,0.000,0.000,0.000,0.000,0.000,0.000,0.000,0.000,0.000,0.000,35.196,0.000,0.000,0.011,0.000,0.000,0.000,0.000,0.000,0.000,0.000,0.000,0.000,0.000,0.000,0.000,0.000,0.000,0.000,0.000,0.000,0.000,22.079,0.000,0.000,0.000,0.000,0.000,0.000,0.000,0.000,0.000,0.000,0.000,0.000,0.000,0.000,0.000,0.000,0.000,0.000,0.000,0.000,0.000,0.000,0.000,0.000,0.000,0.1670,0.0065,0.0011,0.0000,-0.2155,-0.0631,0.0545,0.0790,0.2758,-0.2210,-0.1311,0.0001,-0.2903,-0.0702,0.1034,0.1515,-0.0457,0.0000,-0.0309,0.0446,0.0052,-0.0410,-0.0417,0.1261
5641.5,0,0.000,0.000,0.000,0.000,0.000,0.000,0.000,0.000,0.000,0.000,0.000,0.000,0.000,0.000,0.000,0.000,0.000,0.000,0.000,0.000,0.000,45.192,0.000,0.000,0.002,0.000,0.000,0.000,0.000,0.000,0.000,0.000,0.000,0.000,0.000,0.000,0.000,0.000,0.000,0.000,0.000,0.000,0.000,33.174,0.000,0.000,0.000,0.000,0.000,0.000,0.000,0.000,0.000,0.000,0.000,0.000,0.000,0.000,0.000,0.000,0.000,0.000,0.000,0.000,0.000,0.000,0.000,0.000,0.000,0.1621,0.0055,0.0009,0.0000,-0.2206,-0.0781,0.0748,0.0698,0.2685,-0.2566,-0.0738,0.0000,-0.3032,-0.0755,0.1093,0.1436,-0.0556,0.0000,-0.0254,0.0404,0.0042,-0.0387,-0.0382,0.1126
5650.0,0,0.000,0.000,0.000,0.000,0.000,0.000,0.000,0.000,0.000,0.000,0.000,0.000,0.000,0.000,0.000,0.000,0.000,0.000,0.000,0.000,0.000,43.616,0.000,0.000,5.488,0.000,0.000,0.000,0.000,0.000,0.000,0.000,0.000,0.000,0.000,0.000,0.000,0.000,0.000,0.000,0.000,0.000,0.000,37.070,0.000,0.000,0.000,0.000,0.000,0.000,0.000,0.000,0.000,0.000,0.000,0.000,0.000,0.000,0.000,0.000,0.000,0.000,0.000,0.000,0.000,0.000,0.000,0.000,0.000,0.1590,0.0045,0.0007,0.0000,-0.2203,-0.0950,0.0877,0.0605,0.2614,-0.2945,-0.0078,0.0037,-0.3088,-0.0870,0.1126,0.1384,-0.0597,0.0000,-0.0201,0.0356,0.0093,-0.0353,-0.0336,0.0982
5658.0,0,0.000,0.000,0.000,0.000,0.000,0.000,0.000,0.000,0.000,0.000,0.000,0.000,0.000,4.066,0.000,0.000,0.000,0.000,0.000,0.000,0.000,36.946,0.000,0.000,1.108,0.000,0.000,0.000,0.000,0.000,0.000,0.000,0.000,0.000,0.000,0.000,0.000,0.000,0.000,0.000,0.000,0.000,0.000,15.984,0.000,0.000,0.000,0.000,0.000,0.000,0.000,0.000,0.000,0.000,0.000,0.000,0.000,0.000,0.000,0.000,0.000,0.000,0.000,0.000,0.000,0.000,0.000,0.000,0.000,0.1564,0.0037,0.0034,0.0000,-0.2121,-0.1101,0.0848,0.0516,0.2557,-0.3294,0.0544,0.0128,-0.3095,-0.1016,0.1135,0.1399,-0.0589,0.0000,-0.0122,0.0308,0.0131,-0.0313,-0.0288,0.0843
5666.5,0,0.000,0.000,0.000,0.000,0.000,0.000,0.000,0.000,0.000,0.000,0.000,0.000,0.000,0.743,0.000,0.000,0.000,0.000,0.000,0.000,0.000,29.812,0.000,0.000,0.202,0.000,0.000,0.000,0.000,0.000,0.000,0.000,0.000,0.000,0.000,0.000,0.000,0.000,0.000,0.000,0.000,0.000,0.000,2.920,0.000,0.000,0.000,0.000,0.000,0.000,0.000,0.000,0.000,0.000,0.000,0.000,0.000,0.000,0.000,0.000,0.000,0.000,0.000,0.000,0.000,0.000,0.000,0.000,0.000,0.1569,0.0030,0.0053,0.0000,-0.1962,-0.1234,0.0679,0.0450,0.2528,-0.3586,0.0989,0.0279,-0.3112,-0.1153,0.1160,0.1493,-0.0551,0.0000,-0.0042,0.0286,0.0206,-0.0271,-0.0262,0.0713
5675.0,0,0.000,0.000,0.000,0.000,0.000,0.000,0.000,0.000,0.000,0.000,0.000,0.000,0.000,0.136,0.000,0.000,0.000,0.000,0.000,0.000,0.000,27.932,0.000,0.000,0.037,0.000,0.000,0.000,0.000,0.000,0.000,0.000,0.000,0.000,0.000,0.000,0.000,0.000,0.000,0.000,0.000,0.000,0.000,0.533,0.000,0.000,0.000,0.000,0.000,0.000,0.000,0.000,0.000,0.000,0.000,0.000,0.000,0.000,0.000,0.000,0.000,0.000,0.000,0.000,0.000,0.000,0.000,0.000,0.000,0.1609,0.0025,0.0062,0.0000,-0.1760,-0.1358,0.0433,0.0417,0.2532,-0.3798,0.1280,0.0474,-0.3137,-0.1248,0.1184,0.1644,-0.0496,0.0000,0.0004,0.0309,0.0343,-0.0232,-0.0292,0.0654
5683.0,0,0.000,0.000,0.000,0.000,0.000,0.000,0.000,0.000,0.000,0.000,0.000,0.000,0.000,0.027,0.000,0.000,0.000,0.000,0.000,0.000,0.000,26.898,0.000,0.000,0.007,0.000,0.000,0.000,0.000,0.000,0.000,0.000,0.000,0.000,0.000,0.000,0.000,0.000,0.000,0.000,0.000,0.000,0.000,0.108,0.000,0.000,0.000,0.000,0.000,0.000,0.000,0.000,0.000,0.000,0.000,0.000,0.000,0.000,0.000,0.000,0.000,0.000,0.000,0.000,0.000,0.000,0.000,0.000,0.000,0.1660,0.0020,0.0064,0.0000,-0.1542,-0.1424,0.0167,0.0425,0.2511,-0.3904,0.1455,0.0687,-0.3179,-0.1254,0.1285,0.1836,-0.0436,0.0000,0.0031,0.0414,0.0568,-0.0195,-0.0345,0.0670
5691.5,0,0.000,0.000,0.000,0.000,0.000,0.000,0.000,0.000,0.000,0.000,0.000,0.000,0.000,0.005,0.000,0.000,0.000,0.000,0.000,0.000,0.000,13.127,0.000,0.000,0.001,0.000,0.000,0.000,0.000,0.000,0.000,0.000,0.000,0.000,0.000,0.000,0.000,0.000,0.000,0.000,0.000,0.000,0.000,0.020,0.000,0.000,0.000,0.000,0.000,0.000,0.000,0.000,0.000,0.000,0.000,0.000,0.000,0.000,0.000,0.000,0.000,0.000,0.000,0.000,0.000,0.000,0.000,0.000,0.000,0.1673,0.0016,0.0061,0.0000,-0.1344,-0.1443,-0.0067,0.0458,0.2471,-0.3941,0.1466,0.0891,-0.3243,-0.1189,0.1436,0.2026,-0.0376,0.0000,0.0038,0.0551,0.0817,-0.0163,-0.0422,0.0722
5700.0,0,0.000,0.000,0.000,0.000,0.000,0.000,0.000,0.000,0.000,0.000,0.000,0.000,0.000,0.001,0.000,0.000,0.000,0.000,0.000,0.000,0.000,2.398,0.000,0.000,0.000,0.000,0.000,0.000,0.000,0.000,0.000,0.000,0.000,0.000,0.000,0.000,0.000,0.000,0.000,0.000,0.000,0.000,0.000,0.004,0.000,0.000,0.000,0.000,0.000,0.000,0.000,0.000,0.000,0.000,0.000,0.000,0.000,0.000,0.000,0.000,0.000,0.000,0.000,0.000,0.000,0.000,0.000,0.000,0.000,0.1608,0.0013,0.0056,0.0000,-0.1176,-0.1385,-0.0264,0.0514,0.2377,-0.3888,0.1300,0.1055,-0.3277,-0.1083,0.1566,0.2169,-0.0319,0.0000,0.0038,0.0702,0.1038,-0.0135,-0.0516,0.0771
5708.0,0,0.000,0.000,0.000,0.000,0.000,0.000,0.000,0.000,0.000,0.000,0.000,0.000,0.000,0.000,0.000,0.000,0.000,0.000,0.000,0.000,0.000,0.484,0.000,0.000,0.000,0.000,0.000,0.000,0.000,0.000,0.000,0.000,0.000,0.000,0.000,0.000,0.000,0.000,0.000,0.000,0.000,0.000,0.000,0.001,0.000,0.000,0.000,0.000,0.000,0.000,0.000,0.000,0.000,0.000,0.000,0.000,0.000,0.000,0.000,0.000,0.000,0.000,0.000,0.000,0.000,0.000,0.000,0.000,0.000,0.1486,0.0010,0.0049,0.0000,-0.1070,-0.1274,-0.0379,0.0532,0.2224,-0.3718,0.1075,0.1172,-0.3290,-0.0959,0.1754,0.2252,-0.0268,0.0000,0.0092,0.0834,0.1252,-0.0196,-0.0637,0.0807
5716.5,0,0.000,0.000,0.000,0.000,0.000,0.000,0.000,0.000,0.000,0.000,0.000,0.000,0.000,0.000,0.000,0.000,0.000,0.000,0.000,0.000,0.000,0.088,0.000,0.000,0.000,0.000,0.000,0.000,0.000,0.000,0.000,0.000,0.000,0.000,0.000,0.000,0.000,0.000,0.000,0.000,0.000,0.000,0.000,0.000,0.000,0.000,0.000,0.000,0.000,0.000,0.000,0.000,0.000,0.000,0.000,0.000,0.000,0.000,0.000,0.000,0.000,0.000,0.000,0.000,0.000,0.000,0.000,0.000,0.000,0.1332,0.0008,0.0043,0.0000,-0.1014,-0.1137,-0.0427,0.0514,0.2049,-0.3431,0.0856,0.1224,-0.3259,-0.0831,0.1853,0.2311,-0.0223,0.0000,0.0157,0.0929,0.1363,-0.0287,-0.0765,0.0792
5725.0,0,0.000,0.000,0.000,0.000,0.000,0.000,0.000,0.000,0.000,0.000,0.000,0.000,0.000,0.000,0.000,0.000,0.000,0.000,0.000,0.000,0.000,0.016,0.000,0.000,0.000,0.000,0.000,0.000,0.000,0.000,0.000,0.000,0.000,0.000,0.000,0.000,0.000,0.000,0.000,0.000,0.000,0.000,0.000,0.000,0.000,0.000,0.000,0.000,0.000,0.000,0.000,0.000,0.000,0.000,0.000,0.000,0.000,0.000,0.000,0.000,0.000,0.000,0.000,0.000,0.000,0.000,0.000,0.000,0.000,0.1167,0.0007,0.0037,0.0000,-0.0939,-0.0991,-0.0430,0.0475,0.1852,-0.3074,0.0675,0.1196,-0.3156,-0.0709,0.1842,0.2313,-0.0184,0.0000,0.0214,0.0946,0.1381,-0.0352,-0.0848,0.0740
5733.0,0,0.000,0.000,0.000,0.000,0.000,0.000,0.000,0.000,0.000,0.000,0.000,0.000,0.000,0.000,0.000,0.000,0.000,0.000,0.000,0.000,0.000,0.003,0.000,0.000,0.000,0.000,0.000,0.000,0.000,0.000,0.000,0.000,0.000,0.000,0.000,0.000,0.000,0.000,0.000,0.000,0.000,0.000,0.000,0.000,0.000,0.000,0.000,0.000,0.000,0.000,0.000,0.000,0.000,0.000,0.000,0.000,0.000,0.000,0.000,0.000,0.000,0.000,0.000,0.000,0.000,0.000,0.000,0.000,0.000,0.1005,0.0005,0.0031,0.0000,-0.0913,-0.0849,-0.0406,0.0424,0.1636,-0.2692,0.0530,0.1114,-0.2964,-0.0598,0.1738,0.2278,-0.0151,0.0000,0.0241,0.0904,0.1318,-0.0376,-0.0919,0.0667
5741.5,0,0.000,0.000,0.000,0.000,0.000,0.000,0.000,0.000,0.000,0.000,0.000,0.000,0.000,0.000,0.000,0.000,0.000,0.000,0.000,0.000,0.000,0.001,0.000,0.000,0.000,0.000,0.000,0.000,0.000,0.000,0.000,0.000,0.000,0.000,0.000,0.000,0.000,0.000,0.000,0.000,0.000,0.000,0.000,0.000,0.000,0.000,0.000,0.000,0.000,0.000,0.000,0.000,0.000,0.000,0.000,0.000,0.000,0.000,0.000,0.000,0.000,0.000,0.000,0.000,0.000,0.000,0.000,0.000,0.000,0.0853,0.0004,0.0026,0.0000,-0.0896,-0.0718,-0.0369,0.0371,0.1418,-0.2316,0.0416,0.1002,-0.2696,-0.0498,0.1578,0.2227,-0.0123,0.0000,0.0243,0.0828,0.1223,-0.0369,-0.0954,0.0586
5750.0,0,0.000,0.000,0.000,0.000,0.000,0.000,0.000,0.000,0.000,0.000,0.000,0.000,0.000,0.000,0.000,0.000,0.000,0.000,0.000,0.000,0.000,0.000,0.000,0.000,0.000,0.000,0.000,0.000,0.000,0.000,0.000,0.000,0.000,0.000,0.000,0.000,0.000,0.000,0.000,0.000,0.000,0.000,0.000,0.000,0.000,0.000,0.000,0.000,0.000,0.000,0.000,0.000,0.000,0.000,0.000,0.000,0.000,0.000,0.000,0.000,0.000,0.000,0.000,0.000,0.000,0.000,0.000,0.000,0.000,0.0716,0.0003,0.0021,0.0000,-0.0921,-0.0601,-0.0326,0.0318,0.1210,-0.1965,0.0326,0.0879,-0.2422,-0.0412,0.1394,0.2150,-0.0099,0.0000,0.0231,0.0736,0.1100,-0.0343,-0.0954,0.0505
5758.0,0,0.000,0.000,0.000,0.000,0.000,0.000,0.000,0.000,0.000,0.000,0.000,0.000,0.000,0.000,0.000,0.000,0.000,0.000,0.000,0.000,0.000,0.000,0.000,0.000,0.000,0.000,0.000,0.000,0.000,0.000,0.000,0.000,0.000,0.000,0.000,0.000,0.000,0.000,0.000,0.000,0.000,0.000,0.000,13.114,0.000,0.000,0.000,0.000,0.000,0.000,0.000,0.000,0.000,0.000,0.000,0.000,0.000,0.000,0.000,0.000,0.000,0.000,0.000,0.000,0.000,0.000,0.000,0.000,0.000,0.0560,0.0003,0.0018,0.0000,-0.0925,-0.0498,-0.0270,0.0269,0.1019,-0.1648,0.0255,0.0757,-0.2250,-0.0338,0.1232,0.2077,-0.0080,0.0000,0.0361,0.0640,0.0966,-0.0308,-0.0927,0.0429
5766.5,0,0.000,0.000,0.000,0.000,0.000,0.000,0.000,0.000,0.000,0.000,0.000,0.000,0.000,0.000,0.000,0.000,0.000,0.000,0.000,0.000,0.000,0.000,0.000,0.000,0.000,0.000,0.000,0.000,0.000,0.000,0.000,0.000,0.000,0.000,0.000,0.000,0.000,0.000,0.000,0.000,0.000,0.000,0.000,26.604,0.000,0.000,0.000,0.000,0.000,0.000,0.000,0.000,0.000,0.000,0.000,0.000,0.000,0.000,0.000,0.000,0.000,0.000,0.000,0.000,0.000,0.000,0.000,0.000,0.000,0.0362,0.0002,0.0014,0.0000,-0.0898,-0.0446,-0.0248,0.0225,0.0850,-0.1369,0.0171,0.0643,-0.2103,-0.0347,0.1101,0.2015,-0.0065,0.0000,0.0560,0.0547,0.0832,-0.0290,-0.0858,0.0360
5775.0,0,0.000,0.000,0.000,0.000,0.000,0.000,0.000,0.000,0.000,0.000,0.000,0.000,0.000,0.000,0.000,0.000,0.000,0.000,0.000,0.000,0.000,0.000,0.000,0.000,0.000,0.000,0.000,0.000,0.000,0.000,0.000,0.000,0.000,0.000,0.000,0.000,0.000,0.000,0.000,0.000,0.000,0.000,0.000,24.161,0.000,0.000,0.000,0.000,0.000,0.000,0.000,0.000,0.000,0.000,0.000,0.000,0.000,0.000,0.000,0.000,0.000,0.000,0.000,0.000,0.000,0.000,0.000,0.000,0.000,0.0151,0.0002,0.0012,0.0000,-0.0835,-0.0461,-0.0294,0.0187,0.0703,-0.1129,0.0107,0.0539,-0.1946,-0.0422,0.0998,0.1892,-0.0052,0.0000,0.0733,0.0462,0.0707,-0.0318,-0.0736,0.0300
5783.0,0,0.000,0.000,0.000,0.000,0.000,0.000,0.000,0.000,0.000,0.000,0.000,0.000,0.000,0.000,0.000,0.000,0.000,0.000,0.000,0.000,0.000,0.000,0.000,0.000,0.000,0.000,0.000,0.000,0.000,0.000,0.000,0.000,0.000,0.000,0.000,0.000,0.000,0.000,0.000,0.000,0.000,0.000,0.000,18.975,0.000,0.000,0.000,0.000,0.000,0.000,0.000,0.000,0.000,0.000,0.000,0.000,0.000,0.000,0.000,0.000,0.000,0.000,0.000,0.000,0.000,0.000,0.000,0.000,0.000,-0.0035,0.0001,0.0009,0.0000,-0.0751,-0.0504,-0.0322,0.0171,0.0577,-0.0925,0.0063,0.0448,-0.1758,-0.0521,0.0888,0.1750,-0.0041,0.0000,0.0832,0.0386,0.0593,-0.0355,-0.0630,0.0247
5791.5,0,0.000,0.000,0.000,0.000,0.000,0.000,0.000,0.000,0.000,0.000,0.000,0.000,0.000,0.000,0.000,0.000,0.000,0.000,0.000,0.000,0.000,0.000,0.000,0.000,0.000,0.000,0.000,0.000,0.000,0.000,0.000,0.000,0.000,0.000,0.000,0.000,0.000,0.000,0.000,0.000,0.000,0.000,0.000,16.581,0.000,0.000,0.000,0.000,0.000,0.000,0.000,0.000,0.000,0.000,0.000,0.000,0.000,0.000,0.000,0.000,0.000,0.000,0.000,0.000,0.000,0.000,0.000,0.000,0.000,-0.0184,0.0001,0.0008,0.0000,-0.0658,-0.0552,-0.0223,0.0156,0.0514,-0.0753,-0.0013,0.0370,-0.1554,-0.0580,0.0804,0.1648,-0.0033,0.0000,0.0909,0.0319,0.0493,-0.0363,-0.0534,0.0203
5800.0,0,0.000,0.000,0.000,0.000,0.000,0.000,0.000,0.000,0.000,0.000,0.000,0.000,0.000,0.000,0.000,0.000,0.000,0.000,0.000,0.000,0.000,2.725,0.000,0.000,0.000,0.000,0.000,0.000,0.000,0.000,0.000,0.000,0.000,0.000,0.000,0.000,0.000,0.000,0.000,0.000,0.000,0.000,0.000,16.708,0.000,0.000,0.000,0.000,0.000,0.000,0.000,0.000,0.000,0.000,0.000,0.000,0.000,0.000,0.000,0.000,0.000,0.000,0.000,0.000,0.000,0.000,0.000,0.000,0.000,-0.0281,0.0001,0.0006,0.0000,-0.0567,-0.0603,-0.0131,0.0139,0.0517,-0.0706,-0.0086,0.0303,-0.1357,-0.0587,0.0716,0.1568,-0.0026,0.0000,0.0941,0.0263,0.0407,-0.0348,-0.0448,0.0244
5808.0,0,0.000,0.000,0.000,0.000,0.000,0.000,0.000,0.000,0.000,0.000,0.000,0.000,0.000,0.000,0.000,0.000,0.000,0.000,0.000,0.000,0.000,7.253,0.000,0.000,0.000,0.000,0.000,0.000,0.000,0.000,0.000,0.000,0.000,0.000,0.000,0.000,0.000,0.000,0.000,0.000,0.000,0.000,0.000,12.422,0.000,0.000,0.000,0.000,0.000,0.000,0.000,0.000,0.000,0.000,0.000,0.000,0.000,0.000,0.000,0.000,0.000,0.000,0.000,0.000,0.000,0.000,0.000,0.000,0.000,-0.0308,0.0001,0.0005,0.0000,-0.0481,-0.0630,-0.0066,0.0147,0.0609,-0.0712,-0.0160,0.0247,-0.1211,-0.0558,0.0624,0.1518,-0.0021,0.0000,0.0963,0.0214,0.0333,-0.0320,-0.0372,0.0315
5816.5,0,0.000,0.000,0.000,0.000,0.000,0.000,0.000,0.000,0.000,0.000,0.000,0.000,0.000,0.000,0.000,0.000,0.000,0.000,0.000,0.000,0.000,1.325,0.000,0.000,0.000,0.000,0.000,0.000,0.000,0.000,0.000,0.000,0.000,0.000,0.000,0.000,0.000,0.000,0.000,0.000,0.000,0.000,0.000,2.269,0.000,0.000,0.000,0.000,0.000,0.000,0.000,0.000,0.000,0.000,0.000,0.000,0.000,0.000,0.000,0.000,0.000,0.000,0.000,0.000,0.000,0.000,0.000,0.000,0.000,-0.0300,0.0000,0.0004,0.0000,-0.0403,-0.0631,-0.0024,0.0190,0.0778,-0.0690,-0.0239,0.0200,-0.1120,-0.0509,0.0593,0.1482,-0.0016,0.0000,0.0954,0.0192,0.0272,-0.0284,-0.0307,0.0404
5825.0,0,0.000,0.000,0.000,0.000,0.000,0.000,0.000,0.000,0.000,0.000,0.000,0.000,0.000,0.000,0.000,0.000,0.000,0.000,0.000,0.000,0.000,8.773,0.000,0.000,0.000,0.000,0.000,0.000,0.000,0.000,0.000,0.000,0.000,0.000,0.000,0.000,0.000,0.000,0.000,0.000,0.000,0.000,0.000,0.415,0.000,0.000,0.000,0.000,0.000,0.000,0.000,0.000,0.000,0.000,0.000,0.000,0.000,0.000,0.000,0.000,0.000,0.000,0.000,0.000,0.000,0.000,0.000,0.000,0.000,-0.0208,0.0000,0.0003,0.0000,-0.0335,-0.0622,0.0002,0.0284,0.0957,-0.0640,-0.0310,0.0161,-0.1064,-0.0451,0.0606,0.1450,-0.0013,0.0000,0.0900,0.0201,0.0220,-0.0247,-0.0211,0.0471
5833.0,0,0.000,0.000,0.000,0.000,0.000,0.000,0.000,0.000,0.000,0.000,0.000,0.000,0.000,0.000,0.000,0.000,0.000,0.000,0.000,0.000,0.000,21.591,0.000,0.000,2.231,0.000,0.000,0.000,0.000,0.000,0.000,0.000,0.000,0.000,0.000,0.000,0.000,0.000,0.000,0.000,0.000,0.000,0.000,8.874,0.000,0.000,0.000,0.000,0.000,0.000,0.000,0.000,0.000,0.000,0.000,0.000,0.000,0.000,0.000,0.000,0.000,0.000,0.000,0.000,0.000,0.000,0.000,0.000,0.000,-0.0042,0.0000,0.0002,0.0000,-0.0276,-0.0660,0.0098,0.0389,0.1139,-0.0643,-0.0382,0.0130,-0.1061,-0.0391,0.0661,0.1428,-0.0010,0.0000,0.0818,0.0202,0.0178,-0.0212,-0.0107,0.0515
5841.5,0,0.000,0.000,0.000,0.000,0.000,0.000,0.000,0.000,0.000,0.000,0.000,0.000,0.000,0.000,0.000,0.000,0.000,0.000,0.000,0.000,0.000,33.971,0.000,0.000,4.473,0.000,0.000,0.000,0.000,0.000,0.000,0.000,0.000,0.000,0.000,0.000,0.000,0.000,0.000,0.000,0.000,0.000,0.000,21.207,0.000,0.000,0.000,0.000,0.000,0.000,0.000,0.000,0.000,0.000,0.000,0.000,0.000,0.000,0.000,0.000,0.000,0.000,0.000,0.000,0.000,0.000,0.000,0.000,0.000,0.0156,0.0000,0.0002,0.0000,-0.0226,-0.0742,0.0356,0.0482,0.1340,-0.0708,-0.0405,0.0104,-0.1194,-0.0334,0.0759,0.1425,-0.0008,0.0000,0.0723,0.0218,0.0143,-0.0179,-0.0079,0.0517
5850.0,0,0.000,0.000,0.000,0.000,0.000,0.000,0.000,0.000,0.000,0.000,0.000,0.000,0.000,0.000,0.000,0.000,0.000,0.000,0.000,0.000,0.000,27.003,0.000,0.000,4.146,0.000,0.000,0.000,0.000,0.000,0.000,0.000,0.000,0.000,0.000,0.000,0.000,0.000,0.000,0.000,0.000,0.000,0.000,21.808,0.000,0.000,0.000,0.000,0.000,0.000,0.000,0.000,0.000,0.000,0.000,0.000,0.000,0.000,0.000,0.000,0.000,0.000,0.000,0.000,0.000,0.000,0.000,0.000,0.000,0.0333,0.0000,0.0002,0.0000,-0.0184,-0.0851,0.0662,0.0573,0.1541,-0.0957,-0.0458,0.0083,-0.1377,-0.0281,0.0891,0.1418,-0.0043,0.0000,0.0626,0.0219,0.0115,-0.0149,-0.0067,0.0489
5858.0,0,0.000,0.000,0.000,0.000,0.000,0.000,0.000,0.000,0.000,0.000,0.000,0.000,0.000,0.000,0.000,0.000,0.000,0.000,0.000,0.000,0.000,27.427,0.000,0.000,0.837,0.000,0.000,0.000,0.000,0.000,0.000,0.000,0.000,0.000,0.000,0.000,0.000,0.000,0.000,0.000,0.000,0.000,0.000,20.411,0.000,0.000,0.000,0.000,0.000,0.000,0.000,0.000,0.000,0.000,0.000,0.000,0.000,0.000,0.000,0.000,0.000,0.000,0.000,0.000,0.000,0.000,0.000,0.000,0.000,0.0476,0.0000,0.0001,0.0000,-0.0149,-0.0968,0.0775,0.0610,0.1747,-0.1247,-0.0583,0.0066,-0.1653,-0.0296,0.1023,0.1402,-0.0147,0.0000,0.0533,0.0208,0.0091,-0.0124,-0.0089,0.0445
5866.5,0,0.000,0.000,0.000,0.000,0.000,0.000,0.000,0.000,0.000,0.000,0.000,0.000,0.000,0.000,0.000,0.000,0.000,0.000,0.000,0.000,0.000,27.085,0.000,0.000,0.153,0.000,0.000,0.000,0.000,0.000,0.000,0.000,0.000,0.000,0.000,0.000,0.000,0.000,0.000,0.000,0.000,0.000,0.000,19.431,0.000,0.000,0.000,0.000,0.000,0.000,0.000,0.000,0.000,0.000,0.000,0.000,0.000,0.000,0.000,0.000,0.000,0.000,0.000,0.000,0.000,0.000,0.000,0.000,0.000,0.0592,0.0000,0.0001,0.0000,-0.0121,-0.1092,0.0780,0.0622,0.1926,-0.1526,-0.0754,0.0053,-0.1968,-0.0417,0.1174,0.1444,-0.0257,0.0000,0.0447,0.0190,0.0073,-0.0102,-0.0161,0.0393
5875.0,0,0.000,0.000,0.000,0.000,0.000,0.000,0.000,0.000,0.000,0.000,0.000,0.000,0.000,0.000,0.000,0.000,0.000,0.000,0.000,0.000,0.000,38.067,0.000,0.000,4.094,0.000,0.000,0.000,0.000,0.000,0.000,0.000,0.000,0.000,0.000,0.000,0.000,0.000,0.000,0.000,0.000,0.000,0.000,20.482,0.000,0.000,0.000,0.000,0.000,0.000,0.000,0.000,0.000,0.000,0.000,0.000,0.000,0.000,0.000,0.000,0.000,0.000,0.000,0.000,0.000,0.000,0.000,0.000,0.000,0.0731,0.0000,0.0001,0.0000,-0.0097,-0.1231,0.0727,0.0598,0.2097,-0.1719,-0.0938,0.0042,-0.2263,-0.0586,0.1245,0.1471,-0.0351,0.0000,0.0344,0.0168,0.0058,-0.0083,-0.0249,0.0341
5883.0,0,0.000,0.000,0.000,0.000,0.000,0.000,0.000,0.000,0.000,0.000,0.000,0.000,0.000,7.408,0.000,0.000,0.000,0.000,0.000,0.000,0.000,37.947,0.000,0.000,4.505,0.000,4.066,0.000,0.000,0.000,0.000,0.000,0.000,0.000,0.000,0.000,0.000,0.000,0.000,0.000,0.000,0.000,0.000,18.503,0.000,0.000,0.000,0.000,0.000,0.000,0.000,0.000,0.000,0.000,0.000,0.000,0.000,0.000,0.000,0.000,0.000,0.000,0.000,0.000,0.000,0.000,0.000,0.000,0.000,0.0881,0.0000,0.0047,0.0000,-0.0078,-0.1372,0.0632,0.0569,0.2247,-0.1786,-0.1150,0.0033,-0.2497,-0.0760,0.1275,0.1488,-0.0395,0.0000,0.0218,0.0146,0.0046,-0.0067,-0.0337,0.0337
5891.5,0,0.000,0.000,0.000,0.000,0.000,0.000,0.000,0.000,0.000,0.000,0.000,0.000,0.000,1.353,0.000,0.000,0.000,0.000,0.000,0.000,0.000,36.073,0.000,0.000,4.889,0.000,14.663,0.000,0.000,0.000,0.000,0.000,0.000,0.000,0.000,0.000,0.000,0.000,0.000,0.000,0.000,0.000,0.000,12.171,0.000,0.000,0.000,0.000,0.000,0.000,0.000,0.000,0.000,0.000,0.000,0.000,0.000,0.000,0.000,0.000,0.000,0.000,0.000,0.000,0.000,0.000,0.000,0.000,0.000,0.1039,0.0000,0.0081,0.0000,-0.0062,-0.1570,0.0461,0.0569,0.2404,-0.1767,-0.1417,0.0069,-0.2708,-0.0972,0.1232,0.1491,-0.0398,0.0000,0.0094,0.0125,0.0036,-0.0055,-0.0403,0.0325
5900.0,0,0.000,0.000,0.000,0.000,0.000,0.000,0.000,0.000,0.000,0.000,0.000,0.000,0.000,0.247,0.000,0.000,0.000,0.000,0.000,0.000,0.000,25.303,0.000,0.000,0.893,0.000,23.998,0.000,0.000,0.000,0.000,0.000,0.000,0.000,0.000,0.000,0.000,0.000,0.000,0.000,0.000,0.000,0.000,9.632,0.000,0.000,0.000,0.000,0.000,0.000,0.000,0.000,0.000,0.000,0.000,0.000,0.000,0.000,0.000,0.000,0.000,0.000,0.000,0.000,0.000,0.000,0.000,0.000,0.000,0.1159,0.0000,0.0098,0.0000,-0.0049,-0.1752,0.0258,0.0624,0.2571,-0.1663,-0.1695,0.0144,-0.2946,-0.1227,0.1160,0.1503,-0.0378,0.0000,-0.0057,0.0123,0.0029,-0.0044,-0.0496,0.0317
5908.0,0,0.000,0.000,0.000,0.000,0.000,0.000,0.000,0.000,0.000,0.000,0.000,0.000,0.000,0.050,0.000,0.000,0.000,0.000,0.000,0.000,0.000,29.649,0.000,0.000,0.180,0.000,23.558,0.000,0.000,0.000,0.000,0.000,0.000,0.000,0.000,0.000,0.000,0.000,0.000,0.000,0.000,0.000,0.000,8.648,0.000,0.000,0.000,0.000,0.000,0.000,0.000,0.000,0.000,0.000,0.000,0.000,0.000,0.000,0.000,0.000,0.000,0.000,0.000,0.000,0.000,0.000,0.000,0.000,0.000,0.1256,0.0000,0.0102,0.0000,-0.0039,-0.1918,0.0083,0.0718,0.2730,-0.1508,-0.1966,0.0264,-0.3136,-0.1467,0.1091,0.1509,-0.0344,0.0000,-0.0220,0.0219,0.0110,-0.0035,-0.0612,0.0373
5916.5,0,0.000,0.000,0.000,0.000,0.000,0.000,0.000,0.000,0.000,0.000,0.000,0.000,0.000,0.009,0.000,0.000,0.000,0.000,0.000,0.000,0.000,35.249,0.000,0.000,3.362,0.000,13.094,0.000,0.000,0.000,0.000,0.000,0.000,0.000,0.000,0.000,0.000,0.000,0.000,0.000,0.000,0.000,0.000,4.909,0.000,0.000,0.000,0.000,0.000,0.000,0.000,0.000,0.000,0.000,0.000,0.000,0.000,0.000,0.000,0.000,0.000,0.000,0.000,0.000,0.000,0.000,0.000,0.000,0.000,0.1371,0.0000,0.0099,0.0000,-0.0031,-0.2056,-0.0105,0.0814,0.2844,-0.1332,-0.2200,0.0383,-0.3273,-0.1658,0.1054,0.1514,-0.0304,0.0000,-0.0403,0.0346,0.0279,-0.0028,-0.0730,0.0400
5925.0,0,0.000,0.000,0.000,0.000,0.000,0.000,0.000,0.000,0.000,0.000,0.000,0.000,0.000,0.002,0.000,0.000,0.000,0.000,0.000,0.000,0.000,27.770,0.000,0.000,0.614,0.000,5.721,0.000,0.000,0.000,0.000,0.000,0.000,0.000,0.000,0.000,0.000,0.000,0.000,0.000,0.000,0.000,0.000,4.962,0.000,0.000,0.000,0.000,0.000,0.000,0.000,0.000,0.000,0.000,0.000,0.000,0.000,0.000,0.000,0.000,0.000,0.000,0.000,0.000,0.000,0.000,0.000,0.000,0.000,0.1463,0.0000,0.0091,0.0000,-0.0113,-0.2151,-0.0151,0.0901,0.2931,-0.1153,-0.2408,0.0445,-0.3334,-0.1770,0.1036,0.1503,-0.0263,0.0000,-0.0558,0.0478,0.0509,-0.0023,-0.0837,0.0395
5933.0,0,0.000,0.000,0.000,0.000,0.000,0.000,0.000,0.000,0.000,0.000,0.000,0.000,0.000,0.000,0.000,0.000,0.000,0.000,0.000,0.000,0.000,42.209,0.000,0.000,4.617,0.000,1.155,0.000,0.000,0.000,0.000,0.000,0.000,0.000,0.000,0.000,0.000,0.000,0.000,0.000,0.000,0.000,0.000,15.914,0.000,0.000,0.000,0.000,0.000,0.000,0.000,0.000,0.000,0.000,0.000,0.000,0.000,0.000,0.000,0.000,0.000,0.000,0.000,0.000,0.000,0.000,0.000,0.000,0.000,0.1558,0.0000,0.0081,0.0000,-0.0258,-0.2167,-0.0044,0.0947,0.3001,-0.1012,-0.2593,0.0458,-0.3331,-0.1796,0.1030,0.1465,-0.0224,0.0000,-0.0673,0.0544,0.0751,-0.0018,-0.0927,0.0370
5941.5,0,0.000,0.000,0.000,0.000,0.000,0.000,0.000,0.000,0.000,0.000,0.000,0.000,0.000,0.000,0.000,0.000,0.000,0.000,0.000,0.000,0.000,33.113,0.000,0.000,3.855,0.000,0.211,0.000,0.000,0.000,0.000,0.000,0.000,0.000,0.000,0.000,0.000,0.000,0.000,0.000,0.000,0.000,0.000,11.407,0.000,0.000,0.000,0.000,0.000,0.000,0.000,0.000,0.000,0.000,0.000,0.000,0.000,0.000,0.000,0.000,0.000,0.000,0.000,0.000,0.000,0.000,0.000,0.000,0.000,0.1624,0.0000,0.0071,0.0000,-0.0475,-0.2124,0.0199,0.0929,0.2995,-0.0957,-0.2731,0.0440,-0.3278,-0.1722,0.1051,0.1388,-0.0189,0.0000,-0.0753,0.0555,0.0993,-0.0014,-0.0980,0.0334
5950.0,0,0.000,0.000,0.000,0.000,0.000,0.000,0.000,0.000,0.000,0.000,0.000,0.000,0.000,0.000,0.000,0.000,0.000,0.000,0.000,0.000,0.000,32.806,0.000,0.000,0.704,0.000,0.039,0.000,0.000,0.000,0.000,0.000,0.000,0.000,0.000,0.000,0.000,0.000,0.000,0.000,0.000,0.000,0.000,23.847,0.000,0.000,0.000,0.000,0.000,0.000,0.000,0.000,0.000,0.000,0.000,0.000,0.000,0.000,0.000,0.000,0.000,0.000,0.000,0.000,0.000,0.000,0.000,0.000,0.000,0.1640,0.0000,0.0060,0.0000,-0.0756,-0.2026,0.0527,0.0867,0.2925,-0.0910,-0.2818,0.0403,-0.3224,-0.1645,0.1091,0.1285,-0.0157,0.0000,-0.0829,0.0529,0.1223,-0.0011,-0.1006,0.0293
5958.0,0,0.000,0.000,0.000,0.000,0.000,0.000,0.000,0.000,0.000,0.000,0.000,0.000,0.000,0.000,0.000,0.000,0.000,0.000,0.000,0.000,0.000,21.537,0.000,0.000,0.142,0.000,0.008,0.000,0.000,0.000,0.000,0.000,0.000,0.000,0.000,0.000,0.000,0.000,0.000,0.000,0.000,0.000,0.000,14.209,0.000,0.000,0.000,0.000,0.000,0.000,0.000,0.000,0.000,0.000,0.000,0.000,0.000,0.000,0.000,0.000,0.000,0.000,0.000,0.000,0.000,0.000,0.000,0.000,0.000,0.1604,0.0000,0.0051,0.0000,-0.1091,-0.1917,0.0837,0.0781,0.2822,-0.0857,-0.2885,0.0359,-0.3201,-0.1647,0.1171,0.1251,-0.0130,0.0000,-0.0904,0.0483,0.1380,-0.0009,-0.1034,0.0253
5966.5,0,0.000,0.000,0.000,0.000,0.000,0.000,0.000,0.000,0.000,0.000,0.000,0.000,0.000,0.000,0.000,0.000,0.000,0.000,0.000,0.000,0.000,25.347,0.000,0.000,0.026,0.000,0.001,0.000,0.000,0.000,0.000,0.000,0.000,0.000,0.000,0.000,0.000,0.000,0.000,0.000,0.000,0.000,0.000,16.868,0.000,0.000,0.000,0.000,0.000,0.000,0.000,0.000,0.000,0.000,0.000,0.000,0.000,0.000,0.000,0.000,0.000,0.000,0.000,0.000,0.000,0.000,0.000,0.000,0.000,0.1555,0.0000,0.0043,0.0000,-0.1452,-0.1780,0.1104,0.0686,0.2650,-0.0782,-0.2948,0.0312,-0.3199,-0.1649,0.1267,0.1255,-0.0107,0.0000,-0.0993,0.0428,0.1479,-0.0007,-0.1037,0.0215
5975.0,0,0.000,0.000,0.000,0.000,0.000,0.000,0.000,0.000,0.000,0.000,0.000,0.000,0.000,0.000,0.000,0.000,0.000,0.000,0.000,0.000,0.000,15.718,0.000,0.000,0.005,0.000,0.000,0.000,0.000,0.000,0.000,0.000,0.000,0.000,0.000,0.000,0.000,0.000,0.000,0.000,0.000,0.000,0.000,7.147,0.000,0.000,0.000,0.000,0.000,0.000,0.000,0.000,0.000,0.000,0.000,0.000,0.000,0.000,0.000,0.000,0.000,0.000,0.000,0.000,0.000,0.000,0.000,0.000,0.000,0.1492,0.0000,0.0035,0.0000,-0.1783,-0.1624,0.1255,0.0591,0.2483,-0.0694,-0.2981,0.0267,-0.3177,-0.1642,0.1353,0.1245,-0.0087,0.0000,-0.1078,0.0372,0.1554,-0.0006,-0.1008,0.0180
5983.0,0,0.000,0.000,0.000,0.000,0.000,0.000,0.000,0.000,0.000,0.000,0.000,0.000,0.000,0.000,0.000,0.000,0.000,0.000,0.000,0.000,0.000,13.910,0.000,0.000,0.001,0.000,0.000,0.000,0.000,0.000,0.000,0.000,0.000,0.000,0.000,0.000,0.000,0.000,0.000,0.000,0.000,0.000,0.000,4.455,0.000,0.000,0.000,0.000,0.000,0.000,0.000,0.000,0.000,0.000,0.000,0.000,0.000,0.000,0.000,0.000,0.000,0.000,0.000,0.000,0.000,0.000,0.000,0.000,0.000,0.1436,0.0000,0.0029,0.0000,-0.2093,-0.1445,0.1261,0.0502,0.2333,-0.0603,-0.2979,0.0225,-0.3069,-0.1600,0.1412,0.1201,-0.0071,0.0000,-0.1104,0.0318,0.1627,-0.0004,-0.0957,0.0150
5991.5,0,0.000,0.000,0.000,0.000,0.000,0.000,0.000,0.000,0.000,0.000,0.000,0.000,0.000,0.000,0.000,0.000,0.000,0.000,0.000,0.000,0.000,11.618,0.000,0.000,0.000,0.000,0.000,0.000,0.000,0.000,0.000,0.000,0.000,0.000,0.000,0.000,0.000,0.000,0.000,0.000,0.000,0.000,0.000,8.533,0.000,0.000,0.000,0.000,0.000,0.000,0.000,0.000,0.000,0.000,0.000,0.000,0.000,0.000,0.000,0.000,0.000,0.000,0.000,0.000,0.000,0.000,0.000,0.000,0.000,0.1370,0.0000,0.0024,0.0000,-0.2373,-0.1295,0.1165,0.0421,0.2202,-0.0515,-0.2949,0.0188,-0.2905,-0.1495,0.1466,0.1130,-0.0057,0.0000,-0.1125,0.0268,0.1720,-0.0075,-0.0943,0.0124
6000.0,0,0.000,0.000,0.000,0.000,0.000,0.000,0.000,0.000,0.000,0.000,0.000,0.000,0.000,0.000,0.000,0.000,0.000,0.000,0.000,0.000,0.000,14.523,0.000,0.000,0.000,0.000,0.000,0.000,0.000,0.000,0.000,0.000,0.000,0.000,0.000,0.000,0.000,0.000,0.000,0.000,0.000,0.000,0.000,8.756,0.000,0.000,0.000,0.000,0.000,0.000,0.000,0.000,0.000,0.000,0.000,0.000,0.000,0.000,0.000,0.000,0.000,0.000,0.000,0.000,0.000,0.000,0.000,0.000,0.000,0.1300,0.0000,0.0019,0.0000,-0.2613,-0.1201,0.1007,0.0350,0.2102,-0.0434,-0.2889,0.0156,-0.2742,-0.1350,0.1498,0.1117,-0.0046,0.0000,-0.1148,0.0223,0.1795,-0.0175,-0.0938,0.0101
