t,x,y,z,lf_contact,lf_fn,lf_adh,lf_swing_mn,lf_stance_mn,lf_ThC_pro,lf_ThC_add,lf_CTr,lf_FeRot,lf_FTi,lf_TiTa,lm_contact,lm_fn,lm_adh,lm_swing_mn,lm_stance_mn,lm_ThC_pro,lm_ThC_add,lm_CTr,lm_FeRot,lm_FTi,lm_TiTa,lh_contact,lh_fn,lh_adh,lh_swing_mn,lh_stance_mn,lh_ThC_pro,lh_ThC_add,lh_CTr,lh_FeRot,lh_FTi,lh_TiTa,rf_contact,rf_fn,rf_adh,rf_swing_mn,rf_stance_mn,rf_ThC_pro,rf_ThC_add,rf_CTr,rf_FeRot,rf_FTi,rf_TiTa,rm_contact,rm_fn,rm_adh,rm_swing_mn,rm_stance_mn,rm_ThC_pro,rm_ThC_add,rm_CTr,rm_FeRot,rm_FTi,rm_TiTa,rh_contact,rh_fn,rh_adh,rh_swing_mn,rh_stance_mn,rh_ThC_pro,rh_ThC_add,rh_CTr,rh_FeRot,rh_FTi,rh_TiTa
0.0,0.496,3.999545544070942e-22,1.9999019,0,0.0,0.0,0.0,0.0,-0.0,-0.0,-0.0,0.0,0.0,0.0,0,0.0,0.0,0.0,0.0,-0.0,0.0,-0.0,0.0,0.0,0.0,0,0.0,0.0,0.0,0.0,-0.0,0.0,-0.0,0.0,0.0,0.0,0,0.0,0.0,0.0,0.0,-0.0,-0.0,-0.0,0.0,0.0,0.0,0,0.0,0.0,0.0,0.0,-0.0,0.0,-0.0,0.0,0.0,0.0,0,0.0,0.0,0.0,0.0,-0.0,0.0,-0.0,0.0,0.0,0.0
0.005,0.4959999979718494,7.502602740159127e-10,1.8699193999089707,0,0.0,0.0,0.0,0.0,-1.4383066959666735e-10,1.8599516926620652e-09,-1.1217120565731875e-09,1.0673556483098423e-09,4.099343087204943e-10,1.7990584022520295e-10,0,0.0,0.0,0.0,0.0,7.420808634250875e-09,-3.036344997653373e-08,2.7597256035960527e-08,8.236328841171314e-10,5.752124263569414e-07,3.7342372644078026e-07,0,0.0,0.0,0.0,0.0,-1.220176804039852e-08,-1.584726239123313e-09,1.4842245876778293e-08,4.096201572378888e-10,3.2753170509103313e-07,-8.065227971587596e-09,0,0.0,0.0,0.0048631180407670595,0.0,1.7506653349208534e-09,-1.452300668614015e-09,1.9403199047474118e-09,-6.725098811166674e-10,-1.2644507663139848e-09,-5.360549781840973e-10,0,0.0,0.0,0.0,0.0,3.13730441625637e-09,-1.3053436553889242e-08,1.1653555898050172e-08,3.26811466777599e-10,1.7271208818669948e-07,-5.141207071179821e-09,0,0.0,0.0,0.0,0.0,-1.5553368815091062e-08,-1.002166905017532e-09,1.9922292260332597e-08,1.7153471698616585e-09,3.7100722627414484e-07,-9.644827991817095e-09
0.01,0.4959991231387927,-7.494276454874456e-07,1.4946870528263172,0,0.0,0.0,0.0,0.0,7.46168687948412e-09,9.410702678236404e-08,-5.487683107929797e-08,5.71017029771248e-08,9.857336724650168e-09,5.111185502615356e-09,0,0.0,0.0,0.0,0.0,6.929455069748514e-07,-2.910200056938095e-06,2.6517436881867695e-06,5.466299185519219e-08,0.00020302871497235309,0.0001213469282308477,0,0.0,0.0,0.0,0.0,-2.5580675302450118e-06,-4.02239261787507e-07,3.1145829841872086e-06,2.851480933319106e-08,0.0002534113690368933,-1.5174060286338165e-06,0,0.0,0.0,0.9405529717932402,0.045354336943751,3.497294568971521e-05,-1.0870449118627334e-07,-6.199043975918528e-07,-1.1768105512288685e-07,3.178062246700364e-07,1.2735070051284048e-07,0,0.0,0.0,0.0,0.0,8.447327854987918e-07,-3.5961343192170148e-06,3.2476932187996965e-06,5.974414951648299e-08,0.0002555443644427502,-1.3843743483787918e-06,0,0.0,0.0,0.0,0.0,-1.1986336234670603e-06,-7.076240715608861e-08,1.5490241664917193e-06,1.2961701398306325e-07,0.0001243809969786458,-7.293133241770278e-07
0.015,0.5582233605590474,-2.205283990196643e-05,1.0713962556626844,1,3.493666376784945,0.0,6.205406775162161e-05,0.0,0.011114006729550763,-0.008891424746962306,0.02738007296134004,-0.0058355661096426426,-0.004055660195324773,-0.005608761963397102,1,3.4249556396943355,0.0,0.0,0.040429865425421145,0.012976227365894433,-0.04314974311307074,0.05620875173323814,0.006222345647872163,0.004103337738761592,-0.009359730154031964,1,5.951130491950381,0.0,0.0,0.0,-0.05772515439795667,-0.01439082545778092,0.08535558384358333,-0.003602028947670463,-0.0034299015310361725,-0.008062139149156128,1,3.4801455449471606,0.0,2.553813415725703,0.4202118130540762,0.011455199119703108,-0.008852947919427478,0.02727316581333028,-0.0058098587010975145,-0.0040284937315018254,-0.005593971994303115,1,3.4542201211274866,0.0,0.0,0.1780772708782669,0.013003757431834684,-0.04327324345664274,0.056358444552225606,0.00622589812244756,0.005173875044969245,-0.010230302843346417,1,5.941384715763714,0.0,0.0,0.0,-0.0574811392309269,-0.014336128417449578,0.08500992395543228,-0.003592097650743531,-0.004508269879668125,-0.00800558366877857
0.02,0.6008652311858381,-0.0005982479852321952,0.9807283986376906,1,3.3175757083626216,0.0,0.5251992881206905,0.2672563288454546,0.02084418888688866,-0.02480928018841877,0.05375713617034483,-0.016445137469465354,-0.009654838293241319,-0.011272459800235196,1,3.4097137141105116,0.0,0.0,1.70443123065071,0.015192335389615286,-0.07368354607020278,0.0859878638479139,-0.0026923403465954343,-0.0021959098748727257,-0.017352829535997427,1,3.590721885548016,0.0,0.0,1.1588930858113227,-0.09489745744387479,-0.03267654032300882,0.12662412118504984,-0.019731882692912858,-0.013997124005076689,-0.018281144580663336,0,0.0,0.0,4.0917542906626,4.673719303489397,0.022030896346185103,-0.024230322189619014,0.05265053005348452,-0.01601616718759491,-0.009476605947327243,-0.01111679452413089,1,3.1190944036739445,0.0,1.0534757255551757,3.4023930257770454,0.015173824818149662,-0.07504291882565783,0.08724092458574217,-0.00322109017455513,0.003534125542939748,-0.020126636972469303,1,2.2892902462770572,0.0,0.0,0.0436303279991016,-0.09382548025512394,-0.03206053212133797,0.1257716447892434,-0.01911137665991155,-0.016669746731775348,-0.017703064664885443
0.025,0.6172448371075319,-0.0007771845037566846,0.9211415603818132,0,0.0,0.0,1.2648324000799829,0.3226990500341182,0.028041004042128448,-0.03367127780359058,0.0701454584215555,-0.02205550279865698,-0.014747265834383905,-0.015464342488592159,1,2.7345145277486447,0.0,0.0,2.8557247580907044,0.0171668029444767,-0.09342272136001739,0.10578285000404941,-0.006804838834188698,-0.0044617904637458405,-0.02192846950577587,1,2.7387741540187514,0.0,0.0,1.5692202207422554,-0.12006310384290941,-0.04329950887247758,0.15493984617457301,-0.02923642223045836,-0.016038665232299243,-0.026488885753519154,1,2.180746170334954,0.0,5.552652720463783,9.168964287343222,0.030967958323697697,-0.03252895723010013,0.0671965631869984,-0.021288711047595443,-0.013862969289270444,-0.015146056537477193,1,3.0749527122194396,0.0,2.253364611415287,5.123672583329624,0.017025891644696145,-0.09679901971904381,0.10851811177866022,-0.008405721046123082,0.014074628612713802,-0.027632848657609455,1,3.325871776296556,0.0,0.0,0.15216407422549008,-0.11668819453380275,-0.041558812978580106,0.15211659223548613,-0.027542243839832024,-0.022427417946861095,-0.02515641080033526
0.03,0.6220579248067678,-0.0004485014636229809,0.874337636570644,1,2.0453322252321393,0.0,1.504357817896139,0.25100221377435106,0.034427610788175245,-0.04007014177821272,0.08362621207350074,-0.02597424013570654,-0.019576262921097376,-0.019280734263511623,1,2.684603493404941,0.0,0.0,3.3510744050504506,0.01902459000418788,-0.11028631468277439,0.12347157030939426,-0.008526769252632016,-0.004430803151802776,-0.025603510700246024,1,2.675331776273195,0.0,0.0,1.2821833950662596,-0.1417868040294139,-0.05055869582677719,0.17978112487512576,-0.035631471870565035,-0.011776312336615913,-0.03504581080571928,0,0.0,0.0,6.9455228468597365,11.92130929752622,0.03998141620454654,-0.03672142047412469,0.07523005147382111,-0.02363544466422879,-0.017480315107314626,-0.018301978341291963,1,1.9793422445619309,0.0,2.9962903919801773,6.884848301660094,0.019280762357687387,-0.11705886822466871,0.1286823437821063,-0.011267877240320856,0.03620612639698484,-0.03544023184840883,1,2.5543742022544906,0.0,0.0,0.19432862732173797,-0.13494887142360845,-0.047780649588846646,0.1738803632537047,-0.032963519566955424,-0.023289681642039817,-0.0319387190391484
0.035,0.6216357665259625,-0.0035240662591546437,0.8340229756525891,0,0.0,0.0,1.3720692705746602,0.19523488313016096,0.04041053417143248,-0.045563525839006636,0.09542401964445313,-0.029205285687422533,-0.0244488429591867,-0.022836392738244587,1,2.4076443563835737,0.0,0.0,3.5208526827688105,0.020234749494158155,-0.1254224664815582,0.1391657644895674,-0.009754350973530446,-0.0036134928846671688,-0.028732226068436617,1,2.3215347700389994,0.0,0.0,0.9973096313494514,-0.1615059891709465,-0.05519028834236139,0.20232884723147992,-0.039479799397017776,-0.005903848833280323,-0.04533806399018424,1,1.7224332763792418,0.0,8.236334836855963,13.75648968924768,0.049590552562268075,-0.03852205856497143,0.07911390214793501,-0.0243104949936378,-0.020420166909439708,-0.020998726670692053,1,2.54441828037228,0.0,3.33898014936009,10.057749617528144,0.022010097228455372,-0.13530248254750998,0.14553809378511406,-0.01161668455252196,0.06451744544489935,-0.04451973341623017,1,2.8874719372748987,0.0,0.0,0.28874326709240855,-0.15057555500804254,-0.05300743383090678,0.19225418996222943,-0.03768655617853299,-0.020785154864367383,-0.0383319235838034
0.04,0.6236636922725635,-0.007363197975239013,0.8015249668928911,1,2.0350307174710824,0.0,1.2893218919049554,0.15185786219843533,0.04684653634182634,-0.05010006795171412,0.1072723469157788,-0.03180814872680221,-0.029784964264584213,-0.02657510845004163,1,2.063436409118419,0.0,0.0,3.4567784309516436,0.02107197454585541,-0.1383161398686481,0.15251404086826614,-0.009671688089764374,-0.003161195308835296,-0.031293424369771006,1,1.5910136161869388,0.0,0.16292017783942847,0.7757287331980922,-0.17546198241582944,-0.05726114401310256,0.21718068281102165,-0.04112990202529801,0.0008689379279762655,-0.05602564915239276,0,0.0,0.0,9.400035376084206,15.504082377981975,0.06077047774350908,-0.039277374847749125,0.08158670976167892,-0.02420912955984944,-0.023547881860878084,-0.023847459884233757,1,2.1058368963486096,0.0,3.3036120027946723,12.222724212195569,0.02563695773095387,-0.15256787407408368,0.16068739726941983,-0.009179646951888554,0.09835879597405484,-0.05438520855312223,1,1.646718926980845,0.0,0.0,0.5703132543304201,-0.1603369354440356,-0.056483320065196074,0.20278829649765595,-0.04128954705952419,-0.014887810821249126,-0.043309508803507576
0.045,0.6288197255757646,-0.010485446526432924,0.7830570560652567,1,1.38016174410124,0.0,1.3026187057904042,0.11811828881063524,0.052770847620203676,-0.05345795653067592,0.11721794507787342,-0.033601026030948444,-0.03486662219580117,-0.029923379267325745,1,1.7175955067137767,0.0,0.0,3.1465551810552435,0.02123627562459718,-0.14758858079705894,0.16135944386624068,-0.008604079758332661,-0.003927576479365813,-0.03306361832883831,1,1.7109001571721902,0.0,1.0462144024123243,0.6033783777811181,-0.18201443553753505,-0.05723587545458653,0.2224525135035822,-0.041167258517368396,0.010543422309735151,-0.06484204612788862,1,0.97191575766501,0.0,10.438523148671326,18.250372582775174,0.071676928309796,-0.03882125165321615,0.0803110740749946,-0.023412250405492385,-0.02576282106531247,-0.026092240006588163,1,1.9191197519360823,0.0,2.924813782577982,11.152265852463607,0.029256409737214994,-0.1663612024274146,0.16995149457420267,-0.0053689712372318454,0.1326002513660316,-0.06430383183987093,1,1.5397770495978451,0.0,0.0,1.0639742915894201,-0.16228100821684155,-0.057053141061530255,0.2031049175961377,-0.04257593827874758,-0.006499360860920511,-0.046630509455111505
0.05,0.6320420759154595,-0.013041582396418576,0.7692002746789952,1,1.7325518402436124,0.0,1.3645310933262986,0.09187492797258931,0.05799342347724967,-0.056522264946992584,0.12571245163611788,-0.035236910058152104,-0.03937153511611502,-0.03288996465412519,1,1.6216272656156303,0.0,0.0,2.7389975426981437,0.02113970816890287,-0.15565145419758775,0.16883038800029793,-0.007440644334764157,-0.0035502101430868738,-0.034285135625086505,1,1.6637244617194742,0.0,2.593872301583177,0.46932059003776144,-0.18840239445280682,-0.05746409741780023,0.2282447187765364,-0.041370309441618465,0.02084029835079848,-0.07282467215412998,1,0.9776054017890548,0.0,11.35304276120905,23.089588663475226,0.08226837142750171,-0.03831744119197539,0.07591982654158613,-0.022637409941718367,-0.027300449474800814,-0.02792220014379057,1,2.2726094167925077,0.0,2.293888941047372,8.674470585743926,0.03263962930402586,-0.1779955115573224,0.17602903247102208,-0.001767017959685091,0.16799012090238574,-0.07329426503648367,1,1.5949057916862406,0.0,0.0,1.6921798533570191,-0.16400651548368028,-0.05729938120386313,0.20301061031065415,-0.04348330127379603,0.0020308284739172233,-0.049923281266592665
0.055,0.6332054907618069,-0.013656012108805302,0.7589076241981333,1,1.7435345538816305,0.0,1.4067955491061164,0.1297450140197903,0.0625642092810037,-0.058734047805291845,0.13244131546051818,-0.03631652244813388,-0.04330270405649883,-0.03539602763352359,1,1.953772538781017,0.0,0.0,2.4932316231971328,0.021085751316990642,-0.1631030856113147,0.17556648972865485,-0.00609049013087265,-0.0019411758920686584,-0.035329975268177605,1,2.4318014117166644,0.0,4.222825777029472,0.39544372376319614,-0.1938429014505867,-0.05779482844484807,0.23370364225364093,-0.04169233389400906,0.030359486072846664,-0.07954311713968858,1,1.5709085385470574,0.0,12.139766450523187,30.23424058801246,0.09249286793610717,-0.03784571559736971,0.06827134406301472,-0.02195863420080879,-0.028273341191386026,-0.029415777673322596,1,2.1856815081595755,0.0,1.784235814436136,6.747188503071252,0.035939921785870244,-0.18836972076518466,0.18070215483182528,0.0017725204541232942,0.20139921232281988,-0.08157492645010062,1,1.4976372784985317,0.0,0.0,2.333872528778434,-0.16552903677209896,-0.057098639917137595,0.20250674925815537,-0.0438726798334985,0.01016868100156798,-0.05311458967695083
0.06,0.6335596929115896,-0.013367137190984762,0.7522867341866232,1,1.769832150746052,0.0,1.4284077783078215,0.45652715247700787,0.06627618917091443,-0.06045720381864533,0.1372726051573414,-0.0371208098364299,-0.04649207907270214,-0.03736474809709486,1,1.9737026761773262,0.0,0.0,2.573867491447473,0.021229899171463007,-0.1707737731480703,0.18253106483622084,-0.004835420708010796,0.0014632974841095603,-0.035988135664841936,1,2.4802037193652637,0.0,5.4283380219575905,0.43026639584285203,-0.19923165614534843,-0.05859056581999833,0.2404816748973373,-0.0424584594006714,0.03948685102590366,-0.08375245032642113,1,1.6368746471301259,0.0,12.793023720885758,39.3759725200655,0.1030014083844975,-0.0378774875868757,0.058004338367853236,-0.021634223627117033,-0.02941374618866721,-0.0309980374596322,1,2.1089594244313536,0.0,1.3878167266733592,5.248107333581174,0.03876684792983576,-0.19695433958217023,0.18377740469959924,0.005073898082106898,0.2317775818657224,-0.08868882998599947,1,1.3879238530068951,0.0,0.0,2.9532675149208827,-0.16711538410405202,-0.05665862580960279,0.20190853294550748,-0.04391408196572914,0.018059744644632447,-0.05538662806258117
0.065,0.6326426891441707,-0.012181663547650788,0.7491761545833165,1,1.6955828073965264,0.0,1.45360171539167,1.2879280356154637,0.06925127491672406,-0.06151141664830545,0.14016636745176303,-0.03751290735306306,-0.049061597085922504,-0.03884236863981941,1,2.1021437886009675,0.0,0.0,3.654292118193319,0.02126812906417208,-0.17808705574187011,0.18885022530407092,-0.0036784281312228218,0.006429988413962029,-0.03489871570573416,1,2.4395807072447346,0.0,6.095695071343287,0.9131006807296169,-0.20411234028951108,-0.05967064227003738,0.24782487304522705,-0.04356771051820933,0.04754723456501031,-0.08434672868161498,1,1.694353525062042,0.0,13.28958785933321,50.31980465216452,0.11358796278932903,-0.038221040054693844,0.04428680076294533,-0.021554179648000715,-0.0306628954185435,-0.03262340818816106,1,2.1004231573543786,0.0,1.0794734929379464,4.450209820338352,0.04092113046331369,-0.2034055939292514,0.18510689822952164,0.00844281657586926,0.25815865959494566,-0.09440042708010682,1,1.3559726374653702,0.0,0.0,4.239412855410836,-0.16883361525406837,-0.0558848709102695,0.20108081416781354,-0.04349378457496411,0.024650787864682222,-0.055997571546163236
0.07,0.6313486711546429,-0.009803101120352752,0.749774521841378,1,1.4440508230706979,0.0,1.4950359770513004,3.1036735849370816,0.07145047468819421,-0.062201663849022315,0.14101206169397873,-0.03771052029221317,-0.05098682718989256,-0.03982358457310331,1,1.9135175725541989,0.0,0.0,6.627315601439685,0.021316866054177153,-0.18543710388413048,0.19476808583259597,-0.0027823164448467774,0.013118393541749596,-0.031005303260911443,1,1.789945135739367,0.0,6.377895226645258,1.892388426869805,-0.2091924714893394,-0.06120931994969658,0.25633683926141226,-0.04519640647488908,0.05449014312996869,-0.08019782795206883,0,0.0,0.0,13.62417086349689,61.659600868521025,0.12423943508096019,-0.03917352510024541,0.027012773686419855,-0.021929204492028898,-0.03210757326743874,-0.034320747103621846,1,2.0917062281311085,0.0,0.8396375397123386,7.46069757016106,0.04222586326825284,-0.20803820045547616,0.18481022224132904,0.011708562012362866,0.280026504067711,-0.09868789439619141,1,1.430182184892411,0.0,0.0,6.099123532369581,-0.17095893848879928,-0.0549213825474032,0.20030654571823692,-0.042725783580935664,0.03061215783559046,-0.053503483393513615
0.075,0.627385218908746,-0.005360236881588318,0.7537464910349595,1,1.4778092670745908,0.0,1.543164326874015,5.592088759179458,0.07316162023051775,-0.06192986184719179,0.13974835693040388,-0.0372957527608383,-0.05242016819353168,-0.04045455598368322,1,1.7466930013205668,0.0,0.0,11.172524009446432,0.02189197002786014,-0.19353078952224867,0.20097866484712323,-0.0008960198818330767,0.020466331328304888,-0.024167486525843218,1,2.5361604939848443,0.0,5.858014809440938,4.27046721339062,-0.21282350890337742,-0.062228152015705196,0.26299725930139606,-0.04647012291487332,0.05848564043031601,-0.07116662423442156,1,1.6937705248102433,0.0,13.83344454311464,72.05593448070864,0.13493706543491546,-0.040310862160468475,0.005763620014705317,-0.02243500277303684,-0.034098565918482926,-0.03603592239128639,1,1.9809874284565416,0.0,0.6530880125416062,15.447025357849592,0.04304206358372009,-0.21055346070197256,0.18200466057512132,0.016302942954085964,0.29653709228124203,-0.10166869058831013,1,1.4654297121516833,0.0,0.0,8.142429091731746,-0.17371799053977854,-0.05327520887182602,0.20003009455296783,-0.04098105309002362,0.03558595317271984,-0.04751066675040823
0.08,0.6221475029400569,-0.00045956563509187606,0.7615653647515269,1,1.218164487567801,0.0,1.5505614955331217,8.332346286968116,0.07433973711318553,-0.06170362713344285,0.13575597573880271,-0.036902601075138264,-0.053676127915153415,-0.0407670696659547,1,2.1260010879402675,0.0,0.0,16.955893228548767,0.022314979734396445,-0.20122463394718992,0.20559815884175503,0.0010854552579971366,0.030924784367768243,-0.012731959083981781,1,1.8839222149262647,0.0,4.669794600342884,8.232033737415694,-0.2174910965706549,-0.06328228587576534,0.2705581458501751,-0.04771714568005953,0.060408227190352326,-0.057384726512091436,1,1.4463945472772248,0.0,13.95737396325193,80.92554777877496,0.14591439586932964,-0.04172145303044361,-0.018041302890459132,-0.023148686262077722,-0.036658231834959754,-0.0375121042812612,1,1.9541877270409114,0.0,0.5079858057223989,28.290732419944973,0.04323519617750193,-0.21159971022128965,0.175875338093757,0.021527851571813805,0.3083691230182857,-0.10334032422756045,1,2.2516346736807025,0.0,0.0,10.176715618009245,-0.17670291473006294,-0.05140505225451053,0.1993725130444448,-0.038782310420097416,0.04036570217012492,-0.03787097879556138
0.085,0.6156631241620178,0.005928231581442727,0.7735428019304673,1,1.0963011839536918,0.0,1.4446816290038655,10.86532162436187,0.07484864558187926,-0.06122999757595965,0.1290000764604251,-0.03640405048184264,-0.05433305840082392,-0.04066480130671868,1,2.313263659707253,0.0,0.0,23.475820476592162,0.02292673829554004,-0.20993429520222384,0.20938352305432328,0.0032348867694135808,0.04306703406681023,0.0019576495487006462,1,1.998889911777135,0.0,3.6322659841534963,13.065059488812704,-0.22177939777180677,-0.0640748294947614,0.275455811563847,-0.0487453277342543,0.059431326481083735,-0.039912162414911065,1,1.841063920651109,0.0,14.021309837843946,87.48559274187166,0.15643608655518465,-0.04385154920134393,-0.044865510994791524,-0.024330889930061772,-0.03990770939378585,-0.03835956539033625,1,1.8354233477672441,0.0,0.3951222099624671,44.14159943982277,0.04295796490645909,-0.21148380484421758,0.16540572347911242,0.027399611962986292,0.3151087269233499,-0.10398413918393351,1,2.3577990999312526,0.0,0.0,12.210140668399566,-0.1813953521591234,-0.04952093836276439,0.2008710415708881,-0.03612997894579881,0.04580636963404894,-0.025145958983463154
0.09,0.608039787219626,0.012270839261060118,0.7888355249950432,1,0.9985923876673494,0.0,1.1918014796025809,12.795277474418455,0.07457424822876357,-0.060704132075457495,0.11921380353304167,-0.03592495990193545,-0.05446315417170777,-0.0401450573127739,1,2.537508347013137,0.0,0.0,30.114573556634767,0.02329514714697245,-0.21887619870828923,0.21055784178075987,0.005372176461396705,0.05602897140032281,0.019134035320703124,1,2.123862269039742,0.0,2.8252540654935516,17.92883438305864,-0.22701136884346917,-0.06481564551829633,0.279105144567916,-0.049666065333776065,0.05781858770393278,-0.019374205930699398,1,1.6541539315975196,0.0,14.037804963710178,91.46433709113643,0.16639975285285763,-0.04628120728260304,-0.07378762204511657,-0.025688866649465958,-0.04377760967131272,-0.03846094801537195,1,1.9722110641849222,0.0,0.3073344944818011,61.38551255114255,0.04248048953067274,-0.2110420047878514,0.1511641928163976,0.033837117185035515,0.31771919716416175,-0.10378192241563011,1,2.3844067089277474,0.0,0.0,13.925517872530113,-0.1863238830693592,-0.047548852315677625,0.2019384934323496,-0.03310450848276617,0.04989014307686768,-0.010835276882703401
0.095,0.5992436288736779,0.017780691372773265,0.8065876036001823,1,0.6981440085552977,0.0,0.9270086469983941,13.713452905100077,0.07374545202321442,-0.060135176276951585,0.10661771552228316,-0.035396467060999526,-0.05455055800765063,-0.03938643524521973,1,2.661868772386268,0.0,0.0,36.01330252043633,0.02333343272426247,-0.22787990687051973,0.20870509251710656,0.007600199941908303,0.06920898674733778,0.03757837384980528,1,2.366346042943293,0.0,2.19754295787016,22.124743734323864,-0.23311228995827182,-0.06529310519676379,0.2810059549508208,-0.050291202782256114,0.05608723455532738,0.0029327659888705587,1,0.985708345528186,0.0,14.026443812377778,92.4986867322565,0.17614915516943125,-0.04867602541213084,-0.10328567098001695,-0.026965193461527925,-0.04853898689124092,-0.038209330047482615,1,2.2206093623981227,0.0,0.2390513342880842,78.64538515217684,0.042103229888888594,-0.21085415461785684,0.13394060303204958,0.0408085031267329,0.316568679175826,-0.10303344075683157,1,1.9027376301770587,0.0,0.0,14.679024183031263,-0.19096109031300612,-0.0452559459331191,0.2016570390989385,-0.029474798674596153,0.049772114739904394,0.0028753928026068742
0.1,0.5909133897623007,0.023199051333905183,0.8263996114469545,1,0.7354794983395545,0.0,0.7210471259830549,13.38899268582847,0.07213028267292176,-0.05965215136228458,0.09192110449877156,-0.03496649588186479,-0.054202581648202575,-0.0382940355378501,1,2.4485881360031385,0.0,0.0,40.48252012643798,0.022868541861403857,-0.2369619307023414,0.2041069603079677,0.009436433946420852,0.08307110706841181,0.05644131129325192,1,2.4631091164815317,0.0,1.7092958508285898,25.230755723859435,-0.23954150446395595,-0.06572567652839478,0.2800717054250337,-0.050912608713973656,0.0543568288131171,0.025721403857355614,1,1.1926469834921558,0.0,14.013277490823713,90.44714878008236,0.18549972083001393,-0.05155686705638335,-0.13202389909077406,-0.028535150259047626,-0.054075439265777625,-0.038010615889076005,1,2.206451894058761,0.0,0.18593923380213745,94.40464196079854,0.04182160436437532,-0.21105541169797037,0.11417425515557911,0.04777109161778803,0.311793177689764,-0.10192571717388688,1,1.7631175087816844,0.0,0.0,14.144351659586295,-0.1956707059909868,-0.04299163247528481,0.20137261852563815,-0.025529209237488637,0.04743499784982386,0.016037267043359782
0.105,0.5833490336757637,0.028146043905448295,0.847989866765861,1,0.5147453640101116,0.0,0.5608458557229873,11.958968520013226,0.06963106445900197,-0.05909271731975979,0.07592942712610995,-0.0345742855054989,-0.053185523384771116,-0.03683443466113054,0,0.0,0.0,0.0,43.41235614419125,0.02179980798208825,-0.24637393625976012,0.1976308692053137,0.010560421603802106,0.09745252754099498,0.07477418631407184,1,2.3470168443959056,0.0,1.3295268223068148,27.230423732157142,-0.2457529175562274,-0.06624809164328616,0.27569073303150105,-0.05174446214844555,0.0527730770883712,0.047945937122427576,1,1.3318185962554707,0.0,14.017239423245387,85.70928851274765,0.1936576989153228,-0.05432663349291772,-0.16017524666421412,-0.030045562195751163,-0.059478542265070544,-0.03762990080808584,1,1.8954083650724953,0.0,0.1446275076016143,107.22968313182494,0.04182489902092357,-0.21172535815876592,0.09270213515038295,0.05471445415710974,0.3035030131316514,-0.1006507073548521,1,1.938987734939502,0.0,0.0,12.869785562357386,-0.19905956169695882,-0.040567551921056544,0.19977974170262214,-0.021190153315314285,0.04402041047458094,0.02890647755789129
0.11,0.5769135105267101,0.032852487143224265,0.870418146481121,1,0.6069015381938305,0.0,0.43623788591183166,9.651093585277833,0.06642652035274915,-0.05839369313248116,0.05971987205873841,-0.03417405127559364,-0.0515786465528969,-0.035093733867818167,1,2.699959518599225,0.0,0.0,44.86508948221376,0.019836458703600623,-0.25544472923194617,0.18936042041337586,0.010732684329505193,0.11252420590987566,0.0921531114982968,1,2.506462498359417,0.0,1.034134360284314,28.360532225798522,-0.25161974743739535,-0.06701559184748107,0.2680874348692399,-0.05299326234999424,0.051443184535610254,0.06887588607388728,1,1.3115622334458652,0.0,14.052167537664193,78.67129126783433,0.20088023511644731,-0.05683337461283994,-0.18648204649552902,-0.03140704396182836,-0.0647479653243872,-0.03739557913472108,0,0.0,0.0,0.11249436456919806,116.415829262693,0.042228489100543776,-0.21298325867368217,0.07065562588268515,0.061687027249808624,0.29207909627687156,-0.09943505174316852,1,2.2725931200808205,0.0,0.0,11.034717075277095,-0.201521028922647,-0.0382621744541678,0.19798442526080096,-0.016601981838159516,0.040236289620864785,0.04133821289835644
0.115,0.5725117809913658,0.03827043936436193,0.8921655337438277,1,0.5820627225342542,0.0,0.33931514544135083,7.5068267321891895,0.06307605663625615,-0.057290904649023366,0.0448961226757314,-0.033565938347436486,-0.04963924943022735,-0.03331418902463501,1,2.3091396692020676,0.0,0.0,44.859971057613656,0.01679326115049573,-0.2632382095433212,0.17857023429603647,0.010226334175580998,0.1254559963441373,0.10777528037430595,1,2.4768096441285277,0.0,0.8043717939177122,28.89562345089388,-0.2566631785294575,-0.06756037477445553,0.2574394458716134,-0.054192620421278384,0.050291910030094034,0.08796816957135652,1,1.5072797355078098,0.0,14.116246591663966,70.5549222750004,0.20699820276612474,-0.05957472887323284,-0.21061757069043407,-0.03290799269444361,-0.06991843421105681,-0.037344812350370654,1,2.6092407849311057,0.0,0.08750051957395687,121.4578918397798,0.042256696609666466,-0.21387760359390717,0.04779328097212465,0.06836057612638008,0.2776274277937798,-0.09834423271815307,1,1.7700534952240219,0.0,0.0,8.78415717092694,-0.2022274372386068,-0.03584174194424938,0.19461419481137265,-0.01153726091829653,0.033682701399094794,0.051955619591102266
0.12,0.5672414962902023,0.04357091491826166,0.9102851144878412,1,0.5592138335582395,0.0,0.26392656769191064,5.838970173605252,0.05979474599897333,-0.055663197245038265,0.0322430154816149,-0.03266976342415301,-0.04745357340770928,-0.031591461337061255,1,2.4095422830150994,0.0,0.0,42.69767670190621,0.012917953782638047,-0.2696248151537608,0.16561811536726445,0.009778797284268836,0.13294787976543243,0.12033953050427088,1,2.6888323003102617,0.0,0.6256575622074052,29.19153881265013,-0.26305597908203904,-0.06802285383221618,0.24811599630036096,-0.055305075370362784,0.05137682936414145,0.10572959172430302,1,0.948418849031147,0.0,14.197217626607676,62.39646607578863,0.21314734778175032,-0.06193044885105542,-0.2304841254905443,-0.03417258182616845,-0.07529564077229334,-0.037933367799939416,1,2.8827971217696438,0.0,0.06805977308314676,122.17617270845508,0.04316758600251225,-0.2147706233540605,0.025265025872418967,0.07528878532551692,0.26115488232527895,-0.0972470793369627,1,1.7376642733202514,0.0,0.0,6.832505071866158,-0.20093882786770667,-0.03302531929537211,0.18926011767125606,-0.005562541316085454,0.021787249190410973,0.059172134324359
0.125,0.5628959360770857,0.04817362711409131,0.9269687424413278,1,0.5174242534986214,0.0,0.20528772166367285,4.54167571792471,0.05638689727239127,-0.05393240407567773,0.02114944052630463,-0.031700003546146494,-0.045274120946354746,-0.029871179962576266,1,2.480698204929173,0.0,0.0,39.08206678108944,0.008279845266210506,-0.2751154768536437,0.1534414433659803,0.009199881155023293,0.13988301796561053,0.13117402773705505,1,2.779116086746953,0.0,0.48664981555452025,29.663530187270478,-0.26917874016000676,-0.06829922555856971,0.23773986203516695,-0.056333558344518524,0.052797733213016285,0.12110780991398112,1,1.2066223256099184,0.0,14.294098123862733,54.66865787542442,0.21855499403602424,-0.0638289448853942,-0.24659712678491275,-0.03524079169625788,-0.08009592395148957,-0.038818555949574535,1,2.903202865767733,0.0,0.05293834521993066,119.20901644128827,0.044539264290549996,-0.2155537814419033,0.0032206262012617337,0.08157695315688651,0.24364751480710645,-0.09602829473841518,1,1.6771812995692212,0.0,0.0,5.3144683831005,-0.19872570654168165,-0.030680686644818045,0.1842283546225738,0.0005922821103953035,0.01011150629940838,0.0652744735863091
0.13,0.5603160722885053,0.05186647698307826,0.9430007693749614,1,0.35653459514111413,0.0,0.15967717473239165,3.5326123808662935,0.05289856989277947,-0.052329429206207034,0.01183870664428932,-0.030824923958620798,-0.043112610860971845,-0.028189918061346436,1,3.4385972668291998,0.0,0.0,35.72678433599651,0.002776984364377011,-0.2796732451970163,0.14377419594892382,0.008750480018106688,0.1488867667125946,0.14088505640915341,1,2.507909942592385,0.0,0.37852662108596097,31.194560578225143,-0.27445676744976,-0.06849106350752676,0.22553662183714995,-0.05746071585009067,0.0540318960671935,0.13363727041765783,1,1.2143655866456222,0.0,14.400482177002628,47.79540178920864,0.222356010719298,-0.0645286224373885,-0.2601615311618808,-0.035677649724781824,-0.08324403734136765,-0.039329006107457126,1,1.3892351650673729,0.0,0.041176575643307796,113.75195850631955,0.04625091205970344,-0.2161223685700353,-0.018076654501455902,0.0871091895553473,0.22571469529358312,-0.09441068818002551,1,2.16993304590605,0.0,0.0,4.133707022227017,-0.19599371685227096,-0.029237232818072556,0.18050456913885227,0.006574044753961117,0.0025061749952346446,0.0719679957316505
0.135,0.5590481249550612,0.05366669380660683,0.9593523355291059,1,0.3015568232186121,0.0,0.12420031711536396,2.747741364315676,0.049203311386267545,-0.050186234367787075,0.0036887274952741578,-0.029598009982294005,-0.040745574556268815,-0.026392154299338277,1,3.1516587730289105,0.0,0.0,32.587900417172335,-0.0032433569700724973,-0.2828338251815268,0.1360164701718407,0.008402497391038655,0.1584720174485561,0.14907964032937243,1,2.624981045565373,0.0,0.2944260909818478,34.133578431579416,-0.2778290704418773,-0.06810267492784638,0.21017586614206318,-0.058123124915194654,0.05433738423471213,0.14276934002939434,1,1.1222256117827385,0.0,14.515177416550799,42.039377571668965,0.22516024313374222,-0.06413905705382444,-0.2708847792329889,-0.03548065058805688,-0.08541065462845432,-0.03973721379542741,0,0.0,0.0,0.03202802004227946,107.31247727922225,0.04841994121876403,-0.21633808043114944,-0.038275669736441476,0.09244976986433706,0.20767257622360447,-0.09207013330282876,1,1.8833526201442066,0.0,0.0,3.2152856153864176,-0.19234804279892348,-0.0281332635199667,0.17700777029341475,0.012881785329380627,-0.003451987928679623,0.07825581405139215
0.14,0.5583722004515662,0.05448455788630553,0.9739293494191285,0,0.0,0.0,0.09660565949647752,2.137251923269286,0.04571379302226575,-0.04809151842217391,-0.002679065221227628,-0.02835771825279043,-0.0385423475488158,-0.024740688225465546,1,3.5687228004006264,0.0,0.0,29.637811821875957,-0.00948715423455071,-0.28389422059067626,0.1289244938537717,0.008135667826382365,0.166933916425402,0.15526927870196724,1,2.637931388825982,0.0,0.22901090233007768,37.53519508413044,-0.2811399455684356,-0.06746680982659792,0.19431716300234236,-0.05857794466780078,0.055234883697932835,0.1490438537110923,1,1.3548981869189998,0.0,14.632950203810287,37.29081360894657,0.22709497674320767,-0.06294028348939978,-0.27883062259706026,-0.03478791204825532,-0.08677142801463789,-0.04004819402686449,1,3.1433847781931505,0.0,0.02491207808814893,100.7735302765725,0.050750120641800844,-0.21645414236025817,-0.057058256190345435,0.09767252637027452,0.18981991843752377,-0.08872366761564132,1,2.1039569294346205,0.0,0.0,2.5009178282163855,-0.18775173937997858,-0.027308068860454893,0.17316578420988482,0.019532157838240957,-0.009160033293243108,0.08379685326294081
0.145,0.558924899166591,0.05625220342587436,0.9855454299919768,1,0.38645412875539437,0.0,0.07514194539520123,1.6624001963357569,0.04252814378095837,-0.04632659215089857,-0.006760396830395532,-0.027378276793555534,-0.03637677000131756,-0.02327067003707095,1,2.6897822814281027,0.0,0.0,26.580471211861784,-0.015751613516080676,-0.28411405892703656,0.12269423043855321,0.006926804009553145,0.17157802057717042,0.15844838408529524,1,2.751823693279798,0.0,0.17812957136760618,41.00827971894948,-0.2848233175560706,-0.06666977048858436,0.1784426267861472,-0.05897434247466159,0.057538919068597094,0.1527648633875554,1,1.270627460562833,0.0,14.748021894349753,33.69723969523327,0.22843535067762838,-0.061753678745233576,-0.28361508169326743,-0.03409571583040294,-0.08768042591911795,-0.040390143952259955,1,3.1972709084548456,0.0,0.019377146443981703,94.92736072048608,0.0526455913307744,-0.21693925286011884,-0.07447451268157312,0.10265472751441573,0.1724335234911365,-0.08439609732372455,1,1.3897041480741503,0.0,0.0,1.9452673048888312,-0.1828680687898414,-0.02671244890590707,0.16959192078406526,0.026668530828456244,-0.01624995593494072,0.08814007841785423
0.15,0.5598483620570224,0.05726746319731888,0.9943020397078851,1,0.4232225625858455,0.0,0.05844701011519185,1.2930503805792872,0.039640481454163046,-0.045118132307061354,-0.008978996544610318,-0.026768225705268822,-0.03442554482337101,-0.02199728195354153,1,2.6722771291017744,0.0,0.0,23.60022702187999,-0.021991049732082102,-0.28327333504019325,0.11793935523665544,0.005408251792166474,0.17530323792945612,0.15952612954029513,1,2.901056098845409,0.0,0.13855298535033875,44.1238574007015,-0.2894588360646422,-0.0657673793602439,0.16322511914865578,-0.059412947004508755,0.061187888397590706,0.1539043073825413,1,0.7611914085143501,0.0,14.856534913627614,31.139072107042683,0.22953291303546342,-0.0598303837114596,-0.2850130246789444,-0.03300563126751799,-0.08791114949036793,-0.04076869813251091,1,3.2638752931849795,0.0,0.01507195838833418,90.79029440282648,0.05402872467072939,-0.21845537551185923,-0.08956523130711425,0.1086946629069942,0.15808028707200106,-0.07918045990243838,0,0.0,0.0,0.0,1.513070459483345,-0.17718754221542898,-0.026248183742308417,0.16541460907707406,0.0340873393273536,-0.023555779626214024,0.09221262416057499
0.155,0.5620581954189097,0.05789375104730044,1.0016148124090822,1,0.48049447630341546,0.0,0.0454613328606142,1.0057622047937653,0.03700876959768962,-0.04435632073574397,-0.009598747130478813,-0.02646859059566531,-0.03258266363140261,-0.0208681986469611,1,2.662718504842472,0.0,0.0,20.724569196482655,-0.028193680839760482,-0.2818378368560275,0.11494447355402837,0.003218236263542451,0.1788921834899797,0.15865966505819287,1,2.8643633427578354,0.0,0.1127663938472648,46.60754643031582,-0.294132778678148,-0.06473165284881133,0.14719562174679068,-0.059981216015305885,0.06536872379332537,0.15222664059387134,1,1.0085981962445614,0.0,14.924825585885703,29.553019444389395,0.23022411117181935,-0.057107928702803956,-0.28375593553672074,-0.03147970364651975,-0.08738917257199152,-0.04110602345657005,1,2.9055642996066426,0.0,0.011723291162421464,90.3051393658773,0.05401863815581476,-0.22091177261303052,-0.10297248799536307,0.11609408683153749,0.14800709403702283,-0.07329471243464197,1,1.3027694203720288,0.0,0.0,1.1768985216620271,-0.17193280962127844,-0.026066828436618117,0.1628078860117783,0.04175214308303067,-0.029502209126915258,0.09683578197480747
0.16,0.5642318211110298,0.05650732170976297,1.0077476508196017,1,0.4441709621793456,0.0,0.035360795725740045,0.7823033253649696,0.03483976935261279,-0.044029232011411734,-0.00901778445908219,-0.026404409231444437,-0.031281259133754125,-0.020030994071959685,1,2.4594892608660195,0.0,0.0,17.992826526174508,-0.03396153037026339,-0.280024607096486,0.11401254091734536,0.0009872884037642193,0.1831103944061956,0.15593292295150726,1,3.038549950701791,0.0,0.30326168861469316,47.971561850271506,-0.29889983922535324,-0.0633684883096216,0.13086893388362708,-0.060422217202518294,0.06972445885317025,0.14782233979088918,1,1.152724609270533,0.0,14.85335405078869,30.122320838433666,0.23004849645619108,-0.05268405484850408,-0.28113901119233375,-0.028866108899316567,-0.0854654022091581,-0.04099270163135177,1,2.117401765376832,0.0,0.009118626268586661,94.42000599484223,0.05227128896299438,-0.22573538590197573,-0.11295132396047425,0.12622068065192588,0.1433129896826979,-0.06745196194752989,1,1.2072564532646899,0.0,0.0,0.915416807994004,-0.16568232455562049,-0.02539404811003787,0.15893264097423665,0.04965272435336246,-0.036052373637701196,0.10136762450732617
0.165,0.5677305659868008,0.05233118961105777,1.0089478889884291,1,0.6284310849579312,0.0,0.027504382200830662,0.6084922359978536,0.033161150130395,-0.04503630696904137,-0.006115193304992328,-0.027274141427436893,-0.03015348260887829,-0.019498989399502897,1,2.3929440505984005,0.0,0.0,15.586801679067724,-0.039685699199728086,-0.2781191905047844,0.11334549229080615,-0.002835004882331682,0.18408795318567406,0.14993950039063794,1,3.0582886016711837,0.0,0.5973168505470623,48.17904773109697,-0.30441873627343075,-0.061869047326653104,0.11559249872950716,-0.060785456026106334,0.07379754763895363,0.1407975378465057,1,1.1127255038586572,0.0,14.46326613296449,34.65420548598824,0.2304301108501332,-0.04743848078660179,-0.2762046648548857,-0.02553957562954573,-0.08457392151262799,-0.041260683771315226,1,2.1623830130600883,0.0,0.007092662280084849,103.67032519329767,0.04685031584324939,-0.23229426314654456,-0.121509166918647,0.13798585992421558,0.1411940483823928,-0.06239689765819251,1,1.2156698176201832,0.0,0.01216498176172579,0.7120307460107239,-0.16029495825992024,-0.02511411548467135,0.1562045843943871,0.05704425643833007,-0.04299086940292862,0.1058547999743221
0.17,0.5715245373643857,0.04801959317760248,1.0085096516235663,1,0.6648751289019988,0.0,0.021393495952883805,0.473298258187677,0.03172797805660604,-0.04684025007133458,-0.0017742270785263692,-0.02872726465401465,-0.029017114014325163,-0.019112839441770557,1,2.1900328249844088,0.0,0.0,13.502724694504249,-0.04491221065391704,-0.27647335389681915,0.1142279613745858,-0.007235307412955638,0.18567863686183794,0.14184105871051939,1,3.122679632024239,0.0,1.40698332535007,47.84376398367738,-0.31045290272749515,-0.06045260189058421,0.10165230697428762,-0.06122434278004967,0.07808801076917504,0.13153907636799275,1,1.315407140567346,0.0,13.521955513893495,45.44125017897246,0.22886009573673072,-0.04158120839059459,-0.26869105071663,-0.021808461186902606,-0.08235813392108082,-0.041041941062718884,1,2.120131786337844,0.0,0.005516824216454648,117.32608124272946,0.037014768460744696,-0.24035156279391257,-0.12883436423503625,0.1513847745475035,0.14201467503961296,-0.05820355718776732,1,1.2539655808549157,0.0,0.43092785227356,0.5538327227960499,-0.15557566518373322,-0.025138415771430278,0.15435866628230932,0.06378325002705422,-0.04939458131409902,0.11077713982795181
0.175,0.5755095323151735,0.04414918081681955,1.0072090599032848,1,0.8106044343484579,0.0,0.030158521017722033,0.3681414945847873,0.030244979040466913,-0.04851579242136056,0.002819449421016529,-0.030137509288094944,-0.02764984266894266,-0.018650895244667176,1,2.119297146919966,0.0,0.0,11.723356273360958,-0.04957422117584298,-0.27527815522365673,0.1163297391208431,-0.012273343969700978,0.18813799436132927,0.1316072392472202,1,3.2151654408075583,0.0,3.1523027070343335,47.664363330246445,-0.31696923903382856,-0.05928745777118927,0.08955338831023973,-0.061853686353921154,0.08259639671705221,0.11993651678045292,1,1.4531896267088096,0.0,11.773252836322254,64.24137763562554,0.22393270363556728,-0.035524865864560884,-0.25926028536368184,-0.01734365076233646,-0.07958237985950745,-0.040512062148177486,1,2.1576558911624923,0.0,0.0042911037116088865,134.7390006270824,0.02260717542249635,-0.2494940876312206,-0.13590831982576645,0.16569615285558287,0.1448525625473538,-0.05508718663496187,1,1.1974449063619244,0.0,1.5168074550639727,0.4307829213249543,-0.1514047195461612,-0.025613754639524977,0.15301042935905707,0.06961306788413822,-0.05561152782236989,0.11591121834733883
0.18,0.5796855865711552,0.04288581520286982,1.009312046183794,0,0.0,0.0,0.09484443846856684,0.2863483177691728,0.02853695227543851,-0.04911785414772457,0.006448172862279833,-0.030769060687209526,-0.02603680699906774,-0.017969146498071187,0,0.0,0.0,0.0,10.251068491776266,-0.0532470918949588,-0.2746044824557963,0.12166720982799406,-0.01665718086637033,0.19886977722006915,0.12170620126193524,1,2.868594596077214,0.0,5.886692388099575,47.368956991896134,-0.3227831912581811,-0.05877530134869957,0.07774819005210731,-0.06332517864402674,0.08765349369397613,0.10606866007258169,1,1.3064283872756073,0.0,9.28086077865382,91.2538475895127,0.21310971450025207,-0.030945238233943073,-0.250182456314036,-0.012396975655765308,-0.07742759761730333,-0.040213644675275856,1,2.5399136207248127,0.0,0.0033377121222863478,156.26009061343942,0.00443141778493894,-0.2587917421480028,-0.14134023935141116,0.18155924746340346,0.15875257036423385,-0.050884098282452384,1,1.3086536575628855,0.0,3.537261784037754,0.3350721574709117,-0.14723169459744678,-0.02607949306734958,0.15222336976045292,0.0750159607740984,-0.06001943499080342,0.1219687256021631
0.185,0.5844204825141787,0.04373298263467701,1.0147405034751082,1,0.6301806737257671,0.0,0.8744638751518742,0.28074110662089236,0.026655573586591097,-0.0487483213388295,0.008933839465719906,-0.030341172909474634,-0.024325991545482983,-0.017127145949861533,1,2.4574935756738503,0.0,0.0,10.558032111947373,-0.056064218691337375,-0.275675746618935,0.1296081960242601,-0.021437431462522805,0.21334883193551368,0.11048478688875243,1,3.0097227844278938,0.0,8.415457613841433,47.147938269711105,-0.32754358840082576,-0.05864371436651583,0.0661959586084413,-0.06538438482286865,0.09184465084202809,0.0891926013949491,1,1.2703886120536796,0.0,7.218851747246742,125.84691570029834,0.19495394192267257,-0.027371287411184053,-0.2410297236424821,-0.0061358828767458795,-0.07506228692685268,-0.041255817660552835,0,0.0,0.0,0.002596143780239779,183.58339510233307,-0.016580669812842785,-0.26963332502756354,-0.14622776299651008,0.1970830299024457,0.17555926906418806,-0.04794695049619013,1,1.09927964313063,0.0,7.818154694663384,0.2606262810208295,-0.14220062359941776,-0.026677076415221324,0.15025038962923554,0.07938112773927385,-0.06403921008308067,0.12812751298345115
0.19,0.589352558283892,0.04631216239815437,1.0212089009199394,1,0.4066009018391086,0.0,6.0401520970666605,0.9115591753518881,0.02479722918110816,-0.047351494408024386,0.01032255133310045,-0.02814592330871457,-0.022130966255819784,-0.015952400475978457,1,2.786177244274003,0.0,0.0,12.428178837971664,-0.05824426964985974,-0.2774883192309294,0.13802230335797105,-0.026575384987359618,0.23064564356270933,0.09853429240407457,1,3.0142630866293625,0.0,9.266722122516532,47.602714376393415,-0.3324837927656974,-0.05901931473512512,0.05691991668583851,-0.06811713994514773,0.09543380841221039,0.06952835630475453,1,1.3256651243895679,0.0,5.614977079344366,166.60161145185276,0.16915960821608883,-0.025232329612899673,-0.22980333867247404,0.0011083373212210645,-0.07088643721070587,-0.04471700506027759,1,2.5490635763984564,0.0,0.002019336084341744,214.98799540823916,-0.03993812230049887,-0.2812014619668981,-0.1520917607680352,0.21113165696405423,0.1945571644927382,-0.04649576134528344,1,1.0158128785488154,0.0,15.442069572484376,0.20272068819876568,-0.13733827195208903,-0.028053706547246815,0.1489641467492977,0.08212865352866063,-0.06838998671628405,0.13383605591406444
0.195,0.5941916618877926,0.05043849600428396,1.0289119318991902,0,0.0,0.0,23.46347341671284,2.1291315207254193,0.0243938151672094,-0.04462301821285536,0.01010941033117474,-0.02310820803039515,-0.01964214847461654,-0.01423747461276878,1,3.1973443677857176,0.0,0.030376205460020768,15.111167010192688,-0.05984528932966526,-0.2808998258959432,0.14704075049054977,-0.032284619343773635,0.250330936293913,0.08660678060366295,1,3.1012701230094546,0.0,7.961912149049534,50.63190383640335,-0.33782487113894666,-0.060005188422730726,0.049804723968471576,-0.07174142923245264,0.09821420672779313,0.04731688665190583,1,1.4281213438296338,0.0,4.367449104850685,211.31119233571764,0.13588768501338028,-0.02499771275075624,-0.21605917450790413,0.008890538829627592,-0.0626974730776726,-0.05098612088475979,1,3.028392107676391,0.0,0.0015706827382064455,248.2610726565845,-0.06485358338967484,-0.29261503975893755,-0.16016179119154472,0.22334420248801717,0.21563281083792063,-0.04610855060934649,1,1.0187977327977786,0.0,27.045365485448468,0.15768048127309447,-0.13228095741372492,-0.03001425745928532,0.14902747897707358,0.08329461910322368,-0.07300002842760311,0.13908908997121489
0.2,0.5985151795509001,0.05566731745087554,1.0379279596483046,0,0.0,0.0,58.78224547278193,3.4876244460442383,0.027427218857915603,-0.03929494354149804,0.007630685825217309,-0.013741758204029952,-0.016487440223582617,-0.010974282599288843,1,3.562117959505415,0.0,0.4115478402672238,18.57600733121892,-0.06101736390406032,-0.286507899665265,0.15682855530758744,-0.03871202800746504,0.27212077165436277,0.0761498754064534,1,3.1984369558337518,0.0,6.192945331190292,55.663983843572595,-0.34384029730069754,-0.06176008802553046,0.04420906178564121,-0.07653676692428604,0.10059555467280479,0.02313685308342417,1,1.4313398948175062,0.0,3.3970951998415457,258.10749095320944,0.09614431762413822,-0.027571901856339454,-0.19937815878080256,0.016206803075037773,-0.04834335096423037,-0.05993689304320049,1,3.6394884376401326,0.0,0.0012217105826165119,281.4054346435928,-0.09010193435184144,-0.30319000729543366,-0.17113264837424014,0.23412497698525125,0.23744319103738176,-0.04685396607733683,1,0.9022061875940008,0.0,43.25792461834825,0.12264724629455001,-0.1264455496060597,-0.0319780013638421,0.15161199938756664,0.08337454205232302,-0.0767407540887961,0.14442667598828787
0.205,0.6025833234515158,0.06183516395509438,1.048418560213285,0,0.0,0.0,108.7715709236312,4.332508130760949,0.03684773336560132,-0.03302638939505104,0.007248111068934637,-0.0010780263188723271,-0.01218453933797159,-0.0058040000900596855,1,2.7496731417288247,0.0,1.3391388573336378,24.318508504443965,-0.061967038827359655,-0.2941270219634451,0.16702924174741973,-0.04572346049605924,0.2959152484613594,0.06897717457117813,1,3.059218503514577,0.0,4.817005156191031,62.06001502119552,-0.3500977124195641,-0.06423924041013329,0.03833504091018325,-0.08259204165973852,0.1028812299299966,-0.0028421767728649544,1,1.543939996504493,0.0,2.6423332063490674,305.4581530948601,0.051487520734786185,-0.03392180109482534,-0.18108096727497092,0.02205144467972789,-0.02724286723806557,-0.071075013413815,1,2.865844564336239,0.0,0.0009502725861630992,313.6159448799291,-0.11468510992419612,-0.31330007137277693,-0.18435344919212104,0.24350439717835332,0.25860207803099433,-0.048833211210581595,1,0.8700766826856224,0.0,61.81252134034724,0.09539764783938887,-0.11964200079569043,-0.03350213209134334,0.1586148846879516,0.08288863848063245,-0.07840538448704604,0.1504584205323741
0.21,0.6038337703245737,0.06927372837250087,1.062409607006024,0,0.0,0.0,165.31577639067098,4.2699970227551844,0.05449223668928699,-0.027751241192699783,0.01373876949838948,0.013101095055597284,-0.004972642724522913,0.0011897370799098528,1,2.7946875809157588,0.0,2.8930477675784148,33.618429321556576,-0.06268180316743699,-0.3031691202650424,0.17663649903777,-0.052419711839298666,0.32048008712190645,0.06629704162363881,1,3.007739596604206,0.0,3.7467694988212075,69.23051980780842,-0.35686045093787166,-0.06705552638655243,0.03216719027472292,-0.08948419487623605,0.10716560430910382,-0.030186301981523528,1,1.5996379866119521,0.0,2.055263206547938,351.7438399155302,0.0041736786568258855,-0.04313511349685345,-0.16214062394275075,0.02652596888159406,0.0004777108026903232,-0.08379462029745952,1,2.829035598889548,0.0,0.0007391423147691249,346.3287290765765,-0.137414583201096,-0.3254980002695411,-0.19695309537761707,0.2513858555003387,0.2762855492251082,-0.05325465895567977,1,0.7010183837793932,0.0,80.296236748925,0.07420232812591451,-0.11237019514127589,-0.03445719649076062,0.17182886363334515,0.08209265001334377,-0.07855675954144559,0.1568850313920975
0.215,0.6003922177042336,0.07748544378053866,1.0809230128320289,0,0.0,0.0,216.40063157346225,4.704432696392029,0.07955942413553752,-0.023314912530578547,0.02801912569953524,0.027859997655466318,0.008428109428257669,0.009977817725267069,1,3.177366259276956,0.0,4.939360864398693,48.35363161391671,-0.06316419594286127,-0.30970414257042056,0.1814357834705591,-0.05676151617551395,0.34796817482614184,0.07053208574768521,1,3.051503058049774,0.0,2.9143173449283717,77.19877466401114,-0.3642936724940893,-0.06982409866507455,0.025782138519852893,-0.09677004405242715,0.11523796520027219,-0.05863706790563146,1,1.5829098410712104,0.0,1.5986276212401662,395.74518004382475,-0.04291666040659359,-0.05369735020138816,-0.14244137940596913,0.030282466590070556,0.03335899678008847,-0.09776080465918477,1,3.30519155495632,0.0,0.0005749206800631526,382.39728069480236,-0.15899418128204723,-0.3356230309790207,-0.21218260264878852,0.25786934246939913,0.29086664840617127,-0.058348247719203106,1,0.6691151292088243,0.0,96.86997897426097,0.05771615573348038,-0.1047349363270289,-0.0344557559658103,0.19155565324042656,0.08138040275158663,-0.07733834819339958,0.163650203996908
0.22,0.591374593437193,0.08695809990570891,1.1032090247419049,0,0.0,0.0,248.88316992229642,8.30700095685454,0.10998347790721336,-0.019598900493516702,0.048898850541108096,0.04201775709974512,0.03075024607296384,0.01997371997139477,1,3.782661556743444,0.0,6.980612308673044,67.39908636664082,-0.06345796382569668,-0.31468332649086617,0.18018940638732905,-0.059249809297589245,0.37553240603806737,0.08060049224366095,1,3.101382666280375,0.0,2.2668182789526976,84.76868849754777,-0.3725698652462355,-0.07215623301974905,0.019650317331344036,-0.10404720020802549,0.12884468763943469,-0.08765172854460894,1,1.3394088353700588,0.0,1.24344670952605,436.0678382297413,-0.08918494598165572,-0.06554307502231377,-0.12346860533012682,0.03294019880489696,0.07008747863292752,-0.11178237809686312,1,3.631681094590636,0.0,0.0004471855849134034,423.36161807997735,-0.1789787611174034,-0.3448948173093971,-0.22843052959265187,0.2631317939450109,0.29987271353055744,-0.06469994916321048,0,0.0,0.0,110.58824214845468,0.04489285871190857,-0.09704999250379354,-0.03308600050466226,0.21734750170835127,0.0810848584474138,-0.07535677955413478,0.17048122449878678
0.225,0.5759941814593417,0.09646834807182496,1.1293398991133243,0,0.0,0.0,265.6236833172981,16.38725234366024,0.14306640219492067,-0.01649602733968064,0.07267187172448697,0.05467497051361886,0.06343113631104513,0.03048067613285449,1,3.777710007263596,0.0,7.907064358746412,88.97680834391869,-0.06336345981747216,-0.3183850198995277,0.17234864368408687,-0.0595522635196665,0.403548680337503,0.09576490507035113,1,3.2070758110649527,0.0,1.7631796752458222,90.781774337365,-0.381392948572985,-0.07379107860713552,0.013625714565247415,-0.11104778592541126,0.14826046980798524,-0.11677757054031364,0,0.0,0.0,0.9671794099439482,471.38414937323085,-0.13249055276316313,-0.07763618576033421,-0.10494400894848877,0.035105038555220736,0.1074043189483529,-0.12556385253200017,1,3.8892263805335063,0.0,0.0003478304995610461,469.1028251211981,-0.1972349823661923,-0.3531266562323572,-0.24501989069860475,0.26783413141306217,0.3035017727419387,-0.07190683937161335,1,0.5695276988942206,0.0,121.35480493898777,0.03491862439061055,-0.0897509515303061,-0.030566668759400062,0.24779313632765132,0.08072061422009093,-0.07317785063743742,0.17737581406092356
0.23,0.5542075777428568,0.10552265176548445,1.1586069830970496,0,0.0,0.0,278.25482035224513,31.80559810553791,0.1766373341853114,-0.013914725123613969,0.0946606559692853,0.06533528546633874,0.10622633016561234,0.04083058499579187,1,3.128698414276451,0.0,7.429912999465389,111.56811882094274,-0.06329554124458747,-0.3206773634484197,0.15753541519411707,-0.05743152820475392,0.4310398354342131,0.11429517920782903,1,3.1666126056975226,0.0,1.3714388118646512,94.45849268576768,-0.3906133819374644,-0.07446641017729938,0.008136603995283043,-0.11747317309465627,0.1732245201153897,-0.14545170072550323,0,0.0,0.0,0.7522928034254663,500.86090744478787,-0.17315401364831595,-0.08984699366919341,-0.08822072738042319,0.03657947828828087,0.14367751071267376,-0.13806628471321405,1,3.747846562689695,0.0,0.0002705499920090573,517.9690078828544,-0.21393832279192448,-0.36007206250039037,-0.26140831551639687,0.2722082594443706,0.30205915106375825,-0.07958014342767467,0,0.0,0.0,129.48293188259356,0.027160451891852903,-0.08297775000251839,-0.026206819672999537,0.28166015864567684,0.08088371458980033,-0.07131329953275056,0.18471874441730246
0.235,0.5267005484521287,0.11331748533599481,1.1901122862249702,0,0.0,0.0,288.12133900633506,55.075623690016236,0.2091899519263402,-0.011728129118146802,0.11022689463501312,0.07380710508847096,0.15757396994031203,0.050455053279387915,1,1.676237038346009,0.0,6.354439020727145,134.17174980162375,-0.06380340286407593,-0.32195462355013227,0.13686216090820835,-0.05297741689313498,0.4572278981386031,0.13434977451649086,1,3.0346286030836174,0.0,1.0667344009773136,96.28840646772554,-0.3996811338437194,-0.07417532286786199,0.0029180663123296036,-0.12326346460166183,0.20244454733738615,-0.1732468550661428,1,0.9724369901511567,0.0,0.5851494110265913,523.9043778479768,-0.21092767753481279,-0.10177419630415169,-0.07376827141661302,0.03751481887802144,0.1771277852586428,-0.14884928362624064,1,3.1335582131445765,0.0,0.0002104395625699133,566.7134592793068,-0.22907683822458091,-0.36568278355364203,-0.2767370040021442,0.27658557131593137,0.2959764559067253,-0.08747124141980861,1,0.6186660134925244,0.0,134.8448990144245,0.02112597961241615,-0.0766820854109116,-0.019887496923743142,0.317120842229629,0.08143594400029118,-0.0697411908602823,0.19297142445140053
0.24,0.4962521482982413,0.11968979562273659,1.2234809823263442,0,0.0,0.0,293.989012566867,83.68012807505445,0.23988426653792877,-0.009940426839645022,0.11556848194100766,0.08003114067653153,0.21502812125022652,0.05879738344175013,0,0.0,0.0,5.7218787182607445,155.97701593174915,-0.06466343506989936,-0.32173538299685656,0.10992380060729623,-0.04780812511066734,0.48148178219185533,0.15498539545305556,1,3.1178957406432453,0.0,0.8297288018860087,96.68406936710005,-0.4087994297852404,-0.07299970651517163,-0.0008795484343355753,-0.12857503163535836,0.23737712661205457,-0.19875156845291136,1,1.2999244301320196,0.0,0.4551417103363134,540.0917455719326,-0.24579033814376816,-0.11383119301833894,-0.06156833164361197,0.037527256974510925,0.20630974880313246,-0.15791591072293668,0,0.0,0.0,0.0001636843866294918,612.0671530226209,-0.24297870855234516,-0.3697879994748192,-0.29047944869677966,0.28065066320161797,0.28617126761444567,-0.09528915004946004,0,0.0,0.0,137.11633536840154,0.016432238180768194,-0.07108883910580133,-0.012340005890415506,0.3525757017689839,0.08150760949419343,-0.0683964229118621,0.20230752247332037
0.245,0.45949718213445717,0.1267249015972253,1.2559936568463828,0,0.0,0.0,295.12849406961163,112.13084726567732,0.26818549416736037,-0.008428632754006848,0.10791678659073112,0.08415289945585261,0.2760718124209742,0.06539844603210743,1,2.764800655746473,0.0,6.272889256119494,176.05833853386838,-0.06498900719761447,-0.31988924506889105,0.07879355200828897,-0.040488436456016685,0.5039588819435696,0.17532160227636145,1,3.2933150171532524,0.0,0.6453807846156004,95.70009370112354,-0.41748488098878633,-0.070600323263738,-0.003624605274545223,-0.13275813735059508,0.2725835354980002,-0.2228944432437156,1,1.0496839159009639,0.0,0.354018943853044,549.4033554983959,-0.27839054848890377,-0.12598090059951955,-0.052310036815118366,0.0365027531226145,0.23111442653227776,-0.16494837194458076,1,3.110071094810812,0.0,0.00012731721212056685,650.5884328436879,-0.2553085123570862,-0.3709351738562612,-0.303529175963662,0.2852632388705691,0.2723183579120203,-0.10275580662779799,1,0.6231974455759676,0.0,136.44910051837107,0.01278134583973568,-0.06637783241092388,-0.003123115304395574,0.3875596616579082,0.08173528453045088,-0.06778418287843468,0.21216771702798376
0.25,0.4201718420271244,0.13419138864011176,1.2877058749997161,0,0.0,0.0,290.37615191504665,135.3869130250025,0.2938557919906858,-0.007170936611005263,0.08650496515176487,0.08634387641052327,0.33838862297981676,0.07000413115424987,1,2.6716514080586187,0.0,8.338599415764097,194.156660730564,-0.0654994238701756,-0.3159925610403038,0.04364677226544078,-0.03302414213290106,0.5239344882952124,0.1948973325016765,1,4.419766827112707,0.0,0.5019909592197943,95.26406921816121,-0.42687022269669406,-0.06734750437601988,-0.002796623292411704,-0.13642518559259748,0.31255943736850655,-0.24370269694398017,1,1.1283441016152707,0.0,0.27536349616082506,552.4068712750083,-0.3084549031334358,-0.13754985868298425,-0.04575267213555145,0.03498893784349125,0.2510996629570148,-0.17032877875581812,1,3.113028554736502,0.0,9.903004700652883e-05,679.9687370388659,-0.26702062017029626,-0.3687009716853207,-0.3162785926223486,0.2890629528838337,0.2563927457172208,-0.1090139904505919,1,0.6958750873900487,0.0,133.5306940737935,0.009941603796013833,-0.0628391070369334,0.007017837138992844,0.4214000439038623,0.0815692528917513,-0.0672381060958187,0.22213648095849386
0.255,0.38952732692860226,0.13939386934403314,1.3197686034580398,0,0.0,0.0,277.8994993652525,151.1791758633448,0.3169228522185378,-0.0060640708113864905,0.052616078237551545,0.08689514691489181,0.4000290512041127,0.07259374020110873,1,2.781746143341528,0.0,11.928600657184562,209.99462051766847,-0.06756882523081442,-0.31077586223915055,0.005742932797873301,-0.02818633119185543,0.5407673427038135,0.21310245103770972,1,4.663778548991835,0.0,0.390459290306422,95.34928311349476,-0.43439104707633813,-0.06395556511755085,-0.0018198762516321576,-0.14021722474876003,0.35895252727258686,-0.2595977052968067,1,0.6329504832666203,0.0,0.2141836089127147,549.9927740805355,-0.33697709278196375,-0.14857502143725637,-0.04266821707383883,0.0328372688672188,0.2671259269725601,-0.17381263674594524,1,3.4690014521214456,0.0,7.702768578397965e-05,699.1419789299879,-0.2789062252995722,-0.3645261214691067,-0.3276025840472325,0.29038221919642987,0.2399041076323054,-0.1142684456562828,1,0.613336157414536,0.0,129.32767045099865,0.0077327917792231965,-0.05915677339812575,0.0173020593688894,0.45102375935397876,0.07997274274233344,-0.06345761060200239,0.23293329753509057
0.26,0.3635763032280776,0.14723834138588698,1.3491142197472896,0,0.0,0.0,256.4420539015864,161.11713412187095,0.3373358263305425,-0.005118795764270601,0.008995698778063943,0.08601808975610253,0.45955644368131887,0.07334011561764016,1,3.3100121345716307,0.0,16.89798960910154,222.89789127439656,-0.06858830539384786,-0.3050453563743192,-0.03171692675886506,-0.023148556590710107,0.555472278899249,0.23007259352418036,1,4.828799405092097,0.0,0.30370757597616727,95.53788489187701,-0.4392659675563122,-0.05987933669559142,-0.0021198335671361868,-0.14305011772324036,0.4029534513201285,-0.27325756999228284,1,0.7848128556528969,0.0,0.16659658584550294,543.0993348972369,-0.3623953353571998,-0.15904822649168954,-0.04076741461427158,0.030389138875074134,0.2779272994419584,-0.17677200962446585,1,3.6931774585693566,0.0,5.9913779267865386e-05,708.4071888117885,-0.29011818667397105,-0.3582646789111774,-0.3378492472810888,0.29048801678411934,0.2214440325343383,-0.11877407233230336,1,0.5880264816120924,0.0,125.09157269306432,0.006014730613665934,-0.05561569889673246,0.027934589535699716,0.47686968344056146,0.07757345073372303,-0.056321770827741036,0.2437772673783712
0.265,0.33976904983451883,0.15700716491869923,1.3762168127967518,0,0.0,0.0,226.90527453041557,168.80326925954634,0.3551718689068055,-0.004314062416570119,-0.04088710611686652,0.08396929633738151,0.5159127867673283,0.07249231643733017,1,3.3385171577676545,0.0,23.032907164277958,232.53621490440878,-0.06793852054982952,-0.29857222876375245,-0.06835097784781707,-0.018059060217061412,0.5673833921812128,0.2458144277748783,1,3.870952888117565,0.0,0.23623023960560208,95.49701143117541,-0.4428044563163467,-0.055136766635656365,-0.0016589470129524386,-0.1449870589409985,0.44535522777924763,-0.2847982706501022,1,0.8101280795747158,0.0,0.12958238287360568,532.5700657871707,-0.3864182382664131,-0.1691430934417067,-0.04139145598620164,0.02731123560932669,0.28527816523792193,-0.1787073377854175,1,3.7326075488911328,0.0,4.6602217236871455e-05,710.9446861145392,-0.3003885262986339,-0.34986599426525355,-0.34729464158712053,0.2899077357599062,0.20144131783315378,-0.12240225496238416,1,0.6579634411899512,0.0,122.41481091367841,0.004678385942341301,-0.05244609883775242,0.03900817434188697,0.4993817003313292,0.07484374923856117,-0.04563703832276911,0.2539630014519359
0.27,0.3179663666393784,0.16861249442117363,1.4012887886543457,0,0.0,0.0,194.95942945146805,176.0716179584922,0.37051595846529706,-0.003593404553385471,-0.09390783328648089,0.08102412971672543,0.5683751098320498,0.07033806684335507,1,2.639515128157668,0.0,30.11381181443224,240.40404493213532,-0.0651893616453949,-0.29148886670819607,-0.10362249811508573,-0.013109546893919272,0.5760300853090188,0.2604113511479475,0,0.0,0.0,0.18374492610121557,94.95385211382442,-0.445747343881564,-0.04980888878615275,0.0005153895044325285,-0.14605268232437152,0.4856189666035755,-0.2948244771062879,1,0.5457941985580336,0.0,0.1007919452009287,518.9103842564882,-0.40868089156980236,-0.17813382571107877,-0.04396551082280897,0.024291305594732554,0.2895554898046828,-0.1801207341105889,1,3.455252997505841,0.0,3.62481999621977e-05,708.641909525784,-0.3097968339711439,-0.3398415725206976,-0.3557973502662759,0.2885517705250719,0.18077047114352318,-0.12513398532353232,1,0.6880115078783557,0.0,122.14565147039391,0.0036389485134657685,-0.05004563668764428,0.050035714766303974,0.519174370135407,0.07166318811147292,-0.03067497739885061,0.262815054663905
0.275,0.29845052107758785,0.18224007369124268,1.4244806436884736,0,0.0,0.0,165.1313777187592,184.88833373196786,0.3834420683806706,-0.0029947478389246163,-0.14766394207903577,0.07736772560462302,0.6164424807146207,0.06715639002627712,1,2.0184883719400677,0.0,37.922811666023165,248.04901954192923,-0.05999981906927809,-0.2841882428261724,-0.13709560846259983,-0.008337004056441888,0.5812062173007511,0.2740349215612581,1,3.988846562459505,0.0,0.14292072820274326,93.73249174567148,-0.4470633589383928,-0.04412633450300907,0.00317395229521078,-0.14611337308967953,0.5240797129589043,-0.3032314594637812,1,0.4283289426466869,0.0,0.07839812783267064,502.278305978292,-0.4295865055245863,-0.18630447235006692,-0.04832332386548899,0.021157025295833354,0.2914945088528522,-0.1813086932804495,1,2.2453011352959016,0.0,2.819462417036871e-05,703.3431667441562,-0.3182064755173093,-0.3288528280100904,-0.3630853533527927,0.2866458151333397,0.15973130473778707,-0.12715041897148605,0,0.0,0.0,124.58289481365877,0.0028304518795274486,-0.048486559206292856,0.060756152163960575,0.5366608777112278,0.06806864444518919,-0.010700557182155679,0.2700212394466077
0.28,0.2812249323886481,0.19798538380527278,1.446130549430418,0,0.0,0.0,137.50680947227667,197.21002543907383,0.3939701156423583,-0.002495328882065717,-0.2006375534645688,0.07319248820811511,0.6598385489055627,0.0632364503894607,0,0.0,0.0,46.2274995176236,256.5071563407055,-0.052276329898876206,-0.27682010009085833,-0.16900037456036898,-0.003785435400075199,0.5826987614745516,0.2868720471445263,1,4.6896180283359685,0.0,0.11116679509697373,91.76200901477337,-0.4456460477277866,-0.03831216953387617,0.0050934131733317844,-0.14470987727306295,0.5606659049271179,-0.30965315317024633,1,0.5410574996687729,0.0,0.060979738365155946,483.74135396494177,-0.4488382198358206,-0.193376775698274,-0.05383660867067741,0.018260739196932663,0.2914411609102987,-0.1826941730778858,1,2.8257246467025157,0.0,2.1930380899944227e-05,696.851712165833,-0.3253905266737189,-0.3175640143792069,-0.36890901486816396,0.28453027470604125,0.13819077699976168,-0.12888342282649984,1,0.7940974147429858,0.0,129.18439725989086,0.00220158592864791,-0.04767415439252565,0.07103148200717346,0.5522165980101577,0.06420307458453174,0.014290063028702615,0.2754074748333749
0.285,0.26622025967605123,0.21516240342346654,1.4662231213551116,0,0.0,0.0,112.3255042554551,214.62458234763972,0.40219331638183164,-0.0020102016225596042,-0.25192835136288627,0.06874520114302843,0.6984388762357547,0.05883889271175234,1,2.6690210346689693,0.0,54.72510102866585,266.96185579902965,-0.042206024033019984,-0.2689363694199711,-0.20028601892955944,0.0004528070713530896,0.5808122567568046,0.29925557533171226,1,5.34317543172655,0.0,0.3080924570551559,89.01190913430571,-0.4422175773339738,-0.032547834443256596,0.006863406332651589,-0.1420859531788311,0.5948093711076066,-0.3146463450815722,1,0.3820950800180003,0.0,0.04743134299098991,463.2648866306427,-0.4670100286416189,-0.19956641677598702,-0.06101406869259973,0.015461306554535703,0.29037001660398953,-0.18408851897686243,1,3.0353743131674666,0.0,1.7057918683735712e-05,690.4463917255445,-0.3324659788294413,-0.30449883752614615,-0.3752156666477675,0.28127908195207746,0.11750155766452064,-0.12943861746808905,1,0.889792009744871,0.0,134.73500952644812,0.0017124405598549506,-0.04721223461498081,0.08100512453071729,0.5657971793150558,0.06031581550043087,0.04531098985562587,0.2793639938706183
0.29,0.25321853620425794,0.23398600369400527,1.4850501502866595,0,0.0,0.0,90.02339620030102,240.96660280857324,0.4081585401892381,-0.0016485171149829836,-0.30099164246330457,0.06406757140720937,0.7322146016442164,0.05416916343291368,1,3.434329545098165,0.0,63.09746945969785,279.0845454442737,-0.03007235357983329,-0.2599609801108391,-0.23216718562089245,0.0042948110407777795,0.5752008799411992,0.3113101532254016,1,3.7557201885284766,0.0,1.3509152853032855,85.41972046960728,-0.4365744303199035,-0.026969760545007992,0.008243607047151658,-0.13805084183956245,0.6261019343633283,-0.31828528412104773,0,0.0,0.0,0.03689311168337896,440.27347643441095,-0.48338144109655035,-0.20444110194153514,-0.0693629943213736,0.01325214307915254,0.2881932716128446,-0.1859436794485458,1,3.3743918793627703,0.0,1.326801349910342e-05,685.6104082874288,-0.33913379447525394,-0.2907521308460943,-0.381351227189608,0.27719917393803156,0.09691453994765031,-0.1294543287494509,0,0.0,0.0,140.24736244191,0.0013319728441566136,-0.04740272741448548,0.0903773498485918,0.5783695384054932,0.05639193987051418,0.08263927568990437,0.28160705513893225
0.295,0.24184552094689568,0.25400738288965274,1.5029181105942362,0,0.0,0.0,71.09389603334188,278.18712625961376,0.41186968762967857,-0.0013179798195864234,-0.3480112039405223,0.059373276778362266,0.7612959880515733,0.0494322058512027,1,1.8013708117218137,0.0,71.04567560961453,292.39218894548327,-0.016041528635248437,-0.2511962304607078,-0.26368268489377256,0.007737869311510048,0.5659720858367785,0.3228449684008216,1,4.939238875117508,0.0,2.8991526972308104,80.81164824382263,-0.43169542959018425,-0.021573600728510334,0.012634767821323,-0.13334450620949867,0.6549670716653302,-0.32155113358622656,0,0.0,0.0,0.028696250282030364,414.66203689783777,-0.49835750558393876,-0.20844937399403457,-0.0793397084438987,0.011319787108862056,0.28548778982252787,-0.18809586266661224,1,2.196261375102653,0.0,1.032014429639885e-05,682.7110690611255,-0.345751458591248,-0.2768251168358242,-0.3872635730524503,0.2719017815706291,0.07651316608585135,-0.1290170135011866,1,0.9243298268024018,0.0,145.3685665984078,0.0010360369283246454,-0.04822876787534591,0.09897862324758289,0.5901879289001488,0.05235494939629462,0.1261766312062571,0.28220113106774825
0.3,0.23168419409752436,0.2759172140281032,1.5199958814150283,0,0.0,0.0,55.783443600974294,327.43035579097096,0.4132334527321547,-0.0010194419676367583,-0.3933667601336026,0.054707698971149604,0.7858334731911769,0.04478704034904421,1,3.079346537950141,0.0,78.29611792739207,306.3038796275411,-9.37484068617156e-05,-0.24313788802030234,-0.2943898333103028,0.011086246261249821,0.5534498365412825,0.3336885018012053,1,2.2670579572422134,0.0,4.512417640834944,74.92740327389772,-0.42285114616000197,-0.01678101476641869,0.014683642342061098,-0.12710479024130167,0.6810245458452417,-0.32284702117512687,0,0.0,0.0,0.022320556404027008,386.7132476703281,-0.511885125778919,-0.2115679319126173,-0.09098488897977886,0.009752191433570534,0.2824561926746809,-0.19059491211059112,1,2.091088104564214,0.0,8.027228665820304e-06,681.2495465496153,-0.3516755029474261,-0.2633098350888299,-0.3921965334354698,0.2664805690032174,0.0571015604317513,-0.1283956413506973,1,0.8273517682847714,0.0,150.3304055518167,0.0008058516519771919,-0.04947813577185167,0.10690267235826201,0.601357918538324,0.04841541391574272,0.17506625277896615,0.2814048635339177
0.305,0.22195204573954888,0.29869751665995425,1.536671019505943,0,0.0,0.0,43.998732180290844,386.0110047324484,0.4123184709197491,-0.0007844145878121433,-0.43711361845245644,0.05015615460787867,0.8059063675418543,0.040316457395339705,0,0.0,0.0,84.55876592009642,320.12441972198695,0.01689169596542639,-0.23454846497768012,-0.3253373216501929,0.013899340889247658,0.5385293273703797,0.3440395151316921,1,5.384710806917688,0.0,5.839302840583983,67.41704315625772,-0.4148729766960093,-0.012576959073805516,0.01970876170428215,-0.12053635413011922,0.7048143770741402,-0.3235778158847212,0,0.0,0.0,0.017361405524725614,358.35011276513507,-0.5235103072510061,-0.21406257884909002,-0.1035187510813711,0.00845847006367395,0.2788632508608171,-0.19365756968731326,1,2.1900343962054833,0.0,6.243749913056147e-06,680.4551285380822,-0.35786961359757186,-0.25003328422026194,-0.39687880000002984,0.2597616425271693,0.03866619136884086,-0.1275333869871434,1,1.2056746889515926,0.0,155.76273232807233,0.0006268086274149475,-0.05089570265741017,0.11412390125004401,0.611590597632514,0.044498120072536104,0.22794077362913812,0.2795571844500291
0.31,0.21294575282587183,0.32272444475043033,1.5527908157411932,0,0.0,0.0,35.310761491261715,449.3899188150285,0.4090564962365333,-0.0005739742477562371,-0.47895825480207765,0.04573785808739944,0.8216320866126445,0.036100288700486316,1,2.4592389486794826,0.0,89.4135528162395,332.99461233124026,0.03442330265650817,-0.22542755872358033,-0.3562848427544303,0.01606224893769359,0.5211013231409454,0.353533730749099,0,0.0,0.0,6.697515823048963,57.92859823788912,-0.40497469448685663,-0.009130141410131576,0.024502139086872043,-0.113049758440706,0.7255386838029008,-0.32264811402396765,0,0.0,0.0,0.013504072046321937,331.2503471762707,-0.5332682481293791,-0.21602206769454207,-0.11671227868712863,0.0074095014579984575,0.27484013887247616,-0.1972617163341371,1,2.992840406873085,0.0,4.856522045121636e-06,680.2311086911375,-0.36402555154409266,-0.23685278598935255,-0.40154591946569784,0.2523832078283184,0.021163085584547714,-0.12647328723210394,1,1.2169659946939209,0.0,162.29305706066353,0.00048754513865900787,-0.052039192002417245,0.12072262939758283,0.6204383852442781,0.040660026053616974,0.2835433524050379,0.2772066574791563
0.315,0.2036533678347496,0.34687472992946594,1.5689480958176076,0,0.0,0.0,29.01476391114945,512.8320481849792,0.4035309845961183,-0.00024464705525711894,-0.518313258334151,0.04157134637977408,0.8330354327217837,0.03217382489550055,1,2.9854236924250555,0.0,92.47340973477151,343.49779548424124,0.05236432410741276,-0.21748797310022305,-0.38518294637819395,0.017778798980845223,0.5021038963760467,0.36246784766540907,1,6.169497764736281,0.0,7.017618732100822,46.407399971666685,-0.3949373138894723,-0.006546937155791244,0.03044867200848933,-0.1056517822698999,0.7438548120367061,-0.3202903502541262,0,0.0,0.0,0.010503755676494149,305.0377454407179,-0.5412542741682378,-0.2175798357892877,-0.13036229835568935,0.006524106782111405,0.27054530224353734,-0.20128556092158265,1,2.358184452206332,0.0,3.7775065790884333e-06,680.9666386438151,-0.37002851604231823,-0.22475884749605513,-0.40538126183328016,0.24447651301512258,0.004625897545240232,-0.12544742117995572,1,1.2816962887777925,0.0,170.41183050713434,0.000379223022520195,-0.05332468412233782,0.12643090393294254,0.628577821759374,0.03663489671268412,0.3395907537651084,0.2742324940259804
0.32,0.19437115947958292,0.37006034078068617,1.5842083676383372,0,0.0,0.0,24.252519787716118,572.1945009393282,0.3958373342289096,0.00022635227568018612,-0.5545141266514182,0.03760651797025763,0.8401414254932906,0.02856054629069274,1,1.5947483193224272,0.0,93.53662756546184,350.538647101092,0.0697656008248746,-0.20764264268875388,-0.414774500076712,0.018667558509873727,0.4806370475571975,0.3707565742054538,1,5.60714630090544,0.0,6.700790646978509,36.09666693214168,-0.3852052230917349,-0.004672102204972162,0.03835587834368326,-0.09801145114781441,0.7594284725199896,-0.3163824528975266,0,0.0,0.0,0.008170045519087184,279.76724000875294,-0.5476950473427662,-0.21871758713119832,-0.1443300176360669,0.0057949694544707775,0.2662378440471407,-0.2055542948966014,1,3.0303326179178316,0.0,2.9382253024857854e-06,682.7997419746603,-0.37646556175876134,-0.2123191373443829,-0.4101072614666501,0.23562402530636933,-0.010445535166945463,-0.12402856541110974,1,0.8065127099700875,0.0,180.4059257310497,0.0002949677668921113,-0.05374755736177095,0.13187803970699608,0.6350121695045503,0.03294604898961705,0.39601382914446237,0.27150548144430525
0.325,0.183987319033613,0.39227095687156716,1.5995521595438986,0,0.0,0.0,20.184317877425702,624.3778816681994,0.3861684363239052,0.0009546573009627801,-0.5872413208107812,0.03389263831897535,0.8429168721330205,0.025261020771168374,1,2.361078298980155,0.0,92.59129180016075,353.8358469032613,0.08669373483616694,-0.19803493906406056,-0.4427840142416217,0.019111019787790617,0.4568696423451444,0.3783883155118855,0,0.0,0.0,5.687650105928775,28.07675854293667,-0.3744367697254134,-0.003582231533517888,0.04609763518564258,-0.09040120849772644,0.7718751419688359,-0.3103254870326299,0,0.0,0.0,0.0063548359120093,255.6164602764313,-0.552757537776976,-0.2194601551523952,-0.1584284670196454,0.0051966505212501235,0.2620508426411243,-0.20992236464950823,1,3.0994505983309732,0.0,2.285414399000463e-06,685.6973575697484,-0.3828223812329228,-0.20047386342501716,-0.41482890912249504,0.22646402694062223,-0.02409182955972189,-0.12249854575309899,1,1.1995501603508192,0.0,192.4539008098483,0.0002294322294229527,-0.053873900339370895,0.13673091582417607,0.6407868708613724,0.029324221625058808,0.4509745851924616,0.2686446643692561
0.33,0.17262589572824016,0.4130725560773502,1.6149018350826596,0,0.0,0.0,16.208428463790813,667.1114338903651,0.3746821115296922,0.001986624718367358,-0.6164303319055424,0.030465557515736097,0.8413396689619528,0.022276393045949555,1,2.85522072954868,0.0,89.70715788684828,353.1370452732132,0.10253118737490818,-0.18816476559515238,-0.46953999908932476,0.01905841026733912,0.4311344055494186,0.3854701286438384,1,2.3246167765904096,0.0,4.431212083384928,21.838702497388606,-0.36389982759036466,-0.00324621557189142,0.054602424273825,-0.08333961894212254,0.7813084068215508,-0.3024793976623619,0,0.0,0.0,0.004942927107837589,232.10033079614828,-0.5565128790164959,-0.21988450901236783,-0.1722715827491461,0.00467801418425301,0.2579643760149406,-0.2142997633812255,1,2.9198066572419745,0.0,1.7776441346209238e-06,688.2795491644325,-0.3891038677431784,-0.18953709473603308,-0.4192609577951014,0.21706899823685738,-0.03597606504099171,-0.12089539218795581,1,0.7757681487021961,0.0,206.5192523087342,0.00017845728857973796,-0.053037766231404326,0.14138125137498503,0.6451639732492878,0.025983760808087078,0.5048410718616219,0.266409485147047
0.335,0.16052680075428996,0.4316602067943454,1.6303710623103105,0,0.0,0.0,12.607844670707884,698.9297054756682,0.3615382246650254,0.0032842417473495367,-0.6421537733200888,0.02731450739564123,0.8353706514047274,0.0195906338350042,1,2.699460388777955,0.0,84.98503636353843,347.87209238157124,0.11666466716062329,-0.17767827609684983,-0.49532100315363925,0.01852289709706334,0.40373790073787896,0.39198014458789704,1,2.254015772246384,0.0,4.482017393801023,16.986609264032353,-0.35438524301936125,-0.003566750607428504,0.06446011408279584,-0.07701791188135813,0.7877264085385449,-0.29298184608196415,0,0.0,0.0,0.2655113395210154,209.06257199180723,-0.5590098445034011,-0.21998776040702656,-0.18549009077265088,0.00423026872541582,0.2539602049702938,-0.21860634192637354,1,2.7127837040085683,0.0,1.382689577318767e-06,689.352160523379,-0.39530100241198785,-0.17894448679187347,-0.42416806972591603,0.2075508036742718,-0.04685926769910598,-0.11909000490596827,1,1.0348973296421948,0.0,221.55773666540108,0.00013880789079777762,-0.05149652593961562,0.14576287527961862,0.648849326185313,0.02290273383493327,0.5566966065392882,0.2646194193940041
0.34,0.1473949619184596,0.4480433364887516,1.6462733441223756,0,0.0,0.0,9.806650880863293,719.5189550383373,0.34684569166627655,0.004785091480146442,-0.6646476783932311,0.024423792636529384,0.8250073412679024,0.017186732722919512,1,2.265850999322924,0.0,78.7204808859297,337.681679211871,0.12843496613175875,-0.166685155435929,-0.520003921984874,0.01746038713314413,0.37531607916980914,0.39804781825377394,0,0.0,0.0,12.189146802846762,13.212547509331783,-0.3458490208048697,-0.004490232650511072,0.07568696760655924,-0.07164109995434545,0.7911990454343694,-0.28175988073379177,0,0.0,0.0,1.067897062272823,187.27401502330048,-0.5602733607675936,-0.21974550402596044,-0.19777139378018926,0.003857579757148788,0.25004399236029173,-0.2227683599130442,1,1.7903581168640532,0.0,1.0754854866571152e-06,687.9450579206184,-0.4013219956049079,-0.1694376389121126,-0.4287147295643501,0.19802567234201301,-0.056867456575844466,-0.11725039475428417,1,0.9734826568365544,0.0,236.26392704937106,0.00010796774231565571,-0.04895419024517311,0.1500292586191414,0.651587896473014,0.020158666287359447,0.6067167420309927,0.26359745074293034
0.345,0.1328910099727482,0.46233470258864334,1.662461197866223,0,0.0,0.0,7.627822519305929,730.3482208512984,0.33080700484160336,0.006400823688878732,-0.6841825152080401,0.021774155037378146,0.8102881646640891,0.015041561001912174,1,2.3732495270286456,0.0,71.66918405800536,322.7893818127044,0.13748290321832646,-0.15564721717040242,-0.5431281170872602,0.01602738032206935,0.3463847454684852,0.4036248764537539,1,5.379584457782138,0.0,38.81424980217986,10.277001664834263,-0.33783906263215346,-0.005951675519911381,0.08930387016682206,-0.06752526529155814,0.7920284776561433,-0.2685925971347648,0,0.0,0.0,2.3331937025530043,167.13778697456112,-0.5602715502336706,-0.2191383525783553,-0.2087906227766303,0.0035568824328343074,0.246238032272726,-0.22673151717545484,1,3.139200402388049,0.0,8.365355832456904e-07,683.5325357977433,-0.40721163991647,-0.16080838361550298,-0.43311973991184294,0.18849786456191736,-0.06649910792991198,-0.11547697405210766,0,0.0,0.0,249.27051260438927,8.397961609922008e-05,-0.04561030211397332,0.1541088895509155,0.6536723216475011,0.017672100890017528,0.6544941245045148,0.2632460836532854
0.35,0.11550855291628012,0.4749559340112552,1.6787709823321517,0,0.0,0.0,5.933083281221963,733.7540842220828,0.31370238763829333,0.008058479802099061,-0.7010605577473561,0.019378032718259885,0.7913125805256029,0.013137555731543238,1,2.416628890702691,0.0,65.1687172152609,303.82267258400276,0.14354502540740777,-0.14518402115368567,-0.5640289418385713,0.01439798909152712,0.3186985312671604,0.40937700039222047,1,5.070390127357329,0.0,83.6816420008517,7.99367140548868,-0.32835810702822466,-0.007749961407408246,0.10701397523751344,-0.06438541936527523,0.7886317683535515,-0.2536332636098021,0,0.0,0.0,4.219799469299928,148.5152772502103,-0.5588931523160885,-0.21820167737064472,-0.21823639141013418,0.003290768753742346,0.24255780265688953,-0.23047050098708913,1,2.926846658411482,0.0,6.506752445459208e-07,675.8616328604418,-0.41372827670303547,-0.15160695710561378,-0.4389989689434146,0.17823642508670234,-0.07549619451451095,-0.11304986586475946,1,0.6037615085285235,0.0,259.2630086995615,6.532113915611386e-05,-0.04197760750676727,0.1577917803547212,0.6555518960835907,0.015199679199608351,0.6995107648921146,0.26328990746935577
0.355,0.09198291220403769,0.4874386424289387,1.6940846283236117,0,0.0,0.0,4.614878903228416,731.9545521356008,0.29567742266022073,0.009631496632179604,-0.7156402221426148,0.017189795173026157,0.7682413577500646,0.01146206250250073,1,2.5223197521598766,0.0,59.29658829286889,281.99730229229294,0.14716625293856733,-0.13511692240333262,-0.5830295271613255,0.013104124220011226,0.289921018687048,0.4137671621828705,1,5.732117761008048,0.0,144.3358095831815,6.21764835920729,-0.3194217700125348,-0.009801971416069533,0.13612510457096438,-0.061741180436821405,0.7838760974067092,-0.2373041307813039,0,0.0,0.0,7.467222420657388,131.14967219109707,-0.5559909413505297,-0.21688370737887347,-0.22602420813999835,0.0030736497311316113,0.23906463728540928,-0.23395538160726162,1,2.3975341841362336,0.0,5.061091032400807e-07,664.7237836808332,-0.4202454175286676,-0.14327637548724237,-0.44447730542722774,0.16795262853539317,-0.0835898486756983,-0.11041500498755258,0,0.0,0.0,265.1083908855726,5.080817725590932e-05,-0.038725314113213116,0.161025011955225,0.6581139959630404,0.012802453567764716,0.7404641421598588,0.2631119164389062
0.36,0.06315600524986834,0.4984248807743707,1.7093483333684234,0,0.0,0.0,3.589551381971569,726.9067525688757,0.2771155469846225,0.010996289089292233,-0.7281284273516129,0.015187551366528301,0.7413055628729921,0.009984941702174316,1,1.801757338926346,0.0,54.03925887553305,259.17023945544497,0.14744390326062096,-0.12555479314236417,-0.6000394307575123,0.011385843106460736,0.2619349082199216,0.4172648188347975,1,5.926722520219486,0.0,209.50412586773888,4.83621969902449,-0.309545058000519,-0.012048525907357499,0.1767699149351405,-0.060009467605016534,0.779483175455479,-0.21864086548498496,0,0.0,0.0,11.979501397550155,114.99172539927362,-0.5512386615219611,-0.21515376884509457,-0.23201006360503929,0.0028981365943595017,0.23580269580101199,-0.23718060596307475,1,3.1199354855030865,0.0,3.936624706864827e-07,650.0169944413726,-0.4279200508380563,-0.13305658989640157,-0.45298043522524933,0.15639835181747863,-0.09144101514843705,-0.106845138474361,1,0.8325433456851883,0.0,266.4213001702501,3.951968550178418e-05,-0.03608822618970642,0.16365652803822395,0.6611666543178549,0.010237895322999624,0.7776350821483686,0.2627619751451985
0.365,0.029341925901216415,0.5089318336642255,1.724163253743494,0,0.0,0.0,2.792029735558212,720.1715656425122,0.2582248289674178,0.012131423993954282,-0.7388957297130649,0.013406007860612024,0.7109070502616739,0.008698029220950532,1,2.194412060025858,0.0,49.428160063864574,236.49123080879218,0.14487505981047843,-0.11772298820771487,-0.6139561318631734,0.009518539699126805,0.23443739147498954,0.41922862753545326,1,6.236923379454999,0.0,269.1287088198279,3.7617149806481613,-0.29922250746989043,-0.014425078598664487,0.2293535596309757,-0.05890767538109201,0.7756251538968053,-0.19825081978768005,0,0.0,0.0,17.932539038923952,99.96536690679443,-0.5442025711137717,-0.21305355032785406,-0.23622876938258974,0.002717785437360898,0.2327544365207379,-0.2401433153761098,1,3.396788575696455,0.0,3.0619907809378663e-07,631.7399516234842,-0.4363256754672151,-0.12331290859443467,-0.4616331857450249,0.1440075099287758,-0.0980814301611228,-0.10287317811478386,1,0.4849668626498159,0.0,264.005126268038,3.0739255500024524e-05,-0.03373565658606559,0.1658562265590613,0.6642429410274404,0.0077466040173742035,0.8112188850089761,0.26228775436533847
0.37,-0.00841290520978209,0.5181463571472223,1.7379984779170055,0,0.0,0.0,2.1717003643947286,712.9880256083441,0.239299886262106,0.01295734689388267,-0.7481286768757838,0.01179495269663039,0.6775542790556675,0.007578295104048671,1,2.0940504102566475,0.0,45.52670795178002,214.58182320857986,0.13970954665779156,-0.11082905247575581,-0.6255341786119435,0.007525505585127046,0.20804627568405865,0.4196242793334184,1,6.291659900244084,0.0,315.2395407457342,2.9259422599198874,-0.2887555351726374,-0.016958719560319024,0.29082920184131056,-0.05836570566881072,0.7717664517987615,-0.17679593142251204,0,0.0,0.0,25.152444140169635,86.16311622122083,-0.5342219298770812,-0.21049066985940573,-0.23877725538541705,0.0025521603967476603,0.2299011989842339,-0.24283974486169432,1,3.3376020596655485,0.0,2.3816818316967456e-07,610.4807179796136,-0.44539646087465923,-0.11304001480663217,-0.4715806134519629,0.13089496756011348,-0.1039059479023472,-0.09827558549206789,1,0.46476174505803436,0.0,259.5792826013901,2.3909649499946777e-05,-0.031988554237079025,0.16751014981598755,0.6674803677518797,0.005234023164173859,0.841021340459621,0.26150489723966375
0.375,-0.048177771241648876,0.5256573860010155,1.7501671359638498,0,0.0,0.0,1.6891949296411297,706.1645669377442,0.22061396973999542,0.013453809421319463,-0.7560009175883597,0.010329326493906887,0.6418466934739449,0.006604009537688887,1,1.8800483842018276,0.0,42.398652368491426,194.03713868984326,0.13220224548068082,-0.10476722104319802,-0.6350232999713525,0.005259467492850223,0.18188905877707073,0.41777759092239275,1,6.563226377145976,0.0,343.9513549829538,2.2758603861342985,-0.2790066392349737,-0.01975866308839269,0.3575469811547596,-0.05843814663121627,0.767093629932825,-0.1551561343056465,0,0.0,0.0,33.41247596347847,74.12750561315988,-0.5204221575301653,-0.20739333964143963,-0.23977695766604112,0.002406532637567682,0.22717406943787322,-0.24527935252421776,1,2.7960592143507426,0.0,1.852522999986612e-07,586.4390711510796,-0.45513170111095747,-0.10269627108368118,-0.482581068306843,0.11695662739058915,-0.1095773164702265,-0.09329997149617614,1,0.7668980302233909,0.0,255.03773002628864,1.8597436076805727e-05,-0.030432661421826435,0.16875657808280464,0.6704491579279213,0.0029554160225661597,0.8672882626399376,0.2605151527842562
0.38,-0.08809564584889183,0.5306665989946361,1.7603986985268034,0,0.0,0.0,1.3138918964636093,700.1614877378998,0.20230816412151192,0.013642082436898573,-0.7627460512468387,0.008980812531215132,0.6044541031401574,0.00576728565290488,1,1.0126982341083413,0.0,40.33764014190572,175.62230609663123,0.12330416405072331,-0.09890906702778302,-0.642956329597514,0.0032054098144283505,0.15648342105720903,0.41388385674304257,1,6.980718526573584,0.0,355.32761732645554,1.770212819345647,-0.269756676334874,-0.0227339686693242,0.42516597853721927,-0.05883101909834367,0.7610622931232598,-0.13381540886478965,0,0.0,0.0,42.45676532678347,63.851226112611144,-0.5018912549604083,-0.20369925964829422,-0.23949383897001697,0.0022767424254285795,0.22452251009518798,-0.24745110041112497,1,3.0792788850383115,0.0,1.440931958167772e-07,560.7427253626422,-0.46450204309272736,-0.09258482881881536,-0.4935753004701946,0.10340516496225505,-0.11362678314481545,-0.0878438956021832,0,0.0,0.0,252.0066809001353,1.4465483010599766e-05,-0.02947695650682869,0.1694197404519372,0.6733872232953637,0.0007310228584762324,0.8896365126189409,0.259133266071904
0.385,-0.12333100159997146,0.5364825954622316,1.7678404783765311,0,0.0,0.0,1.0219731810108477,695.1019727771605,0.184631910112301,0.013580896801948905,-0.7684985896762548,0.007781024641633105,0.5660390568932319,0.005049705627412665,1,1.3318650154657024,0.0,40.12358072410772,160.2429872953571,0.11390449512556677,-0.09170259905606448,-0.6507346656386208,0.0016601019879940448,0.13244732821171712,0.4083081428977055,1,7.256450628615489,0.0,354.19708585653024,1.3769093415692277,-0.26435654367376005,-0.027072994070731382,0.4934761969716914,-0.06147429342076757,0.7520703189775397,-0.11428738375493126,0,0.0,0.0,51.94903453387202,54.95778664421452,-0.47762812143308375,-0.19943128525084458,-0.23799924896299762,0.00212065762954905,0.2218049395569981,-0.24938800550446186,1,3.703473901346229,0.0,1.120787654503731e-07,534.6341761605864,-0.47434239892355334,-0.0818025027279139,-0.5058485167689897,0.08926575755586669,-0.11573494695219844,-0.08157993481354131,1,1.4292271236611236,0.0,251.6063094398404,1.1251561659669968e-05,-0.025895255417065055,0.17033551620339304,0.6744646013999331,0.0002549583878226902,0.9093227918489943,0.25799147702097647
0.39,-0.15113140613122905,0.5403864682987437,1.7712221173572005,0,0.0,0.0,0.7949125689233278,690.8229432202958,0.16771655232625254,0.013289640541810255,-0.7734141636651057,0.006697249246915171,0.5272717915780876,0.004425501134080662,1,0.9566814178189462,0.0,41.67411784092437,148.70590762321245,0.1048673966121374,-0.08650214781759291,-0.6549294651698134,0.0007266786507064138,0.11258927358123616,0.40257932187836554,1,7.199257866186724,0.0,342.2080958858984,1.0709894958287607,-0.25802727601729547,-0.031343428343550195,0.5573412425925091,-0.0641480648308651,0.7395925878531697,-0.09647353205261137,0,0.0,0.0,61.58774207498011,47.17735385992175,-0.44689286312973064,-0.19446417949079514,-0.23558804866944705,0.0019889116239397153,0.21893244892300223,-0.25108482647328567,1,3.8650241722669434,0.0,8.717725770238732e-08,508.1746150720243,-0.4814910132773571,-0.0726761093546262,-0.5169578049978363,0.07738541832395923,-0.1201308778618897,-0.07599573732289716,1,1.776891593539865,0.0,254.43136909594,8.751704985487812e-06,-0.025692081372023168,0.1696537861645615,0.6773444215442781,-0.0016382459944900563,0.924875585573619,0.25652635224123255
0.395,-0.17271119921224057,0.5402905662290374,1.7717300496460036,0,0.0,0.0,0.6182999749634107,686.7644977367869,0.15166612373519167,0.012838865844028935,-0.7776286915432242,0.005744504752519475,0.48895846165895973,0.0038925345458394878,1,0.8121030753198606,0.0,44.76159181290559,141.1209017668949,0.0972274043754704,-0.08191190706292995,-0.6570121163287483,0.000449293727151856,0.09577113954237282,0.39632724354508975,1,6.879570313077224,0.0,312.0158237563609,0.8330385055477337,-0.2487648272930585,-0.03430789405520851,0.615207555175677,-0.0663708370991123,0.7235670370402918,-0.08050901827228092,0,0.0,0.0,71.27266594174219,40.358014210341,-0.4093457455175086,-0.18884449084842997,-0.2323780288521271,0.001835965823747454,0.2157644553561897,-0.2525612357895958,1,3.684269071731702,0.0,6.780833309476068e-08,482.4161935021776,-0.48608117383909755,-0.06376767240260173,-0.5282486791878,0.06751575371362895,-0.12581640650621084,-0.07058294873532439,0,0.0,0.0,260.62846494539485,6.807263068872419e-06,-0.02815715530124674,0.167509294055043,0.6816088882925178,-0.0046273257851165706,0.9375636306163417,0.25549900514012613
0.4,-0.18834933661413159,0.5366206257172413,1.769809273811303,0,0.0,0.0,0.48092692704249856,682.0446537658852,0.13655159354994884,0.012225789771741269,-0.7812077130239701,0.004880063433987669,0.452080880862171,0.003440132170385135,1,1.165609806285395,0.0,49.028594578915175,137.8837231339454,0.09153414350564137,-0.0765623236505728,-0.6585779184252856,0.0005545323463310159,0.08113699493586513,0.3893748552307377,1,7.019817193948254,0.0,262.3770654527998,0.6479551428169718,-0.2372269765844255,-0.034978828177937515,0.6687147553880675,-0.06867392689153219,0.704645055510325,-0.06668108241830407,0,0.0,0.0,81.13574846717273,34.78925691408885,-0.3651630297472419,-0.182528371543701,-0.22849055578898803,0.0016731676215810398,0.2121592487220736,-0.2538326614388935,1,2.676378731346691,0.0,5.274276982635689e-08,458.2373638698562,-0.488557810165265,-0.05482619630278873,-0.5402514629402813,0.05895628187099505,-0.13291255516997613,-0.06533504057354422,1,2.992452978516138,0.0,270.0796552628295,5.294834614017951e-06,-0.029833793322529,0.1646662020355324,0.6855113324515851,-0.00696858219474053,0.9473826337109768,0.254885385353639
0.405,-0.19897173246827046,0.5301864826384574,1.7667451322959349,0,0.0,0.0,0.37407523616385047,675.8766530539914,0.12241181820043251,0.011523957960333453,-0.784284553999109,0.004117051264912519,0.418081557330652,0.003051839248215532,0,0.0,0.0,54.04886993193198,139.03283592169493,0.08838992475792917,-0.07151930626359704,-0.6588695202476051,0.0010044437861831401,0.06844504285637054,0.3818157105842353,1,6.524398556550841,0.0,216.4799363382342,0.5039933500155651,-0.2213772531287388,-0.03273474694075329,0.7151956782920099,-0.0706988467456897,0.6834179366791955,-0.054709715639690445,0,0.0,0.0,91.23159331622765,30.299974422216255,-0.3151653485509265,-0.17552087260281596,-0.22417043599359987,0.0015110280468630388,0.2079653558314294,-0.25489706038238424,1,1.1283359918998377,0.0,4.102445292481321e-08,435.5299220552089,-0.48837211226094945,-0.047135362022543204,-0.5510958712244338,0.05209018193814419,-0.14017653462864788,-0.06047510658142957,1,2.9552917372757164,0.0,282.4725236669791,4.1184354572691e-06,-0.03346895454475973,0.16041676787839487,0.6907095339995244,-0.010112281388334546,0.9556226414055256,0.25565929980528557
0.41,-0.20625681726446216,0.5213950594214825,1.7632769801199826,0,0.0,0.0,0.290963708710523,667.7374614717473,0.10928241939547417,0.010734296514918806,-0.7868970898400047,0.003423597682662649,0.3885821327557746,0.0027156691567551405,1,0.5443159244006958,0.0,59.479967077355184,144.3879568528506,0.08770900190806175,-0.06627772749208671,-0.658851666472893,0.0013743321826391042,0.057442042073207356,0.3737583278746373,1,6.119961676895388,0.0,173.65148296909942,0.3920167926372368,-0.20207520202899643,-0.027894867301016868,0.7549318460780878,-0.07215336939747397,0.6611865750962425,-0.044195240961406104,0,0.0,0.0,101.51284023459783,26.618962713245367,-0.2605988700890708,-0.1678598059584731,-0.21949868080019508,0.0013588556009534458,0.20299688814040762,-0.25577158468171857,1,3.6883460820924148,0.0,3.1909695742584525e-08,414.36443600040155,-0.4857679603962206,-0.04082776156710133,-0.5608259913906841,0.0464361452265451,-0.14789791610621972,-0.0561855011386701,1,3.225717560728109,0.0,297.33019447535276,3.2034070659706983e-06,-0.03733785374916865,0.15513444090794926,0.6960014923062661,-0.013368556800869055,0.9617497793535907,0.25759881091140036
0.415,-0.21097633845189243,0.5111295835192708,1.7600284513754607,0,0.0,0.0,0.2263177874450364,657.3177511740366,0.09712869581165595,0.009920514494988764,-0.7891484211563478,0.0028177997868825133,0.3652380981193548,0.002439126154144017,0,0.0,0.0,65.09401754183278,153.69265934296382,0.0895843594752419,-0.06048374711347382,-0.6594011101244748,0.001573845899984272,0.04735879058953407,0.36505645281269483,1,6.316266951749724,0.0,136.98430372966084,1.5809000962153525,-0.1804003672361958,-0.02182456126066956,0.7871104109973388,-0.07335901413385965,0.6389362824290474,-0.03467174244689361,0,0.0,0.0,111.93500816906085,23.572127768532624,-0.20305584342103633,-0.1597010881042073,-0.21453095821356527,0.0011736155242669244,0.19713946527929482,-0.2564669446937732,1,1.8179540011535111,0.0,2.4820042920510263e-08,394.86336403790756,-0.480859456825695,-0.035252233845290304,-0.5703289404034093,0.041691338199959294,-0.15638106034867438,-0.05221860874903145,0,0.0,0.0,314.0144145885429,2.4916784387621612e-06,-0.04110330214079383,0.14885112508217635,0.7006613246030005,-0.016902235607603025,0.9663748457330299,0.2612004290637165
0.42,-0.2136036662775877,0.501000499437057,1.7574426103386664,0,0.0,0.0,0.17603480908670535,644.3034161571064,0.08600089899098101,0.00908824780807832,-0.7910436644422207,0.002289226330355776,0.34975125869408563,0.002192314795520206,1,0.4752692273319565,0.0,70.5986962988448,166.64216216870193,0.09371419757814126,-0.05402983379206083,-0.661149916780351,0.001346263422288052,0.03798890660878884,0.35582371344092845,1,6.350046861271233,0.0,106.59574836601547,8.487738309683726,-0.15871785097507773,-0.015769024392854103,0.812855425704847,-0.07459863406438208,0.6181316906972993,-0.025579407178452307,0,0.0,0.0,122.47925866544402,21.06203284677994,-0.1441115761549947,-0.15108793816032745,-0.20932786696154437,0.001006088082533163,0.19033955033726468,-0.25700880719891206,1,2.7367926310885498,0.0,1.9305559524776466e-08,377.21512059630976,-0.4738244092203656,-0.031039425807852128,-0.5788082966936905,0.03756060309164361,-0.16502166380213112,-0.04877787198843786,1,2.968650162392722,0.0,331.7528104878609,1.9380807104235277e-06,-0.0447991734047255,0.14164053816916566,0.7046167668511776,-0.020795332151769402,0.9698624994467973,0.2670705799421351
0.425,-0.21384895781533622,0.4934278571953788,1.7560708618046459,0,0.0,0.0,0.13692363450539044,628.5044070065949,0.07581109613978954,0.008235660019850377,-0.792640028181332,0.0017994040671904799,0.343508023093696,0.001979465202748637,0,0.0,0.0,75.69915684739651,182.43099255282328,0.0998769865618685,-0.04696937515440047,-0.6645009160265494,0.0006209192691887244,0.02884244952627313,0.3460396452413735,1,6.4096554376207076,0.0,82.91244990022352,19.706625668044243,-0.13807884456871422,-0.011003456881374829,0.8308497828762429,-0.07660716077292068,0.5998575085165716,-0.016238760861007367,0,0.0,0.0,133.08854118765385,19.66907550570603,-0.0853899144738045,-0.14216962511442438,-0.20401849267666616,0.0008394388609595516,0.18271723702996345,-0.2573823464886843,1,2.9896559753395,0.0,1.501627655352278e-08,361.68919643511106,-0.46494760666954793,-0.028773316711705688,-0.5857722465947655,0.033651899371451466,-0.17391722244369734,-0.045987090754797344,1,3.299068266380091,0.0,349.6408380126859,1.5074805728068931e-06,-0.04754505514483531,0.13374648763090824,0.7067940258269083,-0.024882325288286662,0.9714802483976523,0.2750606345503362
0.43,-0.20906348845608036,0.4880019016387302,1.7552052766822286,0,0.0,0.0,0.10650212752485472,609.9730141118749,0.0665406773910116,0.0074190472497806526,-0.7939919989118998,0.0013811796839303114,0.34701419492818864,0.00179642451524617,0,0.0,0.0,80.17737865654487,200.23868375174277,0.1082332757080735,-0.04009838599429405,-0.6688558630841057,-0.0002249538140913221,0.01985470552471713,0.3357807093816734,1,6.324674913777787,0.0,64.4910744925055,33.660003560319566,-0.1201696115284765,-0.0077839682564411206,0.8415189872306501,-0.0792336047837564,0.5821929327206266,-0.0076009398856936305,0,0.0,0.0,143.66644502533455,20.200787059122533,-0.028210250197884035,-0.1332098651257148,-0.19859129614967852,0.00066015793953067,0.1743531056776757,-0.25761416457455566,0,0.0,0.0,1.1679980641974625e-08,348.45984298314664,-0.4544436986339273,-0.02745411059699765,-0.5924067372444821,0.02971382279488305,-0.18326182288381188,-0.04358304713771671,1,3.3354812665099263,0.0,366.77462419224554,1.172550588408462e-06,-0.048913248586163416,0.12550411716121423,0.7082301792747552,-0.02837287333564189,0.9685263337065826,0.28402169460781396
0.435,-0.19896742691677,0.4851845663285149,1.755228064734305,0,0.0,0.0,0.08283962961028377,589.1637716979673,0.0581532798284744,0.006651335597645247,-0.795126310468633,0.0010298308513670973,0.35984412070724225,0.0016354474169959499,0,0.0,0.0,83.90919667352148,219.27648574044767,0.11868722660482844,-0.034094516978594225,-0.6736017624459429,-0.0009726134599111202,0.011215239769649665,0.32519309859809853,1,6.209438129530919,0.0,50.162535230872265,49.295079684530414,-0.1052970945843188,-0.006195651743848174,0.8442023715007922,-0.08235725352712878,0.5649507010547667,0.00033921057710610547,0,0.0,0.0,154.11014048629403,22.514598701905964,0.0262855318961126,-0.12457260911230278,-0.19310315982727966,0.00048031548771954036,0.16539044822901605,-0.2577157993385577,1,1.5669360444276388,0.0,9.08493842069642e-09,337.70485612252605,-0.4429042009560693,-0.02759292668440594,-0.5982947581609734,0.025181190467885417,-0.1930576188180546,-0.04174722968415695,1,3.786133921405068,0.0,382.35496881955964,9.120348926401394e-07,-0.04892278776594372,0.11699366186392368,0.7091144112871708,-0.0312609882933651,0.9602042660793337,0.2936006257772533
0.44,-0.18320277580319802,0.4853162507985812,1.7561886685159775,0,0.0,0.0,0.06443443331559272,566.8133556494685,0.05059345458426284,0.005917543852284379,-0.7960491101909124,0.0007172501565324563,0.380840927337724,0.00148768178751299,0,0.0,0.0,86.85879030596163,238.805626729413,0.13086440878667216,-0.028975168308497112,-0.6787056179440871,-0.0016078011930400482,0.003221513324315195,0.31438603317486885,1,6.107163193443522,0.0,39.01749134418467,65.57236934988067,-0.09382672748600873,-0.006389353408266851,0.8387867721793503,-0.08609211932866893,0.5479971815784945,0.007617084939811586,0,0.0,0.0,164.30918748203396,26.035524845464003,0.0772274155283944,-0.11666558853734404,-0.18764755194055782,0.00031198268175058885,0.15601645936369923,-0.25768557972806894,1,2.3157255620393506,0.0,7.066459152443627e-09,329.6491754474648,-0.43046025794149134,-0.02968831181508569,-0.6028262379750675,0.019991509564395327,-0.20320815527940672,-0.04053511779004204,1,4.05433630306883,0.0,395.6198419252549,7.094002200128079e-07,-0.047577898440865685,0.10827494756601663,0.7094576261563323,-0.0336257082257752,0.9464880231265931,0.30363317692429
0.445,-0.16039574271347332,0.48947466941834605,1.7574701581279621,0,0.0,0.0,0.050118478513648014,543.6325942634957,0.04374704966916054,0.005233473026439339,-0.796782298040855,0.0004458765980897561,0.40842399796329976,0.0013508918114477075,0,0.0,0.0,89.06000310504915,258.28129273702905,0.14433089441054348,-0.024607200402078533,-0.6841818795918957,-0.002144672758120525,-0.003690769916123715,0.3034891863787875,1,6.023127479800052,0.0,30.348638157678167,82.3553061088436,-0.08596722914834753,-0.008441544052417593,0.8253730830945838,-0.09059503054228665,0.5310459490641399,0.014226169342752767,0,0.0,0.0,174.17026544708835,30.249385645239524,0.12412177570748112,-0.1098664174073179,-0.18225524114421443,0.00014747153687894032,0.14639396705160435,-0.2575339487566869,1,2.49287668449441,0.0,5.4964428640922466e-09,324.4895752567212,-0.4171180782485906,-0.03356323603594391,-0.6060948893820146,0.014262816614361684,-0.2137513439071983,-0.03987961480429408,1,4.092040351442482,0.0,405.9566210835944,5.51786643488416e-07,-0.04499121361811298,0.09941086919299602,0.7093170726623341,-0.03557021030129007,0.9276384239148641,0.3139039653477257
0.45,-0.127935085748033,0.4996505201848076,1.757564209077935,0,0.0,0.0,0.03898322308850262,519.881738050565,0.037403672386914444,0.004627262546714139,-0.7973484723014228,0.00023614288416468066,0.4408614546588583,0.0012260007293500297,0,0.0,0.0,90.59053949404904,277.4568033452301,0.15865642531585689,-0.020837343469345182,-0.6899981292295454,-0.002590775786351196,-0.009175233672590988,0.2926513087731093,1,5.962853237892515,0.0,23.605818987718045,103.87436264810583,-0.08187381671443816,-0.0123347049449255,0.8041764787850421,-0.09601416258070128,0.5137757548986635,0.020139740171001008,0,0.0,0.0,183.63620759835732,34.784576623069405,0.16681196582337982,-0.10442958187998658,-0.17690696140940965,-2.0998444921593862e-05,0.13665423275118904,-0.2572821438502846,1,1.8280170447541686,0.0,4.27525066040797e-09,322.37944786574815,-0.40301876328669617,-0.03866052308611345,-0.6086925131274696,0.008043335940644991,-0.22485648197526786,-0.03964027522256125,1,4.233633851220955,0.0,413.037021074928,4.2919143713645216e-07,-0.04126203391413874,0.090483378837664,0.7087252146774838,-0.03716635993866326,0.9041212973827668,0.32411940938149103
0.455,-0.0820467956255922,0.5191718171027282,1.7544860679810375,0,0.0,0.0,0.030321983576459318,495.9998883992572,0.031289143060007296,0.0040785083604827355,-0.7977590455206258,6.223558205104007e-05,0.47644346622653866,0.0011027708666666303,0,0.0,0.0,91.54796402075971,296.38928710881976,0.1739143511755712,-0.018026798180273085,-0.6954128354233688,-0.002493223793683552,-0.012486426419012098,0.2823043126494508,1,5.812392943271277,0.0,18.361110214757044,137.25741304807826,-0.08164505849279191,-0.0179431112708629,0.7745468854856095,-0.10240953371067801,0.4958167799740294,0.025265388298897247,0,0.0,0.0,192.67653744131687,39.454447301573175,0.20525821326381605,-0.10044954833873071,-0.1717182042121177,-0.0001893833059664063,0.12697501996046645,-0.2569205641486111,1,2.3184317761203803,0.0,3.3253812804506276e-09,323.4675026665214,-0.3883231440542547,-0.04606386605636059,-0.6091565982188369,0.001437440535753065,-0.2359022140818614,-0.040044559893483045,1,3.946641481534681,0.0,416.83955068907153,3.338342670759487e-07,-0.036527975630675336,0.08163745385194132,0.7078983485558885,-0.03836561500122299,0.8763405720333388,0.3338342749193608
0.46,-0.02631401254770686,0.5454725268213363,1.7505240220476712,0,0.0,0.0,0.023585086485120185,473.7723338815226,0.02515774878748961,0.003581309968752222,-0.7980274036657498,-7.286803646616713e-05,0.5136672983074044,0.0009840779065654337,0,0.0,0.0,92.03348603141083,315.0439904517819,0.19193588736744527,-0.017248490214506473,-0.6983566672720491,0.00019990842172795675,-0.011193858139341595,0.2737072410993061,1,5.87100605445601,0.0,14.281663707319884,180.50658717314334,-0.08496137656428937,-0.025414807934275085,0.733572265632205,-0.10963612617398537,0.4772204759654377,0.02951280895662759,0,0.0,0.0,201.27942806582257,44.24074858143991,0.23967863203855616,-0.09785374201434632,-0.1666982643689936,-0.0003207665336091292,0.11746887969337849,-0.25646288218864954,1,2.30846853702226,0.0,2.586552588080583e-09,328.01338173486425,-0.3743251048659466,-0.055814509608810736,-0.6082924156806615,-0.0066049386094966245,-0.24842279664885702,-0.041302382897328016,1,3.724584877027479,0.0,417.66384741655315,2.596634234310323e-07,-0.03051973609732528,0.07306331615979322,0.706449590092807,-0.03897933634096363,0.842427169514925,0.34083931893220404
0.465,0.038953770960936156,0.571852376397915,1.7405841199968446,0,0.0,0.0,0.018344984031402625,453.5268381070209,0.018952723598408994,0.0030464701609703715,-0.7979882223726213,-0.00024082103187422765,0.5511905213818877,0.0008351458191384054,0,0.0,0.0,92.12410126660099,333.291643243131,0.21228953211454904,-0.019863331675472384,-0.6974828044178711,0.005346612640020565,-0.006246607832750106,0.2667059023855905,1,6.926874390370296,0.0,11.10858307930901,232.98248624636832,-0.0944878688909836,-0.03171442560606752,0.6848599110580194,-0.11374385079009527,0.4565347343157171,0.032035096818278076,0,0.0,0.0,209.4432337225773,49.15782313839136,0.2703465919113109,-0.0965026549953874,-0.16186654263422762,-0.000380303715525665,0.10824668913921665,-0.25591538629105137,1,2.104095682465786,0.0,2.0118758502182196e-09,336.30682910683583,-0.3590807050647875,-0.0668405964026515,-0.6053310649646468,-0.013692278324723417,-0.2594647558301759,-0.04274189841483189,0,0.0,0.0,415.97848687115504,2.0197175699936184e-07,-0.024361090860363088,0.06614594974821819,0.7079174635881047,-0.0364706952737706,0.7856288411130752,0.33402154922685034
0.47,0.1047634729043017,0.5713914381522158,1.730829941037936,1,1.7372480744236825,0.0,0.01426912041746123,435.377779907205,0.020828781728734425,0.0021253662457604294,-0.7885259133888662,-0.000992048923216804,0.5939797748031115,0.0021316863987957957,0,0.0,0.0,91.93025828082894,350.97753928793645,0.2290317294700217,-0.021968657317607665,-0.698620102287373,0.007692037742297264,-0.004253948149895548,0.2591025098460212,1,6.381349687559546,0.0,8.640493191746497,296.7856349433098,-0.11208068194253507,-0.03469660564338728,0.6310861651006607,-0.11162134804439683,0.42843753521133277,0.029995856127441968,0,0.0,0.0,217.23185256970044,54.558899603891064,0.29728604323993213,-0.0963453397023713,-0.15747827563927874,-0.00041878602537970266,0.09951231066074717,-0.2552293119629685,1,4.0113500481409,0.0,1.5648800087590495e-09,347.9875974337682,-0.3417447395724178,-0.08020886779681713,-0.5981481669146376,-0.018562467322365855,-0.2682067964089532,-0.04470518441270577,0,0.0,0.0,412.3154200629307,1.5709794658947777e-07,-0.020170778127018618,0.0611575426497869,0.7135927555003627,-0.030921117552983747,0.7030694120494516,0.31125376597604393
0.475,0.17180431841402194,0.5520597437507162,1.7243978941789662,1,1.7701906945285966,0.0,0.011098826640539813,419.8233431811527,0.022172318590333362,0.0006589131714109797,-0.7783229606015944,-0.0030313494027681687,0.63561769699231,0.0035167697100226547,0,0.0,0.0,92.00957834879952,365.05491184462016,0.24088239838558767,-0.020007497622725356,-0.7054030003174947,0.006211336567499004,-0.005765295801513748,0.25126140122395296,1,6.402176650612295,0.0,6.720760160283334,365.45977538401866,-0.13516456835713564,-0.03891013641750407,0.5653693761514813,-0.10818340527298292,0.39384934231410007,0.024135917198696108,0,0.0,0.0,225.13175273433592,60.892207362400995,0.3211665859357685,-0.0974518168578587,-0.15300708572671606,-0.0005064554500364693,0.09106742277629998,-0.2545314357076941,0,0.0,0.0,1.2171970957095128e-09,362.92941256265345,-0.3233518032041809,-0.0955188392251376,-0.5881765791813309,-0.021893919003759726,-0.27721307057335043,-0.04734121758764298,0,0.0,0.0,407.21747124692416,1.2219413837504217e-07,-0.016524226574271328,0.05624286870016115,0.7184758853704516,-0.02620857719355054,0.62689430873281,0.29177683605947385
0.48,0.24466116230198792,0.5282420367081543,1.7179504701359771,1,1.6562667032817786,0.0,0.008632904425280145,404.132059998978,0.022514751393832577,-0.0003551506687590189,-0.7694327771917528,-0.0040715052803583784,0.6739755716553535,0.004501357046846871,0,0.0,0.0,91.9855795324213,374.54240439827026,0.2519277069793189,-0.018004388950726424,-0.7122595248665877,0.004858957844374789,-0.005215864579549256,0.2452287032830225,1,5.997557522912637,0.0,5.227550804067209,434.0391424733363,-0.15955984851595728,-0.043304321133851964,0.48745920591490655,-0.10195179428928738,0.3573302783170309,0.016527351090112205,0,0.0,0.0,232.93673269454524,68.05396071638786,0.3420890145024468,-0.09959849717905794,-0.1486897588056375,-0.0006160932278317932,0.08306523839038471,-0.2537795708056453,1,3.6653667297438206,0.0,9.467618996414668e-10,381.944872990676,-0.3043410970863134,-0.11248513113618919,-0.5751789920786166,-0.02362650005561731,-0.28565425907311215,-0.050853456869327296,0,0.0,0.0,401.3569862906371,9.504521082148274e-08,-0.013354804224764205,0.05149758632286483,0.7226370197212464,-0.022207393961621948,0.5571173223454737,0.27524247391384243
0.485,0.3197312016626934,0.5069998390558663,1.7112671584889674,1,1.6682784128003576,0.0,0.006714857455634313,388.3517199194133,0.02309758534062012,-0.0007853605372772909,-0.7611689808117645,-0.0033722592040872357,0.7080502252123362,0.004758378142586617,0,0.0,0.0,91.72094699864144,380.0657934711257,0.2627814660229917,-0.01819696730377185,-0.7166881860349026,0.004290874507949793,0.00017422709628234223,0.2412452586534317,1,5.649731848847867,0.0,4.06610067274766,499.28056740294755,-0.18304518303047335,-0.047714934662609676,0.4012565766240892,-0.09281949138954838,0.321675915890582,0.008458005477107941,0,0.0,0.0,240.20737342126023,75.9646047805617,0.3602515868619063,-0.10258801714912996,-0.14461985011510903,-0.0007273342837101904,0.0755891597200109,-0.25295816358907075,1,4.269927811017672,0.0,7.364116278064442e-10,406.85455224209113,-0.28652887376134406,-0.13085292928345038,-0.5603775191267284,-0.025235845975236648,-0.2944093807108028,-0.05513216787528091,0,0.0,0.0,394.9843173649093,7.39281950855442e-08,-0.01059353858222245,0.04697634910635595,0.7261573138147102,-0.018810757562903763,0.49365530899062104,0.2613707961807516
0.49,0.3934874496464129,0.4928781825836492,1.7037745573871466,1,1.695006688997589,0.0,0.005222959554312975,371.9563969387406,0.023612058561061966,-0.00038389726855891926,-0.7541568055150749,-0.0002328681423438006,0.7382283431615384,0.004681802707985155,1,1.1744905050097645,0.0,91.10373474002839,382.8494923317888,0.2731454568244889,-0.02032277599859067,-0.7189191542852607,0.004382996763408642,0.01396401919859791,0.2397042134820871,1,5.285653995115675,0.0,3.1626999527303696,559.1952660755201,-0.2050867934297731,-0.051682557868534595,0.31303681591710375,-0.08067715999135502,0.28871824907425436,0.0002474225729928031,0,0.0,0.0,246.47224423835618,84.50834730733008,0.3759353508783929,-0.1063367451457004,-0.1406830356249511,-0.0008682489637912849,0.06862078816889361,-0.2520937791660981,1,1.9245058563747788,0.0,5.72796693417747e-10,439.18768761169474,-0.26904596149033155,-0.14751761104034888,-0.5463317129558338,-0.025087871148977342,-0.3033946422716056,-0.0594255235429374,0,0.0,0.0,388.1941289845491,5.7502929199363315e-08,-0.008224170215839433,0.042692187905790546,0.7291744831122304,-0.0159390764472227,0.43623654624844344,0.24988085966554868
0.495,0.46178973103612503,0.48592005169335506,1.6949917621514625,1,1.815055249669617,0.0,0.004062529500622481,354.4446471729167,0.024986632433682987,0.0005220828840729608,-0.7473722544729933,0.005068305045312971,0.7648691795672449,0.004376721683086532,1,0.9147365787309311,0.0,89.95786839757609,385.01513755819155,0.2826890635198809,-0.024496733826988804,-0.7190052995767471,0.004967502560074666,0.03846903543653424,0.240745342263405,1,4.960756118026616,0.0,3.0322574192579843,612.2645062154111,-0.22529679852571283,-0.055352141161791546,0.22699276382555866,-0.0663059480268233,0.26150429366692096,-0.00820912995169644,0,0.0,0.0,251.31211994109844,93.55923958576973,0.38935590771659945,-0.1106080494170168,-0.13686015873575164,-0.0009768749634138651,0.062177712480676606,-0.2511912718940269,1,5.013716405375252,0.0,4.455335027335282e-10,478.6043612669631,-0.2548753748278001,-0.16357796301467986,-0.5329145381314537,-0.025586637773038295,-0.3126146160709271,-0.0640877720452897,0,0.0,0.0,380.98033225476263,4.4727006559281663e-08,-0.006168784994018406,0.038725666650066604,0.7317370161149876,-0.013470192306380385,0.38460359362825125,0.24054514721493897
0.5,0.5221790995966556,0.4873172867594253,1.684388882252787,1,2.107454951598154,0.0,0.003159922218773314,336.52670249559,0.027088472565934663,0.001921923003269821,-0.7409189042041269,0.012546444599440099,0.7893251656739462,0.004497344877105736,1,0.5600955342037521,0.0,87.9752963764515,386.87565838814317,0.2912444919265105,-0.03047254201228622,-0.7176173384438747,0.006116202980876728,0.0721029958927597,0.2436268775766119,1,4.6631196971621485,0.0,4.02999846201576,656.9325387063376,-0.24476817292803865,-0.05883506296800656,0.14739290888684464,-0.05068423581677019,0.24243387369282,-0.01747200077648048,0,0.0,0.0,254.39176062748004,103.36233104358473,0.4006848702109137,-0.1153522894905365,-0.13296993551277092,-0.001089838940058041,0.05624059751216581,-0.250270183751771,1,4.579614978050528,0.0,3.4654547475405647e-10,525.1495584126947,-0.24441874485956894,-0.17795077977561102,-0.5209932734700742,-0.025803790204753457,-0.3225844845562631,-0.06876465204191551,0,0.0,0.0,373.1141512021039,3.4789621043795015e-08,-0.004412308914252261,0.03504929681389257,0.7339326342992651,-0.011362796406823895,0.33835478091639537,0.23311532419908287
0.505,0.5753559910262408,0.4992902428235277,1.6718137458615174,1,2.3723976480827282,0.0,0.0024578549958018275,318.16294632756836,0.029308193134096383,0.003350246218957631,-0.7344356158425767,0.020805201072942536,0.8141095566576866,0.0061653902092136115,1,0.5078166338637151,0.0,84.69097599885686,384.507753094337,0.2989710074803633,-0.036212432889149104,-0.7167417208499494,0.008499191048802535,0.11387975346689139,0.2487742070158568,1,4.295507710157218,0.0,6.427851939030537,692.4227879192615,-0.26473907833734556,-0.06298257040783894,0.07616219042116179,-0.03603328467532981,0.23106203377797319,-0.0284235685818766,0,0.0,0.0,255.46213731440284,114.0777825138398,0.4100496834085401,-0.12044304181895554,-0.1288116338638119,-0.0011941598697723932,0.05077645203477488,-0.24935283764642804,1,1.594295003521415,0.0,2.6955047226682285e-10,575.698980180542,-0.23953844945407554,-0.1894686450203129,-0.5121427692046145,-0.026346857804291496,-0.33309138478572753,-0.07302557211865873,0,0.0,0.0,364.20600536454873,2.7060110333265802e-08,-0.0029231147523782752,0.03166747319737495,0.7358246820428274,-0.009555536977399921,0.29709709320835387,0.22736641334368635
0.51,0.6209202548241806,0.5192913849830365,1.6576548276974188,1,3.008034652973742,0.0,0.0019117721140405619,298.83223303778715,0.03193393259079408,0.004368100033344646,-0.7273677991793892,0.029086558634528387,0.8390322237486874,0.00918766883838018,1,0.7890434102837222,0.0,79.86043099701308,375.84724235488443,0.3051906259311412,-0.04267186589179661,-0.7154121997339706,0.01206025405849942,0.16282163998115928,0.25658358636346623,1,4.060552011456259,0.0,10.057703964413657,719.1309239958453,-0.2847780853780444,-0.06704192889830263,0.013788409544972735,-0.02294590430985414,0.22685887311341446,-0.04092837603714479,0,0.0,0.0,254.37885288423502,125.78028620683894,0.4174389461023411,-0.1257044559518639,-0.12434338850140003,-0.0012528597234948702,0.04581534204639981,-0.2484319733531459,1,2.822778591478575,0.0,2.0966211476526208e-10,627.1180727723448,-0.2411766330526004,-0.20001323228113344,-0.5050008846238019,-0.027732079769002965,-0.3462930820532102,-0.07784818601972199,0,0.0,0.0,353.81661317317986,2.104793180491171e-08,-0.001627153158964667,0.028584282293053764,0.7373906896956852,-0.008002500437032191,0.26050516603144214,0.22311389609671473
0.515,0.6601354822121058,0.5391289149513179,1.6415389575323027,1,3.33051890882121,0.0,0.00148701718460441,278.10620196196516,0.03447205530550512,0.0048141164320233965,-0.7199630500913863,0.03673328468580073,0.8637165298386831,0.013429695276581277,1,0.8393169075341305,0.0,73.5854823741996,361.8707454111716,0.3086322906679042,-0.04923730339931964,-0.714257196233574,0.016045185702042497,0.21665515299610005,0.26679894072679483,1,3.9234354390864876,0.0,14.385848599297498,738.2758751047812,-0.3040285099323037,-0.06962390843644817,-0.03953814013451362,-0.011089500604328395,0.22711672384041415,-0.0551197072991884,0,0.0,0.0,251.26150677569282,138.20439471568687,0.422901797975974,-0.13115158168365176,-0.11944165635747073,-0.001316228956852461,0.04129573980319989,-0.24753714522688233,1,2.5831624006184617,0.0,1.6307967112121607e-10,677.0065814954717,-0.24803937982730528,-0.20874770647109875,-0.4993813541952632,-0.02837917505007273,-0.3614171758393303,-0.08277933945548754,0,0.0,0.0,341.58530644678416,1.637153092903696e-08,-0.0005237249796676835,0.02575994782535973,0.7386736264554801,-0.006685254450790573,0.2281198435466627,0.22013407629054482
0.52,0.6929740561606412,0.5585778995381232,1.6249314202702612,1,3.4970051140198417,0.0,0.0011566337279788942,256.87401034090186,0.03686220743810714,0.004793167034779111,-0.7126202264949686,0.04401409712749438,0.8868098963099798,0.01828405355612575,1,0.9836624049528214,0.0,66.08013901032894,345.2563360326697,0.3086962711979564,-0.05644190743401856,-0.7127338834008978,0.02016612990018568,0.2725741453062005,0.2784615806374342,1,3.839774092855212,0.0,19.42857129553846,751.4621935669206,-0.3212760706780484,-0.06983380127600547,-0.08419446483725856,2.577215563719093e-05,0.23058785018315553,-0.07017546805089285,0,0.0,0.0,246.56268837157575,150.94745734592084,0.42644387266979444,-0.13668313689811623,-0.11414753738298922,-0.0013690430016216615,0.03719725463365897,-0.24667915770215895,1,2.5073468251509934,0.0,1.2684685148187004e-10,725.8311699353811,-0.25949499109828666,-0.21646294239553288,-0.4943719714748438,-0.028711399105620067,-0.37681596667288386,-0.08769336611825818,0,0.0,0.0,327.52983947176546,1.2734126442668703e-08,0.00042714867097615183,0.023213844792915994,0.7396477365827947,-0.005546271557850466,0.1995487536417031,0.21823762791943013
0.525,0.7193803718678996,0.5769813881443285,1.6091781403033405,1,3.589080510647529,0.0,0.0008996544186234464,234.79915237882923,0.039131339854916125,0.00438590751852197,-0.7055013773631156,0.051087658016798154,0.9069363053342026,0.023075979007136066,0,0.0,0.0,58.73717997657294,328.50308767294763,0.3047069955699593,-0.06405309861725272,-0.7109644682186265,0.024025303683253008,0.3286122942827152,0.2907726291241175,1,3.805849162047708,0.0,25.27306616385171,760.0001959681966,-0.3355858371716458,-0.06745893660010571,-0.12113272449768364,0.010510854145685616,0.2365570777289634,-0.08529510455202939,0,0.0,0.0,243.24643145917128,163.43003380273214,0.4280677907893463,-0.14222760480450808,-0.10838586720819654,-0.0014110988526761514,0.033499517125585854,-0.24586935694679954,1,2.32729232512812,0.0,9.86641904551298e-11,773.2178476779669,-0.27445146188207614,-0.222931842672629,-0.48990783074728594,-0.02834226819485089,-0.3917999202865472,-0.09236989643839971,0,0.0,0.0,312.2840643646892,9.904875540397192e-09,0.0012595695430555054,0.020919484394995247,0.7402843469806728,-0.004568273710882559,0.17443261245460362,0.2172568176959896
0.53,0.7412573731853082,0.5939371756921186,1.5944902136051362,1,3.69238088505507,0.0,0.000699770422883138,211.07947370346432,0.04137848572314201,0.003662247724458223,-0.6984310328903856,0.057863901811669005,0.924329143238235,0.027820968090803394,0,0.0,0.0,52.55905942508811,313.5789863245128,0.29704940032136795,-0.07168650790180009,-0.7091163478737097,0.028080572592898145,0.3830929627175097,0.3029158235594573,1,3.775541880857811,0.0,31.65739575461779,764.0083875617958,-0.3462294477379717,-0.06258572171283772,-0.15155345466445125,0.02056687777799661,0.243559794818204,-0.10035663094768373,0,0.0,0.0,242.07905272668737,175.10664704779748,0.42778746130802653,-0.14773378400713816,-0.10147542095248108,-0.0014470809616810576,0.030171396724936628,-0.24512207131299465,1,2.249207300262036,0.0,7.674311474382538e-11,816.2227653326728,-0.2929505501720995,-0.22808342635526002,-0.48593827729322836,-0.028032890158249557,-0.4060289030781856,-0.09684123238137082,0,0.0,0.0,296.54743647719755,7.704223757511104e-09,0.0019733431492641174,0.018857524027582784,0.740590027653562,-0.003727460511425626,0.15237765317780427,0.21701802806742515
0.535,0.7596134037284825,0.609504713857612,1.5811710324712205,1,3.916546278524389,0.0,0.0005442963815942782,185.16520092685496,0.043570607346543666,0.002648197313004308,-0.6912380817318022,0.06409432335542384,0.9390207472648842,0.03244006010546799,1,1.169463339162741,0.0,47.42770078320168,301.81668668505995,0.2856745483795189,-0.07836753144710285,-0.7079407602976207,0.03222810586760472,0.43550277668254367,0.314860648052972,1,3.7864158451655725,0.0,38.03536428901111,762.4543739639139,-0.35310880602635875,-0.055680454733851414,-0.1764653509729932,0.03008331411287697,0.250682277479203,-0.11521036877033901,0,0.0,0.0,244.63928022932842,185.5557097481886,0.4256287866330169,-0.1531346269147738,-0.09239588591557002,-0.0014721250159239752,0.0271895195687899,-0.24444793407282586,1,2.171010329638056,0.0,5.969243383456694e-11,852.1952996649917,-0.31399273121368276,-0.2317774867961233,-0.4825671699017129,-0.0278517167410699,-0.41893501033735037,-0.10098487050453103,0,0.0,0.0,281.12529062217493,5.992509796182491e-09,0.0025914244912241813,0.017018030605280177,0.7405413913974448,-0.0029989392983306162,0.13306182179266868,0.2173818608875427
0.54,0.7752483730609596,0.6238029019963333,1.5692786653119077,1,3.8693502184700272,0.0,0.0004233653514476982,157.1279210648271,0.045702920262073565,0.0014699121588067077,-0.6838294425524276,0.06979586250323974,0.9512194791249258,0.03693476805838988,0,0.0,0.0,43.27978967863904,293.07103102858844,0.27082013284819917,-0.08416548214564812,-0.7072507927237586,0.036371647904493376,0.4850692464939934,0.32639066571599396,1,3.745281122366651,0.0,43.8297948075964,753.83809025602,-0.3563189125734665,-0.04728611508499292,-0.19685696103413508,0.038969034456684926,0.25739235906251023,-0.12959440580806175,0,0.0,0.0,250.34876424048872,194.75632882007395,0.42163001096241365,-0.1583903754916462,-0.07994140800793392,-0.0014927858152753437,0.024519392014997976,-0.24386161046035046,1,2.141937148974028,0.0,4.643005003104647e-11,878.7265783016167,-0.33646396476318796,-0.23420755947542515,-0.47975294648915967,-0.02793158315057373,-0.4304434740569383,-0.10477775610535489,0,0.0,0.0,266.79776873211716,4.6611021158793695e-09,0.003113533664407253,0.01537731034858969,0.7401453908092785,-0.002370266972223367,0.1161680461918837,0.2182129778465437
0.545,0.7888974548879051,0.6369713906438209,1.5587128373381467,1,4.029600024577478,0.0,4.807676370970725,128.3056220687868,0.047796330127693964,0.00022195513447931248,-0.675962842357164,0.07495638399259016,0.9612235589908231,0.041303045999850185,1,1.418732685064534,0.0,40.09760484218678,287.63384038287387,0.25265264662669207,-0.08897161703436485,-0.7070452831334737,0.040207883556488466,0.5316949517127103,0.3374378415285935,1,3.757120295551205,0.0,48.55255474377308,736.8597478005996,-0.3560868032940889,-0.03792349949410767,-0.21359159826836316,0.047246740250017155,0.26321270098918204,-0.1432346794712135,0,0.0,0.0,258.01860558702253,202.41394816693682,0.4157781367719178,-0.16345297672587805,-0.06323431480339048,-0.0015070941026582019,0.022135781857981707,-0.24337010556151614,1,2.082991339997774,0.0,3.611428463211895e-11,893.5762512923004,-0.35930312090081995,-0.2354851607743762,-0.47745561563157146,-0.028278230179265368,-0.4403831220245209,-0.10818468507549683,0,0.0,0.0,254.1593293975139,3.6255047840715295e-09,0.0035605943312244648,0.013939777398959907,0.739378022538993,-0.001827204146920322,0.10153523802058939,0.21940266843035766
0.55,0.8013795487519323,0.6492249340027056,1.5491369007911773,1,4.094817567862801,0.0,30.372384923687726,103.46354294039389,0.04958754267214882,-0.0009438436980060416,-0.6671408993707264,0.07968149414623116,0.9694300485717282,0.045577442481354924,1,1.0523995222564164,0.0,37.94412673321729,286.29136801499016,0.231455475220939,-0.09279297522000296,-0.707197574251603,0.0433288302787182,0.5754323065299953,0.3479532383264915,1,3.7374527747684647,0.0,51.86826973159644,710.7642677703027,-0.3527271800695626,-0.028097407789831608,-0.2274756520340575,0.05492728855659733,0.2676117362602408,-0.1557601630343809,0,0.0,0.0,266.75622964644487,208.2529080036947,0.4080243406458918,-0.16826199813765647,-0.04205223367892508,-0.0015059340381755604,0.020020437438092786,-0.24292810135104784,1,2.063183418780995,0.0,2.809046196628247e-11,895.0591783951098,-0.3817527399577505,-0.2358641115840534,-0.4755986986237033,-0.029020197198208114,-0.44864078126149454,-0.11124838950794325,0,0.0,0.0,243.63391812022576,2.8199950596546266e-09,0.003955330007942681,0.012870811558618245,0.7382260571788659,-0.0013509776983843952,0.0892041499580225,0.22086768296420572
0.555,0.8136716312039347,0.6610524337413243,1.5400961195347587,1,4.099957021423637,0.0,83.30828038519091,85.74412844971431,0.0506125505010569,-0.0018773347906053672,-0.6555723329916743,0.08391586421590558,0.9766417430362215,0.04991657496123554,1,1.0698762151505623,0.0,36.82162009076729,289.32566313945154,0.2080276449591234,-0.09578775309826759,-0.7074952478292149,0.045732595253198005,0.6165055883954502,0.3577955925482288,1,3.7018715041465433,0.0,53.63614565304563,674.9988554784051,-0.3465701923001103,-0.018225422835613014,-0.2391396503161871,0.062144883614088944,0.2698327743343296,-0.16639130790029605,0,0.0,0.0,276.75364736321313,212.12960610624063,0.3983301967906494,-0.1728246621356601,-0.016740864897470065,-0.0015074399111328907,0.01813200934710335,-0.24237419645099575,1,2.062254729858328,0.0,2.184936131276386e-11,882.0255892582954,-0.4031458800267629,-0.23537903116771486,-0.47405573365737363,-0.02995832376992763,-0.45470541019820265,-0.11394904324426947,0,0.0,0.0,235.51539293292834,2.1934523907994397e-09,0.004281569394064544,0.012410228380655641,0.7367281017820881,-0.0009438396418975231,0.07916720716850034,0.2226281526750099
0.56,0.8268978303252952,0.6732398687490183,1.5306142425087528,1,4.109163764292625,0.0,163.69162413484176,74.16109168491074,0.049748619348019996,-0.0021357953666576446,-0.6384943973783235,0.08790141291035511,0.9837164432011309,0.05456644842945106,1,1.5218499160287229,0.0,36.666201561285774,295.97251431804966,0.1834547548093144,-0.09841749739669226,-0.7075250569721676,0.04760562257088924,0.6549230957744188,0.3668038607216762,1,3.6839176007001098,0.0,53.89073687454258,629.4791387062791,-0.33791950073733945,-0.008666962846269666,-0.24913114340145226,0.06907188975481095,0.2691556098562313,-0.1741375729944113,0,0.0,0.0,287.65220515725196,213.99967015268297,0.38673062821873894,-0.17709824796152868,0.011922130822479726,-0.0015028990985777035,0.016453175371664353,-0.24148446572554635,1,2.0417907014094294,0.0,1.6994899918297115e-11,853.7083368906455,-0.423079769292916,-0.234122794295214,-0.47275148301437686,-0.030990690920209868,-0.45831240917689686,-0.11630754151746397,0,0.0,0.0,229.73933100818488,1.7061141203889287e-09,0.004558600902758059,0.012781591579698937,0.7349027338644298,-0.0005901628296050843,0.07140363931898208,0.22501188606358874
0.565,0.8422272144774017,0.6868924400975146,1.51937729996323,1,4.104744213460363,0.0,257.7838814652997,68.42511210315747,0.045645744304850744,-0.0011675195962211893,-0.611498313679647,0.09187964170754984,0.9919669945885194,0.060028844651183355,1,1.1591860483827212,0.0,37.37631645771926,304.4340772875187,0.15836216477600562,-0.10070902719873986,-0.7072632915734312,0.048788421188264874,0.6908806581096081,0.37502437469284794,1,3.6316035510677445,0.0,52.87098247161986,577.3185454930162,-0.3270547659586014,0.0002874476295039452,-0.2578251124508215,0.07596449153593172,0.2651935266629115,-0.17833380769168478,0,0.0,0.0,298.8956889251595,214.51628260203483,0.3734016662075955,-0.18104743381685345,0.04297635639064756,-0.0014849313350542293,0.014971530047607873,-0.24005491046111607,1,2.0376566718172056,0.0,1.3218996157302314e-11,811.2427118121369,-0.4411790633670756,-0.2319951984132551,-0.4715519550476335,-0.03175714448132391,-0.459107068748676,-0.11832091438954023,0,0.0,0.0,226.13494067158197,1.3270520044109961e-09,0.004807674110849813,0.01410368606090806,0.7327874824700749,-0.0002737273700099824,0.06579670179991237,0.22839210158411138
0.57,0.8685276526431316,0.7071844777037077,1.506692899562233,1,4.796813339617019,0.0,352.8410572753955,65.66060966642141,0.03534279496280612,0.0013416480121152263,-0.570083662716119,0.09439547717892185,0.9986150309025337,0.0648694968136866,0,0.0,0.0,38.83546478681641,312.9334141515803,0.1319250712407103,-0.10119342546569654,-0.7078795980787314,0.04810095147721721,0.7254193442236478,0.3829893380847331,0,0.0,0.0,51.07199426731553,524.132353103619,-0.3130655772826465,0.008442731255424607,-0.26589217411357136,0.08345170291652455,0.27151570351400034,-0.17335187298810845,0,0.0,0.0,310.1100404470047,214.08461569213787,0.3585894913009203,-0.18475692684964323,0.07550457537294442,-0.0015053740647437697,0.013668072976562362,-0.2379445343224448,1,2.254906233990783,0.0,1.0282017560964984e-11,759.8463647058609,-0.4575431949551423,-0.22846869048876894,-0.4690959267638748,-0.03221464015702491,-0.45200954918862135,-0.11979690604065307,0,0.0,0.0,224.62070808494445,1.032209394064323e-09,0.0050964883641873016,0.01634304869172909,0.7303335348835034,-1.0621053788115176e-05,0.062102056655156446,0.2329716862905914
0.575,0.9126710981275424,0.7411073578216532,1.4876615492335603,0,0.0,0.0,440.9256869733424,61.97898761239463,0.020265751280564903,0.005017758659960847,-0.5081093865864963,0.09492708365783906,1.011771037026792,0.07274213463239144,0,0.0,0.0,41.436591804133506,320.66272252068535,0.10430707323574429,-0.09962432359404039,-0.709518288430071,0.045229088670787065,0.7585622348333758,0.3907420387689761,0,0.0,0.0,49.200142668998254,471.3547675076396,-0.2941994632426641,0.01590288007211038,-0.2787122195761391,0.09059411813488318,0.2708619031709234,-0.1651278276139556,0,0.0,0.0,321.0436639441864,212.42486562452612,0.34267236991950434,-0.1880018213337798,0.10852661517625117,-0.0014468144585156328,0.012524419711566592,-0.23507142234372888,0,0.0,0.0,7.997572876635684e-12,706.4959824339572,-0.47205948212935955,-0.22016690955736218,-0.47184215634702054,-0.032248789641861286,-0.44263996420416873,-0.11931668294607556,0,0.0,0.0,225.0668702333182,8.028745140756816e-10,0.00532699125437075,0.01946360168342076,0.7278438773523199,0.0002660043888509517,0.0600545076407939,0.2387844099351491
0.58,0.9679775011857232,0.7831609459233457,1.4584120812786412,1,6.756722392205695,0.0,519.6572419395856,55.294826207551665,0.0029556387861440214,0.008327819776329681,-0.4227745087561585,0.09244843079566145,1.0317550315948247,0.08338565409809745,0,0.0,0.0,45.48331562522093,327.9380229247825,0.07523847026499175,-0.09328402205043318,-0.7141921906618163,0.03965077428684882,0.7909326058949517,0.39873624064366514,1,3.596583934560511,0.0,46.48597529159173,419.83768697861717,-0.2729068885740036,0.022275486473742334,-0.29316541140264585,0.09791103393471186,0.2647406659409781,-0.15409589811372099,0,0.0,0.0,331.59193056993325,209.1031395098679,0.3259558546750242,-0.19097504473474175,0.14130742944879104,-0.0014211257132576427,0.011533548012144568,-0.23143350825704503,0,0.0,0.0,6.220683006798513e-12,653.7577870198651,-0.4841944019291273,-0.20969270163522413,-0.47590527684780115,-0.030980513872159027,-0.4309142401385664,-0.11812047525231523,0,0.0,0.0,227.19030824064035,6.244929459652761e-10,0.005394909089093236,0.02318710617096409,0.7255195031374917,0.0005109372074308394,0.059097263634142916,0.24560127477682847
0.585,1.0305820789564901,0.8290295123738816,1.4205288014004789,1,7.642441136851309,0.0,588.1258225493425,45.577002340177984,-0.018763887056010065,0.012628252189303912,-0.32236923763587866,0.08792803152980133,1.0550618821525164,0.0953245487037389,0,0.0,0.0,51.75064167877827,337.21221095299,0.04786127524950179,-0.08554063091362729,-0.7194200505436914,0.03341051921818611,0.8207302530580285,0.40598917976882465,1,3.9356735183911877,0.0,43.26728558571503,371.7444652783868,-0.25139826886563776,0.02691322573584265,-0.30802838606384775,0.10462913141828258,0.25174625629110947,-0.14167966244274388,0,0.0,0.0,341.8530540209774,203.37116023609806,0.30909233443245127,-0.19348680901986698,0.17339490259501833,-0.0013046372598669032,0.010574085682360845,-0.2271476773404358,1,1.3223198423179532,0.0,4.83858011273919e-12,601.7047219050215,-0.49449552531735086,-0.19714235430336768,-0.4821987197874942,-0.02930489175944706,-0.41793038623535117,-0.11612687361890572,0,0.0,0.0,230.56533100674332,4.857439521658889e-10,0.005417659397979335,0.027506888570619115,0.7233506261161484,0.0009351297669214637,0.05904651766848956,0.25325909940364916
0.59,1.098870672323793,0.8767245156146299,1.3758901838129913,1,5.3527984114907055,0.0,644.6008554831473,35.533411778670526,-0.04290736213188262,0.01751849163707525,-0.21396124635445224,0.08193491226784577,1.0816584247770893,0.10899455796036658,0,0.0,0.0,60.35899633012581,351.0644132699504,0.02481237488236876,-0.07891350728996804,-0.7236015166223215,0.028186125801490436,0.8473501248464319,0.4121389807780676,1,2.803300847276985,0.0,40.02424217939788,329.5218527272624,-0.23030945164690797,0.02959750258804772,-0.32385258329308053,0.11013485542588057,0.23454465928398238,-0.1276881896106622,0,0.0,0.0,352.12470454242293,194.65665411510003,0.29250310896288534,-0.19555671520293466,0.20411830806798292,-0.0011381603971581389,0.009788712488578932,-0.2222878207411433,1,2.0588671908547918,0.0,3.763550960852476e-12,550.1396081293019,-0.5041538088012556,-0.18515851274472306,-0.48905333093715164,-0.02906080391052135,-0.40488130735126693,-0.11417892268311947,0,0.0,0.0,234.65640367505625,3.7782202119358574e-10,0.005469221359153842,0.03221309945295814,0.721304701436966,0.0015747416336167885,0.05960177567301117,0.26150161608030037
0.595,1.1733526804830499,0.9256172946295872,1.3249586183096007,1,1.4334698141171176,0.0,688.5842391883139,27.638646653775165,-0.0677590765812911,0.021659398888683568,-0.10283958219874778,0.07332330723386832,1.1120087661455036,0.12464078593099154,0,0.0,0.0,71.23144207045519,372.66387962174986,0.006239698102076918,-0.07312417059615739,-0.7271577080274501,0.023774260502085476,0.8708720672535497,0.41729355148892594,1,2.759832200948609,0.0,37.21817083108158,294.8153605389436,-0.2084330944054127,0.030799431850167203,-0.34255118145909136,0.11470607654907279,0.2155826889370014,-0.11230489169095496,0,0.0,0.0,362.7932063948226,183.16018266785224,0.2769104067084558,-0.197268561290513,0.23317260162114684,-0.000983986733637865,0.00916299231697204,-0.21705090289478887,1,1.659455469356097,0.0,2.927370324538238e-12,499.19335285753994,-0.5134185173629486,-0.17291404261349586,-0.49722061869973877,-0.030072956894769715,-0.3918431744944708,-0.11168278401814596,0,0.0,0.0,238.87270686810814,2.9387803813572813e-10,0.0054367405692254955,0.03699309500507464,0.7195872906809815,0.002385640672110431,0.060208127785182475,0.26997865328247767
0.6,1.2536962649335752,0.9746701379837015,1.266721004147365,1,8.197481772297108,0.0,720.8800741478278,21.497929712192075,-0.09245316960411021,0.02429560978134082,0.005164619865770437,0.06206299941557564,1.1423790632386226,0.14062399678830861,0,0.0,0.0,84.87017017596038,405.2333254367917,-0.007822970704409293,-0.06809747286037138,-0.7303675287481246,0.020075752287813775,0.8912144580178141,0.42151575170908884,1,2.4769159260184326,0.0,35.258680840206125,268.3347305984922,-0.1870426905557525,0.03069862860516892,-0.3626839475329289,0.1186604841423561,0.19506677487122004,-0.09715976742913641,0,0.0,0.0,374.1776104667383,168.65495796507014,0.2631975124717034,-0.19860099233067557,0.26056731481585027,-0.0008314145366785652,0.008559856783109332,-0.21172998396162643,1,1.348307245796334,0.0,2.276971165297054e-12,449.96559233785007,-0.5224139762089242,-0.16092712631187478,-0.5060339823812476,-0.032283207582415124,-0.37924057251804344,-0.10891767642788319,0,0.0,0.0,242.64109229934678,2.2858461512028636e-10,0.00532924061463369,0.04172225290026765,0.718232083087482,0.0034330821313321713,0.06054011954798155,0.27842070395255586
0.605,1.3414552978473262,1.0225244892280265,1.2008556719138879,1,10.897197966027464,0.0,742.3687724862843,16.72154891300455,-0.11703775656651372,0.024738388989458293,0.10547921131610405,0.04797160431147604,1.1689549406043265,0.15501467697752389,0,0.0,0.0,102.67733220800244,450.0683365300828,-0.017630709081678964,-0.06401031388971967,-0.7333279561517909,0.01698854072836037,0.9081878568487292,0.42480444747635715,1,1.7848474522426112,0.0,34.327705142806316,250.2039518823787,-0.1641828488432573,0.02995773414711289,-0.38612955341855226,0.12296434193966861,0.1775659728881136,-0.08120721089823375,0,0.0,0.0,386.8452207381954,152.48566955078422,0.25203628000685774,-0.1994099709905232,0.28611253489214583,-0.0006433828012668008,0.008041595950832647,-0.20655112794218491,1,1.6688660605071932,0.0,1.771076807104013e-12,405.88540776896764,-0.5320921051613141,-0.14896991393461323,-0.5160521175442059,-0.036636528157700826,-0.3668221377750469,-0.10582864354904586,0,0.0,0.0,245.47549823338966,1.7779799607059188e-10,0.005250109684728166,0.04631988666953324,0.7171064656614592,0.00475662139049253,0.060554433855159795,0.2866182484865662
0.61,1.4398765895827867,1.0689004457461315,1.1270791608274335,1,11.34054483839241,0.0,751.8746353054082,13.006377906772524,-0.1418439882647653,0.023036592912708043,0.19647587785743426,0.031314482608024885,1.1942515402305383,0.16894045532352825,0,0.0,0.0,125.15423030528656,506.23667563249603,-0.023661062111399955,-0.06070803479536657,-0.7363536468927705,0.014427174090569261,0.9216422820180941,0.42713391448580573,1,2.1361796588155926,0.0,34.457692777389866,239.71307791839894,-0.14064839097460835,0.02876223126324695,-0.4123092337834382,0.12736882119428428,0.16343761714507954,-0.06529176537388394,0,0.0,0.0,401.93164071502855,137.5533853873393,0.24414701134115954,-0.19967873275580478,0.30996031074657937,-0.0004289762783091233,0.007526631136105966,-0.20180613676519657,1,1.6824780896459985,0.0,1.3775813697019438e-12,366.7987720018276,-0.5427882428535764,-0.13564007417538337,-0.5284841887735738,-0.04308420647110203,-0.3541919833592797,-0.10168820093707781,0,0.0,0.0,247.21233830770888,1.3829507900207192e-10,0.005161590409676897,0.05067243500435925,0.7162459301139539,0.0063328265151624125,0.06009229164429053,0.2942725681895453
0.615,1.553868070184271,1.1123812106689748,1.038609801757859,1,10.953721159602667,0.0,746.7055433632754,10.116638544304832,-0.16813796669342984,0.01857721958755515,0.2766281350484534,0.011710602883009236,1.2183027190860118,0.1817478695593927,0,0.0,0.0,151.18789342638982,570.77728106755,-0.026689137467214685,-0.05826132235071757,-0.7395321672997806,0.01227217934170366,0.9314264378961283,0.42841802724403344,0,0.0,0.0,35.553171812314105,235.85928310987669,-0.11314088744381445,0.02821859100248547,-0.44198846258846114,0.13505648980970064,0.15505500864853472,-0.04842238182458607,0,0.0,0.0,419.1786031002709,124.12298665569507,0.23989181963781356,-0.19940070125646742,0.33239315047581197,-0.00021531519384410114,0.007059234072195775,-0.19772975103841803,1,1.8122516341154147,0.0,1.0715122136645043e-12,332.4453061498968,-0.553861227637606,-0.1217228983710299,-0.5418123136936721,-0.05063292033661618,-0.3429420031975734,-0.09694301793354293,0,0.0,0.0,247.77035744910162,1.0756886634760398e-10,0.0050257827920909826,0.05461556060364614,0.7156528643835822,0.008048492732689191,0.059082100397502835,0.30111587135962065
0.62,1.6887500216392672,1.1500374373275006,0.920815690802862,1,9.083077559358744,0.0,724.9532868504632,7.868937545080991,-0.19814842159161183,0.011178209407109896,0.34313919574762064,-0.010934557723632832,1.2404710281194238,0.1929311702985902,0,0.0,0.0,178.6489183825077,639.6320133423611,-0.02750861289692197,-0.05676038690044782,-0.7428302773397912,0.0104846926674097,0.9373690893795832,0.42853468345293777,1,1.2111672109622347,0.0,37.529748228603744,237.59038033314914,-0.0802570873995978,0.028991968728526718,-0.4743982623579259,0.1478383899041789,0.15186183600230874,-0.030903975946643777,0,0.0,0.0,438.08604009142067,111.79049724320934,0.2394532711415319,-0.1985685007663071,0.35386377101266264,7.32706639527958e-06,0.006585316063578928,-0.19452971741084948,1,1.6822420801576994,0.0,8.33445086645314e-13,302.7005515053586,-0.5649900969777906,-0.10807941795751241,-0.554773046899331,-0.058833577654433256,-0.33408454763349926,-0.09193389004400099,0,0.0,0.0,247.1263568099156,8.366936185151846e-11,0.004896234234706753,0.05813202644748139,0.7152123755800386,0.009855481728273413,0.05762181979278602,0.3069584325731449
0.625,1.8454938261767144,1.1803724245027254,0.7503263750358058,1,6.138430085321354,0.0,688.2843888339738,6.12062769834188,-0.23363684941908192,0.0007442611743575522,0.39418871516420495,-0.036645924897451054,1.2599157290030558,0.20167556772390224,0,0.0,0.0,205.07189445916413,708.2967272916053,-0.026952299021616444,-0.05615818860084598,-0.7462414694514583,0.0090215101194554,0.939330026843979,0.42736652245476053,1,0.7919607019434672,0.0,40.254521689135075,244.1284654585024,-0.04006819191179645,0.031482617022848935,-0.5107470387622624,0.16624923133136305,0.1543101455465563,-0.011845288230064394,0,0.0,0.0,458.24547236866846,100.31064961258004,0.24281031410067638,-0.19727810087712422,0.3748259403707874,0.00020425366910076237,0.005988471184423361,-0.1923137073706548,1,1.614499563935254,0.0,6.482713902789977e-13,277.26799790059306,-0.5748879136377483,-0.09343176331334035,-0.5677099831847079,-0.06619311806822126,-0.32687484082902696,-0.08628611384553858,0,0.0,0.0,245.44782050617653,6.507981677540723e-11,0.004720208873989495,0.06112949771690779,0.7149497597021546,0.011618453832724335,0.05564799808915355,0.3116067033676376
0.63,1.9957544154290356,1.2044829800537713,0.5103036585431903,1,3.059030319762451,0.0,639.9050619909192,4.760754956700352,-0.2648464876475144,-0.007240881792426657,0.42852548115497324,-0.056220453358111266,1.2688644675420908,0.20369171797446206,1,1.2651914776035074,0.0,228.4605546686272,773.2385876466778,-0.037901594552389506,-0.059592353674021936,-0.7466584375078,-0.0010960475963872063,0.9505687468719,0.4311533268791524,0,0.0,0.0,43.81216680296791,255.27712475176278,0.0063581075072876025,0.03527246767664438,-0.5503706073355175,0.1891426997199127,0.16128705526902332,0.008809319845549557,0,0.0,0.0,479.3708182830235,89.57958648317472,0.2652867242696848,-0.21968259249073302,0.43384703606141084,-0.014886159719452674,-0.004970329575200605,-0.20185558250083732,0,0.0,0.0,5.042393340463848e-13,255.0758285621263,-0.5753038499567946,-0.07015436534309982,-0.5825844440839913,-0.06383492872528332,-0.3166115760207182,-0.0780833942844083,0,0.0,0.0,243.0588257262645,5.0620471553694645e-11,0.004447491399187875,0.06455162434735173,0.7148171220055428,0.013938568971937348,0.053162169876534104,0.31499939033716684
0.635,2.0422280355173674,1.2740310894986928,0.48268328719910736,1,2.227676671809626,0.0,581.6623994730402,3.7030168921868927,-0.27643810684789927,-0.009576536989466644,0.4538908877465646,-0.06278679062630949,1.2566157523774588,0.19270511617112607,0,0.0,0.0,247.38695020251924,832.5469848593306,-0.03569693489851722,-0.06039470583564088,-0.750141392161711,-0.0015109157273437979,0.9426734851845362,0.4263373111642413,0,0.0,0.0,47.76285849302238,270.49087439921703,0.03829368413430423,0.03586986457303498,-0.5753743964302354,0.20876813766462932,0.15454655599415146,0.021614761706832047,0,0.0,0.0,501.4056690307773,79.60285864279082,0.2781038943487018,-0.22325781184449095,0.46052464094962,-0.01862453515072998,-0.00751066135751155,-0.2033530718137411,0,0.0,0.0,3.9220812427047964e-13,238.4698880666682,-0.5674345368332321,-0.03473366365350894,-0.6043391452580975,-0.05336108739575063,-0.3016721734822083,-0.06601444201196616,0,0.0,0.0,240.37800954064915,3.9373683997320616e-11,0.0031964269432633863,0.06725227142985657,0.7161913481545359,0.015785167706407727,0.04962690403625336,0.31694742019955024
0.64,2.0436397633532657,1.2766047832424054,0.48297812403887597,1,2.977248036051875,0.0,518.6574496490539,2.8802856329588127,-0.2782473937516601,-0.009187237583756225,0.4822624298135514,-0.06392699032322902,1.2519023515757526,0.18470621019097647,1,1.4630626885812537,0.0,260.63211105103494,879.0256375815848,-0.03329487836731215,-0.06202911816299683,-0.7538479025428699,-0.0011791396031051726,0.9289242849147721,0.419493964391054,1,1.5146159414091471,0.0,51.15645239675398,288.6998390193618,0.04878429231728054,0.03129767222033619,-0.5842963714810829,0.21940219699718955,0.1393012935036062,0.02935474009577492,0,0.0,0.0,524.580515160206,70.38938546639363,0.2867983203215735,-0.2154588427165091,0.4721820507322798,-0.0152447519839643,-0.005844065527262687,-0.20125823468588896,1,1.0930450782967418,0.0,3.0506785638745396e-13,225.7875223002697,-0.5630454058503553,-0.010922172210154235,-0.6170523953246492,-0.04805373362215204,-0.2933888587478908,-0.05739699975772472,0,0.0,0.0,237.84493013029305,3.0625692411348365e-11,0.0026994181551711627,0.06910487999524628,0.7165583151709691,0.017122468255147683,0.045931689245538365,0.3178091190869783
0.645,2.0480695284915353,1.2693599910712374,0.4855062975633218,1,3.266889483962027,0.0,460.6616773895755,2.787909926066633,-0.2762272394200782,-0.010052155117991401,0.5081613054184366,-0.06463512389549397,1.243496418281507,0.17378645132878562,1,1.847981488501847,0.0,267.7032086924988,912.1232915460606,-0.03519847547539379,-0.0664400362553399,-0.7564274051141555,-0.0031842456486294024,0.9189038231598636,0.4158779901629637,1,1.099130970620802,0.0,54.35084136588129,309.6812604483024,0.06276534097101871,0.028384801686382688,-0.5947747566892052,0.2319161606963387,0.12127151007539894,0.036130303072751765,1,0.22193958590400814,0.0,548.2324137115476,61.79116423693239,0.2981626754459137,-0.20936776885988367,0.4853323914135075,-0.013357289120611071,-0.004645248763938792,-0.2000866585325969,1,0.7677898494633091,0.0,2.3728829476427314e-13,213.41496662370633,-0.5647493737997635,-0.00043099321168882376,-0.6201975428759394,-0.050332407047240346,-0.2911222969732463,-0.052361753421186985,0,0.0,0.0,235.86429587743038,2.3821317703935117e-11,0.00247573341766838,0.07070476030254258,0.7163682374388716,0.018170063372381612,0.041892807954941436,0.3176014447411489
0.65,2.0535267285429404,1.2611663475192532,0.4883098763074716,1,3.3319203697347697,0.0,410.6941512913347,4.925309168216333,-0.2719876800527645,-0.010863920043994557,0.5298541716850718,-0.0641542642455642,1.233437083287052,0.16163215688264512,1,1.6128573601586347,0.0,268.68859162144497,931.1703639499736,-0.03853964211744665,-0.07086641034872065,-0.7594059465780609,-0.005566910126828584,0.904485835720251,0.4122657227752355,1,0.8177831850446377,0.0,57.45293614594473,334.5938577449634,0.07891698361534916,0.027516935590563896,-0.6074276192997894,0.24392132450823706,0.1008990128085836,0.04184604224829352,1,0.24742046572259685,0.0,572.7300109217556,53.727709774361145,0.31188433429633833,-0.2051131623487758,0.5003008618999285,-0.013032612004142463,-0.004083880415612695,-0.19972620159204083,1,1.1517087907469352,0.0,1.8456790400305241e-13,202.1218064899197,-0.5652031891184879,0.009665833873936158,-0.6230268112228439,-0.052797693087117764,-0.289584984090562,-0.04719014332454724,0,0.0,0.0,234.75322266563106,1.8528729719153777e-11,0.002284542743891116,0.07205011450467769,0.7160645419430585,0.018907047974493718,0.037464986388643595,0.31639442163314413
0.655,2.0596733297246277,1.2531030919768418,0.49131860279733125,1,2.941134376112863,0.0,367.42585704036617,10.797374781374035,-0.2658826570975036,-0.011952155281384047,0.5482704034255863,-0.06323972421184443,1.223118347730283,0.14887726648353486,1,3.1781614382054535,0.0,265.09057063239067,936.9925532412425,-0.04343631344396548,-0.07483075535367067,-0.7629537053334334,-0.008489678207897478,0.8855495714472399,0.40900379581574087,1,0.5693361163460047,0.0,60.543160111927484,362.77747699734493,0.09650662086921713,0.02873307355330712,-0.6215801963407692,0.2551624555520781,0.07925115612305667,0.046290231912054045,1,0.35223883290681485,0.0,598.8109862308752,46.19456794263405,0.32647691003641277,-0.20009191093114115,0.5150269301415129,-0.01237124410426671,-0.0035083370863335794,-0.1994341642339115,1,1.1342817648709291,0.0,1.4356085799310546e-13,192.71672416173496,-0.5641909291087728,0.019411233041345177,-0.6256431562822189,-0.055320663448378105,-0.28852580790352245,-0.04184161267243114,0,0.0,0.0,234.68512656903937,1.4412041738091558e-11,0.0020931813047688763,0.0731869649836635,0.7157173598513384,0.019350419446133763,0.03277490406544725,0.31430262480418464
0.66,2.066317870813141,1.2450391248650623,0.49418384426145034,0,0.0,0.0,328.7227262508785,20.841422258879938,-0.25735344775412583,-0.012816006979289918,0.5634794219405683,-0.06153374838565118,1.2115021058893827,0.1351219549981275,1,1.560480897810931,0.0,258.68866162220843,930.7309806651465,-0.04957080546208115,-0.07796617436376008,-0.7670326962640064,-0.011885860894076339,0.8603764345763039,0.40541759980799547,1,0.4914100963187192,0.0,63.47820138585313,392.9893886912319,0.11452821712869854,0.031936061480284605,-0.6360980010177988,0.265587851378568,0.05751213151637624,0.04918313935037094,0,0.0,0.0,626.3170722622701,39.20385871565849,0.34156259706259096,-0.19451386776018437,0.5294241554549743,-0.011540373356774658,-0.0029336463456668405,-0.19895078617244397,1,0.6490177510983364,0.0,1.1166470172070516e-13,185.17868246999132,-0.5613470017646016,0.028799921786323956,-0.6280115800445423,-0.05765475123046068,-0.28789931899265553,-0.03640861963783443,0,0.0,0.0,235.6609804867788,1.120999389643962e-11,0.0019448565909168103,0.07412903419812089,0.7152815746039043,0.019502430301729518,0.028151570945939897,0.3115027530852913
0.665,2.0734878306034634,1.2375571111663624,0.4969941632523522,1,1.5713311820279767,0.0,292.34934750473616,39.12076152942985,-0.2465547158077992,-0.01342530986963214,0.5760934415745589,-0.05922831879632834,1.1985425273995538,0.12062360668851241,1,4.255870805397922,0.0,250.82750116493816,914.3452626772503,-0.056892493705689384,-0.08021762385167786,-0.7714662063391142,-0.01593686695064478,0.8289675334901339,0.40150663371512074,1,0.44395587128350883,0.0,66.05567640387905,424.14435807814976,0.13286490637801585,0.036905344455849365,-0.6503967238045754,0.275724441798539,0.03778835004272163,0.05068273835694836,1,0.17623929267696697,0.0,656.3400741765096,32.76323960864628,0.35676456632198056,-0.188166735456542,0.5434874703163497,-0.010360996231336295,-0.0023395383100732747,-0.19804497208391028,1,1.1774191319893803,0.0,8.685519008929911e-14,179.3911714199246,-0.5570621294803819,0.037739280288231924,-0.6301874475203035,-0.06018645590643443,-0.2870219038267414,-0.03077694612087145,0,0.0,0.0,237.51968851764127,8.719372691384804e-12,0.0017668198277109859,0.0749343842252167,0.7149040379800973,0.019437385106098562,0.02369536344574419,0.3080901329922539
0.67,2.0816254898092703,1.229914884779405,0.5000812802711855,1,2.0629555500158907,0.0,258.17957275385265,64.56526213589773,-0.23465864881292653,-0.014017136030717303,0.5861267632226941,-0.05694015379333317,1.1855427488570969,0.10624810055091712,1,2.510721981673799,0.0,242.49860432142384,890.0928153472852,-0.06450551511806202,-0.08040268934131878,-0.7768954842525391,-0.0202259984463094,0.789888327878622,0.39617142114869075,1,0.4378121059982449,0.0,68.13411906956098,455.01817381998984,0.15094852009698645,0.043423006069836845,-0.6636895351243759,0.2857073567016045,0.022176217550940125,0.05108395374028218,0,0.0,0.0,689.659887391953,26.8704966970831,0.3720385716845343,-0.18163557675272252,0.5579503559173458,-0.009290207167561293,-0.0017380699574518488,-0.19664064642883064,1,1.1542761875613092,0.0,6.755782202612992e-14,175.198643296446,-0.5507175920045921,0.046372599884710874,-0.6323330346336291,-0.062433123361210235,-0.2865604858032462,-0.025138024334728115,0,0.0,0.0,239.99170904928567,6.782114319920726e-12,0.0016376095892951525,0.07558277445291939,0.7145093141727565,0.01915725155657441,0.019713125086432193,0.3042754146485694
0.675,2.0912971104486147,1.2212923226976897,0.503200311135019,1,1.2880493048066148,0.0,225.76819034810217,94.61665634315189,-0.21983689969956643,-0.014075463116035247,0.5946552303967279,-0.05365391835937816,1.1706468605749494,0.0910924932265851,1,2.5253570569530366,0.0,234.3422300145616,860.214592359623,-0.07241653554437799,-0.07943008384636308,-0.7825113870161655,-0.025030443301630234,0.7435629230172083,0.38916243404884654,1,0.514258612176622,0.0,69.8830324809699,484.40250128985815,0.16849457905824572,0.05105243562825945,-0.6756783240998474,0.2955647140297324,0.012293891501694576,0.05034324321897238,0,0.0,0.0,726.1661228786664,21.51586986862651,0.3871247277976674,-0.17475135190047925,0.5729767797327217,-0.008186756819589969,-0.0011882986046505284,-0.19455395220630964,1,1.515735931301542,0.0,5.2547916966410016e-14,172.37959086760952,-0.5435555856581911,0.05428519055893255,-0.6344132561424669,-0.06541686499716481,-0.2854709956855679,-0.019282500662172963,0,0.0,0.0,242.74732565467409,5.27527337992116e-12,0.0014904770388732835,0.07607122540571587,0.7142226331588841,0.01872543404928896,0.016103510425746093,0.3001255191834821
0.68,2.1026250429494078,1.2113750349449008,0.5065705633390146,1,1.338345837386086,0.0,194.49562303501364,130.41468022833007,-0.2028200159860919,-0.013970029735733025,0.60145358342541,-0.049876252112537156,1.1544450275714822,0.07571283140127189,1,4.029794299477237,0.0,226.7414667355923,826.565011377305,-0.07989359260447171,-0.07697264069778664,-0.7885250573927705,-0.030048441671979342,0.6904479957751706,0.3801191806737436,0,0.0,0.0,71.31061918934324,511.7795902663033,0.1848579915417492,0.05952169773603255,-0.6863872013175782,0.3045359248747413,0.010168877995513803,0.04868272994248498,1,0.23235436704315615,0.0,764.750949939388,16.79300753360055,0.40208559684996814,-0.16797830591082447,0.5890856976576133,-0.007414230420327406,-0.0008264817362979571,-0.1917555949335016,1,1.6551742793686177,0.0,4.0872892208406515e-14,170.9109661937281,-0.5357477453932566,0.06179087389743909,-0.636881164948625,-0.06922497182120371,-0.2836242633211339,-0.013104700258237734,0,0.0,0.0,245.41514989414063,4.103220311572409e-12,0.0013489262140340408,0.07642668729271318,0.7140340178445623,0.018189049263522217,0.012982564062098634,0.29580057576020685
0.685,2.115324645313875,1.1993207512218078,0.5095258910692605,1,1.0595725931353321,0.0,164.55073136357242,174.48344452019018,-0.18308906430090177,-0.013418408581796604,0.6057074331033294,-0.0451107275888879,1.1360985357037314,0.0599006711009018,1,3.1153094657101428,0.0,219.88666045890176,791.139404819816,-0.08620198171670523,-0.07333953597921572,-0.7947474631671649,-0.03492247426907047,0.6302046965735406,0.36811140298902,1,0.5420210446085632,0.0,72.53093349334515,535.1693854718122,0.1995770609795393,0.06844620110891175,-0.6956887847807929,0.31231347166187357,0.0171468419157903,0.04627556252090384,1,0.4404453705560107,0.0,804.3971471772503,13.061959948185295,0.41694000037233747,-0.16142008135880154,0.606721725217906,-0.007037541336522235,-0.0006694235695001716,-0.18826183953703382,1,1.9896890468138246,0.0,3.179180858011754e-14,171.80059882644053,-0.5276765817583398,0.06923079382268993,-0.640225802302542,-0.07401191507572755,-0.2805300406127065,-0.006395910405082084,0,0.0,0.0,247.6457600213265,3.1915724006614416e-12,0.00122296143191436,0.0765791349035646,0.7139363556681035,0.01754769573136765,0.010320420358578275,0.29140365697581244
0.69,2.129064492083474,1.1848580247510438,0.5117855198056016,1,0.5776473298885477,0.0,138.6373386143892,223.0440273152834,-0.16041866439805963,-0.012198742536571772,0.6052343982836801,-0.039006762512236615,1.1149796222213848,0.04353165581874993,1,3.5554060595863417,0.0,213.84472609789873,754.284361741911,-0.09134971117947144,-0.06879465814875285,-0.801116065640129,-0.03979212669699381,0.5657711112063808,0.3540864776710955,0,0.0,0.0,73.98632256576124,553.4206542003237,0.21185767229379993,0.07716048191082137,-0.7028399167328221,0.3187720673768011,0.03428801916623114,0.04277398551036999,1,0.6707872316096476,0.0,844.2581940456944,10.159871443314694,0.4317684821328962,-0.1552543153090406,0.6258864651248355,-0.007153085611996901,-0.0009191709806337656,-0.18414886975331593,1,2.090005525698655,0.0,2.4728347767544483e-14,175.25344691902228,-0.5206425549421874,0.07611512865051484,-0.6445654758890103,-0.08070737412117329,-0.27562453011220045,0.0009590657250874712,0,0.0,0.0,249.21975443942478,2.4824731833032804e-12,0.0011017266325108466,0.07658444920021279,0.713943423429561,0.016877795691303515,0.008065871968479188,0.2870203468895401
0.695,2.143348700734577,1.1681212686560807,0.5128790846937742,0,0.0,0.0,117.82669481477825,273.45129650354545,-0.13546642105910522,-0.010270942661051441,0.5961104139515689,-0.031665388601985145,1.091511618382236,0.026992174409245312,1,3.6666394240816613,0.0,208.63476868198853,715.6144071785722,-0.0938192535178568,-0.06402731459024125,-0.8071898012064802,-0.04357314866298126,0.49621360282653626,0.33698039370890015,1,0.6347959841984714,0.0,76.67155229259231,564.9705904021354,0.22086982565711288,0.08504189533521345,-0.706939559652525,0.32380318736849895,0.0637634339705575,0.03766111098939698,1,0.8217799990804557,0.0,884.8849901596666,7.902565017359607,0.4466913481592017,-0.14961760617612435,0.6467004653651625,-0.007789135274070991,-0.0017137356271137438,-0.17958499655437313,1,2.652626028740817,0.0,1.9234237076246308e-14,180.58522478256995,-0.5144316256246675,0.08174440687286566,-0.6497245217751351,-0.08902357403814729,-0.2703675143981086,0.008452143883937724,0,0.0,0.0,250.19676008160016,1.930920666108885e-12,0.0009629343386490241,0.07638536330832679,0.714075074889877,0.01615905687964593,0.006161708022055068,0.28272841117401387
0.7,2.1578190646248894,1.148738350484464,0.5125091274549315,0,0.0,0.0,101.15932964234185,321.5759363875327,-0.11148953087132152,-0.008207746649110781,0.5719647900638298,-0.024610435723442625,1.0693739655181285,0.012394001331305082,1,2.1207554148746706,0.0,204.18432273723414,675.0040974659977,-0.09252714715979948,-0.06080989944511983,-0.8115572865269647,-0.04544818150460983,0.4214584484667214,0.3162597240105516,0,0.0,0.0,81.44517700731309,567.431068475035,0.22666869538645873,0.09198424075368006,-0.7082952957025725,0.3271601483176837,0.10768761068389954,0.03109578737358011,1,0.9717469774928571,0.0,925.9080396980332,6.14678386454279,0.46203397088783227,-0.14494658373055697,0.6698308007478895,-0.009169196563614257,-0.0032789498168066533,-0.17486517706730217,1,2.08884155607328,0.0,1.496080042965138e-14,187.08635752604982,-0.5099162013846201,0.08530461433693559,-0.6553641307020401,-0.09947574774243725,-0.26437036174362816,0.016058249004171965,0,0.0,0.0,250.8723030803148,1.5019113374047191e-12,0.0008255500505280899,0.0760178834957509,0.7142885495603608,0.015428828740905023,0.0045812653045631535,0.27860290578731645
0.705,2.1714265931742083,1.1259881462344474,0.5097805143338774,0,0.0,0.0,87.71032283499129,365.14768109025624,-0.09026538853536692,-0.006416141256982644,0.5276067657579695,-0.018803191085111248,1.0506757784889678,0.0008841589790239968,0,0.0,0.0,200.48451259962246,632.9090712299785,-0.0846210435659902,-0.06284648175715479,-0.8109901364531291,-0.043266379628640966,0.33658594440417877,0.2894256934976097,1,1.1307418854481053,0.0,85.81740170512984,559.5641885015895,0.2297649063944549,0.09796188542296669,-0.7071306254712266,0.32910864249428745,0.1643371478913065,0.023155774270043714,1,1.400365267766982,0.0,966.4741489267715,4.781099781451415,0.4783641357299118,-0.14129199338802884,0.6963662933926873,-0.010981594322259924,-0.00623888019023533,-0.1706295909661016,1,2.5470357865496256,0.0,1.1636830127890771e-14,193.81492166866803,-0.5093865015942192,0.08455084367188426,-0.6604512388850232,-0.11391944367315335,-0.2582306528747522,0.0232848077127894,0,0.0,0.0,251.44303935782744,1.1682187181571293e-12,0.0006708084161832772,0.07552282824081402,0.7145861356613994,0.014711190057365542,0.0032416331250977315,0.27468475854437896
0.71,2.1818907466590844,1.1016334533710077,0.5051795124472198,0,0.0,0.0,76.95152890904635,402.8255871140435,-0.0711125655311472,-0.004871145638541408,0.4615445705161716,-0.014055832227214404,1.034659184143101,-0.007997038772628556,0,0.0,0.0,197.41688258721268,589.9095973430098,-0.07032972456151554,-0.06677057879664439,-0.8083150604080971,-0.03698847283616971,0.2481694366817444,0.26048051027538693,1,1.3294870133535144,0.0,88.61717073051828,540.8651385243547,0.2291700107352561,0.10213429607413593,-0.7017753379438914,0.33007157681880755,0.22716733526237398,0.013085975571509895,1,1.4780876481196459,0.0,1007.0430449335455,3.718841531431503,0.4944221776541579,-0.13632386780039069,0.7236408736868327,-0.011092048703077118,-0.01070748157211554,-0.16666771421620488,1,2.8619952434473537,0.0,9.051375029172944e-15,200.24892386884386,-0.5129531403928407,0.08105948822952169,-0.6666292708618597,-0.1321273567980815,-0.25088563477306036,0.030814029234021878,0,0.0,0.0,252.0350240361047,9.086654714325071e-13,0.0005684285838984948,0.07499596999081781,0.7148560041597352,0.014049235128671858,0.0021993658447390096,0.2710547795043934
0.715,2.191077446699821,1.0767774569984756,0.498840478463019,0,0.0,0.0,68.56264780029835,434.0841847862887,-0.053398983519092336,-0.003517189820351374,0.37613393399216033,-0.010179178801245026,1.0207116759392856,-0.014657766431065866,0,0.0,0.0,194.72992278804418,546.7825538333552,-0.054836795795006665,-0.06985608921360287,-0.8058860048168883,-0.030583697082037897,0.16779135270219303,0.23574141407033222,1,1.594437557431594,0.0,89.84240665918193,510.71663947775454,0.22702743052671437,0.10527220883209165,-0.6943096757069798,0.3304830206973456,0.29249631200745707,0.0022201699112022327,1,1.9111845504888303,0.0,1048.3883251951618,2.892594375368056,0.5101487516095967,-0.13054650187689226,0.7519003344382393,-0.009774048050785022,-0.016608044895187524,-0.16320740032919137,1,3.093419147225772,0.0,7.040352829622794e-15,206.1436505692976,-0.5174174327612584,0.07737458975912315,-0.6752429199365162,-0.1509693089301225,-0.24246379006507035,0.03877222020025195,0,0.0,0.0,252.7130855270677,7.06779412228699e-13,0.0005244101134911361,0.07446637569506576,0.7150970061106323,0.013436527283753691,0.0014162874724854557,0.26774423138894393
0.72,2.201269764529348,1.0522312506967668,0.4913004265246888,0,0.0,0.0,62.24073771878349,458.943734745256,-0.036646299048426756,-0.0023130246721458914,0.2772036646729976,-0.007018452029116051,1.0083434282305992,-0.01946477172162886,0,0.0,0.0,192.19097012027734,503.74082978848224,-0.03957324801113127,-0.07198263897149437,-0.8038519297098359,-0.025162521152590406,0.09680737408706208,0.21635165350532784,1,1.6747611548835453,0.0,89.85359005218606,470.1031196151748,0.22592144477042453,0.10844674308344548,-0.6875359971486252,0.33068529985599787,0.35874290475633863,-0.00700593875554921,1,2.1861216827906866,0.0,1089.5415861157003,2.2499216892391067,0.5254651461904082,-0.12435396089642675,0.7806818981572858,-0.007381913124296813,-0.023504060776063485,-0.16013699185346106,1,3.119363270506739,0.0,5.476136808586833e-15,211.0879832527838,-0.5204693735442094,0.07507416790471422,-0.6868359721530026,-0.1679683163523742,-0.23319933460380304,0.04678122508737964,0,0.0,0.0,253.4922340689475,5.497481232150569e-13,0.0004991691320288538,0.07393305761325264,0.7153713546961071,0.012842343507384904,0.0008112518812186664,0.26475677500119366
0.725,2.2128568503971695,1.029614632096673,0.48497347830578225,0,0.0,0.0,57.96410726486633,480.2224666796977,-0.020516360260638522,-0.0011798050904959778,0.17170980459342688,-0.004412599364556291,0.9971988332418869,-0.022738491442185454,0,0.0,0.0,189.6497185028837,461.78935398229726,-0.024416213123397368,-0.07295535513264828,-0.8023555905322657,-0.020539173740748567,0.03473139433420869,0.20269221572373766,0,0.0,0.0,89.07968320959787,423.93077501817436,0.22932765217513662,0.1132344154535081,-0.6858209087994553,0.33073696018238113,0.427523652519763,-0.011133515970751975,1,1.689097481087842,0.0,1129.6839681803167,1.750037146865587,0.5401593986010377,-0.11719808538581006,0.8098324903863094,-0.003056305882387478,-0.03162907717491725,-0.15773605678840116,1,9.141183227308346,0.0,4.2594561767107166e-15,214.49528830849556,-0.5223004838756469,0.07139938520158018,-0.6969145038669802,-0.1794559811079696,-0.22549025044626547,0.05390425322361819,0,0.0,0.0,254.34069344423776,4.276058325262653e-13,0.0005756201153723772,0.07403875030668883,0.7154480770512854,0.01271179832441778,0.0003496061297583175,0.26209570163615387
0.73,2.2240104773789113,1.0266880019474198,0.4837423594739043,0,0.0,0.0,56.100042473642034,498.9908907294938,-0.0047325763684568645,-0.0003322060325048892,0.06566194899961575,-0.0024281057789848903,0.9869251087950388,-0.024792413869033997,0,0.0,0.0,187.05233133342534,422.52013226170095,-0.009603841475143593,-0.07387201874170723,-0.8005287380322756,-0.016855583220366593,-0.01957089935694256,0.19496190838365823,1,0.9724374936421,0.0,87.9229678198579,375.1618384148569,0.2383944485463112,0.12071018080110474,-0.6905585626017905,0.33056293772414425,0.4992348199275898,-0.008512302814420863,1,1.8527962331162442,0.0,1168.1058481320104,1.3612162725739954,0.5503703374781195,-0.11043409230273177,0.8275526552063956,-0.00164091362339025,-0.035082065147218344,-0.1514496103394101,1,4.038372693947834,0.0,3.313095993670223e-15,214.72647233600713,-0.5078946651048839,0.06656219393828167,-0.7020028569742454,-0.1778571505911076,-0.23470769277273607,0.05414854578208689,0,0.0,0.0,255.1882693902772,3.3260094994258366e-13,0.0005085840950616038,0.07350389378148448,0.7159348237922789,0.01209724810363702,-3.978261405213068e-05,0.25976302451470323
0.735,2.2349392474459426,1.0226917197137775,0.4829186685082729,0,0.0,0.0,56.07888171752468,515.5802337325031,0.011317950652251607,0.00047936432567308174,-0.036560847137359964,-0.0007740428438171576,0.9773405632353389,-0.025872149306702785,0,0.0,0.0,184.4131652731021,386.5561060214991,0.005374281378833556,-0.07390893389663367,-0.7989411200031102,-0.01365467806975909,-0.06647231819712807,0.19344522744624626,1,1.2061404537318716,0.0,86.66992355674576,327.4080175443319,0.2457598969686443,0.12715103543723505,-0.6937652101296334,0.3292749745047515,0.5632466685977779,-0.004418838929347635,1,1.225407573145164,0.0,1204.131671161917,1.0587830915697443,0.5590703812411131,-0.10310064121069712,0.8430862296716528,0.0005454378960576545,-0.03805242997496072,-0.14489405024582555,1,4.8477874839496,0.0,2.5769968296164393e-15,210.6344209232206,-0.4951172273946116,0.06150066223858297,-0.706973823371277,-0.1787699286592989,-0.24354945093819635,0.0547658423377132,0,0.0,0.0,255.94295524213962,2.5870412302178803e-13,0.0004164016714520713,0.07311119611597416,0.7165255428934241,0.011553884241811085,-0.00035177495829130656,0.25775301618100416
0.74,2.244689651265631,1.0192581648178072,0.48195180400752213,0,0.0,0.0,57.31578515154452,529.7414228550316,0.028008059963852472,0.001166253206921819,-0.13196765847504865,0.0005361219943134654,0.9683266059418145,-0.026195259546270333,0,0.0,0.0,181.86741488931762,354.92533861810637,0.02048222132325872,-0.07337051589857158,-0.797338816123681,-0.010936942952445905,-0.10681489857033588,0.1976979125245949,1,1.1113478463808988,0.0,85.52879858714755,281.83449855832754,0.25335765575707025,0.13346450827551481,-0.697594893163628,0.32712946759597417,0.621773911951407,0.002333590907340838,1,1.9320327677592344,0.0,1237.3303250289757,0.8235441035936097,0.5671535575190877,-0.096171734063973,0.8578163427479772,0.002747866921905595,-0.040977963591748656,-0.13858507825908126,1,5.053138414850969,0.0,2.0044431771795506e-15,203.9798850631405,-0.48266479150948305,0.056755684120986416,-0.7119580594959973,-0.17967377068987933,-0.2522792451927951,0.055021515919097985,0,0.0,0.0,256.5285770136574,2.0122559265097125e-13,0.0003411175689493895,0.07283657623024797,0.7171498763403401,0.011070044758640873,-0.0005583347634310343,0.25607355017404104
0.745,2.2539449482374083,1.0161863477606565,0.4809754356408788,0,0.0,0.0,59.4745537717912,541.0925805113818,0.04555059754605051,0.0017482036455180872,-0.21894960527251506,0.0015741454336256622,0.9598661905416932,-0.025931167031396696,0,0.0,0.0,179.57739073345306,328.89045348704246,0.035800081475618084,-0.07222229246819745,-0.7957373686470397,-0.008656931390786105,-0.14129374975985165,0.2067644139674209,0,0.0,0.0,84.68253294554358,240.92860071250536,0.26145786331372456,0.13966994120259602,-0.7023150290412437,0.3242002390689128,0.6750888071186409,0.011482228115660756,1,1.5531486480244823,0.0,1267.4913151903297,0.6405701941823334,0.5741702777353687,-0.08970880930518216,0.8703194481833529,0.004494552327347745,-0.0433403696435084,-0.13204993128375134,1,4.163402225520951,0.0,1.5590987169121423e-15,195.89651137990631,-0.4706005054452178,0.052953637264215425,-0.716920230409235,-0.1808856207504101,-0.2605296304429967,0.055006812505268676,0,0.0,0.0,256.8976842398582,1.5651756402167745e-13,0.0002488319466906752,0.07262210285497628,0.7178573078614516,0.010623013914911134,-0.0007170616189580148,0.2546919125825523
0.75,2.26253049197525,1.013538769323791,0.4799737726816779,0,0.0,0.0,62.82407394161615,549.4687337850456,0.06402600720317986,0.002233216102516311,-0.29682621738287196,0.0023837698897587467,0.9519902059622567,-0.025231963790680934,0,0.0,0.0,177.69725202340237,309.04760739497095,0.05149745407636641,-0.07056289210006672,-0.7940043014677463,-0.0067301312386686685,-0.17062243367221508,0.21929713875203483,1,0.9702997195535061,0.0,84.26047844114369,206.10877597628593,0.2703486382303648,0.14573936748861716,-0.7080334273258189,0.32064962402466557,0.7236283116379729,0.022597925370441516,1,1.9477892485857171,0.0,1294.7669036634045,0.49824917922947826,0.5808617111540714,-0.08384610097712025,0.8826077992025665,0.006184379186191191,-0.04569786950485999,-0.1260096258939433,1,4.636946109670398,0.0,1.2127002834260678e-15,187.54997914372777,-0.45901292327449417,0.05026826597584644,-0.7218065889482961,-0.1823426112644024,-0.2684348947092592,0.05477791364122858,0,0.0,0.0,257.04200215965164,1.2174270441718417e-13,0.0001669667222725657,0.0724637364614682,0.7185712890469051,0.01022616235095429,-0.0008197127174105479,0.25359740338157916
0.755,2.2705693187884615,1.011174960449643,0.47894404199104584,0,0.0,0.0,67.59944735368497,555.1373746123074,0.08336333316675454,0.0026264137028889634,-0.36568227717194635,0.003006363538254897,0.944769744135417,-0.024218087498050628,0,0.0,0.0,176.35898394147728,295.71733848375004,0.06767721146724592,-0.06834998957219574,-0.7921861089750675,-0.005119183664828608,-0.1954272189422941,0.23387439155248574,0,0.0,0.0,84.29441132526648,177.9835389113902,0.2796557157841413,0.15134457848923266,-0.7141210725317491,0.31655588835229936,0.7670408938627196,0.03478333823673785,1,1.671041874195088,0.0,1319.3779622924521,0.38754885390778165,0.5864170271139882,-0.07833785845694213,0.8924801577785191,0.0074876521306992405,-0.047502058394087054,-0.11981786379029971,1,4.775127972478956,0.0,9.43264182998195e-16,179.9683554541498,-0.4478475282616965,0.04851024883606536,-0.7264950675288291,-0.18393117414663995,-0.2758726219479386,0.054479956166249566,0,0.0,0.0,257.04064229506633,9.469407584670273e-14,8.367677517151506e-05,0.0722880057794083,0.7193058384170328,0.009854457509613793,-0.0008790630804536015,0.2527648172072516
0.76,2.277664319478206,1.0092544510939063,0.47798821491846305,0,0.0,0.0,73.65535066575305,558.7657461189478,0.10348983782381493,0.002945862473581362,-0.42596284358384917,0.0034814704081463366,0.938309532854529,-0.0229884054623663,0,0.0,0.0,175.6446179169888,288.6184893693213,0.08439880290517054,-0.0656568830199773,-0.7902330806156435,-0.0037540962716207105,-0.2163083527478178,0.24921779172889744,0,0.0,0.0,84.72566443105283,156.92836128223925,0.28945825445964113,0.156228596752231,-0.7204099579786876,0.312101200577633,0.8055082851071562,0.04737609328344631,1,2.02215881971259,0.0,1341.4310580095998,0.3014437763801322,0.5917435982822549,-0.07347160843862216,0.9022678641188415,0.008670550308678915,-0.0492437014017435,-0.11417803750461405,1,5.0838717271641105,0.0,7.336910290921815e-16,173.67092822069438,-0.4372160067052142,0.04788467210634595,-0.7309878728657244,-0.18564177440073537,-0.2828350720072055,0.054130109106316326,0,0.0,0.0,257.04097916258564,7.365507480212822e-14,7.057394636689196e-06,0.07208041749721583,0.7200187716146502,0.009527329414204616,-0.0009084365590517063,0.2521684467170539
0.765,2.2842215012773464,1.0073659198963956,0.47695757949033346,0,0.0,0.0,80.4930729609708,561.1935898389011,0.12423602830668373,0.0032180250398719523,-0.4784119101629354,0.003857664902132185,0.9327267364789844,-0.021620420142044044,0,0.0,0.0,175.55149655160005,287.89583536498526,0.10159468051453291,-0.06244377130453338,-0.7882743780160595,-0.002605574109495079,-0.23377056229833637,0.2643454135626928,0,0.0,0.0,85.31881025323314,142.93472996766718,0.297950421317863,0.1594717025074962,-0.7245072207710939,0.3073004577669555,0.8365413921260587,0.058376636852186956,1,1.337757476531226,0.0,1360.9959976587768,0.2344694079264068,0.5960994538557439,-0.068851432349255,0.9100961100936118,0.009697443967077723,-0.050673183439287506,-0.10859110344351566,1,4.887511712683031,0.0,5.706805536274393e-16,169.11400496664203,-0.42712892519735357,0.04755892017514629,-0.7349223229672599,-0.1873373815298594,-0.28928942936338853,0.05379198508017258,0,0.0,0.0,257.1598594850244,5.729049040923722e-14,-7.751835951363972e-05,0.07176704675552392,0.7207318751409286,0.009220090362748845,-0.0009254705959533815,0.25177664638939246
0.77,2.290594232056995,1.0053194842095041,0.47576129547722784,0,0.0,0.0,87.35597159671285,563.1639823959669,0.14539559594970358,0.0034301251544940903,-0.5237848219292418,0.004135130131703135,0.9282054910557476,-0.020179743235032355,0,0.0,0.0,176.01340678715144,293.31771538433827,0.11916892417415403,-0.058886630927350136,-0.7862670699326659,-0.0016307009532165462,-0.24832362500777028,0.2785841275033333,0,0.0,0.0,85.22457361796616,134.29815927378888,0.3047394479697325,0.16084554125198203,-0.7256752686948995,0.3023183513208282,0.859642165366592,0.0669220853769974,1,2.080495243009112,0.0,1378.110599714845,0.18237531361083079,0.6004163982416433,-0.0646559862000094,0.91841153169241,0.011042676163149079,-0.0524134431675467,-0.10382639921950862,1,4.837304386430219,0.0,4.438875240051526e-16,166.67119944859542,-0.41751341557265675,0.04728204111528855,-0.7381834737996407,-0.18879249290724792,-0.2954920749272727,0.053377030561140515,0,0.0,0.0,257.45008172585756,4.456176713075666e-14,-0.00015055322145718364,0.07133507630651281,0.7213957807958453,0.008944356190839928,-0.0009155997059138166,0.251571722820202
0.775,2.2970181858289482,1.0030772011736935,0.4743568954356611,0,0.0,0.0,93.31697003824034,564.815624564362,0.16668055147537486,0.0035957896264721123,-0.5628992879358177,0.004336809153491938,0.9249461560594796,-0.018712498626204915,0,0.0,0.0,176.9156357819534,303.9930241320305,0.13697664547051636,-0.05506831443818361,-0.7842893562717981,-0.0008092752208414544,-0.2603794632987657,0.2917403116086537,0,0.0,0.0,82.50179912771303,128.7969030666225,0.3100426550687678,0.1604634355021417,-0.7240514520703398,0.2972792361581985,0.8751208100541312,0.07252130378101299,1,2.4946071181176914,0.0,1392.5703946707217,0.14185541435362214,0.6046766101626199,-0.06084667333830346,0.9270969742353112,0.012691699255083677,-0.054439248416346064,-0.09980688675652846,1,4.908515685662589,0.0,3.4526519734200917e-16,166.6289266428748,-0.40840140453744556,0.047201790016684786,-0.7407976320084648,-0.18991019424782815,-0.3016576422720205,0.052805862440435614,0,0.0,0.0,257.894796631261,3.466109428687337e-14,-0.00021889705249078517,0.07075657174983341,0.7220148990066735,0.008697686760420334,-0.0008950483401510834,0.251522981253263
0.78,2.303587342072853,1.0006625464193724,0.4727459012184167,0,0.0,0.0,97.40217063610623,565.4623207018637,0.1877660993149191,0.0037230353739387545,-0.5965293532971252,0.004478586352255787,0.9230697719567738,-0.017254364120065285,0,0.0,0.0,178.10434185308455,318.8236759884504,0.1548660073335384,-0.05107333681938164,-0.7824284602335996,-0.0001227380370349418,-0.2701180953167006,0.30398392708469263,0,0.0,0.0,76.32854651972963,121.42083687611367,0.31398015495740506,0.15846581252387337,-0.719846561212284,0.2922547090997786,0.8830755020785754,0.07479286512962528,1,2.5813314859195384,0.0,1404.2080418037212,0.11033817123066361,0.6088901935306076,-0.057409900787272206,0.9360892436564763,0.014613559853550728,-0.056744808564397564,-0.09649970351826806,1,5.007080250376568,0.0,2.685546451497762e-16,169.40413600892091,-0.39991371931086483,0.04733542932702095,-0.7427503177955528,-0.19068317394520795,-0.3079129886224963,0.05209649380914522,0,0.0,0.0,258.4287321013578,2.6960139476477843e-14,-0.0002866418998075382,0.07001417699069579,0.7225936847451855,0.008478436199877565,-0.0008729750897316091,0.2516031830686712
0.785,2.3101221712852893,0.998117734296317,0.4709235939268681,0,0.0,0.0,98.77073688360949,563.9826063053683,0.20832289275364724,0.0038221315652058885,-0.6253811863155818,0.004576634337043084,0.9225786116687582,-0.015832903721783198,0,0.0,0.0,179.44787631814182,335.22131729941935,0.17270078717009918,-0.04698083492293348,-0.780771510980028,0.00045656411604494407,-0.2770366148239949,0.3155719327356405,0,0.0,0.0,67.48123426605439,111.1422222949495,0.31656572957450546,0.15502480839895139,-0.7132468864953645,0.2873248651982576,0.8835747919520536,0.07362922262005225,1,2.5316796020207155,0.0,1413.1807652079037,0.08582338634025062,0.6130288366689236,-0.054316446067633584,0.9452834706853896,0.016776301700176827,-0.05926504503733421,-0.09384110047412678,1,4.950542962597911,0.0,2.088875391633543e-16,175.39247900748154,-0.3920913238547563,0.04763291219311827,-0.7441381145769326,-0.1910010522471673,-0.3143042575849895,0.05134296628376206,0,0.0,0.0,258.9632268515501,2.0970172337184598e-14,-0.00035420537214170267,0.06909641225348806,0.7231333023462587,0.00828178689469633,-0.0008514996592567936,0.2517891335610988
0.79,2.3168165032673307,0.9954081772585426,0.4689020896417211,0,0.0,0.0,97.35501476614222,559.2319396339344,0.22799865612976816,0.003892847261199428,-0.6501023628131122,0.0046385747155595625,0.9233611725018036,-0.014465539413804573,0,0.0,0.0,180.80580904405795,349.5874068196356,0.19030655630110482,-0.04287061926960756,-0.7793967919100107,0.0009250925335251292,-0.27907002347743304,0.32669013444410905,0,0.0,0.0,58.68066706446149,98.5904820417542,0.31775432514660773,0.1503221643521947,-0.7043857228704546,0.28256739993313423,0.8767755251869658,0.06920903182462974,0,0.0,0.0,1419.8557071566086,0.0667552630314119,0.6168895169053933,-0.05152464784034011,0.954093294323322,0.0189934754136043,-0.06180865832845539,-0.09159017851752074,1,5.059340700258537,0.0,1.6247718967358276e-16,184.4562036957504,-0.38504630166866227,0.048087783465186495,-0.7451527909531903,-0.19086509933350587,-0.32077763306849705,0.05053580821572262,0,0.0,0.0,259.42652934522704,1.6311047954143307e-14,-0.00042732451842564245,0.06800148326899491,0.723648276457866,0.00810768376404701,-0.0008442840099003313,0.25205423449384873
0.795,2.3234719990260033,0.992650540287567,0.4667137235642243,0,0.0,0.0,93.91718866035772,550.3320394952702,0.24652316416457676,0.0039495400894895005,-0.6712454747812875,0.004676632285718296,0.9252027797139919,-0.013168459696613233,0,0.0,0.0,181.9493174872597,358.1938086806714,0.20758442845028746,-0.03881286926986305,-0.7783079784523748,0.0013252359449270612,-0.27129387812885786,0.33741843606146354,0,0.0,0.0,56.62643172980439,83.63277477617042,0.31755346779479776,0.14457855620228988,-0.6932926937431125,0.2780824638777866,0.8628780604488067,0.061947959713060385,1,1.830003923593758,0.0,1424.7490770299698,0.0519236694381404,0.6206504022880772,-0.04906811556842067,0.9628883647443653,0.02131106767648655,-0.0644602566688024,-0.08990280121042457,1,4.745840682395726,0.0,1.2637822854325915e-16,196.46118108398613,-0.3787947041875497,0.048586930989119814,-0.7459208952220944,-0.1902212296260271,-0.32743848205261084,0.04959690179869253,0,0.0,0.0,259.77037996416414,1.2687081492916418e-14,-0.0005020222014535669,0.06673312435848233,0.7241284859987271,0.007943417515234918,-0.0008379415349377695,0.2523848997413576
0.8,2.3300776090421143,0.9899793428534127,0.4643597998268253,0,0.0,0.0,89.36222402230436,536.9399699239933,0.26365984608543414,0.003985006476166286,-0.6892888859529731,0.004689242286004203,0.9278385196327166,-0.011949324250737886,0,0.0,0.0,182.63905506707712,361.518138955417,0.22439711156187991,-0.03490219817211737,-0.7774435424793626,0.0016681634405183443,-0.2468854510828129,0.3477550627952256,0,0.0,0.0,81.2102540989634,66.71074828643455,0.31597138015862836,0.13799436012758592,-0.6789665374981313,0.2739091640273351,0.8422220423134696,0.052444210782083375,1,2.794704020611959,0.0,1428.39317965194,0.040387339147366315,0.6245952275081333,-0.04701700126950109,0.9723362220889715,0.02380949159352294,-0.06739321023906308,-0.08889348683538309,1,4.782983765020207,0.0,9.829968552397386e-17,211.52950080316228,-0.37337488354868054,0.04921516268311943,-0.74666333455722,-0.18905205690375265,-0.3342480625825963,0.04849974287741832,0,0.0,0.0,259.94513291001897,9.868282973628004e-15,-0.0005696096305225495,0.06532630313942844,0.7245603004323515,0.007799449009504758,-0.0008329003982323613,0.25276403491082133
0.805,2.336615478037822,0.9875502211540295,0.461851807450089,0,0.0,0.0,84.41279704094102,518.8832786011375,0.2792365123353888,0.004010382360254139,-0.7046762506275486,0.004686562501377112,0.930971255658118,-0.010811687788566726,0,0.0,0.0,182.59314046112084,361.2977277499008,0.24061195234975985,-0.031147278863093764,-0.7768175245175257,0.00195619183078366,-0.20138646425464946,0.357707267688592,0,0.0,0.0,128.69012238201492,51.889044918688825,0.3129643111416325,0.13078289726260484,-0.6581178269921453,0.2699989224750707,0.815355979626001,0.041452847219746944,1,3.3900285897575606,0.0,1431.208481054395,0.03141413503811884,0.6286750575719174,-0.045373844122626905,0.9822072815264802,0.026371513374867595,-0.07054174935009483,-0.08845372281941224,1,5.032622257203554,0.0,7.645959502276598e-17,229.5887403811176,-0.3686807443643716,0.05002787715187873,-0.7474633855960298,-0.18727916132951639,-0.3410692455125677,0.04713786642890233,0,0.0,0.0,259.903248181914,7.675761277482789e-15,-0.0006359597187897137,0.06381367440398167,0.7249504062061944,0.007672169421550731,-0.0008371263033233323,0.2531731353793154
0.81,2.341830296941856,0.9860199608674266,0.4590764624228857,0,0.0,0.0,79.58518732805842,496.20169300272585,0.2931546253979923,0.0040265318744639456,-0.7177803123901976,0.004679950899953544,0.9343064492322906,-0.009754209080862136,0,0.0,0.0,181.39012299029926,352.4712706309784,0.256093244048647,-0.02753375514187195,-0.7764882617995292,0.0021848561630848917,-0.13572590603853474,0.367289030770511,0,0.0,0.0,194.11908184176897,40.360407456577924,0.30841555111429786,0.12313211647722988,-0.6260878944059116,0.26622350320269267,0.7830695209502059,0.02988744406833014,1,3.51968703875985,0.0,1433.4597965142693,0.02443458521969796,0.6329273049015263,-0.04427126104607049,0.9922337805940225,0.02866412292162901,-0.07390811371167594,-0.08848301121941307,1,6.575075011832393,0.0,5.947190613971608e-17,251.57070208658052,-0.36352013620846413,0.05094822620384809,-0.7483658691954558,-0.18344298334142994,-0.3469984697164614,0.04567985339719011,0,0.0,0.0,259.6079675336191,5.970371071274995e-15,-0.0007077002073869743,0.06225942852834043,0.72530879661035,0.007578648805780852,-0.0008703467720962976,0.2535911154869871
0.815,2.347662096657236,0.9850355446889939,0.45613892787102983,0,0.0,0.0,75.2154294581642,469.2786802216167,0.3054075424688159,0.004043104933137032,-0.728919529537805,0.0046623448794813616,0.9375328400611906,-0.008784833768557349,0,0.0,0.0,178.76319588881935,332.5816954147786,0.2707686488632586,-0.024106971997782667,-0.7763810696963136,0.0023857212053128296,-0.05453674830107169,0.37644323886010816,0,0.0,0.0,259.60547740042387,31.39318699377891,0.30225986911705593,0.11525974826187724,-0.5774583105350355,0.2623806484823552,0.7462728554763767,0.018593896986198927,1,3.810803711783079,0.0,1435.3331809365188,0.01900574229193977,0.6374347915088636,-0.04382660619493178,1.0025554804578563,0.030473051314453187,-0.07709536335285572,-0.08886496322817847,1,5.398819858467935,0.0,4.6258518879652415e-17,276.3358313648486,-0.35885146571580084,0.0522159118327834,-0.7502308685684449,-0.178430640725633,-0.3520217511311041,0.04420037058825027,0,0.0,0.0,259.05117579982107,4.643882142776457e-15,-0.0007775288147575665,0.06066750609949367,0.7256197486763056,0.007465333371667882,-0.000887176650710586,0.25402480640393854
0.82,2.3512621033300682,0.9858625546437836,0.4526399933722793,0,0.0,0.0,71.48047299498182,438.8765691222028,0.3159965282972129,0.004043454670952185,-0.7383499889984177,0.004627837095651843,0.9404068837308521,-0.007893624142091188,0,0.0,0.0,174.72916120736497,304.1022414841458,0.284447132419944,-0.020950368930052754,-0.7763453340949811,0.002537207089050253,0.036029340450755676,0.3850999307065507,0,0.0,0.0,310.64441897093474,24.418291383372733,0.2944705143752828,0.1072853221628467,-0.509102952173391,0.2581795708503492,0.705854105439212,0.008160605438947546,1,3.7658348856922212,0.0,1436.8842208474844,0.014783072305906446,0.6423079914371749,-0.04397015700124057,1.0132705570233056,0.03201801971394333,-0.08094132635606144,-0.08985036935063198,1,5.294375409728866,0.0,3.598086403876233e-17,302.90597811751394,-0.3548614821402176,0.053738939501914995,-0.7525581837931352,-0.17231864783719364,-0.3575258537343855,0.04217797678148133,0,0.0,0.0,258.33562672497777,3.612110721183807e-15,-0.000841111001010475,0.059113169262697274,0.7258737531938257,0.007352738938287473,-0.0009149370332470763,0.25445467838794467
0.825,2.3534026364518095,0.9880999955585607,0.44886592782698204,0,0.0,0.0,68.39998537234094,405.8577474860441,0.3250169399882327,0.004047483312330014,-0.7463107549228181,0.004601272620020358,0.9426832605101862,-0.007080955136459427,0,0.0,0.0,169.34824348953063,272.2634258779346,0.296966334906112,-0.01800864448856454,-0.7763000263090503,0.002651592933791691,0.1300487547246143,0.39315615091799705,0,0.0,0.0,340.269602640818,18.99306859801946,0.285137036680438,0.09935499132303283,-0.4229451454736446,0.2533817758007197,0.6624545543714917,-0.0010596749728016136,1,1.4965224504095929,0.0,1438.061454954184,0.01149858939707603,0.6475219761467296,-0.04475231106572841,1.0243525296946054,0.033111191997231365,-0.08490918782748702,-0.09120958149027916,1,4.956954852264866,0.0,2.798668457898599e-17,331.1201298761304,-0.35194363688037145,0.05546835489806501,-0.7556620341582267,-0.1647996241190894,-0.3633252680264225,0.03987741644640708,0,0.0,0.0,257.63396854433495,2.809576871451421e-15,-0.0009128044568385008,0.057704655899488255,0.7260801609336041,0.0072686447318954794,-0.0009579247110340638,0.2548704099044033
0.83,2.3552843423528778,0.9911503465018314,0.44465353715404443,0,0.0,0.0,65.88244652411937,370.8132569339379,0.33255420408584824,0.004039517263794201,-0.752972604666255,0.0045620456690266264,0.9441755858400833,-0.0063398989834834996,0,0.0,0.0,162.6468190326151,243.34850910699004,0.30811369627613505,-0.015344112197501092,-0.7760555982698123,0.0027236617083945536,0.22275161305071345,0.40044410789159823,0,0.0,0.0,350.84459399295315,14.773214436072736,0.2743591661642415,0.09156256524773665,-0.3252261802374645,0.24782780172033592,0.6164418915853407,-0.008897405523801347,1,4.170497755513498,0.0,1438.838371038629,0.008943848436006298,0.6531771561725079,-0.04613023215217604,1.0360530591027874,0.03397083857024427,-0.08934781076142717,-0.09321451585803689,1,4.973488410385246,0.0,2.1768641044302015e-17,361.9700540469971,-0.35007463986503695,0.05746803848338877,-0.7591996927524141,-0.15578470208962727,-0.36982731300002136,0.037228628689616794,0,0.0,0.0,257.1128236680579,2.185348901488746e-15,-0.0009830482696373544,0.05648404801066176,0.7262226479587477,0.007194421476913362,-0.0010106326055472348,0.2552684199471838
0.835,2.356862354563913,0.9950640109710154,0.43996699519287674,0,0.0,0.0,63.78293589044063,333.91743236336407,0.3387180468433007,0.004049390818341325,-0.7585257378135268,0.004547007477697762,0.9447124368812447,-0.005664478180011284,0,0.0,0.0,154.61414796833247,221.09517847518765,0.3176955409486948,-0.012885378901589917,-0.7755447264464128,0.002763223948732796,0.31084131456701014,0.40684876886593513,0,0.0,0.0,335.3605733388196,11.490921735361194,0.26233891502585216,0.08400419972991158,-0.22315536551573478,0.2414535303643236,0.5682229252432442,-0.015294224601823725,1,3.583780153136369,0.0,1439.1908370697427,0.0069567163487543535,0.6586141115693985,-0.047815385819695855,1.0470678038695782,0.03447195255533128,-0.09365464470115858,-0.09524441146346105,1,4.873333380187709,0.0,1.6932113969351058e-17,395.59389697444146,-0.3494444400215939,0.06003811854872443,-0.7632513681151709,-0.14504869824335187,-0.37690722185050607,0.034288090142328975,0,0.0,0.0,256.90681917615456,1.6998110533174091e-15,-0.0010747110297120166,0.05551390783025523,0.7263371317307958,0.007122931738654317,-0.0011041404696405799,0.25563053499124827
0.84,2.3575379606117544,0.9998294402747229,0.43480962962646713,0,0.0,0.0,61.95898611621293,296.1247301568073,0.34364316038245696,0.004058552675427485,-0.7630479154406755,0.004521164268297795,0.944137755242348,-0.005054616485258234,0,0.0,0.0,145.2235364215311,207.77472058356824,0.3255431995244318,-0.010732137544043452,-0.7745618856782601,0.002780049612078561,0.3922434491505191,0.4122937457939668,0,0.0,0.0,280.86230969882797,8.937884364947847,0.24926976382519417,0.07673655931941759,-0.1226086835429765,0.23460728556623495,0.5185554062227795,-0.020317461987947247,0,0.0,0.0,1439.0772397902065,0.005411082567342381,0.6646634302589112,-0.05000285976565483,1.0596123769428085,0.035206992329288256,-0.0983991362797112,-0.09797736762893053,1,5.35891721817615,0.0,1.3170159905141923e-17,432.22856141435483,-0.35061442910162044,0.06304147331246912,-0.7675572472084631,-0.13290222420364214,-0.38422803872169387,0.031162548041226534,0,0.0,0.0,257.1040930146121,1.3221493442130425e-15,-0.0011476483133088244,0.05487944897525099,0.7263579178937125,0.007056204599555957,-0.0011859024392464335,0.2559741045605871
0.845,2.3584601974358663,1.004271120072441,0.43099274480273186,0,0.0,0.0,60.318482147323756,258.29000440714486,0.34743271267726694,0.004058572269106997,-0.7666259275865728,0.004487741807172041,0.9423232009818132,-0.00450101578028822,0,0.0,0.0,134.36631702854825,203.66279665743593,0.33139858281578594,-0.008834531780264498,-0.773075027814706,0.0027669147313625353,0.46597089842436334,0.4167802809341218,0,0.0,0.0,218.46070353392656,6.952077366896114,0.23539312972944293,0.0698126551288073,-0.02801015754700442,0.22778173410744623,0.468653235362011,-0.024069927793567272,1,3.7685188875669766,0.0,1438.4897526388452,0.004208855598351277,0.670359965840697,-0.05242201579729738,1.0708688142604186,0.0353983198793367,-0.10294949618250038,-0.10068286390309075,1,5.825388132368389,0.0,1.024403168092163e-17,470.2680072405286,-0.3538576137445908,0.06705028158551651,-0.7722117574770015,-0.12015719606393482,-0.3914672829457255,0.02793127062705436,0,0.0,0.0,257.7436994093277,1.0283960002444793e-15,-0.0012459754540334878,0.05461462992350774,0.7263828719122436,0.00698497629522217,-0.0012942544881813234,0.25628137241510474
0.85,2.3590432512623565,1.0075678655308666,0.43033230092291636,0,0.0,0.0,58.82707207710761,221.5604666022558,0.35015639394455533,0.004064933645525681,-0.7693471958346927,0.004457513165597338,0.939132926166643,-0.004004934882120087,0,0.0,0.0,121.98148040324602,207.33715373907583,0.3349260907161944,-0.007136011963326139,-0.7710965935070182,0.0027130027207942775,0.5318027846775473,0.4203249944771905,0,0.0,0.0,169.92340139805276,5.407474268167177,0.22098699432104585,0.06326592469120773,0.05792709157944875,0.22147176285009912,0.4199010789052666,-0.02668621668157961,1,3.8069320691086044,0.0,1437.3368066744051,0.0032737377830242983,0.6742806289887516,-0.05431125648288554,1.078111595032083,0.03511210993606237,-0.10689698392635605,-0.10244887528408483,1,5.0028359604166015,0.0,7.968026647782388e-18,507.8750587527642,-0.36044375729337697,0.07106561022025648,-0.7750018456413725,-0.10865583748338256,-0.3973858766358471,0.025092132248779098,0,0.0,0.0,258.82502715465927,7.999083749108062e-16,-0.0013359542104409705,0.05479502687389326,0.7263681882313364,0.006931280496774994,-0.0013941120255831496,0.25656066722842463
0.855,2.358946278347144,1.0110729764599051,0.42954503974120417,0,0.0,0.0,57.50235257016148,187.9829564363531,0.3519689201148396,0.004087933736494798,-0.7711537225663176,0.00444842225933767,0.9345192263656596,-0.003553567024460691,0,0.0,0.0,108.27648661393135,217.3500837531827,0.3358370657332732,-0.005619698674185214,-0.7686303784050748,0.0026607876740603054,0.5902185440171044,0.42298566019316675,0,0.0,0.0,132.17005106916028,4.206048986181699,0.2063119105109612,0.057100849089284145,0.13400779528517215,0.21649407299074136,0.37349160380156965,-0.028306594131447566,0,0.0,0.0,1435.432109370586,0.002546383172708309,0.6783314697510062,-0.0563237771825435,1.0862865112623061,0.03532447059100868,-0.11094791254554437,-0.1046392264244014,1,5.997355140583006,0.0,6.197701318906724e-18,543.3201411564753,-0.36901944907732886,0.07517971361475206,-0.7774033267624125,-0.09689464884392329,-0.402981984192603,0.022298321231815355,0,0.0,0.0,260.3174374800822,6.221858195678856e-16,-0.0014068517090461974,0.055385758901551174,0.726322528253361,0.006874571926223427,-0.0015094647525242255,0.2568025623446407
0.86,2.359092515576358,1.014602366639071,0.4287723520973541,0,0.0,0.0,56.394608755206356,159.28991565594626,0.35294776096335884,0.00409944387355371,-0.7720015754855198,0.004426039019984451,0.9284127476433592,-0.0031512949834350545,0,0.0,0.0,94.37670431074008,231.9799577589742,0.33377309947819667,-0.00431100710648602,-0.7657238066744105,0.0025911798468266634,0.6420884062524808,0.4247947134975896,0,0.0,0.0,102.8046887944689,5.577986839783976,0.1915885568032012,0.05136112530796855,0.19993549134758948,0.21398971757340068,0.33009362310427726,-0.029103612377680943,1,4.372279108578064,0.0,1432.546426103295,0.001980631220947089,0.6820174224779494,-0.0583256584213005,1.0934885331221658,0.03535453607137895,-0.11498931387997957,-0.10710720420091055,1,6.215738509702253,0.0,4.820704465021912e-18,575.0448392027452,-0.37885360458516093,0.07939515550391363,-0.7797744000781497,-0.08476669612502846,-0.40853712534682063,0.01928060570011908,0,0.0,0.0,262.1706253130657,4.839494199751652e-16,-0.0014682260080904896,0.056366936033326986,0.7262962838448563,0.006815657665275962,-0.001606477579569665,0.2570182044815471
0.865,2.359074558292095,1.0182767166719904,0.4279274069658077,0,0.0,0.0,55.53584655947037,135.39340053409472,0.3532060919087432,0.004133698370959782,-0.7718190353836607,0.004425086492198416,0.9208176818707019,-0.0027919906824796503,0,0.0,0.0,82.64097740418109,248.8875191639212,0.328409331212987,-0.0031376078757408,-0.762536861786208,0.0025132800161317137,0.6884257562460139,0.4258054604233712,0,0.0,0.0,79.96368279072004,15.195289232829701,0.17703130143488277,0.0460613840912657,0.2554815175381371,0.21470772015047046,0.2900882375312923,-0.02921590009245982,1,3.053648958414259,0.0,1428.4850385797824,0.0015405772687454564,0.6850622688438908,-0.06011300399949665,1.099679332135354,0.035435848195296216,-0.11825209795606106,-0.1097477814245181,1,5.2560838570212605,0.0,3.7496469002448814e-18,601.4978716239465,-0.389607723920373,0.08377915441488093,-0.7818483803292642,-0.07264512013929722,-0.4136804560020524,0.016090125015101597,0,0.0,0.0,264.3251044268204,3.7642619572551156e-16,-0.0015300941308513671,0.057687612928801424,0.7263197269682735,0.006754965450423034,-0.0017032158687797505,0.257199013114544
0.87,2.3578058024569124,1.0232250842340758,0.4267405076257512,0,0.0,0.0,54.94816939035277,115.72834486526733,0.3528652436125489,0.004169997447571683,-0.770415557573648,0.0044237491409285234,0.91180734658765,-0.00246756058919273,0,0.0,0.0,72.89698180585088,265.8410807397794,0.31947778034885443,-0.002137935876496133,-0.7591698561729643,0.002437320783769459,0.7300386009780517,0.4261117242380947,0,0.0,0.0,62.19746045084001,29.83210068100658,0.1628101609908068,0.041155209232537904,0.30015403281929776,0.2186772222076091,0.2536116510730837,-0.028783365455209237,1,4.232710639397694,0.0,1423.145859202298,0.0011982939054350147,0.6894839160868457,-0.0626298984477211,1.1084665293858058,0.03555212950546621,-0.12268097167668146,-0.11430893135663003,1,6.430727369011036,0.0,2.9165554492152717e-18,621.1377786891705,-0.40213711413090025,0.0887521027293241,-0.7842365941404308,-0.062094757634683,-0.4172946446603307,0.013292741793118568,0,0.0,0.0,266.72473012774344,2.9279233527266656e-16,-0.001562895457690061,0.05927081550941038,0.7263670354634686,0.006695166049124512,-0.0017941103379166545,0.2573461390677733
0.875,2.3557297058491136,1.029684237511985,0.424802201243624,0,0.0,0.0,54.65866024272049,100.01760546900499,0.3520338386024855,0.004237108300961134,-0.7676701560961414,0.004448114156220484,0.9014598428198057,-0.0021808494059864236,0,0.0,0.0,64.87155738729689,280.8068748582107,0.30675599956959143,-0.0013314272066480282,-0.7557865022019146,0.0023554144486778172,0.7674714469928294,0.42586024125486344,0,0.0,0.0,48.37851323904704,46.589927918476945,0.1490936380430341,0.036714024133875034,0.33370479446635914,0.22562185606557328,0.220705533348158,-0.027917586057983487,1,2.4378271520407764,0.0,1416.5486275144656,0.0009320585944851759,0.6937420397993649,-0.06526612604463294,1.1161451259385213,0.03498644807417539,-0.12715291190812406,-0.1196991134634641,1,5.334994579795915,0.0,2.268559124271612e-18,632.61108387251,-0.4157009183940419,0.09423713374966902,-0.7868142516239063,-0.05298687495919083,-0.4194345268758837,0.010940632754226576,0,0.0,0.0,269.337523889606,2.277401322434363e-16,-0.0016085518374269192,0.061028606900796256,0.7265241400828903,0.006627407848397396,-0.001856244728019929,0.25745637215199924
0.88,2.353310340667967,1.038390633933412,0.4229390996845994,0,0.0,0.0,54.733601510003915,87.96194169193365,0.3507784037726047,0.004287813041033484,-0.7633269012097124,0.004461280802753376,0.8899919952134046,-0.001912232189683144,0,0.0,0.0,58.44478339507344,292.96119452149344,0.2900941684519278,-0.0008955580221903237,-0.7524218631629833,0.0022649706067200404,0.8011904668124297,0.42521372284982284,0,0.0,0.0,37.62984093330518,63.70675181845514,0.1359490112763262,0.032526856662555836,0.3562494797993845,0.2348004898094801,0.19125343483875157,-0.026736595288707976,1,3.4708320936035886,0.0,1408.6383418535768,0.0007249750830021175,0.6992744583593845,-0.06862315937288138,1.1266919691456923,0.034891281503776655,-0.13330394895647757,-0.12753854261282474,1,5.960251624801007,0.0,1.7645337419182836e-18,634.9445738186571,-0.4283822172534866,0.09991974304001117,-0.7892560759365612,-0.04373597684052852,-0.4222650762475104,0.008914220750633972,0,0.0,0.0,272.1666263478786,1.7714113925133101e-16,-0.0016584346364183489,0.06291465444362854,0.7267820157884597,0.006604831519848475,-0.0015749599590391128,0.2575039917706306
0.885,2.3496863756246875,1.0488287040645674,0.42055549305334133,0,0.0,0.0,55.24023890045827,79.15970618182011,0.3493119845595333,0.0043580556864564746,-0.7571848303443922,0.004476024726065175,0.8776121555146557,-0.0016788218289315315,0,0.0,0.0,53.8471622744977,303.7410694622683,0.2696435054629567,-0.0009181911676161558,-0.7491062114675451,0.002177660308736895,0.8314584969851571,0.42427582687417953,0,0.0,0.0,29.26929402871709,81.51120469586262,0.12346914385997199,0.028830203874897098,0.3682707578234605,0.24560503808081474,0.16506251227507307,-0.02534751072251966,1,3.9609891701550906,0.0,1399.365134391614,0.0005639011045912162,0.7047673985587029,-0.07214784884702036,1.1364670816450388,0.03424164402842689,-0.13976046762234073,-0.13626949220679438,1,7.067552694816826,0.0,1.3724920338445424e-18,627.4739324873009,-0.44098981271421267,0.10628209198002403,-0.7920586561314058,-0.03598807953156061,-0.4231990733274613,0.007216567161860921,0,0.0,0.0,275.2233509915942,1.377841617379839e-16,-0.001704545282626313,0.06475643403284415,0.7271475913431675,0.006532991119295006,-2.1355490050778414e-05,0.25752922367292047
0.89,2.345763399778745,1.0574780549430187,0.41877048851970616,0,0.0,0.0,56.167701966440156,73.14536275323783,0.3477020456800456,0.004425844203480633,-0.7490767189009215,0.004485815433748819,0.864755135702348,-0.001463698182653933,0,0.0,0.0,51.37056477065671,316.2733901592956,0.245750293825874,-0.0014329544400881744,-0.7458957229609244,0.0020865603638953734,0.858601713757845,0.42317160001492793,0,0.0,0.0,22.766282070070062,110.20714549589607,0.1117325645489391,0.025421592097681245,0.369667527222856,0.2571551848139725,0.14199140334163785,-0.02379809536394692,1,4.604561461628032,0.0,1388.7495153917985,0.0004386143237398201,0.7097365166257376,-0.07559203588900981,1.1457944587969995,0.03399053831137519,-0.14622693871418568,-0.14566755526143513,1,8.16208076471587,0.0,1.0675536195294616e-18,610.3930552397014,-0.45319136027120166,0.11291360012306861,-0.7938109106237417,-0.02947580297336516,-0.4224573268920788,0.005779239634598643,0,0.0,0.0,278.53783920609305,1.0717146398671052e-16,-0.001769980102781954,0.06654979822951745,0.7276588890232139,0.006480823477248807,0.0035125637836128654,0.2575010357014611
0.895,2.3414963238762407,1.0661537115024091,0.417298572762756,0,0.0,0.0,57.41329475235593,69.30351950734631,0.3460702291414792,0.004492058779518693,-0.7389008582290681,0.004499438225859298,0.8519451641045255,-0.0012659089199171525,0,0.0,0.0,51.12870852630761,335.1955879327301,0.21907900702180694,-0.002417820364575496,-0.7429223239161284,0.0019851264992609696,0.8828611780658724,0.4219896349667458,0,0.0,0.0,17.70810046820631,156.29104712947222,0.1008126626065402,0.022306021119331554,0.35820896925559587,0.26879288765692233,0.12180223797880085,-0.02215033655693846,1,4.985226898268604,0.0,1376.8854149617575,0.0003411635895432443,0.714601002868676,-0.07908923355077185,1.1552201506673878,0.033932460292001254,-0.15273895193810993,-0.15549643690382772,1,8.32802152954131,0.0,8.303660075738851e-19,586.0252912733201,-0.4649306474826469,0.11965077389705026,-0.7954253753345752,-0.02399476588478422,-0.4202637197376615,0.004542912720646719,0,0.0,0.0,282.1637618613335,8.336025380693987e-17,-0.0018005386392103695,0.06819296498329253,0.7282470534259475,0.006411345324905324,0.009525508773920333,0.2574368127894851
0.9,2.3371374969843806,1.074942819740969,0.4162702016011111,0,0.0,0.0,58.79965685361075,66.96048690792865,0.34464610606619667,0.004594324993520249,-0.726619727538848,0.0045283384739080446,0.8397603787177019,-0.0010898242874564368,0,0.0,0.0,53.882554402862496,367.4332288380226,0.19057977381726987,-0.0038255772455040304,-0.7404128739488509,0.0018942836406047325,0.9044295949091254,0.4207869985798933,0,0.0,0.0,13.7737387785569,217.1248101346065,0.09062825272810304,0.019566027407980413,0.3299288480261884,0.28008829953159214,0.10417897247555308,-0.020484936357850772,1,4.425102053095809,0.0,1363.9385700312775,0.00026536432699601883,0.7198382560071501,-0.08287836720455694,1.1656109878797936,0.034103803184155596,-0.1595674551395827,-0.16578031188000283,1,7.7213756093586206,0.0,6.458764168099615e-19,555.0775024601382,-0.47553431815668334,0.12710873094027497,-0.7974317963519495,-0.019445666727854694,-0.41672114918499603,0.003507187318229854,0,0.0,0.0,286.1321492402837,6.483938593597189e-17,-0.0018411698620495187,0.06966372004328414,0.7289608898380224,0.006315233175708798,0.018141182091328423,0.25734618571111684
0.905,2.331865585095715,1.0848802249674216,0.4141085327862529,0,0.0,0.0,60.03604246547257,65.50930416152194,0.3434644390108435,0.004696431423251157,-0.7123283299704017,0.004549690343824853,0.8287819517386368,-0.0009265040021734505,0,0.0,0.0,64.69509128995368,416.27826396323536,0.1612371217655566,-0.005610652019087059,-0.7387744299415266,0.0018036573528420474,0.9233795055511598,0.4195688602082196,0,0.0,0.0,10.713508220745872,285.473496308616,0.08122280065535348,0.017036492266156333,0.28143461077813936,0.29050703718037724,0.08921138203053669,-0.018821878446159665,0,0.0,0.0,1350.1859070472337,0.00020640604156008303,0.726362195652184,-0.08746528082711785,1.1790127783538957,0.03472889991032313,-0.16705965211807294,-0.17690232286717852,1,8.623719672432896,0.0,5.023764725269743e-19,518.3446436504273,-0.48501785671138875,0.13505193034717133,-0.7997839653278027,-0.015617799511682406,-0.41207732549410303,0.002627200632421167,0,0.0,0.0,290.4190506711967,5.0433459311323573e-17,-0.0018661468711043128,0.07097377273496208,0.7297672494358391,0.0062227864356203255,0.02958624922187636,0.25722256870732196
0.91,2.3253642727381307,1.0952798141027635,0.4115800839469956,0,0.0,0.0,60.771883048984854,64.44831259588935,0.34262056342885405,0.0047848594459865,-0.6962129540717494,0.0045528815241609455,0.8194266295514308,-0.0007867620227414718,0,0.0,0.0,86.84913618796253,479.5409061050511,0.13275062231647472,-0.007777218963861854,-0.7383217696826556,0.001719165839327852,0.9396205314904926,0.41824610227276643,0,0.0,0.0,8.33319552819449,354.91352787715783,0.07257822132828506,0.014767252717426627,0.2134569835287332,0.29981285720528555,0.07972834776791249,-0.017191804251081355,1,4.7257636268265655,0.0,1335.9273338350752,0.00016054702783446057,0.7335867361267966,-0.09273351685735537,1.193769370766097,0.03504337846248698,-0.17593976027791092,-0.1878995689765298,1,6.416706511089045,0.0,3.907591507910793e-19,477.05753546198525,-0.49290999321790196,0.14322821664448204,-0.8022998033642756,-0.01243167442859583,-0.4064837151910512,0.0019057029664455993,1,0.5246927947932614,0.0,294.824806730912,3.9228221880735263e-17,-0.001557594342292301,0.07091786122958066,0.7296653825586452,0.004820008042008911,0.0454770900328203,0.25747406952114976
0.915,2.319200563595486,1.1014735318916788,0.4082629887284472,0,0.0,0.0,60.75050160075363,63.38540174360799,0.3419131127958137,0.004857906439538984,-0.6786488219607005,0.004532551290729103,0.8120368096745219,-0.0006330627819463308,0,0.0,0.0,118.16577821847429,550.4569102407777,0.10714674470931573,-0.010232713063967669,-0.7392283671083966,0.0016113020009717594,0.9530511134062252,0.41663334388463324,0,0.0,0.0,6.4817374738791305,419.69553613355833,0.06468613922278044,0.012553514010332556,0.1307020668621932,0.30762336129485346,0.08387732681098758,-0.01561038984846981,1,4.421719982124593,0.0,1321.5310513076454,0.00012487690743769278,0.7403372385100133,-0.09819373123549141,1.2090493478705597,0.03597922107060464,-0.1834192524563414,-0.19742976722039787,1,8.384297505968483,0.0,3.039408138659734e-19,435.1747581238567,-0.4971838562954125,0.14981413417604417,-0.8016998294233999,-0.009945269351214925,-0.40045895566247847,0.0012663386429779266,0,0.0,0.0,299.0565036499047,3.051254887008486e-17,-0.000525332403374712,0.06517004310501018,0.7266402888166941,-0.0022517315809255783,0.06800456572319802,0.258816885822772
0.92,2.3126581772611368,1.1084577957610924,0.40556506196427805,0,0.0,0.0,59.85864343522468,62.030955681846436,0.34148135708583316,0.0049119150019318325,-0.6598441852979371,0.00448528246839669,0.806572575393764,-0.0005032616150509317,0,0.0,0.0,153.77918789901594,620.6353216028045,0.08611651476778248,-0.012973538233528537,-0.7412660277937542,0.0015080076612656867,0.9634168103977032,0.41438817648923926,0,0.0,0.0,5.041633853201057,476.217924300415,0.05751315008000413,0.010632571747483333,0.04011605660390383,0.3140592913700809,0.11053362964687774,-0.014105084429353959,1,5.231541687614602,0.0,1307.383695056977,9.713192590074758e-05,0.7472417629944264,-0.10369818178171292,1.2242472928228616,0.03645572639660133,-0.18960843946241157,-0.20487919817572106,1,6.691036958675195,0.0,2.3641165701811444e-19,394.86729270835843,-0.5008053859219006,0.15579745002961465,-0.8016922711140719,-0.007692991152613071,-0.3946311365220563,0.0007600696389113981,1,0.5138550455828103,0.0,302.6621507808507,2.3733312240862312e-17,-0.00022059462603918334,0.06155226638702327,0.7254834965597248,-0.007046259592426399,0.09375337917093463,0.25935294315661384
0.925,2.3042169974810096,1.1164935947976065,0.40205925341728627,0,0.0,0.0,58.14615873442081,60.19633026904553,0.3412127981067754,0.0050138731548814985,-0.6401867818607461,0.004489649271533336,0.8028949370588541,-0.00038296588551944843,0,0.0,0.0,188.75253692718996,685.4061787560771,0.07060364210666359,-0.015742748741331525,-0.7442306925618725,0.001420435358761074,0.970494477834444,0.41119093208003915,0,0.0,0.0,3.921490497289605,519.0987739500863,0.05113663452639283,0.008993098220380524,-0.05229080649880968,0.3189790659842185,0.1619637737477868,-0.012612237075100285,1,4.353043633647123,0.0,1293.9413523917578,7.555128664517667e-05,0.7544097852475847,-0.10927260443610626,1.239238510545881,0.03654681626274556,-0.19643178934469252,-0.21157363021704642,1,6.187954105660319,0.0,1.8388603643963463e-19,355.7823973169426,-0.5032168937512331,0.1618055654891397,-0.8017965695517721,-0.005696759113349048,-0.38993996737186687,0.00030449602758320093,1,0.4871084904519648,0.0,305.0160841833081,1.8460277190231938e-17,-0.00018716592056211567,0.060164740584161436,0.7256051531075072,-0.009508314051800026,0.12348515014417982,0.25948447713706513
0.93,2.2984641013797753,1.123730267714358,0.39855991830071313,0,0.0,0.0,55.83846051648757,57.78380961812357,0.3409473187387847,0.005118637203288534,-0.6199551440235107,0.004493173880814494,0.8006720951204247,-0.00027420967402638774,0,0.0,0.0,219.97875160468556,743.3295411693415,0.060904744074149475,-0.018438245103187922,-0.7477606474249214,0.0013421517944970374,0.9739973116040184,0.4066900931702131,0,0.0,0.0,3.0502190694726368,545.5727444213946,0.045445575263926674,0.007614398444101833,-0.14156025803817895,0.3223963905062627,0.23310208765861384,-0.011171289242308063,1,5.015005967366786,0.0,1281.3872978335726,5.8765404482705926e-05,0.7625746258126196,-0.11536383502325015,1.2551820117048655,0.03592460888197435,-0.20432967789744305,-0.21766260847178773,1,6.060596005286703,0.0,1.4303048683799766e-19,318.5748167588672,-0.5042652734244712,0.1680308377026607,-0.8023091373218765,-0.004041391102241498,-0.3867067249174607,-7.788040103007265e-05,1,0.2827846163657343,0.0,305.6730715392303,1.4358797898991266e-17,-0.0005215148305501849,0.06031572583812228,0.7269705132488979,-0.01028680626796892,0.15716180890196685,0.25922280979960205
0.935,2.2922919028754696,1.1312317276081234,0.39541133495643654,0,0.0,0.0,53.223889454519,54.7585327185782,0.3405266763861079,0.005232207216026241,-0.5994106748232075,0.004501602141448624,0.799500981130927,-0.00017268645379248104,0,0.0,0.0,246.1588134261445,792.6112838148822,0.056712169657341605,-0.020977416400819404,-0.7515867045178397,0.0012699665742034183,0.9736524818823344,0.4005828033511809,0,0.0,0.0,2.372525543082407,554.934595638828,0.04035893734375806,0.006447304568050982,-0.22457444720199526,0.32431310178276973,0.3159360615088578,-0.009800410825139355,1,3.568161451189263,0.0,1269.8961503782932,4.570898680037902e-05,0.7704726792062089,-0.12140264289440633,1.2704449279311145,0.035240703973116655,-0.21161756690365285,-0.22230488263517897,1,5.695798238659775,0.0,1.1125216770785313e-19,283.61310802590697,-0.5042805740314156,0.1741005423136197,-0.8028980514896797,-0.0026593527922962323,-0.38504293795742206,-0.00040380786667415514,0,0.0,0.0,304.2941826313692,1.1168579701131e-17,-0.0008886638767240385,0.06205524199568413,0.7290640806377244,-0.009277795943070502,0.1948275003963329,0.2586806641128964
0.94,2.2854538299081564,1.138646886422402,0.39603164622842646,0,0.0,0.0,50.56633490645554,51.16255747707555,0.339744814802175,0.005297710207877726,-0.5787391549347354,0.004471796522862059,0.7989634087092357,-6.908582384465567e-05,0,0.0,0.0,266.5904180509341,829.8844229950798,0.057275056471382424,-0.02343173878153304,-0.7555011582116467,0.0011955591718372793,0.9691864758574411,0.3926636068317644,0,0.0,0.0,1.8454010431295567,548.5740476121088,0.03577304525292746,0.005402698814074514,-0.29981213519271344,0.32469195003656315,0.4029284731213503,-0.008514303822985306,1,3.7189775449729137,0.0,1259.6333803637965,3.5553426249828473e-05,0.7777790299535421,-0.12742185387180133,1.2846535791149436,0.03516666221488263,-0.2173270830778451,-0.2266467037196068,1,5.362984131218035,0.0,8.653431232262421e-20,253.5212625123592,-0.5034057143277535,0.18046239517904272,-0.804119029116162,-0.0014544256354973584,-0.3848731516998971,-0.0006898216851392025,0,0.0,0.0,300.87674550508854,8.687159845691429e-18,-0.001182232250592996,0.06447856392241402,0.7313129832143972,-0.007292370824009173,0.2366763694029801,0.25801027399485404
0.945,2.2789060593265202,1.1448510238749907,0.3976982544033065,0,0.0,0.0,48.07487403951922,47.13434412660453,0.3386173000142575,0.005359431903677714,-0.5580244291560357,0.004426096832975901,0.7985878543416736,2.0694818477134946e-05,0,0.0,0.0,280.59045640896727,852.4137038418628,0.06176085007734766,-0.02593870018374811,-0.7592960109588409,0.0011353964271693662,0.9603288963281065,0.382819251671587,0,0.0,0.0,1.435392348003635,528.0277546755151,0.03162898371775258,0.0045196860641884,-0.3666040922690763,0.32373259378157626,0.48853112976878643,-0.007332722116555182,1,5.183383227357049,0.0,1250.689545762741,2.7654214336938887e-05,0.7853502608809955,-0.13379467859843924,1.2994928617078831,0.0354030901516095,-0.22328903860091764,-0.23060066017705197,1,4.960268079546086,0.0,6.730823644545393e-20,229.01565308049317,-0.5007937424698325,0.1863292068665956,-0.8047671497264548,-0.00047204764058755844,-0.38593124491883746,-0.0009089319417634467,0,0.0,0.0,295.7555033407019,6.75705848049339e-18,-0.0012977801865896588,0.06713520582150789,0.7332328072145848,-0.00473507006334771,0.28243200515617994,0.2573779495132862
0.95,2.2741650074547373,1.1499353647136636,0.39929170271880043,0,0.0,0.0,45.90301484201769,42.90828513959832,0.33697163007146774,0.005431305729587388,-0.5374193449079656,0.004410114562929945,0.7979854124421164,0.00011189658572036132,0,0.0,0.0,287.398579314731,858.4090081621707,0.06928327801439638,-0.028464435434109925,-0.7629827979330526,0.00108354085928275,0.9467293420504901,0.37104545156854407,0,0.0,0.0,1.1164788273953206,493.75201633355533,0.027969064256693432,0.0037887480250633487,-0.4253735097710547,0.3213700230000181,0.56929410705103,-0.006235380470650004,1,4.909475563475466,0.0,1243.0705088164066,2.1510038588673183e-05,0.7910488800421276,-0.13932088113981983,1.31088851313454,0.03585639251235542,-0.2267636725454345,-0.2327172045388505,1,7.573386428115777,0.0,5.235378397076218e-20,209.52944068653858,-0.49623131146395605,0.1916838654605988,-0.8048142253426014,0.0003634210555020223,-0.38819409418528283,-0.0011398279644881937,0,0.0,0.0,288.5179928759319,5.2557844128369e-18,-0.001388854072873258,0.06962479317044934,0.7348238525296098,-0.0019326469958091952,0.33086183251029544,0.2567767827358701
0.955,2.2689425134412056,1.1535465057071579,0.40077445278713697,0,0.0,0.0,44.15382061919708,38.80269304387451,0.33481581763981105,0.00549093096728881,-0.5168897517096755,0.004374526819858338,0.7967500991454501,0.0001918338387547902,0,0.0,0.0,287.1644764619786,848.1854165158234,0.07912854398505265,-0.031110372867486413,-0.7664010751379355,0.0010386223200581912,0.9276350403569928,0.3574223999643129,0,0.0,0.0,0.8684210792649935,449.8327243801675,0.02466883706058054,0.0031713611415759013,-0.47638959681934856,0.3178187039666728,0.6432795951624293,-0.0052616635008552876,1,4.903956713175009,0.0,1236.8183003496188,1.6730967455769878e-05,0.7958470983401491,-0.14444065263440936,1.3209163024064168,0.03649856046563693,-0.2303957786046522,-0.23414711423887632,1,7.3244277671894675,0.0,4.072189141782749e-20,194.2582283833056,-0.4898932303120693,0.19587153834926863,-0.8031421074821414,0.0009764588273057928,-0.39126027536196073,-0.0013073074131389473,0,0.0,0.0,278.9695743671086,4.0880613767016416e-18,-0.0014424051641510616,0.07214010060148368,0.7360104236968896,0.0012781395151372915,0.38059783900009325,0.2562393002619607
0.96,2.267669501519291,1.1558293837411198,0.4018496734644972,0,0.0,0.0,42.88232593258181,35.36679451425944,0.33213377011872713,0.005554564463709055,-0.4964563040522081,0.004348857542827211,0.7945599424212164,0.00026795774021703966,0,0.0,0.0,281.0243707856954,824.2533967488869,0.09069802184226927,-0.033764364453843454,-0.7695669048220852,0.0010045652265820437,0.9021986772778203,0.3421429731764489,0,0.0,0.0,0.6754764644047714,406.1881442373909,0.02171906138329449,0.0026533889418107748,-0.5203926443462017,0.31320218410543643,0.7097654446091686,-0.004388898104320929,1,5.56043493649566,0.0,1231.9189337284763,1.3013703850509815e-05,0.8006038797643928,-0.1490983385723314,1.3299255706921596,0.03652468650982579,-0.23354730581426741,-0.23453605683971226,1,6.884329345537409,0.0,3.1674356939919026e-20,182.41669424298505,-0.48203269455700815,0.19975213320497276,-0.8009180658530635,0.0014620941101853302,-0.39502631670366184,-0.0014570346107634635,0,0.0,0.0,267.15393689083277,3.1797814573332184e-18,-0.0014914569495174668,0.0748821543601883,0.7368306360107215,0.005048747355975325,0.4301878989378105,0.25573496796300105
0.965,2.2654544504082965,1.1570490140145693,0.402797564235469,0,0.0,0.0,42.0901576087309,33.01045580269567,0.3289826683354661,0.005619131161663737,-0.4761047017399622,0.004327530830012305,0.79113506466106,0.00033821009843479355,0,0.0,0.0,270.5531959233623,790.0313813419317,0.10349184241563458,-0.03633760249686402,-0.7724660093354532,0.0009818056816366938,0.8695255232017831,0.32546649358492397,0,0.0,0.0,0.5254000217854485,363.18670046158906,0.019103161899718835,0.0021966893918223818,-0.5581065217215919,0.3077822952604373,0.7686399572043796,-0.003608802549937562,1,5.001013880324972,0.0,1228.384034272774,1.0122336819821451e-05,0.8039835497859024,-0.1536399423183818,1.3377210879823576,0.037781040950552985,-0.23583294575303837,-0.2352361561678625,1,8.888548402313708,0.0,2.4636991373101616e-20,173.36046035020712,-0.47310826656409666,0.20251610049397462,-0.7967115851993933,0.001928077048229615,-0.3993164198342516,-0.001598505724682675,0,0.0,0.0,253.33939510967127,2.473301935735125e-18,-0.0014920481765856586,0.07804326639005443,0.7371744471404413,0.009468989295313451,0.47838856268588703,0.25525614282694836
0.97,2.2652488116537843,1.1548311339898962,0.4054584712841595,0,0.0,0.0,41.69989742908863,31.98115779413791,0.3254463403474652,0.005613953742141187,-0.45590465774668787,0.004240980116990145,0.786226452899131,0.0003905591752005333,0,0.0,0.0,257.3691669200501,748.2614214528908,0.1170923046768706,-0.03888277888100777,-0.7749791174306035,0.0009620303151328669,0.8288971812723065,0.30768492257521396,0,0.0,0.0,0.4263511686715202,322.24487130225964,0.016687016590112957,0.0017777144958676105,-0.5899998306552268,0.30192933629657326,0.8201041181405695,-0.002942317583207385,1,7.107913960798183,0.0,1226.3990977926167,7.873369785489553e-06,0.8057276680693942,-0.15683069052970394,1.3419733010178172,0.03847979399879761,-0.2369839681848369,-0.23410266408181965,1,5.938261343257763,0.0,1.9163178121330947e-20,166.62093028731692,-0.46096493882735023,0.20413283377968106,-0.7907600855901564,0.002085101345179363,-0.40369550790675945,-0.001637732382923418,0,0.0,0.0,237.98804666442666,1.923787073858036e-18,-0.0015029582846617373,0.08168195131045175,0.7370683796084669,0.014478695355276155,0.5242463505315755,0.2548223307320525
0.975,2.262022381047347,1.1530095034455352,0.4068119402501419,0,0.0,0.0,41.56551065377532,32.47454147365781,0.321583526864087,0.005652649262920806,-0.4361443252646202,0.00420329566287958,0.7797415252583695,0.0004449788460686166,0,0.0,0.0,242.87588468173612,701.2457080486927,0.13112460496437373,-0.04110643125417024,-0.7772878216774812,0.0009565985462724469,0.780193817505185,0.28923173503623006,0,0.0,0.0,0.5973626814147269,283.54070319367145,0.01460772630707563,0.0014353465195364734,-0.6169484346414946,0.29585335269028534,0.8646057753322474,-0.0023468333958135412,1,7.332615533470383,0.0,1225.9565669733556,6.124075189601655e-06,0.8062976215993347,-0.15907052866667087,1.3440043552326806,0.039304528767319075,-0.23785957380560263,-0.23282307498097013,1,3.527991610530616,0.0,1.4905529256741624e-20,161.79072782318886,-0.44815431453960497,0.2049926923367944,-0.78323382381397,0.0022551527648082548,-0.4083640570080622,-0.0017130602526434502,0,0.0,0.0,221.94959002043856,1.4963626769827639e-18,-0.0014915523812617515,0.0859308664599896,0.7364247024656414,0.02010447160378026,0.5670037569531265,0.25437831067120353
0.98,2.257933177661162,1.1511599291700083,0.4074544698980446,0,0.0,0.0,41.490554408130514,34.59765011560089,0.31751670455361825,0.005715532827780756,-0.417041380152515,0.0041900355351005,0.7716387033833303,0.0004955936656457494,0,0.0,0.0,228.26568866347185,651.6410955346267,0.1452585260250414,-0.04299352329302608,-0.7793579656011587,0.0009661946338819782,0.7239260060588952,0.2709797620634686,0,0.0,0.0,1.5326407571106062,248.5335097927392,0.012888985146426446,0.00114377291678458,-0.6393931060412479,0.28988626453044314,0.902581919071249,-0.0018215706757191419,1,4.942971795952956,0.0,1227.0401003282402,4.763436489038549e-06,0.807113151696905,-0.16090115722259907,1.3459654355863875,0.0400049515259881,-0.23966936247357684,-0.23208728393575204,1,1.0115522298815667,0.0,1.1593839029042525e-20,158.56060697159063,-0.4347560501954624,0.205500609745364,-0.7748806040203411,0.002424634840009543,-0.41311092053961884,-0.0017932594695480586,0,0.0,0.0,206.86963852299328,1.1639028515648798e-18,-0.0014724534245216248,0.09078281018182188,0.7351734249721373,0.026242421354038467,0.6062761450276968,0.253957790713264
0.985,2.256193592607505,1.1486213313370754,0.4081168078495547,0,0.0,0.0,41.263853797928185,38.87855659520389,0.3133727911146985,0.005772128485077244,-0.3988289441865329,0.004180019982027383,0.7619748252772409,0.0005293708342447856,0,0.0,0.0,214.46375510661562,602.0119907887052,0.1592137012985635,-0.044580167011266214,-0.7811372295377639,0.001003312783726562,0.661149852919348,0.25400537068917184,0,0.0,0.0,3.60558920162617,217.67742025520394,0.011791759006874791,0.0008966338191223056,-0.6577181388134314,0.28434773440991884,0.9344671760492957,-0.001448346400443945,1,5.355207358012796,0.0,1229.6054451120426,3.7051026453154622e-06,0.8080680719284469,-0.16251234604922388,1.348123425172258,0.04025337981076493,-0.24124241130819635,-0.2301299143895503,1,1.1594469456325052,0.0,9.017935634224742e-21,156.68162408904533,-0.4207575132109549,0.20562236939564738,-0.7664151053742985,0.0026276588195833783,-0.41778012005144705,-0.001860413871051514,0,0.0,0.0,194.2163901131942,9.053084982127382e-19,-0.0014386536326362886,0.09615357488580778,0.7332234336967443,0.03274393741721149,0.6418135826477873,0.2537000347179037
0.99,2.25426192508732,1.1462361542351749,0.40868365984164534,0,0.0,0.0,40.738266458845274,48.92694042547371,0.3091165608901906,0.005817760935512228,-0.38212583770536357,0.004162863717617649,0.7509647873343666,0.0005570942806205903,0,0.0,0.0,202.06777220948322,554.9230001319198,0.1726541717557235,-0.04584215543039227,-0.7826487451885336,0.0010464531909799013,0.5933398058270822,0.23913685349244582,0,0.0,0.0,6.807754064095889,191.05747823499803,0.011754524513052367,0.0006749496529107057,-0.6722688160742338,0.27947979400764184,0.960653016431888,-0.001690114182663835,1,5.3204114697685085,0.0,1233.6823395668346,2.8819079762926486e-06,0.809151869883757,-0.1639679715116112,1.3500968822717536,0.040521955681966565,-0.24268215368556278,-0.22868697139686936,1,1.389777952279241,0.0,7.014342953986694e-21,156.05945710828385,-0.40634647395653967,0.20551559910438066,-0.7574530868854246,0.002809996607091303,-0.4222973176379248,-0.0019142230641999158,0,0.0,0.0,184.48415090226342,7.0416828675543205e-19,-0.0014010746980059885,0.10194285429028205,0.7305266931822445,0.039462903724323636,0.6733190386258445,0.25369944443416137
0.995,2.252048161377027,1.143311390499109,0.4094850427200187,0,0.0,0.0,40.32169798138252,63.99708169100503,0.30475503162858875,0.005869097573987514,-0.3683576135560953,0.004151147504210528,0.7389358598203113,0.000578088280828587,0,0.0,0.0,191.3542584172928,510.92639483038295,0.18520697170384448,-0.04677361542529934,-0.7839001317291161,0.0011041851062646435,0.5221974157031886,0.22680764273022283,0,0.0,0.0,10.796517259293426,168.54292268770803,0.013249312516896428,0.0004754371060764484,-0.6832982299418893,0.2754954771076857,0.9814841183035274,-0.00322238095136336,1,5.412063192938781,0.0,1239.439433709263,2.2416095797831916e-06,0.8100382497497336,-0.16556798364196962,1.3523488005856095,0.04089322289453498,-0.24449864449089542,-0.2272791485195053,1,1.1973469115427362,0.0,5.455905771761756e-21,158.4147205214595,-0.39143938230061215,0.20509677133514415,-0.7479615375971094,0.00296165263014897,-0.4266269127041513,-0.0019627028043703865,0,0.0,0.0,177.80707846130193,5.477171340498782e-19,-0.001366413456652893,0.10803559256977358,0.7270779979410673,0.046249581922641225,0.7005146826436617,0.2539566846281507
1.0,2.248580300123022,1.140420119256451,0.4102200552540652,0,0.0,0.0,40.59342867403629,82.59553015092476,0.30023225762791333,0.005906774300744544,-0.35922760830555145,0.004131062050032774,0.7264110740980712,0.0005950598423467846,0,0.0,0.0,182.39875501514783,469.56830666653445,0.19644990898993164,-0.047407442722154025,-0.7848889362090656,0.0011596729709139053,0.4494395365792898,0.217096474066476,0,0.0,0.0,14.67310999354182,151.01202416045496,0.016553136188058204,0.00029180594304178964,-0.690974855129689,0.27252354747344093,0.9971683870991352,-0.006615867417810714,1,4.857498336832752,0.0,1246.9077904780474,1.743571810589112e-06,0.8107031483903565,-0.1670899623892998,1.3543200997155167,0.04175114691419321,-0.2460584106445458,-0.22665310929365037,1,0.9722620437542787,0.0,4.24372004414538e-21,164.57576886193004,-0.3763224715255402,0.2041289245448168,-0.7378469188450005,0.0030767968461393735,-0.4307279687679737,-0.0020042653030140634,0,0.0,0.0,174.15809058015503,4.260260857728809e-19,-0.0013311283929140494,0.11427766188790323,0.7229160476966239,0.05293533232643402,0.723188674744466,0.25432500654052753
1.005,2.245344619366387,1.1376193557031096,0.4109986648333216,0,0.0,0.0,41.98269651887758,101.92243086008358,0.2955995840234471,0.005941338351193481,-0.35582401287152887,0.004114468977623964,0.7141200051987047,0.0005991729991830785,0,0.0,0.0,175.17831131256574,431.23484956790696,0.20612332533704247,-0.04779890611675319,-0.7855707089250266,0.0012358925128742038,0.3766885566209397,0.20984113668143012,0,0.0,0.0,18.249868113207164,138.36125858570236,0.02176556969161103,0.000140478114046938,-0.6954448758176646,0.2706861044768408,1.0078255774223694,-0.012155922455179019,1,5.407334810427504,0.0,1256.0374382253058,1.3561873959224546e-06,0.8113383862607616,-0.16849750835609184,1.3566977551122057,0.042401953849714014,-0.24804379983067304,-0.22521179282327156,1,2.838735989900871,0.0,3.3008560936465675e-21,174.22516885027937,-0.36086993562959746,0.20266487586172088,-0.7282169658546873,0.0031692168160775136,-0.4345720993433755,-0.002037228910357791,0,0.0,0.0,173.81599387968058,3.313721891753597e-19,-0.0012941126368302136,0.12052247844589448,0.7181509156629613,0.05936101591270841,0.7412531130987108,0.25462360746942625
1.01,2.241541229578349,1.1344144366821423,0.41182037674286615,0,0.0,0.0,44.85426102287032,119.37730958986094,0.2908087151369822,0.005977589226940083,-0.3581926654967025,0.004100675003303411,0.7030546896405279,0.0006091527547337217,0,0.0,0.0,169.53827236790067,396.54473220367254,0.21402156238745418,-0.04788686160869782,-0.7860069670719303,0.0013013741086722597,0.30553310053846916,0.20477378084168624,0,0.0,0.0,21.90021741541682,130.4109743666137,0.028834208828441454,-3.6962368935578027e-06,-0.6969704350134942,0.27012713709271086,1.0134859060678707,-0.019832799585175045,1,4.855784682151147,0.0,1266.226279034834,1.054871523896392e-06,0.8120510304022768,-0.16989441417613488,1.3589059633821967,0.04339802690073588,-0.24986435987442035,-0.22495462000827862,1,2.3272299711488476,0.0,2.5674763739411297e-21,187.37476617004899,-0.34573328011019977,0.20039457136379468,-0.718831953663867,0.0032210686727477955,-0.4381776336008194,-0.002070013440842733,0,0.0,0.0,176.6910749126478,2.5774836665144956e-19,-0.0012643989402212341,0.12664573012497826,0.713002509370422,0.06540864210599363,0.7545824895820572,0.25468693391983305
1.015,2.2364384068822236,1.131522209174062,0.41278167542765415,0,0.0,0.0,49.27007563849167,133.27183412718787,0.2859759145831184,0.006010044289263161,-0.3652677720661197,0.004103235333977162,0.6942195396051927,0.0006114118176538674,0,0.0,0.0,165.33229722860688,365.9632085392634,0.2201986564901035,-0.04770699019660629,-0.7861572675894177,0.0013998618909401017,0.23730804866799327,0.20153465834172948,0,0.0,0.0,26.060462133712274,126.74822820950403,0.03769763973113216,-0.000119615438094689,-0.6958962275773592,0.2711004867744356,1.0140627227573726,-0.02942562482352168,1,4.78086731485931,0.0,1277.1774590223147,8.205016027085417e-07,0.8125701118824785,-0.17144025726826445,1.3615951163669435,0.044717341149010464,-0.25096456554659574,-0.2240648755280137,1,4.960899943384453,0.0,1.997037963404082e-21,204.27090971884294,-0.330901623096409,0.19733566957183757,-0.710556998902776,0.0032982183604442494,-0.44156926930544893,-0.002114464671921834,0,0.0,0.0,182.59303319341865,2.004821849317402e-19,-0.0012238575891072578,0.1325077387630813,0.7077573575351963,0.07095960379448661,0.7632195109748778,0.25444454396556154
1.02,2.232857013632646,1.1297716189096658,0.4131486579213526,0,0.0,0.0,55.08084788892177,142.82790279890872,0.2811783561110256,0.006035045296954866,-0.3756161191676193,0.0040782034228958874,0.6885810552661675,0.0006222503474062335,0,0.0,0.0,162.37782298412,339.9511815578295,0.22467851904216563,-0.04732717818796628,-0.7859500325189406,0.0014419840733730371,0.1730736025632118,0.19977788429993878,0,0.0,0.0,30.584915010216566,126.53216176285031,0.048114551196340116,-0.00023366611873865129,-0.6925318316881264,0.27373389218606514,1.0093899518770284,-0.04058914240217852,1,7.5466084161245846,0.0,1288.1908692670627,6.382036720079361e-07,0.8128192677909254,-0.17205336164838209,1.362612027094261,0.04521572782159569,-0.25268795343394457,-0.2229492258756328,1,2.0353756087364747,0.0,1.5533387834666667e-21,225.89544955006394,-0.31640249618542526,0.19386814304257993,-0.7042671922461405,0.0032384119808185896,-0.4446301313144645,-0.002116325540143127,0,0.0,0.0,191.27475385554362,1.559393256189173e-19,-0.0012123612705110531,0.13800349633273445,0.7027266993272689,0.07589037444765555,0.7670491109459081,0.2538559409114386
1.025,2.2279480765568347,1.1285363318098207,0.4128423973391686,0,0.0,0.0,62.04739254498666,147.96490650875361,0.27676868275177313,0.006065068567941756,-0.3876374796951496,0.004068400355711155,0.686810287424741,0.0006355205076131742,0,0.0,0.0,160.56503080542606,319.08285255150383,0.22773642815543482,-0.04661461811644396,-0.7854817337328355,0.0014814181593081899,0.11363188310159478,0.19945784673556244,0,0.0,0.0,35.42900397153393,127.49018771385639,0.06000381037154412,-0.00032910685911180515,-0.6875456247007501,0.27789542224204716,0.9992807755864548,-0.05285730204965762,1,4.794154419063868,0.0,1298.5230443139435,4.964084477347401e-07,0.8134729684250992,-0.17273184092668675,1.3640165877401462,0.04579709666242626,-0.25447153263150213,-0.2226752236032252,1,1.0142711771954367,0.0,1.2082200841634594e-21,251.81578212930037,-0.3029927286859271,0.18956159314857146,-0.6992038083979009,0.0031985625332559,-0.4475372302983289,-0.002144649895824413,0,0.0,0.0,202.3723995830199,1.2129293823669246e-19,-0.0011898784589794431,0.14305419478433745,0.6982618980272941,0.08017767223854207,0.765623208628877,0.25287712205094387
1.03,2.2262472746104263,1.1267106767763495,0.4132642588091333,0,0.0,0.0,70.00776588756833,149.4765351899299,0.27318525320070103,0.006097065834937465,-0.3998538034597141,0.00407194906990771,0.6892274898142488,0.0006425017874688577,0,0.0,0.0,159.80476374476928,303.85172816175947,0.2297306733594846,-0.04562181272933863,-0.7846660835243366,0.0015592648832486455,0.05943486431166778,0.20095806695075796,0,0.0,0.0,40.33554819833492,126.00675701308677,0.07310251688539093,-0.0003914335843311356,-0.6813537177409235,0.2833189555296515,0.9833894604134112,-0.06575193418515542,1,5.232934519212424,0.0,1307.5381394184005,3.861170936342558e-07,0.8141446459576576,-0.17324671692966703,1.3653316097933197,0.046035899803594765,-0.25668330312597587,-0.222041377301169,1,1.514635001448614,0.0,9.397793883173736e-22,282.2848710528123,-0.2906172291579461,0.18486550994417805,-0.696796412312543,0.003157741562750338,-0.4501721439892552,-0.0021622612680967657,0,0.0,0.0,215.34826912314438,9.434423810478085e-20,-0.0011782057028524306,0.14753420647677973,0.6946506922132196,0.08373019581509529,0.758634098128268,0.2515267191993806
1.035,2.223621551995041,1.1261524722015683,0.41357523593134593,0,0.0,0.0,78.82280324364645,149.37692857569323,0.2707064393202119,0.006095753073019683,-0.4111287503901262,0.004053208028040323,0.695824793203591,0.0006517906071349111,0,0.0,0.0,159.97754197374735,294.90805829742294,0.2309153605014016,-0.04434383289403865,-0.7835219510668863,0.0016132273352367776,0.010679025869935188,0.2049064246618172,0,0.0,0.0,45.016018861826076,118.82447083017234,0.08711712739426014,-0.0004581097639041465,-0.6742524578435982,0.289606709677304,0.9613822642285084,-0.07882674798906487,1,5.3101998203263765,0.0,1314.714715981269,3.003301226578444e-07,0.8147285264826829,-0.17382868829913406,1.366872404365504,0.04647715617767645,-0.25798143376342786,-0.22087508083687815,1,1.6387321380234097,0.0,7.309804813563183e-22,316.9099994612886,-0.2804835496677933,0.17956028465497242,-0.6961241216191003,0.003144353663442012,-0.4524859446623186,-0.0021745924246571735,0,0.0,0.0,229.76389233325764,7.338296353413742e-20,-0.001162864293685839,0.15139791055736251,0.6920559977231757,0.08653401622076527,0.745878277670923,0.2497949330830666
1.04,2.2222059435095307,1.125272511260619,0.41383803434978783,0,0.0,0.0,88.21476968120903,148.7071097865002,0.26963273888224426,0.0061001552431420025,-0.4206151727054932,0.004046078038536516,0.7062747715694109,0.0006650171737194732,0,0.0,0.0,160.97847311145065,292.41237044719,0.23166743890702968,-0.04270299371745456,-0.7821460608227067,0.0016649035433167203,-0.032562597375872304,0.21186862739476325,0,0.0,0.0,49.268937089692926,108.88763481216064,0.10173409834499259,-0.0005052418859764485,-0.666157051076455,0.29636364405802956,0.933255277285463,-0.09164656170718168,1,5.244142479338049,0.0,1319.7125650913085,0.10143572354320032,0.8152001591668567,-0.17431239820019023,1.367868417616254,0.04670077687311913,-0.25964850280172347,-0.22031790348272415,1,1.4430801564969515,0.0,5.685722317028142e-22,356.4914142354516,-0.2725785930349305,0.1741701551022865,-0.6967850811318446,0.003078871048057874,-0.45441354927389166,-0.002194780966155274,0,0.0,0.0,245.32890260784532,5.70788364528608e-20,-0.001154344197362711,0.15454658398238785,0.6905817657336886,0.08855145628088786,0.7272444594474479,0.24769061522814628
1.045,2.221094851961707,1.1249493701361308,0.41410693378430796,0,0.0,0.0,98.04331205668424,148.660339560858,0.27006582715935956,0.006104327612202476,-0.42776548858315966,0.0040428730205551155,0.7200662945269289,0.0006838184690035609,0,0.0,0.0,162.67690081913764,296.27382379326224,0.2323034735138516,-0.04075076858727833,-0.7805897719144756,0.0016995914110307098,-0.07040586013855332,0.2219971890265241,0,0.0,0.0,52.94790137444527,98.30510243924498,0.1165833654208277,-0.0005414372031401493,-0.6568043383880025,0.30320329068409113,0.899139374925066,-0.10381957608326171,1,5.170336985996831,0.0,1322.2312800342945,0.4944177181065487,0.8155720646982981,-0.17464247760208435,1.368379656941578,0.046710204340253664,-0.2614002068815433,-0.22000718541481554,0,0.0,0.0,4.422476261796896e-22,400.17266031157266,-0.2682177606925704,0.1692472300542549,-0.6986503440284446,0.0029536581519794547,-0.455862493123824,-0.0022172620762885287,0,0.0,0.0,261.6751524751618,4.439713816268577e-20,-0.0011517592284975287,0.15687342926771808,0.6902113081771291,0.08976038763462625,0.7025347567387201,0.2452278161514092
1.05,2.2204649003696177,1.1252682581586828,0.41436543443218027,0,0.0,0.0,107.07444809752246,149.6881706086101,0.2720029470435526,0.006114631321158637,-0.4322445957145553,0.004053046553688711,0.7365975607263617,0.0007060352811845416,0,0.0,0.0,164.89743163144294,305.71729167066707,0.23315615052647987,-0.03850935097684349,-0.778952968452644,0.001727257614815736,-0.10300798203148642,0.2350076375570832,0,0.0,0.0,59.9542154655241,85.83593438762607,0.13132997164879034,-0.0005725537578415985,-0.6460026455265493,0.3097641166199419,0.8594151798767062,-0.11493152710458308,1,5.207722266971429,0.0,1322.0306505313092,1.1785994384483915,0.8161699550620516,-0.17490037367875194,1.3690462008839783,0.046658123406746826,-0.2626590003790523,-0.21924413019130387,1,4.143319107215686,0.0,3.4398964978613188e-22,446.0614551919683,-0.26837820817838076,0.16494880610139173,-0.7016041478446711,0.002821771468226375,-0.45683020451400047,-0.0022648719386269,0,0.0,0.0,278.2200109256976,3.453304235913199e-20,-0.0011589509298692846,0.15824868617896504,0.6908931160413758,0.09017616035516383,0.6715788333529993,0.24241254371596793
1.055,2.2200271866640278,1.1257896166078598,0.414564060196012,0,0.0,0.0,113.9078964743689,151.82175384822386,0.27529800165594154,0.006057147186302014,-0.4340027296137392,0.004011136688043315,0.7551857232087207,0.0007175950088486593,0,0.0,0.0,167.4217655447596,319.586890693864,0.23449526166000334,-0.036237650068454696,-0.777161351965999,0.0017517155695876419,-0.13068856600521772,0.25019216337869243,0,0.0,0.0,92.0199022304864,70.4973261783823,0.145587151813241,-0.0006103050766376183,-0.6326505360774997,0.3157913338104557,0.8146442946304804,-0.12460293853571734,1,4.955058576443276,0.0,1318.9402090035016,2.133234477939757,0.8164030451435724,-0.17524318571237468,1.369206259957937,0.04651531671552839,-0.2638433511337541,-0.2185193038133186,1,6.637291733001141,0.0,2.6756249701588553e-22,491.8557841023709,-0.27298013869145965,0.16102465854622117,-0.7051296142588264,0.0026480060963505747,-0.45709357807947826,-0.0022698559597198464,0,0.0,0.0,294.20864414872455,2.6860537951968357e-20,-0.0011695151897774814,0.15850397444793674,0.692462184589645,0.089764269802615,0.6345578354436645,0.2392989388505799
1.06,2.2200686701868566,1.1267296008604217,0.4146389880068743,0,0.0,0.0,117.96233261136379,155.0838081346646,0.2797019947547056,0.00600455319984089,-0.4334813593569491,0.003972834245010104,0.7751964733504633,0.0007331001639618029,0,0.0,0.0,169.9962960934471,335.98894068474794,0.23645359435055635,-0.03374819695990405,-0.7755296339548658,0.0017702092916117573,-0.15360417420777672,0.2667217633539398,0,0.0,0.0,153.88820361642664,54.864344793633315,0.1590878401248128,-0.0003718024448009505,-0.6130952546399886,0.3210326549637232,0.7656474356935616,-0.13253482000223565,1,5.174470191493272,0.0,1312.8374937788503,3.3200693041982077,0.8162902617721581,-0.17583600113703773,1.3691602306277066,0.04643834207863956,-0.26490112266556,-0.2177998134253125,1,0.6834561732150921,0.0,2.0811582515312621e-22,535.2304539197097,-0.2819560381252577,0.15775351199959542,-0.7088558790671542,0.002391472603677891,-0.4566351052049784,-0.0022444425778881394,0,0.0,0.0,308.72519119907423,2.0892700143992405e-20,-0.0011843418338592926,0.1575435956292459,0.6947579166347666,0.0885212001918078,0.59194132794324,0.23589853195559957
1.065,2.2203413070198046,1.1274912318109636,0.41473306321269726,0,0.0,0.0,118.72882345907199,159.43424748263783,0.28497025653026786,0.005966526003799322,-0.43135486438863957,0.003958879986494357,0.795980483103994,0.0007455615743336974,0,0.0,0.0,172.3391513759503,353.17883022299185,0.2390977370145868,-0.03118262410691819,-0.7740480048034151,0.001804067965417211,-0.17216742510144023,0.283667272151206,0,0.0,0.0,232.2683900875869,42.674659249927366,0.1716101067865945,0.0008849463781294142,-0.581892003761479,0.3252980414854157,0.7133710768481891,-0.1385457196261497,1,4.8837430160853375,0.0,1303.7365604258907,4.687996528926303,0.8157385313814983,-0.17662525621698427,1.3686653787013716,0.04638522857184352,-0.2657753923398425,-0.21699714175259863,1,6.292419436500532,0.0,1.618769340330798e-22,574.4182378826656,-0.2945634747315604,0.15517450761131002,-0.7126808236456332,0.002190390171881662,-0.45558967681000984,-0.002269664493782242,0,0.0,0.0,320.8580571741644,1.625078842751892e-20,-0.0012130427891805518,0.1554285849826922,0.6976583585015035,0.08655618152518223,0.5445329717530889,0.23220860367079654
1.07,2.2207385361406313,1.1283051718091806,0.41469702403872705,0,0.0,0.0,116.57966092690093,164.81282034123132,0.2907490013880377,0.005953910055951028,-0.42857575563371286,0.003966186311979203,0.8169903946718391,0.0007677798883052867,0,0.0,0.0,174.13594342711,369.92439267202684,0.24235301816107135,-0.028429966463633827,-0.772937882795419,0.0018127527610721228,-0.1867223782514258,0.3002852943652107,0,0.0,0.0,306.82330169428116,33.193261469673885,0.1829534055074893,0.00395823131150852,-0.5338528417810369,0.32847743355456854,0.6586566323059424,-0.14258887106011975,1,4.955292507915963,0.0,1291.775698274745,6.1974307668915625,0.8148240633864681,-0.17762815402674054,1.367881281475468,0.04629582708953006,-0.26685785305104437,-0.2161895951353874,1,5.263406544543276,0.0,1.259113368849761e-22,609.8823100177106,-0.30994702166884336,0.15341751451030516,-0.7160771424140202,0.001933342269211824,-0.45372810123749097,-0.0022969774398271525,0,0.0,0.0,329.83201569111435,1.264021034600069e-20,-0.0012510058964507742,0.1521649907985959,0.7009507301855222,0.08390820066944256,0.4935769276733999,0.2282806887971256
1.075,2.22112149044265,1.1290291318603107,0.41471092057515035,0,0.0,0.0,111.58976406520692,171.05664222600703,0.296827389771262,0.005859662127053911,-0.42594420522054754,0.0039021172001466597,0.8376831910411224,0.0007720407759028713,0,0.0,0.0,175.10661615013885,385.3659769764905,0.24623859650873658,-0.025935529956914616,-0.7718507803206727,0.0018416180580862473,-0.19798870637219768,0.31595409592218415,0,0.0,0.0,359.92231930406535,25.81842775923306,0.19288711071599574,0.009066493516019958,-0.46657585743944874,0.33061778476984294,0.6022314219956293,-0.14473139230728127,1,4.986725744981715,0.0,1277.1673576725243,7.847594114267988,0.8136892761078898,-0.17892465535289453,1.366900542531929,0.04607886579283882,-0.26793184050655516,-0.21536278019798846,1,2.9958148656179704,0.0,9.793652721963604e-23,639.8638351647284,-0.32723787600506715,0.15259185226823901,-0.7202887907818081,0.0017180153689449473,-0.4507665214932055,-0.002267030520157476,0,0.0,0.0,335.0946237985999,9.831825594417418e-21,-0.0012871359906747593,0.14782944903253137,0.7044475573045299,0.08066209811209206,0.4406213752770136,0.2242143850213998
1.08,2.221234544630061,1.1293487046841033,0.4148195587294344,0,0.0,0.0,103.5410335192949,177.99960005104742,0.30288834068810866,0.005802828903807178,-0.42447268560788975,0.0038827043658143934,0.8576973822589313,0.0007806743331568722,0,0.0,0.0,175.03207351540865,399.6728756216436,0.2506383781355428,-0.023361628034000104,-0.7711426867045208,0.0018753593274223879,-0.20652891095830417,0.33045133309306196,0,0.0,0.0,381.3053520582517,20.082124577235327,0.2012455107099047,0.015754598202091463,-0.3826772929843234,0.3315492970825138,0.5449237188849554,-0.1450200628594372,1,4.5708257353027575,0.0,1260.168080773538,9.63517612778876,0.8122893380373536,-0.1804836652188932,1.3656726079222636,0.04576946785969041,-0.26898862086129927,-0.2147027111076011,1,6.3410572643149345,0.0,7.617712273680882e-23,661.3737678257221,-0.34616668573042464,0.15269669669834962,-0.7241970212311291,0.0015406430270589744,-0.44682391149010936,-0.002277782034456055,1,1.156241137512996,0.0,336.3786657077113,7.647403949225082e-21,-0.0012085006515194507,0.14262240746293198,0.7078659581922786,0.07698081931391647,0.38769796658241473,0.22035966169319682
1.085,2.2189974487831714,1.1319127817665666,0.4138091046072609,0,0.0,0.0,93.49913663631048,185.45273143218643,0.30865973689104176,0.005772584525634172,-0.42498549199747426,0.003877661472170113,0.876737187579608,0.0008023026254590226,0,0.0,0.0,173.72295927797558,412.4321887158102,0.25542260171860587,-0.020756681395202925,-0.7708133752018926,0.0018701406396399722,-0.21322971409067115,0.3436543071861872,0,0.0,0.0,370.1007187778873,15.620305438288188,0.20766338400862017,0.023017973917434764,-0.2880804534832022,0.33130154153697267,0.4875546857540827,-0.1436180024711291,1,3.5298985902689703,0.0,1241.018432852527,11.523065740162039,0.8082716492046267,-0.18176812208980425,1.3617297755485542,0.04570998056682413,-0.27101043284962945,-0.21408146720496365,1,3.70636532433052,0.0,5.925219316226029e-23,672.7640603542342,-0.36656523699014465,0.14961952967908498,-0.7294807974589985,0.0014679465544241155,-0.44166088948628746,-0.0023065943601930927,1,2.374860332485341,0.0,333.693841237172,5.948314135660657e-21,0.0031719353782988513,0.1348307945979178,0.7045309780214299,0.06947222039494554,0.36580736357696164,0.23261182608491832
1.09,2.2165016300344997,1.1340912642493177,0.41318841151125124,0,0.0,0.0,84.24280094361275,193.6083347713819,0.31398490196406315,0.0057131318057294656,-0.4280904300431303,0.0038513472250257808,0.8944998909776654,0.0008095225642171244,0,0.0,0.0,171.0533947512811,423.82582917849095,0.2606079071144407,-0.018309590717617175,-0.7707039375487146,0.0018922014814253818,-0.21910540557648295,0.3554734317535835,0,0.0,0.0,316.88644524541917,12.149807210239203,0.2119961580561749,0.030063657971907465,-0.1897657816671463,0.3300299973790338,0.4312284635684511,-0.14074602062489966,1,4.181599282577754,0.0,1220.1280382779387,13.445170757460723,0.8045969964120407,-0.18363745259268788,1.3592350225165415,0.045228408584300966,-0.27488667606673034,-0.21453228341471683,1,1.9538903847219284,0.0,4.608762143285011e-23,674.9106159251847,-0.38726644630261764,0.14826163365085776,-0.7348328081356823,0.0014100780455498785,-0.43494264821281603,-0.0022923755526958467,1,2.4988085172948096,0.0,327.3710089477398,4.6267257871327315e-21,0.008092008125184513,0.1263102611814667,0.7002377011556329,0.06160570114268578,0.3463056927154282,0.2450122460918528
1.095,2.2169954011605513,1.1357214368000206,0.4126225242658042,0,0.0,0.0,76.23926344463248,203.1729506158652,0.3186805159472955,0.00563721889525115,-0.4340853396106825,0.0038135956571524465,0.9108467857136586,0.0008144648686874978,0,0.0,0.0,166.96925948907023,434.41194321745473,0.2660609304864039,-0.016039893068461986,-0.7707987013776512,0.001914710853915924,-0.22484045569344002,0.3659245262688371,0,0.0,0.0,247.24872425402413,9.450379560705814,0.21413318116512325,0.03631515591130985,-0.09382990408289116,0.32773134498879064,0.3773877325313464,-0.13659847462114155,1,4.0131024931887,0.0,1197.4891390495502,15.316950624087609,0.8001597887082752,-0.18556418923501034,1.355595282216794,0.044706794264004396,-0.27852631250928317,-0.21658145333346093,1,2.5615189448359446,0.0,3.584793635437272e-23,668.0802433147439,-0.4071392912415943,0.14724159425992078,-0.7395273153781485,0.0013612718762801013,-0.42666657745693115,-0.0022910540684588088,1,2.7483084259515893,0.0,318.1548865053963,3.5987661413146684e-21,0.012465888113243562,0.11709629804693777,0.6964217082394153,0.05362621597163851,0.3255941283046764,0.25519069239924963
1.1,2.215268043843923,1.1373893548708558,0.41195294828071594,0,0.0,0.0,69.55158220727837,214.62673557183746,0.3226420336836453,0.005549347418640327,-0.4429923663834654,0.0037688188493525954,0.9256543829043558,0.0008163374633314013,0,0.0,0.0,161.51590384063832,444.09113234250367,0.2717158061438032,-0.013949098994099352,-0.7710719791410388,0.0019537898707789325,-0.2307972313625568,0.37504444871053016,0,0.0,0.0,192.31533880896984,7.350707076746106,0.21410096388804023,0.041506855178609525,-0.004359473716107676,0.3244705869592474,0.32729509673658175,-0.13140031190550427,1,3.4972918096732486,0.0,1173.4466098626667,17.04680516237096,0.7955107385210404,-0.18787175594325384,1.3515092117690215,0.04457697846153846,-0.2797147561093569,-0.220469939226816,1,3.221219666992377,0.0,2.7883290586812275e-23,651.6121308264618,-0.42649479842303784,0.14761418992353437,-0.7440557509590617,0.0013691501802380324,-0.41670742144552375,-0.0022819978238713956,1,2.4246831830533915,0.0,307.02807244778387,2.7991971721969975e-21,0.016472761136909764,0.10739107100157053,0.6928478377744389,0.04563045860406996,0.3053257803192899,0.26377164801233294
1.105,2.2108228256538025,1.1392029123498955,0.4112522058640175,0,0.0,0.0,64.27668719700847,228.64303907983012,0.3257602038219656,0.005492785385820376,-0.45472611923260486,0.003746548384101378,0.938864492852107,0.0008299356535104163,0,0.0,0.0,154.7770094131291,452.67979233425297,0.27741365952924113,-0.01190359188853285,-0.7716284049124378,0.0019598444016456495,-0.23660759084493432,0.38290538308525207,0,0.0,0.0,149.58697826570042,5.717536970979585,0.2120003753833708,0.04546883760602405,0.07636579776555075,0.32018926400349457,0.2817930012238947,-0.12535368783785733,1,3.413821570038408,0.0,1148.8868719120762,18.545269765189925,0.7909171401553139,-0.1904596057867613,1.3477642546869277,0.044626344742033586,-0.27879315514460945,-0.22522199657333766,1,4.592151381776776,0.0,2.1688218988755747e-23,630.0096481893016,-0.4447557609188282,0.149337091700394,-0.7479614405272696,0.0013682688096133822,-0.405162270632083,-0.002293343901293432,1,2.6627600079117335,0.0,295.07972881052524,2.1772753497045163e-21,0.020343274156330082,0.09721049282124772,0.6893281325704164,0.03743153149986217,0.28818940756597966,0.2715000650419731
1.11,2.2057415212407347,1.140675162525043,0.4103169221629273,0,0.0,0.0,60.48032536727143,246.55335850523497,0.3281220854220692,0.005449680134946289,-0.4689697962768542,0.003741113837644361,0.950371569738546,0.0008333063205559765,0,0.0,0.0,146.80843929955432,459.2909878201399,0.28314570026546226,-0.00995057857315107,-0.7723801763180274,0.0019906135269077696,-0.24038655501919015,0.3895389345493645,0,0.0,0.0,116.35194678303773,4.447222379182218,0.20804515322248163,0.04828816519051338,0.1473637867958193,0.3149262321095205,0.24116619519017268,-0.11867365394326858,1,3.421842670153613,0.0,1124.212966433775,19.729980747612615,0.7857420761650364,-0.19275337035711088,1.3432084717579347,0.044442168714889485,-0.27878739901069993,-0.2314310934678925,1,4.915649121453864,0.0,1.6869559976780376e-23,605.9968297903274,-0.4618970838136196,0.15225070988647604,-0.7516136020111563,0.0014404149317660542,-0.39209843948149237,-0.002305521986127601,1,2.4837548174762483,0.0,283.4725896439003,1.6935312722934198e-21,0.023649635008042846,0.08722941575065135,0.6863732319123843,0.029757228282505183,0.2706652223563344,0.2763565901734079
1.115,2.202174844569723,1.1428535988300457,0.40939632002558035,0,0.0,0.0,58.14428837230232,270.08171387935556,0.3297739634322329,0.005367664440676767,-0.4854320673869319,0.0036984940704661295,0.9601882457073632,0.0008393270018843269,0,0.0,0.0,137.68023176278848,462.55518302102087,0.2886961799372445,-0.008279280673952005,-0.7731421196417043,0.0020132660174665973,-0.23831077003091106,0.3949840740205869,0,0.0,0.0,90.50102941551958,6.641913685692396,0.2023288312827276,0.04994744648006799,0.20849201686381647,0.30857626330406784,0.2052070296277062,-0.11160726078640083,1,3.5462790182146824,0.0,1099.6324459267807,20.52144272390862,0.7811035900829477,-0.19522152698695522,1.3391139135685712,0.04425703111853854,-0.276653588198702,-0.23859612689639362,1,4.285291956299405,0.0,1.3121504073604745e-23,580.0579671682443,-0.4770945032387537,0.15520415073743643,-0.754512280688113,0.0014460331145614846,-0.37760494418094703,-0.0022729896382502335,1,2.3587825518809353,0.0,273.0852526077764,1.3172647964002343e-21,0.02703880803173142,0.0773572031377866,0.6828172475486636,0.022455286549731765,0.25528285934327455,0.28186525066963697
1.12,2.1981199995080702,1.1448318345556627,0.4088545036134781,0,0.0,0.0,57.15889754952991,299.4209399104036,0.33092441225946384,0.005363425541413225,-0.5040409178902092,0.0037363272827653504,0.9682832528845651,0.0008441757890359503,0,0.0,0.0,127.53258866964603,462.86814816305844,0.2938079948934771,-0.006511950209543871,-0.7741935392364483,0.0020636958083706247,-0.22457670216058445,0.3993473838988276,0,0.0,0.0,70.39363372700163,17.462658126826593,0.1952369381427821,0.050605457247575925,0.2592045008986277,0.3009607825235661,0.1739088468452441,-0.10423617369463718,1,3.7214833240029295,0.0,1075.970078973368,20.834426489981364,0.7765753423003842,-0.1975868201338709,1.3352257686033862,0.04370847728430255,-0.2756399598970085,-0.24679894805605437,1,3.7441497617815505,0.0,1.0206186135892689e-23,552.2496359567392,-0.4913171535809584,0.15928718148749477,-0.7569933469948085,0.0015773082073767264,-0.3622811098736296,-0.002310515138322977,1,2.0900898294396066,0.0,264.41088745249533,1.0245966946246707e-21,0.030102549863411987,0.06815890857550222,0.6792414337836783,0.016059939814547605,0.2393065550210829,0.2854581830580695
1.125,2.1987424090819068,1.146203059020618,0.40871827783670306,0,0.0,0.0,57.29345065715145,332.86108412893714,0.3316478890693132,0.0052831794325921555,-0.5244337451064403,0.0036925143077498057,0.9746923610546319,0.0008569251695940971,0,0.0,0.0,116.52296204288926,464.7773584565869,0.2978935464511472,-0.005141348032111415,-0.7751220608567453,0.0020378271613606946,-0.19412942654572718,0.40263848117808315,0,0.0,0.0,54.75367187858201,33.51589307092014,0.18679777628620942,0.05020977248001135,0.2992226769319377,0.29196697067542204,0.14661178494324423,-0.0968442995449867,1,4.944249431743017,0.0,1053.6763364638516,20.610898556666076,0.7719452006584515,-0.20053284015539524,1.3327589352926625,0.04361006526034425,-0.2755638689708326,-0.2558179097661506,1,3.7030237157362977,0.0,7.938589574500774e-24,522.305828213555,-0.5030231176158242,0.16203241912344568,-0.7581638074914165,0.0015721013292939179,-0.34618924436725584,-0.0023107811277371937,1,1.9807291756746932,0.0,257.7920348744234,7.969531938488342e-22,0.03250382472468516,0.058604782378037235,0.676417270122901,0.009385362227890381,0.2273625983278056,0.28938568241255574
1.13,2.194871588799186,1.1481171072717269,0.40834526442873964,0,0.0,0.0,58.14648132583008,368.1374169868414,0.3323280912121549,0.005249862017947249,-0.5461042088060111,0.0037094342452717033,0.9793644552503966,0.000853548561256745,0,0.0,0.0,104.72760533621494,468.38522902173037,0.3005766999421553,-0.0038399979677250506,-0.7762253485539123,0.002122878863144717,-0.145176552132668,0.4050064412808815,0,0.0,0.0,42.5885754926935,51.702266417451625,0.17750837095152416,0.04922488843203121,0.32801447515881477,0.2817485280751304,0.12319468634400965,-0.08945856376022733,1,3.688358590273645,0.0,1033.2307286815571,19.885194246459584,0.7677306028003825,-0.20279668628760467,1.3290205401505681,0.04324525851345362,-0.27298382742004734,-0.2653841993718762,1,5.035357558320199,0.0,6.174804534550086e-24,490.62415550146187,-0.514410850516845,0.16653755035194528,-0.7595355523526517,0.001726541580379437,-0.32980410462944465,-0.0023128652150113393,1,1.886814688550582,0.0,253.6610318261815,6.198872166169918e-22,0.03461711192149597,0.05006659907318345,0.6734314937607218,0.0037849065469321014,0.21481773766908607,0.29098021648062133
1.135,2.1958097927507296,1.1493973755607874,0.4083533228495647,0,0.0,0.0,59.32576978308192,404.28738245880226,0.3329269724231393,0.00518521579762482,-0.568427836326659,0.003683203093065579,0.9823753969881659,0.0008597801506574076,0,0.0,0.0,91.88929782562302,466.3566098186897,0.3008797053544843,-0.003011040925213093,-0.7773796222665803,0.002122570597578255,-0.07996234045159745,0.40659994564973867,0,0.0,0.0,33.126303684600046,70.0898755819453,0.16745119576677503,0.04752203948175915,0.34590657180421425,0.2703857125915254,0.10308397403817238,-0.08225832525521491,1,3.7792294161058444,0.0,1015.0976060705929,18.746408812724994,0.7634115915136438,-0.20495588290462902,1.3264765628703197,0.04258339373658826,-0.27448307846726605,-0.274697952423268,1,2.6159983441073593,0.0,4.8028948570877645e-24,457.93235721821026,-0.5235593295301251,0.16954747804026726,-0.7596247225153194,0.0017467528147754319,-0.3133972649908483,-0.0022883519607020397,1,1.8009926271941643,0.0,251.98715730565957,4.82161517503182e-22,0.03616168774845718,0.041898157308240536,0.6713668417897141,-0.001436378072302666,0.20594758187243345,0.292806035280308
1.14,2.196940724173856,1.1500674973671126,0.4084647524660283,0,0.0,0.0,60.54661744177758,437.3708295787772,0.33368986524837513,0.005118052973557108,-0.5907198897282719,0.0036621018099141645,0.9837331898964037,0.0008591234833169037,0,0.0,0.0,78.72336054766674,456.2573076528617,0.2984086200331819,-0.0027767603182451417,-0.7785227412073457,0.002163087316904455,-0.0029057924196864704,0.4077251690552357,0,0.0,0.0,25.76634656382457,94.78797365807736,0.1569451774838364,0.04536484740561897,0.3532056545750064,0.25855477624855205,0.08597268640781586,-0.0752951122860658,1,3.864952769814702,0.0,999.3397894853096,17.29208185107523,0.7589830722974111,-0.20698596400165087,1.3238402431901966,0.04213507884501022,-0.2754205490401125,-0.2839635686959957,0,0.0,0.0,3.735794206791176e-24,426.59131321908694,-0.5314421810957171,0.17251852387135225,-0.7589515305507644,0.0017715704618352923,-0.2972912615283092,-0.002248072637512588,1,1.530465287993928,0.0,252.42621433312576,3.750355269942805e-22,0.03686225971676649,0.03443960909443644,0.6702120060460721,-0.005930763436339165,0.19730540251612116,0.292985080988967
1.145,2.1980046023177637,1.1508481698610817,0.4084745332398013,0,0.0,0.0,61.38052286187927,464.1991282123877,0.33457619188065124,0.00507003620066343,-0.6124510287620277,0.0036573278856169567,0.9835205352770628,0.0008657991672887111,0,0.0,0.0,67.29078177644433,437.0922418862282,0.292645993359824,-0.0031368255360482156,-0.7796836648859977,0.0021585055120399987,0.08083770878337959,0.4087457390032363,0,0.0,0.0,20.041614711023563,141.57595146902855,0.14620700150459065,0.04277424796044249,0.3485756463363596,0.2468750400682716,0.07197800728824721,-0.06862867252014161,1,3.8273573324429173,0.0,986.6168328895922,15.613187069614497,0.7549018077883469,-0.20872671642892765,1.3213585329604691,0.04165830159919959,-0.2760530874389102,-0.2930166349798764,1,3.425869234424019,0.0,2.9057805283617693e-24,396.93109423387256,-0.5382683262173982,0.17538312693893565,-0.7573334743545928,0.0018352336186497897,-0.2818804647613302,-0.0022570262136961117,1,1.5836609333766702,0.0,254.43738128952455,2.9171064342966667e-22,0.037340811885825165,0.02746154016784441,0.6693516320597277,-0.010082436772192303,0.19171586027365617,0.2932845167684979
1.15,2.1990369509945618,1.151335964049861,0.4085510380970939,0,0.0,0.0,61.45865904254746,482.8066359265208,0.3356642627154651,0.005020177630963352,-0.6330308281887691,0.0036557169842270643,0.9817965237597817,0.0008662522361940761,0,0.0,0.0,57.34856914507256,410.2719124591802,0.2834812478045463,-0.0041385676777594416,-0.7807278232454133,0.002168891597846667,0.16635960010227602,0.4098312080055172,0,0.0,0.0,15.588795999082283,206.31529045738353,0.13541091240000425,0.03996706753407553,0.3275362454815369,0.23603198644467344,0.06436362314825828,-0.062321830974163064,1,3.9991181861289786,0.0,977.3240591635536,13.773710212344298,0.7514714494998838,-0.2101700915867843,1.319390058089922,0.04123127731702772,-0.27627992751130903,-0.3016968335225192,0,0.0,0.0,2.2601781606859224e-24,368.45730908951793,-0.5441814552610433,0.17854010895584382,-0.7552134782436859,0.001892764399792024,-0.2671248321066535,-0.002233936394048841,1,1.2525302400813951,0.0,257.3827994026637,2.268987692236631e-22,0.037630889996336236,0.02178043173539379,0.6687142295108306,-0.013010316862379669,0.18609683346647055,0.292127489597745
1.155,2.1999160409738145,1.1518590937847353,0.40851132788912486,0,0.0,0.0,60.67428823553735,492.17928349428104,0.3368114686560424,0.004987881595706789,-0.6521474235916604,0.003670995004766975,0.9786848636335763,0.0008719912410687647,0,0.0,0.0,48.64784163184628,379.3639090945707,0.2707877061284174,-0.005680686649468525,-0.781636101941674,0.002137958932858397,0.2497792304137496,0.4109635855527477,0,0.0,0.0,12.125298495402163,274.71283726425645,0.12473277933378712,0.03693403559101227,0.2856627504722835,0.22634697789566793,0.07183635495458862,-0.056395361833830496,1,3.9967545636192434,0.0,971.7709119316453,11.819254209135364,0.748348609963899,-0.21131483739075035,1.3176094797952755,0.0408058138366707,-0.27627530818598744,-0.3098121302653801,1,3.1050982006197367,0.0,1.758014849428987e-24,340.92612082762815,-0.5491268618624017,0.18150107456127507,-0.7522468629198593,0.001989198760714239,-0.2533466866727514,-0.0022622421020151995,1,1.3002463273199016,0.0,260.6175890665664,1.7648670912354296e-22,0.037799546700262976,0.0165249174472063,0.668318264131359,-0.0156966362354701,0.1829690114475464,0.2912027600097544
1.16,2.200665594138727,1.1519582604750145,0.40866567286715444,0,0.0,0.0,59.072071989472654,491.72142240139425,0.3379980438802192,0.004935854523160199,-0.6695066920586226,0.003664099285840494,0.9742805904144494,0.0008696877917026002,0,0.0,0.0,41.053941684284666,347.8270866567993,0.25475825481768233,-0.007781247927094448,-0.7822242233686458,0.002110355881235537,0.32848117410329447,0.412083231398525,0,0.0,0.0,9.431316158814138,338.82763241914694,0.11429845524657622,0.03390340655677837,0.22277831326222874,0.21813091540894325,0.10315020420502719,-0.050871854845238915,1,4.024338722791469,0.0,970.0720375021403,9.823619002347831,0.7459076284386202,-0.21213483907752312,1.316379373441607,0.04046107946935171,-0.27591110199668134,-0.3173162030210005,1,4.457685618634893,0.0,1.3674215000267409e-24,314.68174641084977,-0.5527014589887767,0.18450317014401008,-0.7487611711886111,0.0020294424165833713,-0.24037620882135324,-0.0022410156058345065,1,1.1849177841315652,0.0,263.5393939870671,1.3727513200635602e-22,0.037780104491836664,0.012130824689332798,0.6682025627397892,-0.017653967339389703,0.18017096123862975,0.28943812482806996
1.165,2.201522329046734,1.1520940656531997,0.4088751380316727,0,0.0,0.0,56.780862858361864,481.1944268414331,0.3390244703276568,0.0048919616260232335,-0.6850974780607986,0.0036614275069085656,0.9687233744251846,0.0008730839213988706,0,0.0,0.0,34.52248367017827,319.2690333316917,0.23559492710189067,-0.010184615195780733,-0.7825568155071867,0.0020455668950037365,0.4011356027164701,0.4132699704907148,0,0.0,0.0,7.33587915557195,394.43078970220984,0.10432123550000938,0.030880426385758608,0.14303474958249507,0.2113077692717461,0.15932968433503292,-0.045684576722418505,1,4.176168967290041,0.0,972.2189188475002,7.855887211479796,0.7441044947983787,-0.21267205236186787,1.3157607655220045,0.040282346745958514,-0.27509158934740996,-0.3241173274600946,1,0.7754564193263574,0.0,1.0636096500224202e-24,291.61453073758645,-0.5552465914295128,0.187595977676702,-0.7448554499954698,0.00203475727967084,-0.22841080346134834,-0.002214343165743482,1,1.0551996896049056,0.0,265.58575439651173,1.0677552978888117e-22,0.03780007301558408,0.008095302208597333,0.6681479197061784,-0.01945789168328279,0.17937582880425196,0.28799385177543557
1.17,2.202218538347629,1.152025334875598,0.4091612973920238,0,0.0,0.0,53.9870759235746,460.88965741799973,0.3398038980900704,0.00486028969759511,-0.6989106095423132,0.003674559160243507,0.9620909266040714,0.0008710297570426739,0,0.0,0.0,29.074441222672395,295.3656191555359,0.21377371739871442,-0.012764254972076117,-0.7825667849696281,0.0019826066557473987,0.46712214383718464,0.4146140083908459,0,0.0,0.0,5.706003497174841,437.84809300521607,0.0949177953255238,0.028004546919343176,0.053422768714386226,0.2058432481780873,0.23433251813010147,-0.040829519110091875,1,4.2000415178766985,0.0,978.0985295502646,6.1115897497741924,0.742812684581092,-0.21277220927173562,1.3154722097411264,0.040211134049509045,-0.2740285400734137,-0.32993106794367455,1,4.554433052246778,0.0,8.272983038504897e-25,271.4829522412566,-0.55673836969411,0.19085121828967289,-0.7406198122895788,0.002117394019623242,-0.21787610293995896,-0.0022333689229718234,0,0.0,0.0,266.2345623045839,8.305228773095162e-23,0.03766280691287838,0.004760029555807455,0.6684342469339624,-0.020714182788730974,0.17900523426639037,0.28613385743571196
1.175,2.2028224299155776,1.1517805207601108,0.40945773297793897,0,0.0,0.0,50.91035786887809,431.59621473960215,0.34018591720347535,0.004818175887025822,-0.7109987063627492,0.0036713930735630673,0.9544707983153995,0.000869070744310807,0,0.0,0.0,24.782384683159894,276.93818071253816,0.18983424802990534,-0.015433903934510163,-0.7821705719802583,0.0019065904147981816,0.5263711063747851,0.41619164100834793,0,0.0,0.0,4.438251396908819,468.0659232949497,0.08607742077939262,0.02531698253341441,-0.03885200070972594,0.20159196214619512,0.3197595562568263,-0.03632504583612839,1,4.2707455998853225,0.0,987.4632176876698,4.753725047259254,0.7420952271628537,-0.21246698146716664,1.3156092997186493,0.040268588724726134,-0.27282301881360604,-0.33472061746614135,1,2.465919335763323,0.0,6.434902913295962e-25,254.18849717027595,-0.556936689502211,0.1938036951202442,-0.7360731756671468,0.0021182011717959526,-0.20913793023137384,-0.002189922386947707,1,0.9991008072562897,0.0,265.06786041867184,6.459984334409786e-23,0.037491289513034154,0.0019017362232410795,0.6687453098336398,-0.021680355029501316,0.17906607540189734,0.28404759206596863
1.18,2.2034257152004146,1.1517186784496452,0.40964967573745115,0,0.0,0.0,47.77525340609053,394.53122819486464,0.3399959533727672,0.004810467411999142,-0.7215326946378327,0.003703421559733522,0.9458978540259639,0.0008722806715550924,0,0.0,0.0,21.758109574916922,264.19838732967844,0.16443567489459943,-0.017924903180300156,-0.7814621608636665,0.001813620598972554,0.579128659303001,0.41800965985038463,0,0.0,0.0,3.45216673489878,485.03739432876336,0.07787940071089405,0.022797760710817516,-0.1285021914111233,0.19825020993245424,0.4083018200939268,-0.032143598818203264,1,4.4392372322442055,0.0,1000.0764314993146,3.6975488784689654,0.741881747175922,-0.21170397499191734,1.3160110491063195,0.04044950864857061,-0.27157892882982737,-0.3383117001761248,1,3.3324244231925944,0.0,5.005204931621395e-25,239.29876323922292,-0.5561031768338567,0.19685641425357603,-0.7313984571174303,0.0021732994734312006,-0.20311710549863737,-0.0022229424668654407,0,0.0,0.0,262.08923499822987,5.0247137966878125e-23,0.037264744221309876,-0.0006152585660762488,0.6692355740065541,-0.02250960308311576,0.18005105289869694,0.2821321339143991
1.185,2.2037024978236723,1.1513917029574017,0.4098672008322078,0,0.0,0.0,44.779130853783116,351.66861240515806,0.3391898505434652,0.004783457250904455,-0.7305200075690654,0.0037103825781786837,0.9363438492822034,0.0008694556152814559,0,0.0,0.0,20.06917196067456,256.75645421446734,0.13839857775226916,-0.020295074403549496,-0.780276420990424,0.001723592285022224,0.6258450868858598,0.4199869008614833,0,0.0,0.0,2.685169022611482,488.28356242936763,0.07024019137538584,0.020504438715760798,-0.21193562830311397,0.195705246603103,0.4945800681503054,-0.02834045056250295,1,4.355814674821153,0.0,1016.236475091529,2.876032495095521,0.7421646242796819,-0.21051037851608184,1.3166286193443146,0.04072877464719629,-0.2703447011085671,-0.3405684107108021,1,5.428002437999581,0.0,3.893155303985067e-25,226.52598399910647,-0.5537208888209997,0.1991091433663239,-0.7265370574763272,0.0021932125918693313,-0.19981642331701743,-0.002204935186541135,1,0.9377321055725796,0.0,257.77020896960755,3.908329715931363e-23,0.0370377442890959,-0.0025223765917588015,0.6696506851828927,-0.023026849058263917,0.18097233740508334,0.2799860920332118
1.19,2.203912696313788,1.151167459005517,0.4099872732330271,0,0.0,0.0,42.072456409888545,306.2688903103484,0.33764951545544974,0.0047550448480268015,-0.738089910082983,0.003710200248140283,0.9257551263881749,0.0008673472057766363,0,0.0,0.0,19.6708013304761,254.37849914864293,0.11256314516067234,-0.022377968519729174,-0.7786838266598048,0.0016289069708138038,0.6672562851295063,0.42201732387651664,0,0.0,0.0,2.088581819384142,475.8269097144265,0.06317392835791358,0.018403421925993535,-0.28756483760353646,0.1936542907358596,0.5754427540231775,-0.024875106272329806,1,4.4629250751644225,0.0,1035.5368130015895,2.2370395050113188,0.7429159360914184,-0.20898224308532848,1.3175483499778267,0.041125179946160856,-0.2692268520234893,-0.3414643778358214,1,2.5297029855272415,0.0,3.0281793508976634e-25,214.81222995124858,-0.549914453331976,0.20086479638939192,-0.7218044040516411,0.002194988470710424,-0.19936781798479086,-0.0021641417514403627,1,0.6958974553827255,0.0,252.60867692931737,3.0399823326258145e-23,0.036695669810720144,-0.003629612256721093,0.6702760406972692,-0.023109120677032108,0.1818720916630745,0.27779599894213425
1.195,2.2040095395530064,1.1510629990134749,0.4099619886156961,0,0.0,0.0,39.752111219888576,261.5055534548583,0.3352875583113498,0.004769061487285897,-0.7443722716285197,0.003753840348095283,0.9140246693773453,0.000870013434086353,0,0.0,0.0,20.447027787740826,257.03030660947263,0.08779384647981003,-0.023996794473810423,-0.7768066688721882,0.001532158970277031,0.7042120196856225,0.42394465954989097,0,0.0,0.0,1.6245435499697163,445.81776752733947,0.05670618475224343,0.01647538218868283,-0.35493471807380095,0.19180602340219433,0.6492740403204009,-0.021511738140763473,1,4.6193170714291325,0.0,1057.6126408019293,1.7400171088174978,0.7441707827991998,-0.20701922813607015,1.3186314671019788,0.04162098902864966,-0.2682707562472464,-0.34097508678211363,1,3.2122383916435995,0.0,2.3553825792196454e-25,203.82228961228802,-0.5447940017737909,0.20242788711516013,-0.7172810232121676,0.0022486984608585114,-0.2019010190877948,-0.002203807568830596,0,0.0,0.0,247.0066719112133,2.3645631905124002e-23,0.03636471963837096,-0.004131508019683761,0.6706900372185862,-0.0231278096520919,0.18308383277322116,0.2761092862256231
1.2,2.203793285909739,1.1508019421401734,0.4098674912284384,0,0.0,0.0,37.90969369755126,219.95500988826456,0.33213030144876343,0.004768073184621413,-0.7493224306009627,0.003776771897694209,0.9010011361114623,0.0008691403047156876,0,0.0,0.0,22.24969330319581,264.37276080500186,0.06488645495979561,-0.025252653643895506,-0.7745944670962499,0.0014406409917213092,0.7375213806326091,0.42556774163974365,0,0.0,0.0,1.2636046724405605,407.6418937014042,0.050753255735625835,0.014714811087777724,-0.41395960386530173,0.19003318143132986,0.7153871726061278,-0.017843172623962275,1,4.583501210134692,0.0,1082.0027198230407,1.3534224729581992,0.7458217193727499,-0.2048330418992676,1.3199139212105107,0.04215133046914832,-0.26741908882699517,-0.3391492695886129,1,4.9042865903413055,0.0,1.8320668796736928e-25,193.92777611270506,-0.5378300628312374,0.20303755584802086,-0.712662672062613,0.002276518570040298,-0.20689592052751715,-0.002206866890980874,1,0.6736405998453429,0.0,241.29951022195166,1.839207755229539e-23,0.03595316195040743,-0.003785800317626986,0.6709256275636089,-0.022910792589549,0.18397255575604277,0.27499329884746165
1.205,2.203319577400622,1.1505195624975437,0.4096941992968915,0,0.0,0.0,36.611504553659316,184.70980354536235,0.32820076611923776,0.00474190230317717,-0.7529331702705371,0.003762632637389962,0.8865068476054556,0.0008636776288988846,0,0.0,0.0,24.917936102317764,275.07267095058904,0.04438856449662265,-0.026162104175888823,-0.7721335531319664,0.0013516464502393855,0.7678252761633808,0.4266996722513659,0,0.0,0.0,0.9828587040608305,366.97592634107883,0.0452872980644039,0.01310931693666606,-0.46506408287178336,0.18822878502565804,0.7737546438152929,-0.013614267366224467,1,4.576642511697982,0.0,1107.9325967400807,1.0527209077577013,0.7479005435401364,-0.20248924113555028,1.3214242591978342,0.04267125489628795,-0.26670317630384077,-0.3361125965952003,1,2.773785856786881,0.0,1.4250207508579445e-25,185.22755831772372,-0.5289794686551019,0.20292401778699776,-0.7081705059645695,0.0022730962268761035,-0.21398178298912685,-0.002149140982890152,1,0.6961134433695856,0.0,235.7395598426508,1.4305750763900942e-23,0.03522833067365738,-0.00239868649024233,0.671362010540425,-0.022249011518259733,0.18406225000740228,0.2744957158580747
1.21,2.2025965984335065,1.1500556955577945,0.4095934415002082,0,0.0,0.0,35.753408968862914,156.0774678916813,0.32352761225975335,0.00478436196762011,-0.7552897792049109,0.0038239399729004253,0.8703457497981402,0.0008659257901515172,0,0.0,0.0,28.78991912845629,287.74831481416413,0.026590183800460743,-0.02654061091194926,-0.7697166077648452,0.0012724202691248854,0.7955835341432285,0.4272399318819436,0,0.0,0.0,0.8041968059983817,326.07146256677095,0.040376180525439676,0.011655452637251429,-0.5090758711370509,0.18631294031697987,0.8247379263247177,-0.008881280303642144,1,4.754553700737849,0.0,1134.651944367884,0.8188288075399992,0.7504270240419215,-0.1999693835428223,1.3230618930603248,0.04306390623368747,-0.26618272601015724,-0.33193101374002354,1,3.7294472836167607,0.0,1.1084115776043195e-25,177.6760417277783,-0.5189034941784849,0.203830333687264,-0.7049916438405377,0.0023725724325013853,-0.22319659149621307,-0.0022039300316170074,1,0.5023307843149681,0.0,230.4952946216469,1.112731850640281e-23,0.03467200829016015,-0.00037560995798979757,0.6711655575514934,-0.021662078709860477,0.18475561350526415,0.27559320772719187
1.215,2.2016480013243505,1.149264106860332,0.4096297484208601,0,0.0,0.0,35.23184430936682,132.96904758997454,0.31825727360848854,0.0048054306897559185,-0.7562052537585178,0.0038510921559379296,0.8522968616666808,0.0008655707691773151,0,0.0,0.0,34.424374791587766,301.6213647445537,0.011719455655901045,-0.026657679309313842,-0.7672939072176626,0.0011936286718261524,0.8210177464804889,0.427129260809893,0,0.0,0.0,1.5956346566603477,286.227429837852,0.03592111457432434,0.010322889265693358,-0.5464306954834262,0.18448136942782556,0.8687003513743283,-0.004063616193676248,1,4.768323467591858,0.0,1161.5116047723957,0.6369025361959447,0.753281092946035,-0.19754465579712938,1.325061980674385,0.04353175931366379,-0.26569114952679307,-0.32689079438481483,1,4.603050856908332,0.0,8.621462000659444e-26,171.17666568724107,-0.5070324383837184,0.2038893628304792,-0.7016545864348909,0.002443926765105353,-0.23372101904862363,-0.0022071797550035632,0,0.0,0.0,225.69568526255765,8.65506600711752e-24,0.034100291766506974,0.0023181441550400583,0.6705282331054165,-0.021018840609591923,0.1852595959099319,0.27788588585256885
1.22,2.2005406042047726,1.1482737054630403,0.40967878855158957,0,0.0,0.0,34.95477918398095,114.49373936643752,0.3125060930436785,0.004793724314995251,-0.7555673689579603,0.0038289566126721297,0.8321939502361781,0.0008614138181282649,0,0.0,0.0,41.133787700630364,317.96840851331706,7.826226289853189e-05,-0.02659727325431671,-0.7649789381254604,0.0011120233116188039,0.8441843516339929,0.42635229074632175,0,0.0,0.0,3.821651548985773,248.5947510255332,0.032194354815852755,0.009098068020302219,-0.5777521082192631,0.18289780449024545,0.9060945888278544,0.000461220359497555,1,4.592444419426757,0.0,1188.018581359808,0.49539639650869416,0.7563173212104011,-0.195215483954237,1.3272590403284403,0.044106942846178165,-0.26519916700903146,-0.321187007472041,1,3.3123719264516884,0.0,6.705957293361018e-26,165.64882179832912,-0.4935527478844768,0.20333998642585183,-0.6983227605417275,0.002490719506459904,-0.24515443850983765,-0.002149519204666661,1,0.8137784976355822,0.0,221.4677526760065,6.732095207345495e-24,0.03333667565126186,0.005730678198556216,0.6697661612680277,-0.020164942276095672,0.1851251800243192,0.2811592907560265
1.225,2.199370301692265,1.1475161119804476,0.4095938946325536,0,0.0,0.0,34.84733838755811,99.89835788263129,0.30643135927840365,0.004845890662589614,-0.7533161763407616,0.0038750388018106707,0.8099444951247989,0.0008610077412954387,0,0.0,0.0,48.92683430823459,337.94574160581794,-0.008101519761203546,-0.026274607690860208,-0.7630375470951629,0.0010447482782600104,0.8649651680863002,0.42492960840727056,0,0.0,0.0,7.412879373049225,214.33097489682785,0.029832019644954855,0.008011064800852452,-0.603746628372617,0.18174224410626966,0.9374173103709209,0.004497134039936207,1,4.77971563685976,0.0,1213.575584511954,0.38532989857383126,0.7594411388345055,-0.19280973882601987,1.3293131372146938,0.04452053277109161,-0.2651926378955798,-0.31477841390316297,0,0.0,0.0,5.216036817994689e-26,161.08414167239133,-0.479008531355142,0.2030602176314953,-0.6951851591825482,0.0025956960713953703,-0.25749017026925025,-0.002155330550747292,1,0.6360127266472551,0.0,217.93514631525548,5.236367445781953e-24,0.03245121682319674,0.009972068659881539,0.6689535860093339,-0.018864798227066534,0.18397822533864994,0.28522475571788497
1.23,2.1985317169068033,1.1469629063438762,0.40945016132994183,0,0.0,0.0,34.853362277557665,88.52676174694676,0.30015646777349614,0.004924605904931378,-0.7492485767873209,0.003939564345606106,0.7855454938456956,0.0008654749863660494,0,0.0,0.0,58.26126193355629,363.0888949637833,-0.012764870493370717,-0.025838364558568694,-0.761553746021987,0.0009869651656060352,0.8830697579673576,0.42287161005579466,0,0.0,0.0,12.496361620317048,184.39275572005994,0.02927346303618572,0.007014579632632079,-0.6247843403967226,0.181294180335569,0.9630669635979823,0.00792765893709449,1,4.79557544421505,0.0,1237.6557953458746,0.2997178255258327,0.7627261615125713,-0.19071749867239024,1.3316350214966612,0.04516288701629112,-0.26448102222182257,-0.3082071988013685,1,3.5180634824887242,0.0,4.057144848448628e-26,157.48776477846047,-0.4635310616017676,0.20213941468841123,-0.6912542457542612,0.002730438095781884,-0.27045498295593684,-0.002218815836786736,1,0.5595226864045765,0.0,215.18818615770485,4.072958444991557e-24,0.03142533005634984,0.014504119398866977,0.6680176334010872,-0.017601721634846766,0.18201187601741453,0.2902127519123955
1.235,2.1972767675199787,1.1461932065657925,0.4090835509595788,0,0.0,0.0,34.93405274915593,79.79500816754812,0.2938227040329716,0.004978966764979276,-0.7431561074974784,0.003968102011373542,0.7590832164731187,0.0008632048810230664,0,0.0,0.0,70.22859981903099,395.2449769389086,-0.013951098568621534,-0.02548348857611904,-0.7605686302350074,0.0009314526036232618,0.898179274048915,0.42018381768354196,0,0.0,0.0,17.350054028595245,159.02746245297266,0.030778658291114258,0.006112469521319275,-0.6410873302920606,0.1818550281516848,0.9833289209852651,0.010660992403415448,1,4.622650942050085,0.0,1259.8849584097902,0.23312692648665945,0.7658856014806559,-0.1885247106975138,1.333576269206778,0.04571511467913139,-0.26408610999961457,-0.301305259095349,1,3.879326071081576,0.0,3.155733921299557e-26,154.87049943454025,-0.44717180658514466,0.20110015370831547,-0.6879141946416658,0.0028845599149522894,-0.28356454772020623,-0.002224503576674086,1,0.4821480372744826,0.0,213.25159436255603,3.168034074459568e-24,0.030392287357312142,0.019279054440719978,0.6669995019870101,-0.01629194495985172,0.17930338035783788,0.29607370870956307
1.24,2.1967153922194917,1.1455403019951125,0.40888949610815994,0,0.0,0.0,35.07770050167424,73.17914895885986,0.28753315164467536,0.005062487798522919,-0.7349648912233029,0.004015608647919444,0.7308073921153293,0.0008615678092329382,0,0.0,0.0,86.8514646521265,436.73383763536884,-0.01177011589615029,-0.02523580961465921,-0.7602006546990736,0.0008835886709118168,0.9100544231062071,0.4168834888988152,0,0.0,0.0,21.172424596459333,138.83178898808993,0.03438638587094367,0.0053027627973515346,-0.6529406391974621,0.18356859356853839,0.9984435167264922,0.012297179053849736,1,4.92220403198766,0.0,1279.8476016202274,0.18133110287239837,0.768922928702839,-0.1867276443910107,1.3358817320052427,0.04657522797399924,-0.2638382148818821,-0.29463220279146096,1,4.697886790294874,0.0,2.4545972485672215e-26,153.36049347058108,-0.43003613418273745,0.19885514438018737,-0.6824027216473647,0.002987043623644936,-0.2967966557473045,-0.0022411626534606377,1,0.8401283879990921,0.0,212.02257583306883,2.4641645704189596e-24,0.02923893992839277,0.024098438939339273,0.6659354463397447,-0.015072843311651832,0.17527647311181394,0.3023281864037102
1.245,2.1957960969048664,1.1447304058353889,0.40888392734980483,0,0.0,0.0,35.391188141826646,68.21060430419794,0.2813960399885487,0.005116374127607348,-0.7245521128347836,0.004021891987827431,0.7010591709796936,0.0008517207466497145,0,0.0,0.0,109.53130175889214,488.8380568242875,-0.006595102591303803,-0.02529691526646305,-0.7603962988195532,0.000839936602194391,0.9184500834661131,0.41294202302508926,0,0.0,0.0,23.94699089586676,123.78730402198825,0.039876981733824035,0.004575054868025896,-0.6605211244438383,0.18652498147176383,1.0085004372968647,0.01210909704253274,1,4.900606614804453,0.0,1297.3308559891416,0.14104320493755543,0.771858016109634,-0.18496204296593038,1.3380555218103778,0.04741532537919482,-0.2640411415492654,-0.28810862308984797,1,5.574418928302764,0.0,1.9092381686579622e-26,153.83117569084473,-0.41256074274751353,0.19606076211549772,-0.676942733711235,0.0030999307041073565,-0.30985196717483166,-0.0022220848704789797,1,1.047805144400038,0.0,211.18784782436626,1.9166798359464903e-24,0.028183534790648945,0.02907876531245135,0.6648335480542309,-0.013716441942043266,0.17032393056489825,0.3089478566216155
1.25,2.1950418739540734,1.1438593522112452,0.4088841108265851,0,0.0,0.0,35.8897390787482,64.4671297667758,0.2754992364668542,0.00518754007070521,-0.7119901230590064,0.004038060988501624,0.6703464325041997,0.0008439475093465487,0,0.0,0.0,137.849582155758,549.9965636053015,0.0008218965536310741,-0.025728708052969118,-0.761160588436524,0.0008009524827310432,0.9231667601953433,0.4083005996452724,0,0.0,0.0,25.90013380837717,113.71903956608003,0.04699176875990041,0.003920911365820401,-0.6641987464834085,0.1908059800022231,1.013515754631157,0.009526259637402001,1,4.917606424947198,0.0,1312.1766912604373,0.10970641739854181,0.7745065326173521,-0.183219417723614,1.3398721620182297,0.048289766787504795,-0.2643978207515465,-0.28173340312953243,1,2.7582192509300487,0.0,1.4850462277622738e-26,156.73251273234823,-0.3950442016416058,0.19353464934326325,-0.6718350748231687,0.003225530307164215,-0.3227175099809254,-0.002228088526020633,1,0.6936007226321287,0.0,210.30491956048525,1.490834515528833e-24,0.0271322269669918,0.034068225624423465,0.6639027021238786,-0.012312927361479466,0.16455040471770555,0.3157439110095585
1.255,2.1933369913528717,1.1430731081573973,0.4088004252747736,0,0.0,0.0,36.52260844629528,61.567578471562214,0.2699750233427545,0.005274533288227523,-0.6973557581637488,0.004051955155430387,0.6392987374870935,0.0008368847163069959,0,0.0,0.0,169.456843984121,615.6005960932254,0.009585801918787773,-0.026630420421376755,-0.7623981886624762,0.0007680709823099652,0.9239303212850931,0.4028736413367279,0,0.0,0.0,27.858887820637587,107.90497804355095,0.05544488174401829,0.0033262508909986943,-0.6644305938354769,0.19669925374759656,1.013412313808535,0.004302138643600087,1,4.282807607958369,0.0,1324.3686140138946,0.08533199471574399,0.7765326045128355,-0.1808579139142274,1.3401107421552378,0.04847046088414941,-0.26600591384331773,-0.2750380510777053,1,2.6960737653221543,0.0,1.1551006756486266e-26,162.45950810058864,-0.3780045632625566,0.19143338465245163,-0.669448967423705,0.0034453315593408473,-0.33519191065882725,-0.0022323250114416604,1,1.664710623221834,0.0,208.96048054635918,1.1596029295078049e-24,0.027194012235753462,0.0380702356639353,0.6628661717764219,-0.011434008256393957,0.160243751648788,0.32124285670834646
1.26,2.19204988761937,1.1427117178447215,0.4087449569069791,0,0.0,0.0,37.2683146270102,59.28484939646603,0.26495727883853426,0.00540663266950453,-0.680859345663613,0.004107313935177104,0.6086240702953183,0.0008271496461388084,0,0.0,0.0,201.10332144549778,680.030302672759,0.019000617528761587,-0.02799041764647381,-0.7640409763059992,0.0007510147402126632,0.9200778830122354,0.39657563812978086,0,0.0,0.0,30.124314732197085,104.5715932036426,0.06503975984353927,0.0028117409857936204,-0.6618238256818025,0.20440147073408427,1.0080401294313073,-0.0034823311119293737,1,4.2028419554241285,0.0,1333.8899174778098,0.06637304813004083,0.7777688421762233,-0.17825280459767495,1.339130385149828,0.04829299421264266,-0.26870492612998387,-0.26837232944750966,1,4.862682049953728,0.0,8.984619777758878e-27,171.4057415786679,-0.3612116011208386,0.18813184810684214,-0.6657549533791749,0.0035964933351602113,-0.34718915985582366,-0.002243842841916366,1,1.770242496209534,0.0,206.97550054196378,9.019639269929937e-25,0.027430265195882875,0.042282357167691687,0.6620457908841779,-0.010185760983278475,0.1544079928869555,0.32529096216187586
1.265,2.191243470753113,1.1422982092755396,0.4088850218291485,0,0.0,0.0,38.1355333793341,57.89102906846189,0.2605423806473291,0.0055262778590592365,-0.6627073176004752,0.0041382108486768265,0.579111839232904,0.0008064451020461105,0,0.0,0.0,229.91999032865755,740.3995425996865,0.028626706799395496,-0.029868270841831412,-0.7659020809810266,0.0007385622290867477,0.9105093158175626,0.3892902187604788,0,0.0,0.0,32.69717148710825,101.12400637078667,0.07548742402525388,0.0023694544062937695,-0.6568355758692612,0.21384168163191453,0.9972104659436307,-0.013489972390938118,1,4.2424595173448205,0.0,1340.8526231623423,0.05162637452397335,0.7787440322874017,-0.17592333116623088,1.3381524479968991,0.04832406744763801,-0.27115680145229226,-0.2621800821030429,1,2.8812372573252873,0.0,6.988429169220871e-27,183.88761694886168,-0.3449128069388532,0.1849428707802634,-0.6627280797093371,0.0037370445208147474,-0.3585870597721996,-0.0022501303589814725,1,0.937974822135994,0.0,204.60786749287158,7.01566807822683e-25,0.027255155956397825,0.046486695671431044,0.6619729594734018,-0.008854204325978283,0.14771345590099472,0.32972719179114623
1.27,2.19031216955471,1.1417690356573629,0.4088472981149551,0,0.0,0.0,39.17518796423594,57.095400973834984,0.25675537672558874,0.005664844980597439,-0.6433463172681446,0.004180896137878531,0.5516838252535381,0.0007878693379168855,0,0.0,0.0,254.20913498080972,794.9404186980714,0.03814603561332053,-0.03210923987934455,-0.7679591653385089,0.0007374502624312718,0.8939880627577104,0.380838665082048,0,0.0,0.0,35.303815740102884,94.7599135388812,0.08658181266183673,0.0019696548406437087,-0.649976319824555,0.22459202740015294,0.9806458717024826,-0.025177572628741055,1,3.9676511647520707,0.0,1345.4496486369853,0.04015609681308643,0.7794772095537883,-0.17363943251076513,1.3368415947490373,0.048343494701110545,-0.2733504360606307,-0.25632340900253414,1,3.1010694281243785,0.0,5.435749476468029e-27,200.1458272648483,-0.32951448409832373,0.18121226167464544,-0.6604592075241957,0.003867322742478807,-0.36938976205244956,-0.0022709905239025052,1,1.022228461986468,0.0,202.4638529564607,5.456936481699594e-25,0.027171740263919997,0.050024987858915626,0.6617281686037029,-0.008236764050122247,0.14144724235732054,0.33403339177353386
1.275,2.1899420047577767,1.1414984666059198,0.40897665897608754,0,0.0,0.0,40.45078030937714,56.60715262612709,0.2536856423220525,0.005743058114607569,-0.6231712557954538,0.004169188697144444,0.5272104293919777,0.0007553809315342386,0,0.0,0.0,273.17860294811913,838.8940662445259,0.047181846672152083,-0.03480159429387508,-0.7700392227968413,0.0007376588565097819,0.8694194198238607,0.371007018412437,0,0.0,0.0,37.67125553138941,85.76404530877966,0.09804355000763865,0.0016246442326404154,-0.64132550717794,0.23616674633525597,0.9580808807342849,-0.0379601851837361,1,4.177047079199248,0.0,1348.006949215003,0.031234269811318636,0.7802603024277985,-0.17166901378262994,1.335851324060906,0.048372120024331,-0.2752868038295415,-0.2510052428019919,1,1.6976221603737998,0.0,4.2280420471395625e-27,222.36394042242355,-0.31438183735521696,0.1767317960249788,-0.6577825145434855,0.0038317146607405594,-0.37933021382783605,-0.002212973591203149,1,1.4456321136206443,0.0,201.3841656195759,4.244521752350377e-25,0.02692562679176813,0.05359645443661076,0.6612035264501273,-0.007720144261380138,0.13416206346877457,0.3386331321333563
1.28,2.189303962869658,1.1411300464221965,0.4091641813655,0,0.0,0.0,41.99098025201925,56.248600888373915,0.2513981174367844,0.005898834762756211,-0.6027431084671402,0.0042202057736760445,0.5065563366629786,0.0007288616654426427,0,0.0,0.0,286.0806745315747,866.6128059688658,0.0554488708324099,-0.03772807432655889,-0.7722017527239069,0.0007614497296745126,0.8360977756024139,0.3597185634099057,0,0.0,0.0,39.54854057526374,75.66703039360083,0.10966057552037878,0.0013238845413471312,-0.6310142569231565,0.24794148939420418,0.929587648265584,-0.05117826851122219,1,4.0418053481136935,0.0,1348.8491822996705,0.02429468220447959,0.7808933413809989,-0.16967153529651052,1.3346157947633408,0.04830212418537577,-0.27725086153873746,-0.24599323830543088,1,4.7108468776605195,0.0,3.288661412702846e-27,251.63716177186774,-0.30061084421710316,0.1723169290686506,-0.6570286815759525,0.0038507448386694287,-0.3888613556759972,-0.00226164604287582,1,1.5897426793906948,0.0,202.26332350136755,3.3014796794124186e-25,0.026896681700005143,0.056686637597021416,0.6607876276957085,-0.0075787269145640435,0.12742477160533938,0.34259972081601214
1.285,2.1889045045745843,1.1410514352518741,0.40958293402646917,0,0.0,0.0,43.7555487269564,55.925847568436595,0.2499107025981131,0.006054785226996762,-0.5824565163504447,0.004266770097390016,0.49036287549786883,0.0007041194394535599,0,0.0,0.0,291.9491036748067,874.1753259901784,0.06286932202578366,-0.040913468760543026,-0.7743249028058625,0.0007898502354347636,0.7936864824878755,0.34695175679489065,0,0.0,0.0,43.60174985871067,63.52708312238127,0.1210759687234031,0.001066524788595813,-0.6188960191078208,0.25944479116446617,0.8953808608652754,-0.06424791565782632,1,4.0146052339314595,0.0,1348.3056567590606,0.018896922738458576,0.7813901324887076,-0.16780760850313198,1.333342165977295,0.04814094820950099,-0.2792704805614785,-0.24138796501550694,1,4.471913314852083,0.0,2.5579910906320453e-27,286.9620690231008,-0.2884414920599798,0.16746070577882533,-0.6578453992718571,0.003811859513281113,-0.39767082034420675,-0.0022884366978241366,1,1.3976161326264387,0.0,205.62868355056457,2.5679614122692275e-25,0.02705666332464407,0.059479848545634595,0.659800079079764,-0.007855728758037125,0.1205650896869539,0.345951359316517
1.29,2.188638001347808,1.1412992673368767,0.41012990263122556,0,0.0,0.0,45.65127087987168,55.61639056450472,0.2492861415078528,0.0061774538391466405,-0.5626002197116735,0.004287821030291128,0.4790746644730757,0.0006738195119161683,0,0.0,0.0,290.70160977251373,861.0155681852689,0.06970053888783334,-0.04426888169828391,-0.7763367608854355,0.0008269384512267219,0.7425372431706969,0.3327836919716402,0,0.0,0.0,69.84888215389861,49.79372900834116,0.13203554065782397,0.0008450033695905912,-0.6041494695906307,0.2703437885014478,0.8560613519675533,-0.0765631850054254,1,3.987457351600548,0.0,1346.7267081109985,0.014698430132888492,0.7818404557604378,-0.16608665191372157,1.3320963094651175,0.047876281948927846,-0.28123660849272314,-0.23717557726403773,1,3.9451181120729935,0.0,1.989660107446323e-27,328.10236344800364,-0.27841897499409396,0.16217275008053034,-0.6601957257971565,0.0037188638633238735,-0.40575385148282606,-0.002289681501764007,0,0.0,0.0,211.22660739709622,1.997415236575803e-25,0.027394779580101503,0.061815758541794996,0.6584853793729779,-0.008543775546761043,0.11353667420942792,0.34846853253846233
1.295,2.1885195686580543,1.1418338235298442,0.4108323775304089,0,0.0,0.0,47.546278256784134,55.45204461158839,0.2495032783153099,0.006288544320325717,-0.5434482276265518,0.004303698203177164,0.4729402668388991,0.000645884563312632,0,0.0,0.0,283.57726094335123,830.6522203167177,0.07642481746208918,-0.04759397564360035,-0.7782354782759986,0.000871026292416921,0.6836861825195233,0.3173781825807979,0,0.0,0.0,125.35154187469064,38.730625986820634,0.14233401872594031,0.0006469450901924745,-0.5830514519058918,0.28037895068391094,0.8125092154937161,-0.08755164231229227,1,3.9720250934729626,0.0,1344.4549948297185,0.011432752906996713,0.7822599407855141,-0.16455123800096721,1.330973113065827,0.04756241337980577,-0.2831248115912981,-0.23336649546282914,1,4.016273294851616,0.0,1.5476001295161516e-27,375.13281495223174,-0.27149407114763235,0.15664774761737243,-0.6637012887936693,0.003567596426166275,-0.41315781598908585,-0.0022896816158355926,1,1.0574094767356592,0.0,218.14657077532638,1.5536322345979592e-25,0.02794797563549256,0.0633754164104906,0.6569074993054669,-0.009819783101223542,0.10704014250686433,0.35034849521138123
1.3,2.188465315067115,1.1426437933372386,0.41161717841515466,0,0.0,0.0,49.267521726949134,55.897148080146025,0.2505398385138102,0.006391379404710074,-0.5251739210488637,0.004318386759550097,0.4719430699139342,0.0006196633367822058,0,0.0,0.0,272.2879734027604,787.147687713532,0.08355318705723125,-0.05071171440457434,-0.7799900740196422,0.0009281186287365961,0.6186859582259037,0.30095453363084335,0,0.0,0.0,198.99561190964954,30.12550815544875,0.1517781683915267,0.00047331280499718353,-0.5497860441630944,0.28935701545226006,0.7657678632842453,-0.09683022881086266,1,3.927831924843872,0.0,1341.7895117959524,0.008892639407794735,0.7825891026081154,-0.16318888347971922,1.3299412799215764,0.0472319149258332,-0.28501650341002405,-0.2299293376018419,1,4.058189593123651,0.0,1.2037564365465484e-27,424.8188981274593,-0.2686551496358194,0.15107452902303686,-0.6680953306518898,0.003372018224029938,-0.4198127414040129,-0.002294327419461284,0,0.0,0.0,224.97222510902554,1.208448336721319e-25,0.02866244460045264,0.06396025851735387,0.6552704100860434,-0.011742129323786113,0.10166923518333637,0.351820488707178
1.305,2.1885750627775318,1.1437990498726178,0.412425049661156,0,0.0,0.0,50.61018828444674,57.01339613749092,0.2522881691116748,0.00648010413334571,-0.5079986272327672,0.004329815009634974,0.4758404054933745,0.0005968135308317968,0,0.0,0.0,258.43918757223486,733.2239970103989,0.09141781872437438,-0.05343898655928192,-0.7815774216153513,0.0009917800189502834,0.5494026696838765,0.2837662837295296,0,0.0,0.0,273.4129053565365,23.432263706061235,0.16013792995311604,0.0003027204258201355,-0.49911827753366955,0.2971524483462695,0.7169539061857151,-0.10419732033867755,1,3.9285545708550647,0.0,1338.8322618041361,0.007835387280094966,0.7828905657601455,-0.16206137260332737,1.329176664779081,0.04695756978573512,-0.28681920190084353,-0.22688207152896786,1,4.6138609399876485,0.0,9.363074678601088e-28,473.81530944037223,-0.2704855573737681,0.1457634626010864,-0.6730304378988379,0.00313496157063331,-0.4256114427982882,-0.002300743264458671,1,1.4521123882445606,0.0,230.13294127860976,9.399569280322141e-26,0.029503819082867366,0.06358051898390848,0.6535768085876554,-0.014160329235100827,0.09710607394045634,0.3526584953765034
1.31,2.188909926236195,1.145299810515591,0.4132451180185808,0,0.0,0.0,51.60469541471708,58.57707037704963,0.25458678050791694,0.006498002536983072,-0.49212738519608124,0.004293095241937495,0.484185109159061,0.0005730959798177226,0,0.0,0.0,243.33189434505195,673.1954977123107,0.1001893386992232,-0.055690468796733006,-0.7829017025409373,0.001040745612919669,0.4777771784218152,0.2660699510488215,0,0.0,0.0,334.8568148007975,18.226115209647833,0.1670718571165919,0.00011635412600863315,-0.4290857661004055,0.3037593261460275,0.6668813257976498,-0.10961094361248282,1,3.8805820816380487,0.0,1335.4316324368988,0.5572108630278824,0.783125986044481,-0.16115617050566794,1.3286487141885184,0.046749104702983824,-0.2885741830676707,-0.2241903565510495,1,3.057495497447795,0.0,7.282799474665229e-28,519.2660333648721,-0.27678802970986305,0.1409113406708833,-0.6782606703925518,0.002820060146941472,-0.43035818866618336,-0.002267860683548062,1,1.4935219922315262,0.0,232.62271661396264,7.311185755386627e-26,0.030400997976030464,0.062310783872401077,0.6521467648819044,-0.016772498196795396,0.09303446481944211,0.35249423987499573
1.315,2.1892414191337344,1.1471522439748905,0.41390464528675003,0,0.0,0.0,52.25427557121425,60.136786448664814,0.25729352098606934,0.006562567091120852,-0.47770759366241,0.004300123653021848,0.49641884405443437,0.0005570135629899553,0,0.0,0.0,227.9454574093361,609.947162401587,0.10994457663628388,-0.05715734190610444,-0.7840692233047233,0.001116990770778259,0.4058051208501787,0.2481731600059926,0,0.0,0.0,375.2781038453637,14.176661708933743,0.17232659872226863,-7.785477572830324e-05,-0.3426533967201264,0.30910373885181386,0.6160173313653696,-0.113057267697328,1,3.9480126980587165,0.0,1331.3085843669144,2.0312134836235725,0.7835584373379421,-0.16055192076707286,1.328560381282422,0.046556886180518064,-0.2900846584636285,-0.22182401761851903,1,3.1294068634383456,0.0,5.664716987615502e-28,558.699984975847,-0.2873070655361578,0.13699282837374382,-0.6837382311376707,0.0025440613068156703,-0.43417593363287055,-0.002272653046465789,1,1.4472320675309465,0.0,232.336648749064,5.686796443074506e-26,0.031474070569695645,0.060253388243036166,0.6504027116103097,-0.01956087314402978,0.08970552813054611,0.3518186060818184
1.32,2.18964416036117,1.1494452701198823,0.41447544108038736,0,0.0,0.0,52.11937126438244,61.22245941505406,0.26010667543985655,0.006657577917767776,-0.4646932811100257,0.004340007302178206,0.5118701233014549,0.0005530119764229902,0,0.0,0.0,213.01353042650524,545.8201366071011,0.12050928322805787,-0.057781886911656866,-0.7850757743861307,0.0011969135955749444,0.3352173472787552,0.23033555108790202,0,0.0,0.0,386.8651643428857,11.026910282184673,0.17565528048244605,-0.0003198097997948457,-0.24601388594709128,0.3131790211493737,0.5643682112967441,-0.11465045700033862,1,3.844250598948789,0.0,1326.1039208684483,4.29612092501394,0.7840548584619154,-0.16040040058199262,1.3287921632713946,0.046387201298055514,-0.29136574313417074,-0.21974515269221664,1,3.3952166803425796,0.0,4.406137867918528e-28,591.5732481583871,-0.30110806035834625,0.13406784924120108,-0.6890586230845033,0.0022589319348521597,-0.4369302106131927,-0.002296434623819843,1,1.3238281131975733,0.0,229.77363341801677,4.4233117399784446e-26,0.032679520771901505,0.05739552778933932,0.6487329184879027,-0.022371418095788444,0.08717845813704561,0.35035282223528497
1.325,2.1898765584472306,1.151382838997598,0.41450757382861264,0,0.0,0.0,51.55442226459169,61.584399537226254,0.26278051038377026,0.00669821189558395,-0.4527362581274197,0.004349303993803788,0.5297608774242435,0.0005405656553297,0,0.0,0.0,199.0206579815765,483.3902863529013,0.13168077037143,-0.05772495088755658,-0.7857616453963445,0.001298476018685435,0.2674309970761999,0.21275586633056495,0,0.0,0.0,368.6770097437374,8.576966345661313,0.17699548759215222,-0.0005826271521340853,-0.14608373294772847,0.31611494047357236,0.5118664309096577,-0.11458488859890133,1,4.010512741998842,0.0,1319.3687624673412,7.1809998944535325,0.7845858024799421,-0.1608079325782325,1.3292135327467247,0.04621532233127201,-0.2922985918633352,-0.21784959411959418,1,4.893543127982388,0.0,3.4271881461244475e-28,617.03149688842,-0.31759184681280583,0.13243316574344077,-0.6952275176612799,0.002080319197495406,-0.43840699514892933,-0.0023084734621161007,1,1.3445422963629186,0.0,225.78524009988453,3.44054635063624e-26,0.03375899816647898,0.05400813765770118,0.6471209175611932,-0.025202609219486763,0.08585171413290005,0.34899742554915636
1.33,2.1900981944435114,1.1531635114718237,0.4143857438716189,0,0.0,0.0,50.926077061000356,61.309720127250124,0.2649392603787306,0.006692721361138132,-0.44158230755744654,0.00432800333809269,0.549374819494356,0.000537318744103843,0,0.0,0.0,186.2254988735579,425.44820004107686,0.14309676233161794,-0.05699574081247971,-0.7861522937201093,0.0013674749759898241,0.20361649132063508,0.19564257608402155,0,0.0,0.0,311.835776721607,6.671347622503015,0.17632526338184418,-0.0009058552657414953,-0.048600005489029874,0.3179278547527202,0.4588079088354191,-0.11306753229657478,1,4.003388543687205,0.0,1310.5879445253809,10.490207904683654,0.7849320166650462,-0.1619945118194674,1.3298540298246655,0.04615041799456285,-0.2930389245312135,-0.21632726885914147,1,4.230117845448214,0.0,2.665740142735159e-28,633.5326846663534,-0.33593047653330954,0.13188728939128658,-0.7011970422828449,0.0018627479787257095,-0.43842826249512634,-0.0022962581788572023,1,2.056831558318559,0.0,221.2793642317095,2.676130439527654e-26,0.03480482782749528,0.04991564519364622,0.6456145112432699,-0.028140147552743307,0.08494296640705024,0.34645605894176035
1.335,2.1902464231680536,1.1548383468153594,0.4140275267959456,0,0.0,0.0,50.117652621553816,60.670554804165285,0.26647317536126114,0.006691676883595898,-0.43083930342129917,0.004317474988567549,0.5699627101648785,0.0005358391414229668,0,0.0,0.0,174.71363479792217,374.7350024526512,0.1545329196740064,-0.055603257394337025,-0.7862614580357468,0.0014480415401532665,0.14454018452941986,0.17916521110972458,0,0.0,0.0,243.06368476644604,5.189116676759561,0.17385107153933577,-0.0012154711975499444,0.04236596853307151,0.31873082100735206,0.4061671058777385,-0.1103014373099324,1,3.9888165751566516,0.0,1299.222611521789,14.020204303339842,0.7849656079586425,-0.1638473468278347,1.33035465577538,0.04602560961265181,-0.29377472681997396,-0.21548158327495484,0,0.0,0.0,2.0734696216271373e-28,641.3576234313888,-0.3555952514606522,0.13257108692999142,-0.7070447588485298,0.0016654781294496157,-0.4368893126565785,-0.0022884045530324193,1,1.1120519447725121,0.0,217.0480462629035,2.0815514164028365e-26,0.03554027071723853,0.04563883215880593,0.6446838529844678,-0.03082473106850845,0.08476051232273818,0.34421620540397224
1.34,2.1902302543480445,1.156112092308112,0.41333051551107136,0,0.0,0.0,49.040033851903424,60.40221594321719,0.2672861314672025,0.006693990927982951,-0.42014897449962696,0.004315529795259121,0.5908494581939672,0.0005407938299179793,0,0.0,0.0,164.43462286301155,333.6708675479638,0.16564793564319613,-0.053627256540695,-0.7860548041302731,0.001528444140125873,0.09062039087701912,0.16345386466106665,0,0.0,0.0,189.0601257056028,4.036205787597905,0.16973835200533394,-0.0015778711249649913,0.12451874346401781,0.31853733693649244,0.35540790572421477,-0.10649043082926936,1,4.00199576823407,0.0,1284.774640184689,17.554649655182843,0.7847343754652772,-0.16644237921696398,1.330784819112166,0.045901405679302065,-0.2939884222302138,-0.21575027726211657,1,5.678787150701902,0.0,1.612788959766855e-28,641.9706950681381,-0.37594957340040414,0.13433877303679354,-0.712997520305712,0.0015640006112817018,-0.4336615784823459,-0.002303466178510627,1,1.5387037061724456,0.0,213.71740373146005,1.6190751523656736e-26,0.0362810081149858,0.04061567561237789,0.643554770313455,-0.034113467216331315,0.08611104130152492,0.3419210459514051
1.345,2.1902820054555856,1.157257494609393,0.4126958204391551,0,0.0,0.0,47.615334696627414,60.833795104987324,0.2672988709446313,0.006704034275185677,-0.40935614858960045,0.004321993947829117,0.6114075280219311,0.0005559662000859666,0,0.0,0.0,155.2521926753334,303.2491034858833,0.1760445683491203,-0.05114727367792882,-0.7855318246260024,0.0015915651046046753,0.041979988184091654,0.14860910939887073,0,0.0,0.0,147.05500398450553,3.1394470725241064,0.16420113507229495,-0.0019420981931331793,0.19694877818658685,0.3174599232801705,0.3077817457459049,-0.1018736041516196,1,3.9872958315337415,0.0,1266.8594429947236,20.893746549521968,0.7841230872607388,-0.16971860074535788,1.331128118803473,0.04573804610747506,-0.29406986977193816,-0.2175228129556311,1,4.487898814542432,0.0,1.2544617011097913e-28,635.9659402303367,-0.3961204590690377,0.13695893658588987,-0.7182513286501924,0.001413788031857155,-0.4285195491945677,-0.0023164358688900766,1,1.820943433608689,0.0,211.68152012058317,1.259351235982449e-26,0.036962388406527324,0.03575592955031903,0.6428409705548079,-0.03696876009141975,0.08725565629641507,0.33891904429031644
1.35,2.190366766176712,1.158333374550594,0.4118225578609724,0,0.0,0.0,45.76701647073837,62.27176902763357,0.26655379460599193,0.0066721297895123155,-0.39839901323879534,0.004301596205203262,0.6310315087506033,0.0005630677961973862,0,0.0,0.0,146.97417640036707,283.7316104456354,0.18540989650995865,-0.04838333758041502,-0.7845570825496739,0.001663538519963259,-0.0015588880617980472,0.13465907171817665,0,0.0,0.0,114.38252310567503,2.6485016428172607,0.15749271832463352,-0.0022491743039545486,0.2595185114461416,0.3156242354752554,0.2640499647114942,-0.09667545520896952,1,4.082694405937127,0.0,1245.2321392817219,23.871771304139788,0.7831286960804178,-0.17352863357922593,1.3312514021450923,0.04544543090711259,-0.29395977190934186,-0.22088223061041126,0,0.0,0.0,9.757471056713845e-29,622.6140734291578,-0.4155378980348159,0.14042547831245944,-0.7232714158367235,0.001293511614460896,-0.421299752528121,-0.0023016273970126178,1,1.4265307962653553,0.0,211.08108311268407,9.795502903328641e-27,0.037364133415425105,0.031128245822166,0.6424196762888996,-0.039586475061671414,0.0883923436373617,0.33624327560460726
1.355,2.190154937604819,1.1590117579073023,0.4110147611223402,0,0.0,0.0,43.45719873693295,65.41265101826306,0.26505097542768175,0.006655183075512328,-0.38753688390260477,0.0042952752967786445,0.6492897817534506,0.0005760604927926571,0,0.0,0.0,139.3916625238909,274.5578318503069,0.1934294427883798,-0.04533011245924712,-0.7832118552193235,0.0017250003136415337,-0.040170630699417176,0.1216609752166263,0,0.0,0.0,88.96916961356047,10.142973028723349,0.14986435494608852,-0.0025984893074748605,0.31228298689834966,0.31311313362883103,0.2246004878226755,-0.09104750978550281,1,3.9537509548945766,0.0,1219.8643598272383,26.352507552789742,0.781745556591355,-0.17778685398101784,1.3311943538228332,0.04508957955287418,-0.29364937698722193,-0.2258386787213095,1,4.451635800277082,0.0,7.589569401630992e-29,603.5733789972413,-0.4337870255140772,0.14414889164707034,-0.7275143612804331,0.0012119845254582318,-0.4121398805044949,-0.0023178651181367527,1,1.213824705718233,0.0,212.03526279627266,7.61915138426537e-27,0.03770518884404783,0.02608629821665953,0.642341055455353,-0.0426503957636961,0.09126961832538671,0.33385809313526804
1.36,2.1901260052977527,1.1595293235337927,0.4100851306737872,0,0.0,0.0,40.914544495576564,70.83679690297885,0.26282960632907015,0.006612699485904705,-0.37726089019942455,0.004271133801589666,0.6658303307632145,0.0005872219859096584,0,0.0,0.0,132.32112610453245,274.61903899729896,0.19992756061936356,-0.04214157907041227,-0.7814915369007931,0.001776991328136246,-0.07425089142673014,0.10961130304323596,0,0.0,0.0,69.20212045343285,26.00743528575633,0.1415486724567323,-0.002910068165756674,0.35495597576922866,0.3105207081094875,0.18935580337760904,-0.08518419590159591,1,3.9968654548240137,0.0,1190.9497929093802,28.226973414089255,0.7799475950189828,-0.18233521407472147,1.3308813624392997,0.04462316429059032,-0.2932063034312389,-0.2321691218298221,1,4.638629578010166,0.0,5.903329189230787e-29,581.2896716990614,-0.45062220364227423,0.14832174287341382,-0.7312700177081242,0.0011372512164496973,-0.40097813311811126,-0.00231227859626959,1,1.5454917089181182,0.0,214.57362776733348,5.9263386871771805e-27,0.0378754992153314,0.02142041174262921,0.6423529270933932,-0.04545226214626802,0.09365537526824275,0.33108501357256426
1.365,2.190181566541931,1.1600329371128424,0.4093106590053469,0,0.0,0.0,38.17539423893591,79.19688313097356,0.25994096174318004,0.006565827878409591,-0.3683274028429304,0.004240672133360379,0.6804466018906752,0.0006010474590366355,0,0.0,0.0,125.62605093192576,282.42668228611166,0.2047993821700107,-0.03887764994424625,-0.7794991243725622,0.0018127777272781698,-0.10420744502634638,0.09850659229420805,0,0.0,0.0,53.82688740439265,45.582292474277104,0.13277404640806312,-0.003216642598143138,0.3871326123392358,0.3084047989192546,0.15821564561320423,-0.07922061699009673,1,3.9238737397640655,0.0,1158.9349474964072,29.413938109999147,0.7778703076471842,-0.18714018010916816,1.3305089389730242,0.04409642713364548,-0.2924539233889796,-0.23971679647148672,1,4.393179295882184,0.0,4.5917355349481534e-29,556.6971869658764,-0.4658868598266639,0.15269378920243115,-0.7343730315777541,0.0010756801431477392,-0.38804636490483246,-0.0023044094043179753,1,1.1916435955413087,0.0,218.49083335777235,4.6096328139199104e-27,0.03806349770246387,0.01666826181603176,0.6427120157211277,-0.04810781969810914,0.0961487746063967,0.3283669122278467
1.37,2.1906351745196484,1.1612062436186577,0.4092841584264078,0,0.0,0.0,35.22735873221319,90.84280462659501,0.2564976321822443,0.006506424899901719,-0.361659786417698,0.004205807144765317,0.6929846135106199,0.0006074580504201454,0,0.0,0.0,119.23860564578894,296.2625533920225,0.2080795619209619,-0.035590886398642496,-0.7773703611093505,0.001862098777273058,-0.13051696018293057,0.08832397033833983,0,0.0,0.0,41.86770273310951,65.91470185709002,0.12376878050185924,-0.0034487700445419156,0.4087213370589613,0.3070901484379893,0.1309866848808443,-0.073267675834548,1,4.109489801279505,0.0,1124.729760613767,29.859689177327166,0.7757530868236362,-0.19198954177392918,1.3299277701625773,0.04310757235595081,-0.2916905922341746,-0.24822214511617482,1,1.7481801608363219,0.0,3.571549975794742e-29,530.2991261440246,-0.4797869366590173,0.1569398567096989,-0.7371295778145679,0.0010477566177726216,-0.3735713446990585,-0.002276981038219883,1,1.8457246566340615,0.0,223.40520182212356,3.5854708616540986e-27,0.03839635095776739,0.012280785612077683,0.6425181076118471,-0.050352903116537465,0.09770864435830462,0.325886737611249
1.375,2.1910068375885046,1.1620295160441223,0.4093296355162212,0,0.0,0.0,32.30172653448649,105.68932302215015,0.25254358738669025,0.006481704530964805,-0.35832170380348893,0.0041954706487071225,0.7034361230240591,0.0006262079697287315,0,0.0,0.0,113.17685351016877,315.2285445072196,0.20975625986409652,-0.03227980221444571,-0.7753087607262252,0.0018757131998864418,-0.15361527274795006,0.07907639257814258,0,0.0,0.0,32.56559345478661,96.85035431853007,0.11470741834973364,-0.0037451335594949065,0.4196197785581781,0.30643930551018006,0.10746854035876674,-0.06740017468654104,1,3.9420334771643866,0.0,1090.5554632058534,29.55489501170566,0.773286917603352,-0.19704443433106061,1.3294848640478807,0.04218379402438238,-0.2906401515656507,-0.257245599062808,1,3.7668234290623297,0.0,2.7780278573346557e-29,502.04428226865167,-0.49222741993322083,0.1610732272863864,-0.7389181997976662,0.0010503830255498836,-0.3580814943482278,-0.0023006212237122736,1,1.108141988082356,0.0,228.98808646660237,2.788855819697821e-27,0.038991955738808315,0.007316903939928343,0.6425819961597272,-0.052851043027299476,0.10038308541563001,0.32343939810691713
1.38,2.1915065248924344,1.1625228626320325,0.40935005410960273,0,0.0,0.0,30.044455406083046,123.37231294905791,0.24821344048159516,0.006442886623620303,-0.3590984522859144,0.004174191452190279,0.7117746505449662,0.0006403646978536404,0,0.0,0.0,107.55572056433724,339.0591020924279,0.21000809242440566,-0.029073421118671172,-0.7733835720710882,0.0018886208114695657,-0.1740437295458599,0.0708351477012088,0,0.0,0.0,25.330214170642073,147.14398583690843,0.1057165631620327,-0.003986826757199857,0.4177910019337443,0.3063079242747309,0.08727186664092179,-0.06172514010617784,1,3.8779019236032455,0.0,1057.6643623775547,28.577429723609505,0.7704030200539906,-0.20185893122046467,1.3284480207395184,0.041181382420277746,-0.2895055366655197,-0.2666973099636083,1,3.018360621765913,0.0,2.1608094044407412e-29,473.1348013295044,-0.5030138737552752,0.16505318855265805,-0.7397700858920746,0.0010301750200770177,-0.34177143672722377,-0.002298149785836978,1,0.7903167011462189,0.0,235.02723253136605,2.1692316248455803e-27,0.038782533741062775,0.003408491357516752,0.6430519113021227,-0.05447334725957127,0.10113446598853026,0.3217248118321105
1.385,2.19196920429522,1.162534285205674,0.4093818529320323,0,0.0,0.0,28.546760844261144,143.62909655549566,0.2436060080925442,0.0063964522721565165,-0.36439494116031446,0.0041464868212664485,0.7180894681177745,0.000654288121815727,0,0.0,0.0,102.53172731168158,366.7657339641667,0.20900150903496062,-0.02600034316592348,-0.7717273050849938,0.0018955603974153412,-0.19223700930128618,0.06375293826701378,0,0.0,0.0,19.70238162008035,214.03732342102072,0.0969131643936394,-0.004214336874066693,0.3985246559734279,0.30632453645193125,0.07018175687759043,-0.05629702373404587,1,3.8027912237355013,0.0,1027.4681630768514,27.053922755046536,0.7663318922864637,-0.20590357448177316,1.3258932214865178,0.040115798047846124,-0.2895356794665125,-0.2759071194315258,0,0.0,0.0,1.680723708364558e-29,446.655123929896,-0.5123227409034932,0.16796356658477563,-0.7397161177366485,0.0010084018711751241,-0.3250669330889915,-0.0022820870353662537,1,1.1018629603924555,0.0,241.3230012315056,1.6872746912890094e-27,0.03751825537636089,-0.00046833120324274446,0.6440059225296901,-0.056258458644579346,0.1005639407960055,0.32117925346744947
1.39,2.1925669539828094,1.1625300037159214,0.40944476662697316,0,0.0,0.0,27.87814218796031,166.84930361923938,0.2388702149117824,0.006359469941725149,-0.37425020767675576,0.004131575103508089,0.7225497940558412,0.000663367799354192,0,0.0,0.0,98.25879191588425,396.4363382649631,0.2069973293665326,-0.023060450837532942,-0.770445382958425,0.0019149458089774973,-0.20858374009601,0.05798213460243423,0,0.0,0.0,15.324933255131665,287.10365025982037,0.08842030970549208,-0.004414926085968163,0.3570077924670436,0.30618275442091214,0.0575955232807035,-0.051140339837941765,1,3.898426007185207,0.0,1000.488347014612,25.126065841105564,0.762330510917666,-0.20969792525825465,1.3236387681890545,0.039049996489754824,-0.28958246112101405,-0.28484088726074297,1,3.4441932813594973,0.0,1.3073027996144957e-29,422.0614611385646,-0.5205649577492639,0.17100484129214477,-0.7387517808758606,0.0010493118879081886,-0.3084198357157515,-0.0022923616652025247,1,1.2027982691946333,0.0,247.6973034530614,1.3123982940581932e-27,0.03648454473323692,-0.003912941176924978,0.6453925932981293,-0.05732908404826419,0.09983848588410327,0.32036088726940254
1.395,2.193119782980187,1.1624482359273824,0.40966285271662956,0,0.0,0.0,27.97199440574662,192.70583826794982,0.23416614422095866,0.0063066633320042476,-0.38846466220534737,0.004101926489038621,0.7255131182301497,0.000667251688180992,0,0.0,0.0,94.88884824372602,425.7669508554148,0.20429518948905745,-0.02036173953173792,-0.7694953930065156,0.0019486624324946966,-0.22341581851504344,0.053770999373875306,0,0.0,0.0,11.9200604172077,358.3022230101474,0.08025741339967629,-0.00459104812041744,0.2922982262703895,0.30568836006170835,0.05441879236473568,-0.04630817761480517,1,3.788765317756495,0.0,977.309316685328,22.93217912414908,0.758701036469591,-0.21324831056490784,1.3218392506379222,0.03807086858600761,-0.28919138698411584,-0.29360329221286474,1,3.7571608136355983,0.0,1.0168480407424573e-29,398.7259202267801,-0.5275535015232764,0.17382906255628905,-0.736905445384302,0.001064867779443035,-0.29194228723459936,-0.0022621308268074847,1,1.298335613509577,0.0,253.98777075354246,1.0208114251574652e-27,0.035843141555151004,-0.007374815715804228,0.6467282078791061,-0.05822675172831367,0.09937546874943304,0.31954153064554414
1.4,2.193830226546658,1.162558053194795,0.40973543601043805,0,0.0,0.0,28.608022631041717,221.07018694137312,0.22958744194804437,0.006286229519724518,-0.4068342010542989,0.004098213908913018,0.727468715303156,0.0006821075558349488,0,0.0,0.0,92.51541710461075,452.10740992588956,0.20115780843651843,-0.017713734620949717,-0.7690851142347424,0.0019442677771662198,-0.23687263660976932,0.05159618677806077,0,0.0,0.0,9.271677597832452,420.32846262432537,0.07258832142600458,-0.004781317454709222,0.20825748646689868,0.30459877243910494,0.07041243518132823,-0.04175012697433782,1,3.8650085165873374,0.0,958.4930663578735,20.597026311465367,0.7555304515675401,-0.2164625394813759,1.3203746481708478,0.03711047722313396,-0.28842489111620573,-0.3021515995591322,1,2.5075592935388054,0.0,7.909261253526572e-30,376.2216911078357,-0.5336934925934564,0.17709791541232311,-0.7343299905461143,0.0010930338286726515,-0.27618893579625836,-0.002268058923038996,1,0.6090554523615571,0.0,260.00020930190647,7.940089304061602e-28,0.03550171273401137,-0.01046444222720233,0.6481792074943404,-0.05861094986479795,0.09875930037994984,0.3185260392266175
1.405,2.194224863513288,1.1624131336383239,0.4099492536365246,0,0.0,0.0,29.704296867951204,249.68046392435565,0.2253380601460347,0.0062315601345397376,-0.42879998715987444,0.00406992479725421,0.7288392055193593,0.0006867799642585048,0,0.0,0.0,91.17247972789887,472.7066875102479,0.19805521267477877,-0.015369246091582411,-0.7689334268465138,0.001960932001780491,-0.24921090737754636,0.05184917198711253,0,0.0,0.0,7.211708873056654,470.31243211069466,0.0654006876715405,-0.004895607088375997,0.11265020766251133,0.3029168979647304,0.11185074366045322,-0.03750030640671728,1,3.8355886579155904,0.0,944.3625102606683,18.232021373118382,0.7526881067211852,-0.21921874032168892,1.3192384701027997,0.03616727571544551,-0.2877080884970922,-0.3098962490104653,1,3.2952293634188754,0.0,6.151992340061037e-30,354.15555741654106,-0.538669392403629,0.18017565460054885,-0.7312755682820571,0.0011242277622418029,-0.2620020017446616,-0.0022377653452063107,1,1.2028710271148912,0.0,265.4532611859808,6.17597105623582e-28,0.035503156409545156,-0.013726105802931987,0.6493671220441299,-0.05914478196718842,0.09847804363867474,0.31763926153305777
1.41,2.1946736956614648,1.1624762132049336,0.41003443919485316,0,0.0,0.0,31.139020266220506,276.522594816386,0.2215188830341308,0.006215358918947755,-0.45366287430341545,0.004073085417466371,0.7300629157506109,0.0007065356766453867,0,0.0,0.0,90.88725014227384,485.29344622808105,0.19530142414093898,-0.01307069827432028,-0.769244746678079,0.0019281568466326116,-0.26008917462374814,0.054983138272529763,0,0.0,0.0,5.609421199231816,506.74591298795076,0.05882409775251185,-0.004959915370761903,0.01327065663390048,0.3004853586597151,0.17670786433687513,-0.03348542869715873,1,3.899138127962997,0.0,934.9398878976424,15.97485002909073,0.7502229412729038,-0.22148523820368488,1.3182747127531034,0.035278425340344116,-0.2870601621999631,-0.31707264766453214,1,3.835050838400923,0.0,4.7851510449594136e-30,331.8810657994252,-0.542954075938282,0.18366690194346202,-0.7278014573641594,0.0011782895416653227,-0.25075528144805714,-0.0022589319975201416,1,1.0825676265633999,0.0,269.94388046284297,4.803802202571133e-28,0.03572831630833484,-0.016928916639326608,0.6506252832014112,-0.059610888649357235,0.09872138793689378,0.3170143881173334
1.415,2.1949624974402226,1.1623366102825035,0.41021269496617097,0,0.0,0.0,32.03160351183582,299.9302759935256,0.21846140369374623,0.006162833470005125,-0.4801943669530959,0.004049148495548327,0.7313543340147299,0.0007128913409178983,0,0.0,0.0,91.61834816628158,487.4723879208666,0.1934997147896187,-0.011087425671977957,-0.769661495507364,0.0019470917164738921,-0.26850227371119795,0.06110428192427697,0,0.0,0.0,4.363127622628883,529.0855333949534,0.05277018305779624,-0.004850542560346005,-0.08339404913865911,0.2974781357842987,0.25732787302081706,-0.029767949675366084,1,3.9100147452542684,0.0,930.1329744060616,13.942715764479946,0.7481082511187049,-0.2232951288551311,1.3175977687849714,0.03450181491902371,-0.286356453416553,-0.32322777660569857,1,1.2344755983040385,0.0,3.721992690720579e-30,309.03950785783405,-0.5461310523416136,0.1868586484903969,-0.7239620568536969,0.0012101878444756298,-0.24271142354449227,-0.0022084243554149063,1,0.9818302143879585,0.0,272.98834217007175,3.736499959488495e-28,0.03597338857213783,-0.019516562916789493,0.6521259569170323,-0.05945343233462473,0.09805199364558437,0.3158382624562373
1.42,2.1952008465048727,1.1623932062928806,0.410207527800627,0,0.0,0.0,32.06906852395154,318.6513608633675,0.2161216925783188,0.006148168327757109,-0.5074341105958935,0.004059725394061076,0.7329020383553206,0.0007334788996319341,0,0.0,0.0,93.23515679298515,477.7647620659915,0.19292791225047035,-0.009174605503365907,-0.7703812147428897,0.001911623039209387,-0.2711479487419941,0.07007381119374612,0,0.0,0.0,3.3937338586651657,538.1405211402499,0.04729101919063705,-0.004694999623055973,-0.17372817343904412,0.29371557456777103,0.345510791379513,-0.026298766173538282,1,3.935343387774879,0.0,930.0439098187325,12.167531890574164,0.7463491552930126,-0.22454452646121598,1.3169799596446445,0.03377886803665259,-0.28587722094639934,-0.3284247145695297,1,3.927108489909073,0.0,2.895045414369969e-30,286.07356183059403,-0.5486355511423366,0.19024751443091836,-0.719682587074491,0.0012869541149994612,-0.23826551163742193,-0.002242199317418314,1,1.0457041503404347,0.0,274.4421526912719,2.9063294778841975e-28,0.0364463469607581,-0.02237415581002089,0.6533930111468769,-0.05966932249026726,0.09829269385742179,0.3151862432444229
1.425,2.1952791140874077,1.1622993458071338,0.4102186667775657,0,0.0,0.0,31.474467732102276,332.11861135229304,0.21457489090279275,0.00608784712828736,-0.5342328020068072,0.0040339169721529955,0.734683835089246,0.0007404544190021956,0,0.0,0.0,95.64369424174575,456.0822344301423,0.194107150070721,-0.007590599649403229,-0.7710359390288313,0.001928802742076463,-0.2627134890181042,0.08136491214754205,0,0.0,0.0,2.639718683385851,534.5555158959579,0.04227319912088623,-0.004423836466185382,-0.25552650068777316,0.2894163479223157,0.43441346405175096,-0.02314148093161139,1,3.896246704935487,0.0,934.9064978748393,10.623967536094177,0.7449878563200241,-0.22533938847165275,1.316600360101356,0.03318778797581959,-0.28531262338930863,-0.3322899832142303,1,2.418228930715218,0.0,2.2518281597275154e-30,264.60076611653517,-0.5499799086369246,0.1931892117651386,-0.7151411409872288,0.0013317876749729396,-0.23665983680306835,-0.0021923857597060947,1,1.0534805758100731,0.0,274.46901344959866,2.260605145349699e-28,0.03684963022208354,-0.024541806507000552,0.6548894234057425,-0.0591820458131513,0.0975524791991702,0.313973751517304
1.43,2.1953363351884794,1.1625229559876562,0.4100204360905152,0,0.0,0.0,30.554446640311756,339.6697134280365,0.2135522720646627,0.00607452436177397,-0.5600249768757952,0.004052868946143762,0.7366937207115962,0.0007606957824999316,0,0.0,0.0,98.74362409586456,427.3927735084994,0.1971234553241077,-0.006003691263944511,-0.7718938068331198,0.0019025757564684054,-0.2373134221114921,0.09442322537482623,0,0.0,0.0,2.0532295747425087,518.0763225272633,0.037752402005200913,-0.004130166443462091,-0.3284434110802945,0.28441264710225134,0.5196784714204359,-0.020243321754472965,1,3.9359683449734653,0.0,944.3728234080409,9.268246629344082,0.7440272934707917,-0.22560667591901723,1.3162802240074662,0.032668350454917006,-0.2849848088255371,-0.33490314172341906,1,2.7516313631132983,0.0,1.7515200403325347e-30,244.73364028249992,-0.5506301946869034,0.1963651446845769,-0.7103232998669602,0.001421604581166025,-0.23784423532645627,-0.0022261580031518458,0,0.0,0.0,273.2300502088319,1.7583469672206086e-28,0.03735756098054965,-0.026698962192054143,0.656259594974862,-0.058674932439912016,0.09732458678327527,0.3130710792372601
1.435,2.1951710968266553,1.1623892533099247,0.4098948989524668,0,0.0,0.0,29.60330868186122,340.9965048540644,0.21298450354592446,0.0060137335426074245,-0.5841616125246702,0.004034987912453936,0.7387651145530996,0.0007669993396062225,0,0.0,0.0,102.09314782506777,398.0475905233016,0.20211575666462656,-0.004692717057367846,-0.7726234651355053,0.001926944999257607,-0.19221485799341287,0.10887245843537172,0,0.0,0.0,1.5970458189847498,486.93192681361927,0.03362863554586992,-0.0038017701923609426,-0.39237834107734915,0.27888277727720934,0.5986359239081414,-0.017644937854045722,1,3.997451217500078,0.0,957.9496899209338,8.052038574537644,0.7436226664812544,-0.22544171699507515,1.31627329767946,0.03225519016886666,-0.2847322283137601,-0.3361429079831437,1,1.2810872308385493,0.0,1.3623696987863002e-30,226.98010494776227,-0.5499807414437352,0.19918811434077344,-0.7051709507514266,0.0014797291711321492,-0.24092086329158158,-0.0021775267548166943,1,1.0853208489635817,0.0,270.886446356221,1.3676798283389008e-28,0.037931303582521725,-0.028417490813641977,0.6574163055942452,-0.05775682497847984,0.09685994949742271,0.3120722502809213
1.44,2.195029940725128,1.1620704941039084,0.40983307577304373,0,0.0,0.0,28.886534587242185,336.43091198996376,0.21261976755154965,0.005972408620086411,-0.6064500457684767,0.0040359338681979495,0.7407774532764468,0.0007800804291193675,0,0.0,0.0,104.99552771576458,365.9097567006821,0.20856111709912728,-0.003461765366796987,-0.7734675879926547,0.0019296932032067393,-0.12889531673413446,0.1249590964122014,0,0.0,0.0,1.242216349945442,445.53969813882446,0.0298993648463024,-0.0034834336136733146,-0.448015125805304,0.2727762264024351,0.6701544677573232,-0.0153066063675006,1,4.138908359284158,0.0,975.1026880470403,6.928040306143221,0.7438823601397664,-0.2251413447309119,1.3170095944446287,0.03201425465019758,-0.2839322069504908,-0.3359697108023091,1,1.202396922081951,0.0,1.0596802511141663e-30,211.88349249098073,-0.5481333910539858,0.2023210972169167,-0.6996065679809249,0.0015359248693645466,-0.24576978542390493,-0.0021742628735161307,1,1.0719642705243824,0.0,267.6464166744487,1.0638105833013557e-28,0.03846356777609916,-0.029904228917332798,0.658463538879613,-0.0568113225666335,0.09687950532306022,0.3113835197631565
1.445,2.194680716068384,1.1618378125945918,0.4096636262520602,0,0.0,0.0,28.611368783104847,326.660217555893,0.21237189453141248,0.005948149273876213,-0.6267075640821391,0.004056714642368564,0.7425306437526864,0.0007933326038848665,0,0.0,0.0,106.91456899890993,329.92571579403983,0.21599849149504236,-0.002425279723663687,-0.7743478548272065,0.00193973976560452,-0.05164333047984937,0.14283440991176322,0,0.0,0.0,0.9662224099824097,400.8527217655266,0.026550243420473407,-0.0031716631980952537,-0.49603304542059434,0.26625971946310967,0.7338703573524783,-0.013215647154267818,1,4.210330187543151,0.0,995.5553970549665,5.854143637355685,0.7445977175587203,-0.22442250560894855,1.3178273965408436,0.03182697963556769,-0.2832139532927207,-0.33463954634043613,1,2.714345664698966,0.0,8.2424193345005e-31,199.30471601520304,-0.54518773213253,0.2055575204792044,-0.6939668678114341,0.0016286476424764995,-0.2520214613323759,-0.002214035424247973,1,0.9223735998972973,0.0,263.7535802108593,8.274545940466597e-29,0.03894847758704545,-0.030599677583899032,0.6593041045793504,-0.055519372377007145,0.09683244255513235,0.31069418977161994
1.45,2.194077309566642,1.1614354705575354,0.40943741362995806,0,0.0,0.0,28.901345726788843,312.5523014678689,0.21218386320845772,0.005906128228662821,-0.6448520035345786,0.004060973431296078,0.743826412171684,0.0008048236988337509,0,0.0,0.0,107.65998391677181,292.3598009726369,0.22405394352730967,-0.0017523996008366183,-0.7750988440238706,0.0019478036377634789,0.03417220712252789,0.16227123005343463,0,0.0,0.0,0.7515484284144376,353.80668412532026,0.023518037566189864,-0.0028885652180675736,-0.5371175667839609,0.2595085576271816,0.7898979781728519,-0.01136458242173534,1,4.131676286386385,0.0,1019.5184648734338,4.796669228213774,0.7456633140347795,-0.22335482176433924,1.318785682744986,0.03176723273383664,-0.2825295903944922,-0.33217546452149704,1,3.940408135955051,0.0,6.411129811498989e-31,189.4670616773464,-0.5407884755066312,0.20818041571577672,-0.687848234417862,0.0017117965637264976,-0.25923208704760703,-0.0022266143541703753,1,0.5856599942497734,0.0,259.4373712149407,6.436118571824415e-29,0.03926221249597184,-0.030711938751909695,0.6599783882252634,-0.054302077099725544,0.09712198139110684,0.3102426995861045
1.455,2.1934222238344234,1.1608052651686436,0.4092066173381717,0,0.0,0.0,29.815483164431644,295.4441466755926,0.2120534435621902,0.005837002638516164,-0.6609093073316712,0.0040356006759813545,0.744483312430676,0.0008144015534433113,0,0.0,0.0,107.28086705921885,256.94735820065506,0.23246713053092138,-0.00151898916416493,-0.7755880780845792,0.00194966304292582,0.12334037557434363,0.1826774499946882,0,0.0,0.0,0.6047647547445718,306.80724528711045,0.020746250326504345,-0.002640074109655388,-0.5719504813442069,0.25264615328013096,0.8386116109267125,-0.009737135507555367,1,4.2096210848083375,0.0,1046.2920891600172,3.7628248185881232,0.7471053477704785,-0.2220233756807088,1.3201321447765735,0.03183609220156791,-0.2818930168941738,-0.32856167527219393,0,0.0,0.0,4.986713705264541e-31,182.01823317190983,-0.5347785669547995,0.21073173027455017,-0.682015644297177,0.0017442137610161335,-0.26712375375450415,-0.002173832192436942,1,1.0827532994636386,0.0,254.9291860693906,5.006150496790564e-29,0.039495559212239684,-0.030005978676841738,0.6602567195205606,-0.053073651209934916,0.09761096597159269,0.3099691886124323
1.46,2.192761661164737,1.1601635405343314,0.40898802058564854,0,0.0,0.0,31.35000918941626,276.8900791487598,0.21209925029146143,0.00582736900634101,-0.675002984934401,0.0040747802945745315,0.7443493359730933,0.000824658752959645,0,0.0,0.0,106.0577071268242,227.08540273149995,0.2409822597696092,-0.0015004507914782028,-0.775896763888545,0.0019650165109930673,0.21158977601044082,0.20330582286186102,0,0.0,0.0,0.7784521390353346,262.31537594309583,0.018350568877268714,-0.002392363664698527,-0.6013420182173534,0.24572867633126683,0.8805058264207144,-0.008287649224922367,1,4.304820281477695,0.0,1075.717273739183,2.9268055155750616,0.7488724951155831,-0.22013619809728285,1.3212932318182582,0.03202371428939224,-0.2813352482742566,-0.324160284616027,1,3.300364114919489,0.0,3.8787724331632225e-31,176.63696864366395,-0.5277110942723331,0.21320078228118278,-0.6766774224246195,0.0018942886093640254,-0.2760150606607761,-0.0022293209621533916,1,0.7643740040909258,0.0,250.47501756334478,3.893890784770352e-29,0.03928313365629377,-0.028241612487253653,0.6607520550786161,-0.05159168623999746,0.09787126926681666,0.30963709187021876
1.465,2.191949430637262,1.1596528628494733,0.4089602879430513,0,0.0,0.0,33.41153909461618,258.1335070670761,0.21239863573832396,0.005790774014704458,-0.6871797565658144,0.004082963570057718,0.7432972423259503,0.0008333730646495896,0,0.0,0.0,104.4284796371034,205.25257379053446,0.2492373848306979,-0.0019214619265117694,-0.7757055203827847,0.001967274532904628,0.29573558173658343,0.22346461126902936,0,0.0,0.0,2.0370943834042285,221.28472477808353,0.016302990580341792,-0.0021934253544074744,-0.6256873849477802,0.23894161950457693,0.9160149370011728,-0.007016959214843771,1,4.3399056889046435,0.0,1107.1307147505424,2.276531844821515,0.7511017318078818,-0.21819689037502915,1.3231590125639658,0.03225538195009936,-0.28103137615996654,-0.3191054415155766,1,3.967427522698498,0.0,3.016992046762954e-31,173.7822371728197,-0.5189450817515233,0.21481888768488755,-0.6715597433939042,0.0020232531667258025,-0.28543839545984473,-0.0022381740552215867,1,1.0563975964029333,0.0,246.32083127102035,3.028751423561885e-29,0.03922771089984245,-0.02650416838300096,0.6601175095961385,-0.05103265042952987,0.09885933134192171,0.3097625052258516
1.47,2.1909092257033205,1.1589720307746627,0.4089181279771027,0,0.0,0.0,35.83727605391027,239.48130142867473,0.2130914363384812,0.005725062997927799,-0.6975560485678176,0.004059268205630351,0.7412114105775516,0.000835561823772285,0,0.0,0.0,102.89089558435933,191.84645051461655,0.2568934576147468,-0.0027118199962619105,-0.7749519937265086,0.0019570003670591474,0.3739817953332598,0.2427894442666011,0,0.0,0.0,5.204573318237011,185.39958665230756,0.014980437470040187,-0.0020188428752059284,-0.6454400659649153,0.23254123744146954,0.9455647226945385,-0.005912120499205212,1,4.326553934132504,0.0,1139.6719999838047,1.7707350942545184,0.7534650013903826,-0.21599627136628158,1.3250284983820415,0.03256262784740804,-0.28086174021997934,-0.3134938591307179,1,2.4852098005560443,0.0,2.346680855109576e-31,173.39582141508146,-0.5085642125272587,0.21624146255294874,-0.6670824778811557,0.0021577760985695416,-0.2952939131948846,-0.002220193165743678,1,1.21084978493683,0.0,242.64714519942694,2.355827549557006e-29,0.03880048761391519,-0.023416656381859857,0.6596757285641244,-0.04981759771533694,0.09911426192967387,0.30955344327613316
1.475,2.189623429038893,1.1580977275434146,0.4087895144912097,0,0.0,0.0,38.43914188786643,220.6399823447693,0.21428596480071588,0.005681898953331543,-0.7062904791692508,0.0040547359208654155,0.7380482653361262,0.0008400654575135003,0,0.0,0.0,101.87859487466568,186.30716537545726,0.2636528093025512,-0.0037081438393524735,-0.7736627013076287,0.0019363058341415051,0.44553005732294393,0.26120908891104955,0,0.0,0.0,9.662133543479422,154.7989339804469,0.014901042178138812,-0.0018652028502420537,-0.6609744993955697,0.2268461326270394,0.9695676473300026,-0.004940978660973844,1,4.184414979789041,0.0,1172.6557837918422,1.3773155781488262,0.7558295845843586,-0.21341378103230263,1.3264972575253307,0.03277806072307818,-0.28093896854460443,-0.30734850588826035,1,3.2874738234401506,0.0,1.825298492797282e-31,175.90408878949793,-0.4965871785545046,0.21713663817847184,-0.6630926775799069,0.0022886390450537752,-0.3055191803239725,-0.0022206433651637547,1,0.7739682027635287,0.0,239.4410058843544,1.832412987106391e-29,0.03814822074705937,-0.019687068023826026,0.6592160303540464,-0.048593113689921544,0.09972414694102039,0.3096377257386997
1.48,2.188482357739826,1.1573415093565498,0.40873347376138647,0,0.0,0.0,41.0322907855081,201.38969780908428,0.2160338352149248,0.005677464206724214,-0.7135093224057178,0.004089458549151381,0.7338026745426791,0.0008519028284819374,0,0.0,0.0,101.77796481712417,187.51558340479932,0.2692967579305785,-0.00480334417573669,-0.7718619039460313,0.0018998580014213395,0.5101851843929341,0.27873850548703427,0,0.0,0.0,13.805060295665532,129.27448609238343,0.016445127870913012,-0.001743996353704147,-0.6725025486436498,0.2222175582881084,0.9883236678861067,-0.004229812836611085,1,4.1954969472842585,0.0,1205.299301281585,1.0713054753173419,0.7582577052168362,-0.210616494883254,1.327800083212337,0.032927859012383764,-0.2812592950824184,-0.30089511281430326,1,4.470615258693649,0.0,1.4197561549767953e-31,182.00442565265308,-0.4831518596932671,0.21683043824113923,-0.6589207701252799,0.0023836157242344558,-0.3159512153888666,-0.002249314878846387,1,1.1840333043594293,0.0,236.3613259727927,1.4252899606117442e-29,0.03739249226819785,-0.01576687566210555,0.6583091669098986,-0.04777986986519939,0.10065273674871245,0.3100070452494704
1.485,2.1874556276206394,1.1569081755188837,0.408741240453928,0,0.0,0.0,43.450878395771184,182.10335579451555,0.2184187002501909,0.005640638544873289,-0.7191577658593342,0.004079403471057341,0.728444863209808,0.000851791525576101,0,0.0,0.0,102.87331011261533,194.16692508287002,0.273769688634411,-0.006113131234439351,-0.7694338543897177,0.001862187450692443,0.5681324499574538,0.29532850336806654,0,0.0,0.0,17.174601384587458,108.6001207219804,0.01972328302915516,-0.0016289523566105357,-0.6800012580270645,0.21900481389470494,1.0019862440687537,-0.004444875288351066,1,4.285887644201546,0.0,1236.8831326880386,0.8332842811430841,0.7607712143477683,-0.2078279671497663,1.3291860003624314,0.03311692270826713,-0.2816572242670521,-0.2943883059442206,1,4.164817874176463,0.0,1.1043166624793565e-31,191.63141835993997,-0.468336825051759,0.21545708901210148,-0.6557244402521099,0.00246447948472428,-0.3262097966137476,-0.0022326306865982914,1,1.2606536909062374,0.0,232.85520645248897,1.108620974700983e-29,0.03647202739920985,-0.010933899752804566,0.6573527431342943,-0.04644034106516004,0.10055410181004465,0.30984596697117484
1.49,2.186327184343494,1.1565283551038972,0.4086873625596261,0,0.0,0.0,45.5848601270323,163.04849082744533,0.22137695747717312,0.00561222866370481,-0.7233146456598929,0.0040796435759348215,0.7220026256197778,0.0008514267537966802,0,0.0,0.0,105.270525542128,205.15814038310637,0.277053023439775,-0.007460084599295591,-0.7665853064140136,0.001816734064330472,0.6200185812114438,0.3109268744381446,0,0.0,0.0,19.853947525738857,92.59014858773591,0.024727979669364242,-0.0015312337331414572,-0.6836011703595768,0.21732312860825154,1.0106595581478133,-0.006369669301096337,1,4.278137747548012,0.0,1266.8860363476188,0.6481463123246543,0.7633376654652884,-0.20499410899384157,1.3304422208564408,0.03328559873759224,-0.28208519962978884,-0.28788531548987406,1,2.4305118792710405,0.0,8.589610876168218e-32,203.66153059501033,-0.452463973301914,0.2134059085603861,-0.6544151662393058,0.002542365195504215,-0.33629062337041415,-0.0022397339968269203,1,1.2355429748434892,0.0,228.38218181868626,8.623090736003258e-30,0.03543727645898542,-0.005657234897551544,0.6563458274959213,-0.044988803414861916,0.10026319076353607,0.30969132640192065
1.495,2.1851534021505605,1.1562470228588804,0.40858645645032726,0,0.0,0.0,47.40154067702253,144.73485265525593,0.2248354360747658,0.005590505288399161,-0.7259331922403034,0.004080400722923316,0.7144928599825435,0.0008508413789004576,0,0.0,0.0,108.884946261334,219.4543093830854,0.2792266131665433,-0.008810691142712157,-0.7634484762958225,0.001763856143715714,0.666618031779517,0.32541688034120037,0,0.0,0.0,22.104535483381206,81.44276384719713,0.0313478038268129,-0.0014463208274548833,-0.6833622755021267,0.21735292695444625,1.0143116029103303,-0.010530700615804453,1,4.177863152056488,0.0,1295.1197755776113,0.5041420457419066,0.7659502395455557,-0.20208552855986922,1.331416495288209,0.03334331715299951,-0.282466733064912,-0.2814115301137482,1,3.2866751852394582,0.0,6.681182808410861e-32,217.2393104160511,-0.4356691933711663,0.21029083628473555,-0.6549021580803476,0.0025886698842568223,-0.345977945097401,-0.002244117506676413,1,0.7848709530472627,0.0,222.59561694989384,6.707224158500244e-30,0.03438571395176204,-0.0004517606243654715,0.6551170720309576,-0.04387761468390565,0.1002348743028234,0.3099548682650454
1.5,2.184209083539029,1.1563125004626726,0.40859061973866156,0,0.0,0.0,48.94028159211123,128.44363128115236,0.2286964823632633,0.0056040097814065715,-0.7269499598161138,0.0041164180879169066,0.7059855596065148,0.0008541817560878129,0,0.0,0.0,113.37703296756922,235.08998671272064,0.2803793699776249,-0.01008353923461014,-0.7602390722767614,0.001708917251933617,0.7087232743813479,0.33868616687618985,0,0.0,0.0,24.613397932247157,74.66353101658417,0.03945392533432113,-0.0013845688858491467,-0.6794960798439751,0.21939497922685935,1.0128609603114085,-0.01706663447047521,1,4.169692970656804,0.0,1321.060497483957,0.3921324513492365,0.768678037614571,-0.19925367276674216,1.3323831827727042,0.03333782317784656,-0.2828450454737752,-0.2751246520218579,1,4.325981095086419,0.0,5.196766694432344e-32,231.77105650055168,-0.41834340822634863,0.2056499084084391,-0.6562864404152822,0.0026034870339784466,-0.35520616113780235,-0.0022686656979897246,1,1.170645686133749,0.0,215.47099669604103,5.2170222127594575e-30,0.03340052211350031,0.004488660622212537,0.6533630483942552,-0.043318771879079024,0.10022422827997302,0.31080589079010695
1.505,2.1834857684210007,1.1564207722043383,0.4086426173821807,0,0.0,0.0,50.3080688124866,114.88685211348168,0.2329064176473824,0.005591858630299484,-0.7261511833015073,0.004112973833110156,0.6966130287697385,0.0008471864832451104,0,0.0,0.0,118.26422638344967,250.32396025866953,0.28058323054968914,-0.011413000825419406,-0.7570000959335614,0.0016493247981336223,0.7468925281342513,0.350710771191474,0,0.0,0.0,27.390037047025594,69.73716843964269,0.04882743489059527,-0.0013130256020006392,-0.6721771963714465,0.22366714965997314,1.0063106543129985,-0.02582418671409137,1,4.29750779027756,0.0,1344.1969730540109,0.30500899637298284,0.7713555723284857,-0.19663835830482584,1.3334194693075792,0.033464292234238,-0.28312629674263645,-0.2691599928819376,1,2.7392298991218653,0.0,4.0421561347435756e-32,246.91638972760202,-0.400705454574253,0.20037756244812543,-0.6593976093095384,0.0025811161882602907,-0.36371913324177774,-0.002253700101817968,1,1.2461659060167851,0.0,207.28653576275838,4.057911309544106e-30,0.03223379707728924,0.010037668263517818,0.6519397439789294,-0.04226890094415733,0.09889259641504444,0.3117717780045918
1.51,2.1829802205065723,1.156286025880592,0.4087264867744943,0,0.0,0.0,51.6561751826182,104.28754006993145,0.23734284361289976,0.005599886563433798,-0.7234761047077776,0.004128097503101169,0.6866709485179088,0.000842523214074381,0,0.0,0.0,123.0884429754062,264.9827884754927,0.27981021769815984,-0.01271890561220479,-0.7539399564463296,0.0015878468897801978,0.7815889061040471,0.36162536940679385,0,0.0,0.0,30.32424739529717,65.51793650169965,0.05927989170756609,-0.001257542249967103,-0.6618031561131044,0.23000215149791248,0.994824801708535,-0.03639904220138565,1,4.345814728248074,0.0,1364.1668058638907,0.23724251218780293,0.7739405953712164,-0.19417514886842074,1.3343367370333357,0.033736372576041423,-0.2829477478689779,-0.26350105352786535,1,2.89815948762761,0.0,3.1440753796298476e-32,262.59316090336114,-0.38313166927631115,0.19404581858952685,-0.6628832650095271,0.0025372934933514113,-0.37161319985043617,-0.0022598346393684077,1,1.0646912695435276,0.0,198.5864457946889,3.156330091110768e-30,0.030894387809055956,0.015514761848655745,0.6508087611606592,-0.04144137933545698,0.09738063879139314,0.3137334422017803
1.515,2.182489186917525,1.1560259391965788,0.40865016162853235,0,0.0,0.0,53.11884991339598,96.51237627246635,0.24197046205417538,0.005607362258860604,-0.7187856510649817,0.004135510974032586,0.6765592567262584,0.0008368966103725062,0,0.0,0.0,127.48493506557087,279.8719393867379,0.2780141490187349,-0.01407961285416337,-0.7511046165727135,0.0015257481250973148,0.8131226182820077,0.3715574569964519,0,0.0,0.0,33.15896898119942,61.28219715622054,0.07053189987484565,-0.0012140693207838282,-0.6486347524745586,0.2380367281449251,0.9782848447880697,-0.048275277950806814,1,4.325676801511046,0.0,1380.7855404449924,0.18453229333718552,0.7764063927445402,-0.1918347602939386,1.3351563414596628,0.03410269103908442,-0.2825944644402987,-0.2581664412078769,1,3.340147126426658,0.0,2.445528985837077e-32,279.2028009575333,-0.3655619380927577,0.18747659218590562,-0.6674280958402701,0.002454618595932878,-0.37880119933907563,-0.002264451158858982,1,1.2254639509145493,0.0,190.40202257377695,2.455060962180211e-30,0.029531739427244297,0.020322227071412957,0.6494670728795799,-0.04144489841180528,0.09594632071684184,0.31685286432037396
1.52,2.1820463754904047,1.155773687861964,0.40864725317225364,0,0.0,0.0,54.79948566656298,91.24142652366339,0.2468021427812542,0.005613103247000428,-0.712025536383885,0.004139042098236179,0.6667977181691562,0.0008242158865372495,0,0.0,0.0,131.1783597176231,296.3317438159226,0.275158708711591,-0.015534751641632427,-0.7485574037336911,0.0014651017110485776,0.8417144804846988,0.3805880221120434,0,0.0,0.0,35.64626302330752,55.577101341065124,0.08229236691316277,-0.0011674723854773195,-0.6330043440073838,0.2472502717529888,0.956472018451433,-0.060902041511430735,1,4.364840391130395,0.0,1393.9533778691653,0.1435331592565717,0.7787719324347775,-0.1896152391029869,1.335926454272876,0.034482843099194305,-0.2822889300576734,-0.2531864537165375,0,0.0,0.0,1.902184680213812e-32,297.402343288212,-0.3485537513694237,0.18052164052953246,-0.6724361229125759,0.0023700704071466516,-0.38522141131461773,-0.0022378825529343893,1,1.2600512678661377,0.0,183.96572686240418,1.9095988550107884e-30,0.02815965846161772,0.02546595715651856,0.6481370076289956,-0.04114196459486567,0.09308789385957761,0.3200936555956672
1.525,2.181810133731658,1.1556777994485652,0.40874147426950364,0,0.0,0.0,56.73923402205322,87.9803390422174,0.251818446441618,0.005652193502863001,-0.7032997296110657,0.004169674319982886,0.6580541649679297,0.0008153297800983783,0,0.0,0.0,134.3295505533405,316.86458725335945,0.27124875090190503,-0.01702147684005917,-0.7464268715339681,0.0014101845996273288,0.8675614097112221,0.388781487470481,0,0.0,0.0,44.6687353235449,47.17643062481422,0.09422676545844011,-0.0011311924022823217,-0.6152014068204155,0.2570269879295876,0.9293985142185859,-0.07371466616079263,1,4.47177167785427,0.0,1403.7028380564825,0.11164315705180082,0.7812264792367052,-0.1874921147141752,1.3366412700274313,0.03475536777417154,-0.2816277227109123,-0.24853663990240973,1,5.160334576066956,0.0,1.4795598737921382e-32,317.4874845061049,-0.3325752170354379,0.17301134570679788,-0.6773856886449325,0.0023150206630955794,-0.39115776996202567,-0.0022773113795966915,1,1.2975419383313775,0.0,180.2370530925598,1.4853267773115463e-30,0.027034474410612575,0.030370310067085793,0.6464361901931264,-0.0410042949426037,0.09015337215493724,0.3238064796909816
1.53,2.1815624817141783,1.1558174701050443,0.4089958835260686,0,0.0,0.0,58.84428700205954,86.19808952783175,0.25703878922255274,0.0056725877510838685,-0.6927519111758558,0.004170311079581712,0.6510313840998909,0.0008051476068886843,0,0.0,0.0,137.59109630548255,343.4451635616749,0.2663690470449387,-0.0186164685766812,-0.7447586698738324,0.0013403532202426738,0.8907515539699147,0.39616548061674284,0,0.0,0.0,77.95518439760689,36.90674777141776,0.1059680834830119,-0.0010983057328874946,-0.5938697166238018,0.26695945979416896,0.8972811487155266,-0.08620283506910943,1,4.341845597836187,0.0,1410.2882392541985,0.08683843218564412,0.7833920051006678,-0.18528257563629874,1.336800508577071,0.03485269314835271,-0.28107723096522785,-0.24411789809843817,0,0.0,0.0,1.1508332723454306e-32,339.78324801692685,-0.3175901491433746,0.1656556768540356,-0.6829882964183323,0.00219928626344551,-0.3963574144153177,-0.0022528757052573956,1,1.3713085352267878,0.0,179.4580611294269,1.1553188930804207e-30,0.026294456835155522,0.03499271788381142,0.6449242917497131,-0.04066342865211864,0.08736282862473166,0.32659502956089864
1.535,2.1812408775437073,1.155777469099115,0.40924573780981477,0,0.0,0.0,60.89501051029955,85.22806652175532,0.26253382780640383,0.005698817201137629,-0.6806529094276774,0.004179610373605869,0.6463668686565438,0.0007901718686749437,0,0.0,0.0,141.86605298591698,377.6679076191784,0.26074423028309557,-0.020185026205598033,-0.7437526088104498,0.0012844073600244421,0.911295306758753,0.4027578069195736,0,0.0,0.0,133.21217649823328,28.706856722565597,0.11732165268227357,-0.001075890630834131,-0.5649373361698591,0.27667158578147905,0.8606767943729263,-0.09781277739006157,1,4.280224776365015,0.0,1413.9033158320287,0.06754478737072833,0.7852365905375127,-0.18310104882169892,1.3366307969169022,0.03485224975271983,-0.2809173483771039,-0.23995327197779462,1,4.098635265901375,0.0,8.95142700337491e-33,366.21688509525916,-0.30377486253967034,0.15833413348935044,-0.6886704378097002,0.0021402387614049556,-0.4011608662917301,-0.0022686456506798014,1,1.716019766299048,0.0,181.3895663864761,8.986317119553302e-31,0.025696998466831822,0.03882687915443783,0.6431983695308998,-0.040756457423052825,0.08521023909690029,0.3288805044812515
1.54,2.181048069128158,1.1559724017295518,0.4096722372258379,0,0.0,0.0,62.65437577077342,84.49247230679602,0.26825637604415853,0.005767141246840912,-0.6674085653591677,0.004219589734674956,0.6445122321618062,0.0007803512895885045,0,0.0,0.0,148.96793850088304,420.7182354715373,0.2545927442274514,-0.02164343511428557,-0.7435228313312958,0.0012259828910096693,0.9290846179363919,0.4085562785274543,0,0.0,0.0,199.25399993749397,22.32880632002251,0.12799790293731927,-0.0010469229147326287,-0.5232334077774257,0.285834850809851,0.8203262238296039,-0.10805012841699747,1,4.2344305785331775,0.0,1414.9046049909402,0.052537778333026246,0.7869856661878647,-0.1810754877069784,1.3364841449112816,0.03480384863293376,-0.28082250493613037,-0.236005802608485,1,3.9559689586837212,0.0,6.962611120327303e-33,395.9282406950922,-0.2917864778677035,0.15173344756736928,-0.6945785331534959,0.0020693747946430308,-0.40556044368435007,-0.00228946198184532,1,1.0157397158976667,0.0,185.66384585636723,6.989749397922773e-31,0.025063631464215863,0.042140899793463915,0.6416572356274937,-0.04077943359825194,0.08308339763157702,0.33077990358102055
1.545,2.1808164410605353,1.1562914242841702,0.4099924098122666,0,0.0,0.0,63.91644837886427,83.4891135416984,0.274183524757707,0.005757955642974655,-0.6532663311156952,0.0041918396121291,0.6456092283628794,0.0007582485513590032,0,0.0,0.0,160.18826224337067,472.54811079920273,0.24814090489736573,-0.023034822230391994,-0.7440139735153177,0.001167964256506171,0.9439365879765766,0.4135165025389205,0,0.0,0.0,259.94094886056143,17.36782248560017,0.13761996817656952,-0.0010409596732467996,-0.4647917024554016,0.2942165006031959,0.7771433512293231,-0.1166023596124683,1,4.284302544043385,0.0,1413.7132148943601,0.0408650061628055,0.7887394773448788,-0.17933613405706722,1.3366000320231874,0.03473672144263895,-0.28070462699790744,-0.2321691141841916,1,1.8489849992484586,0.0,5.4156676465805975e-33,428.2504525956028,-0.2819887081070638,0.14548780643559667,-0.7006315140214663,0.001998243608005157,-0.40942784118856856,-0.0022510660476894317,1,1.0376298732030282,0.0,192.31423968276047,5.43677637855166e-31,0.02458439113456201,0.04464010361293702,0.6399760991021914,-0.04093522330267918,0.08130304651856446,0.3323098959128589
1.55,2.180736649785417,1.1567590165012627,0.41047689369896,0,0.0,0.0,64.53963141659226,81.83179557482927,0.2801960634985111,0.005821614553801258,-0.6386763674946141,0.004227902991989774,0.6496247048310615,0.0007491342438231963,0,0.0,0.0,175.02843104480095,530.5767760442166,0.24150871330712276,-0.024151183307673962,-0.7452960347563056,0.00111759908659248,0.9557226630798388,0.4175723593315122,0,0.0,0.0,306.0938852923074,13.50906329555259,0.14578653851225853,-0.001063897290815241,-0.3895206533052564,0.3015244331444689,0.7321888576749913,-0.12323671297505419,1,4.28404297536131,0.0,1410.5995256208114,0.031785674645407894,0.7903915951807959,-0.1778764264865748,1.3369645861802586,0.034746625789978086,-0.2807267800372677,-0.2282778439725149,1,3.598837372556903,0.0,4.212421970917298e-33,461.54444614809546,-0.275498319900249,0.1402034711469069,-0.7063279847346358,0.0019275554708380604,-0.413095992769545,-0.0022794024317595585,1,1.047207384864053,0.0,201.8250793263609,4.228840793514221e-31,0.024208950546348085,0.0461836983544498,0.6383889138469583,-0.041262774150263526,0.07994787603580722,0.33326492726508405
1.555,2.1807407595032084,1.1573590735473873,0.4109217639748073,0,0.0,0.0,64.4424740899358,79.42193139984127,0.286189768207066,0.005854707746562271,-0.6237870412253903,0.004236130933410132,0.6561942658562818,0.0007376625515997937,0,0.0,0.0,191.36999381684825,590.0985829043337,0.23468402339506644,-0.02512568688791106,-0.7471640491557074,0.0010682925440414492,0.964231320789946,0.42054957052973096,0,0.0,0.0,330.6765754635653,10.507637976755834,0.15209840594131485,-0.0011292836929929218,-0.30121296255064567,0.30772982019996653,0.6856538909221537,-0.12792442778452012,1,4.289567361501226,0.0,1405.7988137880327,0.024723576662110162,0.7917844790954193,-0.1766865106332885,1.337516635489787,0.03488249168649535,-0.2810945927522259,-0.22416462738789875,1,3.6023270170361017,0.0,3.2765117837817254e-33,492.7612019540222,-0.2730670165865934,0.13565130472226583,-0.7115900752071525,0.0018347463603266556,-0.4162850081745071,-0.0022800068342213597,1,0.9709824353432305,0.0,214.40729865677966,3.289282694693798e-31,0.024024561195891803,0.04640082241398258,0.6371906660055939,-0.04187923314394772,0.07915242582274806,0.3336335244968291
1.56,2.1808032684008207,1.1581079880772944,0.41130550269579746,0,0.0,0.0,63.59541268116249,76.07926182908292,0.2920268696228163,0.005867619844061922,-0.6087655271781092,0.004226532341760791,0.6647891080983153,0.0007262784590391369,0,0.0,0.0,206.779839846639,645.5020978659572,0.22756327465722048,-0.02601047716876903,-0.7494724141087417,0.001020847981369033,0.9692745934178988,0.4222203978173143,0,0.0,0.0,333.622555049615,8.173065255154324,0.15637322791563557,-0.0012372171816986688,-0.2061242003096173,0.3127755532499477,0.6372196914351522,-0.13068946980447893,1,4.332291152576764,0.0,1399.4101798149966,0.019230526008531548,0.7930459851028457,-0.1757633588839706,1.3383670459604962,0.03514456944236971,-0.2817329683419023,-0.21979511031093132,0,0.0,0.0,2.548540849748425e-33,519.6385502307434,-0.2752878177904059,0.13192606439465737,-0.7163120014512367,0.0017247187796062269,-0.41894636688635734,-0.002265509723693937,1,0.9200626950662689,0.0,229.6532534907201,2.5584743370348185e-31,0.02404652984744038,0.0454770241444058,0.6362994781654547,-0.042718580845034756,0.07883698578305975,0.33353167239753684
1.565,2.181027739458281,1.1589696563577376,0.41188244944808217,0,0.0,0.0,62.05471342688511,71.72842437903059,0.29755670140331403,0.00591266571502691,-0.5937236005271231,0.004247234408983558,0.674781052685183,0.0007226886572088698,0,0.0,0.0,219.220202077272,691.5750812574204,0.22004554325926629,-0.026817785939980965,-0.7521131716033913,0.0009824690298209093,0.9706491493641729,0.42231383039429915,0,0.0,0.0,309.42320434988824,6.357184727222072,0.15859314583376305,-0.0013979120130013234,-0.11036334842900808,0.3166167762237838,0.5866181494118692,-0.13160294770872977,1,4.286587168335268,0.0,1391.4393278523403,0.014957913881916663,0.794119572291043,-0.17514128968214776,1.3395434507515076,0.0355989144926048,-0.28270760674067863,-0.2152115512816161,1,3.7703777782409778,0.0,1.9823095082355758e-33,540.8373066344432,-0.28179637951666847,0.12923559001842344,-0.7198982898626665,0.0015678991116479524,-0.42104911263421796,-0.00228475098085007,1,1.102758178014133,0.0,246.52959015106873,1.9900359868202536e-31,0.024250987968667648,0.04351102555297559,0.6356232814201339,-0.04379801194660109,0.07875843856287612,0.33326935451072326
1.57,2.181662390417029,1.1598603664997176,0.41264282639079153,0,0.0,0.0,60.01427568485649,66.55959104538056,0.3026447839522194,0.005931074250961843,-0.5785743715287102,0.0042460983264022145,0.6854681329895722,0.000717419307652789,0,0.0,0.0,226.8804941658084,724.6282106774767,0.21210446562493468,-0.02769520526136393,-0.7548863382622366,0.0009471904842892065,0.9680931122238268,0.42056352415038284,0,0.0,0.0,253.27388109498617,4.944754066479364,0.15880302317577755,-0.0015892238116356205,-0.01852908213473725,0.31936004002739854,0.533736291253661,-0.13084685222059805,1,4.326474777471538,0.0,1381.8267673701762,0.011634584909407792,0.7947148783244409,-0.1747667628105874,1.3408377991793858,0.036414264454062845,-0.28403911103351964,-0.21047106804251955,1,3.830289344774343,0.0,1.5418826764456488e-33,556.0156400536601,-0.2918823132902115,0.1271467410155378,-0.7221064271294262,0.001353332637161364,-0.42216903338200207,-0.002286912807118402,1,1.020149065008309,0.0,263.48506044261904,1.547892496521752e-31,0.02448485156207436,0.0403193710884564,0.6357822945811586,-0.04521091041459267,0.07888717574150395,0.33268999923155834
1.575,2.1820199058181156,1.160396720872712,0.4129462983580528,0,0.0,0.0,57.72412591214166,61.451113859714745,0.3071504879101973,0.005941731114911697,-0.5632265144583817,0.004240507034991681,0.6961793788247752,0.0007136227361851377,0,0.0,0.0,228.2051758334744,742.9948552324537,0.20382528539227174,-0.028636247211084376,-0.7576968075722164,0.0009197684841303899,0.9613541521435893,0.41675753773306345,0,0.0,0.0,197.00183449360006,3.846135329883437,0.15714956352024423,-0.0018253652177042667,0.06614995394923606,0.3210535672400061,0.4791617878374881,-0.12859893112190085,1,4.2637946358775265,0.0,1370.4671171072769,0.4297156240284079,0.7951559772225976,-0.17438738649227942,1.342116258349574,0.0373163038581881,-0.28549239180813357,-0.2055169914266903,1,4.8377289884615475,0.0,1.1993092794269495e-33,567.356672494766,-0.3054950094202886,0.1263517509094787,-0.7246331529972458,0.0012178362461571224,-0.42203310484943324,-0.002299532302735663,1,1.007540663024603,0.0,279.07572102266136,1.2039838458482883e-31,0.02508469320088791,0.036233156162533975,0.6366408254645937,-0.0467108837842386,0.07971745830847454,0.33152307570402184
1.58,2.1819413300211368,1.1610394334222733,0.4126068210650112,0,0.0,0.0,55.36033289114797,56.67617578117456,0.31096093405924696,0.005953108898805237,-0.5475831539674936,0.004235856771705071,0.7062741731036712,0.0007115465697332679,0,0.0,0.0,222.91274044890056,746.2709417372586,0.19535804092057418,-0.029634533868808655,-0.7604479863201956,0.0008976363083677552,0.9499708613802489,0.41073445652007207,0,0.0,0.0,153.2322347099377,2.9916062107230204,0.15384003696934023,-0.0020682223128456467,0.14195713130411503,0.3218904815635877,0.4241659817954804,-0.12508090001852462,1,4.359658376490163,0.0,1357.2136775250183,1.6357023118848018,0.7960661442455619,-0.17406264844720326,1.3436605991072885,0.03794528934795488,-0.2865184390520725,-0.20049183758484282,1,5.072256988622794,0.0,9.32848374063881e-34,575.8200960804542,-0.32225502741470247,0.12709666098889927,-0.7279819823534128,0.0011417973985545782,-0.42027094668517573,-0.0023032755678072947,1,1.085667673841378,0.0,292.11511463274775,9.364843516723282e-32,0.025954876110747982,0.032197897255090036,0.6372571723754754,-0.0479886728288564,0.08083697883654462,0.33076695845945675
1.585,2.1818610567417016,1.1615623696774102,0.4122126211856549,0,0.0,0.0,53.01944048062758,52.42350932320559,0.3139550205456898,0.005978893809087116,-0.5316066282195444,0.004239751090696076,0.7151689417251317,0.0007172023137325956,0,0.0,0.0,212.1698766392555,735.6470114851819,0.18686795121239808,-0.030623739977488018,-0.76309007984947,0.0008787356353843756,0.9327822650449202,0.4024054567428405,0,0.0,0.0,119.18730510585284,2.3269352096115106,0.14910214066132932,-0.002337187645810368,0.20822429153988886,0.3220724738566222,0.3704868833278461,-0.12050989060734375,1,4.30275273453488,0.0,1341.9129430147939,3.385372553586156,0.7967411365318157,-0.17399985927026024,1.3451034623862728,0.03862175642237031,-0.28753583190323173,-0.19585561387609277,1,4.6904622313449345,0.0,7.255893904276516e-34,582.1328599294219,-0.3409816038771185,0.128930945806488,-0.7310025622862941,0.0010466209129495474,-0.4166511406518363,-0.002316993894026176,1,0.958037982042473,0.0,301.834367484282,7.284175314737991e-32,0.02696519387068319,0.027633350121085254,0.6384075960317139,-0.049331230875423585,0.08237614123219084,0.32986348826518547
1.59,2.1818360054369395,1.1619776568260385,0.41138815270070583,0,0.0,0.0,50.73703099698263,49.15752167882904,0.31608119054241357,0.005917966743413661,-0.5151807557394898,0.004172495767064965,0.7222731769241981,0.0007091204290617104,0,0.0,0.0,197.5531090294227,713.5139420809479,0.17849153908759652,-0.03165613286909319,-0.7655024074405115,0.0008605433395365569,0.9082809778769003,0.39174868507526134,0,0.0,0.0,92.70643168055534,5.758743329532708,0.14315170886820017,-0.002593543705249668,0.2649575286224992,0.32190845531166823,0.31946238168382024,-0.11515655135345289,1,4.389978877937104,0.0,1324.398209675226,5.48412242520988,0.7971383993908161,-0.17433061138966183,1.3464130470770206,0.039311747958777205,-0.28845264933243797,-0.1922154408329438,1,4.104773959408276,0.0,5.643789260280343e-34,585.6679640142626,-0.36079305370681225,0.1316186024639503,-0.7339524122783905,0.0009740448427978943,-0.41079534862214606,-0.0022793041249957735,1,1.1301158220126117,0.0,308.2940294900493,5.665787145411211e-32,0.027962071921144638,0.02281036275426196,0.6400058121342431,-0.05054283935882231,0.08348521034901735,0.32881799725751076
1.595,2.1816458808491834,1.1620694593890197,0.41076082339844894,0,0.0,0.0,48.56194110278237,47.1727094211404,0.3173159992902035,0.005989681782611944,-0.49845782998378785,0.004218947337911061,0.7272130353803885,0.0007185190099151806,0,0.0,0.0,180.55202411204945,683.2482313489917,0.17031159226927794,-0.03244526975017048,-0.7678167094290682,0.0008742064279624873,0.8754191868056109,0.37889671034847816,0,0.0,0.0,72.10904271481368,19.165103219626797,0.1363675151541206,-0.0028590669278972802,0.311641830515492,0.3216456339619675,0.27225829786849864,-0.10911257681290527,1,4.471649232968105,0.0,1304.5790496745058,7.785203876920278,0.7972390309170897,-0.17511248301280918,1.3475301450701846,0.040027225694669155,-0.28917800383874304,-0.1901332135170383,1,4.912556538667596,0.0,4.389859834593562e-34,586.4651349850106,-0.38120301452652705,0.1352142502130449,-0.7362920993672415,0.0009315926146734044,-0.4029280213342781,-0.002319327065781307,1,1.1036149064905283,0.0,312.18230312937413,4.4069702595099606e-32,0.02905993026797349,0.01742694684485624,0.6417858406294965,-0.05209864787103799,0.08545135723874742,0.32804955139452957
1.6,2.181420668538573,1.1621908081906518,0.40977043178058536,0,0.0,0.0,46.8658793198447,46.609435758331344,0.31749665974067653,0.005936139609807434,-0.4814814395651925,0.004153235568635727,0.7295903235590353,0.0007168060000807552,0,0.0,0.0,162.42785069023088,648.3419138853892,0.16215968895389699,-0.03326532415882766,-0.7698192816834195,0.0008662489411053742,0.8335397460250769,0.36399431442630004,0,0.0,0.0,56.08795362940752,38.47173534134245,0.12881443816111338,-0.0031373052175769356,0.3479596151602167,0.3218187995811122,0.22894435976968097,-0.10272295980291397,1,4.3607280706382445,0.0,1282.4721776469084,10.160295276958141,0.7970260903562014,-0.17636619910021362,1.3483630721279498,0.04063399975034418,-0.2895719476240983,-0.1899560139261615,1,2.865674255238426,0.0,3.4145267441152788e-34,584.0460677653118,-0.4012897256553658,0.1392768161379181,-0.7387454820152086,0.000863514482029204,-0.39266665958440616,-0.0022821553784789783,1,1.03256280925075,0.0,314.23987594342145,3.427835598083648e-32,0.030211543590573875,0.01177188822773334,0.6437081699499456,-0.05373124025679788,0.08767741504942439,0.32742868950850673
1.605,2.1812881326155242,1.1622792998675422,0.409163366822255,0,0.0,0.0,45.54508140677518,47.55226361148007,0.3167725574366453,0.00598347850760006,-0.46449204772531205,0.0041738304366574774,0.7292138004918793,0.000720180450540453,0,0.0,0.0,145.02509899001535,611.2935267205461,0.1538978598613796,-0.03386851461858287,-0.771668004693121,0.0008988764986460063,0.7828666656796575,0.34735799858734556,0,0.0,0.0,43.62640833794207,61.69294930783198,0.12087978372491204,-0.0033826421771530057,0.37340513292987665,0.3226459757055452,0.19006439303646339,-0.09603415194182872,1,4.206623854465986,0.0,1258.237624670281,12.494239248254372,0.7964372995293544,-0.17810687698887068,1.3488599826941483,0.04112871945968205,-0.2898022798063109,-0.19191802338361882,1,5.44291164651676,0.0,2.655891833812489e-34,576.478531221437,-0.42060378446503166,0.14378737366949124,-0.7405750662403114,0.0008537496941332656,-0.38050838417976474,-0.002302000856792219,1,1.1017851477530345,0.0,315.0336539934264,2.6662437446982107e-32,0.031331088543884444,0.006000816624189498,0.645701561104653,-0.055397964657095594,0.08978118544679248,0.32669801691636075
1.61,2.1814737384798604,1.1628094494546652,0.4092253354579017,0,0.0,0.0,44.42823542766918,50.59813060173955,0.3151029155286213,0.0060192192119068455,-0.4477545493199957,0.004182832170821105,0.7259248777570815,0.0007260326576563614,0,0.0,0.0,129.31862982827298,574.306632758398,0.14515664244016646,-0.034408796947407616,-0.7732869794564221,0.0009329523570179021,0.7241305986748969,0.3293104380012976,0,0.0,0.0,33.933552239120374,91.08182078587048,0.11270523612452754,-0.0036129601953024393,0.3876618327341077,0.32411354072276927,0.15552795494212557,-0.08924701923463242,1,4.327423185789037,0.0,1232.18514233381,14.679481592853692,0.7955396620976637,-0.1803030667727173,1.3489553823669822,0.041302943401705094,-0.2899461977427169,-0.19609549396620238,1,3.9840461190143563,0.0,2.065809396593122e-34,564.0845766850892,-0.4387912473987259,0.1481777923055836,-0.7420249258818632,0.0008298852610321705,-0.36655555128000294,-0.0023162419327236727,0,0.0,0.0,314.8951874735819,2.0738613339906334e-32,0.032453594516223205,0.0004510446326914108,0.6475673098291896,-0.056848716818436215,0.09129198779373415,0.32570509886187127
1.615,2.1817768048349393,1.1631532194447065,0.4092071795605477,0,0.0,0.0,43.378659618656,58.14473457086149,0.31255768956446917,0.0060227727865097,-0.4317443219351085,0.004157367765789288,0.7196908646702702,0.000735312180731279,0,0.0,0.0,115.12820286903181,538.8509179848945,0.13560329420026207,-0.03493697267454232,-0.7746581132351815,0.0009538333463620097,0.6586362080728883,0.3102235343038709,0,0.0,0.0,26.394241731874573,132.22467489277975,0.10440751081014454,-0.003908682787393758,0.38952561766953253,0.32599356757709247,0.12520749780509077,-0.08250867209865796,1,4.0044427536587435,0.0,1204.7564768598772,16.61391933818791,0.7935934506820408,-0.18248202292439958,1.3474684066110951,0.04119924661436336,-0.29000805962571596,-0.20189635492459915,1,3.585300441373309,0.0,1.6068306731175935e-34,548.4076529726846,-0.45533460704965756,0.15202901147107184,-0.7431466085467655,0.0008001916122490904,-0.3511517065935661,-0.002318636711724553,1,0.9446688649188347,0.0,313.96357102764466,1.613093642009923e-32,0.03306371968836874,-0.005027611576783775,0.6499163142658599,-0.05826620621985963,0.09207896479291056,0.32473635847151777
1.62,2.1821086275365604,1.1637123003207999,0.4092006961489375,0,0.0,0.0,42.29745067885884,72.47181592326706,0.3094007151988683,0.006040207474956316,-0.4175112085045969,0.0041488361906454885,0.7105792710505094,0.000726960611788563,0,0.0,0.0,102.36907682959693,505.3766331003557,0.12505832626994984,-0.035499285950708837,-0.7757497985510113,0.0010112260017604013,0.5880300195539498,0.29047806696424944,0,0.0,0.0,20.53000498419637,188.60831206928842,0.09617843683078231,-0.004086649900815975,0.3758663498046648,0.32813823250968066,0.09894364978089953,-0.07590626330850504,1,3.895343760651768,0.0,1176.4735345075924,18.209525677448813,0.7906571270179049,-0.18453226381546733,1.3445487989498517,0.04062787159398684,-0.29087096790602107,-0.20904884472186955,1,3.8237897479360443,0.0,1.249827218488573e-34,530.028718140006,-0.4703294435826062,0.1556620526495931,-0.7439758672747958,0.000828342773344648,-0.33468553795629363,-0.002304172612473565,1,0.7496578650139698,0.0,312.22738151452097,1.2546986894662787e-32,0.03328376490731433,-0.009781265659127847,0.6527996282519004,-0.05900523252996768,0.091739385952329,0.32333673614577246
1.625,2.182545669608841,1.1640414531053176,0.4091553271914461,0,0.0,0.0,41.21213778001311,95.73989832839287,0.30561734097054577,0.006056006689917848,-0.4070535965640767,0.004137648745504097,0.6988841609943439,0.000720946229179037,0,0.0,0.0,91.00132326330174,473.8173528949362,0.11324576894929894,-0.03607478082671456,-0.7766051165148165,0.0010617351015344556,0.5141471360483956,0.27058051443353714,0,0.0,0.0,15.96867638527888,255.5285111893192,0.08813438254422135,-0.004288608703899466,0.34229847138357283,0.33013752640802074,0.07650849452331276,-0.0695071756698634,1,3.911611099086408,0.0,1148.178760942148,19.396777954372492,0.7874361180155747,-0.18694973118191333,1.3415777847751564,0.0400357151298322,-0.2915521492934521,-0.21759889400926538,1,3.112188453387856,0.0,9.72142306098836e-35,509.1328605194852,-0.4838078113158766,0.15933824377947658,-0.7442096617078244,0.0008498056399230403,-0.3176462936139568,-0.0022953450670691877,1,0.9929382199231224,0.0,309.6611094003146,9.75931440276989e-33,0.033431516681730944,-0.014826250404164965,0.6554250025586363,-0.06024315252201701,0.09189193290064068,0.32226644844417696
1.63,2.1829437085585797,1.164091089835311,0.40916530473975765,0,0.0,0.0,40.144931952373895,126.85473234432723,0.3013929566777005,0.0061014745934104275,-0.4026537086600208,0.0041470107917825905,0.6850070254119178,0.0007107858332404404,0,0.0,0.0,81.01500779043232,444.16883034794404,0.10009979643930644,-0.03667227429387987,-0.777196785548437,0.0011305672916182563,0.4388027869083917,0.2514042657650083,0,0.0,0.0,12.420777573802669,327.3038329719466,0.08037784696566153,-0.0044595859545140115,0.2865031478230107,0.33177887721798555,0.05770319075925001,-0.06336269107596283,1,3.8678928388912346,0.0,1120.9481675497864,20.14566165961052,0.7838939206292677,-0.18967193841263336,1.3386189936545203,0.0393563416626628,-0.292029823949562,-0.22685303170199586,1,3.8050321413947668,0.0,7.561530500592182e-35,486.19459566162953,-0.49576548417709354,0.16288774070222978,-0.7436473305325682,0.0008933278464269279,-0.30045410838497233,-0.002296876550142324,0,0.0,0.0,306.3099153428716,7.591003195566148e-33,0.03333610795121533,-0.019268504823081734,0.6583902615539865,-0.06103430644454293,0.09187185555192867,0.3211477676432717
1.635,2.1832490631097285,1.1641203675744793,0.4090815865574723,0,0.0,0.0,38.97318523113506,162.76387165040785,0.2967831350780563,0.006117538400351008,-0.40595032536428777,0.004138626853737448,0.6695608551897243,0.0006967392912518855,0,0.0,0.0,72.40038778550534,417.0395541052842,0.08556868404004891,-0.037344478709100404,-0.7774835807184981,0.0011908604542757995,0.36366384004338803,0.233929565414704,0,0.0,0.0,9.661146097249627,399.3316804602784,0.07296675540160802,-0.004637862261659187,0.21059843063578998,0.33283675085131686,0.04398471195850018,-0.05752828356352195,1,3.7852475255509135,0.0,1095.2488636340506,20.452784283345437,0.7803238486171545,-0.1927181635093696,1.3356635753807544,0.038477875344411494,-0.292089034731422,-0.23714169615933758,1,3.91110405516021,0.0,5.881519933108723e-35,464.0716967491446,-0.5062408168698354,0.16647631286127984,-0.7424373000688578,0.0009247883433942672,-0.283412989741499,-0.0022839776838795567,1,1.0323046926005992,0.0,302.36766391410373,5.9044444247785274e-33,0.03327328447360811,-0.023421666345490144,0.660966835414283,-0.06178090043657367,0.09172834953002429,0.32000194778607105
1.64,2.1835131614678693,1.164134977544954,0.4091763542839755,0,0.0,0.0,37.45379897382986,200.65817030663015,0.29192487232406616,0.006146585352222844,-0.4170828936576836,0.0041360352395558575,0.6533631401921396,0.0006793012098562645,0,0.0,0.0,65.12268799571538,393.20930711602796,0.06978098288225643,-0.038070606946777996,-0.7774344693787549,0.0012596818089619655,0.29032196486596273,0.21911525858089084,0,0.0,0.0,7.514645790716468,464.3906705200725,0.06594749502754649,-0.0047725875932279616,0.12071220223004464,0.3332111583559329,0.04155149890886256,-0.05203535267781999,1,3.6966005995881197,0.0,1071.5995758039626,20.33902456872335,0.7768778883955278,-0.19573385050041475,1.3328419858184373,0.03755236814126886,-0.2920201963111988,-0.2477663722099084,1,4.000600114022729,0.0,4.574771829703804e-35,443.17130970883665,-0.5153485858425608,0.169845022367199,-0.7406361164349216,0.0009586986646464846,-0.2668234420554696,-0.002256447175322973,1,1.1354144764899072,0.0,298.1660687353065,4.592602988977947e-33,0.03325851095481536,-0.027160981956586228,0.6633260028328498,-0.06232967546440136,0.09175446612896843,0.3189700070007617
1.645,2.183943092100226,1.1643719004155415,0.4091152487683092,0,0.0,0.0,35.38658066169451,238.27334025203214,0.28680890037646917,0.006210187370020548,-0.4349745355746619,0.004163784103905943,0.6373404635314837,0.0006744392056667325,0,0.0,0.0,59.1262878416293,373.3320062803626,0.05288185767155307,-0.0386793978520914,-0.7771774654741417,0.0013135971809470348,0.22020032412720436,0.20780560332232795,0,0.0,0.0,5.845052004338159,517.8940226692157,0.059435958924042964,-0.004893146047369568,0.024448461135128774,0.3327097471029672,0.06145655433059827,-0.04685458684815212,1,3.805619022762144,0.0,1050.6475394133422,19.86610533071386,0.7736476901818989,-0.19871356237375243,1.3302894232699662,0.03656250989280849,-0.2917681503357137,-0.25840264262398704,1,2.5067945763930246,0.0,3.558355243521134e-35,422.367853868145,-0.5234249441768566,0.1734669162963718,-0.7382631462969815,0.0010040495965513707,-0.25103929476357023,-0.00226495138263777,1,0.7080371491746213,0.0,293.9280893069845,3.572224700067411e-33,0.033186360842210494,-0.030320977446010255,0.665554699393901,-0.0625194360084267,0.09137748914593247,0.3177235197499574
1.65,2.1843653386506654,1.1643316493738671,0.4091579718799222,0,0.0,0.0,32.80925079888581,273.27368476906497,0.28152101076490904,0.006233791794146293,-0.45767806065055283,0.004160816461305172,0.6222941003358984,0.0006610843638070185,0,0.0,0.0,55.00023678891704,357.9554355716051,0.03517165222735308,-0.039364733317681866,-0.7765092525333459,0.0013616406468872078,0.15425357357118297,0.20053221510664682,0,0.0,0.0,4.546406295773016,559.4742224400035,0.05336971017616854,-0.004927893534605654,-0.0711784483542921,0.3313932079280581,0.10875189602292501,-0.042037042205384886,1,3.791648254965284,0.0,1032.572363733217,19.113743986337788,0.7705758712700004,-0.20176196731513402,1.3282100017314797,0.03564468030951662,-0.2910448144084712,-0.268637801566211,1,3.7264493502283353,0.0,2.7677647127406896e-35,400.8992333784658,-0.5300569445915155,0.17669011403352353,-0.7351221840612809,0.0010277069934668814,-0.23605056208563013,-0.0022449276271058194,1,1.1161368733058306,0.0,289.61916199463576,2.7785526722856427e-33,0.033184639644357805,-0.033534222785445045,0.6673933265268259,-0.06302506379727042,0.09158341428517502,0.3168336178835382
1.655,2.1846175944559953,1.1644977310119113,0.409186557675464,0,0.0,0.0,29.90119386643538,303.4048511469692,0.2760114787621626,0.006289581679399747,-0.483337575460155,0.004186509401341076,0.6089354284012265,0.0006590058480286931,0,0.0,0.0,52.950094219328655,347.3969982106459,0.017122831427267338,-0.039856446093923914,-0.77564417180748,0.0013938682121206192,0.09330182871856896,0.1975686618735748,0,0.0,0.0,3.536291925359006,588.1457436660528,0.04786806727804871,-0.004853009660957919,-0.1618127305124275,0.3291609856426926,0.17935440505824385,-0.03751595959685043,1,3.8085439772538625,0.0,1017.5942897107345,18.152279522761027,0.7677430158457043,-0.20454877605336524,1.3261560556317047,0.03458862469358956,-0.29067111738861606,-0.278688325476967,1,2.7060828303647595,0.0,2.152826511360952e-35,378.37665833642916,-0.5358810673228129,0.1802872257282444,-0.7319566455702631,0.0010750116597302295,-0.22220420046454192,-0.002246627711334881,1,0.5840693617700882,0.0,284.95970595563034,2.161217616719352e-33,0.03318868195754465,-0.03610700870041017,0.6691139063004197,-0.06309331402801631,0.09145657542133345,0.315748193011062
1.66,2.1848424622400233,1.1643443797354085,0.4092748561500958,0,0.0,0.0,26.892383022693398,326.7465233326918,0.2702865330199825,0.00631991345806715,-0.5101652529023892,0.004196325523995903,0.5976741537199852,0.0006525086906479516,0,0.0,0.0,52.71732235080246,341.56702661595483,-0.0005566029212173973,-0.040277320485844204,-0.7744705232088887,0.0014200206802371662,0.03768988374187954,0.198757682081749,0,0.0,0.0,2.750603392614969,603.552648066846,0.04284798760874331,-0.004670458391542454,-0.24479752989020342,0.3260967521163187,0.2644030528671859,-0.03333423542856666,1,3.8005739009227946,0.0,1005.722942902077,17.043529854366376,0.7651309756463588,-0.20719269619411268,1.324438067386192,0.03360665851278716,-0.2899997887280126,-0.2879345183951274,1,4.322747773098089,0.0,1.674514443617299e-35,354.6061782347546,-0.5405157575081299,0.18366447210600412,-0.7283356356426434,0.0011166481802020178,-0.21001874100880769,-0.0022317980084605726,1,1.1246822595650043,0.0,279.76408258451,1.68104122459403e-33,0.033213362013074565,-0.03870825357833674,0.6705108411829419,-0.06344414129177063,0.09165457598468563,0.31487320417893166
1.665,2.1850080088798975,1.1643631205084246,0.4092747189839809,0,0.0,0.0,24.019243370779574,341.87201867054745,0.26428859567121066,0.0063526934527075585,-0.5368638099484877,0.004212599216930402,0.5887248510181828,0.000651373361832186,0,0.0,0.0,54.12395546969718,340.121845350223,-0.017119527913926458,-0.04044932705325066,-0.773160517231251,0.0014339208478828525,-0.012328130923323855,0.20374404291452528,0,0.0,0.0,2.13947807001168,606.1677918532134,0.038309336479206646,-0.00439677433904484,-0.31918664202142355,0.3221868525898213,0.3553184044955686,-0.029473331717382534,1,3.8476009000871785,0.0,996.8880907698662,15.86320969641423,0.7627789281635337,-0.20958262323291849,1.3228765195141832,0.032601078215946266,-0.2895246967982912,-0.2965300710173646,0,0.0,0.0,1.302473100867913e-35,329.3946492644508,-0.5443051945624435,0.1871140654838892,-0.724555650854741,0.0011516464623744227,-0.20017691883976507,-0.0022048005363501932,1,0.7307915701670358,0.0,274.19983854466267,1.3075497705197348e-33,0.033198410829245795,-0.04071697024576859,0.6718923479353298,-0.06336992365225505,0.09150195117146143,0.313796643343754
1.67,2.185075565209544,1.1642575045639165,0.40934130508232963,0,0.0,0.0,21.492983975561796,347.81581261353796,0.25796494190854935,0.006382014153670901,-0.5624913211716469,0.004230303638824151,0.5820576863044395,0.0006533835812636557,0,0.0,0.0,57.00901043612021,342.2363312088564,-0.0318706924108374,-0.040363092081953766,-0.7717550143758405,0.001431115915062675,-0.05678284944733458,0.21181024756617756,0,0.0,0.0,1.6641317408211478,596.0104271323899,0.0341954759303742,-0.004090305536467387,-0.38487466042384266,0.31744952841271495,0.4456116765501421,-0.02594756975784422,1,3.8081273443665182,0.0,990.9129646696321,14.657275929796423,0.7607271468338457,-0.21173779695886913,1.3216546343659092,0.03163627525606533,-0.2888811995053979,-0.3039481961633057,1,4.427169191114714,0.0,1.0130913978979018e-35,303.1282159599815,-0.5471209414148146,0.19039715252241352,-0.720365926831021,0.0012089959969808217,-0.19316449621663145,-0.002215168714060134,1,1.1374090042443483,0.0,268.4691850823446,1.0170401399877022e-33,0.033276016352728366,-0.04289838491060882,0.67287122409434,-0.06363309558138926,0.0919129526125051,0.3130695071829216
1.675,2.185221095541558,1.164185319719562,0.4093332645873011,0,0.0,0.0,19.492998412392605,344.217678499638,0.25134568810555524,0.006402525046818319,-0.5864049857777034,0.004247977048691509,0.5774888078751395,0.0006552412150747644,0,0.0,0.0,61.203187942663604,346.91274436255344,-0.044186487892912796,-0.03992414377250286,-0.7703645075660204,0.0014314613354639016,-0.0957713120302619,0.22195581326459296,0,0.0,0.0,1.2943972128647736,571.9424767704428,0.03048410037140492,-0.0037423146907861193,-0.4422575527805157,0.31195142343375265,0.5311998946225653,-0.022746322960074478,1,3.893521190619326,0.0,987.6979965346889,13.426972155984435,0.7591221692875633,-0.21366185420333622,1.320739810610128,0.030773412230811037,-0.28806984573382444,-0.3104813865871331,1,2.9488754954251633,0.0,7.880041283085279e-36,277.94642093690317,-0.5490006744661935,0.19390085372667865,-0.71599438407457,0.0012610067984425988,-0.18886266672592034,-0.002205629590687208,1,0.7573332080280483,0.0,262.6910045175553,7.91075544248733e-34,0.03326102407719489,-0.044260530501081585,0.6739461819194805,-0.06311483080666042,0.09180523326600487,0.3120652209475426
1.68,2.1851622869789726,1.1639522312068873,0.4093590324909912,0,0.0,0.0,18.168706136822504,331.49573069309014,0.24443544763915018,0.0064021603670419425,-0.6082410984381674,0.004250921318163847,0.5747809484887507,0.000659562808581593,0,0.0,0.0,66.52405281306062,353.2051800061358,-0.05365551097478316,-0.03917153901860582,-0.7690088301030795,0.0014178437077054795,-0.129567844661709,0.23294068149417774,0,0.0,0.0,1.006809799712945,531.51135754315,0.02709471901462157,-0.003410544184052511,-0.4919624604577304,0.30575179954246223,0.6098624812773563,-0.019866741412174607,1,3.9480273907816845,0.0,987.2309046550967,12.165456614693444,0.7578972389053888,-0.21531881201541864,1.3202181808169753,0.029932394969201387,-0.2872630719886231,-0.3154665630808071,1,1.759975384554795,0.0,6.129264422930789e-36,254.09135409913907,-0.5497258933987588,0.19691092679751088,-0.7112226475554491,0.0012781610803714316,-0.1870337762617018,-0.002172242494904164,1,1.056175942124271,0.0,256.9336344779901,6.153154552149695e-34,0.03336822337215173,-0.04553814322762295,0.6744974861019355,-0.06271068833977952,0.09209019872801738,0.3113186051852556
1.685,2.184961016848001,1.1638500913445486,0.40931631699062965,0,0.0,0.0,17.633935397126137,310.830791015028,0.23733158020785683,0.0064176079830990385,-0.6278385610543515,0.0042741608369217254,0.5736308613699042,0.0006659001843059009,0,0.0,0.0,72.7420572272465,359.94144418309116,-0.05997878165416104,-0.03798952699140479,-0.767851221072219,0.0014117335149505528,-0.15847680978666467,0.24363711009816036,0,0.0,0.0,0.7831181670691055,479.2493219357515,0.024067331465375208,-0.0030821155495609487,-0.5348248630469499,0.2989687017906374,0.6806833988494003,-0.017279894846457297,1,3.9823332517531265,0.0,989.5207252918926,10.87822338613053,0.7571295902584105,-0.21664544352181386,1.3199230843819891,0.029102479216105176,-0.28656585544715996,-0.31913165865725945,1,2.531381669059494,0.0,4.7674727855608535e-36,231.7357106823229,-0.549551742259655,0.20037470543089353,-0.7065521159393908,0.001348740196169096,-0.18748758420134948,-0.0021912852630988078,1,0.8759092513106297,0.0,251.28760145991376,4.786055038346123e-34,0.03333521803421968,-0.04623042782269371,0.6749401714674617,-0.062048262665317044,0.09228209712397151,0.31055749258332577
1.69,2.1843434804350106,1.163577778737066,0.4091704344196683,0,0.0,0.0,17.953949918404668,284.8513085745211,0.23015777360349687,0.0064088890362388184,-0.6451054434637864,0.004281070947351973,0.5736854310013639,0.000676406219465242,0,0.0,0.0,79.63233722867795,366.2286252158958,-0.06306687797622534,-0.0365083937077233,-0.7668630270320658,0.001382044744413391,-0.1829761795696241,0.2531886865186682,0,0.0,0.0,0.6091260372798598,424.8164076710483,0.0213086894961938,-0.002794245727072875,-0.5715054704375713,0.2917910716304384,0.7434548691168308,-0.01497720255628486,1,3.991713605098193,0.0,994.6438721520165,9.584311771735942,0.7566565529777052,-0.21752021640639668,1.3196357500748492,0.028220076110309494,-0.2862309815287325,-0.3211787688367087,1,4.244799649097931,0.0,3.70824216296338e-36,211.71134887497826,-0.5481885476963344,0.20349585693395933,-0.7019125975122653,0.0014089518874436657,-0.18961368855399763,-0.0021941079494123272,1,1.1332256039677144,0.0,245.85724613698395,3.722695836085516e-34,0.033305523493835754,-0.04665067443520221,0.6749191335912943,-0.061643869898113296,0.09307162376276423,0.31018964745357436
1.695,2.18385046327526,1.163285463300083,0.4091031455132828,0,0.0,0.0,19.10657911320843,255.45733817283516,0.2231910077771433,0.00639305569380616,-0.6599980313970912,0.004280761763175711,0.5745227666797468,0.0006823376484746402,0,0.0,0.0,86.99665038879968,371.5236641961821,-0.06280770268611224,-0.03477609406800819,-0.7660416813049213,0.001385404998988593,-0.20359854833281155,0.26104242138193895,0,0.0,0.0,0.5267503559121824,369.776039268585,0.01883256334589989,-0.002517976877781436,-0.602677418307676,0.2844375037530601,0.798422779637487,-0.012933843836105088,1,4.0256663861948505,0.0,1002.6486666298803,8.30843340403516,0.75670561786901,-0.21827388079302662,1.3199951962425946,0.02752551849782614,-0.28561414751777026,-0.3218024674276291,1,1.1438655367161186,0.0,2.884349960177409e-36,195.5172989014701,-0.5454299953882749,0.2064860067463652,-0.6965450657141037,0.0014352906825459977,-0.1928698915761473,-0.002150339956597247,1,1.1948474998693401,0.0,240.74792455337555,2.89559233585358e-34,0.03307400530800386,-0.04584877478982974,0.6747957174178876,-0.06060928467315607,0.09319363232277045,0.3094936262523289
1.7,2.183196636242089,1.1629680719196889,0.4089063362372282,0,0.0,0.0,20.991494745762626,224.96216453825852,0.21661123876184418,0.006402600860853369,-0.6726220909886371,0.004309725690285315,0.5757421681199759,0.0006930057496287445,0,0.0,0.0,94.65787388703332,375.701954491109,-0.05928574523116459,-0.0327168042026611,-0.7655305800407666,0.0013868035866466122,-0.22088223272853535,0.2669312423198745,0,0.0,0.0,0.7693314653979546,316.307893625649,0.01666454902512493,-0.0022686313080909626,-0.6290583644799925,0.27700129334679957,0.8460137796540592,-0.011118256743561233,1,4.090957072500691,0.0,1013.7196836160796,7.073189092702675,0.7571600324232295,-0.21868479163638815,1.3205428098714882,0.026880009331041815,-0.28509687717795873,-0.3211766096241703,1,2.6817812060835005,0.0,2.2435090070080673e-36,182.83646932953113,-0.5414634623397461,0.2095141914366092,-0.690888364187175,0.001505173622769529,-0.19714446175668066,-0.002190409049814157,1,1.090647257869895,0.0,236.09247922750345,2.2522535669393824e-34,0.03271652138114867,-0.044236920263170276,0.6744075718368221,-0.05944950171410117,0.09346552784507489,0.30895838266330944
1.705,2.182729800321976,1.1628434687830345,0.40887333998836345,0,0.0,0.0,23.460835953554955,195.99527461593456,0.21066064855858235,0.006382881834801346,-0.6829482014424322,0.004312564124420548,0.5769465358554362,0.0007027502893516835,0,0.0,0.0,102.45661537805067,378.58586633891446,-0.05255516737097565,-0.030558226080327433,-0.7651758065462015,0.0013865053767039837,-0.23548968190409836,0.27077857855414056,0,0.0,0.0,1.7524877665152372,266.84176367065197,0.014839935290027473,-0.002058714066272338,-0.6510714172577812,0.2696900987291381,0.8866747286849068,-0.009521029964170369,1,4.23745946202827,0.0,1028.3119232148758,5.895527104728008,0.7581219641378198,-0.21897718768621094,1.3217428041209796,0.026469281229682368,-0.2842553320248804,-0.3194520697408688,1,2.7552304261842973,0.0,1.745049225655244e-36,173.07695541899625,-0.5361488725530403,0.21185848683398656,-0.685253192635819,0.001583157429914328,-0.2018156191702265,-0.002189004303062181,1,0.9928767905959281,0.0,232.02269055987642,1.7518509311483677e-34,0.032235469432980945,-0.042327559487591815,0.6735421191508209,-0.058679838731942276,0.09388738596645063,0.3085793302666151
1.71,2.1817239831555955,1.1622814158188337,0.40884550053430324,0,0.0,0.0,26.339737717916027,169.95371015671185,0.2055293843509124,0.006343333129198936,-0.6910126808712613,0.00429736769927852,0.577801408853839,0.0007117133793053676,0,0.0,0.0,110.26891946830668,380.67370495876867,-0.04268029349450497,-0.02834296143897075,-0.7649755495565138,0.0013781210205019434,-0.24796615638732078,0.2728202560534212,0,0.0,0.0,4.680410801120827,222.50284491382024,0.013645951337427409,-0.0018890441055591234,-0.6691643622060766,0.2626950149412991,0.9208990848119227,-0.008114556908009649,1,4.061192128174351,0.0,1046.2189473824562,4.785173432248955,0.7592333459267411,-0.2187915691281223,1.3227454886242809,0.025994581733775723,-0.28378812246350815,-0.3166475218797593,1,2.411271855349578,0.0,1.3573365609175904e-36,165.82913511289195,-0.5291877642427756,0.21445006637045805,-0.6805889975025805,0.0016776008613670346,-0.20674149865449576,-0.0021860322966510415,1,1.2606720192062282,0.0,228.64787237539764,1.362627072730484e-34,0.03165332585620728,-0.04006626664044577,0.6723761006955147,-0.058222074243706505,0.09509790899580639,0.3087607625333778
1.715,2.18079984156696,1.1618129015334882,0.40878906082881733,0,0.0,0.0,29.440617303253884,147.8371425124992,0.2013591673821924,0.0063233839801376535,-0.6968467358361172,0.004298571700670273,0.5780620691520151,0.0007213875235920209,0,0.0,0.0,117.9585658142427,383.5191727067465,-0.029710000693318417,-0.02601759135725845,-0.7649991995207885,0.0013852300573483078,-0.2587060503602463,0.2735619424952095,0,0.0,0.0,9.427582911499785,184.22250604017796,0.013578000572283866,-0.0017365784642295878,-0.683679468368662,0.2562725688583016,0.9491210734809687,-0.006877718987975692,1,4.1277984940870915,0.0,1066.926658716312,3.7567444445758187,0.7607173898384094,-0.2182880483356165,1.3240679811209835,0.025650728450109156,-0.2833773604827685,-0.31298772081133996,1,3.7766949364646094,0.0,1.0557653689750831e-36,160.65330911041482,-0.5206987799175495,0.21598455060043253,-0.674588122217352,0.0017539254127916792,-0.21173543986495846,-0.002173060579060415,1,1.3732436105822725,0.0,225.97951762156927,1.0598804420653047e-34,0.03090689196258456,-0.03670884857662471,0.6710635287844238,-0.05722852509393887,0.09562678354024712,0.30865448249782484
1.72,2.1798057969392546,1.161455950894278,0.40873043491114885,0,0.0,0.0,32.78525724184369,129.9789461129694,0.19821175897196147,0.00632997530894841,-0.700448726206589,0.004324624375229624,0.5776221419394927,0.000735305382676521,0,0.0,0.0,125.44630213791447,387.20862673248416,-0.013851447179066279,-0.023605269018859287,-0.7652687808648782,0.001391522502243392,-0.267564568507743,0.27355644054853223,0,0.0,0.0,14.430107848928243,151.6136687933824,0.01503504929962407,-0.0016081074521171468,-0.6947946758192975,0.25071625545870707,0.9717228284422745,-0.005785939821503411,1,4.0686349453283235,0.0,1090.1056269031576,2.9220760707951556,0.762409671105466,-0.21741864461768295,1.3254678105946707,0.025363112430143997,-0.28311871560738155,-0.30857417480810434,1,4.122373294970144,0.0,8.21196854502741e-37,157.17455051503143,-0.5106186607157737,0.2168376029672785,-0.668131629314723,0.0018276507352302795,-0.21680876162514373,-0.002209490871019848,1,1.2571753757736355,0.0,223.73571315894813,8.243976462478043e-35,0.03010423389458694,-0.03266081115005759,0.6694737190601037,-0.056042380852391126,0.0958365183287353,0.308514155629048
1.725,2.1787190663309204,1.1610407146407387,0.4087029891274908,0,0.0,0.0,36.41608206050864,115.99097533501752,0.19615746171811194,0.006319890384662075,-0.701760154560519,0.0043329480158667,0.5765039780372607,0.0007455175081834409,0,0.0,0.0,132.6539965670533,391.1564445551191,0.004628355578885968,-0.02126150418976147,-0.7656822146285445,0.0014048986856519674,-0.27290700569405546,0.27324345616427226,0,0.0,0.0,18.400989062406232,124.31586835503356,0.018192674366941386,-0.0014948567533029644,-0.7025266696352481,0.24631133618747791,0.9889402239606682,-0.00499015337647242,1,4.097671094238595,0.0,1115.516974373034,2.272853181653606,0.7641237442840714,-0.21613421229206015,1.3267040080386314,0.02511709854775046,-0.2831604534252026,-0.3035410584100837,1,2.970254362513117,0.0,6.387444537036254e-37,155.09440160565612,-0.4989993912237809,0.21710719979239235,-0.6617315236195245,0.0018946303427695987,-0.22169119452491692,-0.002219404844415407,0,0.0,0.0,221.32475917466255,6.41234097889924e-35,0.02914554185547935,-0.027731552767611856,0.6680221884947841,-0.054358298696131784,0.09543578797616781,0.3082840640026996
1.73,2.1776492440155395,1.160459278306509,0.4086911853628188,0,0.0,0.0,39.9677452196522,105.35428284875188,0.195294500805066,0.006294081508803506,-0.700758098484126,0.0043230264918410755,0.5748903661633775,0.0007496540000696827,0,0.0,0.0,139.46436867133968,394.00292465706775,0.025389894021615955,-0.019077937510982856,-0.7661700752528404,0.0014345692464906024,-0.26892340146442795,0.272952493288465,0,0.0,0.0,21.191035451140802,102.04625869075925,0.023007659458764707,-0.0014009765849640754,-0.7068621536043307,0.24321183358545645,1.0009328572140683,-0.005045686805610933,1,4.10713073982114,0.0,1142.3392010796874,1.7678737514684835,0.7657970061397981,-0.21451979218929346,1.3277948727654874,0.024968450919701762,-0.28339983477695885,-0.2980775939618714,1,2.527056233582184,0.0,4.9682907928841894e-37,154.18130203175608,-0.48607967446359046,0.21668154750215285,-0.6554437065332137,0.0019776677213210747,-0.22634526358518303,-0.0022112261718122417,1,0.9019008219048311,0.0,218.03889322193436,4.987655777138262e-35,0.02801987706461917,-0.022344857648731953,0.6666621986025618,-0.052592403460035034,0.09454822162167442,0.308175947033269
1.735,2.1762890598137625,1.1596983145347997,0.408618613346683,0,0.0,0.0,43.1383825256001,97.45544590730981,0.19564676342726856,0.006289523289578047,-0.697491268434588,0.004333269254699013,0.5731081357855088,0.0007571223141464023,0,0.0,0.0,145.75199249593692,395.7046361517218,0.047996651894787856,-0.01694733619247768,-0.7668411744831178,0.001454476432989349,-0.24673932981541657,0.27302893359521135,0,0.0,0.0,23.044861269479725,84.58270072199775,0.029336141358508705,-0.001331941201251352,-0.707793447401593,0.24152814233409636,1.0077633488008093,-0.006627655855207151,1,4.033132319082761,0.0,1169.766943566691,1.3750899646132855,0.7674744261979067,-0.21243486680010654,1.3285119394061717,0.024678776117799617,-0.2840257733064151,-0.2921528332105152,1,2.7059049134477706,0.0,3.8644426984114455e-37,155.022370590973,-0.4719535586316632,0.21636919773882868,-0.650656498440255,0.0021074211224397787,-0.2308515450401305,-0.0022320696929519768,1,1.1581600479803011,0.0,213.27325139523808,3.87950519678869e-35,0.02696513324294525,-0.017355359361630573,0.6650854304850073,-0.051570966736971396,0.09444297061342821,0.3089856026817788
1.74,2.174702717518929,1.158861440795679,0.4085611186308682,0,0.0,0.0,45.7129469115924,91.68963226210762,0.19722298067113797,0.006253120579873539,-0.6919195418747768,0.004303748154026399,0.5715133550168541,0.0007514524432721548,0,0.0,0.0,151.35229858055095,396.8335326131455,0.0721113019915871,-0.01501788232056911,-0.7675533443557792,0.0015161991780711648,-0.20054048303538918,0.27378407672249766,0,0.0,0.0,24.428457157480338,72.10904380823945,0.03696571958862904,-0.0012564600407239945,-0.705168471627508,0.24160530399850005,1.0093449826043233,-0.01025768034021192,1,4.028229903042776,0.0,1197.0533298780153,1.0695743455716304,0.7691832254508352,-0.21018024534704355,1.3292828173825049,0.02440391495504393,-0.28507990418931795,-0.2860879247139968,1,2.232799750924482,0.0,3.0058460729984976e-37,157.71894805250767,-0.45671528008395224,0.215928097704166,-0.6471581949337266,0.002258911608968628,-0.23501181709181052,-0.002208330953223925,1,1.3384997244492776,0.0,206.72616318829907,3.0175620059622346e-35,0.025935837095732772,-0.01155929128874389,0.6636043007305321,-0.0499829998316402,0.09316005030840602,0.3096188185316064
1.745,2.170191207839144,1.1583149354561537,0.40827709134644224,0,0.0,0.0,47.57325498630686,87.73523546872332,0.19979374790676646,0.00623608849780094,-0.6842586305088407,0.004288281136041905,0.5705893431142761,0.0007585695631150136,0,0.0,0.0,155.91867438499668,390.4819051349477,0.09713759303273517,-0.013080186342676159,-0.7685404297310339,0.0015249421586837064,-0.13095903902672124,0.27558696393155613,0,0.0,0.0,26.332173558648353,64.13289636100157,0.04572534567264874,-0.0012232835271950293,-0.6991290497891223,0.24367789940240508,1.0056304853216633,-0.016115715595480695,1,3.7546829920132785,0.0,1223.7365133416306,0.8319377714509786,0.7707137738639036,-0.20814185004405367,1.3294751065635695,0.025158086286218823,-0.28101564344149055,-0.2799611040643535,1,4.720707842572412,0.0,2.3380112786442785e-37,162.0852507147892,-0.44115358809615546,0.21276820998977453,-0.6406067902422825,0.002368745441401421,-0.23902198353165804,-0.0022177163704041325,1,1.027337117311621,0.0,198.79094137731963,2.347124181548762e-35,0.025009054083977578,-0.004916946325572713,0.6619735163105764,-0.04778512647630615,0.0901307729370533,0.3097679310006414
1.75,2.1673906651643096,1.1578849059869651,0.40799733659167847,0,0.0,0.0,48.69502708942788,84.73330797214363,0.20326482623543396,0.006207899813633622,-0.6746228615905174,0.004262880817608117,0.5706751267475871,0.0007488239910168615,0,0.0,0.0,159.08484991561528,371.1894857889961,0.12275040067574294,-0.011227344423845542,-0.7696610416845715,0.0015886710530394477,-0.0431175688850145,0.2788240272610363,0,0.0,0.0,28.89816570924659,58.33056811980404,0.05549831890511436,-0.0011646676711284387,-0.6897718643457249,0.2478568368733574,0.9966041577726905,-0.02412168819686515,1,3.5996503607985466,0.0,1249.374843463392,0.6470989683254968,0.7718951220206193,-0.20502528228242228,1.3284026295027753,0.025220209631996005,-0.279950097724212,-0.2737783867429199,1,1.610064070862293,0.0,1.8185551110456312e-37,168.19200944958763,-0.4249988423344062,0.21036018611688645,-0.6372420597844415,0.0025226887457495684,-0.2427062809846845,-0.0021636915120680222,1,1.2940010911012274,0.0,190.24627712640108,1.8256433215708674e-35,0.02390313326480653,0.0019791247037378445,0.6606621703891296,-0.04553608975912199,0.08613020147163608,0.30988221470862826
1.755,2.1661975480454676,1.157440149306866,0.4078628876304199,0,0.0,0.0,49.137600546808315,81.65801355765726,0.2073969087834383,0.006232300078263753,-0.663293646835662,0.004293222266027852,0.572135729670062,0.0007380728801350545,0,0.0,0.0,160.66872132446417,338.9975824618131,0.14842370219380863,-0.009351970424493983,-0.7709307112925123,0.0016842780564911286,0.05618495981900584,0.28390214087475407,0,0.0,0.0,31.853155742059602,53.28968009121202,0.0661826566408954,-0.0010976834209985853,-0.6774153540023609,0.25387840377257265,0.9822808908454315,-0.033880418990693204,1,3.7847813945723168,0.0,1273.1755970132442,0.5033273992087235,0.7730511132175713,-0.20179921007365148,1.327651622385456,0.02486719093842582,-0.2814540031428092,-0.26770713357780485,1,3.0254984647687615,0.0,1.4145110086157789e-37,175.7743090857142,-0.4079275242227709,0.20776362902910406,-0.6354077860308631,0.0026885426611932828,-0.24685263731921148,-0.0022230126952394458,1,0.7821932867381319,0.0,182.0509311541734,1.4200243701622257e-35,0.022768642575825115,0.008095200693653104,0.6592719634011173,-0.04428261781591758,0.08266888336022005,0.31077686314234165
1.76,2.163596369007018,1.1570829974354755,0.4077924440912874,0,0.0,0.0,49.03254778533992,77.91964672361001,0.2118737899053355,0.006319849754583551,-0.6505439032437619,0.004367018228664199,0.5751980542798587,0.0007361562555712187,0,0.0,0.0,160.82985833363102,298.10614670418033,0.17366675412719434,-0.007490384247083703,-0.7722139970404782,0.001769695071738131,0.16015764229726193,0.29096570620769546,0,0.0,0.0,34.729653504747034,48.13961127767612,0.07756157146795539,-0.0010294060428273077,-0.6622636503452566,0.2613173217625623,0.9624351717542896,-0.04488878571436701,1,5.162594741880785,0.0,1294.7616097498599,0.39149880187536634,0.7738104797576111,-0.19830117799553032,1.3255265568657526,0.02488459534114998,-0.27944201100461075,-0.26111201966865827,1,2.597645087995226,0.0,1.1002368756065833e-37,184.90824776098376,-0.3912973322260922,0.20363141515417138,-0.6336243586210406,0.0028397839994318552,-0.2517045630193715,-0.0022460394567415665,1,1.3918274655564444,0.0,175.04249302579404,1.1045252859794995e-35,0.021801519731737606,0.013920142962806636,0.6572945805036803,-0.043549420517803285,0.07869790850815961,0.3117605863925485
1.765,2.1611448022753956,1.1565436382967873,0.4077146844521586,0,0.0,0.0,48.544829295636006,73.60471732350167,0.21640401294834322,0.0062340039272894,-0.6363846333683933,0.004287161461154432,0.579889676041317,0.0007207542471742157,0,0.0,0.0,159.97956169020108,255.5723825905761,0.19803692284188923,-0.006100913054483126,-0.773016908496035,0.0017995334337580493,0.26312097443980376,0.29977515090264306,0,0.0,0.0,37.44543945296678,41.3787434555915,0.08927131295945312,-0.0010211290418133956,-0.6444379356986965,0.26971475419961227,0.9369240452059602,-0.056612664253213776,1,6.356591389560004,0.0,1314.3185435267796,0.3045161302778346,0.775347840725379,-0.1961832991114048,1.3264901210683804,0.025917265035166698,-0.277540789223254,-0.25602915352026,1,3.766130461623934,0.0,8.55787742245383e-38,196.35860165979557,-0.37408431152777233,0.19795692850424107,-0.6308194255659954,0.0028614849779115548,-0.25757969051005647,-0.0021874424444232043,1,0.9915459083467757,0.0,169.73279965283442,8.591233594313053e-36,0.020626940411644146,0.020517424955092345,0.6557512311481053,-0.042064099631036814,0.07297354535860001,0.3119802116728589
1.77,2.1586547616376697,1.1562128015355542,0.40794132032586616,0,0.0,0.0,47.84305428038133,69.44155629994948,0.22087904200195618,0.00627588878376234,-0.6210779437327651,0.0043181572567087545,0.5861976787567253,0.0007138535210091945,0,0.0,0.0,158.608609643826,219.19059348203788,0.22123744258244615,-0.004633271501415237,-0.773642362410867,0.0018506581642167008,0.3614957117067208,0.31002326451662193,0,0.0,0.0,50.788363480513716,32.613690154287745,0.10116314411393335,-0.0009780911672964132,-0.6241820742426973,0.2784939943128618,0.9060305430542916,-0.06840472951455955,1,5.344058171013389,0.0,1331.786188326695,0.236859150411673,0.7765098027826927,-0.19349669299622924,1.3261668294727942,0.026579377735213905,-0.2760481712565801,-0.2509621850445789,0,0.0,0.0,6.656499850304304e-38,211.96204820603728,-0.3573219000260497,0.19238481575885436,-0.6299485535242695,0.0029110580358304716,-0.2650522579032155,-0.0022033886826642313,1,0.9882194782403158,0.0,166.27443044716674,6.682444993244195e-36,0.019571637128353192,0.026370711750114628,0.6536525411119813,-0.04133921615039266,0.06747649653326637,0.31234849826909444
1.775,2.1561102977736906,1.1564960892758567,0.4081933393318373,0,0.0,0.0,47.07009970778559,65.58175656753596,0.2250757936724206,0.006280935145915378,-0.6046571318010023,0.00431677710913797,0.5939322948283277,0.0007020714199302558,0,0.0,0.0,157.22270158331202,191.41010475111722,0.24281150255799266,-0.003383649319014914,-0.7737270577691391,0.0018749620971479919,0.4527756481494145,0.3211034751288808,0,0.0,0.0,92.3797200822476,25.36762481083066,0.1128464330048069,-0.0009416363801927341,-0.5992955168748861,0.287271100912119,0.8701712823687742,-0.07967800072180793,1,3.760382294986988,0.0,1347.1229618285129,0.1842341063593345,0.7776248938186459,-0.19056319332112387,1.3250167484665512,0.026954048471044434,-0.274219402920199,-0.24625782019260087,1,4.876474048068311,0.0,5.177567762403913e-38,232.06677318401083,-0.3412249476028091,0.1856450660594542,-0.630146740535729,0.0029623374104736366,-0.27391031585278847,-0.002241709697772265,1,1.1825016376369017,0.0,164.98584518142422,5.197748448755222e-36,0.01874175918333787,0.03169954200638625,0.6509012841835242,-0.04099269052882697,0.06203869221111091,0.3124558934770554
1.78,2.154375549108515,1.1569806665700628,0.4087558132903578,0,0.0,0.0,46.33606622048537,62.06370766914381,0.22890699050411173,0.006298334745829359,-0.5872842677199335,0.004326963372290327,0.602866812783384,0.0006908126730841568,0,0.0,0.0,156.23966081312253,173.18439579334165,0.26241934506175646,-0.002282412093718822,-0.7732055073752464,0.001881576430749654,0.5357996757534469,0.3325818127935564,0,0.0,0.0,155.40314397612804,19.731480415087827,0.12401664728665018,-0.0008956575834735414,-0.5646509504132555,0.2957472257124571,0.8301245645459954,-0.0898202302113429,1,3.7628434464777825,0.0,1360.3891361158035,0.14330122305610457,0.7788541720822517,-0.18773792649092352,1.3241779737638844,0.02720804531554319,-0.273059185007549,-0.2418530402728766,1,3.2187515432633957,0.0,4.02722279533421e-38,256.96538632034003,-0.32577973547093597,0.17891235391243043,-0.6324002724174103,0.0029638091136227618,-0.2837778326422242,-0.0022461202800820312,1,0.8821382833480682,0.0,166.52146914014452,4.0429197642255935e-36,0.01796931651299305,0.036904861799750166,0.6480378398839075,-0.04043389879058923,0.05640000013913271,0.31193476195168024
1.785,2.1543180608193655,1.1572202785412253,0.40935816833976996,0,0.0,0.0,45.72781134838237,58.95744043721926,0.23233859504969812,0.006331573298585136,-0.5691262924749039,0.004352148172183545,0.6127053971198198,0.0006782310866729202,0,0.0,0.0,155.7261220316507,164.21203578601128,0.27981556795384455,-0.0013133805996614623,-0.7719805560255311,0.0018860445911002,0.6101993183085557,0.34415572700064906,0,0.0,0.0,227.42190199430286,15.34756691942125,0.134375913744746,-0.0008561217027002188,-0.5148144354145283,0.30363908160294123,0.7869369551525356,-0.09839893183678018,1,4.1912023437066015,0.0,1371.5959914611185,0.1114627521210596,0.7804016254781593,-0.18489206737624125,1.3237837225174491,0.02713943176803768,-0.2737764410474788,-0.23789600913308676,1,4.420495952262978,0.0,3.1324599092700865e-38,286.90135362025336,-0.31076975434489906,0.17180885232039445,-0.6361089733595753,0.002918154645343396,-0.2944326358324556,-0.002261716978457118,1,1.3268103599981713,0.0,171.67081232754498,3.1446693469516286e-36,0.017316548863548942,0.040483740536871315,0.6449703408906131,-0.041084906443674726,0.053335354309161476,0.31228546297452764
1.79,2.1543752649892127,1.157832524032482,0.41001193693690413,0,0.0,0.0,45.310224503445895,56.3795520793218,0.23527944192171296,0.006287443777470536,-0.5504032753438075,0.00430847522941602,0.6231214282741131,0.0006641993611081753,0,0.0,0.0,155.47486835438227,163.5887258871857,0.2947863515814464,-0.0005768295609200891,-0.7699188375763151,0.0018458063713424622,0.6761064518861715,0.3555487806388514,0,0.0,0.0,294.5633053118011,11.93766536473361,0.14343646350807937,-0.0008607408982617137,-0.44655105588185506,0.3107260373149328,0.7417206463812458,-0.10522245007782587,1,4.359593125599969,0.0,1380.7305802124731,0.08669810937717269,0.7822896740778752,-0.18273835704323566,1.3243422779263292,0.02725036237426723,-0.27361916805070585,-0.23440475143011272,1,3.0113147510135274,0.0,2.4364942248917864e-38,322.8954874558235,-0.29725459184894576,0.16441328896410234,-0.6414820697022827,0.0028425005124989577,-0.30536247068410693,-0.0022263396007891068,1,1.325443586802113,0.0,181.35847899712763,2.4459909863067423e-36,0.016852241732714823,0.04357528661823906,0.6417578087264129,-0.04165591607839303,0.05028711083703663,0.3119373240947632
1.795,2.15436498921089,1.1583953459742398,0.41079775878819513,0,0.0,0.0,45.12370122014497,54.56179750488752,0.2378375894404946,0.0062937104422285395,-0.531384274740855,0.004308643959793468,0.6338102647249557,0.000655347600978351,0,0.0,0.0,155.21993843760526,169.773229775659,0.3073352317387532,0.00011090964852034091,-0.7671285491406366,0.0018092278000889084,0.7340500352090209,0.3664988377603499,0,0.0,0.0,347.98791624875133,9.28537110204921,0.15083882877520116,-0.0008960613693861363,-0.36139960780943614,0.31679710894878055,0.6957244403443417,-0.1101501620623128,1,4.308533601474232,0.0,1388.158539938319,0.06743564129308838,0.7842244212237003,-0.1809205448772348,1.3251862630541766,0.02739478657097888,-0.27330550118671404,-0.23121934906847377,1,4.626576219786274,0.0,1.8951572501734997e-38,364.42667354402454,-0.28555909688643566,0.15708343286305126,-0.6478587322155875,0.002762955317638094,-0.3164723882253855,-0.0022431903873838532,1,1.37261559893469,0.0,196.49000751437944,1.9025440340471703e-36,0.016552129795369463,0.04560909952205505,0.6386502919178814,-0.042649624533265984,0.04824969387871958,0.3115034372588105
1.8,2.1544956878467385,1.1590939300542806,0.41161353979972576,0,0.0,0.0,45.17875040648595,53.75633590092748,0.24003884953616886,0.006305383191983649,-0.5123435385457709,0.0043111124653372745,0.6444695508631886,0.000651396831636758,0,0.0,0.0,154.57724656036527,181.43739111803004,0.31746611764870813,0.0007009217521236621,-0.7635948808883286,0.001755513322116875,0.7845902307868626,0.3767517290626643,0,0.0,0.0,378.2453846426955,7.222359973121469,0.1562596814140944,-0.000980636131892032,-0.2647507537863276,0.32177993056033144,0.6498850572223027,-0.11322140378431296,1,4.318063774494708,0.0,1394.0428347376412,0.05245288218254325,0.7861069857366684,-0.17937864395731146,1.3261778551885341,0.027596720392177004,-0.2729219916177197,-0.22840030292818628,1,5.189975791366461,0.0,1.4740937886051003e-38,410.82803113906033,-0.27656096923140194,0.14986292182920735,-0.6549388061400261,0.002650516746160514,-0.3272962499059402,-0.002260946608106218,1,1.3079737464264718,0.0,217.48822676165088,1.4798393868793072e-36,0.01647642158499396,0.04678150457202246,0.6359516138078811,-0.043773574094698675,0.04692964431195845,0.3108575437776094
1.805,2.1548854141140086,1.1601706177469906,0.41255842604271287,0,0.0,0.0,45.45686028800077,54.00038564300059,0.24197304000241512,0.006327706772695729,-0.49360012567852296,0.004318144265648194,0.6548432089152774,0.0006538082619726993,0,0.0,0.0,153.1007773560342,196.66802995426556,0.3252616848233827,0.0012020816490081465,-0.7593709372919502,0.0016840868357428929,0.8283852036505577,0.38614630453286264,0,0.0,0.0,382.3154295815891,5.6177058523633265,0.15958426212227161,-0.001106965759797407,-0.16355402093567162,0.32564014320028734,0.6050099746009057,-0.11453511929507214,1,4.437654940517174,0.0,1398.4336424460198,0.04079897212362907,0.7878109702734001,-0.17807435131216393,1.3272731853667596,0.027878479693093372,-0.2727729081430159,-0.2259076940765056,1,3.6824312934833223,0.0,1.1465816345346576e-38,459.12782989616755,-0.27119471701620546,0.14319877509266288,-0.6623812138346579,0.0024614617533508243,-0.3374776353515614,-0.0022695762479487125,1,0.8472119558418771,0.0,243.56308810208003,1.1510506835948623e-36,0.01656625609281459,0.04717120990781476,0.6341426208389171,-0.04484352257627712,0.046049876297232784,0.3099230490421124
1.81,2.1551617649147308,1.161033553219556,0.41327962656769546,0,0.0,0.0,45.92042413023563,55.38033526765129,0.24378669856133917,0.006321012742147136,-0.475431676183556,0.004303215166207464,0.664703221662623,0.0006513032045905587,0,0.0,0.0,150.35990439533578,213.97870584362434,0.3308555282505088,0.0015990225067041841,-0.754507954683503,0.0016116448130411576,0.866114598628851,0.3945576473402699,0,0.0,0.0,359.566254412463,4.369571602789787,0.16082118080257768,-0.0012855020668667283,-0.06384927647001626,0.3283943955752554,0.5610718982077061,-0.11424182912384316,1,4.372942435807895,0.0,1401.1633576052473,0.03173431195928906,0.7894595021891282,-0.17705218786424276,1.3285796256907858,0.028235786667076324,-0.27246759279390953,-0.2236675181656401,1,4.213793294416551,0.0,8.918356856358432e-39,506.75185663777177,-0.27037741566841555,0.1369223704627336,-0.669868676330857,0.002290089441474019,-0.3466902767347202,-0.0022746609733289014,1,0.5756430127014277,0.0,273.04892433026305,8.953118074510729e-37,0.01709260073061314,0.0463248453626689,0.6328835389100347,-0.04627686678414465,0.04621908954566156,0.3091261977036094
1.815,2.1554050950832577,1.1618328747192233,0.41395743606271224,0,0.0,0.0,46.523324621378116,58.00758472758568,0.24559478923481706,0.006313131767241187,-0.4582020121624122,0.004289493914642339,0.6739143566151864,0.0006489330895970424,0,0.0,0.0,146.02693763725023,232.94449415878947,0.33437936157186376,0.0019347550485038223,-0.7491598408472431,0.0015431928057207944,0.898447299398565,0.4019135395786815,0,0.0,0.0,303.7707163901758,3.3987461240738597,0.16010051201425624,-0.0014948108219055012,0.030149845821469068,0.330070349262108,0.5172046040563805,-0.11252025806042322,1,4.377142383908424,0.0,1401.9745319031344,0.024683625667770825,0.7909360024561095,-0.17624649604308534,1.3299979082086875,0.028710339657718464,-0.2723036402704253,-0.22171610396734662,1,4.72856524759737,0.0,6.936888453619416e-39,551.8489164170587,-0.27424883373388287,0.13143693242792254,-0.6770723495044437,0.002121100827457034,-0.3546493796969816,-0.0022854395751301104,1,0.9858219143154706,0.0,303.56515921457077,6.963926471577004e-37,0.01800568627501642,0.0442715310343762,0.6322910199709411,-0.04803137738726002,0.04713351789379039,0.30841008084565524
1.82,2.155738693332695,1.1626395717655371,0.41443412489198017,0,0.0,0.0,47.21758741932082,63.09219243268326,0.2474877698018016,0.006279545118121066,-0.4423040157758438,0.004256332476493652,0.6823848551978056,0.0006432405859741752,0,0.0,0.0,139.97462211522998,253.52267909418816,0.33593746715871475,0.0021883986975343994,-0.7435432849788048,0.0014743947225369092,0.9259735824045623,0.4082117859052279,0,0.0,0.0,237.49023597879102,2.6436173304797106,0.157582835511489,-0.001718342740567702,0.11591529273556023,0.3307625815992141,0.4730484466275686,-0.10960398138320022,1,4.43334869623697,0.0,1400.4851150592813,0.019199451271805185,0.7922032584902294,-0.17562995815077903,1.3314947074583885,0.029310521707035075,-0.2722402069677985,-0.21999958002570622,1,5.29165254920962,0.0,5.395660006994498e-39,593.1146951955725,-0.2824613823687716,0.12689491288459798,-0.683792437812428,0.0019352605126067846,-0.3610857143235855,-0.0022831859331172155,1,1.0707648818372781,0.0,332.41341880591034,5.4166907548777294e-37,0.01919485925668951,0.04149964740788703,0.6326170129611126,-0.04961298814624404,0.048062598088291386,0.3074417391417833
1.825,2.156107321410334,1.163481114628459,0.41467041242586217,0,0.0,0.0,47.95670495196991,71.14669937931941,0.24954691542746915,0.006248885458924269,-0.4284044542157639,0.004222124417883,0.6901090756331507,0.0006404700570509791,0,0.0,0.0,132.34703369628545,276.474762531821,0.3354759562582834,0.002385478043136935,-0.7379869427235182,0.0014281652682755497,0.9492213012799784,0.41352920242369706,0,0.0,0.0,184.72497819304735,2.0562620257248714,0.1534977353167517,-0.0019384515870313201,0.19215859846634653,0.3306266334085247,0.4291655296890422,-0.10570617249886753,1,4.570389100218657,0.0,1396.2971206524949,0.014933743287953187,0.7933262201940214,-0.17511071106512693,1.3329905680042269,0.02996712988697453,-0.27215212599889593,-0.21841960535136692,1,1.6605013727207505,0.0,4.19685960149607e-39,630.5864288281444,-0.29454326647956486,0.12369604569794612,-0.6904903408907095,0.0017440730508864744,-0.36582910587465767,-0.0022706324225456598,1,1.0023008536644589,0.0,357.11609046302414,4.213217766403786e-37,0.020656887192361584,0.038211245354190626,0.6338446409550211,-0.05089341515752997,0.04932840750187961,0.3065168504088096
1.83,2.1562625501230475,1.1639348770269133,0.41461978051984505,0,0.0,0.0,48.69830591103238,82.06282280147308,0.251838939589349,0.006247416189874844,-0.41739457547789227,0.004211717542328242,0.6971329100073846,0.0006438888747159754,0,0.0,0.0,124.00029402203323,302.7911919150492,0.33273668124312694,0.0025809291891811803,-0.7328641856360194,0.001448661948437291,0.9685884361396053,0.4179472202400321,0,0.0,0.0,143.68303365309384,1.5994045241301627,0.14810133284538507,-0.0021870451456530438,0.2585142719893587,0.3299060096609992,0.3866967262443519,-0.10101965451116203,1,4.4928995294439185,0.0,1389.1480379801567,0.011615784505153631,0.7942456472015006,-0.1746226730522788,1.3343810390918849,0.03066943715948503,-0.27221668766945584,-0.21701073026015252,0,0.0,0.0,3.264407040443034e-39,664.8714988811893,-0.3096232274059294,0.1219386247383587,-0.6969525668100587,0.0015684803715951823,-0.3688339817327877,-0.0022822375553217533,1,0.761329205407297,0.0,375.1469272875038,3.2771307705088294e-37,0.02228386505711555,0.03414255248109599,0.6357902503765371,-0.05225688243554761,0.05138157268009036,0.3059928750711611
1.835,2.1560931786090287,1.1641889739631528,0.4140939805281441,0,0.0,0.0,49.41394605737305,95.74957247197324,0.25446903356716155,0.0061963987227283135,-0.4100388194174833,0.0041688145751732075,0.703505427602763,0.0006336990986254287,0,0.0,0.0,116.45873888861306,335.5844008362625,0.3274460360743885,0.0026886700672534847,-0.7284598776644617,0.0015745815743345992,0.9842990416994417,0.4215063145427074,0,0.0,0.0,111.75973255864281,1.2440510011880683,0.1416357500366181,-0.002427062686824244,0.3152243850613241,0.3291407809943897,0.3466873907875807,-0.09577458524466635,1,4.536666876334444,0.0,1378.8789305143614,0.009035005294286146,0.7950667463006695,-0.1741996608117961,1.3357472124119893,0.03137710965461574,-0.27218712121152455,-0.2160154964353346,1,4.25795865874925,0.0,2.539125521829546e-39,693.4522670766125,-0.32722133402510023,0.12154903456466748,-0.7038236411311611,0.0014935338261531927,-0.3698836885080623,-0.0022711744305131676,1,1.1612577085365512,0.0,384.6289978087337,2.549022310845952e-37,0.02416094630943766,0.029300725621996815,0.6378084121129526,-0.053850276537978393,0.053880714655115014,0.30572701836661303
1.84,2.1559281667698067,1.1644573494613357,0.4135763715793376,0,0.0,0.0,50.08299272087162,112.16493581326795,0.2573671393753034,0.006244312667316454,-0.4071727336568767,0.004201314615143337,0.709418664535405,0.0006442167881866301,0,0.0,0.0,111.20039730528788,375.24173633804395,0.3193167972414419,0.002740863463019494,-0.7252315284358466,0.001799106498632852,0.9965115266871121,0.42422557653022314,0,0.0,0.0,86.92910710484865,6.610753374988547,0.13441356579840225,-0.002667407795769572,0.36250615397242103,0.32882059857997775,0.3099397291802535,-0.09009774179604606,1,4.4711484957069345,0.0,1365.449905132435,0.007606242069973705,0.7956372524045292,-0.17374599719841016,1.336960504233434,0.032105136236367626,-0.2724370849703839,-0.21585105924036038,1,5.6431765714290885,0.0,1.9749860650745258e-39,713.8420110218694,-0.3466852801960343,0.12261355581404842,-0.7100685684863632,0.0013823017762414347,-0.36909549698504684,-0.0023060701990053056,1,0.7755631754685544,0.0,384.7639556182526,1.9826839989609523e-37,0.02585214153614368,0.024302792980732457,0.6406109977330805,-0.05511490729810373,0.0564696799109361,0.3055984491455897
1.845,2.155612044490573,1.164273197475858,0.41261075389455654,0,0.0,0.0,50.679308622435386,131.7015453786729,0.2605632554416626,0.006170476863961993,-0.4089644830272441,0.004138867601399976,0.7149399052453871,0.0006391454246317541,0,0.0,0.0,110.87432990191346,422.4884899141513,0.308252784016406,0.0024272712103572402,-0.7233304531069664,0.0021099517166484616,1.005238334664928,0.42604466721176437,0,0.0,0.0,67.6153162596474,21.176149275453223,0.12655553531438724,-0.0029132799262074904,0.40046808090363606,0.3293550496093629,0.276433969505804,-0.08424810633257378,1,4.554281295886264,0.0,1348.8960949002349,0.32837098061841513,0.7959386714741992,-0.17334950912468056,1.3380515662738004,0.032937726308584686,-0.27256809980782104,-0.21689808815962383,1,5.398047994433794,0.0,1.5361863459306393e-39,723.9466830371059,-0.3668551379778333,0.12447648316430038,-0.7163433403322554,0.0012938609725141603,-0.366129319696642,-0.0022842229097091438,1,1.033896384530296,0.0,376.4060558208869,1.5421739633307444e-37,0.027515218381952256,0.018391778516403723,0.6433266355374767,-0.0569866678202135,0.059793738741299896,0.3059973088757604
1.85,2.1553138100956875,1.1642832095901379,0.41171155470515347,0,0.0,0.0,51.17489325965914,154.63763101590936,0.26404721314978297,0.006163376309156865,-0.4156278701269889,0.004132992677343461,0.7202547637930612,0.0006405962369178675,0,0.0,0.0,118.73719438451782,478.37880745461183,0.2944070872688753,0.0017704950099646233,-0.7229757086363222,0.0024745872580800854,1.0104763053748935,0.42687605738962686,0,0.0,0.0,52.592637209282174,40.16346030661385,0.11838711742160024,-0.0031065018961423663,0.428532281090223,0.3307752230318649,0.24626056577923316,-0.07828061117568623,1,4.551590086644099,0.0,1329.3433438539846,1.162253449821357,0.7961122144709173,-0.17294686242491314,1.3389611455881427,0.03367808840520656,-0.27260490739040444,-0.21929123244157825,1,3.217911336958325,0.0,1.1948785518821779e-39,722.6786884954714,-0.38740948416661314,0.12759291901185166,-0.7223382511198204,0.001215862361263531,-0.36113060013415166,-0.0022833235934188734,1,1.0607797642294041,0.0,361.54765484289567,1.1995358485878903e-37,0.028941121139141934,0.012837170899520967,0.6463284681049408,-0.05826235410923838,0.06234973587302983,0.3060958212919932
1.855,2.1549105808484352,1.1640694177387003,0.4106796852658435,0,0.0,0.0,51.54594194744864,180.43373980513334,0.26775462381044957,0.0061404090917636656,-0.42698469012763707,0.004115353736813154,0.7254683771667485,0.0006419649867902555,0,0.0,0.0,136.27089786575823,542.2807429304391,0.2782615994901625,0.0005899443093733137,-0.7240566675251954,0.002836789370580628,1.0121269293996091,0.4265859195654521,0,0.0,0.0,40.907676568510006,60.05152504190018,0.1100403223040507,-0.00329511503878388,0.4466065832924804,0.3329152281127574,0.2191075672819187,-0.07234491382219295,1,4.457803284624926,0.0,1306.9749000736626,2.384974545561957,0.7960269979338681,-0.17266322796424188,1.3396603200485466,0.03444678213951188,-0.2725726311759571,-0.22316905924344058,0,0.0,0.0,9.294020595418796e-40,709.5600797817872,-0.40731529413660295,0.131380435093861,-0.7279674699606478,0.0011340737380055033,-0.3540005359659155,-0.002273794127747808,1,0.9993748097211811,0.0,342.40030058102343,9.330246043966416e-38,0.030266342909828214,0.006699176554322395,0.6491073130398182,-0.06002067385066167,0.06570857636424932,0.30680526774792766
1.86,2.154481440920635,1.1637586114653016,0.409518200131545,0,0.0,0.0,51.77879255594988,209.62814111465616,0.2715978486727153,0.006122569465866867,-0.4426591654487284,0.004107926612026025,0.730668051596169,0.0006477836603006604,0,0.0,0.0,161.93482776236124,609.150701755613,0.26061128069468076,-0.0011609748912990714,-0.7264007014241831,0.0031579347030081806,1.00998519017759,0.4250494148791581,0,0.0,0.0,31.81886459837908,82.82476457327705,0.10171804753015445,-0.00347826023518949,0.45468011276828135,0.33552463676842537,0.19479222680715447,-0.06650981960249215,1,4.503815181328006,0.0,1282.0340459048105,3.8627378543772646,0.7957342204024757,-0.17257889380369124,1.3401303568888805,0.035157827377536754,-0.2724126892206242,-0.22843622480392364,1,2.270637631873944,0.0,7.229087733812317e-40,687.0255417534544,-0.4263147005430108,0.1359353396787939,-0.7332066587863995,0.0010847281367212802,-0.3448746150785804,-0.002278784532459166,1,0.9946770540366453,0.0,321.0794312582309,7.25726466144647e-38,0.031230454078452485,0.0009307830182224697,0.6520357691657266,-0.06136822154842681,0.06840407039024199,0.3073048257743316
1.865,2.1539855006132154,1.1630504090193161,0.4083816726913084,0,0.0,0.0,51.85960993198232,241.8565361579037,0.27555154309307284,0.006125997105986103,-0.4620489534862513,0.004122034303957023,0.7358906533809992,0.000656995590620657,0,0.0,0.0,191.35002925396623,672.2663564047398,0.24249292261163458,-0.0034615033980525123,-0.7297187833046792,0.0034256826807833596,1.0034996759711756,0.42216884574920505,0,0.0,0.0,24.749392516448594,122.50893579141548,0.09353345143434799,-0.0036587185060396044,0.45197842072586547,0.338340658685916,0.17306866436109036,-0.06084870717185374,1,4.5803414996401335,0.0,1254.8442482580933,5.450897033129181,0.7951942317605971,-0.1728425104340962,1.3404738173823088,0.03589582000080038,-0.27221645898336844,-0.2349855011287925,1,5.1209755747037775,0.0,5.622938848329595e-40,659.7400603722043,-0.44387455483833227,0.14091810862456788,-0.7379109482600306,0.0010553372440540443,-0.33392793198161463,-0.0022982127031374033,1,1.1658563565668925,0.0,299.55700512171995,5.64485546448568e-38,0.03200870298097902,-0.005230082791431889,0.6546309887043098,-0.06318427466994408,0.07170077504849615,0.3083115577732097
1.87,2.153787014938464,1.1631514150304112,0.40817813076465703,0,0.0,0.0,51.78670400481991,275.3311168245116,0.2794844138309127,0.006119290089733831,-0.4844559490591367,0.00412681833056433,0.741118448945149,0.0006696797072793248,0,0.0,0.0,220.19924761566193,725.5044627880179,0.2249998340357613,-0.006203852122139475,-0.7337120215352682,0.0036148640517766895,0.991490958633932,0.4178034082080239,0,0.0,0.0,19.250606131447118,179.2447590040995,0.08555455517781185,-0.003831617633909934,0.43495939985554366,0.34116278994932536,0.15361652640170664,-0.05544854259424219,1,4.396268770002965,0.0,1225.8383362317704,7.000091438754287,0.7945138612678033,-0.1734028537769688,1.3404157078798806,0.03621125902521574,-0.2720434799688276,-0.24255458567875507,1,4.929290166643641,0.0,4.373641938826e-40,630.71958755285,-0.46001734937728256,0.14576562506724788,-0.7425840007190405,0.0010328730719056378,-0.32137134558344527,-0.0023031195016757766,1,0.9764247154339504,0.0,279.62184072548155,4.390689150997954e-38,0.03276477454372895,-0.0114717041088509,0.6565536894819364,-0.0651957742673946,0.07494353306470303,0.3093945463303903
1.875,2.153731431334519,1.1636067471552864,0.4081447466575357,0,0.0,0.0,51.54901447987281,307.96024342480376,0.2833727690699672,0.006092099266351514,-0.5088926542012879,0.0041239156269353705,0.7462818963834035,0.0006771978419795044,0,0.0,0.0,246.18115628774183,768.1201015625177,0.20932541037039343,-0.009139091534360766,-0.7381397436009591,0.003742325034976901,0.9726808987651996,0.4117495087805403,0,0.0,0.0,14.97353263041975,247.67867354705783,0.07787894697512021,-0.003982820459126124,0.3986361547068984,0.34378675393900093,0.13624912767184805,-0.050332685574550964,1,4.430584072863695,0.0,1195.5257739490453,8.362421814844215,0.7938220767120543,-0.17441760132869327,1.3402531849767505,0.03625942481740954,-0.27170727370675185,-0.2509931997827085,1,5.686259945997929,0.0,3.4019121183827587e-40,599.8355795674162,-0.47449555512007247,0.15070347922592875,-0.7467860353775628,0.001037209484900492,-0.3075734258647338,-0.0022985833045584547,1,1.1789308849790585,0.0,262.69416089245414,3.415171804128313e-38,0.03338076586075278,-0.017228304574164244,0.6579067654737558,-0.06687765597721251,0.07707167337891674,0.30993507533390025
1.88,2.1537457635515502,1.1641302235770437,0.4080703849875195,0,0.0,0.0,51.119939391983635,337.508233535912,0.28708312166273187,0.006021331760566073,-0.534312025809204,0.004081301909946433,0.7513136241737388,0.0006850490280297383,0,0.0,0.0,268.17158360096744,801.5337607392353,0.19636992689335342,-0.012069147401184699,-0.7427660356216736,0.0037996392861517903,0.9460913135942737,0.4038157627561658,0,0.0,0.0,11.64673350560057,320.5790590789933,0.07054207402135404,-0.004143102888695127,0.34002169014208694,0.34598981783637767,0.12111868076007948,-0.04554215343963382,1,4.477184275031598,0.0,1164.5545968191113,9.400806649246015,0.7929412386953446,-0.17588096443988216,1.339999214076578,0.036218898640050956,-0.2712226091178862,-0.25996980896949196,1,3.9743413163289625,0.0,2.6460799084769075e-40,567.717204439115,-0.4873082549958174,0.15555341093758046,-0.7505120872705813,0.0010117463624808587,-0.2928791402494897,-0.002258105626556983,1,1.1325357222261605,0.0,249.64211918898394,2.656393575268721e-38,0.033883452872853326,-0.02309970074644263,0.6588219278299923,-0.0688601872278581,0.07973839485721035,0.31087175312274296
1.885,2.1538859788673954,1.16427631125732,0.40818814386042074,0,0.0,0.0,50.479731935163684,361.9527089239764,0.29052854126356986,0.006022151969296452,-0.5597983608817809,0.004108666828108287,0.7561580945086741,0.0007128095605966056,0,0.0,0.0,285.51847564339334,823.767915386598,0.18656978265311563,-0.014738770274152602,-0.7475296688449058,0.003809352078963435,0.911139765230152,0.3939156384998214,0,0.0,0.0,9.059078087885828,392.8066686991822,0.06368146548269449,-0.004374917125764766,0.26064845979144713,0.3474851157482618,0.11123649932071134,-0.04100627008565626,1,4.204695540591836,0.0,1133.9662236187069,10.034853360501753,0.7914767821421729,-0.1774778682031241,1.338936188092211,0.036052366962011834,-0.27075114113953624,-0.2690728066827279,1,3.4045613423665366,0.0,2.0581774714902785e-40,533.8610864598404,-0.4986073087276026,0.16033374478480167,-0.7532219563700395,0.0009754002210041746,-0.277995551660295,-0.0022952667705503638,1,0.992415914815479,0.0,240.75309119702342,2.0661996618146772e-38,0.0336982566929489,-0.028012891996965883,0.6602236661856968,-0.07007843850186372,0.08120682157673342,0.31124513583490154
1.89,2.1536010862840342,1.1640647289953814,0.4081160954895666,0,0.0,0.0,49.60420322174607,379.6818359238023,0.29374438547232185,0.005972080428098381,-0.5843490107555627,0.0040959174612891225,0.7606373549933629,0.0007230083506619411,0,0.0,0.0,297.58057254391497,831.2969185760376,0.17997949105231026,-0.017368699086791395,-0.7521411881442068,0.0037820940800573633,0.8674584267864343,0.38201500107511777,0,0.0,0.0,7.046344433222377,457.02238025213546,0.057239328019878855,-0.0045133999866227015,0.1667597210586249,0.34833259377891945,0.1134018276804718,-0.036821426935071566,1,3.894194580896405,0.0,1104.390742337273,10.242195601804855,0.7880318321715609,-0.17858269226170426,1.3353990927624864,0.035313689020290445,-0.2722143953745373,-0.27733914341138854,0,0.0,0.0,1.6008943987592671e-40,498.392838061608,-0.5081738536001428,0.1638990153529185,-0.7553237444190772,0.0009561885629107425,-0.2629513769545633,-0.002264523060679813,1,0.9189285641803807,0.0,235.78190567916235,1.6071342297427496e-38,0.03264635934327087,-0.0322762524511907,0.6624389642227355,-0.07080570422509777,0.08159348242166797,0.3110867983863764
1.895,2.1535107372880713,1.1638972687661926,0.4081044759100395,0,0.0,0.0,48.47573854539572,389.7362197008807,0.2966024669021568,0.005924917903871396,-0.6074552817194825,0.0040916563893460545,0.764665787722161,0.0007306778590385477,0,0.0,0.0,303.51072602698594,822.3798228580829,0.176417771289624,-0.01992456147468591,-0.7565654045400185,0.0037291171500452025,0.8152116359178381,0.36820793284775155,0,0.0,0.0,5.480797205843639,508.8650243078152,0.05129614645865077,-0.004594042108080454,0.06616314229590325,0.3483498464607248,0.13681812600634569,-0.03293064640509433,1,3.8527565661777463,0.0,1076.996168165439,10.035158224472493,0.7847157787353484,-0.1798449341867055,1.3319671294962472,0.034475863912613425,-0.2739135640043695,-0.28581709207970607,0,0.0,0.0,1.245209857497413e-40,461.80005502948416,-0.516580545152934,0.16753091451557145,-0.7566791870729317,0.0009612043263431125,-0.24826987138282575,-0.0022403255347678286,1,0.5962662878297407,0.0,234.13713534683248,1.2500633313154063e-38,0.03149446726426053,-0.035977541851712425,0.66439887832428,-0.07118950958027342,0.08159445099468043,0.3107098583808745
1.9,2.1532703941072078,1.163782970290236,0.40808081655896317,0,0.0,0.0,47.09577973681174,391.8358636797339,0.2990084485831117,0.005870917002785914,-0.6287453243901815,0.004084970677524058,0.7681255476076776,0.0007374516997552538,0,0.0,0.0,302.96809003656966,798.5240344936237,0.17564325206115639,-0.02242594873710213,-0.7607234790092592,0.0036551925301220867,0.7551451056402425,0.35267454843267015,0,0.0,0.0,4.263081133240344,548.0400204639002,0.045859930945102434,-0.00461772748493261,-0.03406511940551371,0.3474512367215342,0.18447247808201572,-0.029317279672683966,1,3.844062235477324,0.0,1052.4195570663637,9.45193606610431,0.7816224764964701,-0.18122756505954402,1.328838933165212,0.033561417344744354,-0.27541638452441464,-0.2939906701552709,1,2.7775741185882645,0.0,9.685508240958552e-41,426.15738743518483,-0.5238365659543474,0.17093058506161563,-0.7572099870113012,0.0009898695126336898,-0.23421763835860165,-0.002226608841953359,1,1.1123506191477233,0.0,235.10822416826696,9.723259596987755e-39,0.030432501880553797,-0.03947801429344788,0.6657913573749001,-0.07164511966810534,0.08164159589060849,0.31034346949426966
1.905,2.1532879208570526,1.1636972737850046,0.4080547724993064,0,0.0,0.0,45.49145006381903,386.31485545861983,0.3008664095439151,0.005833361942608195,-0.6480588273477825,0.004094737316102548,0.7708930049453542,0.0007491772196376034,0,0.0,0.0,296.62420929283655,763.2254383228554,0.17740598668650298,-0.024811063374705622,-0.7645925218877434,0.0035645266488927296,0.6885403730939186,0.33567612185936385,0,0.0,0.0,3.315915562285859,573.8023972675719,0.040954009629707855,-0.0045470579074874395,-0.12914308572996225,0.34557457254049134,0.25203735538502947,-0.025952890197553827,1,3.7565829582322667,0.0,1031.141196039084,8.548386585083348,0.7788654541088396,-0.18281264204184172,1.3262818673984773,0.0326812912458945,-0.2762764819782131,-0.3017293299984348,1,3.4680970395841006,0.0,7.533595186454017e-41,392.826593262664,-0.5300326122287593,0.1743633439441068,-0.7568390705390708,0.0010145893630918446,-0.2213038257329727,-0.0022281557987044454,1,0.9756742427173672,0.0,237.30655228703083,7.562958997519817e-39,0.02946608555887842,-0.04273529370388862,0.6669732992428383,-0.0720913806748192,0.08223869464551292,0.3102470260327416
1.91,2.153205799602288,1.163808243049296,0.4080582344549026,0,0.0,0.0,43.696475939962305,374.0206088477833,0.3021332776284702,0.005791357426264188,-0.6652893837974876,0.004102576112617051,0.7727996530245542,0.0007551704709219398,0,0.0,0.0,285.67226338290584,720.6918731081231,0.1814681613311957,-0.027069948918292397,-0.7681022420588381,0.003475661611282155,0.6170128802941321,0.3175163848414806,0,0.0,0.0,2.5791899503099733,586.4903743988901,0.03654156379541362,-0.004349799457893266,-0.21629854727327302,0.3427596538396824,0.33174974262733814,-0.022853140842277825,1,3.8702667594250846,0.0,1013.6262341185559,7.396372520377169,0.776481341924296,-0.18426314091996626,1.3239348601824656,0.03167870960229227,-0.27711260063639487,-0.30908724157083933,1,3.6161593212000427,0.0,5.859791249090534e-41,361.10060285587525,-0.5352342953613889,0.17773852389652567,-0.7559403422142508,0.0010525418267556264,-0.21058200389616055,-0.002216123787032731,1,0.9617727975633096,0.0,239.21612510906775,5.882631048530874e-39,0.028680197499328042,-0.04509124517879648,0.6677918105287481,-0.07186558992646337,0.08187309725820557,0.30951436768149665
1.915,2.1532700340305406,1.1640025950977129,0.4080211415606589,0,0.0,0.0,41.9315317023546,356.4295474777408,0.3026596828543509,0.005749662783698151,-0.6804966882882026,0.004111397443393061,0.7737010245950062,0.0007640515079305188,0,0.0,0.0,271.4090135729175,674.2460739150607,0.1875081565490606,-0.029111232709345014,-0.771267192642247,0.0033801004722847083,0.5423745517952501,0.2985435768114165,0,0.0,0.0,2.0061490332987217,587.1797386426567,0.032561631886191655,-0.004094170151998755,-0.29445122903006293,0.3389376326624268,0.41617050728943417,-0.020010687266300953,1,3.9213102829245265,0.0,1000.1489949270958,6.118501328312285,0.7744919901747251,-0.18573910396664167,1.3221902908290875,0.03077910044945273,-0.27738123728979147,-0.3157994887700155,0,0.0,0.0,4.557870795162823e-41,330.4406417040306,-0.5394150040376462,0.18073841938670565,-0.7541104606594853,0.0010707966359866372,-0.20300615268469047,-0.00219027016188017,1,0.9343509218314854,0.0,240.0062685048788,4.5756360790119126e-39,0.028087836030871838,-0.04726373884738366,0.6683903412971268,-0.07170277009761127,0.08195640896377232,0.308967019647854
1.92,2.153447028590145,1.1644039394204213,0.40807745689241426,0,0.0,0.0,40.61844244075379,334.60727281332765,0.30237906556534266,0.005711311060294377,-0.6937581222312046,0.004121610994424096,0.7734074497501806,0.000770335386318266,0,0.0,0.0,255.0287663052578,626.1794308035069,0.19519407696065993,-0.030886089866753785,-0.7740714717840416,0.0032893205025332217,0.4663747142745871,0.2790927210193169,0,0.0,0.0,1.5604255682376957,576.6549029571211,0.028984944811507596,-0.003794833281307919,-0.36346067724260056,0.3341454401409552,0.4996981308234263,-0.017433353828519793,1,3.9919820487306104,0.0,990.8320752234447,4.852217652557702,0.7731021188104421,-0.18704775738846996,1.32091818002919,0.029932182404989738,-0.2770439979657422,-0.3219839465664517,0,0.0,0.0,3.545209257859217e-41,302.1995037707505,-0.5425145333258998,0.18388859332303342,-0.7518026786520668,0.001115588832484249,-0.1989979869801497,-0.0021867658246541577,1,0.911167298823502,0.0,239.65261593246598,3.559027475092828e-39,0.02772584477099871,-0.049195693379326944,0.6686083098136406,-0.07162460236322123,0.08194489421867535,0.3082719462166881
1.925,2.1535550412011086,1.1646688962080733,0.40807748145119516,0,0.0,0.0,39.62796762231523,309.699055252952,0.301266102567153,0.0056798314386135584,-0.7052031576030178,0.004136380304855192,0.7717274808543386,0.0007765034507244417,0,0.0,0.0,237.55321205888964,578.3000287626114,0.20411876336601065,-0.03233236668381578,-0.7765325331221251,0.0032004984052967367,0.3906422998274617,0.25949728966780233,0,0.0,0.0,1.2137323367278308,554.4149430185915,0.025769206060116456,-0.00347547774723711,-0.4237695172500613,0.32840847768905934,0.578776221836566,-0.0151122620290213,1,4.071717143834381,0.0,985.6940460516925,3.774158530612969,0.7719960196865446,-0.18810959360304608,1.3200025646318783,0.02915093400122465,-0.2765573571898663,-0.32716361864808907,1,2.7069957561672915,0.0,2.7575394843024974e-41,276.56725541893127,-0.5445222908376968,0.18686358041748963,-0.748942611098903,0.0011679449561023958,-0.198378808933507,-0.0021974091688299335,1,0.7350691728189901,0.0,238.34900862064563,2.7682875888156174e-39,0.027411063747251774,-0.050572414876158156,0.6689010264629875,-0.07148675952088278,0.08208861843263504,0.30760339938590336
1.93,2.153551288369723,1.1649116748683561,0.4081034399247479,0,0.0,0.0,38.84311100594635,282.88527878973616,0.2993684648473689,0.005649896437204482,-0.714939966150596,0.004147457729586523,0.768453582336009,0.0007843843768269854,0,0.0,0.0,219.8252097835048,532.7660506619443,0.21382604488738277,-0.03344186509639746,-0.7786327526832151,0.003115489308392283,0.31663650418536005,0.24005577419746976,0,0.0,0.0,0.9440669361003442,519.002282375097,0.022858233147407425,-0.0031663347543872122,-0.4760460259819481,0.3218421366839566,0.651456651892055,-0.013035318825928066,1,4.038880365637674,0.0,984.590321654114,2.9356211188692662,0.771346694446217,-0.18887841237636632,1.319445378801091,0.028470141165456347,-0.2758718025682083,-0.3314711385949529,1,2.877537238492863,0.0,2.1448731102769903e-41,253.28242408251793,-0.5453666449920724,0.18962241994205664,-0.7457524100885033,0.0012193986958187741,-0.20066659868092684,-0.0021991301048178147,0,0.0,0.0,236.3002705443293,2.1532332155403495e-39,0.027245843303107975,-0.05149527967442025,0.6689604217788105,-0.07163103649704174,0.08256984050118965,0.3070685638462739
1.935,2.1534258885680098,1.1649168840764608,0.4081481962129344,0,0.0,0.0,38.18346379410434,255.12706228752427,0.2967799730327919,0.005610670862986278,-0.7230704626991342,0.004149757187445646,0.7633402656060928,0.0007876076941829291,0,0.0,0.0,202.48969772775726,491.30850377869587,0.223739325807927,-0.03422598117285758,-0.7803566330818321,0.0030451449389593543,0.24557826759533263,0.22101365732689748,0,0.0,0.0,0.7343154276013572,474.7103470308051,0.02024148553367633,-0.0028735942130755365,-0.5210785580507828,0.31464155560943813,0.7168939563452508,-0.011191958360672188,1,4.089478207098095,0.0,987.341739094992,2.2833888093597356,0.7711147285699089,-0.18931484431118,1.319175137515475,0.027873582302351513,-0.27513463403799343,-0.3346517968332535,1,4.418629383590454,0.0,1.6683281183743246e-41,233.08826663837064,-0.5449844764701155,0.19214819639131098,-0.7422081562830711,0.0012916535623905268,-0.20535128589698748,-0.002196540286149462,1,1.0665973022137472,0.0,233.69754416532945,1.6748307868149908e-39,0.027130486845410307,-0.051620333679216146,0.6687930189537432,-0.07190839260465724,0.08298901641905942,0.3064709140423765
1.94,2.153237435873767,1.1650566813329322,0.40813581671832116,0,0.0,0.0,37.60103800077209,227.06322680567163,0.29359395137882716,0.005563552240237413,-0.7296832020087018,0.004135467708438256,0.7561698529705076,0.0007886415181444228,0,0.0,0.0,186.01548562418438,454.70276941604504,0.23316057079090724,-0.034694885615273785,-0.7817017186789139,0.0029847555028340578,0.1784197714973046,0.20258448825194017,0,0.0,0.0,0.5711662241246532,428.80884992171093,0.01787871264651164,-0.0026023502373957452,-0.5596272587245508,0.30705029060525424,0.7749128542951511,-0.009567216553034871,1,4.130750586599201,0.0,993.6767498802069,1.7760685877329883,0.7713238289052218,-0.18953960860357627,1.3193751084076224,0.027356376630639806,-0.2743413149092935,-0.33649612632000203,1,3.3246394623956297,0.0,1.297661244957738e-41,216.87427135400836,-0.5431985409667872,0.1945688076417178,-0.7384397460881109,0.0013503333770314985,-0.21187057066489023,-0.0021674527564489177,1,1.1959343684698232,0.0,230.7523223327265,1.3027191593639786e-39,0.027030281547131274,-0.05071816553208164,0.6684472577670333,-0.07214456798329734,0.08323487431084886,0.3057424236175543
1.945,2.152823205909345,1.1651325427493857,0.4081159805531435,0,0.0,0.0,37.07646955619046,199.1365789536408,0.2899126429112322,0.00554082243027898,-0.734866727404978,0.004141491507565931,0.7467668599689998,0.0007915024723514907,0,0.0,0.0,170.71262053168192,423.4628677989149,0.24143353868935957,-0.03477005793101173,-0.782754775393637,0.002930291431683496,0.1158319693468235,0.18494936928575254,0,0.0,0.0,0.5497332181478224,382.6813718501197,0.015774690997158114,-0.0023528870541111857,-0.5924977503912121,0.2993034877512899,0.8257339738965146,-0.008129523325209678,1,4.149912912797606,0.0,1003.2700141084362,1.3814640832965959,0.7718907484938888,-0.18947981537814446,1.3197789503991757,0.026890436950485458,-0.27379035143264585,-0.3371068748613718,1,2.496425422454496,0.0,1.0093486335926168e-41,204.0736447386622,-0.5399773431873716,0.19686462771335722,-0.734255411505945,0.0014296805899278175,-0.21988763896356978,-0.0021530532606356956,1,1.1699451596451595,0.0,227.70804239501564,1.0132827874518036e-39,0.026905716297378035,-0.048877380287585925,0.6678839551017657,-0.07244592776687428,0.08354690331323322,0.3050568358031104
1.95,2.1522502761761113,1.1652310853023435,0.40808135838933773,0,0.0,0.0,36.61454884783229,172.30385280207338,0.28584048358983444,0.0055289904982412375,-0.7386152593883994,0.004149452551100941,0.7350195207274892,0.0007944906477910796,0,0.0,0.0,156.79183646658538,397.7422552994462,0.24804471880584744,-0.034524806090301396,-0.7834811738786156,0.0028762218007317153,0.05817878316382963,0.16822088694479861,0,0.0,0.0,1.034151011236525,337.4514442714122,0.013938756813395514,-0.0021324480855861028,-0.6203295490798348,0.2917006285793734,0.8696989563873667,-0.006869570308905934,1,4.220842757927298,0.0,1015.8990328971964,1.074532271230854,0.7728295389592903,-0.18920952526443519,1.3204571974344765,0.026476773841563772,-0.2734438083775923,-0.336483337452644,1,2.5081775938388753,0.0,7.850929262886804e-42,193.98947887464155,-0.5352133267356585,0.19880492538278483,-0.7295369883864009,0.0015172447354167007,-0.22905626542036694,-0.0021549467340071793,1,1.2041393310828996,0.0,224.77773805774768,7.881529951915187e-40,0.026747697703785267,-0.04625301987607877,0.6670227229265266,-0.0728752525370703,0.0839805675872225,0.30446708605311185
1.955,2.1513858227306666,1.1648334780371077,0.4080003831717284,0,0.0,0.0,36.23529070983895,147.540579151779,0.2815000532829983,0.005547222971930943,-0.7408860529031029,0.004184953253448753,0.7209052259747708,0.0007995689505956027,0,0.0,0.0,144.40539746336248,377.35636105313546,0.2526573759252657,-0.03392459422284344,-0.7839440022549489,0.0028258843079481677,0.00572312909469419,0.1524976225922705,0,0.0,0.0,2.8937778952881437,294.65784590140095,0.012564244992572693,-0.0019362610837051486,-0.6437244156749573,0.28452016698196697,0.9072574698274178,-0.005757726036797375,1,4.251186704511298,0.0,1031.7859092260387,0.8357941519270359,0.7740072858343269,-0.1886954913690045,1.3212763340717522,0.026134732140843664,-0.27329579586964714,-0.33446416446218097,1,2.4508496148483294,0.0,6.106620471805153e-42,186.05122725065453,-0.5288917828533288,0.2010552483550343,-0.725287859537489,0.0016470371369323722,-0.23908585067930455,-0.002190156891452133,1,1.042358103877988,0.0,222.14495588256761,6.130422341343762e-40,0.026397489180331135,-0.04268365726970502,0.6662399990823051,-0.07309809699072568,0.08464161706916684,0.30407907559579245
1.96,2.1504482045371165,1.1645316684828309,0.407973416160763,0,0.0,0.0,35.966634884723256,126.15352758676772,0.2769856710512603,0.005523309513231323,-0.7415107871535818,0.004165242854303586,0.7044743603982957,0.0007969316528509685,0,0.0,0.0,133.64277894542653,362.429449593831,0.25511140913588903,-0.0332196411352097,-0.7839660609494659,0.0027790438097664016,-0.04161931685567066,0.13778414776071898,0,0.0,0.0,5.884609889196323,255.22544719201244,0.012072043696488954,-0.0017803484614064002,-0.663069763612026,0.2780760268090927,0.9387975602729863,-0.00479953569576827,1,4.264344369691078,0.0,1050.409323529,0.6500985434297443,0.7753886699246555,-0.188162423126708,1.3223900471913685,0.02578911175497403,-0.27327042763668774,-0.3312133167103911,1,1.550941936973606,0.0,4.7498598367141425e-42,179.79150093660706,-0.5206454056810235,0.2017494394616508,-0.7195573205075738,0.0017170254744511282,-0.24934354337363063,-0.0021430264282524814,1,1.2566926675650532,0.0,219.97046891173073,4.768373439234904e-40,0.026041600654290065,-0.038523556367053624,0.6650279461048452,-0.07328990359400087,0.0851096644435061,0.3036666482276131
1.965,2.149123491746735,1.1637474251910993,0.4079121628127756,0,0.0,0.0,35.83700714412687,108.67052702108342,0.2724039899459314,0.005547473006301262,-0.7404081577870405,0.004190471316233513,0.6859018955556444,0.0007975704619271606,0,0.0,0.0,124.54376149729372,353.02603615265014,0.255386795968926,-0.03219187683017033,-0.7837803846050857,0.002734385246918547,-0.08390648776887843,0.12414828082944498,0,0.0,0.0,9.797435934120546,220.87080783892412,0.013101000632537385,-0.0016402109939225307,-0.678884573615359,0.2725579183691992,0.9647551353330979,-0.00395338564338206,1,4.073110537715805,0.0,1071.1183778860382,0.5056605327939291,0.7768049483880968,-0.18726372149988174,1.3230892565455141,0.02539331474171941,-0.2736502055727501,-0.32698854259056553,1,3.388900348088791,0.0,3.6945424351484033e-42,175.16394957240098,-0.510912369849331,0.20302147007537408,-0.7148423423490815,0.0018708218986943081,-0.2599344774447385,-0.0021959098190321713,1,0.9755085707318271,0.0,218.31452271812768,3.708942710628478e-40,0.025434483477940972,-0.03343978698201944,0.6641402327938846,-0.0728933883479555,0.08552317259047548,0.3035128511412621
1.97,2.147670625553983,1.1626735103750685,0.40777964461119415,0,0.0,0.0,35.86690521542831,94.40508513296643,0.26781778995213934,0.00557656789810046,-0.7373752452730227,0.004207237839467748,0.6654080062687326,0.0007984623220487208,0,0.0,0.0,117.09595232010729,348.78049061055117,0.25360831020942376,-0.030962957006696934,-0.7833394536485161,0.0026800883908736917,-0.12148317296884303,0.11157107532672361,0,0.0,0.0,14.076881735619589,191.72784354638438,0.016002483847656013,-0.0015244096886587455,-0.6913972340847179,0.26817366537107584,0.9854080403768481,-0.0033917717256721214,1,4.0400926878978485,0.0,1093.2705239872196,0.3933135630122708,0.778103276975455,-0.18617794094715717,1.323481939294401,0.024916065404703702,-0.2743587596520427,-0.32177731919171093,1,2.5384435888029038,0.0,2.873694019264966e-42,172.169232542719,-0.4996240712548572,0.20399910566760582,-0.7105260930782586,0.002018781348662013,-0.27026932394592373,-0.0022006616450963024,1,1.1095537460749174,0.0,216.9614127835689,2.8848948611145993e-40,0.024733129528211162,-0.02840839967067199,0.6631898890635932,-0.07275023994775942,0.0865105956318506,0.3042371200928367
1.975,2.1461147267420206,1.1611445173727408,0.4075183567560453,0,0.0,0.0,36.06279026822992,82.7791627690709,0.26332840259964363,0.005615543908041143,-0.7322251068675729,0.004225229088338278,0.6432638417887284,0.0007954079135929493,0,0.0,0.0,111.23936240568497,349.457668288203,0.25006519546107286,-0.02954835078381235,-0.7826809095355922,0.0026320768004758355,-0.15469484426380053,0.10002671770686156,0,0.0,0.0,17.77206138845867,167.61463316781695,0.020917199767828354,-0.0014231420475775414,-0.7008460813448598,0.2650176919477685,1.0009738600137248,-0.003795330631066296,1,4.0343439867253155,0.0,1116.6061327694151,0.30592769025232647,0.7795066187030406,-0.18464682240255365,1.3233470131604044,0.024455233381449615,-0.27517713494568596,-0.31594226832268435,1,2.5459790932119697,0.0,2.2352205885618735e-42,170.34808698232067,-0.48735420319028555,0.2057088040851338,-0.708198037424596,0.0022650388381197373,-0.2803617698840193,-0.0022059760370298775,1,1.1462459037630337,0.0,215.32680074433142,2.24393284259577e-40,0.023998201933224106,-0.022898254836980048,0.6622298130404907,-0.07215667900770881,0.08700511876115469,0.30543824325775476
1.98,2.1444888772262587,1.1595636900198043,0.4072367408870181,0,0.0,0.0,36.418855151852874,73.36826182980181,0.2589989927382192,0.00566730795134146,-0.7247970392730314,0.0042457253001300654,0.6197985661130201,0.000790249306541424,0,0.0,0.0,106.85715414056038,354.6866005174858,0.24511574078466936,-0.027954768581984535,-0.7818711377809262,0.0025841003980688337,-0.18386920364338288,0.0894916424876715,0,0.0,0.0,20.710111719178876,148.37722328144372,0.0277267863841808,-0.0013346063129030528,-0.7073997268160426,0.26313987548629136,1.0115634803364801,-0.005974603761465788,1,3.965753678028841,0.0,1140.4829649981089,0.23795709190990572,0.7809296492839888,-0.1830787402032789,1.3232626916640076,0.023958401237608007,-0.2760646753629623,-0.3093029865836986,1,2.5286372649427595,0.0,1.7386023167521576e-42,169.34424198134099,-0.47394531726354017,0.2069511505177859,-0.7062619261309091,0.0025310888777808627,-0.2902606614361407,-0.0022112640087683655,1,1.1782437576179612,0.0,212.68838679005586,1.7453788940282338e-40,0.023241168617140318,-0.017180429720567436,0.6612374854291885,-0.07128300781452031,0.08694673619426752,0.3072011374400091
1.985,2.1428233904703933,1.1579948802174038,0.4069403804657263,0,0.0,0.0,36.91809812238143,65.85926226483329,0.2548908406860465,0.005731833943304787,-0.7149670591057802,0.0042683647925922386,0.595368589122578,0.0007827446669528837,0,0.0,0.0,103.79651208018265,363.6464007922708,0.23919701949214955,-0.026211307449568455,-0.780973997839896,0.002536853453269705,-0.20934250192668014,0.0800179369401457,0,0.0,0.0,23.200886991237514,133.81155469299864,0.03620059574787193,-0.001256015013148759,-0.7112159896946126,0.26274510735186,1.017178112249142,-0.010438983815938274,1,3.9170307437182736,0.0,1164.2798504860868,0.18508810870803052,0.7823431749795853,-0.18147489735525318,1.3230450722000735,0.02337215686815558,-0.2771155952754025,-0.30231282347542865,1,2.5132081007173808,0.0,1.3523220174706692e-42,168.9657480716492,-0.4595794995268363,0.20771927103419063,-0.70479668678303,0.002814578351461039,-0.3001031628832038,-0.0022164538578905435,1,1.2149199624504934,0.0,208.46926075081166,1.3575929840196201e-40,0.022501197145210927,-0.011381353135914485,0.6601820104250267,-0.07019269361352712,0.08631525208597224,0.3095171359263113
1.99,2.141140761758606,1.156482293794637,0.406632803771347,0,0.0,0.0,37.53392308833476,60.0137681447927,0.25105343425956717,0.0058082969019560005,-0.7026809791650237,0.00429209507970757,0.5703511030741024,0.0007728366766384942,0,0.0,0.0,101.89478929843199,375.91816303309304,0.23279437963624217,-0.02435530713014833,-0.7800567595280481,0.0024902173280891837,-0.23145058147206754,0.07176889427251498,0,0.0,0.0,25.829005700559225,123.27703854407339,0.04607657807694743,-0.0011853502965348817,-0.7124667284051562,0.26409126238301317,1.0177265194376859,-0.017297404242060208,1,3.8670107809484766,0.0,1187.5298887203974,0.14396548432389736,0.7837318228630682,-0.1798899849799767,1.3227360260207237,0.022705422802490133,-0.2782713469270648,-0.29512272938600237,1,2.5058419934978207,0.0,1.0518649499744326e-42,169.15946515844615,-0.44449247056024177,0.20800428200672694,-0.7038678539743355,0.00311275147056711,-0.31001483001113805,-0.0022215524655692653,1,1.2539455792069676,0.0,202.39096623565263,1.0559648203408853e-40,0.02179714800878152,-0.005585495291481335,0.6590503410381301,-0.06894554302353698,0.08514136649098925,0.3123252683297368
1.995,2.139463219207143,1.1550648776720867,0.4063184814819801,0,0.0,0.0,38.23748899667754,55.63779640844303,0.24752555420480357,0.0058959785251102015,-0.6879763663127372,0.004316306421821625,0.5451362858181841,0.000760393143049265,0,0.0,0.0,100.99855858580673,392.1377589947746,0.22642482031632838,-0.02242472625723768,-0.7791928799668768,0.0024447478544004086,-0.2505271158138922,0.06495309520892595,0,0.0,0.0,28.62135705349469,114.90937634896432,0.05709442190483083,-0.001120444504865925,-0.711327281222399,0.2672651523868448,1.013051561204212,-0.026322503628270807,1,3.81806810386786,0.0,1209.842158753553,0.11197942872337042,0.7850867233683718,-0.17834847666125658,1.3223505654218979,0.02196437908057966,-0.2795115269451569,-0.2878682133794821,1,2.503704960004566,0.0,8.181630252934287e-43,170.00821346723362,-0.42893057880011365,0.20781855508191738,-0.7035143563452941,0.003423088665402696,-0.3200493266850526,-0.00222663470549489,1,1.2978132650439627,0.0,194.81899194103607,8.213519920352235e-41,0.021132200671374335,0.00014570684315695637,0.6578250985055252,-0.06761064654030563,0.08347916893690233,0.31551913536625303
