t_ms,threat,lf_depress,lf_levate,lf_tibia_ext,lf_tibia_flex,lm_depress,lm_levate,lm_tibia_ext,lm_tibia_flex,lh_depress,lh_levate,lh_tibia_ext,lh_tibia_flex,rf_depress,rf_levate,rf_tibia_ext,rf_tibia_flex,rm_depress,rm_levate,rm_tibia_ext,rm_tibia_flex,rh_depress,rh_levate,rh_tibia_ext,rh_tibia_flex,joint_lf_ThC_pro,joint_lf_CTr,joint_lf_FTi,joint_lf_TiTa,stance_lf,foot_h_lf,joint_lm_ThC_pro,joint_lm_CTr,joint_lm_FTi,joint_lm_TiTa,stance_lm,foot_h_lm,joint_lh_ThC_pro,joint_lh_CTr,joint_lh_FTi,joint_lh_TiTa,stance_lh,foot_h_lh,joint_rf_ThC_pro,joint_rf_CTr,joint_rf_FTi,joint_rf_TiTa,stance_rf,foot_h_rf,joint_rm_ThC_pro,joint_rm_CTr,joint_rm_FTi,joint_rm_TiTa,stance_rm,foot_h_rm,joint_rh_ThC_pro,joint_rh_CTr,joint_rh_FTi,joint_rh_TiTa,stance_rh,foot_h_rh,head_yaw,head_roll,thorax_z_mm,thorax_up
25.0,0,0.000,0.000,0.000,0.000,0.000,0.000,0.000,0.000,0.000,0.000,0.000,0.000,0.000,0.000,0.000,0.000,0.000,0.000,0.000,0.000,0.000,0.000,0.000,0.000,0.0000,0.0000,0.0000,0.0000,0,0.00000,0.0000,0.0000,0.0000,0.0000,0,0.00000,0.0000,0.0000,0.0000,0.0000,0,0.00000,0.0000,0.0000,0.0000,0.0000,0,0.00000,0.0000,0.0000,0.0000,0.0000,0,0.00000,0.0000,0.0000,0.0000,0.0000,0,0.00000,0.0000,0.0000,0.0000,1.000
58.0,0,0.000,0.000,0.000,0.000,0.000,0.000,0.000,0.000,0.000,0.000,0.000,0.000,1.020,0.000,0.000,0.000,0.778,0.000,0.000,0.136,0.000,0.000,0.000,0.000,-0.0124,0.0657,0.0072,-0.0074,1,0.05689,0.0078,0.1096,0.0272,-0.0152,1,0.05638,-0.1304,0.1866,-0.0016,0.0012,1,0.07965,0.0033,0.0473,0.0244,-0.0022,1,0.05820,0.0164,0.0821,0.0176,-0.0192,1,0.05611,-0.1262,0.1764,0.0022,-0.0036,1,0.07992,0.0002,0.0003,0.9856,1.000
92.0,0,0.000,5.344,0.000,0.051,0.000,11.355,2.245,7.746,0.714,2.509,5.354,6.331,0.917,2.150,0.000,0.849,0.215,10.179,7.626,5.626,1.048,5.956,0.000,4.980,-0.0487,0.2557,-0.0288,-0.0287,1,0.03583,0.1152,0.3478,0.2354,-0.0477,1,0.04285,-0.1544,0.3637,0.0855,0.1417,1,0.06886,0.0600,0.2186,-0.0096,-0.0179,1,0.03180,0.0307,0.3415,0.1165,-0.0297,1,0.04020,-0.2736,0.3350,0.1400,0.0597,1,0.06762,-0.0003,0.0005,0.6834,0.999
121.5,0,0.000,18.487,0.000,3.300,0.000,23.906,0.514,24.065,2.658,22.995,2.025,12.255,6.531,19.614,1.001,6.728,0.049,24.428,10.909,18.939,1.766,31.157,0.000,18.949,-0.1024,0.4397,0.1149,-0.0129,0,0.04314,0.2467,0.5892,0.5676,-0.0723,1,0.04283,-0.1317,0.5942,0.2949,0.2332,1,0.06970,-0.0984,0.4016,0.1186,-0.0102,1,0.03841,0.0169,0.5832,0.3823,0.0204,1,0.04716,-0.4056,0.5587,0.5244,0.1555,1,0.07198,0.0655,0.0006,0.6689,0.998
151.5,0,0.000,33.332,0.000,8.804,0.000,14.665,0.115,20.406,0.666,49.183,0.452,38.719,8.009,10.659,0.223,9.469,0.011,6.105,2.434,11.760,0.467,54.483,0.000,26.929,-0.0759,0.6215,0.3706,-0.0126,1,0.05004,0.3343,0.7430,0.7402,-0.0891,1,0.03941,-0.1940,0.8261,0.5480,0.2335,1,0.06395,-0.2445,0.5343,0.3058,-0.0295,1,0.04555,-0.0896,0.6913,0.5226,0.0173,1,0.04528,-0.5166,0.7337,0.7904,0.1827,1,0.06954,0.1115,0.0005,0.6676,0.999
184.0,0,0.000,16.033,0.000,6.755,0.000,17.365,0.023,11.286,0.131,60.241,0.089,56.156,5.950,5.067,0.044,10.054,0.002,1.202,1.729,5.670,0.092,47.570,0.000,17.428,-0.0323,0.6995,0.5561,-0.0148,1,0.05705,0.3153,0.8428,0.8131,-0.0877,1,0.04182,-0.3064,0.9547,0.7406,0.1456,1,0.05861,-0.3217,0.4984,0.4705,-0.0802,0,0.05487,-0.2705,0.6355,0.5644,-0.0195,1,0.04532,-0.5696,0.8042,0.9118,0.1732,1,0.07142,0.1429,0.0003,0.7265,0.994
217.0,0,0.000,17.107,0.000,1.539,0.000,20.010,29.722,2.424,0.025,58.190,0.017,53.205,4.193,20.042,4.334,2.643,0.000,0.231,27.898,1.468,0.018,24.584,0.000,5.161,0.0243,0.7271,0.5236,-0.0112,1,0.05438,0.2274,0.8935,0.6881,0.0024,1,0.04147,-0.3755,0.9946,0.8765,0.0420,0,0.05718,-0.3167,0.5524,0.5137,-0.0441,1,0.06067,-0.3317,0.4809,0.4160,-0.0449,1,0.04461,-0.5586,0.8351,0.8942,0.2826,1,0.07337,0.1340,0.0000,0.6923,0.984
250.5,0,0.000,6.687,0.000,0.776,0.000,10.803,62.049,0.724,0.005,35.721,0.003,33.431,6.359,14.869,33.029,1.475,2.081,5.841,19.814,11.422,1.021,26.421,11.819,3.362,0.1276,0.6788,0.3721,-0.0009,0,0.05004,0.2026,0.7885,0.3090,0.0811,1,0.04844,-0.3813,0.9671,0.9639,-0.0184,1,0.05319,-0.1209,0.5946,0.2958,0.0279,0,0.32007,-0.2610,0.3931,0.3987,-0.0634,1,0.04502,-0.3914,0.7884,0.7251,0.3608,0,0.11031,0.0908,-0.0003,0.6481,0.962
284.0,0,0.137,1.252,0.000,0.581,2.187,2.738,67.650,1.282,0.001,25.943,0.001,11.089,5.798,3.337,8.059,0.694,2.931,1.094,3.711,9.788,0.549,24.973,10.687,1.427,0.1388,0.5876,0.2175,-0.0075,1,0.04321,0.1670,0.6125,-0.0179,0.0648,1,0.04371,-0.3765,0.9536,0.9643,-0.0438,1,0.05223,-0.0331,0.4714,0.1024,0.0606,0,0.46818,-0.1262,0.3029,0.4759,-0.0768,1,0.04745,-0.1439,0.7540,0.4474,0.3156,0,0.23862,0.0535,-0.0007,0.6519,0.943
317.0,0,0.226,0.241,0.000,2.069,0.420,0.526,58.976,1.651,0.000,27.797,0.000,3.654,3.509,1.428,1.548,2.878,0.563,0.210,0.713,10.588,2.410,14.564,13.845,4.400,0.0214,0.4756,0.1544,-0.0043,1,0.04086,0.0989,0.3950,-0.1768,0.0280,1,0.03990,-0.3324,0.9408,0.8447,-0.0382,1,0.05824,-0.0564,0.2393,0.1489,0.0520,0,0.16699,-0.0127,0.2674,0.5530,-0.0931,1,0.04572,0.0854,0.7126,0.3471,0.2133,1,0.08354,0.0306,-0.0008,0.7217,0.962
350.5,0,0.809,0.045,0.000,2.863,0.079,0.203,26.008,1.841,1.626,16.924,1.023,1.541,3.078,1.343,0.290,2.923,0.105,0.039,0.134,5.969,0.527,8.916,15.785,8.366,-0.0750,0.3603,0.1703,-0.0236,1,0.04007,0.0493,0.2619,-0.1944,-0.0099,0,0.04245,-0.2573,0.9088,0.6387,0.0122,1,0.06663,-0.0560,0.0764,0.2643,0.0232,1,0.06754,0.0226,0.1979,0.5576,-0.0758,1,0.05376,0.1604,0.7520,0.4159,0.0791,1,0.07592,0.0182,-0.0008,0.8602,0.958
384.0,0,0.517,0.008,0.000,1.128,2.901,0.095,13.074,9.050,8.646,13.598,11.405,5.442,0.908,2.512,0.054,1.352,2.354,0.007,2.298,3.388,0.099,4.064,10.759,5.063,-0.1005,0.2256,0.1903,-0.0278,1,0.05078,0.0340,0.1713,0.0161,-0.0491,1,0.04783,-0.2289,0.8481,0.5283,0.0776,0,0.07777,-0.0309,0.0795,0.2929,0.0181,0,0.14858,0.0304,0.1226,0.4585,-0.0351,1,0.06034,0.1262,0.7426,0.4382,0.0028,1,0.07303,0.0116,-0.0006,0.9824,0.966
417.0,0,0.161,0.002,1.103,0.356,2.498,0.969,9.434,11.254,5.609,8.556,10.465,11.671,0.713,2.905,6.073,1.502,2.521,0.727,12.497,5.680,0.019,2.494,9.172,2.669,-0.1468,0.1478,0.1565,-0.0214,1,0.06443,0.1053,0.1216,0.2636,-0.0390,1,0.06799,-0.2101,0.7789,0.5521,0.1421,1,0.08225,0.0453,0.1500,0.2382,0.0476,0,0.29649,0.0516,0.0974,0.3483,0.0602,1,0.07118,-0.0314,0.6620,0.3946,0.0206,1,0.07812,0.0072,-0.0003,1.0530,0.980
450.5,0,2.171,6.457,6.281,2.876,13.959,21.762,36.173,29.561,16.944,23.992,25.695,36.077,2.752,4.796,17.659,4.888,1.478,19.852,28.182,31.313,4.405,6.848,21.697,8.298,-0.1775,0.2597,0.1544,-0.0291,1,0.05230,0.1165,0.2793,0.5219,0.0465,1,0.05741,-0.2721,0.7480,0.6818,0.2286,1,0.07705,0.2267,0.2009,0.2387,0.0855,0,0.14016,0.0420,0.4471,0.5635,0.0657,1,0.05373,-0.2815,0.5934,0.3878,0.1196,1,0.07834,0.0028,0.0367,0.9115,0.998
484.0,0,0.478,2.309,1.429,0.867,7.592,15.391,42.847,19.489,10.806,14.243,6.571,21.857,2.074,1.166,8.929,3.633,0.277,9.254,7.132,44.983,5.199,2.818,15.687,11.987,-0.0743,0.3059,0.1580,0.0256,1,0.05591,0.0757,0.4893,0.6559,0.1474,1,0.06221,-0.3175,0.6872,0.7692,0.2804,1,0.07781,0.3697,0.1904,0.2754,0.0705,1,0.06083,0.0409,0.6829,0.7870,0.0195,1,0.05690,-0.4270,0.4220,0.5115,0.1441,1,0.08225,-0.0008,0.0497,0.8458,0.994
517.0,0,0.092,0.502,0.274,0.228,5.646,5.426,31.729,9.988,7.423,11.452,16.411,10.422,2.346,0.224,7.662,4.246,2.289,2.477,3.538,31.243,6.250,1.153,14.494,13.017,0.0501,0.2240,0.1175,0.0579,1,0.06157,0.0678,0.5092,0.6593,0.1936,1,0.07206,-0.3150,0.6360,0.7863,0.3143,1,0.08543,0.3945,0.0886,0.3301,0.0339,1,0.06681,0.0496,0.6370,0.9356,0.0135,1,0.06809,-0.4600,0.1849,0.5839,0.1004,1,0.08625,-0.0008,0.0349,0.9328,0.993
550.5,0,0.017,0.094,0.051,0.043,5.239,1.683,49.460,3.069,4.194,6.033,13.644,4.089,0.811,0.238,1.979,3.407,6.546,1.149,36.412,14.473,3.453,7.623,14.534,6.825,0.0946,0.1143,0.0724,0.0492,0,0.10343,0.0578,0.3440,0.4901,0.2652,1,0.08505,-0.2439,0.5274,0.6886,0.3705,1,0.09507,0.3114,-0.0113,0.3513,0.0208,1,0.07973,0.0735,0.3956,0.9880,0.0619,1,0.08803,-0.3582,0.1785,0.6836,0.1408,1,0.09720,0.0011,0.0924,1.0987,0.993
584.0,0,0.711,0.018,0.010,0.008,1.943,0.315,45.224,3.829,1.965,5.347,16.662,7.814,0.215,0.275,0.371,1.084,24.430,0.215,96.351,4.473,5.339,19.056,20.821,2.042,-0.0353,0.0288,0.0359,0.0280,1,0.08004,0.0284,0.1872,0.2944,0.3558,1,0.09292,-0.2089,0.4580,0.6229,0.4115,1,0.09847,0.1986,-0.0717,0.2613,0.0151,1,0.12125,0.0977,0.0665,0.8643,0.2063,1,0.09945,-0.1218,0.3571,0.5962,0.2023,0,0.10711,0.0020,0.1184,1.2367,0.996
617.0,0,1.383,0.003,0.281,0.926,8.112,0.345,42.588,12.987,14.835,9.922,11.936,30.847,0.919,4.598,2.375,7.344,18.959,0.041,91.003,1.024,5.819,14.048,28.932,4.112,-0.1566,-0.0575,-0.0050,0.0119,1,0.12936,-0.0326,0.0752,0.4158,0.3864,1,0.09910,-0.2952,0.3299,0.8273,0.4328,1,0.09767,0.0559,0.0790,0.4032,0.0266,0,0.24445,0.1058,-0.2085,0.4513,0.3426,1,0.10512,0.0885,0.5154,0.4116,0.2085,1,0.10218,0.0014,0.0891,1.3501,0.998
650.5,0,0.918,0.001,0.293,1.083,9.857,0.214,14.985,25.490,12.373,3.027,2.236,42.136,0.172,2.475,0.445,10.213,7.038,0.008,30.299,4.751,5.964,6.805,41.988,7.411,-0.1891,-0.0955,0.0087,0.0482,1,0.12504,-0.0828,0.0140,0.6659,0.3496,1,0.10032,-0.4050,0.0847,0.9590,0.4285,1,0.08891,0.0241,0.1815,0.6145,0.0383,0,0.25224,0.1286,-0.2882,0.2207,0.3602,1,0.09980,0.1793,0.5555,0.2987,0.1423,1,0.09349,0.0004,-0.0193,1.3577,0.991
684.0,0,1.721,0.755,1.334,1.212,16.339,3.633,36.366,26.086,4.528,4.306,0.419,27.439,0.289,14.996,13.142,8.118,2.792,0.330,5.915,21.010,4.908,2.581,38.677,9.634,-0.0806,-0.0911,0.0715,0.0676,1,0.09733,-0.1722,-0.0032,0.7439,0.3029,1,0.09086,-0.4321,0.0404,0.9650,0.3954,1,0.08647,0.2226,0.4081,0.6787,0.1135,0,0.53010,0.1645,-0.2133,0.4192,0.2562,1,0.09991,0.1628,0.5084,0.3174,0.1469,1,0.09095,0.0001,-0.0760,1.3073,0.996
717.0,0,10.223,9.731,5.025,7.595,34.610,24.982,101.169,36.808,26.802,41.374,38.542,42.894,0.056,14.036,24.203,7.034,2.453,0.063,1.136,43.859,4.674,1.691,16.772,10.318,0.2260,0.0381,0.3179,0.0882,0,0.20491,-0.3198,0.1432,0.7444,0.2728,1,0.08693,-0.3207,0.2112,1.0683,0.4377,0,0.09800,0.4023,0.5787,0.6185,0.1898,0,0.87290,0.2254,-0.1583,0.7322,0.1726,1,0.10502,0.0624,0.4058,0.4360,0.2338,1,0.09479,0.0020,-0.0648,1.2509,0.990
750.5,0,5.072,2.687,1.991,2.610,10.653,14.053,98.413,12.040,15.809,20.812,11.199,26.015,0.010,3.531,11.955,3.897,4.785,0.012,9.801,35.355,3.721,0.476,3.428,12.994,0.4009,0.0672,0.4194,0.0748,0,0.16439,-0.4001,0.3626,0.6941,0.2789,1,0.08358,-0.2478,0.3409,1.0977,0.4602,0,0.12721,0.4527,0.5800,0.5038,0.1875,0,0.97042,0.2718,-0.2014,0.9699,0.1055,1,0.10825,-0.0785,0.2367,0.6063,0.2811,1,0.09964,0.0060,-0.0383,1.1533,0.951
784.0,0,2.168,0.503,0.373,0.489,3.561,4.215,63.199,2.765,13.175,5.811,10.088,7.297,0.914,1.417,3.380,2.654,14.057,0.543,63.410,10.731,4.395,0.089,5.749,9.335,0.4011,0.0150,0.3273,0.0444,1,0.08254,-0.3536,0.4116,0.4927,0.3384,1,0.08801,-0.1483,0.2286,1.0162,0.4633,0,0.10557,0.3583,0.4204,0.4116,0.1274,0,0.79209,0.2827,-0.3678,1.0256,0.1306,1,0.11062,-0.2116,0.0744,0.7259,0.2997,1,0.10349,0.0097,-0.0194,1.1294,0.930
817.0,0,0.481,0.097,0.072,0.094,9.568,2.355,52.639,1.074,10.601,3.537,21.268,7.624,7.547,1.906,3.253,1.271,21.107,0.104,79.710,2.768,2.023,0.017,2.072,6.774,0.3235,-0.0215,0.1759,0.0154,1,0.08960,-0.1930,0.2002,0.1976,0.4118,1,0.09478,-0.0510,0.0361,0.8934,0.4943,1,0.07717,0.1934,0.1312,0.3120,0.0694,0,0.29337,0.2736,-0.4984,0.8565,0.2654,1,0.10270,-0.2607,-0.0187,0.7651,0.3052,1,0.10442,0.0096,-0.0090,1.1827,0.967
850.5,0,0.090,0.710,3.249,0.018,8.671,1.828,46.705,0.974,4.516,2.869,8.325,17.979,3.322,0.717,3.356,0.238,20.635,0.020,19.768,0.518,0.379,0.003,3.516,2.835,0.1963,-0.0080,0.0589,0.0054,0,0.25831,-0.0192,-0.0557,-0.0331,0.4339,1,0.09634,0.0017,-0.0375,0.8871,0.4686,1,0.08878,0.0954,-0.0419,0.1598,0.0239,1,0.08703,0.2512,-0.5492,0.6026,0.3987,1,0.08714,-0.2571,-0.0102,0.7654,0.3604,1,0.10146,0.0046,-0.0036,1.2788,0.991
884.0,0,0.017,4.059,7.242,1.135,11.661,9.837,46.523,8.784,4.440,14.406,1.559,29.138,0.857,0.134,9.539,0.353,14.121,0.208,13.328,0.610,0.905,2.016,17.139,4.052,0.1581,0.1317,0.0382,0.0039,0,0.61385,0.1086,-0.1216,0.0297,0.3328,1,0.10626,-0.1039,0.1260,1.0262,0.4395,0,0.16198,0.0516,-0.1218,0.0407,0.0013,1,0.10469,0.2181,-0.5335,0.4480,0.4791,1,0.08015,-0.2204,0.0780,0.7395,0.4641,1,0.09219,0.0007,-0.0011,1.3409,0.998
917.0,0,3.210,1.550,6.718,3.640,15.525,5.177,34.613,26.473,4.159,12.785,0.299,31.211,1.119,3.521,40.515,1.160,20.347,1.372,32.301,17.031,4.024,5.142,16.255,4.833,0.2572,0.1231,0.1597,0.0253,0,0.67532,0.1535,-0.0934,0.3464,0.2067,1,0.09814,-0.3051,0.3383,1.1071,0.3489,0,0.15620,-0.0527,-0.0040,-0.0751,-0.0499,0,0.41033,0.1520,-0.4475,0.6080,0.4187,1,0.09645,-0.2380,0.1937,0.6627,0.5018,1,0.09247,-0.0010,-0.0000,1.3674,1.000
950.5,0,53.337,0.349,3.320,11.079,31.898,5.029,74.377,30.618,20.218,4.684,0.056,41.805,2.394,1.297,52.452,1.916,31.741,0.818,8.074,24.693,9.402,1.263,23.931,4.375,0.3304,-0.3279,0.4555,0.0504,1,0.10305,0.0247,-0.1215,0.5482,0.2410,1,0.10468,-0.4106,0.1713,1.1417,0.2948,0,0.19267,-0.3257,0.0431,-0.1655,-0.1143,0,0.57271,0.0827,-0.4114,0.7406,0.2827,1,0.11118,-0.2531,0.0966,0.5346,0.5142,1,0.09505,0.0008,0.0002,1.4259,0.994
984.0,0,44.704,0.065,0.622,21.005,49.964,2.133,49.876,19.060,51.236,1.389,0.011,55.827,5.358,0.243,51.944,3.670,56.927,0.153,94.135,7.719,16.292,0.237,32.129,7.951,0.2483,-0.5273,0.6072,-0.0011,1,0.11058,-0.2042,-0.2414,0.6319,0.2788,1,0.11081,-0.3513,-0.3140,1.1556,0.2534,0,0.36728,-0.4947,-0.0877,-0.2046,-0.1764,0,0.65765,-0.0392,-0.4715,0.6957,0.2183,1,0.11443,-0.2972,-0.0861,0.4179,0.4415,1,0.09765,0.0030,-0.0000,1.5597,0.971
1017.0,0,34.182,0.013,0.119,24.232,46.591,0.410,77.429,8.196,54.804,0.267,0.002,63.055,12.833,0.047,57.188,5.303,70.047,0.029,156.814,7.190,11.670,0.045,13.231,28.616,0.0238,-0.6265,0.6058,-0.0729,1,0.18629,-0.3048,-0.3240,0.6463,0.3475,1,0.11274,-0.1455,-0.5900,1.1613,0.2340,0,0.65563,-0.5607,-0.2998,-0.2072,-0.2208,0,0.75299,-0.2686,-0.5667,0.4874,0.2368,1,0.11297,-0.3255,-0.1649,0.5399,0.3064,1,0.10098,0.0063,-0.0004,1.6288,0.903
1050.5,0,55.815,0.002,0.022,23.755,38.596,0.077,32.924,4.645,55.365,0.050,0.000,40.783,13.605,0.009,59.682,5.946,68.759,0.006,170.338,7.297,9.121,0.009,2.478,43.698,-0.0843,-0.7304,0.5174,-0.1275,0,0.21674,-0.1898,-0.3952,0.5855,0.4633,1,0.09051,0.0565,-0.7031,1.1574,0.2160,0,0.81189,-0.5848,-0.4543,-0.2060,-0.2468,0,0.92097,-0.4084,-0.6649,0.2226,0.2673,1,0.10662,-0.3155,-0.1830,0.7237,0.2570,1,0.10350,0.0113,-0.0011,1.4355,0.756
1084.0,0,36.017,0.000,0.004,27.350,39.165,0.014,6.167,8.219,59.606,0.009,0.000,45.902,27.056,0.002,66.125,6.442,66.993,0.001,172.310,7.874,9.595,0.002,0.464,50.021,-0.3826,-0.7564,0.8354,-0.0327,0,0.22013,-0.0283,-0.5361,0.4781,0.4545,1,0.06744,0.1419,-0.6505,1.1210,0.1364,1,0.82181,-0.5919,-0.5845,-0.2117,-0.2602,0,0.97319,-0.4681,-0.7534,0.0048,0.2602,1,0.10093,-0.2072,-0.3006,0.7507,0.2091,1,0.13015,0.0204,-0.0023,1.3490,0.675
1117.0,0,25.182,0.000,0.001,25.359,42.274,0.596,1.184,30.453,50.817,0.002,0.000,52.845,31.114,0.000,73.441,6.681,58.647,0.000,142.265,7.330,10.540,0.000,0.089,53.818,-0.4372,-0.7424,0.9400,0.0551,0,0.33663,0.1940,-0.5315,0.6591,0.4178,1,0.09445,0.1394,-0.6585,1.1232,0.0770,1,0.78364,-0.5925,-0.6610,-0.2221,-0.2582,0,0.91337,-0.4717,-0.7761,-0.0637,0.2295,1,0.09638,-0.1591,-0.3854,0.7354,0.1837,1,0.18351,0.0233,-0.0029,1.1103,0.609
1150.5,0,19.250,0.000,0.000,30.072,42.330,1.831,0.222,39.979,46.926,0.000,0.000,48.518,28.378,0.000,69.932,6.700,45.784,0.000,153.783,5.465,4.278,3.277,0.017,45.553,-0.4525,-0.6813,0.9599,0.1832,1,0.38533,0.3545,-0.5153,0.7955,0.3826,1,0.13690,0.1020,-0.6911,1.0949,0.0652,1,0.75615,-0.5901,-0.6873,-0.2280,-0.2561,0,0.92711,-0.4612,-0.7946,-0.0849,0.1795,1,0.09172,-0.1207,-0.3741,0.7451,0.1820,1,0.20866,0.0268,-0.0033,0.9253,0.529
1184.0,0,13.977,0.000,0.000,37.846,44.212,1.375,0.042,29.208,54.258,0.000,0.000,51.975,14.698,0.000,70.993,6.796,55.089,0.000,164.169,2.820,0.868,7.535,0.003,31.303,-0.4911,-0.6208,0.9491,0.2651,1,0.39166,0.3925,-0.4834,0.8290,0.3460,1,0.14326,0.0542,-0.6893,1.0795,0.0520,1,0.75003,-0.5865,-0.6703,-0.2294,-0.2601,0,1.02423,-0.4693,-0.8280,-0.1019,0.1430,1,0.09023,-0.0230,-0.1686,0.8958,0.2522,0,0.21379,0.0279,-0.0034,0.8804,0.468
1217.0,0,8.760,0.000,0.000,40.073,27.303,2.116,24.547,14.719,48.031,0.000,0.000,58.503,6.083,0.000,75.688,6.476,65.598,0.000,162.387,0.678,0.167,7.246,0.001,41.973,-0.4993,-0.5527,0.9550,0.3117,1,0.37604,0.3348,-0.4241,0.8276,0.3363,1,0.12005,0.0091,-0.6514,1.0757,0.0430,1,0.76481,-0.5743,-0.5905,-0.2337,-0.2649,0,1.15459,-0.4766,-0.8766,-0.1374,0.1710,1,0.09414,0.0803,0.0559,1.0547,0.3288,0,0.28084,0.0291,-0.0036,0.8462,0.410
1250.5,0,6.972,9.523,0.000,40.758,15.828,0.848,44.429,11.388,39.030,0.000,0.000,51.805,6.896,0.000,77.156,6.131,59.578,0.000,165.120,1.232,0.031,4.913,0.000,53.137,-0.3465,-0.2784,1.0200,0.3656,0,0.27985,0.1505,-0.3880,0.7792,0.3157,1,0.10309,-0.0139,-0.6239,1.0737,0.0063,1,0.77110,-0.5507,-0.5057,-0.2399,-0.2673,0,1.28490,-0.4741,-0.9211,-0.1661,0.2284,1,0.10713,0.1070,0.1683,1.1205,0.3474,0,0.32792,0.0303,-0.0038,0.8583,0.369
1284.0,0,5.681,23.979,0.000,42.694,10.288,0.159,58.475,5.250,40.718,0.000,0.000,52.977,7.580,0.000,75.202,6.129,55.616,0.000,146.401,0.830,0.006,3.454,0.000,47.018,-0.0179,0.2177,1.0629,0.3975,0,0.20658,-0.0606,-0.3825,0.6330,0.3631,1,0.07983,-0.0405,-0.5957,1.0600,-0.0422,1,0.79163,-0.5302,-0.4646,-0.2429,-0.2683,0,1.43791,-0.4760,-0.9820,-0.2113,0.2637,1,0.13408,0.0954,0.2031,1.1450,0.3528,0,0.37449,0.0312,-0.0040,0.9320,0.341
1317.0,0,4.617,26.265,0.000,40.438,12.561,0.031,51.575,5.879,44.897,0.000,0.000,48.443,4.173,0.000,71.774,6.071,48.640,0.000,152.550,1.181,0.001,5.546,0.000,28.973,0.1952,0.5083,1.0793,0.4112,0,0.31208,-0.1551,-0.3851,0.4994,0.4067,1,0.05969,-0.0277,-0.6122,1.0503,-0.1270,1,0.79875,-0.5185,-0.4074,-0.2417,-0.2685,0,1.59683,-0.4298,-1.0378,-0.2480,0.2619,1,0.15117,0.0815,0.2291,1.1401,0.3450,0,0.42889,0.0314,-0.0041,0.9916,0.314
1350.5,0,5.134,21.426,0.000,39.089,23.909,0.006,37.763,13.215,52.409,0.000,0.000,45.258,3.169,0.000,69.462,5.800,47.363,0.000,157.059,1.434,0.000,24.470,0.000,13.064,0.3224,0.6268,1.0848,0.4182,0,0.37360,-0.0702,-0.3895,0.5651,0.4274,1,0.10097,-0.0067,-0.6628,1.0672,-0.2036,1,0.78271,-0.5165,-0.3335,-0.2394,-0.2681,0,1.60767,-0.3527,-1.0579,-0.2496,0.2267,1,0.13961,0.0880,0.4478,1.0832,0.3242,0,0.53504,0.0315,-0.0040,0.9704,0.327
1384.0,0,5.505,14.326,0.000,42.371,23.599,0.001,19.532,31.571,33.342,0.000,0.000,52.295,3.221,0.000,55.178,5.221,42.268,0.000,155.319,0.715,0.000,41.273,0.000,7.289,0.3812,0.6379,1.0890,0.4213,0,0.32434,0.1348,-0.3434,0.7657,0.3942,1,0.13487,0.0046,-0.7139,1.1051,-0.2335,1,0.75601,-0.5324,-0.2824,-0.2282,-0.2670,0,1.48627,-0.2612,-1.0373,-0.2080,0.1923,1,0.11397,0.0897,0.6345,0.9473,0.3049,0,0.72943,0.0314,-0.0041,0.8600,0.343
1417.0,0,5.456,9.846,0.000,42.529,19.707,1.059,16.137,23.695,10.569,0.000,0.000,61.050,3.338,0.000,41.681,4.157,39.008,0.000,156.495,1.260,0.000,40.151,1.160,5.301,0.4067,0.5746,1.0925,0.4211,0,0.29045,0.2710,-0.2770,0.8822,0.3659,1,0.12800,-0.0011,-0.7048,1.1303,-0.2463,1,0.74187,-0.5403,-0.2677,-0.2064,-0.2649,0,1.42891,-0.2461,-1.0157,-0.1583,0.1701,1,0.11111,0.0972,0.7168,0.7447,0.2939,0,1.03689,0.0315,-0.0041,0.7579,0.311
1450.5,0,15.261,7.010,0.000,39.542,25.143,1.557,46.535,8.483,1.980,0.000,0.000,73.641,9.960,0.000,43.726,4.316,55.826,0.000,156.739,2.467,0.000,40.430,23.169,1.502,0.4203,0.3223,1.0902,0.4196,0,0.40733,0.2935,-0.2526,0.8565,0.3699,1,0.12094,-0.0216,-0.5857,1.1606,-0.2514,1,0.74501,-0.5333,-0.3587,-0.1896,-0.2634,0,1.46711,-0.3576,-1.0128,-0.1396,0.1741,1,0.12252,0.1051,0.7479,0.4312,0.2886,0,1.47561,0.0320,-0.0042,0.7576,0.260
1484.0,0,22.599,1.358,0.000,41.845,31.617,0.607,76.903,5.121,0.371,0.000,0.000,82.384,18.133,0.000,59.024,5.286,61.360,0.000,124.096,3.109,0.000,40.818,43.666,0.281,0.3956,-0.0998,1.0879,0.4182,0,0.72954,0.2112,-0.3126,0.6170,0.4161,1,0.09153,-0.0419,-0.3895,1.1928,-0.2495,1,0.76229,-0.5356,-0.4894,-0.1935,-0.2641,0,1.64587,-0.5048,-1.0311,-0.1652,0.2084,1,0.14286,0.1040,0.7591,0.0732,0.2863,0,1.84153,-0.0234,-0.0043,0.9056,0.199
1517.0,0,15.516,0.261,0.000,44.366,35.641,0.117,76.478,3.680,4.295,0.000,0.000,84.906,28.246,0.000,75.989,6.372,50.310,0.000,109.910,3.713,0.000,41.239,36.017,0.424,0.3593,-0.3543,1.0889,0.4180,0,0.97905,0.1177,-0.4203,0.3164,0.4904,1,0.05378,-0.0386,-0.2560,1.2093,-0.2480,1,0.77961,-0.5478,-0.6021,-0.2116,-0.2660,0,1.77147,-0.6082,-1.0371,-0.1997,0.2308,1,0.14882,0.1258,0.7636,-0.1427,0.2857,0,1.93013,-0.0467,-0.1322,1.0619,0.143
1550.5,0,11.710,0.049,0.000,45.524,43.809,0.022,46.532,10.365,11.367,0.000,0.000,79.312,27.872,0.000,72.776,6.847,42.400,0.000,146.785,5.233,0.000,27.502,9.409,0.203,0.3339,-0.4305,1.0919,0.4186,0,0.94091,0.0809,-0.4618,0.3261,0.5202,1,0.08598,-0.0553,-0.2515,1.2204,-0.2445,1,0.77498,-0.5512,-0.6619,-0.2237,-0.2592,0,1.69650,-0.6476,-1.0131,-0.2096,0.2419,1,0.14023,0.1621,0.7558,-0.1863,0.2845,0,1.95228,-0.0259,-0.1948,1.0826,0.159
1584.0,0,17.474,0.009,0.000,45.466,50.268,0.004,47.268,14.815,19.962,0.000,0.000,75.145,25.080,0.000,61.737,6.356,50.544,0.000,162.336,3.535,0.000,13.729,1.762,3.728,0.3469,-0.4833,1.0947,0.4198,0,0.78270,0.1053,-0.4506,0.4867,0.4903,1,0.11216,-0.0826,-0.3510,1.2128,-0.2511,1,0.77643,-0.5627,-0.6798,-0.2226,-0.2536,0,1.56127,-0.6429,-0.9937,-0.2096,0.2529,1,0.13226,0.1876,0.7076,-0.0356,0.2821,0,1.88443,0.0003,-0.1574,1.0299,0.212
1617.0,0,13.418,0.002,0.000,46.599,50.229,0.001,50.916,18.576,32.342,0.000,0.000,65.982,21.561,0.000,69.319,6.280,56.668,0.000,155.564,0.718,0.000,7.815,0.338,14.160,0.3546,-0.5035,1.0979,0.4214,0,0.59346,0.1885,-0.4296,0.6546,0.4426,1,0.13148,-0.0761,-0.4876,1.1904,-0.2634,1,0.77249,-0.5733,-0.6779,-0.2232,-0.2567,0,1.40439,-0.5913,-0.9813,-0.2228,0.2495,1,0.11907,0.1953,0.5939,0.3024,0.2803,0,1.50420,0.0170,-0.1325,0.9482,0.281
1650.5,0,9.356,0.000,0.000,48.310,41.158,0.000,57.598,25.975,55.691,0.000,0.000,49.396,20.267,0.000,79.340,6.319,44.517,0.000,146.884,0.975,0.000,6.066,0.063,15.510,0.3055,-0.4598,1.1011,0.4225,0,0.42720,0.2579,-0.4042,0.7877,0.4098,1,0.13819,-0.0557,-0.5952,1.1688,-0.2439,1,0.76926,-0.5766,-0.6691,-0.2323,-0.2625,0,1.26787,-0.5252,-0.9651,-0.2028,0.2209,1,0.10939,0.1906,0.4551,0.5625,0.2788,0,1.06341,0.0287,-0.0872,0.8600,0.331
1684.0,0,6.979,4.488,0.000,47.642,30.061,0.000,86.827,8.332,65.520,0.000,0.000,44.497,13.723,0.000,71.417,5.552,41.863,0.000,119.820,0.380,0.000,17.739,0.012,17.704,0.2781,-0.2757,1.1035,0.4221,0,0.33477,0.2901,-0.4022,0.7720,0.4095,1,0.11244,-0.0293,-0.6649,1.1440,-0.2231,1,0.77758,-0.5752,-0.6404,-0.2387,-0.2652,0,1.25293,-0.4360,-0.9670,-0.1798,0.1965,1,0.11359,0.1745,0.4965,0.7297,0.2765,0,0.90115,0.0342,-0.0202,0.8455,0.346
1717.0,0,5.053,12.437,0.000,40.935,23.651,0.000,82.728,5.043,57.971,0.000,0.000,45.460,5.670,0.000,58.259,4.766,44.245,0.000,124.606,1.313,0.000,38.769,0.002,36.926,0.3040,0.0583,1.1013,0.4211,0,0.34380,0.2917,-0.4374,0.5895,0.4505,1,0.08428,0.0132,-0.7047,1.1123,-0.2051,1,0.79417,-0.5620,-0.5596,-0.2349,-0.2645,0,1.37314,-0.3331,-0.9976,-0.1764,0.1671,1,0.12703,0.1692,0.6335,0.9086,0.2764,0,0.82010,0.0348,0.0116,0.9496,0.352
1750.5,0,3.772,15.935,0.000,34.709,26.728,0.000,66.426,8.498,53.944,0.000,0.000,29.302,4.120,0.000,52.745,4.355,46.520,0.000,140.432,2.674,0.000,16.391,0.000,47.929,0.3512,0.3566,1.0929,0.4211,0,0.44406,0.2745,-0.4652,0.4900,0.4817,1,0.08561,0.0345,-0.7125,1.0869,-0.2071,1,0.79117,-0.5338,-0.4475,-0.2256,-0.2632,0,1.48067,-0.3064,-1.0251,-0.1816,0.1347,1,0.13552,0.1629,0.6815,1.0398,0.3011,0,0.71057,0.0333,0.0130,1.0077,0.355
1784.0,0,5.053,17.473,0.000,38.257,29.674,0.000,45.420,9.661,66.357,0.000,2.601,34.414,7.407,0.000,63.086,4.471,56.596,0.000,147.444,2.621,0.568,5.838,0.000,49.657,0.3980,0.5189,1.0868,0.4223,0,0.55075,0.2290,-0.4689,0.4944,0.4743,1,0.09276,0.0176,-0.7003,1.0799,-0.2056,1,0.79159,-0.5258,-0.4196,-0.2265,-0.2564,0,1.51944,-0.3867,-1.0221,-0.1951,0.1382,1,0.13395,0.1522,0.6007,1.1057,0.3277,0,0.59623,0.0324,0.0064,1.0138,0.349
1817.0,0,5.999,9.751,0.000,44.895,29.517,0.382,50.132,11.831,59.999,0.000,0.500,53.251,15.141,0.000,77.391,5.614,61.798,0.000,85.914,0.608,5.389,1.121,0.000,47.469,0.4205,0.5298,1.0910,0.4227,0,0.57977,0.1667,-0.4569,0.5581,0.4324,1,0.10214,-0.0054,-0.6800,1.0759,-0.1786,1,0.79488,-0.5498,-0.4877,-0.2359,-0.2467,0,1.47614,-0.4682,-1.0052,-0.2142,0.1771,1,0.12903,0.1498,0.3321,1.1350,0.3406,0,0.45373,0.0318,0.0013,0.9905,0.342
1850.5,0,5.496,3.619,0.000,46.151,14.933,0.729,13.269,29.158,28.867,0.000,0.094,48.445,12.326,0.000,74.207,6.016,47.869,0.000,54.603,0.114,2.792,0.210,0.000,49.186,0.4389,0.3990,1.0972,0.4210,0,0.46831,0.1830,-0.3729,0.7593,0.3509,1,0.12195,-0.0436,-0.6637,1.0828,-0.1285,1,0.78447,-0.5673,-0.5369,-0.2405,-0.2488,0,1.35922,-0.5032,-0.9733,-0.1958,0.2232,1,0.11535,0.1584,0.0723,1.1476,0.3457,0,0.31753,0.0314,-0.0017,0.8744,0.336
1884.0,0,5.584,4.715,0.000,45.490,8.882,0.393,12.453,13.033,28.766,0.000,0.018,42.342,5.270,0.000,67.732,6.041,40.782,0.000,59.328,2.889,1.567,0.589,0.000,48.393,0.4563,0.2770,1.0997,0.4192,0,0.38302,0.2512,-0.2609,0.8703,0.3029,1,0.09510,-0.0597,-0.6533,1.0904,-0.1229,1,0.77949,-0.5653,-0.4958,-0.2374,-0.2574,0,1.34625,-0.4869,-0.9478,-0.1217,0.2484,1,0.12347,0.1690,-0.0297,1.1526,0.3564,0,0.25812,0.0318,-0.0032,0.7487,0.294
1917.0,0,7.020,1.412,0.000,46.025,11.995,0.076,41.507,5.682,40.649,0.000,1.079,24.111,8.201,0.000,70.782,5.727,37.789,0.000,39.918,2.618,0.301,3.743,0.000,25.297,0.4688,0.1383,1.1009,0.4186,0,0.45499,0.2974,-0.2376,0.8102,0.3198,1,0.07547,-0.0401,-0.6654,1.0943,-0.1577,1,0.78413,-0.5462,-0.4614,-0.2368,-0.2636,0,1.41529,-0.4550,-0.9438,-0.0599,0.2132,1,0.13937,0.1718,0.0236,1.1401,0.3485,0,0.30090,0.0320,-0.0036,0.7570,0.267
1950.5,0,7.624,0.265,0.000,46.600,13.605,0.291,64.090,4.073,62.386,0.000,7.982,12.991,9.757,0.000,68.388,5.671,35.494,0.000,116.021,2.640,0.056,12.719,0.000,9.551,0.4762,-0.0232,1.1024,0.4186,0,0.67533,0.2589,-0.3095,0.5667,0.3767,1,0.05518,0.0036,-0.6754,1.0602,-0.1843,1,0.80122,-0.5205,-0.4735,-0.2365,-0.2663,0,1.56460,-0.4401,-0.9801,-0.0965,0.1557,1,0.16232,0.1657,0.2529,1.0624,0.3253,0,0.51235,0.0324,-0.0040,0.9083,0.258
1984.0,0,6.705,0.997,0.000,45.414,22.599,0.055,61.777,3.372,70.294,0.000,1.741,39.362,4.544,0.000,65.046,6.068,51.299,0.000,139.568,3.212,0.011,27.914,2.513,5.986,0.4775,-0.1073,1.1034,0.4186,0,0.83197,0.1898,-0.4135,0.3451,0.4390,1,0.04357,0.0428,-0.6755,1.0269,-0.2016,1,0.82188,-0.4986,-0.4372,-0.2316,-0.2671,0,1.70249,-0.4463,-1.0298,-0.1773,0.1102,1,0.17075,0.1630,0.5144,0.8581,0.3057,0,0.88819,0.0321,-0.0040,1.0360,0.259
2017.0,0,6.795,2.034,0.000,45.288,27.060,0.010,53.692,9.432,49.991,0.000,0.334,55.366,14.032,0.000,72.881,6.278,54.273,0.000,146.412,1.836,0.002,31.037,12.500,6.111,0.4698,-0.1042,1.1038,0.4186,0,0.79195,0.1591,-0.4543,0.3794,0.4614,1,0.07867,0.0694,-0.6793,1.0171,-0.1791,1,0.82284,-0.4992,-0.4743,-0.2311,-0.2677,0,1.62413,-0.4431,-1.0508,-0.2244,0.0910,1,0.15461,0.1624,0.6552,0.5814,0.2952,0,1.28116,0.0320,-0.0041,1.0458,0.290
2050.5,0,6.920,0.381,0.000,46.562,35.137,0.393,46.992,28.551,32.036,0.000,0.063,57.174,11.450,0.000,72.933,6.413,45.778,0.000,151.700,1.800,0.000,20.100,18.799,6.498,0.4414,-0.1279,1.1044,0.4185,0,0.55648,0.2069,-0.4158,0.6496,0.4034,1,0.12892,0.0572,-0.6821,1.0516,-0.1524,1,0.79908,-0.5011,-0.5200,-0.2334,-0.2682,0,1.38105,-0.4431,-1.0234,-0.2079,0.0943,1,0.11883,0.1712,0.6972,0.4109,0.2906,0,1.48286,0.0319,-0.0041,0.9331,0.340
2084.0,0,6.321,4.698,0.000,46.693,37.083,0.137,43.593,33.127,31.485,0.000,0.012,52.346,16.113,0.000,77.499,6.441,37.351,0.000,112.558,0.566,0.000,10.843,5.464,8.382,0.4221,-0.0493,1.1048,0.4189,0,0.38294,0.2878,-0.3637,0.8278,0.3571,1,0.13414,0.0288,-0.6877,1.0927,-0.1796,1,0.78201,-0.5242,-0.5593,-0.2378,-0.2690,0,1.23285,-0.4356,-0.9825,-0.1722,0.1082,1,0.10665,0.1803,0.6508,0.4421,0.2888,0,1.38947,0.0317,-0.0041,0.8159,0.348
2117.0,0,6.934,11.170,0.000,47.511,31.118,1.201,50.310,27.168,33.889,0.000,0.002,42.447,21.576,0.000,77.444,6.614,38.080,0.000,74.531,0.758,0.000,7.719,1.049,26.204,0.4229,0.1609,1.1051,0.4204,0,0.27926,0.3335,-0.3266,0.8921,0.3589,1,0.11691,0.0057,-0.6871,1.1209,-0.2165,1,0.76780,-0.5535,-0.6021,-0.2409,-0.2699,0,1.18201,-0.4098,-0.9560,-0.1322,0.1161,1,0.10578,0.1784,0.5357,0.7539,0.2873,0,0.89651,0.0311,-0.0041,0.7362,0.333
2150.5,0,6.858,3.835,0.000,47.800,26.462,0.529,68.936,13.014,25.867,0.000,0.000,50.969,17.976,0.000,73.358,6.224,51.409,0.000,101.630,2.089,0.000,5.807,0.197,31.669,0.4334,0.2245,1.1057,0.4211,0,0.27495,0.3507,-0.3116,0.8944,0.3726,1,0.11701,-0.0009,-0.6807,1.1400,-0.2408,1,0.76558,-0.5631,-0.6247,-0.2410,-0.2699,0,1.19008,-0.3635,-0.9612,-0.0994,0.1170,1,0.11208,0.1668,0.4131,0.9746,0.2979,0,0.56811,0.0311,-0.0041,0.7162,0.316
2184.0,0,5.914,8.766,0.000,45.852,36.055,0.435,85.839,9.329,21.353,0.000,0.000,66.693,8.223,0.000,69.004,5.333,59.195,0.000,86.834,2.596,0.000,6.970,0.037,28.784,0.4437,0.2702,1.1054,0.4207,0,0.34817,0.3081,-0.3427,0.7941,0.4020,1,0.10116,0.0103,-0.6558,1.1549,-0.2535,1,0.77120,-0.5472,-0.5910,-0.2416,-0.2686,0,1.22688,-0.3374,-0.9807,-0.0934,0.1564,1,0.12181,0.1550,0.3352,1.0613,0.2990,0,0.46392,0.0316,-0.0041,0.7826,0.326
2217.0,0,5.284,10.585,0.000,39.124,28.362,0.196,81.519,3.337,30.727,0.000,0.000,62.546,3.499,0.000,60.062,4.943,65.080,0.000,136.619,2.111,0.000,16.598,0.007,33.577,0.4447,0.3452,1.0995,0.4207,0,0.55355,0.1421,-0.4288,0.5523,0.4381,1,0.06759,0.0188,-0.6296,1.1451,-0.2683,1,0.78616,-0.5173,-0.4879,-0.2373,-0.2666,0,1.39919,-0.3773,-1.0091,-0.1409,0.1908,1,0.14123,0.1410,0.4307,1.0966,0.2910,0,0.52827,0.0313,-0.0040,0.9577,0.344
2250.5,0,4.930,8.886,0.000,36.942,13.305,0.269,50.544,2.938,39.943,0.000,0.000,40.309,2.778,0.000,57.554,5.328,69.343,0.000,155.348,2.214,0.000,17.088,0.001,38.737,0.4417,0.3865,1.0915,0.4216,0,0.75774,-0.0412,-0.4735,0.3426,0.4654,1,0.04544,0.0042,-0.6215,1.1019,-0.2894,1,0.80312,-0.5116,-0.3687,-0.2275,-0.2656,0,1.68164,-0.4659,-1.0411,-0.2241,0.2142,1,0.16427,0.1197,0.5436,1.1192,0.2846,0,0.62127,0.0314,-0.0041,1.0744,0.307
2284.0,0,4.953,13.529,0.000,40.449,11.394,0.263,40.733,6.565,51.985,0.000,0.000,20.353,6.507,0.000,70.262,5.830,73.968,0.000,111.497,1.283,0.000,7.567,0.000,32.050,0.4214,0.4555,1.0892,0.4229,0,0.79288,-0.1115,-0.4342,0.3295,0.4883,1,0.06386,-0.0162,-0.6332,1.0611,-0.3018,1,0.80414,-0.5256,-0.3472,-0.2271,-0.2662,0,1.80035,-0.5349,-1.0574,-0.2883,0.2346,1,0.16871,0.1065,0.5327,1.1240,0.2927,0,0.63470,0.0316,-0.0040,1.0640,0.259
2317.0,0,4.510,20.244,0.000,42.904,19.663,0.051,32.942,20.412,67.254,0.000,8.989,11.634,12.466,0.000,83.345,6.640,61.083,0.000,73.579,0.945,0.000,3.573,0.000,29.563,0.3501,0.5569,1.0912,0.4243,0,0.60017,-0.0086,-0.3689,0.5787,0.4384,1,0.13150,-0.0291,-0.6647,1.0436,-0.2856,1,0.78604,-0.5388,-0.4269,-0.2361,-0.2679,0,1.63698,-0.5509,-1.0334,-0.2875,0.2560,1,0.14633,0.1163,0.4289,1.1156,0.3139,0,0.54063,0.0322,-0.0042,0.9521,0.268
2350.5,0,4.482,20.041,0.000,40.274,20.539,1.078,14.598,35.645,73.965,0.000,7.591,6.310,15.074,0.000,81.762,6.806,47.152,0.000,79.008,1.656,0.000,1.027,0.000,28.531,0.3292,0.6252,1.0922,0.4253,0,0.39849,0.1574,-0.2849,0.8077,0.3797,1,0.14649,-0.0357,-0.7160,1.0040,-0.2264,1,0.77331,-0.5380,-0.5111,-0.2432,-0.2698,0,1.44489,-0.5263,-0.9864,-0.2381,0.2652,1,0.13100,0.1462,0.2930,1.1041,0.3260,0,0.43039,0.0322,-0.0041,0.8125,0.271
2384.0,0,5.073,17.338,0.000,38.426,18.867,3.729,29.273,22.296,70.228,0.000,2.319,21.313,14.491,0.000,67.261,6.404,33.760,0.000,75.891,1.087,0.915,0.716,0.000,33.512,0.3708,0.6440,1.0912,0.4261,0,0.26095,0.2468,-0.2029,0.9145,0.3673,1,0.11334,-0.0450,-0.7360,1.0207,-0.1696,1,0.77873,-0.5453,-0.5571,-0.2389,-0.2707,0,1.31334,-0.4966,-0.9502,-0.1894,0.2529,1,0.12331,0.1668,0.1611,1.1069,0.3173,0,0.33186,0.0320,-0.0041,0.6886,0.261
2417.0,0,7.104,9.329,0.000,40.052,8.428,5.657,44.854,10.698,57.721,0.000,0.445,48.862,17.731,0.000,61.373,5.875,53.028,0.000,114.941,1.551,1.046,1.341,0.000,38.593,0.4157,0.5760,1.0915,0.4264,0,0.20706,0.2796,-0.0754,0.9432,0.3965,1,0.08966,-0.0523,-0.7216,1.0233,-0.1323,1,0.78633,-0.5402,-0.5902,-0.2291,-0.2703,0,1.28088,-0.4586,-0.9658,-0.1554,0.2142,1,0.13197,0.1645,0.0848,1.1206,0.3021,0,0.29560,0.0319,-0.0041,0.5802,0.204
2450.5,0,17.580,2.004,0.000,43.751,11.035,1.707,38.151,14.931,39.279,0.000,0.083,47.396,11.869,0.000,58.258,5.216,57.403,0.000,123.560,0.617,0.196,4.493,1.719,21.532,0.4314,0.1973,1.0930,0.4258,0,0.28638,0.2867,0.0018,0.9455,0.4236,1,0.09776,-0.0405,-0.7032,0.9915,-0.0631,1,0.79371,-0.5137,-0.5922,-0.2209,-0.2690,0,1.27995,-0.4126,-1.0032,-0.1577,0.1726,1,0.13491,0.1581,0.1108,1.1105,0.3285,0,0.32669,0.0323,-0.0043,0.5278,0.153
2484.0,0,14.676,0.375,0.000,44.423,27.405,0.320,7.146,5.189,50.609,0.000,0.016,48.282,6.063,0.000,59.511,5.046,45.523,0.000,129.265,0.116,0.037,6.970,7.176,9.013,0.4411,-0.1714,1.0935,0.4252,0,0.47764,0.2431,-0.1286,0.8464,0.4262,1,0.10063,-0.0174,-0.7069,0.9927,-0.0523,1,0.79713,-0.4862,-0.5313,-0.2188,-0.2677,0,1.31334,-0.3716,-1.0190,-0.1853,0.1634,1,0.12963,0.1575,0.1891,1.0098,0.3389,0,0.46004,0.0325,-0.0043,0.6579,0.206
2517.0,0,11.606,0.072,0.000,44.625,36.718,0.061,26.638,1.078,47.116,0.000,0.003,53.137,3.369,0.000,60.164,4.877,52.003,0.000,153.461,0.149,0.007,4.871,1.378,12.023,0.4516,-0.3348,1.0951,0.4239,0,0.69472,0.1529,-0.3259,0.5802,0.4455,1,0.06445,0.0149,-0.7013,1.0125,-0.1126,1,0.81105,-0.4770,-0.4233,-0.2198,-0.2664,0,1.52367,-0.3694,-1.0403,-0.2325,0.1606,1,0.14434,0.1595,0.2305,0.9031,0.3240,0,0.61477,0.0324,-0.0042,0.8991,0.272
2550.5,0,7.135,0.014,0.000,46.565,29.593,0.677,49.449,1.857,51.811,0.163,0.001,55.279,5.447,0.000,66.197,4.751,64.589,0.000,160.262,0.478,0.385,4.070,6.063,10.643,0.4504,-0.3555,1.0982,0.4219,0,0.85027,0.1090,-0.4610,0.3304,0.4804,1,0.04625,0.0437,-0.6952,1.0069,-0.2100,1,0.81949,-0.5103,-0.3518,-0.2260,-0.2652,0,1.77400,-0.3993,-1.0791,-0.2953,0.1499,1,0.16943,0.1572,0.2241,0.8089,0.3061,0,0.74264,0.0320,-0.0042,1.0674,0.279
2584.0,0,5.669,4.391,0.000,46.474,28.000,0.654,50.224,7.977,45.699,0.030,0.000,42.058,9.830,0.000,71.321,5.424,71.127,0.000,134.339,0.661,0.072,14.307,13.265,4.796,0.4506,-0.1900,1.1010,0.4202,0,0.82130,0.1388,-0.4830,0.3375,0.4696,1,0.06226,0.0434,-0.6963,1.0174,-0.2723,1,0.80536,-0.5446,-0.3756,-0.2326,-0.2659,0,1.79265,-0.4310,-1.0877,-0.3319,0.1799,1,0.16347,0.1607,0.3635,0.6242,0.2943,0,1.01146,0.0316,-0.0041,1.0751,0.277
2617.0,0,5.391,30.390,0.000,47.777,26.655,0.328,39.612,23.458,39.384,0.006,5.026,30.058,22.187,0.000,79.859,5.598,61.147,0.000,89.126,0.127,0.014,50.061,5.270,1.647,0.4568,0.2179,1.1038,0.4188,0,0.60951,0.2153,-0.4179,0.6168,0.3903,1,0.11944,0.0394,-0.6976,1.0551,-0.2879,1,0.77938,-0.5609,-0.4714,-0.2404,-0.2676,0,1.57324,-0.4536,-1.0521,-0.3131,0.1905,1,0.13262,0.1626,0.5943,0.4082,0.2881,0,1.40084,0.0316,-0.0041,0.9541,0.303
2650.5,0,3.859,42.332,0.000,49.386,27.203,2.800,42.692,40.326,40.035,0.001,1.235,56.432,24.349,0.000,84.702,5.552,51.243,0.000,134.064,1.885,0.003,47.731,0.987,5.567,0.4645,0.5190,1.1078,0.4126,0,0.38248,0.2957,-0.3260,0.8396,0.3474,1,0.12481,0.0391,-0.6946,1.0927,-0.2860,1,0.76740,-0.5573,-0.5512,-0.2497,-0.2689,0,1.36032,-0.4572,-0.9993,-0.2460,0.1706,1,0.11478,0.1588,0.7138,0.3905,0.2860,0,1.50954,0.0318,-0.0042,0.7932,0.309
2684.0,0,1.293,48.593,0.000,49.084,30.478,6.674,44.741,37.931,33.856,0.000,0.231,61.728,23.191,0.000,84.543,5.059,53.151,0.000,83.306,0.760,0.000,19.923,0.185,28.100,0.4720,0.6702,1.1107,0.4045,0,0.21648,0.3483,-0.2451,0.9444,0.3788,1,0.11264,0.0160,-0.6930,1.1051,-0.2828,1,0.76035,-0.4604,-0.5892,-0.2575,-0.2694,0,1.21880,-0.4502,-0.9679,-0.1881,0.1462,1,0.11155,0.1515,0.7401,0.7483,0.2853,0,1.07230,0.0314,-0.0040,0.6530,0.283
2717.0,0,0.248,79.678,0.000,49.910,15.674,3.750,23.209,23.051,36.290,0.365,0.044,50.209,29.145,0.000,92.398,4.668,50.081,0.000,102.511,0.990,0.000,7.785,0.036,38.738,0.4792,0.7428,1.1115,0.3919,0,0.09470,0.3674,-0.1562,1.0156,0.4044,1,0.10980,-0.0215,-0.6864,1.0720,-0.1958,1,0.76527,-0.1236,-0.6121,-0.2667,-0.2686,0,1.03506,-0.4404,-0.9609,-0.1572,0.1316,1,0.11581,0.1463,0.6771,0.9904,0.3217,0,0.70140,0.0315,-0.0041,0.5355,0.241
2750.5,0,0.047,74.591,0.000,51.431,9.994,0.830,4.347,8.991,52.369,0.207,0.008,39.764,12.530,0.000,85.100,4.396,53.284,0.000,155.226,2.463,0.000,3.731,0.007,37.050,0.4839,0.7702,1.1144,0.3703,0,0.05049,0.3576,-0.0765,1.0184,0.4257,1,0.09368,-0.0441,-0.6781,1.0301,-0.1238,1,0.77056,0.2078,-0.5904,-0.2724,-0.2675,0,0.95510,-0.4281,-0.9712,-0.1428,0.1236,1,0.12256,0.1562,0.5267,1.0874,0.3571,0,0.48945,0.0313,-0.0040,0.4722,0.200
2784.0,0,0.009,37.676,0.000,48.519,25.708,0.155,0.814,4.224,58.145,0.039,0.002,38.373,4.230,0.000,82.423,4.154,44.826,0.000,161.858,2.577,0.000,2.964,0.001,28.700,0.4877,0.7750,1.1084,0.3507,0,0.18207,0.3124,-0.1555,0.9129,0.4285,1,0.10149,-0.0313,-0.6909,1.0397,-0.1487,1,0.77812,0.3603,-0.4902,-0.2748,-0.2666,0,1.20668,-0.4153,-0.9812,-0.1490,0.1146,1,0.12559,0.1671,0.3760,1.1096,0.3723,0,0.40936,0.0318,-0.0041,0.6006,0.236
2817.0,0,0.002,35.196,0.000,47.822,20.997,0.030,4.338,1.929,57.321,0.007,0.000,50.391,4.362,0.000,82.053,3.535,35.694,0.000,121.195,1.928,0.000,4.242,0.000,35.826,0.4879,0.7703,1.1032,0.3558,0,0.40977,0.2575,-0.2865,0.7073,0.4344,1,0.08378,-0.0007,-0.6963,1.0622,-0.1969,1,0.78585,0.3105,-0.3793,-0.2791,-0.2649,0,1.59201,-0.4205,-0.9882,-0.1761,0.1021,1,0.13424,0.1576,0.2908,1.1169,0.3583,0,0.41559,0.0315,-0.0041,0.8080,0.296
2850.5,0,0.000,76.420,0.000,50.535,24.448,13.702,57.926,22.931,59.337,0.001,4.916,59.149,9.362,0.000,101.864,3.229,52.447,0.000,149.727,2.329,8.243,21.199,19.638,49.750,0.4866,0.7779,1.1019,0.3484,0,0.37137,0.1196,-0.2297,0.7491,0.3968,1,0.09663,-0.0126,-0.6582,1.0591,-0.1768,1,0.78135,0.1355,-0.3668,-0.2946,-0.2626,0,1.55509,-0.4540,-1.0018,-0.1913,0.0966,1,0.13483,0.1546,0.3468,1.1232,0.3654,0,0.41898,0.0312,0.0184,0.7800,0.291
2884.0,0,0.000,74.777,0.000,49.841,20.668,4.525,51.703,18.197,42.185,0.000,0.921,53.651,1.883,0.000,83.211,2.572,51.483,0.000,153.792,2.499,3.736,16.913,20.587,23.016,0.4863,0.7837,1.0982,0.3110,0,0.20344,0.0935,-0.1301,0.8893,0.3301,1,0.09671,-0.0316,-0.6504,1.0502,-0.1774,1,0.77610,-0.0395,-0.3147,-0.3075,-0.2601,0,1.41928,-0.4561,-1.0108,-0.1783,0.1013,1,0.13261,0.1625,0.4280,1.0973,0.3708,0,0.43908,0.0317,0.0325,0.6591,0.269
2917.0,0,0.000,38.287,0.000,47.849,18.396,1.366,38.371,12.934,45.479,0.000,0.177,52.220,0.362,0.000,59.386,0.960,45.236,0.000,150.728,2.806,0.718,24.001,5.872,8.871,0.4869,0.7789,1.0938,0.2455,0,0.14984,0.1599,-0.1586,0.9295,0.2905,1,0.08060,-0.0262,-0.6869,1.0653,-0.2111,1,0.76973,-0.1200,-0.2057,-0.3216,-0.2541,0,1.43106,-0.3949,-1.0059,-0.1591,0.1064,1,0.12583,0.1622,0.5494,0.9880,0.3511,0,0.60593,0.0316,-0.0391,0.6417,0.283
2950.5,0,0.000,36.676,0.000,47.214,22.145,0.693,48.022,11.255,51.727,0.000,0.033,22.514,0.068,0.000,46.683,0.180,46.715,0.000,147.253,3.064,0.134,31.580,2.833,5.976,0.4857,0.7686,1.0919,0.1752,0,0.18281,0.2331,-0.2309,0.9052,0.2831,1,0.08101,-0.0063,-0.7297,1.0766,-0.2371,1,0.76394,0.0027,-0.1098,-0.3436,-0.2380,0,1.54307,-0.2901,-1.0060,-0.1439,0.1096,1,0.12324,0.1463,0.6598,0.7833,0.3224,0,0.95163,0.0312,-0.0801,0.6861,0.299
2984.0,0,0.000,69.767,0.000,47.652,24.959,0.360,41.511,10.520,77.380,0.000,14.413,4.278,1.868,0.000,28.355,0.034,48.561,0.000,149.516,3.120,0.025,19.616,5.891,5.175,0.4816,0.7747,1.0934,0.1121,0,0.23605,0.2946,-0.2861,0.8563,0.2995,1,0.09840,0.0183,-0.7697,1.0202,-0.2205,1,0.75808,0.2478,-0.0939,-0.3407,-0.2138,0,1.67214,-0.2333,-1.0169,-0.1433,0.1092,1,0.13243,0.1279,0.6992,0.5529,0.3022,0,1.32232,0.0312,-0.0649,0.7411,0.302
3017.0,0,0.000,70.094,0.000,47.584,16.860,0.069,14.594,7.437,80.677,0.000,7.975,1.831,0.359,0.000,20.037,0.006,49.488,0.000,155.601,3.404,0.005,7.977,18.135,5.461,0.4696,0.7811,1.0952,0.0626,0,0.28698,0.3316,-0.2938,0.7976,0.3119,1,0.11050,0.0430,-0.8086,0.8806,-0.1389,1,0.76577,0.4031,-0.0811,-0.3143,-0.2016,0,1.78559,-0.2647,-1.0335,-0.1668,0.1018,1,0.14955,0.1093,0.6470,0.3506,0.2966,0,1.59790,0.0317,-0.0393,0.7786,0.274
3050.5,0,0.000,30.565,0.000,43.592,14.868,0.208,24.720,11.683,70.241,0.000,1.494,35.301,0.067,0.359,34.921,0.001,57.135,0.000,119.456,2.043,1.761,3.679,31.295,4.761,0.4680,0.7747,1.0924,0.0167,0,0.26268,0.3243,-0.2765,0.8070,0.3713,1,0.10470,0.0171,-0.7781,0.9642,-0.1193,1,0.78593,0.4417,-0.0367,-0.3192,-0.2125,0,1.79569,-0.3661,-1.0125,-0.1823,0.1104,1,0.12842,0.1065,0.4772,0.1776,0.2939,0,1.67135,0.0318,-0.0212,0.7610,0.287
3084.0,0,0.000,32.596,0.000,45.399,20.948,2.199,40.568,30.920,52.287,0.724,0.280,63.993,0.013,0.858,54.420,0.707,53.935,0.000,76.030,2.053,4.119,1.225,10.596,12.005,0.4717,0.7625,1.0893,-0.0459,0,0.15684,0.3431,-0.2377,0.9074,0.3943,1,0.11657,-0.0208,-0.7343,1.0274,-0.1156,1,0.77713,0.3585,0.0186,-0.3335,-0.2323,0,1.69709,-0.4364,-0.9678,-0.1565,0.1584,1,0.11641,0.1163,0.2296,0.3600,0.2969,0,1.18907,0.0317,-0.0116,0.6798,0.285
3117.0,0,0.000,68.830,0.000,48.446,15.069,3.975,38.739,39.602,39.562,0.349,0.054,67.909,0.959,0.220,61.366,1.311,47.459,0.000,79.444,3.320,3.576,0.235,2.035,37.853,0.4728,0.7752,1.0985,-0.0914,1,0.06352,0.3698,-0.1762,0.9905,0.3928,1,0.11486,-0.0468,-0.7024,1.0445,-0.1017,1,0.76909,0.1558,0.0124,-0.3328,-0.2478,0,1.52877,-0.4631,-0.9323,-0.1241,0.1991,1,0.11727,0.1330,0.0271,0.7734,0.3059,0,0.52506,0.0314,-0.0073,0.5858,0.256
3150.5,0,0.000,83.436,0.000,50.548,3.839,3.850,41.150,27.838,26.944,0.199,0.010,58.631,0.180,0.041,60.929,1.967,36.220,0.000,50.112,2.790,1.056,0.612,0.381,45.927,0.4681,0.7902,1.1291,-0.0992,1,0.05680,0.3142,-0.0490,1.0212,0.3949,1,0.10847,-0.0640,-0.6555,1.0415,-0.1168,1,0.77304,-0.0723,-0.0055,-0.3184,-0.2574,0,1.44605,-0.4843,-0.9302,-0.0861,0.1811,1,0.13560,0.1478,-0.0394,1.0121,0.3295,0,0.29982,0.0315,-0.0054,0.5047,0.188
3184.0,0,0.000,41.934,0.000,47.737,1.423,1.615,49.020,11.227,20.759,0.104,0.002,56.692,0.034,0.008,68.402,2.794,25.366,0.000,31.029,2.178,0.198,2.377,0.071,24.813,0.4673,0.7844,1.1411,-0.0935,1,0.05088,0.2136,0.1037,1.0083,0.4106,1,0.08670,-0.0622,-0.6154,1.0443,-0.1753,1,0.77796,-0.2067,-0.0074,-0.3026,-0.2505,0,1.43495,-0.5009,-0.9359,-0.0515,0.1758,1,0.14961,0.1496,0.0174,1.0844,0.3326,0,0.29215,0.0318,-0.0047,0.4316,0.112
3217.0,0,0.000,35.065,0.000,47.500,2.949,0.470,50.367,4.842,8.532,0.020,0.000,60.798,0.006,0.001,78.229,2.752,19.090,0.000,15.978,0.584,0.038,22.743,0.014,10.874,0.4736,0.7731,1.1144,-0.0596,0,0.12736,0.1748,0.1363,0.8921,0.4314,1,0.07416,-0.0312,-0.5683,1.0690,-0.2299,1,0.78778,-0.2463,-0.0044,-0.2984,-0.2464,0,1.58474,-0.5048,-0.9352,-0.0447,0.1766,1,0.16772,0.1386,0.3325,1.0456,0.3160,0,0.54888,0.0325,-0.0044,0.4956,0.080
3250.5,0,0.000,75.381,0.000,49.215,3.311,0.088,32.639,7.214,1.658,1.200,0.000,70.969,1.773,0.000,77.147,2.003,16.478,0.000,96.177,2.740,0.007,46.578,0.003,8.041,0.4761,0.7789,1.1032,-0.0165,0,0.27476,0.1886,0.0919,0.7419,0.4744,1,0.06960,0.0119,-0.4335,1.1136,-0.2576,1,0.78445,-0.2348,-0.0421,-0.3051,-0.2507,0,1.77736,-0.5274,-0.9480,-0.0893,0.1621,1,0.18047,0.1047,0.5954,0.9162,0.2995,0,0.91624,0.0326,-0.0043,0.6109,0.071
3284.0,0,0.000,80.433,0.000,50.805,11.600,0.016,10.562,12.856,0.311,4.547,0.000,76.537,0.332,0.000,65.963,1.279,21.065,0.000,146.518,3.612,0.001,39.065,0.000,5.476,0.4555,0.7853,1.1023,0.0093,0,0.30677,0.2321,-0.0201,0.8265,0.4884,1,0.09829,0.1182,-0.1789,1.1548,-0.2580,1,0.39752,-0.1847,-0.0556,-0.3164,-0.2546,0,1.75297,-0.5925,-0.9008,-0.1094,0.1414,1,0.10290,0.0774,0.7055,0.7403,0.2892,0,0.99800,0.0331,-0.0042,0.7112,0.249
3317.0,0,0.000,39.889,0.000,48.023,12.298,0.003,7.737,18.869,0.556,0.932,0.000,75.861,0.064,0.000,25.290,0.281,43.103,0.000,152.650,2.778,0.000,39.124,20.251,3.665,0.4502,0.7822,1.1014,0.0420,0,0.33055,0.3111,-0.1034,0.9614,0.4560,1,0.12422,0.0920,0.0145,1.1686,-0.2613,0,0.09245,-0.0400,-0.0408,-0.3047,-0.2511,0,1.73975,-0.5826,-0.8362,-0.0654,0.1380,1,0.08443,0.0706,0.7428,0.5003,0.2836,0,1.10998,0.0317,-0.0041,0.7645,0.383
3350.5,0,0.000,34.119,0.000,47.822,8.636,0.482,28.372,10.833,5.207,0.175,0.000,80.278,0.012,0.000,22.647,0.053,45.829,0.000,163.536,2.774,0.000,45.855,22.703,0.784,0.4619,0.7712,1.0988,0.0809,0,0.30955,0.3541,-0.1166,1.0078,0.4420,1,0.11157,0.0323,-0.0373,1.1749,-0.2635,1,0.04929,0.1466,-0.0239,-0.2890,-0.2457,0,1.75000,-0.5597,-0.8372,-0.0487,0.1356,1,0.08383,0.0744,0.7594,0.2340,0.2813,0,1.39667,0.0310,-0.0040,0.7518,0.419
3384.0,0,0.000,67.233,0.000,49.421,12.840,2.808,34.454,4.373,18.475,0.033,0.000,72.587,0.786,0.000,48.744,0.010,28.181,0.000,163.244,2.720,0.000,29.334,8.601,0.398,0.4705,0.7759,1.0997,0.1193,0,0.36949,0.3672,-0.1595,0.8981,0.4590,1,0.07745,-0.0108,-0.2112,1.1434,-0.2758,1,0.06923,0.2646,-0.0350,-0.3193,-0.2453,0,1.85572,-0.5102,-0.8424,-0.0554,0.1308,1,0.08538,0.0744,0.7594,0.0663,0.2816,0,1.60516,0.0307,-0.0039,0.8142,0.444
3417.0,0,0.000,79.493,0.000,50.977,8.956,0.658,39.991,2.930,36.916,0.006,0.000,66.338,0.286,0.000,56.370,0.628,27.442,0.000,142.183,1.600,0.000,15.367,2.683,1.343,0.4754,0.7833,1.1039,0.1327,0,0.52872,0.2834,-0.2489,0.6896,0.4740,1,0.04450,-0.0085,-0.3804,1.0613,-0.3058,1,0.08606,0.2573,-0.0406,-0.3421,-0.2484,0,2.03459,-0.4633,-0.8573,-0.0900,0.1233,1,0.09275,0.0803,0.7244,0.0517,0.2823,0,1.61110,0.0301,-0.0038,0.9554,0.464
3450.5,0,0.000,47.862,0.000,47.937,5.216,0.426,35.587,2.217,54.260,0.001,0.000,51.243,0.054,0.000,62.823,0.956,35.579,0.000,148.668,0.436,0.000,6.886,0.502,1.624,0.4798,0.7826,1.1037,0.1363,0,0.67544,0.0876,-0.3012,0.5301,0.4709,1,0.04100,-0.0061,-0.4738,0.9691,-0.3421,1,0.09714,0.1556,-0.0300,-0.3459,-0.2522,0,2.17000,-0.4695,-0.9091,-0.1744,0.1069,1,0.12020,0.0881,0.6169,0.1243,0.2824,0,1.46382,0.0297,-0.0038,1.0483,0.433
3484.0,0,0.000,46.174,0.000,48.210,10.238,0.080,37.299,4.109,57.976,0.000,2.183,17.293,0.293,0.000,38.280,0.302,39.811,0.000,150.226,1.528,0.000,3.425,0.094,6.863,0.4829,0.7774,1.1012,0.1684,0,0.76168,-0.0596,-0.3369,0.4689,0.4600,1,0.04075,-0.0087,-0.5219,0.9104,-0.3589,1,0.09027,0.1123,-0.0266,-0.3379,-0.2529,0,2.22710,-0.4896,-0.9475,-0.2407,0.0876,1,0.12545,0.0955,0.4594,0.2661,0.2812,0,1.15261,0.0299,-0.0037,1.0922,0.422
3517.0,0,0.000,78.639,0.000,50.577,15.369,0.015,16.899,14.447,64.882,0.000,10.389,6.726,0.791,0.000,21.225,0.058,34.483,0.000,152.681,2.692,0.000,1.025,0.018,23.470,0.4828,0.7815,1.1041,0.1665,0,0.63234,-0.0718,-0.3546,0.6567,0.4183,1,0.08049,-0.0134,-0.5805,0.8884,-0.3227,1,0.04965,0.1915,-0.0415,-0.3053,-0.2480,0,2.05646,-0.4886,-0.9242,-0.2479,0.0755,1,0.09858,0.0955,0.3031,0.6040,0.2794,0,0.59657,0.0295,-0.0038,1.0332,0.490
3550.5,0,0.000,71.567,0.000,49.815,12.413,0.404,4.139,28.267,71.095,0.000,3.452,15.431,0.148,0.000,13.213,0.011,22.980,0.000,155.215,3.005,0.000,0.192,0.003,41.675,0.4822,0.7848,1.1071,0.1441,0,0.33930,0.0539,-0.3122,0.9228,0.3553,1,0.10184,-0.0125,-0.6432,0.9368,-0.2654,1,0.04735,0.3214,-0.0413,-0.2547,-0.2394,0,1.70753,-0.4609,-0.8479,-0.2010,0.0784,1,0.08155,0.0771,0.1706,0.8983,0.2772,0,0.19025,0.0282,-0.0035,0.8738,0.564
3584.0,0,0.000,42.260,0.000,47.144,15.353,3.080,24.813,26.571,52.423,0.000,0.647,44.338,0.028,0.000,23.613,0.002,33.244,0.000,152.883,1.489,0.194,0.036,0.001,51.910,0.4905,0.7904,1.1060,0.1449,1,0.06998,0.2362,-0.2245,1.0790,0.3508,1,0.08828,0.0098,-0.6741,0.9831,-0.2245,1,0.06593,0.4190,-0.0287,-0.2488,-0.2317,0,1.38626,-0.3926,-0.8284,-0.1575,0.0928,1,0.08009,0.0473,0.1106,1.0168,0.2622,1,0.10011,0.0278,-0.0034,0.6706,0.544
3617.0,0,0.000,44.594,0.000,47.383,11.580,6.458,58.410,30.423,32.520,0.185,0.124,52.298,0.005,0.339,38.329,0.000,46.140,0.000,166.081,0.965,0.958,0.228,0.000,58.367,0.5203,0.8250,1.1064,0.1678,1,0.06191,0.3189,-0.1234,1.1184,0.3823,1,0.08608,0.0108,-0.6408,0.9767,-0.1522,1,0.07316,0.4708,-0.0039,-0.2885,-0.2270,0,1.36191,-0.3609,-0.8697,-0.1567,0.1024,1,0.08893,0.0136,0.0744,1.0291,0.2860,1,0.10022,0.0277,-0.0034,0.5798,0.488
3650.5,0,0.000,79.421,0.000,49.383,16.024,1.210,18.355,26.985,23.734,0.486,0.023,49.670,1.037,0.063,50.934,0.000,42.634,0.000,170.434,1.960,1.634,1.867,0.000,56.701,0.5296,0.8392,1.1062,0.1537,1,0.05845,0.3601,-0.1018,1.1370,0.4120,1,0.09847,0.0187,-0.6125,0.9442,-0.0290,1,0.08487,0.4988,-0.0200,-0.3372,-0.2245,0,1.34075,-0.3282,-0.8941,-0.1528,0.1068,1,0.08819,0.0148,0.0776,1.0390,0.3189,1,0.09990,0.0282,-0.0036,0.5420,0.462
3684.0,0,0.000,68.531,0.000,49.449,19.900,0.227,3.438,11.363,26.291,0.091,0.004,51.247,0.264,0.012,36.940,0.000,39.146,0.000,149.370,2.433,2.249,2.859,0.000,31.892,0.5226,0.8300,1.1057,0.1029,1,0.06158,0.3822,-0.1734,1.1114,0.4195,1,0.10222,0.0395,-0.6016,0.9359,-0.0226,1,0.08215,0.5084,-0.0338,-0.3582,-0.2241,0,1.35862,-0.3069,-0.8907,-0.1444,0.1056,1,0.08585,0.0401,0.0904,1.0563,0.3268,1,0.10107,0.0280,-0.0036,0.5741,0.478
3717.0,0,0.000,40.037,0.000,45.904,13.096,0.332,12.987,3.856,12.898,0.017,0.001,57.781,0.051,0.338,23.033,0.000,47.920,0.000,160.711,3.323,0.842,5.134,0.000,13.948,0.5003,0.7953,1.1021,0.0412,0,0.08483,0.3223,-0.2244,1.0410,0.4213,1,0.08029,0.0468,-0.5674,0.9701,-0.1199,1,0.07094,0.5002,-0.0143,-0.3413,-0.2253,0,1.45445,-0.3659,-0.8769,-0.1384,0.1007,1,0.08118,0.0690,0.1139,1.0582,0.3218,0,0.10224,0.0282,-0.0035,0.6466,0.510
3750.5,0,0.000,45.020,0.000,46.549,7.149,1.497,21.211,2.992,2.416,1.309,0.000,68.527,0.009,1.703,35.859,0.000,53.809,0.000,170.231,3.735,0.158,9.402,0.000,15.810,0.4874,0.7803,1.0973,0.0308,0,0.38312,0.1548,-0.2337,0.8449,0.4282,1,0.04621,0.0209,-0.3942,1.0108,-0.2130,1,0.06655,0.4439,0.0453,-0.3379,-0.2314,0,1.91801,-0.4816,-0.8859,-0.1436,0.0944,1,0.08851,0.0961,0.1969,1.0144,0.3035,0,0.18536,0.0281,-0.0034,0.8501,0.502
3784.0,0,0.000,82.407,0.000,49.372,6.822,0.434,14.500,10.330,0.453,13.619,0.000,77.683,0.132,0.734,51.260,0.790,53.333,0.000,164.800,4.473,0.030,8.037,0.000,16.329,0.4803,0.7836,1.0995,0.0319,0,0.56472,0.0336,-0.2092,0.8085,0.4069,1,0.07943,0.0525,-0.0131,1.1153,-0.2305,0,0.05238,0.2822,0.0743,-0.3360,-0.2416,0,2.11406,-0.5776,-0.8942,-0.1639,0.0910,1,0.08895,0.1105,0.2664,0.9708,0.2896,0,0.26021,0.0289,-0.0036,0.9243,0.440
3817.0,0,0.000,63.436,0.000,49.608,10.297,0.083,5.674,16.805,0.087,17.125,0.000,83.213,0.025,0.141,52.489,1.986,42.370,0.000,140.388,4.297,0.006,5.533,0.000,7.260,0.4782,0.7857,1.1030,0.0317,0,0.48463,0.0851,-0.1839,0.9475,0.3430,1,0.10869,0.0668,0.2962,1.2328,-0.2057,1,0.05422,0.0296,0.0580,-0.3129,-0.2504,0,1.92573,-0.6103,-0.8673,-0.1674,0.1012,1,0.07800,0.1313,0.2782,0.8755,0.2819,0,0.28296,0.0296,-0.0037,0.8694,0.445
3850.5,0,0.000,39.980,0.000,48.117,14.229,0.016,13.575,12.664,0.016,4.692,0.000,85.538,0.005,0.026,44.389,1.768,34.361,0.000,137.766,3.910,0.001,15.332,0.000,5.731,0.4797,0.7800,1.1022,0.0182,0,0.44090,0.1947,-0.1915,1.0270,0.3072,1,0.10627,0.0194,0.3820,1.2975,-0.1934,1,0.05668,-0.1578,0.0314,-0.2840,-0.2547,0,1.74828,-0.6199,-0.8248,-0.1529,0.1023,1,0.07670,0.1581,0.4063,0.7044,0.2771,0,0.44916,0.0298,-0.0037,0.8430,0.472
3884.0,0,0.000,55.784,0.000,49.247,17.343,0.003,32.728,15.530,0.003,0.879,0.000,83.108,1.418,0.005,36.074,0.451,28.942,0.000,136.865,3.476,0.000,21.266,5.958,2.058,0.4801,0.7783,1.1012,-0.0202,0,0.45939,0.2757,-0.2264,1.0384,0.3253,1,0.11839,-0.0508,0.2986,1.3076,-0.2005,1,0.05606,-0.2106,-0.0216,-0.2784,-0.2529,0,1.65464,-0.6048,-0.7849,-0.1375,0.0947,1,0.07592,0.1679,0.5547,0.4764,0.2750,0,0.75280,0.0293,-0.0036,0.8614,0.506
3917.0,0,0.000,86.711,0.000,50.387,17.428,0.213,32.747,15.748,2.753,0.169,0.000,76.680,1.621,0.001,27.681,0.087,34.029,0.000,144.606,2.530,0.000,32.617,15.281,0.395,0.4674,0.7838,1.1047,-0.0402,0,0.44731,0.2972,-0.2458,1.0269,0.3892,1,0.12630,-0.0836,0.1202,1.2812,-0.2179,1,0.05360,-0.0824,-0.0723,-0.2818,-0.2420,0,1.63828,-0.5818,-0.7637,-0.1232,0.0918,1,0.07581,0.1590,0.6604,0.2246,0.2760,0,1.11256,0.0287,-0.0036,0.8709,0.532
3950.5,0,0.000,54.851,0.000,46.379,6.827,0.040,24.429,8.844,25.852,0.032,0.000,68.646,0.304,0.000,13.758,0.016,30.516,0.000,150.828,2.079,0.000,32.681,17.585,1.950,0.4532,0.7848,1.1044,-0.0330,0,0.42761,0.2984,-0.2421,0.9814,0.4248,1,0.10059,-0.1152,-0.2174,1.2135,-0.2554,1,0.05282,0.1838,-0.0737,-0.2554,-0.2282,0,1.72086,-0.5477,-0.7521,-0.1230,0.0901,1,0.07926,0.1362,0.7157,0.0816,0.2845,0,1.32790,0.0284,-0.0034,0.8813,0.557
3984.0,0,0.000,27.455,0.000,43.319,2.299,0.228,25.340,4.064,52.905,0.006,0.000,49.281,0.057,0.837,3.473,0.003,35.689,0.000,153.158,2.565,0.000,26.334,17.368,2.755,0.4565,0.7737,1.0984,-0.0356,0,0.38414,0.3010,-0.1919,0.8975,0.4651,1,0.06337,-0.1203,-0.4183,1.1599,-0.2784,1,0.06236,0.3708,-0.0196,-0.1877,-0.2078,0,1.76910,-0.4878,-0.7791,-0.1464,0.0856,1,0.08093,0.1179,0.7308,0.0440,0.2958,0,1.46260,0.0279,-0.0035,0.8676,0.552
4017.0,0,0.000,35.859,0.000,45.055,2.714,1.532,29.780,8.412,62.806,0.001,0.000,31.765,0.011,4.103,0.667,0.001,40.208,0.000,121.373,2.098,0.000,15.075,6.550,1.742,0.4618,0.7651,1.0935,-0.0250,0,0.27056,0.3073,-0.0861,0.9139,0.4488,1,0.05865,-0.0870,-0.5146,1.1178,-0.2930,1,0.05994,0.4520,0.0902,-0.1115,-0.1934,0,1.73988,-0.4455,-0.8192,-0.1694,0.0815,1,0.09272,0.0910,0.7058,0.0540,0.2971,0,1.53455,0.0281,-0.0034,0.7902,0.513
4050.5,0,0.000,74.748,0.000,48.003,1.518,0.427,32.132,9.062,61.918,0.000,0.000,46.658,0.002,3.923,9.695,0.000,28.401,0.000,121.486,2.676,0.000,6.942,1.227,3.757,0.4502,0.7746,1.0948,-0.0149,0,0.13232,0.2755,0.0066,0.9645,0.4409,1,0.05054,-0.0615,-0.5668,1.1031,-0.3020,1,0.06135,0.4742,0.1738,-0.1022,-0.1996,0,1.66435,-0.4378,-0.8277,-0.1768,0.0790,1,0.09757,0.0563,0.6088,0.1605,0.2927,0,1.39685,0.0286,-0.0035,0.6929,0.482
4084.0,0,0.000,68.474,0.000,49.098,1.457,0.243,30.603,5.772,48.614,0.000,0.000,50.155,0.000,4.329,26.252,0.000,36.740,0.000,148.281,3.285,0.000,3.977,0.230,38.340,0.4460,0.7817,1.0987,-0.0094,0,0.12502,0.2446,0.0371,0.9418,0.4263,1,0.04356,-0.0385,-0.5826,1.0814,-0.3110,1,0.07113,0.4572,0.2120,-0.1811,-0.2143,0,1.72392,-0.4413,-0.8431,-0.1861,0.0764,1,0.10698,0.0299,0.4618,0.6297,0.2944,0,0.71716,0.0294,-0.0037,0.6810,0.459
4117.0,0,0.000,44.638,0.000,46.958,3.539,0.047,32.202,5.168,57.898,0.000,1.189,29.210,0.000,3.496,26.568,0.000,50.174,0.000,118.655,2.062,0.000,0.830,0.044,59.602,0.4574,0.7795,1.0988,0.0332,0,0.19627,0.2881,-0.0024,0.8722,0.4302,1,0.04068,-0.0062,-0.5938,1.0500,-0.3153,1,0.07453,0.4469,0.2214,-0.2529,-0.2253,0,1.82517,-0.4376,-0.8627,-0.2059,0.0708,1,0.10605,0.0339,0.3050,0.9573,0.3259,0,0.27898,0.0293,-0.0036,0.7316,0.465
4150.5,0,0.000,51.739,0.000,47.758,8.178,0.009,30.224,6.140,62.767,0.000,1.240,45.172,0.000,2.782,43.559,0.000,43.818,0.000,50.127,0.630,0.176,0.156,0.008,56.149,0.4695,0.7783,1.0978,0.1002,0,0.25553,0.3517,-0.1037,0.8253,0.4859,1,0.05686,0.0181,-0.6070,1.0238,-0.2639,1,0.07959,0.4609,0.2137,-0.3113,-0.2319,0,1.89790,-0.4384,-0.8441,-0.2102,0.0616,1,0.09093,0.0537,0.1637,1.0912,0.3615,0,0.11446,0.0294,-0.0036,0.7973,0.520
4184.0,0,0.000,85.284,0.000,49.964,13.614,0.002,16.712,9.466,46.495,0.000,0.232,56.838,0.101,0.827,50.237,0.000,44.367,0.000,65.614,1.187,0.033,0.250,0.002,40.452,0.4765,0.7835,1.0994,0.1171,0,0.26454,0.3809,-0.2040,0.8372,0.4957,1,0.09153,0.0503,-0.6056,0.9797,-0.1666,1,0.09463,0.4772,0.1685,-0.3547,-0.2114,0,1.89296,-0.4324,-0.8271,-0.2076,0.0560,1,0.09155,0.0412,0.1090,1.1069,0.3550,1,0.10709,0.0286,-0.0035,0.8226,0.546
4217.0,0,0.000,62.537,0.000,48.849,10.279,0.000,4.454,11.052,34.380,0.000,0.045,51.556,0.019,0.251,44.329,0.000,36.752,0.000,112.669,2.719,0.006,5.746,0.000,21.981,0.4808,0.7853,1.1007,0.0864,0,0.21095,0.3514,-0.2452,0.8915,0.4727,1,0.10044,0.0628,-0.5903,0.9790,-0.1555,1,0.08491,0.4875,0.1078,-0.3759,-0.2027,0,1.79676,-0.4332,-0.8098,-0.2048,0.0549,1,0.08598,0.0283,0.1568,1.1238,0.3522,1,0.10594,0.0275,-0.0034,0.7995,0.559
4250.5,0,0.000,37.587,0.000,45.735,5.252,0.000,8.637,4.857,44.268,0.000,0.008,31.477,0.004,0.965,34.787,0.000,25.083,0.000,58.714,2.146,0.001,23.093,5.047,9.825,0.4841,0.7790,1.0979,0.0321,0,0.18977,0.2470,-0.2334,0.9259,0.4539,1,0.07356,0.0335,-0.5774,1.0234,-0.2075,1,0.06356,0.4981,0.0869,-0.3753,-0.2108,0,1.74170,-0.4681,-0.7700,-0.1794,0.0514,1,0.07814,0.0558,0.4021,1.0315,0.3203,0,0.18642,0.0270,-0.0034,0.7854,0.591
4284.0,0,0.000,51.561,0.000,47.856,14.877,0.327,35.418,4.931,58.348,0.000,3.208,20.586,0.001,2.063,23.361,0.000,25.310,0.000,96.308,2.658,0.000,40.952,22.798,5.894,0.4831,0.7765,1.0963,-0.0243,0,0.36909,0.1209,-0.3079,0.8226,0.4305,1,0.05300,0.0149,-0.5703,1.0200,-0.2617,1,0.06339,0.5019,0.1110,-0.3456,-0.2205,0,1.94215,-0.4991,-0.7610,-0.1881,0.0478,1,0.08728,0.0850,0.6103,0.7783,0.2992,0,0.53145,0.0271,-0.0033,0.9084,0.615
4317.0,0,0.000,83.816,0.000,50.389,18.130,0.063,48.728,5.961,55.405,0.000,0.616,54.118,0.000,0.864,23.265,0.000,40.567,0.000,147.717,3.411,0.000,40.035,46.612,5.246,0.4706,0.7824,1.1008,-0.0432,0,0.54056,0.0564,-0.4089,0.7086,0.4447,1,0.05123,0.0101,-0.5669,1.0021,-0.2750,1,0.07440,0.4755,0.1158,-0.3109,-0.2276,0,2.10396,-0.5219,-0.7739,-0.2237,0.0509,1,0.08764,0.0913,0.7047,0.4202,0.2889,0,1.00233,0.0261,-0.0032,1.0312,0.634
4350.5,0,0.000,59.930,0.000,48.110,20.183,0.012,37.999,4.511,33.267,0.000,0.115,58.252,0.000,0.484,33.714,0.000,55.752,0.000,163.670,3.384,0.000,29.586,61.968,6.251,0.4620,0.7844,1.1027,-0.0109,0,0.66390,0.0736,-0.4790,0.6047,0.4606,1,0.04248,0.0031,-0.5570,0.9820,-0.2599,1,0.08304,0.4303,0.0945,-0.3121,-0.2334,0,2.21268,-0.5211,-0.8041,-0.2471,0.0524,1,0.09090,0.0878,0.7364,0.1286,0.2840,0,1.36799,0.0257,-0.0032,1.1194,0.635
4384.0,0,0.000,38.387,0.000,46.390,23.817,0.002,30.609,10.408,29.333,0.000,0.022,48.177,0.000,1.736,45.846,0.000,55.964,0.000,152.773,2.138,0.000,28.886,47.869,4.892,0.4667,0.7782,1.0999,0.0781,0,0.63587,0.1548,-0.4980,0.6664,0.4544,1,0.07466,0.0045,-0.5550,0.9966,-0.2617,1,0.06875,0.3879,0.1046,-0.3419,-0.2374,0,2.18921,-0.4933,-0.8204,-0.2520,0.0521,1,0.07942,0.0915,0.7431,-0.0353,0.2827,0,1.54652,0.0254,-0.0030,1.1031,0.649
4417.0,0,0.000,55.545,0.000,47.901,26.297,0.000,17.560,16.956,30.087,0.000,0.004,52.680,0.000,2.081,46.739,0.000,36.657,0.000,133.344,1.599,0.000,26.315,15.429,2.713,0.4718,0.7779,1.0984,0.1450,0,0.47897,0.2486,-0.4603,0.8384,0.4286,1,0.10871,-0.0008,-0.5687,1.0461,-0.2706,1,0.05654,0.3393,0.1309,-0.3655,-0.2409,0,2.02721,-0.4806,-0.7820,-0.2250,0.0555,1,0.07664,0.1038,0.7363,-0.0619,0.2826,0,1.55629,0.0248,-0.0030,1.0049,0.675
4450.5,0,0.000,81.526,0.000,50.668,25.828,0.000,18.660,27.539,7.947,2.467,0.001,67.033,0.075,0.447,44.423,0.000,30.948,0.000,126.407,2.108,0.000,15.757,2.890,2.976,0.4743,0.7831,1.1019,0.1356,0,0.34532,0.3089,-0.3991,0.9902,0.4071,1,0.12679,-0.0155,-0.5183,1.1087,-0.2701,1,0.04908,0.2331,0.1113,-0.3760,-0.2454,0,1.81555,-0.4915,-0.7327,-0.1925,0.0769,1,0.07218,0.1153,0.6947,0.0497,0.2819,0,1.34849,0.0253,-0.0030,0.9042,0.674
4484.0,0,0.000,45.602,0.000,48.635,22.442,0.601,44.817,17.393,1.489,8.933,0.000,77.052,0.014,0.084,36.445,0.000,32.254,0.000,145.457,2.931,0.000,7.996,0.541,9.087,0.4775,0.7819,1.1034,0.1000,0,0.43901,0.2970,-0.3405,1.0224,0.4081,1,0.13154,-0.0042,-0.2404,1.1901,-0.2425,1,0.04638,0.1525,0.0664,-0.3735,-0.2482,0,1.86705,-0.5250,-0.7222,-0.1728,0.0938,1,0.07573,0.1215,0.5890,0.2490,0.2800,0,0.92112,0.0256,-0.0031,0.9098,0.622
4517.0,0,0.000,35.229,0.000,47.354,18.603,2.600,71.965,6.287,0.286,3.539,0.000,83.395,0.003,0.016,35.399,0.000,35.477,0.000,153.008,3.133,0.000,3.924,0.104,13.270,0.4798,0.7735,1.1014,0.1054,0,0.54325,0.2516,-0.3353,0.9147,0.4385,1,0.09245,0.0322,0.0242,1.2340,-0.2245,1,0.05181,0.1944,0.0321,-0.3656,-0.2485,0,1.98894,-0.5321,-0.7486,-0.1786,0.0900,1,0.07561,0.1170,0.4470,0.4466,0.2773,0,0.59021,0.0265,-0.0032,0.9562,0.580
4550.5,0,0.000,70.307,0.000,49.368,21.349,0.709,72.422,3.934,0.054,0.663,0.000,84.305,0.001,0.003,52.493,0.000,27.406,0.000,150.719,3.380,0.000,3.413,0.019,21.132,0.4784,0.7781,1.1022,0.1159,0,0.74253,0.1846,-0.4037,0.6952,0.4773,1,0.07702,0.0452,0.1059,1.2107,-0.2415,0,0.05764,0.2996,0.0126,-0.3742,-0.2470,0,2.24846,-0.5169,-0.7755,-0.2111,0.0772,1,0.09603,0.0970,0.3292,0.6797,0.2739,0,0.34047,0.0269,-0.0033,1.0788,0.542
4584.0,0,0.000,81.315,0.000,50.851,23.931,0.133,26.811,1.658,3.236,0.124,0.000,77.807,0.000,0.001,38.792,0.000,16.057,0.000,143.102,3.060,0.000,2.692,0.004,43.644,0.4556,0.7850,1.1057,0.0910,0,0.90143,0.1452,-0.4970,0.4888,0.5013,1,0.05793,0.0538,0.0261,1.1864,-0.2556,0,0.08314,0.3685,0.0041,-0.3770,-0.2452,0,2.41953,-0.4997,-0.7578,-0.2600,0.0582,1,0.10726,0.0636,0.2545,0.9006,0.2702,0,0.16729,0.0264,-0.0031,1.1922,0.550
4617.0,0,0.000,42.237,0.000,47.082,21.324,0.025,21.573,5.818,17.017,0.024,0.000,67.840,0.000,0.392,10.496,0.000,8.729,0.000,137.513,3.525,0.000,0.517,0.001,50.665,0.4466,0.7830,1.1049,0.0543,0,0.92787,0.1610,-0.5579,0.4523,0.4883,1,0.05950,0.0365,-0.1590,1.1765,-0.2617,1,0.13277,0.4182,0.0156,-0.3229,-0.2382,0,2.41819,-0.5057,-0.6934,-0.2745,0.0493,1,0.11028,0.0172,0.2114,1.0075,0.2604,0,0.10683,0.0253,-0.0031,1.2263,0.583
4650.5,0,0.000,34.255,0.000,45.446,19.683,0.005,20.627,14.375,46.620,0.004,0.000,51.126,0.000,4.088,13.782,0.000,22.287,0.000,147.505,4.152,0.000,0.097,0.000,51.784,0.4556,0.7728,1.1001,0.0366,0,0.77370,0.2217,-0.5588,0.6129,0.4330,1,0.09803,-0.0052,-0.3137,1.1669,-0.2725,1,0.13569,0.4639,0.0898,-0.2659,-0.2300,0,2.29810,-0.4956,-0.6865,-0.2729,0.0442,1,0.10279,-0.0187,0.1835,1.0485,0.2509,1,0.10629,0.0246,-0.0030,1.1687,0.631
4684.0,0,0.000,71.262,0.000,47.917,29.595,2.392,41.751,36.132,71.905,0.001,23.152,25.234,0.000,9.467,53.437,0.000,47.777,0.000,155.796,3.650,0.427,7.361,0.000,57.624,0.4637,0.7767,1.0975,0.0247,0,0.53515,0.2684,-0.4864,0.8185,0.3693,1,0.12146,-0.0130,-0.4549,1.1515,-0.2760,1,0.12817,0.4994,0.2191,-0.3050,-0.2234,0,2.17934,-0.4617,-0.7252,-0.2767,0.0362,1,0.08734,0.0025,0.2416,1.0881,0.2792,1,0.10455,0.0247,0.0356,1.0401,0.658
4717.0,0,0.000,74.420,0.000,47.866,23.293,4.526,33.925,28.596,69.562,0.000,23.574,6.749,0.000,5.497,45.690,0.000,51.840,0.000,158.528,3.184,0.082,5.732,0.000,42.402,0.4621,0.7823,1.0968,0.0052,0,0.30204,0.2821,-0.3964,0.9419,0.3630,1,0.11053,-0.0041,-0.5527,1.0939,-0.2522,1,0.10228,0.5134,0.2800,-0.3529,-0.2223,0,2.01555,-0.4391,-0.7611,-0.2721,0.0357,1,0.09038,0.0330,0.2888,1.1118,0.2977,1,0.10201,0.0253,0.0494,0.8919,0.640
4750.5,0,0.000,42.304,0.000,45.200,13.290,5.192,54.593,13.793,75.071,0.000,8.154,16.907,0.000,3.901,30.963,0.000,52.321,0.000,157.486,2.419,0.015,6.830,3.811,12.462,0.4657,0.7788,1.0942,-0.0252,0,0.12915,0.2683,-0.2828,1.0125,0.3885,1,0.09197,-0.0065,-0.6030,1.0838,-0.2209,1,0.11474,0.5121,0.2725,-0.3606,-0.2267,0,1.81760,-0.4180,-0.7873,-0.2671,0.0406,1,0.09317,0.0625,0.3038,1.0958,0.3044,0,0.10143,0.0258,0.0336,0.7560,0.601
4784.0,0,0.000,42.854,0.000,45.949,6.513,2.640,74.688,6.946,63.649,0.000,1.527,50.947,0.000,4.369,32.579,0.000,50.597,0.000,151.096,1.338,0.003,6.425,19.984,6.467,0.4693,0.7732,1.0923,-0.0317,0,0.08807,0.2778,-0.1782,0.9825,0.4403,1,0.04816,-0.0175,-0.5992,1.1202,-0.1757,1,0.14229,0.4985,0.2545,-0.3540,-0.2311,0,1.75465,-0.3862,-0.7974,-0.2595,0.0484,1,0.09095,0.0938,0.2914,0.9214,0.2962,0,0.17031,0.0264,0.0166,0.7176,0.594
4817.0,0,0.000,80.421,0.000,48.012,8.655,0.844,65.424,4.363,56.063,0.000,0.293,55.431,0.000,3.259,32.367,0.000,49.345,0.000,147.923,1.370,0.065,5.572,33.942,4.660,0.4537,0.7793,1.0949,-0.0213,0,0.30729,0.2462,-0.2281,0.8078,0.4559,1,0.04029,-0.0031,-0.5828,1.0874,-0.1219,1,0.16429,0.4920,0.2362,-0.3454,-0.2117,0,1.98706,-0.3424,-0.8274,-0.2713,0.0609,1,0.09782,0.1160,0.2713,0.5819,0.2901,0,0.42476,0.0265,0.0060,0.8805,0.615
4850.5,0,0.000,63.845,0.000,47.136,16.986,0.158,47.198,14.932,44.294,0.000,0.055,58.150,0.000,3.370,13.817,0.000,55.647,0.000,146.863,1.784,0.012,7.962,44.049,5.901,0.4366,0.7835,1.0980,-0.0109,0,0.37580,0.2599,-0.3370,0.8336,0.4088,1,0.06797,-0.0131,-0.5696,1.0819,-0.0746,1,0.14359,0.4931,0.2233,-0.3014,-0.1996,0,2.00901,-0.3768,-0.8086,-0.2916,0.0536,1,0.07460,0.1225,0.2881,0.2603,0.2867,0,0.64728,0.0255,0.0009,0.9440,0.673
4884.0,0,0.000,39.313,0.000,44.156,20.660,0.030,35.253,22.890,38.769,0.000,0.010,60.906,0.000,5.386,7.997,0.000,51.211,0.000,137.327,2.226,0.002,13.775,32.313,5.316,0.4446,0.7784,1.0959,-0.0266,0,0.33899,0.3163,-0.3820,0.9543,0.3665,1,0.09907,-0.0333,-0.5655,1.1086,-0.0410,1,0.13621,0.4691,0.2364,-0.2334,-0.2043,0,1.88536,-0.4268,-0.7403,-0.2737,0.0416,1,0.06768,0.1285,0.3967,0.0785,0.2852,0,0.89479,0.0245,-0.0012,0.9187,0.716
4917.0,0,0.000,48.747,0.000,45.866,18.570,0.449,37.769,18.194,36.805,0.000,0.002,49.741,0.000,5.195,36.719,0.000,44.387,0.000,67.303,0.933,0.000,12.379,7.121,7.063,0.4573,0.7749,1.0937,-0.0552,0,0.30688,0.3410,-0.3941,1.0122,0.3609,1,0.10435,-0.0463,-0.5644,1.1322,-0.0530,1,0.12839,0.4142,0.2483,-0.2545,-0.2181,0,1.83120,-0.4617,-0.6850,-0.2558,0.0458,1,0.06434,0.1345,0.4684,0.1648,0.2848,0,0.83056,0.0233,-0.0020,0.8921,0.735
4950.5,0,0.000,83.922,0.000,48.838,14.141,0.595,46.874,13.619,52.795,0.000,6.335,21.273,0.846,1.313,66.247,1.498,35.113,0.000,16.313,1.256,0.000,9.523,1.334,20.050,0.4513,0.7809,1.0960,-0.0580,0,0.28821,0.2903,-0.3875,1.0056,0.3887,1,0.08949,-0.0541,-0.5695,1.1472,-0.1163,1,0.11772,0.2521,0.1901,-0.2910,-0.2352,0,1.70319,-0.4800,-0.6509,-0.2098,0.0709,1,0.06512,0.1447,0.4535,0.5682,0.2836,0,0.35928,0.0230,-0.0025,0.8804,0.730
4984.0,0,0.000,61.904,0.000,48.049,4.766,0.112,22.953,6.693,61.543,0.000,14.407,14.745,0.158,0.246,69.625,2.384,41.374,0.000,60.081,2.293,0.000,7.058,0.250,39.284,0.4521,0.7833,1.0990,-0.0622,0,0.29183,0.2642,-0.3401,0.9460,0.4146,1,0.06272,-0.0511,-0.5744,1.1304,-0.1562,1,0.11455,0.0421,0.1085,-0.2990,-0.2484,0,1.53121,-0.4790,-0.6677,-0.2037,0.0721,1,0.07494,0.1460,0.3909,0.8968,0.2920,1,0.09757,0.0231,-0.0026,0.8778,0.703
5017.0,0,0.000,34.154,0.000,45.280,2.361,0.021,25.600,3.791,53.500,0.000,2.767,41.659,0.030,0.047,44.629,1.253,52.367,0.000,117.553,2.823,0.000,2.855,0.048,45.162,0.4629,0.7752,1.0978,-0.0607,0,0.35160,0.2664,-0.2540,0.8357,0.4813,1,0.05285,-0.0399,-0.5659,1.1101,-0.1594,1,0.14206,-0.0782,0.0519,-0.2919,-0.2450,0,1.52423,-0.4553,-0.7321,-0.2332,0.0602,1,0.09264,0.1177,0.3311,1.0136,0.2757,1,0.10016,0.0243,-0.0029,0.8971,0.647
5050.5,0,0.000,43.359,0.000,45.852,7.492,0.004,29.627,7.125,36.658,0.000,0.518,46.445,0.006,0.009,34.851,0.235,55.662,0.000,122.616,1.682,0.000,2.504,0.009,52.721,0.4708,0.7713,1.0957,-0.0178,0,0.41986,0.2589,-0.2401,0.7785,0.5187,1,0.06838,-0.0341,-0.5540,1.0923,-0.1350,1,0.15190,-0.0251,0.0203,-0.2981,-0.2371,0,1.62689,-0.4255,-0.7859,-0.2653,0.0501,1,0.09589,0.0732,0.2782,1.0642,0.2686,1,0.10137,0.0257,-0.0554,0.9306,0.621
5084.0,0,0.000,80.528,0.000,48.475,12.316,0.001,12.293,14.415,42.811,0.000,0.097,44.480,0.365,0.002,19.724,0.044,60.659,0.000,105.143,0.451,0.000,4.530,0.002,49.214,0.4552,0.7791,1.0979,0.0117,0,0.35985,0.2572,-0.2634,0.8551,0.4844,1,0.10355,-0.0318,-0.5659,1.0816,-0.1064,1,0.15469,0.1950,-0.0058,-0.2874,-0.2224,0,1.66592,-0.3939,-0.8123,-0.2936,0.0463,1,0.09152,0.0460,0.2779,1.0873,0.2716,1,0.10098,0.0258,-0.0759,0.8980,0.614
5117.0,0,0.000,50.626,0.000,46.745,12.493,0.000,7.160,23.893,51.126,0.000,6.183,36.324,0.070,0.380,10.032,0.008,51.842,0.000,128.776,1.043,0.000,6.397,1.076,26.950,0.4355,0.7814,1.0994,0.0144,0,0.23690,0.2934,-0.2667,0.9636,0.4344,1,0.12847,-0.0295,-0.5864,1.0766,-0.0846,1,0.15240,0.3700,-0.0007,-0.2434,-0.2129,0,1.60920,-0.3807,-0.8062,-0.2994,0.0458,1,0.08745,0.0620,0.3084,1.1010,0.2840,1,0.10000,0.0262,-0.0558,0.8308,0.606
5150.5,0,0.000,25.811,0.000,44.385,7.457,0.000,19.017,20.133,56.026,0.000,3.822,51.878,0.013,1.415,13.189,0.002,44.109,0.000,142.208,2.124,0.000,8.469,8.143,9.683,0.4459,0.7738,1.0982,-0.0242,1,0.07158,0.3564,-0.2321,1.0631,0.4258,1,0.11226,0.0136,-0.5941,1.0864,-0.0719,1,0.13919,0.4532,0.0454,-0.2126,-0.2150,0,1.43629,-0.3808,-0.7664,-0.2896,0.0552,1,0.07360,0.1015,0.3487,1.0454,0.2987,0,0.10143,0.0265,-0.0319,0.7135,0.612
5184.0,0,0.000,34.451,0.000,45.976,11.551,2.382,32.942,15.341,44.406,0.000,0.716,55.296,0.002,2.614,26.025,0.000,52.068,0.000,103.249,1.725,0.000,8.949,25.894,5.847,0.4723,0.7860,1.1085,-0.0437,1,0.06801,0.4122,-0.2211,1.1000,0.4450,1,0.09802,0.0381,-0.5690,1.1151,-0.0547,1,0.12644,0.4597,0.1060,-0.2386,-0.2233,0,1.42469,-0.4026,-0.7140,-0.2701,0.0544,1,0.06459,0.1211,0.3671,0.7883,0.2892,0,0.21904,0.0254,-0.0167,0.6793,0.654
5217.0,0,0.000,75.019,0.000,48.708,11.794,2.492,49.846,18.048,36.469,0.000,0.138,49.576,0.000,1.415,41.811,0.000,57.954,0.000,73.976,1.093,0.000,13.326,40.775,5.451,0.4687,0.8023,1.1162,-0.0390,1,0.06681,0.3814,-0.2055,1.1048,0.4568,1,0.08612,0.0343,-0.5523,1.1282,-0.0740,1,0.12233,0.4593,0.1310,-0.2944,-0.2288,0,1.47244,-0.4142,-0.7052,-0.2555,0.0719,1,0.06859,0.1205,0.4383,0.4416,0.2856,0,0.63289,0.0245,-0.0090,0.6647,0.657
5250.5,0,0.000,79.367,0.000,49.441,4.962,3.967,53.855,7.390,46.050,0.000,0.026,44.941,0.000,0.265,31.400,0.000,56.515,0.000,104.524,2.031,0.000,19.771,46.572,5.027,0.4368,0.7995,1.1192,-0.0322,1,0.06639,0.2325,-0.1187,1.0577,0.4701,1,0.05566,-0.0056,-0.5369,1.1399,-0.1471,1,0.12717,0.4794,0.1022,-0.3248,-0.2317,0,1.53473,-0.4302,-0.7376,-0.2615,0.1154,1,0.08631,0.1231,0.5479,0.1644,0.2847,0,1.17909,0.0247,-0.0054,0.6582,0.611
5284.0,0,0.000,41.187,0.000,46.514,2.231,2.165,69.357,2.278,60.961,0.000,3.154,17.391,0.000,0.960,34.101,0.000,45.117,0.000,90.802,1.848,0.000,24.669,38.138,3.928,0.4314,0.7856,1.1069,-0.0129,0,0.20349,0.0686,-0.0451,0.8889,0.4818,1,0.04360,-0.0278,-0.5290,1.1091,-0.2284,1,0.14199,0.4503,0.0882,-0.3383,-0.2374,0,1.76294,-0.4395,-0.8033,-0.2922,0.1507,1,0.11748,0.1366,0.6373,0.0155,0.2841,0,1.56931,0.0264,-0.0042,0.7551,0.544
5317.0,0,0.000,43.789,0.000,47.695,2.999,0.614,72.624,0.594,66.248,0.000,3.571,29.179,0.000,0.886,46.362,0.000,45.352,0.000,120.255,1.961,0.000,16.090,8.201,4.879,0.4497,0.7765,1.1007,0.0150,0,0.55547,-0.0491,-0.0917,0.6096,0.5316,1,0.03812,-0.0297,-0.5090,1.0609,-0.2749,1,0.15454,0.3077,0.0906,-0.3591,-0.2458,0,2.11882,-0.4487,-0.8687,-0.3473,0.1319,1,0.13631,0.1609,0.6588,0.0884,0.2836,0,1.49201,0.0279,-0.0404,0.9843,0.518
5350.5,0,0.000,81.373,0.000,51.048,9.744,0.115,46.700,6.033,48.646,0.000,0.669,50.489,1.132,0.166,25.792,0.000,46.020,0.000,148.513,2.287,0.000,8.033,1.536,28.085,0.4633,0.7810,1.1030,0.0219,0,0.72588,-0.0354,-0.2202,0.5202,0.5451,1,0.03976,-0.0460,-0.5032,1.0504,-0.2536,1,0.15044,0.1118,0.0402,-0.3460,-0.2511,0,2.13314,-0.4648,-0.8775,-0.3754,0.0881,1,0.12036,0.1767,0.5871,0.5725,0.2825,0,0.75840,0.0278,-0.0535,1.1013,0.551
5384.0,0,0.000,68.096,0.000,50.104,15.685,0.022,20.546,26.901,33.323,0.210,0.125,45.746,0.212,0.031,12.369,0.000,38.404,0.000,119.831,2.047,0.000,3.318,0.288,47.435,0.4708,0.7842,1.1062,0.0020,0,0.51686,0.1072,-0.2968,0.8162,0.4832,1,0.10393,-0.0775,-0.5342,1.0966,-0.1693,1,0.12084,-0.0342,-0.0011,-0.2885,-0.2523,0,1.68035,-0.4576,-0.8074,-0.3564,0.0520,1,0.07539,0.1770,0.4490,0.9183,0.3008,0,0.18226,0.0270,-0.0380,0.9833,0.640
5417.0,0,0.000,38.272,0.000,47.190,12.066,0.004,11.517,30.717,44.137,0.102,2.297,28.922,0.041,0.006,12.868,0.000,37.696,0.000,133.035,2.569,0.000,1.304,0.055,48.494,0.4766,0.7774,1.1044,0.0088,0,0.33377,0.2658,-0.2899,0.9912,0.3924,1,0.12570,-0.0724,-0.5726,1.1146,-0.1554,1,0.13438,-0.0957,-0.0118,-0.2343,-0.2521,0,1.40811,-0.4073,-0.7730,-0.2995,0.0456,1,0.08621,0.1633,0.3592,1.0037,0.3067,1,0.09842,0.0257,-0.0220,0.8679,0.638
5450.5,0,0.000,50.904,0.000,48.529,13.616,0.125,29.017,28.756,55.490,0.323,5.905,33.371,0.270,0.001,46.589,0.000,50.636,0.000,66.150,0.820,0.000,2.124,0.010,42.629,0.4796,0.7758,1.1018,0.0945,0,0.14917,0.3613,-0.2591,1.0717,0.3667,1,0.10964,-0.0446,-0.6085,1.1091,-0.1652,1,0.13826,-0.0091,-0.0192,-0.2719,-0.2505,0,1.30293,-0.3412,-0.7848,-0.2724,0.0437,1,0.09247,0.1351,0.2989,1.0340,0.3127,1,0.09766,0.0264,-0.0120,0.7480,0.605
5484.0,0,0.000,87.264,0.000,51.145,17.202,0.085,45.829,29.780,50.994,0.597,1.106,43.585,0.733,0.000,55.515,0.000,43.817,0.000,70.088,1.492,0.000,5.007,0.002,55.152,0.4808,0.7877,1.1063,0.1319,0,0.07191,0.3412,-0.2650,1.1004,0.3697,1,0.10230,-0.0358,-0.6088,1.1004,-0.1460,1,0.14209,0.1802,-0.0383,-0.3355,-0.2453,0,1.32764,-0.3230,-0.7870,-0.2568,0.0393,1,0.09037,0.0850,0.2902,1.0543,0.3403,1,0.09886,0.0263,-0.0069,0.6921,0.587
5517.0,0,0.000,66.516,0.000,48.258,8.771,0.516,38.262,10.240,40.917,0.115,0.212,46.695,0.141,0.000,40.441,0.000,37.952,0.000,55.837,1.314,0.000,3.685,0.000,65.259,0.4661,0.7872,1.1079,0.0880,0,0.07617,0.2372,-0.2615,1.0787,0.3488,1,0.08338,-0.0445,-0.5846,1.0781,-0.0846,1,0.15230,0.3477,-0.0396,-0.3640,-0.2376,0,1.46030,-0.3486,-0.7846,-0.2499,0.0339,1,0.09646,0.0508,0.2928,1.0716,0.3583,1,0.09990,0.0267,-0.0048,0.7058,0.579
5550.5,0,0.000,38.067,0.000,42.824,1.911,1.393,26.189,3.834,31.015,0.021,0.040,35.654,0.026,0.556,15.684,0.000,30.555,0.000,39.697,0.843,0.000,1.828,0.000,57.743,0.4639,0.7805,1.0985,0.0141,0,0.21417,0.1127,-0.2028,0.9652,0.3389,1,0.04603,-0.0647,-0.5333,1.0590,-0.0501,1,0.15498,0.4407,-0.0060,-0.3293,-0.2335,0,1.69920,-0.3912,-0.7939,-0.2491,0.0294,1,0.10882,0.0284,0.2621,1.0889,0.3430,1,0.10049,0.0269,-0.0039,0.7876,0.563
5584.0,0,0.000,52.524,0.000,44.860,5.098,0.374,15.298,4.882,46.446,0.004,6.534,16.829,0.302,2.012,41.948,0.000,35.998,0.000,96.657,2.941,0.305,3.759,0.000,31.299,0.4701,0.7774,1.0922,-0.0321,0,0.37572,0.0414,-0.1882,0.8534,0.3582,1,0.04193,-0.0733,-0.5018,1.0393,-0.0467,1,0.14683,0.4419,0.0514,-0.3284,-0.2371,0,1.93413,-0.4303,-0.8077,-0.2769,0.0242,1,0.11321,0.0422,0.2384,1.1005,0.3196,1,0.10247,0.0274,-0.0036,0.8772,0.553
5617.0,0,0.000,82.205,0.000,48.444,13.686,0.072,8.240,28.972,58.611,0.001,3.951,20.480,0.157,0.509,66.455,1.085,37.462,0.000,64.273,2.578,0.787,4.078,7.092,10.876,0.4738,0.7817,1.0945,-0.0368,0,0.32254,0.0971,-0.2221,0.9466,0.3673,1,0.11646,-0.0690,-0.5357,1.0304,-0.0490,1,0.14618,0.3326,0.0669,-0.3396,-0.2456,0,1.85066,-0.4273,-0.7989,-0.2830,0.0270,1,0.11006,0.0734,0.2317,1.0834,0.3304,1,0.10292,0.0275,-0.0035,0.8462,0.553
5650.5,0,0.000,54.018,0.000,46.928,8.566,0.013,4.491,24.205,52.238,0.000,0.740,55.058,0.029,0.095,72.741,2.098,36.521,0.000,75.063,2.543,0.722,3.896,9.440,6.506,0.4767,0.7814,1.0967,-0.0447,0,0.13296,0.2401,-0.2060,1.0650,0.3905,1,0.10638,-0.0650,-0.5763,1.0659,-0.0481,1,0.12943,0.1432,0.0458,-0.3323,-0.2535,0,1.48985,-0.4130,-0.7498,-0.2749,0.0519,1,0.08080,0.1142,0.2091,0.9120,0.3398,1,0.09986,0.0271,-0.0034,0.7345,0.589
5684.0,0,0.000,33.426,0.000,45.264,4.161,0.003,7.562,13.340,22.948,0.000,0.139,53.261,0.006,0.018,63.590,1.569,45.696,0.000,121.987,2.316,1.283,3.589,20.125,4.737,0.4909,0.7928,1.1030,-0.0366,1,0.06536,0.3359,-0.1641,1.1383,0.4361,1,0.09326,-0.0835,-0.5666,1.1156,-0.0348,1,0.11600,0.0538,0.0217,-0.3234,-0.2568,0,1.24021,-0.4294,-0.6986,-0.2601,0.0603,1,0.06905,0.1445,0.1606,0.5781,0.3053,0,0.19738,0.0261,-0.0032,0.6647,0.634
5717.0,0,0.000,58.020,0.000,47.626,13.086,2.066,51.904,15.863,32.763,0.226,0.027,36.169,0.497,0.003,63.450,1.036,48.735,0.000,126.686,2.337,1.819,3.667,24.121,4.766,0.4998,0.8046,1.1017,0.0013,1,0.06517,0.3527,-0.1624,1.1352,0.4634,1,0.08698,-0.0735,-0.5581,1.1381,-0.0898,1,0.10926,0.1327,-0.0076,-0.3261,-0.2558,0,1.21183,-0.4330,-0.6966,-0.2599,0.0514,1,0.07271,0.1486,0.1237,0.3300,0.2909,0,0.37905,0.0255,-0.0031,0.6538,0.647
5750.5,0,0.000,84.870,0.000,50.981,11.695,2.460,48.247,9.202,49.906,0.106,15.279,11.218,0.488,0.001,50.073,0.635,53.350,0.000,113.051,1.952,0.814,4.527,7.114,4.212,0.4819,0.7987,1.0998,0.0220,1,0.06848,0.2689,-0.1851,1.0824,0.4762,1,0.07866,-0.0590,-0.5719,1.1160,-0.1526,1,0.10419,0.2428,-0.0313,-0.3315,-0.2527,0,1.29587,-0.4264,-0.7186,-0.2687,0.0491,1,0.08350,0.1334,0.1252,0.2712,0.2844,0,0.50152,0.0251,-0.0024,0.6791,0.637
5784.0,0,0.000,40.679,0.000,48.274,3.895,0.831,18.524,2.541,54.179,0.020,4.834,27.642,0.091,0.000,24.473,0.119,45.716,0.000,131.856,1.864,0.153,1.228,1.333,24.613,0.4666,0.7860,1.1001,0.0251,0,0.14533,0.2003,-0.1807,0.9500,0.4988,1,0.05774,-0.0455,-0.5694,1.0953,-0.1837,1,0.12849,0.2905,-0.0320,-0.3199,-0.2504,0,1.47565,-0.4175,-0.7517,-0.2919,0.0732,1,0.09835,0.1111,0.1211,0.6566,0.2808,0,0.20735,0.0255,-0.0018,0.7628,0.620
5817.0,0,0.000,27.755,0.000,47.134,2.303,0.160,15.135,1.200,43.773,0.004,0.928,58.924,0.018,0.000,30.703,0.023,46.487,0.000,148.870,1.796,0.495,0.236,0.256,50.799,0.4705,0.7702,1.0980,0.0383,0,0.35490,0.1918,-0.1762,0.7760,0.5171,1,0.04299,-0.0257,-0.5386,1.0692,-0.1841,1,0.15267,0.3094,-0.0220,-0.3192,-0.2488,0,1.76200,-0.3973,-0.8036,-0.3268,0.0759,1,0.11460,0.0911,0.0906,0.9356,0.2702,0,0.10357,0.0262,-0.0020,0.8987,0.600
5850.5,0,0.000,45.316,0.000,47.927,14.161,0.030,26.146,10.402,27.488,0.001,0.174,54.512,0.003,0.000,50.462,0.004,46.758,0.000,154.956,1.939,1.555,0.044,0.048,57.522,0.4714,0.7688,1.0968,0.0745,0,0.36684,0.2565,-0.2334,0.7851,0.5191,1,0.07181,-0.0127,-0.5336,1.0608,-0.1550,1,0.15026,0.3806,-0.0134,-0.3477,-0.2450,0,1.83888,-0.3486,-0.8339,-0.3410,0.0608,1,0.10875,0.0637,0.0732,0.9885,0.2625,1,0.10227,0.0265,-0.0025,0.9035,0.597
5884.0,0,0.000,82.103,0.000,49.076,21.085,0.006,19.687,18.759,40.966,0.000,0.033,37.300,0.407,0.000,60.097,0.001,39.775,0.000,136.463,1.796,2.443,0.008,0.009,45.787,0.4511,0.7789,1.0990,0.0823,0,0.26604,0.3228,-0.2857,0.8980,0.4722,1,0.10879,-0.0040,-0.5649,1.0720,-0.1777,1,0.14729,0.4505,-0.0212,-0.3801,-0.2399,0,1.77042,-0.3208,-0.8292,-0.3313,0.0718,1,0.10446,0.0400,0.0368,0.9975,0.2747,1,0.10235,0.0268,-0.0029,0.8469,0.595
5917.0,0,0.000,58.554,0.000,47.523,12.428,0.001,14.231,16.741,53.807,0.000,0.006,46.040,0.078,0.000,60.500,0.388,38.084,0.000,137.952,2.514,0.945,1.959,0.002,24.764,0.4390,0.7828,1.1002,0.0710,0,0.14060,0.3610,-0.2821,0.9932,0.4393,1,0.11492,-0.0035,-0.5898,1.0975,-0.2279,1,0.14184,0.4480,-0.0230,-0.3894,-0.2411,0,1.62719,-0.3361,-0.8026,-0.3164,0.1133,1,0.09637,0.0247,0.0556,1.0113,0.2844,1,0.10092,0.0269,-0.0023,0.7659,0.586
5950.5,0,0.000,39.149,0.000,47.077,10.978,1.726,33.377,10.847,48.231,0.000,0.001,46.242,0.015,0.000,61.331,1.063,51.415,0.000,143.651,2.735,0.177,7.889,3.961,9.663,0.4511,0.7788,1.0994,0.0739,0,0.07316,0.3470,-0.2476,1.0310,0.4386,1,0.09312,-0.0168,-0.6016,1.1238,-0.2606,1,0.12974,0.3308,-0.0172,-0.3732,-0.2479,0,1.46054,-0.3657,-0.7723,-0.3095,0.1482,1,0.08675,0.0436,0.1808,1.0130,0.3089,0,0.10146,-0.0631,-0.0018,0.7094,0.589
5984.0,0,0.000,68.878,0.000,50.062,7.779,3.684,48.517,16.214,44.084,0.000,0.000,38.534,2.348,0.000,80.731,2.011,50.682,0.000,92.530,1.505,0.033,19.238,18.197,6.447,0.4636,0.7834,1.1135,0.0686,1,0.06865,0.2596,-0.1717,1.0696,0.4578,1,0.08331,-0.0599,-0.5799,1.1572,-0.2636,1,0.11329,0.1255,-0.0601,-0.3507,-0.2551,0,1.25806,-0.4150,-0.7443,-0.3009,0.1626,1,0.08288,0.0987,0.4086,0.8014,0.2997,0,0.30573,-0.0988,-0.0021,0.6752,0.601
6017.0,0,0.000,84.152,0.000,52.249,2.885,1.550,40.916,14.312,49.860,0.000,0.000,20.406,1.575,0.000,88.201,3.027,46.478,0.000,132.567,3.400,0.006,30.676,32.670,5.189,0.4684,0.7878,1.1339,0.0532,1,0.06413,0.1489,-0.0614,1.0893,0.4633,1,0.07412,-0.0961,-0.5629,1.1578,-0.2704,1,0.10853,-0.0753,-0.0980,-0.3310,-0.2517,0,1.12914,-0.4433,-0.7537,-0.3006,0.1815,1,0.09196,0.1518,0.5894,0.4846,0.2903,0,0.82590,-0.0648,-0.0025,0.6296,0.564
6050.5,0,0.000,43.988,0.000,48.778,0.540,1.121,37.137,5.785,63.372,0.000,14.449,5.729,0.295,0.000,87.781,3.512,37.339,0.000,57.004,1.902,0.001,27.888,22.605,4.418,0.4707,0.7797,1.1325,0.0245,0,0.06362,0.0765,0.0432,1.0266,0.4700,1,0.04153,-0.0976,-0.5714,1.0898,-0.2585,1,0.10473,-0.2268,-0.0856,-0.3153,-0.2485,0,1.14643,-0.4426,-0.7817,-0.2934,0.1701,1,0.11193,0.1895,0.6762,0.2540,0.2840,0,1.28762,-0.0226,-0.0030,0.6100,0.508
6084.0,0,0.000,35.494,0.000,47.346,0.101,0.275,32.866,3.184,75.970,0.000,11.835,1.896,0.055,0.000,83.059,2.939,27.925,0.000,23.610,0.356,0.000,16.443,6.831,4.571,0.4775,0.7714,1.1106,0.0544,0,0.14034,0.0912,0.0661,0.8889,0.4527,1,0.03917,-0.0418,-0.6191,0.9145,-0.1887,1,0.08908,-0.3123,-0.0531,-0.3078,-0.2527,0,1.32114,-0.3996,-0.8250,-0.2877,0.1210,1,0.14506,0.2070,0.6831,0.2089,0.2818,0,1.47790,0.0049,-0.0034,0.6691,0.446
6117.0,0,0.000,72.241,0.000,49.674,4.810,0.053,22.215,11.077,80.656,0.000,2.559,18.256,2.892,0.000,81.750,1.511,34.860,0.000,26.726,0.068,0.000,8.033,1.312,14.907,0.4789,0.7763,1.1043,0.1137,0,0.11606,0.1744,0.0132,0.9159,0.4547,1,0.04069,-0.0272,-0.6370,0.9625,-0.1421,1,0.11133,-0.2724,-0.0816,-0.3185,-0.2554,0,1.24088,-0.3691,-0.8089,-0.2870,0.0676,1,0.11425,0.2057,0.6061,0.4771,0.2819,0,0.98284,0.0182,-0.0036,0.6818,0.498
6150.5,0,0.000,73.417,0.000,50.941,9.209,0.010,7.250,12.777,63.693,0.380,0.479,57.863,0.689,0.000,60.473,0.314,48.790,0.000,32.179,0.093,0.000,2.292,0.246,37.010,0.4733,0.7873,1.1079,0.1203,1,0.06949,0.2149,-0.0787,1.0032,0.4675,1,0.04312,-0.0398,-0.6286,1.0700,-0.1196,1,0.12545,-0.0855,-0.0941,-0.3457,-0.2490,0,1.15238,-0.3455,-0.7535,-0.2461,0.0373,1,0.08186,0.1839,0.4528,0.8382,0.2927,0,0.29523,-0.0361,-0.0034,0.6800,0.586
6184.0,0,0.000,30.284,0.000,46.610,6.274,0.378,7.777,7.676,30.575,0.615,0.090,61.282,0.129,0.000,42.026,0.059,51.373,0.000,90.922,1.068,0.574,0.429,0.046,45.702,0.4749,0.7846,1.1041,0.1146,1,0.07034,0.2475,-0.1180,1.0121,0.4747,1,0.04591,-0.0376,-0.6023,1.0958,-0.0997,1,0.14613,0.1628,-0.0689,-0.3624,-0.2380,0,1.29751,-0.3324,-0.7513,-0.2411,0.0337,1,0.09160,0.1398,0.2958,0.9810,0.3003,1,0.09857,-0.0590,-0.0034,0.6860,0.593
6217.0,0,0.000,32.414,0.000,46.551,7.508,0.122,26.683,6.002,17.305,0.716,0.017,57.874,0.025,0.000,31.246,0.011,46.954,0.000,66.457,1.221,0.708,0.082,0.009,42.559,0.4769,0.7666,1.0983,0.1390,0,0.12907,0.2603,-0.1397,0.9584,0.4838,1,0.04406,-0.0194,-0.5541,1.0690,-0.0381,1,0.16375,0.3126,-0.0407,-0.3575,-0.2149,0,1.49640,-0.3276,-0.7741,-0.2478,0.0671,1,0.09759,0.0957,0.1823,0.9986,0.2986,1,0.09813,-0.0358,-0.0034,0.7244,0.569
6250.5,0,0.000,64.873,0.000,49.349,13.952,0.023,31.650,6.541,19.535,0.134,0.003,57.804,0.762,0.000,49.242,0.002,45.506,0.000,115.335,3.395,0.133,3.236,0.002,28.980,0.4787,0.7720,1.0977,0.1620,0,0.28973,0.2482,-0.2317,0.8686,0.4901,1,0.04519,-0.0005,-0.5010,1.0532,-0.0241,1,0.16047,0.3573,-0.0431,-0.3655,-0.2140,0,1.71172,-0.3453,-0.7808,-0.2750,0.1024,1,0.09693,0.0778,0.1775,1.0165,0.2968,1,0.10104,-0.0073,-0.0032,0.8457,0.594
6284.0,0,0.000,83.578,0.000,51.267,10.280,0.004,8.108,5.229,8.058,0.025,0.001,60.241,0.365,0.000,55.757,0.422,45.378,0.000,135.515,3.352,0.025,12.242,0.000,20.285,0.4781,0.7815,1.1025,0.1356,0,0.41511,0.2588,-0.2948,0.8192,0.4967,1,0.04579,0.0003,-0.4277,1.0945,-0.0913,1,0.13593,0.3144,-0.0469,-0.3707,-0.2284,0,1.82471,-0.3806,-0.7713,-0.2994,0.1203,1,0.08765,0.0906,0.3215,1.0416,0.3024,0,0.10201,0.0104,-0.0033,0.9384,0.629
6317.0,0,0.000,47.601,0.000,48.093,18.573,0.461,27.748,15.019,2.758,3.875,0.000,70.577,0.070,0.392,58.863,0.194,54.816,0.000,154.614,3.875,0.005,26.819,5.569,12.969,0.4790,0.7819,1.1035,0.1024,0,0.51644,0.2350,-0.3238,0.8821,0.4713,1,0.07645,-0.0046,-0.2523,1.1930,-0.1437,1,0.10393,0.2135,-0.0206,-0.3801,-0.2393,0,1.89840,-0.4276,-0.7423,-0.3010,0.1363,1,0.07166,0.1137,0.5307,0.9851,0.3036,0,0.12559,0.0186,-0.0686,0.9768,0.641
6350.5,0,0.000,45.254,0.000,48.413,23.685,0.475,50.712,18.775,1.756,24.364,0.000,79.576,0.013,0.287,39.264,0.036,57.401,0.000,103.931,2.015,0.001,44.046,17.391,7.184,0.4815,0.7768,1.1008,0.0835,0,0.53092,0.1796,-0.3181,0.9526,0.4310,1,0.07079,0.0733,0.1394,1.2761,-0.1577,1,0.05094,0.0952,0.0065,-0.3819,-0.2457,0,1.87592,-0.4544,-0.7345,-0.2857,0.1386,1,0.07260,0.1359,0.6720,0.8049,0.3048,0,0.32633,0.0228,-0.0983,0.9551,0.619
6384.0,0,0.000,77.486,0.000,50.769,24.897,1.620,59.603,14.179,0.329,10.608,0.000,85.790,1.481,0.054,41.366,0.228,41.416,0.000,95.823,2.099,0.000,42.872,16.341,6.042,0.4823,0.7810,1.1011,0.0694,0,0.57019,0.1071,-0.3331,0.9517,0.4267,1,0.06731,0.0623,0.3743,1.3384,-0.1599,1,0.05690,-0.0182,-0.0238,-0.3690,-0.2500,0,1.83108,-0.4724,-0.7453,-0.2753,0.1102,1,0.07754,0.1477,0.7327,0.5542,0.2989,0,0.64964,0.0249,-0.0743,0.9617,0.590
6417.0,0,0.000,71.939,0.000,50.364,19.983,0.494,59.892,7.917,0.063,2.037,0.000,82.098,0.284,0.010,50.926,1.020,36.745,0.000,142.246,3.516,0.000,44.119,29.938,3.743,0.4814,0.7846,1.1033,0.0483,0,0.64410,0.0712,-0.3713,0.8889,0.4390,1,0.06053,-0.0056,0.3667,1.3379,-0.1760,1,0.05937,-0.1091,-0.0420,-0.3469,-0.2530,0,1.82721,-0.4784,-0.7553,-0.2769,0.0744,1,0.08329,0.1488,0.7561,0.3074,0.2902,0,0.95482,0.0259,-0.0434,1.0093,0.579
6450.5,0,0.000,37.248,0.000,46.243,12.277,0.092,50.570,4.141,9.901,0.382,0.000,80.050,0.053,0.002,57.048,0.969,24.269,0.000,155.516,3.832,0.000,39.547,15.895,3.023,0.4821,0.7790,1.1016,0.0088,0,0.75413,0.1153,-0.4033,0.7741,0.4533,1,0.04425,-0.0626,0.0686,1.2616,-0.2194,1,0.05846,-0.1194,-0.0331,-0.3353,-0.2544,0,1.89668,-0.4596,-0.7527,-0.2928,0.0709,1,0.09276,0.1436,0.7638,0.1538,0.2838,0,1.11901,0.0264,-0.0224,1.0786,0.584
6484.0,0,0.000,38.014,0.000,47.379,12.172,0.017,33.589,11.649,43.994,0.071,0.000,59.731,0.010,0.000,53.535,0.257,36.144,0.000,156.257,3.703,0.000,20.819,2.977,2.302,0.4819,0.7692,1.0985,0.0093,0,0.74653,0.1672,-0.4311,0.7972,0.4395,1,0.04372,-0.1344,-0.2658,1.2234,-0.2438,1,0.05057,-0.0081,-0.0210,-0.3478,-0.2527,0,1.88934,-0.4469,-0.7157,-0.3065,0.0574,1,0.06791,0.1424,0.7486,0.1626,0.2803,0,0.99123,0.0251,-0.0581,1.0885,0.651
6517.0,0,0.000,70.868,0.000,49.431,16.655,0.003,25.390,26.170,81.458,0.014,0.000,19.175,1.000,0.000,49.618,0.049,43.017,0.000,153.987,3.029,0.000,10.715,0.572,12.340,0.4776,0.7751,1.1004,0.0198,0,0.59024,0.1582,-0.4267,0.9332,0.4100,1,0.06077,-0.1729,-0.4141,1.2242,-0.2404,1,0.04968,0.1849,-0.0391,-0.3653,-0.2468,0,1.81803,-0.4374,-0.6797,-0.2890,0.0404,1,0.06896,0.1399,0.6790,0.4527,0.2796,0,0.56904,0.0238,-0.0707,1.0165,0.706
6550.5,0,0.000,78.970,0.000,49.753,13.058,0.569,32.860,24.353,71.146,0.003,0.000,5.147,0.187,0.000,16.773,0.009,44.917,0.000,160.554,3.263,0.000,4.597,0.107,39.732,0.4471,0.7824,1.1044,0.0097,0,0.38198,0.1218,-0.3890,1.0194,0.4016,1,0.05998,-0.1503,-0.5207,1.1731,-0.2180,1,0.04400,0.3440,-0.0440,-0.3332,-0.2349,0,1.69584,-0.3946,-0.6883,-0.2702,0.0341,1,0.06547,0.1292,0.5369,0.8260,0.2895,0,0.13773,0.0232,-0.0501,0.9181,0.721
6584.0,0,0.000,45.384,0.000,46.485,12.394,0.624,61.021,10.236,64.318,0.000,0.000,11.351,0.035,0.481,16.261,0.002,53.120,0.000,167.509,2.663,0.000,1.062,0.020,56.583,0.4373,0.7803,1.1031,0.0149,0,0.22361,0.1627,-0.3390,1.0117,0.4211,1,0.04874,-0.0859,-0.5905,1.0965,-0.2028,1,0.04325,0.4452,-0.0126,-0.2856,-0.2072,0,1.60576,-0.2899,-0.7419,-0.2598,0.0395,1,0.08327,0.1019,0.4055,0.9557,0.2895,1,0.09681,0.0239,-0.0283,0.8288,0.679
6617.0,0,0.000,42.842,0.000,46.281,13.960,0.120,62.973,4.349,60.221,0.000,0.000,28.471,0.007,2.967,36.347,0.000,51.051,0.000,148.384,1.496,0.514,0.204,0.004,61.888,0.4513,0.7745,1.0995,0.0582,0,0.29685,0.2256,-0.3607,0.8767,0.4707,1,0.04323,-0.0218,-0.6104,1.0582,-0.1891,1,0.07324,0.4983,0.0650,-0.2957,-0.1970,0,1.78943,-0.1858,-0.7966,-0.2760,0.0433,1,0.09890,0.0901,0.2645,0.9938,0.3108,1,0.10003,0.0251,-0.0149,0.8897,0.662
6650.5,0,0.000,76.920,0.000,48.022,17.026,0.022,57.037,6.174,53.693,0.371,4.780,22.325,0.001,1.877,56.098,0.000,49.096,0.000,149.354,1.791,0.612,0.642,0.001,55.288,0.4637,0.7797,1.0998,0.0732,0,0.46437,0.2262,-0.4185,0.7480,0.4892,1,0.04379,-0.0041,-0.5857,1.0133,-0.1542,1,0.07742,0.5063,0.1211,-0.3423,-0.2098,0,2.06140,-0.2430,-0.8224,-0.3183,0.0366,1,0.10603,0.0510,0.1795,1.0101,0.3214,1,0.10377,0.0250,-0.0082,1.0037,0.663
6684.0,0,0.000,69.161,0.000,49.592,21.064,0.004,28.438,7.373,60.045,0.251,3.349,47.052,0.000,0.600,60.305,0.630,51.036,0.000,126.567,2.681,0.276,3.901,0.000,45.796,0.4722,0.7838,1.1020,0.0443,0,0.54331,0.2258,-0.4448,0.7124,0.4874,1,0.04343,-0.0160,-0.5652,1.0032,-0.1249,1,0.08513,0.4311,0.1160,-0.3640,-0.2295,0,2.12362,-0.3289,-0.8073,-0.3455,0.0617,1,0.10118,0.0271,0.1976,1.0441,0.3201,1,0.10543,0.0249,-0.0051,1.0467,0.660
6717.0,0,0.000,38.043,0.000,48.721,24.267,0.113,35.351,14.903,46.513,0.048,0.643,63.506,0.000,0.478,70.331,2.539,46.903,0.000,54.704,2.014,3.805,5.272,0.000,43.358,0.4783,0.7786,1.1017,-0.0092,0,0.48183,0.2802,-0.4272,0.7935,0.4327,1,0.06572,-0.0126,-0.5681,1.0023,-0.1039,1,0.09233,0.2340,0.0899,-0.3467,-0.2461,0,1.91413,-0.3674,-0.7782,-0.3346,0.1180,1,0.10166,0.0373,0.1979,1.0717,0.3186,1,0.10458,0.0253,-0.0039,0.9911,0.645
6750.5,0,0.000,48.628,0.000,49.053,16.812,0.914,24.086,27.790,22.454,0.009,0.120,51.196,0.521,0.089,75.269,3.107,37.470,0.000,30.278,1.798,2.817,4.232,5.888,21.094,0.4793,0.7748,1.1006,-0.0590,0,0.30743,0.3376,-0.3548,0.9174,0.3838,1,0.07800,0.0163,-0.5735,1.0120,-0.1125,1,0.09210,-0.0170,0.0407,-0.3195,-0.2566,0,1.54082,-0.3813,-0.7500,-0.2779,0.1615,1,0.10495,0.0586,0.1778,1.0859,0.3519,1,0.10388,0.0257,-0.0034,0.8610,0.604
6784.0,0,0.000,85.192,0.000,51.819,14.973,1.131,13.374,40.511,24.495,0.002,0.023,48.602,3.711,0.017,89.999,3.971,37.295,0.000,43.029,2.991,0.699,9.671,9.832,7.223,0.4844,0.7954,1.1120,-0.0783,1,0.06912,0.3264,-0.2816,1.0581,0.4059,1,0.07727,0.0287,-0.5665,1.0670,-0.1686,1,0.06016,-0.2163,-0.0517,-0.3033,-0.2625,0,1.05432,-0.4090,-0.6965,-0.2135,0.1731,1,0.08671,0.1023,0.2458,1.0127,0.3721,1,0.10185,0.0267,-0.0033,0.6766,0.586
6817.0,0,0.000,53.677,0.000,50.119,10.945,0.217,32.929,21.464,9.098,0.000,0.004,57.917,0.878,0.003,90.360,4.418,33.002,0.000,79.801,2.898,0.134,47.294,2.573,5.488,0.4789,0.7886,1.1171,-0.0905,0,0.06660,0.2154,-0.2506,1.1417,0.4271,1,0.07008,-0.0172,-0.5001,1.1685,-0.2004,1,0.04511,-0.3241,-0.0916,-0.2944,-0.2659,0,0.91455,-0.4498,-0.6408,-0.2000,0.1539,1,0.06571,0.1422,0.5129,0.7792,0.3288,0,0.28730,0.0256,-0.0030,0.6668,0.644
6850.5,0,0.000,32.009,0.000,47.059,12.088,1.481,51.744,5.876,1.704,11.945,0.001,72.214,0.165,0.001,87.388,3.972,41.612,0.000,145.232,3.104,0.025,46.255,0.482,6.105,0.4773,0.7757,1.1074,-0.0583,0,0.34441,0.0456,-0.2432,1.0380,0.4433,1,0.04701,-0.0172,-0.1892,1.2317,-0.2108,1,0.04695,-0.3573,-0.0734,-0.2903,-0.2673,0,1.27700,-0.4951,-0.6885,-0.2166,0.1208,1,0.08216,0.1488,0.6756,0.6079,0.3008,0,0.56027,0.0256,-0.0032,0.8270,0.621
6884.0,0,0.000,54.717,0.000,49.238,12.429,1.652,58.465,2.483,0.319,10.214,0.000,83.430,1.836,0.000,90.323,3.155,41.755,0.000,160.223,3.752,0.005,21.907,0.090,2.019,0.4776,0.7756,1.1042,0.0519,0,0.63045,-0.0585,-0.3029,0.8031,0.4765,1,0.04055,-0.0035,0.1620,1.2426,-0.2126,1,0.05617,-0.3402,-0.0841,-0.2948,-0.2667,0,1.66156,-0.4993,-0.7866,-0.2626,0.0826,1,0.11154,0.1474,0.7205,0.4720,0.2882,0,0.84245,0.0266,-0.0032,1.0010,0.543
6917.0,0,0.000,89.025,0.000,52.161,12.523,0.317,21.093,3.604,0.061,1.962,0.000,88.088,3.349,0.000,90.420,3.233,37.456,0.000,157.607,3.337,0.001,13.189,0.017,1.586,0.4744,0.7837,1.1075,0.1040,0,0.79518,-0.0467,-0.3769,0.6483,0.4793,1,0.04084,-0.0609,0.2531,1.2513,-0.2176,1,0.06206,-0.2757,-0.1257,-0.2995,-0.2647,0,1.82455,-0.4641,-0.8443,-0.3252,0.0488,1,0.12495,0.1498,0.6842,0.3630,0.2834,0,0.91806,0.0270,-0.0033,1.1144,0.524
6950.5,0,0.000,61.283,0.000,50.161,13.839,0.264,10.152,9.194,2.453,0.367,0.000,84.263,0.690,0.000,80.418,2.524,34.626,0.000,160.675,3.467,0.000,6.767,0.003,3.029,0.4638,0.7862,1.1091,0.1128,0,0.75190,0.0392,-0.3911,0.6986,0.4712,1,0.04407,-0.0963,0.1366,1.2756,-0.2170,1,0.05942,-0.1041,-0.1220,-0.3040,-0.2616,0,1.83425,-0.4301,-0.8211,-0.3393,0.0460,1,0.09521,0.1471,0.5713,0.3230,0.2913,0,0.73549,0.0264,-0.0033,1.1129,0.582
6984.0,0,0.000,40.600,0.000,47.832,16.399,0.049,18.763,11.843,11.202,0.069,0.000,78.555,0.129,0.000,59.945,0.840,45.038,0.000,159.400,2.971,0.000,3.159,0.001,4.263,0.4648,0.7802,1.1061,0.1516,0,0.68002,0.1319,-0.3988,0.8196,0.4317,1,0.06614,-0.1079,-0.1060,1.2694,-0.2292,1,0.05282,0.1143,-0.0822,-0.3193,-0.2571,0,1.88938,-0.4121,-0.7684,-0.3199,0.0591,1,0.07100,0.1406,0.4223,0.3356,0.2926,0,0.45267,0.0255,-0.0031,1.0756,0.644
7017.0,0,0.000,59.938,0.000,49.956,21.571,0.373,29.069,25.529,35.057,0.013,0.000,55.467,2.509,0.000,61.549,0.445,39.344,0.000,162.344,2.841,0.000,0.878,0.000,7.265,0.4721,0.7798,1.1059,0.2132,0,0.59431,0.1635,-0.4255,0.9284,0.4120,1,0.07232,-0.1479,-0.3080,1.2713,-0.2359,1,0.04877,0.2555,-0.0947,-0.3420,-0.2534,0,1.83399,-0.4131,-0.6962,-0.2945,0.0525,1,0.06531,0.1135,0.2761,0.4054,0.2866,0,0.14765,0.0238,-0.0028,1.0404,0.712
7050.5,0,0.000,83.850,0.000,52.581,24.240,0.070,21.076,43.699,78.524,0.002,0.000,16.292,1.379,0.000,67.395,1.139,46.440,0.000,162.513,3.255,0.000,0.165,0.000,19.409,0.4772,0.7844,1.1099,0.2039,0,0.43363,0.1081,-0.4287,1.0060,0.4016,1,0.07828,-0.1280,-0.4355,1.2316,-0.2523,1,0.04960,0.2251,-0.1121,-0.3476,-0.2532,0,1.60869,-0.4195,-0.6753,-0.2824,0.0393,1,0.06439,0.0630,0.2115,0.5802,0.2376,1,0.09105,0.0229,0.0461,0.9645,0.735
7084.0,0,0.000,41.733,0.000,49.968,13.262,0.103,40.870,19.727,74.119,0.000,0.000,10.084,0.258,0.000,69.543,1.784,54.862,0.000,159.264,3.230,0.826,0.031,0.000,44.149,0.4809,0.7818,1.1095,0.1686,0,0.23581,0.0828,-0.3870,1.0444,0.4063,1,0.06745,-0.0678,-0.5209,1.1649,-0.2625,1,0.04767,0.0595,-0.0898,-0.3376,-0.2562,0,1.30625,-0.4117,-0.6873,-0.2782,0.0317,1,0.06730,0.0376,0.1540,0.7520,0.1924,1,0.09472,0.0228,0.0646,0.8435,0.709
7117.0,0,0.000,33.392,0.000,48.819,11.505,0.020,57.536,4.811,69.885,0.000,0.000,33.120,0.050,0.000,78.837,2.401,54.173,0.000,163.450,3.394,2.414,0.006,0.000,56.404,0.4836,0.7712,1.1046,0.1717,0,0.21054,0.1361,-0.3566,0.9837,0.4406,1,0.04735,-0.0342,-0.5402,1.1266,-0.2138,1,0.06088,-0.0900,-0.0560,-0.3263,-0.2602,0,1.23113,-0.3966,-0.6987,-0.2730,0.0290,1,0.07498,0.0372,0.0893,0.7892,0.1709,1,0.09481,0.0240,0.0454,0.8290,0.690
7150.5,0,0.000,64.513,0.000,50.294,14.356,0.004,54.495,6.267,57.193,0.381,0.000,56.424,2.869,0.000,90.558,2.829,51.223,0.000,166.056,3.296,0.744,0.001,0.000,51.372,0.4832,0.7745,1.1035,0.1724,0,0.36787,0.2139,-0.3780,0.8532,0.4753,1,0.04329,-0.0293,-0.5201,1.0851,-0.1105,1,0.08275,-0.1582,-0.0848,-0.3196,-0.2629,0,1.31806,-0.3799,-0.7206,-0.2851,0.0267,1,0.08070,0.0407,0.0765,0.7906,0.1775,1,0.09524,0.0242,0.0233,0.9381,0.697
7184.0,0,0.000,90.579,0.000,51.964,10.052,0.001,26.468,10.822,51.655,0.250,0.000,40.379,1.411,0.000,76.193,2.765,50.872,0.000,142.075,2.748,0.929,1.097,0.000,45.963,0.4781,0.7831,1.1081,0.1320,0,0.38656,0.2667,-0.3539,0.8466,0.4893,1,0.04546,-0.0373,-0.5099,1.0717,-0.0437,1,0.07836,-0.1634,-0.1108,-0.3101,-0.2628,0,1.28630,-0.3596,-0.7293,-0.2864,0.0268,1,0.07495,0.0497,0.1171,0.8058,0.1846,1,0.09444,0.0237,0.0096,0.9434,0.702
7217.0,0,0.000,56.058,0.000,48.740,7.521,0.000,18.040,6.997,55.675,0.155,1.735,44.330,0.271,0.000,46.837,0.924,41.481,0.000,140.099,2.244,0.845,2.441,0.000,48.334,0.4746,0.7847,1.1088,0.0961,0,0.34036,0.3126,-0.3052,0.8655,0.4802,1,0.05341,-0.0327,-0.5231,1.0648,-0.0384,1,0.08386,-0.1435,-0.0911,-0.3052,-0.2601,0,1.30192,-0.3280,-0.7435,-0.2819,0.0320,1,0.08451,0.0723,0.1638,0.8984,0.2130,1,0.09412,0.0242,0.0024,0.9052,0.679
7250.5,0,0.000,42.954,0.000,47.657,5.536,0.000,16.051,3.800,60.144,0.077,0.325,59.382,0.051,0.000,49.648,0.173,44.417,0.000,156.933,2.968,2.475,1.573,0.000,54.996,0.4772,0.7797,1.1050,0.1206,0,0.36093,0.3386,-0.2723,0.8102,0.4911,1,0.04246,-0.0200,-0.5238,1.0561,-0.0572,1,0.08918,-0.1048,-0.0562,-0.3287,-0.2570,0,1.42975,-0.3154,-0.7602,-0.2869,0.0345,1,0.09181,0.0802,0.1452,0.9452,0.2212,1,0.09747,0.0249,-0.0007,0.9166,0.659
7284.0,0,0.000,75.157,0.000,50.679,6.239,0.401,15.340,7.135,35.767,0.014,0.061,57.019,1.699,0.000,47.924,0.230,38.807,0.000,159.415,3.188,1.015,0.295,0.000,55.978,0.4805,0.7819,1.1055,0.1299,0,0.36714,0.3103,-0.2431,0.8065,0.4905,1,0.04249,-0.0228,-0.5151,1.0557,-0.0643,1,0.08581,-0.0348,-0.0697,-0.3460,-0.2562,0,1.50077,-0.3229,-0.7667,-0.2950,0.0338,1,0.09331,0.0697,0.1193,0.9481,0.2348,1,0.09744,0.0250,-0.0022,0.9113,0.641
7317.0,0,0.000,79.495,0.000,51.355,10.491,0.077,5.473,7.664,32.884,0.003,0.012,43.929,0.472,0.000,35.692,0.044,34.178,0.000,160.658,3.104,0.578,0.475,0.000,54.227,0.4812,0.7851,1.1091,0.0980,0,0.37714,0.2172,-0.2589,0.8378,0.4551,1,0.04908,-0.0330,-0.5104,1.0605,-0.0796,1,0.08260,0.0328,-0.0740,-0.3471,-0.2563,0,1.56039,-0.3377,-0.7628,-0.2999,0.0329,1,0.09594,0.0603,0.1249,0.9468,0.2417,1,0.09904,0.0259,-0.0027,0.9136,0.635
7350.5,0,0.000,34.338,0.000,47.069,9.253,0.529,14.501,6.108,49.671,0.001,0.002,43.985,0.088,0.000,42.078,0.695,47.275,0.000,152.176,3.621,0.668,2.422,0.000,42.748,0.4813,0.7795,1.1073,0.0889,0,0.42151,0.1262,-0.2978,0.8288,0.3973,1,0.04496,-0.0399,-0.5041,1.0543,-0.0947,1,0.08546,0.0629,-0.0530,-0.3337,-0.2561,0,1.64431,-0.3656,-0.7695,-0.3109,0.0288,1,0.09904,0.0601,0.1597,0.9881,0.2478,1,0.09926,0.0258,-0.0030,0.9448,0.633
7384.0,0,0.000,32.925,0.000,46.456,4.968,0.401,23.980,4.361,51.383,0.000,0.000,30.277,0.321,0.000,55.012,1.543,54.003,0.000,138.885,3.609,0.202,6.122,0.000,14.710,0.4817,0.7674,1.1021,0.1168,0,0.48119,0.1015,-0.3063,0.7867,0.3674,1,0.04306,-0.0431,-0.4883,1.0403,-0.0963,1,0.08254,0.0120,-0.0408,-0.3154,-0.2571,0,1.67446,-0.3958,-0.7788,-0.3280,0.0216,1,0.10207,0.0842,0.2159,1.0212,0.2590,0,0.10182,0.0260,-0.0031,0.9836,0.634
7417.0,0,0.000,73.570,0.000,49.419,7.579,0.077,19.223,16.575,61.811,0.000,2.465,43.819,2.838,0.000,78.555,2.662,47.410,0.000,149.458,4.624,0.039,12.163,8.057,7.550,0.4809,0.7739,1.1008,0.1131,0,0.40834,0.1235,-0.2871,0.8743,0.3654,1,0.04509,-0.0396,-0.4865,1.0639,-0.0793,1,0.06176,-0.0925,-0.0810,-0.3048,-0.2597,0,1.43258,-0.4094,-0.7442,-0.3282,0.0131,1,0.07420,0.1260,0.3551,0.9611,0.2886,0,0.10229,0.0258,-0.0030,0.9387,0.670
7450.5,0,0.000,69.311,0.000,49.463,8.232,0.014,3.601,23.389,51.748,0.000,0.462,45.629,0.923,0.000,71.116,3.061,41.459,0.000,101.790,3.846,0.007,19.849,20.798,5.738,0.4800,0.7802,1.1028,0.0770,0,0.23671,0.1628,-0.2542,1.0182,0.3956,1,0.05128,-0.0452,-0.5032,1.1220,-0.0603,1,0.05704,-0.2016,-0.1010,-0.2931,-0.2623,0,1.08784,-0.4216,-0.6610,-0.2898,0.0324,1,0.06332,0.1574,0.5163,0.6788,0.2858,0,0.30834,0.0242,-0.0030,0.8327,0.713
7484.0,0,0.000,35.765,0.000,46.087,4.172,1.065,10.252,12.487,45.179,0.000,0.086,52.870,0.173,0.000,63.738,2.851,42.436,0.000,114.227,3.540,0.001,22.909,35.409,5.999,0.4858,0.7819,1.1030,0.0869,1,0.07020,0.2294,-0.1690,1.1048,0.4264,1,0.05048,-0.0515,-0.5235,1.1409,-0.0586,1,0.05772,-0.2643,-0.0773,-0.2809,-0.2644,0,0.91033,-0.4203,-0.6320,-0.2690,0.0763,1,0.06226,0.1730,0.6214,0.3535,0.2848,0,0.80022,0.0235,-0.0029,0.7064,0.696
7517.0,0,0.000,45.853,0.000,47.679,6.612,1.518,46.919,7.215,33.817,0.450,0.017,57.798,1.264,0.000,78.408,3.208,54.003,0.000,125.333,3.317,0.000,26.981,46.217,5.509,0.4890,0.7807,1.0985,0.1809,0,0.08321,0.2509,-0.1257,1.0604,0.4704,1,0.04619,-0.0562,-0.5198,1.1331,-0.0663,1,0.07002,-0.3093,-0.0763,-0.2795,-0.2656,0,0.95534,-0.4103,-0.6540,-0.2739,0.1285,1,0.07343,0.1792,0.6810,0.1051,0.2846,0,1.25219,0.0244,-0.0029,0.7061,0.666
7550.5,0,0.000,85.090,0.000,51.082,5.774,1.507,44.131,3.864,26.639,0.084,0.003,45.357,3.858,0.000,93.305,3.476,46.354,0.000,118.512,2.580,0.000,33.933,20.107,4.228,0.4839,0.7828,1.1028,0.2157,0,0.31840,0.1770,-0.1748,0.8910,0.4839,1,0.04112,-0.0646,-0.4871,1.0961,-0.0829,1,0.07460,-0.3471,-0.1211,-0.2878,-0.2661,0,1.18085,-0.4063,-0.7150,-0.3006,0.1353,1,0.09326,0.1845,0.7163,0.0179,0.2848,0,1.40746,0.0249,-0.0029,0.8691,0.654
7584.0,0,0.000,61.099,0.000,50.667,4.764,0.282,12.127,2.014,42.447,0.016,3.159,12.310,1.094,0.000,85.728,3.282,31.388,0.000,142.424,2.284,0.000,27.903,3.766,3.817,0.4821,0.7847,1.1066,0.1555,0,0.56405,0.1007,-0.2357,0.7263,0.5272,1,0.04096,-0.0747,-0.4738,1.0642,-0.1222,1,0.05897,-0.3423,-0.1307,-0.2937,-0.2654,0,1.39456,-0.3868,-0.7702,-0.3349,0.0998,1,0.10594,0.1903,0.7257,0.1255,0.2846,0,1.20375,0.0251,-0.0030,1.0291,0.655
7617.0,0,0.000,34.976,0.000,47.436,4.274,0.054,20.774,1.671,69.027,0.003,5.034,15.410,0.210,0.000,79.038,2.517,33.353,0.000,158.349,3.182,0.000,18.913,0.723,6.876,0.4827,0.7770,1.1048,0.1533,0,0.70931,0.1246,-0.2847,0.5961,0.5753,1,0.03655,-0.0748,-0.4845,1.0446,-0.1435,1,0.05824,-0.2849,-0.0959,-0.2992,-0.2635,0,1.57229,-0.3699,-0.7949,-0.3465,0.0651,1,0.10627,0.1913,0.7030,0.3142,0.2833,0,0.89304,0.0247,-0.0030,1.1275,0.664
7650.5,0,0.000,48.916,0.000,48.767,3.258,0.010,26.037,3.135,59.709,0.001,0.943,51.692,1.494,0.000,85.332,2.266,45.109,0.000,155.624,2.467,0.000,8.650,0.135,21.308,0.4832,0.7749,1.1025,0.2282,0,0.76696,0.1787,-0.2991,0.5282,0.6071,1,0.03461,-0.0827,-0.4700,1.0604,-0.1332,1,0.07055,-0.2040,-0.0905,-0.3084,-0.2617,0,1.68247,-0.3802,-0.7927,-0.3484,0.0413,1,0.09360,0.1825,0.6171,0.6474,0.2873,0,0.42798,0.0239,-0.0028,1.1698,0.670
7684.0,0,0.000,87.520,0.000,52.482,11.088,0.101,11.646,15.452,29.833,0.000,0.177,52.646,3.548,0.000,92.341,3.049,37.414,0.000,125.221,1.709,0.000,3.623,0.025,36.841,0.4827,0.7824,1.1070,0.2408,0,0.58303,0.2301,-0.3100,0.7476,0.5419,1,0.08491,-0.1078,-0.4814,1.0888,-0.0680,1,0.06213,-0.1509,-0.1284,-0.3120,-0.2617,0,1.48486,-0.4007,-0.7456,-0.3459,0.0235,1,0.07955,0.1698,0.4864,0.8948,0.3126,1,0.09936,0.0235,-0.0029,1.0467,0.693
7717.0,0,0.000,59.440,0.000,51.814,9.199,0.019,6.558,20.692,37.809,0.000,0.034,38.708,0.755,0.000,88.656,3.280,38.348,0.000,103.344,2.294,0.691,4.650,0.005,45.256,0.4830,0.7850,1.1108,0.1732,0,0.39069,0.2737,-0.2570,0.9183,0.4602,1,0.08359,-0.0834,-0.5295,1.0885,-0.0717,1,0.07525,-0.1463,-0.1260,-0.3100,-0.2627,0,1.33859,-0.3614,-0.7338,-0.3148,0.0259,1,0.08114,0.1490,0.4214,0.9573,0.3102,1,0.09634,0.0244,-0.0030,0.9160,0.671
7750.5,0,0.000,26.287,0.000,47.993,8.922,0.394,17.939,13.709,59.224,0.083,9.666,31.360,0.141,0.000,64.332,2.134,51.993,0.000,137.047,3.630,0.129,6.239,0.001,42.117,0.4844,0.7745,1.1081,0.1128,0,0.21040,0.3148,-0.2150,0.9986,0.4428,1,0.06955,-0.0396,-0.5573,1.0879,-0.1271,1,0.06275,-0.1491,-0.0858,-0.3045,-0.2631,0,1.21433,-0.3438,-0.7280,-0.2909,0.0340,1,0.08085,0.1246,0.3700,1.0049,0.3042,1,0.09565,0.0247,-0.0030,0.7927,0.642
7784.0,0,0.000,44.004,0.000,48.038,7.802,2.496,69.172,7.299,57.064,0.016,1.811,51.680,0.560,0.000,56.870,1.411,53.854,0.000,153.687,3.761,0.024,7.247,0.000,44.723,0.4845,0.7685,1.1033,0.1070,0,0.16151,0.2788,-0.1691,0.9705,0.4680,1,0.04542,-0.0264,-0.5539,1.0887,-0.1542,1,0.06964,-0.1615,-0.0638,-0.3026,-0.2628,0,1.19759,-0.3463,-0.7344,-0.2807,0.0375,1,0.08879,0.1109,0.3392,1.0402,0.2846,1,0.09778,0.0258,-0.0031,0.7557,0.618
7817.0,0,0.000,81.758,0.000,50.775,2.857,2.719,68.413,4.223,37.750,0.003,0.348,52.266,1.999,0.000,67.208,1.890,53.078,0.000,150.067,4.116,0.005,6.683,0.000,47.668,0.4815,0.7770,1.1025,0.0882,0,0.35832,0.1293,-0.1450,0.8211,0.4797,1,0.04225,-0.0483,-0.5057,1.0466,-0.1060,1,0.08921,-0.2078,-0.0854,-0.3031,-0.2626,0,1.40910,-0.3737,-0.7785,-0.3056,0.0592,1,0.11232,0.1130,0.3108,1.0809,0.3041,0,0.10181,0.0264,-0.0032,0.8799,0.598
7850.5,0,0.000,54.913,0.000,49.032,4.584,0.509,34.413,2.388,31.777,0.001,0.065,49.895,0.374,0.000,77.783,2.782,48.152,0.000,147.917,4.136,0.001,6.138,0.000,39.671,0.4774,0.7808,1.1023,0.0353,0,0.57920,0.0180,-0.1731,0.6762,0.4783,1,0.03698,-0.0768,-0.4561,1.0148,-0.0879,1,0.08522,-0.2555,-0.0825,-0.3021,-0.2634,0,1.61775,-0.4030,-0.8184,-0.3577,0.0851,1,0.12003,0.1380,0.2833,1.1177,0.3409,0,0.10842,0.0269,0.0569,1.0151,0.588
7884.0,0,0.000,33.696,0.000,46.860,8.549,0.095,29.907,13.507,35.440,0.000,0.012,56.675,0.070,0.000,73.794,2.705,46.923,0.000,162.580,4.297,0.000,5.996,0.000,25.647,0.4783,0.7733,1.0994,0.0044,0,0.54849,0.0909,-0.2101,0.7281,0.4514,1,0.04326,-0.0781,-0.4651,1.0389,-0.1506,1,0.07760,-0.2718,-0.0549,-0.2995,-0.2643,0,1.61060,-0.3922,-0.8263,-0.3717,0.0948,1,0.11618,0.1480,0.2898,1.1230,0.3573,1,0.10728,0.0269,0.0820,0.9860,0.581
7917.0,0,0.000,61.909,0.000,49.882,20.689,2.201,33.978,46.098,23.956,0.460,0.002,64.148,1.394,0.000,35.377,0.968,39.270,0.000,162.544,3.568,0.000,8.235,0.000,25.481,0.4808,0.7745,1.0987,0.0155,0,0.39838,0.1841,-0.2386,0.8942,0.3824,1,0.08851,-0.0378,-0.4932,1.0683,-0.2255,1,0.07461,-0.2882,-0.0642,-0.2786,-0.2643,0,1.44593,-0.3490,-0.8197,-0.3567,0.0817,1,0.11304,0.1631,0.3033,1.1368,0.3670,1,0.10598,0.0270,0.0596,0.8908,0.574
7950.5,0,0.000,85.794,0.000,52.399,16.603,0.959,17.683,36.378,4.549,14.913,0.000,71.340,0.880,0.000,37.634,0.675,34.607,0.000,156.481,2.116,0.000,6.178,0.000,31.042,0.4807,0.7818,1.1027,0.0214,0,0.37367,0.1730,-0.2615,0.9641,0.3283,1,0.08926,0.0360,-0.2798,1.1194,-0.2599,1,0.05691,-0.2983,-0.0775,-0.2674,-0.2635,0,1.44768,-0.3189,-0.8318,-0.3357,0.0678,1,0.12275,0.1473,0.3049,1.1571,0.3673,1,0.10634,0.0280,0.0314,0.8604,0.541
7984.0,0,0.000,50.602,0.000,48.917,14.020,1.007,28.009,16.627,0.852,6.100,0.000,77.811,0.165,0.000,39.993,0.761,44.538,0.000,154.742,2.173,0.000,4.254,0.000,24.578,0.4789,0.7824,1.1039,0.0460,0,0.48641,0.1218,-0.2758,0.9505,0.3102,1,0.08056,0.0627,0.0184,1.1728,-0.2427,1,0.05290,-0.2685,-0.0618,-0.2721,-0.2615,0,1.65476,-0.2976,-0.8853,-0.3243,0.0609,1,0.12899,0.1020,0.2874,1.1685,0.3712,1,0.10695,0.0286,0.0131,0.8975,0.488
8017.0,0,0.000,40.885,0.000,48.437,10.994,0.193,42.464,9.493,6.717,1.172,0.000,64.177,0.032,0.000,41.501,0.801,55.628,0.000,151.702,3.057,0.000,19.352,0.000,35.218,0.4798,0.7773,1.1020,0.1121,0,0.53126,0.1311,-0.3086,0.9186,0.3151,1,0.06643,-0.0028,0.0132,1.1892,-0.2443,1,0.05345,-0.1249,-0.0381,-0.2823,-0.2566,0,1.76537,-0.2955,-0.8977,-0.3231,0.0496,1,0.11710,0.1081,0.4304,1.2064,0.3732,1,0.10597,0.0289,0.0038,0.9352,0.509
8050.5,0,0.000,66.937,0.000,50.514,8.507,0.036,38.914,3.538,44.179,0.219,0.000,36.649,1.887,0.000,61.290,0.622,58.820,0.000,154.565,3.512,0.000,40.336,0.000,44.738,0.4813,0.7805,1.1036,0.1776,0,0.58573,0.1768,-0.3566,0.8442,0.3785,1,0.04347,-0.1040,-0.2314,1.1820,-0.2553,1,0.05235,0.1202,-0.0631,-0.3120,-0.2507,0,1.86468,-0.3336,-0.8450,-0.3245,0.0473,1,0.08857,0.1069,0.6184,1.1776,0.3169,0,0.10489,0.0279,-0.0004,1.0059,0.593
8084.0,0,0.000,86.797,0.000,51.708,10.016,0.007,24.872,4.119,62.334,0.041,0.000,55.545,0.417,0.000,52.035,0.733,65.478,0.000,158.047,3.990,0.000,12.534,0.000,36.877,0.4823,0.7861,1.1082,0.1691,0,0.66863,0.1742,-0.4102,0.7527,0.3960,1,0.03875,-0.1448,-0.3688,1.1515,-0.2653,1,0.05365,0.2975,-0.0710,-0.3291,-0.2492,0,2.02847,-0.3782,-0.8094,-0.3365,0.0834,1,0.09318,0.0880,0.6757,1.1534,0.2877,0,0.13286,0.0263,-0.0029,1.0796,0.628
8117.0,0,0.000,52.341,0.000,48.779,13.785,0.587,36.505,10.977,51.298,0.008,0.000,51.315,0.080,0.000,56.616,1.170,71.833,0.000,168.585,4.965,1.982,2.407,0.000,38.643,0.4835,0.7855,1.1082,0.1405,0,0.61651,0.1757,-0.4157,0.7905,0.3724,1,0.04176,-0.1100,-0.4290,1.1222,-0.2359,1,0.05993,0.3436,-0.0504,-0.3283,-0.2524,0,2.00042,-0.3970,-0.7807,-0.3472,0.1179,1,0.08776,0.0863,0.5686,1.1268,0.3155,1,0.10130,0.0251,-0.0038,1.0593,0.655
8150.5,0,0.000,44.783,0.000,47.911,18.186,1.603,22.460,31.083,51.005,0.001,0.000,52.149,0.015,0.000,73.767,2.211,65.276,0.000,175.295,5.263,3.572,1.389,12.195,23.994,0.4844,0.7802,1.1045,0.1762,0,0.39535,0.2262,-0.3562,0.9254,0.3398,1,0.07452,-0.0413,-0.4931,1.0822,-0.2105,1,0.07374,0.2564,-0.0296,-0.3203,-0.2571,0,1.74330,-0.3615,-0.7762,-0.3352,0.1426,1,0.09386,0.0947,0.3521,1.0709,0.3462,1,0.10140,0.0250,-0.0038,0.9253,0.635
8184.0,0,0.000,82.412,0.000,50.521,20.773,1.082,13.606,39.956,53.087,0.000,0.000,59.640,2.633,0.000,89.205,3.021,62.446,0.000,162.816,4.073,2.639,3.656,30.100,9.438,0.4831,0.7831,1.1052,0.1861,0,0.13028,0.2825,-0.2980,1.0248,0.3672,1,0.07093,0.0108,-0.5548,1.0565,-0.1953,1,0.07313,0.0809,-0.0686,-0.3135,-0.2612,0,1.30112,-0.3226,-0.7706,-0.3171,0.1564,1,0.09025,0.1166,0.2002,0.9814,0.3832,0,0.10272,0.0255,-0.0036,0.7465,0.596
8217.0,0,0.000,83.250,0.000,51.278,11.564,0.208,16.543,23.278,39.642,0.000,0.000,56.339,0.714,0.000,69.345,2.685,46.553,0.000,105.699,1.216,0.773,4.496,35.223,5.909,0.4851,0.7960,1.1254,0.1378,1,0.07179,0.2804,-0.2857,1.1050,0.4155,1,0.06664,-0.0138,-0.5563,1.0943,-0.1401,1,0.04556,-0.0725,-0.0880,-0.3025,-0.2537,0,1.01923,-0.3267,-0.7078,-0.3071,0.1821,1,0.06807,0.1541,0.1451,0.6696,0.3488,0,0.11697,0.0256,-0.0034,0.6955,0.656
8250.5,0,0.000,42.609,0.000,47.116,4.138,1.175,26.599,9.988,29.233,0.000,0.000,55.616,0.134,0.000,67.585,2.299,43.145,0.000,137.818,2.218,0.145,7.322,29.070,3.925,0.4846,0.7904,1.1283,0.0764,0,0.06948,0.2628,-0.2170,1.1122,0.4510,1,0.04972,-0.0494,-0.5359,1.1332,-0.1521,1,0.04510,-0.1626,-0.0668,-0.2958,-0.2509,0,0.96453,-0.3421,-0.6783,-0.2925,0.2002,1,0.06852,0.1755,0.1981,0.3301,0.3103,0,0.41636,0.0246,-0.0032,0.6796,0.671
8284.0,0,0.000,43.376,0.000,47.745,2.809,0.490,44.447,4.190,11.231,0.319,0.000,60.135,0.770,0.000,85.720,2.258,49.195,0.000,156.970,3.498,0.027,20.568,18.207,1.286,0.4841,0.7778,1.1117,0.0823,0,0.11551,0.2461,-0.1418,1.0300,0.4874,1,0.04481,-0.0295,-0.4857,1.1394,-0.2136,1,0.04665,-0.1975,-0.0604,-0.3047,-0.2550,0,1.08376,-0.3598,-0.7044,-0.2925,0.2061,1,0.08616,0.1854,0.4149,0.1212,0.2928,0,0.99147,0.0246,-0.0030,0.7124,0.641
8317.0,0,0.000,81.203,0.000,50.963,11.169,0.166,36.286,3.336,2.157,13.020,0.000,70.137,3.579,0.000,97.144,3.586,57.764,0.000,161.621,4.458,0.005,13.598,6.038,1.065,0.4825,0.7804,1.1057,0.0835,0,0.53729,0.1467,-0.2183,0.8167,0.5063,1,0.04648,0.0437,-0.1678,1.1768,-0.2296,1,0.05033,-0.2331,-0.1043,-0.3094,-0.2597,0,1.52901,-0.4244,-0.7690,-0.3193,0.2038,1,0.10064,0.1869,0.5298,0.0510,0.2848,0,1.12188,0.0258,-0.0031,0.9645,0.608
8350.5,0,0.000,56.578,0.000,50.455,13.586,0.031,8.720,8.679,0.404,12.996,0.000,80.422,0.814,0.000,79.101,3.669,50.230,0.000,163.938,4.542,0.001,8.859,1.131,2.513,0.4811,0.7827,1.1060,0.0444,0,0.65110,0.0753,-0.2838,0.7945,0.5096,1,0.05275,0.0973,0.1881,1.2552,-0.2012,1,0.05495,-0.2910,-0.1141,-0.3001,-0.2630,0,1.60972,-0.4469,-0.7917,-0.3509,0.2000,1,0.09814,0.1826,0.5035,0.1081,0.2802,0,0.97096,0.0261,0.0471,1.0216,0.584
8384.0,0,0.000,26.884,0.000,47.948,16.859,0.006,6.845,14.267,0.076,4.600,0.000,82.876,0.152,0.000,50.471,2.396,48.751,0.000,161.150,3.497,0.000,8.814,0.212,9.923,0.4814,0.7716,1.1041,0.0380,0,0.62766,0.0937,-0.3177,0.8897,0.4720,1,0.07535,0.0626,0.3158,1.3293,-0.1815,1,0.05607,-0.3486,-0.0815,-0.2788,-0.2638,0,1.54125,-0.4576,-0.7709,-0.3485,0.1797,1,0.08171,0.1758,0.4327,0.2840,0.2774,0,0.63277,0.0260,0.0662,1.0022,0.603
8417.0,0,0.000,39.183,0.000,48.588,14.706,0.001,8.860,10.913,4.691,0.883,0.000,64.870,0.794,0.000,49.889,1.688,32.084,0.000,148.382,2.529,0.000,6.914,0.041,15.445,0.4807,0.7646,1.1016,0.0863,0,0.58332,0.1454,-0.3235,0.9472,0.4233,1,0.06041,0.0301,0.1632,1.3285,-0.1900,1,0.05828,-0.3705,-0.0683,-0.2686,-0.2630,0,1.45957,-0.4509,-0.7368,-0.3287,0.1341,1,0.07231,0.1679,0.3652,0.5065,0.2746,0,0.29653,0.0259,0.0469,0.9828,0.629
8450.5,0,0.000,80.946,0.000,50.682,19.674,0.582,18.592,24.441,58.435,0.165,4.076,22.763,4.717,0.000,70.410,2.174,38.510,0.000,145.097,3.118,0.000,5.002,0.008,11.576,0.4798,0.7756,1.1023,0.1028,0,0.45844,0.1607,-0.3674,1.0208,0.4158,1,0.06563,-0.0257,-0.2023,1.2747,-0.2163,1,0.04670,-0.3488,-0.1179,-0.2762,-0.2618,0,1.19213,-0.4375,-0.6750,-0.3045,0.0797,1,0.06416,0.1614,0.3106,0.6056,0.2712,1,0.09334,0.0245,0.0243,0.9466,0.707
8484.0,0,0.000,77.140,0.000,50.548,9.852,0.109,4.734,18.969,84.189,0.031,16.972,4.952,1.498,0.000,77.238,2.791,50.356,0.000,146.061,2.418,0.000,4.457,0.001,24.061,0.4802,0.7827,1.1051,0.0756,0,0.15730,0.1255,-0.3445,1.0892,0.4247,1,0.07554,-0.0195,-0.4334,1.1776,-0.2065,1,0.04285,-0.3007,-0.1396,-0.2856,-0.2617,0,0.90094,-0.3960,-0.6751,-0.2890,0.0494,1,0.06879,0.1350,0.2957,0.7530,0.2497,1,0.09543,0.0232,0.0100,0.7921,0.718
8517.0,0,0.000,39.157,0.000,46.612,4.136,0.021,13.710,6.503,78.274,0.006,4.332,8.797,0.288,0.000,73.853,2.140,49.270,0.000,143.265,1.715,0.000,3.296,0.000,51.610,0.4959,0.7969,1.1038,0.0914,1,0.07312,0.1218,-0.2729,1.0629,0.4417,1,0.05524,0.0040,-0.5439,1.0715,-0.1583,1,0.04089,-0.1956,-0.1073,-0.2958,-0.2607,0,0.91692,-0.3455,-0.7190,-0.2913,0.0599,1,0.08595,0.0822,0.2853,0.9131,0.2486,1,0.09871,0.0238,0.0028,0.7137,0.673
8550.5,0,0.000,39.930,0.000,47.984,3.310,0.287,33.630,3.518,69.539,0.001,0.811,20.941,0.054,0.000,64.775,0.943,50.824,0.000,151.058,1.007,0.000,0.950,0.000,62.351,0.4946,0.7839,1.0960,0.1810,0,0.09290,0.1849,-0.1985,0.9697,0.4851,1,0.04445,0.0282,-0.5877,1.0395,-0.1307,1,0.06578,0.0213,-0.0642,-0.3160,-0.2389,0,1.15210,-0.2628,-0.7771,-0.3057,0.0757,1,0.10120,0.0567,0.2443,1.0015,0.2739,1,0.10051,0.0243,-0.0007,0.7254,0.631
8584.0,0,0.000,74.049,0.000,50.866,12.646,0.054,24.122,14.532,61.361,0.000,0.152,45.035,2.124,0.000,60.527,0.237,60.450,0.000,143.347,1.053,1.371,0.178,0.000,59.773,0.4898,0.7844,1.1009,0.2480,1,0.07363,0.2656,-0.1923,0.9736,0.4760,1,0.05290,0.0380,-0.6099,1.0360,-0.1152,1,0.07960,0.2324,-0.0793,-0.3471,-0.2257,0,1.27391,-0.2293,-0.8084,-0.3215,0.0702,1,0.10009,0.0442,0.1813,1.0244,0.3046,1,0.10110,0.0249,-0.0022,0.7035,0.597
8617.0,0,0.000,81.415,0.000,52.308,13.500,0.010,18.267,12.262,40.731,0.000,0.029,55.063,0.408,0.000,29.908,0.046,57.931,0.000,134.885,1.343,2.277,0.034,0.000,59.021,0.4920,0.7918,1.1071,0.2517,0,0.07267,0.3039,-0.2139,1.0099,0.4442,1,0.06894,0.0321,-0.6144,1.0374,-0.1056,1,0.08456,0.3221,-0.0805,-0.3477,-0.2281,0,1.33035,-0.2595,-0.8086,-0.3193,0.0590,1,0.09920,0.0194,0.1040,1.0159,0.3221,1,0.09977,0.0257,-0.0028,0.6856,0.572
8650.5,0,0.000,50.410,0.000,49.695,8.087,0.736,28.107,5.163,25.460,0.000,0.005,32.109,0.076,0.000,32.988,0.009,56.145,0.000,67.262,0.398,1.469,0.461,0.000,51.697,0.4884,0.7864,1.1086,0.2219,0,0.12631,0.2763,-0.2120,0.9528,0.4589,1,0.04659,0.0300,-0.5961,1.0322,-0.0993,1,0.09050,0.2917,-0.0552,-0.3409,-0.2377,0,1.43607,-0.3064,-0.8002,-0.3139,0.0835,1,0.10327,0.0066,0.0633,1.0179,0.3326,1,0.10089,0.0268,-0.0032,0.7245,0.564
8684.0,0,0.000,55.648,0.000,50.290,10.827,1.627,23.822,4.367,49.480,0.000,7.708,7.906,0.791,0.000,66.974,1.712,54.734,0.000,68.539,1.709,1.567,1.438,0.000,25.927,0.4868,0.7824,1.1080,0.2184,0,0.29500,0.2234,-0.2592,0.8390,0.4794,1,0.04496,0.0235,-0.5654,0.9921,-0.0933,1,0.07184,0.1341,-0.0528,-0.3310,-0.2488,0,1.56137,-0.3518,-0.7955,-0.3192,0.1206,1,0.10792,0.0281,0.0638,1.0104,0.3242,1,0.10334,0.0269,-0.0032,0.8536,0.587
8717.0,0,0.000,85.625,0.000,52.921,15.066,1.126,16.653,19.582,69.275,0.000,2.414,20.144,2.862,0.000,87.709,3.332,50.258,0.000,107.671,3.835,1.788,0.966,0.000,20.755,0.4859,0.7851,1.1106,0.1772,0,0.23748,0.1622,-0.2626,0.9075,0.4533,1,0.06930,0.0211,-0.5753,0.9892,-0.0844,1,0.07555,-0.0676,-0.0942,-0.3174,-0.2578,0,1.35717,-0.3644,-0.7844,-0.3255,0.1530,1,0.10725,0.0463,0.0831,1.0173,0.3218,1,0.10305,0.0265,-0.0033,0.8079,0.574
8750.5,0,0.000,65.337,0.000,50.941,16.011,0.549,6.025,35.789,57.667,0.000,0.452,46.335,0.596,0.000,80.937,3.823,46.383,0.000,69.903,3.492,3.664,0.181,0.000,48.462,0.4920,0.7989,1.1204,0.1052,0,0.07059,0.1407,-0.2410,1.0297,0.4132,1,0.08554,0.0270,-0.5918,1.0125,-0.0886,1,0.08434,-0.2232,-0.0996,-0.3022,-0.2635,0,1.10106,-0.3667,-0.7646,-0.2924,0.1641,1,0.10787,0.0437,0.0497,1.0342,0.3024,1,0.10089,0.0273,-0.0034,0.6674,0.533
8784.0,0,0.000,43.694,0.000,48.688,13.294,0.591,21.931,22.683,41.382,0.000,0.085,49.249,0.629,0.000,82.033,3.937,42.408,0.000,69.115,3.762,3.304,0.034,0.000,62.563,0.5061,0.8074,1.1152,0.0993,1,0.06724,0.1628,-0.2377,1.0519,0.3897,1,0.07189,0.0338,-0.5886,1.0301,-0.0948,1,0.08957,-0.3249,-0.0826,-0.2911,-0.2663,0,1.07698,-0.3620,-0.7586,-0.2577,0.1413,1,0.11114,0.0271,0.0112,1.0476,0.2881,1,0.10128,0.0272,-0.0034,0.6337,0.509
8817.0,0,0.000,69.973,0.000,50.386,16.365,0.261,49.906,22.326,34.665,0.000,0.016,58.020,5.923,0.000,93.138,4.015,51.653,0.000,75.618,3.578,2.727,1.488,0.000,59.834,0.5137,0.8081,1.1053,0.1308,1,0.06668,0.1777,-0.2552,1.0576,0.3848,1,0.06802,0.0372,-0.5802,1.0433,-0.0954,1,0.08749,-0.3845,-0.1350,-0.2898,-0.2670,0,1.00242,-0.3648,-0.7588,-0.2482,0.1231,1,0.10525,0.0223,0.0225,1.0564,0.2968,1,0.10102,0.0276,-0.0034,0.6262,0.514
8850.5,0,0.000,83.488,0.000,51.825,14.565,0.049,27.771,24.680,20.542,0.000,0.003,56.445,3.284,0.000,93.614,4.133,60.197,0.000,109.915,3.138,2.072,4.238,0.000,36.463,0.5095,0.7991,1.1117,0.1214,1,0.06708,0.1891,-0.2753,1.0561,0.4062,1,0.07820,0.0404,-0.5587,1.0537,-0.0904,1,0.08466,-0.3912,-0.1769,-0.2919,-0.2585,0,0.93892,-0.3714,-0.7613,-0.2642,0.1415,1,0.09995,0.0369,0.0843,1.0656,0.3307,1,0.10160,0.0271,-0.0033,0.6303,0.529
8884.0,0,0.000,41.510,0.000,47.518,6.954,0.009,6.612,13.619,14.838,0.000,0.001,48.777,0.675,0.000,92.455,3.880,59.222,0.000,64.943,0.770,0.465,9.569,6.923,11.213,0.5001,0.7840,1.1193,0.0872,1,0.06648,0.2554,-0.2465,1.0642,0.4201,1,0.07917,0.0463,-0.5246,1.0869,-0.1390,1,0.06968,-0.3540,-0.1493,-0.2949,-0.2532,0,0.94829,-0.3747,-0.7624,-0.2809,0.1684,1,0.09492,0.0799,0.2332,1.0733,0.3662,0,0.10246,0.0266,-0.0033,0.6322,0.543
8917.0,0,0.000,34.221,0.000,47.525,7.109,0.002,8.260,9.778,8.410,0.000,0.000,45.819,0.130,0.000,85.905,3.513,50.217,0.000,29.552,0.281,0.089,35.995,2.343,5.364,0.4923,0.7710,1.1073,0.1249,0,0.06821,0.2968,-0.1816,1.1107,0.4463,1,0.06334,0.0183,-0.4533,1.1796,-0.1795,1,0.04794,-0.2416,-0.0950,-0.2963,-0.2557,0,0.99570,-0.3994,-0.7198,-0.2570,0.1676,1,0.06984,0.1300,0.5031,0.9175,0.3383,0,0.19983,0.0264,-0.0032,0.6548,0.606
8950.5,0,0.000,71.468,0.000,49.838,11.192,0.000,9.783,10.672,2.193,0.543,0.000,68.154,3.350,0.000,80.793,2.989,44.806,0.000,85.519,1.830,0.017,56.455,1.462,4.035,0.4860,0.7756,1.1030,0.1783,0,0.18542,0.2511,-0.1794,1.0963,0.4509,1,0.06496,-0.0083,-0.3204,1.2493,-0.2040,1,0.04908,-0.0055,-0.1099,-0.2961,-0.2595,0,1.23270,-0.4246,-0.7081,-0.2392,0.1400,1,0.07091,0.1344,0.6764,0.6643,0.3087,0,0.51597,0.0264,-0.0033,0.7363,0.631
8984.0,0,0.000,84.793,0.000,51.908,11.473,0.000,4.795,8.950,0.411,0.102,0.000,78.774,1.622,0.000,70.825,2.856,43.640,0.000,134.303,3.544,0.003,43.160,7.354,4.778,0.4827,0.7835,1.1048,0.1582,0,0.35195,0.1615,-0.2219,1.0418,0.4157,1,0.05123,-0.0070,-0.1907,1.2757,-0.2188,1,0.04768,0.1793,-0.1284,-0.2911,-0.2614,0,1.52249,-0.4499,-0.7162,-0.2453,0.0973,1,0.06972,0.1261,0.7412,0.4389,0.2929,0,0.79651,0.0258,-0.0032,0.8409,0.634
9017.0,0,0.000,42.632,0.000,48.705,6.536,0.000,6.581,5.320,0.079,0.020,0.000,80.663,0.311,0.000,66.395,2.478,36.807,0.000,152.118,3.968,0.001,39.930,27.579,1.787,0.4826,0.7822,1.1048,0.1256,0,0.44696,0.1632,-0.2340,0.9863,0.3832,1,0.04573,0.0014,-0.1081,1.2760,-0.2280,1,0.05308,0.2169,-0.1021,-0.2870,-0.2622,0,1.69229,-0.4539,-0.7315,-0.2559,0.0643,1,0.07908,0.1283,0.7589,0.2137,0.2857,0,1.09017,0.0258,-0.0032,0.8960,0.619
9050.5,0,0.000,38.120,0.000,48.126,8.008,0.000,9.412,5.597,2.133,0.004,0.000,79.029,0.058,0.000,61.974,1.474,44.772,0.000,155.415,3.633,0.000,40.251,29.383,1.132,0.4835,0.7749,1.1025,0.1221,0,0.51022,0.2048,-0.2463,0.9366,0.3681,1,0.04290,-0.0049,-0.1068,1.2653,-0.2339,1,0.05195,0.2310,-0.0617,-0.2950,-0.2610,0,1.81482,-0.4312,-0.7539,-0.2652,0.0460,1,0.08315,0.1241,0.7616,0.0251,0.2828,0,1.30977,0.0262,-0.0030,0.9358,0.615
9084.0,0,0.000,69.117,0.000,49.358,9.633,0.000,9.656,10.214,4.973,0.001,0.000,77.510,1.327,0.000,64.213,0.276,48.851,0.000,158.749,1.344,0.000,30.991,8.936,1.178,0.4830,0.7789,1.1038,0.1242,0,0.50223,0.2412,-0.2621,0.9580,0.3688,1,0.04681,-0.0449,-0.1530,1.2776,-0.2256,1,0.04986,0.3258,-0.0654,-0.3313,-0.2540,0,1.86892,-0.3974,-0.7574,-0.2777,0.0385,1,0.07051,0.1174,0.7546,-0.0228,0.2810,0,1.31388,0.0256,-0.0031,0.9391,0.639
9117.0,0,0.000,79.912,0.000,50.652,9.763,0.000,13.095,15.471,21.472,0.000,0.000,76.703,0.323,0.000,50.705,0.053,43.767,0.000,155.314,0.258,0.000,18.093,1.716,2.722,0.4824,0.7843,1.1075,0.0983,0,0.43318,0.2439,-0.2680,1.0268,0.3822,1,0.05683,-0.1266,-0.2727,1.2917,-0.2195,1,0.04805,0.4229,-0.0633,-0.3648,-0.2434,0,1.84824,-0.3979,-0.7292,-0.2908,0.0369,1,0.06186,0.1071,0.7246,0.0683,0.2795,0,1.14044,0.0252,-0.0031,0.9072,0.676
9150.5,0,0.000,41.871,0.000,46.996,7.736,0.000,15.204,9.780,27.331,0.000,0.000,66.122,0.060,0.000,38.408,0.010,50.063,0.000,156.112,0.048,0.000,9.769,0.321,12.735,0.4832,0.7811,1.1061,0.0702,0,0.35650,0.2352,-0.2619,1.0566,0.3804,1,0.04704,-0.1581,-0.3962,1.2761,-0.2265,1,0.04717,0.4779,-0.0434,-0.3741,-0.2337,0,1.80261,-0.4036,-0.7161,-0.3038,0.0399,1,0.06066,0.0927,0.6388,0.3443,0.2782,0,0.73387,0.0244,-0.0029,0.8668,0.689
9184.0,0,0.000,37.902,0.000,47.075,7.187,0.000,38.276,5.186,31.881,0.000,0.000,56.113,0.011,1.105,33.739,0.002,59.147,0.000,116.994,1.367,0.000,5.798,0.060,18.359,0.4840,0.7720,1.1016,0.0744,0,0.39900,0.1938,-0.2844,0.9714,0.3986,1,0.04376,-0.1260,-0.4579,1.2212,-0.2514,1,0.04913,0.4874,0.0107,-0.3660,-0.2310,0,1.89714,-0.4077,-0.7428,-0.3074,0.0397,1,0.07400,0.0871,0.5033,0.6313,0.2764,0,0.36011,0.0245,-0.0030,0.9038,0.672
9217.0,0,0.000,67.712,0.000,48.910,7.587,0.953,26.666,9.288,42.968,0.000,0.000,49.046,1.745,0.452,53.016,0.000,47.936,0.000,69.452,0.970,0.000,4.785,0.012,17.398,0.4820,0.7758,1.1001,0.0737,0,0.37877,0.1664,-0.2843,0.9354,0.4075,1,0.04396,-0.0867,-0.4958,1.1875,-0.2670,1,0.05040,0.4453,0.0041,-0.3733,-0.2345,0,1.86476,-0.4004,-0.7555,-0.3094,0.0308,1,0.07597,0.1010,0.3815,0.7823,0.2728,0,0.17581,0.0248,-0.0030,0.9088,0.671
9250.5,0,0.000,75.195,0.000,49.219,5.501,0.179,6.044,13.471,45.450,0.000,0.000,33.119,0.566,0.085,58.722,0.333,48.482,0.000,123.137,2.542,0.000,6.137,0.002,30.333,0.4796,0.7813,1.1007,0.0452,0,0.17223,0.2066,-0.2069,1.0214,0.4222,1,0.05176,-0.0554,-0.5427,1.1859,-0.2671,1,0.04990,0.3920,-0.0236,-0.3800,-0.2391,0,1.60985,-0.3715,-0.7423,-0.2918,0.0265,1,0.07433,0.0886,0.3273,0.9056,0.2580,1,0.09706,0.0250,-0.0030,0.7861,0.657
9284.0,0,0.000,38.870,0.000,45.286,7.376,0.033,22.942,11.413,54.113,0.157,0.000,29.549,0.106,0.016,51.345,0.111,46.940,0.000,151.474,3.397,0.000,6.903,0.000,46.701,0.4849,0.7854,1.1006,-0.0026,0,0.07077,0.2588,-0.1679,1.0514,0.4552,1,0.05356,-0.0258,-0.5776,1.1765,-0.2595,1,0.05226,0.4009,-0.0273,-0.3839,-0.2397,0,1.47901,-0.3263,-0.7416,-0.2714,0.0406,1,0.07665,0.0541,0.3237,0.9821,0.2575,1,0.09787,0.0254,-0.0030,0.7037,0.631
9317.0,0,0.000,41.496,0.000,46.945,13.940,1.407,60.923,5.418,56.623,0.030,0.000,45.119,0.020,2.632,54.895,0.021,51.327,0.000,163.229,3.364,0.262,7.906,0.000,55.116,0.4836,0.7746,1.0965,-0.0041,0,0.14343,0.2702,-0.2151,0.9582,0.4799,1,0.04525,0.0123,-0.6014,1.1464,-0.2674,1,0.06723,0.4472,0.0399,-0.3936,-0.2340,0,1.63932,-0.2794,-0.7646,-0.2663,0.0483,1,0.08862,0.0473,0.3268,1.0383,0.2874,1,0.09984,0.0258,-0.0031,0.7655,0.636
9350.5,0,0.000,77.995,0.000,49.069,10.479,0.376,67.420,1.283,48.696,0.006,0.000,48.868,0.004,2.167,29.333,0.004,60.774,0.000,153.272,2.654,1.354,3.490,0.000,59.274,0.4800,0.7789,1.0988,0.0116,0,0.44137,0.2041,-0.3309,0.7339,0.5011,1,0.04111,0.0341,-0.5892,1.0802,-0.2878,1,0.07985,0.4868,0.1085,-0.3781,-0.2232,0,2.03173,-0.2895,-0.8164,-0.3090,0.0473,1,0.11358,0.0556,0.2687,1.0863,0.3268,0,0.10584,0.0255,-0.0031,0.9849,0.659
9384.0,0,0.000,76.354,0.000,48.618,8.537,0.071,40.702,2.247,44.387,0.001,0.000,49.439,0.001,2.433,15.903,0.001,63.951,0.000,79.575,0.957,2.049,0.654,0.000,59.303,0.4583,0.7844,1.1019,0.0138,0,0.71619,0.1394,-0.4043,0.5411,0.5812,1,0.03709,0.0207,-0.5368,1.0467,-0.2937,1,0.07860,0.4804,0.1479,-0.3257,-0.1988,0,2.30407,-0.3620,-0.8362,-0.3579,0.0708,1,0.10913,0.0698,0.1347,1.1347,0.3553,0,0.11948,0.0249,-0.0029,1.1767,0.673
9417.0,0,0.000,43.713,0.000,45.637,12.222,0.245,32.414,3.445,50.366,0.104,1.076,47.219,0.000,3.141,31.968,0.000,59.743,0.000,50.737,1.080,1.935,0.126,0.000,50.377,0.4526,0.7821,1.1006,-0.0092,0,0.87539,0.1374,-0.4579,0.4613,0.6183,1,0.03634,0.0007,-0.4841,1.0563,-0.2913,1,0.07421,0.4020,0.1751,-0.3133,-0.2022,0,2.39889,-0.4313,-0.8069,-0.3493,0.1116,1,0.09543,0.0781,0.0111,1.1553,0.3468,0,0.14057,0.0239,-0.0029,1.2602,0.674
9450.5,0,0.000,50.081,0.000,46.919,20.286,0.046,17.010,8.338,50.060,0.020,0.798,44.756,0.276,1.312,58.119,0.956,49.838,0.000,42.050,2.249,2.499,1.103,0.000,32.900,0.4613,0.7778,1.0985,-0.0515,0,0.85336,0.1820,-0.5005,0.5433,0.5722,1,0.03810,-0.0095,-0.4723,1.0895,-0.2772,1,0.06722,0.2091,0.1586,-0.3227,-0.2239,0,2.23476,-0.4649,-0.7517,-0.2993,0.1080,1,0.08483,0.0832,-0.0521,1.1576,0.3270,1,0.10478,0.0227,-0.0028,1.2289,0.695
9484.0,0,0.000,82.381,0.000,49.924,22.497,0.009,12.395,24.324,42.948,0.004,0.149,42.947,1.823,0.246,70.859,2.707,41.713,0.000,118.633,4.622,3.184,2.450,1.076,20.076,0.4672,0.7814,1.1001,-0.0905,0,0.61817,0.2364,-0.4967,0.7298,0.4808,1,0.08919,0.0132,-0.5015,1.0882,-0.2677,1,0.07128,-0.0358,0.0662,-0.3132,-0.2413,0,1.81970,-0.4425,-0.7553,-0.2887,0.0804,1,0.10049,0.0885,-0.0585,1.1764,0.3590,1,0.10717,0.0239,-0.0029,1.0810,0.668
9517.0,0,0.000,51.115,0.000,46.957,15.112,0.002,3.928,24.623,33.454,0.001,0.029,45.653,0.350,0.047,58.341,2.863,32.286,0.000,158.155,5.118,2.096,3.019,2.621,11.235,0.4717,0.7813,1.1005,-0.1168,0,0.49651,0.2753,-0.4686,0.8375,0.4206,1,0.10339,0.0265,-0.5364,1.0879,-0.2670,1,0.06793,-0.2075,0.0015,-0.2898,-0.2514,0,1.53796,-0.4173,-0.7518,-0.2986,0.0535,1,0.09854,0.1110,-0.0498,1.1545,0.4116,1,0.10622,0.0246,-0.0030,1.0043,0.654
9550.5,0,0.000,29.471,0.000,43.948,12.495,0.908,28.452,14.623,32.330,0.000,0.005,50.251,0.066,0.009,13.886,0.874,28.655,0.000,165.323,5.139,0.792,3.381,4.379,6.069,0.4763,0.7694,1.0970,-0.1354,0,0.46650,0.2688,-0.4413,0.8670,0.4035,1,0.09388,0.0212,-0.5508,1.0940,-0.2780,1,0.06408,-0.2673,-0.0148,-0.2288,-0.2541,0,1.41708,-0.4139,-0.7486,-0.3066,0.0359,1,0.09950,0.1502,-0.0370,1.0765,0.4966,1,0.10374,0.0254,-0.0030,0.9760,0.649
9584.0,0,0.000,44.772,0.000,44.936,15.914,0.319,44.088,14.283,14.306,0.000,0.001,55.470,0.012,0.002,3.790,0.164,33.924,0.000,156.178,4.131,0.148,4.992,13.162,3.997,0.4743,0.7676,1.0938,-0.1308,0,0.50806,0.2093,-0.4406,0.8566,0.4033,1,0.08504,0.0052,-0.5260,1.1035,-0.2894,1,0.06125,-0.1975,-0.0139,-0.1513,-0.2505,0,1.43834,-0.4179,-0.7635,-0.3141,0.0279,1,0.10439,0.1806,0.0219,0.8941,0.5721,1,0.10274,0.0257,-0.0031,0.9924,0.645
9617.0,0,0.000,83.067,0.000,47.243,19.230,0.061,30.942,17.693,2.882,14.592,0.000,71.473,0.002,0.217,18.649,0.031,51.957,0.000,147.960,3.004,0.029,15.746,21.468,4.028,0.4354,0.7782,1.0956,-0.0964,0,0.58062,0.1053,-0.4063,0.9189,0.4103,1,0.06492,0.0101,-0.2409,1.2163,-0.2434,1,0.05032,-0.0098,-0.0016,-0.1559,-0.2443,0,1.62086,-0.4547,-0.7572,-0.3008,0.0237,1,0.07098,0.1709,0.2820,0.5126,0.4570,0,0.21140,0.0252,-0.0030,1.0069,0.654
9650.5,0,0.000,62.479,0.000,45.868,8.896,0.011,26.898,12.056,0.540,17.188,0.000,81.652,0.000,0.763,41.208,0.006,44.896,0.000,154.631,2.725,0.005,33.119,17.678,4.824,0.3983,0.7831,1.0972,-0.0553,0,0.52230,0.0942,-0.3354,0.9614,0.4260,1,0.06524,0.0625,0.1580,1.3099,-0.1942,1,0.05348,0.1825,0.0294,-0.2414,-0.2423,0,1.85089,-0.4638,-0.7628,-0.2680,0.0328,1,0.07695,0.1512,0.5448,0.2512,0.3460,0,0.74736,0.0253,-0.0030,0.9605,0.621
9684.0,0,0.000,36.252,0.000,45.190,9.283,0.002,42.054,4.691,0.101,5.403,0.000,84.521,0.000,0.143,55.095,0.319,43.571,0.000,159.815,2.882,0.001,30.626,18.470,4.435,0.4115,0.7776,1.0954,0.0053,0,0.57699,0.1588,-0.3036,0.8773,0.4604,1,0.04781,0.0961,0.3213,1.3281,-0.1871,1,0.05642,0.2920,0.0360,-0.3138,-0.2458,0,2.04964,-0.4306,-0.7854,-0.2627,0.0393,1,0.08944,0.1413,0.6698,0.1512,0.3047,0,1.04915,0.0261,-0.0032,0.9844,0.594
9717.0,0,0.000,52.202,0.000,47.684,16.579,0.000,41.917,4.224,0.019,1.038,0.000,83.387,0.494,0.027,66.523,0.301,52.847,0.000,161.473,2.446,0.000,20.482,4.107,2.642,0.4387,0.7767,1.0956,0.0429,0,0.73146,0.2164,-0.3668,0.7186,0.5001,1,0.04577,0.1101,0.2796,1.2911,-0.2050,1,0.05910,0.3470,0.0089,-0.3569,-0.2486,0,2.21847,-0.3575,-0.8177,-0.2867,0.0380,1,0.10127,0.1225,0.7001,0.1623,0.2882,0,1.05549,0.0262,-0.0031,1.0819,0.594
9750.5,0,0.000,83.515,0.000,50.639,15.500,0.000,17.240,5.995,4.222,0.194,0.000,79.860,0.951,0.005,58.829,0.099,30.658,0.000,156.238,1.791,0.000,9.483,0.769,17.411,0.4465,0.7832,1.1011,0.0396,0,0.79949,0.1965,-0.4346,0.6683,0.5093,1,0.04973,0.0955,0.0900,1.2592,-0.2222,1,0.05665,0.3847,-0.0307,-0.3822,-0.2466,0,2.24675,-0.2894,-0.8152,-0.3217,0.0304,1,0.09352,0.1030,0.6413,0.4923,0.2804,0,0.54368,0.0252,-0.0031,1.1326,0.634
9784.0,0,0.000,45.993,0.000,46.519,14.949,0.000,5.349,10.118,22.504,0.036,0.000,74.741,0.178,0.001,49.679,0.019,26.133,0.000,134.814,2.412,0.000,3.822,0.144,37.621,0.4428,0.7831,1.1030,0.0105,0,0.75236,0.1720,-0.4615,0.7594,0.4932,1,0.05371,0.0233,-0.1747,1.2489,-0.2350,1,0.05380,0.4145,-0.0400,-0.3928,-0.2445,0,2.16183,-0.3155,-0.7417,-0.3167,0.0235,1,0.07149,0.0732,0.5146,0.8087,0.2736,1,0.09647,0.0234,-0.0029,1.1173,0.695
9817.0,0,0.000,28.110,0.000,44.359,16.329,0.000,22.103,7.040,44.576,0.007,0.000,58.811,0.034,0.445,45.514,0.004,43.206,0.000,132.726,3.245,0.000,1.019,0.028,32.048,0.4514,0.7714,1.0989,-0.0280,0,0.66975,0.2036,-0.4684,0.7935,0.4738,1,0.05483,-0.0365,-0.3266,1.2155,-0.2565,1,0.05357,0.4213,-0.0117,-0.3937,-0.2455,0,2.11046,-0.3651,-0.7213,-0.3058,0.0217,1,0.07469,0.0328,0.4161,0.8742,0.2237,0,0.09568,0.0226,-0.0027,1.0842,0.704
9850.5,0,0.000,42.968,0.000,46.433,19.947,1.798,33.479,21.222,52.491,0.001,0.000,49.150,0.006,0.711,50.140,0.232,50.358,0.000,127.436,3.557,0.000,2.061,0.005,30.845,0.4596,0.7672,1.0953,-0.0604,0,0.50622,0.2474,-0.4253,0.8856,0.4396,1,0.07073,-0.0503,-0.4426,1.1921,-0.2730,1,0.05374,0.3741,0.0274,-0.3869,-0.2494,0,1.95465,-0.3839,-0.7120,-0.3095,0.0672,1,0.07184,0.0169,0.3340,0.9195,0.2081,1,0.09454,0.0231,-0.0027,0.9941,0.703
9884.0,0,0.000,84.666,0.000,49.472,15.040,0.688,31.329,36.181,51.338,0.000,0.000,41.795,0.666,0.133,52.838,0.972,41.973,0.000,113.744,4.022,0.000,4.704,0.001,40.958,0.4497,0.7775,1.0982,-0.0690,0,0.28362,0.2615,-0.3512,1.0032,0.4110,1,0.07485,-0.0461,-0.5206,1.1858,-0.2818,1,0.05186,0.2187,0.0147,-0.3616,-0.2542,0,1.60842,-0.3881,-0.6958,-0.2950,0.1042,1,0.07090,0.0163,0.3160,0.9698,0.2105,1,0.09644,0.0240,-0.0029,0.8570,0.682
9917.0,0,0.000,69.024,0.000,48.853,8.978,0.132,26.045,24.739,56.132,0.000,0.000,43.541,0.128,0.026,54.222,1.660,36.333,0.000,151.222,4.878,0.000,5.824,0.000,20.266,0.4472,0.7861,1.1022,-0.0786,1,0.06958,0.2590,-0.2690,1.0971,0.3957,1,0.06283,-0.0325,-0.5819,1.1861,-0.2915,1,0.05042,0.0292,-0.0052,-0.3282,-0.2584,0,1.22325,-0.3861,-0.6819,-0.2739,0.0958,1,0.07441,0.0354,0.3177,0.9985,0.2254,1,0.09811,0.0244,-0.0029,0.7045,0.644
9950.5,0,0.000,38.848,0.000,46.245,11.139,0.269,32.672,12.404,56.083,0.000,15.408,19.869,0.024,0.005,45.135,1.717,42.758,0.000,158.965,4.563,0.000,6.910,14.499,7.429,0.4616,0.7852,1.1017,-0.0677,0,0.07032,0.2553,-0.2505,1.1045,0.4061,1,0.06063,-0.0377,-0.6020,1.1796,-0.2815,1,0.04824,-0.0989,-0.0098,-0.2936,-0.2607,0,1.11675,-0.3838,-0.6805,-0.2694,0.0674,1,0.07716,0.0817,0.3069,0.9379,0.2723,1,0.09921,0.0248,-0.0031,0.6853,0.636
9984.0,0,0.000,59.881,0.000,48.181,16.754,0.050,54.866,7.372,66.492,0.000,18.929,4.386,2.342,0.001,58.344,1.794,48.612,0.000,164.131,4.637,0.000,6.824,14.100,4.104,0.4684,0.7804,1.0994,-0.0391,0,0.25353,0.2153,-0.3264,0.9933,0.4220,1,0.04955,-0.0422,-0.6087,1.1080,-0.2121,1,0.04605,-0.1767,-0.0572,-0.2789,-0.2616,0,1.17717,-0.3953,-0.6843,-0.2774,0.0420,1,0.08212,0.1329,0.2820,0.6950,0.2924,0,0.20534,0.0252,-0.0030,0.8234,0.676
10017.0,0,0.000,89.609,0.000,51.388,10.800,0.064,31.727,3.052,79.879,0.000,8.326,25.047,1.496,0.000,75.004,2.719,45.187,0.000,155.185,3.569,0.000,3.927,3.009,4.323,0.4690,0.7848,1.1023,-0.0256,0,0.51507,0.1475,-0.4262,0.8036,0.4402,1,0.04165,-0.0440,-0.5828,1.0457,-0.1537,1,0.05071,-0.2334,-0.0962,-0.2810,-0.2627,0,1.33074,-0.4159,-0.7111,-0.3170,0.0294,1,0.09051,0.1566,0.2594,0.5090,0.2918,0,0.29091,0.0244,-0.0029,1.0146,0.706
10050.5,0,0.000,58.695,0.000,49.756,6.568,0.012,25.429,4.990,66.048,0.232,1.560,54.149,0.280,0.000,72.797,2.747,37.843,0.000,121.230,2.055,0.704,0.856,0.564,16.287,0.4723,0.7855,1.1044,-0.0074,0,0.63955,0.1367,-0.4477,0.7201,0.4218,1,0.03756,-0.0493,-0.5298,1.0518,-0.1072,1,0.07385,-0.2709,-0.0852,-0.2852,-0.2635,0,1.42366,-0.4313,-0.7231,-0.3516,0.0200,1,0.09299,0.1655,0.1864,0.6598,0.2813,1,0.10093,0.0231,-0.0029,1.0939,0.714
10084.0,0,0.000,42.606,0.000,48.319,9.355,0.002,27.603,7.870,49.326,0.108,0.292,55.722,0.053,0.000,66.174,1.594,30.931,0.000,65.547,0.719,0.505,0.160,0.106,44.214,0.4776,0.7795,1.1029,0.0418,0,0.56545,0.2126,-0.3975,0.7643,0.3509,1,0.04049,-0.0302,-0.5079,1.0516,-0.0840,1,0.08347,-0.2411,-0.0543,-0.2961,-0.2620,0,1.48097,-0.4045,-0.7380,-0.3503,0.0386,1,0.09940,0.1325,0.1713,0.8178,0.2499,1,0.09940,0.0238,-0.0028,1.0432,0.685
10117.0,0,0.000,73.243,0.000,50.277,13.060,0.000,24.414,15.811,39.355,0.021,0.056,57.497,1.619,0.000,56.235,0.479,45.153,0.000,122.427,2.720,0.172,0.799,0.020,63.597,0.4795,0.7814,1.1027,0.0769,0,0.41576,0.2691,-0.3423,0.8728,0.3605,1,0.05941,-0.0162,-0.5197,1.0663,-0.0728,1,0.08382,-0.0883,-0.0675,-0.3202,-0.2553,0,1.46898,-0.3545,-0.7510,-0.3261,0.0505,1,0.09269,0.1086,0.1913,0.9363,0.2511,1,0.09865,0.0240,-0.0029,0.9469,0.665
10150.5,0,0.000,77.415,0.000,51.203,14.616,0.000,10.072,18.208,28.496,0.004,0.011,54.576,0.443,0.000,50.780,0.090,64.205,0.000,152.973,3.883,0.311,3.119,0.004,67.310,0.4704,0.7850,1.1056,0.0696,0,0.26321,0.2889,-0.3061,0.9708,0.3809,1,0.08355,-0.0062,-0.5395,1.0761,-0.0711,1,0.08560,0.1328,-0.0714,-0.3526,-0.2405,0,1.48891,-0.3151,-0.7756,-0.2924,0.0513,1,0.09332,0.1006,0.2392,1.0128,0.2833,1,0.09732,0.0253,-0.0031,0.8516,0.640
10184.0,0,0.000,36.759,0.000,46.881,12.015,0.865,20.044,10.090,31.427,0.001,0.002,44.636,0.083,0.000,23.959,0.017,67.257,0.000,159.852,3.649,0.058,3.589,0.001,59.928,0.4685,0.7798,1.1042,0.0513,0,0.18109,0.2992,-0.2773,0.9899,0.4003,1,0.07198,0.0037,-0.5559,1.0756,-0.0817,1,0.08671,0.3269,-0.0510,-0.3496,-0.2254,0,1.53223,-0.3121,-0.7916,-0.2755,0.0473,1,0.09465,0.0998,0.2784,1.0600,0.3012,1,0.09792,0.0254,-0.0031,0.7967,0.618
10217.0,0,0.000,36.228,0.000,47.148,14.088,1.735,32.460,8.138,48.056,0.000,0.000,46.126,0.016,0.000,29.516,0.003,67.444,0.000,162.222,3.847,0.187,2.972,0.000,60.679,0.4739,0.7699,1.1002,0.0608,0,0.21826,0.2945,-0.2729,0.9330,0.4259,1,0.05349,0.0015,-0.5684,1.0840,-0.1440,1,0.08021,0.4072,-0.0304,-0.3383,-0.2256,0,1.63399,-0.3304,-0.7911,-0.2867,0.0790,1,0.09496,0.0970,0.2795,1.0875,0.2919,1,0.09887,0.0260,-0.0031,0.8191,0.615
10250.5,0,0.000,70.704,0.000,50.058,15.076,1.585,43.260,12.300,34.023,0.000,0.000,49.931,1.005,0.000,58.049,1.206,58.863,0.000,88.923,2.130,0.518,2.769,0.000,58.795,0.4770,0.7749,1.1011,0.0568,0,0.28809,0.2776,-0.2882,0.8956,0.4250,1,0.05864,0.0026,-0.5647,1.0953,-0.2068,1,0.07532,0.3607,-0.0435,-0.3291,-0.2320,0,1.67160,-0.3520,-0.7878,-0.3024,0.1013,1,0.09786,0.0847,0.2608,1.1049,0.2786,1,0.10014,0.0262,-0.0031,0.8585,0.613
10284.0,0,0.000,71.749,0.000,50.283,11.230,0.297,16.935,12.213,15.520,0.000,0.000,46.849,0.188,0.000,63.216,2.041,38.374,0.000,90.635,3.221,0.471,3.329,0.000,39.202,0.4773,0.7808,1.1036,0.0293,0,0.32665,0.2701,-0.2874,0.8999,0.3970,1,0.06895,0.0111,-0.5382,1.1082,-0.2435,1,0.07289,0.1813,-0.0458,-0.3150,-0.2358,0,1.61219,-0.3645,-0.7845,-0.3044,0.1016,1,0.10459,0.0780,0.2506,1.1179,0.2780,1,0.10149,0.0266,-0.0033,0.8698,0.598
10317.0,0,0.000,33.788,0.000,46.091,14.520,0.057,25.999,13.596,11.869,0.703,0.000,60.822,0.036,0.000,51.103,1.759,45.786,0.000,141.261,4.678,0.090,8.997,0.000,13.715,0.4794,0.7753,1.1015,-0.0199,0,0.35076,0.2885,-0.2947,0.9215,0.3546,1,0.07222,0.0499,-0.4615,1.1330,-0.2667,1,0.06425,-0.0079,-0.0321,-0.2971,-0.2437,0,1.52302,-0.3711,-0.7726,-0.3120,0.1208,1,0.10019,0.0952,0.3183,1.1231,0.2960,1,0.10195,0.0270,-0.0033,0.8752,0.602
10350.5,0,0.000,36.202,0.000,45.769,10.695,0.635,30.517,12.473,2.360,8.641,0.000,75.421,0.007,0.000,57.924,2.114,60.238,0.000,154.175,3.813,0.017,54.584,0.000,6.463,0.4790,0.7651,1.0973,-0.0019,0,0.47241,0.2837,-0.2765,0.9502,0.3970,1,0.06675,0.0726,-0.1959,1.2427,-0.2344,1,0.05081,-0.1144,-0.0199,-0.2853,-0.2526,0,1.54080,-0.4197,-0.7301,-0.3038,0.1483,1,0.06860,0.1213,0.5675,0.9904,0.2882,0,0.12982,0.0263,-0.0033,0.9225,0.644
10384.0,0,0.000,76.420,0.000,47.965,5.303,0.426,22.030,15.070,0.442,1.790,0.000,78.278,1.666,0.000,49.932,1.385,56.064,0.000,155.149,3.460,0.003,68.116,0.000,3.718,0.4678,0.7741,1.0980,0.0149,0,0.39958,0.2162,-0.1861,1.0194,0.4346,1,0.06233,0.0309,-0.0262,1.2795,-0.2106,1,0.04708,-0.0943,-0.0511,-0.2818,-0.2557,0,1.51453,-0.4392,-0.7391,-0.2706,0.1426,1,0.07476,0.1098,0.7073,0.7466,0.2798,0,0.43266,0.0258,-0.0033,0.8508,0.604
10417.0,0,0.000,76.330,0.000,47.758,1.362,0.082,16.918,12.088,6.421,0.344,0.000,75.985,0.320,0.000,15.869,0.297,44.977,0.000,151.966,3.656,0.001,41.155,0.000,1.101,0.4273,0.7821,1.1000,0.0104,0,0.26046,0.1329,-0.0769,1.0799,0.4374,1,0.04611,-0.0955,-0.0496,1.2943,-0.2052,1,0.04358,0.0336,-0.0609,-0.2528,-0.2519,0,1.48213,-0.4473,-0.7575,-0.2504,0.1076,1,0.07678,0.0968,0.7540,0.4994,0.2782,0,0.78603,0.0267,-0.0033,0.7608,0.574
10450.5,0,0.000,41.337,0.000,44.707,0.656,0.242,28.692,3.839,18.825,0.064,0.000,69.006,0.060,0.000,23.538,0.056,53.289,0.000,145.709,1.976,0.000,20.695,6.439,2.011,0.4171,0.7793,1.0977,0.0133,0,0.21780,0.1449,-0.0109,1.0387,0.4722,1,0.04248,-0.1786,-0.2049,1.2618,-0.2247,1,0.04770,0.1789,-0.0434,-0.2517,-0.2476,0,1.55639,-0.4119,-0.7914,-0.2457,0.0809,1,0.09165,0.1027,0.7518,0.3068,0.2793,0,1.08357,0.0277,-0.0035,0.7395,0.554
10484.0,0,0.000,43.993,0.000,46.955,12.882,6.759,55.440,13.385,60.435,0.012,0.000,51.421,0.011,0.000,48.005,0.010,62.140,0.000,158.032,0.491,0.000,9.869,9.101,4.215,0.4390,0.7726,1.0953,0.0773,0,0.14193,0.1730,-0.0056,1.0344,0.4648,1,0.04191,-0.1749,-0.3986,1.2073,-0.2531,1,0.04472,0.2907,-0.0253,-0.3043,-0.2462,0,1.56270,-0.3635,-0.8198,-0.2783,0.0643,1,0.09040,0.1177,0.6871,0.2602,0.2810,0,1.14723,0.0275,0.0665,0.7056,0.560
10517.0,0,0.000,77.134,0.000,49.398,18.969,5.302,36.172,23.249,75.171,0.002,0.308,34.738,0.002,0.000,59.294,0.002,34.607,0.000,154.120,0.705,0.000,4.257,2.000,21.743,0.4695,0.7960,1.1041,0.1085,1,0.06670,0.1873,-0.0479,1.0823,0.4410,1,0.04320,-0.1243,-0.5121,1.1781,-0.2622,1,0.04433,0.3667,-0.0149,-0.3583,-0.2458,0,1.47290,-0.3238,-0.8010,-0.2918,0.0563,1,0.08167,0.1180,0.5484,0.6007,0.2822,0,0.58762,0.0274,0.0990,0.6558,0.591
10550.5,0,0.000,61.155,0.000,48.015,7.629,0.993,22.550,9.481,60.689,0.000,0.058,37.061,0.000,0.000,41.515,0.000,34.680,0.000,157.572,2.018,0.000,0.797,0.375,51.433,0.4831,0.8070,1.1100,0.0986,1,0.06709,0.1909,-0.1046,1.0937,0.3896,1,0.04293,-0.0727,-0.5601,1.1500,-0.2568,1,0.04407,0.4212,-0.0098,-0.3778,-0.2426,0,1.46556,-0.3023,-0.7773,-0.2829,0.0520,1,0.08293,0.1039,0.3614,0.9312,0.2970,0,0.11504,0.0264,0.0746,0.6583,0.612
10584.0,0,0.000,33.173,0.000,46.003,5.482,2.113,30.299,5.296,58.892,0.000,0.011,46.643,0.000,0.222,25.922,0.000,55.015,0.000,167.427,2.444,0.237,0.149,0.070,61.035,0.4891,0.7928,1.0989,0.1015,1,0.06748,0.2200,-0.0821,1.0365,0.3776,1,0.04142,-0.0299,-0.5750,1.1050,-0.2448,1,0.06360,0.4290,0.0019,-0.3575,-0.2387,0,1.48613,-0.3067,-0.7999,-0.2783,0.0514,1,0.10269,0.0772,0.2355,1.0078,0.2939,1,0.09980,0.0263,0.0406,0.6546,0.564
10617.0,0,0.000,42.823,0.000,47.914,6.649,1.145,40.942,11.575,56.582,0.000,0.002,54.123,0.000,0.192,37.408,0.000,61.566,0.000,153.993,2.066,1.357,0.029,0.013,58.751,0.4983,0.7926,1.0945,0.1130,1,0.06603,0.2553,-0.0496,1.0123,0.4155,1,0.04140,-0.0074,-0.5686,1.0737,-0.2008,1,0.07081,0.3883,0.0124,-0.3489,-0.2398,0,1.46688,-0.3346,-0.8168,-0.2837,0.0491,1,0.10552,0.0584,0.1340,1.0174,0.3005,1,0.09980,0.0272,0.0180,0.6336,0.526
10650.5,0,0.000,84.123,0.000,50.721,11.098,0.214,21.005,20.965,49.277,0.063,0.000,61.104,1.496,0.036,62.486,1.210,53.054,0.000,135.078,3.101,1.420,0.718,0.003,54.480,0.5043,0.8093,1.1034,0.0952,1,0.06432,0.2740,-0.0916,1.0625,0.4233,1,0.07771,0.0023,-0.5664,1.0415,-0.1073,1,0.07910,0.2407,-0.0248,-0.3417,-0.2462,0,1.33831,-0.3565,-0.8060,-0.2830,0.0647,1,0.10027,0.0423,0.0994,1.0241,0.2938,1,0.09915,0.0274,0.0060,0.6129,0.512
10684.0,0,0.000,68.393,0.000,49.235,10.315,0.040,8.858,14.096,37.490,0.012,0.000,53.278,0.343,0.007,68.822,2.257,42.637,0.000,139.186,4.375,0.858,3.134,0.000,46.302,0.4980,0.8101,1.1179,0.0339,1,0.06418,0.2707,-0.1374,1.0806,0.4183,1,0.07870,0.0080,-0.5668,1.0222,-0.0587,1,0.08161,0.0028,-0.0454,-0.3247,-0.2532,0,1.19948,-0.3674,-0.7838,-0.2745,0.0686,1,0.09955,0.0465,0.1384,1.0551,0.2948,1,0.09973,0.0277,0.0005,0.6108,0.513
10717.0,0,0.000,38.528,0.000,45.289,10.214,0.008,2.757,8.258,49.319,0.002,9.502,35.428,0.066,0.001,64.474,2.565,31.385,0.000,104.952,4.122,0.388,4.228,0.000,34.126,0.4882,0.7911,1.1223,-0.0394,1,0.06469,0.2720,-0.1732,1.0748,0.4169,1,0.07553,0.0157,-0.5767,1.0165,-0.0592,1,0.07930,-0.1909,-0.0361,-0.3060,-0.2585,0,1.12598,-0.3740,-0.7562,-0.2665,0.0936,1,0.09881,0.0712,0.1949,1.0735,0.3121,1,0.10031,0.0276,-0.0019,0.6207,0.522
10750.5,0,0.000,57.550,0.000,47.154,7.714,0.306,7.764,7.914,57.700,0.000,4.953,45.883,1.661,0.000,75.696,2.556,36.572,0.000,126.582,4.325,2.383,5.324,0.000,35.279,0.4820,0.7767,1.1156,-0.0930,1,0.06504,0.2567,-0.1803,1.0575,0.3930,1,0.05932,0.0202,-0.5900,1.0165,-0.0741,1,0.08152,-0.3122,-0.0601,-0.2998,-0.2619,0,1.08994,-0.3776,-0.7428,-0.2647,0.1250,1,0.10146,0.0915,0.2044,1.0810,0.3169,1,0.10061,0.0274,-0.0029,0.6310,0.521
10784.0,0,0.000,83.860,0.000,50.776,7.572,0.179,12.340,9.516,41.993,0.000,0.928,45.345,1.387,0.000,77.714,2.752,41.007,0.000,136.224,4.585,3.622,2.391,0.000,44.198,0.4797,0.7802,1.1078,-0.0953,1,0.06650,0.1892,-0.1686,1.0245,0.4166,1,0.06249,0.0178,-0.5938,1.0130,-0.0895,1,0.08375,-0.3640,-0.0881,-0.2997,-0.2639,0,1.11067,-0.3846,-0.7549,-0.2658,0.1171,1,0.10581,0.0842,0.1513,1.0836,0.3019,1,0.10093,0.0273,-0.0032,0.6482,0.510
10817.0,0,0.000,52.508,0.000,48.055,3.667,0.034,6.388,6.674,46.474,0.000,0.178,35.323,0.266,0.000,72.133,2.653,46.565,0.000,155.481,4.345,4.097,1.129,3.370,23.645,0.4780,0.7810,1.1026,-0.0802,0,0.07510,0.1498,-0.1277,0.9849,0.4342,1,0.05117,0.0171,-0.5866,1.0084,-0.0976,1,0.08625,-0.3743,-0.0768,-0.2982,-0.2643,0,1.18007,-0.3862,-0.7798,-0.2663,0.0901,1,0.11074,0.0745,0.0710,1.0735,0.2894,1,0.10130,-0.0278,0.0577,0.6610,0.491
10850.5,0,0.000,35.753,0.000,46.514,2.589,0.227,12.892,8.002,43.655,0.000,0.033,51.000,0.050,0.000,66.998,2.402,50.537,0.000,153.388,3.377,3.164,2.623,0.955,13.804,0.4800,0.7742,1.0973,-0.0198,1,0.06666,0.1719,-0.0721,0.9865,0.4099,1,0.04745,0.0168,-0.5709,1.0138,-0.0981,1,0.08610,-0.3399,-0.0479,-0.2958,-0.2636,0,1.22314,-0.3792,-0.8044,-0.2726,0.0822,1,0.11240,0.0782,0.0360,1.0519,0.3004,1,0.10201,-0.0504,0.0845,0.6461,0.471
10884.0,0,0.000,65.366,0.000,48.590,7.127,0.043,16.847,15.331,36.413,0.000,0.006,49.249,2.848,0.000,78.557,2.444,50.166,0.000,149.962,3.058,2.755,3.580,0.179,25.696,0.4911,0.7871,1.0933,0.0645,1,0.06530,0.1925,-0.0791,1.0318,0.3755,1,0.05631,0.0286,-0.5591,1.0195,-0.0958,1,0.08056,-0.2482,-0.0794,-0.2990,-0.2620,0,1.18652,-0.3757,-0.8110,-0.2829,0.1098,1,0.10719,0.0679,0.0656,1.0492,0.3213,1,0.10093,-0.0284,0.0616,0.6261,0.473
10917.0,0,0.000,89.932,0.000,51.495,9.121,0.008,5.850,24.632,33.107,0.000,0.001,48.361,2.679,0.000,75.276,2.052,50.700,0.000,152.205,2.795,1.477,3.737,0.034,31.315,0.4887,0.8039,1.1055,0.0869,1,0.06542,0.1979,-0.1280,1.0649,0.3884,1,0.07622,0.0534,-0.5512,1.0387,-0.1488,1,0.06845,-0.1523,-0.1240,-0.3057,-0.2595,0,1.12683,-0.3749,-0.8090,-0.2874,0.1237,1,0.10381,0.0623,0.1218,1.0584,0.3416,1,0.10033,-0.0030,0.0329,0.6203,0.492
10950.5,0,0.000,48.755,0.000,47.665,6.029,0.002,1.096,17.025,21.022,0.000,0.000,54.744,0.502,0.000,39.561,0.697,57.190,0.000,161.480,2.838,0.462,4.379,0.006,27.609,0.4851,0.8102,1.1223,0.0603,1,0.06471,0.2532,-0.1448,1.0790,0.4046,1,0.08186,0.0709,-0.5355,1.0674,-0.2110,1,0.06310,-0.0095,-0.1133,-0.3040,-0.2552,0,1.14095,-0.3745,-0.8095,-0.2886,0.1123,1,0.10198,0.0706,0.1776,1.0679,0.3473,1,0.10054,0.0130,0.0139,0.6118,0.503
10984.0,0,0.000,34.338,0.000,45.732,6.135,0.238,10.991,8.179,5.250,0.000,0.000,54.725,0.094,0.000,19.528,0.131,57.075,0.000,138.393,2.387,0.087,5.005,0.001,15.402,0.4884,0.7965,1.1151,0.0586,1,0.06359,0.3094,-0.1214,1.0804,0.4160,1,0.07303,0.0737,-0.4760,1.1027,-0.2425,1,0.05571,0.1125,-0.0729,-0.2817,-0.2461,0,1.21471,-0.3834,-0.8061,-0.2873,0.1246,1,0.09839,0.0850,0.2177,1.0616,0.3447,1,0.10041,0.0216,0.0041,0.6062,0.501
11017.0,0,0.000,56.329,0.000,48.544,8.344,0.046,15.598,5.463,1.008,13.446,0.000,65.616,0.739,0.000,53.073,0.727,31.104,0.000,51.641,0.802,0.017,6.072,0.000,6.918,0.4813,0.7823,1.1029,0.1073,0,0.23299,0.2897,-0.0981,1.0282,0.4563,1,0.04641,0.0917,-0.1318,1.1959,-0.2146,1,0.04539,0.0912,-0.0603,-0.2899,-0.2362,0,1.49006,-0.4500,-0.7865,-0.2619,0.1333,1,0.08453,0.1221,0.2322,0.9370,0.3122,0,0.10596,0.0258,-0.0004,0.7201,0.523
11050.5,0,0.000,88.113,0.000,52.557,15.219,0.009,9.606,12.419,0.189,15.315,0.000,77.883,1.810,0.000,83.818,2.951,19.945,0.000,75.070,2.635,0.003,7.168,0.777,5.319,0.4786,0.7853,1.1063,0.1140,0,0.36651,0.2109,-0.1810,1.0023,0.4661,1,0.06819,0.0971,0.2441,1.2923,-0.1758,1,0.05166,-0.0454,-0.0835,-0.3004,-0.2405,0,1.55278,-0.4958,-0.7431,-0.2386,0.1175,1,0.08482,0.1567,0.2503,0.7176,0.2902,0,0.21925,0.0272,-0.0023,0.8209,0.551
11084.0,0,0.000,56.208,0.000,50.902,15.898,0.522,7.747,16.416,0.035,5.625,0.000,85.276,0.409,0.000,89.533,4.008,26.924,0.000,124.079,3.714,0.001,7.838,4.507,2.012,0.4801,0.7854,1.1093,0.0964,0,0.38960,0.1577,-0.2251,1.0320,0.4555,1,0.07065,0.0543,0.3730,1.3536,-0.1630,1,0.05480,-0.1783,-0.0815,-0.2981,-0.2515,0,1.47975,-0.5167,-0.7082,-0.2278,0.0896,1,0.07565,0.1866,0.2874,0.4732,0.2812,0,0.39476,0.0271,-0.0029,0.8388,0.576
11117.0,0,0.000,40.663,0.000,49.377,15.831,0.100,17.284,17.176,0.007,1.080,0.000,87.700,0.078,0.000,90.749,3.973,32.509,0.000,154.668,4.204,0.000,7.686,3.248,0.731,0.4825,0.7790,1.1073,0.1333,0,0.38094,0.1705,-0.2394,1.0662,0.4471,1,0.07841,0.0048,0.3079,1.3607,-0.1709,1,0.05294,-0.2617,-0.0557,-0.2951,-0.2599,0,1.42936,-0.5161,-0.6973,-0.2196,0.0669,1,0.06829,0.2044,0.3105,0.2756,0.2784,0,0.57122,0.0271,-0.0032,0.8349,0.593
11150.5,0,0.000,77.279,0.000,52.216,23.102,2.752,47.108,36.904,11.563,0.202,0.000,84.816,3.197,0.000,105.679,3.200,45.906,0.000,166.154,3.899,0.000,12.958,10.159,3.613,0.4839,0.7815,1.1063,0.1813,0,0.32345,0.2174,-0.2165,1.1182,0.4421,1,0.07998,-0.0340,0.0194,1.3112,-0.1799,1,0.04680,-0.2797,-0.0889,-0.3043,-0.2636,0,1.31064,-0.5002,-0.6826,-0.2096,0.0516,1,0.06783,0.2079,0.3886,0.2149,0.2775,0,0.66890,-0.0160,-0.0016,0.8036,0.616
11184.0,0,0.000,78.847,0.000,52.549,11.695,0.563,12.506,33.691,19.629,0.038,0.000,77.973,1.266,0.000,79.004,1.951,44.682,0.000,153.637,3.367,0.000,6.268,1.903,9.194,0.4834,0.7851,1.1067,0.1615,0,0.15719,0.2579,-0.1978,1.1657,0.4494,1,0.06379,-0.0904,-0.2069,1.2808,-0.1881,1,0.04267,-0.2259,-0.1122,-0.3153,-0.2620,0,1.09969,-0.4788,-0.6684,-0.2027,0.0426,1,0.06144,0.1944,0.3981,0.3435,0.2757,0,0.52575,-0.0322,-0.0010,0.7228,0.654
11217.0,0,0.000,39.359,0.000,48.308,4.698,0.108,2.402,17.979,22.988,0.007,0.000,72.165,0.243,0.000,54.818,0.410,29.347,0.000,151.286,3.296,0.000,1.780,0.365,20.564,0.4981,0.8024,1.1111,0.1443,1,0.06563,0.2925,-0.1673,1.1912,0.4499,1,0.06983,-0.0976,-0.3473,1.2489,-0.2127,1,0.04188,-0.0268,-0.0895,-0.3355,-0.2556,0,1.07989,-0.4453,-0.6701,-0.2032,0.0415,1,0.06343,0.1691,0.3164,0.6246,0.2736,0,0.20335,-0.0156,-0.0015,0.6525,0.655
11250.5,0,0.000,36.555,0.000,47.796,3.817,2.664,18.327,7.754,28.940,0.001,0.000,68.117,0.046,0.000,42.537,0.077,29.400,0.000,89.120,1.339,0.000,1.784,0.068,19.722,0.5176,0.8181,1.1077,0.1567,1,0.06259,0.2749,-0.0800,1.1451,0.4731,1,0.04529,-0.0827,-0.4153,1.2134,-0.2433,1,0.04347,0.2168,-0.0545,-0.3538,-0.2471,0,1.24156,-0.4047,-0.6948,-0.2100,0.0752,1,0.08175,0.1368,0.2463,0.8056,0.2591,1,0.09617,0.0033,-0.0022,0.6112,0.611
11284.0,0,0.000,66.815,0.000,49.733,4.678,2.293,32.530,3.221,30.723,0.164,0.000,66.762,0.683,0.000,49.009,0.014,32.677,0.000,110.874,1.805,0.000,6.438,0.013,29.374,0.5093,0.8070,1.1010,0.1775,0,0.06479,0.2325,-0.0189,1.0599,0.4837,1,0.04432,-0.0458,-0.4744,1.1604,-0.2795,1,0.05687,0.3708,-0.0486,-0.3701,-0.2383,0,1.39410,-0.3703,-0.7452,-0.2371,0.1107,1,0.10121,0.1131,0.2319,0.9474,0.2599,0,0.10097,0.0162,-0.0028,0.6183,0.553
11317.0,0,0.000,81.720,0.000,49.912,9.896,1.029,27.671,3.145,29.396,0.208,0.000,55.181,0.131,0.000,28.759,0.003,38.626,0.000,142.179,2.778,0.000,10.004,0.002,32.297,0.4906,0.7937,1.1059,0.1723,0,0.22172,0.1855,-0.1094,0.9075,0.4850,1,0.04468,-0.0197,-0.5190,1.1041,-0.3080,1,0.06578,0.4408,-0.0414,-0.3602,-0.2317,0,1.66650,-0.3564,-0.7879,-0.2801,0.1032,1,0.10807,0.0871,0.2931,1.0401,0.2673,0,0.13381,0.0227,-0.0115,0.7741,0.564
11350.5,0,0.000,48.586,0.000,46.857,11.945,0.387,26.140,2.196,28.824,0.039,0.000,61.148,0.025,0.349,28.889,0.001,49.594,0.000,141.499,2.420,0.000,6.770,0.000,11.275,0.4848,0.7872,1.1050,0.1778,0,0.48906,0.1513,-0.2652,0.7281,0.4972,1,0.04111,-0.0172,-0.5190,1.0630,-0.3251,1,0.07267,0.4491,-0.0126,-0.3424,-0.2324,0,2.00233,-0.3850,-0.8196,-0.3232,0.0710,1,0.11312,0.0628,0.3190,1.0354,0.2717,0,0.16964,0.0253,-0.0156,0.9863,0.602
11384.0,0,0.000,52.362,0.000,48.471,14.743,0.073,20.711,3.889,15.556,0.007,0.000,72.730,0.005,1.129,53.950,0.682,58.324,0.000,129.214,2.122,0.000,10.978,12.138,6.315,0.4840,0.7830,1.1026,0.2111,0,0.64887,0.1400,-0.3771,0.6535,0.4840,1,0.03951,-0.0264,-0.4861,1.0557,-0.3277,1,0.06568,0.4069,0.0371,-0.3376,-0.2403,0,2.18506,-0.4243,-0.8327,-0.3502,0.0434,1,0.10721,0.0635,0.3841,0.8718,0.2743,0,0.26944,0.0255,-0.0122,1.0918,0.616
11417.0,0,0.000,80.973,0.000,52.195,16.428,0.014,15.653,13.169,4.252,0.001,0.000,76.033,1.472,0.217,76.492,1.575,47.798,0.000,70.718,1.063,0.000,18.568,28.449,5.255,0.4830,0.7850,1.1069,0.1976,0,0.61832,0.1648,-0.3777,0.7747,0.4814,1,0.05137,-0.0485,-0.4080,1.1230,-0.2974,1,0.05199,0.2689,0.0147,-0.3362,-0.2491,0,2.04322,-0.4499,-0.7977,-0.3304,0.0293,1,0.07628,0.0891,0.5132,0.5756,0.2756,0,0.49782,0.0256,-0.0082,1.0502,0.633
11450.5,0,0.000,56.014,0.000,50.738,14.858,0.003,16.058,18.017,0.796,0.000,0.000,74.286,0.276,0.041,74.417,1.780,44.980,0.000,122.651,2.691,0.000,20.740,23.216,4.413,0.4821,0.7844,1.1099,0.1495,0,0.52315,0.2019,-0.3327,0.9233,0.4541,1,0.07660,-0.0268,-0.2955,1.1928,-0.2615,1,0.04755,0.0542,-0.0155,-0.3322,-0.2546,0,1.76988,-0.4521,-0.7498,-0.2868,0.0274,1,0.06386,0.1203,0.6092,0.3161,0.2755,0,0.80355,0.0253,-0.0055,0.9696,0.642
11484.0,0,0.000,32.060,0.000,47.893,15.211,0.000,17.943,14.425,2.249,0.000,0.000,73.242,0.052,0.008,57.313,1.263,43.144,0.000,136.564,2.491,0.000,20.501,6.699,0.883,0.4817,0.7744,1.1071,0.1035,0,0.48047,0.2266,-0.3018,0.9915,0.4308,1,0.07301,-0.0652,-0.2296,1.2347,-0.2365,1,0.04650,-0.0864,-0.0192,-0.3261,-0.2555,0,1.62244,-0.4500,-0.7227,-0.2555,0.0309,1,0.06423,0.1443,0.6534,0.1597,0.2760,0,1.00117,0.0255,-0.0042,0.9270,0.641
11517.0,0,0.000,53.269,0.000,48.340,17.793,0.422,46.459,7.894,5.725,0.000,0.000,77.690,0.813,0.001,39.648,0.274,43.003,0.000,152.892,2.294,0.000,12.484,1.286,0.309,0.4799,0.7739,1.1036,0.0543,0,0.53892,0.2263,-0.3270,0.9533,0.4352,1,0.06211,-0.1164,-0.2340,1.2354,-0.2304,1,0.04742,-0.0755,-0.0364,-0.3265,-0.2508,0,1.65935,-0.4459,-0.7259,-0.2481,0.0351,1,0.06711,0.1464,0.6334,0.0861,0.2775,0,1.04490,0.0255,-0.0036,0.9585,0.639
11550.5,0,0.000,82.807,0.000,50.208,14.949,0.224,43.736,3.970,14.310,0.000,0.000,73.326,0.719,0.000,39.935,0.051,40.557,0.000,152.477,2.636,0.000,5.461,0.241,2.138,0.4712,0.7815,1.1049,0.0205,0,0.69033,0.1473,-0.4001,0.7970,0.4933,1,0.04349,-0.1342,-0.2891,1.1905,-0.2474,1,0.05196,0.0946,-0.0547,-0.3380,-0.2420,0,1.90776,-0.4352,-0.7569,-0.2597,0.0377,1,0.08311,0.1329,0.5323,0.1260,0.2787,0,0.88685,0.0253,-0.0032,1.0637,0.631
11584.0,0,0.000,37.638,0.000,45.918,10.606,0.042,30.317,2.345,29.719,0.000,0.000,59.598,0.135,0.000,40.535,0.010,36.265,0.000,157.249,3.296,0.000,1.342,0.045,7.884,0.4661,0.7809,1.1038,0.0149,0,0.86601,0.0585,-0.4692,0.6349,0.5462,1,0.03934,-0.1285,-0.3699,1.1282,-0.2724,1,0.06125,0.3003,-0.0472,-0.3525,-0.2336,0,2.22247,-0.4424,-0.7877,-0.2932,0.0320,1,0.09656,0.1091,0.3728,0.2705,0.2787,0,0.55645,0.0249,-0.0030,1.1886,0.625
11617.0,0,0.000,24.583,0.000,45.386,11.752,0.008,30.596,4.448,57.520,0.000,0.000,18.818,0.026,0.000,37.644,0.002,41.729,0.000,154.250,2.548,0.000,0.258,0.009,13.263,0.4691,0.7672,1.0994,0.0558,0,0.92790,0.0688,-0.4942,0.5576,0.5965,1,0.03918,-0.1074,-0.4297,1.0888,-0.2831,1,0.05597,0.4078,-0.0295,-0.3610,-0.2308,0,2.34653,-0.4508,-0.7877,-0.3134,0.0260,1,0.08834,0.0866,0.2172,0.4812,0.2778,0,0.23196,0.0238,-0.0028,1.2454,0.644
11650.5,0,0.000,41.623,0.000,47.209,18.270,0.002,37.783,20.745,77.731,0.000,0.000,4.748,0.005,0.000,38.826,0.000,54.675,0.000,158.381,2.970,0.000,0.048,0.002,25.358,0.4699,0.7658,1.0968,0.1094,0,0.62027,0.1556,-0.4525,0.7671,0.5221,1,0.08800,-0.0811,-0.5225,1.0528,-0.2577,1,0.04722,0.4263,-0.0167,-0.3646,-0.2335,0,2.09633,-0.4333,-0.7765,-0.3166,0.0229,1,0.08606,0.0754,0.1358,0.7290,0.2550,1,0.10109,0.0239,-0.0029,1.0756,0.669
11684.0,0,0.000,80.861,0.000,49.136,18.897,0.131,35.904,41.017,73.163,0.000,0.000,11.121,0.319,0.000,57.282,0.164,53.827,0.000,147.764,2.577,0.000,0.009,0.000,47.239,0.4619,0.7771,1.0991,0.1191,0,0.27449,0.2418,-0.3587,0.9702,0.4387,1,0.08390,-0.0429,-0.6011,1.0317,-0.2284,1,0.04303,0.4069,-0.0204,-0.3747,-0.2391,0,1.72838,-0.3852,-0.7579,-0.2896,0.0292,1,0.07541,0.0621,0.1269,0.8741,0.2194,1,0.09725,0.0241,-0.0029,0.8608,0.654
11717.0,0,0.000,65.617,0.000,48.515,15.759,1.995,38.910,27.296,64.091,0.000,0.000,14.509,0.061,0.000,56.418,0.594,37.074,0.000,156.035,3.321,1.660,0.002,0.000,61.311,0.4710,0.7986,1.1105,0.0823,1,0.07121,0.2796,-0.2840,1.0840,0.4089,1,0.07979,-0.0198,-0.6187,1.0232,-0.1862,1,0.04346,0.3835,-0.0212,-0.3732,-0.2448,0,1.44969,-0.3636,-0.7406,-0.2549,0.0468,1,0.08037,0.0351,0.0875,0.9242,0.2277,1,0.09749,0.0253,-0.0031,0.6932,0.608
11750.5,0,0.000,38.701,0.000,46.023,9.028,6.099,65.429,12.033,58.079,0.000,0.000,42.882,0.011,0.000,50.449,0.292,34.973,0.000,160.835,2.992,2.909,0.000,0.000,64.725,0.4912,0.8121,1.1220,0.0399,1,0.06470,0.2683,-0.1688,1.0833,0.4334,1,0.05316,-0.0255,-0.5761,1.0405,-0.1393,1,0.06396,0.3686,-0.0156,-0.3705,-0.2489,0,1.40159,-0.3576,-0.7491,-0.2374,0.0610,1,0.09284,-0.0029,0.0231,0.9241,0.2677,1,0.09943,0.0259,-0.0032,0.6274,0.558
11784.0,0,0.000,49.647,0.000,47.059,12.475,1.893,57.524,9.636,38.393,0.000,0.000,54.071,0.002,0.000,56.471,0.055,54.226,0.000,163.988,2.421,3.375,0.000,0.000,63.839,0.4949,0.7972,1.1095,0.0237,1,0.06357,0.2580,-0.0954,1.0427,0.4844,1,0.04379,-0.0274,-0.5513,1.0252,-0.0565,1,0.08020,0.3721,-0.0107,-0.3817,-0.2506,0,1.43050,-0.3482,-0.7740,-0.2365,0.0631,1,0.09233,-0.0247,-0.0393,0.9146,0.3001,1,0.09800,0.0267,0.0686,0.6131,0.529
11817.0,0,0.000,82.367,0.000,49.783,21.063,0.363,12.106,9.131,24.952,0.000,0.000,43.880,0.251,0.000,56.728,0.574,62.744,0.000,154.282,2.532,2.487,0.854,0.000,52.979,0.4845,0.7883,1.1020,0.0188,0,0.10484,0.2600,-0.1588,0.9967,0.4777,1,0.04547,-0.0212,-0.5406,1.0118,-0.0232,1,0.08511,0.3701,-0.0155,-0.3785,-0.2513,0,1.52480,-0.3505,-0.7818,-0.2486,0.0644,1,0.08809,-0.0143,-0.0353,0.9069,0.3075,1,0.09909,-0.0273,0.1025,0.6881,0.556
11850.5,0,0.000,56.841,0.000,48.254,12.282,0.068,2.268,5.973,48.867,0.000,0.000,44.455,0.047,0.000,64.419,1.171,53.691,0.000,130.742,2.694,2.157,2.969,0.000,35.623,0.4815,0.7850,1.1007,0.0229,0,0.16763,0.2687,-0.2288,0.9637,0.4363,1,0.04579,-0.0157,-0.5383,1.0336,-0.0906,1,0.07696,0.3228,-0.0166,-0.3617,-0.2540,0,1.58097,-0.3736,-0.7674,-0.2629,0.1045,1,0.08310,0.0232,0.0216,0.9168,0.2920,1,0.09906,-0.0504,0.0778,0.7641,0.591
11884.0,0,0.000,42.333,0.000,47.920,8.871,0.013,16.069,5.771,41.389,0.000,0.000,43.951,0.009,0.000,68.064,1.716,41.189,0.000,88.992,2.473,1.107,1.915,0.000,35.497,0.4823,0.7778,1.0995,0.0148,0,0.22314,0.2612,-0.2657,0.9351,0.3741,1,0.04384,-0.0046,-0.5397,1.0393,-0.1584,1,0.07250,0.2101,-0.0128,-0.3425,-0.2575,0,1.57062,-0.3932,-0.7622,-0.2681,0.1160,1,0.09209,0.0618,0.0749,0.9624,0.2725,1,0.09971,-0.0294,0.0426,0.8115,0.601
11917.0,0,0.000,69.199,0.000,49.436,9.660,0.192,7.429,6.443,39.018,0.000,3.248,14.194,1.869,0.000,68.229,1.923,41.171,0.000,127.850,3.100,0.213,2.190,0.000,41.275,0.4807,0.7797,1.0999,-0.0104,0,0.24730,0.2377,-0.2801,0.9246,0.3355,1,0.04420,0.0025,-0.5408,1.0370,-0.2061,1,0.06080,0.0772,-0.0503,-0.3251,-0.2594,0,1.47559,-0.4026,-0.7662,-0.2754,0.0910,1,0.09409,0.0858,0.1310,1.0135,0.2585,1,0.10034,-0.0046,0.0191,0.8321,0.603
11950.5,0,0.000,88.646,0.000,50.866,8.843,0.180,1.650,15.274,50.733,0.000,20.031,3.253,1.012,0.000,42.525,0.739,50.378,0.000,153.080,3.028,0.040,4.949,0.000,21.625,0.4692,0.7850,1.1036,-0.0197,0,0.14424,0.1918,-0.2491,1.0004,0.2948,1,0.04880,0.0003,-0.5808,0.9893,-0.1917,1,0.04336,-0.0269,-0.0794,-0.3092,-0.2588,0,1.29611,-0.3980,-0.7749,-0.2763,0.0666,1,0.09578,0.0971,0.1879,1.0516,0.2613,1,0.09974,0.0118,0.0066,0.7646,0.583
11984.0,0,0.000,47.781,0.000,46.652,3.775,0.377,3.208,11.775,68.999,0.000,15.283,1.449,0.190,0.000,42.684,0.809,50.322,0.000,158.918,3.229,0.007,46.377,0.000,6.368,0.4718,0.7989,1.1201,-0.0349,1,0.07044,0.2023,-0.1913,1.0398,0.3040,1,0.05004,0.0105,-0.6444,0.8624,-0.0908,1,0.03403,-0.0486,-0.0672,-0.3021,-0.2558,0,1.18152,-0.3744,-0.7966,-0.2817,0.0521,1,0.11039,0.0937,0.4869,1.0029,0.2727,0,0.28922,0.0204,0.0007,0.6820,0.554
12017.0,0,0.000,34.590,0.000,45.339,2.627,1.338,20.929,4.185,73.642,0.000,2.935,14.233,0.036,0.000,19.573,0.155,47.650,0.000,154.321,3.127,0.001,64.154,0.000,2.918,0.4857,0.8016,1.1181,-0.0340,1,0.06714,0.2138,-0.1145,1.0329,0.3277,1,0.04408,0.0186,-0.6463,0.8898,-0.0782,1,0.04038,0.0845,-0.0422,-0.2861,-0.2461,0,1.21611,-0.3346,-0.8190,-0.2886,0.0448,1,0.10847,0.0648,0.6753,0.8019,0.2778,0,0.64530,0.0242,-0.0017,0.6484,0.540
12050.5,0,0.000,55.330,0.000,46.319,3.413,0.913,44.801,2.746,66.741,0.000,0.550,42.664,0.269,0.349,16.314,0.029,55.931,0.000,155.778,3.266,0.000,30.680,8.042,3.644,0.4811,0.7844,1.1020,-0.0166,0,0.12101,0.1922,-0.0827,0.9403,0.3555,1,0.03627,0.0128,-0.6144,0.9515,-0.1046,1,0.07597,0.2609,-0.0177,-0.2560,-0.2335,0,1.41840,-0.3312,-0.8373,-0.2932,0.0415,1,0.11404,0.0473,0.7397,0.5358,0.2819,0,1.05573,0.0264,-0.0027,0.7102,0.538
12084.0,0,0.000,82.271,0.000,48.629,11.460,0.171,27.694,14.199,44.429,0.646,0.103,53.138,0.325,0.065,33.586,0.005,66.391,0.000,164.808,3.182,0.000,12.410,21.047,5.653,0.4793,0.7845,1.0996,-0.0045,0,0.13591,0.1764,-0.1427,0.9580,0.4219,1,0.03893,-0.0209,-0.5856,1.0124,-0.0987,1,0.06129,0.3430,-0.0141,-0.2745,-0.2335,0,1.48655,-0.3812,-0.8007,-0.3003,0.0306,1,0.08104,0.0611,0.7202,0.3584,0.2845,0,1.15195,0.0266,-0.0031,0.7493,0.605
12117.0,0,0.000,45.098,0.000,45.824,9.790,0.033,9.851,18.673,28.216,0.584,0.020,51.503,0.062,0.013,53.107,0.327,63.869,0.000,161.744,3.677,0.190,6.582,19.584,6.001,0.4837,0.7873,1.1023,-0.0164,1,0.06919,0.2323,-0.1743,1.0660,0.4524,1,0.05648,-0.0497,-0.5753,1.0730,-0.1083,1,0.04422,0.2718,-0.0150,-0.3177,-0.2427,0,1.36042,-0.4196,-0.7357,-0.2794,0.0622,1,0.06350,0.0988,0.6072,0.3068,0.2855,0,1.00113,0.0256,-0.0031,0.6990,0.642
12150.5,0,0.000,35.648,0.000,45.611,10.119,0.006,43.375,11.401,26.968,0.109,0.004,51.483,0.012,0.002,53.949,0.845,54.422,0.000,145.631,3.736,0.432,4.327,4.892,4.869,0.4899,0.7831,1.0956,0.0158,0,0.07030,0.2861,-0.2027,1.0833,0.4682,1,0.05328,-0.0551,-0.5683,1.1110,-0.1562,1,0.04287,0.1043,-0.0123,-0.3357,-0.2519,0,1.25070,-0.4373,-0.6961,-0.2593,0.0759,1,0.06296,0.1404,0.4418,0.3409,0.2850,0,0.72934,0.0253,-0.0029,0.6953,0.657
12184.0,0,0.000,69.094,0.000,48.973,5.092,0.245,62.847,3.907,13.255,0.812,0.001,51.587,1.833,0.000,57.587,1.181,46.330,0.000,155.100,4.506,0.081,4.171,0.916,5.497,0.4826,0.7795,1.0976,0.0540,0,0.24302,0.2497,-0.2278,0.9491,0.4825,1,0.04343,-0.0423,-0.5128,1.1103,-0.2201,1,0.05282,-0.0675,-0.0508,-0.3301,-0.2576,0,1.35151,-0.4510,-0.7170,-0.2525,0.0652,1,0.08605,0.1694,0.3216,0.3926,0.2822,0,0.56950,0.0253,-0.0031,0.8145,0.639
12217.0,0,0.000,87.346,0.000,51.321,10.023,0.047,20.309,1.766,4.066,0.536,0.000,64.970,0.991,0.000,66.452,2.132,28.376,0.000,152.069,3.665,0.016,3.598,0.176,23.866,0.4680,0.7847,1.1047,0.0428,0,0.62130,0.1229,-0.3024,0.7342,0.5173,1,0.04042,-0.0355,-0.3650,1.1054,-0.2591,1,0.05102,-0.1846,-0.0788,-0.3157,-0.2607,0,1.67328,-0.4809,-0.7635,-0.2836,0.0531,1,0.10233,0.1758,0.2592,0.6637,0.2764,0,0.26618,0.0260,-0.0031,1.0398,0.609
12250.5,0,0.000,49.889,0.000,47.631,10.204,0.009,9.801,6.959,1.165,0.558,0.000,72.043,0.186,0.000,71.739,1.425,30.630,0.000,146.179,1.779,0.003,4.561,0.033,42.644,0.4621,0.7844,1.1065,0.0150,0,0.70600,0.1054,-0.3348,0.7154,0.5168,1,0.05811,-0.0006,-0.2403,1.1397,-0.2525,1,0.05151,-0.1921,-0.0668,-0.3178,-0.2600,0,1.75916,-0.4441,-0.7849,-0.3032,0.0475,1,0.10435,0.1615,0.2399,0.9159,0.2693,1,0.10352,0.0254,-0.0032,1.0691,0.597
12284.0,0,0.000,39.800,0.000,47.314,9.518,0.002,11.818,13.430,2.351,0.105,0.000,71.242,0.035,0.000,62.228,0.416,28.024,0.000,144.274,1.453,0.001,10.924,0.006,34.876,0.4682,0.7781,1.1036,0.0592,0,0.63143,0.1482,-0.2986,0.8237,0.4738,1,0.06277,0.0233,-0.1665,1.1815,-0.2386,1,0.04819,-0.0871,-0.0418,-0.3423,-0.2556,0,1.80296,-0.3680,-0.7920,-0.2888,0.0518,1,0.09477,0.1355,0.3535,1.0184,0.2590,1,0.10114,0.0257,-0.0031,1.0087,0.593
12317.0,0,0.000,69.612,0.000,49.561,10.617,0.000,14.716,22.900,1.547,0.020,0.000,73.343,0.653,0.000,57.125,0.080,14.818,0.000,145.569,2.483,0.000,46.700,0.001,39.533,0.4735,0.7808,1.1035,0.1011,0,0.52174,0.1980,-0.2658,0.9534,0.4277,1,0.07581,0.0249,-0.1243,1.2285,-0.2215,1,0.04779,0.0783,-0.0416,-0.3697,-0.2500,0,1.79971,-0.3616,-0.7358,-0.2599,0.0551,1,0.08356,0.1057,0.5806,1.0946,0.2756,0,0.09582,0.0262,-0.0032,0.9392,0.614
12350.5,0,0.000,75.346,0.000,50.326,7.857,1.542,26.025,17.752,0.290,0.004,0.000,78.634,0.122,0.000,15.514,0.015,19.224,0.000,149.746,3.329,0.000,22.542,0.000,37.104,0.4763,0.7850,1.1054,0.0885,0,0.40760,0.1979,-0.1959,1.0289,0.4354,1,0.06517,-0.0238,-0.0917,1.2680,-0.2098,1,0.04680,0.2191,-0.0375,-0.3401,-0.2436,0,1.76437,-0.4066,-0.6770,-0.2271,0.0577,1,0.07990,0.0581,0.6941,1.1165,0.2789,0,0.09183,0.0261,-0.0032,0.8631,0.615
12384.0,0,0.000,41.561,0.000,47.710,6.013,4.416,49.102,12.047,1.269,0.001,0.000,81.056,0.023,0.345,12.715,0.003,43.249,0.000,156.265,3.934,0.000,6.890,0.000,34.505,0.4798,0.7813,1.1037,0.0453,0,0.29315,0.1813,-0.0575,1.0619,0.4602,1,0.04768,-0.0773,-0.0644,1.2802,-0.2112,1,0.04471,0.2715,-0.0107,-0.2807,-0.2425,0,1.69880,-0.4410,-0.7090,-0.2142,0.0557,1,0.08199,0.0266,0.6608,1.1233,0.2901,0,0.09003,0.0264,-0.0033,0.7642,0.565
12417.0,0,0.000,47.154,0.000,48.254,14.757,1.481,56.795,21.016,9.528,0.000,0.000,78.331,0.280,0.600,52.033,1.211,53.530,0.000,166.010,4.621,0.000,1.440,0.000,31.779,0.4819,0.7765,1.1010,0.0121,0,0.24770,0.2008,-0.0471,1.0835,0.4522,1,0.06425,-0.1112,-0.1227,1.2564,-0.2263,1,0.04440,0.2182,0.0146,-0.2700,-0.2479,0,1.65450,-0.4519,-0.7562,-0.2187,0.0511,1,0.08546,0.0232,0.5214,1.1013,0.2954,1,0.09139,0.0277,-0.0034,0.7206,0.527
12450.5,0,0.000,84.153,0.000,50.570,24.363,0.277,22.798,28.730,17.024,0.000,0.000,75.034,1.815,0.112,83.107,2.567,40.230,0.000,161.892,3.913,0.000,0.502,0.000,17.915,0.4807,0.7816,1.1036,-0.0062,0,0.18660,0.2245,-0.1457,1.1036,0.4298,1,0.07591,-0.1018,-0.2838,1.2085,-0.2535,1,0.04658,0.0695,-0.0212,-0.2858,-0.2551,0,1.47960,-0.4344,-0.7695,-0.2291,0.0463,1,0.08574,0.0511,0.3575,1.0535,0.2875,1,0.09371,0.0280,-0.0034,0.7019,0.533
12484.0,0,0.000,62.755,0.000,49.002,15.064,0.052,8.206,19.004,27.042,0.000,0.000,68.811,0.340,0.021,76.817,2.947,22.993,0.000,138.420,2.538,0.000,11.329,0.000,14.753,0.4778,0.7840,1.1059,-0.0270,1,0.06537,0.2207,-0.2126,1.1465,0.4168,1,0.07565,-0.0812,-0.4304,1.1850,-0.2702,1,0.04533,-0.0864,-0.0434,-0.2924,-0.2607,0,1.19894,-0.4226,-0.7288,-0.2385,0.0623,1,0.07229,0.1041,0.3777,1.0114,0.2888,1,0.09689,0.0279,-0.0033,0.6578,0.578
12517.0,0,0.000,39.585,0.000,46.719,9.726,0.010,31.469,11.508,46.935,0.000,0.000,65.214,0.065,0.004,61.075,1.752,23.719,0.000,89.130,1.664,0.000,18.901,0.000,14.363,0.4873,0.7886,1.1066,-0.0246,1,0.06640,0.2497,-0.2525,1.1359,0.4173,1,0.05730,-0.0466,-0.5045,1.1830,-0.2717,1,0.04772,-0.1718,-0.0356,-0.2949,-0.2629,0,1.05008,-0.4071,-0.6661,-0.2370,0.1183,1,0.07088,0.1371,0.5077,0.9684,0.2810,0,0.14487,0.0265,-0.0033,0.6671,0.635
12550.5,0,0.000,58.959,0.000,49.047,7.159,0.002,32.906,5.269,45.184,0.053,0.000,58.077,1.211,0.001,45.839,0.360,38.041,0.000,90.542,1.530,0.000,10.079,0.000,4.429,0.4871,0.7840,1.1010,-0.0020,0,0.07472,0.2822,-0.2504,1.0602,0.4426,1,0.04487,0.0083,-0.5511,1.1569,-0.2833,1,0.04951,-0.0851,-0.0531,-0.3123,-0.2574,0,1.06240,-0.3438,-0.6776,-0.2346,0.1374,1,0.07306,0.1453,0.5369,0.8539,0.2734,0,0.28876,0.0250,-0.0031,0.6951,0.649
12584.0,0,0.000,86.306,0.000,50.636,6.313,0.000,14.053,7.583,37.026,0.010,0.000,34.100,0.794,0.000,34.181,0.067,50.453,0.000,123.641,2.525,0.000,10.561,11.196,1.608,0.4821,0.7851,1.1042,0.0086,0,0.08630,0.2538,-0.2210,1.0068,0.4719,1,0.04362,0.0248,-0.5647,1.1357,-0.2911,1,0.04895,0.1299,-0.0696,-0.3262,-0.2433,0,1.20346,-0.2881,-0.7255,-0.2362,0.1107,1,0.07624,0.1561,0.5189,0.5929,0.2708,0,0.58242,0.0249,-0.0031,0.7179,0.641
12617.0,0,0.000,50.863,0.000,46.193,8.263,0.000,8.536,9.370,35.447,0.002,0.000,37.264,0.152,0.000,24.973,0.013,47.678,0.000,132.807,3.477,0.000,10.775,5.059,2.442,0.4804,0.7854,1.1065,-0.0098,0,0.07198,0.1692,-0.2081,1.0223,0.4792,1,0.04526,0.0035,-0.5673,1.1383,-0.2915,1,0.04809,0.3089,-0.0578,-0.3218,-0.2295,0,1.30582,-0.3047,-0.7426,-0.2364,0.0774,1,0.07163,0.1540,0.5129,0.3689,0.2722,0,0.84387,0.0250,-0.0029,0.7116,0.640
12650.5,0,0.000,33.568,0.000,44.200,5.927,1.172,19.210,3.923,31.928,0.000,0.000,59.814,0.029,0.860,26.081,0.002,52.223,0.000,139.538,4.170,0.000,6.862,0.948,11.274,0.4798,0.7743,1.0996,-0.0520,0,0.13388,0.1246,-0.1940,0.9798,0.4850,1,0.04441,-0.0185,-0.5517,1.1283,-0.3016,1,0.05343,0.4194,-0.0065,-0.3160,-0.2176,0,1.50413,-0.3649,-0.7580,-0.2389,0.0550,1,0.08451,0.1405,0.4604,0.5106,0.2749,0,0.63775,-0.0272,0.0550,0.7491,0.627
12684.0,0,0.000,51.458,0.000,45.889,22.348,3.333,46.347,4.200,23.856,0.000,0.000,65.983,0.005,2.378,33.146,0.000,65.102,0.000,157.456,4.437,0.000,3.759,0.177,40.980,0.4754,0.7709,1.0948,-0.0705,0,0.34863,0.1230,-0.2662,0.8543,0.4880,1,0.04487,-0.0186,-0.5263,1.0984,-0.3141,1,0.06033,0.4762,0.0703,-0.3258,-0.2177,0,1.85767,-0.4241,-0.7801,-0.2727,0.0357,1,0.09283,0.1301,0.3678,0.8630,0.2989,0,0.22162,-0.0469,0.0787,0.8935,0.635
12717.0,0,0.000,78.690,0.000,47.200,27.904,0.640,41.961,3.127,23.283,0.000,0.000,58.495,0.001,1.605,48.450,0.516,61.396,0.000,170.862,6.215,0.000,2.720,0.034,50.998,0.4702,0.7781,1.0947,-0.0552,0,0.62381,0.1177,-0.4020,0.6930,0.5128,1,0.04247,-0.0188,-0.5018,1.0631,-0.3193,1,0.06704,0.4694,0.1164,-0.3349,-0.2302,0,2.18530,-0.4648,-0.7903,-0.3149,0.0405,1,0.09934,0.1229,0.2842,1.0540,0.3222,0,0.11429,-0.0269,0.0570,1.0759,0.647
12750.5,0,0.000,48.730,0.000,45.301,26.774,0.120,45.988,4.552,34.582,0.000,0.000,56.709,0.000,0.351,51.780,1.216,47.499,0.000,155.731,5.866,0.000,2.475,0.006,36.340,0.4705,0.7796,1.0949,-0.0592,0,0.85152,0.1355,-0.5067,0.5639,0.5679,1,0.03956,-0.0267,-0.4815,1.0508,-0.3158,1,0.06846,0.3348,0.1024,-0.3270,-0.2447,0,2.29166,-0.4912,-0.7743,-0.3364,0.0717,1,0.09140,0.1194,0.2281,1.1192,0.3184,0,0.11975,-0.0041,0.0302,1.2126,0.660
12784.0,0,0.000,33.042,0.000,44.247,24.415,0.022,39.893,3.602,34.653,0.000,0.000,59.612,0.000,0.066,63.981,1.883,22.262,0.000,157.744,5.592,0.000,17.986,0.001,30.797,0.4708,0.7712,1.0932,-0.0807,0,0.98459,0.1609,-0.5644,0.4873,0.6068,1,0.03862,-0.0328,-0.4669,1.0543,-0.3112,1,0.06946,0.0724,0.0614,-0.3144,-0.2549,0,2.17305,-0.5045,-0.7384,-0.3341,0.0992,1,0.08568,0.1156,0.4015,1.1275,0.3003,0,0.14215,0.0101,0.0128,1.2843,0.669
12817.0,0,0.000,70.415,0.000,47.632,23.606,0.004,19.088,5.257,23.553,0.000,0.000,64.344,2.582,0.013,76.338,2.353,26.614,0.000,164.457,4.999,0.000,33.039,0.000,25.441,0.4699,0.7766,1.0948,-0.0949,0,0.99976,0.1629,-0.5761,0.5113,0.6080,1,0.03776,-0.0318,-0.4452,1.0787,-0.3017,1,0.05938,-0.1372,-0.0217,-0.3080,-0.2604,0,1.90258,-0.5109,-0.6998,-0.3191,0.0886,1,0.07291,0.1045,0.5963,1.1144,0.2862,0,0.14262,0.0164,0.0043,1.2840,0.686
12850.5,0,0.000,83.544,0.000,50.845,18.594,0.001,3.815,14.145,5.766,0.000,0.000,70.870,1.057,0.002,70.984,2.169,32.873,0.000,166.205,2.698,0.000,24.055,2.269,8.411,0.4525,0.7839,1.1003,-0.0858,0,0.72784,0.1214,-0.5144,0.7479,0.5369,1,0.07893,0.0029,-0.4004,1.1309,-0.2836,1,0.05178,-0.2344,-0.0743,-0.3047,-0.2624,0,1.54194,-0.5001,-0.6825,-0.3066,0.0616,1,0.06822,0.0981,0.6819,1.0282,0.2797,0,0.14639,0.0199,0.0002,1.1242,0.707
12884.0,0,0.000,44.109,0.000,47.439,11.338,0.000,3.475,11.318,1.080,0.373,0.000,80.713,0.198,0.000,66.680,1.325,37.836,0.000,161.136,1.513,0.000,32.524,21.335,5.157,0.4495,0.7817,1.1021,-0.0749,0,0.56860,0.1095,-0.4179,0.8973,0.4807,1,0.07198,0.0600,-0.2675,1.1917,-0.2616,1,0.04922,-0.2195,-0.0684,-0.3124,-0.2610,0,1.45335,-0.4603,-0.6877,-0.2757,0.0520,1,0.06637,0.1038,0.7186,0.7784,0.2780,0,0.33978,0.0222,-0.0016,1.0125,0.697
12917.0,0,0.000,36.145,0.000,46.881,8.938,0.983,22.272,12.737,0.207,0.072,0.000,85.228,0.038,0.000,66.062,0.435,53.087,0.000,150.847,0.930,0.000,34.657,25.282,2.532,0.4598,0.7726,1.1002,-0.0174,0,0.49467,0.1348,-0.3262,0.9598,0.4642,1,0.06827,0.0797,-0.1393,1.2331,-0.2407,1,0.04907,-0.0716,-0.0443,-0.3402,-0.2565,0,1.59507,-0.3893,-0.7285,-0.2616,0.1006,1,0.06933,0.1136,0.7391,0.4588,0.2780,0,0.72587,0.0237,-0.0025,0.9444,0.659
12950.5,0,0.000,68.972,0.000,48.785,13.081,0.184,57.281,13.882,1.244,0.013,0.000,84.013,1.076,0.000,73.112,0.081,55.704,0.000,148.217,1.245,0.000,28.533,15.619,1.807,0.4665,0.7771,1.1007,0.0521,0,0.48206,0.1299,-0.2910,0.9674,0.4600,1,0.06236,0.0476,-0.0947,1.2443,-0.2315,1,0.04893,0.1682,-0.0527,-0.3784,-0.2506,0,1.80474,-0.3615,-0.7611,-0.2622,0.1313,1,0.07072,0.1264,0.7440,0.2265,0.2787,0,1.03461,0.0252,-0.0029,0.9266,0.628
12984.0,0,0.000,82.521,0.000,51.391,30.075,8.079,90.829,21.688,21.774,0.003,0.000,78.390,0.346,0.000,74.860,0.232,51.738,0.000,158.245,2.171,0.000,32.170,11.568,3.471,0.4637,0.7842,1.1038,0.0873,0,0.43118,0.0830,-0.2977,0.9738,0.4593,1,0.04767,-0.0337,-0.1917,1.2334,-0.2386,1,0.04839,0.2790,-0.0549,-0.4025,-0.2486,0,1.83365,-0.3859,-0.7593,-0.2603,0.1119,1,0.06872,0.1420,0.7464,0.1759,0.2795,0,1.10283,0.0253,-0.0029,0.9136,0.647
13017.0,0,0.000,46.970,0.000,48.686,28.264,2.559,75.366,13.671,41.534,0.000,0.000,72.290,0.066,0.000,36.289,0.045,58.376,0.000,161.006,2.520,0.000,15.099,2.803,2.417,0.4672,0.7829,1.1029,0.1020,0,0.30723,0.1083,-0.3298,0.9876,0.4522,1,0.04535,-0.0555,-0.3690,1.1914,-0.2613,1,0.04836,0.2887,-0.0404,-0.3956,-0.2486,0,1.66550,-0.3684,-0.7493,-0.2558,0.0806,1,0.06819,0.1460,0.7181,0.2081,0.2884,0,1.08257,0.0252,-0.0030,0.8696,0.687
13050.5,0,0.000,43.300,0.000,48.453,20.669,0.479,52.800,4.848,47.096,0.000,0.000,53.046,0.012,0.000,33.287,0.008,54.062,0.000,164.662,2.350,0.000,5.960,0.525,2.854,0.4743,0.7768,1.1006,0.1207,0,0.33293,0.1787,-0.3909,0.9055,0.4568,1,0.04192,-0.0266,-0.4884,1.1381,-0.2849,1,0.05503,0.2876,-0.0252,-0.3733,-0.2480,0,1.65903,-0.3300,-0.7519,-0.2645,0.0713,1,0.07310,0.1399,0.6119,0.2463,0.2910,0,0.96530,0.0243,-0.0029,0.9116,0.704
13084.0,0,0.000,79.913,0.000,51.007,12.244,0.090,37.345,3.753,52.516,0.000,0.000,33.177,0.354,0.000,57.492,0.133,57.236,0.000,170.590,2.200,0.000,1.701,0.098,11.529,0.4768,0.7806,1.1041,0.1056,0,0.45965,0.2063,-0.4336,0.7855,0.4812,1,0.04427,-0.0054,-0.5398,1.0806,-0.3041,1,0.06233,0.2889,-0.0259,-0.3749,-0.2487,0,1.80612,-0.3447,-0.7741,-0.3009,0.0687,1,0.08929,0.1361,0.4360,0.4170,0.2859,0,0.61107,0.0240,-0.0028,1.0045,0.698
13117.0,0,0.000,53.365,0.000,48.887,9.240,0.017,13.400,5.127,63.116,0.000,4.571,23.934,0.068,0.000,52.325,0.322,52.145,0.000,167.630,3.098,0.000,0.327,0.019,27.932,0.4769,0.7822,1.1059,0.0610,0,0.48375,0.2072,-0.4171,0.7612,0.4910,1,0.04932,-0.0143,-0.5654,1.0495,-0.3045,1,0.05720,0.2446,-0.0241,-0.3775,-0.2511,0,1.83083,-0.3792,-0.7798,-0.3329,0.0800,1,0.09247,0.1451,0.2588,0.7315,0.2800,0,0.20107,0.0241,-0.0028,1.0210,0.686
13150.5,0,0.000,30.998,0.000,46.727,11.931,0.003,11.708,10.296,59.911,0.618,0.856,37.641,0.013,0.000,38.801,0.365,53.377,0.000,161.137,3.242,0.466,0.061,0.004,34.812,0.4788,0.7726,1.1029,0.0308,0,0.36960,0.2358,-0.3544,0.8328,0.4797,1,0.04783,-0.0227,-0.5825,1.0548,-0.2918,1,0.06214,0.1544,-0.0173,-0.3612,-0.2542,0,1.67484,-0.3888,-0.7676,-0.3307,0.1214,1,0.09004,0.1301,0.1644,0.8986,0.2489,1,0.10065,0.0244,-0.0030,0.9357,0.658
13184.0,0,0.000,53.496,0.000,48.902,15.534,0.001,20.356,20.917,47.979,0.292,0.160,55.527,0.980,0.000,22.663,0.068,46.463,0.000,156.874,2.740,1.461,0.011,0.001,47.053,0.4798,0.7718,1.1009,0.0147,0,0.19317,0.2585,-0.2983,0.9741,0.4398,1,0.07530,-0.0210,-0.5923,1.0601,-0.2526,1,0.06632,0.0271,-0.0375,-0.3221,-0.2565,0,1.38800,-0.3846,-0.7538,-0.3153,0.1614,1,0.08847,0.0980,0.1120,0.9547,0.2260,1,0.09819,0.0255,-0.0030,0.7962,0.611
13217.0,0,0.000,87.285,0.000,51.525,15.565,0.333,25.540,36.374,42.745,0.056,0.031,48.208,1.086,0.000,39.056,0.502,37.678,0.000,150.877,3.337,1.013,1.585,0.000,57.626,0.4854,0.7897,1.1085,0.0011,1,0.06903,0.2260,-0.2682,1.0729,0.4233,1,0.08357,-0.0182,-0.5911,1.0564,-0.1967,1,0.06806,-0.1139,-0.0648,-0.2993,-0.2586,0,1.14363,-0.3878,-0.7375,-0.2890,0.1534,1,0.08756,0.0623,0.1178,0.9909,0.2522,1,0.09798,0.0261,-0.0032,0.6807,0.575
13250.5,0,0.000,58.986,0.000,49.334,3.866,0.062,32.795,14.081,45.066,0.011,0.006,50.082,0.203,0.000,58.470,1.529,40.274,0.000,146.532,3.748,1.205,1.260,0.000,52.766,0.4890,0.7947,1.1186,-0.0290,1,0.06597,0.1772,-0.2168,1.0812,0.4222,1,0.07663,-0.0166,-0.5681,1.0432,-0.1495,1,0.07448,-0.2129,-0.0598,-0.2970,-0.2608,0,1.11835,-0.3889,-0.7436,-0.2690,0.1148,1,0.09633,0.0540,0.1345,1.0210,0.3037,1,0.09944,0.0264,-0.0033,0.6445,0.541
13284.0,0,0.000,35.750,0.000,47.636,1.371,0.470,44.550,3.590,51.083,0.002,1.050,27.594,0.038,0.000,72.975,2.402,44.049,0.000,83.446,1.878,3.166,0.286,0.000,40.273,0.4899,0.7816,1.1057,-0.0060,0,0.06727,0.1871,-0.1032,0.9968,0.4742,1,0.04467,-0.0051,-0.5601,1.0173,-0.1239,1,0.08373,-0.2565,-0.0383,-0.2994,-0.2631,0,1.18624,-0.3766,-0.7747,-0.2549,0.0822,1,0.10742,0.0722,0.0570,1.0239,0.3281,1,0.10033,0.0273,-0.0034,0.6345,0.496
13317.0,0,0.000,61.113,0.000,49.755,4.044,0.090,32.896,5.651,64.691,0.000,10.544,10.098,3.155,0.000,90.141,2.679,53.382,0.000,118.564,2.331,2.161,0.055,0.000,35.902,0.4848,0.7790,1.1017,0.0851,0,0.14132,0.2242,-0.0876,0.9182,0.4751,1,0.04297,0.0058,-0.5631,0.9642,-0.0975,1,0.06969,-0.2611,-0.0771,-0.3058,-0.2645,0,1.26263,-0.3668,-0.8098,-0.2709,0.0589,1,0.11184,0.0981,-0.0223,1.0022,0.3083,1,0.10158,0.0279,-0.0035,0.6997,0.499
13350.5,0,0.000,87.385,0.000,52.421,11.645,0.017,9.536,21.704,74.389,0.000,7.251,31.026,1.848,0.000,74.714,1.882,56.450,0.000,146.252,2.350,3.471,0.010,0.000,38.228,0.4823,0.7887,1.1074,0.1133,1,0.06781,0.2583,-0.1212,0.9984,0.4485,1,0.08128,0.0225,-0.5837,0.9638,-0.0863,1,0.07914,-0.2106,-0.1148,-0.3131,-0.2630,0,1.17713,-0.3389,-0.8277,-0.2772,0.0510,1,0.10831,0.0995,-0.0467,1.0123,0.2899,1,0.10058,0.0281,-0.0035,0.6496,0.486
13384.0,0,0.000,48.533,0.000,49.366,5.042,0.003,3.005,16.697,49.867,0.000,1.358,52.927,0.346,0.000,29.140,0.419,63.648,0.000,155.781,1.902,3.716,0.002,0.000,48.940,0.4971,0.8093,1.1132,0.1179,1,0.06505,0.2682,-0.1201,1.0484,0.4167,1,0.07833,0.0240,-0.5756,0.9869,-0.0933,1,0.08556,-0.0396,-0.0980,-0.3033,-0.2473,0,1.19776,-0.3127,-0.8467,-0.2716,0.0541,1,0.11071,0.0862,-0.0650,1.0334,0.2672,1,0.10004,0.0286,-0.0036,0.6097,0.465
13417.0,0,0.000,35.233,0.000,47.790,5.840,0.001,7.068,7.883,33.713,0.000,0.261,35.158,0.066,0.000,23.210,0.080,61.887,0.000,140.013,1.667,2.302,1.686,0.000,50.234,0.5020,0.7993,1.1088,0.1262,1,0.06311,0.2566,-0.1067,1.0623,0.4178,1,0.07309,0.0180,-0.5628,1.0021,-0.0944,1,0.08231,0.1526,-0.0617,-0.2907,-0.2369,0,1.26286,-0.3103,-0.8524,-0.2721,0.0796,1,0.10585,0.0844,-0.0287,1.0498,0.2716,1,0.09914,0.0284,-0.0036,0.5929,0.460
13450.5,0,0.000,63.242,0.000,49.685,7.767,0.215,15.378,4.492,48.404,0.000,4.055,40.086,1.085,0.000,61.952,0.362,51.028,0.000,52.739,0.408,1.430,3.868,0.000,38.635,0.4928,0.7854,1.1035,0.1430,0,0.08135,0.2384,-0.1209,0.9999,0.4448,1,0.04687,0.0150,-0.5674,1.0041,-0.0953,1,0.08382,0.2601,-0.0613,-0.3189,-0.2396,0,1.37082,-0.3336,-0.8321,-0.2743,0.1372,1,0.10030,0.1026,0.0489,1.0728,0.2830,1,0.10066,0.0284,-0.0036,0.6416,0.489
13484.0,0,0.000,84.120,0.000,51.903,7.550,0.180,19.898,6.636,43.954,0.000,0.760,51.089,0.508,0.000,81.850,2.036,47.034,0.000,26.332,0.076,0.835,4.737,6.285,27.323,0.4871,0.7854,1.1071,0.1231,0,0.19981,0.1780,-0.1694,0.9048,0.4774,1,0.04402,0.0013,-0.5527,1.0016,-0.0960,1,0.08208,0.1705,-0.0634,-0.3336,-0.2481,0,1.50184,-0.3742,-0.8075,-0.2745,0.1786,1,0.09970,0.1177,0.1225,1.0845,0.2904,1,0.10240,0.0282,-0.0036,0.7597,0.535
13517.0,0,0.000,48.198,0.000,48.758,7.071,0.035,16.501,7.894,33.156,0.000,0.146,47.509,0.097,0.000,76.133,2.772,46.744,0.000,49.764,1.284,0.228,6.072,8.390,11.402,0.4856,0.7823,1.1072,0.0785,0,0.25055,0.1867,-0.1974,0.8872,0.4774,1,0.04629,-0.0023,-0.5387,1.0137,-0.1185,1,0.07045,-0.0126,-0.0475,-0.3227,-0.2557,0,1.47048,-0.4040,-0.7840,-0.2671,0.1635,1,0.09462,0.1344,0.1797,1.0475,0.3021,1,0.10300,0.0279,-0.0035,0.8103,0.568
13550.5,0,0.000,41.160,0.000,47.710,6.808,0.006,10.226,6.472,31.073,0.000,0.027,45.967,0.308,0.000,77.470,2.847,47.300,0.000,48.955,2.352,0.043,14.410,8.880,7.207,0.4851,0.7737,1.1040,0.0642,0,0.21612,0.2551,-0.2076,0.9251,0.4844,1,0.04575,0.0171,-0.5290,1.0617,-0.1716,1,0.05367,-0.1763,-0.0381,-0.3090,-0.2603,0,1.28911,-0.4256,-0.7344,-0.2222,0.1077,1,0.07976,0.1538,0.3504,0.8493,0.2914,0,0.22386,0.0271,-0.0034,0.8021,0.619
13584.0,0,0.000,78.520,0.000,50.166,10.548,0.001,10.531,18.017,40.134,0.000,0.005,27.250,4.092,0.000,87.119,2.917,44.045,0.000,53.503,3.014,0.008,33.797,16.771,2.073,0.4859,0.7828,1.1071,0.0433,1,0.07110,0.2674,-0.2081,1.0458,0.4730,1,0.06313,0.0298,-0.5498,1.1120,-0.2144,1,0.04520,-0.2790,-0.0918,-0.3048,-0.2624,0,0.96486,-0.4336,-0.6848,-0.1850,0.0569,1,0.06543,0.1653,0.5654,0.5384,0.2846,0,0.64303,0.0256,-0.0031,0.7080,0.650
13617.0,0,0.000,78.905,0.000,50.324,10.610,0.000,2.023,20.062,59.471,0.130,11.878,13.762,1.496,0.000,42.976,1.508,53.480,0.000,120.023,4.096,0.002,43.350,22.199,0.836,0.4889,0.8018,1.1285,0.0271,1,0.06970,0.2167,-0.2454,1.1042,0.4426,1,0.07821,0.0215,-0.5630,1.1177,-0.2283,1,0.04365,-0.2884,-0.1231,-0.2890,-0.2610,0,0.85348,-0.4448,-0.6759,-0.1932,0.0335,1,0.06552,0.1753,0.6906,0.2446,0.2824,0,1.11593,0.0246,0.0483,0.6889,0.666
13650.5,0,0.000,37.993,0.000,45.358,6.515,0.000,4.309,6.936,59.172,0.024,2.225,38.910,0.280,0.000,9.073,0.282,57.231,0.000,150.580,2.700,0.000,42.651,17.688,1.738,0.4946,0.8033,1.1220,0.0445,1,0.06947,0.2263,-0.2376,1.1041,0.4427,1,0.06150,0.0072,-0.5752,1.1175,-0.2170,1,0.04361,-0.2048,-0.0985,-0.2319,-0.2551,0,0.85592,-0.4405,-0.6866,-0.2164,0.0285,1,0.06485,0.1680,0.7458,0.1058,0.2830,0,1.35712,0.0244,0.0692,0.6811,0.669
13684.0,0,0.000,37.950,0.000,45.826,8.758,0.000,29.082,6.061,40.060,0.005,0.417,42.112,0.053,0.000,26.950,0.053,55.084,0.000,154.515,2.101,0.000,17.289,4.656,4.605,0.4905,0.7817,1.1035,0.0980,0,0.08624,0.2768,-0.2339,1.0428,0.4754,1,0.04516,0.0024,-0.5859,1.1016,-0.1755,1,0.04880,-0.0391,-0.0603,-0.2324,-0.2494,0,1.01362,-0.4183,-0.6973,-0.2308,0.0316,1,0.06551,0.1505,0.7454,0.1974,0.2850,0,1.24806,0.0244,0.0489,0.7128,0.672
13717.0,0,0.000,75.093,0.000,49.032,14.979,0.000,35.590,12.244,47.375,0.001,0.080,42.170,1.451,0.000,61.590,0.649,48.612,0.000,158.774,2.499,0.000,9.218,0.894,25.057,0.4836,0.7800,1.0997,0.1230,0,0.15264,0.2465,-0.2813,1.0041,0.4802,1,0.04745,-0.0108,-0.5858,1.0866,-0.1278,1,0.05517,0.0848,-0.0674,-0.2821,-0.2491,0,1.19022,-0.4027,-0.7011,-0.2411,0.0320,1,0.06656,0.1398,0.6686,0.6222,0.2864,0,0.58864,0.0241,0.0256,0.7773,0.692
13750.5,0,0.000,75.779,0.000,50.679,10.199,0.000,15.559,7.075,45.413,0.000,0.015,55.095,0.272,0.000,56.404,0.840,51.930,0.000,163.237,2.179,0.000,5.838,0.168,50.088,0.4650,0.7838,1.1022,0.0875,0,0.19809,0.1956,-0.3105,0.9679,0.4832,1,0.04602,-0.0188,-0.5831,1.0792,-0.1047,1,0.06692,0.1037,-0.0650,-0.3153,-0.2507,0,1.29556,-0.3668,-0.7163,-0.2445,0.0471,1,0.06777,0.1407,0.5245,0.9433,0.2984,0,0.14524,0.0239,0.0107,0.8263,0.703
13784.0,0,0.000,36.897,0.000,47.779,7.802,0.000,11.183,3.294,40.834,0.000,0.003,53.986,0.051,0.000,44.293,0.194,58.069,0.000,150.597,1.877,0.000,3.784,0.031,60.649,0.4609,0.7791,1.1020,0.0728,0,0.28025,0.2117,-0.3212,0.8784,0.4898,1,0.04357,-0.0027,-0.5664,1.0399,-0.0968,1,0.07775,0.1430,-0.0440,-0.3373,-0.2503,0,1.49278,-0.3366,-0.7618,-0.2563,0.0565,1,0.08192,0.1251,0.4156,1.0287,0.3018,1,0.09890,0.0237,0.0030,0.8869,0.683
13817.0,0,0.000,38.781,0.000,48.100,15.532,0.000,23.582,3.893,49.209,0.000,1.050,43.515,0.010,0.000,34.737,0.037,46.883,0.000,136.305,1.804,0.000,2.422,0.006,57.932,0.4695,0.7719,1.0997,0.0962,0,0.40054,0.2460,-0.3740,0.7798,0.4925,1,0.04415,0.0160,-0.5582,1.0015,-0.0984,1,0.08306,0.2482,-0.0260,-0.3463,-0.2469,0,1.72231,-0.3542,-0.7893,-0.2875,0.0478,1,0.09089,0.1011,0.3370,1.0495,0.3306,1,0.10266,0.0242,-0.0005,0.9692,0.677
13850.5,0,0.000,74.694,0.000,49.761,19.479,0.000,19.046,13.968,63.754,0.000,0.197,55.624,0.348,0.000,33.705,0.007,50.886,0.000,155.889,3.220,0.000,4.551,0.001,49.441,0.4760,0.7780,1.1010,0.1114,0,0.34148,0.2791,-0.3815,0.8480,0.4651,1,0.07150,0.0161,-0.5772,0.9938,-0.0962,1,0.08260,0.3319,-0.0256,-0.3443,-0.2458,0,1.71759,-0.3792,-0.7829,-0.2980,0.0382,1,0.08844,0.0699,0.3172,1.0728,0.3565,1,0.10246,0.0244,-0.0020,0.9248,0.662
13884.0,0,0.000,86.529,0.000,51.489,15.707,0.000,7.155,25.854,47.495,0.000,0.037,55.191,0.065,0.000,49.176,0.474,56.017,0.000,167.380,4.213,0.000,10.835,3.539,28.682,0.4802,0.7846,1.1051,0.0958,0,0.15271,0.3023,-0.3302,0.9843,0.4248,1,0.08337,0.0180,-0.6022,1.0041,-0.0955,1,0.07785,0.3031,-0.0237,-0.3431,-0.2494,0,1.49516,-0.3927,-0.7607,-0.2796,0.0443,1,0.08182,0.0698,0.3968,1.1127,0.3740,1,0.10119,0.0252,0.0412,0.7867,0.629
13917.0,0,0.000,49.133,0.000,48.914,10.425,2.013,16.471,18.916,35.341,0.000,0.007,51.638,0.013,0.000,63.755,1.911,50.314,0.000,157.281,4.761,0.000,11.380,10.784,10.305,0.4918,0.7979,1.1136,0.0870,1,0.07141,0.2993,-0.2669,1.0768,0.4156,1,0.07093,-0.0005,-0.5907,1.0475,-0.1093,1,0.05401,0.1484,-0.0172,-0.3300,-0.2553,0,1.25953,-0.4167,-0.7218,-0.2589,0.0430,1,0.06632,0.1170,0.4698,1.0548,0.3528,0,0.10240,0.0255,0.0574,0.6944,0.629
13950.5,0,0.000,48.737,0.000,48.257,7.151,3.831,47.401,11.951,41.076,0.000,0.001,44.113,0.498,0.000,70.736,2.429,30.924,0.000,137.557,4.506,0.000,7.273,18.480,6.051,0.5040,0.8060,1.1155,0.1392,1,0.06697,0.2487,-0.1604,1.1045,0.4366,1,0.04776,-0.0358,-0.5526,1.1050,-0.1586,1,0.04364,-0.0472,-0.0267,-0.3133,-0.2606,0,1.08000,-0.4504,-0.6904,-0.2343,0.0391,1,0.07243,0.1775,0.4429,0.8165,0.3136,0,0.23167,0.0249,0.0397,0.6470,0.624
13984.0,0,0.000,83.323,0.000,51.185,4.681,1.757,58.738,10.928,42.317,0.000,0.000,30.341,2.687,0.000,75.089,2.812,31.242,0.000,150.102,4.628,0.000,9.766,18.584,5.445,0.4988,0.7974,1.1221,0.1502,1,0.06468,0.1459,-0.0617,1.0788,0.4723,1,0.04486,-0.0508,-0.5396,1.1219,-0.2214,1,0.04515,-0.2018,-0.0766,-0.3019,-0.2640,0,0.98541,-0.4620,-0.7026,-0.2304,0.0389,1,0.08592,0.2072,0.4386,0.5174,0.2933,0,0.58359,0.0256,-0.0553,0.6227,0.588
14017.0,0,0.000,64.833,0.000,50.367,4.455,0.337,41.187,3.082,41.348,0.000,0.000,45.093,0.736,0.000,72.805,2.874,32.682,0.000,152.211,4.073,0.000,10.962,16.992,4.218,0.4873,0.7879,1.1144,0.0778,0,0.15518,0.0598,-0.0674,0.9666,0.4588,1,0.04237,-0.0476,-0.5436,1.0982,-0.2708,1,0.06021,-0.2722,-0.0936,-0.2943,-0.2518,0,1.12712,-0.4660,-0.7404,-0.2513,0.0371,1,0.10323,0.2118,0.4701,0.3090,0.2850,0,0.93604,0.0267,-0.1037,0.7179,0.572
14050.5,0,0.000,36.700,0.000,47.904,7.358,0.063,22.438,2.697,33.032,0.000,0.000,42.024,1.061,0.000,77.716,2.935,26.050,0.000,138.008,3.859,0.000,7.617,5.159,5.175,0.4848,0.7782,1.1066,0.0053,0,0.39550,0.0686,-0.1791,0.8047,0.4470,1,0.03834,-0.0355,-0.5412,1.0565,-0.2908,1,0.06376,-0.2930,-0.0923,-0.2923,-0.2474,0,1.38273,-0.4674,-0.7692,-0.2940,0.0296,1,0.11390,0.2039,0.4471,0.3002,0.2827,0,0.91904,0.0269,-0.0845,0.8960,0.584
14084.0,0,0.000,49.051,0.000,47.954,15.082,0.012,16.769,4.261,46.168,0.000,0.000,13.581,2.283,0.000,79.941,2.524,22.886,0.000,117.824,3.243,0.000,5.483,0.966,14.237,0.4826,0.7747,1.1024,-0.0441,0,0.55170,0.1189,-0.3124,0.7259,0.4406,1,0.03889,-0.0250,-0.5557,1.0230,-0.2876,1,0.05442,-0.2977,-0.1125,-0.2970,-0.2523,0,1.45739,-0.4691,-0.7587,-0.3202,0.0232,1,0.11266,0.1899,0.3762,0.5571,0.2822,0,0.51163,0.0268,-0.0502,1.0103,0.621
14117.0,0,0.000,85.190,0.000,50.189,19.362,0.002,9.684,12.529,64.702,0.000,6.146,4.749,3.118,0.000,82.529,2.495,35.501,0.000,111.405,2.701,0.000,5.263,0.186,37.474,0.4711,0.7813,1.1038,-0.0562,0,0.49394,0.1493,-0.3777,0.7909,0.4498,1,0.04976,-0.0262,-0.6009,0.9955,-0.2337,1,0.04697,-0.2773,-0.1436,-0.3036,-0.2564,0,1.31831,-0.4513,-0.7417,-0.3181,0.0190,1,0.09209,0.1693,0.3137,0.8659,0.2812,0,0.16781,0.0258,-0.0263,0.9976,0.668
14150.5,0,0.000,57.694,0.000,48.812,11.299,0.000,3.983,15.020,67.167,0.000,1.793,30.247,0.584,0.000,63.107,1.951,38.571,0.000,135.167,3.301,0.000,2.788,0.035,46.697,0.4556,0.7835,1.1054,-0.0408,0,0.29453,0.2026,-0.3419,0.9160,0.4436,1,0.07215,-0.0213,-0.6150,1.0161,-0.1947,1,0.05137,-0.1893,-0.1274,-0.3035,-0.2551,0,1.21780,-0.4178,-0.7432,-0.2858,0.0260,1,0.08848,0.1380,0.3064,0.9935,0.2887,1,0.10009,0.0251,-0.0134,0.8838,0.662
14184.0,0,0.000,34.240,0.000,45.517,6.557,0.000,8.788,9.493,48.505,0.000,0.336,42.021,0.109,0.000,39.981,0.407,39.485,0.000,148.859,2.717,0.000,1.425,0.007,45.387,0.4577,0.7756,1.1019,-0.0425,0,0.13724,0.2718,-0.2605,0.9756,0.4466,1,0.06346,-0.0031,-0.6085,1.0322,-0.1558,1,0.07150,0.0745,-0.0823,-0.3109,-0.2434,0,1.27963,-0.3701,-0.7620,-0.2607,0.0513,1,0.09179,0.1151,0.2792,1.0413,0.3141,1,0.09879,0.0253,-0.0074,0.7696,0.616
14217.0,0,0.000,43.980,0.000,45.787,9.412,2.637,24.853,15.199,41.988,0.000,0.065,51.581,0.021,0.671,36.302,0.078,51.624,0.000,145.266,2.665,1.025,3.139,0.001,49.985,0.4742,0.7817,1.1025,-0.0485,1,0.06959,0.3037,-0.1913,1.0160,0.4519,1,0.06780,0.0095,-0.5900,1.0331,-0.1203,1,0.07809,0.3222,-0.0214,-0.3247,-0.2221,0,1.39492,-0.3193,-0.7919,-0.2472,0.0649,1,0.09639,0.0846,0.2418,1.0641,0.3349,0,0.10002,0.0259,-0.0049,0.6902,0.567
14250.5,0,0.000,81.623,0.000,47.693,16.944,0.850,48.925,30.617,32.460,0.000,0.012,51.709,0.105,1.498,39.336,0.015,64.442,0.000,138.005,1.871,2.343,4.048,0.000,51.248,0.4737,0.7952,1.1040,-0.0382,1,0.06800,0.2534,-0.2036,1.0486,0.4326,1,0.08084,0.0120,-0.5778,1.0261,-0.1018,1,0.08005,0.4544,0.0441,-0.3392,-0.2070,0,1.51137,-0.3132,-0.8158,-0.2511,0.0626,1,0.09748,0.0495,0.2044,1.0749,0.3426,0,0.10037,0.0266,-0.0040,0.6681,0.541
14284.0,0,0.000,58.790,0.000,45.420,12.442,0.421,42.395,22.774,31.655,0.000,0.002,51.132,0.020,2.485,23.269,0.003,60.780,0.000,93.115,0.645,2.102,3.004,0.000,41.758,0.4664,0.7981,1.1005,-0.0232,1,0.06784,0.2160,-0.2227,1.0541,0.4226,1,0.08046,0.0150,-0.5739,1.0190,-0.1059,1,0.08278,0.5041,0.1055,-0.3270,-0.2118,0,1.57596,-0.3350,-0.8243,-0.2624,0.0584,1,0.09759,0.0475,0.1773,1.0782,0.3525,1,0.10002,0.0271,-0.0036,0.6614,0.523
14317.0,0,0.000,37.613,0.000,44.284,13.272,0.081,47.936,15.274,33.435,0.000,0.000,46.953,0.004,4.291,36.247,0.001,49.730,0.000,74.285,1.387,1.883,2.304,0.000,33.351,0.4681,0.7862,1.0996,-0.0266,1,0.06778,0.2285,-0.2387,1.0392,0.4217,1,0.07659,0.0213,-0.5789,1.0277,-0.1598,1,0.07820,0.4876,0.1620,-0.3310,-0.2279,0,1.61461,-0.3629,-0.8138,-0.2611,0.0696,1,0.09896,0.0703,0.1539,1.0830,0.3482,0,0.10145,0.0273,-0.0446,0.6593,0.516
14350.5,0,0.000,52.243,0.000,46.721,14.796,0.015,50.571,14.188,22.016,0.000,0.000,51.458,0.001,2.470,40.904,0.524,47.186,0.000,96.384,3.090,0.576,3.029,0.000,13.727,0.4709,0.7767,1.0990,-0.0345,1,0.06877,0.2458,-0.2627,1.0293,0.4185,1,0.07616,0.0256,-0.5749,1.0521,-0.2270,1,0.06742,0.3712,0.1847,-0.3303,-0.2433,0,1.57937,-0.3856,-0.7916,-0.2598,0.1014,1,0.09741,0.0944,0.1556,1.0814,0.3407,1,0.10149,0.0274,-0.0599,0.6652,0.526
14384.0,0,0.000,86.678,0.000,49.689,13.672,0.003,26.309,11.205,6.245,0.000,0.000,54.203,0.809,0.463,45.432,0.711,48.778,0.000,120.358,3.865,0.108,20.041,6.805,2.633,0.4708,0.7818,1.0993,-0.0414,0,0.16518,0.2342,-0.2674,1.0376,0.4347,1,0.06022,-0.0072,-0.4973,1.1291,-0.2485,1,0.04840,0.1365,0.1240,-0.3216,-0.2532,0,1.54542,-0.4373,-0.7422,-0.2496,0.1046,1,0.06933,0.1358,0.3737,0.9160,0.3147,0,0.17493,0.0273,0.0077,0.7435,0.599
14417.0,0,0.000,64.409,0.000,48.228,7.999,0.001,12.581,6.004,4.561,0.000,0.000,57.592,0.155,0.089,50.591,1.502,44.216,0.000,79.600,2.862,0.021,47.855,3.367,0.596,0.4739,0.7845,1.1010,-0.0562,0,0.32984,0.2055,-0.2616,0.9670,0.4592,1,0.04637,-0.0206,-0.3625,1.1765,-0.2561,1,0.05170,-0.0799,0.0567,-0.3071,-0.2584,0,1.55753,-0.4779,-0.7307,-0.2249,0.0843,1,0.07140,0.1486,0.6025,0.5906,0.2952,0,0.59770,0.0264,0.0456,0.8427,0.612
14450.5,0,0.000,37.696,0.000,44.706,3.958,0.000,14.408,2.830,6.330,0.000,0.000,69.969,0.029,0.017,58.187,1.922,34.066,0.000,105.553,3.223,0.004,43.928,0.631,2.386,0.4776,0.7783,1.0986,-0.0901,0,0.52121,0.2041,-0.2455,0.8482,0.4865,1,0.04254,-0.0076,-0.2492,1.1812,-0.2671,1,0.05001,-0.1941,0.0205,-0.2961,-0.2601,0,1.66886,-0.4988,-0.7496,-0.2249,0.0619,1,0.08372,0.1504,0.7097,0.4090,0.2866,0,0.89126,0.0266,0.0370,0.9426,0.588
14484.0,0,0.000,60.383,0.000,46.405,7.632,0.000,18.378,4.071,7.467,0.000,0.000,68.598,2.361,0.003,68.427,1.650,32.404,0.000,131.126,2.823,0.001,23.420,0.118,3.678,0.4787,0.7787,1.0967,-0.1079,0,0.64484,0.1708,-0.2705,0.7604,0.4885,1,0.04154,0.0045,-0.2199,1.1652,-0.2748,1,0.05146,-0.1368,-0.0435,-0.3002,-0.2588,0,1.75780,-0.4911,-0.7766,-0.2500,0.0475,1,0.09383,0.1420,0.7354,0.3943,0.2827,0,0.92041,0.0269,0.0197,1.0121,0.579
14517.0,0,0.000,89.046,0.000,50.203,16.555,0.000,6.715,22.683,12.868,0.000,0.000,63.292,1.762,0.001,61.864,0.535,44.193,0.000,149.702,2.077,0.000,10.002,0.023,8.111,0.4603,0.7844,1.1003,-0.0863,0,0.51895,0.0921,-0.2974,0.9184,0.4636,1,0.07272,-0.0012,-0.2479,1.2050,-0.2548,1,0.04928,0.0356,-0.0942,-0.3245,-0.2506,0,1.64273,-0.4600,-0.7562,-0.2558,0.0397,1,0.06896,0.1244,0.6848,0.4836,0.2805,0,0.68354,0.0260,0.0081,0.9603,0.645
14550.5,0,0.000,47.002,0.000,47.593,9.725,0.000,1.258,19.002,22.360,0.000,0.000,53.753,0.330,0.000,23.349,0.100,45.697,0.000,143.674,0.449,0.000,5.160,0.004,22.116,0.4396,0.7836,1.1023,-0.0723,0,0.23443,0.0890,-0.2784,1.0543,0.4396,1,0.06023,0.0018,-0.3548,1.2110,-0.2498,1,0.04593,0.2430,-0.0883,-0.3214,-0.2241,0,1.42825,-0.4113,-0.7277,-0.2490,0.0435,1,0.06203,0.1020,0.5506,0.7423,0.2771,0,0.28598,0.0246,0.0019,0.8220,0.694
14584.0,0,0.000,26.568,0.000,44.079,6.547,0.000,9.033,8.021,51.573,0.000,0.000,36.806,0.062,0.559,22.413,0.019,38.549,0.000,144.774,0.668,0.000,3.500,0.001,27.711,0.4565,0.7898,1.1030,-0.0892,1,0.06935,0.1811,-0.2551,1.1006,0.4375,1,0.06115,0.0130,-0.4769,1.1761,-0.2619,1,0.04472,0.3990,-0.0366,-0.3062,-0.1930,0,1.30281,-0.3885,-0.7173,-0.2549,0.0481,1,0.06696,0.0844,0.4136,0.9199,0.2658,1,0.09812,0.0241,-0.0009,0.7127,0.691
14617.0,0,0.000,33.760,0.000,43.661,12.560,0.124,30.682,4.577,62.787,0.000,23.899,13.688,0.012,2.005,23.353,0.004,33.773,0.000,130.297,1.732,0.000,1.513,0.000,32.073,0.4632,0.7728,1.0934,-0.1115,0,0.08003,0.2632,-0.2793,1.0042,0.4581,1,0.04572,0.0346,-0.5571,1.1108,-0.2707,1,0.04748,0.4757,0.0423,-0.2979,-0.1873,0,1.45286,-0.3864,-0.7192,-0.2580,0.0493,1,0.07736,0.0640,0.3151,0.9800,0.2441,1,0.10022,0.0239,-0.0021,0.7428,0.672
14650.5,0,0.000,68.570,0.000,44.477,17.273,0.023,55.717,3.815,60.272,0.000,11.063,3.356,0.002,1.842,20.127,0.001,33.570,0.000,142.676,3.084,0.000,0.283,0.000,51.716,0.4499,0.7735,1.0887,-0.1017,0,0.31462,0.2638,-0.3849,0.7998,0.4659,1,0.04200,0.0488,-0.6114,0.9680,-0.2253,1,0.04629,0.4901,0.1024,-0.2809,-0.2048,0,1.81787,-0.3955,-0.7455,-0.2807,0.0421,1,0.10219,0.0368,0.1972,1.0581,0.2477,0,0.10370,0.0242,-0.0026,0.9231,0.664
14684.0,0,0.000,76.069,0.000,46.287,19.832,0.497,44.825,3.195,61.104,0.000,2.644,32.224,0.000,0.459,10.577,0.000,42.414,0.000,130.328,2.705,0.559,0.053,0.000,55.012,0.4486,0.7808,1.0900,-0.0676,0,0.58259,0.1791,-0.4821,0.6455,0.4512,1,0.04054,0.0292,-0.6009,0.9360,-0.2042,1,0.07295,0.4401,0.1010,-0.2390,-0.2240,0,2.05849,-0.4274,-0.7901,-0.3337,0.0260,1,0.11444,0.0383,0.0953,1.1061,0.2563,0,0.11008,0.0250,-0.0029,1.0845,0.657
14717.0,0,0.000,29.211,0.000,42.320,20.772,0.160,32.831,15.779,55.439,0.717,0.508,45.338,0.000,0.641,10.751,0.000,43.877,0.000,94.146,1.595,2.142,0.010,0.000,47.658,0.4577,0.7760,1.0893,-0.0672,0,0.58650,0.1516,-0.4790,0.7051,0.3584,1,0.04458,0.0124,-0.5819,0.9521,-0.1790,1,0.08935,0.3350,0.0852,-0.2002,-0.2357,0,1.98070,-0.4247,-0.8144,-0.3468,0.0229,1,0.11463,0.0266,0.0348,1.1089,0.2609,1,0.10982,0.0253,-0.0030,1.0606,0.625
14750.5,0,0.000,24.682,0.000,43.249,17.643,0.030,28.004,27.119,53.032,0.604,0.095,56.790,0.000,1.743,7.232,0.000,43.503,0.000,131.659,3.041,1.793,1.698,5.948,31.439,0.4636,0.7589,1.0870,-0.0845,0,0.42658,0.1991,-0.4214,0.8682,0.2644,1,0.07046,0.0142,-0.5871,0.9705,-0.1477,1,0.09421,0.2766,0.1016,-0.1669,-0.2433,0,1.80562,-0.3901,-0.8177,-0.3245,0.0291,1,0.10812,0.0304,0.0320,1.1344,0.2905,1,0.10898,0.0264,-0.0032,0.9487,0.593
14784.0,0,0.000,67.104,0.000,46.540,19.287,1.256,21.508,40.393,34.793,0.113,0.018,60.263,0.256,0.570,25.495,0.000,53.374,0.000,153.497,2.860,0.632,4.449,18.475,10.670,0.4609,0.7678,1.0888,-0.0791,0,0.28403,0.2065,-0.3744,0.9358,0.3254,1,0.09201,0.0203,-0.5974,0.9797,-0.1304,1,0.09411,0.2969,0.0904,-0.1939,-0.2456,0,1.69697,-0.3702,-0.8205,-0.2969,0.0371,1,0.10269,0.0419,0.0803,1.1356,0.3533,1,0.10881,0.0267,-0.0033,0.8585,0.570
14817.0,0,0.000,76.085,0.000,48.644,14.180,0.241,21.331,32.582,20.138,0.022,0.003,55.180,0.049,0.110,38.293,0.000,53.506,0.000,160.903,2.821,0.213,6.188,25.386,6.407,0.4439,0.7923,1.1017,-0.0528,1,0.07383,0.1536,-0.3502,1.0063,0.3849,1,0.06729,0.0097,-0.5858,1.0190,-0.1523,1,0.05361,0.3720,0.0555,-0.2618,-0.2423,0,1.45140,-0.3773,-0.8036,-0.2885,0.0354,1,0.07685,0.0733,0.1376,0.9626,0.3979,1,0.10586,0.0270,-0.0033,0.7320,0.597
14850.5,0,0.000,33.454,0.000,44.337,12.235,0.045,43.716,15.725,10.015,0.004,0.001,53.685,0.009,0.021,30.147,0.000,49.611,0.000,167.644,3.053,0.040,7.645,26.653,5.206,0.4401,0.7847,1.0969,-0.0216,0,0.07260,0.1836,-0.3001,1.0959,0.4225,1,0.06784,-0.0243,-0.5254,1.1239,-0.1807,1,0.04713,0.4522,0.0258,-0.3056,-0.2315,0,1.49284,-0.3970,-0.7424,-0.2425,0.0370,1,0.06798,0.1000,0.2246,0.5563,0.3250,0,0.28859,0.0256,-0.0031,0.7219,0.652
14884.0,0,0.000,29.286,0.000,44.884,17.470,0.008,37.920,7.120,1.876,0.655,0.000,60.189,0.002,1.311,12.702,0.000,55.823,0.000,162.582,2.818,0.007,12.613,15.226,2.851,0.4524,0.7655,1.0928,-0.0034,0,0.24893,0.2267,-0.3041,1.0258,0.4438,1,0.05658,-0.0259,-0.3885,1.1777,-0.2102,1,0.04652,0.4984,0.0489,-0.2835,-0.2125,0,1.73267,-0.3985,-0.7370,-0.2257,0.0681,1,0.06963,0.1158,0.3683,0.2911,0.2965,0,0.65960,0.0257,-0.0031,0.8242,0.658
14917.0,0,0.000,52.129,0.000,45.924,18.488,0.002,46.583,5.219,0.360,3.013,0.000,71.789,0.000,3.269,6.417,0.000,54.687,0.000,153.330,2.699,0.001,12.693,11.136,0.676,0.4587,0.7683,1.0923,-0.0183,0,0.60409,0.2173,-0.3727,0.8235,0.4683,1,0.04647,-0.0090,-0.1578,1.2043,-0.2212,1,0.05018,0.5221,0.1123,-0.2210,-0.1954,0,2.13008,-0.3725,-0.7749,-0.2408,0.1085,1,0.08277,0.1292,0.4706,0.1265,0.2868,0,0.88939,0.0252,-0.0031,1.0205,0.621
14950.5,0,0.000,81.069,0.000,46.332,21.490,0.000,34.887,5.139,0.067,0.612,0.000,82.620,0.000,2.903,12.186,0.000,49.142,0.000,159.627,2.921,0.000,14.322,6.540,1.944,0.4489,0.7793,1.0938,-0.0249,0,0.76466,0.2261,-0.4378,0.6656,0.4970,1,0.04241,-0.0496,-0.0286,1.2272,-0.2247,1,0.05555,0.5315,0.1608,-0.1851,-0.1883,0,2.28815,-0.3203,-0.8138,-0.2790,0.1013,1,0.09599,0.1366,0.5352,0.0890,0.2978,0,0.94385,0.0253,-0.0031,1.1201,0.607
14984.0,0,0.000,45.007,0.000,42.850,22.986,0.000,21.638,5.493,1.528,0.115,0.000,81.954,0.000,3.290,3.898,0.000,50.504,0.000,154.698,2.706,0.000,8.563,4.192,1.492,0.4519,0.7808,1.0923,-0.0172,0,0.83003,0.2383,-0.4761,0.6069,0.4969,1,0.04366,-0.0724,-0.0421,1.2303,-0.2301,1,0.05666,0.5281,0.1876,-0.1466,-0.1888,0,2.31567,-0.3232,-0.8212,-0.3081,0.0700,1,0.09318,0.1325,0.5085,0.1082,0.3009,0,0.84178,0.0248,-0.0030,1.1583,0.615
15017.0,0,0.000,30.477,0.000,43.393,28.933,0.818,38.619,10.227,13.505,0.022,0.000,77.587,0.000,5.429,0.749,0.000,45.890,0.000,144.415,2.422,0.000,5.562,0.805,3.322,0.4612,0.7710,1.0898,-0.0243,0,0.82448,0.2456,-0.4893,0.6729,0.4605,1,0.06505,-0.0862,-0.2199,1.2139,-0.2456,1,0.05471,0.5147,0.2148,-0.0930,-0.1919,0,2.24382,-0.3586,-0.7853,-0.3182,0.0440,1,0.07584,0.1161,0.4172,0.1722,0.2929,0,0.59913,0.0243,-0.0028,1.1484,0.648
15050.5,0,0.000,40.666,0.000,45.105,30.753,2.089,37.158,13.342,24.867,0.004,0.000,67.790,0.000,5.614,12.659,0.000,45.419,0.000,139.719,3.303,0.000,1.488,0.151,18.157,0.4590,0.7672,1.0891,-0.0290,0,0.77208,0.2630,-0.5039,0.7575,0.4238,1,0.06659,-0.1482,-0.3303,1.2289,-0.2425,1,0.05201,0.4748,0.2365,-0.1118,-0.2047,0,2.17845,-0.4009,-0.7227,-0.3014,0.0264,1,0.07006,0.0891,0.2985,0.4719,0.2819,0,0.14923,0.0232,-0.0028,1.1279,0.693
15084.0,0,0.000,78.924,0.000,48.030,25.668,0.514,43.256,6.405,31.597,0.001,0.000,52.469,0.000,3.352,48.719,0.232,47.690,0.000,113.844,3.058,0.000,0.279,0.028,40.113,0.4582,0.7770,1.0934,-0.0239,0,0.74511,0.2904,-0.4982,0.7280,0.4259,1,0.05568,-0.1439,-0.3877,1.1935,-0.2583,1,0.05214,0.3841,0.2343,-0.2122,-0.2250,0,2.21737,-0.4220,-0.7225,-0.2921,0.0505,1,0.07426,0.0500,0.2593,0.7136,0.2165,1,0.09463,0.0228,-0.0027,1.1249,0.682
15117.0,0,0.000,60.443,0.000,47.429,14.099,0.099,37.284,4.141,45.124,0.000,0.000,45.046,0.000,0.748,53.720,1.201,37.470,0.000,132.432,3.936,0.000,0.054,0.005,56.452,0.4644,0.7817,1.0968,-0.0404,0,0.78010,0.2956,-0.5031,0.6152,0.4851,1,0.04085,-0.1050,-0.4246,1.1474,-0.2793,1,0.06264,0.1944,0.1850,-0.2746,-0.2422,0,2.18079,-0.4247,-0.7411,-0.3062,0.0561,1,0.08890,0.0377,0.2082,0.8648,0.1835,1,0.09901,-0.0451,-0.0005,1.1545,0.665
15150.5,0,0.000,33.645,0.000,44.998,4.295,0.096,35.305,2.282,50.164,0.000,0.000,40.728,0.000,0.140,53.389,1.273,45.677,0.000,112.743,2.578,0.000,2.332,0.001,60.769,0.4713,0.7742,1.0957,-0.0530,0,0.86934,0.2697,-0.4743,0.5023,0.5429,1,0.03974,-0.0824,-0.4265,1.1104,-0.2786,1,0.06911,-0.0371,0.1119,-0.2947,-0.2526,0,2.08100,-0.4289,-0.7616,-0.3286,0.0818,1,0.09668,0.0297,0.1861,0.9875,0.1997,1,0.10451,-0.0769,0.0013,1.2018,0.646
15184.0,0,0.000,60.537,0.000,46.951,6.825,0.662,17.610,9.003,54.921,0.000,2.902,32.885,1.613,0.026,75.432,1.888,43.325,0.000,136.688,2.702,0.000,6.233,0.000,63.442,0.4744,0.7763,1.0954,-0.0192,0,0.73908,0.2561,-0.3835,0.6000,0.5339,1,0.06590,-0.0817,-0.4512,1.1012,-0.2612,1,0.06246,-0.1749,0.0168,-0.3064,-0.2577,0,1.82594,-0.4209,-0.7702,-0.3395,0.1130,1,0.09732,0.0088,0.2358,1.0553,0.2333,1,0.10393,-0.0527,0.0007,1.1153,0.632
15217.0,0,0.000,87.743,0.000,50.089,12.061,0.178,3.661,31.246,54.630,0.000,1.802,44.511,1.359,0.005,82.696,2.339,55.241,0.000,158.976,3.276,0.000,6.380,0.000,59.894,0.4649,0.7833,1.0990,0.0056,0,0.47194,0.2534,-0.2896,0.8345,0.4557,1,0.09108,-0.0758,-0.5183,1.0979,-0.2361,1,0.06811,-0.2177,-0.0524,-0.3135,-0.2598,0,1.53067,-0.3710,-0.7765,-0.3254,0.1189,1,0.09103,0.0176,0.2932,1.0940,0.2886,1,0.09998,-0.0180,-0.0008,0.9572,0.620
15250.5,0,0.000,53.720,0.000,46.273,8.917,0.844,0.686,25.762,41.704,0.000,0.338,51.670,0.255,0.001,72.207,2.010,57.824,0.000,163.765,3.290,0.000,4.327,0.000,48.375,0.4587,0.7836,1.0994,-0.0055,0,0.25193,0.2857,-0.2205,0.9743,0.4123,1,0.09057,-0.0621,-0.5506,1.0858,-0.1961,1,0.07508,-0.1890,-0.0616,-0.3149,-0.2505,0,1.36303,-0.3334,-0.7845,-0.2970,0.1004,1,0.09292,0.0394,0.3132,1.1069,0.3370,1,0.09931,0.0054,-0.0021,0.8134,0.586
15284.0,0,0.000,37.997,0.000,45.491,6.606,2.444,37.918,11.525,33.339,0.000,0.063,52.966,0.048,0.000,64.288,1.573,54.721,0.000,155.957,2.214,1.659,3.416,0.000,35.317,0.4682,0.7796,1.0975,0.0087,1,0.06663,0.3167,-0.1137,1.0389,0.4235,1,0.05810,-0.0528,-0.5518,1.0675,-0.1546,1,0.08289,-0.0878,-0.0422,-0.3153,-0.2425,0,1.25729,-0.3086,-0.7993,-0.2765,0.0805,1,0.10045,0.0565,0.2628,1.0952,0.3625,1,0.09911,0.0181,-0.0029,0.6566,0.520
15317.0,0,0.000,56.329,0.000,47.860,12.788,0.923,73.665,9.716,43.019,0.000,0.012,44.829,1.881,0.000,82.640,1.840,54.282,0.000,162.700,2.102,1.447,2.600,0.000,27.587,0.4742,0.7784,1.0956,0.0422,0,0.10874,0.3212,-0.1134,0.9932,0.4308,1,0.04842,-0.0473,-0.5461,1.0403,-0.0961,1,0.09035,0.0080,-0.0651,-0.3214,-0.2453,0,1.32127,-0.2968,-0.8090,-0.2865,0.0950,1,0.10276,0.0763,0.2030,1.0719,0.3687,1,0.10028,0.0242,-0.0032,0.6806,0.518
15350.5,0,0.000,82.824,0.000,50.095,18.546,0.233,18.825,16.525,54.245,0.000,0.002,44.069,0.648,0.000,88.909,2.630,50.165,0.000,164.728,2.884,0.436,2.658,0.000,21.991,0.4660,0.7831,1.1000,0.0471,0,0.20078,0.2504,-0.2168,0.9408,0.4026,1,0.04764,-0.0153,-0.5373,1.0129,-0.0695,1,0.08819,0.0176,-0.0776,-0.3233,-0.2524,0,1.39773,-0.3071,-0.8014,-0.3101,0.1308,1,0.09928,0.0864,0.1956,1.0521,0.3814,1,0.10252,0.0262,-0.0033,0.7747,0.561
15384.0,0,0.000,53.326,0.000,48.600,17.531,0.044,7.987,14.541,52.560,0.000,0.000,46.619,0.121,0.000,79.391,2.759,45.260,0.000,147.221,3.029,0.325,1.382,0.000,18.884,0.4658,0.7834,1.1022,0.0756,0,0.23415,0.2102,-0.3013,0.9590,0.3234,1,0.06251,0.0213,-0.5335,1.0117,-0.1153,1,0.08106,-0.0427,-0.0587,-0.3168,-0.2583,0,1.39478,-0.3292,-0.7833,-0.3279,0.1664,1,0.09972,0.0909,0.1913,1.0337,0.3826,1,0.10418,0.0267,0.0712,0.8171,0.589
15417.0,0,0.000,48.375,0.000,48.916,8.888,0.008,25.628,11.157,46.920,0.000,0.000,46.397,1.072,0.000,75.522,2.956,51.956,0.000,151.942,3.900,1.004,0.265,0.000,29.438,0.4734,0.7799,1.1018,0.1371,0,0.24238,0.2423,-0.3092,0.9575,0.2596,1,0.05119,0.0414,-0.5392,1.0311,-0.1966,1,0.07850,-0.1116,-0.0622,-0.3058,-0.2617,0,1.35349,-0.3353,-0.7778,-0.3326,0.1870,1,0.10589,0.0910,0.1460,1.0420,0.3507,1,0.10461,0.0269,0.0380,0.8197,0.586
15450.5,0,0.000,83.573,0.000,51.953,9.407,0.234,13.407,16.485,42.011,0.000,0.000,50.650,3.112,0.000,52.026,2.187,52.267,0.000,156.174,4.546,0.254,0.948,0.000,34.388,0.4782,0.7829,1.1038,0.1424,0,0.20679,0.2696,-0.2726,0.9725,0.2546,1,0.05148,0.0372,-0.5526,1.0558,-0.2643,1,0.07589,-0.1849,-0.1056,-0.2829,-0.2627,0,1.25236,-0.3370,-0.7860,-0.3238,0.1639,1,0.10672,0.0853,0.1369,1.0784,0.3215,1,0.10365,0.0265,-0.0233,0.7858,0.565
15484.0,0,0.000,63.875,0.000,51.048,5.383,0.044,7.613,14.171,34.124,0.000,0.000,48.456,0.656,0.000,38.482,1.690,48.476,0.000,157.935,4.371,0.048,3.735,0.000,17.599,0.4841,0.7927,1.1156,0.0846,1,0.07080,0.3123,-0.2021,1.0190,0.3530,1,0.07057,0.0157,-0.5610,1.0813,-0.3029,1,0.06611,-0.2229,-0.1085,-0.2525,-0.2624,0,1.07644,-0.3434,-0.7807,-0.3039,0.1237,1,0.10562,0.0940,0.1735,1.0983,0.3133,1,0.10110,0.0271,-0.0344,0.6762,0.538
15517.0,0,0.000,36.589,0.000,47.565,3.892,0.008,6.776,8.759,25.911,0.000,0.000,30.927,0.126,0.000,44.038,1.702,54.511,0.000,159.303,4.610,0.009,9.388,0.000,8.552,0.4887,0.7896,1.1230,0.0557,1,0.06704,0.3380,-0.1331,1.0517,0.4136,1,0.05076,0.0021,-0.5353,1.1268,-0.3042,1,0.04914,-0.2338,-0.0750,-0.2409,-0.2618,0,1.04931,-0.3601,-0.7555,-0.2888,0.1132,1,0.08171,0.1303,0.2911,1.0168,0.3050,0,0.10531,0.0271,-0.0248,0.6489,0.561
15550.5,0,0.000,51.561,0.000,48.361,5.143,1.214,14.988,12.355,30.930,0.000,0.000,29.341,2.101,0.000,62.358,1.817,58.391,0.000,160.102,4.251,0.002,16.049,0.000,5.077,0.4974,0.7946,1.1234,0.0929,1,0.06454,0.3193,-0.0907,1.0914,0.4317,1,0.05129,-0.0033,-0.5056,1.1599,-0.3006,1,0.04778,-0.2430,-0.0865,-0.2570,-0.2610,0,0.97968,-0.3847,-0.7277,-0.2734,0.1074,1,0.08007,0.1570,0.4565,0.8006,0.2857,0,0.32566,0.0267,-0.0146,0.6260,0.584
15584.0,0,0.000,86.849,0.000,50.265,7.220,0.372,3.678,22.315,20.951,0.000,0.000,60.714,3.471,0.000,66.733,2.326,47.618,0.000,156.669,3.741,0.000,17.779,0.000,4.373,0.4997,0.8042,1.1346,0.1065,1,0.06370,0.2565,-0.1051,1.1332,0.4297,1,0.06413,0.0031,-0.4828,1.1772,-0.2979,1,0.04710,-0.2395,-0.1305,-0.2725,-0.2602,0,0.89558,-0.4015,-0.7121,-0.2689,0.0828,1,0.07591,0.1635,0.5755,0.5801,0.2805,0,0.63055,0.0260,-0.0085,0.6154,0.605
15617.0,0,0.000,60.392,0.000,47.174,2.059,0.233,0.706,16.090,8.801,0.000,0.000,57.271,0.667,0.000,53.067,1.958,41.284,0.000,158.853,3.896,0.000,8.051,7.379,5.247,0.4916,0.7992,1.1441,0.1126,1,0.06213,0.1472,-0.0745,1.1536,0.4309,1,0.05852,-0.0049,-0.4237,1.1931,-0.2918,1,0.04500,-0.2320,-0.1249,-0.2742,-0.2594,0,0.90522,-0.4197,-0.7112,-0.2613,0.0595,1,0.07947,0.1611,0.5696,0.4421,0.2795,0,0.77890,0.0259,-0.0054,0.6063,0.606
15650.5,0,0.000,38.717,0.000,46.125,0.386,0.044,35.180,4.825,53.386,0.000,0.000,25.470,0.125,0.000,59.905,1.881,50.937,0.000,166.674,4.356,0.000,4.040,3.260,5.845,0.4878,0.7840,1.1326,0.1500,1,0.06315,0.0509,-0.0143,1.0978,0.4680,1,0.04329,-0.0413,-0.4405,1.1740,-0.3038,1,0.04569,-0.2381,-0.0829,-0.2795,-0.2599,0,0.98465,-0.4274,-0.7327,-0.2632,0.0443,1,0.08906,0.1570,0.4615,0.4154,0.2803,0,0.74055,0.0261,-0.0040,0.6099,0.588
15684.0,0,0.000,69.875,0.000,50.115,1.228,0.008,37.636,1.613,76.683,0.000,0.000,25.749,3.259,0.000,84.021,2.689,59.320,0.000,172.704,4.390,0.000,1.652,0.611,11.456,0.4842,0.7809,1.1123,0.1722,0,0.20760,0.0154,-0.0269,0.9235,0.4859,1,0.04327,-0.0490,-0.4908,1.1160,-0.3282,1,0.05652,-0.2632,-0.1029,-0.2915,-0.2617,0,1.20895,-0.4096,-0.7837,-0.2897,0.0350,1,0.11194,0.1592,0.3250,0.5627,0.2813,0,0.50774,0.0270,-0.0037,0.7477,0.569
15717.0,0,0.000,83.015,0.000,53.054,4.720,0.002,13.493,10.044,69.586,0.000,0.000,10.944,1.997,0.000,86.883,3.003,47.191,0.000,173.795,3.842,0.000,0.317,0.117,28.008,0.4829,0.7845,1.1107,0.1424,0,0.27735,0.0553,-0.0803,0.8763,0.4850,1,0.04436,-0.0646,-0.5196,1.0739,-0.2839,1,0.05029,-0.2795,-0.1296,-0.3000,-0.2633,0,1.25330,-0.4001,-0.7992,-0.3267,0.0309,1,0.10276,0.1592,0.1972,0.8220,0.2981,0,0.15637,0.0269,0.0397,0.8175,0.590
15750.5,0,0.000,42.463,0.000,49.071,8.622,0.000,9.403,9.914,65.218,0.000,4.814,7.614,0.374,0.000,73.191,2.668,42.454,0.000,158.608,2.731,0.000,0.309,0.022,32.728,0.4821,0.7810,1.1090,0.1142,0,0.22697,0.1701,-0.1372,0.8976,0.4774,1,0.04657,-0.0531,-0.5618,1.0033,-0.1852,1,0.04490,-0.2711,-0.1075,-0.3003,-0.2544,0,1.23233,-0.3589,-0.7955,-0.3239,0.0375,1,0.10451,0.1567,0.1572,0.9288,0.2927,0,0.10053,0.0266,0.0561,0.7995,0.592
15784.0,0,0.000,43.699,0.000,48.838,18.393,2.349,27.583,15.034,71.602,0.235,21.062,14.274,0.070,0.000,70.303,1.725,48.020,0.000,156.877,2.961,0.000,1.394,0.004,35.348,0.4825,0.7749,1.1047,0.1666,0,0.14432,0.2734,-0.1882,0.9628,0.4314,1,0.05783,-0.0314,-0.5909,0.9623,-0.1074,1,0.04869,-0.2049,-0.0665,-0.3057,-0.2493,0,1.20651,-0.3170,-0.7946,-0.3148,0.0390,1,0.10153,0.1554,0.1734,0.9841,0.2868,1,0.09971,0.0264,0.0387,0.7510,0.588
15817.0,0,0.000,77.206,0.000,50.466,10.995,0.451,18.790,9.691,64.248,0.045,10.266,28.899,1.883,0.000,68.027,0.923,33.351,0.000,153.680,2.063,0.000,3.094,0.001,51.377,0.4814,0.7797,1.1051,0.1904,0,0.10901,0.3270,-0.2093,0.9918,0.3881,1,0.04681,-0.0244,-0.5892,0.9862,-0.0888,1,0.06987,-0.0483,-0.0769,-0.3232,-0.2492,0,1.21723,-0.2971,-0.7840,-0.3041,0.0403,1,0.09995,0.1285,0.2156,1.0389,0.2920,1,0.09865,0.0268,0.0196,0.7268,0.587
15850.5,0,0.000,80.026,0.000,50.776,5.496,0.084,6.070,8.380,46.721,0.008,1.923,55.587,0.413,0.000,57.976,0.886,26.969,0.000,154.861,3.303,0.000,5.176,0.000,65.857,0.4783,0.7847,1.1078,0.1457,0,0.11950,0.3285,-0.1974,0.9800,0.3933,1,0.04491,-0.0328,-0.5648,1.0165,-0.0933,1,0.07927,0.1182,-0.0772,-0.3335,-0.2501,0,1.32853,-0.3020,-0.7700,-0.2941,0.0408,1,0.10113,0.0860,0.2607,1.0835,0.3021,1,0.09899,0.0263,0.0075,0.7333,0.585
15884.0,0,0.000,41.457,0.000,47.108,8.783,2.521,29.657,5.851,36.691,0.002,0.360,55.811,0.077,0.000,59.697,1.252,51.236,0.000,123.151,3.245,0.000,3.053,0.000,68.877,0.4791,0.7813,1.1054,0.0485,0,0.15895,0.3337,-0.1573,0.9421,0.4133,1,0.04286,-0.0335,-0.5326,1.0288,-0.0969,1,0.08370,0.1491,-0.0530,-0.3310,-0.2531,0,1.43002,-0.3204,-0.7749,-0.2929,0.0607,1,0.10252,0.0595,0.2688,1.1037,0.3195,1,0.09973,0.0266,0.0013,0.7502,0.573
15917.0,0,0.000,39.385,0.000,46.997,10.704,0.484,25.951,7.724,32.127,0.000,0.069,38.215,0.015,0.000,63.081,1.785,55.659,0.000,121.670,2.895,0.000,2.460,0.000,51.812,0.4812,0.7730,1.1007,-0.0121,0,0.25040,0.3253,-0.1862,0.8983,0.4065,1,0.04325,-0.0285,-0.5144,1.0344,-0.1268,1,0.08013,0.0465,-0.0308,-0.3209,-0.2572,0,1.48660,-0.3385,-0.7832,-0.3062,0.0857,1,0.10239,0.0548,0.2625,1.1069,0.3404,1,0.10074,0.0270,-0.0014,0.8048,0.578
15950.5,0,0.000,78.074,0.000,49.653,10.942,0.091,16.526,19.386,52.878,0.000,0.013,41.603,1.526,0.000,82.479,2.930,52.137,0.000,157.156,4.763,0.262,3.996,0.000,19.702,0.4799,0.7783,1.0998,-0.0311,0,0.19804,0.2681,-0.2111,0.9554,0.4086,1,0.06720,-0.0278,-0.5384,1.0494,-0.1963,1,0.07460,-0.0912,-0.0533,-0.3105,-0.2612,0,1.34448,-0.3509,-0.7827,-0.3088,0.0828,1,0.10135,0.0585,0.2642,1.1076,0.3530,1,0.10114,0.0271,-0.0026,0.7684,0.565
15984.0,0,0.000,84.736,0.000,51.036,9.543,0.017,3.348,26.355,57.534,0.000,0.002,31.761,0.503,0.000,86.513,3.627,45.858,0.000,138.810,5.169,0.049,7.770,0.000,11.235,0.4829,0.7948,1.1100,-0.0409,1,0.06906,0.2199,-0.2074,1.0462,0.4109,1,0.08212,-0.0127,-0.5592,1.0640,-0.2433,1,0.06053,-0.2017,-0.0649,-0.3021,-0.2527,0,1.11545,-0.3640,-0.7564,-0.2987,0.0894,1,0.09548,0.0816,0.2876,1.0738,0.3567,1,0.10144,0.0272,-0.0031,0.6743,0.560
16017.0,0,0.000,42.149,0.000,47.857,4.909,0.826,15.381,15.120,57.923,0.000,0.000,32.655,0.097,0.000,86.134,4.039,34.446,0.000,68.014,3.641,0.009,8.773,0.000,12.201,0.4918,0.8059,1.1209,-0.0380,1,0.06565,0.2122,-0.1656,1.0918,0.4264,1,0.06298,-0.0245,-0.5399,1.1077,-0.2480,1,0.04787,-0.2832,-0.0493,-0.2949,-0.2509,0,1.01097,-0.3883,-0.7055,-0.2743,0.1156,1,0.07890,0.1182,0.3297,0.9760,0.3283,0,0.10187,0.0265,-0.0032,0.6441,0.593
16050.5,0,0.000,41.433,0.000,48.684,4.728,3.698,75.497,6.416,55.947,0.000,0.000,45.637,0.301,0.000,94.890,4.502,46.983,0.000,100.956,4.370,0.002,8.331,12.489,14.640,0.5056,0.8031,1.1031,0.0555,1,0.06395,0.2276,-0.0537,1.0631,0.4783,1,0.04342,-0.0390,-0.5163,1.1284,-0.2518,1,0.04865,-0.3493,-0.0384,-0.2921,-0.2570,0,0.99006,-0.4068,-0.6905,-0.2633,0.1496,1,0.08813,0.1485,0.3393,0.8688,0.2997,0,0.17048,0.0259,-0.0031,0.6231,0.588
16084.0,0,0.000,81.162,0.000,51.476,2.771,0.693,69.900,2.632,43.299,0.102,0.000,48.289,3.619,0.000,80.917,3.613,55.446,0.000,129.969,3.626,0.000,5.550,18.697,7.029,0.4903,0.7898,1.1014,0.1340,0,0.20311,0.2029,-0.0262,0.9000,0.4970,1,0.04268,-0.0247,-0.5153,1.0922,-0.2690,1,0.06950,-0.3869,-0.0871,-0.2890,-0.2621,0,1.19105,-0.3891,-0.7467,-0.2998,0.1746,1,0.11142,0.1652,0.3161,0.7107,0.2892,0,0.37028,0.0270,0.0512,0.7514,0.564
16117.0,0,0.000,70.512,0.000,51.777,6.616,0.133,26.098,3.451,34.270,0.020,0.000,53.441,0.913,0.000,69.426,3.077,55.579,0.000,145.008,2.750,0.261,5.044,23.359,4.938,0.4820,0.7875,1.1045,0.1308,0,0.47436,0.1544,-0.1343,0.7141,0.5508,1,0.03908,-0.0365,-0.4875,1.0781,-0.2754,1,0.06514,-0.3871,-0.1074,-0.2829,-0.2643,0,1.40354,-0.3990,-0.7818,-0.3517,0.1838,1,0.10749,0.1766,0.2753,0.4872,0.2853,0,0.48589,0.0270,0.0732,0.9663,0.605
16150.5,0,0.000,35.200,0.000,47.897,12.339,0.025,9.363,7.980,36.941,0.297,0.000,55.871,0.171,0.000,75.681,2.986,47.805,0.000,143.957,2.040,0.049,4.812,12.892,3.157,0.4807,0.7792,1.1038,0.1385,0,0.53091,0.1950,-0.2684,0.7381,0.5311,1,0.05888,-0.0681,-0.4905,1.0977,-0.2736,1,0.05207,-0.3525,-0.0808,-0.2829,-0.2648,0,1.42118,-0.4107,-0.7688,-0.3764,0.1669,1,0.08996,0.1786,0.2476,0.2948,0.2832,0,0.51506,0.0257,0.0523,1.0115,0.651
16184.0,0,0.000,45.764,0.000,48.585,11.084,0.185,14.583,8.559,25.297,0.056,0.000,51.985,1.798,0.000,80.149,2.739,46.858,0.000,129.628,2.248,0.009,4.212,9.100,3.096,0.4817,0.7743,1.1021,0.1978,0,0.49819,0.2673,-0.3228,0.7986,0.5118,1,0.05348,-0.0814,-0.5034,1.1306,-0.2687,1,0.05173,-0.2973,-0.0875,-0.2896,-0.2643,0,1.34888,-0.3992,-0.7354,-0.3582,0.1234,1,0.07302,0.1709,0.2329,0.2035,0.2815,0,0.49165,0.0249,0.0274,1.0008,0.692
16217.0,0,0.000,84.786,0.000,50.780,13.906,0.109,3.981,13.690,7.952,0.011,0.000,57.743,4.066,0.000,72.115,2.497,45.930,0.000,141.982,2.375,0.002,5.496,1.748,3.360,0.4816,0.7810,1.1045,0.2092,0,0.45810,0.2876,-0.3349,0.8952,0.4830,1,0.07416,-0.0915,-0.4666,1.1731,-0.2636,1,0.04990,-0.1810,-0.1337,-0.2919,-0.2629,0,1.30225,-0.3984,-0.7036,-0.3306,0.1004,1,0.06626,0.1561,0.2323,0.2331,0.2791,0,0.40207,0.0244,0.0116,0.9693,0.706
16250.5,0,0.000,69.556,0.000,50.327,7.936,0.020,0.746,10.156,1.561,0.202,0.000,73.122,0.896,0.000,70.867,2.737,47.567,0.000,148.477,2.613,0.000,4.807,0.327,25.004,0.4824,0.7851,1.1069,0.1596,0,0.45642,0.2593,-0.3050,0.9455,0.4614,1,0.07223,-0.0810,-0.3558,1.2167,-0.2538,1,0.04625,-0.0537,-0.1345,-0.2894,-0.2618,0,1.39704,-0.3980,-0.6979,-0.3030,0.0819,1,0.06631,0.1275,0.2341,0.5832,0.2747,0,0.09674,0.0235,0.0035,0.9461,0.693
16284.0,0,0.000,38.347,0.000,47.383,6.372,0.004,9.024,6.711,0.292,2.989,0.000,77.639,0.168,0.000,69.879,2.679,31.490,0.000,100.048,1.561,0.000,3.220,0.061,47.636,0.4841,0.7799,1.1047,0.1406,0,0.48701,0.2249,-0.2375,0.9297,0.4605,1,0.06170,-0.0126,-0.1371,1.2360,-0.2426,1,0.04820,0.0091,-0.0930,-0.2874,-0.2612,0,1.61777,-0.3930,-0.7420,-0.2821,0.0683,1,0.08830,0.0944,0.2684,0.8186,0.2346,1,0.09450,0.0245,-0.0004,0.9247,0.616
16317.0,0,0.000,48.006,0.000,48.093,10.068,0.357,35.922,9.195,0.056,6.752,0.000,78.818,1.188,0.000,75.782,2.334,17.393,0.000,111.587,1.972,0.000,2.852,0.012,58.120,0.4839,0.7767,1.1019,0.1566,0,0.52988,0.1971,-0.2282,0.8937,0.4710,1,0.05830,0.0508,0.1084,1.2617,-0.2194,1,0.05182,0.0355,-0.0813,-0.2926,-0.2607,0,1.74429,-0.4054,-0.7607,-0.2799,0.0571,1,0.10078,0.0727,0.2755,0.9501,0.2156,1,0.09644,0.0265,-0.0022,0.9339,0.569
16350.5,0,0.000,81.612,0.000,49.381,3.817,0.067,12.744,6.383,0.011,3.991,0.000,72.147,1.255,0.000,65.250,1.074,18.482,0.000,125.998,2.690,0.000,3.762,0.002,57.196,0.4808,0.7824,1.1034,0.1348,0,0.54784,0.1298,-0.2069,0.8596,0.4794,1,0.04421,0.0619,0.2419,1.2772,-0.2064,1,0.05407,0.0592,-0.0902,-0.3098,-0.2582,0,1.81778,-0.4152,-0.7626,-0.2802,0.0513,1,0.10959,0.0434,0.2748,1.0309,0.2186,1,0.09806,0.0270,-0.0029,0.9377,0.538
16384.0,0,0.000,58.804,0.000,46.872,2.251,0.013,2.387,1.952,0.002,0.748,0.000,70.472,0.235,0.000,44.991,0.234,14.338,0.000,126.034,1.743,0.000,33.827,0.000,32.187,0.4769,0.7842,1.1029,0.0788,0,0.55757,0.1198,-0.1756,0.8276,0.4848,1,0.04110,0.0654,0.2154,1.2742,-0.2073,1,0.05355,0.1598,-0.0741,-0.3323,-0.2519,0,1.91354,-0.4057,-0.7336,-0.2876,0.0674,1,0.11325,0.0331,0.4920,1.1050,0.2498,0,0.11808,0.0277,-0.0033,0.9510,0.547
16417.0,0,0.000,38.957,0.000,45.186,4.548,0.002,8.186,1.605,1.044,0.144,0.000,60.371,0.045,0.000,35.056,0.045,27.840,0.000,141.132,2.148,0.000,61.532,0.000,9.761,0.4779,0.7780,1.0989,0.0537,0,0.63471,0.1654,-0.2014,0.7527,0.4671,1,0.03852,0.0953,0.1040,1.2403,-0.2243,0,0.05275,0.3043,-0.0459,-0.3449,-0.2430,0,2.07843,-0.3568,-0.7561,-0.3088,0.0672,1,0.11337,0.0189,0.6661,1.0808,0.2648,0,0.18330,0.0273,-0.0033,1.0035,0.564
16450.5,0,0.000,51.852,0.000,46.746,6.243,0.000,22.298,1.325,36.667,0.027,0.000,48.111,0.008,1.579,40.770,0.008,38.837,0.000,155.708,3.382,0.000,44.055,19.347,5.139,0.4778,0.7770,1.0968,0.0533,0,0.78306,0.1928,-0.3084,0.6119,0.5202,1,0.03477,0.0561,-0.1285,1.1838,-0.2559,1,0.05584,0.3944,0.0214,-0.3574,-0.2354,0,2.26201,-0.3340,-0.7752,-0.3273,0.0476,1,0.09488,0.0096,0.7366,0.8793,0.2727,0,0.32831,0.0264,-0.0030,1.1265,0.625
16484.0,0,0.000,83.135,0.000,49.177,11.905,0.000,13.494,6.656,77.517,0.005,0.000,30.991,0.002,1.004,53.665,0.002,45.197,0.000,158.116,3.360,0.000,25.623,21.414,6.452,0.4768,0.7833,1.1003,0.0431,0,0.79850,0.2187,-0.4259,0.6109,0.5270,1,0.03538,0.0089,-0.2887,1.1693,-0.2592,1,0.05281,0.4193,0.0713,-0.3780,-0.2348,0,2.27075,-0.3296,-0.7516,-0.3196,0.0303,1,0.07067,0.0224,0.7495,0.6118,0.2773,0,0.51265,0.0236,-0.0027,1.1714,0.702
16517.0,0,0.000,58.947,0.000,48.689,23.675,0.579,24.953,29.438,81.091,0.001,0.000,38.455,0.000,0.193,54.212,0.149,54.962,0.000,125.623,2.364,0.000,9.386,4.112,10.498,0.4789,0.7849,1.1023,0.0518,0,0.51868,0.2661,-0.4459,0.8747,0.4147,1,0.07096,-0.0201,-0.4368,1.1703,-0.2278,1,0.04985,0.4086,0.0656,-0.3892,-0.2392,0,1.97138,-0.3338,-0.7040,-0.3063,0.0174,1,0.06306,0.0522,0.7003,0.5511,0.2787,0,0.54107,0.0224,-0.0026,1.0219,0.757
16550.5,0,0.000,42.776,0.000,47.792,30.023,6.452,6.118,57.514,61.585,0.000,0.000,57.878,0.000,1.089,62.648,0.667,56.317,0.000,74.324,1.169,1.401,2.025,0.770,21.748,0.4815,0.7794,1.1013,0.0866,0,0.27439,0.3031,-0.3842,1.0651,0.3544,1,0.07034,-0.0436,-0.5167,1.1696,-0.1685,1,0.04685,0.3312,0.0715,-0.3836,-0.2254,0,1.64070,-0.3597,-0.6449,-0.2716,0.0102,1,0.06008,0.0914,0.5206,0.7487,0.2857,0,0.17412,0.0215,-0.0025,0.8678,0.771
16584.0,0,0.000,76.278,0.000,49.635,19.102,6.620,1.146,59.886,43.224,0.000,0.000,57.367,1.357,0.259,75.802,1.765,57.175,0.000,97.584,2.273,3.671,0.677,0.144,37.995,0.4933,0.7995,1.1082,0.0959,1,0.07045,0.2906,-0.2753,1.1569,0.3476,1,0.06516,-0.0400,-0.5505,1.1260,-0.1214,1,0.05771,0.1384,0.0298,-0.3626,-0.2265,0,1.25004,-0.3662,-0.6559,-0.2465,0.0375,1,0.07313,0.0828,0.3241,0.8601,0.2675,1,0.09736,0.0225,-0.0027,0.6924,0.687
16617.0,0,0.000,85.728,0.000,50.906,7.311,1.271,0.220,32.048,37.431,0.000,0.000,49.955,0.394,0.050,48.990,1.710,54.028,0.000,120.685,2.134,2.546,1.134,0.028,46.283,0.5073,0.8238,1.1225,0.0665,1,0.06406,0.2276,-0.1949,1.1682,0.3495,1,0.05559,-0.0507,-0.5247,1.0997,-0.0878,1,0.05885,-0.0562,-0.0102,-0.3250,-0.2402,0,1.09764,-0.3653,-0.6938,-0.2583,0.0745,1,0.08486,0.0672,0.2035,0.8885,0.2506,1,0.09754,0.0241,-0.0029,0.6242,0.612
16650.5,0,0.000,48.757,0.000,46.712,5.081,0.238,19.773,8.864,34.952,0.000,0.000,56.291,0.074,0.009,43.715,1.499,46.949,0.000,152.851,2.943,0.913,0.686,0.005,51.028,0.5003,0.8094,1.1297,0.0024,1,0.06160,0.1880,-0.1383,1.1611,0.3371,1,0.04789,-0.0575,-0.5141,1.1036,-0.1110,1,0.05765,-0.1723,-0.0186,-0.2900,-0.2515,0,1.05885,-0.3648,-0.7168,-0.2688,0.0799,1,0.08802,0.0612,0.1494,0.9064,0.2328,1,0.09533,0.0254,-0.0030,0.6020,0.576
16684.0,0,0.000,39.701,0.000,46.533,4.175,0.045,32.752,1.693,26.096,0.000,0.000,57.223,0.014,0.002,60.062,2.068,40.913,0.000,164.882,3.850,1.986,0.246,0.001,49.365,0.4877,0.7831,1.1107,-0.0256,0,0.15488,0.1659,-0.1390,1.0258,0.3618,1,0.04261,-0.0428,-0.5122,1.0978,-0.1642,1,0.07105,-0.2250,-0.0148,-0.2788,-0.2583,0,1.20312,-0.3612,-0.7401,-0.2782,0.0644,1,0.10164,0.0568,0.0802,0.9066,0.2102,1,0.09886,0.0267,-0.0032,0.7066,0.577
16717.0,0,0.000,74.406,0.000,49.319,8.473,0.090,26.538,4.247,16.237,0.000,0.000,50.661,2.236,0.000,84.123,2.674,50.337,0.000,166.568,3.538,0.597,0.870,0.000,43.487,0.4800,0.7818,1.1041,-0.0275,0,0.39995,0.1437,-0.2235,0.8341,0.4395,1,0.03761,-0.0273,-0.4686,1.0914,-0.2113,1,0.06711,-0.2418,-0.0562,-0.2870,-0.2620,0,1.41058,-0.3733,-0.7711,-0.3092,0.0435,1,0.10316,0.0461,0.0793,0.9074,0.1899,1,0.09750,0.0264,-0.0032,0.8958,0.609
16750.5,0,0.000,79.688,0.000,51.501,12.229,0.017,8.306,16.444,8.009,0.000,0.000,54.575,1.075,0.000,85.674,3.077,36.864,0.000,144.057,2.890,0.112,2.084,0.000,39.857,0.4695,0.7855,1.1061,-0.0160,0,0.37577,0.1697,-0.2422,0.9016,0.4121,1,0.06267,-0.0226,-0.4255,1.1182,-0.2409,1,0.05558,-0.2486,-0.0866,-0.2953,-0.2637,0,1.40192,-0.3722,-0.7815,-0.3172,0.0346,1,0.10050,0.0395,0.1630,0.9843,0.2070,0,0.09742,0.0262,-0.0032,0.8802,0.595
16784.0,0,0.000,40.853,0.000,48.483,12.875,0.003,2.745,22.682,2.558,0.000,0.000,46.958,0.201,0.000,73.303,2.787,36.023,0.000,146.051,3.643,0.021,5.506,0.000,30.353,0.4690,0.7817,1.1054,0.0456,0,0.30475,0.2241,-0.2232,1.0210,0.3350,1,0.08289,-0.0081,-0.3430,1.1613,-0.2537,1,0.04963,-0.2579,-0.0721,-0.2956,-0.2644,0,1.39988,-0.3642,-0.7789,-0.2950,0.0372,1,0.10030,0.0423,0.2565,1.0482,0.2328,1,0.09623,0.0273,-0.0034,0.8211,0.564
16817.0,0,0.000,48.665,0.000,49.724,10.046,0.125,7.937,15.975,2.867,0.672,0.000,66.681,1.302,0.000,69.744,2.206,43.115,0.000,160.396,3.652,0.004,32.706,0.000,30.435,0.4751,0.7785,1.1038,0.1441,0,0.31896,0.2440,-0.2175,1.0809,0.3001,1,0.07256,-0.0045,-0.2274,1.2226,-0.2428,1,0.04823,-0.2627,-0.0752,-0.2962,-0.2643,0,1.39392,-0.3744,-0.7631,-0.2798,0.0359,1,0.08313,0.0734,0.5088,1.1020,0.2625,0,0.09419,0.0274,-0.0034,0.8178,0.577
16850.5,0,0.000,83.889,0.000,52.347,12.510,1.583,20.772,22.477,1.314,0.340,0.000,75.267,4.552,0.000,75.987,1.939,51.512,0.000,159.838,3.304,0.001,49.654,0.000,11.562,0.4795,0.7831,1.1079,0.1826,0,0.28552,0.2033,-0.2132,1.1247,0.3246,1,0.06709,0.0064,-0.1445,1.2725,-0.2316,1,0.04556,-0.2305,-0.1265,-0.3039,-0.2455,0,1.27840,-0.3869,-0.7364,-0.2654,0.0324,1,0.06869,0.0972,0.6699,1.0766,0.2703,0,0.10894,0.0268,-0.0034,0.8017,0.612
16884.0,0,0.000,56.193,0.000,50.058,9.378,0.413,23.084,17.227,2.802,0.064,0.000,74.067,1.084,0.000,64.265,1.875,58.419,0.000,162.096,3.790,0.000,35.149,5.643,2.166,0.4814,0.7840,1.1097,0.1302,0,0.27098,0.1505,-0.1994,1.1191,0.3817,1,0.06204,-0.0048,-0.1054,1.2899,-0.2302,1,0.04751,-0.1707,-0.1361,-0.3062,-0.2370,0,1.27709,-0.4009,-0.7297,-0.2591,0.0572,1,0.06897,0.0945,0.7309,0.8810,0.2754,0,0.30124,0.0268,-0.0033,0.7922,0.618
16917.0,0,0.000,31.041,0.000,47.613,10.399,0.079,32.108,9.398,1.746,0.012,0.000,75.666,0.208,0.000,66.764,2.004,62.526,0.000,169.585,5.044,0.000,23.003,10.278,0.681,0.4831,0.7743,1.1062,0.0784,0,0.34670,0.1635,-0.2172,1.0584,0.4238,1,0.05418,-0.0360,-0.1021,1.2869,-0.2322,1,0.04887,-0.1254,-0.0985,-0.3047,-0.2437,0,1.40493,-0.4044,-0.7321,-0.2623,0.0970,1,0.07119,0.0997,0.7375,0.5351,0.2794,0,0.68279,0.0267,-0.0033,0.8345,0.620
16950.5,0,0.000,44.346,0.000,49.093,14.847,0.015,38.969,5.134,2.808,0.002,0.000,81.330,0.825,0.000,76.979,2.485,49.402,0.000,160.454,4.308,0.000,10.997,1.925,1.114,0.4832,0.7694,1.1031,0.1260,0,0.54293,0.1678,-0.2995,0.9104,0.4506,1,0.04431,-0.0821,-0.1469,1.2578,-0.2417,1,0.05345,-0.1085,-0.0782,-0.3035,-0.2526,0,1.61531,-0.3945,-0.7510,-0.2821,0.1290,1,0.08235,0.1169,0.6858,0.3077,0.2810,0,0.86569,0.0260,-0.0031,0.9652,0.624
16984.0,0,0.000,84.228,0.000,51.896,18.134,0.003,28.080,7.378,7.065,0.000,0.000,79.254,2.738,0.000,82.614,2.520,47.488,0.000,164.947,3.770,0.000,6.498,0.361,4.407,0.4808,0.7790,1.1072,0.1529,0,0.64830,0.1324,-0.3706,0.8285,0.4832,1,0.04535,-0.1058,-0.2086,1.2359,-0.2445,1,0.05056,-0.1121,-0.1062,-0.3050,-0.2578,0,1.65596,-0.3691,-0.7676,-0.3042,0.1203,1,0.08384,0.1379,0.5625,0.3047,0.2804,0,0.68192,0.0255,-0.0031,1.0441,0.640
17017.0,0,0.000,71.810,0.000,51.113,14.623,0.001,12.307,18.994,19.403,0.000,0.000,75.219,0.526,0.000,74.238,1.621,39.838,0.000,162.719,2.930,0.000,3.120,0.069,4.318,0.4654,0.7849,1.1108,0.1437,0,0.58662,0.1337,-0.4015,0.9085,0.4706,1,0.06824,-0.1524,-0.2915,1.2555,-0.2320,1,0.04751,-0.0980,-0.1037,-0.3133,-0.2583,0,1.55751,-0.3521,-0.7356,-0.3028,0.0856,1,0.06503,0.1488,0.4136,0.3612,0.2779,0,0.37524,0.0240,-0.0029,1.0271,0.689
17050.5,0,0.000,43.044,0.000,49.013,11.382,0.000,19.329,20.424,21.382,0.000,0.000,70.020,0.098,0.000,53.139,1.132,42.713,0.000,164.038,3.785,0.000,1.295,0.013,4.767,0.4620,0.7816,1.1090,0.1515,0,0.47096,0.1751,-0.3782,0.9937,0.4507,1,0.07099,-0.1694,-0.3637,1.2647,-0.2281,1,0.04706,-0.0692,-0.0702,-0.3154,-0.2560,0,1.45628,-0.3580,-0.6926,-0.2798,0.0545,1,0.06443,0.1711,0.2772,0.3908,0.2756,0,0.17931,0.0234,-0.0097,0.9675,0.720
17084.0,0,0.000,51.345,0.000,49.335,14.023,1.256,32.721,12.718,26.831,0.172,0.000,62.262,1.004,0.000,53.025,0.925,50.883,0.000,163.313,3.616,0.000,1.758,0.002,5.203,0.4702,0.7785,1.1060,0.2024,0,0.37790,0.1594,-0.3607,1.0216,0.4518,1,0.06279,-0.1482,-0.4217,1.2448,-0.2357,1,0.04653,-0.0471,-0.0663,-0.3164,-0.2558,0,1.33297,-0.3701,-0.6781,-0.2692,0.0344,1,0.06096,0.2002,0.1970,0.3779,0.2725,0,0.12868,0.0229,-0.0148,0.9209,0.734
17117.0,0,0.000,83.069,0.000,51.892,11.477,1.051,45.136,8.447,26.425,0.033,0.000,46.640,1.775,0.000,65.953,1.032,57.827,0.000,165.451,4.249,0.000,2.589,0.000,8.280,0.4769,0.7826,1.1089,0.2038,0,0.36209,0.1156,-0.3525,0.9747,0.4706,1,0.04677,-0.1155,-0.4536,1.2107,-0.2534,1,0.04867,-0.0471,-0.0908,-0.3255,-0.2565,0,1.28200,-0.3908,-0.6892,-0.2720,0.0239,1,0.06300,0.2088,0.1737,0.4192,0.2693,0,0.12648,0.0226,-0.0131,0.9208,0.731
17150.5,0,0.000,54.715,0.000,48.938,5.029,0.197,26.249,3.679,35.351,0.006,0.686,35.394,0.332,0.000,62.096,1.319,47.836,0.000,167.796,4.353,0.000,4.319,0.000,21.400,0.4804,0.7831,1.1096,0.1346,0,0.43826,0.1075,-0.3372,0.8648,0.4937,1,0.04339,-0.0893,-0.4665,1.1605,-0.2838,1,0.05046,-0.0902,-0.0840,-0.3282,-0.2574,0,1.39257,-0.4108,-0.7260,-0.2906,0.0239,1,0.08568,0.1892,0.1969,0.6521,0.2607,0,0.09794,0.0231,-0.0091,0.9691,0.701
17184.0,0,0.000,36.083,0.000,45.992,5.219,0.037,26.013,0.919,33.616,0.001,0.128,64.891,0.062,0.000,57.694,1.478,40.546,0.000,167.667,4.668,0.000,3.148,0.000,37.975,0.4830,0.7755,1.1039,0.0796,0,0.60862,0.1520,-0.3337,0.7020,0.5329,1,0.03877,-0.0643,-0.4727,1.1126,-0.3040,1,0.06558,-0.1477,-0.0549,-0.3204,-0.2594,0,1.60052,-0.4087,-0.7680,-0.3253,0.0218,1,0.10468,0.1568,0.2177,0.8744,0.2517,1,0.10355,0.0241,-0.0059,1.0715,0.671
17217.0,0,0.000,59.190,0.000,48.843,15.850,0.007,17.707,3.996,17.955,0.000,0.025,62.646,1.367,0.000,65.644,1.502,42.064,0.000,168.925,4.346,0.000,0.605,0.000,47.599,0.4841,0.7762,1.1006,0.0452,0,0.75835,0.2024,-0.3929,0.6006,0.5603,1,0.03896,-0.0507,-0.4500,1.0948,-0.2998,1,0.06545,-0.1879,-0.0640,-0.3159,-0.2612,0,1.70212,-0.4059,-0.7855,-0.3461,0.0175,1,0.10501,0.1217,0.2080,0.9766,0.2723,1,0.10651,0.0242,-0.0043,1.1536,0.663
17250.5,0,0.000,88.235,0.000,52.134,23.807,0.001,11.955,18.148,36.325,0.000,0.005,32.134,1.559,0.000,58.636,1.202,56.248,0.000,169.668,3.542,0.368,0.113,0.000,42.975,0.4829,0.7832,1.1049,0.0222,0,0.59278,0.2092,-0.4061,0.7514,0.5028,1,0.08376,-0.0413,-0.4922,1.0867,-0.2939,1,0.06349,-0.1746,-0.0905,-0.3144,-0.2607,0,1.57208,-0.3766,-0.8013,-0.3501,0.0182,1,0.10505,0.0780,0.1818,1.0166,0.3045,1,0.10450,0.0248,-0.0036,1.0433,0.645
17284.0,0,0.000,57.871,0.000,48.684,16.422,0.000,4.139,20.507,66.160,0.000,9.087,15.643,0.292,0.000,47.139,0.692,43.976,0.000,153.023,2.923,0.069,1.365,0.000,24.167,0.4814,0.7841,1.1065,0.0003,0,0.39660,0.2220,-0.3701,0.8886,0.4409,1,0.09325,-0.0292,-0.5475,1.0707,-0.2890,1,0.05688,-0.1388,-0.0809,-0.3173,-0.2590,0,1.44945,-0.3421,-0.7981,-0.3330,0.0240,1,0.09902,0.0555,0.1735,1.0523,0.3311,1,0.10421,0.0252,-0.0033,0.9241,0.626
17317.0,0,0.000,39.858,0.000,47.185,11.829,2.368,22.698,13.336,70.260,0.000,3.308,37.067,0.056,0.000,50.437,0.577,34.045,0.000,147.796,3.287,0.013,5.810,0.000,21.252,0.4818,0.7780,1.1032,0.0238,0,0.21205,0.2638,-0.2989,0.9591,0.4303,1,0.07453,-0.0146,-0.5833,1.0671,-0.2705,1,0.06233,-0.0927,-0.0521,-0.3283,-0.2577,0,1.33967,-0.3219,-0.7822,-0.3106,0.0298,1,0.09884,0.0625,0.2135,1.0756,0.3415,1,0.10184,0.0262,-0.0032,0.8045,0.601
17350.5,0,0.000,62.014,0.000,48.883,8.907,2.442,58.186,14.683,51.633,0.000,0.620,50.611,0.860,0.000,72.175,0.205,51.520,0.000,151.518,2.789,2.132,8.065,5.658,35.279,0.4826,0.7791,1.1010,0.0780,0,0.08084,0.2678,-0.2002,1.0084,0.4355,1,0.06674,-0.0126,-0.5907,1.0645,-0.2226,1,0.07159,-0.0086,-0.0523,-0.3621,-0.2552,0,1.28202,-0.3073,-0.7847,-0.2950,0.0355,1,0.10320,0.0911,0.2537,1.0876,0.3443,1,0.10068,0.0262,-0.0033,0.7015,0.562
17384.0,0,0.000,87.228,0.000,50.672,11.774,0.457,48.925,12.507,41.132,0.000,0.116,48.434,0.368,0.000,64.736,0.290,61.467,0.000,157.557,2.646,3.245,4.158,4.717,31.699,0.4854,0.7856,1.1052,0.0875,0,0.07184,0.2282,-0.1695,1.0005,0.4476,1,0.06011,-0.0073,-0.5770,1.0405,-0.1451,1,0.08107,0.0601,-0.0527,-0.3859,-0.2392,0,1.32630,-0.3122,-0.7963,-0.2955,0.0376,1,0.10484,0.1001,0.2299,1.0759,0.3456,1,0.10071,0.0268,-0.0034,0.6871,0.546
17417.0,0,0.000,53.836,0.000,47.610,4.482,0.088,50.562,2.720,42.934,0.000,0.022,51.607,0.071,0.000,54.732,0.721,55.855,0.000,152.258,3.366,3.919,2.670,12.210,15.099,0.4853,0.7847,1.1053,0.0608,0,0.22356,0.2117,-0.1891,0.8721,0.4842,1,0.04380,0.0018,-0.5464,1.0199,-0.1206,1,0.08494,0.0936,-0.0391,-0.3786,-0.2291,0,1.52867,-0.3314,-0.8067,-0.3096,0.0341,1,0.11038,0.1057,0.1407,1.0313,0.3360,1,0.10450,0.0273,-0.0034,0.8030,0.569
17450.5,0,0.000,37.694,0.000,46.743,2.832,0.016,34.537,1.059,30.144,0.000,0.004,51.321,0.013,0.000,53.479,1.300,37.670,0.000,73.849,3.068,1.325,3.600,18.749,7.489,0.4850,0.7770,1.1018,0.0486,0,0.48684,0.1916,-0.2273,0.7177,0.5080,1,0.04120,-0.0072,-0.4967,1.0247,-0.1680,1,0.07645,0.0428,-0.0239,-0.3501,-0.2366,0,1.75560,-0.3779,-0.8023,-0.3341,0.0516,1,0.11515,0.1354,0.0858,0.8564,0.3103,0,0.13398,0.0270,-0.0032,0.9807,0.608
17484.0,0,0.000,65.666,0.000,49.246,6.153,0.003,11.809,6.562,16.276,0.000,0.001,54.904,1.349,0.000,76.583,2.970,26.466,0.000,102.872,4.552,0.248,5.183,20.358,3.803,0.4826,0.7790,1.1022,0.0495,0,0.51380,0.1987,-0.2417,0.7655,0.4558,1,0.03794,-0.0383,-0.4557,1.0791,-0.2160,1,0.04921,-0.0845,-0.0474,-0.3212,-0.2492,0,1.64043,-0.4192,-0.7616,-0.3422,0.0761,1,0.09948,0.1582,0.1233,0.5684,0.2928,0,0.21772,0.0262,-0.0032,0.9836,0.629
17517.0,0,0.000,87.819,0.000,51.928,23.684,0.001,4.681,20.954,3.332,0.250,0.000,67.471,1.489,0.000,90.812,3.974,38.336,0.000,152.121,5.769,0.048,16.691,14.893,2.267,0.4687,0.7848,1.1065,0.0390,0,0.44555,0.1957,-0.2807,0.9582,0.4096,1,0.06569,-0.0677,-0.3981,1.1813,-0.2222,1,0.04601,-0.2038,-0.0816,-0.3040,-0.2584,0,1.38797,-0.4379,-0.6923,-0.3217,0.0751,1,0.06552,0.1753,0.3398,0.3203,0.2851,0,0.46338,0.0257,-0.0031,0.9344,0.676
17550.5,0,0.000,51.489,0.000,48.901,20.440,0.000,10.888,18.872,0.624,22.164,0.000,78.643,0.279,0.000,90.853,3.984,44.009,0.000,156.813,4.847,0.009,33.665,3.634,1.581,0.4634,0.7843,1.1074,0.0230,0,0.43648,0.1688,-0.3002,1.0496,0.3753,1,0.08068,0.0112,-0.0049,1.2866,-0.1885,1,0.04724,-0.2825,-0.0764,-0.2968,-0.2629,0,1.36657,-0.4518,-0.6825,-0.2871,0.0622,1,0.07073,0.1869,0.5657,0.2154,0.2818,0,0.80376,0.0251,0.0375,0.9102,0.657
17584.0,0,0.000,34.395,0.000,46.518,11.821,1.455,40.336,9.055,0.117,13.663,0.000,80.512,0.052,0.000,77.475,2.940,42.894,0.000,154.639,3.514,0.002,27.768,0.681,24.503,0.4689,0.7753,1.1036,0.0323,0,0.47336,0.1450,-0.2843,1.0210,0.3723,1,0.05975,0.0296,0.3296,1.3596,-0.1636,1,0.05409,-0.2768,-0.0498,-0.2950,-0.2627,0,1.48536,-0.4553,-0.7159,-0.2748,0.0487,1,0.08097,0.1839,0.6718,0.6063,0.2793,0,0.50825,0.0253,0.0519,0.9134,0.618
17617.0,0,0.000,61.000,0.000,47.126,11.519,0.870,54.173,7.955,0.022,3.481,0.000,76.584,2.818,0.000,73.692,1.563,44.901,0.000,158.433,3.947,0.000,13.237,0.131,46.780,0.4736,0.7771,1.1006,0.0474,0,0.56088,0.1258,-0.2738,0.9101,0.4388,1,0.04633,0.0146,0.3966,1.3564,-0.1715,1,0.05812,-0.1143,-0.0806,-0.3061,-0.2577,0,1.67949,-0.4431,-0.7602,-0.2809,0.0397,1,0.09106,0.1677,0.6684,0.9269,0.2757,0,0.25651,0.0261,0.0357,0.9589,0.584
17650.5,0,0.000,85.867,0.000,48.517,14.597,0.163,27.992,11.002,3.523,0.652,0.000,75.074,1.202,0.000,61.720,0.726,39.330,0.000,152.308,3.354,0.000,5.697,0.024,44.221,0.4591,0.7841,1.1030,0.0416,0,0.58720,0.1193,-0.2983,0.8870,0.4651,1,0.06145,-0.0048,0.2283,1.3197,-0.1929,1,0.05514,0.1320,-0.1039,-0.3269,-0.2501,0,1.84689,-0.4213,-0.7722,-0.2961,0.0303,1,0.08515,0.1421,0.5636,1.0616,0.2848,0,0.10101,0.0264,0.0178,0.9890,0.596
17684.0,0,0.000,53.697,0.000,43.842,10.725,0.031,9.551,3.736,33.164,0.122,0.000,49.090,0.225,0.000,35.276,0.136,36.415,0.000,135.984,3.012,0.000,8.022,0.005,21.778,0.4509,0.7845,1.1014,0.0257,0,0.63409,0.1527,-0.3373,0.8065,0.4867,1,0.04463,-0.0332,-0.1625,1.2152,-0.2502,1,0.05347,0.3273,-0.0823,-0.3361,-0.2405,0,2.02977,-0.3789,-0.7812,-0.2997,0.0288,1,0.09047,0.1142,0.5025,1.0710,0.2790,1,0.10055,0.0261,0.0066,1.0375,0.612
17717.0,0,0.000,39.999,0.000,44.640,5.463,0.006,11.688,3.113,80.106,0.023,0.000,20.670,0.043,0.000,25.875,0.026,37.758,0.000,120.445,3.104,0.000,55.347,0.001,9.431,0.4593,0.7775,1.0975,0.0508,0,0.64828,0.2003,-0.3864,0.7482,0.5194,1,0.04287,-0.0611,-0.3404,1.1753,-0.2638,1,0.05201,0.4354,-0.0499,-0.3273,-0.2319,0,2.05355,-0.3693,-0.7537,-0.3101,0.0201,1,0.08293,0.0696,0.6261,1.0208,0.2806,0,0.14346,0.0249,0.0013,1.0845,0.681
17750.5,0,0.000,63.723,0.000,47.809,8.442,0.211,24.264,11.192,75.747,0.004,0.000,45.595,0.481,0.084,42.499,0.005,59.311,0.000,139.280,2.780,0.000,42.517,3.331,4.982,0.4686,0.7788,1.0970,0.0806,0,0.48201,0.2452,-0.3581,0.8334,0.5001,1,0.05027,-0.0586,-0.4559,1.1610,-0.2523,1,0.05142,0.4622,-0.0375,-0.3371,-0.2289,0,1.88010,-0.3641,-0.7259,-0.3142,0.0141,1,0.06885,0.0352,0.7160,0.8341,0.2814,0,0.33116,0.0236,-0.0011,0.9999,0.721
17784.0,0,0.000,90.434,0.000,50.910,8.328,0.040,15.224,8.037,53.593,0.001,0.000,53.051,0.090,0.016,54.208,0.001,67.646,0.000,130.018,1.890,0.000,19.721,23.604,4.496,0.4737,0.7846,1.1015,0.0709,0,0.34298,0.2585,-0.3156,0.9119,0.4813,1,0.04625,-0.0524,-0.5139,1.1475,-0.2098,1,0.05141,0.4201,-0.0292,-0.3654,-0.2340,0,1.72495,-0.3605,-0.7023,-0.3048,0.0143,1,0.06328,0.0244,0.7304,0.5346,0.2834,0,0.69330,0.0234,-0.0021,0.9194,0.732
17817.0,0,0.000,59.019,0.000,49.332,8.561,0.008,18.841,5.438,52.250,0.000,0.000,57.025,0.017,0.003,56.465,0.829,55.541,0.000,121.420,1.442,0.000,13.238,40.036,4.578,0.4773,0.7853,1.1038,0.0562,0,0.34850,0.2730,-0.3214,0.8925,0.4818,1,0.04376,-0.0478,-0.5302,1.1191,-0.1556,1,0.06233,0.2955,-0.0197,-0.3672,-0.2432,0,1.65629,-0.3647,-0.6979,-0.3085,0.0220,1,0.06734,0.0586,0.6856,0.2596,0.2845,0,1.00197,0.0232,-0.0024,0.9266,0.733
17850.5,0,0.000,43.880,0.000,47.575,9.309,0.825,43.857,4.732,42.491,0.000,0.000,54.559,0.003,0.001,48.675,0.861,40.789,0.000,117.646,1.085,0.000,18.240,33.792,4.412,0.4799,0.7804,1.1022,0.0556,0,0.49023,0.2676,-0.3657,0.7958,0.4905,1,0.04146,-0.0510,-0.5184,1.0812,-0.1160,1,0.06946,0.0910,-0.0133,-0.3474,-0.2511,0,1.65224,-0.3733,-0.7127,-0.3370,0.0511,1,0.07974,0.1051,0.6550,0.0903,0.2841,0,1.15763,0.0230,-0.0026,1.0109,0.728
17884.0,0,0.000,76.397,0.000,48.665,15.287,0.209,39.431,12.563,43.948,0.000,0.000,50.400,1.766,0.000,65.967,1.434,37.650,0.000,126.446,2.018,0.000,30.357,19.083,3.996,0.4790,0.7828,1.1016,0.0248,0,0.53550,0.2176,-0.3990,0.8323,0.4917,1,0.04791,-0.0776,-0.5127,1.0875,-0.0911,1,0.05348,-0.0824,-0.0500,-0.3324,-0.2562,0,1.47137,-0.3966,-0.6859,-0.3542,0.0887,1,0.06559,0.1326,0.6847,0.0516,0.2836,0,1.13065,0.0227,-0.0026,1.0269,0.748
17917.0,0,0.000,86.531,0.000,50.400,17.063,0.040,8.378,19.946,57.330,0.000,0.000,39.507,0.643,0.000,60.844,1.704,38.793,0.000,145.746,3.607,0.000,24.161,3.966,5.794,0.4784,0.7865,1.1035,-0.0113,0,0.43093,0.1507,-0.3965,0.9678,0.4513,1,0.07155,-0.1048,-0.5290,1.1241,-0.1177,1,0.04452,-0.1842,-0.0710,-0.3178,-0.2593,0,1.24111,-0.4130,-0.6385,-0.3347,0.1270,1,0.06134,0.1490,0.7022,0.1772,0.2956,0,0.93650,0.0218,-0.0024,0.9572,0.761
17950.5,0,0.000,48.453,0.000,48.371,10.729,0.008,8.544,12.648,67.676,0.000,4.408,22.888,0.120,0.000,69.770,2.283,37.800,0.000,121.206,3.458,0.000,12.005,0.743,20.188,0.4804,0.7838,1.1032,-0.0511,0,0.29117,0.1619,-0.3527,1.0408,0.4285,1,0.05410,-0.1039,-0.5542,1.1456,-0.1585,1,0.04393,-0.2373,-0.0569,-0.3070,-0.2616,0,1.08404,-0.4113,-0.6109,-0.3094,0.1423,1,0.06382,0.1646,0.6562,0.5572,0.3041,0,0.44928,0.0222,-0.0025,0.8643,0.756
17984.0,0,0.000,44.916,0.000,48.608,8.009,0.465,41.673,8.175,62.791,0.131,4.264,21.227,0.538,0.000,78.245,2.933,39.920,0.000,143.704,4.291,0.000,5.644,0.139,36.563,0.4824,0.7774,1.1015,-0.0380,0,0.22199,0.2015,-0.3183,1.0463,0.4125,1,0.04833,-0.0812,-0.5681,1.1305,-0.1633,1,0.04670,-0.2613,-0.0505,-0.3007,-0.2631,0,1.02988,-0.3979,-0.6199,-0.2983,0.1282,1,0.06703,0.1724,0.5359,0.8741,0.3253,1,0.09732,0.0224,-0.0027,0.8199,0.738
18017.0,0,0.000,78.546,0.000,50.636,10.940,0.159,48.169,15.101,53.160,0.025,1.091,48.189,2.644,0.000,87.981,3.110,33.865,0.000,149.145,3.451,0.000,1.600,0.027,48.400,0.4814,0.7804,1.1042,-0.0195,0,0.16395,0.2053,-0.2845,1.0400,0.4300,1,0.05734,-0.0557,-0.5695,1.1038,-0.1463,1,0.05917,-0.2657,-0.0877,-0.3004,-0.2638,0,1.00813,-0.3728,-0.6542,-0.2892,0.0985,1,0.07954,0.1434,0.4392,0.9446,0.2990,1,0.09767,0.0232,-0.0027,0.7770,0.691
18050.5,0,0.000,71.806,0.000,49.191,8.847,0.030,19.631,18.617,36.376,0.005,0.204,56.995,0.560,0.000,77.981,2.893,35.409,0.000,155.781,3.701,1.746,0.300,0.005,58.156,0.4838,0.7909,1.1097,-0.0298,0,0.06947,0.1801,-0.2355,1.0820,0.4308,1,0.07860,-0.0345,-0.5693,1.0790,-0.1273,1,0.07324,-0.2464,-0.0940,-0.2994,-0.2548,0,0.98971,-0.3503,-0.6932,-0.2784,0.0710,1,0.09401,0.0973,0.2978,0.9793,0.2995,1,0.09790,0.0244,-0.0030,0.6868,0.622
18084.0,0,0.000,40.180,0.000,45.605,4.448,0.006,30.005,6.351,42.783,0.001,0.038,63.321,0.105,0.000,48.337,1.635,48.260,0.000,162.331,3.375,2.256,0.056,0.001,52.864,0.4920,0.7893,1.1000,-0.0072,1,0.06710,0.2025,-0.1721,1.0428,0.4500,1,0.05124,-0.0234,-0.5582,1.0667,-0.1133,1,0.08368,-0.2096,-0.0653,-0.2894,-0.2465,0,1.06975,-0.3280,-0.7361,-0.2757,0.0654,1,0.09946,0.0710,0.1625,0.9790,0.3015,1,0.09982,0.0253,-0.0683,0.6587,0.572
18117.0,0,0.000,53.510,0.000,47.985,4.494,0.753,24.523,1.905,39.165,0.000,0.007,60.493,1.384,0.000,48.772,0.833,51.320,0.000,157.233,2.519,2.274,2.264,0.000,29.788,0.4863,0.7804,1.0991,0.0656,0,0.19579,0.1944,-0.1551,0.9270,0.4825,1,0.04513,-0.0179,-0.5361,1.0517,-0.1066,1,0.08786,-0.1582,-0.0700,-0.2909,-0.2476,0,1.25502,-0.3182,-0.7735,-0.2920,0.0580,1,0.10576,0.0747,0.0983,0.9715,0.2895,1,0.09964,0.0268,-0.0972,0.7579,0.575
18150.5,0,0.000,86.751,0.000,51.526,9.906,0.200,6.112,9.492,36.474,0.000,0.001,51.246,1.743,0.000,69.788,1.768,47.183,0.000,161.437,3.052,1.764,3.113,0.000,26.221,0.4835,0.7838,1.1026,0.0865,0,0.24103,0.1516,-0.1839,0.8994,0.4821,1,0.05068,-0.0168,-0.5307,1.0538,-0.1493,1,0.07980,-0.1189,-0.0959,-0.3003,-0.2529,0,1.32095,-0.3143,-0.7986,-0.3131,0.0549,1,0.10587,0.0765,0.1241,1.0017,0.2862,1,0.09968,0.0266,-0.0736,0.8005,0.580
18184.0,0,0.000,56.124,0.000,49.495,6.006,0.037,1.145,14.400,48.048,0.000,0.000,26.690,0.326,0.000,70.540,2.259,49.720,0.000,163.167,3.379,0.469,3.158,0.000,27.819,0.4824,0.7838,1.1043,0.0746,0,0.08583,0.1684,-0.1596,1.0003,0.4581,1,0.07274,-0.0093,-0.5557,1.0758,-0.2134,1,0.06818,-0.1203,-0.0856,-0.3035,-0.2571,0,1.19929,-0.3181,-0.7971,-0.3051,0.0530,1,0.10294,0.0787,0.1753,1.0447,0.2867,1,0.09925,0.0266,-0.0425,0.6991,0.554
18217.0,0,0.000,40.793,0.000,48.230,3.251,0.007,4.273,8.476,67.342,0.000,8.050,17.988,0.063,0.000,70.252,2.271,51.940,0.000,156.123,3.022,0.090,6.156,0.000,16.389,0.4944,0.7931,1.1113,0.0818,1,0.06746,0.1900,-0.1213,1.0350,0.4507,1,0.06184,-0.0180,-0.5648,1.0845,-0.2436,1,0.05677,-0.1460,-0.0550,-0.3033,-0.2597,0,1.16957,-0.3341,-0.7923,-0.3018,0.0675,1,0.10382,0.0946,0.2230,1.0542,0.2900,1,0.09983,0.0274,-0.0223,0.6507,0.536
18250.5,0,0.000,71.207,0.000,51.141,5.505,2.070,37.424,8.104,60.713,0.000,1.508,40.852,3.365,0.000,71.794,2.350,49.310,0.000,154.228,3.646,0.017,8.348,0.000,18.097,0.4974,0.7926,1.1114,0.0860,1,0.06561,0.2024,-0.0740,1.0283,0.4854,1,0.04492,-0.0322,-0.5647,1.0950,-0.2203,1,0.05780,-0.1999,-0.0888,-0.3020,-0.2611,0,1.09838,-0.3505,-0.7795,-0.2996,0.0669,1,0.09819,0.1258,0.2809,1.0406,0.2912,1,0.09976,0.0274,0.0365,0.6340,0.541
18284.0,0,0.000,86.380,0.000,52.127,2.002,1.014,47.973,6.856,36.473,0.000,0.282,40.004,1.559,0.000,62.992,2.130,58.448,0.000,154.688,3.752,0.681,4.420,0.000,27.715,0.4876,0.7875,1.1129,0.0668,0,0.07108,0.1795,-0.0258,1.0088,0.4863,1,0.04429,-0.0517,-0.5526,1.0845,-0.1808,1,0.06625,-0.2335,-0.1173,-0.2972,-0.2610,0,1.11688,-0.3664,-0.7873,-0.2999,0.0533,1,0.10580,0.1388,0.2794,1.0404,0.2858,1,0.09893,0.0274,0.0594,0.6489,0.534
18317.0,0,0.000,46.481,0.000,46.551,1.067,0.195,37.634,3.306,34.122,0.000,0.054,39.799,0.299,0.000,54.422,1.574,62.831,0.000,160.894,4.032,2.420,1.605,0.000,35.705,0.4830,0.7836,1.1083,0.0476,0,0.19939,0.1429,-0.0131,0.9092,0.4893,1,0.04346,-0.0510,-0.5373,1.0663,-0.2036,1,0.07180,-0.2220,-0.0958,-0.2933,-0.2603,0,1.33154,-0.3715,-0.8200,-0.3229,0.0830,1,0.11996,0.1404,0.1915,1.0590,0.2797,1,0.10043,0.0279,0.0426,0.7426,0.517
18350.5,0,0.000,36.880,0.000,45.117,4.526,0.036,31.976,2.737,42.328,0.000,0.010,50.184,0.056,0.000,67.647,2.011,45.191,0.000,71.645,2.150,2.301,0.824,0.000,36.241,0.4815,0.7749,1.1012,0.0988,0,0.40610,0.1577,-0.0942,0.7688,0.5094,1,0.03960,-0.0397,-0.5237,1.0582,-0.2444,1,0.07478,-0.2079,-0.0585,-0.2954,-0.2609,0,1.56246,-0.3785,-0.8317,-0.3512,0.1161,1,0.12173,0.1417,0.0915,1.0615,0.2703,1,0.10520,0.0284,0.0217,0.8961,0.543
18384.0,0,0.000,72.829,0.000,48.476,11.483,0.007,20.997,10.578,55.200,0.000,3.825,33.670,3.025,0.000,85.492,2.404,36.759,0.000,103.944,3.574,0.630,0.990,0.000,36.222,0.4788,0.7787,1.0990,0.1409,0,0.42297,0.1798,-0.2056,0.7741,0.4767,1,0.04669,-0.0291,-0.5393,1.0502,-0.2536,1,0.07569,-0.2378,-0.0869,-0.3034,-0.2623,0,1.52103,-0.3795,-0.8168,-0.3640,0.1181,1,0.12059,0.1309,0.0864,1.0699,0.2658,1,0.10581,0.0279,0.0085,0.9226,0.565
18417.0,0,0.000,80.644,0.000,50.353,12.619,0.001,4.285,22.190,54.754,0.000,4.998,38.671,1.699,0.000,80.509,3.019,42.645,0.000,120.706,3.509,0.121,1.805,0.000,33.380,0.4653,0.7840,1.1026,0.1185,0,0.29877,0.1171,-0.2391,0.9088,0.4225,1,0.07810,-0.0296,-0.5606,1.0407,-0.2086,1,0.08155,-0.2843,-0.1165,-0.3034,-0.2632,0,1.36115,-0.3634,-0.8036,-0.3505,0.0949,1,0.11489,0.1208,0.1426,1.1093,0.2836,1,0.10398,0.0279,0.0018,0.8446,0.558
18450.5,0,0.000,36.170,0.000,45.798,7.590,0.000,4.499,11.438,41.246,0.000,0.936,45.444,0.318,0.000,71.443,2.861,37.967,0.000,101.874,2.322,0.023,3.608,1.103,13.716,0.4627,0.7794,1.1020,0.0475,0,0.20330,0.1161,-0.2330,0.9824,0.3641,1,0.06975,-0.0251,-0.5568,1.0316,-0.1588,1,0.08516,-0.2919,-0.0967,-0.2965,-0.2631,0,1.28357,-0.3533,-0.7970,-0.3308,0.0677,1,0.11384,0.1270,0.1932,1.1229,0.3122,1,0.10314,0.0276,-0.0013,0.7761,0.545
18484.0,0,0.000,32.347,0.000,46.174,7.573,0.000,20.833,6.641,41.197,0.000,0.175,46.627,0.060,0.000,68.853,2.017,44.008,0.000,133.286,3.156,0.004,7.322,11.117,5.943,0.4696,0.7677,1.0986,0.0871,0,0.17387,0.1637,-0.2365,1.0095,0.3546,1,0.04991,-0.0283,-0.5505,1.0470,-0.1155,1,0.06343,-0.2197,-0.0595,-0.2973,-0.2611,0,1.23343,-0.3541,-0.7678,-0.3268,0.0492,1,0.08771,0.1394,0.2578,0.9922,0.3262,0,0.10274,0.0278,-0.0025,0.7712,0.599
18517.0,0,0.000,68.691,0.000,49.025,13.262,0.288,31.302,29.389,38.049,0.000,0.034,50.907,2.998,0.000,78.974,1.647,53.009,0.000,99.845,2.424,0.001,6.095,17.322,4.930,0.4754,0.7750,1.0993,0.1409,1,0.07358,0.1852,-0.2599,1.1004,0.3816,1,0.05374,-0.0262,-0.5463,1.1057,-0.0900,1,0.05002,-0.0948,-0.0874,-0.3101,-0.2583,0,1.04104,-0.3713,-0.6913,-0.3042,0.0596,1,0.06168,0.1360,0.2854,0.6959,0.2965,0,0.17283,0.0255,-0.0028,0.7263,0.680
18550.5,0,0.000,74.878,0.000,50.754,10.781,0.054,10.836,29.837,29.923,0.000,0.006,50.531,1.216,0.000,69.193,1.908,58.099,0.000,119.817,2.422,0.000,5.375,3.517,10.538,0.4848,0.7924,1.1156,0.1285,1,0.07262,0.1895,-0.2829,1.1344,0.4168,1,0.07052,0.0040,-0.5279,1.1377,-0.1275,1,0.04404,-0.0131,-0.1095,-0.3143,-0.2570,0,0.97347,-0.3884,-0.6542,-0.2907,0.0846,1,0.06321,0.1356,0.2765,0.6143,0.2950,0,0.17569,0.0242,-0.0028,0.7116,0.710
18584.0,0,0.000,34.784,0.000,47.307,8.856,0.089,22.412,11.511,26.400,0.000,0.001,48.458,0.228,0.000,65.103,1.901,60.686,0.000,158.256,3.252,0.000,5.443,0.659,20.991,0.4907,0.7915,1.1161,0.1104,1,0.07209,0.2169,-0.2791,1.1185,0.4363,1,0.06560,0.0322,-0.5130,1.1507,-0.1806,1,0.04457,-0.0284,-0.0866,-0.3106,-0.2581,0,0.96804,-0.3978,-0.6520,-0.2866,0.0852,1,0.06485,0.1359,0.2826,0.7459,0.2781,1,0.09811,0.0234,-0.0028,0.7047,0.708
18617.0,0,0.000,36.317,0.000,47.835,8.422,0.148,28.765,5.664,15.181,0.000,0.000,46.446,0.341,0.000,75.624,2.681,39.883,0.000,73.235,1.548,0.000,4.953,0.127,16.188,0.4874,0.7752,1.1046,0.1414,0,0.09891,0.2338,-0.2625,1.0438,0.4644,1,0.04502,0.0420,-0.4930,1.1564,-0.2276,1,0.04760,-0.1040,-0.0621,-0.3054,-0.2607,0,1.03749,-0.3969,-0.6670,-0.2765,0.0659,1,0.07365,0.1402,0.2900,0.8267,0.2600,1,0.09778,0.0234,-0.0027,0.7354,0.690
18650.5,0,0.000,78.621,0.000,50.627,9.061,0.374,15.045,10.066,11.344,0.000,0.000,43.422,2.711,0.000,94.133,3.506,26.471,0.000,90.583,3.087,0.000,4.301,0.024,15.704,0.4826,0.7783,1.1044,0.1468,0,0.16049,0.2186,-0.2474,1.0137,0.4673,1,0.05047,0.0256,-0.4450,1.1724,-0.2536,1,0.04849,-0.1985,-0.0912,-0.3033,-0.2635,0,1.08011,-0.3998,-0.6777,-0.2677,0.0453,1,0.08101,0.1420,0.2893,0.8517,0.2703,0,0.09827,0.0236,-0.0029,0.7692,0.669
18684.0,0,0.000,76.776,0.000,50.151,9.600,0.070,3.070,16.067,12.551,0.000,0.000,65.221,0.644,0.000,68.856,2.577,27.358,0.000,122.943,3.532,0.000,4.837,0.004,14.657,0.4804,0.7837,1.1068,0.0930,0,0.11418,0.2098,-0.2140,1.0792,0.4440,1,0.07290,0.0045,-0.4193,1.1951,-0.2626,1,0.04786,-0.2433,-0.0976,-0.2985,-0.2638,0,1.03984,-0.3980,-0.6755,-0.2624,0.0344,1,0.08269,0.1398,0.2962,0.8639,0.2801,1,0.09796,0.0243,-0.0030,0.7212,0.643
18717.0,0,0.000,42.048,0.000,45.067,5.770,0.013,3.632,13.690,8.729,0.000,0.000,67.858,0.124,0.000,42.552,0.708,30.858,0.000,138.086,3.724,0.000,6.851,0.001,13.532,0.4834,0.7836,1.1051,0.0677,1,0.06687,0.2386,-0.1605,1.1330,0.4261,1,0.06842,-0.0189,-0.3936,1.2208,-0.2604,1,0.04621,-0.1719,-0.0697,-0.2996,-0.2603,0,1.07005,-0.3956,-0.6750,-0.2550,0.0318,1,0.08228,0.1354,0.2992,0.8619,0.2819,0,0.09782,0.0250,-0.0031,0.6662,0.620
18750.5,0,0.000,44.130,0.000,46.175,8.547,0.218,19.300,9.283,10.917,0.000,0.000,64.208,1.189,0.000,52.362,0.391,32.107,0.000,128.707,2.844,0.000,4.850,0.000,11.124,0.4844,0.7758,1.0999,0.1202,0,0.11632,0.2374,-0.1551,1.1229,0.4151,1,0.05438,-0.0382,-0.3669,1.2391,-0.2552,1,0.04777,-0.0233,-0.0698,-0.3199,-0.2560,0,1.21348,-0.3950,-0.6787,-0.2525,0.0393,1,0.08027,0.1364,0.2818,0.8201,0.2793,0,0.09791,0.0260,-0.0031,0.6944,0.625
18784.0,0,0.000,81.888,0.000,49.771,11.191,0.099,14.352,15.839,9.763,0.000,0.000,62.900,1.961,0.000,67.164,0.580,43.935,0.000,128.139,2.752,0.000,1.957,0.000,6.422,0.4834,0.7801,1.1012,0.1361,0,0.21325,0.1648,-0.2013,1.0963,0.4325,1,0.05648,-0.0556,-0.3398,1.2502,-0.2499,1,0.04446,0.1141,-0.0974,-0.3443,-0.2527,0,1.37604,-0.3957,-0.6946,-0.2550,0.0402,1,0.07171,0.1198,0.2416,0.7285,0.2801,1,0.09412,0.0255,-0.0031,0.7618,0.648
18817.0,0,0.000,59.547,0.000,49.189,6.730,0.019,4.149,17.308,3.224,0.000,0.000,70.327,0.377,0.000,61.382,0.560,51.618,0.000,151.880,3.055,0.000,0.432,0.000,4.059,0.4825,0.7826,1.1035,0.1097,0,0.22564,0.1413,-0.1951,1.1117,0.4433,1,0.06182,-0.0552,-0.2847,1.2753,-0.2414,1,0.04553,0.2223,-0.0902,-0.3579,-0.2497,0,1.48206,-0.3792,-0.7085,-0.2556,0.0641,1,0.06791,0.1002,0.1645,0.5930,0.2785,0,0.09779,0.0253,-0.0031,0.7693,0.656
18850.5,0,0.000,33.901,0.000,47.117,4.241,0.004,2.066,9.272,0.604,0.137,0.000,72.251,0.071,0.000,58.542,0.658,60.474,0.000,163.018,4.100,0.000,1.527,1.411,4.685,0.4831,0.7747,1.1016,0.0988,0,0.20939,0.2031,-0.1386,1.1139,0.4474,1,0.06282,0.0060,-0.1801,1.2922,-0.2363,1,0.04667,0.3035,-0.0589,-0.3601,-0.2475,0,1.57127,-0.3712,-0.7233,-0.2557,0.1129,1,0.07328,0.0875,0.1263,0.4543,0.2768,0,0.19936,0.0256,-0.0031,0.7486,0.636
18884.0,0,0.000,46.276,0.000,47.880,8.864,0.001,20.919,6.076,13.837,0.026,0.000,63.437,0.013,0.000,63.519,0.737,56.472,0.000,141.005,2.817,0.000,1.942,0.916,2.854,0.4832,0.7713,1.0993,0.1126,0,0.25624,0.2428,-0.1862,1.0355,0.4498,1,0.04566,0.0462,-0.2083,1.2646,-0.2508,1,0.04966,0.3265,-0.0329,-0.3595,-0.2491,0,1.64664,-0.3733,-0.7224,-0.2731,0.1584,1,0.07238,0.0835,0.1293,0.3485,0.2769,0,0.31798,0.0257,-0.0032,0.7993,0.651
18917.0,0,0.000,84.987,0.000,51.367,12.584,0.068,38.257,6.333,52.475,0.005,0.000,60.008,1.056,0.000,74.243,1.137,38.441,0.000,105.119,1.243,0.539,0.433,0.176,2.941,0.4817,0.7794,1.1036,0.1057,0,0.31098,0.2110,-0.3083,0.9397,0.4482,1,0.04340,0.0519,-0.3547,1.2035,-0.2813,1,0.05194,0.2770,-0.0454,-0.3567,-0.2528,0,1.61171,-0.3610,-0.7167,-0.3025,0.1470,1,0.07450,0.0875,0.0908,0.3263,0.2772,0,0.30078,0.0250,-0.0029,0.8806,0.694
18950.5,0,0.000,68.193,0.000,51.204,6.856,0.013,26.046,3.742,59.074,0.001,0.000,66.301,0.198,0.000,65.579,0.514,43.230,0.000,135.366,2.483,1.937,0.081,0.033,9.664,0.4808,0.7839,1.1085,0.0684,0,0.40298,0.1522,-0.3746,0.8271,0.4585,1,0.04122,0.0605,-0.4459,1.1472,-0.2988,1,0.06067,0.2029,-0.0481,-0.3625,-0.2537,0,1.63933,-0.3491,-0.7353,-0.3211,0.1008,1,0.08953,0.0979,0.0031,0.4858,0.2778,0,0.10174,0.0241,-0.0029,0.9680,0.713
18984.0,0,0.000,36.692,0.000,47.758,8.156,0.002,39.746,6.036,47.856,0.000,0.000,53.626,0.037,0.000,52.128,0.139,51.304,0.000,150.466,2.993,3.033,0.015,0.006,35.553,0.4819,0.7784,1.1070,0.0757,0,0.40675,0.1967,-0.3632,0.7937,0.4540,1,0.03942,0.0715,-0.4737,1.1163,-0.2935,1,0.06257,0.2088,-0.0336,-0.3739,-0.2510,0,1.68156,-0.3453,-0.7563,-0.3335,0.0861,1,0.09092,0.0681,-0.0147,0.6283,0.1861,1,0.09931,0.0237,-0.0028,0.9699,0.699
19017.0,0,0.000,41.882,0.000,48.628,18.511,0.000,35.468,12.320,53.367,0.000,0.000,27.118,0.007,0.000,48.938,0.027,50.998,0.000,156.027,2.983,2.247,0.003,0.001,43.946,0.4820,0.7734,1.1034,0.1572,0,0.29358,0.2858,-0.3567,0.8745,0.4379,1,0.04277,0.0814,-0.5042,1.1234,-0.2774,1,0.05350,0.2677,-0.0208,-0.3837,-0.2260,0,1.59966,-0.3456,-0.7289,-0.3246,0.0852,1,0.07296,0.0562,-0.0039,0.6928,0.1463,1,0.09621,0.0239,-0.0029,0.8997,0.705
19050.5,0,0.000,81.408,0.000,51.053,18.728,0.248,27.855,29.909,66.093,0.000,3.519,37.258,0.928,0.000,59.283,0.130,51.900,0.000,164.735,3.883,2.184,0.001,0.000,36.970,0.4807,0.7798,1.1042,0.1833,0,0.08048,0.3496,-0.3229,1.0303,0.4197,1,0.06407,0.0790,-0.5463,1.1414,-0.2474,1,0.05075,0.3004,-0.0381,-0.3917,-0.2191,0,1.35400,-0.3446,-0.6850,-0.2916,0.0711,1,0.06565,0.0596,0.0070,0.7224,0.1438,1,0.09657,0.0231,-0.0028,0.7522,0.690
19084.0,0,0.000,66.150,0.000,51.167,8.466,1.513,38.930,8.074,52.903,0.000,0.659,50.139,0.174,0.000,69.122,1.214,55.937,0.000,152.275,3.466,4.722,0.000,0.000,47.103,0.4913,0.7971,1.1108,0.1548,0,0.07476,0.3648,-0.2731,1.0502,0.4115,1,0.05029,0.0487,-0.5456,1.1336,-0.1847,1,0.06649,0.2376,-0.0427,-0.3790,-0.2327,0,1.29432,-0.3531,-0.6787,-0.2652,0.0821,1,0.07075,0.0446,-0.0281,0.7396,0.1405,1,0.09452,0.0241,-0.0029,0.7148,0.662
19117.0,0,0.000,37.982,0.000,48.867,4.950,2.530,63.378,3.191,41.983,0.000,0.127,43.553,0.033,0.000,71.090,1.385,52.069,0.000,96.128,2.065,6.294,0.000,0.000,56.167,0.4874,0.7833,1.1056,0.1133,0,0.16451,0.3457,-0.1884,0.9416,0.4570,1,0.04173,0.0262,-0.5316,1.0977,-0.1240,1,0.08583,0.1149,-0.0307,-0.3602,-0.2464,0,1.39181,-0.3537,-0.7102,-0.2614,0.1223,1,0.08974,0.0355,-0.1023,0.7420,0.1482,1,0.09586,0.0250,0.0449,0.7634,0.623
19150.5,0,0.000,53.796,0.000,50.344,12.116,5.359,70.326,4.272,59.743,0.000,12.292,26.267,0.275,0.000,76.217,1.600,56.925,0.000,42.388,0.844,7.313,1.008,0.000,50.492,0.4861,0.7783,1.1044,0.1065,0,0.34641,0.2844,-0.1768,0.8021,0.4750,1,0.04039,0.0290,-0.5000,1.0557,-0.1266,1,0.07785,-0.0083,-0.0271,-0.3475,-0.2550,0,1.55346,-0.3633,-0.7545,-0.2805,0.1639,1,0.10172,0.0290,-0.1448,0.7255,0.1552,1,0.10229,0.0260,0.0635,0.8778,0.608
19184.0,0,0.000,85.280,0.000,52.044,3.434,3.841,44.532,8.814,63.246,0.000,4.742,23.073,1.349,0.000,85.866,2.372,52.652,0.000,13.355,0.285,3.566,0.252,0.000,53.334,0.4847,0.7830,1.1072,0.0880,0,0.33194,0.2078,-0.0906,0.8128,0.4870,1,0.04059,0.0299,-0.4835,1.0529,-0.1206,1,0.06776,-0.1028,-0.0539,-0.3365,-0.2596,0,1.47996,-0.3685,-0.7659,-0.2647,0.1879,1,0.10075,0.0308,-0.1311,0.7309,0.1489,1,0.10713,0.0262,0.0444,0.8505,0.586
19217.0,0,0.000,49.304,0.000,50.083,0.659,0.880,28.231,11.330,61.936,0.000,2.786,24.459,0.259,0.000,77.655,2.492,52.050,0.000,20.511,0.178,1.905,0.048,0.000,61.332,0.4840,0.7829,1.1075,0.0851,0,0.16197,0.1572,0.0276,0.9371,0.4663,1,0.04029,0.0149,-0.4970,1.0776,-0.0996,1,0.06387,-0.1309,-0.0579,-0.3242,-0.2618,0,1.30126,-0.3657,-0.7584,-0.2415,0.1758,1,0.09433,0.0404,-0.0972,0.7437,0.1343,1,0.11149,0.0269,0.0227,0.7158,0.559
19250.5,0,0.000,31.041,0.000,48.210,2.619,0.165,25.655,9.222,56.946,0.000,0.522,49.922,0.049,0.000,59.547,1.491,50.804,0.000,47.760,1.394,2.969,0.009,0.000,62.030,0.4862,0.7749,1.1041,0.1184,1,0.06558,0.1858,0.0532,1.0128,0.4432,1,0.03853,0.0021,-0.5163,1.1018,-0.0792,1,0.07041,-0.1356,-0.0398,-0.3156,-0.2616,0,1.19730,-0.3524,-0.7410,-0.2163,0.1422,1,0.08588,0.0504,-0.0829,0.7613,0.1330,1,0.09925,0.0273,0.0089,0.6439,0.554
19284.0,0,0.000,65.028,0.000,50.586,8.083,0.031,26.181,16.284,39.402,0.369,0.098,54.236,2.796,0.000,61.810,1.410,55.799,0.000,129.143,3.161,3.126,0.002,0.000,56.986,0.4968,0.7905,1.1004,0.1555,0,0.06608,0.1743,-0.0236,1.0737,0.3955,1,0.04967,-0.0010,-0.5369,1.1169,-0.0677,1,0.07641,-0.1401,-0.0762,-0.3124,-0.2603,0,1.12597,-0.3368,-0.7274,-0.2070,0.1088,1,0.07733,0.0598,-0.0638,0.7743,0.1463,1,0.09386,0.0275,0.0019,0.6383,0.566
19317.0,0,0.000,87.118,0.000,52.620,9.923,0.006,22.969,22.187,31.929,0.071,0.019,42.752,1.809,0.000,63.836,1.671,55.387,0.000,152.092,3.110,3.561,1.392,0.000,41.244,0.4946,0.7928,1.1095,0.1349,1,0.06670,0.1822,-0.1017,1.1050,0.4186,1,0.07195,-0.0067,-0.5426,1.1368,-0.0969,1,0.06684,-0.1535,-0.1121,-0.3100,-0.2596,0,1.06371,-0.3328,-0.7172,-0.2053,0.0832,1,0.06978,0.0639,-0.0323,0.7790,0.1593,1,0.09265,0.0271,-0.0011,0.6473,0.584
19350.5,0,0.000,44.027,0.000,47.664,8.394,0.145,26.651,8.958,44.937,0.013,0.004,40.677,0.339,0.000,64.763,1.719,53.766,0.000,161.724,3.433,1.580,2.492,0.000,22.669,0.4881,0.7851,1.1087,0.0878,0,0.07706,0.2023,-0.1623,1.0799,0.4360,1,0.06361,-0.0101,-0.5507,1.1625,-0.1630,1,0.06183,-0.1629,-0.0966,-0.3099,-0.2588,0,1.07063,-0.3403,-0.7030,-0.2046,0.0712,1,0.06909,0.0725,0.0251,0.7881,0.1670,1,0.09645,0.0261,-0.0023,0.6819,0.611
19384.0,0,0.000,33.113,0.000,46.004,8.334,0.027,51.925,2.725,49.165,0.002,0.001,45.153,0.063,0.000,69.214,1.787,56.245,0.000,170.308,3.976,1.753,2.523,0.000,25.076,0.4858,0.7732,1.1022,0.0949,0,0.29415,0.2000,-0.2547,0.8908,0.4561,1,0.04513,0.0010,-0.5520,1.1369,-0.2308,1,0.08064,-0.1592,-0.0611,-0.3127,-0.2587,0,1.34317,-0.3557,-0.7321,-0.2219,0.0647,1,0.08768,0.0852,0.0690,0.8838,0.2044,1,0.09706,0.0263,-0.0029,0.8532,0.626
19417.0,0,0.000,64.600,0.000,48.626,11.132,0.005,47.322,3.224,42.693,0.000,0.000,46.596,1.910,0.000,47.901,1.330,48.139,0.000,168.864,4.807,2.980,0.542,0.000,45.119,0.4842,0.7756,1.1008,0.1504,0,0.55087,0.1932,-0.3762,0.7082,0.4495,1,0.03964,0.0051,-0.5292,1.0935,-0.2658,1,0.07643,-0.1679,-0.0750,-0.3027,-0.2600,0,1.56820,-0.3817,-0.7679,-0.2799,0.0520,1,0.09953,0.0761,0.0535,0.9127,0.1937,1,0.10280,0.0260,-0.0030,1.0362,0.643
19450.5,0,0.000,85.615,0.000,51.085,13.257,0.001,15.557,20.270,36.917,0.000,0.000,44.643,1.063,0.000,15.985,0.694,32.484,0.000,165.290,6.037,3.360,0.101,0.000,57.335,0.4819,0.7828,1.1049,0.1469,0,0.47487,0.1978,-0.3582,0.8173,0.4281,1,0.07815,-0.0026,-0.5304,1.1051,-0.2647,1,0.06902,-0.2145,-0.0917,-0.2474,-0.2609,0,1.44131,-0.3773,-0.7628,-0.2883,0.0576,1,0.09063,0.0558,0.0392,0.9269,0.2014,1,0.10035,0.0259,-0.0031,0.9760,0.626
19484.0,0,0.000,55.934,0.000,49.087,9.158,0.000,6.049,20.468,49.183,0.190,1.189,37.397,0.199,0.000,22.067,0.944,38.122,0.000,158.478,5.520,2.139,0.019,0.000,44.580,0.4815,0.7832,1.1059,0.1050,0,0.28501,0.2311,-0.2771,0.9578,0.4125,1,0.09459,0.0023,-0.5529,1.1353,-0.2658,1,0.06798,-0.2619,-0.0735,-0.1961,-0.2460,0,1.25519,-0.3608,-0.7412,-0.2544,0.0622,1,0.08108,0.0520,0.0274,0.9389,0.2390,1,0.09785,0.0259,-0.0032,0.8355,0.595
19517.0,0,0.000,45.021,0.000,48.924,7.280,0.000,18.185,9.194,65.942,0.036,24.350,14.308,0.038,0.000,40.647,1.297,46.166,0.000,160.256,5.554,1.665,0.131,0.000,28.778,0.4830,0.7780,1.1036,0.1316,0,0.15031,0.2548,-0.2076,1.0051,0.4173,1,0.07524,0.0163,-0.5926,1.1306,-0.2636,1,0.06114,-0.2924,-0.0451,-0.2013,-0.2424,0,1.16226,-0.3525,-0.7281,-0.2248,0.0592,1,0.08263,0.0741,0.0170,0.9372,0.2488,1,0.09894,0.0270,-0.0033,0.7326,0.566
19550.5,0,0.000,74.483,0.000,51.287,8.278,0.102,41.520,8.575,70.297,0.007,6.937,36.462,3.491,0.000,78.598,2.454,49.837,0.000,168.029,4.248,1.456,0.085,0.000,37.620,0.4833,0.7806,1.1045,0.1639,0,0.18858,0.2061,-0.2099,0.9698,0.4269,1,0.06846,0.0158,-0.6002,1.1201,-0.2386,1,0.07471,-0.3103,-0.0843,-0.2420,-0.2511,0,1.17523,-0.3540,-0.7314,-0.2295,0.0916,1,0.08637,0.0905,0.0151,0.9386,0.2288,1,0.09887,0.0275,-0.0032,0.7586,0.570
19584.0,0,0.000,79.624,0.000,52.162,7.057,0.019,37.526,8.764,47.785,0.001,1.299,53.471,1.112,0.000,82.581,2.893,56.370,0.000,172.110,4.029,3.650,0.016,0.000,58.479,0.4826,0.7844,1.1077,0.1364,0,0.27362,0.1320,-0.2218,0.9138,0.4225,1,0.05700,0.0012,-0.5805,1.1020,-0.1934,1,0.08659,-0.3112,-0.1083,-0.2740,-0.2584,0,1.25827,-0.3581,-0.7524,-0.2516,0.1386,1,0.09132,0.0772,-0.0099,0.9420,0.2123,1,0.09973,0.0271,-0.0034,0.8142,0.572
19617.0,0,0.000,43.309,0.000,48.419,9.496,0.810,29.312,4.556,30.529,0.000,0.250,49.676,0.214,0.000,72.833,2.638,58.565,0.000,171.967,4.051,2.811,0.003,0.000,61.510,0.4828,0.7811,1.1064,0.1085,0,0.38998,0.1314,-0.2472,0.8207,0.4376,1,0.04411,-0.0047,-0.5535,1.0755,-0.1496,1,0.09349,-0.2719,-0.0845,-0.2874,-0.2614,0,1.41229,-0.3654,-0.7765,-0.2742,0.1640,1,0.09581,0.0652,-0.0364,0.9329,0.2220,1,0.10041,-0.0088,0.1196,0.8959,0.581
19650.5,0,0.000,43.007,0.000,48.102,9.631,0.457,22.492,10.243,43.730,0.000,0.047,57.906,0.786,0.000,73.762,2.593,54.905,0.000,169.268,3.927,2.435,0.205,0.000,41.824,0.4834,0.7764,1.1028,0.1432,0,0.40176,0.2009,-0.2589,0.8265,0.4164,1,0.05390,0.0011,-0.5399,1.0657,-0.1173,1,0.09356,-0.2163,-0.0711,-0.2921,-0.2626,0,1.46352,-0.3656,-0.7863,-0.2840,0.1472,1,0.09312,0.0669,-0.0286,0.9327,0.2381,1,0.10152,-0.0221,0.1257,0.9064,0.585
19684.0,0,0.000,80.667,0.000,50.829,14.864,0.086,20.481,26.107,38.327,0.000,0.009,56.330,2.971,0.000,85.572,3.060,47.225,0.000,167.922,3.783,0.937,2.167,0.000,20.744,0.4825,0.7814,1.1038,0.1580,0,0.29502,0.2686,-0.2550,0.9468,0.3936,1,0.09574,0.0063,-0.5483,1.0868,-0.1091,1,0.08649,-0.1923,-0.1045,-0.2957,-0.2639,0,1.33272,-0.3580,-0.7663,-0.2681,0.1315,1,0.08032,0.0850,0.0515,0.9549,0.2536,1,0.09964,-0.0070,0.0592,0.8426,0.592
19717.0,0,0.000,72.903,0.000,49.993,7.703,0.016,10.593,14.827,21.542,0.000,0.002,48.462,0.713,0.000,78.051,3.028,42.753,0.000,161.038,3.395,0.180,3.262,0.000,29.576,0.4820,0.7849,1.1052,0.1334,0,0.17987,0.2765,-0.2176,1.0166,0.3852,1,0.09097,0.0121,-0.5639,1.1153,-0.1543,1,0.07960,-0.1986,-0.1084,-0.2952,-0.2646,0,1.23283,-0.3557,-0.7567,-0.2456,0.1255,1,0.08262,0.0921,0.1491,1.0135,0.2699,1,0.09869,0.0089,0.0211,0.7652,0.575
19750.5,0,0.000,37.272,0.000,45.726,3.966,0.003,18.398,4.530,9.719,0.000,0.000,48.018,0.134,0.000,39.675,1.755,38.652,0.000,154.966,3.307,0.034,4.660,0.000,40.464,0.4835,0.7793,1.1019,0.1258,0,0.21606,0.2657,-0.1702,0.9704,0.3923,1,0.04862,0.0096,-0.5184,1.1505,-0.2072,1,0.07562,-0.1305,-0.0757,-0.2750,-0.2630,0,1.34183,-0.3549,-0.7701,-0.2330,0.1070,1,0.09032,0.0920,0.2194,1.0585,0.2667,1,0.09896,0.0191,0.0052,0.7768,0.561
19784.0,0,0.000,38.735,0.000,46.795,7.851,0.001,20.194,2.756,3.304,0.000,0.000,36.073,0.593,0.000,7.431,0.329,37.478,0.000,160.074,3.842,0.006,6.136,0.000,37.733,0.4842,0.7711,1.0987,0.1315,0,0.50106,0.2200,-0.2368,0.8035,0.4362,1,0.04388,0.0205,-0.3733,1.1623,-0.2439,1,0.06435,0.0411,-0.0597,-0.2113,-0.2578,0,1.68699,-0.3851,-0.7943,-0.2503,0.0774,1,0.09768,0.0912,0.2539,1.0869,0.2598,1,0.10305,0.0242,-0.0005,0.9525,0.572
19817.0,0,0.000,78.868,0.000,50.147,14.293,0.063,17.599,7.476,20.658,0.000,0.000,31.899,1.873,0.000,3.070,0.063,40.923,0.000,162.547,4.274,0.001,26.452,0.000,36.504,0.4818,0.7781,1.1011,0.1113,0,0.66412,0.1548,-0.3588,0.7386,0.4680,1,0.04582,-0.0010,-0.3431,1.1717,-0.2609,1,0.05341,0.1787,-0.0820,-0.1400,-0.2526,0,1.78067,-0.4260,-0.7757,-0.2765,0.0470,1,0.07521,0.1055,0.4645,1.1197,0.2667,0,0.10339,0.0249,-0.0022,1.0683,0.626
19850.5,0,0.000,59.876,0.000,49.162,10.361,0.012,8.525,10.421,30.552,0.000,0.000,56.311,0.351,0.000,2.893,0.012,50.391,0.000,163.328,4.642,0.000,36.204,0.000,42.821,0.4752,0.7822,1.1037,0.0858,0,0.60559,0.1459,-0.3957,0.8077,0.4564,1,0.06780,-0.0313,-0.3994,1.1887,-0.2679,1,0.05519,0.1895,-0.0796,-0.0946,-0.2500,0,1.64531,-0.4398,-0.7330,-0.2743,0.0716,1,0.07045,0.1334,0.6406,1.1356,0.2704,0,0.10051,0.0246,-0.0027,1.0576,0.673
19884.0,0,0.000,35.761,0.000,46.912,6.197,0.002,16.733,6.698,23.757,0.000,0.000,59.909,0.066,0.000,4.112,0.002,53.675,0.000,91.394,2.797,0.000,12.642,0.000,31.992,0.4750,0.7753,1.1017,0.1061,0,0.50729,0.1939,-0.3578,0.8383,0.4533,1,0.05516,-0.0344,-0.4455,1.1942,-0.2754,1,0.05576,0.0969,-0.0535,-0.0803,-0.2497,0,1.49945,-0.4344,-0.7091,-0.2611,0.1266,1,0.06988,0.1597,0.6784,1.1360,0.2738,0,0.10485,0.0240,-0.0028,1.0093,0.683
19917.0,0,0.000,56.552,0.000,49.028,8.856,0.000,26.643,13.965,32.646,0.000,0.000,58.615,1.256,0.000,29.752,0.000,40.329,0.000,88.376,2.657,0.000,4.932,0.000,19.431,0.4782,0.7754,1.1015,0.1570,0,0.38484,0.2391,-0.3165,0.9120,0.4342,1,0.07042,-0.0251,-0.4937,1.1942,-0.2793,1,0.05374,0.0072,-0.0617,-0.1520,-0.2512,0,1.37541,-0.4182,-0.6964,-0.2482,0.1312,1,0.07174,0.1737,0.5978,1.0996,0.2807,1,0.09756,0.0246,-0.0029,0.9346,0.681
19950.5,0,0.000,86.233,0.000,51.823,10.047,0.000,10.526,27.231,40.693,0.000,0.000,58.614,0.852,0.000,46.164,0.237,41.933,0.000,118.582,2.679,0.634,2.553,0.000,10.801,0.4797,0.7820,1.1063,0.1534,0,0.23674,0.2159,-0.2797,1.0063,0.4131,1,0.08426,-0.0126,-0.5472,1.1929,-0.2794,1,0.05293,-0.0221,-0.0750,-0.2475,-0.2525,0,1.26131,-0.3967,-0.6972,-0.2384,0.1012,1,0.07019,0.1703,0.4430,0.9969,0.2899,0,0.09796,0.0245,-0.0030,0.8344,0.669
