t_ms,threat,lf_depress,lf_levate,lf_tibia_ext,lf_tibia_flex,lm_depress,lm_levate,lm_tibia_ext,lm_tibia_flex,lh_depress,lh_levate,lh_tibia_ext,lh_tibia_flex,rf_depress,rf_levate,rf_tibia_ext,rf_tibia_flex,rm_depress,rm_levate,rm_tibia_ext,rm_tibia_flex,rh_depress,rh_levate,rh_tibia_ext,rh_tibia_flex,joint_lf_ThC_pro,joint_lf_CTr,joint_lf_FTi,joint_lf_TiTa,stance_lf,foot_h_lf,joint_lm_ThC_pro,joint_lm_CTr,joint_lm_FTi,joint_lm_TiTa,stance_lm,foot_h_lm,joint_lh_ThC_pro,joint_lh_CTr,joint_lh_FTi,joint_lh_TiTa,stance_lh,foot_h_lh,joint_rf_ThC_pro,joint_rf_CTr,joint_rf_FTi,joint_rf_TiTa,stance_rf,foot_h_rf,joint_rm_ThC_pro,joint_rm_CTr,joint_rm_FTi,joint_rm_TiTa,stance_rm,foot_h_rm,joint_rh_ThC_pro,joint_rh_CTr,joint_rh_FTi,joint_rh_TiTa,stance_rh,foot_h_rh,head_yaw,head_roll,thorax_z_mm
25.0,0,0.000,0.000,0.000,0.000,0.000,0.000,0.000,0.245,0.000,0.000,0.000,2.659,0.000,0.000,0.000,0.000,0.000,0.000,0.000,0.000,0.000,0.000,0.000,0.352,0.0000,0.0000,0.0000,0.0000,0,0.00000,0.0000,0.0000,0.0000,0.0000,0,0.00000,0.0000,0.0000,0.0000,0.0000,0,0.00000,0.0000,0.0000,0.0000,0.0000,0,0.00000,0.0000,0.0000,0.0000,0.0000,0,0.00000,0.0000,0.0000,0.0000,0.0000,0,0.00000,0.0000,0.0000,0.0000
58.0,0,0.000,0.000,0.000,0.637,0.856,0.000,0.000,6.548,0.000,0.000,0.000,12.277,0.000,0.000,0.000,0.000,0.000,0.000,0.000,0.000,0.000,0.000,0.000,2.185,-0.0047,0.0636,0.0395,-0.0097,1,0.06329,0.0309,0.1038,0.2372,0.0165,1,0.06658,-0.1683,0.1977,0.2788,0.1031,1,0.08821,0.0430,0.0890,-0.0272,-0.0233,1,0.05645,0.0301,0.1221,-0.0221,-0.0170,1,0.05991,-0.1314,0.2019,0.0449,0.0701,1,0.08322,-0.0013,0.0006,0.9937
92.0,0,0.000,6.721,0.000,2.452,0.230,0.092,0.000,11.174,6.503,0.000,0.000,13.327,4.758,0.000,0.000,0.955,0.000,7.797,0.000,0.000,0.176,1.319,0.000,3.927,-0.0271,0.2183,0.1544,-0.0127,1,0.05905,0.0635,0.1681,0.4774,0.0043,1,0.06028,-0.2864,0.1945,0.4292,0.1929,1,0.08333,0.1520,0.1712,-0.0792,-0.0382,1,0.03145,0.0314,0.2985,-0.0758,-0.0265,1,0.04583,-0.2140,0.3493,0.1152,0.1131,1,0.07357,-0.0040,0.0009,0.8133
121.5,0,0.000,24.938,0.000,1.165,0.053,0.021,0.000,5.275,7.457,3.582,0.000,12.911,2.426,0.000,0.000,0.410,0.000,2.992,0.000,0.000,0.040,1.709,0.000,5.338,-0.0424,0.4269,0.2250,-0.0039,0,0.14935,0.0778,0.2090,0.5586,-0.0286,1,0.05651,-0.3085,0.1759,0.4751,0.2304,1,0.08148,0.2120,0.1990,-0.1144,-0.0524,1,0.02239,0.0305,0.3835,-0.0797,-0.0295,1,0.04253,-0.2323,0.4070,0.2392,0.1450,1,0.06860,0.0554,0.0012,0.7207
151.5,0,0.000,5.616,0.000,0.408,0.012,1.174,10.799,2.023,3.122,8.870,0.000,7.898,1.007,0.000,0.000,0.248,0.000,0.668,0.000,0.000,0.773,1.486,0.000,8.454,-0.0329,0.5152,0.2000,-0.0004,0,0.15447,0.0767,0.2593,0.4900,-0.0411,1,0.05002,-0.2683,0.3225,0.5319,0.2812,0,0.08182,0.2106,0.2023,-0.1109,-0.0638,1,0.02763,0.0314,0.3560,-0.0522,-0.0292,1,0.04353,-0.2368,0.4087,0.4037,0.1873,1,0.07116,0.1346,0.0435,0.6809
184.0,0,1.703,1.106,0.000,0.080,0.002,0.290,18.999,0.471,0.615,4.927,0.000,2.387,0.198,7.143,0.000,0.917,2.134,0.131,0.000,10.289,0.152,1.418,0.000,13.475,0.0115,0.4485,0.1052,-0.0166,1,0.04720,0.0648,0.2774,0.2288,0.1108,1,0.05217,-0.1746,0.4650,0.4907,0.3346,1,0.08171,0.1368,0.3061,-0.0265,-0.0385,1,0.03185,0.0638,0.3197,0.2130,-0.0789,1,0.04867,-0.2621,0.3701,0.6087,0.2133,1,0.07640,0.1581,0.0646,0.6470
217.0,0,6.856,0.212,0.000,0.015,0.000,0.056,21.068,0.090,0.118,4.480,0.000,0.489,0.038,17.289,0.000,0.176,10.985,0.025,0.000,33.815,0.029,8.669,0.000,19.873,0.0751,0.2465,-0.0084,-0.0511,1,0.03934,0.0402,0.2157,-0.0264,0.2086,1,0.05526,-0.1173,0.5210,0.3430,0.3640,1,0.08513,0.0461,0.4421,0.0412,-0.0055,0,0.25392,0.0990,0.2048,0.5330,-0.1577,1,0.03952,-0.2728,0.4429,0.7700,0.1953,1,0.08034,0.1212,0.0478,0.7335
250.5,0,3.420,0.040,0.000,0.215,5.403,0.010,21.296,0.017,0.022,10.653,0.000,0.435,0.007,3.582,0.000,0.033,10.451,0.005,0.000,57.211,0.005,3.724,0.000,16.931,0.0674,0.0717,-0.0697,-0.0687,1,0.03801,0.0350,0.1228,-0.1914,0.1946,1,0.05802,-0.0927,0.5900,0.2104,0.3349,1,0.08874,0.0118,0.4627,0.0402,-0.0233,0,0.69200,0.0810,0.0045,0.7230,-0.1946,1,0.05224,-0.2797,0.4817,0.8475,0.1293,0,0.08777,0.0725,0.0261,0.9283
284.0,0,3.926,0.007,0.000,0.106,7.008,0.002,67.457,0.003,0.004,36.096,0.000,0.081,0.001,0.671,0.000,0.006,14.925,0.001,0.000,21.233,0.001,0.698,0.000,4.624,0.0630,-0.0151,-0.1004,-0.0735,1,0.04858,0.0397,0.0753,-0.2970,0.1309,1,0.05317,-0.0562,0.6899,0.1219,0.2447,1,0.08834,0.0003,0.3375,0.0255,-0.0550,0,0.96728,0.0362,-0.1844,0.8469,-0.1824,1,0.07129,-0.2924,0.4088,0.8220,0.1095,1,0.09538,0.0882,0.0118,1.0837
317.0,0,0.754,0.001,0.000,0.020,1.346,0.000,40.493,0.001,0.001,11.118,0.000,1.253,0.000,0.129,0.000,0.001,28.552,0.000,0.000,4.078,0.000,0.188,0.000,1.108,0.0616,-0.0053,-0.0948,-0.0656,1,0.05625,0.0445,0.0898,-0.3641,0.0849,1,0.05757,-0.0624,0.7411,0.1033,0.1385,1,0.08568,-0.0038,0.1901,0.0149,-0.0868,0,1.04323,0.0029,-0.3359,0.8393,-0.1515,1,0.07845,-0.2641,0.3020,0.6639,0.1315,1,0.09947,0.0920,0.0044,1.1418
350.5,0,0.141,0.000,0.000,0.004,0.252,0.000,9.177,0.000,0.000,2.083,4.166,2.513,0.000,2.570,0.000,0.675,28.815,0.000,0.000,3.888,0.000,0.035,0.000,1.631,0.0752,0.0244,-0.0688,-0.0479,1,0.05580,0.0471,0.1456,-0.3377,0.0690,1,0.05777,-0.1056,0.7278,0.1012,0.0514,1,0.07938,-0.0051,0.1636,0.0422,-0.0883,0,1.07363,0.0054,-0.4146,0.7210,-0.0992,1,0.08307,-0.1933,0.2129,0.4690,0.1183,1,0.09751,0.0680,0.0008,1.1417
384.0,0,0.026,0.000,0.000,0.001,0.047,0.000,1.719,7.446,0.000,0.390,0.780,1.540,0.000,9.802,0.000,7.631,17.468,0.000,0.000,7.217,0.000,0.007,0.000,1.464,0.2020,0.0248,0.0110,-0.0121,1,0.05868,0.0714,0.2260,-0.0752,0.0508,1,0.05647,-0.1610,0.6133,0.0967,0.0102,1,0.07262,0.1426,0.2884,0.2580,-0.0591,0,1.01572,0.0335,-0.3795,0.5699,-0.0250,1,0.08108,-0.1371,0.1766,0.3358,0.0733,1,0.09199,0.0435,-0.0008,1.0849
417.0,0,0.005,0.000,0.000,0.000,0.009,0.215,0.330,43.409,0.000,0.645,0.150,16.586,0.000,3.352,0.000,24.914,6.351,0.000,0.000,6.256,0.000,0.001,0.000,2.098,0.3421,0.0031,0.0988,0.0301,1,0.06587,0.1096,0.3135,0.3587,0.0416,0,0.06322,-0.2356,0.5186,0.3790,-0.0500,0,0.07329,0.3093,0.3383,0.6407,0.0182,0,0.54340,0.0862,-0.2784,0.4259,0.0309,1,0.07246,-0.0934,0.1871,0.2490,0.0211,1,0.08686,0.0268,-0.0011,1.0297
450.5,0,0.001,0.000,2.648,0.000,0.002,0.040,0.062,61.923,0.000,0.710,0.028,30.241,0.000,12.040,0.000,39.724,17.717,0.000,0.000,1.679,0.000,0.000,0.000,2.535,0.4160,-0.0224,0.1119,0.0499,1,0.07004,0.2603,0.3416,0.6296,0.0434,1,0.06663,-0.2805,0.4627,0.6391,-0.1023,1,0.07373,0.4067,0.4369,0.9138,0.0996,0,0.34448,0.1250,-0.2923,0.2964,0.0936,1,0.07573,-0.0620,0.1783,0.1763,0.1501,1,0.08882,0.0163,-0.0009,1.0233
484.0,0,0.000,0.000,6.240,0.000,0.000,4.511,0.012,62.771,0.000,1.703,0.005,26.134,0.000,10.661,0.000,38.323,21.173,0.000,0.000,4.168,0.000,0.000,0.000,2.607,0.4472,-0.0235,0.0732,0.0522,1,0.06703,0.4288,0.4377,0.7684,0.0729,1,0.07876,-0.2967,0.4625,0.7788,-0.1248,1,0.07320,0.4520,0.5211,1.0328,0.1252,0,0.35555,0.1357,-0.3632,0.2574,0.1504,1,0.08010,-0.0387,0.1434,0.1759,0.2506,1,0.09267,0.0119,-0.0008,1.0261
517.0,0,0.000,0.000,11.177,0.000,0.000,14.282,0.002,62.152,0.000,1.859,0.001,14.189,0.000,4.178,0.000,31.141,9.935,0.000,0.000,3.613,0.000,0.000,0.000,2.369,0.4575,-0.0031,0.0162,0.0484,1,0.06451,0.5294,0.5986,0.8542,0.1070,1,0.08316,-0.3053,0.4736,0.8049,-0.0574,1,0.07199,0.4712,0.5013,1.0723,0.1407,0,0.33973,0.1408,-0.3917,0.2632,0.2001,1,0.08184,-0.0249,0.1113,0.2117,0.2712,1,0.09483,0.0116,-0.0010,1.0155
550.5,0,0.000,0.491,24.279,0.000,0.000,6.570,0.000,53.890,0.000,2.234,0.000,3.170,0.000,3.018,0.000,16.224,18.588,0.000,0.000,6.636,0.000,0.000,0.000,1.771,0.5105,0.0128,-0.1495,0.0169,0,0.33422,0.5640,0.6956,0.9139,0.1574,1,0.08524,-0.3150,0.4613,0.6844,0.1869,1,0.07464,0.4791,0.4244,1.0574,0.1828,0,0.35913,0.1271,-0.4159,0.3376,0.2145,1,0.08775,-0.0286,0.0792,0.2252,0.2550,1,0.09485,0.0126,0.0732,1.0431
584.0,0,0.000,0.783,31.316,0.000,0.000,1.454,0.000,22.430,0.000,0.879,0.000,0.678,0.000,2.527,0.000,3.707,26.095,0.000,0.000,23.582,0.000,0.000,0.000,1.219,0.5236,0.0417,-0.2545,0.0066,0,0.54643,0.5534,0.6577,0.8763,0.1707,1,0.08747,-0.3182,0.4285,0.4712,0.3415,1,0.07442,0.4817,0.3415,0.9204,0.2172,0,0.50825,0.1153,-0.4472,0.5609,0.2063,1,0.09516,-0.0350,0.0490,0.2407,0.2431,1,0.09384,0.0143,0.1087,1.0921
617.0,0,0.000,1.043,31.045,0.000,0.000,0.279,0.000,4.894,0.000,2.693,0.000,0.130,0.000,2.146,0.000,0.712,31.025,0.000,0.000,39.505,0.000,0.000,0.000,9.737,0.5248,0.0696,-0.3084,0.0174,0,0.63368,0.5060,0.5515,0.7468,0.1745,1,0.08705,-0.3029,0.4372,0.2656,0.3705,1,0.07224,0.4818,0.2710,0.6420,0.2152,0,0.80939,0.1235,-0.5029,0.7719,0.1777,1,0.10174,-0.0840,0.0846,0.4621,0.2179,1,0.09394,0.0161,0.0836,1.1260
650.5,0,0.000,1.373,34.325,0.000,0.000,0.052,0.000,0.917,0.000,4.276,0.000,0.618,0.000,0.520,0.000,0.133,29.241,0.000,0.000,27.175,0.000,0.298,0.000,45.631,0.5250,0.0953,-0.3364,0.0259,0,0.67369,0.4127,0.4393,0.5221,0.1914,1,0.08605,-0.2637,0.4908,0.1489,0.3142,1,0.07499,0.4814,0.1863,0.3582,0.2070,0,1.06213,0.1593,-0.5725,0.9070,0.1303,1,0.10836,-0.1686,0.1730,0.7620,0.1918,1,0.09723,0.0178,0.0468,1.1480
684.0,0,0.000,2.424,33.141,0.000,0.000,0.010,5.576,0.172,0.000,2.667,0.000,1.265,0.000,0.974,0.000,0.055,14.051,0.000,0.000,7.749,0.000,1.669,0.000,63.043,0.5273,0.1286,-0.3496,0.0316,0,0.78994,0.2448,0.3575,0.2659,0.2751,1,0.08689,-0.2193,0.4815,0.1031,0.2458,1,0.08111,0.4812,0.1343,0.1760,0.2021,0,1.16486,0.1902,-0.6014,0.9250,0.1578,1,0.10985,-0.2205,0.2766,0.9094,0.2042,1,0.10053,0.0181,0.0217,1.1861
717.0,0,0.000,2.015,14.896,0.000,0.000,0.002,54.809,0.033,0.000,0.850,0.000,9.958,0.000,0.374,0.000,0.011,2.699,0.000,0.000,1.488,0.000,0.438,0.000,58.509,0.5282,0.1490,-0.3193,0.0424,0,0.87695,0.0598,0.2784,-0.0169,0.3639,1,0.08909,-0.2396,0.4505,0.2653,0.2676,1,0.08533,0.4806,0.0961,0.0823,0.1928,0,1.14262,0.2149,-0.5497,0.8384,0.1887,1,0.10766,-0.1865,0.3031,0.9269,0.2336,1,0.10101,0.0164,0.0088,1.2229
750.5,0,0.000,2.675,9.132,0.000,0.000,0.000,32.649,0.006,0.000,0.159,0.000,19.938,0.000,0.328,0.000,0.002,0.505,0.000,5.481,0.279,0.000,0.082,0.000,48.091,0.5281,0.1701,-0.2546,0.0480,0,0.90640,-0.0563,0.2219,-0.2152,0.4252,1,0.09004,-0.3011,0.4086,0.5691,0.3282,1,0.08438,0.4796,0.0650,0.0376,0.1785,0,1.11689,0.2290,-0.4113,0.6409,0.1930,1,0.10738,-0.1009,0.2482,0.9044,0.2338,1,0.10020,0.0137,0.0029,1.2468
784.0,0,0.000,6.258,11.241,0.000,0.000,0.000,6.368,0.001,0.000,0.928,0.000,11.634,0.000,0.062,0.000,0.000,0.095,0.000,9.046,0.052,0.000,1.560,0.000,23.862,0.5296,0.2464,-0.2121,0.0370,0,0.82137,-0.0423,0.2672,-0.2437,0.4552,1,0.08619,-0.3333,0.3387,0.7563,0.4022,1,0.07354,0.4787,0.0373,0.0181,0.1481,0,1.07526,0.2051,-0.2812,0.3810,0.1578,1,0.10355,-0.0484,0.2317,0.8849,0.2436,1,0.09748,0.0136,0.0002,1.1669
817.0,0,0.000,10.705,14.430,0.000,0.000,0.000,1.223,0.000,0.000,0.588,0.000,4.235,0.000,0.012,0.000,0.000,0.018,0.000,1.737,0.010,0.000,1.759,0.000,5.346,0.5322,0.3562,-0.2096,0.0218,0,0.69495,0.0320,0.3456,-0.1945,0.4468,1,0.08195,-0.3229,0.2554,0.7718,0.4696,1,0.06014,0.4784,0.0158,0.0101,0.1209,0,0.94195,0.1646,-0.2034,0.2199,0.1184,1,0.09271,-0.0329,0.2532,0.8358,0.2731,0,0.09363,0.0153,-0.0009,1.0242
850.5,0,0.000,15.269,15.680,0.000,0.000,0.000,0.229,5.024,0.000,0.814,0.000,2.231,0.000,0.002,0.000,0.000,0.003,0.000,0.325,0.002,0.000,1.807,0.000,1.198,0.5342,0.4683,-0.2212,0.0114,0,0.75178,0.1136,0.3919,0.0206,0.4171,1,0.08250,-0.2864,0.1669,0.6836,0.5267,1,0.05305,0.4782,0.0026,0.0068,0.1104,0,0.78521,0.1094,-0.1328,0.1377,0.1243,1,0.08876,-0.0326,0.2674,0.6982,0.3205,1,0.09405,0.0162,-0.0014,0.9564
884.0,0,0.000,9.974,9.557,0.000,0.000,0.000,0.043,43.880,0.000,1.654,0.000,1.341,0.000,0.000,0.000,0.364,0.001,0.000,0.061,0.000,0.000,3.837,0.000,0.374,0.5342,0.5124,-0.2088,0.0060,0,0.90373,0.2527,0.3839,0.4196,0.3503,1,0.07950,-0.2645,0.1291,0.5658,0.5697,1,0.06210,0.4783,-0.0040,0.0274,0.1158,0,0.55710,0.0250,-0.0527,0.0590,0.1249,1,0.07176,-0.0367,0.3129,0.4651,0.3368,0,0.09781,0.0145,-0.0013,0.9321
917.0,0,0.000,3.550,4.714,0.000,0.000,0.000,0.008,52.989,0.000,13.634,0.000,1.184,0.000,0.000,0.000,1.164,0.000,0.000,0.012,0.000,0.000,6.838,0.000,1.187,0.5307,0.4577,-0.1672,0.0036,0,0.96928,0.4219,0.3183,0.6945,0.3186,1,0.08207,-0.2455,0.2540,0.5048,0.6112,1,0.07584,0.4783,-0.0071,0.0771,0.1290,0,0.39026,-0.0337,0.0057,0.0231,0.0930,1,0.06627,-0.0419,0.3979,0.3089,0.3242,0,0.09749,0.0104,-0.0009,0.9334
950.5,0,0.000,1.474,4.906,0.000,0.000,0.238,0.002,25.725,0.000,4.404,0.000,0.335,0.000,0.000,0.000,1.132,0.000,0.000,0.002,0.000,0.000,3.616,0.000,1.546,0.5260,0.3377,-0.1295,0.0026,0,0.89086,0.5213,0.2551,0.8283,0.3113,1,0.08223,-0.2332,0.3419,0.4337,0.6032,0,0.08372,0.4787,-0.0082,0.1244,0.1317,0,0.32133,-0.0586,0.0201,0.0173,0.0540,1,0.06432,-0.0500,0.4321,0.2504,0.3117,0,0.09678,0.0071,-0.0005,0.9505
984.0,0,0.000,1.049,9.392,0.000,0.000,1.662,0.000,10.091,0.000,0.904,0.000,0.063,0.000,0.000,0.000,0.598,0.000,0.000,0.000,0.000,0.000,4.687,0.881,1.768,0.5256,0.2267,-0.1300,0.0022,0,0.79859,0.5775,0.2374,0.8509,0.3253,1,0.08492,-0.2420,0.3460,0.2910,0.5355,1,0.08764,0.4788,-0.0086,0.1298,0.1166,0,0.27493,-0.0490,0.0426,0.0110,0.0208,1,0.06065,-0.0556,0.4580,0.2145,0.3018,1,0.09526,0.0049,-0.0003,0.9418
1017.0,0,0.000,0.201,9.509,0.000,0.000,0.319,0.000,2.811,0.000,0.764,0.000,1.726,0.000,0.000,0.000,0.421,0.000,0.000,0.000,0.000,0.000,5.219,0.169,4.795,0.5270,0.1343,-0.1440,0.0021,0,0.63206,0.6121,0.2027,0.7468,0.3514,1,0.08541,-0.2509,0.3428,0.2318,0.5072,1,0.09120,0.4788,-0.0088,0.1128,0.0772,0,0.22381,-0.0252,0.0685,0.0244,0.0055,1,0.05938,-0.0665,0.5152,0.3049,0.3257,1,0.09507,0.0034,-0.0000,0.9085
1050.5,0,0.000,0.455,12.489,0.000,0.000,0.060,18.252,0.527,0.000,1.222,0.000,4.131,0.000,0.000,0.000,1.217,0.000,0.000,0.000,0.000,0.000,1.579,0.032,31.860,0.5264,0.0811,-0.1699,0.0020,0,0.37830,0.6090,0.1525,0.4787,0.3746,1,0.08577,-0.2335,0.3686,0.2601,0.4741,1,0.09242,0.4792,-0.0090,0.1393,0.0748,0,0.11763,0.0052,0.0774,0.0848,0.0166,1,0.06561,-0.0858,0.5162,0.5775,0.3185,1,0.09504,0.0036,-0.0001,0.8744
1084.0,0,0.000,1.098,13.026,0.000,0.000,0.011,141.355,0.099,0.000,4.795,0.000,1.794,0.000,0.250,0.000,7.421,0.000,0.000,0.000,2.680,0.000,4.431,0.006,61.186,0.5260,0.0781,-0.1913,0.0019,0,0.20060,0.5670,0.1418,0.0848,0.3700,0,0.08479,-0.2233,0.4183,0.2272,0.4396,1,0.08881,0.5174,0.0337,0.3264,0.1204,0,0.07206,0.0306,0.0820,0.2289,0.0591,1,0.07347,-0.1100,0.5119,0.7830,0.3262,1,0.09713,0.0059,-0.0005,0.8396
1117.0,0,0.000,1.877,12.372,0.000,0.000,0.002,161.480,0.019,0.000,4.225,0.000,1.028,0.000,0.806,0.000,5.751,0.000,0.000,0.000,8.572,0.000,5.065,0.001,74.391,0.5310,0.1089,-0.2014,0.0004,1,0.04257,0.5094,0.1983,-0.2101,0.3289,1,0.07536,-0.2168,0.4333,0.1323,0.4154,1,0.08156,0.5440,0.0911,0.4637,0.1663,1,0.07731,0.0626,0.1078,0.4358,0.1888,1,0.08108,-0.1419,0.5235,0.9056,0.3532,1,0.09808,0.0096,-0.0009,0.7753
1150.5,0,0.000,7.054,14.831,0.000,0.000,0.000,55.810,0.004,0.000,0.791,0.000,1.170,0.000,0.151,0.000,4.166,0.000,1.386,0.000,3.805,0.000,2.672,0.000,78.071,0.5479,0.2388,-0.2252,-0.0069,1,0.03676,0.4018,0.2675,-0.3779,0.2729,1,0.06247,-0.2153,0.3926,0.0735,0.4097,1,0.07505,0.5696,0.1358,0.4857,0.1854,0,0.07510,0.0680,0.1467,0.5135,0.2922,0,0.08284,-0.1560,0.4889,0.9398,0.3529,1,0.09704,0.0128,-0.0013,0.6807
1184.0,0,0.000,12.295,15.225,0.000,0.000,0.000,24.004,0.001,0.000,0.296,0.000,4.334,0.000,0.028,0.000,3.035,0.000,1.793,0.000,1.061,0.000,1.253,0.000,78.219,0.5575,0.3945,-0.2426,-0.0111,1,0.03063,0.2228,0.3309,-0.4617,0.2176,1,0.04452,-0.2335,0.3445,0.1678,0.3913,1,0.06581,0.6051,0.1827,0.4384,0.1788,0,0.06648,0.0271,0.1436,0.4318,0.3107,0,0.08130,-0.1285,0.4222,0.9276,0.3384,1,0.09501,0.0152,-0.0016,0.5514
1217.0,0,0.000,7.792,10.635,0.000,0.000,0.000,4.610,22.105,0.000,2.356,0.000,5.881,0.000,0.364,0.000,0.902,9.999,0.467,0.000,1.614,0.000,1.996,0.000,80.574,0.5494,0.4497,-0.2195,-0.0063,0,0.03105,0.0775,0.4226,-0.1245,0.1334,1,0.03403,-0.2280,0.3149,0.3581,0.3900,1,0.06645,0.5764,0.1703,0.3305,0.1519,1,0.06008,-0.0032,0.0628,0.2877,0.3027,1,0.07638,-0.0970,0.3936,0.8888,0.3186,1,0.09074,0.0157,-0.0017,0.5102
1250.5,0,0.000,5.764,14.102,0.000,0.000,0.000,0.863,53.368,0.000,5.594,0.000,4.480,0.000,0.068,0.000,0.169,13.149,0.087,0.000,5.638,0.000,1.971,0.000,82.281,0.5403,0.4268,-0.2116,0.0054,0,0.04192,0.0199,0.5017,0.2786,0.0847,1,0.04276,-0.1737,0.2926,0.4637,0.4134,1,0.07143,0.5332,0.1216,0.2058,0.1447,1,0.06120,-0.0527,-0.0328,0.2576,0.3373,1,0.07860,-0.0987,0.3795,0.9200,0.3430,1,0.09664,0.0152,-0.0017,0.5586
1284.0,0,0.000,10.401,24.626,0.000,0.000,0.455,0.162,55.552,0.000,1.689,0.000,4.926,0.000,0.398,0.000,0.147,7.034,0.016,0.000,7.195,0.000,1.646,0.000,78.387,0.5366,0.4404,-0.2470,0.0092,0,0.11038,0.0128,0.5324,0.4918,0.0795,0,0.04773,-0.1241,0.2591,0.4665,0.4381,1,0.07485,0.5232,0.1126,0.1046,0.1599,1,0.06213,-0.1118,-0.0527,0.3429,0.3608,1,0.08142,-0.1001,0.3372,0.9757,0.3770,1,0.09944,0.0141,-0.0681,0.5814
1317.0,0,0.000,6.105,22.667,0.000,0.000,13.656,0.031,54.231,0.000,0.445,0.000,16.164,0.000,0.703,0.000,0.028,5.636,0.003,0.000,5.030,0.000,2.514,0.000,74.909,0.5502,0.4612,-0.2895,-0.0019,1,0.02911,0.1675,0.7074,0.6451,0.0899,1,0.04851,-0.1175,0.2322,0.6230,0.4407,1,0.07256,0.5321,0.1490,0.0355,0.1390,1,0.05438,-0.1372,-0.0613,0.4053,0.3682,1,0.07919,-0.0786,0.3134,1.0254,0.4030,0,0.09781,0.0130,-0.0977,0.4818
1350.5,0,0.000,2.805,20.148,0.000,0.000,4.944,0.006,48.409,0.000,0.083,0.000,21.944,0.000,0.889,0.000,0.005,1.192,0.001,0.000,3.150,0.000,2.028,0.000,75.003,0.5699,0.4245,-0.3137,-0.0156,1,0.02522,0.2823,0.7891,0.7426,0.0838,1,0.05019,-0.0999,0.1685,0.8297,0.4529,0,0.07274,0.5237,0.1620,0.0044,0.0989,1,0.05102,-0.1419,-0.0322,0.4174,0.3804,1,0.07974,-0.0634,0.2960,1.0615,0.4277,1,0.09608,0.0147,-0.0746,0.4645
1384.0,0,0.000,1.658,13.215,0.000,0.000,0.926,0.001,32.765,0.000,0.341,0.000,11.243,0.000,0.220,0.000,0.001,0.223,0.000,0.000,7.719,0.000,2.991,0.000,74.856,0.5791,0.3428,-0.2980,-0.0205,1,0.02538,0.2528,0.7155,0.7932,0.0750,1,0.05261,-0.0827,0.1216,0.9095,0.4570,1,0.07637,0.5297,0.1775,-0.0180,0.0830,1,0.04883,-0.1273,0.0472,0.4717,0.3686,1,0.08010,-0.0418,0.2866,1.1089,0.4572,0,0.09344,0.0119,-0.0420,0.4913
1417.0,0,0.000,1.846,5.230,0.000,0.000,0.178,0.000,23.070,0.000,1.768,0.000,2.367,0.000,0.042,0.000,0.000,0.043,0.000,0.000,5.324,0.000,1.841,0.000,72.657,0.5779,0.2778,-0.2413,-0.0205,1,0.02951,0.2751,0.5683,0.8048,0.0836,1,0.05916,-0.0647,0.1209,0.8278,0.4691,1,0.08357,0.5422,0.1886,-0.0350,0.0487,1,0.04501,-0.1234,0.1007,0.5108,0.3927,1,0.08012,-0.0125,0.2483,1.1488,0.4807,0,0.11598,0.0084,-0.0206,0.5257
1450.5,0,0.000,6.125,5.773,0.000,0.000,0.033,0.000,16.607,0.000,1.986,0.000,0.443,0.000,0.450,0.000,0.000,0.008,0.596,0.000,1.613,0.000,4.332,0.000,68.464,0.5556,0.2962,-0.1800,-0.0135,1,0.03426,0.3356,0.4535,0.7990,0.1173,1,0.06277,-0.0219,0.1392,0.5674,0.4492,0,0.13918,0.5635,0.2386,-0.0546,0.0107,1,0.03708,-0.1307,0.1377,0.4929,0.4555,1,0.07450,0.0054,0.2721,1.1592,0.4878,0,0.15397,0.0048,-0.0089,0.5042
1484.0,0,0.000,9.081,10.880,0.000,0.000,0.006,0.000,3.850,0.000,0.610,0.000,0.083,0.000,0.084,0.000,0.000,0.002,1.128,0.000,0.946,0.000,5.877,0.000,38.072,0.5306,0.3656,-0.1607,-0.0049,0,0.07018,0.3634,0.3669,0.7192,0.1644,1,0.07220,-0.0031,0.1265,0.3050,0.3838,0,0.36174,0.5987,0.2929,-0.0845,0.0178,1,0.03337,-0.1277,0.1535,0.4254,0.4915,1,0.07121,0.0299,0.3392,1.1517,0.4859,0,0.19785,0.0076,-0.0052,0.4706
1517.0,0,0.000,7.162,13.835,0.000,0.000,0.177,2.886,0.739,0.000,5.185,0.000,0.016,0.000,0.016,0.000,0.000,0.000,0.217,0.000,0.182,0.000,12.688,0.000,8.115,0.5216,0.4010,-0.1808,-0.0004,0,0.12697,0.3733,0.3282,0.5172,0.2586,1,0.07633,0.0031,0.1928,0.1467,0.2986,0,0.53927,0.6121,0.2925,-0.0959,0.0487,1,0.03330,-0.1350,0.1316,0.3521,0.4539,1,0.06999,0.0932,0.4506,1.0892,0.4763,0,0.15062,0.0082,-0.0036,0.4684
1550.5,0,0.000,2.927,15.238,0.000,0.000,0.033,1.997,0.291,0.000,7.102,0.000,0.003,0.000,0.003,0.000,0.000,0.000,0.513,0.000,0.034,0.000,3.499,0.000,1.520,0.5116,0.3586,-0.2082,0.0011,0,0.07535,0.3131,0.3000,0.2957,0.3724,1,0.07685,0.0048,0.2620,0.0660,0.2459,0,0.63516,0.6173,0.2745,-0.1042,0.0701,1,0.03073,-0.1360,0.1066,0.2689,0.3270,1,0.06804,0.1655,0.4513,0.9239,0.4877,1,0.09115,0.0146,-0.0052,0.4645
1584.0,0,0.000,1.984,20.961,0.000,0.000,0.006,0.374,0.238,0.000,6.307,0.000,5.921,0.000,0.001,0.000,1.131,0.000,0.096,0.000,0.006,0.000,0.887,0.000,0.643,0.5175,0.3025,-0.2503,0.0118,1,0.03262,0.0858,0.2892,0.1646,0.4252,1,0.07664,0.0051,0.2880,0.2369,0.2806,0,0.39660,0.6297,0.2722,-0.0560,0.0871,1,0.03350,-0.1247,0.0763,0.1917,0.1941,1,0.06818,0.1546,0.3529,0.6403,0.4611,0,0.09634,0.0099,-0.0024,0.4618
1617.0,0,0.000,1.202,20.007,0.000,0.000,0.001,0.072,0.735,0.000,13.700,0.000,32.476,0.000,2.037,0.000,2.646,0.000,0.018,0.000,0.001,0.000,11.918,1.889,0.124,0.5057,0.2173,-0.2699,0.0245,0,0.09630,-0.1779,0.2594,0.1191,0.4245,1,0.06878,-0.0460,0.4246,0.6026,0.3258,1,0.08733,0.6180,0.2809,0.0548,0.1108,1,0.03553,-0.1181,0.1062,0.1276,0.0963,1,0.06202,0.1146,0.4264,0.3306,0.3768,0,0.11745,0.0047,-0.0411,0.5122
1650.5,0,0.000,0.284,5.253,0.000,0.000,0.000,0.013,0.641,0.000,12.466,0.000,41.406,0.000,2.130,0.000,1.849,0.000,0.003,0.000,0.000,0.000,18.068,10.431,0.023,0.5081,0.1325,-0.2259,0.0215,0,0.14000,-0.2730,0.1996,0.1098,0.4197,1,0.06872,-0.1335,0.5630,0.8075,0.3490,1,0.08556,0.6190,0.3159,0.1171,0.1151,1,0.03826,-0.0793,0.1483,0.0494,0.0204,1,0.05351,0.0696,0.5609,0.0959,0.3238,0,0.26602,0.0010,-0.0554,0.5507
1684.0,0,0.000,1.208,0.984,0.000,0.000,0.000,0.003,0.708,0.000,3.482,0.000,27.407,0.000,0.450,0.000,1.958,0.000,0.001,0.000,0.000,0.000,8.143,12.669,0.574,0.5085,0.1024,-0.1421,0.0134,0,0.10547,-0.2286,0.1634,0.1052,0.4231,1,0.06971,-0.1857,0.5712,0.8905,0.3693,1,0.08746,0.6365,0.3252,0.1302,0.0965,1,0.03733,-0.0381,0.1737,-0.0160,0.0035,1,0.04745,0.0357,0.5979,-0.0171,0.2948,0,0.34211,-0.0019,-0.0384,0.5579
1717.0,0,0.000,3.103,5.677,0.000,0.000,0.000,0.000,2.550,0.000,1.303,0.000,5.662,0.000,0.086,0.000,4.298,0.000,0.000,0.000,0.000,0.000,3.207,8.192,1.303,0.5117,0.1479,-0.1048,0.0076,0,0.16398,-0.1668,0.1493,0.1370,0.4210,1,0.07012,-0.2172,0.4851,0.8732,0.3819,1,0.08846,0.6768,0.3287,0.1893,0.0901,1,0.03712,-0.0126,0.1789,-0.0581,0.0394,1,0.04554,0.0178,0.5192,-0.0199,0.2803,0,0.26083,-0.0036,-0.0203,0.5615
1750.5,0,0.000,2.888,11.727,0.000,0.000,0.000,0.000,23.954,0.000,1.758,0.000,1.061,0.000,0.309,0.000,9.204,0.000,0.000,0.949,0.000,0.000,3.693,1.820,1.279,0.5159,0.1885,-0.1274,0.0045,0,0.33748,-0.1311,0.1924,0.3926,0.3556,0,0.06965,-0.2319,0.3703,0.7623,0.4103,1,0.08955,0.7108,0.3436,0.3373,0.0957,1,0.03979,-0.0035,0.1673,-0.0906,0.0671,1,0.04725,0.0079,0.4295,0.0324,0.2802,1,0.08728,-0.0041,-0.0090,0.6034
1784.0,0,0.000,1.528,17.349,0.000,0.000,0.000,0.000,37.797,0.000,1.986,0.000,0.199,0.000,0.251,0.000,10.576,11.481,0.000,0.178,2.860,0.000,5.316,0.341,8.931,0.5202,0.1801,-0.1786,0.0030,0,0.42781,-0.0373,0.2716,0.5953,0.2693,1,0.06637,-0.1682,0.3111,0.4866,0.3605,1,0.09279,0.6891,0.3039,0.4840,0.1068,1,0.05105,-0.0025,0.0471,0.0136,0.0513,1,0.05478,-0.0303,0.4490,0.2943,0.2508,1,0.09014,-0.0034,-0.0034,0.7095
1817.0,0,0.000,0.351,20.376,0.000,0.000,0.923,0.000,46.373,0.000,2.144,0.000,0.038,0.000,0.048,0.000,13.720,11.687,0.000,0.034,11.982,0.000,6.050,0.065,43.390,0.5239,0.1292,-0.2259,0.0078,0,0.34063,0.1131,0.3668,0.6698,0.1550,1,0.06689,-0.1093,0.3120,0.2374,0.2841,1,0.09231,0.6606,0.2404,0.6342,0.1241,1,0.06698,-0.0125,-0.0852,0.3043,0.0507,1,0.06653,-0.0688,0.4750,0.7041,0.2347,1,0.09643,0.0001,-0.0014,0.8142
1850.5,0,0.000,0.134,25.186,0.000,0.000,15.576,0.000,50.005,0.000,1.858,0.000,1.533,0.000,0.632,0.000,14.660,15.725,0.000,0.006,19.906,0.000,11.565,0.012,65.404,0.5259,0.0732,-0.2670,0.0091,0,0.15748,0.2668,0.5949,0.7203,0.0962,1,0.06047,-0.1151,0.3812,0.1184,0.2236,1,0.08868,0.6466,0.2262,0.7536,0.1461,1,0.07739,-0.0539,-0.1761,0.5300,0.1247,1,0.07572,-0.0903,0.5265,0.9580,0.2442,1,0.09983,0.0049,-0.0009,0.8284
1884.0,0,0.000,0.025,25.109,0.000,0.000,2.917,0.000,27.772,0.000,1.569,0.000,1.524,0.000,0.528,0.000,7.128,15.156,0.000,0.001,15.999,0.000,9.415,0.002,64.784,0.5259,0.0334,-0.2923,0.0066,0,0.08725,0.3931,0.6909,0.7532,0.0865,1,0.06276,-0.1177,0.3942,0.0807,0.1906,0,0.08704,0.6121,0.2029,0.7755,0.1549,1,0.08627,-0.1054,-0.2317,0.6363,0.1889,1,0.08447,-0.0926,0.5441,1.0769,0.2593,1,0.10099,0.0091,-0.0010,0.8565
1917.0,0,0.000,0.453,14.871,0.000,0.000,0.560,0.000,5.510,0.000,0.791,0.000,1.811,0.000,0.368,0.000,1.447,8.823,0.000,0.000,16.167,0.000,5.117,0.000,61.861,0.5256,0.0280,-0.2796,0.0043,0,0.09507,0.4787,0.6132,0.7152,0.1035,1,0.06966,-0.1065,0.3436,0.0920,0.2100,1,0.08856,0.5558,0.1489,0.6378,0.1536,1,0.08953,-0.1289,-0.2304,0.7395,0.1970,1,0.09131,-0.0711,0.4739,1.1336,0.2730,0,0.10153,0.0108,-0.0011,0.8941
1950.5,0,0.000,1.220,5.179,0.000,0.000,0.105,1.219,1.032,0.000,0.300,0.000,5.747,0.000,0.259,0.000,0.301,13.730,0.000,0.000,4.274,0.000,2.499,0.000,38.357,0.5262,0.0581,-0.2199,0.0023,0,0.05020,0.5187,0.4775,0.5708,0.1597,1,0.07762,-0.1011,0.2831,0.2605,0.2895,0,0.09418,0.5165,0.1109,0.4059,0.1395,1,0.08464,-0.1294,-0.2453,0.8018,0.1733,1,0.09635,-0.0242,0.3520,1.1445,0.2761,0,0.13601,0.0106,-0.0010,0.8920
1984.0,0,0.000,1.751,7.129,0.000,0.000,0.020,15.240,0.193,0.000,0.056,0.000,25.146,0.000,1.274,0.000,0.194,13.870,0.000,0.000,2.894,0.000,1.447,0.000,8.238,0.5505,0.1307,-0.1858,-0.0103,1,0.04739,0.5199,0.3503,0.3164,0.2440,1,0.08044,-0.0812,0.1950,0.6599,0.3746,0,0.09478,0.5030,0.1374,0.2270,0.1101,0,0.07769,-0.1253,-0.2969,0.7751,0.2016,1,0.09643,-0.0061,0.2524,1.0904,0.2740,0,0.19188,0.0094,-0.0009,0.8340
2017.0,0,0.000,3.557,12.333,0.000,0.000,0.004,26.977,0.037,0.000,0.272,0.000,49.215,0.000,0.293,0.000,0.494,2.870,0.000,0.000,1.045,0.000,6.450,0.000,2.125,0.5626,0.2211,-0.1922,-0.0115,1,0.03976,0.5132,0.2917,0.0385,0.3074,1,0.07389,-0.0391,0.0982,0.9657,0.4474,0,0.08424,0.5094,0.1731,0.1417,0.0932,1,0.06599,-0.1755,-0.3186,0.7565,0.2790,1,0.08308,0.0878,0.2983,0.9016,0.2679,0,0.10584,0.0082,-0.0008,0.7027
2050.5,0,0.000,4.742,13.369,0.000,0.000,0.001,7.449,0.007,0.000,0.239,0.000,51.237,0.000,0.055,0.000,0.487,0.538,0.000,8.415,0.196,0.000,9.070,0.000,0.825,0.5714,0.3145,-0.2187,-0.0154,1,0.02997,0.4747,0.2953,-0.1187,0.3355,0,0.06657,-0.0296,0.0575,1.1032,0.4832,0,0.07155,0.5385,0.1991,0.0822,0.1066,1,0.05415,-0.2248,-0.2396,0.5897,0.2821,1,0.07130,0.1834,0.4118,0.6226,0.2691,0,0.12261,0.0080,-0.0007,0.5483
2084.0,0,0.000,4.425,9.134,0.000,0.000,0.000,1.395,0.001,0.000,5.181,0.000,24.095,0.000,0.010,0.000,0.091,0.101,0.000,40.594,0.037,0.000,8.300,1.873,0.517,0.5420,0.3656,-0.2204,-0.0208,1,0.02667,0.2887,0.3339,-0.1804,0.3391,1,0.05701,-0.0346,0.1251,1.1752,0.5169,0,0.06089,0.5437,0.1357,0.0283,0.1094,1,0.04823,-0.2489,-0.1573,0.3819,0.2651,1,0.06908,0.1889,0.4784,0.3527,0.2535,0,0.33119,0.0091,-0.0008,0.5049
2117.0,0,0.000,5.378,7.904,0.000,0.000,0.000,0.268,0.000,0.000,8.139,0.000,4.754,0.000,0.049,0.000,0.145,0.019,0.000,10.455,0.007,0.000,6.807,1.001,0.666,0.5229,0.3662,-0.1880,-0.0135,1,0.03064,-0.0169,0.3816,-0.2002,0.3386,1,0.04806,-0.0339,0.1856,1.1940,0.5685,1,0.04617,0.5107,0.0539,0.0272,0.0945,0,0.07625,-0.2301,-0.0747,0.2556,0.2228,1,0.07113,0.1283,0.4941,0.2049,0.2412,0,0.48868,0.0104,-0.0011,0.5337
2150.5,0,0.000,10.816,6.503,0.000,0.000,0.000,0.050,1.517,0.000,2.253,0.000,0.890,0.000,0.009,0.000,0.467,0.004,0.000,1.958,0.001,0.000,1.513,0.188,1.465,0.5164,0.4113,-0.1495,-0.0028,0,0.43909,-0.2211,0.4121,-0.1563,0.3326,1,0.05002,-0.0143,0.1392,1.1346,0.6227,1,0.02427,0.4899,0.0149,0.0488,0.0816,0,0.63023,-0.1698,-0.0299,0.1934,0.1840,1,0.07636,0.0748,0.4029,0.1683,0.2388,0,0.32428,0.0131,-0.0013,0.7541
2184.0,0,0.000,12.609,14.102,0.000,0.000,1.910,0.009,38.100,0.000,1.055,0.000,0.167,0.000,0.183,0.000,0.122,0.001,0.000,0.367,0.000,0.000,1.412,0.035,1.463,0.5190,0.4803,-0.1658,0.0003,0,0.94334,-0.2717,0.4415,0.1776,0.2764,1,0.05694,0.0042,0.0485,1.0135,0.6138,1,0.02366,0.4827,0.0085,0.0501,0.0866,0,1.00870,-0.1426,-0.0504,0.1618,0.2299,1,0.08555,0.0413,0.2829,0.1735,0.2911,0,0.13013,0.0141,-0.0013,1.0031
2217.0,0,0.000,8.676,25.230,0.000,0.000,1.459,0.002,52.092,0.000,2.978,0.000,0.032,0.000,0.087,0.000,0.024,0.000,0.000,0.070,0.000,0.000,0.461,0.007,1.779,0.5262,0.4941,-0.2261,0.0011,0,1.37579,-0.2078,0.4624,0.4846,0.2570,1,0.07486,0.0448,0.0052,0.8838,0.6160,1,0.01970,0.4803,0.0084,0.0351,0.1060,0,1.41279,-0.1322,-0.1055,0.1286,0.3154,1,0.09201,0.0155,0.2111,0.1778,0.3451,1,0.09099,0.0134,-0.0013,1.2397
2250.5,0,0.000,7.459,31.206,0.000,0.000,0.273,0.000,36.845,0.000,0.742,0.000,0.280,0.000,0.016,0.000,1.277,0.000,0.000,0.013,0.000,0.000,0.086,0.001,14.778,0.5311,0.4727,-0.2857,0.0012,0,1.61080,-0.1030,0.4191,0.6578,0.2595,1,0.09144,0.0873,-0.0336,0.7831,0.6063,1,0.02455,0.4794,0.0044,0.0841,0.1539,0,1.54858,-0.1225,-0.1640,0.0854,0.3166,1,0.11994,-0.0159,0.2020,0.4175,0.3228,1,0.09540,0.0128,-0.0013,1.3802
2284.0,0,0.000,2.477,25.858,0.000,0.000,0.145,0.000,15.058,0.000,0.349,0.000,0.157,0.000,0.003,0.000,2.553,0.297,0.417,0.002,0.695,0.000,2.238,0.000,53.230,0.5334,0.3962,-0.3145,0.0149,0,0.83463,-0.0172,0.2436,0.8088,0.3544,0,0.33562,0.0122,0.0720,0.5582,0.4060,1,0.14373,0.4788,0.0001,0.1876,0.1911,0,2.28174,-0.0655,-0.0543,0.0648,0.3095,0,1.77589,-0.0050,0.1398,0.8712,0.3558,0,0.78637,0.0114,-0.0021,1.3139
2317.0,0,0.000,0.476,10.291,0.000,0.000,0.028,0.000,20.874,0.000,0.067,0.000,0.030,0.000,0.505,0.000,2.032,2.560,0.080,0.000,1.870,0.000,9.221,0.000,73.134,0.5244,0.2703,-0.2702,0.0223,0,1.29342,0.1265,0.0951,0.8796,0.4243,0,1.54766,-0.0024,0.0787,0.2175,0.2306,0,2.07771,0.4874,0.0249,0.2437,0.1734,0,0.58898,-0.0660,-0.0688,0.1097,0.3455,0,0.62954,0.0010,0.2901,1.0733,0.3639,1,1.26183,0.0072,-0.0001,0.5441
2350.5,0,0.000,0.505,8.598,0.000,0.000,0.005,0.000,31.035,0.000,0.013,0.000,0.006,0.000,0.095,0.000,1.915,0.479,0.015,0.000,0.621,0.000,7.105,0.000,69.202,0.5266,0.1659,-0.2228,0.0194,0,1.30036,0.2933,0.0377,0.9219,0.4296,0,1.41022,-0.0035,0.0404,0.0801,0.1327,0,2.20468,0.4904,0.0334,0.2604,0.1603,0,0.52832,-0.0528,-0.0372,0.1156,0.3521,1,0.55869,0.0271,0.3717,1.1436,0.3613,1,1.29336,-0.0165,0.0026,0.4794
2384.0,0,0.000,1.039,9.197,0.000,0.000,0.001,0.000,9.857,0.000,1.033,0.000,0.001,0.000,0.018,0.000,1.659,0.090,0.003,0.000,3.215,0.000,1.811,0.000,57.383,0.5239,0.1258,-0.1862,0.0198,0,1.37084,0.3977,0.0157,0.8833,0.3944,0,1.41774,-0.0045,0.0533,0.0298,0.1315,0,2.22990,0.4918,0.0250,0.2476,0.1849,0,0.52312,-0.0571,-0.0213,0.1821,0.3106,1,0.56420,0.0178,0.3634,1.1628,0.3405,1,1.29400,-0.0223,0.0029,0.4756
2417.0,0,0.000,1.652,10.685,0.000,0.000,0.000,0.000,1.893,0.000,1.078,0.000,1.139,0.000,0.003,0.000,4.779,0.017,0.001,0.000,1.109,0.000,0.749,0.000,22.195,0.5224,0.1290,-0.1760,0.0150,0,1.37586,0.4449,0.0074,0.7042,0.3492,0,1.59433,-0.0047,0.0847,0.0750,0.1926,0,2.20621,0.4923,0.0164,0.3337,0.2136,0,0.60771,-0.0595,-0.0113,0.2019,0.2580,1,0.55574,-0.0221,0.3270,1.1468,0.3150,1,1.28935,-0.0243,0.0030,0.4723
2450.5,0,0.000,0.968,12.432,0.000,0.000,0.000,2.063,0.355,0.000,1.010,0.000,21.187,0.000,0.067,0.000,11.058,0.569,0.000,0.000,0.208,0.000,4.315,0.000,4.380,0.5234,0.1271,-0.1834,0.0080,0,1.38660,0.4576,0.0048,0.4286,0.3131,0,1.83449,-0.0042,0.1017,0.5422,0.2583,0,1.88630,0.4925,0.0139,0.5632,0.2326,0,0.81637,-0.0410,-0.0212,0.1565,0.2753,1,0.55076,-0.0121,0.2906,1.0389,0.2994,0,1.23801,-0.0248,0.0030,0.4759
2484.0,0,0.000,0.970,9.156,0.000,0.000,0.000,9.361,0.182,0.000,2.182,0.000,63.320,0.000,0.013,0.000,8.902,14.408,0.000,0.000,2.891,0.000,9.058,0.000,0.820,0.5240,0.1193,-0.1780,0.0033,0,1.40738,0.4273,0.0047,0.1746,0.2915,0,2.00835,-0.0031,0.1363,0.9290,0.3202,0,1.42896,0.4923,0.0116,0.7180,0.2393,0,0.95248,0.0165,-0.0667,0.1437,0.3250,1,0.57374,-0.0039,0.3952,0.7589,0.2869,0,0.95974,-0.0250,-0.0552,0.4786
2517.0,0,0.000,1.165,9.693,0.000,0.000,0.464,71.154,0.219,0.000,4.721,0.000,74.327,0.000,0.416,0.000,2.497,9.398,0.000,0.000,4.915,0.000,15.704,0.000,0.324,0.5255,0.1189,-0.1712,0.0008,0,1.40022,0.3765,0.0222,-0.0944,0.2817,0,2.11690,-0.0024,0.2084,1.0907,0.3456,0,1.23646,0.4922,0.0251,0.6615,0.2160,0,0.91863,0.0491,-0.1016,0.1664,0.3378,1,0.60417,-0.0029,0.5361,0.4478,0.2728,0,0.49704,-0.0250,-0.0796,0.4787
2550.5,0,0.000,0.593,7.056,0.000,0.000,0.087,117.832,0.041,0.000,6.645,0.000,66.434,0.000,2.480,0.000,0.468,1.760,0.000,0.000,1.584,0.000,22.248,0.316,0.384,0.5237,0.1067,-0.1574,-0.0004,0,1.40462,0.3287,0.0290,-0.2980,0.2738,0,2.14878,-0.0019,0.2884,1.1481,0.3474,0,1.19667,0.4918,0.0962,0.4482,0.1432,0,0.64493,0.0435,-0.1004,0.1551,0.3554,1,0.59676,-0.0027,0.6377,0.2413,0.2551,0,0.11815,-0.0248,-0.0577,0.4786
2584.0,0,0.000,0.111,2.594,0.000,0.000,0.016,40.876,0.008,0.000,1.975,0.000,19.430,0.000,0.562,0.000,0.088,1.588,0.000,0.000,0.633,0.000,12.860,0.059,0.507,0.5207,0.0745,-0.1224,-0.0008,0,1.42363,0.2696,0.0231,-0.3731,0.2677,0,2.16906,-0.0018,0.2833,1.1460,0.3177,0,1.23151,0.4911,0.1172,0.2412,0.1125,0,0.39118,0.0278,-0.0883,0.1334,0.3727,1,0.56985,0.0125,0.6575,0.2064,0.2353,1,0.06343,-0.0248,-0.0305,0.4749
2617.0,0,0.000,0.021,4.197,0.000,0.000,0.003,8.116,1.691,0.000,2.162,0.000,3.732,0.000,0.108,0.000,0.017,13.374,0.000,0.000,5.740,0.000,3.256,1.231,0.749,0.5225,0.0434,-0.0999,-0.0010,0,1.43459,0.1900,0.0165,-0.2679,0.2981,0,2.19837,-0.0019,0.2527,1.0340,0.2489,0,1.41482,0.4909,0.0850,0.1131,0.1198,0,0.29719,0.0253,-0.1344,0.1980,0.3138,1,0.60898,-0.0031,0.6221,0.1787,0.2302,1,0.06798,-0.0247,-0.0132,0.4721
2650.5,0,0.000,0.004,2.083,0.000,0.000,0.001,1.520,25.390,0.000,6.140,0.000,0.699,0.000,0.100,0.000,0.003,6.117,0.000,0.000,2.023,0.000,1.120,1.343,1.292,0.5278,0.0235,-0.0806,-0.0010,0,1.45540,0.1105,0.0106,0.3490,0.3307,0,1.99318,-0.0024,0.2981,0.7398,0.1833,0,1.75065,0.4911,0.0528,0.0466,0.1091,0,0.27202,0.0208,-0.1528,0.2109,0.2565,1,0.59260,-0.0056,0.4410,0.1463,0.2666,0,0.23239,-0.0245,-0.0041,0.4735
2684.0,0,0.000,0.398,2.343,0.000,0.000,0.000,0.285,32.465,0.000,7.102,0.000,0.131,0.000,0.019,0.000,1.504,3.448,0.000,0.000,1.188,0.000,0.697,0.252,3.923,0.5309,0.0293,-0.0667,0.0056,0,1.47520,0.0551,0.0058,0.7838,0.3569,0,1.60103,-0.0032,0.3724,0.4158,0.1211,0,1.94163,0.4921,0.0316,0.0861,0.1309,0,0.39620,0.0189,-0.1418,0.1807,0.2768,1,0.57724,-0.0009,0.2710,0.2638,0.3481,0,0.59661,-0.0245,-0.0419,0.4761
2717.0,0,0.000,1.158,4.839,0.000,0.000,0.794,0.055,34.969,0.000,8.349,0.000,0.025,0.000,0.824,0.000,6.206,15.183,0.000,0.000,4.460,0.000,2.302,0.048,4.970,0.5247,0.0629,-0.0736,0.0076,0,1.47540,0.0596,0.0323,0.9512,0.3580,0,1.42662,-0.0038,0.4421,0.2019,0.0807,0,1.94827,0.4930,0.0521,0.2995,0.1963,0,0.62694,0.0189,-0.1356,0.1693,0.3192,1,0.58923,0.0007,0.2140,0.4427,0.3927,0,0.86462,-0.0245,-0.0558,0.4769
2750.5,0,0.000,2.484,13.499,0.000,0.000,11.870,0.010,44.762,0.000,4.738,0.000,0.439,0.000,1.858,0.000,2.851,6.044,0.000,0.000,3.001,0.000,4.782,0.009,9.239,0.5180,0.1219,-0.1276,0.0047,0,1.42578,0.1479,0.2485,1.0165,0.3364,0,1.44435,-0.0041,0.4358,0.1151,0.0861,0,1.95543,0.4927,0.1144,0.4085,0.2393,0,0.64756,0.0205,-0.1277,0.1609,0.3525,1,0.59544,-0.0003,0.2583,0.6536,0.3972,0,1.02663,-0.0245,-0.0382,0.4768
2784.0,0,0.000,3.394,27.542,0.000,0.000,2.934,0.002,46.737,0.000,1.151,0.000,0.668,0.000,0.426,0.000,2.356,1.132,0.000,0.000,2.929,0.000,3.417,0.002,5.505,0.5219,0.1855,-0.2170,0.0018,0,1.32551,0.2944,0.3409,1.0439,0.3098,0,1.43825,-0.0043,0.3332,0.1011,0.1088,0,2.04423,0.4920,0.1197,0.3996,0.2532,0,0.61431,0.0238,-0.1034,0.1635,0.3670,1,0.60293,-0.0014,0.2918,0.7257,0.3910,0,1.05431,-0.0246,-0.0192,0.4768
2817.0,0,0.000,2.159,38.122,0.000,0.000,0.564,0.000,10.726,0.000,0.221,0.000,0.677,0.000,0.082,0.000,4.368,0.217,0.000,0.000,6.369,0.000,2.324,0.000,5.400,0.5310,0.2043,-0.2967,0.0001,0,1.23624,0.3992,0.2650,1.0004,0.2927,0,1.44093,-0.0044,0.2041,0.1048,0.1623,0,2.13482,0.4917,0.0814,0.4317,0.2444,0,0.66407,0.0298,-0.0422,0.2393,0.3381,1,0.61821,-0.0021,0.2753,0.6928,0.3856,0,1.03397,-0.0246,-0.0075,0.4747
2850.5,0,0.000,0.874,38.133,0.000,0.000,0.106,0.000,2.009,0.000,0.041,0.000,2.761,0.000,0.015,0.000,7.619,0.041,0.000,0.000,2.299,0.000,1.030,0.000,2.108,0.5385,0.1731,-0.3446,-0.0007,0,1.21174,0.4527,0.1535,0.8066,0.2857,0,1.56469,-0.0045,0.1060,0.2085,0.2266,0,2.12945,0.4915,0.0455,0.5594,0.2233,0,0.78365,0.0332,-0.0016,0.2696,0.2868,1,0.59764,-0.0026,0.2178,0.5739,0.4001,0,0.96797,-0.0249,-0.0015,0.4740
2884.0,0,0.000,0.487,28.199,0.000,0.000,0.020,12.199,0.376,0.000,0.617,0.000,38.150,0.000,0.003,0.000,11.999,2.678,0.000,0.000,3.264,0.000,1.273,0.000,0.816,0.5421,0.1269,-0.3541,-0.0011,0,1.22967,0.4761,0.0767,0.4582,0.2840,0,1.81204,-0.0039,0.0726,0.6975,0.2715,0,1.72962,0.4915,0.0239,0.7286,0.2010,0,0.91567,0.0310,-0.0110,0.2950,0.1971,1,0.58302,-0.0030,0.1748,0.4006,0.4147,0,0.84266,-0.0249,0.0011,0.4749
2917.0,0,0.000,0.542,24.141,0.000,0.000,0.004,94.888,0.072,0.000,4.782,0.000,60.168,0.000,0.001,0.000,9.910,5.599,0.000,0.000,1.358,0.000,3.977,0.000,1.835,0.5433,0.0967,-0.3424,-0.0012,0,1.25273,0.4852,0.0374,0.0316,0.2825,0,2.02047,0.0126,0.1876,0.9980,0.3158,0,1.38533,0.4912,0.0133,0.8216,0.1862,0,0.98832,0.0339,-0.0594,0.2829,0.1417,1,0.56828,-0.0034,0.2235,0.3212,0.4203,0,0.72726,-0.0247,-0.0570,0.4765
2950.5,0,0.000,0.707,17.077,0.000,0.000,0.001,170.600,0.014,0.000,4.397,0.000,55.797,0.000,0.061,0.000,3.440,1.049,9.388,0.000,0.254,0.000,5.172,0.000,4.616,0.5440,0.0873,-0.3140,0.0059,0,1.27862,0.4831,0.0201,-0.2638,0.2733,0,2.07222,0.0447,0.2987,1.1137,0.3749,0,1.24017,0.4911,0.0112,0.7514,0.1886,0,0.97440,0.0181,0.0420,0.2177,0.1054,0,0.45678,0.0318,0.3012,0.4172,0.4361,0,0.79161,-0.0245,-0.0823,0.4793
2984.0,0,0.000,1.255,9.364,0.000,0.000,0.000,149.186,0.003,0.000,2.016,0.000,12.493,0.000,0.066,0.000,0.644,0.196,1.959,0.000,0.048,0.000,1.839,0.000,5.919,0.5441,0.1002,-0.2604,0.0080,0,1.29810,0.4648,0.0134,-0.3979,0.2562,0,2.07333,0.0474,0.2951,1.1211,0.4050,0,1.21667,0.4915,0.0129,0.5263,0.1640,0,0.82371,0.0067,0.1558,0.1220,0.0600,0,0.23084,0.0556,0.2889,0.5429,0.4478,0,0.94424,-0.0244,-0.0597,0.4795
3017.0,0,0.000,3.414,2.156,0.000,0.000,0.000,36.128,0.000,0.000,0.911,0.000,2.399,0.000,0.013,0.000,0.124,8.910,0.376,0.000,5.777,0.000,4.591,0.000,18.770,0.5430,0.1634,-0.1802,0.0050,0,1.29989,0.4119,0.0110,-0.4201,0.2551,0,2.08306,0.0301,0.2240,0.9741,0.3869,0,1.39556,0.4921,0.0124,0.2945,0.1259,0,0.66164,0.0030,0.0296,0.2796,0.0285,0,0.55287,0.0456,0.3171,0.7696,0.4592,0,1.12107,-0.0243,-0.0321,0.4796
3050.5,0,0.000,9.644,2.183,0.000,0.000,0.000,6.767,4.756,0.000,0.231,0.000,0.449,0.000,0.002,0.000,0.023,11.694,0.070,0.000,34.828,0.000,9.640,0.000,22.944,0.5412,0.3006,-0.1147,0.0020,0,1.23202,0.3069,0.0096,-0.1879,0.3085,0,2.12592,0.0141,0.1399,0.6542,0.3382,0,1.76375,0.4926,0.0106,0.1395,0.1052,0,0.54928,0.0013,-0.1796,0.7706,0.0800,0,1.21795,0.0259,0.4278,0.9394,0.4658,0,1.19352,-0.0243,-0.0787,0.4796
3084.0,0,0.000,9.746,2.760,0.000,0.000,0.000,1.268,50.480,0.000,0.855,0.000,0.224,0.000,0.000,0.000,0.157,3.758,0.013,0.000,33.917,0.000,7.129,0.000,17.800,0.5407,0.4103,-0.0837,0.0002,0,1.15606,0.1856,0.0067,0.4799,0.3537,0,1.85047,0.0043,0.1016,0.3607,0.2913,0,2.03258,0.4928,0.0091,0.0681,0.1141,0,0.48583,0.0005,-0.2617,1.0293,0.2349,0,1.37611,0.0119,0.4905,0.9912,0.4616,0,1.20461,-0.0272,-0.0980,0.4794
3117.0,0,0.000,5.517,8.678,0.000,0.000,5.599,0.243,66.101,0.000,0.466,0.000,0.974,0.000,0.138,0.000,2.474,1.822,0.003,0.000,10.646,0.000,4.320,0.000,6.854,0.5411,0.4261,-0.1062,0.0174,0,1.12915,0.0958,0.1348,0.8874,0.4033,0,1.50901,-0.0007,0.0835,0.2245,0.2624,0,2.12493,0.4932,0.0142,0.1481,0.1466,0,0.54569,0.0001,-0.2348,1.0860,0.3828,0,1.37250,0.0043,0.4655,0.9289,0.4515,0,1.16579,-0.0288,-0.0706,0.4792
3150.5,0,0.000,2.875,9.626,0.000,0.000,11.721,0.046,61.970,0.000,0.179,0.000,0.219,0.000,0.072,0.000,7.295,15.206,0.000,0.000,2.204,0.000,5.061,0.000,1.705,0.5420,0.3640,-0.1402,0.0386,0,1.16276,0.1460,0.3253,1.0466,0.4205,0,1.40546,-0.0031,0.0611,0.1452,0.2544,0,2.16815,0.4932,0.0173,0.3994,0.1787,0,0.74620,-0.0000,-0.2435,0.9424,0.4507,0,1.37942,0.0005,0.4305,0.7311,0.4482,0,1.01650,-0.0277,-0.0378,0.4792
3184.0,0,0.000,1.917,12.058,0.000,0.000,12.312,0.009,49.832,0.000,0.088,0.000,0.041,0.000,0.013,0.000,10.593,18.464,0.000,0.000,0.413,0.000,4.925,0.000,0.550,0.5432,0.2812,-0.1716,0.0422,0,1.21106,0.2805,0.4628,1.0902,0.3922,0,1.41173,-0.0042,0.0406,0.0810,0.2614,0,2.19713,0.4926,0.0145,0.6166,0.1946,0,0.89614,0.0002,-0.2747,0.6230,0.4631,0,1.33001,-0.0015,0.4136,0.4709,0.4481,0,0.75961,-0.0262,-0.0165,0.4791
3217.0,0,0.000,2.490,15.671,0.000,0.000,2.364,0.002,17.062,0.000,0.017,0.000,3.758,0.000,0.003,0.000,12.431,4.990,0.000,0.000,0.079,0.000,2.680,2.435,0.614,0.5405,0.2363,-0.2055,0.0301,0,1.23531,0.3828,0.4409,1.0592,0.3472,0,1.43843,-0.0046,0.0250,0.2262,0.3474,0,2.10078,0.4918,0.0105,0.7547,0.2109,0,0.98260,0.0009,-0.2654,0.3323,0.4202,0,1.14237,-0.0026,0.3613,0.2657,0.4423,0,0.55958,-0.0252,-0.0057,0.4791
3250.5,0,0.000,6.517,22.677,0.000,0.000,0.443,0.000,3.196,0.000,0.003,0.000,43.009,0.000,0.000,0.000,10.341,0.935,2.766,0.000,0.015,0.000,2.494,1.127,1.047,0.5350,0.2829,-0.2480,0.0159,0,1.18014,0.4405,0.2997,0.8972,0.3129,0,1.53771,-0.0039,0.0136,0.7515,0.4347,0,1.58352,0.4910,0.0077,0.8113,0.2384,0,1.02011,0.0015,-0.1396,0.1516,0.3022,0,0.79893,-0.0033,0.3023,0.1681,0.4430,0,0.49718,-0.0247,-0.0006,0.4791
3284.0,0,0.000,3.866,29.502,0.000,0.000,0.083,0.000,0.599,0.000,0.439,0.000,58.525,0.000,0.000,0.000,2.994,0.175,0.622,0.000,0.003,0.000,3.081,0.211,1.704,0.5334,0.3101,-0.2929,0.0068,0,1.12596,0.4684,0.1632,0.6037,0.2937,0,1.71869,-0.0030,0.0232,1.0364,0.4757,0,1.21761,0.4904,0.0063,0.7120,0.2354,0,0.95271,0.0020,-0.0288,0.0613,0.1697,0,0.50078,-0.0036,0.2848,0.1576,0.4523,0,0.50799,-0.0244,0.0015,0.4790
3317.0,0,0.000,2.519,27.159,0.000,0.000,0.016,3.040,0.115,0.000,3.038,0.000,52.449,0.000,0.000,0.000,0.575,0.034,0.119,0.000,0.001,0.000,2.970,0.041,1.217,0.5341,0.2813,-0.3185,0.0022,0,1.12794,0.4773,0.0802,0.3122,0.2833,0,1.87225,-0.0025,0.1026,1.1369,0.4891,0,1.10995,0.4908,0.0062,0.4865,0.2101,0,0.78332,0.0022,0.0094,0.0215,0.0816,0,0.34746,-0.0037,0.2867,0.1664,0.4602,0,0.52230,-0.0243,0.0023,0.4789
3350.5,0,0.000,2.478,13.906,0.000,0.000,0.366,92.599,0.022,0.000,14.535,0.000,17.484,0.000,0.285,0.000,0.108,11.528,0.022,0.000,1.823,0.000,2.699,0.008,12.495,0.5374,0.2418,-0.2988,0.0001,0,1.16543,0.4651,0.0525,-0.0418,0.2780,0,1.99681,-0.0021,0.3119,1.1495,0.4868,0,1.16871,0.4916,0.0188,0.2652,0.1863,0,0.56948,0.0019,-0.1753,0.0935,0.0442,0,0.61983,-0.0036,0.2770,0.4839,0.4659,0,0.89043,-0.0243,0.0027,0.4788
3384.0,0,0.000,2.899,6.211,0.000,0.000,0.068,150.782,0.004,0.000,15.336,0.000,3.275,0.000,1.196,0.000,0.020,21.969,0.004,0.000,10.367,0.000,4.090,0.001,34.024,0.5410,0.2310,-0.2361,-0.0008,0,1.20569,0.3984,0.0391,-0.2917,0.2712,0,2.05727,-0.0018,0.4554,1.0307,0.4557,0,1.36869,0.4918,0.0587,0.1241,0.1401,0,0.36751,0.0013,-0.4065,0.4226,0.2294,0,1.26504,-0.0030,0.2901,0.8370,0.4713,0,1.18121,-0.0242,0.0028,0.4788
3417.0,0,0.000,9.320,5.550,0.000,0.000,0.013,73.051,0.001,0.000,3.596,0.000,0.629,0.000,0.348,0.000,0.004,10.721,0.001,0.000,17.664,0.000,2.623,0.000,49.985,0.5443,0.3231,-0.1765,-0.0011,0,1.15718,0.2766,0.0263,-0.3913,0.2642,0,2.12306,-0.0020,0.4403,0.7308,0.3892,0,1.69528,0.4917,0.0709,0.0524,0.1064,0,0.27280,0.0006,-0.4805,0.7556,0.3807,0,1.45906,-0.0024,0.2829,1.0332,0.4741,0,1.29272,-0.0243,0.0029,0.4787
3450.5,0,0.000,12.447,4.022,0.000,0.000,0.002,13.929,0.000,0.000,2.536,0.000,0.118,0.000,0.065,0.000,0.041,2.008,0.000,0.000,12.184,0.000,2.754,0.000,50.730,0.5444,0.4398,-0.1332,0.0040,0,1.08492,0.0818,0.0177,-0.3683,0.2637,0,2.22719,-0.0027,0.3508,0.4066,0.3194,0,1.95224,0.4916,0.0526,0.0216,0.0732,0,0.23382,-0.0030,-0.3952,0.9086,0.4233,0,1.42489,-0.0021,0.2648,1.1163,0.4747,0,1.32605,-0.0243,-0.0378,0.4786
3484.0,0,0.000,6.472,3.863,0.000,0.000,0.000,2.609,2.510,0.000,0.797,0.000,0.022,0.000,0.012,0.000,0.008,0.376,0.000,0.000,2.408,0.000,0.760,0.000,26.628,0.5397,0.4680,-0.1070,0.0054,0,1.08540,-0.0413,0.0123,-0.1407,0.3017,0,2.27986,-0.0035,0.2457,0.1945,0.2528,0,2.08327,0.4914,0.0319,0.0082,0.0283,0,0.19135,-0.0041,-0.2451,0.8205,0.3870,0,1.35796,-0.0019,0.2066,1.1293,0.4701,0,1.33343,-0.0243,-0.0524,0.4785
3517.0,0,0.000,3.072,7.322,0.000,0.000,0.190,0.501,51.352,0.000,0.775,0.000,0.201,0.000,0.002,0.000,0.503,6.848,0.000,0.000,0.463,0.000,0.565,0.000,5.900,0.5351,0.4050,-0.1088,0.0032,0,1.14776,-0.0605,0.0150,0.5073,0.3609,0,1.90779,-0.0042,0.1674,0.0987,0.2087,0,2.14442,0.4914,0.0190,0.0295,0.0607,0,0.23665,-0.0025,-0.2008,0.5558,0.2943,0,1.19292,-0.0020,0.1416,1.0495,0.4605,0,1.32145,-0.0242,-0.0362,0.4785
3550.5,0,0.000,1.351,13.133,0.000,0.000,2.673,0.094,62.420,0.000,0.493,0.000,0.293,0.000,0.000,0.000,5.334,1.482,0.000,0.000,0.087,0.000,2.654,0.000,1.105,0.5324,0.2990,-0.1433,0.0010,0,1.22783,-0.0412,0.0773,0.9057,0.4167,0,1.48461,-0.0046,0.1159,0.0677,0.2186,0,2.17443,0.4916,0.0122,0.2477,0.1276,0,0.48734,-0.0006,-0.1728,0.2974,0.1795,0,0.91386,-0.0023,0.1618,0.7973,0.4506,0,1.21121,-0.0243,-0.0182,0.4784
3584.0,0,0.000,0.253,11.341,0.000,0.000,1.855,0.018,51.236,0.000,0.162,0.000,1.239,0.000,0.000,0.000,9.354,0.278,0.000,0.000,0.016,0.000,5.178,0.000,0.443,0.5285,0.1863,-0.1689,-0.0002,0,1.32447,0.0425,0.1301,1.0498,0.4393,0,1.32738,-0.0048,0.0750,0.1132,0.2827,0,2.16481,0.4917,0.0088,0.5068,0.1432,0,0.71813,0.0008,-0.1131,0.1365,0.0912,0,0.63341,0.0298,0.2563,0.4857,0.4405,0,0.90932,-0.0242,-0.0070,0.4783
3617.0,0,0.000,1.653,10.346,0.000,0.000,2.976,0.003,41.121,0.000,5.951,0.000,24.826,0.000,2.792,0.000,19.518,0.053,0.000,15.173,0.003,0.000,15.248,0.000,0.975,0.5240,0.1447,-0.1790,-0.0008,0,1.36959,0.2119,0.1852,1.0793,0.4342,0,1.31352,-0.0042,0.1461,0.5725,0.3840,0,1.81902,0.4916,0.0968,0.7356,0.1604,0,0.82799,0.0017,-0.0589,-0.0053,0.0411,0,0.37364,0.0404,0.4333,0.2938,0.4321,0,0.53882,-0.0242,-0.0014,0.4783
3650.5,0,0.000,1.142,14.394,0.000,0.000,0.849,0.001,34.872,0.000,3.565,0.000,47.964,0.000,3.059,0.000,16.842,0.010,0.000,5.885,0.001,0.000,11.729,0.000,1.171,0.5230,0.1350,-0.2012,-0.0011,0,1.35835,0.3561,0.1772,1.0595,0.4010,0,1.33143,-0.0031,0.2110,0.9293,0.4517,0,1.40905,0.4908,0.2076,0.8417,0.1602,0,0.81257,0.0020,-0.0244,-0.0836,0.0162,0,0.21367,0.0268,0.5396,0.2095,0.4142,0,0.31488,-0.0242,0.0011,0.4781
3684.0,0,0.000,0.214,12.036,0.000,0.000,0.159,0.000,7.881,0.000,0.668,0.000,56.472,0.000,2.470,0.000,6.428,6.350,0.000,1.102,0.000,0.000,5.776,0.000,0.773,0.5252,0.1013,-0.2128,-0.0012,0,1.36119,0.4332,0.1175,0.9607,0.3532,0,1.41431,-0.0024,0.1818,1.0822,0.4801,0,1.19469,0.4902,0.2493,0.7939,0.1255,0,0.73102,0.0019,-0.1286,-0.0814,0.0196,0,0.33729,0.0128,0.5320,0.1651,0.3960,0,0.24700,-0.0242,0.0022,0.4781
3717.0,0,0.000,1.239,8.784,0.000,0.000,0.031,0.000,1.514,0.000,1.998,0.000,47.256,0.000,0.636,0.000,2.053,15.930,0.000,0.212,2.238,0.000,5.265,0.000,1.511,0.5257,0.0973,-0.1968,-0.0012,0,1.35929,0.4675,0.0640,0.7312,0.3214,0,1.60845,-0.0021,0.1611,1.1328,0.4888,0,1.12449,0.4902,0.2049,0.6210,0.1212,0,0.64427,0.0014,-0.3406,0.0444,0.0615,0,0.78264,0.0043,0.4899,0.1849,0.3904,0,0.30783,-0.0242,0.0026,0.4781
3750.5,0,0.000,1.608,13.055,0.000,0.000,0.006,0.000,0.283,0.000,6.159,0.000,15.418,0.000,1.642,0.000,1.012,31.316,0.000,0.040,30.250,0.000,8.102,0.000,31.562,0.5254,0.1188,-0.1929,-0.0012,0,1.34032,0.4783,0.0318,0.4425,0.3381,0,1.80506,-0.0020,0.2139,1.1128,0.4866,0,1.17533,0.4909,0.1804,0.4172,0.1747,0,0.53605,0.0008,-0.5411,0.6035,0.1557,0,1.43939,0.0003,0.5029,0.6431,0.4148,0,0.86737,-0.0242,0.0028,0.4780
3784.0,0,0.000,1.309,19.197,0.000,0.000,0.001,0.000,0.053,0.000,1.441,0.000,2.888,0.000,2.745,0.000,1.922,33.203,0.000,0.007,49.867,0.000,5.662,0.000,65.290,0.5261,0.1308,-0.2206,-0.0012,0,1.32040,0.4587,0.0164,0.2255,0.3582,0,1.92677,-0.0021,0.2138,0.9572,0.4668,0,1.37826,0.4915,0.2037,0.3196,0.2079,0,0.45203,0.0002,-0.6491,0.9647,0.2667,0,1.48260,-0.0010,0.4944,0.9819,0.4433,0,1.19938,-0.0243,0.0029,0.4780
3817.0,0,0.000,2.409,25.626,0.000,0.000,0.000,0.000,0.010,0.000,0.277,0.000,0.555,0.000,0.588,0.000,0.620,21.104,0.000,0.001,18.681,0.000,5.059,0.000,73.265,0.5290,0.1562,-0.2639,-0.0013,0,1.27367,0.3884,0.0101,0.1047,0.3481,0,2.00172,-0.0025,0.1504,0.6539,0.4197,0,1.72214,0.4919,0.1771,0.2417,0.2183,0,0.42097,-0.0001,-0.6765,1.0799,0.3059,0,1.42518,-0.0013,0.4466,1.1144,0.4551,0,1.30504,-0.0242,0.0029,0.4779
3850.5,0,0.000,2.430,19.332,0.000,0.000,0.000,19.044,0.002,0.000,3.553,0.000,0.208,0.000,0.110,0.000,0.234,25.551,0.000,0.000,3.499,0.000,4.373,0.000,65.682,0.5335,0.1781,-0.2822,-0.0013,0,1.23356,0.2667,0.0079,-0.0458,0.3251,0,2.10524,-0.0032,0.1921,0.3638,0.3568,0,1.99307,0.4922,0.1130,0.1533,0.2035,0,0.39906,-0.0023,-0.6533,1.0024,0.2975,0,1.46270,-0.0013,0.3915,1.1599,0.4614,0,1.33882,-0.0242,0.0029,0.4778
3884.0,0,0.000,1.888,13.402,0.000,0.000,0.000,64.632,0.000,0.000,2.926,0.000,1.232,0.000,1.017,0.000,0.044,24.065,0.000,0.000,0.655,0.000,3.085,0.000,25.995,0.5342,0.1796,-0.2631,-0.0013,0,1.24259,0.1282,0.0078,-0.2277,0.3040,0,2.20363,-0.0038,0.2517,0.2275,0.3070,0,2.06863,0.4923,0.0985,0.0820,0.1577,0,0.30757,-0.0026,-0.5848,0.7161,0.2677,0,1.49644,-0.0093,0.3570,1.1601,0.4521,1,1.34127,-0.0242,0.0029,0.4775
3917.0,0,0.000,1.064,17.307,0.000,0.000,0.000,27.403,0.000,0.000,2.380,0.000,1.319,0.000,0.303,0.000,1.086,21.759,0.000,0.000,0.786,0.000,3.942,0.000,4.992,0.5301,0.1593,-0.2536,0.0024,0,1.27935,0.0103,0.0083,-0.3107,0.2949,0,2.26799,-0.0040,0.2587,0.1997,0.2870,0,2.07802,0.4922,0.0857,0.0987,0.1182,0,0.30678,-0.0012,-0.4909,0.4379,0.2559,0,1.35366,-0.0049,0.3128,1.0762,0.4209,0,1.30862,-0.0242,0.0029,0.4778
3950.5,0,0.000,0.546,9.693,0.000,0.000,0.000,5.133,2.490,0.000,1.158,0.000,0.666,0.000,0.424,0.000,2.664,12.267,0.000,0.000,0.548,0.000,3.293,0.000,0.935,0.5302,0.1243,-0.2285,0.0036,0,1.32597,-0.0343,0.0082,-0.1563,0.3261,0,2.28604,-0.0041,0.2176,0.1756,0.2863,0,2.09845,0.4917,0.0713,0.2081,0.0802,0,0.38393,0.0002,-0.4295,0.2630,0.2285,0,1.16843,0.0075,0.2896,0.8101,0.3735,0,1.14730,-0.0242,0.0029,0.4780
3984.0,0,0.000,0.421,2.102,0.000,0.000,0.000,0.961,40.783,0.000,0.465,0.000,0.824,0.000,0.891,0.000,3.233,2.800,0.000,0.000,0.382,0.000,10.058,1.565,0.271,0.5331,0.0930,-0.1641,0.0020,0,1.38100,-0.0298,0.0061,0.4865,0.3786,0,1.91091,-0.0043,0.1538,0.1530,0.2976,0,2.12521,0.4907,0.0826,0.3201,0.0778,0,0.44160,0.0012,-0.3482,0.1617,0.1637,0,0.95935,0.0108,0.3911,0.4669,0.3248,0,0.72039,-0.0242,0.0029,0.4780
4017.0,0,0.000,0.970,0.404,0.000,0.000,2.173,0.185,59.520,0.000,0.886,0.000,7.679,0.000,0.171,0.000,11.387,0.538,0.000,0.000,0.073,0.000,14.173,0.796,0.369,0.5363,0.0902,-0.0955,0.0005,0,1.40944,0.0970,0.0765,0.8948,0.4167,0,1.48660,-0.0043,0.1202,0.4151,0.3101,0,1.98052,0.4902,0.0726,0.5576,0.1158,0,0.68033,0.0018,-0.2284,0.0914,0.0943,0,0.71492,0.0062,0.5241,0.2399,0.2855,0,0.28372,-0.0242,0.0029,0.4780
4050.5,0,0.000,1.349,3.578,0.000,0.000,5.740,0.035,48.953,0.000,0.773,0.000,50.669,0.000,1.604,0.000,17.254,5.797,0.000,0.000,13.204,0.000,12.243,0.149,0.620,0.5368,0.1073,-0.0714,-0.0003,0,1.40560,0.2308,0.2131,1.0491,0.4272,0,1.35697,-0.0036,0.1066,0.8454,0.3388,0,1.56083,0.4901,0.1018,0.7922,0.1584,0,0.86663,0.0019,-0.2288,0.4138,0.0454,0,1.00679,0.0154,0.5831,0.1661,0.2606,1,0.12111,-0.0242,0.0632,0.4771
4084.0,0,0.000,1.304,6.963,0.000,0.000,3.648,0.006,49.544,0.000,1.511,0.000,70.032,0.000,1.115,0.000,15.807,19.360,0.000,0.000,18.565,0.000,11.147,0.028,1.266,0.5372,0.1217,-0.0876,-0.0008,0,1.38596,0.3326,0.2744,1.0883,0.3998,0,1.34213,-0.0028,0.1260,1.0611,0.4098,0,1.26590,0.4900,0.1286,0.8991,0.1594,0,0.92994,0.0012,-0.3638,0.7505,0.0288,0,1.33107,0.0214,0.5948,0.1658,0.2517,1,0.10865,-0.0242,0.0886,0.4773
4117.0,0,0.000,1.503,8.475,0.000,0.000,0.701,0.001,33.729,0.000,1.204,0.000,55.164,0.000,0.214,0.000,13.804,12.502,0.000,0.000,25.439,0.000,6.140,0.005,1.342,0.5395,0.1325,-0.1124,-0.0010,0,1.35814,0.4056,0.2241,1.0760,0.3579,0,1.34471,-0.0023,0.1371,1.1360,0.4571,0,1.14521,0.4898,0.1044,0.9234,0.1695,0,0.97439,0.0006,-0.4291,0.9280,0.0643,0,1.41806,0.0067,0.5835,0.1708,0.2767,1,0.13362,-0.0242,0.0663,0.4774
4150.5,0,0.000,1.491,9.305,0.000,0.000,0.131,0.000,7.170,0.000,0.453,0.000,18.302,0.000,0.040,0.000,10.534,6.165,0.000,0.000,13.619,0.000,1.871,0.001,1.463,0.5433,0.1398,-0.1322,-0.0011,0,1.33483,0.4501,0.1357,0.9781,0.3220,0,1.41439,-0.0022,0.1124,1.1346,0.4722,0,1.12782,0.4897,0.0628,0.8897,0.2079,0,1.00306,0.0003,-0.3904,0.9698,0.1055,0,1.40964,-0.0001,0.4665,0.1750,0.3199,0,0.27925,-0.0242,0.0381,0.4777
4184.0,0,0.000,1.221,8.651,0.000,0.000,0.025,0.000,1.343,0.000,0.134,0.000,3.752,0.000,0.008,0.000,2.834,1.668,0.000,0.000,2.551,0.000,1.364,0.000,2.818,0.5456,0.1379,-0.1415,-0.0012,0,1.32675,0.4722,0.0695,0.7353,0.2997,0,1.61164,-0.0022,0.0730,1.0080,0.4632,0,1.27639,0.4898,0.0335,0.7358,0.2220,0,0.94956,0.0002,-0.2892,0.8324,0.0953,0,1.33045,-0.0025,0.3274,0.2613,0.3746,0,0.56169,-0.0242,0.0197,0.4777
4217.0,0,0.000,2.558,13.188,0.000,0.000,0.005,75.367,0.258,0.000,0.026,0.000,0.721,0.000,0.001,0.000,0.544,3.677,0.000,0.000,0.490,0.000,0.262,0.000,2.501,0.5448,0.1597,-0.1667,-0.0012,0,1.29638,0.4805,0.0340,0.2719,0.2873,0,1.91886,-0.0026,0.0409,0.7165,0.4289,0,1.62644,0.4907,0.0184,0.4877,0.2229,0,0.80723,0.0003,-0.2247,0.5564,0.0592,0,1.11745,-0.0033,0.2018,0.3426,0.4184,0,0.79615,-0.0242,0.0103,0.4777
4250.5,0,0.000,2.678,17.215,0.000,0.000,0.001,149.701,0.048,0.000,4.053,0.000,0.135,0.000,0.000,0.000,0.102,5.039,0.000,0.000,0.092,0.000,0.275,0.000,21.262,0.5430,0.1867,-0.2074,-0.0012,0,1.25077,0.4795,0.0183,-0.1420,0.2753,0,2.05409,-0.0033,0.1331,0.4026,0.3723,0,1.95755,0.4918,0.0117,0.2619,0.2321,0,0.66265,0.0005,-0.2098,0.2971,0.0291,0,0.86120,-0.0033,0.1144,0.6975,0.4344,0,1.17893,-0.0242,0.0059,0.4777
4284.0,0,0.000,2.064,6.822,0.000,0.000,0.000,107.781,0.009,0.000,10.356,0.000,0.025,0.000,0.795,0.000,0.019,1.007,0.000,0.000,0.017,0.000,2.885,0.000,32.067,0.5397,0.1909,-0.1986,0.0072,0,1.25670,0.4518,0.0125,-0.3408,0.2561,0,2.07669,-0.0038,0.3036,0.1941,0.2983,0,2.05382,0.4924,0.0373,0.1216,0.1964,0,0.48462,0.0008,-0.1679,0.1365,0.0120,0,0.63345,-0.0027,0.1426,0.9649,0.4445,0,1.31194,-0.0242,0.0041,0.4777
4317.0,0,0.000,4.994,6.012,0.000,0.000,0.000,34.127,0.002,0.000,10.849,0.000,0.005,0.000,0.364,0.000,1.470,0.193,0.000,0.000,0.003,0.000,4.266,0.000,28.474,0.5360,0.2424,-0.1646,0.0098,0,1.23634,0.3787,0.0105,-0.3876,0.2421,0,2.11139,-0.0040,0.4118,0.0860,0.2370,0,2.01530,0.4925,0.0536,0.1252,0.1403,0,0.41608,0.0011,-0.1033,0.0563,0.0038,0,0.46246,0.0038,0.2216,1.0686,0.4559,1,1.33480,-0.0242,0.0034,0.4776
4350.5,0,0.000,8.342,8.791,0.000,0.000,0.000,6.678,0.000,0.000,3.328,0.000,0.001,0.000,0.068,0.000,1.406,0.036,0.000,0.000,0.001,0.000,1.316,0.000,10.470,0.5359,0.3352,-0.1541,0.0258,0,1.16939,0.2605,0.0097,-0.3206,0.2453,0,2.17850,-0.0041,0.3913,0.0352,0.2222,0,2.02081,0.4923,0.0439,0.1664,0.1129,0,0.42984,0.0015,-0.0504,0.0193,0.0002,0,0.35178,0.0032,0.2256,1.0596,0.4607,0,1.33033,-0.0242,0.0031,0.4775
4384.0,0,0.000,7.338,11.858,0.000,0.000,0.000,1.251,14.129,0.000,1.438,0.000,0.787,0.000,0.566,0.000,0.781,1.703,0.000,0.000,0.000,0.000,0.879,0.000,1.991,0.5377,0.3919,-0.1704,0.0391,0,1.11437,0.1471,0.0079,0.1898,0.3022,0,2.10263,-0.0043,0.2981,0.0596,0.2533,0,2.07613,0.4920,0.0490,0.1672,0.0995,0,0.39134,0.0015,-0.0622,0.0038,-0.0013,0,0.34123,-0.0004,0.1772,0.8847,0.4513,0,1.26760,-0.0243,0.0030,0.4776
4417.0,0,0.000,3.688,18.997,0.000,0.000,0.000,0.240,47.999,0.000,0.710,0.000,12.810,0.000,0.315,0.000,0.572,0.626,0.000,0.000,0.310,0.000,0.932,2.841,0.382,0.5386,0.3716,-0.2121,0.0322,0,1.10412,0.0952,0.0050,0.7249,0.3432,0,1.67463,-0.0042,0.2023,0.4391,0.2864,0,1.95321,0.4915,0.0530,0.1407,0.1182,0,0.36097,0.0014,-0.0704,0.0168,-0.0019,0,0.36164,-0.0020,0.1394,0.5589,0.4280,0,1.06071,-0.0242,0.0029,0.4777
4450.5,0,0.000,2.331,30.288,0.000,0.000,1.078,0.045,56.264,0.000,0.328,0.000,53.976,0.000,0.059,0.000,4.888,0.117,0.000,0.000,17.831,0.000,0.991,5.660,0.438,0.5401,0.3047,-0.2715,0.0183,0,1.12039,0.1232,0.0363,0.9841,0.3721,0,1.39007,-0.0035,0.1249,0.8693,0.3159,0,1.53944,0.4913,0.0410,0.2902,0.1749,0,0.54646,0.0012,-0.0491,0.4862,0.0082,0,0.85377,-0.0031,0.1207,0.2688,0.3940,0,0.77938,-0.0242,0.0029,0.4777
4484.0,0,0.000,0.853,34.999,0.000,0.000,5.873,0.008,51.836,0.000,3.586,0.000,74.133,0.000,0.163,0.000,11.111,0.022,0.000,0.000,31.199,0.000,6.582,11.822,0.536,0.5423,0.2204,-0.3212,0.0083,0,1.15896,0.2415,0.1663,1.0760,0.4011,0,1.31883,-0.0027,0.1791,1.0700,0.3709,0,1.28125,0.4913,0.0322,0.5435,0.2198,0,0.79419,0.0007,-0.0254,0.8436,0.0116,0,1.12484,-0.0037,0.2428,0.0880,0.3638,0,0.42077,-0.0242,0.0029,0.4777
4517.0,0,0.000,0.360,26.616,0.000,0.000,5.004,0.002,23.491,0.000,1.877,0.000,63.784,0.000,0.031,0.000,11.323,18.117,0.000,0.000,11.151,0.000,5.353,4.628,1.017,0.5429,0.1438,-0.3377,0.0030,0,1.21301,0.3544,0.2806,1.0784,0.3925,0,1.35243,-0.0022,0.2161,1.1414,0.4344,0,1.16519,0.4912,0.0239,0.6920,0.2258,0,0.90922,-0.0157,-0.1642,0.9387,0.0301,0,1.27394,0.0078,0.3252,0.0437,0.3649,1,0.28405,-0.0242,0.0029,0.4775
4550.5,0,0.000,1.539,26.639,0.000,0.000,0.937,0.000,4.400,0.000,0.901,0.000,45.242,0.000,0.006,0.000,10.322,22.712,0.000,0.000,2.089,0.000,6.399,0.867,1.490,0.5427,0.1245,-0.3375,0.0005,0,1.22648,0.4248,0.2588,0.9552,0.3548,0,1.46575,-0.0020,0.1825,1.1594,0.4705,0,1.11221,0.4908,0.0155,0.7513,0.2275,0,0.95749,-0.0871,-0.2882,0.8024,0.0336,0,1.31354,0.0110,0.3787,0.0806,0.3756,1,0.28499,-0.0242,0.0029,0.4775
4584.0,0,0.000,2.292,15.408,0.000,0.000,0.176,0.000,0.824,0.000,0.494,0.000,12.420,0.000,2.376,0.000,5.903,21.490,0.000,0.000,0.528,0.000,6.994,0.162,23.031,0.5429,0.1452,-0.3092,-0.0006,0,1.22316,0.4615,0.1649,0.6762,0.3198,0,1.67880,-0.0020,0.1294,1.1240,0.4771,0,1.13726,0.4902,0.0846,0.7024,0.2115,0,0.85809,-0.1063,-0.3253,0.5289,0.1182,0,1.24138,0.0014,0.4410,0.5164,0.4020,0,0.77047,-0.0242,0.0029,0.4777
4617.0,0,0.000,3.482,3.336,0.000,0.000,0.034,41.901,0.158,0.000,0.095,0.000,2.385,0.000,2.171,0.000,2.389,14.516,0.000,0.000,0.829,0.000,4.492,0.031,55.860,0.5423,0.1950,-0.2304,-0.0010,0,1.22844,0.4791,0.0881,0.2459,0.2988,0,1.93411,-0.0022,0.0789,0.9537,0.4502,0,1.34854,0.4898,0.1578,0.5583,0.1875,0,0.64438,-0.1049,-0.3212,0.3214,0.2782,0,1.15654,-0.0010,0.4360,0.9088,0.4234,0,1.16190,-0.0242,0.0029,0.4777
4650.5,0,0.000,5.182,3.930,0.000,0.000,0.006,112.058,0.030,0.000,0.018,0.000,0.447,0.000,0.407,0.000,5.060,4.555,0.000,0.000,0.471,0.000,5.564,0.006,71.806,0.5414,0.2665,-0.1567,-0.0012,0,1.21300,0.4864,0.0442,-0.1370,0.2872,0,2.04176,-0.0027,0.0416,0.6319,0.3837,0,1.74252,0.4903,0.1458,0.5207,0.2026,0,0.62981,-0.1203,-0.2827,0.1996,0.3441,0,1.05168,-0.0015,0.4155,1.0862,0.4267,0,1.29428,-0.0242,0.0029,0.4777
4684.0,0,0.000,4.595,4.678,0.000,0.000,0.001,136.219,0.006,0.000,2.469,0.000,0.201,0.000,0.076,0.000,14.519,12.523,0.000,0.000,0.689,0.000,5.905,0.001,71.074,0.5414,0.3116,-0.1205,-0.0012,0,1.19669,0.4849,0.0238,-0.3384,0.2808,0,2.05263,-0.0035,0.0888,0.3457,0.2812,0,2.03953,0.4911,0.0924,0.6879,0.2412,0,0.84490,-0.1210,-0.3534,0.1492,0.3153,0,1.06446,-0.0005,0.3992,1.1499,0.4254,1,1.33340,-0.0242,0.0029,0.4777
4717.0,0,0.000,3.752,5.584,0.000,0.000,0.000,116.609,0.001,0.000,1.355,0.000,0.158,0.000,0.231,0.000,17.757,11.130,0.000,0.000,0.272,0.000,3.645,0.000,64.693,0.5425,0.3146,-0.1103,-0.0013,0,1.19606,0.4677,0.0151,-0.4214,0.2773,0,2.04829,-0.0042,0.1287,0.1780,0.1713,0,2.15160,0.4914,0.0587,0.8464,0.2583,0,0.98672,-0.0995,-0.4271,0.1112,0.2825,0,1.08399,-0.0015,0.3862,1.1680,0.4172,1,1.34236,-0.0242,0.0029,0.4767
4750.5,0,0.000,5.723,8.124,0.000,0.000,0.000,86.481,0.000,0.000,0.498,0.000,0.133,0.000,0.225,0.000,11.677,2.532,0.155,0.000,0.424,0.000,3.288,0.000,27.467,0.5447,0.3325,-0.1188,-0.0013,0,1.17250,0.4103,0.0116,-0.4482,0.2916,0,2.07034,-0.0046,0.1152,0.0933,0.1491,0,2.18766,0.4914,0.0444,0.8993,0.2391,0,1.02248,-0.0658,-0.3741,0.0870,0.3275,0,1.01472,-0.0123,0.3559,1.1585,0.4090,1,1.34076,-0.0242,0.0029,0.4761
4784.0,0,0.000,8.368,13.593,0.000,0.000,0.000,18.438,0.313,0.000,0.093,0.000,0.561,0.000,0.042,0.000,6.298,0.629,0.423,0.000,4.216,0.000,5.666,0.000,5.548,0.5459,0.3793,-0.1565,-0.0013,0,1.11728,0.2999,0.0102,-0.3958,0.3343,0,2.13334,-0.0048,0.0764,0.0770,0.1946,0,2.19741,0.4913,0.0312,0.8445,0.2214,0,1.00568,-0.0354,-0.2309,0.2336,0.3978,0,1.02607,-0.0057,0.3537,1.0763,0.3958,0,1.29617,-0.0242,0.0029,0.4778
4817.0,0,0.000,7.779,5.937,0.000,0.000,0.608,3.541,43.970,0.000,0.840,0.000,2.180,0.000,0.715,0.000,1.532,2.300,0.525,0.000,9.867,0.000,6.806,0.000,1.544,0.5443,0.4119,-0.1599,-0.0013,0,1.09251,0.1799,0.0304,0.2530,0.3622,0,2.01653,-0.0048,0.0695,0.1527,0.2412,0,2.16381,0.4914,0.0446,0.6605,0.1933,0,0.87827,-0.0165,-0.1416,0.5339,0.4229,0,1.18169,-0.0032,0.4071,0.8442,0.3679,0,1.10821,-0.0242,0.0029,0.4781
4850.5,0,0.000,3.515,6.976,0.000,0.000,2.004,0.663,62.869,0.000,0.205,0.000,6.008,0.000,1.410,0.000,0.354,12.716,0.151,0.000,13.170,0.000,10.525,0.000,0.614,0.5379,0.3811,-0.1456,0.0026,0,1.14491,0.0909,0.0803,0.7891,0.3581,0,1.62195,-0.0046,0.0599,0.3478,0.2770,0,2.04554,0.4913,0.0848,0.4095,0.1281,0,0.62387,-0.0070,-0.2459,0.7970,0.3986,0,1.35775,-0.0027,0.4951,0.5356,0.3346,0,0.71263,-0.0243,0.0029,0.4781
4884.0,0,0.000,2.110,14.927,0.000,0.000,4.868,0.124,57.520,0.000,0.289,0.000,26.324,0.000,0.264,0.000,0.066,26.184,0.028,0.000,8.399,0.000,10.789,0.000,0.115,0.5338,0.3065,-0.1731,0.0037,0,1.19951,0.0413,0.1787,1.0075,0.3333,0,1.44851,-0.0039,0.0483,0.7358,0.3104,0,1.68216,0.4911,0.0849,0.2109,0.0557,0,0.43316,-0.0029,-0.4350,0.8812,0.3960,0,1.44042,-0.0027,0.5646,0.2853,0.3080,0,0.31373,-0.0242,0.0002,0.4781
4917.0,0,0.000,0.925,15.707,0.000,0.000,19.314,0.024,46.263,0.000,0.733,0.000,38.032,0.000,0.051,0.000,0.013,32.408,0.005,0.000,3.157,0.000,4.131,1.131,0.260,0.5352,0.2225,-0.2079,0.0109,0,1.24089,0.0393,0.3888,1.0746,0.3071,0,1.47287,-0.0031,0.0573,0.9833,0.3746,0,1.36946,0.4912,0.0575,0.0963,0.0322,0,0.36685,-0.0012,-0.5799,0.7643,0.4175,0,1.50955,-0.0036,0.5485,0.1565,0.2896,1,0.15669,-0.0243,-0.0009,0.4797
4950.5,0,0.000,0.566,15.423,0.000,0.000,4.949,0.004,31.210,0.000,0.828,0.000,12.106,0.000,0.010,0.000,0.002,22.588,0.001,0.000,1.641,0.000,0.774,0.212,1.097,0.5383,0.1515,-0.2296,0.0120,0,1.28030,0.1968,0.4632,1.0712,0.2828,0,1.48922,-0.0026,0.0724,1.0493,0.4358,0,1.24448,0.4916,0.0333,0.0387,0.0490,0,0.31889,-0.0346,-0.6101,0.5597,0.3793,0,1.51473,-0.0141,0.4349,0.1405,0.3132,0,0.24404,-0.0241,0.0001,0.4771
4984.0,0,0.000,2.914,23.071,0.000,0.000,0.927,0.001,5.908,0.000,1.523,0.000,2.514,0.000,0.002,0.000,0.385,24.797,0.000,0.000,4.545,0.000,0.549,0.040,1.450,0.5414,0.1623,-0.2622,0.0073,0,1.24247,0.3505,0.3629,0.9653,0.2682,0,1.53566,-0.0025,0.0966,0.9209,0.4645,0,1.38942,0.4922,0.0193,0.0361,0.0868,0,0.34011,-0.1170,-0.5666,0.5059,0.3424,0,1.46882,-0.0072,0.2525,0.1426,0.3448,0,0.46663,-0.0242,0.0013,0.4774
5017.0,0,0.000,2.865,29.979,0.000,0.000,0.178,0.000,1.135,0.000,2.608,0.000,0.483,0.000,0.000,0.000,0.579,14.940,0.000,0.000,13.063,0.000,1.700,0.008,2.581,0.5434,0.1961,-0.3015,0.0031,0,1.18195,0.4302,0.2173,0.7142,0.3154,0,1.67050,-0.0028,0.1406,0.6269,0.4673,0,1.72136,0.4924,0.0125,0.0592,0.1052,0,0.36312,-0.2264,-0.4853,0.6814,0.4013,0,1.45269,-0.0051,0.1769,0.2223,0.3751,0,0.66147,-0.0242,0.0021,0.4775
5050.5,0,0.000,2.608,31.320,0.000,0.000,0.033,0.000,0.213,0.000,13.658,0.000,0.090,0.000,1.070,0.000,5.960,2.930,0.000,0.000,13.408,0.000,5.973,0.001,3.825,0.5429,0.2069,-0.3307,0.0007,0,1.15121,0.4650,0.1101,0.4184,0.3613,0,1.84371,-0.0032,0.2949,0.3395,0.4378,0,1.95967,0.4923,0.0494,0.2753,0.1262,0,0.50716,-0.2399,-0.3652,0.8751,0.4637,0,1.41136,-0.0042,0.2474,0.3587,0.3901,0,0.75489,-0.0242,-0.0506,0.4775
5084.0,0,0.000,1.842,29.007,0.000,0.000,0.006,0.000,0.040,0.000,5.115,0.000,0.017,0.000,0.530,0.000,21.284,0.549,0.000,0.000,21.630,0.000,5.526,0.000,1.999,0.5409,0.1948,-0.3428,-0.0005,0,1.16293,0.4702,0.0521,0.2084,0.3773,0,1.95612,-0.0036,0.3579,0.1598,0.3692,0,2.02810,0.4916,0.0725,0.6415,0.1713,0,0.80435,-0.1677,-0.2297,1.0208,0.4878,0,1.36946,-0.0037,0.3268,0.3865,0.3751,0,0.70771,-0.0242,-0.0714,0.4775
5117.0,0,0.000,1.962,21.439,0.000,0.000,0.001,4.381,0.008,0.000,2.122,0.000,0.003,0.000,1.840,0.000,27.693,0.105,0.622,0.000,14.247,0.000,5.660,0.000,1.449,0.5393,0.1824,-0.3327,-0.0010,0,1.19404,0.4410,0.0254,0.0676,0.3790,0,2.02843,-0.0040,0.3178,0.0700,0.3132,0,2.07004,0.4909,0.1097,0.8799,0.1911,0,0.94960,-0.0926,-0.1018,1.0651,0.4956,0,1.34480,-0.0009,0.3707,0.3224,0.3450,0,0.57385,-0.0242,-0.0511,0.4775
5150.5,0,0.000,2.331,10.938,0.000,0.000,0.000,110.526,0.001,0.000,1.019,0.000,0.281,0.000,2.914,0.000,23.583,2.299,0.117,0.000,4.138,0.000,5.503,0.000,1.596,0.5405,0.1811,-0.2852,-0.0012,0,1.22674,0.3635,0.0143,-0.1659,0.3659,0,2.12430,-0.0043,0.2379,0.0461,0.2922,0,2.11820,0.4904,0.1735,0.9766,0.1717,0,0.96131,-0.0439,-0.0756,0.9583,0.4953,0,1.32806,-0.0001,0.3847,0.2575,0.3237,0,0.46515,-0.0242,-0.0267,0.4775
5184.0,0,0.000,3.548,8.095,0.000,0.000,0.000,70.561,0.000,0.000,0.496,0.000,6.809,0.000,0.782,0.000,10.528,13.028,0.022,0.000,1.306,0.000,3.893,0.000,1.666,0.5429,0.2143,-0.2243,-0.0013,0,1.22769,0.2462,0.0107,-0.3272,0.3677,0,2.19223,-0.0044,0.1580,0.2982,0.3150,0,2.04856,0.4897,0.1711,0.9545,0.1376,0,0.94269,-0.0393,-0.1496,0.7025,0.4739,0,1.28494,-0.0013,0.3641,0.2209,0.3229,0,0.43740,-0.0242,-0.0111,0.4776
5217.0,0,0.000,5.184,5.857,0.000,0.000,0.000,14.494,0.000,0.000,0.095,0.000,40.003,0.000,0.150,0.000,2.216,15.184,0.004,0.000,1.796,0.000,3.159,0.000,1.724,0.5446,0.2742,-0.1735,-0.0013,0,1.20044,0.1387,0.0096,-0.3416,0.3756,0,2.23669,-0.0037,0.0920,0.7669,0.3596,0,1.63027,0.4892,0.1170,0.7804,0.1110,0,0.86417,-0.0865,-0.2428,0.4703,0.4283,0,1.22489,-0.0025,0.3267,0.2050,0.3177,0,0.45156,-0.0242,-0.0033,0.4776
5250.5,0,0.000,4.560,6.664,0.000,0.000,0.000,2.715,23.068,0.000,2.175,0.000,60.840,0.000,0.028,0.000,0.415,11.365,0.001,0.000,0.555,0.000,2.702,0.000,1.228,0.5452,0.3124,-0.1445,0.0075,0,1.18465,0.0868,0.0078,0.2311,0.3879,0,2.07211,-0.0029,0.1115,1.0254,0.3856,0,1.32001,0.4895,0.0654,0.4985,0.1332,0,0.73267,-0.1280,-0.3200,0.2958,0.3372,0,1.14602,-0.0032,0.2917,0.1884,0.3065,0,0.46161,-0.0242,0.0004,0.4776
5284.0,0,0.000,3.651,9.382,0.000,0.000,0.000,0.509,55.292,0.000,2.898,0.000,67.614,0.000,0.005,0.000,0.078,5.329,0.000,0.000,3.063,0.000,2.660,0.000,1.327,0.5443,0.3111,-0.1415,0.0158,0,1.18920,0.1368,0.0047,0.7787,0.3540,0,1.60633,-0.0024,0.1727,1.1232,0.3906,0,1.21438,0.4899,0.0343,0.2600,0.1596,0,0.59553,-0.1118,-0.3335,0.2674,0.2558,0,1.09861,-0.0037,0.2694,0.1953,0.2982,0,0.48997,-0.0242,0.0019,0.4776
5317.0,0,0.000,2.308,7.233,0.000,0.000,0.000,0.098,49.554,0.000,2.205,0.000,57.798,0.000,0.212,0.000,0.015,14.239,0.000,0.000,4.352,0.000,3.503,0.000,14.364,0.5440,0.2733,-0.1411,0.0138,0,1.21907,0.2136,0.0031,1.0111,0.2981,0,1.37543,-0.0021,0.2007,1.1540,0.3756,0,1.19456,0.4903,0.0279,0.1197,0.1637,0,0.48966,-0.0696,-0.4095,0.3736,0.2355,0,1.24738,-0.0036,0.2806,0.5241,0.3003,0,0.85894,-0.0242,0.0025,0.4775
5350.5,0,0.000,1.387,1.634,0.000,0.000,0.291,0.018,52.186,0.000,1.294,0.000,17.019,0.000,0.223,0.000,0.003,7.661,0.000,0.000,1.245,0.000,6.844,0.000,42.506,0.5419,0.2180,-0.1097,0.0078,0,1.28727,0.2817,0.0135,1.0925,0.3229,0,1.26865,-0.0021,0.1823,1.1386,0.3537,0,1.22073,0.4908,0.0318,0.0488,0.1460,0,0.39825,-0.0352,-0.4472,0.3728,0.1916,0,1.26632,-0.0030,0.3689,0.8915,0.3315,0,1.14640,-0.0242,0.0028,0.4775
5384.0,0,0.000,1.525,0.306,0.000,0.000,5.176,0.003,55.896,0.000,0.314,0.000,3.188,0.000,0.042,0.000,4.356,1.435,0.000,0.000,0.233,0.000,5.299,0.000,66.726,0.5393,0.1795,-0.0659,0.0033,0,1.34466,0.3536,0.1242,1.1096,0.3374,0,1.28058,-0.0022,0.1293,1.0047,0.3281,0,1.38024,0.4913,0.0274,0.2065,0.1594,0,0.53316,-0.0157,-0.3564,0.2531,0.1192,0,1.04315,-0.0023,0.4188,1.0774,0.3842,0,1.26939,-0.0242,0.0028,0.4775
5417.0,0,0.000,1.786,4.563,0.000,0.000,0.994,0.001,27.856,0.000,1.210,0.000,0.680,0.000,2.086,0.000,17.351,12.593,0.000,0.000,3.631,0.000,4.906,0.000,71.031,0.5350,0.1656,-0.0625,0.0009,0,1.35789,0.4109,0.1644,1.0865,0.3204,0,1.31989,-0.0026,0.1088,0.7085,0.2876,0,1.72535,0.4914,0.0905,0.5659,0.1709,0,0.75633,-0.0063,-0.3308,0.2764,0.0612,0,1.00122,-0.0018,0.4068,1.1476,0.4310,0,1.31646,-0.0242,0.0029,0.4774
5450.5,0,0.000,1.116,8.788,0.000,0.000,0.186,0.000,5.218,0.000,4.792,0.000,0.127,0.000,1.251,0.000,16.571,21.080,0.000,0.000,24.992,0.000,2.701,0.000,69.450,0.5290,0.1497,-0.0935,-0.0003,0,1.35637,0.4459,0.1190,0.9674,0.2991,0,1.42114,-0.0033,0.2095,0.3959,0.2299,0,2.00686,0.4910,0.1381,0.8103,0.1339,0,0.87116,-0.0231,-0.3862,0.6793,0.0412,0,1.32125,-0.0017,0.3443,1.1708,0.4447,0,1.33476,-0.0242,0.0029,0.4774
5484.0,0,0.000,0.695,11.442,0.000,0.000,0.035,0.000,0.977,0.000,23.052,0.000,0.024,0.000,0.767,0.000,16.352,13.335,0.000,0.000,22.047,0.000,2.684,0.000,73.835,0.5256,0.1244,-0.1337,-0.0008,0,1.35992,0.4515,0.0665,0.6998,0.2810,0,1.64640,-0.0037,0.4662,0.1897,0.1549,0,1.99529,0.4905,0.1327,0.9226,0.1166,0,0.94432,-0.0284,-0.4498,0.9452,0.0645,0,1.42728,-0.0017,0.2753,1.1779,0.4396,0,1.34463,-0.0242,0.0029,0.4774
5517.0,0,0.000,0.879,16.196,0.000,0.000,0.007,0.000,0.188,0.000,12.357,0.000,0.005,0.000,1.371,0.000,17.523,3.055,0.000,0.000,32.009,0.000,7.809,0.000,78.854,0.5262,0.1099,-0.1824,-0.0011,0,1.35140,0.4045,0.0340,0.4071,0.2429,0,1.88585,-0.0035,0.5913,0.0831,0.1382,0,1.89471,0.4901,0.1304,0.9730,0.1402,0,0.98779,-0.0192,-0.4103,1.0512,0.0700,0,1.41127,-0.0016,0.3305,1.1812,0.4297,0,1.34711,-0.0242,0.0029,0.4774
5550.5,0,0.000,0.385,24.980,0.000,0.000,0.001,0.000,0.035,0.000,3.700,0.000,0.001,0.000,0.306,0.000,7.830,0.572,0.542,0.000,32.088,0.000,5.414,0.000,67.194,0.5292,0.0904,-0.2430,0.0106,0,1.34459,0.2929,0.0179,0.2008,0.2454,0,2.04565,-0.0034,0.5534,0.0333,0.1930,0,1.91861,0.4899,0.1054,0.9364,0.1852,0,1.00086,-0.0101,-0.2585,1.0750,0.0486,0,1.35732,-0.0015,0.3917,1.1823,0.4428,0,1.34641,-0.0242,0.0029,0.4774
5584.0,0,0.000,0.623,23.179,0.000,0.000,0.000,0.000,0.007,0.000,1.015,0.000,0.688,0.000,0.057,0.000,1.467,6.161,0.102,0.000,7.194,0.000,1.625,0.000,24.707,0.5306,0.0803,-0.2830,0.0141,0,1.34057,0.0443,0.0109,0.0904,0.3246,0,2.17238,-0.0037,0.4032,0.0556,0.2651,0,2.03199,0.4901,0.0657,0.7352,0.1889,0,0.91360,-0.0046,-0.1981,0.9979,0.0258,0,1.31178,-0.0061,0.3636,1.1701,0.4630,1,1.34604,-0.0243,0.0029,0.4771
5617.0,0,0.000,0.400,13.349,0.000,0.000,0.000,0.000,0.001,0.000,0.487,0.000,3.165,0.000,0.011,0.000,0.282,22.853,0.019,0.000,1.521,0.000,2.114,0.000,4.946,0.5306,0.0723,-0.2722,0.0091,0,1.36415,-0.1420,0.0079,0.0396,0.3822,0,2.23386,-0.0040,0.2483,0.1937,0.3105,0,2.07582,0.4903,0.0367,0.4516,0.1583,0,0.71427,-0.0019,-0.3163,0.7743,0.0117,0,1.30168,-0.0087,0.3024,1.0859,0.4705,0,1.32213,-0.0242,0.0029,0.4777
5650.5,0,0.000,0.368,5.379,0.000,0.000,0.000,0.000,0.000,0.000,1.008,0.000,17.962,0.000,0.047,0.000,0.053,16.122,0.004,0.000,1.214,0.000,2.804,0.000,0.926,0.5303,0.0635,-0.2149,0.0042,0,1.40922,-0.1631,0.0067,0.0173,0.3811,0,2.25231,-0.0038,0.1648,0.5972,0.3488,0,1.81474,0.4902,0.0225,0.2277,0.1230,0,0.50183,-0.0006,-0.4302,0.5118,0.0698,0,1.28496,-0.0031,0.2682,0.8194,0.4619,0,1.18962,-0.0242,0.0029,0.4781
5684.0,0,0.000,0.415,1.008,0.000,0.000,0.000,0.000,3.174,0.000,1.171,0.000,36.143,0.000,0.009,0.000,0.010,3.020,0.001,0.000,1.704,0.000,4.510,7.126,0.174,0.5306,0.0597,-0.1367,0.0013,0,1.45300,-0.0912,0.0061,0.1448,0.3589,0,2.18314,-0.0031,0.1419,0.9149,0.3668,0,1.47177,0.4902,0.0155,0.1009,0.1508,0,0.41090,0.0001,-0.3990,0.3499,0.2331,0,1.21464,-0.0025,0.2972,0.4390,0.4387,0,0.82625,-0.0242,0.0029,0.4782
5717.0,0,0.000,0.385,5.660,0.000,0.000,0.000,0.000,39.049,0.000,2.092,0.000,19.152,0.000,0.188,0.000,2.604,0.580,0.449,0.000,0.467,0.000,4.750,7.871,0.490,0.5316,0.0578,-0.1053,-0.0001,0,1.46523,0.0678,0.0048,0.6225,0.3066,0,1.80759,-0.0026,0.1523,1.0358,0.3611,0,1.33442,0.4909,0.0191,0.1544,0.1973,0,0.48944,0.0008,-0.2542,0.2331,0.2887,0,0.99218,-0.0030,0.3354,0.1745,0.4093,0,0.46081,-0.0242,0.0029,0.4782
5750.5,0,0.000,0.124,8.918,0.000,0.300,0.000,0.000,53.114,0.000,2.055,0.000,3.639,0.000,0.035,0.000,11.683,0.109,0.189,0.000,0.087,0.000,4.016,1.753,1.225,0.5341,0.0464,-0.1181,-0.0007,0,1.45517,0.2224,-0.0060,0.9397,0.2659,0,1.47423,-0.0025,0.1623,0.9649,0.3387,0,1.43339,0.4914,0.0190,0.4612,0.2263,0,0.76537,0.0015,-0.1182,0.1305,0.2220,0,0.70750,-0.0035,0.3533,0.1116,0.3873,0,0.34559,-0.0242,0.0029,0.4781
5784.0,0,0.000,0.023,7.789,0.000,0.056,0.000,0.000,41.076,0.000,0.784,0.000,0.682,0.000,0.344,0.000,22.531,0.566,0.035,0.000,0.410,0.000,8.081,0.328,17.918,0.5332,0.0303,-0.1327,0.0034,0,1.46300,0.3140,-0.0096,1.0524,0.2855,0,1.32581,-0.0027,0.1405,0.6924,0.3073,0,1.73820,0.4916,0.0274,0.7733,0.2472,0,0.98025,0.0020,-0.0605,0.0842,0.1271,0,0.53660,-0.0034,0.4279,0.4663,0.4076,0,0.72239,-0.0243,0.0029,0.4780
5817.0,0,0.000,0.004,7.907,0.000,0.011,6.488,0.000,41.523,0.000,1.360,0.000,0.131,0.000,0.118,0.000,24.264,6.269,0.007,0.000,13.518,0.000,13.087,0.063,27.435,0.5299,0.0184,-0.1380,0.0046,0,1.48245,0.3753,0.1325,1.0743,0.3027,0,1.34521,-0.0034,0.1272,0.3939,0.2793,0,2.00005,0.4916,0.0294,0.9407,0.2474,0,1.06857,0.0020,-0.1124,0.4152,0.2853,0,1.01113,-0.0027,0.5272,0.7980,0.4397,0,1.01991,-0.0242,0.0029,0.4780
5850.5,0,0.000,0.192,14.403,0.000,0.002,1.263,0.000,36.398,0.000,1.464,0.000,0.025,0.000,0.022,0.000,14.436,1.989,0.001,0.000,12.620,0.000,11.174,0.012,22.704,0.5297,0.0198,-0.1675,0.0027,0,1.46622,0.4256,0.1950,1.0663,0.2981,0,1.36465,-0.0040,0.1289,0.1906,0.2553,0,2.12435,0.4913,0.0216,0.9762,0.2031,0,1.08166,0.0013,-0.1456,0.7089,0.4087,0,1.27393,-0.0021,0.5845,0.9614,0.4585,0,1.14465,-0.0242,-0.0649,0.4780
5884.0,0,0.000,0.795,22.189,0.000,0.000,0.237,0.000,7.344,0.000,0.772,0.000,0.005,0.000,0.004,0.000,3.084,0.373,0.000,0.000,16.962,0.000,7.428,0.002,14.217,0.5337,0.0456,-0.2229,0.0008,0,1.39805,0.4583,0.1445,0.9818,0.2888,0,1.41453,-0.0045,0.1174,0.0843,0.2404,0,2.17572,0.4909,0.0139,0.8442,0.1376,0,1.00728,0.0007,-0.1130,0.8715,0.4470,0,1.32117,-0.0018,0.5782,0.9991,0.4630,0,1.17939,-0.0242,-0.0888,0.4779
5917.0,0,0.000,0.998,21.420,0.000,0.000,0.045,6.474,1.410,0.000,0.148,0.000,0.264,0.000,0.001,0.000,0.592,0.072,0.000,0.000,11.654,0.000,2.629,0.000,4.053,0.5376,0.0761,-0.2644,-0.0003,0,1.33107,0.4736,0.0820,0.7240,0.2840,0,1.61642,-0.0047,0.0838,0.0531,0.2504,0,2.19872,0.4908,0.0098,0.5732,0.1329,0,0.85039,0.0004,-0.0653,0.9098,0.4459,0,1.31004,-0.0018,0.4875,0.8997,0.4576,0,1.13745,-0.0242,-0.0619,0.4778
5950.5,0,0.000,1.281,6.173,0.000,0.000,0.009,121.364,0.264,0.000,0.278,0.000,16.521,0.000,0.450,0.000,0.111,19.050,0.000,0.000,4.072,0.000,1.214,0.000,0.846,0.5390,0.1023,-0.2356,-0.0009,0,1.31545,0.4796,0.0415,0.2214,0.2812,0,1.93540,-0.0045,0.0575,0.4898,0.3152,0,1.92310,0.4910,0.0259,0.3106,0.1323,0,0.63346,-0.0318,-0.1926,0.7975,0.3993,0,1.33207,-0.0022,0.3453,0.6470,0.4465,0,0.99468,-0.0211,-0.0320,0.4778
5984.0,0,0.000,1.617,1.156,0.000,0.000,0.002,147.287,0.049,0.000,0.296,0.000,66.151,0.000,0.145,0.000,0.021,28.271,0.000,0.000,0.763,0.000,1.849,3.804,0.366,0.5392,0.1253,-0.1561,-0.0011,0,1.33687,0.4676,0.0222,-0.1751,0.2731,0,2.05483,-0.0035,0.0458,0.9157,0.3920,0,1.42951,0.4912,0.0334,0.1448,0.1264,0,0.47881,-0.0588,-0.3588,0.5560,0.3054,0,1.33133,-0.0029,0.2578,0.3573,0.4291,0,0.76094,-0.0198,-0.0134,0.4778
6017.0,0,0.000,4.207,5.337,0.000,0.000,0.000,74.859,0.010,0.000,1.767,0.000,80.968,0.000,0.028,0.000,0.004,23.503,0.000,0.000,0.850,0.000,2.776,3.315,0.417,0.5403,0.1943,-0.1154,-0.0011,0,1.29984,0.4160,0.0144,-0.3459,0.2687,0,2.07640,-0.0027,0.0832,1.0943,0.4287,0,1.19723,0.4915,0.0267,0.0613,0.1332,0,0.41402,-0.0779,-0.4327,0.3488,0.2745,0,1.27408,-0.0035,0.2437,0.1672,0.4082,0,0.54234,-0.0210,0.0773,0.4778
6050.5,0,0.000,5.069,12.594,0.000,0.000,0.000,14.799,0.002,0.000,2.759,0.000,75.868,0.000,0.005,0.000,0.001,9.761,0.000,0.000,4.104,0.000,2.778,1.480,0.964,0.5417,0.2714,-0.1410,-0.0012,0,1.21838,0.2421,0.0113,-0.3555,0.3107,0,2.16414,-0.0023,0.1510,1.1563,0.4330,0,1.14023,0.4918,0.0180,0.0226,0.1104,0,0.34078,-0.1423,-0.4340,0.3530,0.3216,0,1.30096,-0.0039,0.2492,0.1038,0.3892,0,0.44676,-0.0225,0.1131,0.4777
6084.0,0,0.000,6.397,19.284,0.000,0.000,0.000,2.772,0.000,0.000,1.808,0.000,22.779,0.000,0.257,0.000,0.000,1.895,0.000,0.000,12.841,0.000,3.723,0.277,1.436,0.5402,0.3315,-0.2000,-0.0013,0,1.13076,-0.0181,0.0096,-0.2587,0.3331,0,2.27380,-0.0021,0.1768,1.1615,0.4172,0,1.15264,0.4919,0.0231,0.0062,0.0865,0,0.25157,-0.2221,-0.3471,0.5866,0.4052,0,1.37920,-0.0008,0.2765,0.1180,0.3787,0,0.42959,-0.0234,0.0829,0.4777
6117.0,0,0.000,6.612,24.343,0.000,0.000,0.000,0.532,23.197,0.000,0.409,0.000,4.565,0.000,0.358,0.000,0.000,0.364,0.000,0.000,15.398,0.000,10.628,0.053,10.780,0.5374,0.3689,-0.2566,-0.0013,0,1.06708,-0.1718,0.0072,0.3208,0.3381,0,2.07150,-0.0021,0.1403,1.0756,0.3801,0,1.26974,0.4920,0.0355,-0.0003,0.1214,0,0.23656,-0.2307,-0.2175,0.7903,0.4620,0,1.37601,0.0065,0.4098,0.4145,0.3795,0,0.66498,-0.0239,0.0471,0.4777
6150.5,0,0.000,3.455,26.154,0.000,0.000,0.000,0.100,58.444,0.000,0.077,0.000,1.388,0.000,0.463,0.000,0.344,6.283,0.000,0.000,32.827,0.000,9.697,0.010,31.349,0.5347,0.3488,-0.2953,-0.0014,0,1.06852,-0.1803,0.0042,0.8213,0.3455,0,1.58387,-0.0024,0.0844,0.8228,0.3399,0,1.57626,0.4919,0.0486,0.0171,0.1630,0,0.26726,-0.1657,-0.2272,0.9847,0.4847,0,1.38487,0.0078,0.5158,0.7709,0.3931,0,0.98604,-0.0241,0.0238,0.4776
6184.0,0,0.000,1.869,16.492,0.000,0.000,1.884,0.019,61.717,0.000,0.705,0.000,0.421,0.000,0.399,0.000,1.104,4.199,0.000,0.000,16.258,0.000,8.545,0.002,50.512,0.5337,0.2834,-0.2922,-0.0014,0,1.13824,-0.0855,0.0574,1.0334,0.3601,0,1.35358,-0.0031,0.0704,0.5069,0.3023,0,1.91074,0.4917,0.0558,0.0647,0.1759,0,0.31957,-0.0921,-0.2613,1.0640,0.4853,0,1.37782,0.0115,0.5440,1.0017,0.4116,0,1.19506,-0.0242,0.0120,0.4776
6217.0,0,0.000,1.491,8.518,0.000,0.000,6.327,0.004,52.657,0.000,1.179,0.000,0.081,0.000,0.077,0.000,8.936,0.806,0.000,0.000,3.122,0.000,4.999,0.000,65.086,0.5342,0.2202,-0.2462,-0.0014,0,1.22415,0.1127,0.2107,1.1015,0.3508,0,1.34627,-0.0038,0.0949,0.2675,0.2685,0,2.09571,0.4919,0.0454,0.3562,0.2033,0,0.61981,-0.0445,-0.2103,0.9692,0.4355,0,1.37819,0.0415,0.4998,1.1130,0.4462,0,1.30231,-0.0242,0.0067,0.4775
6250.5,0,0.000,1.050,10.352,0.000,0.000,3.965,0.001,37.420,0.000,2.532,0.000,0.015,0.000,0.014,0.000,19.020,0.151,0.000,0.000,0.585,0.000,0.936,0.000,47.877,0.5355,0.1710,-0.2080,-0.0013,0,1.28222,0.2978,0.3057,1.1031,0.3223,0,1.38005,-0.0043,0.1419,0.1248,0.2883,0,2.14345,0.4920,0.0284,0.6977,0.2324,0,0.91628,0.0458,-0.1240,0.6773,0.3020,0,1.21206,0.0494,0.3660,1.1528,0.4667,0,1.34630,-0.0242,0.0044,0.4775
6284.0,0,0.000,1.685,10.784,0.000,0.000,0.743,0.000,8.367,0.000,0.960,0.000,0.427,0.000,0.003,0.000,16.291,0.028,0.000,2.187,0.110,0.000,1.970,0.000,34.193,0.5353,0.1538,-0.1939,-0.0013,0,1.29750,0.4032,0.2584,1.0184,0.2980,0,1.43910,-0.0046,0.1490,0.0811,0.3442,0,2.13857,0.4920,0.0163,0.8592,0.1978,0,1.00181,0.1082,-0.0590,0.3552,0.1635,0,0.80996,0.0334,0.2595,1.1517,0.4665,0,1.34984,-0.0242,0.0035,0.4774
6317.0,0,0.000,3.083,12.968,0.000,0.000,0.143,0.000,1.607,0.000,3.339,0.000,4.690,0.000,0.001,0.000,5.696,0.005,0.000,3.070,0.021,0.000,5.433,0.000,15.191,0.5345,0.1787,-0.1991,0.0094,0,1.27663,0.4518,0.1588,0.7888,0.2839,0,1.60136,-0.0045,0.1664,0.2278,0.4022,0,2.05180,0.4917,0.0100,0.8233,0.1321,0,0.94353,0.0992,-0.0231,0.1365,0.0765,0,0.47343,0.0256,0.2840,1.1123,0.4592,0,1.33007,-0.0242,0.0031,0.4774
6350.5,0,0.000,2.990,4.237,0.000,0.000,0.027,7.555,0.301,0.000,5.247,0.000,12.939,0.000,0.000,0.000,1.067,0.001,0.000,0.575,0.004,0.000,5.703,0.000,2.874,0.5302,0.2100,-0.1705,0.0127,0,1.28247,0.4715,0.0819,0.4375,0.2769,0,1.82688,-0.0040,0.2022,0.5273,0.4461,0,1.82599,0.4914,0.0075,0.6107,0.0826,0,0.77550,0.0620,-0.0057,0.0347,0.0317,0,0.30804,0.0967,0.3551,0.9552,0.4442,0,1.24406,-0.0242,0.0030,0.4774
6384.0,0,0.000,2.582,5.084,0.000,0.000,0.005,114.990,0.056,0.000,1.688,0.000,10.990,0.000,0.000,0.000,0.200,0.548,0.000,0.108,0.001,0.000,7.471,0.000,0.538,0.5264,0.2175,-0.1363,0.0081,0,1.30818,0.4722,0.0402,0.0082,0.2714,0,2.00358,-0.0034,0.1955,0.7261,0.4728,0,1.62592,0.4914,0.0070,0.3555,0.0799,0,0.58274,0.0321,-0.0142,0.0024,0.0116,0,0.27384,0.1311,0.4299,0.6473,0.4067,0,0.95660,-0.0242,0.0029,0.4774
6417.0,0,0.000,2.842,8.381,0.000,0.000,0.001,158.537,0.011,0.000,0.324,0.000,4.968,0.000,0.000,0.000,0.038,3.157,0.000,0.021,1.261,0.000,9.791,0.000,0.305,0.5282,0.2192,-0.1305,0.0037,0,1.30391,0.4246,0.0218,-0.2731,0.2836,0,2.06023,-0.0030,0.1412,0.7474,0.4844,0,1.58755,0.4914,0.0070,0.1762,0.1177,0,0.44454,0.0155,-0.0746,0.0662,0.0634,0,0.46253,0.0992,0.5046,0.3660,0.3550,0,0.54377,-0.0242,0.0029,0.4774
6450.5,0,0.000,6.306,7.862,0.000,0.000,0.000,87.653,0.002,0.000,0.061,0.000,2.535,0.000,0.000,0.000,0.007,2.166,0.000,0.004,10.852,0.000,5.532,0.259,0.820,0.5288,0.2834,-0.1341,0.0010,0,1.24066,0.1896,0.0143,-0.3922,0.3128,0,2.15543,-0.0031,0.0810,0.6326,0.4882,0,1.69724,0.4915,0.0071,0.0766,0.1529,0,0.36886,0.0071,-0.1254,0.3777,0.2789,0,0.97053,0.0546,0.5082,0.2159,0.3073,0,0.30120,-0.0242,0.0029,0.4774
6484.0,0,0.000,11.106,10.834,0.000,0.000,0.000,18.423,0.000,0.000,0.011,0.000,0.621,0.000,0.000,0.000,0.465,0.406,0.000,0.001,10.281,0.000,1.605,0.295,1.512,0.5267,0.3952,-0.1522,-0.0003,0,1.13996,-0.1894,0.0112,-0.3863,0.3205,0,2.30035,-0.0034,0.0412,0.4363,0.4880,0,1.88598,0.4920,0.0072,0.0544,0.1682,0,0.37039,0.0032,-0.1087,0.6368,0.4086,0,1.20063,0.0244,0.4065,0.1736,0.2773,0,0.31790,-0.0242,0.0029,0.4774
6517.0,0,0.000,7.454,13.144,0.000,0.000,0.000,3.538,22.815,0.000,0.240,0.000,0.155,0.000,0.000,0.000,7.034,0.078,0.152,0.000,4.945,0.000,0.308,0.057,1.390,0.5285,0.4478,-0.1790,-0.0010,0,1.07624,-0.3865,0.0082,0.1719,0.3174,0,2.18318,-0.0038,0.0300,0.2518,0.4753,0,2.04514,0.4924,0.0072,0.2958,0.1946,0,0.60880,0.0015,-0.0591,0.6837,0.4461,0,1.20805,0.0086,0.2579,0.1690,0.2693,0,0.46019,-0.0242,0.0029,0.4775
6550.5,0,0.000,3.274,8.096,0.000,0.000,1.966,0.663,62.364,0.000,3.329,0.000,0.029,0.000,1.349,0.000,14.005,1.651,0.080,0.000,2.286,0.000,4.945,0.011,7.297,0.5323,0.4040,-0.1773,-0.0012,0,1.10632,-0.4026,0.0662,0.7532,0.2977,0,1.68058,-0.0041,0.1064,0.1258,0.4311,0,2.12990,0.4923,0.0559,0.6094,0.1901,0,0.80924,-0.0283,-0.0586,0.5720,0.4265,0,1.14731,0.0086,0.2551,0.3904,0.2744,0,0.73563,-0.0242,0.0029,0.4775
6584.0,0,0.000,1.495,5.432,0.000,0.000,2.015,0.124,64.827,0.000,2.982,0.000,0.361,0.000,0.425,0.000,16.694,16.085,0.015,0.000,0.428,0.000,6.370,0.002,44.289,0.5339,0.3060,-0.1518,-0.0013,0,1.19780,-0.2801,0.1359,1.0081,0.2585,0,1.45258,-0.0043,0.1788,0.0800,0.3591,0,2.14540,0.4918,0.0778,0.8142,0.1432,0,0.91764,-0.0398,-0.1436,0.3782,0.3333,0,1.04476,0.0083,0.3186,0.8016,0.2813,0,1.10894,-0.0242,0.0029,0.4774
6617.0,0,0.000,1.090,5.621,0.000,0.000,1.639,0.024,48.751,0.000,0.914,0.000,0.651,0.000,1.310,0.000,14.454,24.933,0.003,0.000,0.355,0.000,7.144,0.000,63.937,0.5341,0.2184,-0.1305,-0.0013,0,1.27830,-0.0314,0.1666,1.0885,0.2327,0,1.40368,-0.0044,0.1744,0.0841,0.3113,0,2.15110,0.4913,0.0956,0.9038,0.1093,0,0.95576,-0.0281,-0.3126,0.2226,0.2344,0,1.02606,0.0100,0.3543,1.0322,0.2847,1,1.26522,-0.0243,0.0029,0.4773
6650.5,0,0.000,0.523,4.817,0.000,0.000,0.307,0.004,43.927,0.000,0.171,0.000,0.824,0.000,1.041,0.000,6.737,20.212,0.001,0.000,0.143,0.000,7.207,0.000,65.519,0.5352,0.1490,-0.1155,-0.0012,0,1.33827,0.2162,0.1328,1.0968,0.2611,0,1.35869,-0.0045,0.1197,0.1026,0.3057,0,2.16067,0.4910,0.1090,0.8668,0.0855,0,0.91832,-0.0233,-0.4706,0.1232,0.1912,0,1.09106,0.0217,0.3674,1.1239,0.2851,1,1.31352,-0.0242,0.0029,0.4770
6684.0,0,0.000,0.098,8.301,0.000,0.000,0.058,0.001,26.397,0.000,0.032,0.000,0.534,0.000,0.301,0.000,1.363,22.775,0.000,0.000,0.327,0.000,4.788,0.000,62.323,0.5387,0.0902,-0.1245,-0.0012,0,1.37249,0.3648,0.0780,1.0579,0.2897,0,1.34622,-0.0047,0.0668,0.1060,0.3186,0,2.16708,0.4908,0.0915,0.6675,0.0869,0,0.79543,-0.0573,-0.5686,0.0793,0.1542,0,1.15791,0.0175,0.3609,1.1526,0.2858,1,1.32927,-0.0242,0.0029,0.4759
6717.0,0,0.000,0.019,17.345,0.000,0.000,0.011,0.000,5.730,0.000,0.006,0.000,23.053,0.000,0.058,0.000,0.262,38.903,0.000,0.000,12.716,0.000,3.735,0.000,63.402,0.5398,0.0489,-0.1743,-0.0012,0,1.37955,0.4364,0.0398,0.9295,0.2939,0,1.44924,-0.0044,0.0339,0.5456,0.3364,0,1.85136,0.4913,0.0599,0.4056,0.1147,0,0.66925,-0.1896,-0.6438,0.4239,0.1637,0,1.48128,-0.0016,0.3484,1.1589,0.2873,1,1.33190,-0.0243,0.0029,0.4750
6750.5,0,0.000,0.311,23.055,0.000,0.000,2.888,0.000,1.073,0.000,0.844,0.000,58.480,0.000,1.287,0.000,0.049,29.622,0.000,0.000,27.939,0.000,6.965,0.000,59.818,0.5383,0.0382,-0.2360,-0.0012,0,1.36309,0.4691,0.0993,0.6698,0.2893,0,1.69876,-0.0034,0.0435,0.9243,0.3544,0,1.42631,0.4916,0.0789,0.2034,0.1016,0,0.48489,-0.3111,-0.6827,0.8173,0.1566,0,1.54207,-0.0040,0.3271,1.1592,0.2900,1,1.33131,-0.0242,0.0029,0.4764
6784.0,0,0.000,0.499,18.715,0.000,0.000,1.035,0.000,0.201,0.000,1.337,0.000,69.881,0.000,0.602,0.000,0.009,9.588,0.000,0.000,28.914,0.000,4.597,0.000,21.125,0.5366,0.0476,-0.2658,-0.0012,0,1.34132,0.4804,0.1351,0.3877,0.2845,0,1.88798,-0.0027,0.0834,1.0871,0.3483,0,1.22973,0.4911,0.0918,0.0897,0.0483,0,0.32028,-0.2999,-0.6533,1.0188,0.1079,0,1.47518,-0.0024,0.3189,1.1392,0.2892,0,1.31571,-0.0242,0.0029,0.4776
6817.0,0,0.000,0.725,14.515,0.000,0.000,0.199,74.283,0.112,0.000,3.163,0.000,70.933,0.000,0.116,0.000,0.002,8.420,0.000,0.000,12.818,0.000,8.199,0.000,4.057,0.5359,0.0644,-0.2594,-0.0013,0,1.32900,0.4766,0.1060,0.0299,0.2816,0,2.02962,0.0028,0.1474,1.1465,0.3387,0,1.17613,0.4906,0.0708,0.0358,0.0631,0,0.29402,-0.2019,-0.5819,1.0613,0.3093,0,1.42547,-0.0020,0.3920,1.0275,0.2865,0,1.22741,-0.0242,0.0029,0.4777
6850.5,0,0.000,1.044,9.173,0.000,0.000,0.037,161.945,0.021,0.000,2.183,0.000,66.389,0.000,0.022,0.000,0.000,6.949,0.000,0.000,2.476,0.000,17.771,0.974,0.760,0.5355,0.0859,-0.2237,0.0042,0,1.33237,0.4727,0.0640,-0.2550,0.2760,0,2.07005,0.0047,0.1837,1.1661,0.3808,0,1.14193,0.4907,0.0431,0.0117,0.1142,0,0.31096,-0.1078,-0.4837,0.9204,0.4067,0,1.44911,-0.0021,0.5334,0.7357,0.2831,0,0.88767,-0.0242,0.0029,0.4778
6884.0,0,0.000,3.713,7.909,0.000,0.000,0.007,106.075,0.004,0.000,0.469,0.000,29.491,0.000,0.004,0.000,0.000,1.302,0.000,0.000,0.464,0.000,18.299,2.316,0.307,0.5362,0.1616,-0.1848,0.0079,0,1.29157,0.4522,0.0358,-0.3867,0.2692,0,2.06380,0.0025,0.1508,1.1615,0.4108,0,1.12706,0.4913,0.0245,0.0019,0.1256,0,0.28617,-0.0502,-0.3395,0.6134,0.3616,0,1.35432,-0.0024,0.6290,0.4059,0.2792,0,0.40092,-0.0242,0.0029,0.4777
6917.0,0,0.000,10.878,7.879,0.000,0.000,0.001,29.770,0.001,0.000,0.090,0.000,5.694,0.000,0.001,0.000,0.000,0.250,0.000,0.000,0.089,0.000,13.718,0.445,0.783,0.5354,0.3141,-0.1675,0.0364,0,1.18350,0.3863,0.0212,-0.4040,0.2573,0,2.08481,0.0003,0.0926,1.0847,0.3903,0,1.22303,0.4922,0.0149,-0.0020,0.1063,0,0.26669,-0.0215,-0.1946,0.3297,0.2340,0,0.98934,-0.0025,0.6581,0.2260,0.2718,0,0.12503,-0.0242,0.0029,0.4777
6950.5,0,0.000,15.414,5.651,0.000,0.000,0.000,5.576,0.000,0.000,0.017,0.000,1.193,0.000,0.000,0.000,0.000,0.047,0.000,0.000,0.017,0.000,4.692,6.152,1.637,0.5331,0.4683,-0.1509,0.0482,0,1.06779,0.1859,0.0142,-0.3210,0.2736,0,2.18100,-0.0013,0.0480,0.8359,0.3047,0,1.56129,0.4929,0.0104,-0.0035,0.1143,0,0.28550,-0.0081,-0.0928,0.1510,0.1201,0,0.62102,0.0593,0.6153,0.1591,0.2635,0,0.09574,-0.0242,0.0029,0.4774
6984.0,0,0.000,8.815,8.482,0.000,0.000,0.000,1.044,35.392,0.000,0.253,0.000,0.223,0.000,0.000,0.000,0.000,0.009,0.000,0.000,0.003,0.000,1.064,2.126,1.907,0.5303,0.5208,-0.1479,0.0347,0,1.02920,-0.0884,0.0092,0.3422,0.3666,0,2.02732,-0.0027,0.0333,0.5026,0.1975,0,1.94333,0.4930,0.0085,-0.0041,0.1301,0,0.27973,-0.0025,-0.0377,0.0614,0.0536,0,0.40436,0.1253,0.4428,0.1344,0.2866,0,0.28344,-0.0242,0.0029,0.4776
7017.0,0,0.000,4.441,12.596,0.000,0.000,4.041,0.201,61.048,0.000,0.955,0.000,0.073,0.000,0.000,0.000,0.156,0.002,0.000,0.000,0.227,0.000,0.204,0.408,1.827,0.5275,0.4736,-0.1692,0.0187,0,1.06354,-0.1996,0.0895,0.8319,0.4135,0,1.56374,-0.0039,0.0533,0.2574,0.1202,0,2.12485,0.4926,0.0078,0.0051,0.1447,0,0.29219,-0.0002,-0.0121,0.0356,0.0217,0,0.32040,0.1154,0.2601,0.1521,0.3135,0,0.51444,-0.0242,0.0029,0.4776
7050.5,0,0.000,2.581,16.889,0.000,0.000,12.937,0.038,64.279,0.000,1.903,0.000,1.160,0.000,0.000,0.000,5.257,0.000,0.221,0.000,4.611,0.000,1.793,0.076,1.301,0.5265,0.3741,-0.2056,0.0081,0,1.13422,-0.0911,0.3005,1.0341,0.4032,0,1.42576,-0.0046,0.1120,0.1777,0.0817,0,2.14394,0.4923,0.0074,0.2180,0.1746,0,0.51989,0.0006,0.0077,0.2413,0.0074,0,0.52895,0.0701,0.1808,0.1638,0.3133,0,0.59427,-0.0242,0.0029,0.4777
7084.0,0,0.000,0.828,18.190,0.000,0.000,24.149,0.007,53.486,0.000,7.274,0.000,0.387,0.000,0.305,0.000,11.607,0.000,0.041,0.000,21.478,0.000,7.161,0.014,1.252,0.5286,0.2586,-0.2387,0.0028,0,1.21531,0.1030,0.5044,1.1011,0.3585,0,1.44589,-0.0047,0.2241,0.1416,0.1156,0,2.10963,0.4921,0.0194,0.5152,0.1876,0,0.77111,0.0007,0.0141,0.6089,0.0016,0,0.90077,0.0336,0.2722,0.1706,0.3294,0,0.49769,-0.0242,0.0029,0.4776
7117.0,0,0.000,0.159,18.285,0.000,0.000,4.638,0.001,24.792,0.000,2.120,0.000,0.734,0.000,0.059,0.000,20.609,11.547,0.008,0.000,12.706,0.000,3.335,0.003,1.268,0.5311,0.1542,-0.2595,0.0004,0,1.28801,0.2731,0.5358,1.0920,0.3147,0,1.46651,-0.0046,0.2517,0.1268,0.2509,0,2.09517,0.4918,0.0226,0.7662,0.1914,0,0.95048,0.0005,-0.0803,0.7972,-0.0004,0,1.13055,0.0132,0.3141,0.1720,0.3602,0,0.46564,-0.0242,0.0029,0.4776
7150.5,0,0.000,0.404,20.584,0.000,0.000,0.869,0.000,4.644,0.000,0.397,0.000,8.026,0.000,0.011,0.000,16.390,14.372,0.001,0.000,2.444,0.000,1.101,0.001,1.211,0.5330,0.0951,-0.2756,-0.0006,0,1.32261,0.3861,0.4030,0.9654,0.2902,0,1.52967,-0.0043,0.1853,0.3983,0.3863,0,1.95465,0.4912,0.0165,0.8922,0.1865,0,1.03055,-0.0160,-0.1880,0.7288,0.0145,0,1.18149,0.0033,0.2548,0.1684,0.3717,0,0.52697,-0.0242,0.0029,0.4776
7184.0,0,0.000,1.232,17.075,0.000,0.000,0.163,0.000,0.870,0.000,0.074,0.000,46.191,0.000,0.002,0.000,3.627,18.404,0.000,0.000,0.458,0.000,0.206,0.000,1.100,0.5345,0.0945,-0.2753,-0.0010,0,1.32036,0.4445,0.2338,0.6864,0.2793,0,1.70315,-0.0035,0.1054,0.8526,0.4576,0,1.48030,0.4904,0.0109,0.8210,0.1607,0,0.98520,-0.0717,-0.2859,0.4916,0.0478,0,1.13117,-0.0012,0.1611,0.1619,0.3543,0,0.60580,-0.0242,0.0029,0.4776
7217.0,0,0.000,1.730,7.237,0.000,0.000,0.031,8.666,0.167,0.297,0.507,0.000,77.914,0.000,0.000,0.000,0.697,7.457,0.000,0.000,0.088,0.000,0.040,0.308,2.469,0.5357,0.1194,-0.2342,-0.0012,0,1.31779,0.4699,0.1180,0.3496,0.2741,0,1.89753,-0.0027,0.0609,1.0758,0.4853,0,1.17380,0.4901,0.0082,0.5799,0.1657,0,0.83548,-0.1238,-0.3190,0.2668,0.0503,0,0.99366,-0.0031,0.0875,0.2334,0.3377,0,0.75817,-0.0242,0.0029,0.4775
7250.5,0,0.000,2.712,5.927,0.000,0.000,1.141,102.789,0.031,0.667,1.757,0.000,74.909,0.000,0.757,0.000,0.130,1.397,0.000,0.000,0.016,0.000,4.078,0.058,5.482,0.5362,0.1598,-0.1812,-0.0012,0,1.30620,0.4801,0.0902,-0.0380,0.2729,0,2.01644,-0.0023,0.0609,1.1573,0.4942,0,1.06242,0.4910,0.0345,0.3221,0.1919,0,0.62613,-0.1322,-0.2564,0.1232,0.0314,0,0.77758,-0.0035,0.1324,0.4109,0.3347,0,0.91425,-0.0242,0.0029,0.4775
7284.0,0,0.000,1.605,7.169,0.000,0.000,0.214,147.730,0.006,0.125,2.414,0.000,34.178,0.000,0.315,0.000,0.024,0.262,0.000,3.046,0.003,0.000,5.443,0.011,10.162,0.5381,0.1715,-0.1508,-0.0012,0,1.30457,0.4740,0.0742,-0.2930,0.2704,0,2.01377,-0.0021,0.1090,1.1768,0.4921,0,1.05810,0.4922,0.0507,0.1526,0.1859,0,0.46613,-0.0966,-0.1556,0.0289,0.0149,0,0.53488,0.0094,0.2315,0.6333,0.3252,1,1.05066,-0.0243,0.0029,0.4774
7317.0,0,0.000,1.668,9.211,0.000,0.000,0.041,74.688,0.001,0.024,17.413,0.000,6.593,0.000,0.253,0.000,0.005,0.050,0.000,21.189,0.001,0.000,6.490,0.002,13.154,0.5408,0.1659,-0.1451,-0.0012,0,1.30742,0.4270,0.0490,-0.3943,0.2682,0,2.02450,-0.0019,0.2837,1.1254,0.4650,0,1.20287,0.4932,0.0499,0.0653,0.1740,0,0.39141,-0.0542,-0.0777,-0.1034,0.0056,0,0.26838,0.0129,0.3296,0.8044,0.3270,0,1.12621,-0.0242,0.0029,0.4778
7350.5,0,0.000,3.641,9.214,0.000,0.000,0.008,14.276,0.000,0.004,10.994,0.000,1.235,0.000,0.243,0.000,0.635,4.982,0.000,3.969,1.937,0.000,2.994,0.000,4.450,0.5402,0.2006,-0.1474,-0.0012,0,1.28318,0.3179,0.0294,-0.3736,0.2951,0,2.09360,-0.0020,0.3869,0.8929,0.3757,0,1.54676,0.4937,0.0458,0.0599,0.1594,0,0.38501,-0.0251,-0.1023,-0.0504,0.0492,0,0.37982,0.0027,0.3525,0.8031,0.3358,0,1.10242,-0.0243,0.0029,0.4780
7384.0,0,0.000,5.547,13.637,0.000,0.000,0.001,2.674,30.570,0.001,3.620,0.000,0.231,0.000,0.046,0.000,1.993,3.455,0.000,0.743,8.298,0.000,1.959,0.000,1.781,0.5390,0.2703,-0.1738,-0.0013,0,1.21060,0.1903,0.0170,0.2239,0.3413,0,2.02525,-0.0025,0.3606,0.5442,0.2712,0,1.87971,0.4937,0.0346,0.1301,0.1458,0,0.44942,-0.0101,-0.1459,0.2766,0.2053,0,0.87654,-0.0008,0.2979,0.6330,0.3281,0,0.97387,-0.0242,0.0029,0.4780
7417.0,0,0.000,3.827,16.592,0.000,0.000,0.351,0.514,59.654,0.000,5.772,0.000,0.044,0.000,0.009,0.000,3.383,0.663,0.000,0.143,6.569,0.000,3.512,0.000,1.258,0.5394,0.2990,-0.2109,-0.0013,0,1.15860,0.0975,0.0216,0.7598,0.3353,0,1.63231,-0.0033,0.3725,0.2773,0.2263,0,2.00484,0.4934,0.0224,0.2481,0.1662,0,0.57368,-0.0037,-0.1283,0.5262,0.3149,0,1.12010,-0.0024,0.2902,0.4350,0.3111,0,0.76033,-0.0242,0.0029,0.4780
7450.5,0,0.000,2.140,14.786,0.000,0.000,2.755,0.096,63.337,0.000,4.217,0.000,0.669,0.000,0.002,0.000,4.245,0.124,0.000,0.027,10.537,0.000,6.857,0.812,1.179,0.5389,0.2685,-0.2304,-0.0013,0,1.17487,0.0443,0.0888,1.0013,0.3139,0,1.42188,-0.0038,0.3850,0.1642,0.2256,0,2.02475,0.4929,0.0142,0.3743,0.2044,0,0.70427,-0.0011,-0.0790,0.6945,0.3867,0,1.21047,-0.0031,0.3753,0.2882,0.2944,0,0.49172,-0.0242,0.0029,0.4780
7484.0,0,0.000,2.142,11.022,0.000,0.000,12.260,0.018,57.784,0.000,6.008,0.000,0.606,0.000,0.000,0.000,6.048,0.023,0.000,0.005,4.002,0.000,8.647,0.152,1.368,0.5376,0.2277,-0.2203,-0.0013,0,1.22156,0.0558,0.2801,1.0860,0.2965,0,1.41606,-0.0039,0.3845,0.1303,0.2375,0,2.03517,0.4926,0.0098,0.4985,0.2097,0,0.80862,-0.0002,-0.0389,0.7016,0.4024,0,1.19224,0.0122,0.4608,0.2147,0.2754,0,0.30521,-0.0242,0.0029,0.4779
7517.0,0,0.000,1.174,9.693,0.000,0.000,6.551,0.003,38.807,0.000,2.229,0.000,0.781,0.000,0.000,0.000,3.795,0.004,0.000,0.001,0.769,0.000,3.696,2.615,1.213,0.5369,0.1858,-0.1964,-0.0013,0,1.27091,0.0912,0.3947,1.0953,0.2800,0,1.45501,-0.0040,0.3343,0.1261,0.2960,0,2.06062,0.4923,0.0077,0.5196,0.1692,0,0.80728,0.0003,-0.0156,0.5267,0.3340,0,1.02525,0.0429,0.4510,0.1658,0.2890,0,0.27544,-0.0242,0.0029,0.4778
7550.5,0,0.000,1.928,17.049,0.000,0.000,1.227,0.001,8.043,0.000,0.468,0.000,0.628,0.000,0.000,0.000,2.780,0.001,0.000,0.000,0.144,0.000,0.692,0.490,1.521,0.5373,0.1678,-0.2096,-0.0013,0,1.27347,0.2101,0.3435,1.0128,0.2877,0,1.50797,-0.0041,0.2294,0.1220,0.3890,0,2.09040,0.4924,0.0070,0.4407,0.1559,0,0.75612,0.0182,-0.0033,0.3029,0.2099,0,0.73258,0.0495,0.3306,0.1530,0.2981,0,0.39328,-0.0242,0.0029,0.4778
7584.0,0,0.000,2.811,19.854,0.000,0.000,0.230,0.000,1.507,0.000,0.088,0.000,4.197,0.000,0.000,0.000,0.627,0.000,0.000,12.153,0.027,0.000,0.130,0.092,14.191,0.5342,0.1834,-0.2437,-0.0013,0,1.25519,0.3414,0.2160,0.7772,0.3092,0,1.65175,-0.0042,0.1288,0.2567,0.4492,0,2.03380,0.4925,0.0069,0.3061,0.1220,0,0.64283,0.0239,0.0025,0.0897,0.1073,0,0.41845,0.0335,0.1898,0.5511,0.3872,0,0.99916,-0.0242,0.0029,0.4777
7617.0,0,0.000,2.280,13.111,0.000,0.000,0.044,1.131,0.289,0.000,0.017,0.000,25.166,0.000,0.000,0.000,0.120,0.000,0.000,2.922,0.005,1.173,0.025,0.018,53.202,0.5275,0.1936,-0.2448,-0.0013,0,1.26767,0.4206,0.1141,0.4677,0.3092,0,1.83351,-0.0038,0.0642,0.6797,0.4756,0,1.65403,0.4923,0.0071,0.1757,0.1207,0,0.51669,0.0168,0.0051,-0.0198,0.0484,0,0.24562,0.0172,0.0652,0.9320,0.4538,0,1.30090,-0.0242,0.0029,0.4777
7650.5,0,0.000,1.894,18.712,0.000,0.000,0.008,3.255,0.054,0.000,0.474,0.000,29.520,0.000,0.000,0.000,2.806,0.000,0.000,0.547,0.001,0.900,1.027,0.003,65.610,0.5210,0.1871,-0.2507,-0.0013,0,1.28527,0.4582,0.0550,0.2109,0.2997,0,1.94823,-0.0030,0.0465,0.9536,0.4840,0,1.32579,0.4923,0.0072,0.2206,0.1641,0,0.58110,0.0095,0.0061,-0.0391,0.0193,0,0.20583,0.0070,0.0177,1.0987,0.4812,0,1.33199,-0.0242,0.0029,0.4777
7684.0,0,0.000,1.648,25.664,0.000,0.000,0.002,0.610,0.010,0.000,9.457,0.000,21.726,0.000,0.000,0.000,6.823,0.000,0.000,0.103,2.220,0.169,1.472,0.001,57.483,0.5187,0.1742,-0.2793,-0.0013,0,1.28698,0.4593,0.0268,0.0763,0.3483,0,1.98769,-0.0025,0.1832,1.0332,0.4848,0,1.27148,0.4924,0.0069,0.4240,0.2044,0,0.75664,0.0051,0.0065,0.0781,0.0951,0,0.39942,0.0018,0.0538,1.1522,0.4870,0,1.33288,-0.0242,0.0029,0.4776
7717.0,0,0.000,0.825,28.107,0.000,0.000,0.000,0.117,0.002,0.000,9.359,0.000,6.762,0.000,1.105,0.000,7.683,0.000,0.000,0.020,8.179,0.032,0.772,0.000,27.837,0.5187,0.1473,-0.3084,-0.0014,0,1.29547,0.3938,0.0146,0.0259,0.4182,0,2.00988,-0.0023,0.2920,0.9627,0.4872,0,1.38539,0.4921,0.0456,0.5862,0.1963,0,0.81191,0.0029,0.0062,0.3509,0.3257,0,0.83436,-0.0004,0.0817,1.1503,0.4747,0,1.33559,-0.0242,0.0029,0.4776
7750.5,0,0.000,0.922,22.091,0.000,0.000,0.000,0.022,0.000,0.000,3.390,0.000,1.427,0.000,0.266,0.000,15.510,0.000,0.000,0.004,2.329,0.006,0.382,0.000,5.273,0.5208,0.1251,-0.3152,-0.0014,0,1.30887,0.1890,0.0095,0.0091,0.4507,0,2.07525,-0.0024,0.2931,0.7330,0.4879,0,1.62972,0.4920,0.0607,0.7647,0.2000,0,0.92097,0.0016,0.0054,0.4563,0.4363,0,0.98360,-0.0015,0.0754,1.0592,0.4349,0,1.32950,-0.0242,0.0029,0.4775
7784.0,0,0.000,0.923,16.982,0.000,0.000,0.000,0.004,0.000,0.000,1.604,0.000,0.267,0.000,0.050,0.000,19.104,0.000,0.000,0.001,1.868,0.001,4.100,0.000,0.988,0.5250,0.1146,-0.2983,-0.0014,0,1.31901,-0.0963,0.0075,0.0041,0.4490,0,2.18067,-0.0029,0.2426,0.4440,0.4771,0,1.88453,0.4915,0.0443,0.9000,0.2218,0,1.03198,0.0011,0.0052,0.4114,0.4671,0,0.95467,-0.0021,0.1628,0.7946,0.3804,0,1.19403,-0.0242,0.0029,0.4776
7817.0,0,0.000,0.529,4.850,0.000,0.000,0.000,0.001,8.002,0.000,3.830,0.000,2.161,0.000,0.285,0.000,11.290,14.328,0.000,1.302,0.426,0.000,13.931,0.926,0.190,0.5279,0.0990,-0.2357,-0.0013,0,1.35728,-0.2151,0.0060,0.2745,0.4289,0,2.05920,-0.0034,0.2537,0.3369,0.4420,0,1.97160,0.4907,0.0374,0.9154,0.1798,0,1.03188,0.0009,-0.1300,0.2829,0.4312,0,0.96219,-0.0027,0.3800,0.4613,0.3371,0,0.72458,-0.0242,0.0029,0.4776
7850.5,0,0.000,0.688,1.907,0.000,0.000,0.000,0.000,49.861,0.000,2.168,0.000,7.305,0.000,0.053,0.000,3.762,21.143,0.000,0.244,1.155,0.000,9.715,0.879,0.036,0.5311,0.0894,-0.1536,-0.0012,0,1.39769,-0.1820,0.0040,0.7427,0.4210,0,1.62369,-0.0035,0.2502,0.4554,0.3871,0,1.91595,0.4901,0.0298,0.7813,0.1409,0,0.94329,0.0010,-0.2893,0.2001,0.3475,0,1.02466,0.0110,0.5081,0.2131,0.3100,0,0.28115,-0.0242,0.0029,0.4776
7884.0,0,0.000,0.767,0.357,0.000,0.000,0.000,0.000,54.008,0.000,1.086,0.000,2.506,0.000,0.702,0.000,1.165,13.762,0.000,0.046,0.765,0.000,6.086,0.165,0.254,0.5343,0.0891,-0.0859,-0.0012,0,1.41514,0.0121,0.0028,0.9939,0.4464,0,1.33037,-0.0035,0.2042,0.4932,0.3428,0,1.91411,0.4904,0.0450,0.5464,0.1466,0,0.77242,0.0010,-0.4126,0.1617,0.2648,0,1.10502,0.0274,0.5228,0.1295,0.2960,1,0.16514,-0.0242,0.0029,0.4775
7917.0,0,0.000,0.201,0.928,0.000,0.000,0.000,0.000,36.139,0.000,5.186,0.000,1.090,0.000,1.394,0.000,0.224,2.706,0.000,3.551,0.147,0.000,7.050,0.032,1.116,0.5332,0.0724,-0.0497,-0.0011,0,1.43931,0.2074,0.0023,1.0684,0.4449,0,1.23219,0.0112,0.2114,0.3975,0.3248,0,1.99110,0.4910,0.0871,0.3182,0.1300,0,0.51774,0.0010,-0.3940,0.0871,0.1756,0,0.96081,0.0235,0.5131,0.1359,0.2910,1,0.17092,-0.0242,0.0029,0.4764
7950.5,0,0.000,0.038,3.542,0.000,0.000,2.217,0.000,28.356,0.000,4.113,0.000,0.739,0.000,0.572,0.000,0.042,2.880,0.000,0.665,0.028,0.000,7.079,0.006,5.004,0.5305,0.0459,-0.0513,-0.0011,0,1.45798,0.3262,0.0644,1.0501,0.4076,0,1.29110,0.0178,0.2294,0.2757,0.3199,0,2.06052,0.4916,0.1002,0.1567,0.0948,0,0.34549,0.0010,-0.3052,0.0273,0.0953,0,0.73757,0.0106,0.4944,0.3053,0.3000,0,0.41160,-0.0242,0.0029,0.4770
7984.0,0,0.000,0.163,4.288,0.000,0.000,2.156,0.000,11.535,0.000,1.432,0.000,0.667,0.000,0.107,0.000,0.278,10.978,0.000,0.125,1.085,0.000,5.301,0.001,38.561,0.5305,0.0326,-0.0675,-0.0010,0,1.45824,0.4005,0.1280,0.9574,0.3582,0,1.42710,0.0119,0.2102,0.1910,0.3162,0,2.10102,0.4920,0.0750,0.0850,0.1138,0,0.32882,0.0009,-0.3507,0.0638,0.0850,0,0.82849,0.0035,0.4671,0.7379,0.3535,0,0.96560,-0.0242,0.0029,0.4771
8017.0,0,0.000,1.217,3.664,0.000,0.000,0.414,0.000,2.215,0.000,0.275,0.000,0.732,0.000,0.021,0.000,3.358,7.410,0.000,0.024,18.965,0.000,2.991,0.000,66.101,0.5337,0.0601,-0.0764,-0.0011,0,1.42939,0.4455,0.1202,0.7540,0.3196,0,1.60877,0.0046,0.1494,0.1489,0.3048,0,2.13590,0.4922,0.0450,0.2025,0.1660,0,0.49837,0.0007,-0.4065,0.5423,0.1448,0,1.30340,0.0005,0.4025,1.0107,0.3954,0,1.24075,-0.0242,0.0029,0.4772
8050.5,0,0.000,1.927,4.751,0.000,0.000,0.078,4.516,0.415,0.000,0.850,0.000,0.996,0.000,0.080,0.000,4.500,1.698,0.000,0.004,23.955,0.000,5.029,0.000,71.346,0.5373,0.1068,-0.0847,-0.0011,0,1.38510,0.4682,0.0771,0.4492,0.2969,0,1.81608,-0.0003,0.1134,0.1392,0.2971,0,2.15087,0.4920,0.0283,0.3778,0.2032,0,0.68368,0.0003,-0.3460,0.9095,0.2386,0,1.40110,-0.0007,0.3611,1.1222,0.4023,0,1.32047,-0.0242,0.0029,0.4772
8084.0,0,0.000,2.074,11.077,0.000,0.000,0.015,103.698,0.078,0.000,0.653,0.000,0.945,0.000,0.373,0.000,5.238,2.236,0.000,0.001,25.541,0.000,4.600,0.000,70.264,0.5398,0.1422,-0.1238,-0.0011,0,1.33311,0.4782,0.0424,0.0335,0.2851,0,2.00525,-0.0027,0.0997,0.1397,0.2992,0,2.15272,0.4918,0.0332,0.5022,0.2181,0,0.78571,0.0001,-0.2602,1.0676,0.3429,0,1.38108,0.0029,0.3491,1.1606,0.3909,1,1.34012,-0.0243,0.0029,0.4770
8117.0,0,0.000,1.528,18.174,0.000,0.000,0.003,165.925,0.015,0.000,0.187,0.000,1.787,0.000,0.550,0.000,4.343,0.496,0.000,0.000,6.509,0.000,4.801,0.000,72.236,0.5421,0.1525,-0.1862,0.0138,0,1.29109,0.4671,0.0240,-0.2594,0.2765,0,2.06848,-0.0038,0.0750,0.1861,0.3114,0,2.13189,0.4915,0.0489,0.5309,0.1884,0,0.78109,-0.0000,-0.1739,1.0691,0.3940,0,1.36398,0.0034,0.3441,1.1721,0.4017,1,1.34613,-0.0243,0.0029,0.4767
8150.5,0,0.000,1.945,22.921,0.000,0.000,0.001,83.246,0.003,0.000,0.035,0.000,7.309,0.000,0.147,0.000,2.762,0.093,0.000,0.000,1.219,0.000,1.420,0.000,71.734,0.5429,0.1586,-0.2459,0.0360,0,1.26155,0.4173,0.0154,-0.3853,0.2465,0,2.09820,-0.0041,0.0452,0.4151,0.3646,0,1.95772,0.4914,0.0471,0.4835,0.1649,0,0.73680,0.0001,-0.0945,0.8568,0.3499,0,1.29100,-0.0077,0.3026,1.1754,0.4376,1,1.34989,-0.0242,0.0029,0.4770
8184.0,0,0.000,5.704,23.892,0.000,0.000,0.000,15.833,0.001,0.000,0.007,0.000,27.401,0.000,0.027,0.000,7.825,0.017,0.000,3.207,0.228,0.000,0.266,0.000,54.864,0.5379,0.2333,-0.2845,0.0349,0,1.18906,0.3159,0.0119,-0.3769,0.2127,0,2.14205,-0.0036,0.0237,0.7982,0.4147,0,1.54300,0.4916,0.0325,0.5453,0.2039,0,0.81299,0.0005,-0.0427,0.4999,0.2301,0,0.98213,-0.0040,0.1871,1.1732,0.4666,0,1.34779,-0.0242,0.0029,0.4776
8217.0,0,0.000,4.511,27.062,0.000,0.000,0.000,3.041,6.768,0.000,0.216,0.000,51.286,0.000,0.327,0.000,11.380,0.003,0.000,15.459,0.044,0.000,1.559,0.000,30.409,0.5314,0.2917,-0.3093,0.0213,0,1.13199,0.1963,0.0095,-0.0249,0.3218,0,2.16303,-0.0029,0.0201,1.0315,0.4552,0,1.23086,0.4917,0.0326,0.6667,0.2584,0,0.91310,0.0008,-0.0154,0.1623,0.1219,0,0.54219,-0.0026,0.1417,1.1578,0.4807,0,1.34095,-0.0242,0.0029,0.4778
8250.5,0,0.000,2.534,23.817,0.000,0.000,0.000,0.570,47.613,0.000,3.002,0.000,47.722,0.000,0.061,0.000,8.192,0.001,0.000,3.482,0.008,0.000,4.171,0.000,6.954,0.5283,0.2800,-0.3170,0.0100,0,1.14450,0.1021,0.0061,0.6080,0.4035,0,1.75505,-0.0024,0.0788,1.1204,0.4773,0,1.11058,0.4916,0.0290,0.7160,0.2675,0,0.94793,0.0011,-0.0023,-0.0085,0.0553,0,0.27880,-0.0022,0.2045,1.0792,0.4831,0,1.32153,-0.0242,0.0029,0.4778
8284.0,0,0.000,1.615,19.914,0.000,0.000,0.000,0.107,55.592,0.000,16.084,0.000,31.463,0.000,0.011,0.000,3.179,0.000,0.000,0.652,0.002,0.000,5.446,0.000,1.303,0.5272,0.2318,-0.3084,0.0038,0,1.20205,0.0996,0.0036,0.9480,0.4223,0,1.38756,-0.0020,0.2820,1.1305,0.4788,0,1.16665,0.4918,0.0198,0.6331,0.2358,0,0.89145,0.0014,0.0031,-0.0421,0.0224,0,0.22731,-0.0022,0.2992,0.8392,0.4739,0,1.18272,-0.0242,0.0029,0.4779
8317.0,0,0.000,0.641,19.908,0.000,0.000,0.000,0.020,51.147,0.000,7.979,0.000,6.132,0.000,0.002,0.000,0.643,0.000,0.986,0.125,0.000,0.000,8.479,0.000,0.445,0.5260,0.1708,-0.2975,0.0008,0,1.27229,0.1762,0.0026,1.0662,0.4134,0,1.25298,-0.0018,0.3840,1.0460,0.4505,0,1.32269,0.4922,0.0132,0.4427,0.1845,0,0.74232,0.0018,0.0378,-0.0330,0.0052,0,0.20326,0.0358,0.3980,0.5239,0.4582,0,0.85021,-0.0242,0.0029,0.4778
8350.5,0,0.000,0.120,18.618,0.000,0.000,6.750,0.004,52.100,0.000,2.168,0.000,1.148,0.000,0.000,0.000,0.120,0.000,0.185,0.023,0.000,0.000,3.051,0.000,0.511,0.5241,0.1059,-0.2865,-0.0005,0,1.34706,0.2968,0.1467,1.0933,0.3862,0,1.29196,-0.0021,0.3389,0.7922,0.3847,0,1.62029,0.4928,0.0098,0.2466,0.1752,0,0.58262,0.0021,0.0493,-0.0207,-0.0018,0,0.20127,0.0654,0.3985,0.2962,0.4287,0,0.58347,-0.0242,-0.0452,0.4777
8384.0,0,0.000,0.209,17.138,0.000,0.000,1.883,0.001,45.387,0.000,0.406,0.000,0.215,0.000,0.000,0.000,0.023,10.537,0.035,0.004,0.000,0.000,1.084,0.000,0.747,0.5241,0.0652,-0.2738,-0.0010,0,1.39277,0.3925,0.2182,1.0857,0.3442,0,1.33435,-0.0029,0.2264,0.4705,0.2879,0,1.92775,0.4932,0.0084,0.1172,0.1668,0,0.46388,0.0021,-0.0751,-0.0130,-0.0031,0,0.34443,0.0542,0.3038,0.1875,0.3835,0,0.51265,-0.0242,-0.0634,0.4777
8417.0,0,0.000,1.103,16.909,0.000,0.000,0.362,0.000,11.418,0.000,0.294,0.000,0.041,0.000,0.479,0.000,0.004,10.313,0.007,0.001,4.146,0.000,1.302,1.342,1.135,0.5263,0.0737,-0.2655,-0.0012,0,1.37968,0.4456,0.1704,1.0226,0.3093,0,1.38161,-0.0038,0.1344,0.2378,0.1809,0,2.11071,0.4929,0.0261,0.0499,0.1308,0,0.34260,0.0016,-0.1978,0.1923,0.0882,0,0.77578,0.0304,0.2225,0.1461,0.3463,0,0.51589,-0.0242,-0.0447,0.4777
8450.5,0,0.000,1.743,20.157,0.000,0.000,0.068,0.000,2.139,0.000,0.985,0.000,0.008,0.000,0.205,0.000,0.001,2.074,0.001,0.000,6.082,0.000,3.318,0.251,1.191,0.5302,0.1084,-0.2717,-0.0012,0,1.32702,0.4713,0.0987,0.8221,0.2909,0,1.54733,-0.0045,0.1027,0.1073,0.0949,0,2.18527,0.4922,0.0365,0.0182,0.1269,0,0.29013,0.0011,-0.2101,0.4498,0.2579,0,1.10658,0.0128,0.2351,0.1404,0.3299,0,0.47819,-0.0242,-0.0230,0.4777
8484.0,0,0.000,1.399,16.647,0.000,0.000,0.013,51.864,0.401,0.000,0.861,0.000,0.225,0.000,0.038,0.000,2.346,1.515,0.000,0.000,25.669,0.000,4.669,0.047,1.200,0.5346,0.1295,-0.2688,-0.0013,0,1.29159,0.4813,0.0500,0.3717,0.2843,0,1.87379,-0.0049,0.1010,0.0596,0.0660,0,2.19971,0.4922,0.0300,0.1128,0.1558,0,0.41128,0.0006,-0.1793,0.8168,0.3832,0,1.32149,0.0035,0.2990,0.1579,0.3231,0,0.42494,-0.0242,0.0541,0.4776
8517.0,0,0.000,0.777,6.989,0.000,0.000,0.002,153.587,0.077,0.000,0.446,0.000,1.434,0.000,0.120,0.000,2.057,8.242,0.000,0.000,8.769,0.000,6.077,0.009,9.559,0.5369,0.1226,-0.2269,-0.0013,0,1.30933,0.4841,0.0259,-0.0754,0.2800,0,2.05362,-0.0050,0.0895,0.1046,0.1452,0,2.18648,0.4924,0.0250,0.1950,0.1646,0,0.50680,0.0002,-0.2377,0.9604,0.4473,0,1.37720,0.0085,0.3686,0.4362,0.3519,0,0.72155,-0.0242,0.0886,0.4776
8550.5,0,0.000,3.415,3.018,0.000,0.000,0.000,150.167,0.014,0.000,0.138,0.000,2.068,0.000,0.023,0.000,0.782,8.728,0.000,0.000,1.642,0.000,2.811,0.002,31.863,0.5379,0.1725,-0.1617,0.0236,0,1.30583,0.4731,0.0157,-0.3177,0.2717,0,2.07987,-0.0048,0.0635,0.1863,0.2635,0,2.13866,0.4924,0.0197,0.1872,0.1780,0,0.51852,0.0001,-0.3150,0.8276,0.4631,0,1.39677,0.0225,0.3597,0.8060,0.3942,0,1.13115,-0.0243,-0.0161,0.4776
8584.0,0,0.000,9.066,9.269,0.000,0.000,0.000,46.466,0.003,0.000,0.241,0.000,7.126,0.000,0.004,0.000,0.177,8.956,0.000,0.000,0.308,0.000,0.970,0.000,57.297,0.5376,0.2922,-0.1443,0.0521,0,1.22240,0.4186,0.0118,-0.3947,0.2660,0,2.09479,-0.0045,0.0458,0.4075,0.3725,0,1.95669,0.4924,0.0141,0.1279,0.1816,0,0.46818,-0.0178,-0.3292,0.5283,0.4154,0,1.31371,0.0507,0.2712,1.0316,0.4292,0,1.32000,-0.0242,-0.0752,0.4776
8617.0,0,0.000,8.993,9.951,0.000,0.000,0.000,8.924,0.001,0.000,0.125,0.000,23.855,0.000,0.206,0.000,0.034,2.783,0.000,0.000,0.059,0.000,2.385,0.000,64.640,0.5355,0.3799,-0.1557,0.0489,0,1.13979,0.2846,0.0102,-0.3477,0.2657,0,2.14864,-0.0038,0.0338,0.7674,0.4332,0,1.57024,0.4920,0.0192,0.0695,0.1337,0,0.35543,-0.0254,-0.2774,0.2747,0.2986,0,1.05480,0.0604,0.2184,1.1262,0.4406,0,1.35949,-0.0243,-0.0612,0.4776
8650.5,0,0.000,4.944,10.128,0.000,0.000,0.316,1.672,23.560,0.000,0.642,0.000,39.780,0.000,0.093,0.000,0.006,0.521,0.000,0.000,0.011,0.000,4.288,0.000,66.657,0.5347,0.3910,-0.1689,0.0365,0,1.11551,0.1483,0.0200,0.2453,0.3393,0,2.03387,-0.0030,0.0425,1.0034,0.4665,0,1.27190,0.4913,0.0224,0.0311,0.1194,0,0.28773,-0.0181,-0.1836,0.1229,0.1703,0,0.73206,0.0594,0.2262,1.1596,0.4392,1,1.36464,-0.0242,-0.0337,0.4771
8684.0,0,0.000,2.648,5.936,0.000,0.000,0.175,0.313,52.872,0.000,1.757,0.000,20.340,0.000,0.017,0.000,0.001,0.098,0.000,0.000,0.002,0.000,3.180,0.000,64.509,0.5357,0.3364,-0.1572,0.0231,0,1.15982,0.0677,0.0249,0.7804,0.3941,0,1.58914,-0.0025,0.0811,1.0826,0.4723,0,1.18313,0.4914,0.0185,0.0112,0.1469,0,0.29730,-0.0092,-0.0975,0.0486,0.0820,0,0.49356,0.0504,0.2363,1.1692,0.4440,1,1.36586,-0.0242,-0.0148,0.4759
8717.0,0,0.000,1.560,7.902,0.000,0.000,0.610,0.060,58.672,0.000,1.741,0.000,3.906,0.000,0.185,0.000,1.804,0.019,0.000,0.000,0.127,0.000,3.178,0.000,37.409,0.5347,0.2601,-0.1452,0.0118,0,1.23314,0.0732,0.0393,1.0101,0.4251,0,1.33119,-0.0024,0.1152,1.0024,0.4436,0,1.31206,0.4920,0.0212,0.0907,0.1616,0,0.39044,-0.0034,-0.0437,0.0244,0.0355,0,0.37538,0.0365,0.2427,1.1639,0.4524,1,1.36435,-0.0242,-0.0050,0.4752
8750.5,0,0.000,1.932,4.072,0.000,0.000,3.677,0.011,53.540,0.000,0.830,0.000,0.732,0.000,0.278,0.000,7.792,0.004,0.000,0.000,0.730,0.000,4.627,0.000,10.801,0.5303,0.2092,-0.1252,0.0049,0,1.30637,0.1864,0.1392,1.0873,0.4392,0,1.27604,-0.0026,0.1156,0.7253,0.3786,0,1.66673,0.4925,0.0301,0.3553,0.1638,0,0.62890,-0.0004,-0.0155,0.0482,0.0134,0,0.35469,0.0236,0.2742,1.1198,0.4586,0,1.34820,-0.0242,-0.0004,0.4760
8784.0,0,0.000,2.445,4.585,0.000,0.000,3.067,0.002,47.721,0.000,0.645,0.000,0.137,0.000,0.052,0.000,15.142,0.001,0.000,0.000,0.137,0.000,5.321,0.000,2.554,0.5291,0.1959,-0.1085,0.0014,0,1.33937,0.3111,0.2188,1.0968,0.4155,0,1.30084,-0.0033,0.1007,0.4113,0.3063,0,1.98324,0.4925,0.0275,0.6583,0.1784,0,0.87994,0.0008,-0.0026,0.0515,0.0040,0,0.33027,0.0380,0.3386,0.9530,0.4575,0,1.25368,-0.0242,0.0016,0.4781
8817.0,0,0.000,2.017,4.953,0.000,0.000,0.589,0.000,19.754,0.000,0.956,0.000,0.026,0.000,0.010,0.000,11.673,0.000,0.000,0.000,1.121,0.000,1.693,0.000,0.748,0.5290,0.1890,-0.1026,-0.0001,0,1.34676,0.3971,0.1917,1.0542,0.3663,0,1.34632,-0.0040,0.0969,0.2018,0.2613,0,2.12842,0.4922,0.0187,0.8097,0.1808,0,0.98108,0.0011,0.0029,0.0894,0.0210,0,0.37273,0.0684,0.3114,0.6574,0.4379,0,1.04515,-0.0242,0.0024,0.4784
8850.5,0,0.000,2.146,12.139,0.000,0.000,0.110,0.000,3.700,0.000,3.146,0.000,0.380,0.000,1.102,0.000,3.208,0.000,0.000,0.000,3.131,0.000,6.442,1.103,0.537,0.5281,0.1834,-0.1368,-0.0008,0,1.33411,0.4467,0.1183,0.8967,0.3246,0,1.48494,-0.0044,0.1388,0.1114,0.2521,0,2.15193,0.4918,0.0478,0.7468,0.1392,0,0.90346,0.0011,0.0050,0.2160,0.1449,0,0.58688,0.1380,0.3454,0.3783,0.3944,0,0.73023,-0.0242,0.0027,0.4784
8884.0,0,0.000,1.428,9.244,0.000,0.000,0.484,0.000,0.693,0.000,12.030,0.000,0.277,0.000,2.041,0.000,0.601,0.000,0.000,0.000,1.341,0.000,7.998,2.582,0.432,0.5254,0.1695,-0.1598,-0.0011,0,1.33477,0.4698,0.0790,0.6125,0.2995,0,1.72956,-0.0045,0.2723,0.0786,0.2566,0,2.08736,0.4917,0.1011,0.5173,0.0735,0,0.65759,-0.0296,0.0056,0.2650,0.1966,0,0.67370,0.2055,0.4280,0.1934,0.3421,0,0.42119,-0.0243,0.0028,0.4784
8917.0,0,0.000,0.274,8.162,0.000,0.000,0.093,37.736,0.133,0.000,4.836,0.000,0.288,0.000,0.709,0.000,0.115,0.000,0.000,0.000,1.319,0.000,2.139,0.496,0.628,0.5232,0.1255,-0.1579,-0.0012,0,1.37109,0.4778,0.0538,0.2110,0.2870,0,1.96999,-0.0045,0.3250,0.0656,0.2604,0,2.04528,0.4916,0.1136,0.2868,0.0410,0,0.42778,-0.0401,0.0059,0.2401,0.1502,0,0.62078,0.1916,0.3998,0.1173,0.2973,0,0.32709,-0.0242,0.0029,0.4783
8950.5,0,0.000,0.051,11.505,0.000,0.000,0.017,144.819,0.025,0.000,2.173,0.000,0.628,0.000,4.072,0.000,0.022,0.000,0.000,0.000,0.344,0.000,1.982,0.093,1.205,0.5253,0.0741,-0.1704,-0.0012,0,1.39723,0.4804,0.0327,-0.1559,0.2776,0,2.05807,-0.0045,0.2862,0.0761,0.3075,0,2.06718,0.4912,0.1796,0.1350,0.0524,0,0.20764,-0.0274,0.0061,0.1735,0.0844,0,0.50421,0.1238,0.3242,0.1260,0.3060,0,0.40496,-0.0243,0.0029,0.4783
8984.0,0,0.000,0.182,14.414,0.000,0.000,0.003,139.209,0.005,0.000,0.683,0.000,6.591,0.000,1.165,0.000,0.263,3.750,0.000,0.000,0.064,0.000,1.555,0.017,1.423,0.5298,0.0466,-0.1967,-0.0012,0,1.39676,0.4543,0.0202,-0.3489,0.2668,0,2.06313,-0.0044,0.2058,0.3239,0.3654,0,1.99644,0.4911,0.1960,0.0716,0.0996,0,0.14852,-0.0141,-0.0557,0.0989,0.0396,0,0.46277,0.0631,0.2528,0.1636,0.3277,0,0.52124,-0.0243,0.0029,0.4783
9017.0,0,0.000,0.833,14.541,0.000,0.000,0.001,35.412,0.001,0.000,0.131,0.000,24.392,0.000,0.224,0.000,1.463,3.189,0.000,0.000,0.012,0.000,0.999,0.003,1.193,0.5325,0.0577,-0.2173,-0.0012,0,1.37841,0.3663,0.0142,-0.3978,0.2633,0,2.10112,-0.0037,0.1227,0.7287,0.3966,0,1.64826,0.4916,0.1422,0.1096,0.1528,0,0.27651,-0.0061,-0.1173,0.0468,0.0164,0,0.46387,0.0274,0.1884,0.1768,0.3202,0,0.58765,-0.0242,0.0029,0.4782
9050.5,0,0.000,1.353,12.205,0.000,0.000,0.000,6.633,0.381,0.000,0.600,0.000,41.457,0.000,0.042,0.000,3.285,3.220,0.000,0.000,2.218,0.000,1.400,0.001,0.892,0.5319,0.0898,-0.2160,-0.0012,0,1.35918,0.2287,0.0112,-0.3134,0.2997,0,2.17625,-0.0030,0.0826,0.9891,0.4063,0,1.33558,0.4922,0.0815,0.2393,0.1798,0,0.48114,-0.0021,-0.1599,0.1447,0.1880,0,0.72616,0.0092,0.1592,0.1638,0.2979,0,0.58101,-0.0242,0.0029,0.4782
9084.0,0,0.000,1.855,19.124,0.000,0.000,0.000,1.242,38.491,0.000,2.957,0.000,47.290,0.000,0.068,0.000,3.007,4.114,0.000,0.000,6.288,0.000,2.113,0.000,0.674,0.5314,0.1238,-0.2345,-0.0012,0,1.32454,0.1165,0.0080,0.3710,0.3475,0,1.97307,-0.0025,0.1131,1.0995,0.4055,0,1.20780,0.4925,0.0450,0.3285,0.1708,0,0.61160,-0.0005,-0.1859,0.4133,0.3414,0,1.08410,0.0012,0.1727,0.1447,0.2819,0,0.52777,-0.0242,0.0029,0.4783
9117.0,0,0.000,1.844,23.991,0.000,0.000,0.000,0.239,58.762,0.000,2.604,0.000,31.374,0.000,0.013,0.000,2.092,1.418,0.000,0.000,5.910,0.000,4.271,0.000,16.468,0.5330,0.1462,-0.2693,-0.0013,0,1.28412,0.0534,0.0046,0.8522,0.3523,0,1.53842,-0.0023,0.1504,1.1273,0.3943,0,1.19302,0.4928,0.0260,0.3318,0.1638,0,0.65048,0.0000,-0.1674,0.6107,0.3764,0,1.21760,-0.0018,0.2404,0.5099,0.2762,0,0.87400,-0.0243,0.0029,0.4781
9150.5,0,0.000,1.523,25.795,0.000,0.000,1.118,0.045,56.149,0.000,2.233,0.000,6.545,0.000,0.002,0.000,0.530,0.266,0.000,13.414,1.107,0.000,5.353,0.000,58.405,0.5335,0.1520,-0.2983,-0.0013,0,1.26551,0.0225,0.0369,1.0417,0.3839,0,1.32321,-0.0022,0.1657,1.0588,0.3754,0,1.29422,0.4930,0.0157,0.2513,0.1406,0,0.60072,0.0002,-0.1114,0.4989,0.3031,0,1.06903,0.0152,0.3251,0.9126,0.3496,0,1.20181,-0.0242,0.0029,0.4781
9184.0,0,0.000,1.542,21.578,0.000,0.000,0.268,0.008,40.463,0.000,0.543,0.000,1.226,0.000,0.000,0.000,0.099,2.978,0.000,5.810,0.207,0.000,1.181,0.000,56.134,0.5281,0.1513,-0.3062,-0.0014,0,1.27234,0.0850,0.0500,1.0911,0.4212,0,1.25108,-0.0025,0.1366,0.8163,0.3481,0,1.58207,0.4933,0.0109,0.1472,0.1131,0,0.48795,0.0005,-0.1116,0.2494,0.1839,0,0.78089,0.0209,0.2951,1.0874,0.4360,0,1.31569,-0.0242,0.0029,0.4780
9217.0,0,0.000,4.000,22.540,0.000,0.000,0.051,0.002,10.574,0.000,1.270,0.000,0.235,0.000,0.000,0.000,2.249,16.177,0.000,1.116,0.040,0.000,0.227,0.000,39.003,0.5297,0.2010,-0.3066,-0.0014,0,1.21871,0.2370,0.0366,1.0374,0.4293,0,1.29609,-0.0031,0.1211,0.4957,0.3208,0,1.90370,0.4933,0.0088,0.1589,0.1207,0,0.48780,0.0008,-0.1796,0.0938,0.0928,0,0.64264,0.0137,0.1909,1.1416,0.4737,0,1.33837,-0.0243,0.0029,0.4780
9250.5,0,0.000,6.877,22.403,0.000,0.000,0.010,0.000,2.652,0.000,2.734,0.000,0.044,0.000,0.000,0.000,0.850,6.701,0.000,0.209,0.007,0.000,0.042,0.000,25.801,0.5320,0.2895,-0.3071,-0.0014,0,1.13528,0.3665,0.0210,0.8398,0.4074,0,1.49569,-0.0038,0.1513,0.2499,0.3011,0,2.07391,0.4929,0.0078,0.1708,0.1601,0,0.51151,0.0008,-0.2231,0.0278,0.0408,0,0.59317,0.0063,0.0999,1.1375,0.4839,0,1.33630,-0.0243,0.0029,0.4780
9284.0,0,0.000,5.011,16.635,0.000,0.000,3.314,0.000,1.255,0.000,3.981,0.000,0.008,0.000,0.000,0.000,0.159,1.255,0.000,0.039,0.001,0.000,0.008,0.000,6.092,0.5261,0.3376,-0.2928,-0.0014,0,1.11565,0.4372,0.0969,0.5690,0.3674,0,1.75123,-0.0042,0.2121,0.1131,0.2905,0,2.11412,0.4923,0.0074,0.1231,0.1403,0,0.42473,0.0009,-0.1899,0.0047,0.0336,0,0.51787,0.0017,0.0469,1.0435,0.4769,0,1.32887,-0.0242,0.0029,0.4780
9317.0,0,0.000,2.446,9.250,0.000,0.000,0.636,110.462,0.241,0.000,3.336,0.000,0.868,0.000,0.000,0.000,0.031,0.241,0.000,0.008,0.000,0.000,0.079,0.000,1.170,0.5164,0.3112,-0.2488,-0.0014,0,1.18557,0.4700,0.1255,0.1423,0.3272,0,1.96903,-0.0044,0.2492,0.0944,0.2963,0,2.10417,0.4921,0.0072,0.0675,0.1036,0,0.31941,0.0010,-0.1199,-0.0028,0.0285,0,0.41324,0.0715,0.0251,0.7918,0.4665,0,1.28191,-0.0242,0.0029,0.4779
9350.5,0,0.000,1.365,3.800,0.000,0.000,0.119,76.759,0.045,0.000,2.394,0.000,10.201,0.000,0.000,0.000,2.259,0.045,0.000,0.001,0.000,0.000,0.015,0.000,0.456,0.5034,0.2444,-0.1822,-0.0014,0,1.30068,0.4816,0.0914,-0.1907,0.2928,0,2.01826,-0.0042,0.2390,0.3921,0.3460,0,1.96874,0.4924,0.0072,0.1415,0.1274,0,0.39518,0.0011,-0.0598,-0.0052,0.0165,0,0.32594,0.1094,0.0160,0.4841,0.4505,0,1.12618,-0.0242,0.0029,0.4779
9384.0,0,0.000,0.876,1.962,0.000,0.000,0.022,21.969,0.008,0.000,5.694,0.000,43.652,0.000,0.000,0.000,1.233,0.008,0.000,0.000,21.827,0.000,0.627,0.000,0.399,0.4943,0.1795,-0.1201,-0.0013,0,1.39984,0.4599,0.0536,-0.2989,0.2931,0,2.04031,-0.0034,0.2378,0.8049,0.3949,0,1.59344,0.4924,0.0070,0.1989,0.1496,0,0.44857,0.0010,-0.0245,0.5083,0.0218,0,0.85383,0.0834,0.0329,0.2728,0.4262,0,0.92032,-0.0242,0.0029,0.4778
9417.0,0,0.000,0.740,4.409,0.000,0.000,0.004,88.574,0.002,0.000,6.755,0.000,54.114,0.000,0.379,0.000,1.332,0.002,0.000,0.000,40.546,0.000,1.779,0.000,0.631,0.4974,0.1349,-0.0950,-0.0012,0,1.44525,0.3714,0.0301,-0.3635,0.3235,0,2.08914,-0.0025,0.2689,1.0220,0.4151,0,1.32862,0.4923,0.0219,0.1987,0.1336,0,0.42852,0.0006,-0.0086,0.9099,0.1085,0,1.18922,0.0458,0.0898,0.1771,0.4029,0,0.73825,-0.0242,0.0029,0.4778
9450.5,0,0.000,0.620,3.451,0.000,0.000,0.001,62.009,0.000,0.000,2.934,0.000,57.974,0.000,0.970,0.000,4.383,0.000,0.000,0.000,13.444,0.000,2.040,7.333,0.919,0.5088,0.1068,-0.0862,-0.0012,0,1.46175,0.1727,0.0183,-0.4049,0.3512,0,2.18375,-0.0020,0.2743,1.1112,0.4212,0,1.20729,0.4921,0.0562,0.3142,0.1473,0,0.53138,0.0003,-0.0021,1.0418,0.1360,0,1.25738,0.0428,0.1533,0.1079,0.3913,0,0.58611,-0.0242,0.0029,0.4778
9484.0,0,0.000,0.755,6.854,0.000,0.000,0.000,11.615,4.618,0.000,0.931,0.000,52.653,0.000,0.303,0.000,3.220,6.485,0.000,6.723,2.518,0.000,2.305,7.773,2.772,0.5209,0.0955,-0.0965,-0.0011,0,1.45447,0.0065,0.0125,-0.1953,0.3903,0,2.25869,-0.0018,0.2205,1.1426,0.4243,0,1.14378,0.4919,0.0644,0.4004,0.1684,0,0.62986,0.0002,-0.0777,0.9195,0.1443,0,1.24977,0.0619,0.1998,0.1435,0.3927,0,0.59174,-0.0242,0.0029,0.4778
9517.0,0,0.000,0.761,15.384,0.000,0.000,0.000,2.231,42.386,0.000,0.179,0.000,23.462,0.000,0.323,0.000,1.326,22.449,0.000,53.521,0.484,0.000,4.056,1.493,11.338,0.5293,0.0931,-0.1495,0.0018,0,1.41176,-0.0442,0.0079,0.4224,0.4018,0,1.95683,-0.0018,0.1399,1.1327,0.4133,0,1.14087,0.4916,0.0580,0.3543,0.1688,0,0.58887,0.0003,-0.2166,0.4681,0.1188,0,1.06869,0.0555,0.2632,0.4634,0.4204,0,0.89396,-0.0242,0.0029,0.4778
9550.5,0,0.000,0.728,19.269,0.000,0.000,0.000,0.418,30.253,0.000,0.034,0.000,4.395,0.000,0.061,0.000,0.716,22.150,0.000,12.197,0.091,0.000,2.866,0.280,35.049,0.5309,0.0918,-0.2120,0.0026,0,1.36319,-0.0368,0.0045,0.8028,0.3746,0,1.59382,-0.0020,0.0736,1.0206,0.3728,0,1.29271,0.4916,0.0427,0.2539,0.1586,0,0.49640,-0.0221,-0.3041,0.0875,0.1158,0,0.81718,0.0334,0.2904,0.8405,0.4487,0,1.19163,-0.0242,0.0029,0.4778
9584.0,0,0.000,1.184,24.566,0.000,0.000,0.916,0.078,25.382,0.000,2.286,0.000,0.823,0.000,2.068,0.000,6.131,9.207,0.000,2.285,0.017,0.000,13.207,0.052,54.933,0.5304,0.1023,-0.2641,0.0013,0,1.32373,0.0056,0.0323,0.9217,0.3944,0,1.45906,0.0201,0.0892,0.7390,0.3096,0,1.67158,0.4916,0.0945,0.3403,0.1589,0,0.50036,-0.0886,-0.3120,-0.0405,0.1995,0,0.75711,0.0161,0.4115,1.0448,0.4637,0,1.27731,-0.0242,0.0029,0.4777
9617.0,0,0.000,1.964,27.836,0.000,0.000,0.241,0.015,42.158,0.000,5.359,0.000,0.158,0.000,7.359,0.000,5.180,4.323,0.000,0.439,0.003,0.000,12.312,0.010,57.912,0.5330,0.1281,-0.3021,0.0000,0,1.27472,0.1535,0.0441,0.9805,0.4019,0,1.38557,0.0292,0.1540,0.4264,0.2251,0,2.00368,0.4906,0.2627,0.4474,0.1392,0,0.39433,-0.1528,-0.2751,-0.0494,0.3193,0,0.79250,0.0067,0.5045,1.1209,0.4658,0,1.30103,-0.0242,0.0029,0.4777
9650.5,0,0.000,1.305,18.461,0.000,0.000,0.045,0.003,43.292,0.000,3.050,0.000,0.030,0.000,1.874,0.000,6.477,7.042,0.000,0.082,0.001,0.000,6.578,0.002,56.597,0.5356,0.1390,-0.3038,-0.0007,0,1.25351,0.3113,0.0324,1.0199,0.3835,0,1.32838,0.0198,0.1951,0.2081,0.1481,0,2.11850,0.4893,0.3121,0.5260,0.1244,0,0.40708,-0.1740,-0.2521,-0.0327,0.3770,0,0.82523,0.0021,0.4930,1.1433,0.4613,0,1.31362,-0.0242,0.0029,0.4777
9684.0,0,0.000,0.878,10.743,0.000,0.000,0.008,0.001,12.122,0.000,2.962,0.000,0.356,0.000,1.353,0.000,8.945,7.418,0.000,0.015,0.892,0.000,6.139,0.000,31.835,0.5370,0.1283,-0.2641,-0.0011,0,1.27783,0.4073,0.0186,0.9842,0.3531,0,1.35964,0.0085,0.2173,0.1129,0.1320,0,2.12023,0.4882,0.2567,0.6280,0.1427,0,0.57719,-0.1426,-0.2911,0.0362,0.3798,0,0.92937,0.0000,0.4416,1.1351,0.4554,0,1.31407,-0.0242,0.0654,0.4777
9717.0,0,0.000,0.217,10.473,0.000,0.000,0.222,0.000,2.328,0.000,3.016,0.000,6.290,0.000,0.648,0.000,6.189,18.250,0.000,0.003,4.552,0.000,4.746,0.000,7.678,0.5365,0.0952,-0.2195,-0.0012,0,1.32776,0.4544,0.0185,0.8064,0.3223,0,1.53475,0.0017,0.2375,0.3019,0.1733,0,2.04988,0.4878,0.1835,0.6644,0.1259,0,0.67227,-0.0896,-0.4286,0.2596,0.4099,0,1.24663,-0.0010,0.3936,1.0616,0.4477,0,1.28259,-0.0242,0.0925,0.4777
9750.5,0,0.000,0.681,9.286,0.000,0.000,0.476,0.000,0.436,0.000,0.765,0.000,9.340,0.000,0.190,0.000,5.025,19.011,0.000,0.001,30.099,0.000,11.175,0.000,1.438,0.5337,0.0802,-0.1867,-0.0012,0,1.35843,0.4754,0.0327,0.5199,0.2990,0,1.77817,-0.0014,0.1990,0.5586,0.2308,0,1.89217,0.4888,0.1146,0.6296,0.0868,0,0.70581,-0.0462,-0.5434,0.7358,0.4370,0,1.47792,-0.0016,0.4667,0.8317,0.4368,0,1.08927,-0.0243,0.0294,0.4777
9784.0,0,0.000,1.357,9.752,0.000,0.000,0.089,33.014,0.082,0.000,0.527,0.000,16.988,0.000,0.192,0.000,2.023,17.096,0.000,0.000,29.334,0.000,8.878,3.119,0.269,0.5320,0.0974,-0.1691,-0.0012,0,1.35420,0.4830,0.0331,0.1538,0.2852,0,2.00430,-0.0024,0.1382,0.8111,0.2786,0,1.63493,0.4900,0.0703,0.5087,0.0875,0,0.67500,-0.0213,-0.5895,1.0033,0.4052,0,1.43562,-0.0021,0.5334,0.4876,0.4230,0,0.67489,-0.0242,-0.0084,0.4777
9817.0,0,0.000,0.640,9.811,0.000,0.000,0.017,133.779,0.016,0.000,4.847,0.000,40.603,0.000,0.800,0.000,1.101,3.283,13.562,0.000,14.187,0.000,10.038,18.126,0.174,0.5327,0.1001,-0.1641,0.0078,0,1.35624,0.4855,0.0242,-0.1725,0.2764,0,2.09844,0.0169,0.2163,0.9975,0.3526,0,1.39954,0.4908,0.0727,0.3675,0.1058,0,0.57863,-0.0093,-0.3081,1.0606,0.2931,0,1.39412,0.0085,0.5704,0.1759,0.4104,0,0.23662,-0.0242,-0.0089,0.4776
9850.5,0,0.000,0.120,15.350,0.000,0.000,0.003,106.808,0.003,0.000,3.052,0.000,27.442,0.000,0.202,0.000,0.328,0.615,3.518,0.000,7.009,0.000,2.798,15.562,0.684,0.5343,0.0740,-0.1885,0.0533,0,1.36740,0.4755,0.0171,-0.3491,0.2481,0,2.05045,0.0288,0.2744,1.0757,0.3961,0,1.36529,0.4918,0.0668,0.2319,0.1279,0,0.61233,0.0176,0.0176,0.9570,0.1643,0,1.32020,0.0102,0.5251,0.0314,0.3920,1,0.19031,-0.0233,-0.0039,0.4962
9884.0,0,0.000,2.019,21.973,0.000,0.000,0.001,24.262,0.625,0.000,1.003,0.000,5.855,0.000,0.038,0.000,0.061,9.888,0.659,0.000,1.313,0.000,0.937,6.004,1.184,0.5324,0.0959,-0.2347,0.0791,0,1.33451,0.4201,0.0133,-0.3600,0.2311,0,2.07635,0.0222,0.2317,1.0202,0.3897,0,1.39536,0.4924,0.0450,0.1236,0.1243,0,0.47205,0.0270,0.0172,0.7051,0.0780,0,1.09757,0.0009,0.3864,0.0092,0.3822,0,0.24718,-0.0226,-0.0005,0.4887
9917.0,0,0.000,2.941,20.741,0.000,0.000,0.000,4.659,0.396,0.000,1.059,0.000,1.124,0.000,0.132,0.000,0.012,2.692,0.127,0.000,0.252,0.000,2.093,1.153,1.857,0.5292,0.1495,-0.2671,0.0632,0,1.28208,0.2960,0.0106,-0.2516,0.2412,0,2.15378,0.0116,0.1799,0.7834,0.3493,0,1.62945,0.4924,0.0322,0.0574,0.0965,0,0.29709,0.0193,-0.0645,0.4190,0.0333,0,0.81885,-0.0027,0.2938,0.0894,0.4025,0,0.38832,-0.0237,0.0015,0.4772
9950.5,0,0.000,2.762,15.348,0.000,0.000,0.000,0.873,10.219,0.000,2.747,0.000,0.211,0.000,0.181,0.000,9.956,0.504,0.024,0.000,0.047,0.000,5.141,0.216,22.718,0.5234,0.1840,-0.2659,0.0358,0,1.25802,0.1603,0.0082,0.1705,0.3224,0,2.09078,0.0038,0.1960,0.4668,0.2707,0,1.94769,0.4925,0.0298,0.3403,0.1214,0,0.55795,0.0108,-0.0760,0.2076,0.0124,0,0.59432,-0.0025,0.3079,0.5422,0.4293,0,0.91670,-0.0241,0.0024,0.4774
9984.0,0,0.000,2.658,12.974,0.000,0.000,0.000,0.163,27.836,0.000,11.651,0.000,0.039,0.000,1.071,0.000,25.679,0.094,0.004,0.000,0.009,0.000,7.519,0.040,54.342,0.5164,0.1960,-0.2447,0.0168,0,1.27193,0.0736,0.0053,0.6486,0.3806,0,1.72608,-0.0007,0.3387,0.2330,0.1708,0,2.04050,0.4925,0.0626,0.7285,0.1753,0,0.87246,0.0057,-0.0488,0.0903,0.0035,0,0.43080,-0.0021,0.3817,0.9257,0.4448,0,1.20402,-0.0242,0.0027,0.4775
10017.0,0,0.000,2.208,8.845,0.000,0.000,0.115,0.031,37.422,0.000,7.784,0.000,0.008,0.000,3.284,0.000,12.188,0.018,0.001,0.000,0.002,0.000,9.289,0.008,68.294,0.5113,0.1938,-0.2100,0.0068,0,1.30897,0.0315,0.0079,0.9067,0.3926,0,1.45289,-0.0027,0.4298,0.1053,0.1385,0,1.99788,0.4916,0.1481,0.8854,0.1962,0,0.91697,0.0035,-0.0230,0.0350,-0.0000,0,0.34456,-0.0018,0.4511,1.0883,0.4463,0,1.27951,-0.0242,0.0028,0.4774
10050.5,0,0.000,1.838,9.720,0.000,0.000,2.186,0.006,49.345,0.000,3.531,0.000,0.412,0.000,1.694,0.000,4.194,4.921,0.000,0.000,11.330,0.000,4.447,0.001,69.397,0.5081,0.1831,-0.1821,0.0021,0,1.34343,0.0474,0.0627,1.0217,0.4005,0,1.34285,-0.0036,0.4184,0.0699,0.1823,0,2.00715,0.4906,0.1865,0.8184,0.2134,0,0.85021,0.0026,-0.0843,0.3615,0.0307,0,0.80214,-0.0016,0.4360,1.1481,0.4413,0,1.31019,-0.0242,0.0029,0.4774
10084.0,0,0.000,1.304,20.156,0.000,0.000,1.217,0.001,46.369,0.000,0.851,0.000,0.490,0.000,0.438,0.000,4.826,22.281,0.000,0.000,38.702,0.000,1.908,0.000,63.850,0.5140,0.1643,-0.2099,0.0001,0,1.32992,0.1887,0.1053,1.0590,0.3848,0,1.32005,-0.0040,0.3139,0.0744,0.2483,0,2.07564,0.4906,0.1508,0.6939,0.2392,0,0.81049,-0.0138,-0.2859,0.8055,0.0918,0,1.32175,-0.0016,0.3418,1.1670,0.4423,0,1.32989,-0.0242,0.0029,0.4774
10117.0,0,0.000,0.798,24.878,0.000,0.000,0.234,0.000,16.299,0.000,0.164,0.000,13.339,0.000,0.084,0.000,1.951,22.125,0.000,0.000,21.566,0.000,2.118,0.000,31.960,0.5216,0.1373,-0.2593,-0.0008,0,1.30353,0.3326,0.0907,1.0249,0.3535,0,1.34847,-0.0040,0.1871,0.4646,0.3629,0,1.91635,0.4908,0.0941,0.5394,0.2503,0,0.76129,-0.0545,-0.4471,1.0052,0.1868,0,1.43363,-0.0017,0.2603,1.1615,0.4409,0,1.33454,-0.0242,0.0029,0.4774
10150.5,0,0.000,1.247,25.228,0.000,0.000,0.044,0.000,3.053,0.000,0.230,0.000,48.021,0.000,0.016,0.000,0.365,15.806,0.000,0.000,5.999,0.000,3.315,0.000,7.166,0.5247,0.1267,-0.2934,-0.0011,0,1.28835,0.4186,0.0552,0.8592,0.3237,0,1.49825,-0.0033,0.1018,0.8875,0.4424,0,1.44694,0.4912,0.0508,0.3426,0.2335,0,0.65289,-0.0744,-0.5243,0.9934,0.3175,0,1.44656,-0.0018,0.2530,1.0936,0.4292,0,1.31494,-0.0242,0.0029,0.4773
10184.0,0,0.000,1.327,16.402,0.000,0.000,0.008,0.881,0.572,0.000,3.058,0.000,51.933,0.000,0.068,0.000,0.101,25.415,0.000,0.000,1.124,0.000,9.437,0.000,1.342,0.5252,0.1291,-0.2870,-0.0013,0,1.29816,0.4602,0.0290,0.5668,0.3029,0,1.73336,-0.0026,0.1240,1.0737,0.4775,0,1.20253,0.4915,0.0298,0.1819,0.1966,0,0.52660,-0.0831,-0.5517,0.7655,0.3840,0,1.49225,-0.0020,0.3814,0.8619,0.4089,0,1.14281,-0.0242,0.0029,0.4772
10217.0,0,0.000,0.955,11.601,0.000,0.000,0.002,7.925,0.110,0.000,1.086,0.000,29.601,0.000,0.579,0.000,0.019,25.989,0.000,0.000,0.216,0.000,10.364,3.474,0.458,0.5263,0.1243,-0.2522,-0.0013,0,1.32845,0.4774,0.0156,0.2651,0.3064,0,1.90560,-0.0023,0.1412,1.1216,0.4904,0,1.13871,0.4915,0.0403,0.0857,0.1599,0,0.39606,-0.0795,-0.5459,0.4591,0.3864,0,1.45156,-0.0023,0.5001,0.5209,0.3817,0,0.71635,-0.0242,0.0029,0.4772
10250.5,0,0.000,2.868,7.094,0.000,0.000,0.000,49.419,0.021,0.000,0.203,0.000,5.981,0.000,0.299,0.000,0.004,12.394,0.000,0.000,0.083,0.000,10.214,3.084,0.553,0.5315,0.1614,-0.2033,-0.0013,0,1.31570,0.4786,0.0101,-0.0487,0.3243,0,2.02338,-0.0022,0.1056,1.0484,0.4931,0,1.21683,0.4914,0.0486,0.0352,0.1516,0,0.31765,-0.0768,-0.4851,0.2303,0.3667,0,1.27811,0.0360,0.5549,0.2635,0.3501,0,0.34090,-0.0242,0.0029,0.4772
10284.0,0,0.000,6.990,14.249,0.000,0.000,0.000,28.238,0.004,0.000,0.038,0.000,1.120,0.000,0.056,0.000,0.001,2.321,0.000,0.000,0.015,0.000,5.909,0.578,1.003,0.5375,0.2600,-0.2005,0.0057,0,1.21686,0.4483,0.0087,-0.2287,0.3114,0,2.07506,-0.0024,0.0605,0.7952,0.4848,0,1.51318,0.4916,0.0387,0.0120,0.1885,0,0.30844,-0.0603,-0.3626,0.1031,0.3331,0,1.02541,0.0942,0.5359,0.1619,0.3230,0,0.22932,-0.0242,0.0029,0.4772
10317.0,0,0.000,7.338,19.937,0.000,0.000,0.000,5.423,0.001,0.000,0.217,0.000,0.215,0.000,0.011,0.000,0.343,0.446,0.000,0.000,0.003,0.000,5.260,0.111,1.592,0.5412,0.3423,-0.2342,0.0077,0,1.11074,0.3639,0.0084,-0.2351,0.2844,0,2.11105,-0.0030,0.0394,0.4765,0.4524,0,1.86076,0.4918,0.0252,0.0227,0.2001,0,0.31163,-0.0356,-0.2227,0.0415,0.2544,0,0.75718,0.0946,0.4908,0.1536,0.3367,0,0.27128,-0.0242,0.0029,0.4772
10350.5,0,0.000,6.215,19.893,0.000,0.000,0.081,1.016,0.000,0.000,0.041,0.000,0.040,0.000,0.002,0.000,6.803,0.084,0.000,0.000,0.001,0.000,3.472,0.021,1.975,0.5409,0.3776,-0.2632,0.0047,0,1.05322,0.1574,0.0114,-0.1564,0.2989,0,2.19551,-0.0038,0.0270,0.2388,0.3919,0,2.07800,0.4923,0.0158,0.2645,0.2138,0,0.54233,-0.0166,-0.1129,0.0133,0.1524,0,0.53662,0.0589,0.4243,0.1738,0.3709,0,0.37130,-0.0242,0.0029,0.4772
10384.0,0,0.000,3.791,14.769,0.000,0.000,0.247,0.190,24.944,0.000,2.058,0.000,1.450,0.000,0.000,0.000,14.301,7.139,0.000,0.000,0.000,0.000,2.446,0.004,7.359,0.5371,0.3550,-0.2621,0.0018,0,1.07562,-0.0556,0.0198,0.3911,0.3489,0,1.99135,-0.0043,0.0825,0.1726,0.3183,0,2.13340,0.4924,0.0103,0.6009,0.2336,0,0.84295,-0.0061,-0.1368,0.0014,0.0760,0,0.49678,0.0286,0.3352,0.4193,0.3884,0,0.75163,-0.0242,0.0029,0.4772
10417.0,0,0.000,2.005,9.359,0.000,0.000,2.132,0.037,56.012,0.000,4.214,0.000,0.766,0.000,0.844,0.000,9.345,2.544,0.000,0.000,1.380,0.000,5.224,0.001,27.253,0.5301,0.2914,-0.2289,0.0001,0,1.16590,-0.1235,0.0798,0.8414,0.3536,0,1.57902,-0.0044,0.1802,0.1565,0.2554,0,2.12637,0.4921,0.0364,0.7551,0.2239,0,0.93146,-0.0016,-0.1739,0.0653,0.0482,0,0.59202,0.0117,0.3145,0.7618,0.3803,0,1.09220,-0.0242,0.0029,0.4772
10450.5,0,0.000,1.674,4.528,0.000,0.000,1.705,0.007,53.495,0.000,1.974,0.000,0.700,0.000,0.703,0.000,3.167,0.477,0.000,0.000,0.875,0.000,7.065,0.000,48.978,0.5235,0.2283,-0.1752,-0.0007,0,1.26279,-0.0866,0.1290,1.0331,0.3282,0,1.39758,-0.0045,0.2147,0.1414,0.2287,0,2.11829,0.4918,0.0639,0.6893,0.1908,0,0.86532,0.0002,-0.1387,0.1218,0.0757,0,0.62187,0.0038,0.3622,0.9978,0.3536,0,1.23564,-0.0242,0.0029,0.4772
10484.0,0,0.000,1.661,3.795,0.000,0.000,3.600,0.001,50.275,0.000,0.426,0.000,0.861,0.000,0.132,0.000,0.670,5.166,0.000,0.000,6.778,0.000,5.610,0.000,61.664,0.5239,0.1891,-0.1298,-0.0010,0,1.31965,0.0864,0.1933,1.0930,0.3715,0,1.33470,-0.0045,0.1677,0.1359,0.2496,0,2.13181,0.4915,0.0579,0.4786,0.1881,0,0.72455,0.0007,-0.1810,0.3748,0.2406,0,1.00825,0.0005,0.3807,1.1062,0.3267,0,1.29656,-0.0242,0.0029,0.4772
10517.0,0,0.000,1.170,3.073,0.000,0.000,9.272,0.000,45.479,0.000,0.082,0.000,1.570,0.000,0.025,0.000,0.129,14.746,0.000,0.000,10.820,0.000,4.743,0.000,67.363,0.5303,0.1607,-0.1001,-0.0011,0,1.34889,0.2764,0.3185,1.0970,0.3924,0,1.35533,-0.0046,0.1012,0.1815,0.3157,0,2.11998,0.4916,0.0382,0.2685,0.1884,0,0.58290,0.0005,-0.3445,0.6391,0.3480,0,1.35458,0.0157,0.3710,1.1485,0.3558,1,1.33192,-0.0242,0.0029,0.4770
10550.5,0,0.000,1.426,4.257,0.000,0.000,1.737,0.000,14.382,0.000,0.015,0.000,19.038,0.000,0.005,0.000,0.024,13.696,0.000,0.000,5.686,0.000,1.439,0.000,72.396,0.5346,0.1467,-0.0896,0.0028,0,1.35465,0.3935,0.3241,1.0408,0.3667,0,1.40505,-0.0042,0.0520,0.5882,0.3626,0,1.80587,0.4921,0.0229,0.1277,0.1934,0,0.48475,0.0002,-0.4607,0.6924,0.3353,0,1.44127,0.0305,0.3503,1.1659,0.3913,1,1.34987,-0.0242,0.0029,0.4759
10584.0,0,0.000,1.759,8.504,0.000,0.000,0.325,0.000,2.694,0.000,0.003,0.000,50.762,0.000,0.554,0.000,0.400,16.372,0.000,0.000,1.460,0.000,0.496,0.000,64.320,0.5371,0.1488,-0.1109,0.0039,0,1.33225,0.4488,0.2213,0.8558,0.3289,0,1.54420,-0.0033,0.0246,0.9407,0.3847,0,1.39780,0.4927,0.0354,0.0757,0.1925,0,0.42781,0.0002,-0.5246,0.5500,0.2399,0,1.43394,0.0216,0.2723,1.1724,0.3992,0,1.36211,-0.0242,0.0029,0.4745
10617.0,0,0.000,1.779,14.069,0.000,0.000,0.062,1.984,0.517,0.000,2.085,0.000,74.290,0.000,0.372,0.000,0.420,5.398,0.000,7.805,0.280,0.000,1.157,0.000,21.829,0.5385,0.1547,-0.1560,0.0022,0,1.30795,0.4706,0.1219,0.5519,0.3016,0,1.75972,-0.0027,0.0745,1.0959,0.4042,0,1.19571,0.4927,0.0483,0.0667,0.1588,0,0.39450,0.0003,-0.4930,0.3024,0.1781,0,1.25894,0.0189,0.1681,1.1593,0.3854,0,1.35962,-0.0242,0.0029,0.4770
10650.5,0,0.000,1.229,22.213,0.000,0.000,0.012,74.547,0.097,0.000,5.027,0.000,79.313,0.000,0.070,0.000,0.161,1.011,0.000,1.462,0.053,0.000,2.407,0.000,4.599,0.5392,0.1484,-0.2179,0.0005,0,1.27548,0.4730,0.0602,0.1143,0.2859,0,1.98374,-0.0022,0.1985,1.1536,0.4119,0,1.14648,0.4926,0.0410,0.0540,0.1493,0,0.38058,0.0008,-0.3527,0.1184,0.1229,0,0.91327,0.0101,0.1653,1.0657,0.3543,0,1.32985,-0.0242,0.0029,0.4771
10684.0,0,0.000,0.947,21.977,0.000,0.000,0.002,159.112,0.018,0.000,4.182,0.000,62.402,0.000,0.383,0.000,0.030,0.189,0.000,5.558,0.010,0.000,3.646,0.000,0.861,0.5373,0.1326,-0.2630,0.0077,0,1.27184,0.4653,0.0304,-0.2204,0.2748,0,2.06854,-0.0019,0.2713,1.1704,0.3933,0,1.16273,0.4923,0.0417,0.0328,0.1295,0,0.32294,0.0012,-0.1968,0.0048,0.0682,0,0.55781,0.0036,0.2241,0.7944,0.3185,0,1.15469,-0.0242,0.0029,0.4772
10717.0,0,0.000,0.458,8.368,0.000,0.000,0.000,107.394,0.003,0.000,1.081,0.000,15.621,0.000,0.416,0.000,0.006,0.036,0.000,1.067,0.002,0.000,5.288,0.576,0.771,0.5319,0.1064,-0.2440,0.0098,0,1.31681,0.4162,0.0178,-0.3724,0.2614,0,2.10130,-0.0018,0.2381,1.1508,0.3418,0,1.21709,0.4917,0.0494,0.0152,0.0788,0,0.22655,0.0013,-0.0930,-0.0357,0.0323,0,0.34953,-0.0002,0.2979,0.4930,0.2862,0,0.80836,-0.0243,0.0029,0.4772
10750.5,0,0.000,1.922,4.219,0.000,0.000,0.000,21.282,0.001,0.000,0.203,0.000,2.926,0.000,0.078,0.000,0.644,0.007,0.000,0.200,0.000,0.000,5.108,4.244,1.357,0.5280,0.1174,-0.1844,0.0061,0,1.35067,0.2605,0.0127,-0.3869,0.2765,0,2.17911,-0.0020,0.1530,1.0121,0.2723,0,1.40895,0.4914,0.0419,0.0410,0.0870,0,0.24674,0.0013,-0.0372,-0.0322,0.0130,0,0.26713,0.0182,0.3513,0.2869,0.2590,0,0.50565,-0.0242,0.0029,0.4773
10784.0,0,0.000,2.673,4.991,0.000,0.000,0.221,3.986,11.510,0.000,1.605,0.000,0.548,0.000,0.015,0.000,0.497,0.001,0.000,0.037,0.000,0.000,2.710,9.226,1.972,0.5282,0.1537,-0.1397,0.0026,0,1.35040,0.0851,0.0183,0.0150,0.3376,0,2.19859,-0.0026,0.1323,0.6988,0.1866,0,1.79162,0.4918,0.0276,0.0677,0.1320,0,0.32077,0.0013,-0.0115,-0.0212,0.0041,0,0.24069,0.0746,0.3385,0.1669,0.2309,0,0.37309,-0.0242,0.0029,0.4773
10817.0,0,0.000,2.621,7.494,0.000,0.000,0.124,0.766,40.727,0.000,10.520,0.000,0.509,0.000,0.003,0.000,0.126,0.574,0.000,0.007,0.000,0.000,0.572,2.724,2.082,0.5306,0.1789,-0.1314,0.0006,0,1.32794,0.0030,0.0205,0.5950,0.3568,0,1.81837,-0.0033,0.2948,0.4109,0.1068,0,2.00468,0.4923,0.0173,0.0589,0.1300,0,0.34140,0.0013,-0.0169,-0.0135,0.0003,0,0.25318,0.0885,0.2496,0.1351,0.2163,0,0.42834,-0.0242,0.0029,0.4773
10850.5,0,0.000,2.002,9.095,0.000,0.000,0.023,0.143,41.327,0.000,13.116,0.000,0.965,0.000,0.623,0.000,0.024,2.877,0.000,0.001,9.362,0.000,2.236,0.510,2.131,0.5320,0.1827,-0.1426,-0.0005,0,1.30875,-0.0138,0.0154,0.9076,0.2881,0,1.52079,-0.0037,0.4478,0.2572,0.0522,0,1.96751,0.4927,0.0370,0.0345,0.0767,0,0.28509,0.0011,-0.0681,0.3231,0.0362,0,0.72289,0.0604,0.2034,0.1807,0.2250,0,0.53070,-0.0242,0.0029,0.4773
10884.0,0,0.000,0.889,13.454,0.000,0.000,0.256,0.027,27.737,0.000,6.165,0.000,0.213,0.000,0.117,0.000,0.107,0.539,0.000,0.000,4.994,0.000,3.614,0.096,24.490,0.5329,0.1572,-0.1726,0.0055,0,1.30780,0.0038,0.0191,0.9961,0.2790,0,1.42633,-0.0039,0.4773,0.1597,0.0437,0,1.94979,0.4925,0.0422,0.0218,0.0355,0,0.25811,0.0008,-0.0803,0.5559,0.0810,0,0.98527,0.0310,0.2465,0.6550,0.2746,0,1.01144,-0.0242,0.0029,0.4772
10917.0,0,0.000,0.219,16.758,0.000,0.000,0.642,0.005,22.801,0.000,1.972,0.000,0.041,0.000,0.022,0.000,6.477,0.103,0.000,0.000,0.959,0.000,1.183,0.018,60.990,0.5336,0.1099,-0.2100,0.0093,0,1.32280,0.1603,0.0397,0.9839,0.3145,0,1.42247,-0.0040,0.3980,0.0866,0.1136,0,2.01652,0.4924,0.0304,0.2148,0.0725,0,0.46656,0.0007,-0.0537,0.4946,0.0785,0,0.90442,0.0177,0.2350,0.9869,0.3896,0,1.27592,-0.0242,0.0029,0.4772
10950.5,0,0.000,1.068,16.831,0.000,0.000,0.120,0.001,5.041,0.000,0.541,0.000,0.008,0.000,0.004,0.000,11.545,15.121,0.000,0.272,0.180,0.000,0.222,0.003,57.223,0.5314,0.0970,-0.2356,0.0070,0,1.32418,0.3258,0.0405,0.8623,0.3205,0,1.52577,-0.0043,0.2655,0.0415,0.1965,0,2.10777,0.4924,0.0189,0.4866,0.1364,0,0.73620,0.0007,-0.1234,0.3040,0.0652,0,0.78584,0.0101,0.1576,1.1175,0.4581,0,1.33412,-0.0242,0.0029,0.4772
10984.0,0,0.000,2.420,20.986,0.000,0.000,0.023,0.000,0.944,0.000,0.101,0.000,15.064,0.000,0.001,0.000,8.180,21.504,0.000,0.051,0.034,0.000,0.041,0.001,48.592,0.5280,0.1282,-0.2597,0.0034,0,1.29672,0.4183,0.0268,0.6130,0.3065,0,1.73599,-0.0042,0.1474,0.4875,0.3513,0,1.90509,0.4921,0.0118,0.6190,0.1617,0,0.84566,0.0008,-0.2161,0.1505,0.0453,0,0.72450,0.0043,0.0844,1.1567,0.4822,0,1.33636,-0.0242,0.0029,0.4772
11017.0,0,0.000,4.989,12.893,0.000,0.000,2.381,9.341,0.181,0.000,4.133,0.000,65.584,0.000,5.232,0.000,6.634,14.086,0.000,0.010,9.998,0.000,6.246,0.000,51.123,0.5287,0.2113,-0.2539,0.0010,0,1.23285,0.4609,0.0824,0.3015,0.2940,0,1.93085,-0.0032,0.1698,0.9208,0.4422,0,1.42446,0.4913,0.1594,0.6404,0.1416,0,0.69553,-0.0256,-0.2635,0.4079,0.1598,0,1.08445,0.0010,0.1872,1.1579,0.4834,0,1.34294,-0.0242,0.0029,0.4772
11050.5,0,0.000,4.886,7.019,0.000,0.000,4.955,79.187,0.034,0.000,12.626,0.000,65.893,0.000,6.351,0.000,3.738,3.000,0.000,0.002,5.464,0.000,10.576,0.000,37.696,0.5328,0.2830,-0.2131,-0.0003,0,1.18750,0.4792,0.2019,-0.0537,0.2858,0,1.95084,-0.0024,0.3074,1.0996,0.4764,0,1.22415,0.4896,0.3280,0.5817,0.0980,0,0.43741,-0.0547,-0.2448,0.6204,0.2478,0,1.24752,-0.0005,0.3551,1.1403,0.4660,0,1.33149,-0.0242,0.0029,0.4771
11084.0,0,0.000,3.029,5.703,0.000,0.000,0.928,157.766,0.006,0.000,16.386,0.000,38.116,0.000,1.313,0.000,0.700,3.266,0.000,0.000,4.904,0.000,4.974,0.000,7.913,0.5357,0.2900,-0.1679,-0.0009,0,1.19978,0.4757,0.2154,-0.2963,0.2734,0,1.88705,-0.0018,0.4477,1.1489,0.4851,0,1.20541,0.4886,0.3268,0.4202,0.0736,0,0.26774,-0.0504,-0.2304,0.6612,0.2427,0,1.25709,-0.0011,0.4162,1.0654,0.4333,0,1.28169,-0.0242,0.0029,0.4772
11117.0,0,0.000,3.298,3.300,0.000,0.000,0.178,112.538,0.001,0.000,11.092,0.000,9.000,0.000,0.425,0.000,0.134,17.317,0.000,0.000,1.961,0.000,6.390,0.000,1.652,0.5374,0.2754,-0.1271,0.0071,0,1.23282,0.4227,0.1483,-0.4040,0.2572,0,1.93047,-0.0016,0.4778,1.1051,0.4778,0,1.27383,0.4893,0.2277,0.2418,0.1018,0,0.24679,-0.0311,-0.3682,0.5648,0.3470,0,1.34325,0.0066,0.4422,0.8503,0.3891,0,1.10863,-0.0242,0.0029,0.4772
11150.5,0,0.000,7.382,6.051,0.000,0.000,0.033,22.429,0.000,0.000,2.499,0.000,1.686,0.000,0.138,0.000,0.025,17.320,0.000,0.000,1.963,0.000,14.515,5.054,0.586,0.5389,0.3187,-0.1121,0.0182,0,1.21037,0.3038,0.0832,-0.4016,0.2840,0,2.05244,-0.0018,0.3938,0.8924,0.4425,0,1.50583,0.4907,0.1319,0.1167,0.1302,0,0.28377,-0.0156,-0.4898,0.4384,0.4206,0,1.40095,0.1017,0.5332,0.5170,0.3440,0,0.70179,-0.0242,-0.0384,0.4772
11184.0,0,0.000,13.468,7.935,0.000,0.000,0.006,4.201,22.591,0.000,1.472,0.000,0.316,0.000,0.256,0.000,0.005,3.440,0.000,0.000,0.744,0.000,13.396,7.626,1.076,0.5408,0.4235,-0.1196,0.0210,0,1.11747,0.1671,0.0425,0.1279,0.3512,0,2.07876,-0.0025,0.2810,0.5601,0.3816,0,1.82946,0.4917,0.0791,0.0495,0.1372,0,0.29015,-0.0432,-0.4570,0.3119,0.4186,0,1.31082,0.1870,0.6034,0.2598,0.3062,0,0.31755,-0.0242,-0.0534,0.4772
11217.0,0,0.000,11.915,9.606,0.000,0.000,0.001,0.807,51.483,0.000,2.880,0.000,0.061,0.000,0.049,0.000,0.269,0.661,0.000,0.000,0.143,0.000,7.124,4.483,1.335,0.5407,0.4948,-0.1361,0.0150,0,1.04171,0.0724,0.0201,0.6858,0.3753,0,1.69514,-0.0033,0.2311,0.2924,0.3259,0,2.03205,0.4919,0.0484,0.0338,0.1353,0,0.29937,-0.0794,-0.3122,0.1868,0.3314,0,1.04145,0.1855,0.5956,0.1440,0.2766,0,0.15425,-0.0242,-0.0370,0.4773
11250.5,0,0.000,4.424,15.171,0.000,0.000,2.667,0.151,57.707,0.000,5.506,0.000,1.520,0.000,0.384,0.000,0.222,0.124,0.000,0.000,0.027,0.000,3.157,0.840,1.733,0.5406,0.4697,-0.1739,0.0077,0,1.03308,0.0262,0.0921,0.9608,0.3998,0,1.42702,-0.0038,0.2883,0.2020,0.2913,0,2.06483,0.4917,0.0429,0.0357,0.1208,0,0.27003,-0.0729,-0.1669,0.0923,0.2002,0,0.70967,0.1262,0.5028,0.1322,0.2614,0,0.19933,-0.0242,-0.0186,0.4772
11284.0,0,0.000,1.970,21.052,0.000,0.000,3.215,0.028,51.462,0.000,5.319,0.000,1.511,0.000,1.919,0.000,3.264,0.023,0.000,0.000,0.005,0.000,12.810,0.157,1.525,0.5405,0.3693,-0.2264,0.0029,0,1.08138,0.0600,0.1954,1.0626,0.4328,0,1.33972,-0.0039,0.3413,0.2056,0.2768,0,2.04733,0.4914,0.1032,0.1550,0.1051,0,0.27858,-0.0447,-0.0753,0.0387,0.0995,0,0.46751,0.0668,0.5236,0.1514,0.2797,0,0.19165,-0.0242,-0.0072,0.4772
11317.0,0,0.000,1.184,25.396,0.000,0.000,0.878,0.005,32.006,0.000,1.815,0.000,0.648,0.000,1.141,0.000,5.634,0.004,0.000,0.000,0.001,0.000,9.965,0.030,1.263,0.5403,0.2625,-0.2727,0.0005,0,1.14391,0.1904,0.1980,1.0732,0.4366,0,1.32221,-0.0039,0.3070,0.1874,0.3134,0,2.05920,0.4910,0.1379,0.3407,0.1075,0,0.42199,-0.0223,-0.0293,0.0131,0.0441,0,0.33653,0.0302,0.5534,0.1609,0.3259,0,0.18961,-0.0242,-0.0015,0.4772
11350.5,0,0.000,0.391,19.208,0.000,0.000,0.165,0.001,6.534,0.000,0.654,0.000,5.512,0.000,0.806,0.000,3.264,9.897,0.000,0.000,10.173,0.000,3.582,0.006,10.569,0.5408,0.1685,-0.2871,-0.0006,0,1.21528,0.3323,0.1320,0.9742,0.4032,0,1.40099,-0.0040,0.2175,0.3580,0.4075,0,1.97360,0.4905,0.1296,0.4163,0.0923,0,0.49303,-0.0096,-0.1734,0.3419,0.0172,0,0.85483,0.0114,0.4825,0.4454,0.3627,0,0.63842,-0.0242,0.0011,0.4771
11384.0,0,0.000,0.073,17.648,0.000,0.000,0.031,0.000,1.224,0.000,0.122,0.000,12.146,0.000,0.508,0.000,0.611,12.716,0.000,0.000,19.676,0.000,0.724,0.001,44.826,0.5418,0.0953,-0.2811,-0.0010,0,1.28053,0.4193,0.0708,0.7229,0.3540,0,1.62354,-0.0036,0.1269,0.6268,0.4617,0,1.72367,0.4901,0.1057,0.3302,0.0495,0,0.40913,-0.0039,-0.3414,0.7573,0.0723,0,1.32877,0.0118,0.3307,0.8534,0.4155,0,1.17864,-0.0242,0.0022,0.4772
11417.0,0,0.000,0.710,20.101,0.000,0.000,0.006,2.984,0.235,0.000,0.024,0.000,9.153,0.000,0.098,0.000,0.117,3.138,0.000,0.000,10.655,0.000,0.139,0.000,68.732,0.5433,0.0743,-0.2806,-0.0012,0,1.29647,0.4606,0.0352,0.4112,0.3163,0,1.85337,-0.0032,0.0649,0.7596,0.4818,0,1.55825,0.4903,0.0720,0.1960,0.0629,0,0.33982,-0.0016,-0.3559,0.9312,0.1434,0,1.39626,0.0286,0.1861,1.0621,0.4596,0,1.33781,-0.0242,0.0026,0.4771
11450.5,0,0.000,1.959,22.619,0.000,0.000,0.001,29.982,0.044,0.000,0.429,0.000,2.200,0.000,0.018,0.000,0.267,2.497,0.000,3.803,1.996,0.000,0.026,0.000,72.870,0.5448,0.1045,-0.2898,-0.0012,0,1.26739,0.4780,0.0182,0.0786,0.2958,0,2.01386,-0.0031,0.0462,0.6789,0.4870,0,1.63942,0.4913,0.0418,0.1102,0.1270,0,0.35492,-0.0006,-0.2900,0.8185,0.2602,0,1.36421,0.0294,0.0903,1.1435,0.4841,0,1.34945,-0.0242,0.0028,0.4771
11484.0,0,0.000,2.571,23.256,0.000,0.000,0.000,120.802,0.008,0.000,0.132,0.000,0.412,0.000,0.003,0.000,2.342,18.235,0.000,23.094,0.374,0.000,0.005,0.000,63.762,0.5461,0.1460,-0.2996,0.0223,0,1.23349,0.4754,0.0117,-0.2069,0.2827,0,2.06305,-0.0033,0.0373,0.4553,0.4902,0,1.86078,0.4924,0.0234,0.1509,0.1686,0,0.45357,0.0073,-0.2775,0.4245,0.2942,0,1.17258,0.0179,0.0404,1.1703,0.4938,0,1.33947,-0.0242,0.0029,0.4771
11517.0,0,0.000,7.330,22.524,0.000,0.000,0.000,125.174,0.002,0.000,0.025,0.000,0.702,0.000,0.001,0.000,4.986,22.298,0.000,10.502,0.072,0.000,0.001,0.000,51.620,0.5444,0.2459,-0.3045,0.0387,0,1.15668,0.4292,0.0099,-0.3625,0.2671,0,2.06892,-0.0038,0.0252,0.2835,0.4903,0,2.00705,0.4931,0.0142,0.2860,0.1992,0,0.60005,0.0101,-0.2935,0.0991,0.2451,0,0.88198,0.0082,0.0176,1.1734,0.4954,0,1.33307,-0.0242,0.0029,0.4771
11550.5,0,0.000,10.910,19.936,0.000,0.000,0.000,48.720,0.000,3.892,0.005,0.000,6.200,0.000,0.000,0.000,2.433,11.336,0.000,1.967,0.013,0.000,1.080,0.000,15.846,0.5381,0.3722,-0.3009,0.0316,0,1.06135,0.2151,0.0097,-0.4097,0.2562,0,2.15487,-0.0041,-0.0484,0.4093,0.4834,0,1.90483,0.4930,0.0097,0.3494,0.2156,0,0.64049,0.0073,-0.2938,-0.0235,0.2002,0,0.72752,0.0026,0.0409,1.1439,0.4866,0,1.33518,-0.0242,0.0029,0.4771
11584.0,0,0.000,5.226,15.648,0.000,0.000,0.000,9.126,0.056,2.334,3.212,0.000,4.177,0.000,0.871,0.000,0.456,2.123,0.000,0.368,0.299,0.000,4.381,0.000,3.104,0.5311,0.4091,-0.2843,0.0177,0,1.04791,-0.1543,0.0093,-0.3498,0.2634,0,2.30783,-0.0038,-0.0446,0.5248,0.4748,0,1.79856,0.4916,0.0414,0.2745,0.2032,0,0.50124,0.0047,-0.2435,-0.0199,0.1956,0,0.66524,-0.0002,0.1483,1.0021,0.4530,0,1.30723,-0.0242,0.0029,0.4771
11617.0,0,0.000,2.483,11.832,0.000,0.000,0.000,1.753,10.619,0.448,22.924,0.000,3.595,0.000,0.167,0.000,0.232,0.408,0.000,0.071,0.057,0.000,11.757,0.000,0.936,0.5285,0.3543,-0.2527,0.0080,0,1.12183,-0.3658,0.0076,0.0669,0.3647,0,2.24589,-0.0035,0.2271,0.5100,0.4674,0,1.84322,0.4904,0.0516,0.1689,0.2015,0,0.38064,0.0035,-0.1591,-0.0032,0.1638,0,0.56538,-0.0015,0.3551,0.7173,0.4015,0,1.03758,-0.0242,0.0029,0.4772
11650.5,0,0.000,1.387,9.100,0.000,0.000,0.000,0.328,24.812,0.084,16.814,0.000,0.806,0.000,0.031,0.000,3.436,4.278,0.000,0.013,0.011,0.000,10.510,0.000,1.504,0.5265,0.2664,-0.2121,0.0028,0,1.23584,-0.3894,0.0048,0.5168,0.4305,0,1.85852,-0.0033,0.4283,0.3841,0.4526,0,1.90826,0.4901,0.0372,0.2340,0.2175,0,0.47158,0.0029,-0.1461,-0.0006,0.1031,0,0.51715,0.0126,0.5009,0.4660,0.3524,0,0.63950,-0.0242,0.0029,0.4772
11684.0,0,0.000,1.021,8.796,0.000,0.000,0.738,0.061,22.544,0.016,4.846,0.000,0.151,0.000,0.151,0.000,8.975,17.388,0.000,0.002,0.285,0.000,9.031,0.000,1.570,0.5245,0.1932,-0.1813,0.0004,0,1.33047,-0.2839,0.0280,0.7270,0.4351,0,1.64622,-0.0033,0.4394,0.2287,0.4129,0,1.97304,0.4902,0.0289,0.4613,0.2132,0,0.67651,0.0023,-0.2032,0.0155,0.0527,0,0.57226,0.0167,0.5542,0.3204,0.3185,0,0.38577,-0.0242,0.0029,0.4771
11717.0,0,0.000,1.188,5.369,0.000,0.000,1.353,0.012,28.382,0.003,3.005,0.000,0.144,0.000,0.202,0.000,17.831,14.435,0.000,0.000,0.312,0.000,5.477,0.000,1.779,0.5247,0.1541,-0.1515,-0.0006,0,1.37917,-0.1247,0.0723,0.8128,0.4175,0,1.58687,-0.0036,0.3596,0.1243,0.3583,0,2.04472,0.4905,0.0289,0.7245,0.2155,0,0.89069,0.0018,-0.2515,0.0357,0.2454,0,0.76293,0.0102,0.5284,0.2499,0.3013,0,0.30297,-0.0242,0.0029,0.4771
11750.5,0,0.000,0.996,8.544,0.000,0.000,1.102,0.002,42.298,0.001,2.194,0.000,0.452,0.000,0.753,0.000,24.250,2.984,0.000,0.000,1.757,0.000,3.116,0.000,6.138,0.5267,0.1330,-0.1402,-0.0010,0,1.38482,0.1349,0.1030,0.9133,0.3816,0,1.49961,-0.0040,0.2823,0.0870,0.3330,0,2.09459,0.4908,0.0488,0.9091,0.2232,0,1.00904,0.0013,-0.2371,0.1266,0.3946,0,0.91289,0.0038,0.4383,0.3990,0.3046,0,0.58006,-0.0242,0.0029,0.4771
11784.0,0,0.000,0.661,19.302,0.000,0.000,0.206,0.000,22.248,0.000,0.411,0.000,2.860,0.000,1.048,0.000,20.727,0.559,0.000,0.000,5.028,0.000,3.687,0.000,32.261,0.5290,0.1124,-0.1843,-0.0011,0,1.35655,0.3307,0.0863,0.9579,0.3380,0,1.43927,-0.0042,0.1926,0.2076,0.3499,0,2.08327,0.4908,0.0774,0.9831,0.2231,0,1.04000,-0.0252,-0.1668,0.3179,0.4411,0,1.03245,0.0002,0.3594,0.7478,0.3370,0,1.03582,-0.0242,0.0769,0.4770
11817.0,0,0.000,0.244,25.537,0.000,0.000,0.040,0.000,4.339,0.000,0.079,0.000,39.547,0.000,0.609,0.000,14.907,0.107,0.000,0.000,5.129,0.000,4.003,0.000,58.927,0.5315,0.0837,-0.2469,-0.0012,0,1.32970,0.4249,0.0524,0.8619,0.3090,0,1.51067,-0.0038,0.1088,0.7067,0.3991,0,1.67826,0.4909,0.0856,0.9782,0.2341,0,1.04291,-0.0400,-0.0933,0.4687,0.4145,0,1.07478,-0.0011,0.3234,1.0021,0.3711,0,1.25696,-0.0242,0.1128,0.4771
11850.5,0,0.000,0.046,26.289,0.000,0.000,0.007,0.000,0.813,0.000,0.503,0.000,50.699,0.000,0.114,0.000,17.886,0.020,0.307,0.000,5.708,0.000,5.180,0.000,69.988,0.5335,0.0521,-0.2906,-0.0013,0,1.32158,0.4661,0.0274,0.6119,0.2948,0,1.70845,-0.0029,0.0709,1.0010,0.4296,0,1.30085,0.4909,0.0650,0.9809,0.2665,0,1.06775,-0.0312,-0.0315,0.5509,0.3434,0,1.05588,-0.0015,0.3278,1.1168,0.3877,0,1.32296,-0.0242,0.0879,0.4770
11884.0,0,0.000,0.743,22.523,0.000,0.000,1.532,21.647,0.152,0.000,1.662,0.000,53.197,0.000,0.372,0.000,7.549,14.784,0.058,0.000,4.307,0.000,4.889,0.000,69.754,0.5342,0.0555,-0.3051,-0.0013,0,1.30543,0.4823,0.0653,0.2603,0.2887,0,1.91785,-0.0024,0.0916,1.1112,0.4320,0,1.16160,0.4909,0.0535,0.9307,0.2731,0,1.05525,-0.0175,-0.1940,0.5686,0.3954,0,1.22133,0.0054,0.3340,1.1578,0.3809,1,1.34083,-0.0243,0.0515,0.4769
11917.0,0,0.000,0.789,13.835,0.000,0.000,3.174,119.222,0.029,0.000,2.996,0.000,18.031,0.000,0.854,0.000,1.450,38.589,0.011,0.000,4.294,0.000,5.642,0.000,69.210,0.5330,0.0732,-0.2804,-0.0013,0,1.30353,0.4874,0.1510,-0.1011,0.2831,0,1.96320,-0.0022,0.1365,1.1273,0.4054,0,1.17680,0.4909,0.0675,0.7290,0.2360,0,0.92076,-0.0084,-0.4625,0.5389,0.4396,0,1.41872,0.0111,0.3343,1.1698,0.3656,1,1.34508,-0.0243,0.0268,0.4764
11950.5,0,0.000,1.661,10.271,0.000,0.000,0.595,174.067,0.005,0.000,1.169,0.000,3.377,0.000,0.494,0.000,0.272,33.075,0.002,0.000,6.906,0.000,6.145,0.000,49.398,0.5312,0.1042,-0.2342,-0.0013,0,1.30890,0.4789,0.1582,-0.3254,0.2714,0,1.93261,-0.0022,0.1466,1.0107,0.3421,0,1.36487,0.4909,0.0741,0.4423,0.1805,0,0.67706,-0.0037,-0.6154,0.5480,0.4345,0,1.51811,0.0080,0.3375,1.1687,0.3506,0,1.34056,-0.0242,0.0134,0.4772
11984.0,0,0.000,3.692,8.135,0.000,0.000,0.111,95.366,0.001,0.000,1.146,0.000,0.633,0.000,0.092,0.000,0.051,19.042,0.000,0.000,7.858,0.000,11.992,0.000,11.864,0.5336,0.1743,-0.1913,-0.0013,0,1.27455,0.4299,0.1069,-0.4159,0.2608,0,1.96988,-0.0026,0.1412,0.7123,0.2420,0,1.74489,0.4912,0.0572,0.2221,0.1507,0,0.48938,-0.0015,-0.6522,0.5918,0.4402,0,1.54065,0.0016,0.4441,1.1328,0.3328,0,1.29116,-0.0242,0.0073,0.4776
12017.0,0,0.000,6.963,6.615,0.000,0.000,0.021,22.699,0.000,0.000,1.344,0.000,0.121,0.000,0.018,0.000,0.010,4.411,0.000,0.000,2.897,0.000,19.244,0.000,2.278,0.5379,0.2735,-0.1592,-0.0013,0,1.20731,0.3067,0.0609,-0.4051,0.2595,0,2.05272,-0.0034,0.1380,0.4005,0.1415,0,2.02447,0.4916,0.0357,0.0995,0.1575,0,0.40329,-0.0006,-0.5750,0.5403,0.4652,0,1.49462,-0.0005,0.5743,0.9688,0.3150,0,1.11107,-0.0242,0.0047,0.4777
12050.5,0,0.000,11.173,5.707,0.000,0.000,0.004,4.252,0.000,0.000,0.551,0.000,0.023,0.000,0.003,0.000,0.002,0.826,0.244,0.000,0.543,0.000,26.171,5.445,0.530,0.5396,0.3930,-0.1361,-0.0013,0,1.11972,0.1443,0.0330,-0.3043,0.3017,0,2.16551,-0.0043,0.1173,0.1922,0.1285,0,2.12617,0.4919,0.0210,0.0395,0.1681,0,0.35729,0.0000,-0.3844,0.3780,0.4750,0,1.29674,0.0473,0.6647,0.6202,0.3006,0,0.67714,-0.0242,0.0036,0.4777
12084.0,0,0.000,11.410,7.044,0.000,0.000,0.001,0.796,10.322,0.000,2.637,0.000,0.004,0.000,0.001,0.000,2.086,0.155,0.046,0.000,0.102,0.000,24.566,1.628,0.407,0.5383,0.4775,-0.1281,-0.0013,0,1.05655,0.0467,0.0180,0.1086,0.3316,0,2.14019,-0.0047,0.1482,0.0844,0.1746,0,2.14946,0.4923,0.0133,0.1190,0.2042,0,0.44817,0.0006,-0.2007,0.2102,0.4660,0,0.98749,0.1529,0.7069,0.3209,0.2853,0,0.27904,-0.0242,0.0031,0.4778
12117.0,0,0.000,4.651,11.136,0.000,0.000,0.000,0.153,26.605,0.000,2.454,0.000,0.141,0.000,0.182,0.000,7.480,0.030,0.009,0.000,0.020,0.000,11.155,0.313,0.833,0.5355,0.4653,-0.1467,-0.0014,0,1.06442,0.0120,0.0095,0.5904,0.3488,0,1.81382,-0.0048,0.1906,0.0447,0.2225,0,2.14581,0.4925,0.0172,0.3668,0.2407,0,0.67467,0.0009,-0.0905,0.1002,0.4269,0,0.73041,0.1791,0.6926,0.1877,0.2672,0,0.12462,-0.0242,0.0030,0.4777
12150.5,0,0.000,2.100,16.746,0.000,0.000,1.881,0.029,42.944,0.000,2.490,0.000,0.600,0.000,0.157,0.000,6.464,0.006,0.561,0.000,0.004,0.000,4.107,0.059,1.369,0.5322,0.3724,-0.1912,-0.0014,0,1.13191,0.0804,0.0646,0.8942,0.3840,0,1.49918,-0.0047,0.2155,0.0564,0.2625,0,2.13540,0.4920,0.0228,0.5556,0.2243,0,0.80513,0.0012,-0.0152,0.0409,0.3365,0,0.53231,0.1271,0.5963,0.1584,0.2569,0,0.15175,-0.0242,0.0029,0.4777
12184.0,0,0.000,1.442,8.165,0.000,0.000,7.684,0.005,45.002,0.000,2.141,0.000,10.834,0.000,0.029,0.000,8.892,0.001,0.105,0.000,0.001,0.000,1.607,0.011,1.258,0.5329,0.2702,-0.1973,-0.0014,0,1.22367,0.2191,0.2401,1.0229,0.3923,0,1.40966,-0.0044,0.2132,0.4127,0.3300,0,1.96602,0.4918,0.0200,0.6774,0.2015,0,0.89272,0.0016,0.0155,0.0133,0.2144,0,0.40018,0.0682,0.4360,0.1587,0.2981,0,0.30924,-0.0242,-0.0589,0.4777
12217.0,0,0.000,1.249,1.568,0.000,0.000,3.830,0.001,47.871,0.000,0.796,0.000,36.632,0.000,0.006,0.000,6.312,1.114,0.020,0.000,0.000,0.000,0.309,0.002,2.174,0.5344,0.1998,-0.1464,-0.0013,0,1.30659,0.3392,0.3313,1.0620,0.3648,0,1.39860,-0.0035,0.1715,0.8330,0.4136,0,1.54202,0.4918,0.0140,0.7090,0.2055,0,0.93207,0.0091,-0.0107,0.0016,0.1139,0,0.35151,0.0307,0.2675,0.2197,0.3490,0,0.57086,-0.0242,-0.0855,0.4776
12250.5,0,0.000,2.156,5.313,0.000,0.000,0.717,0.000,42.143,0.000,0.734,0.000,48.479,0.000,0.001,0.000,1.666,19.078,0.004,0.000,4.263,0.000,0.058,0.000,26.767,0.5333,0.1763,-0.1142,-0.0012,0,1.33355,0.4168,0.2719,1.0659,0.3271,0,1.37734,-0.0027,0.1288,1.0547,0.4667,0,1.23654,0.4920,0.0099,0.5834,0.2185,0,0.86516,0.0112,-0.1718,0.1700,0.0610,0,0.70383,0.0114,0.1388,0.6447,0.3832,0,1.11034,-0.0242,-0.0627,0.4775
12284.0,0,0.000,5.121,12.975,0.000,0.000,0.134,0.000,10.152,0.000,0.433,0.000,33.017,0.000,0.000,0.000,0.312,7.551,0.001,0.000,2.567,0.000,0.856,0.000,55.564,0.5341,0.2335,-0.1435,-0.0012,0,1.26053,0.4576,0.1628,1.0035,0.3049,0,1.40042,-0.0023,0.0947,1.1313,0.4876,0,1.11546,0.4921,0.0080,0.3688,0.2312,0,0.72031,0.0076,-0.2776,0.3000,0.0813,0,0.97011,0.0032,0.0944,0.9715,0.4208,0,1.30757,-0.0242,-0.0336,0.4775
12317.0,0,0.000,3.610,19.608,0.000,0.000,0.026,0.000,1.950,0.000,14.599,0.000,9.692,0.000,0.000,0.000,0.060,2.694,0.000,0.000,5.532,0.000,5.174,0.000,63.713,0.5374,0.2730,-0.2018,-0.0013,0,1.18388,0.4762,0.0832,0.8027,0.2970,0,1.56336,-0.0021,0.2484,1.1061,0.4923,0,1.19712,0.4920,0.0075,0.1928,0.2309,0,0.57608,0.0042,-0.2724,0.4404,0.2212,0,1.14447,0.0001,0.1757,1.1056,0.4457,0,1.33618,-0.0242,-0.0147,0.4774
12350.5,0,0.000,2.759,10.912,0.000,0.000,0.005,76.030,0.365,0.000,9.687,0.000,1.815,0.000,0.000,0.000,0.011,0.505,2.161,0.000,5.443,0.000,6.083,0.000,64.642,0.5410,0.2613,-0.2156,-0.0013,0,1.18005,0.4843,0.0393,0.3321,0.2913,0,1.90317,-0.0021,0.3649,0.9091,0.4802,0,1.46376,0.4919,0.0074,0.0869,0.2096,0,0.46544,0.0022,-0.1283,0.5475,0.3688,0,1.14444,-0.0011,0.2775,1.1515,0.4354,0,1.34482,-0.0243,-0.0048,0.4774
12384.0,0,0.000,5.585,7.959,0.000,0.000,0.001,108.917,0.068,0.000,1.869,0.000,0.340,0.000,0.000,0.000,1.480,0.095,1.123,0.000,1.557,0.000,5.352,0.000,69.544,0.5435,0.2908,-0.1907,-0.0013,0,1.16770,0.4848,0.0203,-0.1013,0.2844,0,2.05905,-0.0025,0.3303,0.5784,0.4366,0,1.79498,0.4921,0.0074,0.1113,0.1748,0,0.46248,-0.0040,0.0045,0.4882,0.4378,0,1.00909,0.0142,0.3167,1.1667,0.3938,1,1.34673,-0.0242,-0.0003,0.4772
12417.0,0,0.000,9.753,11.759,0.000,0.000,0.000,95.643,0.013,0.000,2.919,0.000,0.065,0.000,0.110,0.000,9.737,0.018,0.270,0.000,0.299,0.000,6.663,0.000,73.040,0.5454,0.3775,-0.1856,-0.0013,0,1.09533,0.4639,0.0132,-0.3146,0.2792,0,2.06765,-0.0031,0.2837,0.3042,0.3768,0,2.00570,0.4925,0.0119,0.3940,0.1599,0,0.69036,-0.0059,0.0447,0.3224,0.4407,0,0.81727,0.0348,0.3414,1.1734,0.3550,1,1.34623,-0.0242,0.0016,0.4772
12450.5,0,0.000,8.086,10.803,0.000,0.000,0.000,100.372,0.002,0.000,2.939,0.000,0.012,0.000,1.594,0.000,13.519,0.003,0.051,0.000,0.056,0.000,3.828,0.000,67.251,0.5454,0.4321,-0.1877,0.0029,0,1.04876,0.4071,0.0107,-0.4056,0.2761,0,2.07287,-0.0037,0.2651,0.1403,0.3296,0,2.09055,0.4923,0.0679,0.6721,0.1522,0,0.83372,-0.0036,0.0381,0.1694,0.3591,0,0.61654,0.0694,0.3482,1.1756,0.3570,0,1.35174,-0.0242,0.0024,0.4772
12484.0,0,0.000,4.662,7.663,0.000,0.000,0.000,37.365,0.000,0.000,3.104,0.000,0.002,0.000,2.663,0.000,17.562,0.001,0.009,0.000,0.010,0.000,1.909,0.000,30.725,0.5433,0.4153,-0.1738,0.0041,0,1.07545,0.3097,0.0099,-0.4168,0.2722,0,2.11541,-0.0041,0.2626,0.0601,0.3009,0,2.11530,0.4917,0.1504,0.8294,0.1624,0,0.87010,-0.0013,0.0244,0.0760,0.2226,0,0.44477,0.0743,0.2971,1.1652,0.3542,0,1.35404,-0.0242,0.0027,0.4772
12517.0,0,0.000,4.509,3.892,0.000,0.000,0.000,7.176,3.320,0.000,4.323,0.000,0.000,0.000,1.026,0.000,21.404,7.246,0.002,0.000,14.938,0.000,10.017,0.000,6.222,0.5385,0.3796,-0.1412,0.0023,0,1.13038,0.1729,0.0093,-0.2439,0.2952,0,2.19253,-0.0043,0.2641,0.0250,0.2881,0,2.11889,0.4910,0.1665,0.9180,0.1655,0,0.91017,-0.0001,-0.0717,0.4000,0.1224,0,0.85281,0.0550,0.3767,1.0925,0.3297,0,1.29891,-0.0242,0.0028,0.4773
12550.5,0,0.000,1.225,6.715,0.000,0.000,0.000,1.344,39.507,0.000,1.860,0.000,0.270,0.000,0.438,0.000,11.642,12.949,0.000,0.000,39.693,0.000,21.815,0.000,1.166,0.5307,0.2987,-0.1250,0.0006,0,1.21926,0.0722,0.0070,0.4071,0.3080,0,1.96154,-0.0044,0.2332,0.0279,0.3000,0,2.12490,0.4906,0.1296,0.9246,0.1437,0,0.92614,0.0001,-0.2504,0.8130,0.0624,0,1.28560,0.0326,0.5448,0.8472,0.2955,0,1.01883,-0.0242,0.0029,0.4775
12584.0,0,0.000,0.229,8.244,0.000,0.000,0.000,0.252,43.353,0.000,1.160,0.000,23.523,0.000,0.511,0.000,2.373,10.794,0.000,0.000,49.590,0.000,34.306,0.000,0.218,0.5240,0.1882,-0.1286,-0.0004,0,1.32444,0.0269,0.0042,0.8344,0.3448,0,1.55560,-0.0043,0.1835,0.4921,0.3646,0,1.88284,0.4905,0.0970,0.7729,0.1121,0,0.84313,0.0000,-0.3764,1.0277,0.1460,0,1.40736,0.0154,0.6625,0.5070,0.2601,0,0.50808,-0.0242,0.0029,0.4775
12617.0,0,0.000,0.044,9.409,0.000,0.000,0.000,0.048,31.853,0.000,0.223,0.000,44.775,0.000,0.098,0.000,0.594,3.001,0.000,0.000,17.245,0.000,33.955,0.797,0.572,0.5259,0.1015,-0.1385,-0.0008,0,1.39146,0.0469,0.0029,0.9753,0.3963,0,1.37079,-0.0034,0.1214,0.8891,0.4313,0,1.44531,0.4908,0.0661,0.5140,0.1011,0,0.68431,-0.0001,-0.3597,1.0814,0.2082,0,1.40170,0.0056,0.7173,0.2762,0.2245,0,0.12632,-0.0242,0.0029,0.4774
12650.5,0,0.000,0.161,12.282,0.000,0.000,0.000,0.009,32.366,0.000,0.827,0.000,33.861,0.000,0.018,0.000,0.247,0.562,1.928,0.000,3.765,0.000,11.196,0.149,0.669,0.5332,0.0567,-0.1647,0.0098,0,1.40438,0.1829,0.0024,0.9942,0.4286,0,1.32351,-0.0028,0.0932,1.0555,0.4705,0,1.21672,0.4914,0.0388,0.2862,0.0909,0,0.52691,0.0455,-0.1935,0.9713,0.1732,0,1.33577,0.0048,0.7075,0.1930,0.2361,1,0.03794,-0.0880,0.0021,0.4770
12684.0,0,0.000,1.327,14.313,0.000,0.000,3.274,0.002,24.884,0.000,1.189,0.000,19.911,0.000,0.003,0.000,0.046,0.105,0.361,32.801,0.705,0.000,2.491,0.028,1.052,0.5394,0.0728,-0.1951,0.0129,0,1.36312,0.3318,0.0744,0.9687,0.4193,0,1.36539,-0.0024,0.0976,1.0805,0.4853,0,1.17970,0.4922,0.0222,0.1405,0.1017,0,0.44308,0.0642,-0.0599,0.6054,0.1032,0,1.01612,-0.0037,0.6138,0.1694,0.2529,0,0.09756,-0.1156,0.0016,0.4769
12717.0,0,0.000,2.114,19.744,0.000,0.000,0.629,18.097,5.129,0.000,0.578,0.000,14.531,0.000,0.653,0.000,0.009,0.020,0.069,9.350,0.135,0.000,2.689,0.005,8.201,0.5405,0.1159,-0.2327,0.0082,0,1.30290,0.4204,0.1040,0.8025,0.3772,0,1.53576,-0.0023,0.0914,1.0163,0.4849,0,1.25822,0.4929,0.0375,0.0621,0.1089,0,0.34926,0.0471,-0.0090,0.2413,0.0509,0,0.57042,-0.0034,0.4514,0.4090,0.3031,0,0.59258,-0.0925,0.0018,0.4771
12750.5,0,0.000,2.649,23.851,0.000,0.000,0.118,83.842,0.961,0.000,14.207,0.000,7.705,0.000,0.231,0.000,0.002,0.004,0.013,1.751,0.025,0.000,4.697,0.001,44.820,0.5390,0.1555,-0.2724,0.0037,0,1.24442,0.4631,0.0769,0.3667,0.3297,0,1.86909,-0.0023,0.2605,0.8990,0.4718,0,1.45580,0.4933,0.0459,0.0238,0.0788,0,0.27383,0.0265,0.0052,0.0606,0.0215,0,0.33051,-0.0029,0.3851,0.8339,0.3466,0,1.10296,-0.0623,0.0022,0.4772
12784.0,0,0.000,2.492,10.204,0.000,0.000,0.022,39.429,0.180,0.000,14.025,0.000,1.443,0.000,0.043,0.000,0.000,0.001,0.002,0.328,0.005,0.000,3.609,0.000,60.259,0.5362,0.1778,-0.2582,0.0076,0,1.23539,0.4730,0.0454,-0.0234,0.2972,0,2.05560,-0.0025,0.4062,0.6815,0.4344,0,1.71038,0.4935,0.0356,0.0070,0.0930,0,0.28091,0.0136,0.0075,0.0036,0.0055,0,0.27655,-0.0024,0.3488,1.0515,0.3520,0,1.26755,-0.0424,0.0026,0.4772
12817.0,0,0.000,2.335,8.002,0.000,0.000,0.004,80.992,0.035,0.000,4.398,0.000,0.277,0.000,0.008,0.000,0.000,4.815,0.000,0.063,0.001,0.000,4.825,0.000,59.985,0.5336,0.1853,-0.2144,0.0083,0,1.26082,0.4492,0.0261,-0.2514,0.2825,0,2.11139,-0.0029,0.4048,0.4177,0.3740,0,1.91657,0.4933,0.0231,0.0001,0.1187,0,0.29698,0.0074,-0.0871,-0.0085,0.0476,0,0.40678,-0.0020,0.3285,1.1291,0.3321,0,1.30606,-0.0323,0.0027,0.4772
12850.5,0,0.000,2.159,6.636,0.000,0.000,0.001,138.580,0.006,0.000,4.581,0.000,0.052,0.000,0.215,0.000,0.938,1.416,0.000,0.012,0.077,0.000,4.376,0.000,57.842,0.5331,0.1847,-0.1732,0.0049,0,1.28654,0.3782,0.0165,-0.3790,0.2768,0,2.13846,-0.0033,0.3715,0.2137,0.3153,0,2.02679,0.4932,0.0239,0.0513,0.1280,0,0.34661,0.0046,-0.1366,-0.0037,0.1867,0,0.55318,-0.0019,0.3076,1.1509,0.3084,0,1.31455,-0.0275,0.0028,0.4772
12884.0,0,0.000,2.187,9.121,0.000,0.000,0.000,85.999,0.001,0.000,10.448,0.000,0.261,0.000,0.040,0.000,7.179,0.265,0.000,0.002,1.920,0.000,4.761,0.000,32.425,0.5334,0.1828,-0.1591,0.0019,0,1.29280,0.2628,0.0124,-0.4310,0.2733,0,2.17907,-0.0036,0.4346,0.1131,0.2708,0,2.02074,0.4934,0.0223,0.3156,0.1554,0,0.60617,0.0033,-0.1036,0.0847,0.2233,0,0.64149,0.0049,0.2946,1.1427,0.2914,0,1.31812,-0.0255,0.0029,0.4772
12917.0,0,0.000,1.757,7.646,0.000,0.000,0.000,17.034,0.000,0.000,6.257,0.000,0.050,0.000,0.008,0.000,6.524,0.051,0.000,0.000,0.611,0.000,2.461,0.000,6.900,0.5343,0.1755,-0.1518,0.0002,0,1.29889,0.1514,0.0106,-0.3987,0.3023,0,2.22189,-0.0037,0.4600,0.0622,0.2472,0,2.00611,0.4933,0.0160,0.5150,0.1471,0,0.77603,0.0028,-0.0567,0.1274,0.1601,0,0.60447,0.0232,0.2741,1.0709,0.2783,0,1.29450,-0.0248,0.0029,0.4772
12950.5,0,0.000,1.498,6.349,0.000,0.000,0.000,3.191,25.999,0.000,1.799,0.000,0.233,0.000,0.001,0.000,1.706,0.010,0.000,0.000,0.693,0.000,3.914,0.000,1.292,0.5364,0.1635,-0.1393,-0.0006,0,1.31257,0.0752,0.0085,0.1861,0.3362,0,2.10801,-0.0038,0.3798,0.0447,0.2526,0,2.05483,0.4931,0.0111,0.4873,0.0889,0,0.73898,0.0025,-0.0243,0.1289,0.1759,0,0.57192,0.0435,0.2928,0.8368,0.2638,0,1.13950,-0.0244,0.0029,0.4773
12984.0,0,0.000,1.751,3.808,0.000,0.000,0.000,0.598,52.921,0.000,0.337,0.000,0.695,0.000,0.000,0.000,0.319,0.002,0.000,0.000,0.210,0.000,8.032,0.521,0.242,0.5386,0.1587,-0.1178,0.0080,0,1.33238,0.0339,0.0051,0.7387,0.3555,0,1.65542,-0.0041,0.2445,0.0649,0.2819,0,2.12374,0.4930,0.0088,0.3248,0.1038,0,0.62475,0.0020,-0.0072,0.1002,0.2234,0,0.53291,0.0699,0.3746,0.5027,0.2427,0,0.75471,-0.0243,0.0029,0.4773
13017.0,0,0.000,1.456,0.731,0.000,0.000,1.308,0.115,60.384,0.000,1.081,0.000,1.886,0.000,0.000,0.000,0.311,11.274,0.000,0.000,0.040,0.000,6.139,0.100,0.507,0.5359,0.1538,-0.0811,0.0107,0,1.37668,0.0458,0.0442,0.9861,0.4022,0,1.37658,-0.0043,0.1642,0.1514,0.3135,0,2.12430,0.4934,0.0079,0.1883,0.1539,0,0.56191,0.0016,-0.0900,0.0585,0.2105,0,0.56525,0.0727,0.4200,0.2793,0.2244,0,0.43545,-0.0243,0.0029,0.4773
13050.5,0,0.000,2.508,1.040,0.000,0.000,3.771,0.021,54.621,0.000,2.664,0.000,18.879,0.000,0.000,0.000,1.306,13.648,0.000,0.000,0.008,0.000,1.502,0.019,1.057,0.5296,0.1742,-0.0522,0.0068,0,1.40008,0.1254,0.1503,1.0767,0.4396,0,1.29784,-0.0040,0.1573,0.5529,0.3680,0,1.84927,0.4937,0.0076,0.1623,0.1875,0,0.56405,0.0013,-0.1895,0.0267,0.1440,0,0.61134,0.0496,0.3544,0.1902,0.2099,0,0.37227,-0.0242,0.0029,0.4773
13084.0,0,0.000,4.182,6.130,0.000,0.000,1.082,0.004,34.995,0.000,2.174,0.000,41.973,0.000,0.000,0.000,4.514,3.155,0.000,0.000,0.001,0.000,0.281,0.004,1.179,0.5258,0.2316,-0.0664,0.0030,0,1.35617,0.2607,0.1798,1.0856,0.4356,0,1.29350,-0.0031,0.1646,0.9014,0.4119,0,1.45366,0.4936,0.0073,0.2922,0.2100,0,0.67209,0.0011,-0.2092,0.0089,0.1327,0,0.60818,0.0250,0.2271,0.1659,0.2089,0,0.46494,-0.0242,0.0029,0.4773
13117.0,0,0.000,2.306,13.093,0.000,0.000,0.208,0.001,7.189,0.000,1.033,0.000,52.978,0.000,0.000,0.000,7.541,0.606,0.000,0.000,1.329,0.000,0.408,0.001,1.430,0.5268,0.2442,-0.1230,0.0007,0,1.30919,0.3724,0.1300,0.9968,0.3956,0,1.37163,-0.0025,0.1519,1.0657,0.4546,0,1.22330,0.4927,0.0069,0.4816,0.2111,0,0.79872,0.0010,-0.1573,0.0709,0.2777,0,0.69220,0.0096,0.1356,0.1660,0.2224,0,0.56488,-0.0242,0.0029,0.4772
13150.5,0,0.000,1.048,23.467,0.000,0.000,0.039,0.000,1.347,0.000,3.586,0.000,46.990,0.000,0.264,0.000,12.897,0.113,0.068,0.000,2.705,0.000,2.428,0.000,1.290,0.5303,0.2023,-0.2048,-0.0004,0,1.28274,0.4377,0.0725,0.7527,0.3488,0,1.59407,-0.0022,0.1825,1.1253,0.4776,0,1.15096,0.4919,0.0173,0.6788,0.1989,0,0.91168,0.0009,-0.0865,0.1962,0.3648,0,0.78843,0.0017,0.1355,0.1679,0.2434,0,0.58068,-0.0242,0.0029,0.4772
13184.0,0,0.000,0.697,26.056,0.000,0.000,0.007,6.644,0.252,0.000,4.268,0.000,19.317,0.000,0.429,0.000,23.354,0.021,0.013,0.000,13.031,0.000,9.119,0.000,14.008,0.5310,0.1507,-0.2687,-0.0010,0,1.28601,0.4689,0.0364,0.4131,0.3169,0,1.85566,-0.0020,0.2388,1.1153,0.4792,0,1.18586,0.4914,0.0355,0.8625,0.2022,0,1.03634,0.0008,-0.0380,0.5416,0.3810,0,1.06450,0.1049,0.2924,0.5083,0.2709,0,0.86867,-0.0242,0.0029,0.4773
13217.0,0,0.000,0.202,19.262,0.000,0.000,0.001,22.218,0.048,0.000,1.180,0.000,3.710,0.000,0.185,0.000,24.786,0.004,0.002,0.000,4.359,0.000,5.588,0.000,47.076,0.5319,0.1007,-0.2874,-0.0012,0,1.31249,0.4806,0.0190,0.1143,0.2995,0,2.00749,-0.0021,0.2239,0.9873,0.4523,0,1.35101,0.4908,0.0394,0.9749,0.1987,0,1.10587,0.0005,-0.0143,0.6827,0.3979,0,1.15444,0.1653,0.3913,0.8869,0.3066,0,1.17074,-0.0242,0.0029,0.4772
13250.5,0,0.000,0.996,9.281,0.000,0.000,0.000,121.547,0.009,0.000,0.221,0.000,0.695,0.000,0.035,0.000,13.889,0.001,0.000,0.000,0.863,0.000,4.529,0.000,64.865,0.5341,0.0897,-0.2520,-0.0012,0,1.32994,0.4822,0.0119,-0.1735,0.2896,0,2.06911,-0.0025,0.1504,0.6946,0.3930,0,1.68720,0.4899,0.0291,0.9942,0.1738,0,1.10892,0.0005,-0.0033,0.5459,0.4408,0,1.06338,0.1358,0.3941,1.0730,0.3321,0,1.29174,-0.0242,0.0029,0.4772
13284.0,0,0.000,1.890,3.094,0.000,0.000,0.000,168.235,0.002,0.000,0.512,0.000,0.187,0.000,0.006,0.000,3.540,4.678,0.000,0.000,0.162,0.000,4.047,0.000,66.877,0.5373,0.1162,-0.1813,0.0073,0,1.33897,0.4585,0.0099,-0.3534,0.2799,0,2.08020,-0.0033,0.1002,0.3925,0.3255,0,1.98350,0.4893,0.0181,0.8654,0.1820,0,1.04534,0.0006,-0.0669,0.3232,0.4483,0,0.93519,0.0807,0.3564,1.1422,0.3515,0,1.33621,-0.0242,-0.0677,0.4772
13317.0,0,0.000,3.718,6.750,0.000,0.000,0.000,85.909,0.000,0.000,4.508,0.000,0.036,0.000,0.001,0.000,0.680,5.673,0.000,0.000,0.031,0.000,2.314,0.000,64.451,0.5403,0.1831,-0.1456,0.0149,0,1.29614,0.3836,0.0095,-0.4233,0.2699,0,2.10427,-0.0040,0.1819,0.1946,0.2601,0,2.10808,0.4898,0.0117,0.5970,0.2159,0,0.88791,0.0007,-0.1434,0.1602,0.3822,0,0.82846,0.0416,0.3064,1.1652,0.3849,1,1.35494,-0.0242,-0.0934,0.4766
13350.5,0,0.000,6.364,16.775,0.000,0.000,0.000,16.629,0.000,0.000,3.743,0.000,0.007,0.000,0.000,0.000,0.127,4.593,0.000,0.000,0.006,0.000,2.262,0.000,53.565,0.5418,0.2749,-0.1806,0.0187,0,1.19458,0.2601,0.0094,-0.3951,0.3194,0,2.16171,-0.0043,0.2517,0.0868,0.2218,0,2.12038,0.4908,0.0089,0.3279,0.2358,0,0.67135,0.0008,-0.2062,0.0687,0.2485,0,0.73764,0.0121,0.2911,1.1695,0.4050,1,1.35595,-0.0242,-0.0653,0.4751
13384.0,0,0.000,7.816,11.392,0.000,1.836,0.000,3.115,10.729,0.000,5.830,0.000,0.404,0.000,2.011,0.000,0.024,1.788,0.000,0.000,0.001,0.000,6.747,0.000,18.605,0.5422,0.3498,-0.2056,0.0195,0,1.11875,0.0964,-0.0326,-0.0522,0.3520,0,2.21807,-0.0044,0.2729,0.0613,0.2941,0,2.09672,0.4914,0.0832,0.1543,0.1888,0,0.37888,0.0009,-0.2014,0.0254,0.1296,0,0.61475,0.0097,0.3033,1.1474,0.4043,1,1.34475,-0.0242,-0.0339,0.4765
13417.0,0,0.000,4.340,3.351,0.000,0.353,0.000,0.598,7.356,0.000,4.130,0.000,0.461,0.000,0.619,0.000,0.005,0.343,0.000,0.000,0.000,0.000,13.940,0.000,3.729,0.5389,0.3595,-0.1713,0.0143,0,1.13367,-0.0029,-0.0499,0.2685,0.3565,0,2.08410,-0.0044,0.2649,0.0708,0.3805,0,2.07240,0.4917,0.1163,0.0657,0.1007,0,0.17575,0.0009,-0.1386,0.0067,0.0594,0,0.46811,0.0122,0.4520,1.0297,0.3773,0,1.23983,-0.0242,-0.0146,0.4774
13450.5,0,0.000,3.064,4.373,0.000,0.066,0.000,0.112,5.115,0.000,3.021,0.000,0.689,0.000,0.116,0.000,0.430,0.064,0.000,0.000,15.762,0.000,23.142,0.000,0.699,0.5325,0.3196,-0.1309,0.0075,0,1.20388,-0.0253,-0.0346,0.3988,0.3441,0,1.99948,-0.0045,0.2409,0.0951,0.4372,0,2.05459,0.4922,0.0875,0.0477,0.0764,0,0.18170,0.0009,-0.0731,0.3700,0.0241,0,0.77025,0.0355,0.5977,0.7362,0.3308,0,0.88129,-0.0242,-0.0046,0.4775
13484.0,0,0.000,0.947,12.069,0.000,0.012,0.000,0.021,2.994,0.000,1.369,0.000,2.978,0.000,0.022,0.000,0.154,0.012,0.000,0.000,21.816,0.000,19.658,14.380,0.836,0.5299,0.2414,-0.1470,0.0029,0,1.27352,-0.0186,-0.0170,0.4013,0.3608,0,1.99692,-0.0045,0.1986,0.2253,0.4682,0,1.99250,0.4928,0.0513,0.0421,0.0794,0,0.23343,0.0007,-0.0324,0.6890,0.0087,0,1.01576,0.0402,0.6692,0.3879,0.2817,0,0.36378,-0.0243,-0.0002,0.4775
13517.0,0,0.000,1.547,19.098,0.000,0.002,0.000,0.004,11.199,0.000,0.263,0.000,19.466,0.000,0.004,0.000,0.030,6.865,0.000,0.000,6.712,0.000,5.411,5.987,0.832,0.5325,0.1873,-0.2001,0.0006,0,1.28718,0.0387,-0.0061,0.4847,0.3870,0,1.91031,-0.0040,0.1345,0.6332,0.4855,0,1.68701,0.4931,0.0283,0.0269,0.0876,0,0.26674,0.0005,-0.0905,0.7681,0.0025,0,1.12128,0.0267,0.6371,0.1754,0.2348,1,0.06939,-0.0243,0.0017,0.4775
13550.5,0,0.000,2.782,28.391,0.000,0.000,0.000,0.001,38.897,0.000,0.049,0.000,38.922,0.000,0.001,0.000,0.006,14.240,0.000,0.000,4.288,0.000,1.014,1.790,1.178,0.5371,0.1817,-0.2632,-0.0005,0,1.23466,0.2140,-0.0009,0.7379,0.3948,0,1.63407,-0.0032,0.0743,0.9602,0.4938,0,1.31960,0.4932,0.0164,0.0123,0.1231,0,0.30607,0.0004,-0.1842,0.7134,0.0702,0,1.19623,-0.0017,0.5323,0.1483,0.2122,1,0.10667,-0.0241,0.0024,0.4768
13584.0,0,0.000,2.803,34.203,0.000,0.000,0.656,0.000,57.246,0.000,0.219,0.000,29.551,0.000,0.196,0.000,0.720,13.056,0.000,0.000,8.260,0.000,1.181,0.335,0.824,0.5382,0.1915,-0.3142,-0.0010,0,1.19226,0.3603,0.0234,0.9471,0.3869,0,1.39029,-0.0026,0.0447,1.0841,0.4947,0,1.15308,0.4932,0.0194,0.0382,0.1684,0,0.33636,0.0004,-0.2436,0.6868,0.2681,0,1.28782,-0.0017,0.3311,0.1207,0.2115,0,0.27726,-0.0242,0.0027,0.4768
13617.0,0,0.000,2.276,22.610,0.000,0.000,0.183,0.000,55.277,0.000,5.190,0.000,7.677,0.000,0.731,0.000,3.296,4.062,0.000,0.000,2.091,0.000,2.339,0.064,1.057,0.5373,0.1925,-0.3252,-0.0013,0,1.18778,0.4327,0.0335,1.0482,0.4184,0,1.25315,-0.0023,0.1033,1.0535,0.4920,0,1.21316,0.4927,0.0454,0.1794,0.2047,0,0.44229,0.0004,-0.2431,0.5807,0.3483,0,1.25647,-0.0026,0.2519,0.1244,0.2546,0,0.39737,-0.0242,0.0529,0.4769
13650.5,0,0.000,2.427,17.348,0.000,0.000,0.034,0.000,15.829,0.000,4.138,0.000,1.438,0.000,0.137,0.000,16.879,0.761,0.000,0.000,0.392,0.000,1.665,0.012,1.310,0.5354,0.1912,-0.3040,-0.0013,0,1.21126,0.4589,0.0250,1.0497,0.4529,0,1.22135,-0.0024,0.1696,0.8304,0.4861,0,1.49850,0.4922,0.0490,0.5462,0.2234,0,0.77006,-0.0085,-0.1807,0.3799,0.2893,0,1.03675,-0.0034,0.2115,0.1415,0.3093,0,0.49561,-0.0242,0.0731,0.4770
13684.0,0,0.000,2.132,12.735,0.000,0.000,0.006,0.000,2.965,0.000,0.832,0.000,0.269,0.000,0.186,0.000,21.381,0.143,0.131,0.000,0.073,0.000,1.678,0.002,6.994,0.5353,0.1872,-0.2667,-0.0013,0,1.23965,0.4417,0.0146,0.8984,0.4573,0,1.36787,-0.0029,0.1609,0.5087,0.4695,0,1.82708,0.4914,0.0401,0.8240,0.2067,0,0.97040,-0.0131,-0.0981,0.2012,0.1752,0,0.71227,-0.0003,0.1880,0.3909,0.3439,0,0.82633,-0.0242,0.0534,0.4769
13717.0,0,0.000,1.737,2.746,0.000,0.000,0.001,0.000,0.569,0.000,1.841,0.000,0.052,0.000,0.599,0.000,17.031,1.689,0.025,4.408,0.014,0.000,0.906,0.000,38.002,0.5366,0.1772,-0.1953,-0.0013,0,1.28546,0.3796,0.0084,0.6088,0.4265,0,1.66071,-0.0036,0.1593,0.2622,0.4323,0,2.02761,0.4907,0.0489,0.9319,0.1617,0,1.01342,-0.0098,-0.0789,0.0648,0.0879,0,0.48092,0.0011,0.1577,0.8069,0.3658,0,1.21097,-0.0242,0.0307,0.4770
13750.5,0,0.000,1.579,0.514,0.000,0.000,0.000,47.699,0.107,0.000,5.914,0.000,1.164,0.000,0.453,0.000,11.562,0.316,0.005,2.777,0.003,0.000,1.851,0.000,61.352,0.5389,0.1654,-0.1142,-0.0013,0,1.33243,0.3089,0.0062,0.1798,0.3747,0,2.00198,-0.0040,0.2677,0.1691,0.3795,0,2.06516,0.4905,0.0577,0.9369,0.1535,0,1.01254,-0.1140,-0.0641,-0.0138,0.0383,0,0.36984,0.0004,0.1571,1.0414,0.3855,0,1.32773,-0.0242,0.0160,0.4770
13784.0,0,0.000,1.103,4.993,0.000,0.000,0.000,125.601,0.020,0.000,1.696,0.000,0.604,0.000,0.457,0.000,5.624,8.360,0.001,0.520,6.520,0.000,2.014,0.000,63.641,0.5392,0.1479,-0.0879,-0.0012,0,1.35578,0.2746,0.0068,-0.1760,0.3290,0,2.14748,-0.0041,0.2894,0.1372,0.3322,0,2.07916,0.4908,0.0606,0.8391,0.2012,0,0.98094,-0.2559,-0.1871,0.2161,0.0148,0,0.79477,-0.0006,0.1690,1.1299,0.3911,0,1.35234,-0.0242,0.0086,0.4769
13817.0,0,0.000,1.421,10.047,0.000,0.000,0.000,96.348,0.004,0.000,0.326,0.000,0.245,0.000,0.326,0.000,1.427,35.500,0.000,0.100,20.749,0.000,2.088,0.000,63.214,0.5378,0.1402,-0.1134,-0.0012,0,1.35080,0.3047,0.0080,-0.3481,0.3001,0,2.14467,-0.0042,0.2069,0.1032,0.3058,0,2.12725,0.4915,0.0575,0.6276,0.2451,0,0.87241,-0.3449,-0.4494,0.6519,0.1110,0,1.38582,-0.0012,0.1727,1.1578,0.3900,0,1.35954,-0.0242,0.0053,0.4770
13850.5,0,0.000,3.847,16.150,0.000,0.000,0.000,33.182,0.001,0.000,0.061,0.000,0.425,0.000,0.061,0.000,0.267,34.590,0.000,0.019,9.152,0.000,2.588,0.000,59.679,0.5370,0.1897,-0.1698,-0.0012,0,1.27957,0.3715,0.0087,-0.3895,0.2863,0,2.11421,-0.0045,0.1159,0.0856,0.3216,0,2.16263,0.4923,0.0428,0.3756,0.2587,0,0.70415,-0.3613,-0.6088,0.8584,0.2380,0,1.49021,-0.0015,0.1768,1.1641,0.3717,0,1.35835,-0.0242,0.0038,0.4770
13884.0,0,0.000,4.367,28.293,0.000,0.000,0.000,7.200,0.713,0.000,0.353,0.000,3.412,0.000,0.395,0.000,0.050,27.573,0.000,0.004,3.355,0.000,2.336,0.000,26.082,0.5362,0.2483,-0.2439,-0.0013,0,1.18261,0.4253,0.0087,-0.2927,0.3188,0,2.08929,-0.0045,0.0705,0.2266,0.3540,0,2.09684,0.4927,0.0422,0.1884,0.2537,0,0.56397,-0.2890,-0.6635,0.8008,0.3109,0,1.52405,-0.0017,0.1842,1.1487,0.3409,0,1.34782,-0.0242,0.0032,0.4771
13917.0,0,0.000,2.380,30.333,0.000,0.000,0.000,1.383,45.003,0.000,1.770,0.000,29.815,0.000,1.619,0.000,0.010,16.771,0.000,0.001,0.644,0.000,9.275,0.000,5.154,0.5339,0.2501,-0.2993,-0.0014,0,1.15091,0.4356,0.0069,0.3760,0.3508,0,1.83539,-0.0040,0.0869,0.6741,0.3845,0,1.71310,0.4925,0.0819,0.0843,0.2114,0,0.39780,-0.1793,-0.6415,0.5671,0.2994,0,1.52737,-0.0018,0.3230,1.0553,0.3147,0,1.27462,-0.0242,0.0030,0.4772
13950.5,0,0.000,0.850,20.545,0.000,0.000,0.000,0.259,59.694,0.000,1.605,0.000,51.888,0.000,0.556,0.000,0.002,7.384,0.000,0.000,0.121,0.000,10.166,0.000,0.965,0.5346,0.1985,-0.3113,-0.0014,0,1.18995,0.3457,0.0041,0.8557,0.3429,0,1.47088,-0.0030,0.1229,0.9769,0.3854,0,1.36619,0.4921,0.0957,0.0331,0.1635,0,0.28955,-0.0914,-0.5398,0.3153,0.2126,0,1.32959,-0.0020,0.4685,0.7893,0.2965,0,0.99391,-0.0242,0.0029,0.4772
13984.0,0,0.000,0.737,12.067,0.000,0.000,5.717,0.049,58.897,0.000,2.586,0.000,59.428,0.000,0.104,0.000,0.929,1.383,0.876,0.000,0.023,0.000,14.050,2.016,0.181,0.5368,0.1462,-0.2767,-0.0014,0,1.25592,-0.0082,0.1305,1.0413,0.3360,0,1.38593,0.0186,0.1615,1.1023,0.3850,0,1.20842,0.4921,0.0713,0.0637,0.1545,0,0.33083,-0.0409,-0.3488,0.1489,0.1175,0,0.94422,0.0480,0.5660,0.4449,0.2817,0,0.53152,-0.0242,0.0029,0.4772
14017.0,0,0.000,0.300,10.773,0.000,0.000,13.090,0.009,56.666,0.000,1.959,0.000,40.618,0.000,0.020,0.000,5.695,0.266,0.223,0.000,0.004,0.000,10.746,3.741,0.278,0.5361,0.1021,-0.2303,-0.0013,0,1.33017,-0.2632,0.3248,1.0986,0.3857,0,1.36130,0.0627,0.1738,1.1418,0.4115,0,1.14449,0.4925,0.0429,0.2772,0.1759,0,0.56348,0.0189,-0.1749,0.0627,0.0558,0,0.59005,0.1071,0.6001,0.2003,0.2654,0,0.19687,-0.0242,0.0029,0.4772
14050.5,0,0.000,0.693,13.645,0.000,0.000,2.553,0.002,27.408,0.000,1.192,0.000,8.162,0.000,0.004,0.000,9.919,0.050,0.042,0.000,0.001,0.000,2.952,2.599,0.818,0.5333,0.0846,-0.2143,-0.0013,0,1.36603,-0.1949,0.3632,1.0893,0.4133,0,1.37931,0.0703,0.1560,1.0988,0.4155,0,1.20033,0.4924,0.0237,0.5383,0.2066,0,0.81070,0.0425,-0.0735,0.0222,0.0231,0,0.38538,0.1015,0.5244,0.0998,0.2511,0,0.13137,-0.0242,0.0029,0.4772
14084.0,0,0.000,1.382,15.492,0.000,0.000,0.478,0.000,5.235,0.000,0.223,0.000,1.529,0.000,0.001,0.000,4.681,0.009,0.008,0.000,0.000,0.000,0.953,0.487,1.145,0.5291,0.1003,-0.2232,-0.0012,0,1.35777,0.1006,0.2619,0.9728,0.3977,0,1.48167,0.0468,0.1095,0.8849,0.3733,0,1.48541,0.4916,0.0136,0.6179,0.2295,0,0.88943,0.0322,-0.0263,0.0050,0.0082,0,0.29369,0.0616,0.3686,0.0980,0.2502,0,0.27191,-0.0242,0.0029,0.4771
14117.0,0,0.000,1.530,13.242,0.000,0.000,0.092,0.000,1.005,0.000,0.238,0.000,0.294,0.000,0.399,0.000,0.935,0.002,0.002,0.000,0.000,0.000,3.539,0.093,1.837,0.5252,0.1224,-0.2259,-0.0013,0,1.34688,0.3141,0.1485,0.7091,0.3604,0,1.68358,0.0235,0.0704,0.5567,0.2950,0,1.87353,0.4905,0.0248,0.4911,0.2049,0,0.77356,0.0184,-0.0064,-0.0019,0.0331,0,0.27430,0.0297,0.3111,0.1520,0.2875,0,0.40573,-0.0242,0.0029,0.4771
14150.5,0,0.000,1.591,16.049,0.000,0.000,0.017,13.167,0.188,0.000,2.106,0.000,0.159,0.000,0.288,0.000,0.175,0.000,0.000,0.000,0.096,0.000,4.055,0.018,9.016,0.5254,0.1377,-0.2321,-0.0013,0,1.32978,0.4188,0.0735,0.3525,0.3245,0,1.92041,0.0087,0.1082,0.2934,0.2167,0,2.09855,0.4902,0.0370,0.2925,0.1770,0,0.58238,0.0093,0.0017,0.0018,0.1871,0,0.36003,0.0115,0.3208,0.4471,0.3411,0,0.76800,-0.0242,0.0029,0.4771
14184.0,0,0.000,1.374,22.322,0.000,0.000,0.003,15.457,0.035,0.000,3.395,0.000,0.103,0.000,0.164,0.000,0.659,5.516,0.000,0.000,2.547,0.000,4.774,0.003,15.138,0.5311,0.1418,-0.2585,-0.0013,0,1.29498,0.4629,0.0355,0.0746,0.2984,0,2.04000,0.0011,0.1842,0.1449,0.1874,0,2.13990,0.4907,0.0372,0.1799,0.1828,0,0.48776,0.0046,-0.1132,0.1249,0.3287,0,0.72413,0.0033,0.3476,0.7486,0.3621,0,1.05436,-0.0242,0.0029,0.4771
14217.0,0,0.000,0.803,16.641,0.000,0.000,0.001,8.637,0.141,0.000,1.407,0.000,0.078,0.000,2.801,0.000,1.611,9.027,0.000,0.000,18.238,0.000,8.237,0.001,30.779,0.5340,0.1281,-0.2667,-0.0013,0,1.29641,0.4757,0.0188,-0.0507,0.3298,0,2.05621,-0.0024,0.1987,0.0730,0.1993,0,2.14075,0.4913,0.1182,0.1617,0.1792,0,0.37200,0.0022,-0.2619,0.5726,0.3865,0,1.27193,0.0001,0.4090,0.9308,0.3482,0,1.17281,-0.0242,0.0029,0.4771
14250.5,0,0.000,0.634,9.977,0.000,0.000,0.317,8.939,0.994,0.000,0.471,0.000,0.471,0.000,1.231,0.000,2.737,2.979,0.000,0.000,8.580,0.000,6.092,0.000,47.904,0.5323,0.1076,-0.2363,-0.0013,0,1.33719,0.4548,0.0235,-0.0607,0.3416,0,2.04639,-0.0039,0.1530,0.0616,0.2315,0,2.16016,0.4919,0.1638,0.2252,0.1615,0,0.37231,0.0009,-0.2924,0.8145,0.3705,0,1.37725,-0.0010,0.4285,1.0495,0.3235,0,1.25207,-0.0242,0.0029,0.4771
14284.0,0,0.000,0.492,11.380,0.000,0.000,0.059,2.337,0.452,0.000,0.088,0.000,0.663,0.000,0.231,0.000,9.889,1.124,0.000,0.000,1.607,0.000,2.098,0.000,62.050,0.5314,0.0891,-0.2082,-0.0013,0,1.36605,0.3929,0.0242,-0.0277,0.3204,0,2.05228,-0.0045,0.0935,0.0794,0.2696,0,2.17685,0.4924,0.1285,0.4748,0.1846,0,0.64716,0.0004,-0.2283,0.7279,0.2866,0,1.30220,0.0047,0.3832,1.1183,0.3497,1,1.31545,-0.0242,0.0029,0.4768
14317.0,0,0.000,0.440,18.594,0.000,0.000,0.011,0.449,0.883,0.000,0.180,0.000,2.620,0.000,0.788,0.000,10.286,21.104,0.000,0.000,2.402,0.000,0.403,0.000,62.303,0.5309,0.0755,-0.2218,-0.0012,0,1.36120,0.2996,0.0179,0.0379,0.3486,0,2.07274,-0.0046,0.0564,0.1939,0.3226,0,2.13226,0.4927,0.1020,0.6821,0.2068,0,0.84195,0.0708,-0.3056,0.5311,0.2354,0,1.23684,-0.0157,0.3285,1.1507,0.4049,1,1.34497,-0.0242,0.0029,0.4743
14350.5,0,0.000,0.293,11.478,0.000,0.000,0.133,0.084,34.096,0.000,0.094,0.000,43.224,0.000,0.148,0.000,3.225,29.504,0.000,0.000,0.841,0.000,0.313,0.000,31.163,0.5266,0.0626,-0.2213,0.0028,0,1.39993,0.1898,0.0163,0.5317,0.3971,0,1.80791,-0.0040,0.0353,0.7056,0.3721,0,1.66790,0.4929,0.0744,0.6765,0.2122,0,0.87630,0.0968,-0.4189,0.3507,0.1880,0,1.19954,-0.0059,0.1783,1.1554,0.4306,0,1.35296,-0.0242,0.0029,0.4772
14384.0,0,0.000,0.978,6.798,0.000,0.000,0.245,0.016,51.193,0.000,0.427,0.000,67.377,0.000,0.028,0.000,0.604,22.705,0.000,0.000,0.803,0.000,5.035,0.000,5.961,0.5201,0.0740,-0.1889,0.0040,0,1.42774,0.1005,0.0215,0.8921,0.3882,0,1.47848,-0.0030,0.0354,1.0090,0.3887,0,1.28098,0.4929,0.0447,0.4848,0.2006,0,0.76436,0.0681,-0.4625,0.2336,0.1599,0,1.15097,-0.0015,0.2290,1.0882,0.4116,0,1.32499,-0.0242,0.0029,0.4774
14417.0,0,0.000,1.311,5.237,0.000,0.000,1.115,0.003,48.483,0.000,2.935,0.000,75.415,0.000,0.085,0.000,0.116,12.855,0.000,0.000,1.696,0.000,11.073,0.000,1.145,0.5172,0.0992,-0.1517,0.0023,0,1.42877,0.0477,0.0540,1.0358,0.3727,0,1.34282,-0.0024,0.1095,1.1220,0.3772,0,1.16157,0.4927,0.0290,0.2730,0.1660,0,0.58692,0.0375,-0.4696,0.1954,0.1537,0,1.12821,-0.0013,0.4031,0.8494,0.3657,0,1.11281,-0.0242,0.0029,0.4775
14450.5,0,0.000,1.964,4.492,0.000,0.000,1.097,0.001,41.850,0.000,2.832,0.000,68.726,0.000,0.193,0.000,0.022,6.198,0.000,0.000,1.535,0.000,13.915,0.000,0.446,0.5160,0.1295,-0.1233,0.0006,0,1.40439,0.0298,0.0871,1.0821,0.4125,0,1.28266,-0.0020,0.1831,1.1607,0.3696,0,1.14430,0.4920,0.0275,0.1295,0.1210,0,0.42965,0.0183,-0.4219,0.1866,0.1621,0,1.06306,-0.0019,0.5434,0.5231,0.3162,0,0.64882,-0.0242,0.0029,0.4775
14484.0,0,0.000,2.033,5.416,0.000,0.000,0.397,0.000,11.496,0.000,1.389,0.000,24.307,0.000,0.036,0.000,0.004,1.161,0.000,0.000,0.961,0.000,17.560,3.582,0.847,0.5190,0.1526,-0.1113,-0.0003,0,1.37207,0.1311,0.0840,1.0381,0.4304,0,1.32071,-0.0019,0.1869,1.1573,0.3740,0,1.15755,0.4917,0.0236,0.0545,0.1369,0,0.36774,0.0090,-0.3032,0.1767,0.1300,0,0.90327,-0.0024,0.6272,0.2837,0.2733,0,0.23668,-0.0242,0.0029,0.4775
14517.0,0,0.000,1.859,1.789,0.000,0.000,0.076,0.000,2.208,0.000,0.327,0.000,4.668,0.000,0.007,0.000,0.149,9.550,0.000,0.000,0.456,0.000,16.255,6.323,0.941,0.5214,0.1621,-0.0892,0.0078,0,1.36159,0.2865,0.0573,0.8455,0.4048,0,1.52131,-0.0020,0.1368,1.0642,0.3626,0,1.28508,0.4920,0.0170,0.0293,0.1707,0,0.37764,0.0050,-0.3152,0.1439,0.0954,0,0.88336,0.0061,0.6592,0.1740,0.2453,1,0.06221,-0.0242,0.0029,0.4785
14550.5,0,0.000,1.823,4.091,0.000,0.000,0.014,4.443,0.414,0.000,0.061,0.000,0.874,0.000,0.001,0.000,4.438,4.000,0.000,0.000,16.355,0.000,5.667,3.761,1.116,0.5177,0.1643,-0.0803,0.0103,0,1.36797,0.3960,0.0321,0.5143,0.3571,0,1.81767,-0.0024,0.0791,0.7889,0.3301,0,1.63680,0.4924,0.0121,0.2036,0.1953,0,0.58610,0.0029,-0.3207,0.5371,0.1547,0,1.27580,0.0012,0.6420,0.1449,0.2351,1,0.05696,-0.0239,0.0029,0.4831
14584.0,0,0.000,1.810,8.599,0.000,0.000,0.003,12.685,0.077,0.000,1.337,0.000,0.164,0.000,1.110,0.000,13.031,0.749,0.000,0.000,15.748,0.000,1.687,0.970,1.054,0.5174,0.1643,-0.1011,0.0064,0,1.35870,0.4511,0.0177,0.1966,0.3189,0,1.99355,-0.0032,0.0875,0.4566,0.2899,0,1.96581,0.4921,0.0451,0.5387,0.2055,0,0.80455,0.0015,-0.2366,0.8438,0.2357,0,1.35247,-0.0147,0.5385,0.1433,0.2389,1,0.12090,-0.0237,0.0028,0.4789
14617.0,0,0.000,1.375,16.101,0.000,0.000,0.001,22.436,0.015,0.000,5.692,0.000,0.031,0.000,0.930,0.000,12.518,0.144,0.000,0.000,3.769,0.000,3.422,0.186,2.867,0.5234,0.1563,-0.1577,0.0028,0,1.32803,0.4754,0.0113,-0.0261,0.2974,0,2.06327,-0.0038,0.2170,0.2265,0.2329,0,2.09615,0.4913,0.0780,0.7492,0.1989,0,0.91160,0.0007,-0.1359,0.8569,0.2273,0,1.28411,-0.0022,0.4034,0.2245,0.2599,0,0.37019,-0.0241,0.0029,0.4769
14650.5,0,0.000,1.283,23.467,0.000,0.000,0.000,83.551,0.003,0.000,2.804,0.000,0.637,0.000,0.649,0.000,23.220,3.776,0.000,8.460,0.706,0.000,2.593,0.035,8.506,0.5282,0.1457,-0.2284,0.0006,0,1.29623,0.4854,0.0090,-0.2289,0.2859,0,2.06786,-0.0041,0.2866,0.1334,0.1875,0,2.09744,0.4909,0.0865,0.9038,0.2069,0,1.00364,0.0005,-0.1257,0.5897,0.2199,0,1.12096,0.0035,0.3303,0.4740,0.3256,0,0.78248,-0.0242,0.0029,0.4771
14684.0,0,0.000,0.737,28.807,0.000,0.000,0.000,132.382,0.001,0.000,1.392,0.000,0.119,0.000,0.770,0.000,25.170,20.761,0.000,22.265,0.658,0.000,0.486,0.007,15.805,0.5305,0.1258,-0.2853,-0.0005,0,1.28696,0.4874,0.0087,-0.3659,0.2800,0,2.04690,-0.0043,0.2548,0.0861,0.1902,0,2.11654,0.4911,0.0883,1.0005,0.2196,0,1.05330,0.0007,-0.2092,0.2318,0.1915,0,0.88339,0.0021,0.2315,0.7649,0.3744,0,1.14185,-0.0242,0.0029,0.4772
14717.0,0,0.000,0.519,24.514,0.000,0.000,0.000,92.704,0.000,0.000,1.456,0.000,0.023,0.000,0.148,0.000,14.754,29.787,0.000,4.276,2.695,0.000,0.892,0.001,24.416,0.5313,0.1017,-0.3100,-0.0010,0,1.30139,0.4768,0.0089,-0.4256,0.3123,0,2.04503,-0.0045,0.2097,0.0481,0.2167,0,2.14203,0.4914,0.0695,1.0151,0.2041,0,1.06447,-0.0140,-0.3512,0.1232,0.2042,0,0.95859,0.0001,0.1568,0.9492,0.3795,0,1.28190,-0.0242,0.0710,0.4773
14750.5,0,0.000,0.537,24.795,0.000,0.000,0.000,17.604,18.903,0.000,4.071,0.000,7.693,0.000,0.028,0.000,5.877,22.852,0.000,0.801,2.392,0.000,2.065,0.000,11.860,0.5322,0.0854,-0.3181,0.0066,0,1.31681,0.4342,0.0083,-0.0038,0.3578,0,2.01357,-0.0044,0.2101,0.2982,0.3290,0,2.03164,0.4915,0.0423,0.9229,0.1823,0,1.02799,-0.0363,-0.4660,0.1537,0.3218,0,1.17355,-0.0011,0.1429,0.9943,0.3545,0,1.30468,-0.0242,0.1032,0.4774
14784.0,0,0.000,0.439,20.699,0.000,0.000,0.000,3.297,58.708,0.000,6.643,0.000,27.245,0.000,0.118,0.000,1.137,9.116,0.000,0.150,0.480,0.000,2.504,0.000,2.634,0.5344,0.0743,-0.3126,0.0089,0,1.32165,0.3562,0.0054,0.6409,0.3934,0,1.64082,-0.0037,0.2347,0.6961,0.4215,0,1.68399,0.4915,0.0285,0.6835,0.1691,0,0.89055,-0.0353,-0.4870,0.1432,0.3961,0,1.20295,-0.0018,0.1672,0.8637,0.3251,0,1.22992,-0.0242,0.0789,0.4774
14817.0,0,0.000,0.664,11.550,0.000,0.000,0.240,0.633,62.085,0.000,3.495,0.000,25.855,0.000,0.315,0.000,0.218,9.325,0.000,0.029,0.729,0.000,1.116,1.871,0.551,0.5362,0.0744,-0.2739,0.0056,0,1.32997,0.2490,0.0125,0.9528,0.3777,0,1.37719,-0.0029,0.2361,0.9222,0.4661,0,1.41130,0.4915,0.0323,0.4031,0.1700,0,0.67827,-0.0215,-0.4782,0.1293,0.3975,0,1.17260,-0.0025,0.1625,0.5772,0.3053,0,1.01197,-0.0242,0.0462,0.4773
14850.5,0,0.000,1.231,7.405,0.000,0.000,0.045,0.119,48.924,0.000,2.970,0.000,34.090,0.000,0.059,0.000,0.041,15.435,0.000,0.005,8.087,0.000,1.525,4.389,0.211,0.5383,0.0930,-0.2162,0.0023,0,1.33530,0.1429,0.0144,1.0615,0.3648,0,1.28235,-0.0023,0.2346,1.0359,0.4845,0,1.25782,0.4914,0.0298,0.1983,0.1608,0,0.50119,-0.0100,-0.5200,0.3857,0.4043,0,1.37039,-0.0033,0.1607,0.2848,0.2954,0,0.70847,-0.0242,0.0238,0.4773
14884.0,0,0.000,2.389,3.385,0.000,0.000,0.008,0.022,40.198,0.000,2.128,0.000,26.715,0.000,0.011,0.000,0.008,8.074,0.000,0.001,15.078,0.000,5.535,7.511,0.487,0.5402,0.1362,-0.1556,0.0004,0,1.32643,0.0706,0.0102,1.0795,0.3718,0,1.26379,-0.0021,0.2171,1.0710,0.4890,0,1.20937,0.4917,0.0211,0.0864,0.1211,0,0.39045,-0.0041,-0.5170,0.6936,0.4353,0,1.46458,-0.0038,0.2658,0.1026,0.2903,0,0.36972,-0.0242,0.0121,0.4773
14917.0,0,0.000,6.749,4.442,0.000,0.000,0.002,0.004,16.968,0.000,0.552,0.000,9.072,0.000,0.002,0.000,2.636,1.779,0.000,0.000,32.796,0.000,6.078,5.546,1.248,0.5421,0.2380,-0.1190,-0.0005,0,1.25840,0.1597,0.0063,1.0322,0.3640,0,1.31971,-0.0021,0.1634,1.0119,0.4831,0,1.27703,0.4922,0.0143,0.1397,0.1125,0,0.44329,-0.0016,-0.4076,0.9358,0.4421,0,1.42498,0.0267,0.3578,0.0544,0.2864,1,0.21968,-0.0242,0.0067,0.4772
14950.5,0,0.000,11.213,8.234,0.000,0.000,0.000,0.001,3.178,0.000,0.103,0.000,1.699,0.000,0.000,0.000,6.043,0.333,0.000,0.000,21.598,0.000,1.415,1.363,1.951,0.5443,0.3726,-0.1234,-0.0010,0,1.14137,0.3096,0.0041,0.8611,0.3370,0,1.50016,-0.0023,0.0981,0.7981,0.4569,0,1.53373,0.4927,0.0103,0.3392,0.1572,0,0.64481,-0.0007,-0.2481,1.0352,0.4241,0,1.38092,0.0285,0.3367,0.0859,0.2830,0,0.28019,-0.0242,0.0044,0.4773
14984.0,0,0.000,8.124,9.994,0.000,0.000,0.000,0.000,0.595,0.000,0.150,0.000,0.318,0.000,1.353,0.000,4.710,5.981,0.000,0.000,6.300,0.000,1.605,0.255,1.428,0.5443,0.4377,-0.1437,-0.0012,0,1.07774,0.4068,0.0035,0.5747,0.3111,0,1.75262,-0.0030,0.0563,0.4963,0.4069,0,1.87037,0.4925,0.0556,0.4763,0.1794,0,0.71161,-0.0002,-0.1995,0.9759,0.4170,0,1.36896,0.0165,0.2649,0.1277,0.2807,0,0.40607,-0.0242,0.0035,0.4773
15017.0,0,0.000,4.370,9.833,0.000,0.000,0.387,1.408,0.114,0.000,0.351,0.000,0.061,0.000,0.679,0.000,9.763,2.104,0.000,0.000,1.210,0.000,1.145,0.049,2.300,0.5441,0.4167,-0.1561,-0.0013,0,1.09026,0.4540,0.0180,0.3058,0.2957,0,1.92431,-0.0037,0.0444,0.2595,0.3549,0,2.08194,0.4917,0.0847,0.6373,0.2011,0,0.81387,0.0001,-0.1815,0.7420,0.3763,0,1.30406,0.0066,0.2056,0.2134,0.3001,0,0.58215,-0.0242,0.0031,0.4773
15050.5,0,0.000,2.318,3.633,0.000,0.000,0.072,15.270,0.021,0.000,1.433,0.000,0.011,0.000,0.457,0.000,22.752,0.394,0.000,0.000,0.227,0.000,4.333,0.009,22.711,0.5451,0.3394,-0.1354,-0.0013,0,1.16639,0.4751,0.0235,0.0566,0.2867,0,2.02136,-0.0043,0.0770,0.1200,0.3155,0,2.16556,0.4909,0.0814,0.8433,0.2234,0,0.96419,0.0007,-0.1270,0.4395,0.2702,0,1.04037,0.0012,0.2216,0.5968,0.3381,0,0.99740,-0.0242,0.0030,0.4773
15084.0,0,0.000,0.783,0.681,0.000,0.000,0.014,88.548,0.004,0.000,4.517,0.000,0.108,0.000,3.538,0.000,22.070,0.074,0.000,37.237,0.042,0.000,7.035,0.002,51.180,0.5433,0.2384,-0.0897,-0.0013,0,1.27616,0.4833,0.0189,-0.1919,0.2806,0,2.05798,-0.0045,0.1708,0.0589,0.2981,0,2.15842,0.4904,0.1586,0.9562,0.2006,0,0.96868,0.0013,-0.0684,0.0846,0.1131,0,0.52867,-0.0008,0.2786,0.9317,0.3598,0,1.24157,-0.0242,0.0029,0.4773
15117.0,0,0.000,0.959,3.988,0.000,0.000,0.003,91.760,0.001,0.000,2.798,0.000,0.640,0.000,2.023,0.000,10.175,0.014,0.000,20.934,0.008,0.000,7.654,0.000,61.346,0.5379,0.1685,-0.0739,-0.0012,0,1.34316,0.4739,0.0143,-0.3433,0.2767,0,2.05469,-0.0045,0.2273,0.0670,0.2966,0,2.13148,0.4904,0.2046,0.9477,0.1885,0,0.93008,0.0017,-0.0299,-0.1374,0.0191,0,0.15086,0.0117,0.3117,1.0831,0.3563,1,1.31401,-0.0243,0.0029,0.4771
15150.5,0,0.000,1.408,8.537,0.000,0.000,0.000,32.407,0.000,0.000,0.781,0.000,2.705,0.000,0.649,0.000,2.043,1.261,0.000,3.921,0.002,0.000,5.746,0.000,59.224,0.5331,0.1440,-0.1009,-0.0012,0,1.35093,0.4276,0.0115,-0.3826,0.2726,0,2.07217,-0.0044,0.1966,0.2007,0.3350,0,2.08938,0.4907,0.1725,0.7732,0.2069,0,0.85088,0.0020,-0.0408,-0.1720,0.0089,0,0.12446,0.0056,0.3194,1.1363,0.3355,0,1.32938,-0.0242,0.0029,0.4771
15184.0,0,0.000,1.524,20.527,0.000,0.000,0.000,6.070,9.956,0.000,0.146,0.000,38.792,0.000,0.122,0.000,0.383,4.121,0.000,0.734,0.000,0.000,6.953,0.000,63.001,0.5336,0.1421,-0.1746,0.0029,0,1.31212,0.3266,0.0094,0.0022,0.2925,0,2.08446,-0.0038,0.1248,0.6916,0.4066,0,1.69148,0.4914,0.1106,0.4905,0.2047,0,0.69728,0.0023,-0.1035,-0.1200,0.0377,0,0.28569,0.0007,0.3366,1.1506,0.3146,0,1.32459,-0.0242,0.0029,0.4772
15217.0,0,0.000,1.824,26.964,0.000,0.000,0.000,1.166,38.328,0.000,0.835,0.000,51.463,0.000,0.023,0.000,0.073,0.867,0.000,0.141,0.000,0.000,5.648,0.000,68.125,0.5367,0.1495,-0.2503,0.0073,0,1.25907,0.2036,0.0062,0.5883,0.3180,0,1.77664,-0.0030,0.0919,0.9856,0.4454,0,1.32462,0.4921,0.0612,0.2571,0.1938,0,0.55592,0.0025,-0.1153,-0.0675,0.0425,0,0.36748,-0.0009,0.3523,1.1591,0.3017,0,1.31782,-0.0242,0.0029,0.4772
15250.5,0,0.000,1.643,30.707,0.000,0.000,0.232,0.218,36.314,0.000,2.242,0.000,57.772,0.000,0.246,0.000,0.014,0.162,0.000,0.026,0.000,0.000,4.413,0.000,70.233,0.5378,0.1541,-0.3034,0.0064,0,1.22567,0.1058,0.0128,0.8972,0.3612,0,1.47896,-0.0025,0.1131,1.1018,0.4580,0,1.17524,0.4925,0.0423,0.1166,0.1946,0,0.45931,0.0026,-0.0775,-0.0348,0.0272,0,0.35571,-0.0014,0.3461,1.1684,0.2941,0,1.31695,-0.0242,0.0029,0.4771
15284.0,0,0.000,1.545,24.187,0.000,0.000,0.505,0.041,29.608,0.000,3.614,0.000,57.696,0.000,0.483,0.000,0.003,0.030,0.000,0.005,2.038,0.000,6.600,0.000,35.386,0.5365,0.1532,-0.3204,0.0033,0,1.22577,0.0488,0.0306,0.9982,0.4046,0,1.35817,-0.0022,0.1705,1.1420,0.4717,0,1.13019,0.4927,0.0494,0.0474,0.1752,0,0.37825,0.0025,-0.0389,0.0843,0.0131,0,0.44196,-0.0016,0.3717,1.1672,0.2865,0,1.30686,-0.0242,0.0029,0.4771
15317.0,0,0.000,0.882,13.938,0.000,0.000,0.097,0.008,32.708,0.000,2.065,0.000,24.076,0.000,0.093,0.000,0.301,0.318,0.000,0.001,0.391,0.000,10.627,0.000,7.418,0.5352,0.1374,-0.2928,0.0010,0,1.25853,0.0576,0.0317,1.0171,0.4126,0,1.33433,-0.0020,0.1987,1.1356,0.4754,0,1.14542,0.4928,0.0445,0.0351,0.1361,0,0.34941,0.0022,-0.0247,0.1278,0.0049,0,0.46087,0.0015,0.4590,1.1153,0.2729,0,1.25156,-0.0242,0.0029,0.4771
15350.5,0,0.000,0.587,10.634,0.000,0.000,0.018,0.001,11.567,0.000,0.555,0.000,4.510,0.000,0.017,0.000,4.733,4.784,0.000,0.000,3.406,0.000,19.889,0.000,1.739,0.5348,0.1120,-0.2447,-0.0003,0,1.30408,0.2141,0.0210,0.9558,0.3835,0,1.40502,-0.0020,0.1624,1.0271,0.4533,0,1.28310,0.4927,0.0298,0.1942,0.0903,0,0.46780,0.0017,-0.1043,0.2260,0.0008,0,0.65224,0.0024,0.5810,0.9104,0.2441,0,1.01942,-0.0242,-0.0398,0.4771
15384.0,0,0.000,0.583,8.341,0.000,0.000,0.182,0.000,3.474,0.000,1.675,0.000,0.845,0.000,0.301,0.000,3.634,5.856,0.000,0.000,5.064,0.000,17.172,1.131,0.949,0.5368,0.0931,-0.1995,-0.0008,0,1.33937,0.3592,0.0190,0.7760,0.3425,0,1.58577,-0.0024,0.1417,0.7473,0.4009,0,1.63233,0.4925,0.0306,0.3313,0.0607,0,0.53738,0.0012,-0.2022,0.3678,0.0292,0,0.92115,0.0138,0.6520,0.5968,0.2191,0,0.60219,-0.0242,-0.0554,0.4770
15417.0,0,0.000,1.148,2.604,0.000,0.000,0.035,0.000,0.667,0.000,10.617,0.000,0.162,0.000,0.570,0.000,5.943,1.125,0.000,0.000,1.216,0.000,16.348,8.630,0.693,0.5392,0.0981,-0.1453,-0.0010,0,1.36050,0.4338,0.0165,0.5178,0.3118,0,1.80535,-0.0030,0.2955,0.4325,0.3426,0,1.94088,0.4924,0.0466,0.4730,0.0777,0,0.64551,0.0009,-0.1962,0.3627,0.0583,0,0.92393,0.0499,0.6757,0.3115,0.2148,0,0.21796,-0.0242,-0.0385,0.4771
15450.5,0,0.000,1.824,0.488,0.000,0.000,0.007,8.742,0.125,0.000,11.042,0.000,0.030,0.000,0.107,0.000,7.665,0.211,0.073,0.000,0.228,0.000,7.404,8.080,0.464,0.5403,0.1228,-0.0872,-0.0011,0,1.36857,0.4670,0.0119,0.2388,0.2981,0,1.98332,-0.0034,0.4466,0.2110,0.2967,0,1.99242,0.4922,0.0443,0.6175,0.1154,0,0.82718,0.0008,-0.1224,0.2430,0.0519,0,0.75416,0.0550,0.6460,0.1377,0.2141,1,0.03975,-0.0243,-0.0194,0.4818
15484.0,0,0.000,1.740,2.418,0.000,0.000,0.001,12.480,0.023,0.000,2.183,0.000,0.006,0.000,0.020,0.000,8.185,0.039,0.014,0.000,0.043,0.000,2.089,5.728,1.008,0.5402,0.1429,-0.0618,-0.0012,0,1.36699,0.4758,0.0093,0.0296,0.3346,0,2.04988,-0.0038,0.4273,0.0927,0.2757,0,1.99566,0.4920,0.0296,0.7016,0.1175,0,0.94745,0.0122,-0.0583,0.1277,0.0304,0,0.57035,0.0352,0.5415,0.0798,0.2209,1,0.07852,-0.0887,-0.1672,0.4862
15517.0,0,0.000,1.802,6.395,0.000,0.000,0.000,2.713,0.004,0.000,0.496,0.000,0.320,0.000,0.255,0.000,9.288,0.008,0.003,0.000,0.008,0.000,4.046,1.516,1.531,0.5381,0.1536,-0.0767,-0.0012,0,1.36470,0.4477,0.0079,-0.0483,0.3745,0,2.05402,-0.0041,0.2954,0.0588,0.2742,0,2.08355,0.4918,0.0282,0.7484,0.1182,0,0.96268,0.0159,-0.0227,0.0573,0.0141,0,0.37103,0.0355,0.4571,0.0967,0.2338,0,0.14782,-0.1183,-0.2356,0.4800
15550.5,0,0.000,2.169,8.449,0.000,0.000,0.000,0.508,0.001,0.000,0.960,0.000,0.666,0.000,0.352,0.000,17.314,0.001,0.000,0.000,0.002,0.000,3.858,0.284,1.257,0.5335,0.1644,-0.1056,0.0036,0,1.35724,0.2419,0.0073,-0.0468,0.3770,0,2.13018,-0.0044,0.1946,0.0742,0.2849,0,2.13335,0.4915,0.0367,0.8524,0.1565,0,1.03157,0.0111,-0.0056,0.0212,0.0308,0,0.29662,0.0329,0.3809,0.1184,0.2490,0,0.25102,-0.1010,-0.2001,0.4785
15584.0,0,0.000,1.594,8.753,0.000,0.000,0.000,0.095,0.058,0.000,0.233,0.000,0.767,0.000,0.183,0.000,11.473,2.815,0.000,0.000,1.519,0.000,4.159,0.053,13.721,0.5270,0.1639,-0.1301,0.0049,0,1.35890,0.0179,0.0069,-0.0234,0.3476,0,2.21304,-0.0045,0.1233,0.0974,0.3038,0,2.15447,0.4912,0.0374,0.9006,0.1715,0,1.05433,0.0064,-0.0516,0.0793,0.0806,0,0.45406,0.0188,0.3348,0.4742,0.2641,0,0.74295,-0.0657,-0.1170,0.4781
15617.0,0,0.000,1.552,6.824,0.000,0.000,0.000,0.018,0.011,0.000,0.045,0.000,19.108,0.000,0.035,0.000,2.495,12.898,0.000,0.000,8.230,0.000,5.367,0.010,48.866,0.5232,0.1578,-0.1375,0.0095,0,1.37522,-0.0596,0.0066,-0.0076,0.3374,0,2.23820,-0.0043,0.0685,0.5237,0.3319,0,1.87961,0.4910,0.0281,0.7780,0.1803,0,0.98815,0.0034,-0.2447,0.3767,0.1231,0,1.01829,0.0084,0.3292,0.8767,0.2760,0,1.14407,-0.0440,-0.0571,0.4779
15650.5,0,0.000,1.074,7.792,0.000,0.000,0.000,0.003,15.864,0.000,0.008,0.000,57.581,0.000,0.007,0.000,0.467,16.167,0.000,0.000,20.003,0.000,8.215,0.002,65.100,0.5221,0.1437,-0.1381,0.0095,0,1.39188,-0.0538,0.0057,0.3958,0.3608,0,1.99664,-0.0034,0.0336,0.9166,0.3419,0,1.44166,0.4906,0.0183,0.5140,0.1743,0,0.80822,0.0015,-0.4285,0.7740,0.1667,0,1.41116,0.0028,0.3721,1.0689,0.2821,0,1.26499,-0.0328,-0.0238,0.4779
15684.0,0,0.000,0.706,7.301,0.000,0.000,0.000,0.001,44.733,0.000,2.039,0.000,74.421,0.000,0.001,0.000,0.088,9.961,0.000,0.000,41.760,0.000,5.214,0.000,63.700,0.5239,0.1213,-0.1362,0.0055,0,1.40481,0.0018,0.0038,0.8170,0.3880,0,1.56923,-0.0027,0.0771,1.0890,0.3377,0,1.22915,0.4904,0.0124,0.2731,0.1488,0,0.60986,0.0006,-0.4928,1.0205,0.3477,0,1.43105,0.0003,0.3770,1.1362,0.2835,0,1.30522,-0.0277,-0.0082,0.4777
15717.0,0,0.000,0.649,11.892,0.000,0.000,0.000,0.000,46.352,0.000,5.041,0.000,71.513,0.000,0.000,0.000,0.017,13.338,0.000,0.000,29.418,0.000,3.402,0.000,59.928,0.5271,0.1024,-0.1549,0.0023,0,1.40274,0.1117,0.0027,1.0120,0.3919,0,1.33853,-0.0022,0.1870,1.1498,0.3628,0,1.16694,0.4908,0.0096,0.1272,0.1374,0,0.51271,0.0002,-0.4874,1.1127,0.4471,0,1.37703,-0.0005,0.3507,1.1524,0.2841,1,1.32195,-0.0257,-0.0016,0.4772
15750.5,0,0.000,0.530,15.171,0.000,0.000,0.181,0.000,42.247,0.000,2.737,0.000,54.371,0.000,0.752,0.000,0.003,19.606,0.000,0.000,7.290,0.000,3.800,0.000,49.389,0.5314,0.0878,-0.1889,0.0004,0,1.38496,0.2407,0.0094,1.0767,0.3951,0,1.25480,-0.0019,0.2380,1.1663,0.4127,0,1.13894,0.4916,0.0354,0.0523,0.1771,0,0.46475,0.0001,-0.4435,1.0803,0.4811,0,1.38105,-0.0019,0.3374,1.1506,0.3231,0,1.33153,-0.0248,0.0012,0.4759
15784.0,0,0.000,0.099,11.939,0.000,0.000,0.082,0.000,31.059,0.000,0.851,0.000,12.168,0.000,0.823,0.000,2.075,15.358,0.000,0.000,1.366,0.000,1.990,0.000,16.466,0.5363,0.0627,-0.2009,-0.0006,0,1.37969,0.3513,0.0132,1.0753,0.3758,0,1.25395,-0.0019,0.1995,1.1349,0.4431,0,1.15668,0.4919,0.0683,0.0987,0.2021,0,0.44411,0.0003,-0.3866,0.8552,0.4743,0,1.41711,0.0027,0.3181,1.1231,0.3646,1,1.33385,-0.0244,0.0022,0.4748
15817.0,0,0.000,1.368,14.962,0.000,0.000,0.016,0.000,6.620,0.000,0.163,0.000,2.480,0.000,0.158,0.000,4.367,3.300,0.000,0.000,0.262,0.000,0.382,0.000,3.396,0.5379,0.0775,-0.2133,-0.0009,0,1.35179,0.4212,0.0108,0.9802,0.3397,0,1.36058,-0.0021,0.1274,0.9741,0.4360,0,1.33912,0.4919,0.0649,0.2288,0.2115,0,0.53113,-0.0403,-0.3081,0.5259,0.3802,0,1.29461,0.0577,0.2136,0.9953,0.4041,0,1.32195,-0.0243,0.0026,0.4763
15850.5,0,0.000,2.146,22.382,0.000,0.000,0.003,0.000,1.240,0.000,0.031,0.000,0.723,0.000,0.030,0.000,3.386,0.618,5.177,0.000,0.049,0.000,3.150,0.000,0.636,0.5380,0.1197,-0.2485,-0.0011,0,1.29381,0.4587,0.0072,0.7318,0.3107,0,1.60612,-0.0026,0.0676,0.6666,0.3868,0,1.70724,0.4916,0.0426,0.3229,0.1973,0,0.59185,-0.0570,-0.0886,0.2637,0.1696,0,0.81379,0.1364,0.1990,0.7004,0.4286,0,1.18821,-0.0243,0.0028,0.4766
15884.0,0,0.000,0.917,24.657,0.000,0.000,0.001,5.305,0.232,0.000,0.355,0.000,0.265,0.000,0.336,0.000,1.543,0.116,3.150,0.000,0.009,0.000,10.896,0.000,0.238,0.5381,0.1285,-0.2834,-0.0013,0,1.26670,0.4769,0.0054,0.4017,0.2954,0,1.86723,-0.0034,0.0465,0.3793,0.2962,0,2.01431,0.4910,0.0390,0.3121,0.1582,0,0.52780,-0.0403,0.0969,0.1155,0.0221,0,0.34278,0.1511,0.3628,0.3957,0.4268,0,0.78816,-0.0242,0.0029,0.4766
15917.0,0,0.000,1.192,24.852,0.000,0.000,2.049,112.689,0.045,0.000,3.836,0.000,0.159,0.000,0.064,0.000,0.336,0.022,0.605,4.292,0.002,0.000,14.937,0.000,0.046,0.5398,0.1258,-0.3047,-0.0013,0,1.25108,0.4855,0.0673,0.0005,0.2869,0,2.03712,-0.0040,0.1399,0.1990,0.1874,0,2.13896,0.4907,0.0335,0.2221,0.1464,0,0.44057,-0.0213,0.1317,0.0160,-0.0205,0,0.13817,0.1087,0.5244,0.1947,0.3973,0,0.35008,-0.0242,0.0029,0.4767
15950.5,0,0.000,1.103,18.255,0.000,0.000,0.384,170.781,0.008,0.000,7.453,0.000,0.030,0.000,0.012,0.000,0.063,0.004,0.113,0.804,0.815,0.000,9.194,0.000,0.760,0.5414,0.1240,-0.2995,-0.0013,0,1.24657,0.4893,0.0907,-0.2796,0.2887,0,2.01087,-0.0043,0.2845,0.0962,0.1413,0,2.11104,0.4910,0.0228,0.1233,0.1716,0,0.40046,-0.0091,0.0930,0.0244,-0.0205,0,0.18407,0.0721,0.5643,0.1476,0.3557,1,0.20839,-0.0242,0.0029,0.4761
15984.0,0,0.000,1.751,12.015,0.000,0.000,0.072,148.504,0.002,0.000,1.500,0.000,0.006,0.000,0.002,0.000,0.211,16.886,0.021,0.151,27.339,0.000,5.162,0.000,1.812,0.5410,0.1348,-0.2632,-0.0013,0,1.26206,0.4857,0.0662,-0.4045,0.3100,0,1.99282,-0.0044,0.2934,0.0429,0.1738,0,2.10484,0.4918,0.0150,0.0695,0.1925,0,0.40529,0.0444,-0.1861,0.5380,0.1485,0,1.10271,0.0325,0.5412,0.1607,0.3343,0,0.21055,-0.0242,-0.0279,0.4777
16017.0,0,0.000,7.587,11.762,0.000,0.000,0.014,45.969,0.000,0.000,0.503,0.000,0.202,0.000,0.000,0.000,1.856,12.507,0.004,0.029,50.172,0.000,7.246,0.000,9.596,0.5400,0.2448,-0.2308,-0.0013,0,1.18963,0.4561,0.0401,-0.4291,0.3338,0,2.01080,-0.0045,0.2103,0.0311,0.2244,0,2.14823,0.4922,0.0108,0.1302,0.1915,0,0.47833,0.0663,-0.3745,0.9363,0.3538,0,1.41544,0.0121,0.5090,0.4246,0.3662,0,0.58910,-0.0242,-0.0386,0.4780
16050.5,0,0.000,11.768,11.458,0.000,0.000,0.003,10.084,1.017,0.000,0.332,0.000,5.951,0.000,0.000,0.000,3.996,3.776,0.001,0.005,32.083,0.000,5.103,0.000,42.153,0.5407,0.3887,-0.2135,-0.0013,0,1.07562,0.3978,0.0234,-0.3231,0.3624,0,2.05839,-0.0045,0.1307,0.2769,0.2726,0,2.08026,0.4922,0.0086,0.2825,0.2104,0,0.62691,0.0486,-0.3711,1.0922,0.4392,0,1.38558,0.0035,0.4733,0.8254,0.4080,0,1.07102,-0.0242,-0.0259,0.4781
16084.0,0,0.000,8.680,11.266,0.000,0.000,0.836,1.889,48.816,0.000,0.062,0.000,31.838,0.000,0.345,0.000,2.304,3.955,0.000,0.001,9.889,0.000,3.966,0.000,67.926,0.5418,0.4570,-0.2050,-0.0014,0,1.02179,0.3322,0.0405,0.3754,0.3890,0,1.85705,-0.0039,0.0726,0.7414,0.3095,0,1.67830,0.4919,0.0215,0.3439,0.1952,0,0.64116,0.0267,-0.3029,1.0997,0.4412,0,1.37800,0.0003,0.4166,1.0492,0.4378,0,1.27485,-0.0242,-0.0124,0.4782
16117.0,0,0.000,4.624,10.041,0.000,0.000,2.863,0.363,64.752,0.000,1.327,0.000,57.684,0.000,0.135,0.000,1.418,17.418,0.000,0.000,2.104,0.000,3.950,0.000,71.391,0.5426,0.4359,-0.1927,-0.0014,0,1.04590,0.2563,0.1036,0.8484,0.4184,0,1.49814,-0.0030,0.0736,1.0109,0.3616,0,1.32460,0.4916,0.0283,0.3008,0.1718,0,0.58042,0.0130,-0.2851,0.9288,0.3759,0,1.39182,0.0004,0.3723,1.1358,0.4594,1,1.33303,-0.0242,-0.0043,0.4778
16150.5,0,0.000,3.126,9.515,0.000,0.000,3.343,0.068,59.442,0.000,2.354,0.000,67.671,0.000,0.025,0.000,2.682,19.143,0.000,0.000,0.394,0.000,2.106,0.000,67.534,0.5428,0.3636,-0.1772,-0.0014,0,1.11219,0.1649,0.1656,1.0333,0.4330,0,1.34057,-0.0024,0.1242,1.1208,0.4048,0,1.15792,0.4917,0.0232,0.2899,0.1632,0,0.57132,-0.0078,-0.2948,0.6029,0.2944,0,1.29858,-0.0053,0.3529,1.1647,0.4733,1,1.34835,-0.0242,-0.0002,0.4756
16184.0,0,0.000,1.800,9.022,0.000,0.000,1.338,0.013,52.401,0.000,2.341,0.000,47.381,0.000,0.005,0.000,2.350,4.522,0.000,0.000,0.074,0.000,1.763,0.000,59.534,0.5421,0.2794,-0.1656,-0.0013,0,1.18723,0.0777,0.1694,1.0901,0.4102,0,1.30261,-0.0020,0.1616,1.1540,0.4291,0,1.11118,0.4916,0.0159,0.2960,0.1314,0,0.55454,-0.0196,-0.2708,0.3149,0.2030,0,1.05381,-0.0213,0.3432,1.1693,0.4818,1,1.35286,-0.0242,0.0016,0.4752
16217.0,0,0.000,1.409,16.200,0.000,0.000,0.257,0.002,22.978,0.000,1.142,0.000,10.037,0.000,0.001,0.000,7.081,0.869,0.134,0.000,0.014,0.000,0.915,0.000,36.088,0.5388,0.2129,-0.1890,-0.0013,0,1.23235,0.0637,0.1227,1.0758,0.3752,0,1.32556,-0.0019,0.1547,1.1194,0.4226,0,1.17178,0.4915,0.0112,0.4126,0.1222,0,0.64214,-0.0164,-0.1928,0.1443,0.1161,0,0.75799,-0.0261,0.3122,1.1599,0.4853,1,1.35802,-0.0241,0.0024,0.4756
16250.5,0,0.000,1.462,24.746,0.000,0.000,0.048,0.000,4.339,0.000,0.214,0.000,1.880,0.000,0.000,0.000,16.081,0.163,0.025,15.255,0.003,0.000,0.171,0.000,19.003,0.5329,0.1744,-0.2428,-0.0013,0,1.25805,0.0629,0.0697,0.9431,0.3447,0,1.46464,-0.0021,0.1093,0.9277,0.3795,0,1.42613,0.4916,0.0083,0.6679,0.1473,0,0.84772,-0.0089,-0.1063,-0.0217,0.0560,0,0.40307,-0.0138,0.2014,1.1256,0.4862,0,1.35319,-0.0241,0.0027,0.4748
16284.0,0,0.000,1.342,27.805,0.000,0.000,0.009,0.000,0.813,0.000,0.199,0.000,0.352,0.000,0.000,0.000,12.330,0.306,0.005,2.857,0.144,0.000,2.107,0.000,9.498,0.5257,0.1545,-0.2903,-0.0013,0,1.27960,0.0440,0.0351,0.6637,0.3179,0,1.76732,-0.0027,0.0683,0.5959,0.3132,0,1.81941,0.4913,0.0065,0.8059,0.1715,0,0.94787,-0.0036,-0.0568,-0.0801,0.0237,0,0.24426,-0.0015,0.1551,1.0413,0.4860,0,1.33403,-0.0242,0.0028,0.4765
16317.0,0,0.000,1.245,26.068,0.000,0.000,0.002,2.105,0.156,0.000,1.401,0.000,0.204,0.000,0.383,0.000,13.296,2.750,0.001,0.549,12.002,0.000,2.372,0.000,2.097,0.5048,0.1428,-0.3142,-0.0014,0,1.30744,0.1721,0.0179,0.3633,0.2989,0,2.00443,-0.0035,0.0829,0.3240,0.2340,0,2.06310,0.4909,0.0207,0.8510,0.1960,0,0.97656,-0.0010,-0.0788,0.3250,0.1283,0,0.79182,-0.0003,0.1873,0.8390,0.4831,0,1.24144,-0.0242,0.0029,0.4767
16350.5,0,0.000,0.802,17.450,0.000,0.000,0.000,13.762,0.029,0.000,2.258,0.000,0.038,0.000,0.228,0.000,14.847,0.658,0.000,0.103,24.576,0.000,5.270,0.000,0.495,0.4875,0.1257,-0.3037,-0.0014,0,1.34841,0.3318,0.0107,0.1076,0.2875,0,2.09842,-0.0043,0.1299,0.1575,0.1590,0,2.13741,0.4908,0.0315,0.8976,0.2231,0,1.01596,-0.0001,-0.0858,0.7830,0.2442,0,1.22077,-0.0013,0.2662,0.5411,0.4733,0,0.96937,-0.0242,0.0029,0.4768
16384.0,0,0.000,0.740,9.261,0.000,0.000,0.000,12.368,0.255,0.000,2.200,0.000,0.392,0.000,0.359,0.000,4.687,8.676,0.000,0.019,29.796,0.000,7.085,0.000,0.394,0.4956,0.1092,-0.2550,-0.0013,0,1.38269,0.4227,0.0083,-0.0346,0.2764,0,2.11104,-0.0047,0.1713,0.0943,0.1449,0,2.13723,0.4907,0.0395,0.8394,0.2367,0,0.99444,0.0000,-0.2039,1.0108,0.3171,0,1.36710,-0.0024,0.3636,0.3052,0.4530,0,0.62198,-0.0242,0.0029,0.4768
16417.0,0,0.000,1.753,4.342,0.000,0.000,0.000,14.193,0.086,0.000,9.463,0.000,0.338,0.000,13.020,0.000,2.138,3.483,0.000,0.004,30.995,0.000,27.238,12.533,0.301,0.5133,0.1246,-0.1885,-0.0013,0,1.37412,0.4608,0.0074,-0.1188,0.2447,0,2.10107,-0.0046,0.2945,0.0773,0.1769,0,2.07923,0.4903,0.2660,0.6581,0.2052,0,0.69124,-0.0844,-0.2705,1.0787,0.3084,0,1.39846,0.0162,0.5197,0.1207,0.4156,1,0.24897,-0.0244,-0.0720,0.4807
16450.5,0,0.000,0.328,4.489,0.000,0.000,0.000,2.659,0.016,0.000,2.716,0.000,0.276,0.000,3.970,0.000,0.401,13.852,0.000,0.001,8.415,0.000,9.968,2.348,0.452,0.5264,0.1100,-0.1390,-0.0013,0,1.37889,0.4470,0.0078,-0.1240,0.1812,0,2.07436,-0.0047,0.3258,0.0666,0.2211,0,2.03967,0.4895,0.3927,0.4160,0.1612,0,0.39039,-0.1153,-0.3141,1.0189,0.2195,0,1.46096,0.0315,0.5637,0.0503,0.3724,1,0.17083,-0.0232,-0.1006,0.4943
16484.0,0,0.000,0.061,4.527,0.000,0.000,0.000,0.498,1.457,0.000,0.843,0.000,2.650,0.000,0.744,0.000,0.075,37.896,0.000,0.000,2.608,0.000,4.499,0.440,2.457,0.5327,0.0704,-0.1136,-0.0013,0,1.42224,0.3448,0.0077,-0.0088,0.2234,0,2.09556,-0.0046,0.2488,0.1833,0.2633,0,2.08643,0.4892,0.3243,0.2169,0.1478,0,0.16453,-0.0807,-0.4618,0.8236,0.1434,0,1.44782,0.0095,0.5541,0.1524,0.3599,1,0.20015,-0.0230,-0.0709,0.4786
16517.0,0,0.000,0.012,5.606,0.000,0.000,0.215,0.096,46.219,0.000,0.782,0.000,43.788,0.000,0.284,0.000,0.014,34.856,0.000,0.000,3.416,0.000,5.158,0.084,20.617,0.5350,0.0388,-0.1070,-0.0011,0,1.44833,0.1239,0.0140,0.5311,0.2990,0,1.85935,-0.0039,0.1698,0.6981,0.2964,0,1.74711,0.4896,0.2036,0.0999,0.1369,0,0.16415,-0.0437,-0.5815,0.6083,0.1414,0,1.47202,0.0018,0.4760,0.5386,0.3761,0,0.75929,-0.0240,-0.0373,0.4777
16550.5,0,0.000,0.486,7.618,0.000,0.000,4.540,0.018,61.909,0.000,2.844,0.000,74.143,0.000,0.325,0.000,0.003,8.550,0.195,0.000,1.586,0.000,6.275,0.016,47.371,0.5355,0.0396,-0.1154,-0.0011,0,1.44337,-0.1010,0.1090,0.9043,0.3447,0,1.52799,-0.0029,0.1807,1.0113,0.3405,0,1.36608,0.4901,0.1209,0.0405,0.0940,0,0.16135,-0.0203,-0.5783,0.4381,0.1305,0,1.40545,-0.0005,0.4468,0.9067,0.4031,0,1.15980,-0.0242,-0.0160,0.4778
16584.0,0,0.000,0.889,10.403,0.000,0.000,3.598,0.003,49.721,0.000,3.581,0.000,76.013,0.000,0.107,0.000,0.001,1.602,3.383,0.000,0.327,0.000,6.685,0.003,68.776,0.5360,0.0635,-0.1405,-0.0011,0,1.40857,-0.1735,0.1988,1.0454,0.3775,0,1.38487,0.0207,0.2318,1.1266,0.3816,0,1.20197,0.4907,0.0713,0.0139,0.0893,0,0.19870,-0.0083,-0.3635,0.2778,0.0874,0,1.05877,-0.0012,0.4448,1.0831,0.4326,0,1.28992,-0.0242,-0.0053,0.4778
16617.0,0,0.000,0.905,12.999,0.000,0.000,3.626,0.001,41.802,0.000,2.959,0.000,56.767,0.000,0.020,0.000,1.738,0.308,0.650,17.940,0.063,0.000,3.458,0.001,71.125,0.5348,0.0845,-0.1696,-0.0012,0,1.37560,-0.0972,0.2580,1.0806,0.4154,0,1.35454,0.0600,0.2434,1.1607,0.4085,0,1.14043,0.4915,0.0404,0.0893,0.1264,0,0.33594,-0.0027,-0.1453,0.0664,0.0463,0,0.55149,-0.0013,0.4006,1.1486,0.4549,0,1.33473,-0.0242,-0.0005,0.4778
16650.5,0,0.000,1.576,20.497,0.000,0.000,3.262,0.000,21.925,0.000,1.392,0.000,13.747,0.000,0.004,0.000,5.073,0.058,0.122,39.386,0.012,0.000,1.546,0.000,71.321,0.5302,0.1106,-0.2184,-0.0012,0,1.33513,0.1326,0.2863,1.0475,0.4244,0,1.39877,0.0710,0.2104,1.1386,0.4150,0,1.16139,0.4921,0.0224,0.2594,0.1574,0,0.50904,-0.0001,-0.0430,-0.1239,0.0205,0,0.17158,-0.0173,0.3703,1.1706,0.4717,1,1.34766,-0.0242,0.0016,0.4759
16684.0,0,0.000,3.323,27.643,0.000,0.000,0.611,0.000,4.170,0.000,0.261,0.000,2.575,0.000,0.001,0.000,9.008,0.011,0.023,11.146,0.002,0.000,0.404,0.000,73.541,0.5249,0.1714,-0.2741,-0.0013,0,1.26044,0.3221,0.2281,0.8987,0.3929,0,1.52351,0.0511,0.1432,0.9817,0.3915,0,1.37074,0.4923,0.0133,0.4825,0.1969,0,0.73029,0.0003,-0.0106,-0.1861,0.0092,1,0.06102,-0.0353,0.3111,1.1764,0.4794,1,1.35989,-0.0242,0.0024,0.4754
16717.0,0,0.000,4.573,28.275,0.000,0.000,0.117,0.000,0.801,0.000,0.050,0.000,0.495,0.000,0.000,0.000,10.830,0.002,0.004,2.141,0.000,0.000,0.078,0.000,71.169,0.5216,0.2448,-0.3112,-0.0014,0,1.18851,0.4173,0.1375,0.6271,0.3469,0,1.72632,0.0273,0.0802,0.6671,0.3468,0,1.74152,0.4919,0.0089,0.6626,0.2321,0,0.87169,0.0008,0.0003,-0.1522,0.0034,0,0.06990,-0.0247,0.1856,1.1775,0.4833,0,1.35850,-0.0241,0.0027,0.4748
16750.5,0,0.000,2.179,23.333,0.000,0.000,0.436,1.626,0.150,0.000,1.538,0.000,0.093,0.000,0.577,0.000,6.070,0.000,0.001,0.401,0.000,0.000,0.015,0.000,38.290,0.5203,0.2538,-0.3211,0.0080,0,1.19100,0.4605,0.0858,0.3400,0.3127,0,1.90849,0.0109,0.0927,0.3614,0.2789,0,2.03850,0.4904,0.0286,0.6948,0.2387,0,0.86944,0.0011,0.0051,-0.0940,-0.0001,0,0.12898,-0.0093,0.0770,1.1711,0.4857,0,1.34830,-0.0242,0.0028,0.4772
16784.0,0,0.000,1.614,12.824,0.000,0.000,0.319,26.645,0.028,0.000,7.562,0.000,0.017,0.000,0.779,0.000,4.446,0.000,0.000,0.075,0.000,0.000,6.985,0.000,7.377,0.5179,0.2181,-0.2904,0.0190,0,1.25463,0.4790,0.0635,0.0442,0.2951,0,2.01038,0.0023,0.2373,0.1703,0.1870,0,2.11227,0.4898,0.0601,0.6352,0.2359,0,0.80107,0.0012,0.0063,-0.0502,-0.0015,0,0.17874,-0.0043,0.2149,1.1132,0.4801,0,1.33524,-0.0242,0.0029,0.4774
16817.0,0,0.000,0.561,4.692,0.000,0.000,0.061,105.837,0.005,0.000,27.202,0.000,0.003,0.000,4.330,0.000,3.998,1.535,0.000,0.014,4.129,0.000,14.770,0.000,1.417,0.5133,0.1623,-0.2214,0.0176,0,1.34985,0.4862,0.0442,-0.2143,0.2853,0,2.03352,-0.0015,0.4802,0.0741,0.1181,0,1.96127,0.4902,0.1705,0.5641,0.2305,0,0.66064,0.0012,-0.0329,0.1605,-0.0020,0,0.47826,-0.0027,0.4453,0.8963,0.4546,0,1.15813,-0.0242,0.0029,0.4775
16850.5,0,0.000,0.105,5.457,0.000,0.000,0.011,124.882,0.001,0.000,9.783,0.000,0.001,0.000,6.463,0.000,1.213,19.995,0.000,0.003,31.192,0.000,14.141,1.702,0.265,0.5166,0.0999,-0.1627,0.0183,0,1.42514,0.4830,0.0278,-0.3650,0.2958,0,2.04243,-0.0028,0.5764,0.0292,0.1281,0,1.87222,0.4906,0.3036,0.4304,0.2016,0,0.41059,0.0008,-0.2643,0.7030,0.0826,0,1.24906,-0.0024,0.5816,0.5423,0.4034,0,0.69128,-0.0242,0.0029,0.4775
16884.0,0,0.000,0.184,1.330,0.000,0.000,0.002,36.934,0.000,0.000,1.883,0.000,0.320,0.000,1.569,0.000,0.227,20.641,0.000,0.001,14.556,0.000,15.252,3.367,0.145,0.5253,0.0606,-0.1092,0.0181,0,1.46044,0.4471,0.0179,-0.4023,0.3033,0,2.07258,-0.0034,0.4889,0.0299,0.1837,0,1.95702,0.4910,0.3062,0.2625,0.2076,0,0.26377,0.0003,-0.4540,0.9701,0.1414,0,1.43546,-0.0025,0.6406,0.2493,0.3452,0,0.22409,-0.0242,0.0029,0.4775
16917.0,0,0.000,1.084,2.477,0.000,0.000,0.000,7.093,19.331,0.000,0.362,0.000,7.801,0.000,0.637,0.000,0.309,17.730,0.000,0.000,3.413,0.000,8.255,1.283,0.447,0.5310,0.0703,-0.0776,0.0126,0,1.44519,0.3531,0.0121,0.0868,0.3043,0,2.06703,-0.0037,0.3149,0.3392,0.2431,0,2.01573,0.4915,0.2254,0.1505,0.2232,0,0.31581,0.0000,-0.5551,0.9482,0.1531,0,1.50393,-0.0006,0.6386,0.1441,0.2999,1,0.10410,-0.0240,0.0029,0.4855
16950.5,0,0.000,1.554,4.307,0.000,0.000,0.000,1.329,44.622,0.000,1.080,0.000,57.112,0.000,0.186,0.000,4.346,14.957,0.000,0.000,0.683,0.000,2.887,0.240,0.794,0.5324,0.1031,-0.0758,0.0168,0,1.41304,0.2226,0.0070,0.6789,0.3384,0,1.71044,-0.0033,0.1956,0.8193,0.3296,0,1.62569,0.4919,0.1383,0.2500,0.2251,0,0.50231,0.0001,-0.5561,0.6869,0.1174,0,1.50130,-0.0119,0.5739,0.1322,0.2761,1,0.11946,-0.0235,-0.0673,0.4831
16984.0,0,0.000,1.908,9.253,0.000,0.000,0.081,0.249,47.604,0.000,3.567,0.000,76.339,0.000,0.035,0.000,10.988,24.244,0.000,0.000,0.128,0.000,1.190,0.045,0.670,0.5338,0.1335,-0.1073,0.0159,0,1.37296,0.1166,0.0073,0.9633,0.3760,0,1.38886,-0.0025,0.1881,1.0554,0.3889,0,1.27122,0.4917,0.0745,0.5297,0.2335,0,0.76606,-0.0405,-0.5256,0.3853,0.0669,0,1.30756,-0.0153,0.4261,0.1317,0.2710,0,0.22423,-0.0239,-0.0995,0.4765
17017.0,0,0.000,2.015,5.771,0.000,0.163,0.544,0.048,34.628,0.000,5.313,0.000,77.950,0.000,0.803,0.000,16.548,19.270,0.000,0.000,0.172,0.000,4.422,0.009,0.541,0.5363,0.1539,-0.1220,0.0095,0,1.34244,0.0547,0.0201,1.0521,0.4177,0,1.27551,-0.0020,0.2451,1.1392,0.4091,0,1.16762,0.4914,0.0688,0.7674,0.2365,0,0.94007,-0.0676,-0.4858,0.1945,0.0664,0,1.12834,-0.0076,0.3402,0.1084,0.2754,0,0.29352,-0.0241,-0.0753,0.4769
17050.5,0,0.000,1.307,5.607,0.000,0.031,0.309,0.009,41.178,0.000,3.193,0.000,65.610,0.000,2.620,0.000,14.831,8.763,0.000,0.000,1.949,0.000,6.723,0.002,0.919,0.5383,0.1527,-0.1192,0.0042,0,1.33713,0.1025,0.0302,1.0693,0.4475,0,1.24392,-0.0018,0.2712,1.1654,0.4302,0,1.13917,0.4910,0.1328,0.8757,0.2223,0,0.95393,-0.0553,-0.4126,0.1893,0.2824,0,1.13408,-0.0051,0.3710,0.1116,0.3079,0,0.28536,-0.0242,0.0279,0.4771
17084.0,0,0.000,1.249,8.170,0.000,0.006,0.058,0.002,23.086,0.000,1.252,0.000,19.938,0.000,0.588,0.000,8.627,3.808,0.000,0.000,2.823,0.000,5.746,0.000,6.032,0.5395,0.1430,-0.1247,0.0013,0,1.33652,0.2587,0.0255,1.0460,0.4474,0,1.25817,-0.0017,0.2320,1.1532,0.4400,0,1.14746,0.4907,0.1412,0.8573,0.2096,0,0.93437,-0.0451,-0.3213,0.2810,0.4024,0,1.15638,-0.0041,0.4058,0.3323,0.3502,0,0.55691,-0.0242,0.0814,0.4771
17117.0,0,0.000,1.587,18.582,0.000,0.001,0.011,0.000,4.644,0.000,0.240,0.000,3.829,0.000,0.113,0.000,1.879,12.062,0.000,0.000,4.370,0.000,4.421,0.000,29.832,0.5417,0.1428,-0.1772,-0.0002,0,1.30276,0.3807,0.0159,0.9204,0.4139,0,1.38917,-0.0019,0.1543,1.0406,0.4139,0,1.28619,0.4906,0.0973,0.6889,0.1970,0,0.85659,-0.0386,-0.3593,0.4172,0.4177,0,1.28573,-0.0033,0.3994,0.7372,0.3898,0,1.02764,-0.0242,0.0687,0.4770
17150.5,0,0.000,1.634,18.986,0.000,0.000,0.002,0.000,0.870,0.000,0.045,0.000,0.934,0.000,0.021,0.000,0.352,21.734,0.000,0.000,7.747,0.000,5.417,0.000,59.161,0.5420,0.1475,-0.2303,-0.0008,0,1.26551,0.4438,0.0092,0.6521,0.3637,0,1.65556,-0.0024,0.0837,0.7581,0.3529,0,1.63693,0.4906,0.0547,0.4317,0.1939,0,0.69991,-0.0259,-0.4758,0.5916,0.3644,0,1.43012,-0.0024,0.3865,1.0094,0.4083,0,1.25492,-0.0242,0.0413,0.4770
17184.0,0,0.000,1.125,12.416,0.000,0.000,0.000,5.186,0.163,0.000,0.008,0.000,0.608,0.000,0.004,0.000,0.066,29.978,0.000,0.000,4.191,0.000,5.440,0.000,68.656,0.5402,0.1410,-0.2371,-0.0011,0,1.26754,0.4715,0.0063,0.3389,0.3236,0,1.89028,-0.0032,0.0413,0.4610,0.2942,0,1.95048,0.4910,0.0292,0.2226,0.1921,0,0.57117,-0.0222,-0.5673,0.6285,0.3198,0,1.48948,-0.0019,0.3731,1.1209,0.3912,0,1.32014,-0.0242,0.0217,0.4769
17217.0,0,0.000,1.238,12.277,0.000,0.000,0.000,39.809,0.031,0.000,0.374,0.000,0.151,0.000,0.001,0.000,0.013,20.228,0.000,2.967,0.999,0.000,4.500,0.000,69.169,0.5378,0.1342,-0.2250,0.0082,0,1.28488,0.4821,0.0059,0.0189,0.3014,0,2.02759,-0.0039,0.0344,0.2516,0.2396,0,2.11605,0.4917,0.0169,0.1016,0.1915,0,0.48993,-0.0680,-0.6005,0.4763,0.3988,0,1.49655,-0.0051,0.3552,1.1586,0.3639,1,1.33568,-0.0242,0.0113,0.4767
17250.5,0,0.000,1.016,12.419,0.000,0.000,0.000,146.759,0.006,0.000,0.783,0.000,0.759,0.000,0.000,0.000,0.002,13.567,0.000,3.556,0.305,0.000,3.524,0.000,56.391,0.5360,0.1265,-0.2154,0.0112,0,1.30146,0.4844,0.0069,-0.2452,0.2879,0,2.05909,-0.0045,0.0542,0.1590,0.1876,0,2.16445,0.4922,0.0113,0.0409,0.1659,0,0.41392,-0.0897,-0.5852,0.2612,0.4398,0,1.41271,-0.0067,0.3138,1.1670,0.3722,0,1.34097,-0.0242,0.0064,0.4772
17284.0,0,0.000,1.241,7.060,0.000,0.000,0.000,144.157,0.001,0.000,1.291,0.000,1.331,0.000,0.000,0.000,0.277,4.195,0.000,0.666,0.057,0.000,4.735,0.000,16.565,0.5366,0.1250,-0.1879,0.0071,0,1.31793,0.4708,0.0080,-0.3850,0.2726,0,2.04776,-0.0048,0.0846,0.1644,0.1862,0,2.15392,0.4927,0.0090,0.0312,0.1595,0,0.39069,-0.0670,-0.4886,0.1154,0.3929,0,1.20153,-0.0033,0.3146,1.1461,0.4077,0,1.33035,-0.0242,0.0043,0.4775
17317.0,0,0.000,4.045,1.356,0.000,0.000,0.000,34.321,0.000,0.000,0.769,0.000,3.136,0.000,0.000,0.000,3.109,0.806,0.000,0.128,0.011,0.000,4.012,0.000,3.439,0.5381,0.1882,-0.1314,0.0032,0,1.29629,0.4156,0.0088,-0.4116,0.2521,0,2.07206,-0.0047,0.0944,0.2796,0.3163,0,2.05814,0.4931,0.0080,0.1511,0.1700,0,0.49414,-0.0373,-0.3263,0.0449,0.2657,0,0.88965,-0.0023,0.3299,1.0265,0.4268,0,1.27499,-0.0242,0.0034,0.4776
17350.5,0,0.000,6.668,3.775,0.000,0.000,0.000,6.429,0.000,0.000,1.423,0.000,7.998,0.000,0.000,0.000,3.012,0.151,0.000,0.024,0.002,0.000,5.247,0.000,0.748,0.5356,0.2840,-0.0969,0.0008,0,1.24689,0.3021,0.0090,-0.3343,0.3122,0,2.15363,-0.0042,0.1087,0.4917,0.4216,0,1.85857,0.4931,0.0073,0.2849,0.1766,0,0.58844,-0.0170,-0.1749,0.0139,0.1412,0,0.59362,-0.0022,0.3651,0.7349,0.4128,0,1.05058,-0.0242,0.0031,0.4777
17384.0,0,0.000,6.229,17.051,0.000,0.000,0.000,1.204,0.000,0.000,3.337,0.000,10.240,0.000,0.939,0.000,1.258,0.028,0.000,0.004,0.000,0.000,5.632,0.000,0.725,0.5343,0.3452,-0.1465,-0.0004,0,1.16839,0.1776,0.0084,-0.2080,0.4008,0,2.22021,-0.0037,0.1472,0.6360,0.4680,0,1.70730,0.4926,0.0390,0.2942,0.1682,0,0.55613,-0.0066,-0.0796,0.0014,0.0646,0,0.40336,0.0128,0.3957,0.4436,0.3742,0,0.71363,-0.0242,0.0030,0.4777
17417.0,0,0.000,4.518,19.043,0.000,0.000,0.000,0.231,0.000,0.000,1.492,0.000,2.963,0.000,0.235,0.000,1.811,0.005,0.000,0.001,0.954,0.000,3.606,1.131,0.799,0.5340,0.3520,-0.2109,-0.0010,0,1.12030,0.0990,0.0076,-0.1076,0.4460,0,2.22967,-0.0034,0.1570,0.6043,0.4852,0,1.72984,0.4920,0.0520,0.2780,0.1774,0,0.54400,-0.0020,-0.0313,0.0546,0.0630,0,0.39776,0.0173,0.3787,0.2625,0.3360,0,0.48915,-0.0242,0.0029,0.4776
17450.5,0,0.000,2.724,12.379,0.000,0.000,0.000,0.043,0.000,0.000,0.449,0.000,0.555,0.000,0.044,0.000,4.005,0.001,0.000,0.000,22.505,0.000,2.790,4.447,0.870,0.5356,0.3098,-0.2273,-0.0012,0,1.14294,0.1019,0.0070,-0.0482,0.4679,0,2.21126,-0.0035,0.1243,0.4285,0.4881,0,1.88165,0.4917,0.0394,0.3338,0.2010,0,0.61205,-0.0002,-0.0095,0.5286,0.1421,0,0.92313,0.0103,0.3327,0.1500,0.3089,0,0.37467,-0.0242,0.0029,0.4776
17484.0,0,0.000,2.092,9.109,0.000,0.000,0.000,0.008,0.000,0.000,0.084,0.000,0.104,0.000,1.204,0.000,2.557,0.000,0.000,0.000,6.806,0.000,0.690,1.420,1.340,0.5381,0.2536,-0.2048,-0.0013,0,1.20114,0.1444,0.0066,-0.0192,0.4747,0,2.19425,-0.0039,0.0778,0.2418,0.4732,0,2.02953,0.4915,0.0678,0.3468,0.2059,0,0.58639,0.0001,-0.0014,0.7741,0.2276,0,1.14672,0.0034,0.2447,0.1183,0.2933,0,0.41825,-0.0242,0.0029,0.4776
17517.0,0,0.000,1.655,7.374,0.000,0.000,0.000,0.002,27.691,0.000,0.650,0.000,0.020,0.000,0.231,0.000,2.451,0.000,0.000,0.000,1.307,0.000,1.130,0.273,1.208,0.5372,0.2076,-0.1741,-0.0013,0,1.26573,0.2514,0.0056,0.4052,0.4619,0,1.90623,-0.0043,0.0641,0.1196,0.4313,0,2.12044,0.4918,0.0729,0.3387,0.2121,0,0.58332,0.0003,0.0019,0.6765,0.2390,0,1.08108,-0.0007,0.1815,0.1284,0.2856,0,0.49505,-0.0242,0.0029,0.4777
17550.5,0,0.000,2.151,6.722,0.000,0.000,24.234,0.000,59.116,0.000,4.115,0.000,0.952,0.000,1.009,0.000,1.806,0.000,0.000,4.303,0.245,0.000,4.445,0.051,3.140,0.5328,0.1867,-0.1498,-0.0013,0,1.31384,0.3638,0.2893,0.8127,0.4201,0,1.59377,-0.0045,0.1458,0.1083,0.3781,0,2.12356,0.4921,0.0855,0.3094,0.2105,0,0.56512,-0.0080,0.0039,0.3970,0.2885,0,0.87195,-0.0027,0.2253,0.2525,0.2904,0,0.60042,-0.0242,0.0029,0.4777
17584.0,0,0.000,0.963,7.228,0.000,0.000,5.800,0.000,65.578,0.000,4.279,0.000,0.971,0.000,0.566,0.000,0.616,0.000,0.000,11.901,0.046,0.000,5.236,0.010,40.079,0.5276,0.1596,-0.1378,0.0082,0,1.35541,0.4304,0.4433,1.0065,0.3610,0,1.47024,-0.0044,0.2393,0.1308,0.3617,0,2.09131,0.4918,0.0899,0.2333,0.1548,0,0.47114,-0.0100,0.0052,0.1289,0.2747,0,0.58502,0.0253,0.3111,0.7214,0.3352,0,1.05389,-0.0242,0.0029,0.4775
17617.0,0,0.000,0.662,7.366,0.000,0.000,1.114,0.000,60.766,0.000,1.803,0.000,3.531,0.000,0.109,0.000,0.118,0.000,0.000,36.838,0.009,0.000,1.243,0.002,55.816,0.5256,0.1265,-0.1338,0.0111,0,1.38485,0.4605,0.3771,1.0830,0.3293,0,1.38898,-0.0042,0.2467,0.2794,0.3808,0,2.03087,0.4914,0.0680,0.1414,0.1434,0,0.39899,-0.0060,0.0060,-0.1052,0.1868,0,0.24609,0.0348,0.2882,1.0013,0.3611,0,1.27026,-0.0242,0.0029,0.4774
17650.5,0,0.000,0.181,7.855,0.000,0.000,0.553,0.000,52.885,0.000,0.386,0.000,32.181,0.000,0.819,0.000,7.189,0.000,0.000,29.432,0.002,0.000,3.563,0.000,60.498,0.5269,0.0871,-0.1343,0.0071,0,1.40617,0.4599,0.2445,1.1062,0.3220,0,1.32055,-0.0035,0.1782,0.7351,0.4080,0,1.65440,0.4913,0.0719,0.3286,0.1935,0,0.57798,-0.0050,0.0014,-0.2320,0.0958,1,0.06139,0.0233,0.2614,1.1108,0.3488,0,1.32476,-0.0242,0.0029,0.4787
17684.0,0,0.000,1.247,9.793,0.000,0.000,3.411,0.000,15.125,0.000,4.538,0.000,54.154,0.000,6.114,0.000,23.886,4.282,0.000,5.513,3.096,0.000,9.200,0.000,60.662,0.5240,0.0886,-0.1494,0.0032,0,1.42659,0.4073,0.2208,1.0672,0.3106,0,1.32280,0.0123,0.2129,1.0149,0.4307,0,1.28096,0.4909,0.2206,0.6620,0.2370,0,0.67034,-0.0157,-0.0485,-0.1294,0.0210,1,0.07941,0.0197,0.3404,1.1463,0.3364,1,1.29192,-0.0246,0.0030,0.4772
17717.0,0,0.000,2.481,16.206,0.000,0.000,20.696,40.560,3.053,0.000,6.816,0.000,56.918,0.000,1.721,0.000,28.083,13.835,0.000,1.059,3.313,0.000,5.563,0.000,47.938,0.5216,0.1269,-0.1893,0.0009,0,1.37000,0.3255,0.4007,0.8096,0.2978,0,1.61350,0.0379,0.2838,1.1211,0.4529,0,1.16210,0.4906,0.2769,0.8747,0.2538,0,0.80493,-0.0436,-0.0973,-0.0359,-0.0581,1,0.12938,0.0074,0.3826,1.1472,0.3294,0,1.30120,-0.0248,0.0030,0.4743
17750.5,0,0.000,1.947,12.221,0.000,0.000,4.195,143.768,0.572,0.000,2.470,0.000,48.282,0.000,0.460,0.000,14.313,8.882,0.000,0.198,10.147,0.000,2.656,0.000,11.297,0.5243,0.1541,-0.2074,-0.0004,0,1.28675,0.2252,0.4645,0.2732,0.2810,0,1.83459,0.0388,0.2810,1.1489,0.4615,0,1.14348,0.4905,0.2110,0.9332,0.2464,0,0.88382,-0.0118,-0.0344,0.1096,0.0518,1,0.16718,0.0019,0.3344,1.0989,0.3148,0,1.31081,-0.0241,0.0029,0.4641
17784.0,0,0.000,1.421,4.871,0.000,0.000,0.786,89.578,0.107,0.000,0.587,0.000,13.718,0.000,0.382,0.000,3.193,4.711,0.000,0.037,25.129,0.000,5.607,0.000,2.365,0.5250,0.1550,-0.1766,-0.0009,0,1.44308,0.1303,0.3577,-0.1338,0.2668,0,2.03368,0.0240,0.2076,1.1136,0.4526,0,1.00276,0.4899,0.1352,0.8132,0.2200,0,0.61125,0.0661,0.1164,0.4896,0.2131,1,0.12611,-0.0003,0.3445,0.9214,0.2972,0,0.97656,-0.0259,0.0028,0.4927
17817.0,0,0.000,3.931,6.659,0.000,0.000,0.151,18.030,0.021,0.000,0.113,0.000,2.635,0.000,0.073,0.000,0.613,0.905,0.000,0.007,18.115,0.000,13.563,5.688,1.455,0.5236,0.1985,-0.1453,-0.0003,0,1.50671,0.0628,0.2100,-0.2658,0.2654,0,2.12477,0.0124,0.1219,0.9475,0.4215,0,0.80983,0.4831,0.0733,0.5650,0.2054,1,0.03868,0.0805,0.1954,0.8340,0.3400,1,0.10383,0.0280,0.4797,0.6465,0.2807,1,0.11328,-0.0294,0.0043,0.4840
17850.5,0,0.000,5.674,9.815,0.000,0.000,0.028,3.377,0.004,0.000,0.118,0.000,0.493,0.000,0.014,0.000,0.115,6.925,0.000,0.001,14.284,0.000,22.497,4.169,1.206,0.5287,0.2748,-0.1481,-0.0003,0,1.34558,0.0266,0.1057,-0.2270,0.2699,0,2.13053,0.0053,0.0647,0.6339,0.3701,0,1.35690,0.4483,0.0299,0.3587,0.2119,1,0.03707,0.0782,0.1987,0.7899,0.3522,1,0.12324,0.0770,0.5873,0.5013,0.2580,1,0.05086,-0.0316,0.0041,0.4247
17884.0,0,0.000,5.574,14.317,0.000,0.000,0.005,0.633,0.001,0.000,1.278,0.000,0.092,0.000,0.003,0.000,0.056,18.866,0.000,0.000,13.471,0.000,19.265,0.781,0.670,0.5335,0.3267,-0.1790,0.0054,0,1.26881,0.1588,0.0493,-0.1364,0.2720,0,2.08611,0.0014,0.0732,0.3432,0.3136,0,1.82402,0.4437,-0.0134,0.1989,0.2097,0,0.03814,0.0762,0.1441,0.7455,0.3538,1,0.12936,0.0979,0.6150,0.4221,0.2519,1,0.03435,-0.0315,0.0040,0.4208
17917.0,0,0.000,5.662,12.624,0.000,0.000,0.001,0.121,10.732,0.000,0.744,0.000,0.018,0.000,0.000,0.000,0.011,19.094,0.000,0.000,8.728,0.000,9.419,0.150,0.608,0.5360,0.3515,-0.2020,0.0071,0,1.19710,0.3051,0.0227,0.2328,0.3556,0,1.78661,-0.0007,0.0860,0.1652,0.2672,0,2.10344,0.4456,-0.0283,0.1124,0.1941,1,0.04045,0.0692,0.1212,0.6741,0.3473,1,0.13030,0.0792,0.6071,0.3595,0.2403,1,0.04550,-0.0295,0.0068,0.4181
17950.5,0,0.000,6.916,5.124,0.000,0.000,0.000,0.023,27.711,0.000,4.727,0.000,0.836,0.000,0.000,0.000,0.002,4.782,0.000,0.000,5.634,0.000,5.159,0.028,1.031,0.5365,0.3749,-0.1786,0.0044,0,1.17211,0.3678,0.0099,0.6625,0.4182,0,1.38922,-0.0020,0.1573,0.1165,0.2667,0,2.17987,0.4595,-0.0294,0.0561,0.1844,1,0.04355,0.0368,0.1247,0.5881,0.3272,1,0.12012,0.0387,0.5714,0.3208,0.2476,1,0.07634,-0.0244,0.0149,0.4275
17984.0,0,0.000,2.518,4.891,0.000,0.000,0.000,0.004,24.071,0.000,12.412,0.000,0.336,0.000,0.186,0.000,0.035,0.896,0.000,0.000,1.190,0.000,3.774,0.005,0.923,0.5357,0.3420,-0.1424,0.0018,0,1.18310,0.3283,0.0047,0.8746,0.4086,0,1.28431,-0.0027,0.3168,0.0993,0.2885,0,2.15865,0.4748,-0.0077,0.0253,0.1399,0,0.04958,0.0096,0.1459,0.4422,0.2816,1,0.09242,0.0029,0.4857,0.2476,0.2579,0,0.14785,-0.0248,0.0071,0.4416
18017.0,0,0.000,0.533,6.007,0.000,0.000,0.000,0.001,32.840,0.000,12.741,0.000,0.194,0.000,0.705,0.000,1.479,0.172,0.000,0.000,0.229,0.000,6.426,0.001,2.499,0.5347,0.2447,-0.1246,0.0003,0,1.23614,0.2231,0.0029,0.9624,0.3705,0,1.31018,-0.0034,0.4204,0.0751,0.3004,0,2.07666,0.4846,0.0327,0.0798,0.0716,0,0.08887,-0.0062,0.1686,0.2741,0.2474,1,0.06020,-0.0005,0.4130,0.2542,0.2728,0,0.32738,-0.0256,0.0032,0.4510
18050.5,0,0.000,0.100,4.389,0.000,0.000,0.000,0.000,43.987,0.000,3.487,0.000,0.652,0.000,0.132,0.000,5.269,0.032,0.000,0.000,0.043,0.000,7.087,0.000,17.573,0.5335,0.1409,-0.1114,-0.0006,0,1.30553,0.1521,0.0024,1.0110,0.3549,0,1.35557,-0.0038,0.3953,0.0784,0.3306,0,2.04917,0.4885,0.0427,0.2771,0.0387,0,0.38804,-0.0127,0.1868,0.1400,0.2100,1,0.05992,-0.0020,0.4259,0.6045,0.3252,0,0.87026,-0.0252,0.0031,0.4641
18084.0,0,0.000,0.019,7.291,0.000,0.000,0.000,0.000,19.697,0.000,0.653,0.000,9.041,0.000,0.025,0.000,6.603,0.006,0.000,0.000,0.264,0.000,5.431,0.000,14.219,0.5309,0.0716,-0.1137,-0.0009,0,1.38930,0.1592,0.0022,1.0036,0.3394,0,1.40093,-0.0040,0.2789,0.3739,0.3568,0,1.98576,0.4905,0.0311,0.4614,0.0842,0,0.68268,0.0029,0.1942,0.0874,0.1686,1,0.05803,-0.0022,0.4330,0.8498,0.3691,0,1.14085,-0.0242,0.0029,0.4770
18117.0,0,0.000,0.252,13.288,0.000,0.000,0.000,0.000,3.783,0.000,0.270,0.000,44.777,0.000,0.293,0.000,3.667,0.693,0.075,0.000,2.664,0.000,4.759,0.000,6.777,0.5280,0.0456,-0.1488,-0.0011,0,1.41491,0.2699,0.0023,0.8730,0.3186,0,1.50846,-0.0034,0.1646,0.8138,0.3597,0,1.59899,0.4915,0.0311,0.5045,0.0943,0,0.70725,0.0256,0.1913,0.1382,0.1805,1,0.06874,-0.0022,0.4218,0.8821,0.3790,0,1.13532,-0.0240,0.0028,0.4725
18150.5,0,0.000,0.631,15.138,0.000,0.000,0.000,0.000,0.709,0.000,2.250,0.000,72.017,0.000,0.207,0.000,0.687,4.073,0.014,0.000,3.876,0.000,1.738,0.000,2.657,0.5289,0.0526,-0.1921,-0.0010,0,1.38793,0.3798,0.0024,0.6036,0.3015,0,1.69822,-0.0026,0.1507,1.0518,0.3720,0,1.24976,0.4917,0.0343,0.3881,0.0641,0,0.52664,0.0507,0.1602,0.2413,0.2537,1,0.10736,-0.0022,0.3488,0.7428,0.3591,0,0.98414,-0.0251,0.0030,0.4619
18184.0,0,0.000,0.712,5.803,0.000,0.000,0.000,4.886,0.133,0.000,3.741,0.000,65.425,0.000,0.567,0.000,0.129,5.011,0.003,0.000,19.214,0.000,1.885,0.000,0.712,0.5326,0.0680,-0.1823,-0.0010,0,1.40872,0.4420,0.0031,0.3059,0.2909,0,1.79670,-0.0020,0.2058,1.1390,0.3837,0,0.97851,0.4913,0.0486,0.2262,0.0555,0,0.15704,0.0802,0.1850,0.5561,0.2821,1,0.12574,-0.0023,0.2637,0.5065,0.3302,0,0.54964,-0.0266,0.0030,0.4579
18217.0,0,0.000,0.464,1.563,0.000,0.000,0.000,23.175,0.025,0.000,2.646,0.000,34.988,0.000,0.504,0.000,0.399,1.032,0.001,0.000,20.777,0.000,2.724,9.021,0.137,0.5335,0.0691,-0.1287,-0.0006,0,1.34226,0.4706,0.0025,0.0576,0.2840,0,1.86973,-0.0012,0.2283,1.1577,0.3984,0,0.87050,0.4650,0.0389,0.1725,0.0988,1,0.04382,0.0884,0.1912,0.7130,0.2753,1,0.13773,0.0089,0.2771,0.3302,0.3083,1,0.22112,-0.0294,0.0038,0.4232
18250.5,0,0.000,0.544,5.014,0.000,0.000,0.000,14.054,0.005,0.000,1.253,0.000,6.772,0.000,0.268,0.000,10.864,0.193,0.000,0.000,5.549,0.000,0.758,8.371,0.386,0.5329,0.0679,-0.1017,-0.0005,0,1.31421,0.4771,0.0031,-0.0850,0.2827,0,1.94073,-0.0010,0.1971,1.0959,0.4024,0,0.97494,0.4804,0.0484,0.4246,0.1219,0,0.19907,0.0834,0.1935,0.6934,0.1777,1,0.10994,0.0186,0.2437,0.2143,0.2955,1,0.16932,-0.0300,0.0514,0.4181
18284.0,0,0.000,0.714,13.823,0.000,0.000,0.000,22.829,0.150,0.000,0.235,0.000,1.268,0.000,0.050,0.000,20.238,0.516,0.000,0.000,1.039,0.000,0.194,2.943,1.127,0.5316,0.0738,-0.1373,-0.0006,0,1.32568,0.4518,0.0043,-0.1670,0.2876,0,2.00978,-0.0013,0.1322,0.8593,0.3747,0,1.35354,0.4867,0.0378,0.7481,0.1672,0,0.57501,0.0893,0.2223,0.5727,0.0923,1,0.06155,0.0053,0.1498,0.1030,0.2898,0,0.22153,-0.0290,0.0712,0.4241
18317.0,0,0.000,1.155,20.919,0.000,0.000,0.000,51.446,0.115,0.000,0.985,0.000,0.244,0.000,0.010,0.000,20.377,0.099,0.000,0.000,0.200,0.000,2.471,0.565,1.606,0.5314,0.0914,-0.2022,-0.0008,0,1.31027,0.3937,0.0055,-0.2612,0.3119,0,2.07826,-0.0019,0.1085,0.5275,0.3258,0,1.86174,0.4888,0.0231,0.9167,0.1899,0,0.87200,0.0744,0.2112,0.3912,0.0390,1,0.06306,-0.0005,0.1520,0.1046,0.3193,0,0.41341,-0.0282,0.0512,0.4470
18350.5,0,0.000,1.321,27.363,0.000,0.000,0.000,10.213,3.390,0.000,0.572,0.000,0.186,0.000,0.893,0.000,17.783,0.019,0.000,0.000,0.037,0.000,3.981,0.106,2.475,0.5300,0.1121,-0.2657,-0.0011,0,1.25014,0.2937,0.0072,-0.1351,0.3036,0,2.10562,-0.0034,0.0980,0.2761,0.2727,0,2.12729,0.4898,0.0442,0.9739,0.1896,0,1.10123,0.0647,0.2163,0.1909,-0.0079,1,0.06677,0.0142,0.2220,0.1930,0.3682,0,0.71248,-0.0254,0.0288,0.4768
18384.0,0,0.000,1.279,32.521,0.000,0.000,0.000,1.913,25.243,0.000,0.199,0.000,0.396,0.000,0.975,0.000,14.150,0.003,0.000,0.000,0.007,0.000,3.938,0.020,13.410,0.5272,0.1247,-0.3134,-0.0014,0,1.20093,0.1792,0.0067,0.3493,0.2724,0,2.04459,-0.0046,0.0736,0.1555,0.2045,0,2.17147,0.4904,0.0752,0.9765,0.2099,0,1.21932,0.0562,0.2194,0.0651,-0.0342,1,0.06856,0.0243,0.2563,0.5367,0.3935,0,1.17755,-0.0226,0.0147,0.5019
18417.0,0,0.000,0.401,27.004,0.000,0.616,0.000,0.367,37.284,0.000,0.883,0.000,0.916,0.000,0.387,0.000,3.827,3.108,0.000,0.000,0.001,0.000,4.860,0.004,29.078,0.5255,0.1075,-0.3318,-0.0016,0,1.21286,0.0934,-0.0123,0.7555,0.2280,0,1.82477,-0.0054,0.0733,0.1343,0.1876,0,2.13923,0.4906,0.0772,0.8648,0.2246,0,1.23981,0.0573,0.1822,-0.0132,-0.0293,1,0.07005,0.0190,0.2792,0.8483,0.3847,0,1.39378,-0.0205,0.0076,0.5155
18450.5,0,0.000,0.342,20.931,0.000,0.115,1.866,0.069,50.588,0.000,1.401,0.000,0.858,0.000,0.073,0.000,0.717,15.929,0.000,0.000,6.437,0.000,4.149,0.001,48.451,0.5243,0.0810,-0.3214,-0.0015,0,1.31451,0.0520,0.0460,0.9689,0.2771,0,1.45157,-0.0053,0.1034,0.1376,0.2310,0,2.17649,0.4904,0.0554,0.6037,0.2157,0,0.78257,0.0851,0.0377,0.2269,0.0249,1,0.06873,0.0101,0.2964,1.0332,0.3540,0,1.27884,-0.0216,0.0048,0.4689
18484.0,0,0.000,0.064,14.522,0.000,0.022,16.559,0.013,55.798,0.000,0.384,0.000,3.470,0.000,0.014,0.000,0.196,29.472,0.000,0.000,14.357,0.000,4.250,0.000,59.999,0.5270,0.0533,-0.2848,-0.0014,0,1.42685,0.1306,0.2965,1.0627,0.3271,0,1.37826,-0.0047,0.0988,0.2741,0.2907,0,2.10248,0.4903,0.0329,0.3385,0.1943,0,0.48877,0.0967,-0.0511,0.4157,0.0743,1,0.16306,0.0041,0.3006,1.1180,0.3241,0,1.27157,-0.0244,0.0035,0.5060
18517.0,0,0.000,0.067,8.104,0.000,0.004,5.724,0.002,51.370,0.000,0.191,0.000,35.744,0.000,0.003,0.000,0.038,28.571,0.000,0.000,32.390,0.000,3.879,0.000,63.672,0.5303,0.0313,-0.2285,-0.0008,0,1.92893,0.2706,0.4208,1.0908,0.3290,0,0.96808,-0.0027,0.0678,0.7162,0.3599,0,1.02597,0.4886,0.0175,0.1664,0.1733,0,0.17994,0.0896,-0.1480,0.7466,0.1691,1,0.08587,0.0015,0.2944,1.1486,0.3240,0,0.78031,-0.0287,0.0037,0.7651
18550.5,0,0.000,0.177,4.450,0.000,0.001,1.072,0.000,13.911,0.000,0.036,0.000,54.699,0.000,0.850,0.000,0.007,21.123,0.000,0.000,24.136,0.000,11.481,0.000,65.389,0.5308,0.0206,-0.1656,0.0006,0,1.77700,0.3805,0.3516,1.0502,0.3106,0,0.42920,-0.0048,0.0475,0.9818,0.4265,1,0.10368,0.4850,0.0403,0.0744,0.1652,0,0.12483,0.0919,-0.2600,1.0566,0.2168,1,0.07780,0.0012,0.3975,1.1564,0.3692,0,0.18118,-0.0293,0.0047,0.8764
18584.0,0,0.000,1.366,11.069,0.000,0.000,0.201,0.000,2.606,0.000,1.219,0.000,53.599,0.000,0.229,0.000,0.001,6.888,0.000,0.000,4.681,0.000,3.425,0.000,64.042,0.5340,0.0531,-0.1584,0.0011,0,1.78300,0.4404,0.2135,0.8716,0.2927,0,0.57620,-0.0078,0.0744,1.0679,0.4559,0,0.10438,0.4828,0.0481,0.0318,0.1679,0,0.11844,0.0823,-0.2035,1.0622,0.1412,1,0.05532,0.0010,0.4179,1.1577,0.4277,0,0.24197,-0.0290,0.0043,0.8508
18617.0,0,0.000,2.482,16.718,0.000,0.000,0.039,3.605,0.500,0.000,0.755,0.000,18.696,0.000,0.044,0.000,0.000,1.323,0.000,0.000,0.899,0.000,0.844,0.000,55.673,0.5382,0.1079,-0.1954,0.0011,0,1.89999,0.4676,0.1075,0.5560,0.3102,0,1.11308,-0.0018,0.0791,1.1046,0.4786,0,0.28620,0.4829,0.0334,0.0131,0.1746,0,0.12097,0.0621,-0.0918,0.8984,0.1021,1,0.05409,0.0098,0.3145,1.1568,0.4639,0,0.53931,-0.0294,0.0045,0.8170
18650.5,0,0.000,2.128,16.925,0.000,0.000,0.007,18.079,0.094,0.000,4.905,1.189,3.502,0.000,0.008,0.000,0.255,0.248,0.000,0.000,0.168,0.000,0.368,0.000,25.187,0.5431,0.1470,-0.2303,0.0003,0,1.44605,0.4735,0.0491,0.2093,0.3547,0,1.94830,-0.0009,0.1617,0.9911,0.4800,0,1.14815,0.4866,0.0204,0.0184,0.1931,0,0.20996,0.0490,0.1044,0.4604,0.0086,1,0.09336,-0.0042,0.2625,1.1408,0.4811,0,1.21239,-0.0302,0.0045,0.5308
18684.0,0,0.000,1.521,20.393,0.000,0.000,0.001,5.369,0.018,0.000,22.415,0.885,0.656,0.000,1.124,0.000,1.092,0.046,0.000,35.136,0.032,0.000,5.332,0.000,5.057,0.5461,0.1569,-0.2599,-0.0009,0,1.18162,0.4451,0.0248,0.0135,0.4287,0,2.04176,-0.0019,0.3709,0.6898,0.4711,0,1.73936,0.4910,0.0560,0.0609,0.1707,0,0.41931,0.0537,0.1294,0.0793,-0.0216,1,0.06688,0.0015,0.2557,1.0463,0.4869,0,1.37749,-0.0268,0.0032,0.4808
18717.0,0,0.000,1.119,19.575,0.000,0.000,0.000,1.031,0.003,0.000,7.868,0.170,0.126,0.000,0.655,0.000,0.411,0.009,0.000,17.564,0.006,0.000,9.749,0.000,1.034,0.5462,0.1466,-0.2762,0.0007,0,1.15783,0.3596,0.0148,-0.0357,0.4680,0,2.08819,-0.0029,0.4596,0.3817,0.4638,0,1.87365,0.4929,0.0834,0.0805,0.1543,0,0.63182,0.0470,0.1379,-0.1531,-0.0323,1,0.07012,0.0269,0.3824,0.7888,0.4811,0,1.33129,-0.0223,0.0025,0.5183
18750.5,0,0.000,2.193,17.713,0.000,0.000,0.000,0.193,0.001,0.000,3.012,0.032,0.290,0.000,0.123,0.000,0.549,0.002,0.000,3.290,0.001,0.000,16.755,0.000,0.194,0.5457,0.1539,-0.2763,0.0011,0,1.16174,0.2036,0.0108,-0.0300,0.4724,0,2.15813,-0.0038,0.4038,0.1965,0.4482,0,1.90148,0.4938,0.0699,0.0874,0.1671,0,0.70227,0.0418,0.1208,-0.2011,-0.0398,1,0.07036,0.0413,0.5367,0.4626,0.4532,0,0.94110,-0.0194,0.0021,0.5252
18784.0,0,0.000,1.855,15.175,0.000,0.000,0.000,0.036,1.054,0.000,1.791,0.006,3.414,0.000,0.362,0.000,0.135,0.000,0.000,0.616,1.276,0.000,13.050,0.000,0.606,0.5426,0.1628,-0.2628,0.0129,0,1.22480,0.0313,0.0086,0.0340,0.4481,0,2.20991,-0.0042,0.3013,0.2204,0.4355,0,2.01449,0.4938,0.0575,0.0698,0.1360,0,0.46107,0.0440,0.1281,-0.0784,0.1191,1,0.06165,0.0315,0.6164,0.2570,0.4019,0,0.41947,-0.0197,0.0021,0.4999
18817.0,0,0.000,1.054,11.802,0.000,0.000,0.000,0.007,31.137,0.000,1.440,0.001,10.642,0.000,0.070,0.000,0.026,0.000,0.000,0.118,0.317,0.000,5.138,0.000,0.906,0.5366,0.1497,-0.2350,0.0211,0,1.29293,-0.0420,0.0058,0.5081,0.4411,0,1.85690,-0.0037,0.2216,0.4853,0.4422,0,1.87339,0.4932,0.0433,0.0403,0.1184,0,0.27203,0.0477,0.1427,0.0132,0.2626,1,0.07052,0.0163,0.5885,0.1784,0.3513,1,0.17637,-0.0229,0.0028,0.4761
18850.5,0,0.000,1.601,9.962,0.000,0.000,0.673,0.001,48.824,0.000,1.512,0.000,19.176,0.000,0.013,0.000,0.005,0.000,0.000,0.022,0.059,0.000,1.433,0.000,1.276,0.5290,0.1446,-0.2056,0.0274,0,1.32936,-0.0415,0.0266,0.8761,0.4316,0,1.47929,-0.0032,0.1753,0.7937,0.4593,0,1.56201,0.4927,0.0273,0.0180,0.1476,0,0.29346,0.0501,0.1438,0.0109,0.2597,1,0.06422,0.0049,0.4518,0.1614,0.3117,0,0.25827,-0.0240,0.0029,0.4757
18884.0,0,0.000,1.634,7.649,0.000,0.000,3.235,0.000,41.995,0.000,0.828,0.000,14.487,0.000,0.329,0.000,0.001,0.000,0.000,0.004,0.011,0.000,0.644,0.000,1.211,0.5235,0.1482,-0.1766,0.0250,0,1.34966,-0.0247,0.1134,1.0285,0.4331,0,1.34753,-0.0027,0.1402,0.9340,0.4752,0,1.38843,0.4923,0.0303,0.0057,0.1544,0,0.30008,0.0544,0.1445,0.0191,0.1751,1,0.05596,0.0001,0.2863,0.1590,0.3024,0,0.43878,-0.0242,0.0029,0.4761
18917.0,0,0.000,1.065,6.926,0.000,0.000,1.716,0.000,22.110,0.000,0.723,0.000,6.717,0.000,0.314,0.000,0.000,0.000,0.000,0.001,0.002,0.000,0.599,0.000,1.142,0.5208,0.1402,-0.1531,0.0159,0,1.37542,0.0725,0.1661,1.0465,0.4567,0,1.36479,-0.0026,0.1133,0.8957,0.4830,0,1.44757,0.4920,0.0391,-0.0001,0.1371,0,0.33379,0.0617,0.1543,0.0212,0.0886,1,0.06045,-0.0024,0.1776,0.1579,0.3212,0,0.61785,-0.0240,0.0029,0.4850
18950.5,0,0.000,2.060,10.734,0.000,0.000,0.373,0.000,4.285,0.000,0.693,0.000,2.246,0.000,0.059,0.000,1.036,1.510,0.000,0.000,3.298,0.000,0.916,0.000,0.979,0.5228,0.1474,-0.1552,0.0078,0,1.35172,0.2464,0.1382,0.9179,0.4628,0,1.43486,-0.0027,0.0979,0.7082,0.4807,0,1.63497,0.4921,0.0340,0.0461,0.1263,0,0.31211,0.0736,0.1463,0.1333,0.0218,1,0.06636,-0.0037,0.1285,0.1522,0.3406,0,0.63452,-0.0239,0.0029,0.4718
18984.0,0,0.000,1.575,17.530,0.000,0.000,0.070,0.000,0.803,0.000,0.130,0.000,0.421,0.000,0.011,0.000,1.185,3.361,0.000,0.000,6.057,0.000,0.709,0.000,0.916,0.5281,0.1529,-0.1945,0.0030,0,1.31049,0.3761,0.0836,0.6423,0.4376,0,1.60009,-0.0030,0.0705,0.4528,0.4579,0,1.87785,0.4920,0.0228,0.1092,0.1091,0,0.26329,0.0887,0.1259,0.2827,-0.0162,1,0.09162,-0.0040,0.1076,0.1447,0.3587,0,0.58234,-0.0248,0.0030,0.4621
19017.0,0,0.000,1.209,24.049,0.000,0.000,0.013,19.819,0.154,0.000,0.162,0.000,0.081,0.000,0.002,0.000,0.377,0.707,0.000,0.000,4.366,0.000,0.639,0.000,4.249,0.5300,0.1452,-0.2466,0.0006,0,1.26310,0.4423,0.0441,0.2783,0.3896,0,1.83774,-0.0034,0.0468,0.2440,0.4083,0,2.08864,0.4918,0.0146,0.1140,0.0921,0,0.22207,0.1006,0.1320,0.3112,0.0917,1,0.12791,0.0225,0.0948,0.2935,0.3707,0,0.76780,-0.0254,0.0031,0.4530
19050.5,0,0.000,0.950,24.464,0.000,0.000,0.240,24.621,0.029,0.000,0.080,0.000,0.107,0.000,0.369,0.000,2.158,0.132,0.176,0.000,2.897,0.000,1.984,0.000,22.395,0.5309,0.1302,-0.2845,-0.0004,0,1.25560,0.4726,0.0320,-0.0035,0.3421,0,1.97825,-0.0037,0.0315,0.1221,0.3511,0,2.19620,0.4917,0.0250,0.1756,0.1228,0,0.26872,0.0994,0.1652,0.3078,0.2144,1,0.13259,0.0511,0.1294,0.6902,0.3913,0,1.09308,-0.0214,0.0128,0.4494
19084.0,0,0.000,0.671,7.197,0.000,0.000,6.095,32.852,0.005,0.000,2.839,0.000,0.379,0.000,1.480,0.000,2.473,4.663,0.033,0.000,0.613,0.000,4.605,0.000,37.528,0.5325,0.1111,-0.2537,-0.0009,0,1.26827,0.4836,0.1630,-0.1692,0.3098,0,1.95488,-0.0040,0.0847,0.0804,0.3156,0,2.22626,0.4911,0.0755,0.2562,0.1250,0,0.32435,0.0704,0.1380,0.2210,0.2690,1,0.10496,0.0471,0.2227,0.9590,0.3980,0,1.25863,-0.0213,0.0142,0.4523
19117.0,0,0.000,0.129,3.189,0.000,0.000,1.746,95.429,0.001,0.000,1.298,0.000,0.736,0.000,0.334,0.000,0.774,11.152,0.006,0.000,1.286,0.000,2.404,0.000,35.946,0.5333,0.0784,-0.1824,-0.0010,0,1.31516,0.4824,0.2258,-0.3066,0.2904,0,1.87037,-0.0043,0.1261,0.0868,0.3033,0,2.20875,0.4906,0.0868,0.2390,0.0952,0,0.31537,0.0530,0.0826,0.1643,0.2469,1,0.07769,0.0285,0.2536,1.0605,0.3840,0,1.32238,-0.0234,0.0080,0.4565
19150.5,0,0.000,0.024,4.478,0.000,0.000,0.327,141.279,0.000,0.000,0.243,0.000,0.965,0.000,0.062,0.000,1.468,6.618,0.001,0.000,22.623,0.000,0.798,0.000,13.291,0.5358,0.0455,-0.1323,-0.0011,0,1.40348,0.4748,0.1748,-0.4018,0.2880,0,1.97885,-0.0044,0.1054,0.1095,0.3023,0,2.19701,0.4907,0.0608,0.2176,0.1158,0,0.25586,0.0776,0.0750,0.4281,0.1071,1,0.14187,0.0135,0.2030,1.0548,0.3664,0,1.26126,-0.0248,0.0039,0.4716
19184.0,0,0.000,0.071,5.372,0.000,0.000,0.061,37.088,0.000,0.000,0.046,0.000,0.880,0.000,0.012,0.000,8.254,1.945,0.000,0.000,35.092,0.000,0.581,0.974,2.766,0.5386,0.0261,-0.1128,-0.0008,0,1.41901,0.4382,0.1018,-0.4169,0.3115,0,2.14524,-0.0035,0.0628,0.1257,0.3183,0,2.09335,0.4907,0.0344,0.4112,0.1525,0,0.20615,0.1009,0.1394,0.7381,0.0288,1,0.09711,-0.0043,0.1907,0.8968,0.3702,1,0.92073,-0.0275,-0.0940,0.4673
19217.0,0,0.000,0.357,6.353,0.000,0.000,0.012,7.123,18.756,0.000,0.554,0.000,11.063,0.000,0.002,0.000,11.385,5.749,0.000,0.000,16.274,0.000,0.596,3.379,0.531,0.5405,0.0282,-0.1110,-0.0004,0,1.31669,0.3489,0.0513,0.0516,0.3348,0,1.84516,-0.0022,0.0522,0.4446,0.3476,0,1.62145,0.4905,0.0179,0.6430,0.1665,0,0.19109,0.1124,0.1837,0.9152,-0.0107,1,0.07208,-0.0101,0.1680,0.5834,0.3832,1,0.44777,-0.0289,-0.1320,0.4218
19250.5,0,0.000,0.761,2.933,0.000,0.000,0.314,1.334,39.733,0.000,1.066,0.000,52.214,0.000,0.000,0.000,5.659,16.730,0.000,0.000,12.683,0.000,2.383,4.188,0.332,0.5405,0.0497,-0.0973,-0.0002,0,1.29034,0.2104,0.0343,0.6236,0.3288,0,1.29984,-0.0012,0.0761,0.8656,0.3588,0,1.07625,0.4888,0.0094,0.7136,0.1821,0,0.22950,0.1002,0.1591,0.9193,0.0512,1,0.09826,0.0162,0.1796,0.3760,0.3836,1,0.23128,-0.0289,-0.0968,0.4141
19284.0,0,0.000,0.733,4.052,0.000,0.000,0.659,0.250,47.511,0.000,1.029,0.000,66.964,0.000,1.353,0.000,1.581,17.741,0.000,0.000,4.145,0.000,4.040,2.311,0.254,0.5394,0.0685,-0.0874,0.0071,0,1.29344,0.0950,0.0451,0.9207,0.3239,0,1.04712,-0.0007,0.0987,1.0677,0.3598,0,0.85096,0.4880,0.0469,0.5850,0.1881,0,0.14831,0.0832,0.1415,0.7995,0.2281,1,0.09817,0.0535,0.2109,0.2592,0.3627,1,0.15807,-0.0241,-0.0512,0.4117
19317.0,0,0.000,0.720,5.825,0.000,0.000,0.428,0.048,45.890,0.000,1.184,0.000,59.676,0.000,0.437,0.000,0.304,17.813,0.000,0.000,1.641,0.000,2.571,0.444,0.645,0.5397,0.0784,-0.0935,0.0092,0,1.33067,0.0364,0.0534,1.0370,0.4083,0,1.03130,-0.0008,0.1099,1.1396,0.4069,0,0.85728,0.4890,0.0675,0.3694,0.1647,0,0.12166,0.0759,0.1403,0.6139,0.3316,1,0.10687,0.0477,0.2261,0.1674,0.3570,0,0.19613,-0.0224,-0.0162,0.4268
19350.5,0,0.000,1.214,9.456,0.000,0.000,0.080,0.009,42.218,0.000,1.710,0.000,20.829,0.000,0.266,0.000,0.057,8.861,0.000,0.000,0.464,0.000,3.998,0.083,1.412,0.5403,0.0958,-0.1195,0.0058,0,1.32986,0.1036,0.0419,1.0690,0.4553,0,1.12549,-0.0011,0.1239,1.1450,0.4513,0,0.99246,0.4895,0.0607,0.1901,0.1530,0,0.18380,0.0472,0.1207,0.3715,0.3662,1,0.10805,0.0139,0.2578,0.1348,0.3810,0,0.33759,-0.0240,-0.0021,0.4480
19384.0,0,0.000,1.718,16.152,0.000,0.000,0.015,0.002,16.667,0.000,0.738,0.000,3.902,0.000,0.050,0.000,0.011,1.723,0.000,0.000,0.087,0.000,3.410,0.016,1.688,0.5400,0.1219,-0.1727,0.0024,0,1.29885,0.2683,0.0247,1.0314,0.4580,0,1.23649,-0.0016,0.1154,1.0367,0.4652,0,1.21552,0.4902,0.0429,0.0853,0.1378,0,0.25577,-0.0212,0.1261,0.1641,0.3809,1,0.06756,0.0156,0.2526,0.1567,0.4072,0,0.51431,-0.0224,0.0057,0.4622
19417.0,0,0.000,2.921,18.552,0.000,0.000,0.003,0.000,3.232,0.000,0.142,0.000,0.749,0.000,0.010,0.000,0.107,0.331,0.000,0.000,0.017,0.000,1.683,0.003,13.624,0.5384,0.1633,-0.2236,0.0004,0,1.25080,0.3878,0.0132,0.8697,0.4270,0,1.43240,-0.0022,0.0809,0.7520,0.4448,0,1.58937,0.4906,0.0265,0.0409,0.0978,0,0.25810,-0.1062,0.1663,0.0784,0.3712,1,0.05617,0.0915,0.2163,0.4988,0.4288,0,1.00350,-0.0237,0.0085,0.4741
19450.5,0,0.000,4.048,19.668,0.000,0.000,0.001,0.000,0.605,0.000,0.540,0.000,0.140,0.000,0.558,0.000,5.103,0.062,0.000,0.000,5.791,0.000,7.401,0.001,58.590,0.5367,0.2201,-0.2579,-0.0006,0,1.22393,0.4473,0.0074,0.5834,0.3741,0,1.64491,-0.0031,0.0641,0.4271,0.3857,0,1.90124,0.4902,0.0388,0.2131,0.0878,0,0.24194,-0.2620,0.2242,0.2316,0.2882,1,0.06901,0.1656,0.2976,0.9024,0.4519,1,1.18253,-0.0244,0.0076,0.4644
19484.0,0,0.000,2.348,17.687,0.000,0.000,3.896,1.131,0.113,0.000,0.953,0.000,0.194,0.000,2.252,0.000,5.931,0.302,0.000,0.000,7.349,0.000,10.604,0.000,70.758,0.5346,0.2304,-0.2697,-0.0008,0,1.23723,0.4729,0.1043,0.3103,0.3289,0,1.73704,-0.0029,0.0732,0.2192,0.2931,0,2.04061,0.4864,0.1082,0.4029,0.1246,1,0.04523,-0.3466,0.2482,0.4679,0.3036,1,0.08069,0.2101,0.3720,1.0825,0.4702,1,1.07727,-0.0247,0.0026,0.4252
19517.0,0,0.000,1.278,12.256,0.000,0.000,0.981,60.762,0.022,0.000,0.317,0.000,0.979,0.000,1.152,0.000,9.735,0.815,0.000,0.000,8.865,0.000,7.070,0.000,70.221,0.5349,0.1968,-0.2527,0.0028,0,1.31486,0.4820,0.1487,-0.0120,0.3021,0,1.90510,-0.0026,0.0679,0.1573,0.2063,0,2.04447,0.4674,0.1360,0.5878,0.1623,1,0.09410,-0.3188,0.2616,0.6091,0.3706,1,0.10103,0.1676,0.4185,1.1436,0.4749,1,0.99279,-0.0287,0.0040,0.4289
19550.5,0,0.000,1.168,8.698,0.000,0.000,0.184,151.446,0.004,0.000,0.059,0.000,0.741,0.000,0.916,0.000,20.547,1.994,0.000,0.000,20.115,0.000,3.359,0.000,70.759,0.5376,0.1601,-0.2135,0.0041,0,1.39241,0.4840,0.1118,-0.2686,0.2860,0,2.02010,-0.0018,0.0448,0.1462,0.1965,0,1.84134,0.4730,0.1312,0.7966,0.1813,0,0.07878,-0.2339,0.2652,0.8266,0.4009,1,0.10078,0.1150,0.4062,1.1637,0.4687,1,0.78435,-0.0311,0.0042,0.4451
19584.0,0,0.000,1.106,9.127,0.000,0.000,0.034,111.585,0.001,0.000,0.011,0.000,0.421,0.000,4.942,0.000,29.532,10.574,0.000,0.000,16.832,0.000,4.695,0.000,58.546,0.5394,0.1355,-0.1799,0.0031,0,1.55002,0.4710,0.0623,-0.3892,0.2726,0,2.07662,-0.0002,0.0222,0.1251,0.2296,0,1.45366,0.4755,0.2058,0.9536,0.1550,1,0.04471,-0.1492,0.1602,0.9806,0.4395,1,0.08649,0.0754,0.3556,1.1647,0.4658,1,0.53362,-0.0329,0.0045,0.5514
19617.0,0,0.000,2.221,9.275,0.000,0.000,0.007,25.237,0.000,0.000,0.002,0.000,0.563,0.000,1.465,0.000,20.077,8.220,0.000,0.000,3.540,0.000,4.214,0.000,22.707,0.5391,0.1472,-0.1614,0.0141,0,1.75993,0.4201,0.0291,-0.3959,0.2815,0,2.06136,0.0011,0.0076,0.1137,0.2895,0,1.13383,0.4807,0.2364,0.9971,0.0981,0,0.09332,-0.0896,0.0397,0.9707,0.4586,1,0.07216,0.0287,0.3250,1.1417,0.4669,0,0.39634,-0.0325,0.0046,0.7029
19650.5,0,0.000,5.699,14.635,0.000,1.541,0.001,4.727,9.777,0.000,2.252,0.000,25.077,0.000,0.274,0.000,8.647,1.540,0.000,0.000,0.663,0.000,6.316,0.000,4.357,0.5386,0.2279,-0.1762,0.0203,0,1.90293,0.2725,-0.0248,-0.0178,0.3242,0,1.90397,0.0010,0.0546,0.5786,0.3510,0,1.01520,0.4839,0.1722,0.9385,0.1017,0,0.36786,-0.0805,0.0534,0.7337,0.3872,1,0.08482,0.0334,0.3477,1.0294,0.4630,0,0.54442,-0.0319,0.0048,0.7296
19684.0,0,0.000,2.751,10.391,0.000,0.289,0.000,0.885,37.035,0.000,0.538,0.000,46.262,0.000,0.051,0.000,1.765,0.288,0.000,0.000,0.124,0.000,4.280,0.000,0.816,0.5409,0.2607,-0.1837,0.0148,0,1.32726,0.0835,-0.0434,0.5825,0.3346,0,1.67726,-0.0006,0.0791,0.9408,0.3914,0,1.26177,0.4868,0.0975,0.7351,0.1438,0,0.67637,-0.0844,0.1619,0.3620,0.1995,1,0.10878,0.0920,0.4407,0.7491,0.4469,1,0.87303,-0.0307,0.0043,0.4888
19717.0,0,0.000,1.046,9.121,0.000,0.055,0.195,0.170,42.550,0.000,3.746,0.000,56.876,0.000,0.010,0.000,0.339,0.055,0.000,44.409,0.024,0.000,5.340,1.076,0.157,0.5421,0.2192,-0.1743,0.0075,0,1.23798,-0.0163,-0.0229,0.9142,0.3071,0,1.54754,-0.0017,0.1650,1.0920,0.4169,0,1.27290,0.4894,0.0507,0.4577,0.1633,0,0.80789,-0.0202,0.1583,0.0485,0.0978,1,0.06248,0.1298,0.4000,0.4236,0.4242,0,0.86971,-0.0270,0.0033,0.5021
19750.5,0,0.000,1.228,13.789,0.000,0.010,0.153,0.032,36.863,0.000,4.121,0.000,46.109,0.000,0.370,0.000,0.064,0.010,0.000,22.333,0.004,0.000,7.884,7.610,0.029,0.5423,0.1744,-0.1859,0.0027,0,1.21119,-0.0341,-0.0008,1.0376,0.3299,0,1.53296,-0.0021,0.2488,1.1434,0.4219,0,1.34993,0.4908,0.0415,0.2341,0.1375,0,0.91608,0.0139,0.1561,-0.1946,0.0209,1,0.06914,0.0974,0.4377,0.1562,0.4030,0,0.73974,-0.0213,0.0024,0.5374
19784.0,0,0.000,0.741,13.680,0.000,0.002,0.029,0.006,45.681,0.000,1.239,0.000,10.225,0.000,0.069,0.000,0.012,0.002,0.000,4.183,0.001,0.000,3.099,6.188,0.542,0.5431,0.1386,-0.2037,0.0043,0,1.22859,0.0746,0.0067,1.0704,0.4064,0,1.47808,-0.0023,0.2347,1.1163,0.4005,0,1.40341,0.4919,0.0356,0.1049,0.1256,0,0.86021,0.0280,0.1474,-0.2293,-0.0162,1,0.07040,0.0529,0.4175,0.0302,0.3890,0,0.59051,-0.0177,0.0019,0.5400
19817.0,0,0.000,0.369,14.366,0.000,0.000,0.006,0.001,28.686,0.000,0.287,0.000,1.964,0.000,0.013,0.000,0.002,0.776,0.000,0.803,0.000,0.000,1.698,1.188,1.926,0.5439,0.1030,-0.2177,0.0044,0,1.29559,0.2525,0.0063,1.0599,0.4394,0,1.43517,-0.0027,0.1608,0.9350,0.3440,0,1.58079,0.4929,0.0250,0.0427,0.1508,0,0.77505,0.0357,0.1305,-0.1735,0.0106,1,0.06854,0.0233,0.3369,0.0727,0.4069,0,0.64059,-0.0172,0.0018,0.5360
19850.5,0,0.000,1.627,7.382,0.000,0.000,0.001,0.000,5.780,0.000,0.054,0.000,0.368,0.000,0.002,0.000,0.261,0.296,0.000,0.150,2.250,0.000,6.383,0.223,12.858,0.5418,0.1087,-0.1991,0.0023,0,1.33803,0.3802,0.0046,0.9532,0.4264,0,1.41189,-0.0034,0.0894,0.6054,0.2867,0,1.85377,0.4935,0.0165,0.0300,0.1782,0,0.52654,0.0397,0.1410,0.0008,0.1425,1,0.06028,0.0080,0.3489,0.4551,0.4305,0,0.88230,-0.0192,0.0021,0.5017
19884.0,0,0.000,2.137,5.504,0.000,0.000,0.000,0.000,1.083,0.000,0.407,0.000,0.069,0.000,0.000,0.000,4.594,0.056,0.000,0.028,15.185,0.000,9.359,0.042,33.893,0.5365,0.1372,-0.1618,0.0007,0,1.35744,0.4435,0.0033,0.6984,0.3833,0,1.49462,-0.0036,0.0592,0.3187,0.2399,0,2.05227,0.4936,0.0111,0.2117,0.2040,0,0.40075,0.0551,0.1944,0.3483,0.1847,1,0.13046,0.0020,0.4409,0.8319,0.4365,0,0.99087,-0.0232,-0.0379,0.4623
19917.0,0,0.000,1.930,8.334,0.000,0.000,0.000,6.519,0.208,0.000,0.993,0.000,0.501,0.000,0.387,0.000,18.219,0.011,0.000,0.005,20.146,0.000,8.263,0.008,59.315,0.5324,0.1548,-0.1444,-0.0001,0,1.38435,0.4704,0.0027,0.3755,0.3389,0,1.60839,-0.0034,0.0684,0.1772,0.2142,0,2.05900,0.4925,0.0227,0.5874,0.2226,0,0.37803,0.0779,0.2867,0.6663,0.1938,1,0.08743,0.0002,0.4980,1.0404,0.4340,0,0.91717,-0.0268,-0.0517,0.4331
19950.5,0,0.000,1.337,17.103,0.000,0.000,0.000,57.559,0.039,0.000,0.636,0.000,0.789,0.000,1.362,0.000,20.961,6.738,0.000,0.001,13.405,0.000,6.626,0.001,70.078,0.5315,0.1507,-0.1783,-0.0001,0,1.43550,0.4803,0.0018,0.0102,0.3092,0,1.80382,-0.0021,0.0743,0.1352,0.2321,0,1.89865,0.4904,0.0671,0.8405,0.2059,0,0.27299,0.0809,0.2769,0.8486,0.2319,1,0.05665,-0.0002,0.4905,1.1297,0.4302,0,0.77864,-0.0305,-0.0350,0.4442
