t_ms,x,z,yaw,speed,turn,airborne,feeding,hunger,opto_p9,proboscis,per_rostrum,per_haustellum,labellum_spread,pumping,:unannotated_L,ascending:AN_L,ascending:AN_R,central:ALIN_L,central:ALIN_R,central:ALLN_L,central:ALLN_R,central:ALON_L,central:ALON_R,central:ALPN_L,central:ALPN_R,central:CX_L,central:CX_R,central:DAN_L,central:DAN_R,central:Kenyon_Cell_L,central:Kenyon_Cell_R,central:LHCENT_L,central:LHCENT_R,central:LHLN_L,central:LHLN_R,central:MBIN_L,central:MBIN_R,central:MBON_L,central:MBON_R,central:TPN_L,central:TPN_R,central:TuBu_L,central:TuBu_R,central:central_L,central:central_R,central:mAL_L,central:mAL_R,descending:descending_L,descending:descending_R,descending:ocellar_L,descending:ocellar_R,endocrine:endocrine_L,endocrine:endocrine_R,endocrine:pars_intercerebralis_L,endocrine:pars_intercerebralis_R,endocrine:pars_lateralis_L,endocrine:pars_lateralis_R,motor:brain_motor_neuron_L,motor:brain_motor_neuron_R,motor:motor_L,motor:motor_R,motor:neck_motor_neuron_R,optic:LA>ME_L,optic:LA>ME_R,optic:LA_L,optic:LA_R,optic:LO.LOP_L,optic:LO.LOP_R,optic:LO>LOP_L,optic:LO>LOP_R,optic:LO>ME_L,optic:LO>ME_R,optic:LOP>LO.ME_L,optic:LOP>LO.ME_R,optic:LOP>LO_L,optic:LOP>LO_R,optic:LOP>ME.LO_L,optic:LOP>ME.LO_R,optic:LOP>ME_L,optic:LOP>ME_R,optic:LOP_L,optic:LOP_R,optic:LO_L,optic:LO_R,optic:ME.LO.LOP_L,optic:ME.LO.LOP_R,optic:ME.LOP_L,optic:ME.LOP_R,optic:ME.LO_L,optic:ME.LO_R,optic:ME>LA_L,optic:ME>LA_R,optic:ME>LO.LOP_L,optic:ME>LO.LOP_R,optic:ME>LOP.LO_L,optic:ME>LOP.LO_R,optic:ME>LOP_L,optic:ME>LO_L,optic:ME>LO_R,optic:ME_L,optic:ME_R,optic:bilateral_L,optic:bilateral_R,optic:ocellar_L,optic:ocellar_R,optic:optic_L,optic:optic_R,optic:optic_lobes_L,optic:optic_lobes_R,sensory:gustatory_L,sensory:gustatory_R,sensory:hygrosensory_L,sensory:hygrosensory_R,sensory:mechanosensory_L,sensory:mechanosensory_R,sensory:olfactory_L,sensory:olfactory_R,sensory:optic_lobes_L,sensory:sensory_L,sensory:thermosensory_L,sensory:thermosensory_R,sensory:unknown_sensory_L,sensory:unknown_sensory_R,sensory:visual_L,sensory:visual_R,sensory_ascending:AN_L,sensory_ascending:AN_R,sensory_ascending:gustatory_L,sensory_ascending:gustatory_R,sensory_ascending:unknown_sensory_L,sensory_ascending:unknown_sensory_R,type:APL_L,type:APL_R,type:CEM_L,type:CEM_R,type:DNa02_L,type:DNa02_R,type:DNp01_L,type:DNp01_R,type:DNp02_L,type:DNp02_R,type:DNp09_L,type:DNp09_R,type:DNp11_L,type:DNp11_R,type:EPG_L,type:EPG_R,type:L1_L,type:L1_R,type:L2_L,type:L2_R,type:L3_L,type:L3_R,type:L4_L,type:L4_R,type:L5_L,type:L5_R,type:LC4_L,type:LC4_R,type:LC6_L,type:LC6_R,type:LPLC1_L,type:LPLC1_R,type:LPLC2_L,type:LPLC2_R,type:MDN_L,type:MDN_R,type:MN10_L,type:MN10_R,type:MN11D_L,type:MN11D_R,type:MN11V_L,type:MN11V_R,type:MN12D_L,type:MN12D_R,type:MN13_L,type:MN13_R,type:MN1_L,type:MN1_R,type:MN2Da_L,type:MN2Da_R,type:MN2Db_L,type:MN2Db_R,type:MN2V_L,type:MN2V_R,type:MN3L_L,type:MN3L_R,type:MN3M_L,type:MN3M_R,type:MN4a_L,type:MN4a_R,type:MN4b_L,type:MN4b_R,type:MN5_L,type:MN5_R,type:MN6_L,type:MN6_R,type:MN7_L,type:MN7_R,type:MN8_L,type:MN8_R,type:MN9_L,type:MN9_R,type:MNx01_R,type:MNx02_L,type:MNx02_R,type:MNx03_L,type:MNx03_R,type:MNx04_L,type:MNx04_R,type:MNx05_L,type:MNx05_R,type:Mi1_L,type:Mi1_R,type:R1-6_L,type:R1-6_R,type:R7_L,type:R7_R,type:R8_L,type:R8_R,type:T4a_L,type:T4a_R,type:T4b_L,type:T4b_R,type:T4c_L,type:T4c_R,type:T4d_L,type:T4d_R,type:T5a_L,type:T5a_R,type:T5b_L,type:T5b_R,type:T5c_L,type:T5c_R,type:T5d_L,type:T5d_R,type:Tm1_L,type:Tm1_R,type:Tm2_L,type:Tm2_R,type:Tm3_L,type:Tm3_R,type:Tm9_L,type:Tm9_R,visual_centrifugal:ocellar_L,visual_centrifugal:ocellar_R,visual_centrifugal:visual_centrifugal_L,visual_centrifugal:visual_centrifugal_R,visual_projection:bilateral_L,visual_projection:bilateral_R,visual_projection:ocellar_L,visual_projection:ocellar_R,visual_projection:visual_projection_L,visual_projection:visual_projection_R,vnc:abdomen_motor_neuron_L,vnc:abdomen_motor_neuron_R,vnc:ascending_neuron_L,vnc:ascending_neuron_R,vnc:bristle_neuron_L,vnc:bristle_neuron_R,vnc:campaniform_sensillum_neuron_L,vnc:campaniform_sensillum_neuron_R,vnc:central_complex_output_neuron_L,vnc:central_complex_output_neuron_R,vnc:chordotonal_organ_neuron_L,vnc:chordotonal_organ_neuron_R,vnc:hair_plate_neuron_L,vnc:hair_plate_neuron_R,vnc:haltere_motor_neuron_L,vnc:haltere_motor_neuron_R,vnc:hind_leg_motor_neuron_L,vnc:leg_motor_neuron_front_leg_L,vnc:leg_motor_neuron_front_leg_R,vnc:leg_motor_neuron_hind_leg_L,vnc:leg_motor_neuron_hind_leg_R,vnc:leg_motor_neuron_middle_leg_L,vnc:leg_motor_neuron_middle_leg_R,vnc:multidendritic_neuron_L,vnc:multidendritic_neuron_R,vnc:neck_motor_neuron_L,vnc:neck_motor_neuron_R,vnc:orphan_neuron_L,vnc:orphan_neuron_R,vnc:oxygenation_neuron_L,vnc:oxygenation_neuron_R,vnc:reproductive_tract_sensory_neuron_L,vnc:reproductive_tract_sensory_neuron_R,vnc:sequential_leg_neuromeres_L,vnc:sequential_leg_neuromeres_R,vnc:single_leg_neuromere_L,vnc:single_leg_neuromere_R,vnc:strand_neuron_L,vnc:taste_bristle_gustatory_neuron_L,vnc:taste_bristle_gustatory_neuron_R,vnc:taste_bristle_neuron_L,vnc:taste_bristle_neuron_R,vnc:taste_bristle_tactile_neuron_L,vnc:taste_bristle_tactile_neuron_R,vnc:thoracic_abdominal_segmental_motor_neuron_L,vnc:thoracic_abdominal_segmental_motor_neuron_R,vnc:thoracic_abdominal_segmental_sensory_neuron_L,vnc:thoracic_abdominal_segmental_sensory_neuron_R,vnc:unknown_L,vnc:unknown_R,vnc:unknown_motor_neuron_L,vnc:unknown_motor_neuron_R,vnc:unknown_thoracic_abdominal_motor_neuron_L,vnc:unknown_thoracic_abdominal_motor_neuron_R,vnc:uterus_motor_neuron_L,vnc:uterus_motor_neuron_R,vnc:ventral_nerve_cord_centrifugal_L,vnc:ventral_nerve_cord_centrifugal_R,vnc:ventral_nerve_cord_centripetal_L,vnc:ventral_nerve_cord_centripetal_R,vnc:ventral_nerve_cord_dorsal_L,vnc:ventral_nerve_cord_dorsal_R,vnc:ventral_nerve_cord_neurosecretory_cell_L,vnc:ventral_nerve_cord_neurosecretory_cell_R,vnc:ventral_nerve_cord_serially_convergent_L,vnc:ventral_nerve_cord_serially_convergent_R,vnc:wing_motor_neuron_L,vnc:wing_motor_neuron_R,vnc_type:DLM1-4_L,vnc_type:DLM1-4_R,vnc_type:DLM5_L,vnc_type:DLM5_R,vnc_type:PSI_L,vnc_type:PSI_R,vnc_type:TTMn_L,vnc_type:TTMn_R,vnc_type:tergotrochanter_L,vnc_type:tergotrochanter_R
112.5,-2.000,7.000,0.000,0.000,0.000,0,0,0.800,0,0.029,0.037,0.018,0.000,0.077,5.49,0.83,0.86,12.82,6.41,38.82,44.06,10.99,21.98,16.69,21.02,0.49,0.76,4.63,3.26,3.52,4.29,21.98,18.32,17.80,15.74,76.92,76.92,3.21,12.82,0.00,0.00,1.03,3.08,1.52,1.88,2.02,3.94,1.31,0.72,0.00,0.00,0.00,0.00,0.00,3.66,0.00,0.00,0.00,0.00,0.00,0.00,0.00,0.00,0.00,0.00,0.00,0.00,0.00,0.00,0.00,0.00,0.00,0.00,0.00,0.00,0.00,0.00,0.00,0.00,0.00,0.00,0.00,0.00,0.00,0.00,0.00,0.00,0.00,0.00,0.00,0.00,0.00,0.00,0.00,0.00,0.00,0.00,0.00,0.00,0.00,0.00,0.00,0.00,0.00,0.00,0.00,0.00,0.00,0.00,0.00,0.00,13.81,10.99,3.78,4.47,11.34,12.63,0.00,0.00,0.00,0.00,3.91,0.00,0.00,0.00,1.59,0.25,0.00,0.00,0.00,0.00,0.00,76.92,0.00,0.00,0.00,0.00,0.00,0.00,0.00,0.00,0.00,0.00,0.00,0.00,3.21,0.00,0.00,0.00,0.00,0.00,0.00,0.00,0.00,0.00,0.00,0.00,0.00,0.00,0.00,0.00,0.00,0.00,0.00,0.00,0.00,0.00,0.00,0.00,0.00,0.00,0.00,0.00,0.00,0.00,76.92,76.92,0.00,0.00,0.00,0.00,0.00,0.00,0.00,0.00,0.00,0.00,0.00,0.00,0.00,0.00,0.00,0.00,0.00,0.00,0.00,0.00,0.00,0.00,0.00,0.00,0.00,0.00,0.00,0.00,0.00,25.64,0.00,0.00,0.00,0.00,0.00,0.00,0.00,0.00,0.00,0.00,0.00,0.00,0.00,0.00,0.00,0.00,0.00,0.00,0.00,0.00,0.00,0.00,0.00,0.00,0.00,0.00,0.00,0.00,0.00,0.00,0.00,0.00,0.00,0.00,0.00,0.00,0.00,0.00,0.00,0.00,0.00,0.00,0.00,0.00,0.00,0.00,0.00,3.08,2.38,1.27,1.75,1.95,2.01,2.20,2.45,0.00,0.00,2.93,1.75,2.09,3.58,0.00,0.00,0.00,0.00,0.00,0.00,0.00,0.00,0.00,0.00,0.00,0.00,0.00,0.79,1.36,0.00,0.00,12.82,0.00,0.00,0.00,0.83,0.90,0.00,0.98,0.58,0.00,0.00,2.26,1.71,0.00,0.00,0.00,0.00,1.23,1.31,0.00,0.00,0.00,0.00,0.00,0.00,0.00,0.00,0.00,2.98,2.71,3.21,3.78,0.90,0.00,0.67,5.92,11.83,0.00,0.00,0.00,0.00,0.00,0.00,0.00,0.00,0.00,0.00
215.0,-2.000,7.000,0.000,0.000,0.000,0,0,0.801,0,0.000,0.000,0.000,0.000,0.305,0.00,1.30,1.42,0.00,5.05,35.91,37.27,8.66,8.66,12.44,12.86,0.43,0.69,1.83,3.67,1.62,0.98,11.54,8.66,11.17,12.87,60.61,0.00,2.53,8.84,0.00,0.00,0.00,1.62,1.41,1.33,1.59,3.11,1.79,1.52,0.00,0.00,0.00,0.00,0.00,0.00,0.00,0.00,0.00,0.00,0.00,0.00,0.00,0.00,0.00,0.00,0.00,0.00,0.00,0.00,0.00,0.00,0.00,0.00,0.00,0.00,0.00,0.00,0.00,0.00,0.00,0.00,0.00,0.00,0.00,0.00,0.00,0.00,0.00,0.00,0.00,0.00,0.00,0.00,0.00,0.00,0.00,0.00,0.00,0.00,0.00,0.00,0.00,0.00,0.00,0.00,0.00,0.00,0.00,0.00,0.00,0.73,10.88,10.39,3.65,2.91,11.37,11.50,0.00,0.00,0.00,0.00,0.00,1.03,0.00,0.00,0.63,1.20,1.64,1.64,0.00,0.00,60.61,0.00,0.00,0.00,0.00,0.00,0.00,0.00,0.00,0.00,0.00,0.00,0.00,0.00,2.53,0.00,0.00,0.00,0.00,0.00,0.00,0.00,0.00,0.00,0.00,0.00,0.00,0.00,0.00,0.00,0.00,0.00,0.00,0.00,0.00,0.00,0.00,0.00,0.00,0.00,0.00,0.00,0.00,0.00,0.00,0.00,0.00,0.00,0.00,0.00,0.00,0.00,0.00,0.00,0.00,0.00,0.00,0.00,0.00,0.00,0.00,0.00,0.00,0.00,0.00,0.00,0.00,0.00,0.00,0.00,0.00,0.00,0.00,0.00,0.00,0.00,0.00,0.00,0.00,0.00,0.00,0.00,0.00,0.00,0.00,0.00,0.00,0.00,0.00,0.00,0.00,0.00,0.00,0.00,0.00,0.00,0.00,0.00,0.00,0.00,0.00,0.00,0.00,0.00,0.00,0.00,0.00,0.00,0.00,0.00,0.00,0.00,0.00,0.00,0.00,0.00,0.00,0.00,0.00,0.00,0.00,0.00,0.00,0.00,3.75,1.61,1.73,1.57,1.69,4.21,2.75,0.00,0.00,1.41,3.03,2.47,2.82,0.00,4.66,0.00,0.93,3.67,6.06,1.01,1.01,7.07,0.00,0.85,4.66,0.00,0.00,1.07,0.00,8.66,0.00,0.00,2.89,0.99,1.70,1.61,0.00,0.51,0.80,0.00,0.00,2.67,1.35,0.00,0.00,0.00,0.00,1.59,1.13,0.00,0.00,0.00,0.00,0.00,0.00,4.49,11.66,1.84,0.94,4.99,1.89,2.98,2.14,1.04,0.00,11.66,18.65,0.00,0.00,0.00,0.00,0.00,0.00,0.00,0.00,0.00,0.00
331.0,-2.000,7.000,0.000,0.000,0.000,0,0,0.801,0,0.038,0.047,0.024,0.000,0.044,0.00,0.91,0.66,0.00,4.90,28.87,34.24,0.00,16.81,9.66,10.09,0.58,0.50,2.83,3.57,3.10,2.02,22.41,11.20,14.99,12.72,58.82,58.82,9.80,15.93,0.00,0.00,0.78,0.78,1.48,1.36,1.55,0.00,1.00,1.57,0.00,0.00,0.00,0.00,0.00,0.00,0.00,0.00,0.00,0.00,0.00,0.00,0.00,0.00,0.00,0.00,0.00,0.00,0.00,0.00,0.00,0.00,0.00,0.00,0.00,0.00,0.00,0.00,0.00,0.00,0.00,0.00,0.00,0.00,0.00,0.00,0.00,0.00,0.00,0.00,0.00,0.00,0.00,0.00,0.00,0.00,0.00,0.00,0.00,0.00,0.00,0.00,0.00,0.00,0.00,0.00,0.00,0.00,0.00,0.00,0.70,0.00,6.03,8.40,3.63,3.69,10.06,10.75,0.00,29.41,4.52,3.68,0.00,1.00,0.00,0.00,0.30,0.78,1.59,0.00,0.00,0.00,0.00,0.00,0.00,0.00,0.00,58.82,0.00,0.00,0.00,0.00,0.00,0.00,0.00,0.00,0.00,0.00,0.00,0.00,0.00,0.00,0.00,0.00,0.00,0.00,0.00,0.00,0.00,0.00,0.00,0.00,0.00,0.00,0.00,0.00,0.00,0.00,0.00,0.00,0.00,0.00,0.00,0.00,0.00,0.00,0.00,0.00,0.00,0.00,0.00,0.00,0.00,0.00,0.00,0.00,0.00,0.00,0.00,0.00,0.00,0.00,0.00,0.00,0.00,0.00,0.00,0.00,0.00,0.00,0.00,0.00,0.00,0.00,0.00,0.00,0.00,0.00,0.00,0.00,0.00,0.00,0.00,0.00,0.00,0.00,0.00,0.00,0.00,0.00,0.00,0.00,0.00,0.00,0.00,0.00,0.00,0.00,0.00,0.00,0.00,0.00,0.00,0.00,0.00,0.00,0.00,0.00,0.00,0.00,0.00,0.00,0.00,0.00,0.00,0.00,0.00,0.00,0.00,0.00,0.00,0.00,0.00,0.00,0.00,0.00,1.21,0.97,1.01,1.58,2.45,0.72,1.87,0.00,0.00,1.87,2.14,2.00,2.05,0.00,4.52,0.00,0.00,0.00,0.98,2.94,1.96,1.96,0.00,1.24,0.00,5.88,1.21,0.52,8.40,0.00,0.00,0.00,1.87,0.96,1.57,1.41,29.41,1.37,0.55,0.00,0.00,1.73,3.92,0.00,0.00,0.00,0.00,1.07,1.12,0.00,0.00,0.00,0.00,0.00,0.00,0.00,4.52,0.89,1.82,1.38,3.06,0.00,2.08,1.01,0.52,4.52,6.79,0.00,0.00,0.00,0.00,0.00,0.00,0.00,0.00,0.00,0.00
431.0,-2.000,7.000,0.000,0.000,0.000,0,0,0.802,0,0.033,0.039,0.025,0.092,0.131,0.00,1.05,0.85,9.80,4.90,26.69,26.79,0.00,8.40,10.01,9.23,0.54,0.42,2.83,2.14,0.96,0.82,8.40,11.20,4.84,7.04,0.00,0.00,0.00,1.23,0.00,0.00,0.00,3.14,1.07,1.05,0.00,0.00,2.01,1.20,0.00,0.00,0.00,0.00,2.80,5.60,0.00,0.00,0.00,0.00,0.00,0.00,0.00,0.00,0.00,0.00,0.00,0.00,0.00,0.00,0.00,0.00,0.00,0.00,0.00,0.00,0.00,0.00,0.00,0.00,0.00,0.00,0.00,0.00,0.00,0.00,0.00,0.00,0.00,0.00,0.00,0.00,0.00,0.00,0.00,0.00,0.00,0.00,0.00,0.00,0.00,0.00,0.00,0.00,0.00,0.00,0.00,0.00,0.00,0.00,0.00,0.35,7.54,3.36,3.45,3.46,8.62,10.28,0.00,0.00,0.00,0.00,1.00,1.00,0.00,0.00,1.83,1.17,0.00,0.00,0.00,0.00,0.00,0.00,0.00,0.00,58.82,0.00,0.00,0.00,0.00,0.00,0.00,0.00,0.00,0.00,0.00,0.00,0.00,0.00,0.00,0.00,0.00,0.00,0.00,0.00,0.00,0.00,0.00,0.00,0.00,0.00,0.00,0.00,0.00,0.00,0.00,0.00,0.00,0.00,0.00,0.00,0.00,0.00,0.00,0.00,0.00,0.00,0.00,0.00,0.00,0.00,0.00,0.00,0.00,0.00,0.00,0.00,0.00,0.00,0.00,0.00,0.00,0.00,0.00,0.00,0.00,0.00,0.00,0.00,0.00,0.00,0.00,0.00,0.00,0.00,0.00,0.00,0.00,0.00,0.00,0.00,0.00,0.00,0.00,0.00,0.00,0.00,0.00,0.00,0.00,0.00,0.00,0.00,0.00,0.00,0.00,0.00,0.00,0.00,0.00,0.00,0.00,0.00,0.00,0.00,0.00,0.00,0.00,0.00,0.00,0.00,0.00,0.00,0.00,0.00,0.00,0.00,0.00,0.00,0.00,0.00,0.00,0.00,0.00,0.78,0.00,1.36,1.01,1.69,1.48,2.88,2.41,0.00,0.00,1.49,1.87,1.60,1.37,14.71,0.00,0.00,0.90,1.78,1.96,2.94,0.00,0.00,0.70,1.24,4.52,0.00,1.21,1.04,0.00,0.00,0.00,0.00,5.60,0.00,1.16,1.06,0.00,0.25,1.00,0.00,0.00,0.00,0.00,0.00,0.00,0.00,0.00,1.02,0.88,0.00,0.00,0.00,0.00,58.82,58.82,0.00,0.00,0.45,0.46,2.08,0.00,0.00,0.69,2.54,0.00,4.52,0.00,0.00,0.00,0.00,0.00,0.00,0.00,0.00,0.00,0.00,0.00
531.0,-2.000,7.000,0.000,0.000,0.000,0,0,0.802,0,0.006,0.007,0.005,0.100,0.258,0.00,1.90,1.70,4.90,4.90,27.23,27.89,8.40,0.00,11.56,7.69,0.62,0.87,2.13,2.50,2.55,2.08,14.01,14.01,10.61,10.90,58.82,58.82,2.45,9.80,0.00,0.00,0.00,1.57,1.13,1.28,1.55,4.52,2.10,1.66,0.00,0.00,0.00,0.00,0.00,0.00,0.00,0.00,0.00,6.19,0.00,0.00,58.82,0.00,0.00,0.00,0.00,0.00,0.00,0.00,0.00,0.00,0.00,0.00,0.00,0.00,0.00,0.00,0.00,0.00,0.00,0.00,0.00,0.00,0.00,0.00,0.00,0.00,0.00,0.00,0.00,0.00,0.00,0.00,0.00,0.00,0.00,0.00,0.00,0.00,0.00,0.00,0.00,0.00,0.00,0.00,0.00,0.00,0.00,0.00,1.39,0.00,6.03,1.68,2.76,4.05,10.37,9.76,0.00,0.00,0.00,0.00,0.00,1.00,0.00,0.00,0.61,0.39,0.00,0.00,0.00,0.00,0.00,0.00,0.00,0.00,0.00,0.00,0.00,0.00,0.00,0.00,0.00,0.00,0.00,0.00,0.00,0.00,0.00,0.00,0.00,0.00,0.00,0.00,0.00,0.00,0.00,0.00,0.00,0.00,0.00,0.00,0.00,0.00,0.00,0.00,0.00,0.00,0.00,0.00,0.00,0.00,0.00,0.00,0.00,0.00,0.00,0.00,0.00,0.00,0.00,0.00,0.00,0.00,0.00,0.00,0.00,0.00,0.00,0.00,0.00,0.00,58.82,0.00,0.00,0.00,0.00,0.00,0.00,0.00,0.00,0.00,0.00,0.00,0.00,0.00,0.00,0.00,0.00,0.00,0.00,0.00,0.00,0.00,0.00,0.00,0.00,0.00,0.00,0.00,0.00,0.00,0.00,0.00,0.00,0.00,0.00,0.00,0.00,0.00,0.00,0.00,0.00,0.00,0.00,0.00,0.00,0.00,0.00,0.00,0.00,0.00,0.00,0.00,0.00,0.00,0.00,0.00,0.00,0.00,0.00,0.00,0.00,0.00,0.00,0.78,0.00,2.53,1.84,1.47,1.72,1.92,2.14,0.00,0.00,1.87,2.01,3.60,0.34,0.00,4.52,0.00,7.24,4.46,14.71,2.94,11.76,3.92,0.00,0.83,18.10,11.76,0.61,1.04,0.00,0.00,0.00,0.00,4.67,4.82,4.19,2.93,0.00,0.50,0.78,0.00,0.00,2.60,0.00,0.00,0.00,0.00,0.00,1.21,1.21,0.00,0.00,0.00,0.00,0.00,0.00,0.00,4.52,1.34,1.82,2.08,3.68,0.96,4.15,0.00,2.06,6.79,4.52,0.00,0.00,0.00,0.00,0.00,0.00,0.00,0.00,0.00,0.00
631.0,-2.000,7.000,0.000,0.000,0.000,0,0,0.802,0,0.000,0.000,0.000,0.019,0.097,0.00,0.91,0.85,0.00,0.00,26.69,27.62,8.40,0.00,7.07,9.58,0.75,0.67,2.13,3.92,2.23,1.99,14.01,8.40,7.84,11.58,58.82,58.82,11.03,13.48,0.00,0.00,1.57,0.78,1.25,1.31,1.55,0.00,1.28,1.57,0.00,0.00,19.61,0.00,2.80,0.00,0.00,0.00,0.00,6.19,0.00,0.00,0.00,0.00,0.00,0.00,0.00,0.00,0.00,0.00,0.00,0.00,0.00,0.00,0.00,0.00,0.00,0.00,0.00,0.00,0.00,0.00,0.00,0.00,0.00,0.00,0.00,0.00,0.00,0.00,0.00,0.00,0.00,0.00,0.00,0.00,0.00,0.00,0.00,0.00,0.00,0.00,0.00,0.00,0.00,0.00,0.00,0.00,0.00,0.00,1.39,0.70,10.56,1.68,3.28,3.92,11.75,9.09,0.00,0.00,0.00,0.00,1.99,2.99,0.00,0.00,0.91,0.39,0.00,0.00,0.00,0.00,0.00,0.00,0.00,0.00,0.00,0.00,0.00,0.00,0.00,0.00,0.00,0.00,0.00,0.00,0.00,0.00,0.00,0.00,0.00,0.00,0.00,0.00,0.00,0.00,0.00,0.00,0.00,0.00,0.00,0.00,0.00,0.00,0.00,0.00,0.00,0.00,0.00,0.00,0.00,0.00,0.00,0.00,0.00,0.00,0.00,0.00,0.00,0.00,0.00,0.00,0.00,0.00,0.00,0.00,0.00,0.00,0.00,0.00,0.00,0.00,0.00,0.00,0.00,0.00,0.00,0.00,0.00,0.00,0.00,0.00,0.00,0.00,0.00,0.00,0.00,0.00,0.00,0.00,0.00,0.00,0.00,0.00,0.00,0.00,0.00,0.00,0.00,0.00,0.00,0.00,0.00,0.00,0.00,0.00,0.00,0.00,0.00,0.00,0.00,0.00,0.00,0.00,0.00,0.00,0.00,0.00,0.00,0.00,0.00,0.00,0.00,0.00,0.00,0.00,0.00,0.00,0.00,0.00,0.00,0.00,0.00,0.00,0.00,1.57,0.61,1.56,1.17,1.44,1.46,2.40,0.53,0.00,0.00,1.24,1.20,1.20,2.74,0.00,4.52,0.00,0.00,2.67,0.00,0.98,0.00,1.96,0.00,0.83,9.05,0.00,0.00,1.04,0.00,0.00,0.00,0.00,1.87,0.00,0.86,1.37,0.00,0.75,0.67,0.00,0.00,1.73,1.31,0.00,0.00,0.00,0.00,0.85,1.23,0.00,0.00,0.00,0.00,0.00,0.00,2.18,0.00,1.34,0.46,0.00,1.23,1.93,0.69,1.01,2.06,13.57,6.79,0.00,0.00,0.00,0.00,0.00,0.00,0.00,0.00,0.00,0.00
731.0,-2.000,7.000,0.000,0.000,0.000,0,0,0.803,0,0.237,0.222,0.259,0.074,0.018,0.00,0.77,0.59,4.90,0.00,29.41,24.03,16.81,0.00,11.90,9.75,0.58,0.83,2.83,2.14,2.01,1.11,11.20,16.81,7.61,6.13,0.00,0.00,8.58,3.68,0.00,0.00,1.57,0.00,1.09,1.05,0.00,0.00,1.19,0.74,0.00,0.00,0.00,0.00,0.00,0.00,0.00,3.92,0.00,0.00,0.00,0.00,0.00,0.00,0.00,0.00,0.00,0.00,0.00,0.00,0.00,0.00,0.00,0.00,0.00,0.00,0.00,0.00,0.00,0.00,0.00,0.00,0.00,0.00,0.00,0.00,0.00,0.00,0.00,0.00,0.00,0.00,0.00,0.00,0.00,0.00,0.00,0.00,0.00,0.00,0.00,0.00,0.00,0.00,0.00,0.00,0.00,0.00,0.00,0.00,0.35,0.35,10.56,6.72,2.93,3.10,10.37,10.49,0.00,0.00,0.00,3.68,0.00,0.00,0.00,0.00,0.00,0.58,0.00,0.00,0.00,0.00,0.00,0.00,0.00,0.00,0.00,0.00,0.00,0.00,0.00,0.00,0.00,0.00,0.00,58.82,2.45,0.00,0.00,0.00,0.00,0.00,0.00,0.00,0.00,0.00,0.00,0.00,0.00,0.00,0.00,0.00,0.00,0.00,0.00,0.00,0.00,0.00,0.00,0.00,0.00,0.00,0.00,0.00,0.00,0.00,0.00,0.00,0.00,0.00,0.00,58.82,0.00,0.00,0.00,0.00,0.00,0.00,0.00,0.00,0.00,29.41,0.00,0.00,0.00,0.00,0.00,58.82,0.00,0.00,0.00,0.00,0.00,58.82,0.00,0.00,0.00,0.00,0.00,0.00,0.00,0.00,0.00,0.00,0.00,0.00,0.00,0.00,0.00,0.00,0.00,0.00,0.00,0.00,0.00,0.00,0.00,0.00,0.00,0.00,0.00,0.00,0.00,0.00,0.00,0.00,0.00,0.00,0.00,0.00,0.00,0.00,0.00,0.00,0.00,0.00,0.00,0.00,0.00,0.00,0.00,0.00,0.00,0.00,0.00,0.78,0.00,1.17,0.34,1.38,1.14,1.44,1.34,0.00,0.00,1.87,1.74,1.20,2.74,0.00,0.00,0.00,0.00,0.89,3.92,0.98,1.96,0.98,0.00,0.41,0.00,0.00,0.61,1.04,0.00,0.00,0.00,2.10,0.00,0.00,0.90,0.87,0.00,0.62,1.11,0.00,0.00,0.87,1.31,0.00,0.00,0.00,11.76,0.88,0.65,0.00,0.00,0.00,0.00,0.00,0.00,0.00,0.00,0.00,0.00,1.38,1.23,2.89,1.38,1.01,1.03,9.05,4.52,0.00,0.00,0.00,0.00,0.00,0.00,0.00,0.00,0.00,0.00
831.0,-2.000,7.000,0.000,0.000,0.000,0,0,0.803,0,0.045,0.042,0.049,0.106,0.003,0.00,1.40,0.98,9.80,9.80,27.78,29.27,8.40,8.40,10.01,10.26,0.46,0.25,3.19,2.50,2.83,1.43,14.01,5.60,11.76,7.04,58.82,0.00,6.13,12.25,0.00,0.00,1.57,0.00,1.27,1.10,1.55,0.00,0.73,1.11,0.00,0.00,0.00,0.00,2.80,0.00,0.00,0.00,0.00,3.10,0.00,0.00,0.00,0.00,0.00,0.00,0.00,0.00,0.00,0.00,0.00,0.00,0.00,0.00,0.00,0.00,0.00,0.00,0.00,0.00,0.00,0.00,0.00,0.00,0.00,0.00,0.00,0.00,0.00,0.00,0.00,0.00,0.00,0.00,0.00,0.00,0.00,0.00,0.00,0.00,0.00,0.00,0.00,0.00,0.00,0.00,0.00,0.00,0.00,0.00,0.00,0.00,9.05,3.36,3.06,3.32,10.78,9.71,0.00,0.00,0.00,0.00,0.00,0.00,0.00,0.00,0.00,0.97,0.00,1.59,0.00,0.00,0.00,0.00,0.00,0.00,0.00,0.00,0.00,0.00,0.00,0.00,0.00,0.00,0.00,0.00,0.00,0.00,0.00,0.00,0.00,0.00,0.00,0.00,0.00,0.00,0.00,0.00,0.00,0.00,0.00,0.00,0.00,0.00,0.00,0.00,0.00,0.00,0.00,0.00,0.00,0.00,0.00,0.00,0.00,0.00,0.00,0.00,0.00,0.00,0.00,0.00,0.00,0.00,0.00,0.00,0.00,0.00,0.00,0.00,0.00,0.00,0.00,0.00,0.00,0.00,0.00,0.00,0.00,0.00,0.00,0.00,0.00,0.00,0.00,0.00,0.00,0.00,0.00,0.00,0.00,0.00,0.00,0.00,0.00,0.00,0.00,0.00,0.00,0.00,0.00,0.00,0.00,0.00,0.00,0.00,0.00,0.00,0.00,0.00,0.00,0.00,0.00,0.00,0.00,0.00,0.00,0.00,0.00,0.00,0.00,0.00,0.00,0.00,0.00,0.00,0.00,0.00,0.00,0.00,0.00,0.00,0.00,0.00,0.00,0.78,0.61,1.36,2.35,1.91,1.85,1.44,0.80,0.00,0.00,1.49,1.47,0.80,2.74,4.90,0.00,0.00,0.00,0.00,10.78,0.98,0.00,0.98,0.70,0.83,4.52,5.88,1.21,0.52,0.00,8.40,0.00,0.00,0.00,1.93,1.09,1.33,0.00,0.87,0.44,0.00,0.00,2.60,0.00,0.00,0.00,0.00,0.00,0.96,1.01,0.00,0.00,0.00,0.00,0.00,0.00,0.00,2.26,0.45,0.91,0.69,3.68,0.00,1.38,2.54,2.06,2.26,11.31,0.00,0.00,0.00,0.00,0.00,0.00,0.00,0.00,0.00,0.00
931.0,-2.000,7.000,0.000,0.000,0.000,0,0,0.804,0,0.008,0.008,0.009,0.020,0.124,4.20,0.35,0.79,0.00,0.00,28.87,21.26,0.00,0.00,8.80,6.67,0.67,0.42,2.48,2.14,2.46,0.72,14.01,5.60,8.07,7.72,58.82,0.00,13.48,6.13,0.00,0.00,0.00,0.78,1.06,0.91,0.00,0.00,0.82,1.48,0.00,0.00,0.00,0.00,0.00,0.00,0.00,0.00,0.00,3.10,0.00,0.00,0.00,0.00,0.00,0.00,0.00,0.00,0.00,0.00,0.00,0.00,0.00,0.00,0.00,0.00,0.00,0.00,0.00,0.00,0.00,0.00,0.00,0.00,0.00,0.00,0.00,0.00,0.00,0.00,0.00,0.00,0.00,0.00,0.00,0.00,0.00,0.00,0.00,0.00,0.00,0.00,0.00,0.00,0.00,0.00,0.00,0.00,0.00,0.00,1.04,0.35,6.03,0.00,2.85,3.37,8.98,10.28,0.00,0.00,0.00,0.00,1.00,0.00,0.00,0.00,0.61,0.58,1.59,0.00,0.00,7.35,0.00,0.00,0.00,0.00,0.00,0.00,0.00,0.00,0.00,0.00,0.00,0.00,0.00,0.00,0.00,2.56,0.00,0.00,0.00,0.00,0.00,0.00,0.00,0.00,0.00,0.00,0.00,0.00,0.00,0.00,0.00,0.00,0.00,0.00,0.00,0.00,0.00,29.41,0.00,0.00,0.00,0.00,0.00,0.00,58.82,0.00,0.00,0.00,0.00,0.00,0.00,0.00,0.00,0.00,0.00,0.00,0.00,0.00,0.00,0.00,0.00,0.00,0.00,58.82,0.00,0.00,0.00,0.00,0.00,0.00,0.00,0.00,0.00,0.00,0.00,0.00,0.00,0.00,0.00,0.00,0.00,0.00,0.00,0.00,0.00,0.00,0.00,0.00,0.00,0.00,0.00,0.00,0.00,0.00,0.00,0.00,0.00,0.00,0.00,0.00,0.00,0.00,0.00,0.00,0.00,0.00,0.00,0.00,0.00,0.00,0.00,0.00,0.00,0.00,0.00,0.00,0.00,0.00,0.00,0.00,0.00,0.00,0.00,1.57,1.82,0.78,0.17,1.49,1.53,1.44,1.07,0.00,0.00,2.49,1.87,2.80,2.74,0.00,0.00,0.00,0.00,0.00,0.00,0.98,0.98,4.90,0.00,0.41,9.05,0.00,0.00,0.00,0.00,0.00,0.00,0.00,1.87,0.00,0.75,1.29,0.00,0.50,0.22,0.00,0.00,1.73,2.61,0.00,0.00,0.00,0.00,0.71,0.68,0.00,0.00,0.00,0.00,0.00,0.00,0.00,0.00,0.45,0.46,4.15,3.06,0.00,0.69,1.01,0.52,4.52,6.79,0.00,0.00,0.00,0.00,0.00,0.00,0.00,0.00,0.00,0.00
1031.0,-2.000,7.000,0.000,0.000,0.000,0,0,0.804,0,0.014,0.000,0.035,0.004,0.221,0.00,0.98,1.51,0.00,0.00,30.23,25.13,8.40,0.00,11.21,8.21,0.67,0.46,2.13,3.21,3.12,1.16,16.81,8.40,14.99,6.13,58.82,58.82,7.35,4.90,0.00,0.00,0.78,0.00,1.24,1.00,3.10,0.00,1.37,1.11,0.00,0.00,0.00,0.00,0.00,2.80,0.00,0.00,2.94,0.00,0.00,0.00,0.00,0.00,0.00,0.00,0.00,0.00,0.00,0.00,0.00,0.00,0.00,0.00,0.00,0.00,0.00,0.00,0.00,0.00,0.00,0.00,0.00,0.00,0.00,0.00,0.00,0.00,0.00,0.00,0.00,0.00,0.00,0.00,0.00,0.00,0.00,0.00,0.00,0.00,0.00,0.00,0.00,0.00,0.00,0.00,0.00,0.00,0.00,0.00,0.70,0.00,10.56,8.40,3.24,2.64,10.01,9.86,0.00,0.00,0.00,0.00,1.99,0.00,0.00,0.00,1.52,0.78,0.00,0.00,0.00,0.00,0.00,0.00,0.00,0.00,0.00,0.00,0.00,0.00,0.00,0.00,0.00,0.00,0.00,0.00,0.00,2.56,0.00,0.00,0.00,0.00,0.00,0.00,0.00,0.00,0.00,0.00,0.00,0.00,0.00,0.00,0.00,0.00,0.00,0.00,0.00,0.00,0.00,0.00,0.00,0.00,0.00,0.00,0.00,0.00,0.00,0.00,0.00,0.00,0.00,0.00,0.00,0.00,0.00,0.00,0.00,0.00,0.00,0.00,0.00,29.41,0.00,0.00,0.00,0.00,0.00,0.00,0.00,0.00,0.00,0.00,0.00,0.00,0.00,0.00,0.00,0.00,0.00,0.00,0.00,0.00,0.00,0.00,0.00,0.00,0.00,0.00,0.00,0.00,0.00,0.00,0.00,0.00,0.00,0.00,0.00,0.00,0.00,0.00,0.00,0.00,0.00,0.00,0.00,0.00,0.00,0.00,0.00,0.00,0.00,0.00,0.00,0.00,0.00,0.00,0.00,0.00,0.00,0.00,0.00,0.00,0.00,0.00,0.00,1.57,1.82,1.17,0.84,1.47,1.25,1.20,1.60,0.00,9.80,1.24,1.47,1.60,1.37,4.90,0.00,0.00,0.00,0.00,1.96,4.90,0.00,1.96,2.10,0.41,0.00,0.00,0.00,0.00,8.40,0.00,0.00,0.00,0.93,0.00,1.61,1.33,0.00,0.87,0.67,0.00,0.00,0.87,0.00,0.00,0.00,0.00,0.00,1.28,1.05,0.00,0.00,0.00,0.00,58.82,58.82,0.00,0.00,0.89,0.00,1.38,3.06,0.00,1.38,1.01,3.10,4.52,6.79,0.00,0.00,0.00,0.00,0.00,0.00,0.00,0.00,0.00,0.00
1131.0,-2.000,7.000,0.000,0.000,0.000,0,0,0.804,0,0.027,0.000,0.067,0.001,0.495,0.00,0.84,0.59,4.90,0.00,27.78,28.45,16.81,8.40,6.90,13.34,0.54,0.58,2.13,3.92,2.74,1.83,8.40,11.20,13.38,5.91,58.82,0.00,8.58,17.16,0.00,0.00,0.00,1.57,1.59,1.43,0.00,1.51,1.19,0.74,0.00,0.00,0.00,0.00,0.00,5.60,0.00,0.00,0.00,3.10,0.00,0.00,0.00,0.00,0.00,0.00,0.00,0.00,0.00,0.00,0.00,0.00,0.00,0.00,0.00,0.00,0.00,0.00,0.00,0.00,0.00,0.00,0.00,0.00,0.00,0.00,0.00,0.00,0.00,0.00,0.00,0.00,0.00,0.00,0.00,0.00,0.00,0.00,0.00,0.00,0.00,0.00,0.00,0.00,0.00,0.00,0.00,0.00,0.00,0.00,0.35,0.35,4.52,3.36,2.20,2.91,9.55,10.70,0.00,0.00,9.05,0.00,1.00,1.99,0.00,0.00,0.30,0.58,0.00,0.00,0.00,0.00,0.00,0.00,0.00,0.00,58.82,0.00,0.00,0.00,0.00,0.00,0.00,0.00,0.00,0.00,0.00,0.00,0.00,0.00,0.00,0.00,0.00,0.00,0.00,0.00,0.00,0.00,0.00,0.00,0.00,0.00,0.00,0.00,0.00,0.00,0.00,0.00,58.82,0.00,58.82,58.82,58.82,0.00,58.82,88.24,0.00,0.00,0.00,0.00,0.00,0.00,58.82,0.00,0.00,0.00,0.00,0.00,0.00,0.00,0.00,0.00,0.00,0.00,0.00,0.00,0.00,58.82,0.00,0.00,0.00,0.00,0.00,0.00,0.00,58.82,58.82,0.00,0.00,0.00,0.00,0.00,0.00,0.00,0.00,0.00,0.00,0.00,0.00,0.00,0.00,0.00,0.00,0.00,0.00,0.00,0.00,0.00,0.00,0.00,0.00,0.00,0.00,0.00,0.00,0.00,0.00,0.00,0.00,0.00,0.00,0.00,0.00,0.00,0.00,0.00,0.00,0.00,0.00,0.00,0.00,0.00,0.00,0.00,0.00,0.00,0.00,0.39,0.84,1.52,1.17,1.44,1.34,0.00,19.61,2.49,1.74,0.80,2.05,0.00,0.00,0.00,3.62,5.35,2.94,6.86,0.98,6.86,1.40,0.83,9.05,17.65,0.61,1.56,0.00,0.00,0.00,0.00,3.73,0.96,0.82,1.14,0.00,0.62,1.11,0.00,0.00,3.46,0.00,0.00,0.00,0.00,0.00,0.89,0.59,0.00,0.00,0.00,0.00,0.00,0.00,0.00,0.00,0.00,0.91,0.00,0.61,0.96,0.00,0.51,1.03,0.00,4.52,0.00,0.00,0.00,0.00,0.00,0.00,0.00,0.00,0.00,0.00
1231.0,-2.000,7.000,0.000,0.000,0.000,0,0,0.805,0,0.011,0.000,0.028,0.213,0.284,0.00,1.12,0.92,4.90,0.00,25.87,24.03,8.40,0.00,8.97,12.31,0.54,0.58,2.13,1.43,1.60,1.45,14.01,8.40,6.92,7.72,0.00,0.00,3.68,0.00,0.00,0.00,0.78,0.78,0.85,0.92,0.00,1.51,1.19,0.74,0.00,0.00,0.00,0.00,5.60,0.00,0.00,0.00,0.00,0.00,0.00,0.00,0.00,0.00,0.00,0.00,0.00,0.00,0.00,0.00,0.00,0.00,0.00,0.00,0.00,0.00,0.00,0.00,0.00,0.00,0.00,0.00,0.00,0.00,0.00,0.00,0.00,0.00,0.00,0.00,0.00,0.00,0.00,0.00,0.00,0.00,0.00,0.00,0.00,0.00,0.00,0.00,0.00,0.00,0.00,0.00,0.00,0.00,0.00,0.00,0.00,1.76,6.03,5.04,3.06,3.64,9.34,9.92,0.00,0.00,0.00,0.00,1.00,0.00,0.00,0.00,0.61,0.58,1.59,1.59,0.00,0.00,0.00,0.00,0.00,0.00,0.00,0.00,0.00,0.00,0.00,0.00,0.00,0.00,0.00,0.00,0.00,0.00,0.00,0.00,0.00,0.00,0.00,0.00,0.00,0.00,0.00,0.00,0.00,0.00,0.00,0.00,0.00,0.00,0.00,0.00,0.00,0.00,0.00,0.00,58.82,0.00,0.00,0.00,0.00,0.00,0.00,0.00,0.00,0.00,58.82,58.82,0.00,0.00,0.00,0.00,0.00,0.00,0.00,0.00,0.00,0.00,0.00,0.00,0.00,0.00,0.00,0.00,0.00,0.00,0.00,58.82,0.00,0.00,0.00,0.00,0.00,0.00,0.00,0.00,0.00,0.00,0.00,0.00,0.00,0.00,0.00,0.00,0.00,0.00,0.00,0.00,0.00,0.00,0.00,0.00,0.00,0.00,0.00,0.00,0.00,0.00,0.00,0.00,0.00,0.00,0.00,0.00,0.00,0.00,0.00,0.00,0.00,0.00,0.00,0.00,0.00,0.00,0.00,0.00,0.00,0.00,0.00,0.00,0.00,0.78,0.61,2.14,2.01,1.58,1.30,0.72,1.07,0.00,0.00,1.99,2.14,2.80,1.03,0.00,0.00,0.00,2.71,4.46,1.96,4.90,0.98,3.92,0.70,0.41,13.57,11.76,1.21,0.00,8.40,0.00,0.00,0.00,2.80,3.86,0.86,0.84,0.00,0.62,0.78,0.00,0.00,0.87,2.61,0.00,0.00,0.00,5.88,0.91,0.85,0.00,0.00,0.00,0.00,0.00,0.00,0.00,0.00,0.89,0.46,2.08,1.84,2.89,2.77,1.52,2.06,9.05,2.26,0.00,0.00,0.00,0.00,0.00,0.00,0.00,0.00,0.00,0.00
1331.0,-2.000,7.000,0.000,0.000,0.000,0,0,0.805,0,0.260,0.295,0.209,0.080,0.255,0.00,1.83,1.31,9.80,4.90,32.14,26.79,16.81,8.40,12.08,8.89,0.75,0.42,4.25,2.85,2.21,1.70,11.20,5.60,9.46,4.54,58.82,58.82,7.35,12.25,0.00,0.00,0.00,1.57,1.53,1.30,3.10,3.02,1.28,1.94,0.00,0.00,0.00,0.00,2.80,0.00,4.52,3.92,0.00,0.00,29.41,0.00,0.00,0.00,0.00,0.00,0.00,0.00,0.00,0.00,0.00,0.00,0.00,0.00,0.00,0.00,0.00,0.00,0.00,0.00,0.00,0.00,0.00,0.00,0.00,0.00,0.00,0.00,0.00,0.00,0.00,0.00,0.00,0.00,0.00,0.00,0.00,0.00,0.00,0.00,0.00,0.00,0.00,0.00,0.00,0.00,0.00,0.00,0.00,0.00,0.70,0.00,4.52,6.72,3.15,2.91,9.91,9.81,0.00,0.00,9.05,0.00,0.00,1.00,0.00,0.00,1.22,0.97,1.59,1.59,0.00,0.00,0.00,0.00,0.00,0.00,0.00,0.00,0.00,0.00,0.00,0.00,0.00,0.00,0.00,0.00,0.00,0.00,0.00,0.00,0.00,0.00,0.00,0.00,0.00,0.00,0.00,0.00,0.00,0.00,0.00,0.00,0.00,0.00,0.00,0.00,0.00,0.00,58.82,0.00,0.00,58.82,0.00,0.00,0.00,0.00,0.00,58.82,0.00,0.00,0.00,0.00,0.00,0.00,0.00,0.00,0.00,0.00,0.00,0.00,0.00,0.00,0.00,0.00,0.00,0.00,0.00,0.00,0.00,0.00,0.00,0.00,58.82,0.00,0.00,0.00,0.00,0.00,0.00,0.00,0.00,0.00,0.00,0.00,0.00,0.00,0.00,0.00,0.00,0.00,0.00,0.00,0.00,0.00,0.00,0.00,0.00,0.00,0.00,0.00,0.00,0.00,0.00,0.00,0.00,0.00,0.00,0.00,0.00,0.00,0.00,0.00,0.00,0.00,0.00,0.00,0.00,0.00,0.00,0.00,0.00,0.00,0.00,0.00,0.00,1.57,1.21,1.36,0.50,1.91,1.72,1.44,2.14,0.00,0.00,1.49,2.01,0.00,1.37,0.00,0.00,0.00,10.86,1.78,10.78,4.90,4.90,9.80,2.10,1.24,36.20,11.76,0.00,1.56,0.00,0.00,0.00,2.10,6.54,1.93,3.07,1.48,0.00,0.50,1.00,0.00,0.00,1.73,3.92,0.00,0.00,0.00,5.88,1.33,0.89,0.00,0.00,0.00,0.00,0.00,0.00,0.00,0.00,0.89,0.46,1.38,1.23,0.96,0.00,1.52,2.58,4.52,4.52,0.00,0.00,0.00,0.00,0.00,0.00,0.00,0.00,0.00,0.00
1431.0,-2.000,7.000,0.000,0.000,0.000,0,0,0.806,0,0.106,0.108,0.102,0.067,0.209,0.00,0.84,1.24,0.00,9.80,27.23,26.79,0.00,0.00,10.87,9.75,0.62,0.50,1.42,2.14,1.35,2.22,5.60,2.80,11.76,8.40,0.00,58.82,6.13,4.90,0.00,0.00,0.78,0.00,1.12,1.18,0.00,0.00,1.37,1.38,0.00,0.00,0.00,0.00,0.00,0.00,0.00,0.00,2.94,0.00,0.00,0.00,0.00,0.00,0.00,0.00,0.00,0.00,0.00,0.00,0.00,0.00,0.00,0.00,0.00,0.00,0.00,0.00,0.00,0.00,0.00,0.00,0.00,0.00,0.00,0.00,0.00,0.00,0.00,0.00,0.00,0.00,0.00,0.00,0.00,0.00,0.00,0.00,0.00,0.00,0.00,0.00,0.00,0.00,0.00,0.00,0.00,0.00,0.00,0.00,0.35,1.06,12.07,3.36,2.68,3.92,10.88,11.32,0.00,0.00,0.00,0.00,0.00,2.99,0.00,0.00,0.61,0.19,0.00,0.00,14.71,0.00,0.00,0.00,0.00,0.00,0.00,0.00,0.00,0.00,0.00,0.00,0.00,0.00,0.00,0.00,0.00,0.00,0.00,0.00,0.00,0.00,0.00,0.00,0.00,0.00,0.00,0.00,0.00,0.00,0.00,0.00,0.00,0.00,0.00,0.00,0.00,0.00,0.00,29.41,58.82,58.82,0.00,0.00,0.00,0.00,0.00,0.00,0.00,0.00,0.00,0.00,0.00,0.00,0.00,0.00,0.00,0.00,0.00,0.00,0.00,0.00,0.00,0.00,0.00,0.00,0.00,0.00,0.00,0.00,0.00,0.00,0.00,0.00,19.61,0.00,0.00,0.00,0.00,0.00,0.00,0.00,0.00,0.00,0.00,0.00,0.00,0.00,0.00,0.00,0.00,0.00,0.00,0.00,0.00,0.00,0.00,0.00,0.00,0.00,0.00,0.00,0.00,0.00,0.00,0.00,0.00,0.00,0.00,0.00,0.00,0.00,0.00,0.00,0.00,0.00,0.00,0.00,0.00,0.00,0.00,0.00,0.00,0.00,0.00,0.78,1.21,1.56,1.34,1.49,1.59,0.72,1.34,0.00,0.00,1.62,0.94,1.60,1.37,0.00,0.00,0.00,6.33,4.46,2.94,1.96,0.00,0.00,1.40,0.83,0.00,0.00,1.21,1.56,0.00,0.00,0.00,2.10,0.00,0.00,2.13,0.91,0.00,0.50,0.89,0.00,0.00,2.60,2.61,0.00,0.00,0.00,0.00,1.05,1.05,0.00,0.00,0.00,0.00,0.00,0.00,0.00,0.00,1.34,0.46,2.08,0.61,0.00,0.00,1.01,2.58,2.26,4.52,0.00,0.00,0.00,0.00,0.00,0.00,0.00,0.00,0.00,0.00
1531.0,-2.000,7.000,0.000,0.000,0.000,0,0,0.806,0,0.044,0.060,0.019,0.013,0.110,0.00,0.98,1.05,0.00,9.80,23.69,29.83,0.00,8.40,6.04,9.92,0.83,0.46,1.77,3.21,1.82,2.15,8.40,8.40,10.38,13.40,0.00,58.82,4.90,6.13,0.00,0.00,0.00,0.78,1.43,1.27,1.55,0.00,2.01,1.84,0.00,0.00,0.00,0.00,2.80,0.00,0.00,3.92,2.94,0.00,0.00,0.00,0.00,0.00,0.00,0.00,0.00,0.00,0.00,0.00,0.00,0.00,0.00,0.00,0.00,0.00,0.00,0.00,0.00,0.00,0.00,0.00,0.00,0.00,0.00,0.00,0.00,0.00,0.00,0.00,0.00,0.00,0.00,0.00,0.00,0.00,0.00,0.00,0.00,0.00,0.00,0.00,0.00,0.00,0.00,0.00,0.00,0.00,0.00,0.00,1.39,1.41,4.52,5.04,3.28,3.28,10.16,10.23,0.00,0.00,0.00,3.68,0.00,0.00,0.00,0.00,0.61,0.58,0.00,3.18,0.00,0.00,0.00,0.00,0.00,0.00,58.82,0.00,0.00,0.00,0.00,0.00,0.00,0.00,0.00,0.00,0.00,0.00,0.00,0.00,0.00,0.00,0.00,0.00,0.00,0.00,0.00,0.00,0.00,0.00,0.00,0.00,0.00,0.00,0.00,0.00,29.41,0.00,0.00,0.00,0.00,0.00,0.00,0.00,0.00,0.00,0.00,0.00,0.00,0.00,0.00,0.00,0.00,0.00,0.00,0.00,0.00,0.00,0.00,0.00,0.00,0.00,0.00,0.00,0.00,0.00,0.00,0.00,0.00,0.00,0.00,0.00,0.00,0.00,0.00,0.00,0.00,0.00,0.00,0.00,0.00,0.00,0.00,0.00,0.00,0.00,0.00,0.00,0.00,0.00,0.00,0.00,0.00,0.00,0.00,0.00,0.00,0.00,0.00,0.00,0.00,0.00,0.00,0.00,0.00,0.00,0.00,0.00,0.00,0.00,0.00,0.00,0.00,0.00,0.00,0.00,0.00,0.00,0.00,0.00,0.00,0.00,0.00,0.00,0.00,0.78,2.43,1.17,1.84,1.77,1.30,1.20,1.34,0.00,0.00,0.75,1.34,2.00,2.05,9.80,13.57,0.00,1.81,1.78,0.00,0.98,0.00,1.96,1.40,0.41,9.05,0.00,1.21,0.00,8.40,0.00,0.00,0.00,2.80,0.00,1.38,1.37,0.00,0.99,0.78,0.00,0.00,0.87,1.31,0.00,0.00,0.00,5.88,1.23,1.14,0.00,0.00,0.00,0.00,0.00,0.00,2.18,4.52,0.00,0.91,5.54,6.13,0.00,0.69,0.51,1.03,13.57,15.84,0.00,0.00,0.00,0.00,0.00,0.00,0.00,0.00,0.00,0.00
1631.0,-2.000,7.000,0.000,0.000,0.000,0,0,0.806,0,0.064,0.081,0.039,0.122,0.073,4.20,0.63,1.11,0.00,0.00,32.14,32.86,8.40,8.40,12.94,10.09,0.71,0.37,4.61,2.85,2.90,2.11,14.01,16.81,12.23,7.95,58.82,0.00,13.48,6.13,0.00,0.00,1.57,0.00,1.28,1.16,1.55,0.00,1.09,1.29,0.00,0.00,0.00,0.00,0.00,0.00,4.52,0.00,2.94,0.00,0.00,0.00,0.00,0.00,0.00,0.00,0.00,0.00,0.00,0.00,0.00,0.00,0.00,0.00,0.00,0.00,0.00,0.00,0.00,0.00,0.00,0.00,0.00,0.00,0.00,0.00,0.00,0.00,0.00,0.00,0.00,0.00,0.00,0.00,0.00,0.00,0.00,0.00,0.00,0.00,0.00,0.00,0.00,0.00,0.00,0.00,0.00,0.00,0.00,0.00,1.39,0.00,7.54,5.04,2.98,3.82,8.78,9.55,14.71,0.00,0.00,3.68,1.99,0.00,0.00,0.00,1.22,0.19,0.00,0.00,0.00,0.00,0.00,0.00,0.00,0.00,0.00,0.00,0.00,0.00,0.00,0.00,0.00,0.00,0.00,0.00,0.00,0.00,0.00,0.00,0.00,0.00,0.00,0.00,0.00,0.00,0.00,0.00,0.00,0.00,0.00,0.00,0.00,0.00,0.00,0.00,0.00,0.00,0.00,0.00,0.00,0.00,0.00,0.00,0.00,0.00,0.00,58.82,0.00,0.00,0.00,0.00,0.00,0.00,0.00,0.00,0.00,0.00,0.00,0.00,0.00,0.00,0.00,0.00,0.00,0.00,0.00,0.00,29.41,0.00,0.00,58.82,0.00,0.00,0.00,0.00,0.00,0.00,0.00,0.00,0.00,0.00,0.00,0.00,0.00,0.00,0.00,0.00,0.00,0.00,0.00,0.00,0.00,0.00,0.00,0.00,0.00,0.00,0.00,0.00,0.00,0.00,0.00,0.00,0.00,0.00,0.00,0.00,0.00,0.00,0.00,0.00,0.00,0.00,0.00,0.00,0.00,0.00,0.00,0.00,0.00,0.00,0.00,0.00,0.00,3.92,3.03,1.17,0.50,1.63,1.77,1.20,2.14,0.00,0.00,1.62,1.47,2.40,2.05,0.00,0.00,0.00,0.00,1.78,0.98,0.98,3.92,0.00,1.40,0.00,0.00,0.00,0.00,0.00,0.00,0.00,0.00,2.10,0.93,1.93,0.82,0.99,0.00,1.24,0.44,0.00,0.00,1.73,2.61,0.00,0.00,0.00,5.88,0.90,0.74,0.00,0.00,0.00,0.00,0.00,0.00,4.36,0.00,0.89,0.00,1.38,1.84,0.00,1.38,2.03,2.06,9.05,2.26,0.00,0.00,0.00,0.00,0.00,0.00,0.00,0.00,0.00,0.00
1731.0,-2.000,7.000,0.000,0.000,0.000,0,0,0.807,0,0.081,0.085,0.074,0.023,0.387,0.00,0.91,0.79,0.00,4.90,28.87,29.83,0.00,8.40,10.18,9.92,0.54,0.42,5.32,6.42,1.87,3.08,16.81,16.81,10.38,4.77,0.00,58.82,8.58,18.38,0.00,0.00,1.57,0.00,1.09,1.05,3.10,1.51,0.82,1.01,0.00,0.00,0.00,0.00,5.60,0.00,0.00,0.00,0.00,0.00,0.00,0.00,0.00,0.00,0.00,0.00,0.00,0.00,0.00,0.00,0.00,0.00,0.00,0.00,0.00,0.00,0.00,0.00,0.00,0.00,0.00,0.00,0.00,0.00,0.00,0.00,0.00,0.00,0.00,0.00,0.00,0.00,0.00,0.00,0.00,0.00,0.00,0.00,0.00,0.00,0.00,0.00,0.00,0.00,0.00,0.00,0.00,0.00,0.00,0.00,0.70,0.35,9.05,5.04,2.93,3.37,10.11,9.71,0.00,0.00,0.00,0.00,1.00,0.00,0.00,0.00,0.61,0.58,0.00,1.59,0.00,0.00,0.00,0.00,19.61,0.00,0.00,0.00,0.00,0.00,0.00,0.00,0.00,0.00,0.00,0.00,0.00,0.00,0.00,0.00,0.00,0.00,0.00,0.00,0.00,0.00,0.00,0.00,0.00,0.00,0.00,0.00,0.00,0.00,0.00,0.00,0.00,0.00,0.00,29.41,0.00,0.00,0.00,0.00,0.00,0.00,0.00,0.00,0.00,0.00,0.00,0.00,0.00,0.00,0.00,0.00,0.00,0.00,0.00,0.00,0.00,0.00,0.00,0.00,0.00,0.00,0.00,0.00,0.00,0.00,0.00,0.00,0.00,0.00,0.00,0.00,0.00,19.61,0.00,0.00,0.00,0.00,0.00,0.00,0.00,0.00,0.00,0.00,0.00,0.00,0.00,0.00,0.00,0.00,0.00,0.00,0.00,0.00,0.00,0.00,0.00,0.00,0.00,0.00,0.00,0.00,0.00,0.00,0.00,0.00,0.00,0.00,0.00,0.00,0.00,0.00,0.00,0.00,0.00,0.00,0.00,0.00,0.00,0.00,0.00,1.57,0.61,1.17,1.17,1.61,1.61,1.68,0.80,0.00,0.00,1.37,1.20,0.80,3.08,0.00,0.00,0.00,0.90,0.89,3.92,0.00,1.96,0.00,1.40,1.24,13.57,0.00,1.21,1.04,0.00,0.00,0.00,0.00,0.00,0.96,0.82,0.57,0.00,0.37,0.78,0.00,0.00,3.46,1.31,0.00,0.00,0.00,0.00,0.83,0.76,0.00,0.00,0.00,0.00,0.00,0.00,2.18,2.26,0.00,0.46,2.08,1.23,1.93,0.69,1.52,1.55,9.05,13.57,0.00,0.00,0.00,0.00,0.00,0.00,0.00,0.00,0.00,0.00
1831.0,-2.000,7.000,0.000,0.000,0.000,0,0,0.807,0,0.026,0.016,0.040,0.004,0.108,4.20,1.40,1.97,0.00,0.00,30.50,21.54,8.40,0.00,10.18,7.69,0.54,0.50,2.48,1.43,3.37,1.09,11.20,5.60,11.76,5.22,58.82,0.00,8.58,13.48,0.00,0.00,0.00,0.78,1.50,1.16,3.10,0.00,1.82,2.58,0.00,0.00,0.00,0.00,0.00,0.00,0.00,0.00,0.00,0.00,0.00,0.00,0.00,0.00,0.00,0.00,0.00,0.00,0.00,0.00,0.00,0.00,0.00,0.00,0.00,0.00,0.00,0.00,0.00,0.00,0.00,0.00,0.00,0.00,0.00,0.00,0.00,0.00,0.00,0.00,0.00,0.00,0.00,0.00,0.00,0.00,0.00,0.00,0.00,0.00,0.00,0.00,0.00,0.00,0.00,0.00,0.00,0.00,0.00,0.00,0.35,0.70,4.52,0.00,3.24,3.32,9.86,10.18,0.00,0.00,0.00,0.00,0.00,1.00,0.00,0.00,0.91,0.78,1.59,0.00,0.00,0.00,0.00,0.00,0.00,0.00,58.82,0.00,0.00,0.00,0.00,0.00,0.00,0.00,0.00,0.00,2.45,0.00,0.00,0.00,0.00,0.00,0.00,0.00,0.00,0.00,0.00,0.00,0.00,0.00,0.00,0.00,0.00,0.00,0.00,0.00,29.41,0.00,0.00,0.00,0.00,0.00,0.00,0.00,0.00,0.00,0.00,0.00,0.00,0.00,0.00,0.00,0.00,0.00,0.00,0.00,0.00,0.00,0.00,0.00,0.00,0.00,0.00,0.00,0.00,0.00,0.00,0.00,0.00,0.00,0.00,0.00,0.00,0.00,0.00,0.00,0.00,0.00,0.00,0.00,0.00,0.00,0.00,0.00,0.00,0.00,0.00,0.00,0.00,0.00,0.00,0.00,0.00,0.00,0.00,0.00,0.00,0.00,0.00,0.00,0.00,0.00,0.00,0.00,0.00,0.00,0.00,0.00,0.00,0.00,0.00,0.00,0.00,0.00,0.00,0.00,0.00,0.00,0.00,0.00,0.00,0.00,0.00,0.00,0.00,0.78,0.61,2.34,1.51,1.77,1.33,0.96,1.60,9.80,0.00,2.11,1.74,1.60,2.05,4.90,0.00,0.00,4.52,1.78,2.94,2.94,8.82,4.90,0.70,0.00,40.72,11.76,0.00,0.52,0.00,0.00,0.00,0.00,5.60,7.71,3.67,3.04,0.00,0.25,0.78,0.00,0.00,0.87,0.00,0.00,0.00,0.00,0.00,1.27,1.18,0.00,0.00,0.00,0.00,0.00,0.00,6.54,2.26,0.45,1.82,4.15,0.61,1.93,0.69,4.06,3.10,9.05,6.79,0.00,0.00,0.00,0.00,0.00,0.00,0.00,0.00,0.00,0.00
1931.0,-2.000,7.000,0.000,0.000,0.000,0,0,0.808,0,0.020,0.034,0.000,0.093,0.143,0.00,1.05,0.59,4.90,4.90,29.68,29.55,16.81,0.00,10.70,9.23,0.75,0.42,3.54,2.14,1.98,1.52,8.40,8.40,9.46,9.99,58.82,0.00,4.90,7.35,0.00,0.00,2.35,0.00,1.38,1.09,0.00,0.00,0.82,1.94,0.00,0.00,0.00,0.00,0.00,2.80,0.00,0.00,0.00,0.00,0.00,0.00,0.00,0.00,0.00,0.00,0.00,0.00,0.00,0.00,0.00,0.00,0.00,0.00,0.00,0.00,0.00,0.00,0.00,0.00,0.00,0.00,0.00,0.00,0.00,0.00,0.00,0.00,0.00,0.00,0.00,0.00,0.00,0.00,0.00,0.00,0.00,0.00,0.00,0.00,0.00,0.00,0.00,0.00,0.00,0.00,0.00,0.00,0.00,0.00,1.74,0.00,12.07,5.04,3.15,3.46,8.42,9.19,0.00,0.00,4.52,0.00,0.00,0.00,0.00,0.00,0.91,0.58,0.00,0.00,0.00,0.00,0.00,0.00,0.00,0.00,0.00,0.00,0.00,0.00,0.00,0.00,0.00,0.00,0.00,0.00,0.00,0.00,0.00,0.00,0.00,0.00,0.00,0.00,0.00,0.00,0.00,0.00,0.00,0.00,0.00,0.00,0.00,0.00,0.00,0.00,0.00,0.00,0.00,29.41,0.00,0.00,0.00,0.00,0.00,0.00,0.00,0.00,0.00,0.00,0.00,0.00,0.00,0.00,0.00,0.00,0.00,0.00,0.00,58.82,0.00,0.00,0.00,0.00,0.00,0.00,0.00,0.00,0.00,0.00,0.00,0.00,0.00,0.00,0.00,0.00,0.00,0.00,0.00,0.00,0.00,0.00,0.00,0.00,0.00,0.00,0.00,0.00,0.00,0.00,0.00,0.00,0.00,0.00,0.00,0.00,0.00,0.00,0.00,0.00,0.00,0.00,0.00,0.00,0.00,0.00,0.00,0.00,0.00,0.00,0.00,0.00,0.00,0.00,0.00,0.00,0.00,0.00,0.00,0.00,0.00,0.00,0.00,0.00,0.00,0.78,2.43,0.97,1.17,1.63,1.67,1.92,1.34,0.00,0.00,1.37,1.87,3.20,1.71,0.00,4.52,0.00,0.00,1.78,1.96,0.00,0.00,0.98,0.70,0.41,18.10,5.88,1.21,0.52,0.00,0.00,0.00,0.00,2.80,0.96,0.94,1.10,0.00,1.24,0.67,0.00,0.00,1.73,0.00,0.00,0.00,0.00,0.00,0.97,1.00,0.00,0.00,0.00,0.00,0.00,0.00,2.18,2.26,0.89,0.00,2.77,4.29,0.00,0.69,1.01,2.06,2.26,4.52,0.00,0.00,0.00,0.00,0.00,0.00,0.00,0.00,0.00,0.00
2031.0,-2.000,7.000,0.000,0.000,0.000,0,0,0.808,0,0.007,0.000,0.017,0.110,0.089,0.00,0.56,0.72,0.00,4.90,30.23,22.09,8.40,0.00,8.28,6.33,0.75,0.87,1.77,2.50,1.55,0.91,11.20,5.60,6.69,8.18,58.82,0.00,7.35,4.90,0.00,0.00,0.00,0.00,1.24,0.98,0.00,1.51,0.64,0.65,58.82,0.00,0.00,0.00,0.00,2.80,4.52,3.92,0.00,3.10,0.00,0.00,0.00,0.00,0.00,0.00,0.00,0.00,0.00,0.00,0.00,0.00,0.00,0.00,0.00,0.00,0.00,0.00,0.00,0.00,0.00,0.00,0.00,0.00,0.00,0.00,0.00,0.00,0.00,0.00,0.00,0.00,0.00,0.00,0.00,0.00,0.00,0.00,0.00,0.00,0.00,0.00,0.00,0.00,0.00,0.00,0.00,0.00,0.00,0.00,0.00,0.35,6.03,3.36,3.58,2.96,8.98,10.18,0.00,0.00,0.00,0.00,0.00,0.00,0.00,0.00,0.00,0.58,3.18,0.00,0.00,0.00,0.00,0.00,0.00,0.00,0.00,0.00,0.00,0.00,0.00,0.00,0.00,0.00,0.00,0.00,0.00,0.00,0.00,0.00,0.00,0.00,0.00,0.00,0.00,0.00,0.00,0.00,0.00,0.00,0.00,0.00,0.00,0.00,0.00,0.00,0.00,0.00,0.00,0.00,0.00,0.00,0.00,0.00,0.00,0.00,0.00,0.00,0.00,0.00,0.00,0.00,0.00,0.00,58.82,0.00,0.00,0.00,0.00,0.00,0.00,0.00,0.00,0.00,0.00,0.00,0.00,0.00,58.82,0.00,0.00,0.00,0.00,0.00,0.00,0.00,0.00,0.00,0.00,0.00,0.00,0.00,0.00,0.00,0.00,0.00,0.00,0.00,0.00,0.00,0.00,0.00,0.00,0.00,0.00,0.00,0.00,0.00,0.00,0.00,0.00,0.00,0.00,0.00,0.00,0.00,0.00,0.00,0.00,0.00,0.00,0.00,0.00,0.00,0.00,0.00,0.00,0.00,0.00,0.00,0.00,0.00,0.00,0.00,0.00,0.00,1.21,0.97,1.51,1.77,1.51,2.16,1.07,0.00,0.00,1.74,1.74,1.60,1.03,0.00,0.00,0.00,0.00,0.00,0.00,2.94,6.86,0.00,0.00,0.41,13.57,0.00,0.61,0.52,0.00,0.00,0.00,0.00,0.93,0.96,0.67,1.14,0.00,0.50,0.89,0.00,0.00,0.87,1.31,0.00,0.00,6.54,0.00,0.89,0.89,0.00,0.00,0.00,0.00,0.00,0.00,0.00,2.26,0.45,2.28,1.38,1.84,0.00,0.00,0.51,1.03,2.26,13.57,0.00,0.00,0.00,0.00,0.00,0.00,0.00,0.00,0.00,0.00
2131.0,-2.000,7.000,0.000,0.000,0.000,0,0,0.808,0,0.052,0.035,0.078,0.021,0.017,0.00,0.91,0.59,0.00,0.00,30.23,27.89,0.00,8.40,11.04,7.52,0.46,0.71,1.06,3.57,0.57,1.43,8.40,11.20,12.92,11.36,0.00,58.82,1.23,6.13,0.00,0.00,0.78,0.78,1.16,1.18,1.55,0.00,1.28,1.29,0.00,0.00,0.00,0.00,0.00,0.00,0.00,0.00,0.00,0.00,0.00,0.00,0.00,0.00,0.00,0.00,0.00,0.00,0.00,0.00,0.00,0.00,0.00,0.00,0.00,0.00,0.00,0.00,0.00,0.00,0.00,0.00,0.00,0.00,0.00,0.00,0.00,0.00,0.00,0.00,0.00,0.00,0.00,0.00,0.00,0.00,0.00,0.00,0.00,0.00,0.00,0.00,0.00,0.00,0.00,0.00,0.00,0.00,0.00,0.00,0.35,1.41,9.05,5.04,2.98,2.73,10.11,9.50,0.00,0.00,9.05,7.35,0.00,0.00,0.00,0.00,0.30,0.58,0.00,1.59,0.00,0.00,0.00,0.00,0.00,0.00,0.00,0.00,0.00,0.00,0.00,0.00,0.00,0.00,0.00,0.00,0.00,0.00,0.00,0.00,0.00,0.00,0.00,0.00,0.00,0.00,0.00,0.00,0.00,0.00,0.00,0.00,0.00,0.00,0.00,0.00,0.00,0.00,0.00,0.00,0.00,0.00,0.00,0.00,0.00,0.00,0.00,0.00,0.00,0.00,0.00,0.00,0.00,0.00,0.00,0.00,0.00,0.00,0.00,0.00,0.00,0.00,0.00,0.00,0.00,0.00,0.00,0.00,0.00,0.00,0.00,0.00,0.00,0.00,0.00,0.00,0.00,0.00,0.00,0.00,0.00,0.00,0.00,0.00,0.00,0.00,0.00,0.00,0.00,0.00,0.00,0.00,0.00,0.00,0.00,0.00,0.00,0.00,0.00,0.00,0.00,0.00,0.00,0.00,0.00,0.00,0.00,0.00,0.00,0.00,0.00,0.00,0.00,0.00,0.00,0.00,0.00,0.00,0.00,0.00,0.00,0.00,0.00,0.00,0.00,0.00,0.61,1.36,0.67,1.36,1.61,1.68,1.07,0.00,0.00,1.49,2.01,0.40,1.03,0.00,0.00,0.00,7.24,0.00,6.86,6.86,4.90,4.90,0.70,0.00,4.52,0.00,0.00,1.04,8.40,0.00,0.00,0.00,2.80,1.93,2.28,1.67,0.00,0.75,0.89,0.00,0.00,1.73,1.31,0.00,0.00,0.00,0.00,0.80,0.70,0.00,0.00,0.00,0.00,0.00,0.00,2.18,0.00,0.45,0.46,2.08,1.23,0.96,0.00,1.52,3.10,2.26,2.26,0.00,0.00,0.00,0.00,0.00,0.00,0.00,0.00,0.00,0.00
2231.0,-2.000,7.000,0.000,0.000,0.000,0,0,0.809,0,0.010,0.007,0.015,0.034,0.003,0.00,0.77,1.18,0.00,4.90,18.79,32.04,0.00,0.00,6.73,11.11,0.50,0.58,4.25,1.43,0.68,2.40,11.20,11.20,6.00,9.31,0.00,58.82,3.68,7.35,0.00,0.00,0.00,0.00,1.13,1.26,3.10,0.00,1.82,1.29,0.00,0.00,0.00,0.00,0.00,0.00,0.00,0.00,0.00,0.00,0.00,0.00,0.00,0.00,0.00,0.00,0.00,0.00,0.00,0.00,0.00,0.00,0.00,0.00,0.00,0.00,0.00,0.00,0.00,0.00,0.00,0.00,0.00,0.00,0.00,0.00,0.00,0.00,0.00,0.00,0.00,0.00,0.00,0.00,0.00,0.00,0.00,0.00,0.00,0.00,0.00,0.00,0.00,0.00,0.00,0.00,0.00,0.00,0.00,0.00,1.04,1.41,7.54,8.40,3.41,3.05,9.60,10.85,0.00,0.00,0.00,0.00,1.99,0.00,0.00,0.00,0.91,0.00,0.00,0.00,0.00,0.00,0.00,0.00,0.00,0.00,0.00,0.00,0.00,0.00,0.00,0.00,0.00,0.00,0.00,0.00,0.00,0.00,0.00,0.00,0.00,0.00,0.00,0.00,0.00,0.00,0.00,0.00,0.00,0.00,0.00,0.00,0.00,0.00,0.00,0.00,0.00,0.00,0.00,0.00,0.00,0.00,0.00,0.00,0.00,0.00,0.00,0.00,0.00,0.00,0.00,0.00,0.00,0.00,0.00,0.00,0.00,0.00,0.00,0.00,0.00,0.00,0.00,0.00,0.00,0.00,0.00,0.00,0.00,0.00,0.00,0.00,0.00,0.00,0.00,0.00,0.00,0.00,0.00,0.00,0.00,0.00,0.00,0.00,0.00,0.00,0.00,0.00,0.00,0.00,0.00,0.00,0.00,0.00,0.00,0.00,0.00,0.00,0.00,0.00,0.00,0.00,0.00,0.00,0.00,0.00,0.00,0.00,0.00,0.00,0.00,0.00,0.00,0.00,0.00,0.00,0.00,0.00,0.00,0.00,0.00,0.00,0.00,0.00,0.00,1.57,2.43,0.97,2.18,1.33,1.30,1.92,2.67,0.00,0.00,1.74,2.14,2.40,1.71,0.00,0.00,0.00,1.81,0.00,2.94,0.00,0.98,2.94,0.00,0.41,0.00,0.00,1.21,1.56,0.00,0.00,9.80,4.20,4.67,3.86,1.53,1.29,0.00,0.75,0.89,0.00,0.00,4.33,2.61,0.00,0.00,6.54,0.00,1.18,0.96,0.00,0.00,0.00,0.00,0.00,0.00,0.00,0.00,1.78,0.00,1.38,1.23,0.96,0.69,1.52,3.10,0.00,2.26,0.00,0.00,0.00,0.00,0.00,0.00,0.00,0.00,0.00,0.00
2331.0,-2.000,7.000,0.000,0.000,0.000,0,0,0.809,0,0.020,0.001,0.049,0.006,0.067,0.00,1.40,0.79,9.80,0.00,29.14,28.17,8.40,0.00,11.73,12.65,0.71,0.62,1.42,2.85,2.23,1.34,19.61,11.20,9.92,8.40,0.00,0.00,8.58,3.68,0.00,0.00,0.78,0.78,1.59,1.33,0.00,0.00,2.37,1.66,0.00,0.00,0.00,0.00,8.40,0.00,0.00,0.00,2.94,0.00,0.00,29.41,0.00,0.00,0.00,0.00,0.00,0.00,0.00,0.00,0.00,0.00,0.00,0.00,0.00,0.00,0.00,0.00,0.00,0.00,0.00,0.00,0.00,0.00,0.00,0.00,0.00,0.00,0.00,0.00,0.00,0.00,0.00,0.00,0.00,0.00,0.00,0.00,0.00,0.00,0.00,0.00,0.00,0.00,0.00,0.00,0.00,0.00,0.00,0.00,0.70,0.00,4.52,1.68,2.50,3.23,10.11,10.75,0.00,0.00,4.52,0.00,1.00,1.00,0.00,0.00,0.30,0.58,0.00,1.59,0.00,0.00,0.00,0.00,0.00,0.00,58.82,0.00,0.00,0.00,0.00,0.00,0.00,0.00,0.00,0.00,0.00,0.00,0.00,0.00,0.00,0.00,0.00,0.00,0.00,0.00,0.00,0.00,0.00,0.00,0.00,0.00,0.00,0.00,0.00,0.00,0.00,0.00,0.00,0.00,0.00,0.00,0.00,0.00,0.00,0.00,0.00,0.00,0.00,0.00,0.00,0.00,0.00,0.00,0.00,0.00,0.00,0.00,58.82,0.00,0.00,0.00,0.00,0.00,0.00,0.00,0.00,0.00,0.00,0.00,0.00,0.00,0.00,0.00,0.00,0.00,0.00,0.00,0.00,0.00,0.00,0.00,0.00,0.00,0.00,0.00,0.00,0.00,0.00,0.00,0.00,0.00,0.00,0.00,0.00,0.00,0.00,0.00,0.00,0.00,0.00,0.00,0.00,0.00,0.00,0.00,0.00,0.00,0.00,0.00,0.00,0.00,0.00,0.00,0.00,0.00,0.00,0.00,0.00,0.00,0.00,0.00,0.00,0.00,0.00,0.78,1.82,1.95,1.17,1.66,1.67,1.20,1.34,0.00,0.00,1.99,1.87,1.60,2.39,9.80,4.52,0.00,1.81,2.67,2.94,0.98,6.86,3.92,0.00,0.83,4.52,0.00,1.21,0.00,8.40,0.00,0.00,2.10,1.87,0.00,1.61,1.29,0.00,0.50,0.44,0.00,0.00,0.87,0.00,0.00,0.00,0.00,0.00,1.22,1.10,0.00,0.00,0.00,0.00,0.00,0.00,4.36,0.00,1.78,1.37,2.08,3.06,0.00,0.69,0.00,1.55,11.31,2.26,0.00,0.00,0.00,0.00,0.00,0.00,0.00,0.00,0.00,0.00
2431.0,-2.000,7.000,0.000,0.000,0.000,0,0,0.810,0,0.123,0.199,0.009,0.001,0.013,0.00,1.33,0.85,4.90,4.90,31.59,28.72,16.81,0.00,9.66,7.87,0.46,0.33,2.13,3.92,3.44,2.13,8.40,0.00,11.53,9.77,58.82,58.82,12.25,9.80,0.00,0.00,0.00,1.57,1.30,1.20,1.55,0.00,1.09,1.20,0.00,0.00,0.00,0.00,0.00,2.80,4.52,3.92,2.94,0.00,0.00,0.00,0.00,0.00,0.00,0.00,0.00,0.00,0.00,0.00,0.00,0.00,0.00,0.00,0.00,0.00,0.00,0.00,0.00,0.00,0.00,0.00,0.00,0.00,0.00,0.00,0.00,0.00,0.00,0.00,0.00,0.00,0.00,0.00,0.00,0.00,0.00,0.00,0.00,0.00,0.00,0.00,0.00,0.00,0.00,0.00,0.00,0.00,0.00,0.00,0.00,0.35,3.02,1.68,2.93,2.91,10.37,10.80,0.00,0.00,4.52,0.00,1.00,1.99,0.00,0.00,1.22,0.58,1.59,0.00,0.00,0.00,0.00,0.00,0.00,0.00,0.00,0.00,0.00,0.00,0.00,0.00,58.82,0.00,0.00,0.00,0.00,2.56,0.00,0.00,0.00,0.00,0.00,0.00,0.00,0.00,0.00,0.00,0.00,0.00,0.00,0.00,0.00,0.00,0.00,0.00,0.00,0.00,0.00,29.41,0.00,0.00,0.00,0.00,0.00,0.00,0.00,0.00,0.00,0.00,0.00,0.00,0.00,0.00,0.00,0.00,0.00,0.00,0.00,0.00,0.00,0.00,0.00,0.00,0.00,0.00,0.00,0.00,0.00,0.00,0.00,0.00,0.00,0.00,0.00,0.00,58.82,0.00,0.00,0.00,0.00,0.00,0.00,0.00,0.00,0.00,0.00,0.00,0.00,0.00,0.00,0.00,0.00,0.00,0.00,0.00,0.00,0.00,0.00,0.00,0.00,0.00,0.00,0.00,0.00,0.00,0.00,0.00,0.00,0.00,0.00,0.00,0.00,0.00,0.00,0.00,0.00,0.00,0.00,0.00,0.00,0.00,0.00,0.00,0.00,1.57,3.03,0.39,1.01,1.47,1.51,2.16,0.80,0.00,0.00,2.11,1.07,2.00,1.37,4.90,4.52,0.00,0.00,2.67,8.82,3.92,6.86,7.84,1.40,0.83,0.00,0.00,0.61,0.52,0.00,0.00,0.00,0.00,7.47,0.96,2.92,1.79,0.00,0.25,0.67,0.00,0.00,6.06,1.31,0.00,0.00,6.54,0.00,1.06,1.01,0.00,0.00,0.00,0.00,0.00,0.00,0.00,2.26,0.45,0.91,0.69,1.84,0.00,0.69,2.03,3.10,4.52,0.00,0.00,0.00,0.00,0.00,0.00,0.00,0.00,0.00,0.00,0.00
2531.0,-2.000,7.000,0.000,0.000,0.000,0,0,0.810,0,0.065,0.107,0.002,0.070,0.029,4.20,0.70,1.11,4.90,0.00,32.14,27.62,8.40,0.00,8.28,11.97,0.54,0.75,2.48,0.71,2.26,1.02,5.60,11.20,12.92,4.32,58.82,58.82,4.90,2.45,0.00,0.00,0.00,0.00,1.20,1.13,0.00,0.00,1.00,1.57,0.00,0.00,0.00,0.00,0.00,0.00,0.00,0.00,0.00,0.00,0.00,0.00,0.00,0.00,0.00,0.00,0.00,0.00,0.00,0.00,0.00,0.00,0.00,0.00,0.00,0.00,0.00,0.00,0.00,0.00,0.00,0.00,0.00,0.00,0.00,0.00,0.00,0.00,0.00,0.00,0.00,0.00,0.00,0.00,0.00,0.00,0.00,0.00,0.00,0.00,0.00,0.00,0.00,0.00,0.00,0.00,0.00,0.00,0.00,0.00,1.04,1.41,10.56,5.04,2.33,3.19,9.96,11.63,0.00,0.00,9.05,3.68,1.99,1.99,0.00,0.00,0.61,0.00,0.00,0.00,0.00,0.00,0.00,0.00,0.00,0.00,0.00,0.00,0.00,0.00,0.00,0.00,0.00,0.00,0.00,0.00,2.45,5.12,0.00,0.00,0.00,0.00,0.00,0.00,0.00,0.00,0.00,0.00,0.00,0.00,0.00,0.00,0.00,0.00,0.00,0.00,0.00,0.00,0.00,0.00,0.00,0.00,0.00,0.00,0.00,0.00,0.00,0.00,0.00,0.00,0.00,0.00,0.00,58.82,0.00,0.00,0.00,0.00,0.00,0.00,0.00,0.00,0.00,0.00,0.00,0.00,0.00,0.00,0.00,0.00,0.00,0.00,0.00,0.00,0.00,0.00,0.00,0.00,0.00,0.00,0.00,0.00,0.00,0.00,0.00,0.00,0.00,0.00,0.00,0.00,0.00,0.00,0.00,0.00,0.00,0.00,0.00,0.00,0.00,0.00,0.00,0.00,0.00,0.00,0.00,0.00,0.00,0.00,0.00,0.00,0.00,0.00,0.00,0.00,0.00,0.00,0.00,0.00,0.00,0.00,0.00,0.00,0.00,0.00,0.00,0.00,3.03,0.97,1.01,1.25,1.35,1.20,2.14,0.00,9.80,1.49,1.60,2.40,1.37,4.90,4.52,0.00,0.00,4.46,0.98,2.94,0.00,0.00,0.70,0.83,4.52,0.00,0.61,1.04,0.00,0.00,0.00,2.10,0.00,0.00,0.94,0.80,0.00,0.87,0.44,0.00,0.00,2.60,2.61,0.00,0.00,0.00,5.88,0.86,0.74,0.00,0.00,0.00,0.00,58.82,0.00,2.18,2.26,0.45,0.00,1.38,1.23,0.96,2.77,1.01,2.06,9.05,6.79,0.00,0.00,0.00,0.00,0.00,0.00,0.00,0.00,0.00,0.00
2631.0,-2.000,7.000,0.000,0.000,0.000,0,0,0.810,0,0.078,0.113,0.027,0.013,0.006,0.00,1.19,1.38,0.00,0.00,27.51,22.65,0.00,0.00,12.08,9.23,0.67,0.42,3.54,1.43,1.41,1.43,14.01,8.40,7.38,7.49,58.82,58.82,6.13,1.23,0.00,0.00,0.78,2.35,1.07,1.10,1.55,0.00,1.00,2.49,0.00,0.00,0.00,0.00,0.00,0.00,0.00,0.00,0.00,3.10,0.00,0.00,0.00,0.00,0.00,0.00,0.00,0.00,0.00,0.00,0.00,0.00,0.00,0.00,0.00,0.00,0.00,0.00,0.00,0.00,0.00,0.00,0.00,0.00,0.00,0.00,0.00,0.00,0.00,0.00,0.00,0.00,0.00,0.00,0.00,0.00,0.00,0.00,0.00,0.00,0.00,0.00,0.00,0.00,0.00,0.00,0.00,0.00,0.00,0.00,0.00,1.06,12.07,3.36,2.63,2.91,9.60,9.66,14.71,0.00,0.00,0.00,0.00,1.00,0.00,0.00,0.30,0.58,1.59,1.59,0.00,0.00,0.00,0.00,0.00,0.00,0.00,0.00,0.00,0.00,0.00,0.00,0.00,0.00,0.00,0.00,0.00,0.00,0.00,0.00,0.00,0.00,0.00,0.00,0.00,0.00,0.00,0.00,0.00,0.00,0.00,0.00,0.00,0.00,0.00,0.00,0.00,0.00,0.00,0.00,0.00,0.00,0.00,0.00,0.00,0.00,0.00,0.00,0.00,0.00,0.00,58.82,0.00,0.00,0.00,0.00,0.00,0.00,0.00,0.00,0.00,0.00,0.00,0.00,0.00,0.00,0.00,0.00,0.00,0.00,0.00,0.00,0.00,0.00,0.00,0.00,0.00,0.00,0.00,0.00,0.00,0.00,0.00,0.00,0.00,0.00,0.00,0.00,0.00,0.00,0.00,0.00,0.00,0.00,0.00,0.00,0.00,0.00,0.00,0.00,0.00,0.00,0.00,0.00,0.00,0.00,0.00,0.00,0.00,0.00,0.00,0.00,0.00,0.00,0.00,0.00,0.00,0.00,0.00,0.00,0.00,0.00,0.00,0.00,0.00,1.57,1.21,1.17,0.50,1.55,1.77,1.68,1.87,0.00,19.61,2.11,1.34,0.00,1.37,0.00,0.00,0.00,6.33,1.78,0.98,4.90,1.96,0.98,0.00,0.41,18.10,0.00,0.61,0.52,0.00,0.00,0.00,4.20,2.80,1.93,1.38,1.41,0.00,0.37,0.44,0.00,0.00,1.73,3.92,0.00,0.00,0.00,0.00,0.86,0.92,0.00,0.00,0.00,0.00,0.00,0.00,2.18,2.26,0.45,1.37,4.15,0.61,0.00,2.08,3.04,0.52,6.79,4.52,0.00,0.00,0.00,0.00,0.00,0.00,0.00,0.00,0.00,0.00
2731.0,-2.000,7.000,0.000,0.000,0.000,0,0,0.811,0,0.105,0.061,0.172,0.033,0.001,0.00,1.12,0.85,0.00,0.00,22.33,29.27,0.00,0.00,7.42,7.87,0.58,0.96,2.48,1.43,1.28,1.34,19.61,5.60,6.00,8.86,58.82,0.00,4.90,6.13,0.00,0.00,1.57,0.00,0.97,1.15,0.00,0.00,1.09,0.83,0.00,0.00,0.00,0.00,0.00,2.80,0.00,0.00,0.00,0.00,0.00,0.00,0.00,0.00,0.00,0.00,0.00,0.00,0.00,0.00,0.00,0.00,0.00,0.00,0.00,0.00,0.00,0.00,0.00,0.00,0.00,0.00,0.00,0.00,0.00,0.00,0.00,0.00,0.00,0.00,0.00,0.00,0.00,0.00,0.00,0.00,0.00,0.00,0.00,0.00,0.00,0.00,0.00,0.00,0.00,0.00,0.00,0.00,0.00,0.00,1.04,1.41,1.51,8.40,3.37,3.37,10.37,10.44,0.00,0.00,0.00,0.00,1.00,1.00,0.00,0.00,0.61,1.17,0.00,0.00,0.00,0.00,0.00,0.00,0.00,0.00,0.00,0.00,0.00,0.00,0.00,0.00,58.82,0.00,0.00,0.00,0.00,0.00,0.00,0.00,0.00,0.00,0.00,0.00,0.00,0.00,0.00,0.00,0.00,0.00,0.00,0.00,0.00,0.00,0.00,0.00,0.00,0.00,0.00,0.00,0.00,0.00,0.00,0.00,0.00,0.00,0.00,0.00,0.00,0.00,0.00,0.00,0.00,0.00,0.00,0.00,0.00,0.00,58.82,0.00,0.00,29.41,0.00,0.00,0.00,0.00,0.00,58.82,0.00,0.00,0.00,0.00,0.00,0.00,0.00,0.00,0.00,0.00,0.00,0.00,0.00,0.00,0.00,0.00,0.00,0.00,0.00,0.00,0.00,0.00,0.00,0.00,0.00,0.00,0.00,0.00,0.00,0.00,0.00,0.00,0.00,0.00,0.00,0.00,0.00,0.00,0.00,0.00,0.00,0.00,0.00,0.00,0.00,0.00,0.00,0.00,0.00,0.00,0.00,0.00,0.00,0.00,0.00,0.00,0.00,0.00,3.03,1.17,0.84,1.97,1.40,2.40,0.53,0.00,0.00,2.24,1.74,0.40,0.34,0.00,0.00,0.00,1.81,0.00,6.86,0.00,12.75,1.96,0.70,2.07,13.57,0.00,1.82,1.04,0.00,0.00,0.00,2.10,0.00,0.00,1.76,1.03,0.00,0.12,0.44,0.00,0.00,0.87,2.61,0.00,0.00,0.00,0.00,0.93,0.94,0.00,0.00,0.00,0.00,0.00,0.00,0.00,4.52,0.45,0.46,2.08,1.23,0.00,1.38,2.03,1.03,2.26,9.05,0.00,0.00,0.00,0.00,0.00,0.00,0.00,0.00,0.00,0.00
2831.0,-2.000,7.000,0.000,0.000,0.000,0,0,0.811,0,0.020,0.012,0.032,0.006,0.153,0.00,1.47,1.05,4.90,4.90,26.42,22.37,8.40,8.40,8.28,8.89,0.79,0.75,0.71,3.57,0.21,1.29,14.01,2.80,5.54,6.59,0.00,0.00,2.45,3.68,0.00,0.00,0.00,0.00,1.09,0.98,0.00,0.00,0.82,0.55,0.00,0.00,0.00,0.00,0.00,0.00,0.00,0.00,0.00,0.00,0.00,0.00,0.00,0.00,0.00,0.00,0.00,0.00,0.00,0.00,0.00,0.00,0.00,0.00,0.00,0.00,0.00,0.00,0.00,0.00,0.00,0.00,0.00,0.00,0.00,0.00,0.00,0.00,0.00,0.00,0.00,0.00,0.00,0.00,0.00,0.00,0.00,0.00,0.00,0.00,0.00,0.00,0.00,0.00,0.00,0.00,0.00,0.00,0.00,0.00,0.35,0.00,4.52,1.68,3.84,3.14,9.55,10.18,0.00,0.00,0.00,3.68,0.00,0.00,0.00,0.00,0.61,1.36,0.00,0.00,14.71,0.00,0.00,0.00,0.00,0.00,0.00,0.00,0.00,0.00,0.00,0.00,0.00,0.00,0.00,0.00,0.00,0.00,0.00,0.00,0.00,0.00,0.00,0.00,0.00,0.00,0.00,0.00,0.00,0.00,0.00,0.00,0.00,0.00,0.00,0.00,0.00,0.00,0.00,0.00,0.00,0.00,0.00,0.00,0.00,0.00,0.00,0.00,0.00,0.00,0.00,0.00,0.00,0.00,0.00,0.00,29.41,0.00,58.82,0.00,0.00,0.00,0.00,0.00,0.00,0.00,0.00,0.00,0.00,0.00,0.00,0.00,0.00,0.00,0.00,0.00,0.00,0.00,0.00,0.00,0.00,0.00,0.00,0.00,0.00,0.00,0.00,0.00,0.00,0.00,0.00,0.00,0.00,0.00,0.00,0.00,0.00,0.00,0.00,0.00,0.00,0.00,0.00,0.00,0.00,0.00,0.00,0.00,0.00,0.00,0.00,0.00,0.00,0.00,0.00,0.00,0.00,0.00,0.00,0.00,0.00,0.00,0.00,0.00,0.00,2.35,3.03,1.17,1.34,1.85,1.87,1.44,1.07,0.00,0.00,1.37,1.60,2.00,1.37,4.90,4.52,0.00,5.43,6.24,0.98,0.98,0.98,0.98,0.00,0.00,4.52,0.00,0.00,0.00,0.00,0.00,0.00,0.00,0.93,0.96,1.53,0.84,0.00,0.75,0.89,0.00,0.00,2.60,2.61,0.00,0.00,6.54,0.00,1.02,1.10,0.00,58.82,0.00,0.00,58.82,58.82,8.71,4.52,0.45,1.37,2.08,0.61,2.89,2.77,1.52,0.52,11.31,11.31,14.71,29.41,0.00,0.00,0.00,0.00,0.00,0.00,0.00,0.00
2931.0,-2.000,7.000,0.000,0.000,0.000,0,0,0.812,0,0.059,0.095,0.006,0.093,0.029,0.00,1.12,1.44,4.90,0.00,25.60,27.62,16.81,8.40,11.39,7.18,0.58,0.58,1.42,2.14,2.42,1.65,14.01,11.20,10.15,12.04,58.82,0.00,8.58,3.68,0.00,0.00,0.78,0.78,1.52,1.25,1.55,1.51,1.46,1.29,0.00,0.00,0.00,0.00,0.00,0.00,0.00,0.00,0.00,0.00,0.00,0.00,0.00,0.00,0.00,0.00,0.00,0.00,0.00,0.00,0.00,0.00,0.00,0.00,0.00,0.00,0.00,0.00,0.00,0.00,0.00,0.00,0.00,0.00,0.00,0.00,0.00,0.00,0.00,0.00,0.00,0.00,0.00,0.00,0.00,0.00,0.00,0.00,0.00,0.00,0.00,0.00,0.00,0.00,0.00,0.00,0.00,0.00,0.00,0.00,1.74,0.35,4.52,3.36,2.63,3.10,9.75,9.76,0.00,0.00,0.00,3.68,0.00,1.00,0.00,0.00,0.30,0.39,1.59,0.00,0.00,0.00,0.00,0.00,0.00,0.00,0.00,0.00,0.00,0.00,58.82,0.00,0.00,0.00,0.00,0.00,0.00,0.00,0.00,0.00,0.00,0.00,0.00,0.00,0.00,0.00,0.00,0.00,0.00,0.00,0.00,0.00,0.00,0.00,0.00,0.00,0.00,0.00,0.00,0.00,0.00,0.00,0.00,0.00,0.00,0.00,0.00,0.00,0.00,0.00,0.00,0.00,0.00,0.00,0.00,0.00,0.00,0.00,0.00,0.00,0.00,0.00,0.00,0.00,0.00,0.00,0.00,0.00,0.00,0.00,0.00,0.00,0.00,0.00,0.00,0.00,58.82,0.00,0.00,0.00,0.00,0.00,0.00,0.00,0.00,0.00,0.00,0.00,0.00,0.00,0.00,0.00,0.00,0.00,0.00,0.00,0.00,0.00,0.00,0.00,0.00,0.00,0.00,0.00,0.00,0.00,0.00,0.00,0.00,0.00,0.00,0.00,0.00,0.00,0.00,0.00,0.00,0.00,0.00,0.00,0.00,0.00,0.00,0.00,0.00,1.57,3.03,1.56,2.18,1.91,1.33,1.44,1.07,0.00,9.80,1.62,2.67,1.20,0.68,4.90,4.52,0.00,1.81,3.57,1.96,1.96,2.94,0.98,2.80,0.41,0.00,0.00,0.61,0.52,0.00,0.00,9.80,0.00,0.00,0.00,1.01,1.41,0.00,0.75,0.44,0.00,0.00,2.60,3.92,0.00,0.00,0.00,0.00,1.57,1.50,0.00,0.00,0.00,0.00,0.00,0.00,6.54,2.26,1.78,0.46,2.77,1.84,1.93,1.38,3.04,3.61,18.10,15.84,14.71,14.71,58.82,0.00,0.00,0.00,0.00,0.00,0.00,0.00
3031.0,-2.000,7.000,0.000,0.000,0.000,0,0,0.812,0,0.043,0.048,0.036,0.018,0.046,0.00,1.12,1.24,0.00,0.00,28.05,27.89,8.40,0.00,10.87,10.26,0.96,0.75,2.48,1.78,1.44,1.77,14.01,11.20,6.69,9.54,0.00,58.82,6.13,3.68,0.00,0.00,0.00,0.00,1.41,1.58,0.00,1.51,0.64,2.21,0.00,0.00,0.00,0.00,0.00,0.00,0.00,0.00,5.88,0.00,0.00,0.00,0.00,0.00,0.00,0.00,0.00,0.00,0.00,0.00,0.00,0.00,0.00,0.00,0.00,0.00,0.00,0.00,0.00,0.00,0.00,0.00,0.00,0.00,0.00,0.00,0.00,0.00,0.00,0.00,0.00,0.00,0.00,0.00,0.00,0.00,0.00,0.00,0.00,0.00,0.00,0.00,0.00,0.00,0.00,0.00,0.00,0.00,0.00,0.00,0.35,0.35,9.05,1.68,2.59,3.78,10.16,10.90,0.00,0.00,0.00,0.00,1.00,1.99,0.00,0.00,0.61,0.78,0.00,0.00,0.00,0.00,0.00,0.00,0.00,0.00,58.82,0.00,0.00,0.00,0.00,0.00,0.00,0.00,0.00,0.00,0.00,2.56,0.00,0.00,0.00,0.00,0.00,0.00,0.00,0.00,0.00,0.00,0.00,0.00,0.00,0.00,0.00,0.00,0.00,0.00,0.00,0.00,0.00,0.00,0.00,0.00,0.00,0.00,0.00,0.00,0.00,0.00,0.00,0.00,0.00,0.00,58.82,0.00,0.00,0.00,0.00,0.00,0.00,0.00,0.00,0.00,0.00,0.00,0.00,0.00,0.00,0.00,0.00,0.00,0.00,0.00,0.00,0.00,0.00,0.00,0.00,0.00,0.00,0.00,0.00,0.00,0.00,0.00,0.00,0.00,0.00,0.00,0.00,0.00,0.00,0.00,0.00,0.00,0.00,0.00,0.00,0.00,0.00,0.00,0.00,0.00,0.00,0.00,0.00,0.00,0.00,0.00,0.00,0.00,0.00,0.00,0.00,0.00,0.00,0.00,0.00,0.00,0.00,0.00,0.00,0.00,0.00,0.00,0.00,0.00,0.61,1.56,1.51,1.63,1.74,0.96,2.41,0.00,0.00,1.24,1.74,2.80,0.68,0.00,0.00,0.00,0.00,0.89,0.98,5.88,0.00,0.00,1.40,0.41,0.00,0.00,0.61,1.04,0.00,8.40,0.00,4.20,1.87,1.93,0.97,0.76,0.00,0.62,0.78,0.00,0.00,0.87,3.92,0.00,0.00,0.00,0.00,1.00,1.05,0.00,0.00,0.00,0.00,0.00,0.00,2.18,2.26,1.34,1.82,2.08,3.06,0.96,0.69,2.54,1.03,6.79,4.52,0.00,0.00,0.00,0.00,0.00,0.00,0.00,0.00,0.00,0.00
3131.0,-2.000,7.000,0.000,0.000,0.000,0,0,0.812,0,0.000,0.000,0.000,0.003,0.096,4.20,0.91,1.24,0.00,4.90,28.59,29.27,8.40,16.81,9.32,9.75,0.92,0.71,2.13,2.85,1.69,1.20,11.20,8.40,8.77,5.68,58.82,0.00,2.45,11.03,0.00,0.00,0.78,0.00,1.10,1.13,0.00,3.02,1.28,1.01,0.00,0.00,0.00,0.00,0.00,0.00,0.00,3.92,2.94,3.10,0.00,0.00,0.00,0.00,0.00,0.00,0.00,0.00,0.00,0.00,0.00,0.00,0.00,0.00,0.00,0.00,0.00,0.00,0.00,0.00,0.00,0.00,0.00,0.00,0.00,0.00,0.00,0.00,0.00,0.00,0.00,0.00,0.00,0.00,0.00,0.00,0.00,0.00,0.00,0.00,0.00,0.00,0.00,0.00,0.00,0.00,0.00,0.00,0.00,0.00,0.00,1.41,3.02,3.36,2.93,3.32,11.04,10.28,0.00,0.00,0.00,0.00,0.00,0.00,0.00,0.00,0.61,0.97,0.00,0.00,0.00,0.00,0.00,0.00,0.00,0.00,0.00,0.00,0.00,0.00,0.00,0.00,0.00,0.00,0.00,0.00,2.45,0.00,0.00,0.00,0.00,0.00,0.00,0.00,0.00,0.00,0.00,0.00,0.00,0.00,0.00,0.00,0.00,0.00,0.00,0.00,0.00,0.00,0.00,0.00,0.00,0.00,0.00,0.00,0.00,0.00,0.00,0.00,0.00,0.00,0.00,0.00,0.00,0.00,0.00,58.82,0.00,0.00,0.00,0.00,0.00,0.00,0.00,0.00,0.00,0.00,0.00,0.00,0.00,58.82,0.00,0.00,0.00,0.00,0.00,0.00,0.00,0.00,0.00,0.00,0.00,0.00,0.00,0.00,0.00,0.00,0.00,0.00,0.00,0.00,0.00,0.00,0.00,0.00,0.00,0.00,0.00,0.00,0.00,0.00,0.00,0.00,0.00,0.00,0.00,0.00,0.00,0.00,0.00,0.00,0.00,0.00,0.00,0.00,0.00,0.00,0.00,0.00,0.00,0.00,0.00,0.00,0.00,0.00,0.00,0.00,0.61,1.36,1.34,1.83,1.59,0.96,1.60,0.00,0.00,1.87,2.14,2.00,1.71,0.00,0.00,0.00,0.00,6.24,0.98,2.94,1.96,0.00,1.40,1.24,4.52,11.76,0.61,0.52,0.00,0.00,0.00,2.10,2.80,1.93,1.16,1.83,0.00,0.62,0.89,0.00,0.00,0.00,2.61,0.00,0.00,6.54,0.00,1.04,1.05,0.00,0.00,0.00,0.00,0.00,0.00,0.00,0.00,0.45,0.00,0.00,1.23,0.96,2.77,1.01,1.55,2.26,11.31,0.00,0.00,0.00,0.00,0.00,0.00,0.00,0.00,0.00,0.00
3231.0,-2.000,7.000,0.000,0.000,0.000,0,0,0.813,0,0.093,0.102,0.079,0.053,0.097,4.20,1.12,1.51,9.80,0.00,27.51,24.86,16.81,0.00,12.59,9.40,0.54,0.54,3.54,2.14,1.92,1.52,5.60,5.60,8.07,7.95,58.82,58.82,8.58,7.35,0.00,0.00,0.00,0.00,1.15,0.99,1.55,1.51,1.09,1.01,0.00,0.00,19.61,0.00,0.00,0.00,0.00,3.92,0.00,0.00,0.00,0.00,0.00,0.00,0.00,0.00,0.00,0.00,0.00,0.00,0.00,0.00,0.00,0.00,0.00,0.00,0.00,0.00,0.00,0.00,0.00,0.00,0.00,0.00,0.00,0.00,0.00,0.00,0.00,0.00,0.00,0.00,0.00,0.00,0.00,0.00,0.00,0.00,0.00,0.00,0.00,0.00,0.00,0.00,0.00,0.00,0.00,0.00,0.00,0.00,0.70,0.35,9.05,5.04,2.20,3.19,9.39,8.83,0.00,0.00,0.00,0.00,1.00,0.00,0.00,0.00,0.91,0.39,0.00,0.00,0.00,0.00,0.00,0.00,0.00,0.00,0.00,0.00,0.00,0.00,0.00,0.00,0.00,0.00,0.00,0.00,0.00,0.00,0.00,0.00,0.00,0.00,0.00,0.00,0.00,0.00,0.00,0.00,0.00,0.00,0.00,0.00,0.00,0.00,0.00,0.00,0.00,0.00,0.00,0.00,0.00,0.00,0.00,0.00,0.00,0.00,0.00,0.00,0.00,0.00,0.00,0.00,0.00,0.00,0.00,0.00,0.00,0.00,0.00,0.00,0.00,0.00,0.00,0.00,0.00,0.00,0.00,0.00,0.00,0.00,0.00,0.00,0.00,0.00,0.00,0.00,0.00,0.00,0.00,0.00,0.00,0.00,0.00,0.00,0.00,0.00,0.00,0.00,0.00,0.00,0.00,0.00,0.00,0.00,0.00,0.00,0.00,0.00,0.00,0.00,0.00,0.00,0.00,0.00,0.00,0.00,0.00,0.00,0.00,0.00,0.00,0.00,0.00,0.00,0.00,0.00,0.00,0.00,0.00,0.00,0.00,0.00,0.00,0.00,0.00,0.78,0.00,0.97,0.50,1.44,1.17,1.92,1.07,9.80,0.00,1.87,1.20,1.60,3.42,0.00,0.00,0.00,0.90,0.89,0.00,0.00,1.96,0.98,0.70,0.83,18.10,5.88,0.00,1.04,0.00,8.40,0.00,0.00,0.00,0.96,0.82,0.91,0.00,0.75,1.00,0.00,0.00,0.87,3.92,0.00,0.00,0.00,0.00,0.91,0.94,0.00,0.00,0.00,0.00,0.00,0.00,4.36,0.00,0.00,0.46,1.38,0.61,0.96,0.69,3.04,1.55,2.26,4.52,0.00,0.00,0.00,0.00,0.00,0.00,0.00,0.00,0.00,0.00
3331.0,-2.000,7.000,0.000,0.000,0.000,0,0,0.813,0,0.143,0.164,0.111,0.182,0.141,0.00,0.70,0.66,9.80,0.00,26.42,32.86,8.40,8.40,9.49,9.40,0.67,0.42,1.06,4.28,1.92,3.19,8.40,16.81,9.00,9.31,58.82,58.82,7.35,11.03,0.00,0.00,0.00,0.78,1.19,1.23,0.00,0.00,1.92,1.57,0.00,0.00,0.00,0.00,0.00,0.00,0.00,0.00,0.00,0.00,0.00,0.00,0.00,0.00,0.00,0.00,0.00,0.00,0.00,0.00,0.00,0.00,0.00,0.00,0.00,0.00,0.00,0.00,0.00,0.00,0.00,0.00,0.00,0.00,0.00,0.00,0.00,0.00,0.00,0.00,0.00,0.00,0.00,0.00,0.00,0.00,0.00,0.00,0.00,0.00,0.00,0.00,0.00,0.00,0.00,0.00,0.00,0.00,0.00,0.00,0.70,1.06,0.00,8.40,3.88,3.32,10.83,9.71,14.71,0.00,0.00,7.35,1.00,1.00,0.00,0.00,0.91,0.39,0.00,1.59,0.00,0.00,0.00,0.00,0.00,0.00,0.00,0.00,0.00,0.00,0.00,0.00,58.82,0.00,0.00,0.00,2.45,0.00,0.00,0.00,0.00,0.00,0.00,0.00,0.00,0.00,0.00,0.00,0.00,0.00,0.00,0.00,0.00,0.00,0.00,0.00,0.00,0.00,0.00,29.41,0.00,0.00,0.00,0.00,0.00,0.00,0.00,0.00,0.00,0.00,0.00,0.00,0.00,0.00,0.00,0.00,0.00,0.00,0.00,0.00,0.00,0.00,0.00,0.00,0.00,0.00,0.00,0.00,58.82,29.41,58.82,0.00,0.00,0.00,0.00,0.00,0.00,0.00,0.00,0.00,0.00,0.00,0.00,0.00,0.00,0.00,0.00,0.00,0.00,0.00,0.00,0.00,0.00,0.00,0.00,0.00,0.00,0.00,0.00,0.00,0.00,0.00,0.00,0.00,0.00,0.00,0.00,0.00,0.00,0.00,0.00,0.00,0.00,0.00,0.00,0.00,0.00,0.00,0.00,0.00,0.00,0.00,0.00,0.00,0.00,1.57,1.21,0.78,0.67,1.49,1.46,2.64,1.87,0.00,0.00,1.24,1.47,2.40,1.37,0.00,0.00,29.41,1.81,2.67,3.92,6.86,0.00,8.82,1.40,0.00,22.62,0.00,0.61,0.52,0.00,0.00,0.00,0.00,0.00,0.96,0.64,0.76,0.00,0.50,0.89,0.00,0.00,0.00,0.00,0.00,0.00,0.00,0.00,0.86,0.87,0.00,0.00,0.00,0.00,0.00,0.00,0.00,2.26,0.89,0.46,0.00,2.45,0.96,0.00,2.54,0.00,6.79,27.15,0.00,0.00,0.00,0.00,0.00,0.00,0.00,0.00,0.00,0.00
3431.0,-2.000,7.000,0.000,0.000,0.000,0,0,0.814,0,0.035,0.031,0.041,0.087,0.213,0.00,1.47,1.05,0.00,0.00,27.23,26.51,8.40,8.40,7.42,10.77,0.71,0.50,1.42,1.78,1.48,2.08,0.00,11.20,7.61,11.36,0.00,0.00,3.68,2.45,0.00,0.00,3.14,0.00,1.12,1.31,1.55,0.00,1.37,1.01,0.00,0.00,0.00,0.00,0.00,0.00,0.00,3.92,0.00,0.00,0.00,0.00,0.00,0.00,0.00,0.00,0.00,0.00,0.00,0.00,0.00,0.00,0.00,0.00,0.00,0.00,0.00,0.00,0.00,0.00,0.00,0.00,0.00,0.00,0.00,0.00,0.00,0.00,0.00,0.00,0.00,0.00,0.00,0.00,0.00,0.00,0.00,0.00,0.00,0.00,0.00,0.00,0.00,0.00,0.00,0.00,0.00,0.00,0.00,0.00,0.00,1.06,6.03,3.36,3.28,2.87,10.37,9.76,0.00,0.00,9.05,0.00,0.00,1.99,0.00,0.00,1.22,1.36,0.00,0.00,0.00,0.00,0.00,0.00,0.00,0.00,0.00,58.82,0.00,0.00,0.00,0.00,0.00,0.00,0.00,0.00,0.00,0.00,0.00,0.00,0.00,0.00,0.00,0.00,0.00,0.00,0.00,0.00,0.00,0.00,0.00,0.00,0.00,0.00,0.00,0.00,0.00,0.00,0.00,0.00,0.00,0.00,0.00,0.00,0.00,0.00,0.00,0.00,0.00,0.00,0.00,0.00,0.00,0.00,0.00,0.00,0.00,0.00,0.00,0.00,0.00,0.00,0.00,0.00,0.00,0.00,0.00,0.00,0.00,0.00,0.00,0.00,0.00,0.00,0.00,0.00,0.00,0.00,0.00,0.00,0.00,0.00,0.00,0.00,0.00,0.00,0.00,0.00,0.00,0.00,0.00,0.00,0.00,0.00,0.00,0.00,0.00,0.00,0.00,0.00,0.00,0.00,0.00,0.00,0.00,0.00,0.00,0.00,0.00,0.00,0.00,0.00,0.00,0.00,0.00,0.00,0.00,0.00,0.00,0.00,0.00,0.00,0.00,0.00,0.00,2.35,0.00,1.36,1.51,0.94,1.40,1.44,2.67,0.00,19.61,1.99,1.34,1.20,0.34,4.90,4.52,0.00,0.90,0.89,7.84,2.94,3.92,1.96,0.70,0.41,0.00,17.65,1.82,1.04,0.00,0.00,9.80,2.10,0.00,1.93,1.12,1.18,0.00,0.50,0.44,0.00,0.00,0.00,1.31,0.00,0.00,0.00,0.00,0.77,0.98,0.00,0.00,0.00,0.00,0.00,0.00,0.00,0.00,0.00,0.91,0.69,3.68,0.00,0.00,2.54,2.58,0.00,11.31,0.00,0.00,0.00,0.00,0.00,0.00,0.00,0.00,0.00,6.54
3531.0,-2.000,7.000,0.000,0.000,0.000,0,0,0.814,0,0.007,0.006,0.008,0.016,0.040,0.00,1.12,1.31,0.00,0.00,29.96,28.45,0.00,0.00,8.63,9.58,0.50,0.71,1.77,3.21,1.69,2.02,11.20,16.81,8.30,8.86,58.82,0.00,8.58,7.35,0.00,0.00,1.57,0.78,1.27,1.30,0.00,0.00,2.37,0.92,0.00,0.00,0.00,0.00,0.00,2.80,4.52,0.00,0.00,0.00,0.00,0.00,0.00,0.00,0.00,0.00,0.00,0.00,0.00,0.00,0.00,0.00,0.00,0.00,0.00,0.00,0.00,0.00,0.00,0.00,0.00,0.00,0.00,0.00,0.00,0.00,0.00,0.00,0.00,0.00,0.00,0.00,0.00,0.00,0.00,0.00,0.00,0.00,0.00,0.00,0.00,0.00,0.00,0.00,0.00,0.00,0.00,0.00,0.00,0.00,0.35,0.00,7.54,5.04,3.19,3.32,10.42,10.95,0.00,0.00,0.00,3.68,1.99,0.00,0.00,0.00,0.61,0.39,1.59,0.00,0.00,0.00,0.00,0.00,0.00,0.00,0.00,0.00,0.00,0.00,0.00,0.00,0.00,0.00,0.00,0.00,0.00,0.00,0.00,0.00,0.00,0.00,0.00,0.00,0.00,0.00,0.00,0.00,0.00,0.00,0.00,0.00,0.00,0.00,0.00,0.00,0.00,0.00,0.00,0.00,0.00,0.00,0.00,0.00,0.00,0.00,0.00,0.00,0.00,0.00,0.00,0.00,0.00,0.00,0.00,0.00,0.00,0.00,0.00,0.00,0.00,0.00,0.00,0.00,0.00,0.00,0.00,0.00,0.00,0.00,0.00,0.00,0.00,0.00,0.00,0.00,0.00,0.00,0.00,0.00,0.00,0.00,0.00,0.00,0.00,0.00,0.00,0.00,0.00,0.00,0.00,0.00,0.00,0.00,0.00,0.00,0.00,0.00,0.00,0.00,0.00,0.00,0.00,0.00,0.00,0.00,0.00,0.00,0.00,0.00,0.00,0.00,0.00,0.00,0.00,0.00,0.00,0.00,0.00,0.00,0.00,0.00,0.00,0.00,0.00,1.57,0.00,0.39,1.01,1.74,2.00,1.44,0.53,0.00,0.00,2.11,1.87,2.00,1.37,4.90,4.52,0.00,9.95,2.67,11.76,3.92,9.80,2.94,0.00,1.24,13.57,0.00,0.00,0.52,0.00,0.00,9.80,0.00,1.87,0.96,2.51,1.98,0.00,0.62,0.11,0.00,0.00,2.60,0.00,0.00,8.40,0.00,5.88,0.86,1.06,0.00,0.00,0.00,0.00,0.00,0.00,2.18,0.00,0.00,1.37,2.08,1.23,3.86,0.69,3.04,1.03,2.26,0.00,0.00,0.00,0.00,0.00,0.00,0.00,0.00,0.00,0.00,0.00
3631.0,-2.000,7.000,0.000,0.000,0.000,0,0,0.814,0,0.065,0.093,0.022,0.003,0.247,0.00,1.19,1.05,0.00,0.00,28.87,30.10,0.00,0.00,9.32,11.63,0.87,0.54,2.48,3.57,1.57,1.68,8.40,11.20,8.77,9.31,0.00,0.00,8.58,8.58,0.00,0.00,0.00,0.78,1.20,1.12,0.00,0.00,1.00,1.38,0.00,0.00,19.61,0.00,0.00,0.00,0.00,3.92,0.00,0.00,0.00,0.00,0.00,0.00,0.00,0.00,0.00,0.00,0.00,0.00,0.00,0.00,0.00,0.00,0.00,0.00,0.00,0.00,0.00,0.00,0.00,0.00,0.00,0.00,0.00,0.00,0.00,0.00,0.00,0.00,0.00,0.00,0.00,0.00,0.00,0.00,0.00,0.00,0.00,0.00,0.00,0.00,0.00,0.00,0.00,0.00,0.00,0.00,0.00,0.00,0.35,0.70,9.05,3.36,3.63,3.55,11.86,10.95,0.00,0.00,0.00,7.35,1.00,1.00,0.00,0.00,0.91,0.19,1.59,0.00,0.00,0.00,0.00,0.00,0.00,0.00,0.00,0.00,0.00,0.00,0.00,0.00,0.00,0.00,0.00,0.00,0.00,0.00,0.00,0.00,0.00,0.00,0.00,0.00,0.00,0.00,0.00,0.00,0.00,0.00,0.00,0.00,0.00,0.00,0.00,0.00,0.00,0.00,0.00,0.00,0.00,0.00,0.00,0.00,0.00,0.00,0.00,0.00,0.00,0.00,0.00,0.00,0.00,0.00,0.00,0.00,0.00,0.00,0.00,0.00,0.00,0.00,0.00,0.00,0.00,0.00,0.00,0.00,0.00,0.00,0.00,0.00,0.00,0.00,0.00,58.82,0.00,0.00,0.00,0.00,0.00,0.00,0.00,0.00,0.00,0.00,0.00,0.00,0.00,0.00,0.00,0.00,0.00,0.00,0.00,0.00,0.00,0.00,0.00,0.00,0.00,0.00,0.00,0.00,0.00,0.00,0.00,0.00,0.00,0.00,0.00,0.00,0.00,0.00,0.00,0.00,0.00,0.00,0.00,0.00,0.00,0.00,0.00,0.00,0.00,2.35,1.21,1.56,1.34,1.55,1.82,1.92,1.87,0.00,0.00,1.62,2.14,0.40,2.05,4.90,0.00,0.00,0.00,1.78,0.00,0.98,0.98,5.88,0.00,0.41,0.00,0.00,0.61,0.52,0.00,8.40,0.00,0.00,0.00,0.00,0.94,0.72,29.41,0.87,0.67,0.00,0.00,3.46,2.61,0.00,0.00,6.54,0.00,1.00,0.89,0.00,0.00,0.00,0.00,58.82,0.00,0.00,0.00,1.34,0.00,0.69,1.84,2.89,0.00,1.01,3.10,9.05,4.52,0.00,0.00,0.00,0.00,0.00,0.00,0.00,0.00,0.00,0.00
3731.0,-2.000,7.000,0.000,0.000,0.000,0,0,0.815,0,0.038,0.063,0.000,0.001,0.081,0.00,1.19,1.31,4.90,0.00,25.05,24.86,8.40,8.40,8.97,8.72,0.54,0.71,2.83,1.07,2.26,0.93,11.20,11.20,11.30,7.95,0.00,0.00,6.13,7.35,0.00,0.00,0.78,0.78,1.18,0.91,0.00,0.00,1.37,1.01,0.00,0.00,0.00,0.00,0.00,2.80,0.00,0.00,0.00,3.10,0.00,0.00,0.00,0.00,0.00,0.00,0.00,0.00,0.00,0.00,0.00,0.00,0.00,0.00,0.00,0.00,0.00,0.00,0.00,0.00,0.00,0.00,0.00,0.00,0.00,0.00,0.00,0.00,0.00,0.00,0.00,0.00,0.00,0.00,0.00,0.00,0.00,0.00,0.00,0.00,0.00,0.00,0.00,0.00,0.00,0.00,0.00,0.00,0.00,0.00,0.35,0.35,3.02,3.36,3.41,2.55,10.32,10.59,0.00,0.00,0.00,0.00,1.00,1.99,0.00,0.00,0.91,0.78,0.00,0.00,0.00,0.00,0.00,0.00,0.00,0.00,0.00,0.00,0.00,0.00,0.00,0.00,0.00,0.00,0.00,0.00,0.00,2.56,0.00,0.00,0.00,0.00,0.00,0.00,0.00,0.00,0.00,0.00,0.00,0.00,0.00,0.00,0.00,0.00,0.00,0.00,0.00,0.00,0.00,0.00,0.00,0.00,0.00,0.00,0.00,0.00,0.00,0.00,0.00,0.00,0.00,0.00,0.00,0.00,0.00,0.00,0.00,0.00,0.00,0.00,0.00,0.00,0.00,0.00,0.00,0.00,0.00,0.00,0.00,0.00,0.00,0.00,0.00,0.00,0.00,0.00,0.00,0.00,0.00,0.00,0.00,0.00,0.00,0.00,0.00,0.00,0.00,0.00,0.00,0.00,0.00,0.00,0.00,0.00,0.00,0.00,0.00,0.00,0.00,0.00,0.00,0.00,0.00,0.00,0.00,0.00,0.00,0.00,0.00,0.00,0.00,0.00,0.00,0.00,0.00,0.00,0.00,0.00,0.00,0.00,0.00,0.00,0.00,0.00,0.00,0.78,0.61,0.97,1.01,1.25,1.51,1.20,1.87,0.00,0.00,1.99,1.74,1.20,1.37,0.00,0.00,0.00,0.00,1.78,1.96,0.98,2.94,0.00,0.70,1.24,0.00,0.00,0.00,1.56,0.00,0.00,0.00,0.00,0.93,0.96,1.05,0.84,0.00,0.25,0.55,0.00,0.00,2.60,1.31,0.00,0.00,0.00,0.00,1.04,1.01,0.00,0.00,0.00,0.00,0.00,0.00,2.18,0.00,0.45,0.00,0.00,0.61,3.86,3.46,2.54,3.10,2.26,2.26,0.00,0.00,0.00,0.00,0.00,0.00,0.00,0.00,0.00,0.00
3831.0,-2.000,7.000,0.000,0.000,0.000,0,0,0.815,0,0.000,0.000,0.000,0.092,0.015,0.00,1.26,1.70,0.00,0.00,26.96,29.83,0.00,0.00,10.18,9.06,0.42,0.50,1.06,1.78,2.12,1.72,5.60,11.20,13.15,8.63,58.82,0.00,7.35,7.35,0.00,0.00,0.00,0.78,1.19,1.14,1.55,0.00,1.82,2.30,0.00,0.00,0.00,0.00,0.00,0.00,0.00,0.00,0.00,0.00,0.00,0.00,0.00,0.00,0.00,0.00,0.00,0.00,0.00,0.00,0.00,0.00,0.00,0.00,0.00,0.00,0.00,0.00,0.00,0.00,0.00,0.00,0.00,0.00,0.00,0.00,0.00,0.00,0.00,0.00,0.00,0.00,0.00,0.00,0.00,0.00,0.00,0.00,0.00,0.00,0.00,0.00,0.00,0.00,0.00,0.00,0.00,0.00,0.00,0.00,0.00,0.70,10.56,1.68,3.32,3.23,9.70,9.97,0.00,0.00,4.52,0.00,1.00,1.99,0.00,0.00,0.30,0.19,1.59,1.59,0.00,0.00,0.00,0.00,0.00,0.00,0.00,58.82,0.00,0.00,0.00,0.00,0.00,0.00,0.00,0.00,0.00,0.00,0.00,0.00,0.00,0.00,0.00,0.00,0.00,0.00,0.00,0.00,0.00,0.00,0.00,0.00,0.00,0.00,0.00,0.00,0.00,0.00,0.00,0.00,0.00,0.00,0.00,0.00,0.00,0.00,0.00,0.00,0.00,0.00,0.00,0.00,0.00,0.00,0.00,0.00,0.00,0.00,0.00,0.00,0.00,0.00,0.00,0.00,0.00,0.00,0.00,0.00,58.82,0.00,0.00,0.00,0.00,0.00,0.00,0.00,0.00,0.00,0.00,0.00,0.00,0.00,0.00,0.00,0.00,0.00,0.00,0.00,0.00,0.00,0.00,0.00,0.00,0.00,0.00,0.00,0.00,0.00,0.00,0.00,0.00,0.00,0.00,0.00,0.00,0.00,0.00,0.00,0.00,0.00,0.00,0.00,0.00,0.00,0.00,0.00,0.00,0.00,0.00,0.00,0.00,0.00,0.00,0.00,0.00,0.00,1.21,1.17,1.34,1.44,1.43,2.16,1.34,0.00,29.41,1.62,2.14,1.60,1.37,0.00,0.00,0.00,3.62,2.67,7.84,1.96,0.98,13.73,0.00,0.41,4.52,0.00,0.00,0.00,0.00,0.00,0.00,0.00,5.60,3.86,2.32,2.70,0.00,0.62,0.11,0.00,0.00,3.46,1.31,0.00,0.00,0.00,0.00,0.80,1.14,0.00,0.00,0.00,0.00,0.00,0.00,2.18,0.00,0.00,0.91,2.08,2.45,0.96,0.00,1.52,3.61,4.52,4.52,0.00,0.00,0.00,0.00,0.00,0.00,0.00,0.00,0.00,0.00
3931.0,-2.000,7.000,0.000,0.000,0.000,0,0,0.816,0,0.000,0.000,0.000,0.048,0.350,4.20,1.12,1.18,0.00,9.80,25.87,26.24,8.40,0.00,8.11,9.23,0.17,0.67,1.06,1.78,1.78,1.56,8.40,2.80,6.92,6.13,58.82,0.00,3.68,2.45,0.00,0.00,0.00,1.57,1.24,1.25,0.00,0.00,0.55,1.84,0.00,0.00,0.00,0.00,0.00,2.80,0.00,3.92,2.94,0.00,0.00,0.00,0.00,0.00,0.00,0.00,0.00,0.00,0.00,0.00,0.00,0.00,0.00,0.00,0.00,0.00,0.00,0.00,0.00,0.00,0.00,0.00,0.00,0.00,0.00,0.00,0.00,0.00,0.00,0.00,0.00,0.00,0.00,0.00,0.00,0.00,0.00,0.00,0.00,0.00,0.00,0.00,0.00,0.00,0.00,0.00,0.00,0.00,0.00,0.00,0.35,0.00,9.05,3.36,3.71,3.41,8.78,10.02,0.00,0.00,9.05,3.68,0.00,1.99,0.00,0.00,2.13,0.19,0.00,0.00,0.00,0.00,0.00,0.00,0.00,0.00,0.00,0.00,0.00,0.00,0.00,0.00,0.00,0.00,0.00,0.00,0.00,0.00,0.00,0.00,0.00,0.00,0.00,0.00,0.00,0.00,0.00,0.00,0.00,0.00,0.00,0.00,0.00,0.00,0.00,0.00,0.00,0.00,0.00,0.00,0.00,0.00,0.00,0.00,0.00,0.00,0.00,0.00,0.00,0.00,0.00,0.00,0.00,0.00,0.00,0.00,0.00,0.00,0.00,0.00,0.00,0.00,0.00,0.00,0.00,0.00,0.00,0.00,58.82,0.00,0.00,0.00,0.00,0.00,0.00,0.00,0.00,0.00,0.00,0.00,0.00,0.00,0.00,0.00,0.00,0.00,0.00,0.00,0.00,0.00,0.00,0.00,0.00,0.00,0.00,0.00,0.00,0.00,0.00,0.00,0.00,0.00,0.00,0.00,0.00,0.00,0.00,0.00,0.00,0.00,0.00,0.00,0.00,0.00,0.00,0.00,0.00,0.00,0.00,0.00,0.00,0.00,0.00,0.00,0.00,0.00,1.21,0.39,1.68,1.33,1.22,1.44,1.60,0.00,0.00,1.87,1.20,0.80,1.03,0.00,4.52,0.00,1.81,6.24,3.92,7.84,0.00,8.82,0.00,0.41,18.10,0.00,0.61,0.00,0.00,8.40,0.00,2.10,2.80,10.61,2.62,2.97,0.00,0.37,1.11,0.00,0.00,1.73,0.00,0.00,0.00,0.00,0.00,0.91,1.04,0.00,0.00,0.00,0.00,0.00,0.00,0.00,0.00,0.00,0.91,1.38,2.45,0.00,0.00,3.04,3.10,4.52,2.26,0.00,0.00,0.00,0.00,0.00,0.00,0.00,0.00,0.00,0.00
4031.0,-2.000,7.000,0.000,0.000,0.000,0,0,0.816,0,0.049,0.082,0.000,0.009,0.339,0.00,0.70,0.72,0.00,0.00,32.41,28.72,16.81,8.40,8.45,7.69,0.62,0.58,2.48,1.78,2.46,2.24,25.21,11.20,10.15,10.45,58.82,58.82,6.13,9.80,0.00,0.00,1.57,0.00,1.17,1.06,1.55,0.00,1.46,1.20,0.00,0.00,0.00,0.00,0.00,0.00,0.00,0.00,0.00,3.10,0.00,0.00,0.00,0.00,0.00,0.00,0.00,0.00,0.00,0.00,0.00,0.00,0.00,0.00,0.00,0.00,0.00,0.00,0.00,0.00,0.00,0.00,0.00,0.00,0.00,0.00,0.00,0.00,0.00,0.00,0.00,0.00,0.00,0.00,0.00,0.00,0.00,0.00,0.00,0.00,0.00,0.00,0.00,0.00,0.00,0.00,0.00,0.00,0.00,0.00,0.35,0.35,7.54,8.40,2.98,2.64,10.52,10.64,0.00,0.00,0.00,0.00,1.99,1.00,0.00,0.00,0.61,0.97,0.00,0.00,0.00,0.00,0.00,0.00,0.00,0.00,0.00,0.00,0.00,0.00,0.00,0.00,0.00,0.00,0.00,0.00,0.00,0.00,0.00,0.00,0.00,0.00,0.00,0.00,0.00,0.00,0.00,0.00,0.00,0.00,0.00,0.00,0.00,0.00,0.00,0.00,0.00,0.00,58.82,29.41,0.00,0.00,0.00,58.82,0.00,0.00,0.00,0.00,0.00,0.00,0.00,0.00,0.00,0.00,0.00,0.00,0.00,0.00,0.00,0.00,0.00,0.00,0.00,0.00,0.00,0.00,0.00,0.00,0.00,0.00,0.00,0.00,0.00,0.00,0.00,0.00,0.00,0.00,0.00,0.00,0.00,0.00,0.00,0.00,0.00,0.00,0.00,0.00,0.00,0.00,0.00,0.00,0.00,0.00,0.00,0.00,0.00,0.00,0.00,0.00,0.00,0.00,0.00,0.00,0.00,0.00,0.00,0.00,0.00,0.00,0.00,0.00,0.00,0.00,0.00,0.00,0.00,0.00,0.00,0.00,0.00,0.00,0.00,0.00,0.00,0.00,2.43,1.75,2.18,1.69,2.06,0.72,1.07,0.00,0.00,1.74,1.47,2.40,0.68,0.00,0.00,0.00,4.52,0.89,2.94,5.88,0.00,1.96,1.40,1.24,4.52,5.88,0.61,1.04,0.00,0.00,0.00,2.10,1.87,1.93,1.61,1.71,0.00,0.62,0.55,0.00,0.00,2.60,3.92,7.35,0.00,0.00,0.00,1.47,0.89,0.00,0.00,0.00,0.00,0.00,0.00,2.18,2.26,0.45,1.37,2.77,1.84,2.89,2.08,1.01,0.52,20.36,4.52,0.00,0.00,0.00,0.00,0.00,0.00,0.00,0.00,0.00,0.00
4131.0,-2.000,7.000,0.000,0.000,0.000,0,0,0.816,0,0.089,0.109,0.058,0.072,0.224,0.00,0.77,0.72,0.00,4.90,25.05,29.55,16.81,8.40,10.70,13.51,0.42,0.54,0.71,4.63,0.91,1.49,14.01,11.20,9.92,8.40,58.82,58.82,6.13,3.68,0.00,0.00,0.78,0.00,1.19,1.22,0.00,0.00,0.73,1.66,0.00,0.00,0.00,0.00,0.00,0.00,0.00,0.00,5.88,3.10,0.00,0.00,0.00,0.00,0.00,0.00,0.00,0.00,0.00,0.00,0.00,0.00,0.00,0.00,0.00,0.00,0.00,0.00,0.00,0.00,0.00,0.00,0.00,0.00,0.00,0.00,0.00,0.00,0.00,0.00,0.00,0.00,0.00,0.00,0.00,0.00,0.00,0.00,0.00,0.00,0.00,0.00,0.00,0.00,0.00,0.00,0.00,0.00,0.00,0.00,1.04,0.35,6.03,10.08,3.24,2.60,10.42,11.21,0.00,0.00,0.00,0.00,1.00,0.00,0.00,0.00,0.91,0.58,1.59,0.00,0.00,0.00,0.00,0.00,0.00,0.00,0.00,0.00,0.00,0.00,0.00,0.00,0.00,0.00,0.00,0.00,0.00,0.00,0.00,0.00,0.00,0.00,0.00,0.00,0.00,0.00,0.00,0.00,0.00,0.00,0.00,0.00,0.00,0.00,0.00,0.00,0.00,0.00,0.00,0.00,0.00,58.82,0.00,0.00,0.00,0.00,0.00,0.00,0.00,0.00,0.00,0.00,0.00,0.00,0.00,0.00,0.00,0.00,0.00,0.00,0.00,0.00,0.00,0.00,0.00,0.00,0.00,0.00,29.41,0.00,0.00,0.00,0.00,0.00,19.61,0.00,0.00,0.00,0.00,0.00,0.00,0.00,0.00,0.00,0.00,0.00,0.00,0.00,0.00,0.00,0.00,0.00,0.00,0.00,0.00,0.00,0.00,0.00,0.00,0.00,0.00,0.00,0.00,0.00,0.00,0.00,0.00,0.00,0.00,0.00,0.00,0.00,0.00,0.00,0.00,0.00,0.00,0.00,0.00,0.00,0.00,0.00,0.00,0.00,0.00,0.78,1.21,1.17,0.84,1.88,1.77,0.96,1.60,0.00,0.00,1.49,1.60,1.20,1.37,4.90,0.00,0.00,0.00,0.89,2.94,2.94,3.92,0.98,0.70,0.00,13.57,11.76,1.82,2.08,0.00,0.00,0.00,0.00,1.87,0.96,1.23,0.99,0.00,0.50,0.33,0.00,0.00,0.87,1.31,0.00,0.00,0.00,0.00,1.04,0.92,0.00,0.00,0.00,0.00,0.00,0.00,0.00,0.00,0.45,1.82,0.69,1.23,2.89,0.69,2.03,2.58,4.52,15.84,0.00,0.00,0.00,0.00,0.00,0.00,0.00,0.00,0.00,0.00
4231.0,-2.000,7.000,0.000,0.000,0.000,0,0,0.817,0,0.053,0.021,0.101,0.174,0.182,0.00,2.04,1.24,9.80,4.90,30.23,28.17,0.00,0.00,9.49,8.55,0.62,0.50,1.77,3.21,2.62,2.54,5.60,11.20,9.92,6.81,58.82,0.00,6.13,9.80,0.00,0.00,0.78,0.00,1.25,1.17,0.00,0.00,2.28,1.94,0.00,0.00,0.00,0.00,0.00,0.00,0.00,3.92,0.00,0.00,0.00,0.00,0.00,0.00,0.00,0.00,0.00,0.00,0.00,0.00,0.00,0.00,0.00,0.00,0.00,0.00,0.00,0.00,0.00,0.00,0.00,0.00,0.00,0.00,0.00,0.00,0.00,0.00,0.00,0.00,0.00,0.00,0.00,0.00,0.00,0.00,0.00,0.00,0.00,0.00,0.00,0.00,0.00,0.00,0.00,0.00,0.00,0.00,0.00,0.00,0.70,0.35,6.03,6.72,4.14,3.32,10.93,10.18,0.00,0.00,0.00,0.00,1.00,1.99,0.00,0.00,0.61,0.78,0.00,0.00,0.00,0.00,0.00,0.00,0.00,0.00,0.00,0.00,0.00,0.00,0.00,0.00,0.00,0.00,0.00,0.00,2.45,0.00,0.00,0.00,0.00,0.00,0.00,0.00,0.00,0.00,0.00,0.00,0.00,0.00,0.00,0.00,0.00,0.00,0.00,0.00,0.00,0.00,0.00,0.00,0.00,0.00,0.00,0.00,0.00,0.00,0.00,0.00,0.00,0.00,0.00,0.00,0.00,0.00,0.00,0.00,58.82,0.00,0.00,58.82,0.00,0.00,0.00,0.00,0.00,0.00,0.00,58.82,0.00,0.00,58.82,0.00,0.00,0.00,0.00,0.00,58.82,0.00,0.00,0.00,0.00,0.00,0.00,0.00,0.00,0.00,0.00,0.00,0.00,0.00,0.00,0.00,0.00,0.00,0.00,0.00,0.00,0.00,0.00,0.00,0.00,0.00,0.00,0.00,0.00,0.00,0.00,0.00,0.00,0.00,0.00,0.00,0.00,0.00,0.00,0.00,0.00,0.00,0.00,0.00,0.00,0.00,0.00,0.00,0.00,0.78,0.61,1.56,2.51,1.58,1.38,1.20,2.14,0.00,0.00,2.36,1.74,0.40,0.34,0.00,0.00,0.00,1.81,0.89,3.92,1.96,2.94,0.00,0.70,0.83,4.52,0.00,0.61,1.04,0.00,0.00,0.00,4.20,4.67,1.93,2.28,1.71,0.00,0.75,0.67,0.00,0.00,0.87,1.31,0.00,0.00,0.00,0.00,1.16,1.23,0.00,0.00,0.00,0.00,0.00,0.00,0.00,2.26,1.78,0.46,1.38,2.45,3.86,2.77,2.54,1.55,13.57,15.84,0.00,0.00,0.00,0.00,0.00,0.00,0.00,0.00,0.00,0.00
4331.0,-2.000,7.000,0.000,0.000,0.000,0,0,0.817,0,0.106,0.164,0.019,0.033,0.478,4.20,1.40,0.79,4.90,0.00,28.32,25.41,8.40,16.81,9.66,9.40,0.71,0.83,3.54,3.57,1.76,1.93,11.20,8.40,11.07,9.31,58.82,0.00,7.35,11.03,0.00,0.00,0.78,2.35,1.29,1.25,1.55,3.02,1.00,2.21,58.82,0.00,0.00,0.00,0.00,0.00,0.00,0.00,0.00,0.00,0.00,0.00,0.00,0.00,0.00,0.00,0.00,0.00,0.00,0.00,0.00,0.00,0.00,0.00,0.00,0.00,0.00,0.00,0.00,0.00,0.00,0.00,0.00,0.00,0.00,0.00,0.00,0.00,0.00,0.00,0.00,0.00,0.00,0.00,0.00,0.00,0.00,0.00,0.00,0.00,0.00,0.00,0.00,0.00,0.00,0.00,0.00,0.00,0.00,0.00,0.35,0.35,6.03,8.40,3.63,3.46,10.57,10.75,0.00,0.00,0.00,0.00,2.99,1.00,0.00,0.00,0.61,0.97,0.00,0.00,0.00,0.00,0.00,0.00,0.00,0.00,0.00,0.00,0.00,0.00,0.00,0.00,0.00,58.82,0.00,0.00,0.00,2.56,0.00,0.00,0.00,0.00,0.00,0.00,0.00,0.00,0.00,0.00,0.00,0.00,0.00,0.00,0.00,0.00,0.00,0.00,0.00,29.41,58.82,29.41,58.82,58.82,58.82,58.82,0.00,0.00,0.00,0.00,0.00,0.00,58.82,0.00,0.00,0.00,0.00,0.00,0.00,0.00,0.00,0.00,0.00,0.00,0.00,0.00,0.00,0.00,0.00,0.00,0.00,0.00,0.00,0.00,58.82,0.00,39.22,0.00,0.00,0.00,0.00,0.00,0.00,0.00,0.00,0.00,0.00,0.00,0.00,0.00,0.00,0.00,0.00,0.00,0.00,0.00,0.00,0.00,0.00,0.00,0.00,0.00,0.00,0.00,0.00,0.00,0.00,0.00,0.00,0.00,0.00,0.00,0.00,0.00,0.00,0.00,0.00,0.00,0.00,0.00,0.00,0.00,0.00,0.00,0.00,0.00,0.00,0.78,0.61,1.75,1.17,1.80,1.64,1.92,1.60,0.00,0.00,1.12,2.01,0.40,1.37,4.90,0.00,0.00,1.81,0.89,8.82,1.96,2.94,0.98,0.70,0.41,0.00,11.76,0.61,0.00,8.40,0.00,0.00,0.00,7.47,0.96,3.14,1.94,0.00,0.50,0.22,0.00,0.00,3.46,1.31,0.00,0.00,0.00,0.00,1.17,0.72,0.00,0.00,0.00,0.00,0.00,0.00,0.00,2.26,0.00,0.46,0.00,1.23,0.96,0.00,0.51,0.52,6.79,2.26,0.00,0.00,0.00,0.00,0.00,0.00,0.00,0.00,0.00,0.00
4431.0,-2.000,7.000,0.000,0.000,0.000,0,0,0.818,0,0.020,0.031,0.004,0.006,0.090,0.00,1.19,0.85,4.90,0.00,28.05,22.37,16.81,16.81,7.94,8.89,0.87,0.46,2.48,1.78,2.10,1.68,5.60,8.40,7.84,5.22,58.82,0.00,3.68,6.13,0.00,0.00,0.00,0.00,1.19,1.14,0.00,0.00,0.82,0.92,0.00,0.00,0.00,0.00,0.00,0.00,0.00,0.00,0.00,0.00,0.00,0.00,0.00,0.00,0.00,0.00,0.00,0.00,0.00,0.00,0.00,0.00,0.00,0.00,0.00,0.00,0.00,0.00,0.00,0.00,0.00,0.00,0.00,0.00,0.00,0.00,0.00,0.00,0.00,0.00,0.00,0.00,0.00,0.00,0.00,0.00,0.00,0.00,0.00,0.00,0.00,0.00,0.00,0.00,0.00,0.00,0.00,0.00,0.00,0.00,0.70,0.70,6.03,6.72,3.80,3.19,9.60,9.76,0.00,0.00,0.00,0.00,1.99,1.00,0.00,0.00,1.22,0.97,0.00,0.00,0.00,0.00,0.00,0.00,0.00,0.00,0.00,0.00,0.00,0.00,0.00,0.00,0.00,0.00,0.00,0.00,0.00,2.56,0.00,0.00,0.00,0.00,0.00,0.00,0.00,0.00,0.00,0.00,0.00,0.00,0.00,0.00,0.00,0.00,0.00,0.00,0.00,0.00,0.00,0.00,0.00,0.00,0.00,0.00,0.00,0.00,0.00,0.00,0.00,0.00,0.00,0.00,0.00,0.00,0.00,0.00,0.00,0.00,0.00,0.00,0.00,0.00,0.00,0.00,0.00,0.00,0.00,0.00,0.00,0.00,0.00,0.00,0.00,0.00,0.00,0.00,0.00,0.00,0.00,0.00,0.00,0.00,0.00,0.00,0.00,0.00,0.00,0.00,0.00,0.00,0.00,0.00,0.00,0.00,0.00,0.00,0.00,0.00,0.00,0.00,0.00,0.00,0.00,0.00,0.00,0.00,0.00,0.00,0.00,0.00,0.00,0.00,0.00,0.00,0.00,0.00,0.00,0.00,0.00,0.00,0.00,0.00,0.00,0.00,0.00,0.00,0.00,0.78,1.51,1.83,1.51,3.36,2.67,0.00,0.00,1.37,1.74,2.80,2.05,4.90,0.00,0.00,0.00,2.67,0.00,1.96,4.90,6.86,1.40,0.41,0.00,5.88,0.00,1.04,0.00,8.40,0.00,0.00,0.00,0.96,1.27,1.14,0.00,0.62,0.67,0.00,0.00,0.00,0.00,0.00,0.00,0.00,0.00,0.72,0.93,0.00,0.00,0.00,0.00,0.00,0.00,0.00,2.26,0.45,1.37,0.00,3.06,0.96,0.69,1.52,0.00,4.52,0.00,0.00,0.00,0.00,0.00,0.00,0.00,0.00,0.00,0.00,0.00
4531.0,-2.000,7.000,0.000,0.000,0.000,0,0,0.818,0,0.147,0.227,0.027,0.162,0.301,4.20,0.91,1.11,4.90,0.00,21.79,27.62,0.00,0.00,6.04,10.77,0.67,0.58,2.83,1.43,1.57,1.40,14.01,2.80,7.38,6.13,58.82,0.00,7.35,6.13,0.00,0.00,0.00,0.78,1.12,1.05,0.00,1.51,1.92,2.03,0.00,0.00,0.00,0.00,2.80,0.00,0.00,0.00,0.00,6.19,0.00,0.00,0.00,0.00,0.00,0.00,0.00,0.00,0.00,0.00,0.00,0.00,0.00,0.00,0.00,0.00,0.00,0.00,0.00,0.00,0.00,0.00,0.00,0.00,0.00,0.00,0.00,0.00,0.00,0.00,0.00,0.00,0.00,0.00,0.00,0.00,0.00,0.00,0.00,0.00,0.00,0.00,0.00,0.00,0.00,0.00,0.00,0.00,0.00,0.00,0.35,0.70,4.52,8.40,2.89,3.00,10.93,9.92,0.00,0.00,0.00,0.00,0.00,1.00,0.00,0.00,0.30,0.78,0.00,1.59,0.00,7.35,0.00,0.00,0.00,0.00,0.00,0.00,0.00,0.00,0.00,0.00,0.00,0.00,0.00,0.00,2.45,2.56,0.00,0.00,0.00,0.00,0.00,0.00,0.00,0.00,0.00,0.00,0.00,0.00,0.00,0.00,0.00,0.00,0.00,0.00,0.00,0.00,58.82,29.41,58.82,58.82,0.00,0.00,0.00,0.00,58.82,58.82,0.00,0.00,0.00,0.00,0.00,0.00,0.00,0.00,0.00,0.00,0.00,0.00,0.00,0.00,58.82,0.00,0.00,0.00,0.00,0.00,58.82,0.00,58.82,58.82,58.82,117.65,0.00,0.00,0.00,0.00,0.00,58.82,0.00,0.00,0.00,0.00,0.00,0.00,0.00,0.00,0.00,0.00,0.00,0.00,0.00,0.00,0.00,0.00,0.00,0.00,0.00,0.00,0.00,0.00,0.00,0.00,0.00,0.00,0.00,0.00,0.00,0.00,0.00,0.00,0.00,0.00,0.00,0.00,0.00,0.00,0.00,0.00,0.00,0.00,0.00,0.00,0.00,1.57,4.24,0.78,1.68,1.19,1.53,0.72,2.41,0.00,0.00,0.99,1.07,2.00,1.37,0.00,0.00,0.00,5.43,10.70,10.78,2.94,6.86,6.86,0.00,1.24,27.15,11.76,0.00,1.04,0.00,0.00,0.00,0.00,0.93,2.89,1.83,1.56,0.00,0.75,1.11,0.00,0.00,0.00,1.31,0.00,0.00,0.00,0.00,1.30,1.57,0.00,0.00,0.00,0.00,58.82,117.65,2.18,2.26,0.89,0.00,1.38,1.23,0.96,0.00,0.00,0.52,9.05,6.79,0.00,0.00,0.00,0.00,0.00,0.00,0.00,0.00,0.00,0.00
4631.0,-2.000,7.000,0.000,0.000,0.000,0,0,0.818,0,0.054,0.043,0.070,0.031,0.057,4.20,1.47,1.18,0.00,0.00,31.32,32.31,16.81,0.00,10.87,9.92,0.37,0.83,3.54,1.78,2.49,1.31,11.20,2.80,6.92,9.54,58.82,58.82,6.13,3.68,0.00,0.00,2.35,0.78,1.14,1.15,1.55,0.00,2.46,1.29,0.00,0.00,0.00,0.00,0.00,2.80,0.00,0.00,0.00,0.00,0.00,0.00,0.00,0.00,0.00,0.00,0.00,0.00,0.00,0.00,0.00,0.00,0.00,0.00,0.00,0.00,0.00,0.00,0.00,0.00,0.00,0.00,0.00,0.00,0.00,0.00,0.00,0.00,0.00,0.00,0.00,0.00,0.00,0.00,0.00,0.00,0.00,0.00,0.00,0.00,0.00,0.00,0.00,0.00,0.00,0.00,0.00,0.00,0.00,0.00,0.35,0.00,6.03,5.04,3.58,2.78,10.37,10.85,0.00,0.00,0.00,0.00,1.00,0.00,0.00,0.00,0.00,0.78,1.59,0.00,0.00,7.35,0.00,0.00,0.00,0.00,58.82,0.00,0.00,0.00,0.00,0.00,0.00,0.00,0.00,0.00,0.00,0.00,0.00,0.00,0.00,0.00,0.00,0.00,0.00,0.00,0.00,0.00,0.00,0.00,0.00,0.00,0.00,0.00,0.00,0.00,0.00,0.00,0.00,0.00,0.00,0.00,0.00,0.00,0.00,0.00,0.00,0.00,0.00,0.00,0.00,0.00,0.00,0.00,0.00,0.00,0.00,0.00,0.00,0.00,0.00,0.00,0.00,0.00,0.00,0.00,0.00,0.00,0.00,0.00,0.00,0.00,0.00,0.00,0.00,0.00,0.00,0.00,0.00,0.00,0.00,0.00,0.00,0.00,0.00,0.00,0.00,0.00,0.00,0.00,0.00,0.00,0.00,0.00,0.00,0.00,0.00,0.00,0.00,0.00,0.00,0.00,0.00,0.00,0.00,0.00,0.00,0.00,0.00,0.00,0.00,0.00,0.00,0.00,0.00,0.00,0.00,0.00,0.00,0.00,0.00,0.00,0.00,0.00,0.00,0.78,2.43,0.97,1.01,1.91,1.61,1.44,2.94,0.00,0.00,1.37,1.34,2.00,1.71,4.90,0.00,0.00,5.43,2.67,2.94,12.75,1.96,2.94,0.70,0.41,4.52,0.00,0.00,1.56,0.00,0.00,0.00,0.00,9.34,8.68,2.39,2.28,0.00,0.50,0.89,0.00,0.00,1.73,3.92,0.00,0.00,0.00,5.88,1.08,0.92,0.00,0.00,0.00,0.00,0.00,0.00,2.18,0.00,0.45,0.00,2.77,1.23,0.96,0.69,0.51,1.03,9.05,2.26,0.00,0.00,0.00,0.00,0.00,0.00,0.00,0.00,0.00,0.00
4731.0,-2.000,7.000,0.000,0.000,0.000,0,0,0.819,0,0.010,0.008,0.013,0.006,0.011,0.00,1.05,0.66,4.90,0.00,29.41,22.37,0.00,8.40,9.49,6.33,0.67,0.46,3.54,2.50,1.85,0.86,16.81,8.40,7.84,8.63,58.82,0.00,4.90,7.35,0.00,0.00,1.57,0.78,1.16,1.16,0.00,0.00,1.19,1.29,0.00,0.00,0.00,19.61,2.80,0.00,0.00,0.00,2.94,0.00,0.00,0.00,0.00,0.00,0.00,0.00,0.00,0.00,0.00,0.00,0.00,0.00,0.00,0.00,0.00,0.00,0.00,0.00,0.00,0.00,0.00,0.00,0.00,0.00,0.00,0.00,0.00,0.00,0.00,0.00,0.00,0.00,0.00,0.00,0.00,0.00,0.00,0.00,0.00,0.00,0.00,0.00,0.00,0.00,0.00,0.00,0.00,0.00,0.00,0.00,0.00,1.06,7.54,3.36,3.11,3.60,10.52,10.70,0.00,0.00,0.00,0.00,1.00,0.00,0.00,0.00,1.83,0.97,0.00,1.59,0.00,0.00,0.00,0.00,0.00,0.00,0.00,0.00,0.00,0.00,0.00,0.00,0.00,0.00,0.00,0.00,0.00,0.00,0.00,0.00,0.00,0.00,0.00,0.00,0.00,0.00,0.00,0.00,0.00,0.00,0.00,0.00,0.00,0.00,0.00,0.00,0.00,0.00,0.00,0.00,0.00,0.00,0.00,0.00,0.00,0.00,0.00,0.00,0.00,0.00,0.00,0.00,0.00,0.00,0.00,0.00,0.00,0.00,0.00,0.00,0.00,0.00,0.00,0.00,0.00,0.00,0.00,0.00,0.00,0.00,0.00,0.00,0.00,0.00,0.00,0.00,0.00,0.00,0.00,0.00,0.00,0.00,0.00,0.00,0.00,0.00,0.00,0.00,0.00,0.00,0.00,0.00,0.00,0.00,0.00,0.00,0.00,0.00,0.00,0.00,0.00,0.00,0.00,0.00,0.00,0.00,0.00,0.00,0.00,0.00,0.00,0.00,0.00,0.00,0.00,0.00,0.00,0.00,0.00,0.00,0.00,0.00,0.00,0.00,0.00,0.78,1.21,0.19,1.34,1.85,1.87,1.20,1.60,0.00,0.00,1.37,1.20,0.40,0.34,0.00,4.52,0.00,0.00,0.89,0.00,0.00,0.00,0.98,0.00,0.41,9.05,17.65,1.21,0.00,0.00,8.40,0.00,0.00,0.93,0.96,1.01,0.84,0.00,0.37,0.44,0.00,0.00,1.73,5.23,0.00,0.00,0.00,0.00,1.06,1.18,0.00,0.00,0.00,0.00,0.00,0.00,0.00,0.00,1.34,1.82,0.00,0.61,2.89,6.23,1.01,2.58,2.26,9.05,0.00,0.00,0.00,0.00,0.00,0.00,0.00,0.00,0.00,0.00
4831.0,-2.000,7.000,0.000,0.000,0.000,0,0,0.819,0,0.204,0.222,0.178,0.001,0.122,4.20,0.70,1.97,0.00,0.00,28.32,27.89,0.00,8.40,9.49,11.63,0.46,0.92,2.13,2.85,1.89,1.86,8.40,11.20,6.92,5.45,0.00,58.82,2.45,4.90,0.00,0.00,2.35,0.00,1.19,1.05,3.10,3.02,1.19,1.38,0.00,0.00,0.00,0.00,0.00,0.00,0.00,0.00,0.00,0.00,0.00,0.00,0.00,0.00,0.00,0.00,0.00,0.00,0.00,0.00,0.00,0.00,0.00,0.00,0.00,0.00,0.00,0.00,0.00,0.00,0.00,0.00,0.00,0.00,0.00,0.00,0.00,0.00,0.00,0.00,0.00,0.00,0.00,0.00,0.00,0.00,0.00,0.00,0.00,0.00,0.00,0.00,0.00,0.00,0.00,0.00,0.00,0.00,0.00,0.00,1.39,0.35,6.03,6.72,3.11,3.78,10.11,11.01,14.71,0.00,0.00,0.00,0.00,0.00,0.00,0.00,1.83,0.58,0.00,0.00,0.00,0.00,0.00,0.00,0.00,0.00,0.00,0.00,0.00,0.00,0.00,0.00,0.00,0.00,0.00,0.00,0.00,0.00,0.00,0.00,0.00,0.00,0.00,0.00,0.00,0.00,0.00,0.00,0.00,0.00,0.00,0.00,0.00,0.00,0.00,0.00,0.00,0.00,0.00,0.00,0.00,0.00,0.00,0.00,0.00,58.82,0.00,0.00,0.00,0.00,0.00,0.00,0.00,0.00,0.00,0.00,0.00,0.00,0.00,0.00,58.82,0.00,58.82,58.82,0.00,0.00,0.00,0.00,0.00,0.00,0.00,0.00,58.82,0.00,0.00,0.00,0.00,0.00,0.00,0.00,0.00,0.00,0.00,0.00,0.00,0.00,0.00,0.00,0.00,0.00,0.00,0.00,0.00,0.00,0.00,0.00,0.00,0.00,0.00,0.00,0.00,0.00,0.00,0.00,0.00,0.00,0.00,0.00,0.00,0.00,0.00,0.00,0.00,0.00,0.00,0.00,0.00,0.00,0.00,0.00,0.00,0.00,0.00,0.00,0.00,0.78,0.00,1.17,1.68,1.58,1.46,1.92,1.07,0.00,0.00,1.24,0.80,2.40,1.03,0.00,0.00,0.00,0.90,0.89,0.00,0.00,1.96,0.98,0.00,0.41,4.52,0.00,1.21,1.04,0.00,0.00,0.00,0.00,3.73,0.96,0.86,1.41,0.00,0.87,0.89,0.00,0.00,2.60,2.61,0.00,0.00,0.00,0.00,0.86,0.83,0.00,0.00,0.00,0.00,0.00,0.00,2.18,0.00,0.45,3.19,2.08,3.06,0.96,0.00,1.52,2.06,6.79,6.79,0.00,0.00,0.00,0.00,0.00,0.00,0.00,0.00,0.00,0.00
4931.0,-2.000,7.000,0.000,0.000,0.000,0,0,0.820,0,0.078,0.042,0.133,0.052,0.023,4.20,1.47,1.44,0.00,0.00,25.60,32.04,8.40,16.81,11.04,14.36,0.71,0.79,2.13,2.14,1.60,2.11,11.20,16.81,7.15,12.04,0.00,58.82,4.90,7.35,0.00,0.00,0.78,0.00,1.28,1.42,1.55,0.00,1.28,1.01,0.00,0.00,0.00,0.00,0.00,0.00,4.52,0.00,0.00,0.00,0.00,0.00,0.00,0.00,0.00,0.00,0.00,0.00,0.00,0.00,0.00,0.00,0.00,0.00,0.00,0.00,0.00,0.00,0.00,0.00,0.00,0.00,0.00,0.00,0.00,0.00,0.00,0.00,0.00,0.00,0.00,0.00,0.00,0.00,0.00,0.00,0.00,0.00,0.00,0.00,0.00,0.00,0.00,0.00,0.00,0.00,0.00,0.00,0.00,0.00,0.00,1.06,0.00,11.76,3.11,3.46,11.04,9.86,0.00,0.00,0.00,7.35,0.00,0.00,0.00,0.00,0.61,0.78,0.00,1.59,0.00,0.00,0.00,0.00,0.00,0.00,0.00,0.00,0.00,0.00,0.00,0.00,0.00,0.00,0.00,0.00,0.00,5.12,0.00,0.00,0.00,0.00,0.00,0.00,0.00,0.00,0.00,0.00,0.00,0.00,0.00,0.00,0.00,0.00,0.00,0.00,0.00,0.00,0.00,0.00,0.00,0.00,0.00,0.00,0.00,0.00,0.00,0.00,0.00,0.00,0.00,0.00,0.00,0.00,0.00,0.00,0.00,0.00,0.00,0.00,0.00,0.00,0.00,0.00,0.00,0.00,0.00,0.00,0.00,0.00,0.00,0.00,0.00,0.00,0.00,0.00,0.00,0.00,0.00,0.00,0.00,0.00,0.00,0.00,0.00,0.00,0.00,0.00,0.00,0.00,0.00,0.00,0.00,0.00,0.00,0.00,0.00,0.00,0.00,0.00,0.00,0.00,0.00,0.00,0.00,0.00,0.00,0.00,0.00,0.00,0.00,0.00,0.00,0.00,0.00,0.00,0.00,0.00,0.00,0.00,0.00,0.00,0.00,0.00,0.00,0.00,0.61,1.17,1.51,1.83,1.40,1.44,2.14,0.00,9.80,0.99,1.20,1.60,2.05,4.90,4.52,0.00,10.86,1.78,11.76,7.84,6.86,4.90,1.40,0.41,27.15,23.53,1.82,0.00,0.00,0.00,0.00,0.00,2.80,4.82,3.18,2.36,0.00,0.87,0.55,0.00,0.00,3.46,0.00,0.00,0.00,0.00,0.00,1.18,0.93,0.00,0.00,0.00,0.00,0.00,0.00,0.00,0.00,0.00,0.46,2.08,2.45,0.00,0.00,3.04,1.55,0.00,4.52,0.00,0.00,0.00,0.00,0.00,0.00,0.00,0.00,0.00,0.00
5031.0,-2.000,7.000,0.000,0.000,0.000,0,0,0.820,0,0.161,0.220,0.071,0.102,0.004,0.00,0.49,0.79,0.00,4.90,27.23,27.06,0.00,0.00,8.80,8.89,0.42,0.71,3.19,1.43,1.44,1.49,8.40,5.60,6.00,7.49,0.00,58.82,4.90,3.68,0.00,0.00,0.78,0.78,1.05,1.10,1.55,0.00,0.55,1.20,0.00,0.00,0.00,0.00,0.00,2.80,0.00,0.00,2.94,0.00,0.00,0.00,0.00,0.00,0.00,0.00,0.00,0.00,0.00,0.00,0.00,0.00,0.00,0.00,0.00,0.00,0.00,0.00,0.00,0.00,0.00,0.00,0.00,0.00,0.00,0.00,0.00,0.00,0.00,0.00,0.00,0.00,0.00,0.00,0.00,0.00,0.00,0.00,0.00,0.00,0.00,0.00,0.00,0.00,0.00,0.00,0.00,0.00,0.00,0.00,0.00,0.35,6.03,3.36,3.28,2.82,10.06,10.12,0.00,0.00,0.00,0.00,1.00,0.00,0.00,0.00,0.30,0.97,1.59,0.00,0.00,0.00,0.00,0.00,0.00,0.00,0.00,0.00,0.00,0.00,0.00,0.00,0.00,0.00,0.00,0.00,0.00,0.00,0.00,0.00,0.00,0.00,0.00,0.00,0.00,0.00,0.00,0.00,0.00,0.00,0.00,0.00,0.00,0.00,0.00,0.00,0.00,0.00,0.00,0.00,0.00,0.00,0.00,0.00,0.00,0.00,0.00,0.00,0.00,0.00,0.00,0.00,0.00,0.00,0.00,0.00,0.00,29.41,0.00,0.00,0.00,0.00,0.00,0.00,0.00,0.00,0.00,0.00,0.00,0.00,0.00,0.00,58.82,0.00,0.00,0.00,0.00,0.00,0.00,0.00,0.00,0.00,0.00,0.00,0.00,0.00,0.00,0.00,0.00,0.00,0.00,0.00,0.00,0.00,0.00,0.00,0.00,0.00,0.00,0.00,0.00,0.00,0.00,0.00,0.00,0.00,0.00,0.00,0.00,0.00,0.00,0.00,0.00,0.00,0.00,0.00,0.00,0.00,0.00,0.00,0.00,0.00,0.00,0.00,0.00,0.00,0.00,0.58,0.67,1.38,1.59,1.68,1.60,0.00,0.00,1.37,2.01,0.80,1.37,0.00,0.00,0.00,2.71,3.57,0.98,0.98,0.00,0.98,2.80,0.41,9.05,11.76,1.21,1.04,0.00,0.00,0.00,0.00,0.00,0.96,0.75,0.72,0.00,0.62,0.55,0.00,0.00,2.60,1.31,0.00,0.00,0.00,0.00,0.86,0.61,0.00,0.00,0.00,0.00,0.00,0.00,0.00,0.00,0.45,1.37,0.69,2.45,0.00,0.69,1.01,1.03,2.26,4.52,0.00,0.00,0.00,0.00,0.00,0.00,0.00,0.00,0.00,0.00
5131.0,-2.000,7.000,0.000,0.000,0.000,0,0,0.820,0,0.086,0.134,0.013,0.019,0.241,4.20,0.70,0.92,0.00,0.00,21.51,25.68,8.40,8.40,7.94,9.40,0.87,0.54,2.48,1.78,1.89,1.36,16.81,8.40,8.07,8.63,58.82,0.00,7.35,6.13,0.00,0.00,0.78,0.00,1.07,1.10,1.55,0.00,0.46,1.20,0.00,0.00,0.00,0.00,2.80,0.00,0.00,0.00,2.94,0.00,0.00,0.00,0.00,0.00,0.00,0.00,0.00,0.00,0.00,0.00,0.00,0.00,0.00,0.00,0.00,0.00,0.00,0.00,0.00,0.00,0.00,0.00,0.00,0.00,0.00,0.00,0.00,0.00,0.00,0.00,0.00,0.00,0.00,0.00,0.00,0.00,0.00,0.00,0.00,0.00,0.00,0.00,0.00,0.00,0.00,0.00,0.00,0.00,0.00,0.00,0.70,0.70,4.52,3.36,3.75,3.10,9.65,9.60,0.00,0.00,0.00,0.00,0.00,1.00,0.00,0.00,0.91,0.97,0.00,0.00,0.00,0.00,0.00,0.00,0.00,0.00,0.00,0.00,0.00,0.00,0.00,0.00,0.00,0.00,0.00,0.00,0.00,2.56,0.00,0.00,0.00,0.00,0.00,0.00,0.00,0.00,0.00,0.00,0.00,0.00,0.00,0.00,0.00,0.00,0.00,0.00,0.00,0.00,0.00,0.00,0.00,58.82,0.00,58.82,0.00,0.00,0.00,0.00,0.00,0.00,0.00,0.00,0.00,0.00,0.00,0.00,0.00,0.00,0.00,0.00,0.00,0.00,0.00,0.00,0.00,0.00,0.00,0.00,58.82,0.00,0.00,0.00,0.00,0.00,0.00,0.00,0.00,0.00,0.00,0.00,0.00,0.00,0.00,0.00,0.00,0.00,0.00,0.00,0.00,0.00,0.00,0.00,0.00,0.00,0.00,0.00,0.00,0.00,0.00,0.00,0.00,0.00,0.00,0.00,0.00,0.00,0.00,0.00,0.00,0.00,0.00,0.00,0.00,0.00,0.00,0.00,0.00,0.00,0.00,0.00,0.00,0.00,0.00,0.00,0.00,0.00,1.21,0.58,0.17,1.55,1.43,1.20,2.94,0.00,0.00,1.99,2.01,1.60,1.37,0.00,4.52,0.00,1.81,0.89,0.98,6.86,0.98,3.92,1.40,0.41,4.52,0.00,0.61,0.00,0.00,0.00,0.00,2.10,0.00,0.96,1.05,1.06,0.00,0.75,0.33,0.00,0.00,3.46,0.00,0.00,8.40,0.00,0.00,0.77,0.90,0.00,0.00,0.00,0.00,0.00,0.00,0.00,0.00,0.00,0.91,1.38,0.61,0.96,0.69,1.01,1.03,0.00,6.79,0.00,0.00,0.00,0.00,0.00,0.00,0.00,0.00,0.00,0.00
5231.0,-2.000,7.000,0.000,0.000,0.000,0,0,0.821,0,0.016,0.025,0.003,0.004,0.046,0.00,0.84,1.64,0.00,0.00,29.68,23.75,8.40,8.40,6.90,11.11,0.62,0.46,2.13,2.85,2.28,1.47,5.60,0.00,10.15,6.59,0.00,0.00,6.13,4.90,0.00,0.00,1.57,1.57,1.11,0.96,0.00,3.02,1.37,1.66,0.00,0.00,0.00,0.00,0.00,0.00,0.00,3.92,2.94,0.00,0.00,0.00,0.00,0.00,0.00,0.00,0.00,0.00,0.00,0.00,0.00,0.00,0.00,0.00,0.00,0.00,0.00,0.00,0.00,0.00,0.00,0.00,0.00,0.00,0.00,0.00,0.00,0.00,0.00,0.00,0.00,0.00,0.00,0.00,0.00,0.00,0.00,0.00,0.00,0.00,0.00,0.00,0.00,0.00,0.00,0.00,0.00,0.00,0.00,0.00,0.70,0.70,7.54,5.04,3.32,2.91,10.01,10.90,14.71,0.00,0.00,0.00,0.00,0.00,0.00,0.00,0.61,0.78,0.00,0.00,0.00,0.00,0.00,0.00,0.00,0.00,58.82,0.00,0.00,0.00,0.00,0.00,0.00,0.00,0.00,0.00,0.00,0.00,0.00,0.00,0.00,0.00,0.00,0.00,0.00,0.00,0.00,0.00,0.00,0.00,0.00,0.00,0.00,0.00,0.00,0.00,29.41,0.00,0.00,0.00,0.00,0.00,0.00,0.00,0.00,0.00,0.00,0.00,0.00,0.00,0.00,0.00,0.00,0.00,0.00,0.00,0.00,29.41,58.82,0.00,0.00,0.00,0.00,0.00,0.00,0.00,0.00,0.00,0.00,0.00,0.00,0.00,0.00,0.00,0.00,0.00,0.00,0.00,0.00,0.00,0.00,0.00,0.00,0.00,0.00,0.00,0.00,0.00,0.00,0.00,0.00,0.00,0.00,0.00,0.00,0.00,0.00,0.00,0.00,0.00,0.00,0.00,0.00,0.00,0.00,0.00,0.00,0.00,0.00,0.00,0.00,0.00,0.00,0.00,0.00,0.00,0.00,0.00,0.00,0.00,0.00,0.00,0.00,0.00,0.00,0.78,1.21,0.78,1.84,1.36,1.64,0.96,1.34,0.00,0.00,1.12,1.34,2.40,0.68,0.00,0.00,0.00,0.90,0.89,11.76,0.00,8.82,6.86,0.00,1.24,0.00,0.00,0.61,0.52,0.00,0.00,0.00,0.00,1.87,2.89,1.57,1.10,0.00,0.75,0.67,0.00,0.00,4.33,1.31,0.00,0.00,0.00,0.00,1.04,1.06,0.00,0.00,0.00,0.00,0.00,58.82,4.36,2.26,0.00,0.46,3.46,4.29,2.89,3.46,2.54,1.03,2.26,4.52,0.00,0.00,0.00,0.00,0.00,0.00,0.00,0.00,0.00,0.00
5331.0,-2.000,7.000,0.000,0.000,0.000,0,0,0.821,0,0.042,0.057,0.021,0.001,0.372,0.00,0.91,0.92,4.90,0.00,25.60,32.59,8.40,0.00,11.90,9.58,0.79,0.67,2.48,2.50,2.21,2.36,11.20,8.40,9.23,8.86,58.82,58.82,4.90,3.68,0.00,0.00,0.78,0.00,1.05,1.15,0.00,0.00,1.00,0.92,0.00,0.00,0.00,0.00,0.00,0.00,0.00,0.00,0.00,0.00,0.00,0.00,0.00,0.00,0.00,0.00,0.00,0.00,0.00,0.00,0.00,0.00,0.00,0.00,0.00,0.00,0.00,0.00,0.00,0.00,0.00,0.00,0.00,0.00,0.00,0.00,0.00,0.00,0.00,0.00,0.00,0.00,0.00,0.00,0.00,0.00,0.00,0.00,0.00,0.00,0.00,0.00,0.00,0.00,0.00,0.00,0.00,0.00,0.00,0.00,0.35,0.70,6.03,6.72,3.02,3.37,9.75,11.01,0.00,0.00,0.00,0.00,2.99,3.99,0.00,0.00,0.61,0.78,1.59,0.00,0.00,0.00,0.00,0.00,0.00,0.00,0.00,0.00,0.00,0.00,0.00,0.00,0.00,0.00,0.00,0.00,2.45,0.00,0.00,0.00,0.00,0.00,0.00,0.00,0.00,0.00,0.00,0.00,0.00,0.00,0.00,0.00,0.00,0.00,0.00,0.00,0.00,0.00,58.82,58.82,58.82,0.00,0.00,58.82,0.00,0.00,0.00,0.00,0.00,0.00,58.82,0.00,0.00,0.00,0.00,0.00,0.00,0.00,0.00,0.00,0.00,0.00,0.00,0.00,0.00,0.00,0.00,0.00,0.00,0.00,0.00,0.00,0.00,0.00,19.61,0.00,0.00,0.00,0.00,0.00,0.00,0.00,0.00,0.00,0.00,0.00,0.00,0.00,0.00,0.00,0.00,0.00,0.00,0.00,0.00,0.00,0.00,0.00,0.00,0.00,0.00,0.00,0.00,0.00,0.00,0.00,0.00,0.00,0.00,0.00,0.00,0.00,0.00,0.00,0.00,0.00,0.00,0.00,0.00,0.00,0.00,0.00,0.00,0.00,0.00,0.00,3.03,1.36,1.34,1.83,1.51,1.68,1.07,0.00,0.00,1.49,1.07,3.20,1.03,0.00,4.52,0.00,0.90,5.35,0.98,2.94,6.86,8.82,0.70,0.00,4.52,17.65,0.61,0.52,0.00,0.00,0.00,0.00,0.00,0.96,1.23,1.67,0.00,1.24,1.00,0.00,0.00,0.00,0.00,7.35,0.00,6.54,0.00,0.89,0.72,0.00,0.00,0.00,0.00,0.00,0.00,0.00,0.00,0.45,0.91,2.77,0.61,0.00,1.38,1.01,3.61,2.26,9.05,0.00,0.00,0.00,0.00,0.00,0.00,0.00,0.00,0.00,0.00
5431.0,-2.000,7.000,0.000,0.000,0.000,0,0,0.822,0,0.050,0.084,0.000,0.000,0.070,0.00,1.26,1.05,0.00,0.00,25.33,18.50,0.00,8.40,6.90,6.50,0.67,0.83,2.83,2.85,1.92,1.43,8.40,2.80,6.69,8.63,58.82,0.00,8.58,7.35,0.00,0.00,0.00,0.78,1.27,1.09,1.55,1.51,0.91,1.75,0.00,0.00,0.00,0.00,0.00,0.00,0.00,0.00,2.94,0.00,0.00,0.00,0.00,0.00,0.00,0.00,0.00,0.00,0.00,0.00,0.00,0.00,0.00,0.00,0.00,0.00,0.00,0.00,0.00,0.00,0.00,0.00,0.00,0.00,0.00,0.00,0.00,0.00,0.00,0.00,0.00,0.00,0.00,0.00,0.00,0.00,0.00,0.00,0.00,0.00,0.00,0.00,0.00,0.00,0.00,0.00,0.00,0.00,0.00,0.00,2.09,0.35,6.03,0.00,3.32,3.73,10.06,9.60,0.00,0.00,0.00,0.00,1.00,1.99,0.00,0.00,0.91,0.39,0.00,0.00,0.00,0.00,0.00,0.00,0.00,0.00,0.00,0.00,0.00,0.00,0.00,0.00,0.00,0.00,0.00,0.00,0.00,2.56,0.00,0.00,0.00,0.00,0.00,0.00,0.00,0.00,0.00,0.00,0.00,0.00,0.00,0.00,0.00,0.00,0.00,0.00,0.00,0.00,0.00,0.00,0.00,0.00,0.00,0.00,0.00,0.00,0.00,0.00,0.00,0.00,0.00,0.00,0.00,0.00,0.00,0.00,0.00,0.00,0.00,0.00,0.00,0.00,0.00,0.00,0.00,0.00,0.00,0.00,0.00,0.00,0.00,0.00,58.82,0.00,0.00,0.00,0.00,0.00,0.00,0.00,0.00,0.00,0.00,0.00,0.00,0.00,0.00,0.00,0.00,0.00,0.00,0.00,0.00,0.00,0.00,0.00,0.00,0.00,0.00,0.00,0.00,0.00,0.00,0.00,0.00,0.00,0.00,0.00,0.00,0.00,0.00,0.00,0.00,0.00,0.00,0.00,0.00,0.00,0.00,0.00,0.00,0.00,0.00,0.00,0.00,1.57,0.61,0.19,1.34,1.41,1.82,2.88,1.34,9.80,0.00,1.99,1.87,2.00,2.05,4.90,0.00,0.00,0.90,0.89,3.92,11.76,0.98,1.96,0.00,1.66,0.00,0.00,1.21,1.04,0.00,0.00,0.00,0.00,0.93,5.79,1.95,2.32,0.00,0.50,0.78,0.00,0.00,1.73,0.00,0.00,0.00,0.00,0.00,0.79,0.87,0.00,0.00,0.00,0.00,0.00,0.00,6.54,0.00,0.89,0.46,1.38,1.23,0.96,0.00,2.03,1.03,0.00,0.00,0.00,0.00,0.00,0.00,0.00,0.00,0.00,0.00,0.00,0.00
5531.0,-2.000,7.000,0.000,0.000,0.000,0,0,0.822,0,0.280,0.321,0.218,0.216,0.013,0.00,1.05,0.59,4.90,0.00,32.68,33.42,8.40,0.00,12.42,13.00,0.87,0.87,3.54,2.50,2.87,2.88,16.81,14.01,11.76,9.77,58.82,58.82,15.93,12.25,0.00,0.00,2.35,0.00,1.13,1.23,0.00,0.00,1.46,1.20,0.00,0.00,0.00,0.00,0.00,0.00,0.00,3.92,2.94,3.10,0.00,0.00,0.00,0.00,0.00,0.00,0.00,0.00,0.00,0.00,0.00,0.00,0.00,0.00,0.00,0.00,0.00,0.00,0.00,0.00,0.00,0.00,0.00,0.00,0.00,0.00,0.00,0.00,0.00,0.00,0.00,0.00,0.00,0.00,0.00,0.00,0.00,0.00,0.00,0.00,0.00,0.00,0.00,0.00,0.00,0.00,0.00,0.00,0.00,0.00,0.35,0.35,12.07,6.72,3.63,3.00,10.52,9.92,0.00,0.00,0.00,3.68,1.99,0.00,0.00,0.00,0.91,0.97,0.00,0.00,0.00,0.00,0.00,0.00,0.00,0.00,0.00,0.00,0.00,0.00,0.00,0.00,0.00,0.00,0.00,0.00,2.45,0.00,0.00,0.00,0.00,0.00,0.00,0.00,0.00,0.00,0.00,0.00,0.00,0.00,0.00,0.00,0.00,0.00,0.00,0.00,0.00,0.00,0.00,0.00,0.00,0.00,0.00,0.00,0.00,0.00,0.00,0.00,0.00,0.00,0.00,0.00,0.00,0.00,0.00,0.00,0.00,0.00,0.00,0.00,0.00,0.00,0.00,0.00,0.00,0.00,0.00,0.00,29.41,0.00,0.00,0.00,0.00,58.82,0.00,0.00,0.00,0.00,0.00,0.00,0.00,0.00,0.00,0.00,0.00,0.00,0.00,0.00,0.00,0.00,0.00,0.00,0.00,0.00,0.00,0.00,0.00,0.00,0.00,0.00,0.00,0.00,0.00,0.00,0.00,0.00,0.00,0.00,0.00,0.00,0.00,0.00,0.00,0.00,0.00,0.00,0.00,0.00,0.00,0.00,0.00,0.00,0.00,0.00,0.00,0.00,1.21,1.75,0.84,1.61,1.56,1.44,0.80,0.00,0.00,1.37,1.87,0.80,2.39,0.00,9.05,0.00,3.62,0.89,7.84,0.98,4.90,0.00,0.00,0.00,27.15,11.76,0.00,0.52,0.00,0.00,9.80,0.00,0.00,1.93,1.72,1.37,0.00,0.99,0.55,0.00,0.00,0.00,1.31,0.00,0.00,0.00,0.00,1.00,0.94,0.00,0.00,0.00,0.00,0.00,0.00,2.18,0.00,2.67,0.46,1.38,3.06,0.00,0.00,1.01,1.03,9.05,6.79,0.00,0.00,0.00,0.00,0.00,0.00,0.00,0.00,0.00,0.00
5631.0,-2.000,7.000,0.000,0.000,0.000,0,0,0.822,0,0.071,0.061,0.087,0.111,0.003,0.00,1.40,1.11,0.00,9.80,31.86,20.99,8.40,8.40,10.52,8.72,0.42,0.62,2.83,0.71,2.49,0.95,11.20,5.60,12.23,5.45,58.82,0.00,13.48,7.35,0.00,0.00,0.78,0.00,1.13,1.14,1.55,1.51,1.28,1.57,0.00,0.00,0.00,0.00,0.00,0.00,4.52,3.92,0.00,0.00,29.41,0.00,0.00,0.00,0.00,0.00,0.00,0.00,0.00,0.00,0.00,0.00,0.00,0.00,0.00,0.00,0.00,0.00,0.00,0.00,0.00,0.00,0.00,0.00,0.00,0.00,0.00,0.00,0.00,0.00,0.00,0.00,0.00,0.00,0.00,0.00,0.00,0.00,0.00,0.00,0.00,0.00,0.00,0.00,0.00,0.00,0.00,0.00,0.00,0.00,0.70,0.35,10.56,5.04,2.33,3.05,12.63,9.92,0.00,0.00,0.00,0.00,1.00,1.00,0.00,0.00,0.91,0.39,1.59,0.00,0.00,0.00,0.00,0.00,0.00,0.00,0.00,0.00,0.00,0.00,0.00,0.00,0.00,0.00,0.00,0.00,0.00,0.00,0.00,0.00,0.00,0.00,0.00,0.00,0.00,0.00,0.00,0.00,0.00,0.00,0.00,0.00,0.00,0.00,0.00,0.00,0.00,0.00,0.00,0.00,0.00,0.00,0.00,0.00,0.00,0.00,0.00,0.00,0.00,0.00,0.00,0.00,0.00,0.00,0.00,0.00,0.00,0.00,0.00,0.00,0.00,0.00,0.00,0.00,0.00,0.00,0.00,0.00,0.00,0.00,0.00,0.00,0.00,0.00,0.00,0.00,0.00,0.00,0.00,0.00,0.00,0.00,0.00,0.00,0.00,0.00,0.00,0.00,0.00,0.00,0.00,0.00,0.00,0.00,0.00,0.00,0.00,0.00,0.00,0.00,0.00,0.00,0.00,0.00,0.00,0.00,0.00,0.00,0.00,0.00,0.00,0.00,0.00,0.00,0.00,0.00,0.00,0.00,0.00,0.00,0.00,0.00,0.00,0.00,0.00,0.00,1.21,2.73,1.68,1.88,1.67,2.64,1.07,0.00,0.00,1.37,1.20,1.20,2.74,4.90,0.00,0.00,8.14,2.67,4.90,2.94,0.98,7.84,0.00,0.00,9.05,0.00,0.00,0.52,0.00,0.00,0.00,0.00,5.60,4.82,4.04,2.55,0.00,0.62,0.67,0.00,0.00,2.60,1.31,0.00,0.00,0.00,0.00,0.99,1.28,0.00,0.00,0.00,0.00,0.00,0.00,0.00,0.00,0.89,1.82,0.69,0.61,1.93,0.00,0.51,2.58,0.00,4.52,0.00,0.00,0.00,0.00,0.00,0.00,0.00,0.00,0.00,0.00
5731.0,-2.000,7.000,0.000,0.000,0.000,0,0,0.823,0,0.000,0.000,0.000,0.141,0.365,0.00,0.84,0.98,0.00,0.00,25.33,25.68,8.40,8.40,7.42,9.75,0.46,0.83,3.19,2.85,2.19,1.79,16.81,8.40,8.54,5.45,58.82,0.00,13.48,6.13,0.00,0.00,0.00,0.00,1.25,1.10,3.10,1.51,1.09,0.92,0.00,0.00,0.00,0.00,0.00,0.00,0.00,0.00,0.00,0.00,0.00,0.00,0.00,0.00,0.00,0.00,0.00,0.00,0.00,0.00,0.00,0.00,0.00,0.00,0.00,0.00,0.00,0.00,0.00,0.00,0.00,0.00,0.00,0.00,0.00,0.00,0.00,0.00,0.00,0.00,0.00,0.00,0.00,0.00,0.00,0.00,0.00,0.00,0.00,0.00,0.00,0.00,0.00,0.00,0.00,0.00,0.00,0.00,0.00,0.00,0.35,0.35,4.52,0.00,3.63,1.73,8.93,11.11,0.00,0.00,4.52,3.68,2.99,1.99,0.00,0.00,0.30,0.39,3.18,0.00,0.00,0.00,0.00,0.00,0.00,0.00,0.00,0.00,0.00,0.00,0.00,0.00,0.00,0.00,0.00,0.00,0.00,0.00,0.00,0.00,0.00,0.00,0.00,0.00,0.00,0.00,0.00,0.00,0.00,0.00,0.00,0.00,0.00,0.00,0.00,0.00,0.00,29.41,0.00,29.41,58.82,58.82,0.00,58.82,0.00,0.00,0.00,0.00,0.00,0.00,0.00,0.00,0.00,0.00,0.00,0.00,0.00,0.00,0.00,0.00,0.00,0.00,0.00,0.00,0.00,0.00,0.00,0.00,0.00,0.00,0.00,58.82,0.00,0.00,19.61,0.00,0.00,0.00,0.00,0.00,0.00,0.00,0.00,0.00,0.00,0.00,0.00,0.00,0.00,0.00,0.00,0.00,0.00,0.00,0.00,0.00,0.00,0.00,0.00,0.00,0.00,0.00,0.00,0.00,0.00,0.00,0.00,0.00,0.00,0.00,0.00,0.00,0.00,0.00,0.00,0.00,0.00,0.00,0.00,0.00,0.00,0.00,0.00,0.00,0.00,0.00,1.21,1.36,0.84,1.63,1.56,1.92,1.60,0.00,0.00,0.87,1.47,3.20,2.05,0.00,0.00,0.00,0.00,0.00,0.98,0.00,0.00,0.98,0.00,0.41,4.52,0.00,2.43,0.52,0.00,0.00,0.00,0.00,0.00,0.00,0.90,0.80,0.00,0.25,0.22,0.00,0.00,2.60,1.31,0.00,0.00,0.00,0.00,0.79,1.01,0.00,0.00,0.00,0.00,0.00,0.00,2.18,0.00,0.45,1.37,1.38,0.00,1.93,0.69,1.52,1.55,0.00,2.26,0.00,0.00,0.00,0.00,0.00,0.00,0.00,0.00,0.00,0.00
5831.0,-2.000,7.000,0.000,0.000,0.000,0,0,0.823,0,0.000,0.000,0.000,0.027,0.109,0.00,0.49,1.38,9.80,0.00,26.42,26.51,0.00,0.00,6.90,10.09,0.50,0.54,2.83,1.07,1.92,0.86,14.01,2.80,10.61,7.27,58.82,0.00,3.68,3.68,0.00,0.00,0.00,0.78,1.15,1.19,0.00,0.00,1.73,0.92,0.00,0.00,0.00,0.00,0.00,0.00,0.00,0.00,5.88,3.10,0.00,0.00,0.00,0.00,0.00,0.00,0.00,0.00,0.00,0.00,0.00,0.00,0.00,0.00,0.00,0.00,0.00,0.00,0.00,0.00,0.00,0.00,0.00,0.00,0.00,0.00,0.00,0.00,0.00,0.00,0.00,0.00,0.00,0.00,0.00,0.00,0.00,0.00,0.00,0.00,0.00,0.00,0.00,0.00,0.00,0.00,0.00,0.00,0.00,0.00,1.04,0.00,6.03,1.68,2.55,3.10,9.50,8.98,0.00,0.00,4.52,3.68,0.00,0.00,0.00,0.00,0.91,1.36,0.00,1.59,0.00,0.00,58.82,0.00,0.00,0.00,0.00,0.00,0.00,0.00,0.00,0.00,0.00,0.00,0.00,0.00,0.00,0.00,0.00,0.00,0.00,0.00,0.00,0.00,0.00,0.00,0.00,0.00,0.00,0.00,0.00,0.00,0.00,0.00,0.00,0.00,0.00,0.00,0.00,0.00,0.00,0.00,0.00,0.00,0.00,0.00,0.00,0.00,29.41,0.00,0.00,0.00,0.00,0.00,0.00,0.00,0.00,0.00,0.00,0.00,0.00,0.00,0.00,0.00,0.00,0.00,0.00,0.00,0.00,0.00,0.00,0.00,0.00,0.00,0.00,0.00,0.00,0.00,0.00,0.00,0.00,0.00,0.00,0.00,0.00,0.00,0.00,0.00,0.00,0.00,0.00,0.00,0.00,0.00,0.00,0.00,0.00,0.00,0.00,0.00,0.00,0.00,0.00,0.00,0.00,0.00,0.00,0.00,0.00,0.00,0.00,0.00,0.00,0.00,0.00,0.00,0.00,0.00,0.00,0.00,0.00,0.00,0.00,0.00,0.00,0.78,0.61,0.58,0.50,1.13,1.87,2.16,2.14,0.00,9.80,1.12,1.60,1.60,1.03,9.80,0.00,0.00,0.00,0.00,7.84,0.00,4.90,0.98,0.00,0.00,0.00,0.00,0.61,1.04,8.40,0.00,0.00,2.10,0.00,0.96,0.82,0.80,0.00,0.87,0.78,0.00,0.00,3.46,2.61,0.00,8.40,0.00,0.00,0.83,0.98,58.82,0.00,0.00,0.00,0.00,0.00,0.00,0.00,0.00,0.46,0.00,0.00,0.00,0.00,1.01,0.00,2.26,2.26,0.00,0.00,0.00,0.00,0.00,0.00,0.00,0.00,0.00,0.00
5931.0,-2.000,7.000,0.000,0.000,0.000,0,0,0.824,0,0.012,0.000,0.029,0.005,0.021,0.00,1.12,1.31,0.00,0.00,29.68,24.58,0.00,8.40,8.28,8.72,0.62,0.79,2.13,1.07,1.62,1.97,2.80,5.60,7.84,8.86,0.00,0.00,8.58,2.45,0.00,0.00,0.78,0.78,1.25,1.19,0.00,1.51,1.37,1.57,0.00,0.00,0.00,0.00,0.00,0.00,0.00,3.92,0.00,3.10,0.00,0.00,0.00,0.00,0.00,0.00,0.00,0.00,0.00,0.00,0.00,0.00,0.00,0.00,0.00,0.00,0.00,0.00,0.00,0.00,0.00,0.00,0.00,0.00,0.00,0.00,0.00,0.00,0.00,0.00,0.00,0.00,0.00,0.00,0.00,0.00,0.00,0.00,0.00,0.00,0.00,0.00,0.00,0.00,0.00,0.00,0.00,0.00,0.00,0.00,0.35,0.00,1.51,3.36,3.15,3.28,10.01,10.28,0.00,0.00,4.52,3.68,1.00,0.00,0.00,0.00,0.61,0.58,1.59,0.00,0.00,0.00,0.00,0.00,0.00,0.00,0.00,0.00,0.00,0.00,0.00,0.00,0.00,0.00,0.00,0.00,0.00,0.00,0.00,0.00,0.00,0.00,0.00,0.00,0.00,0.00,0.00,0.00,0.00,0.00,0.00,0.00,0.00,0.00,0.00,0.00,0.00,0.00,0.00,0.00,0.00,0.00,0.00,0.00,0.00,0.00,0.00,0.00,0.00,0.00,0.00,58.82,0.00,0.00,0.00,0.00,0.00,0.00,0.00,0.00,0.00,0.00,0.00,0.00,0.00,0.00,0.00,0.00,0.00,0.00,0.00,0.00,0.00,0.00,0.00,0.00,0.00,0.00,0.00,58.82,0.00,0.00,0.00,0.00,0.00,0.00,0.00,0.00,0.00,0.00,0.00,0.00,0.00,0.00,0.00,0.00,0.00,0.00,0.00,0.00,0.00,0.00,0.00,0.00,0.00,0.00,0.00,0.00,0.00,0.00,0.00,0.00,0.00,0.00,0.00,0.00,0.00,0.00,0.00,0.00,0.00,0.00,0.00,0.00,0.00,3.92,1.82,0.39,1.17,1.55,1.33,1.92,1.07,0.00,0.00,1.87,2.14,0.80,1.03,0.00,0.00,0.00,0.90,0.00,4.90,0.00,1.96,2.94,0.70,0.41,4.52,5.88,0.61,0.52,0.00,0.00,0.00,0.00,0.93,1.93,1.35,1.22,0.00,0.62,0.44,0.00,0.00,2.60,2.61,0.00,8.40,0.00,0.00,0.95,1.09,0.00,0.00,0.00,0.00,58.82,0.00,0.00,2.26,0.00,0.91,1.38,1.23,0.00,0.00,4.06,3.10,0.00,0.00,0.00,0.00,0.00,0.00,0.00,0.00,0.00,0.00,0.00,0.00
6031.0,-2.000,7.000,0.000,0.000,0.000,0,0,0.824,0,0.008,0.000,0.021,0.001,0.141,0.00,0.49,0.59,4.90,0.00,22.88,29.83,8.40,0.00,10.18,16.24,0.92,0.71,2.13,3.92,0.82,3.60,5.60,5.60,6.23,10.22,0.00,58.82,4.90,13.48,0.00,0.00,0.00,1.57,1.03,1.03,1.55,0.00,0.91,0.65,0.00,0.00,0.00,0.00,0.00,2.80,0.00,0.00,0.00,0.00,0.00,0.00,0.00,0.00,0.00,0.00,0.00,0.00,0.00,0.00,0.00,0.00,0.00,0.00,0.00,0.00,0.00,0.00,0.00,0.00,0.00,0.00,0.00,0.00,0.00,0.00,0.00,0.00,0.00,0.00,0.00,0.00,0.00,0.00,0.00,0.00,0.00,0.00,0.00,0.00,0.00,0.00,0.00,0.00,0.00,0.00,0.00,0.00,0.00,0.00,0.35,0.00,3.02,6.72,2.72,3.23,9.75,10.54,0.00,0.00,0.00,0.00,0.00,0.00,0.00,0.00,1.83,1.36,0.00,0.00,0.00,0.00,0.00,0.00,0.00,0.00,0.00,0.00,0.00,0.00,0.00,0.00,0.00,0.00,0.00,0.00,0.00,0.00,0.00,0.00,0.00,0.00,0.00,0.00,0.00,0.00,0.00,0.00,0.00,0.00,0.00,0.00,0.00,0.00,0.00,0.00,0.00,0.00,58.82,0.00,0.00,0.00,0.00,0.00,0.00,0.00,0.00,0.00,0.00,0.00,0.00,0.00,0.00,0.00,0.00,0.00,0.00,0.00,0.00,0.00,0.00,0.00,0.00,0.00,0.00,0.00,0.00,0.00,0.00,0.00,0.00,0.00,0.00,0.00,0.00,0.00,0.00,0.00,0.00,0.00,0.00,0.00,0.00,0.00,0.00,0.00,0.00,0.00,0.00,0.00,0.00,0.00,0.00,0.00,0.00,0.00,0.00,0.00,0.00,0.00,0.00,0.00,0.00,0.00,0.00,0.00,0.00,0.00,0.00,0.00,0.00,0.00,0.00,0.00,0.00,0.00,0.00,0.00,0.00,0.00,0.00,0.00,0.00,0.00,0.00,1.57,1.82,0.58,1.01,1.41,1.51,1.20,1.34,0.00,0.00,0.87,1.87,1.20,1.71,0.00,0.00,0.00,6.33,1.78,0.98,3.92,0.98,0.98,0.70,0.41,0.00,5.88,0.00,2.08,0.00,0.00,0.00,2.10,1.87,0.00,1.23,0.53,0.00,0.50,0.44,0.00,0.00,1.73,2.61,0.00,0.00,0.00,0.00,0.86,0.84,0.00,0.00,0.00,0.00,0.00,0.00,0.00,0.00,1.78,0.00,0.00,2.45,0.96,0.00,0.00,3.10,6.79,6.79,0.00,0.00,0.00,0.00,0.00,0.00,0.00,0.00,0.00,0.00
6131.0,-2.000,7.000,0.000,0.000,0.000,0,0,0.824,0,0.000,0.000,0.000,0.000,0.106,4.20,0.49,0.98,4.90,4.90,23.42,25.68,0.00,8.40,6.90,8.72,0.71,0.58,1.77,1.78,2.42,1.86,8.40,2.80,10.61,8.18,58.82,58.82,7.35,7.35,0.00,0.00,0.78,0.78,1.21,1.22,1.55,3.02,0.55,1.38,0.00,0.00,0.00,19.61,0.00,0.00,0.00,0.00,0.00,0.00,0.00,0.00,0.00,0.00,0.00,0.00,0.00,0.00,0.00,0.00,0.00,0.00,0.00,0.00,0.00,0.00,0.00,0.00,0.00,0.00,0.00,0.00,0.00,0.00,0.00,0.00,0.00,0.00,0.00,0.00,0.00,0.00,0.00,0.00,0.00,0.00,0.00,0.00,0.00,0.00,0.00,0.00,0.00,0.00,0.00,0.00,0.00,0.00,0.00,0.00,0.70,0.00,4.52,5.04,2.81,3.41,10.32,10.85,0.00,0.00,4.52,0.00,1.00,0.00,0.00,0.00,1.22,0.39,1.59,0.00,0.00,0.00,0.00,0.00,0.00,0.00,0.00,0.00,0.00,0.00,0.00,0.00,0.00,0.00,0.00,0.00,0.00,0.00,0.00,0.00,0.00,0.00,0.00,0.00,0.00,0.00,0.00,0.00,0.00,0.00,0.00,0.00,0.00,0.00,0.00,0.00,0.00,0.00,0.00,0.00,0.00,0.00,0.00,0.00,0.00,29.41,0.00,0.00,0.00,0.00,0.00,0.00,0.00,0.00,0.00,0.00,0.00,0.00,0.00,0.00,0.00,0.00,0.00,0.00,0.00,0.00,0.00,0.00,0.00,29.41,0.00,0.00,0.00,0.00,0.00,0.00,0.00,0.00,0.00,0.00,0.00,0.00,0.00,0.00,0.00,0.00,0.00,0.00,0.00,0.00,0.00,0.00,0.00,0.00,0.00,0.00,0.00,0.00,0.00,0.00,0.00,0.00,0.00,0.00,0.00,0.00,0.00,0.00,0.00,0.00,0.00,0.00,0.00,0.00,0.00,0.00,0.00,0.00,0.00,0.00,0.00,0.00,0.00,0.00,0.00,0.78,1.82,1.17,0.84,1.25,1.35,0.96,2.94,0.00,0.00,1.24,1.20,1.20,0.34,0.00,9.05,0.00,1.81,3.57,3.92,4.90,2.94,1.96,0.70,0.00,13.57,11.76,0.00,1.56,0.00,0.00,0.00,0.00,1.87,1.93,1.27,0.87,0.00,0.99,0.78,0.00,0.00,1.73,2.61,0.00,0.00,0.00,0.00,0.82,1.05,0.00,0.00,0.00,0.00,0.00,0.00,0.00,2.26,0.45,0.46,1.38,1.23,0.96,0.69,0.51,0.52,4.52,11.31,0.00,0.00,0.00,0.00,0.00,0.00,0.00,0.00,0.00,0.00
6231.0,-2.000,7.000,0.000,0.000,0.000,0,0,0.825,0,0.092,0.154,0.000,0.120,0.191,0.00,1.12,1.18,0.00,0.00,25.87,24.86,0.00,0.00,10.01,8.55,0.50,0.25,0.71,2.50,2.44,1.11,11.20,8.40,7.84,11.13,58.82,0.00,8.58,3.68,0.00,0.00,0.78,0.78,1.19,1.02,0.00,0.00,1.09,0.74,0.00,0.00,0.00,0.00,0.00,2.80,0.00,0.00,0.00,0.00,0.00,0.00,0.00,0.00,0.00,0.00,0.00,0.00,0.00,0.00,0.00,0.00,0.00,0.00,0.00,0.00,0.00,0.00,0.00,0.00,0.00,0.00,0.00,0.00,0.00,0.00,0.00,0.00,0.00,0.00,0.00,0.00,0.00,0.00,0.00,0.00,0.00,0.00,0.00,0.00,0.00,0.00,0.00,0.00,0.00,0.00,0.00,0.00,0.00,0.00,1.04,0.35,3.02,3.36,2.63,3.23,8.93,9.60,0.00,0.00,0.00,0.00,1.99,1.99,0.00,0.00,1.83,0.39,0.00,0.00,0.00,0.00,0.00,0.00,0.00,0.00,0.00,0.00,0.00,0.00,0.00,0.00,0.00,0.00,0.00,0.00,0.00,0.00,0.00,0.00,0.00,0.00,0.00,0.00,0.00,0.00,0.00,0.00,0.00,0.00,0.00,0.00,0.00,0.00,0.00,0.00,0.00,0.00,0.00,0.00,0.00,0.00,0.00,0.00,29.41,0.00,0.00,0.00,0.00,0.00,0.00,0.00,0.00,0.00,0.00,0.00,0.00,0.00,0.00,0.00,0.00,0.00,0.00,58.82,0.00,0.00,0.00,0.00,0.00,0.00,58.82,0.00,58.82,58.82,0.00,0.00,58.82,0.00,0.00,0.00,0.00,0.00,0.00,0.00,0.00,0.00,0.00,0.00,0.00,0.00,0.00,0.00,0.00,0.00,0.00,0.00,0.00,0.00,0.00,0.00,0.00,0.00,0.00,0.00,0.00,0.00,0.00,0.00,0.00,0.00,0.00,0.00,0.00,0.00,0.00,0.00,0.00,0.00,0.00,0.00,0.00,0.00,0.00,0.00,0.00,0.00,1.21,1.56,1.17,1.30,1.77,0.96,1.60,0.00,0.00,1.12,2.01,1.20,2.05,4.90,0.00,0.00,0.00,1.78,0.98,0.00,0.00,0.98,0.00,0.41,0.00,0.00,1.82,0.00,0.00,0.00,0.00,2.10,0.93,1.93,0.97,1.06,0.00,0.25,0.67,0.00,0.00,1.73,1.31,0.00,0.00,0.00,0.00,1.02,0.90,0.00,0.00,0.00,0.00,0.00,0.00,0.00,4.52,1.78,1.37,2.08,3.06,2.89,2.77,1.52,2.06,15.84,9.05,0.00,0.00,0.00,0.00,0.00,0.00,0.00,0.00,0.00,0.00
6331.0,-2.000,7.000,0.000,0.000,0.000,0,0,0.825,0,0.091,0.059,0.138,0.115,0.077,0.00,0.84,2.29,4.90,0.00,29.14,23.20,16.81,8.40,7.94,9.06,0.58,0.46,1.42,1.78,1.03,0.84,5.60,5.60,6.23,3.86,0.00,0.00,8.58,4.90,0.00,0.00,1.57,0.78,0.90,0.82,1.55,1.51,0.55,1.01,0.00,0.00,19.61,19.61,0.00,2.80,0.00,3.92,2.94,0.00,29.41,0.00,0.00,0.00,0.00,0.00,0.00,0.00,0.00,0.00,0.00,0.00,0.00,0.00,0.00,0.00,0.00,0.00,0.00,0.00,0.00,0.00,0.00,0.00,0.00,0.00,0.00,0.00,0.00,0.00,0.00,0.00,0.00,0.00,0.00,0.00,0.00,0.00,0.00,0.00,0.00,0.00,0.00,0.00,0.00,0.00,0.00,0.00,0.00,0.00,0.35,1.06,12.07,3.36,2.72,3.37,11.14,10.12,0.00,0.00,0.00,0.00,0.00,0.00,0.00,0.00,0.30,1.17,0.00,1.59,0.00,0.00,0.00,0.00,19.61,0.00,0.00,0.00,0.00,0.00,0.00,0.00,0.00,0.00,0.00,0.00,0.00,0.00,0.00,0.00,0.00,0.00,0.00,0.00,0.00,0.00,0.00,0.00,0.00,0.00,0.00,0.00,0.00,0.00,0.00,0.00,0.00,0.00,0.00,29.41,0.00,0.00,0.00,0.00,0.00,0.00,0.00,0.00,0.00,0.00,58.82,0.00,0.00,0.00,0.00,0.00,0.00,0.00,0.00,0.00,0.00,0.00,0.00,0.00,0.00,0.00,0.00,0.00,0.00,0.00,0.00,0.00,0.00,0.00,0.00,0.00,0.00,0.00,0.00,0.00,0.00,0.00,0.00,0.00,0.00,0.00,0.00,0.00,0.00,0.00,0.00,0.00,0.00,0.00,0.00,0.00,0.00,0.00,0.00,0.00,0.00,0.00,0.00,0.00,0.00,0.00,0.00,0.00,0.00,0.00,0.00,0.00,0.00,0.00,0.00,0.00,0.00,0.00,0.00,0.00,0.00,0.00,0.00,0.00,0.00,0.78,1.21,0.97,1.17,1.63,1.56,2.40,1.34,0.00,0.00,2.74,1.20,2.00,1.71,0.00,0.00,0.00,2.71,2.67,0.00,0.00,0.00,2.94,0.00,0.41,4.52,0.00,0.61,0.52,0.00,0.00,0.00,0.00,0.93,0.00,1.01,1.22,0.00,0.37,0.55,0.00,0.00,4.33,1.31,0.00,0.00,6.54,0.00,0.93,1.00,0.00,0.00,0.00,0.00,0.00,0.00,2.18,0.00,0.45,2.28,1.38,1.23,0.96,0.69,0.00,1.55,4.52,11.31,0.00,0.00,0.00,0.00,0.00,0.00,0.00,0.00,0.00,0.00
6431.0,-2.000,7.000,0.000,0.000,0.000,0,0,0.826,0,0.017,0.011,0.026,0.022,0.014,0.00,0.77,0.92,9.80,4.90,23.15,33.97,16.81,8.40,8.63,13.51,0.62,0.33,1.77,2.50,0.14,2.54,11.20,19.61,6.92,11.13,0.00,58.82,8.58,8.58,0.00,0.00,3.14,0.00,1.18,1.31,0.00,0.00,2.01,1.94,0.00,0.00,0.00,0.00,2.80,2.80,0.00,3.92,2.94,0.00,0.00,0.00,0.00,0.00,0.00,0.00,0.00,0.00,0.00,0.00,0.00,0.00,0.00,0.00,0.00,0.00,0.00,0.00,0.00,0.00,0.00,0.00,0.00,0.00,0.00,0.00,0.00,0.00,0.00,0.00,0.00,0.00,0.00,0.00,0.00,0.00,0.00,0.00,0.00,0.00,0.00,0.00,0.00,0.00,0.00,0.00,0.00,0.00,0.00,0.00,0.70,0.00,6.03,3.36,3.15,3.41,10.73,10.64,0.00,0.00,0.00,3.68,1.00,1.99,0.00,0.00,0.61,0.78,0.00,0.00,0.00,0.00,0.00,0.00,0.00,0.00,0.00,0.00,0.00,0.00,0.00,0.00,0.00,0.00,0.00,0.00,0.00,0.00,0.00,0.00,0.00,0.00,0.00,0.00,0.00,0.00,0.00,0.00,0.00,0.00,0.00,0.00,0.00,0.00,0.00,0.00,0.00,0.00,0.00,0.00,0.00,0.00,0.00,0.00,0.00,0.00,0.00,0.00,0.00,0.00,0.00,0.00,0.00,0.00,0.00,0.00,0.00,0.00,0.00,0.00,0.00,0.00,0.00,0.00,0.00,0.00,0.00,0.00,0.00,0.00,0.00,0.00,0.00,0.00,0.00,0.00,0.00,0.00,0.00,0.00,0.00,0.00,58.82,0.00,0.00,0.00,0.00,0.00,0.00,0.00,0.00,0.00,0.00,0.00,0.00,0.00,0.00,0.00,0.00,0.00,0.00,0.00,0.00,0.00,0.00,0.00,0.00,0.00,0.00,0.00,0.00,0.00,0.00,0.00,0.00,0.00,0.00,0.00,0.00,0.00,0.00,0.00,0.00,0.00,0.00,0.78,0.61,1.56,0.67,1.41,1.30,1.92,0.80,0.00,0.00,1.87,1.20,1.60,2.74,4.90,0.00,0.00,9.95,6.24,16.67,9.80,6.86,3.92,0.00,0.00,27.15,23.53,0.61,0.52,0.00,0.00,0.00,0.00,1.87,0.96,2.02,1.18,0.00,0.75,1.22,0.00,0.00,0.00,1.31,0.00,0.00,0.00,0.00,1.06,0.88,0.00,0.00,0.00,0.00,0.00,0.00,0.00,0.00,0.45,0.00,1.38,1.23,1.93,2.08,0.00,0.52,6.79,13.57,0.00,0.00,0.00,0.00,0.00,0.00,0.00,0.00,0.00,0.00
6531.0,-2.000,7.000,0.000,0.000,0.000,0,0,0.826,0,0.011,0.002,0.025,0.165,0.250,0.00,1.19,0.92,0.00,0.00,30.77,32.04,8.40,0.00,11.90,9.06,0.71,0.42,3.19,2.50,5.08,1.90,19.61,19.61,12.23,9.08,117.65,58.82,14.71,9.80,0.00,0.00,1.57,0.78,1.20,1.26,0.00,0.00,1.09,1.38,0.00,0.00,0.00,0.00,0.00,0.00,0.00,0.00,2.94,0.00,0.00,0.00,0.00,0.00,0.00,0.00,0.00,0.00,0.00,0.00,0.00,0.00,0.00,0.00,0.00,0.00,0.00,0.00,0.00,0.00,0.00,0.00,0.00,0.00,0.00,0.00,0.00,0.00,0.00,0.00,0.00,0.00,0.00,0.00,0.00,0.00,0.00,0.00,0.00,0.00,0.00,0.00,0.00,0.00,0.00,0.00,0.00,0.00,0.00,0.00,1.04,0.00,4.52,8.40,3.37,3.28,9.60,9.92,0.00,0.00,0.00,3.68,1.00,0.00,0.00,0.00,0.61,0.97,1.59,0.00,0.00,0.00,58.82,0.00,0.00,0.00,0.00,0.00,0.00,0.00,0.00,0.00,0.00,0.00,0.00,0.00,0.00,0.00,0.00,0.00,0.00,0.00,0.00,0.00,0.00,0.00,0.00,0.00,0.00,0.00,0.00,0.00,0.00,0.00,0.00,0.00,0.00,0.00,0.00,0.00,0.00,0.00,0.00,0.00,0.00,0.00,0.00,0.00,0.00,0.00,58.82,0.00,0.00,0.00,0.00,0.00,0.00,0.00,0.00,0.00,0.00,0.00,0.00,0.00,0.00,0.00,0.00,0.00,0.00,29.41,58.82,58.82,0.00,0.00,0.00,0.00,0.00,0.00,0.00,0.00,0.00,0.00,0.00,0.00,0.00,0.00,0.00,0.00,0.00,0.00,0.00,0.00,0.00,0.00,0.00,0.00,0.00,0.00,0.00,0.00,0.00,0.00,0.00,0.00,0.00,0.00,0.00,0.00,0.00,0.00,0.00,0.00,0.00,0.00,0.00,0.00,0.00,0.00,0.00,0.00,0.00,0.00,0.00,0.00,0.00,0.78,3.03,0.58,2.35,1.00,1.56,1.44,0.80,0.00,0.00,2.24,1.47,3.20,1.71,4.90,0.00,0.00,1.81,1.78,14.71,1.96,0.00,2.94,0.70,0.41,22.62,0.00,0.00,1.04,0.00,0.00,0.00,2.10,2.80,1.93,1.38,1.52,0.00,0.25,0.55,0.00,0.00,0.87,1.31,0.00,0.00,6.54,0.00,1.11,1.23,0.00,0.00,0.00,0.00,0.00,0.00,0.00,0.00,0.89,1.82,2.08,1.23,0.00,0.00,4.06,3.61,4.52,2.26,0.00,0.00,0.00,0.00,0.00,0.00,0.00,0.00,0.00,0.00
6631.0,-2.000,7.000,0.000,0.000,0.000,0,0,0.826,0,0.020,0.031,0.005,0.031,0.212,0.00,1.12,0.85,0.00,0.00,26.96,22.65,0.00,0.00,10.87,7.01,0.50,0.58,1.42,1.07,1.55,1.56,8.40,5.60,10.15,7.72,58.82,0.00,2.45,7.35,0.00,0.00,0.00,0.00,1.21,1.16,0.00,1.51,2.37,2.12,0.00,0.00,0.00,0.00,2.80,5.60,0.00,0.00,2.94,3.10,0.00,0.00,0.00,0.00,0.00,0.00,0.00,0.00,0.00,0.00,0.00,0.00,0.00,0.00,0.00,0.00,0.00,0.00,0.00,0.00,0.00,0.00,0.00,0.00,0.00,0.00,0.00,0.00,0.00,0.00,0.00,0.00,0.00,0.00,0.00,0.00,0.00,0.00,0.00,0.00,0.00,0.00,0.00,0.00,0.00,0.00,0.00,0.00,0.00,0.00,1.04,0.00,7.54,3.36,3.24,2.78,9.60,10.59,0.00,0.00,0.00,0.00,0.00,0.00,0.00,0.00,1.52,0.97,1.59,1.59,0.00,0.00,0.00,0.00,0.00,0.00,0.00,0.00,0.00,0.00,0.00,0.00,0.00,0.00,0.00,0.00,0.00,0.00,0.00,0.00,0.00,0.00,0.00,0.00,0.00,0.00,0.00,0.00,0.00,0.00,0.00,0.00,0.00,0.00,0.00,0.00,0.00,0.00,0.00,0.00,0.00,0.00,0.00,0.00,0.00,0.00,0.00,0.00,0.00,0.00,0.00,0.00,0.00,0.00,0.00,0.00,0.00,0.00,0.00,0.00,0.00,0.00,0.00,0.00,0.00,0.00,0.00,0.00,0.00,0.00,0.00,0.00,0.00,0.00,0.00,0.00,0.00,0.00,0.00,0.00,0.00,0.00,0.00,0.00,0.00,0.00,0.00,0.00,0.00,0.00,0.00,0.00,0.00,0.00,0.00,0.00,0.00,0.00,0.00,0.00,0.00,0.00,0.00,0.00,0.00,0.00,0.00,0.00,0.00,0.00,0.00,0.00,0.00,0.00,0.00,0.00,0.00,0.00,0.00,0.00,0.00,0.00,0.00,0.00,0.00,0.78,4.24,1.95,1.17,1.61,1.51,0.96,1.87,0.00,0.00,2.11,1.60,3.20,1.03,9.80,0.00,0.00,5.43,0.00,0.98,0.00,0.00,2.94,1.40,0.41,4.52,5.88,0.00,0.52,0.00,0.00,0.00,2.10,0.93,1.93,1.46,1.29,0.00,0.37,0.55,58.82,0.00,1.73,3.92,0.00,0.00,0.00,0.00,1.10,1.15,0.00,0.00,0.00,0.00,0.00,0.00,4.36,2.26,0.45,0.00,2.77,1.23,3.86,2.08,1.52,0.00,4.52,6.79,0.00,0.00,0.00,0.00,0.00,0.00,0.00,0.00,0.00,0.00
6731.0,-2.000,7.000,0.000,0.000,0.000,0,0,0.827,0,0.057,0.058,0.056,0.006,0.060,0.00,1.19,1.18,0.00,4.90,25.33,21.26,8.40,0.00,9.32,5.13,0.67,0.67,1.77,3.21,1.46,1.27,11.20,0.00,7.84,6.13,0.00,0.00,9.80,9.80,0.00,0.00,0.78,1.57,0.92,1.12,0.00,0.00,1.09,1.38,0.00,0.00,0.00,0.00,0.00,0.00,0.00,0.00,2.94,0.00,0.00,0.00,0.00,0.00,0.00,0.00,0.00,0.00,0.00,0.00,0.00,0.00,0.00,0.00,0.00,0.00,0.00,0.00,0.00,0.00,0.00,0.00,0.00,0.00,0.00,0.00,0.00,0.00,0.00,0.00,0.00,0.00,0.00,0.00,0.00,0.00,0.00,0.00,0.00,0.00,0.00,0.00,0.00,0.00,0.00,0.00,0.00,0.00,0.00,0.00,1.74,0.00,9.05,5.04,3.97,2.96,9.60,10.54,0.00,0.00,13.57,0.00,0.00,1.00,0.00,0.00,0.91,0.39,1.59,0.00,0.00,0.00,0.00,0.00,0.00,0.00,0.00,0.00,0.00,0.00,0.00,0.00,0.00,0.00,0.00,0.00,2.45,2.56,0.00,0.00,0.00,0.00,0.00,0.00,0.00,0.00,0.00,0.00,0.00,0.00,0.00,0.00,0.00,0.00,0.00,0.00,0.00,0.00,0.00,0.00,0.00,0.00,0.00,0.00,0.00,0.00,0.00,0.00,0.00,0.00,0.00,0.00,0.00,0.00,0.00,0.00,0.00,0.00,0.00,0.00,0.00,0.00,0.00,0.00,0.00,0.00,0.00,0.00,0.00,0.00,0.00,0.00,0.00,0.00,0.00,0.00,0.00,0.00,0.00,0.00,0.00,0.00,0.00,0.00,0.00,0.00,0.00,0.00,0.00,0.00,0.00,0.00,0.00,0.00,0.00,0.00,0.00,0.00,0.00,0.00,0.00,0.00,0.00,0.00,0.00,0.00,0.00,0.00,0.00,0.00,0.00,0.00,0.00,0.00,0.00,0.00,0.00,0.00,0.00,0.00,0.00,0.00,0.00,0.00,0.00,0.00,2.43,1.17,1.17,1.97,1.53,0.72,1.34,0.00,0.00,1.49,1.34,1.20,2.05,0.00,0.00,0.00,3.62,0.00,2.94,1.96,5.88,1.96,0.00,0.83,0.00,5.88,0.00,0.52,0.00,0.00,0.00,2.10,7.47,8.68,3.14,3.12,0.00,0.62,0.67,0.00,0.00,0.87,5.23,0.00,0.00,0.00,0.00,1.19,1.16,0.00,0.00,0.00,0.00,0.00,0.00,0.00,4.52,0.45,0.00,0.69,1.84,0.96,0.00,4.06,2.58,13.57,2.26,0.00,0.00,0.00,0.00,0.00,0.00,0.00,0.00,0.00,0.00
6831.0,-2.000,7.000,0.000,0.000,0.000,0,0,0.827,0,0.021,0.035,0.000,0.001,0.255,0.00,1.05,1.57,0.00,0.00,28.05,23.20,0.00,8.40,10.70,10.60,0.37,0.87,2.48,1.78,2.10,1.81,14.01,11.20,10.15,6.59,58.82,58.82,4.90,11.03,0.00,0.00,0.78,0.00,1.22,1.15,0.00,0.00,1.28,0.74,0.00,0.00,19.61,0.00,0.00,0.00,0.00,0.00,2.94,0.00,0.00,0.00,0.00,0.00,0.00,0.00,0.00,0.00,0.00,0.00,0.00,0.00,0.00,0.00,0.00,0.00,0.00,0.00,0.00,0.00,0.00,0.00,0.00,0.00,0.00,0.00,0.00,0.00,0.00,0.00,0.00,0.00,0.00,0.00,0.00,0.00,0.00,0.00,0.00,0.00,0.00,0.00,0.00,0.00,0.00,0.00,0.00,0.00,0.00,0.00,1.04,0.35,3.02,1.68,2.93,4.01,9.09,10.44,0.00,0.00,9.05,0.00,1.00,0.00,0.00,0.00,0.61,0.39,0.00,0.00,0.00,0.00,0.00,0.00,0.00,0.00,0.00,0.00,0.00,0.00,0.00,0.00,0.00,0.00,0.00,0.00,0.00,0.00,0.00,0.00,0.00,0.00,0.00,0.00,0.00,0.00,0.00,0.00,0.00,0.00,0.00,0.00,0.00,0.00,0.00,0.00,0.00,0.00,0.00,0.00,58.82,58.82,0.00,0.00,0.00,0.00,0.00,0.00,58.82,0.00,0.00,0.00,0.00,0.00,0.00,0.00,0.00,0.00,58.82,0.00,0.00,29.41,0.00,0.00,0.00,0.00,0.00,0.00,0.00,0.00,0.00,0.00,0.00,0.00,0.00,58.82,0.00,0.00,0.00,58.82,0.00,0.00,0.00,0.00,0.00,0.00,0.00,0.00,0.00,0.00,0.00,0.00,0.00,0.00,0.00,0.00,0.00,0.00,0.00,0.00,0.00,0.00,0.00,0.00,0.00,0.00,0.00,0.00,0.00,0.00,0.00,0.00,0.00,0.00,0.00,0.00,0.00,0.00,0.00,0.00,0.00,0.00,0.00,0.00,0.00,1.57,1.21,0.97,0.84,1.36,1.61,1.68,2.67,0.00,0.00,1.99,0.80,0.00,1.71,0.00,0.00,0.00,0.00,0.89,0.00,0.98,0.00,1.96,0.00,0.83,31.67,11.76,0.61,0.52,0.00,0.00,0.00,0.00,1.87,0.00,0.75,1.03,0.00,0.75,1.33,0.00,0.00,0.87,1.31,0.00,0.00,6.54,0.00,0.85,0.73,0.00,0.00,0.00,0.00,0.00,58.82,0.00,2.26,0.45,2.28,2.08,1.23,0.00,0.69,0.51,0.00,6.79,6.79,0.00,0.00,0.00,0.00,0.00,0.00,0.00,0.00,0.00,0.00
6931.0,-2.000,7.000,0.000,0.000,0.000,0,0,0.828,0,0.050,0.007,0.114,0.031,0.110,0.00,0.63,0.85,4.90,4.90,19.61,30.93,0.00,0.00,6.56,10.26,0.54,0.79,2.48,0.71,2.05,1.79,8.40,11.20,9.46,12.04,58.82,58.82,3.68,4.90,0.00,0.00,0.00,1.57,1.41,1.17,1.55,1.51,0.91,1.11,0.00,0.00,0.00,0.00,0.00,2.80,0.00,0.00,0.00,0.00,0.00,0.00,0.00,0.00,0.00,0.00,0.00,0.00,0.00,0.00,0.00,0.00,0.00,0.00,0.00,0.00,0.00,0.00,0.00,0.00,0.00,0.00,0.00,0.00,0.00,0.00,0.00,0.00,0.00,0.00,0.00,0.00,0.00,0.00,0.00,0.00,0.00,0.00,0.00,0.00,0.00,0.00,0.00,0.00,0.00,0.00,0.00,0.00,0.00,0.00,0.70,0.70,3.02,5.04,3.24,3.10,10.16,10.70,0.00,0.00,0.00,3.68,0.00,2.99,0.00,0.00,0.30,0.00,0.00,0.00,0.00,0.00,0.00,0.00,0.00,0.00,0.00,0.00,0.00,0.00,58.82,0.00,0.00,0.00,0.00,0.00,0.00,0.00,0.00,0.00,0.00,0.00,0.00,0.00,0.00,0.00,0.00,0.00,0.00,0.00,0.00,0.00,0.00,0.00,0.00,0.00,0.00,0.00,0.00,0.00,0.00,0.00,0.00,0.00,0.00,0.00,0.00,0.00,0.00,0.00,0.00,0.00,0.00,0.00,0.00,0.00,0.00,29.41,0.00,0.00,0.00,29.41,0.00,0.00,0.00,0.00,0.00,0.00,0.00,0.00,0.00,0.00,0.00,0.00,0.00,0.00,0.00,0.00,0.00,0.00,0.00,0.00,0.00,0.00,0.00,0.00,0.00,0.00,0.00,0.00,0.00,0.00,0.00,0.00,0.00,0.00,0.00,0.00,0.00,0.00,0.00,0.00,0.00,0.00,0.00,0.00,0.00,0.00,0.00,0.00,0.00,0.00,0.00,0.00,0.00,0.00,0.00,0.00,0.00,0.00,0.00,0.00,0.00,0.00,0.00,0.00,2.43,0.78,1.01,1.74,1.69,0.96,1.07,0.00,0.00,0.99,1.60,1.60,0.34,0.00,0.00,0.00,0.00,2.67,0.00,2.94,2.94,1.96,0.00,0.41,4.52,0.00,0.61,0.00,0.00,0.00,0.00,0.00,1.87,0.96,1.09,1.22,0.00,0.62,0.33,0.00,0.00,2.60,2.61,0.00,0.00,0.00,0.00,0.85,0.77,0.00,58.82,0.00,0.00,0.00,0.00,2.18,0.00,0.00,0.91,0.00,0.00,0.00,0.69,1.52,0.52,9.05,11.31,0.00,0.00,0.00,0.00,0.00,0.00,0.00,0.00,0.00,0.00
7031.0,-2.000,7.000,0.000,0.000,0.000,0,0,0.828,0,0.028,0.001,0.068,0.006,0.021,0.00,0.63,1.05,4.90,0.00,31.86,30.38,8.40,0.00,11.39,12.48,0.58,0.62,2.48,1.43,1.69,1.40,5.60,0.00,10.38,7.95,0.00,0.00,2.45,2.45,0.00,0.00,0.00,0.78,1.13,1.11,0.00,0.00,1.09,0.83,0.00,0.00,0.00,0.00,0.00,2.80,4.52,0.00,2.94,6.19,0.00,0.00,0.00,0.00,0.00,0.00,0.00,0.00,0.00,0.00,0.00,0.00,0.00,0.00,0.00,0.00,0.00,0.00,0.00,0.00,0.00,0.00,0.00,0.00,0.00,0.00,0.00,0.00,0.00,0.00,0.00,0.00,0.00,0.00,0.00,0.00,0.00,0.00,0.00,0.00,0.00,0.00,0.00,0.00,0.00,0.00,0.00,0.00,0.00,0.00,0.70,0.35,6.03,1.68,3.24,3.00,9.19,10.49,0.00,0.00,0.00,0.00,0.00,0.00,0.00,0.00,0.91,0.97,3.18,0.00,0.00,0.00,0.00,0.00,0.00,0.00,0.00,0.00,0.00,0.00,0.00,0.00,0.00,0.00,0.00,0.00,0.00,0.00,0.00,0.00,0.00,0.00,0.00,0.00,0.00,0.00,0.00,0.00,0.00,0.00,0.00,0.00,0.00,0.00,0.00,0.00,0.00,0.00,0.00,0.00,0.00,0.00,0.00,0.00,0.00,0.00,0.00,0.00,0.00,0.00,0.00,0.00,0.00,0.00,0.00,0.00,0.00,0.00,0.00,0.00,0.00,0.00,0.00,0.00,0.00,0.00,0.00,0.00,0.00,0.00,0.00,0.00,0.00,0.00,0.00,0.00,0.00,0.00,0.00,0.00,0.00,0.00,0.00,0.00,0.00,0.00,0.00,0.00,0.00,0.00,0.00,0.00,0.00,0.00,0.00,0.00,0.00,0.00,0.00,0.00,0.00,0.00,0.00,0.00,0.00,0.00,0.00,0.00,0.00,0.00,0.00,0.00,0.00,0.00,0.00,0.00,0.00,0.00,0.00,0.00,0.00,0.00,0.00,0.00,0.00,0.00,1.21,1.17,0.17,1.38,1.74,0.48,2.14,0.00,0.00,2.11,1.20,2.00,0.68,0.00,4.52,0.00,0.00,0.89,0.98,2.94,0.00,0.00,0.70,1.66,0.00,0.00,1.21,0.52,0.00,0.00,0.00,2.10,1.87,0.96,0.94,1.03,0.00,0.50,0.22,0.00,0.00,1.73,2.61,0.00,0.00,0.00,0.00,0.96,0.78,0.00,0.00,0.00,0.00,0.00,0.00,2.18,4.52,1.78,0.91,2.08,0.61,5.79,1.38,1.52,1.03,2.26,2.26,0.00,0.00,0.00,0.00,0.00,0.00,0.00,0.00,0.00,0.00
7131.0,-2.000,7.000,0.000,0.000,0.000,0,0,0.828,0,0.074,0.035,0.132,0.001,0.274,0.00,1.12,1.77,9.80,4.90,34.04,20.44,8.40,0.00,9.83,8.38,0.50,1.04,1.77,2.50,2.44,1.02,8.40,16.81,12.69,4.77,58.82,0.00,9.80,4.90,0.00,0.00,1.57,0.00,1.06,1.05,0.00,0.00,0.64,1.66,0.00,0.00,0.00,0.00,0.00,0.00,0.00,3.92,0.00,3.10,0.00,0.00,0.00,0.00,0.00,0.00,0.00,0.00,0.00,0.00,0.00,0.00,0.00,0.00,0.00,0.00,0.00,0.00,0.00,0.00,0.00,0.00,0.00,0.00,0.00,0.00,0.00,0.00,0.00,0.00,0.00,0.00,0.00,0.00,0.00,0.00,0.00,0.00,0.00,0.00,0.00,0.00,0.00,0.00,0.00,0.00,0.00,0.00,0.00,0.00,0.70,0.35,12.07,3.36,3.06,3.28,11.45,9.14,0.00,0.00,4.52,3.68,2.99,0.00,0.00,0.00,0.61,0.78,0.00,3.18,0.00,0.00,0.00,0.00,0.00,0.00,0.00,0.00,0.00,0.00,0.00,0.00,0.00,0.00,0.00,0.00,0.00,2.56,0.00,0.00,0.00,0.00,0.00,0.00,0.00,0.00,0.00,0.00,0.00,0.00,0.00,0.00,0.00,0.00,0.00,0.00,0.00,0.00,0.00,0.00,0.00,0.00,0.00,0.00,0.00,0.00,0.00,0.00,0.00,0.00,0.00,0.00,0.00,0.00,0.00,0.00,0.00,0.00,0.00,0.00,0.00,0.00,0.00,0.00,0.00,0.00,0.00,0.00,0.00,0.00,0.00,0.00,0.00,0.00,19.61,0.00,0.00,0.00,0.00,0.00,0.00,0.00,0.00,0.00,0.00,0.00,0.00,0.00,0.00,0.00,0.00,0.00,0.00,0.00,0.00,0.00,0.00,0.00,0.00,0.00,0.00,0.00,0.00,0.00,0.00,0.00,0.00,0.00,0.00,0.00,0.00,0.00,0.00,0.00,0.00,0.00,0.00,0.00,0.00,0.00,0.00,0.00,0.00,0.00,0.00,3.14,6.67,0.97,1.01,1.52,1.09,1.20,0.53,0.00,19.61,1.74,1.34,0.80,1.37,0.00,4.52,0.00,0.00,2.67,0.98,0.98,0.00,2.94,1.40,0.00,13.57,23.53,0.00,0.00,0.00,0.00,0.00,2.10,2.80,1.93,1.31,1.67,0.00,0.50,0.44,0.00,0.00,2.60,0.00,0.00,0.00,0.00,0.00,1.01,1.34,0.00,0.00,0.00,0.00,0.00,0.00,4.36,2.26,0.45,1.82,1.38,1.23,0.00,1.38,3.04,4.13,6.79,11.31,0.00,0.00,0.00,0.00,0.00,0.00,0.00,0.00,0.00,0.00
7231.0,-2.000,7.000,0.000,0.000,0.000,0,0,0.829,0,0.038,0.007,0.085,0.000,0.326,0.00,1.40,1.05,0.00,0.00,25.87,29.27,8.40,0.00,9.49,11.46,0.54,0.58,1.06,2.85,2.19,1.83,14.01,2.80,5.31,11.36,58.82,0.00,7.35,6.13,0.00,0.00,0.00,0.00,1.14,1.32,0.00,4.52,2.28,2.49,0.00,0.00,0.00,0.00,0.00,0.00,4.52,3.92,2.94,15.48,0.00,0.00,0.00,0.00,0.00,0.00,0.00,0.00,0.00,0.00,0.00,0.00,0.00,0.00,0.00,0.00,0.00,0.00,0.00,0.00,0.00,0.00,0.00,0.00,0.00,0.00,0.00,0.00,0.00,0.00,0.00,0.00,0.00,0.00,0.00,0.00,0.00,0.00,0.00,0.00,0.00,0.00,0.00,0.00,0.00,0.00,0.00,0.00,0.00,0.00,0.35,0.35,10.56,3.36,2.98,2.87,9.19,9.86,0.00,29.41,0.00,0.00,0.00,1.00,0.00,0.00,1.22,0.78,1.59,0.00,0.00,0.00,0.00,0.00,0.00,0.00,58.82,0.00,0.00,0.00,0.00,0.00,0.00,58.82,0.00,0.00,0.00,0.00,0.00,0.00,0.00,0.00,0.00,0.00,0.00,0.00,0.00,0.00,0.00,0.00,0.00,0.00,0.00,0.00,0.00,0.00,0.00,0.00,0.00,29.41,0.00,0.00,0.00,0.00,29.41,29.41,0.00,0.00,0.00,0.00,58.82,0.00,0.00,0.00,0.00,0.00,0.00,0.00,0.00,0.00,0.00,0.00,0.00,0.00,0.00,0.00,0.00,58.82,29.41,0.00,0.00,0.00,0.00,0.00,0.00,0.00,58.82,0.00,0.00,0.00,0.00,0.00,0.00,0.00,0.00,0.00,0.00,0.00,0.00,0.00,0.00,0.00,0.00,0.00,0.00,0.00,0.00,0.00,0.00,0.00,0.00,0.00,0.00,0.00,0.00,0.00,0.00,0.00,0.00,0.00,0.00,0.00,0.00,0.00,0.00,0.00,0.00,0.00,0.00,0.00,0.00,0.00,0.00,0.00,0.00,0.78,0.61,1.36,1.34,1.38,1.40,0.72,1.87,29.41,0.00,1.49,1.34,1.20,1.71,4.90,0.00,0.00,1.81,11.59,2.94,4.90,7.84,0.00,2.10,0.00,18.10,5.88,0.00,0.52,0.00,0.00,0.00,0.00,7.47,1.93,2.36,2.02,0.00,0.62,0.33,0.00,0.00,1.73,3.92,0.00,0.00,0.00,0.00,1.45,0.94,0.00,0.00,0.00,0.00,0.00,0.00,2.18,0.00,1.34,1.37,2.08,1.23,0.00,0.00,3.55,2.58,9.05,15.84,0.00,0.00,0.00,0.00,0.00,0.00,0.00,0.00,0.00,0.00
7331.0,-2.000,7.000,0.000,0.000,0.000,0,0,0.829,0,0.000,0.000,0.000,0.000,0.225,0.00,0.84,0.85,0.00,0.00,27.78,25.96,8.40,0.00,7.76,9.58,0.67,0.37,2.83,3.21,1.76,2.13,14.01,11.20,9.92,9.31,58.82,0.00,6.13,11.03,0.00,0.00,1.57,0.00,1.21,1.21,0.00,0.00,1.55,1.20,0.00,0.00,0.00,0.00,0.00,0.00,0.00,3.92,2.94,3.10,0.00,0.00,0.00,0.00,0.00,0.00,0.00,0.00,0.00,0.00,0.00,0.00,0.00,0.00,0.00,0.00,0.00,0.00,0.00,0.00,0.00,0.00,0.00,0.00,0.00,0.00,0.00,0.00,0.00,0.00,0.00,0.00,0.00,0.00,0.00,0.00,0.00,0.00,0.00,0.00,0.00,0.00,0.00,0.00,0.00,0.00,0.00,0.00,0.00,0.00,0.00,1.06,6.03,0.00,2.93,3.14,9.44,11.11,0.00,0.00,13.57,0.00,0.00,0.00,0.00,0.00,1.22,0.39,0.00,0.00,0.00,0.00,0.00,0.00,0.00,0.00,0.00,0.00,0.00,0.00,0.00,0.00,0.00,0.00,0.00,0.00,0.00,0.00,0.00,0.00,0.00,0.00,0.00,0.00,0.00,0.00,0.00,0.00,0.00,0.00,0.00,0.00,0.00,0.00,0.00,0.00,0.00,0.00,0.00,29.41,0.00,0.00,0.00,0.00,0.00,0.00,0.00,0.00,0.00,0.00,0.00,0.00,0.00,0.00,0.00,0.00,0.00,0.00,0.00,0.00,0.00,0.00,0.00,0.00,0.00,0.00,0.00,0.00,0.00,0.00,0.00,0.00,0.00,0.00,0.00,0.00,0.00,0.00,0.00,0.00,58.82,0.00,0.00,0.00,0.00,0.00,0.00,0.00,0.00,0.00,0.00,0.00,0.00,0.00,0.00,0.00,0.00,0.00,0.00,0.00,0.00,0.00,0.00,0.00,0.00,0.00,0.00,0.00,0.00,0.00,0.00,0.00,0.00,0.00,0.00,0.00,0.00,0.00,0.00,0.00,0.00,0.00,0.00,0.00,0.00,0.00,0.00,1.17,1.84,1.55,1.69,1.68,1.87,0.00,0.00,2.61,1.74,2.40,2.05,0.00,9.05,0.00,1.81,4.46,9.80,10.78,13.73,5.88,1.40,1.24,18.10,17.65,0.61,1.04,0.00,0.00,0.00,0.00,9.34,1.93,3.33,2.78,0.00,0.50,0.55,0.00,0.00,1.73,0.00,0.00,0.00,0.00,0.00,1.15,0.87,0.00,0.00,0.00,0.00,0.00,0.00,2.18,0.00,0.89,0.00,1.38,1.84,0.00,0.69,1.52,2.06,6.79,4.52,0.00,0.00,0.00,0.00,0.00,0.00,0.00,0.00,0.00,0.00
7431.0,-2.000,7.000,0.000,0.000,0.000,0,0,0.830,0,0.042,0.000,0.105,0.000,0.356,0.00,0.98,0.92,4.90,0.00,28.32,33.97,8.40,0.00,7.07,10.94,0.58,0.67,1.06,1.78,0.36,1.81,14.01,8.40,8.07,8.86,0.00,0.00,3.68,1.23,0.00,0.00,0.78,0.78,1.23,1.15,0.00,0.00,1.19,1.75,0.00,0.00,0.00,0.00,0.00,0.00,4.52,0.00,2.94,0.00,0.00,0.00,0.00,0.00,0.00,0.00,0.00,0.00,0.00,0.00,0.00,0.00,0.00,0.00,0.00,0.00,0.00,0.00,0.00,0.00,0.00,0.00,0.00,0.00,0.00,0.00,0.00,0.00,0.00,0.00,0.00,0.00,0.00,0.00,0.00,0.00,0.00,0.00,0.00,0.00,0.00,0.00,0.00,0.00,0.00,0.00,0.00,0.00,0.00,0.00,1.04,0.00,4.52,1.68,3.63,3.10,9.14,11.06,0.00,0.00,0.00,0.00,0.00,1.99,0.00,0.00,0.61,0.39,1.59,0.00,0.00,7.35,0.00,0.00,0.00,0.00,58.82,0.00,0.00,0.00,0.00,0.00,0.00,0.00,0.00,0.00,2.45,0.00,0.00,0.00,0.00,0.00,0.00,0.00,0.00,0.00,0.00,0.00,0.00,0.00,0.00,0.00,0.00,0.00,0.00,0.00,0.00,0.00,0.00,58.82,117.65,117.65,0.00,58.82,0.00,0.00,0.00,0.00,0.00,0.00,0.00,0.00,0.00,0.00,0.00,0.00,0.00,0.00,0.00,0.00,0.00,0.00,0.00,0.00,0.00,0.00,58.82,0.00,0.00,0.00,0.00,0.00,0.00,0.00,19.61,0.00,0.00,0.00,0.00,0.00,0.00,0.00,0.00,0.00,0.00,0.00,0.00,0.00,0.00,0.00,0.00,0.00,0.00,0.00,0.00,0.00,0.00,0.00,0.00,0.00,0.00,0.00,0.00,0.00,0.00,0.00,0.00,0.00,0.00,0.00,0.00,0.00,0.00,0.00,0.00,0.00,0.00,0.00,0.00,0.00,0.00,0.00,0.00,0.00,0.00,2.35,1.82,1.17,1.01,1.47,1.74,1.92,2.67,0.00,0.00,2.24,1.87,1.20,0.34,4.90,4.52,0.00,0.90,5.35,2.94,0.00,0.98,0.00,0.70,1.66,9.05,11.76,0.00,0.52,8.40,0.00,0.00,0.00,3.73,0.96,1.01,0.99,0.00,0.50,0.89,0.00,0.00,0.87,0.00,0.00,0.00,6.54,0.00,1.02,1.54,0.00,0.00,0.00,0.00,0.00,0.00,0.00,0.00,0.89,1.82,1.38,1.23,3.86,5.54,4.06,3.61,4.52,11.31,0.00,0.00,0.00,0.00,0.00,0.00,0.00,0.00,0.00,0.00
7531.0,-2.000,7.000,0.000,0.000,0.000,0,0,0.830,0,0.039,0.052,0.020,0.000,0.148,0.00,1.05,1.31,0.00,0.00,28.32,27.06,16.81,16.81,10.87,11.80,0.54,1.08,2.13,4.63,2.60,1.00,14.01,14.01,10.15,6.59,58.82,0.00,11.03,8.58,0.00,0.00,0.00,0.00,1.39,1.28,3.10,0.00,1.64,1.84,0.00,0.00,0.00,0.00,0.00,2.80,0.00,0.00,0.00,0.00,0.00,0.00,0.00,0.00,0.00,0.00,0.00,0.00,0.00,0.00,0.00,0.00,0.00,0.00,0.00,0.00,0.00,0.00,0.00,0.00,0.00,0.00,0.00,0.00,0.00,0.00,0.00,0.00,0.00,0.00,0.00,0.00,0.00,0.00,0.00,0.00,0.00,0.00,0.00,0.00,0.00,0.00,0.00,0.00,0.00,0.00,0.00,0.00,0.00,0.00,0.35,0.35,12.07,6.72,3.06,3.46,8.62,9.55,0.00,0.00,0.00,0.00,0.00,0.00,0.00,0.00,0.91,0.19,1.59,0.00,0.00,0.00,0.00,0.00,0.00,0.00,58.82,58.82,0.00,0.00,0.00,0.00,0.00,0.00,0.00,0.00,0.00,2.56,0.00,0.00,0.00,0.00,0.00,0.00,0.00,0.00,0.00,0.00,0.00,0.00,0.00,0.00,0.00,0.00,0.00,0.00,0.00,0.00,0.00,0.00,0.00,0.00,0.00,0.00,0.00,0.00,0.00,0.00,0.00,0.00,0.00,0.00,0.00,0.00,0.00,0.00,0.00,0.00,0.00,0.00,0.00,0.00,0.00,0.00,0.00,0.00,0.00,0.00,0.00,0.00,0.00,0.00,0.00,0.00,0.00,0.00,0.00,0.00,0.00,0.00,0.00,0.00,0.00,0.00,0.00,0.00,0.00,0.00,0.00,0.00,0.00,0.00,0.00,0.00,0.00,0.00,0.00,0.00,0.00,0.00,0.00,0.00,0.00,0.00,0.00,0.00,0.00,0.00,0.00,0.00,0.00,0.00,0.00,0.00,0.00,0.00,0.00,0.00,0.00,0.00,0.00,0.00,0.00,0.00,0.00,0.78,3.03,1.56,1.68,1.99,1.43,1.20,0.27,0.00,0.00,1.99,1.87,2.80,1.71,4.90,4.52,0.00,0.00,4.46,5.88,3.92,0.00,1.96,2.10,1.66,0.00,0.00,1.21,1.04,0.00,0.00,0.00,0.00,3.73,5.79,1.76,1.64,0.00,1.12,0.33,0.00,0.00,3.46,0.00,0.00,0.00,0.00,0.00,1.21,1.11,0.00,0.00,0.00,0.00,0.00,0.00,4.36,0.00,1.34,0.91,1.38,1.23,0.00,0.69,2.03,5.68,4.52,4.52,0.00,0.00,0.00,0.00,0.00,0.00,0.00,0.00,0.00,0.00
7631.0,-2.000,7.000,0.000,0.000,0.000,0,0,0.830,0,0.021,0.010,0.039,0.120,0.028,0.00,1.47,1.31,0.00,0.00,24.24,33.42,8.40,0.00,8.80,10.60,0.71,0.46,0.35,1.43,0.89,2.42,19.61,5.60,6.69,14.54,58.82,58.82,3.68,2.45,0.00,0.00,0.00,3.14,1.19,1.34,0.00,1.51,1.55,1.57,0.00,0.00,0.00,0.00,0.00,2.80,0.00,0.00,0.00,0.00,0.00,0.00,0.00,0.00,0.00,0.00,0.00,0.00,0.00,0.00,0.00,0.00,0.00,0.00,0.00,0.00,0.00,0.00,0.00,0.00,0.00,0.00,0.00,0.00,0.00,0.00,0.00,0.00,0.00,0.00,0.00,0.00,0.00,0.00,0.00,0.00,0.00,0.00,0.00,0.00,0.00,0.00,0.00,0.00,0.00,0.00,0.00,0.00,0.00,0.00,0.35,0.70,7.54,3.36,3.37,2.50,10.11,10.95,0.00,0.00,0.00,7.35,1.00,0.00,0.00,0.00,0.61,0.39,0.00,0.00,0.00,0.00,0.00,0.00,0.00,0.00,0.00,0.00,0.00,0.00,0.00,0.00,0.00,0.00,58.82,0.00,0.00,0.00,0.00,0.00,0.00,0.00,0.00,0.00,0.00,0.00,0.00,0.00,0.00,0.00,0.00,0.00,0.00,0.00,0.00,0.00,0.00,0.00,0.00,0.00,0.00,0.00,0.00,0.00,0.00,0.00,0.00,0.00,0.00,0.00,58.82,0.00,0.00,0.00,0.00,0.00,0.00,0.00,0.00,0.00,0.00,0.00,0.00,0.00,0.00,0.00,0.00,0.00,58.82,0.00,58.82,0.00,0.00,0.00,0.00,0.00,0.00,0.00,0.00,0.00,0.00,0.00,0.00,0.00,0.00,0.00,0.00,0.00,0.00,0.00,0.00,0.00,0.00,0.00,0.00,0.00,0.00,0.00,0.00,0.00,0.00,0.00,0.00,0.00,0.00,0.00,0.00,0.00,0.00,0.00,0.00,0.00,0.00,0.00,0.00,0.00,0.00,0.00,0.00,0.00,0.00,0.00,0.00,0.00,0.00,1.57,2.43,1.17,1.01,1.66,1.56,0.96,1.60,0.00,0.00,1.37,1.34,1.20,1.03,0.00,0.00,0.00,0.00,0.89,0.00,1.96,0.00,3.92,0.00,0.00,0.00,5.88,0.00,0.52,0.00,0.00,0.00,2.10,0.93,1.93,0.94,1.37,0.00,0.25,0.78,0.00,0.00,0.00,0.00,0.00,0.00,0.00,5.88,1.21,1.54,0.00,0.00,0.00,0.00,58.82,58.82,2.18,0.00,0.00,1.37,2.08,2.45,1.93,3.46,4.06,4.13,2.26,4.52,0.00,0.00,0.00,0.00,0.00,0.00,0.00,0.00,0.00,0.00
7731.0,-2.000,7.000,0.000,0.000,0.000,0,0,0.831,0,0.200,0.194,0.209,0.167,0.159,0.00,1.33,1.64,0.00,0.00,30.77,29.00,8.40,16.81,8.28,10.94,0.83,0.62,1.77,2.14,2.17,2.04,8.40,8.40,11.53,9.99,58.82,58.82,4.90,4.90,0.00,0.00,0.00,0.78,1.24,1.29,0.00,1.51,1.00,2.03,0.00,0.00,0.00,0.00,0.00,2.80,0.00,0.00,0.00,0.00,0.00,0.00,0.00,0.00,0.00,0.00,0.00,0.00,0.00,0.00,0.00,0.00,0.00,0.00,0.00,0.00,0.00,0.00,0.00,0.00,0.00,0.00,0.00,0.00,0.00,0.00,0.00,0.00,0.00,0.00,0.00,0.00,0.00,0.00,0.00,0.00,0.00,0.00,0.00,0.00,0.00,0.00,0.00,0.00,0.00,0.00,0.00,0.00,0.00,0.00,1.04,0.00,4.52,3.36,2.85,3.32,10.01,9.24,0.00,0.00,0.00,0.00,1.00,1.00,0.00,0.00,0.00,0.19,1.59,0.00,0.00,0.00,0.00,0.00,0.00,0.00,0.00,0.00,0.00,0.00,0.00,0.00,0.00,0.00,0.00,0.00,0.00,0.00,0.00,0.00,0.00,0.00,0.00,0.00,0.00,0.00,0.00,0.00,0.00,0.00,0.00,0.00,0.00,0.00,0.00,0.00,58.82,0.00,0.00,0.00,0.00,0.00,0.00,0.00,0.00,0.00,0.00,0.00,0.00,0.00,0.00,0.00,0.00,0.00,0.00,0.00,0.00,0.00,0.00,0.00,0.00,58.82,0.00,0.00,0.00,0.00,0.00,0.00,29.41,0.00,0.00,0.00,0.00,0.00,0.00,0.00,0.00,0.00,0.00,0.00,0.00,0.00,0.00,0.00,0.00,0.00,0.00,0.00,0.00,0.00,0.00,0.00,0.00,0.00,0.00,0.00,0.00,0.00,0.00,0.00,0.00,0.00,0.00,0.00,0.00,0.00,0.00,0.00,0.00,0.00,0.00,0.00,0.00,0.00,0.00,0.00,0.00,0.00,0.00,0.00,0.00,0.00,0.00,0.00,0.00,0.00,0.61,1.36,1.17,1.22,1.74,2.16,1.34,0.00,0.00,1.37,1.74,0.80,1.03,0.00,0.00,0.00,5.43,1.78,6.86,1.96,8.82,0.00,0.70,0.83,0.00,23.53,0.61,1.56,0.00,8.40,0.00,0.00,3.73,4.82,2.54,1.64,0.00,0.87,0.44,0.00,0.00,0.00,1.31,0.00,0.00,6.54,0.00,1.08,0.99,0.00,0.00,0.00,0.00,0.00,0.00,0.00,0.00,0.00,3.19,1.38,0.00,2.89,2.08,1.52,3.10,4.52,6.79,0.00,0.00,0.00,0.00,0.00,0.00,0.00,0.00,0.00,0.00
7831.0,-2.000,7.000,0.000,0.000,0.000,0,0,0.831,0,0.285,0.309,0.248,0.217,0.427,0.00,0.91,0.79,0.00,0.00,19.61,26.24,8.40,8.40,5.35,10.60,0.71,0.62,2.48,2.14,0.55,1.70,0.00,5.60,3.69,6.36,0.00,58.82,3.68,4.90,0.00,0.00,0.00,1.57,0.85,1.17,0.00,0.00,1.19,0.92,0.00,0.00,0.00,0.00,0.00,0.00,4.52,0.00,0.00,0.00,0.00,0.00,0.00,0.00,0.00,0.00,0.00,0.00,0.00,0.00,0.00,0.00,0.00,0.00,0.00,0.00,0.00,0.00,0.00,0.00,0.00,0.00,0.00,0.00,0.00,0.00,0.00,0.00,0.00,0.00,0.00,0.00,0.00,0.00,0.00,0.00,0.00,0.00,0.00,0.00,0.00,0.00,0.00,0.00,0.00,0.00,0.00,0.00,0.00,0.00,0.70,1.06,1.51,5.04,3.32,2.91,12.06,10.12,0.00,0.00,0.00,0.00,1.99,1.00,0.00,0.00,0.91,1.17,0.00,3.18,0.00,0.00,0.00,0.00,0.00,0.00,0.00,0.00,0.00,0.00,0.00,0.00,0.00,0.00,58.82,0.00,0.00,0.00,0.00,0.00,0.00,0.00,0.00,0.00,0.00,0.00,0.00,0.00,0.00,0.00,0.00,0.00,0.00,0.00,0.00,0.00,0.00,0.00,58.82,29.41,0.00,0.00,0.00,0.00,0.00,0.00,0.00,0.00,0.00,0.00,0.00,0.00,0.00,0.00,0.00,0.00,29.41,0.00,0.00,0.00,0.00,0.00,0.00,0.00,0.00,0.00,0.00,0.00,0.00,0.00,0.00,0.00,0.00,0.00,0.00,0.00,0.00,0.00,0.00,0.00,0.00,0.00,0.00,0.00,0.00,0.00,0.00,0.00,0.00,0.00,0.00,0.00,0.00,0.00,0.00,0.00,0.00,0.00,0.00,0.00,0.00,0.00,0.00,0.00,0.00,0.00,0.00,0.00,0.00,0.00,0.00,0.00,0.00,0.00,0.00,0.00,0.00,0.00,0.00,0.00,0.00,0.00,0.00,0.00,0.00,2.35,1.21,1.95,0.34,1.30,1.93,1.20,1.34,0.00,0.00,2.49,1.60,1.20,0.68,0.00,0.00,0.00,0.00,1.78,4.90,0.00,1.96,1.96,1.40,0.00,0.00,0.00,1.82,1.04,0.00,0.00,0.00,0.00,1.87,0.00,0.79,1.03,0.00,0.87,0.55,0.00,0.00,2.60,1.31,0.00,0.00,0.00,0.00,0.88,1.01,0.00,0.00,0.00,0.00,0.00,0.00,6.54,0.00,0.89,0.91,1.38,0.61,0.00,1.38,0.51,2.06,0.00,0.00,0.00,0.00,0.00,0.00,0.00,0.00,0.00,0.00,0.00,0.00
7931.0,-2.000,7.000,0.000,0.000,0.000,0,0,0.832,0,0.000,0.000,0.000,0.111,0.081,0.00,1.54,0.98,0.00,0.00,22.33,29.55,8.40,0.00,5.69,11.11,0.71,0.54,3.19,0.36,1.32,1.79,14.01,11.20,5.31,8.18,0.00,0.00,4.90,7.35,0.00,0.00,0.78,0.78,1.10,0.94,0.00,0.00,0.82,0.92,0.00,0.00,0.00,0.00,0.00,0.00,0.00,0.00,0.00,0.00,0.00,0.00,0.00,0.00,0.00,0.00,0.00,0.00,0.00,0.00,0.00,0.00,0.00,0.00,0.00,0.00,0.00,0.00,0.00,0.00,0.00,0.00,0.00,0.00,0.00,0.00,0.00,0.00,0.00,0.00,0.00,0.00,0.00,0.00,0.00,0.00,0.00,0.00,0.00,0.00,0.00,0.00,0.00,0.00,0.00,0.00,0.00,0.00,0.00,0.00,0.35,1.41,0.00,3.36,3.37,3.10,9.44,10.23,0.00,0.00,0.00,0.00,1.00,0.00,0.00,0.00,0.30,0.58,1.59,1.59,0.00,0.00,0.00,0.00,0.00,0.00,0.00,0.00,0.00,0.00,0.00,0.00,0.00,0.00,0.00,0.00,0.00,0.00,0.00,0.00,0.00,0.00,0.00,0.00,0.00,0.00,0.00,0.00,0.00,0.00,0.00,0.00,0.00,0.00,0.00,0.00,0.00,0.00,0.00,0.00,0.00,0.00,0.00,0.00,0.00,0.00,0.00,0.00,0.00,0.00,0.00,0.00,0.00,0.00,0.00,0.00,0.00,0.00,0.00,0.00,0.00,0.00,0.00,0.00,0.00,0.00,0.00,0.00,0.00,0.00,0.00,0.00,0.00,0.00,0.00,0.00,0.00,0.00,0.00,0.00,0.00,0.00,0.00,0.00,0.00,0.00,0.00,0.00,0.00,0.00,0.00,0.00,0.00,0.00,0.00,0.00,0.00,0.00,0.00,0.00,0.00,0.00,0.00,0.00,0.00,0.00,0.00,0.00,0.00,0.00,0.00,0.00,0.00,0.00,0.00,0.00,0.00,0.00,0.00,0.00,0.00,0.00,0.00,0.00,0.00,2.35,1.21,1.75,1.01,1.97,1.61,0.96,1.60,0.00,0.00,1.12,1.20,2.00,1.71,0.00,4.52,0.00,3.62,2.67,3.92,20.59,7.84,2.94,1.40,0.83,0.00,0.00,0.00,1.04,0.00,0.00,0.00,0.00,0.93,0.96,1.76,2.21,0.00,0.12,0.89,0.00,0.00,0.87,2.61,0.00,0.00,0.00,5.88,1.23,1.14,0.00,0.00,0.00,0.00,0.00,0.00,0.00,2.26,0.45,1.37,2.08,0.61,1.93,2.08,2.03,2.06,0.00,6.79,0.00,0.00,0.00,0.00,0.00,0.00,0.00,0.00,0.00,0.00
8031.0,-2.000,7.000,0.000,0.000,0.000,0,0,0.832,0,0.010,0.017,0.000,0.021,0.015,0.00,0.84,1.38,9.80,0.00,25.05,27.89,0.00,8.40,9.14,10.09,0.42,0.67,1.77,1.43,0.50,1.06,5.60,11.20,8.77,7.72,0.00,0.00,3.68,4.90,0.00,58.82,0.00,0.00,1.22,0.97,1.55,0.00,1.46,0.92,0.00,0.00,0.00,0.00,0.00,0.00,0.00,0.00,0.00,0.00,0.00,0.00,0.00,0.00,0.00,0.00,0.00,0.00,0.00,0.00,0.00,0.00,0.00,0.00,0.00,0.00,0.00,0.00,0.00,0.00,0.00,0.00,0.00,0.00,0.00,0.00,0.00,0.00,0.00,0.00,0.00,0.00,0.00,0.00,0.00,0.00,0.00,0.00,0.00,0.00,0.00,0.00,0.00,0.00,0.00,0.00,0.00,0.00,0.00,0.00,0.00,0.35,4.52,6.72,2.59,2.60,9.19,10.12,0.00,0.00,0.00,3.68,1.00,1.00,0.00,0.00,0.61,0.58,0.00,0.00,0.00,0.00,0.00,0.00,0.00,0.00,0.00,0.00,0.00,0.00,0.00,0.00,0.00,0.00,0.00,0.00,2.45,0.00,0.00,0.00,0.00,0.00,0.00,0.00,0.00,0.00,0.00,0.00,0.00,0.00,0.00,0.00,0.00,0.00,0.00,0.00,0.00,0.00,0.00,0.00,0.00,0.00,0.00,0.00,0.00,0.00,0.00,0.00,0.00,0.00,0.00,0.00,0.00,0.00,0.00,0.00,0.00,0.00,0.00,0.00,0.00,0.00,0.00,0.00,0.00,0.00,0.00,0.00,0.00,0.00,0.00,0.00,0.00,0.00,0.00,0.00,0.00,0.00,0.00,0.00,0.00,0.00,0.00,0.00,0.00,0.00,0.00,0.00,0.00,0.00,0.00,0.00,0.00,0.00,0.00,0.00,0.00,0.00,0.00,0.00,0.00,0.00,0.00,0.00,0.00,0.00,0.00,0.00,0.00,0.00,0.00,0.00,0.00,0.00,0.00,0.00,0.00,0.00,0.00,0.00,0.00,0.00,0.00,0.00,0.00,0.00,6.67,1.36,1.01,1.33,1.74,1.92,1.87,0.00,0.00,1.99,1.60,0.80,2.39,0.00,4.52,0.00,0.90,0.89,7.84,0.98,0.98,1.96,0.00,1.24,4.52,5.88,0.00,0.52,0.00,0.00,0.00,2.10,0.00,1.93,1.09,0.80,0.00,0.62,1.00,0.00,0.00,5.19,2.61,0.00,0.00,0.00,0.00,1.30,0.99,0.00,0.00,0.00,0.00,0.00,0.00,0.00,2.26,0.89,3.65,5.54,0.61,0.96,2.08,0.51,1.03,22.62,11.31,0.00,0.00,0.00,0.00,0.00,0.00,0.00,0.00,0.00,0.00
8131.0,-2.000,7.000,0.000,0.000,0.000,0,0,0.832,0,0.018,0.003,0.039,0.096,0.003,0.00,0.77,0.92,0.00,0.00,24.24,22.37,8.40,8.40,9.14,8.38,0.87,0.71,3.54,3.57,1.66,1.63,11.20,5.60,6.23,5.91,0.00,0.00,3.68,15.93,0.00,0.00,0.78,0.78,1.00,1.06,1.55,0.00,1.09,0.74,0.00,0.00,0.00,0.00,2.80,2.80,0.00,3.92,0.00,0.00,0.00,0.00,0.00,0.00,0.00,0.00,0.00,0.00,0.00,0.00,0.00,0.00,0.00,0.00,0.00,0.00,0.00,0.00,0.00,0.00,0.00,0.00,0.00,0.00,0.00,0.00,0.00,0.00,0.00,0.00,0.00,0.00,0.00,0.00,0.00,0.00,0.00,0.00,0.00,0.00,0.00,0.00,0.00,0.00,0.00,0.00,0.00,0.00,0.00,0.00,0.70,0.00,4.52,6.72,3.58,2.37,9.55,9.92,0.00,0.00,0.00,3.68,0.00,1.00,0.00,0.00,1.22,0.78,3.18,1.59,0.00,0.00,0.00,0.00,0.00,0.00,58.82,0.00,0.00,0.00,58.82,0.00,0.00,0.00,0.00,0.00,0.00,0.00,0.00,0.00,0.00,0.00,0.00,0.00,0.00,0.00,0.00,0.00,0.00,0.00,0.00,0.00,0.00,0.00,0.00,0.00,0.00,0.00,0.00,0.00,0.00,0.00,0.00,0.00,0.00,0.00,0.00,0.00,0.00,0.00,0.00,0.00,0.00,0.00,0.00,0.00,0.00,0.00,0.00,0.00,0.00,0.00,0.00,0.00,0.00,0.00,0.00,0.00,0.00,0.00,0.00,0.00,0.00,0.00,0.00,0.00,0.00,0.00,0.00,0.00,0.00,0.00,0.00,0.00,0.00,0.00,0.00,0.00,0.00,0.00,0.00,0.00,0.00,0.00,0.00,0.00,0.00,0.00,0.00,0.00,0.00,0.00,0.00,0.00,0.00,0.00,0.00,0.00,0.00,0.00,0.00,0.00,0.00,0.00,0.00,0.00,0.00,0.00,0.00,0.00,0.00,0.00,0.00,0.00,0.00,0.00,1.21,0.78,1.17,1.66,1.30,0.48,0.53,0.00,0.00,1.62,2.01,3.20,0.68,4.90,4.52,0.00,2.71,1.78,9.80,4.90,5.88,0.98,0.70,0.83,9.05,5.88,0.00,2.08,0.00,0.00,9.80,0.00,8.40,3.86,1.80,1.41,0.00,0.37,0.44,0.00,0.00,1.73,0.00,0.00,0.00,0.00,0.00,1.02,0.99,0.00,0.00,0.00,0.00,0.00,0.00,4.36,2.26,0.45,0.46,2.77,3.68,0.00,0.00,3.55,1.55,0.00,2.26,0.00,0.00,0.00,0.00,0.00,0.00,0.00,0.00,0.00,0.00
8231.0,-2.000,7.000,0.000,0.000,0.000,0,0,0.833,0,0.000,0.000,0.000,0.018,0.165,0.00,0.70,0.98,9.80,0.00,27.78,34.52,8.40,0.00,8.97,9.58,0.37,0.54,3.90,1.43,2.49,2.45,19.61,11.20,11.30,6.59,58.82,58.82,7.35,8.58,0.00,0.00,0.00,0.78,1.26,0.95,1.55,0.00,1.19,0.55,0.00,0.00,0.00,0.00,2.80,2.80,0.00,0.00,2.94,0.00,0.00,0.00,58.82,0.00,0.00,0.00,0.00,0.00,0.00,0.00,0.00,0.00,0.00,0.00,0.00,0.00,0.00,0.00,0.00,0.00,0.00,0.00,0.00,0.00,0.00,0.00,0.00,0.00,0.00,0.00,0.00,0.00,0.00,0.00,0.00,0.00,0.00,0.00,0.00,0.00,0.00,0.00,0.00,0.00,0.00,0.00,0.00,0.00,0.00,0.00,0.00,1.06,4.52,10.08,2.76,3.00,11.29,11.94,0.00,0.00,4.52,0.00,0.00,0.00,0.00,0.00,0.30,0.97,1.59,0.00,0.00,0.00,0.00,0.00,0.00,0.00,0.00,0.00,0.00,0.00,0.00,0.00,0.00,0.00,0.00,0.00,0.00,0.00,0.00,0.00,0.00,0.00,0.00,0.00,0.00,0.00,0.00,0.00,0.00,0.00,0.00,0.00,0.00,0.00,0.00,0.00,29.41,29.41,0.00,0.00,0.00,0.00,0.00,0.00,0.00,0.00,0.00,0.00,0.00,0.00,0.00,0.00,0.00,0.00,0.00,0.00,0.00,0.00,0.00,0.00,0.00,0.00,0.00,0.00,0.00,0.00,0.00,0.00,0.00,0.00,0.00,0.00,0.00,0.00,0.00,0.00,0.00,0.00,0.00,0.00,0.00,0.00,0.00,0.00,0.00,0.00,0.00,0.00,0.00,0.00,0.00,0.00,0.00,0.00,0.00,0.00,0.00,0.00,0.00,0.00,0.00,0.00,0.00,0.00,0.00,0.00,0.00,0.00,0.00,0.00,0.00,0.00,0.00,0.00,0.00,0.00,0.00,0.00,0.00,0.00,0.00,0.00,0.00,0.00,0.00,0.78,0.00,0.97,0.84,1.41,1.46,0.72,1.60,9.80,0.00,1.37,2.14,0.80,1.71,0.00,0.00,0.00,9.95,8.02,0.98,0.00,0.00,16.67,1.40,0.41,18.10,0.00,0.61,0.52,0.00,0.00,0.00,0.00,0.93,5.79,2.06,2.43,0.00,0.00,1.22,0.00,0.00,0.87,1.31,0.00,0.00,0.00,0.00,0.97,0.98,0.00,0.00,0.00,0.00,0.00,0.00,0.00,0.00,0.00,0.46,0.69,4.29,0.00,0.69,0.00,1.03,6.79,9.05,0.00,0.00,0.00,0.00,0.00,0.00,0.00,0.00,0.00,0.00
8331.0,-2.000,7.000,0.000,0.000,0.000,0,0,0.833,0,0.026,0.000,0.066,0.044,0.153,0.00,0.56,1.11,4.90,0.00,29.96,29.55,8.40,0.00,10.35,9.58,0.83,0.62,1.77,0.71,2.12,1.40,16.81,8.40,9.00,6.81,58.82,0.00,6.13,4.90,0.00,0.00,0.00,0.78,1.23,1.10,0.00,0.00,1.64,1.57,0.00,0.00,0.00,0.00,0.00,0.00,0.00,0.00,0.00,0.00,0.00,0.00,0.00,0.00,0.00,0.00,0.00,0.00,0.00,0.00,0.00,0.00,0.00,0.00,0.00,0.00,0.00,0.00,0.00,0.00,0.00,0.00,0.00,0.00,0.00,0.00,0.00,0.00,0.00,0.00,0.00,0.00,0.00,0.00,0.00,0.00,0.00,0.00,0.00,0.00,0.00,0.00,0.00,0.00,0.00,0.00,0.00,0.00,0.00,0.00,0.00,0.35,7.54,1.68,3.11,2.96,10.93,9.24,0.00,0.00,0.00,0.00,1.00,1.00,0.00,0.00,0.61,0.97,1.59,0.00,0.00,0.00,0.00,0.00,0.00,0.00,0.00,0.00,0.00,0.00,0.00,0.00,0.00,0.00,0.00,0.00,0.00,0.00,0.00,0.00,0.00,0.00,0.00,0.00,0.00,0.00,0.00,0.00,0.00,0.00,0.00,0.00,0.00,0.00,0.00,0.00,29.41,0.00,0.00,0.00,0.00,0.00,0.00,0.00,0.00,0.00,0.00,0.00,0.00,0.00,0.00,0.00,0.00,0.00,0.00,0.00,0.00,0.00,0.00,0.00,0.00,0.00,0.00,0.00,0.00,0.00,0.00,0.00,0.00,0.00,0.00,0.00,0.00,0.00,0.00,0.00,0.00,0.00,0.00,0.00,0.00,0.00,0.00,0.00,0.00,0.00,0.00,0.00,0.00,0.00,0.00,0.00,0.00,0.00,0.00,0.00,0.00,0.00,0.00,0.00,0.00,0.00,0.00,0.00,0.00,0.00,0.00,0.00,0.00,0.00,0.00,0.00,0.00,0.00,0.00,0.00,0.00,0.00,0.00,0.00,0.00,0.00,0.00,0.00,0.00,1.57,0.00,0.78,0.84,1.69,1.85,1.92,1.07,0.00,19.61,0.87,1.47,0.80,2.74,9.80,9.05,0.00,0.90,2.67,2.94,0.98,0.00,5.88,0.70,1.24,4.52,35.29,0.61,0.52,8.40,0.00,0.00,0.00,2.80,3.86,1.01,1.79,0.00,0.50,1.33,0.00,0.00,1.73,0.00,0.00,0.00,0.00,0.00,0.99,0.98,0.00,0.00,0.00,0.00,0.00,0.00,2.18,4.52,0.45,0.00,2.08,0.61,1.93,0.69,1.52,0.00,4.52,4.52,0.00,0.00,0.00,0.00,0.00,0.00,0.00,0.00,0.00,0.00
8431.0,-2.000,7.000,0.000,0.000,0.000,0,0,0.834,0,0.088,0.073,0.112,0.060,0.029,4.20,1.19,1.05,0.00,4.90,26.14,24.86,0.00,0.00,8.97,7.52,0.50,0.54,2.13,1.43,1.28,0.84,5.60,5.60,6.69,7.72,0.00,0.00,6.13,3.68,0.00,0.00,0.00,0.00,1.03,0.81,0.00,0.00,1.37,0.55,0.00,0.00,0.00,0.00,0.00,0.00,0.00,0.00,0.00,0.00,0.00,0.00,0.00,0.00,0.00,0.00,0.00,0.00,0.00,0.00,0.00,0.00,0.00,0.00,0.00,0.00,0.00,0.00,0.00,0.00,0.00,0.00,0.00,0.00,0.00,0.00,0.00,0.00,0.00,0.00,0.00,0.00,0.00,0.00,0.00,0.00,0.00,0.00,0.00,0.00,0.00,0.00,0.00,0.00,0.00,0.00,0.00,0.00,0.00,0.00,0.35,0.00,7.54,3.36,3.02,3.14,10.01,10.59,14.71,0.00,9.05,0.00,0.00,1.00,0.00,0.00,0.00,0.78,1.59,0.00,0.00,7.35,0.00,0.00,0.00,0.00,0.00,0.00,0.00,0.00,0.00,0.00,0.00,0.00,0.00,0.00,0.00,0.00,0.00,0.00,0.00,0.00,0.00,0.00,0.00,0.00,0.00,0.00,0.00,0.00,0.00,0.00,0.00,0.00,0.00,0.00,0.00,0.00,0.00,0.00,0.00,0.00,0.00,0.00,0.00,0.00,0.00,0.00,0.00,0.00,0.00,0.00,0.00,0.00,0.00,0.00,0.00,0.00,0.00,0.00,29.41,0.00,0.00,0.00,0.00,0.00,0.00,0.00,0.00,0.00,0.00,0.00,0.00,0.00,0.00,0.00,0.00,0.00,58.82,0.00,0.00,0.00,0.00,0.00,0.00,0.00,0.00,0.00,0.00,0.00,0.00,0.00,0.00,0.00,0.00,0.00,0.00,0.00,0.00,0.00,0.00,0.00,0.00,0.00,0.00,0.00,0.00,0.00,0.00,0.00,0.00,0.00,0.00,0.00,0.00,0.00,0.00,0.00,0.00,0.00,0.00,0.00,0.00,0.00,0.00,0.00,0.00,0.78,0.84,1.47,1.46,2.88,1.60,0.00,0.00,1.62,1.47,3.60,1.71,0.00,0.00,0.00,0.00,1.78,0.00,0.98,0.00,1.96,0.00,0.00,0.00,0.00,0.00,1.04,0.00,0.00,0.00,0.00,0.00,0.00,0.56,0.91,0.00,0.99,1.11,0.00,0.00,0.00,2.61,7.35,0.00,0.00,0.00,0.62,0.59,0.00,0.00,0.00,0.00,0.00,0.00,2.18,4.52,0.45,2.28,0.00,0.61,1.93,2.08,0.51,1.03,9.05,2.26,0.00,0.00,0.00,0.00,0.00,0.00,0.00,0.00,0.00,0.00
8531.0,-2.000,7.000,0.000,0.000,0.000,0,0,0.834,0,0.035,0.044,0.021,0.011,0.087,0.00,0.84,0.72,0.00,4.90,32.41,25.68,8.40,0.00,10.35,9.23,0.62,0.75,3.54,3.57,1.66,0.88,11.20,2.80,10.15,6.13,0.00,0.00,9.80,2.45,0.00,0.00,0.00,0.78,1.21,1.16,1.55,0.00,1.37,1.66,0.00,0.00,0.00,0.00,0.00,2.80,0.00,0.00,0.00,0.00,0.00,0.00,0.00,0.00,0.00,0.00,0.00,0.00,0.00,0.00,0.00,0.00,0.00,0.00,0.00,0.00,0.00,0.00,0.00,0.00,0.00,0.00,0.00,0.00,0.00,0.00,0.00,0.00,0.00,0.00,0.00,0.00,0.00,0.00,0.00,0.00,0.00,0.00,0.00,0.00,0.00,0.00,0.00,0.00,0.00,0.00,0.00,0.00,0.00,0.00,0.70,0.00,6.03,6.72,3.06,3.19,10.57,11.47,0.00,0.00,18.10,0.00,1.00,1.99,0.00,0.00,1.22,0.39,0.00,1.59,0.00,0.00,0.00,0.00,0.00,0.00,0.00,0.00,0.00,0.00,0.00,0.00,0.00,0.00,0.00,0.00,0.00,0.00,0.00,0.00,0.00,0.00,0.00,0.00,0.00,0.00,0.00,0.00,0.00,0.00,0.00,0.00,0.00,0.00,0.00,0.00,0.00,0.00,0.00,0.00,0.00,0.00,0.00,0.00,0.00,0.00,0.00,0.00,0.00,0.00,0.00,0.00,0.00,0.00,0.00,0.00,0.00,0.00,0.00,0.00,0.00,0.00,0.00,0.00,0.00,0.00,0.00,0.00,0.00,0.00,0.00,0.00,0.00,0.00,0.00,0.00,0.00,0.00,0.00,0.00,0.00,0.00,0.00,0.00,0.00,0.00,0.00,0.00,0.00,0.00,0.00,0.00,0.00,0.00,0.00,0.00,0.00,0.00,0.00,0.00,0.00,0.00,0.00,0.00,0.00,0.00,0.00,0.00,0.00,0.00,0.00,0.00,0.00,0.00,0.00,0.00,0.00,0.00,0.00,0.00,0.00,0.00,0.00,0.00,0.00,0.00,0.61,0.97,1.17,1.22,1.93,1.20,2.14,9.80,0.00,1.49,1.20,2.80,2.39,0.00,0.00,0.00,0.90,0.00,5.88,2.94,17.65,1.96,0.00,0.83,0.00,23.53,0.61,0.00,0.00,8.40,0.00,0.00,2.80,1.93,1.91,1.56,0.00,0.75,0.67,0.00,0.00,2.60,1.31,0.00,0.00,0.00,0.00,0.79,0.85,0.00,0.00,0.00,0.00,0.00,0.00,2.18,0.00,0.45,1.37,2.08,3.06,0.00,2.08,3.04,0.52,6.79,6.79,0.00,0.00,0.00,0.00,0.00,0.00,0.00,0.00,0.00,0.00
8631.0,-2.000,7.000,0.000,0.000,0.000,0,0,0.834,0,0.127,0.128,0.126,0.122,0.201,0.00,0.91,1.64,4.90,0.00,25.87,28.72,0.00,8.40,9.66,10.60,0.58,0.62,1.77,2.50,1.48,2.63,5.60,8.40,9.69,7.27,0.00,58.82,1.23,9.80,0.00,0.00,1.57,3.14,1.14,0.99,0.00,4.52,1.00,1.48,0.00,0.00,0.00,0.00,2.80,2.80,0.00,0.00,0.00,0.00,0.00,0.00,0.00,0.00,0.00,0.00,0.00,0.00,0.00,0.00,0.00,0.00,0.00,0.00,0.00,0.00,0.00,0.00,0.00,0.00,0.00,0.00,0.00,0.00,0.00,0.00,0.00,0.00,0.00,0.00,0.00,0.00,0.00,0.00,0.00,0.00,0.00,0.00,0.00,0.00,0.00,0.00,0.00,0.00,0.00,0.00,0.00,0.00,0.00,0.00,0.35,0.70,4.52,6.72,2.55,2.50,10.73,11.79,0.00,0.00,0.00,3.68,1.00,1.99,0.00,0.00,0.61,0.58,0.00,1.59,0.00,0.00,0.00,0.00,0.00,0.00,0.00,0.00,0.00,0.00,0.00,0.00,0.00,0.00,0.00,0.00,0.00,0.00,0.00,0.00,0.00,0.00,0.00,0.00,0.00,0.00,0.00,0.00,0.00,0.00,0.00,0.00,0.00,0.00,0.00,0.00,0.00,0.00,0.00,0.00,0.00,0.00,0.00,0.00,0.00,0.00,0.00,0.00,0.00,0.00,0.00,0.00,0.00,0.00,0.00,0.00,0.00,0.00,0.00,0.00,0.00,0.00,0.00,0.00,0.00,0.00,0.00,58.82,0.00,0.00,58.82,0.00,58.82,0.00,0.00,0.00,0.00,0.00,0.00,0.00,0.00,0.00,0.00,0.00,0.00,0.00,0.00,0.00,0.00,0.00,0.00,0.00,0.00,0.00,0.00,0.00,0.00,0.00,0.00,0.00,0.00,0.00,0.00,0.00,0.00,0.00,0.00,0.00,0.00,0.00,0.00,0.00,0.00,0.00,0.00,0.00,0.00,0.00,0.00,0.00,0.00,0.00,0.00,0.00,0.00,0.00,3.03,1.56,0.50,1.61,1.53,1.92,1.60,0.00,0.00,1.37,2.41,2.40,1.37,0.00,4.52,0.00,0.90,0.00,0.98,1.96,0.98,0.00,0.70,0.41,4.52,0.00,0.61,0.52,0.00,0.00,0.00,0.00,2.80,0.96,0.86,0.68,0.00,0.99,0.44,0.00,0.00,0.87,1.31,0.00,8.40,0.00,0.00,1.36,1.33,0.00,0.00,0.00,0.00,58.82,58.82,0.00,0.00,0.00,0.91,1.38,1.84,0.96,0.00,2.54,1.55,2.26,6.79,0.00,0.00,0.00,0.00,0.00,0.00,0.00,0.00,0.00,0.00
8731.0,-2.000,7.000,0.000,0.000,0.000,0,0,0.835,0,0.069,0.083,0.048,0.184,0.219,0.00,0.63,0.79,9.80,4.90,24.78,26.24,0.00,8.40,9.83,10.43,0.67,0.42,2.13,3.92,2.14,1.90,11.20,8.40,9.23,7.49,58.82,58.82,9.80,11.03,0.00,0.00,1.57,0.00,1.20,1.17,0.00,0.00,0.73,1.66,0.00,0.00,0.00,0.00,2.80,0.00,0.00,0.00,0.00,0.00,0.00,0.00,0.00,0.00,0.00,0.00,0.00,0.00,0.00,0.00,0.00,0.00,0.00,0.00,0.00,0.00,0.00,0.00,0.00,0.00,0.00,0.00,0.00,0.00,0.00,0.00,0.00,0.00,0.00,0.00,0.00,0.00,0.00,0.00,0.00,0.00,0.00,0.00,0.00,0.00,0.00,0.00,0.00,0.00,0.00,0.00,0.00,0.00,0.00,0.00,0.35,0.35,12.07,1.68,3.75,2.87,10.01,10.18,0.00,0.00,0.00,3.68,0.00,1.00,0.00,0.00,0.61,0.00,0.00,0.00,0.00,7.35,0.00,0.00,0.00,0.00,0.00,0.00,0.00,0.00,0.00,0.00,0.00,0.00,0.00,0.00,0.00,0.00,0.00,0.00,0.00,0.00,0.00,0.00,0.00,0.00,0.00,0.00,0.00,0.00,0.00,0.00,0.00,0.00,0.00,0.00,0.00,0.00,0.00,0.00,0.00,0.00,0.00,0.00,0.00,0.00,0.00,0.00,0.00,0.00,0.00,0.00,0.00,0.00,0.00,0.00,0.00,29.41,0.00,58.82,0.00,0.00,0.00,58.82,0.00,0.00,58.82,0.00,29.41,58.82,58.82,58.82,0.00,58.82,0.00,0.00,0.00,0.00,0.00,0.00,0.00,0.00,0.00,0.00,0.00,0.00,0.00,0.00,0.00,0.00,0.00,0.00,0.00,0.00,0.00,0.00,0.00,0.00,0.00,0.00,0.00,0.00,0.00,0.00,0.00,0.00,0.00,0.00,0.00,0.00,0.00,0.00,0.00,0.00,0.00,0.00,0.00,0.00,0.00,0.00,0.00,0.00,0.00,0.00,0.00,0.00,1.21,0.19,0.34,1.49,2.03,0.24,1.60,0.00,0.00,1.12,1.87,2.40,2.05,0.00,4.52,0.00,0.00,2.67,0.00,1.96,0.00,0.98,0.70,0.41,27.15,0.00,0.61,1.04,0.00,0.00,0.00,0.00,4.67,0.96,0.82,0.76,0.00,0.37,0.78,0.00,0.00,0.87,1.31,0.00,0.00,0.00,5.88,0.76,0.74,0.00,0.00,0.00,0.00,0.00,0.00,0.00,2.26,0.45,0.91,2.77,3.06,0.00,1.38,2.54,0.00,27.15,4.52,0.00,0.00,0.00,0.00,0.00,0.00,0.00,0.00,0.00,0.00
8831.0,-2.000,7.000,0.000,0.000,0.000,0,0,0.835,0,0.000,0.000,0.000,0.035,0.041,0.00,1.68,1.24,4.90,0.00,29.68,31.21,0.00,33.61,10.52,10.26,0.50,0.71,4.25,2.85,2.26,1.93,14.01,14.01,8.07,10.67,58.82,0.00,7.35,11.03,0.00,0.00,1.57,0.78,1.51,1.18,1.55,0.00,1.19,2.21,0.00,0.00,0.00,0.00,0.00,0.00,0.00,3.92,0.00,6.19,0.00,0.00,0.00,0.00,0.00,0.00,0.00,0.00,0.00,0.00,0.00,0.00,0.00,0.00,0.00,0.00,0.00,0.00,0.00,0.00,0.00,0.00,0.00,0.00,0.00,0.00,0.00,0.00,0.00,0.00,0.00,0.00,0.00,0.00,0.00,0.00,0.00,0.00,0.00,0.00,0.00,0.00,0.00,0.00,0.00,0.00,0.00,0.00,0.00,0.00,0.35,0.70,10.56,8.40,3.45,3.32,10.42,10.02,0.00,0.00,0.00,3.68,1.99,0.00,0.00,0.00,0.61,0.78,1.59,0.00,0.00,0.00,0.00,0.00,0.00,0.00,0.00,0.00,0.00,0.00,0.00,0.00,0.00,0.00,58.82,0.00,0.00,2.56,0.00,0.00,0.00,0.00,0.00,0.00,0.00,0.00,0.00,0.00,0.00,0.00,0.00,0.00,0.00,0.00,0.00,0.00,0.00,0.00,0.00,0.00,0.00,0.00,0.00,0.00,0.00,0.00,0.00,0.00,0.00,0.00,0.00,0.00,0.00,0.00,0.00,0.00,0.00,0.00,0.00,0.00,0.00,0.00,0.00,0.00,0.00,0.00,0.00,0.00,0.00,0.00,0.00,0.00,0.00,0.00,0.00,0.00,0.00,0.00,0.00,0.00,0.00,0.00,0.00,0.00,0.00,0.00,0.00,0.00,0.00,0.00,0.00,0.00,0.00,0.00,0.00,0.00,0.00,0.00,0.00,0.00,0.00,0.00,0.00,0.00,0.00,0.00,0.00,0.00,0.00,0.00,0.00,0.00,0.00,0.00,0.00,0.00,0.00,0.00,0.00,0.00,0.00,0.00,0.00,0.00,0.00,1.57,3.03,1.36,1.51,1.72,1.59,0.00,1.87,0.00,0.00,1.87,2.14,1.60,1.71,0.00,0.00,0.00,5.43,8.02,3.92,5.88,4.90,1.96,1.40,0.41,13.57,0.00,0.00,1.04,0.00,0.00,0.00,0.00,1.87,0.96,1.65,2.02,0.00,0.87,0.55,0.00,0.00,3.46,1.31,0.00,0.00,0.00,0.00,0.85,1.06,0.00,0.00,0.00,0.00,0.00,0.00,6.54,6.79,0.89,1.82,0.69,1.84,1.93,0.00,5.07,2.58,2.26,9.05,0.00,0.00,0.00,0.00,0.00,0.00,0.00,0.00,0.00,0.00
8931.0,-2.000,7.000,0.000,0.000,0.000,0,0,0.836,0,0.114,0.136,0.081,0.060,0.112,0.00,1.05,1.24,0.00,4.90,29.14,32.31,0.00,0.00,11.04,11.97,0.67,0.71,3.54,2.14,2.76,2.67,8.40,2.80,13.38,7.72,0.00,58.82,9.80,8.58,0.00,0.00,0.78,1.57,1.23,1.09,1.55,0.00,1.09,1.11,0.00,0.00,0.00,19.61,0.00,0.00,0.00,0.00,0.00,0.00,0.00,0.00,0.00,0.00,0.00,0.00,0.00,0.00,0.00,0.00,0.00,0.00,0.00,0.00,0.00,0.00,0.00,0.00,0.00,0.00,0.00,0.00,0.00,0.00,0.00,0.00,0.00,0.00,0.00,0.00,0.00,0.00,0.00,0.00,0.00,0.00,0.00,0.00,0.00,0.00,0.00,0.00,0.00,0.00,0.00,0.00,0.00,0.00,0.00,0.00,1.39,0.70,6.03,10.08,4.01,3.00,11.04,11.21,0.00,0.00,4.52,11.03,1.00,1.00,0.00,0.00,1.22,0.19,0.00,0.00,0.00,7.35,58.82,0.00,0.00,0.00,0.00,0.00,0.00,0.00,0.00,0.00,0.00,0.00,0.00,0.00,2.45,0.00,0.00,0.00,0.00,0.00,0.00,0.00,0.00,0.00,0.00,0.00,0.00,0.00,0.00,0.00,0.00,0.00,0.00,0.00,0.00,0.00,0.00,0.00,0.00,0.00,0.00,0.00,0.00,0.00,0.00,0.00,0.00,0.00,0.00,0.00,0.00,0.00,0.00,0.00,0.00,0.00,0.00,0.00,0.00,0.00,0.00,0.00,0.00,0.00,0.00,0.00,0.00,0.00,0.00,0.00,0.00,0.00,0.00,0.00,0.00,0.00,0.00,58.82,0.00,0.00,0.00,0.00,0.00,0.00,0.00,0.00,0.00,0.00,0.00,0.00,0.00,0.00,0.00,0.00,0.00,0.00,0.00,0.00,0.00,0.00,0.00,0.00,0.00,0.00,0.00,0.00,0.00,0.00,0.00,0.00,0.00,0.00,0.00,0.00,0.00,0.00,0.00,0.00,0.00,0.00,0.00,0.00,0.00,0.00,0.61,0.39,0.84,1.72,1.93,1.20,0.80,0.00,0.00,1.87,1.34,0.40,1.37,0.00,0.00,0.00,2.71,3.57,0.00,0.00,2.94,4.90,0.70,0.41,27.15,17.65,0.61,1.04,0.00,0.00,0.00,0.00,0.93,0.96,0.71,1.22,0.00,0.12,0.89,0.00,0.00,0.87,0.00,0.00,0.00,0.00,0.00,0.68,0.88,0.00,0.00,0.00,0.00,0.00,0.00,0.00,2.26,0.00,0.46,0.69,1.84,0.00,2.08,1.01,0.52,2.26,11.31,0.00,0.00,0.00,0.00,0.00,0.00,0.00,0.00,0.00,0.00
9031.0,-2.000,7.000,0.000,0.000,0.000,0,0,0.836,0,0.022,0.026,0.015,0.011,0.041,0.00,1.19,1.24,0.00,0.00,25.05,31.76,0.00,0.00,7.07,9.92,0.58,0.46,1.42,3.21,1.00,1.20,14.01,14.01,5.77,11.81,0.00,0.00,2.45,4.90,0.00,0.00,0.78,0.78,1.17,1.21,1.55,1.51,1.19,0.65,0.00,0.00,0.00,0.00,0.00,0.00,0.00,0.00,0.00,0.00,0.00,0.00,0.00,0.00,0.00,0.00,0.00,0.00,0.00,0.00,0.00,0.00,0.00,0.00,0.00,0.00,0.00,0.00,0.00,0.00,0.00,0.00,0.00,0.00,0.00,0.00,0.00,0.00,0.00,0.00,0.00,0.00,0.00,0.00,0.00,0.00,0.00,0.00,0.00,0.00,0.00,0.00,0.00,0.00,0.00,0.00,0.00,0.00,0.00,0.00,0.70,1.41,3.02,1.68,3.75,3.96,11.24,11.68,0.00,0.00,0.00,0.00,1.00,1.00,0.00,0.00,0.30,0.78,1.59,1.59,0.00,0.00,0.00,0.00,0.00,0.00,0.00,0.00,0.00,0.00,0.00,0.00,0.00,0.00,0.00,0.00,0.00,0.00,0.00,0.00,0.00,0.00,0.00,0.00,0.00,0.00,0.00,0.00,0.00,0.00,0.00,0.00,0.00,0.00,0.00,0.00,0.00,0.00,0.00,0.00,0.00,0.00,0.00,0.00,0.00,0.00,0.00,0.00,0.00,0.00,0.00,0.00,0.00,0.00,0.00,0.00,0.00,0.00,0.00,0.00,0.00,0.00,0.00,0.00,0.00,0.00,0.00,0.00,0.00,0.00,0.00,0.00,0.00,0.00,0.00,0.00,0.00,0.00,0.00,0.00,0.00,0.00,0.00,0.00,0.00,0.00,0.00,0.00,0.00,0.00,0.00,0.00,0.00,0.00,0.00,0.00,0.00,0.00,0.00,0.00,0.00,0.00,0.00,0.00,0.00,0.00,0.00,0.00,0.00,0.00,0.00,0.00,0.00,0.00,0.00,0.00,0.00,0.00,0.00,0.00,0.00,0.00,0.00,0.00,0.00,2.35,4.24,0.97,1.84,1.41,1.25,1.68,4.55,0.00,0.00,2.36,2.14,0.40,1.37,0.00,4.52,0.00,0.90,0.00,0.00,0.98,0.00,1.96,0.70,0.83,13.57,5.88,0.61,1.56,0.00,0.00,0.00,0.00,0.00,0.00,1.01,0.84,0.00,0.62,0.67,0.00,0.00,1.73,0.00,0.00,0.00,0.00,0.00,0.85,0.85,0.00,0.00,0.00,0.00,0.00,0.00,0.00,0.00,0.00,0.91,2.08,0.00,0.96,0.00,3.04,0.00,6.79,15.84,0.00,0.00,0.00,0.00,0.00,0.00,0.00,0.00,0.00,0.00
9131.0,-2.000,7.000,0.000,0.000,0.000,0,0,0.836,0,0.004,0.005,0.003,0.002,0.008,0.00,0.84,0.98,0.00,0.00,35.68,22.37,0.00,0.00,11.04,8.04,0.54,0.46,0.71,2.50,2.03,1.13,14.01,14.01,9.46,6.59,0.00,0.00,0.00,6.13,0.00,0.00,0.00,1.57,1.33,1.32,0.00,1.51,3.01,1.66,0.00,0.00,0.00,0.00,2.80,0.00,0.00,0.00,2.94,0.00,0.00,0.00,0.00,0.00,0.00,0.00,0.00,0.00,0.00,0.00,0.00,0.00,0.00,0.00,0.00,0.00,0.00,0.00,0.00,0.00,0.00,0.00,0.00,0.00,0.00,0.00,0.00,0.00,0.00,0.00,0.00,0.00,0.00,0.00,0.00,0.00,0.00,0.00,0.00,0.00,0.00,0.00,0.00,0.00,0.00,0.00,0.00,0.00,0.00,0.00,0.70,0.70,9.05,0.00,4.10,3.37,10.78,10.12,0.00,0.00,13.57,0.00,0.00,1.99,0.00,0.00,0.91,1.17,0.00,0.00,0.00,0.00,0.00,0.00,0.00,0.00,58.82,0.00,0.00,0.00,0.00,0.00,0.00,0.00,0.00,0.00,0.00,0.00,0.00,0.00,0.00,0.00,0.00,0.00,0.00,0.00,0.00,0.00,0.00,0.00,0.00,0.00,0.00,0.00,0.00,0.00,0.00,0.00,0.00,0.00,0.00,0.00,0.00,0.00,0.00,0.00,58.82,0.00,0.00,0.00,0.00,0.00,0.00,0.00,0.00,0.00,0.00,0.00,0.00,0.00,0.00,0.00,0.00,0.00,0.00,0.00,0.00,0.00,0.00,0.00,0.00,0.00,0.00,0.00,0.00,0.00,0.00,0.00,0.00,0.00,0.00,0.00,0.00,0.00,0.00,0.00,0.00,0.00,0.00,0.00,0.00,0.00,0.00,0.00,0.00,0.00,0.00,0.00,0.00,0.00,0.00,0.00,0.00,0.00,0.00,0.00,0.00,0.00,0.00,0.00,0.00,0.00,0.00,0.00,0.00,0.00,0.00,0.00,0.00,0.00,0.00,0.00,0.00,0.00,0.00,2.35,3.03,1.36,1.17,1.38,1.46,1.92,2.94,0.00,19.61,2.36,2.27,2.00,1.37,4.90,4.52,0.00,2.71,3.57,6.86,3.92,5.88,9.80,0.00,0.83,13.57,0.00,0.61,0.52,0.00,0.00,0.00,2.10,2.80,3.86,1.46,2.02,0.00,0.37,0.55,0.00,0.00,1.73,2.61,0.00,0.00,6.54,0.00,1.24,1.45,0.00,0.00,0.00,0.00,0.00,0.00,6.54,4.52,0.45,1.37,4.15,6.13,0.96,1.38,0.51,4.13,6.79,11.31,0.00,0.00,0.00,0.00,0.00,0.00,0.00,0.00,0.00,0.00
9231.0,-2.000,7.000,0.000,0.000,0.000,0,0,0.837,0,0.019,0.001,0.047,0.031,0.243,0.00,1.68,2.03,0.00,4.90,28.05,30.10,8.40,0.00,11.21,12.48,0.58,0.58,3.54,2.85,1.66,1.59,5.60,5.60,10.84,10.22,0.00,0.00,9.80,4.90,0.00,0.00,0.78,0.00,1.17,1.08,0.00,0.00,1.73,1.66,0.00,0.00,0.00,0.00,2.80,2.80,0.00,0.00,0.00,0.00,0.00,0.00,0.00,0.00,0.00,0.00,0.00,0.00,0.00,0.00,0.00,0.00,0.00,0.00,0.00,0.00,0.00,0.00,0.00,0.00,0.00,0.00,0.00,0.00,0.00,0.00,0.00,0.00,0.00,0.00,0.00,0.00,0.00,0.00,0.00,0.00,0.00,0.00,0.00,0.00,0.00,0.00,0.00,0.00,0.00,0.00,0.00,0.00,0.00,0.00,0.35,0.35,10.56,3.36,2.81,3.60,10.63,9.71,0.00,0.00,0.00,0.00,0.00,1.00,0.00,0.00,0.30,0.78,0.00,0.00,0.00,0.00,0.00,0.00,0.00,0.00,0.00,0.00,0.00,0.00,0.00,0.00,0.00,0.00,0.00,0.00,0.00,0.00,0.00,0.00,0.00,0.00,0.00,0.00,0.00,0.00,0.00,0.00,0.00,0.00,0.00,0.00,0.00,0.00,0.00,0.00,0.00,0.00,0.00,29.41,58.82,0.00,0.00,0.00,0.00,0.00,0.00,0.00,0.00,0.00,58.82,0.00,0.00,0.00,0.00,0.00,0.00,0.00,0.00,0.00,0.00,0.00,0.00,0.00,0.00,0.00,0.00,0.00,0.00,58.82,0.00,0.00,0.00,0.00,0.00,0.00,0.00,0.00,0.00,0.00,58.82,0.00,0.00,0.00,0.00,0.00,0.00,0.00,0.00,0.00,0.00,0.00,0.00,0.00,0.00,0.00,0.00,0.00,0.00,0.00,0.00,0.00,0.00,0.00,0.00,0.00,0.00,0.00,0.00,0.00,0.00,0.00,0.00,0.00,0.00,0.00,0.00,0.00,0.00,0.00,0.00,0.00,0.00,0.00,0.00,0.78,3.64,1.56,1.84,1.66,1.46,1.20,1.60,0.00,0.00,1.74,0.80,2.00,0.68,9.80,4.52,0.00,0.90,3.57,11.76,6.86,0.00,0.00,0.70,0.83,9.05,0.00,2.43,0.00,8.40,0.00,0.00,2.10,0.93,0.96,1.50,0.95,0.00,0.62,0.78,0.00,0.00,2.60,2.61,0.00,0.00,6.54,0.00,1.15,1.07,0.00,0.00,0.00,0.00,0.00,0.00,2.18,2.26,1.78,0.91,5.54,5.51,0.00,2.08,1.01,2.06,4.52,11.31,0.00,0.00,0.00,0.00,0.00,0.00,0.00,0.00,0.00,0.00
9331.0,-2.000,7.000,0.000,0.000,0.000,0,0,0.837,0,0.179,0.213,0.129,0.058,0.046,0.00,1.05,1.38,0.00,0.00,28.87,28.17,8.40,8.40,8.80,8.89,0.46,0.54,3.90,1.78,1.82,1.47,11.20,5.60,6.92,9.77,0.00,0.00,1.23,3.68,0.00,0.00,0.78,0.00,1.21,0.89,0.00,0.00,0.91,1.75,0.00,0.00,0.00,0.00,2.80,0.00,0.00,0.00,0.00,0.00,0.00,0.00,0.00,0.00,0.00,0.00,0.00,0.00,0.00,0.00,0.00,0.00,0.00,0.00,0.00,0.00,0.00,0.00,0.00,0.00,0.00,0.00,0.00,0.00,0.00,0.00,0.00,0.00,0.00,0.00,0.00,0.00,0.00,0.00,0.00,0.00,0.00,0.00,0.00,0.00,0.00,0.00,0.00,0.00,0.00,0.00,0.00,0.00,0.00,0.00,1.04,0.00,3.02,3.36,2.42,3.60,9.44,9.86,0.00,0.00,4.52,3.68,1.99,0.00,0.00,0.00,0.91,0.78,0.00,0.00,0.00,0.00,0.00,0.00,0.00,0.00,0.00,0.00,0.00,0.00,0.00,0.00,0.00,0.00,0.00,0.00,0.00,0.00,0.00,0.00,0.00,0.00,0.00,0.00,0.00,0.00,0.00,0.00,0.00,0.00,0.00,0.00,0.00,0.00,0.00,0.00,0.00,0.00,0.00,0.00,0.00,0.00,0.00,0.00,0.00,0.00,0.00,0.00,0.00,0.00,0.00,0.00,0.00,0.00,0.00,0.00,0.00,0.00,0.00,0.00,0.00,58.82,0.00,0.00,0.00,0.00,0.00,0.00,0.00,0.00,0.00,0.00,58.82,0.00,0.00,0.00,0.00,0.00,0.00,0.00,0.00,0.00,0.00,0.00,0.00,0.00,0.00,0.00,0.00,0.00,0.00,0.00,0.00,0.00,0.00,0.00,0.00,0.00,0.00,0.00,0.00,0.00,0.00,0.00,0.00,0.00,0.00,0.00,0.00,0.00,0.00,0.00,0.00,0.00,0.00,0.00,0.00,0.00,0.00,0.00,0.00,0.00,0.00,0.00,0.00,3.14,1.82,0.39,1.01,1.69,1.56,0.96,1.34,0.00,0.00,0.99,2.14,1.60,1.37,4.90,0.00,0.00,4.52,6.24,14.71,0.98,12.75,0.00,0.00,0.83,36.20,0.00,1.21,0.52,0.00,0.00,0.00,0.00,1.87,1.93,1.12,1.41,0.00,0.75,0.78,0.00,0.00,0.87,0.00,0.00,0.00,0.00,0.00,0.73,1.04,0.00,0.00,0.00,0.00,0.00,0.00,2.18,0.00,0.45,0.91,2.08,1.23,0.00,0.69,0.51,1.55,4.52,6.79,0.00,0.00,0.00,0.00,0.00,0.00,0.00,0.00,0.00,0.00
9431.0,-2.000,7.000,0.000,0.000,0.000,0,0,0.838,0,0.036,0.061,0.000,0.041,0.009,0.00,0.56,0.72,0.00,4.90,35.95,25.41,8.40,0.00,11.04,11.80,0.96,0.42,1.42,2.85,3.85,1.27,11.20,16.81,16.38,7.95,58.82,58.82,12.25,7.35,0.00,0.00,1.57,0.00,1.29,0.94,0.00,0.00,1.28,0.65,0.00,0.00,0.00,0.00,0.00,2.80,0.00,0.00,0.00,0.00,0.00,0.00,0.00,0.00,0.00,0.00,0.00,0.00,0.00,0.00,0.00,0.00,0.00,0.00,0.00,0.00,0.00,0.00,0.00,0.00,0.00,0.00,0.00,0.00,0.00,0.00,0.00,0.00,0.00,0.00,0.00,0.00,0.00,0.00,0.00,0.00,0.00,0.00,0.00,0.00,0.00,0.00,0.00,0.00,0.00,0.00,0.00,0.00,0.00,0.00,0.35,0.35,9.05,6.72,3.50,3.46,10.37,11.21,0.00,0.00,18.10,0.00,2.99,1.00,0.00,0.00,0.61,0.97,0.00,1.59,0.00,0.00,58.82,0.00,0.00,0.00,0.00,0.00,0.00,0.00,0.00,0.00,0.00,0.00,0.00,0.00,0.00,0.00,0.00,0.00,0.00,0.00,0.00,0.00,0.00,0.00,0.00,0.00,0.00,0.00,0.00,0.00,0.00,0.00,0.00,0.00,0.00,0.00,0.00,0.00,0.00,0.00,0.00,0.00,0.00,0.00,0.00,0.00,29.41,0.00,58.82,0.00,58.82,0.00,58.82,0.00,0.00,0.00,0.00,0.00,0.00,0.00,0.00,0.00,0.00,0.00,0.00,0.00,0.00,0.00,0.00,0.00,0.00,0.00,0.00,0.00,0.00,0.00,0.00,0.00,0.00,0.00,0.00,0.00,0.00,0.00,0.00,0.00,0.00,0.00,0.00,0.00,0.00,0.00,0.00,0.00,0.00,0.00,0.00,0.00,0.00,0.00,0.00,0.00,0.00,0.00,0.00,0.00,0.00,0.00,0.00,0.00,0.00,0.00,0.00,0.00,0.00,0.00,0.00,0.00,0.00,0.00,0.00,0.00,0.00,0.78,3.03,0.58,0.67,1.74,1.77,0.00,1.07,0.00,9.80,1.99,2.01,3.20,1.71,4.90,9.05,0.00,0.90,0.00,3.92,2.94,1.96,1.96,0.70,0.00,0.00,5.88,0.61,1.04,8.40,0.00,0.00,0.00,3.73,0.96,2.21,1.56,0.00,0.37,0.67,0.00,0.00,1.73,0.00,0.00,0.00,0.00,0.00,1.21,1.40,0.00,0.00,0.00,0.00,0.00,0.00,0.00,0.00,0.00,0.00,2.08,1.23,0.00,0.69,2.54,3.10,2.26,11.31,0.00,0.00,0.00,0.00,0.00,0.00,0.00,0.00,0.00,0.00
9531.0,-2.000,7.000,0.000,0.000,0.000,0,0,0.838,0,0.013,0.022,0.000,0.008,0.042,0.00,0.70,1.70,0.00,4.90,31.32,25.41,16.81,0.00,8.80,12.14,0.67,0.67,2.13,3.57,1.87,2.85,11.20,14.01,10.15,12.04,0.00,0.00,8.58,8.58,0.00,0.00,0.00,0.78,1.13,1.34,1.55,0.00,1.00,1.11,0.00,0.00,0.00,0.00,0.00,2.80,0.00,0.00,0.00,0.00,0.00,0.00,0.00,0.00,0.00,0.00,0.00,0.00,0.00,0.00,0.00,0.00,0.00,0.00,0.00,0.00,0.00,0.00,0.00,0.00,0.00,0.00,0.00,0.00,0.00,0.00,0.00,0.00,0.00,0.00,0.00,0.00,0.00,0.00,0.00,0.00,0.00,0.00,0.00,0.00,0.00,0.00,0.00,0.00,0.00,0.00,0.00,0.00,0.00,0.00,0.70,0.35,12.07,1.68,3.50,2.60,9.19,10.70,0.00,0.00,4.52,0.00,1.00,1.99,0.00,0.00,0.00,0.19,1.59,0.00,0.00,0.00,0.00,0.00,0.00,0.00,0.00,0.00,0.00,0.00,0.00,0.00,0.00,0.00,0.00,0.00,2.45,0.00,0.00,0.00,0.00,0.00,0.00,0.00,0.00,0.00,0.00,0.00,0.00,0.00,0.00,0.00,0.00,0.00,0.00,0.00,0.00,0.00,0.00,0.00,0.00,0.00,0.00,0.00,0.00,0.00,0.00,0.00,0.00,0.00,0.00,0.00,0.00,0.00,0.00,0.00,0.00,0.00,0.00,0.00,0.00,0.00,0.00,0.00,0.00,0.00,0.00,0.00,0.00,0.00,0.00,0.00,0.00,0.00,0.00,0.00,0.00,0.00,0.00,0.00,0.00,0.00,0.00,0.00,0.00,0.00,0.00,0.00,0.00,0.00,0.00,0.00,0.00,0.00,0.00,0.00,0.00,0.00,0.00,0.00,0.00,0.00,0.00,0.00,0.00,0.00,0.00,0.00,0.00,0.00,0.00,0.00,0.00,0.00,0.00,0.00,0.00,0.00,0.00,0.00,0.00,0.00,0.00,0.00,0.00,0.00,0.00,1.36,1.51,1.72,1.27,1.92,2.41,0.00,0.00,1.99,2.54,0.80,0.68,0.00,4.52,0.00,6.33,4.46,12.75,7.84,1.96,10.78,0.00,0.83,9.05,35.29,0.61,1.04,0.00,0.00,0.00,2.10,4.67,4.82,2.28,2.78,0.00,0.50,0.78,0.00,29.41,2.60,2.61,0.00,0.00,0.00,0.00,1.06,1.03,0.00,0.00,0.00,0.00,0.00,0.00,2.18,0.00,0.00,2.74,2.08,0.61,0.96,0.00,3.55,0.52,9.05,0.00,0.00,0.00,0.00,0.00,0.00,0.00,0.00,0.00,0.00,0.00
9631.0,-2.000,7.000,0.000,0.000,0.000,0,0,0.838,0,0.093,0.155,0.000,0.001,0.289,0.00,1.12,1.51,4.90,0.00,30.77,30.38,8.40,16.81,8.63,12.65,0.58,0.58,3.19,2.14,2.28,2.40,16.81,16.81,13.61,9.54,58.82,58.82,6.13,6.13,0.00,0.00,0.00,0.78,1.37,1.34,3.10,0.00,1.09,2.67,0.00,0.00,0.00,0.00,0.00,5.60,0.00,0.00,2.94,6.19,0.00,0.00,0.00,0.00,0.00,0.00,0.00,0.00,0.00,0.00,0.00,0.00,0.00,0.00,0.00,0.00,0.00,0.00,0.00,0.00,0.00,0.00,0.00,0.00,0.00,0.00,0.00,0.00,0.00,0.00,0.00,0.00,0.00,0.00,0.00,0.00,0.00,0.00,0.00,0.00,0.00,0.00,0.00,0.00,0.00,0.00,0.00,0.00,0.00,0.00,0.00,0.35,6.03,1.68,3.11,3.32,10.37,10.95,0.00,0.00,0.00,0.00,2.99,1.00,0.00,0.00,0.00,1.75,0.00,0.00,0.00,0.00,0.00,0.00,0.00,0.00,0.00,58.82,0.00,0.00,0.00,0.00,0.00,0.00,0.00,0.00,0.00,0.00,0.00,0.00,0.00,0.00,0.00,0.00,0.00,0.00,0.00,0.00,0.00,0.00,0.00,0.00,0.00,0.00,0.00,0.00,0.00,0.00,0.00,29.41,58.82,58.82,0.00,58.82,0.00,0.00,58.82,58.82,0.00,0.00,0.00,0.00,0.00,0.00,0.00,0.00,0.00,0.00,0.00,0.00,0.00,0.00,0.00,0.00,0.00,0.00,0.00,0.00,0.00,0.00,0.00,0.00,0.00,58.82,19.61,0.00,0.00,0.00,0.00,0.00,0.00,0.00,0.00,0.00,0.00,0.00,0.00,0.00,0.00,0.00,0.00,0.00,0.00,0.00,0.00,0.00,0.00,0.00,0.00,0.00,0.00,0.00,0.00,0.00,0.00,0.00,0.00,0.00,0.00,0.00,0.00,0.00,0.00,0.00,0.00,0.00,0.00,0.00,0.00,0.00,0.00,0.00,0.00,0.00,0.00,0.00,1.21,0.58,1.68,1.41,1.43,1.20,2.41,0.00,0.00,0.99,1.34,1.20,1.37,0.00,13.57,0.00,2.71,5.35,0.98,8.82,0.98,0.98,0.00,0.83,22.62,23.53,0.61,0.00,0.00,0.00,0.00,0.00,0.93,1.93,0.97,1.22,0.00,0.87,0.44,0.00,0.00,1.73,1.31,0.00,0.00,0.00,0.00,0.96,0.83,0.00,0.00,0.00,0.00,0.00,0.00,0.00,0.00,0.89,0.46,1.38,3.06,0.96,0.69,0.51,0.52,4.52,4.52,0.00,0.00,0.00,0.00,0.00,0.00,0.00,0.00,0.00,0.00
9731.0,-2.000,7.000,0.000,0.000,0.000,0,0,0.839,0,0.073,0.112,0.015,0.031,0.055,0.00,0.56,1.05,4.90,4.90,26.14,23.20,8.40,16.81,7.42,8.72,0.29,0.67,2.83,1.43,2.67,1.97,11.20,8.40,6.92,8.63,58.82,0.00,9.80,2.45,0.00,0.00,0.00,2.35,1.29,1.17,0.00,0.00,1.92,0.92,0.00,0.00,0.00,0.00,0.00,0.00,0.00,0.00,2.94,3.10,0.00,0.00,0.00,0.00,0.00,0.00,0.00,0.00,0.00,0.00,0.00,0.00,0.00,0.00,0.00,0.00,0.00,0.00,0.00,0.00,0.00,0.00,0.00,0.00,0.00,0.00,0.00,0.00,0.00,0.00,0.00,0.00,0.00,0.00,0.00,0.00,0.00,0.00,0.00,0.00,0.00,0.00,0.00,0.00,0.00,0.00,0.00,0.00,0.00,0.00,0.35,0.00,4.52,1.68,2.46,3.37,11.09,9.19,0.00,29.41,0.00,0.00,0.00,0.00,0.00,0.00,0.61,0.19,0.00,0.00,0.00,0.00,0.00,0.00,0.00,0.00,58.82,0.00,0.00,0.00,0.00,58.82,0.00,0.00,0.00,0.00,0.00,2.56,0.00,0.00,0.00,0.00,0.00,0.00,0.00,0.00,0.00,0.00,0.00,0.00,0.00,0.00,0.00,0.00,0.00,0.00,0.00,0.00,0.00,0.00,0.00,0.00,0.00,0.00,0.00,0.00,0.00,0.00,0.00,0.00,0.00,0.00,0.00,0.00,0.00,0.00,0.00,0.00,0.00,0.00,0.00,0.00,0.00,0.00,0.00,0.00,0.00,0.00,0.00,0.00,0.00,0.00,0.00,0.00,0.00,0.00,0.00,0.00,0.00,0.00,0.00,0.00,0.00,0.00,0.00,0.00,0.00,0.00,0.00,0.00,0.00,0.00,0.00,0.00,0.00,0.00,0.00,0.00,0.00,0.00,0.00,0.00,0.00,0.00,0.00,0.00,0.00,0.00,0.00,0.00,0.00,0.00,0.00,0.00,0.00,0.00,0.00,0.00,0.00,0.00,0.00,0.00,0.00,0.00,0.00,2.35,1.82,0.97,1.68,1.16,1.61,2.16,1.34,0.00,0.00,1.87,2.41,3.60,1.37,9.80,0.00,0.00,2.71,8.91,1.96,0.98,4.90,14.71,1.40,0.83,13.57,5.88,1.21,0.00,8.40,8.40,0.00,2.10,7.47,1.93,2.81,3.31,0.00,0.50,0.78,0.00,0.00,1.73,1.31,0.00,0.00,6.54,0.00,1.17,0.92,0.00,0.00,0.00,0.00,0.00,0.00,0.00,0.00,0.00,0.46,0.69,1.23,0.96,1.38,1.52,3.10,4.52,9.05,0.00,0.00,0.00,0.00,0.00,0.00,0.00,0.00,0.00,0.00
9831.0,-2.000,7.000,0.000,0.000,0.000,0,0,0.839,0,0.086,0.141,0.003,0.006,0.071,0.00,0.84,0.66,0.00,4.90,27.51,27.34,8.40,0.00,10.35,6.84,0.71,0.79,2.48,2.14,2.10,1.90,8.40,16.81,9.23,11.13,58.82,0.00,3.68,6.13,0.00,0.00,0.00,0.00,1.53,1.47,1.55,0.00,3.10,2.58,0.00,0.00,0.00,0.00,2.80,0.00,0.00,0.00,2.94,0.00,0.00,0.00,0.00,0.00,0.00,0.00,0.00,0.00,0.00,0.00,0.00,0.00,0.00,0.00,0.00,0.00,0.00,0.00,0.00,0.00,0.00,0.00,0.00,0.00,0.00,0.00,0.00,0.00,0.00,0.00,0.00,0.00,0.00,0.00,0.00,0.00,0.00,0.00,0.00,0.00,0.00,0.00,0.00,0.00,0.00,0.00,0.00,0.00,0.00,0.00,1.04,0.35,4.52,10.08,3.28,3.37,11.50,10.70,0.00,0.00,0.00,0.00,2.99,1.00,0.00,0.00,0.61,0.19,1.59,0.00,0.00,0.00,0.00,0.00,0.00,0.00,0.00,0.00,0.00,0.00,0.00,0.00,0.00,0.00,0.00,0.00,0.00,0.00,0.00,0.00,0.00,0.00,0.00,0.00,0.00,0.00,0.00,0.00,0.00,0.00,0.00,0.00,0.00,0.00,0.00,0.00,0.00,0.00,0.00,0.00,0.00,0.00,0.00,0.00,0.00,0.00,0.00,0.00,0.00,0.00,0.00,0.00,0.00,0.00,0.00,0.00,0.00,0.00,0.00,0.00,0.00,0.00,0.00,0.00,0.00,0.00,0.00,0.00,0.00,0.00,0.00,0.00,0.00,58.82,0.00,0.00,0.00,0.00,0.00,0.00,0.00,0.00,0.00,0.00,0.00,0.00,0.00,0.00,0.00,0.00,0.00,0.00,0.00,0.00,0.00,0.00,0.00,0.00,0.00,0.00,0.00,0.00,0.00,0.00,0.00,0.00,0.00,0.00,0.00,0.00,0.00,0.00,0.00,0.00,0.00,0.00,0.00,0.00,0.00,0.00,0.00,0.00,0.00,0.00,0.00,0.00,0.61,1.36,1.01,1.85,2.03,1.92,1.87,0.00,0.00,2.24,1.47,0.00,2.39,9.80,4.52,0.00,0.00,0.00,3.92,0.00,0.98,0.98,1.40,0.41,36.20,0.00,1.21,0.52,8.40,0.00,0.00,0.00,3.73,0.96,1.53,1.25,0.00,0.62,0.78,0.00,0.00,3.46,2.61,0.00,0.00,0.00,0.00,1.46,1.05,0.00,0.00,0.00,0.00,0.00,0.00,2.18,2.26,0.89,0.46,2.08,1.23,0.96,0.00,1.52,0.52,13.57,6.79,0.00,0.00,0.00,0.00,0.00,0.00,0.00,0.00,0.00,0.00
9931.0,-2.000,7.000,0.000,0.000,0.000,0,0,0.840,0,0.222,0.285,0.127,0.134,0.420,0.00,0.70,1.11,0.00,0.00,26.96,30.65,8.40,0.00,9.14,13.17,0.67,0.75,1.77,0.71,1.94,2.20,8.40,11.20,9.69,10.90,58.82,58.82,8.58,8.58,0.00,0.00,0.78,0.00,1.15,1.26,0.00,1.51,1.82,1.11,0.00,0.00,0.00,0.00,0.00,0.00,4.52,0.00,0.00,0.00,0.00,0.00,0.00,0.00,0.00,0.00,0.00,0.00,0.00,0.00,0.00,0.00,0.00,0.00,0.00,0.00,0.00,0.00,0.00,0.00,0.00,0.00,0.00,0.00,0.00,0.00,0.00,0.00,0.00,0.00,0.00,0.00,0.00,0.00,0.00,0.00,0.00,0.00,0.00,0.00,0.00,0.00,0.00,0.00,0.00,0.00,0.00,0.00,0.00,0.00,0.00,1.06,3.02,3.36,2.59,2.82,10.06,10.23,0.00,0.00,0.00,0.00,1.99,1.00,0.00,0.00,0.61,0.00,0.00,1.59,0.00,0.00,0.00,0.00,0.00,0.00,0.00,0.00,0.00,0.00,0.00,0.00,0.00,58.82,0.00,0.00,0.00,0.00,0.00,0.00,0.00,0.00,0.00,0.00,0.00,0.00,0.00,0.00,0.00,0.00,0.00,0.00,0.00,0.00,0.00,0.00,0.00,0.00,58.82,29.41,58.82,58.82,0.00,0.00,0.00,0.00,58.82,0.00,0.00,0.00,0.00,0.00,0.00,0.00,0.00,0.00,0.00,0.00,0.00,0.00,0.00,0.00,0.00,0.00,0.00,0.00,58.82,58.82,0.00,0.00,0.00,0.00,0.00,58.82,0.00,0.00,0.00,0.00,0.00,0.00,0.00,0.00,0.00,0.00,0.00,0.00,0.00,0.00,0.00,0.00,0.00,0.00,0.00,0.00,0.00,0.00,0.00,0.00,0.00,0.00,0.00,0.00,0.00,0.00,0.00,0.00,0.00,0.00,0.00,0.00,0.00,0.00,0.00,0.00,0.00,0.00,0.00,0.00,0.00,0.00,0.00,0.00,0.00,0.00,0.00,2.35,1.82,0.58,0.67,1.16,1.43,0.96,1.87,0.00,0.00,0.87,1.47,2.00,1.03,0.00,0.00,0.00,0.90,8.91,1.96,0.98,0.00,2.94,0.00,0.41,0.00,0.00,1.21,0.52,0.00,0.00,0.00,2.10,0.00,3.86,1.38,1.56,0.00,0.50,0.67,0.00,0.00,0.87,1.31,0.00,0.00,0.00,0.00,0.86,0.99,0.00,0.00,0.00,0.00,0.00,0.00,0.00,2.26,0.45,0.46,0.69,0.61,2.89,1.38,2.03,1.55,4.52,6.79,0.00,0.00,0.00,0.00,0.00,0.00,0.00,0.00,0.00,0.00
