t_ms,x,z,yaw,speed,turn,airborne,feeding,hunger,opto_p9,proboscis,per_rostrum,per_haustellum,labellum_spread,pumping,:unannotated_L,ascending:AN_L,ascending:AN_R,central:ALIN_L,central:ALIN_R,central:ALLN_L,central:ALLN_R,central:ALON_L,central:ALON_R,central:ALPN_L,central:ALPN_R,central:CX_L,central:CX_R,central:DAN_L,central:DAN_R,central:Kenyon_Cell_L,central:Kenyon_Cell_R,central:LHCENT_L,central:LHCENT_R,central:LHLN_L,central:LHLN_R,central:MBIN_L,central:MBIN_R,central:MBON_L,central:MBON_R,central:TPN_L,central:TPN_R,central:TuBu_L,central:TuBu_R,central:central_L,central:central_R,central:mAL_L,central:mAL_R,descending:descending_L,descending:descending_R,descending:ocellar_L,descending:ocellar_R,endocrine:endocrine_L,endocrine:endocrine_R,endocrine:pars_intercerebralis_L,endocrine:pars_intercerebralis_R,endocrine:pars_lateralis_L,endocrine:pars_lateralis_R,motor:brain_motor_neuron_L,motor:brain_motor_neuron_R,motor:motor_L,motor:motor_R,motor:neck_motor_neuron_R,optic:LA>ME_L,optic:LA>ME_R,optic:LA_L,optic:LA_R,optic:LO.LOP_L,optic:LO.LOP_R,optic:LO>LOP_L,optic:LO>LOP_R,optic:LO>ME_L,optic:LO>ME_R,optic:LOP>LO.ME_L,optic:LOP>LO.ME_R,optic:LOP>LO_L,optic:LOP>LO_R,optic:LOP>ME.LO_L,optic:LOP>ME.LO_R,optic:LOP>ME_L,optic:LOP>ME_R,optic:LOP_L,optic:LOP_R,optic:LO_L,optic:LO_R,optic:ME.LO.LOP_L,optic:ME.LO.LOP_R,optic:ME.LOP_L,optic:ME.LOP_R,optic:ME.LO_L,optic:ME.LO_R,optic:ME>LA_L,optic:ME>LA_R,optic:ME>LO.LOP_L,optic:ME>LO.LOP_R,optic:ME>LOP.LO_L,optic:ME>LOP.LO_R,optic:ME>LOP_L,optic:ME>LO_L,optic:ME>LO_R,optic:ME_L,optic:ME_R,optic:bilateral_L,optic:bilateral_R,optic:ocellar_L,optic:ocellar_R,optic:optic_L,optic:optic_R,optic:optic_lobes_L,optic:optic_lobes_R,sensory:gustatory_L,sensory:gustatory_R,sensory:hygrosensory_L,sensory:hygrosensory_R,sensory:mechanosensory_L,sensory:mechanosensory_R,sensory:olfactory_L,sensory:olfactory_R,sensory:optic_lobes_L,sensory:sensory_L,sensory:thermosensory_L,sensory:thermosensory_R,sensory:unknown_sensory_L,sensory:unknown_sensory_R,sensory:visual_L,sensory:visual_R,sensory_ascending:AN_L,sensory_ascending:AN_R,sensory_ascending:gustatory_L,sensory_ascending:gustatory_R,sensory_ascending:unknown_sensory_L,sensory_ascending:unknown_sensory_R,type:APL_L,type:APL_R,type:CEM_L,type:CEM_R,type:DNa02_L,type:DNa02_R,type:DNp01_L,type:DNp01_R,type:DNp02_L,type:DNp02_R,type:DNp09_L,type:DNp09_R,type:DNp11_L,type:DNp11_R,type:EPG_L,type:EPG_R,type:L1_L,type:L1_R,type:L2_L,type:L2_R,type:L3_L,type:L3_R,type:L4_L,type:L4_R,type:L5_L,type:L5_R,type:LC4_L,type:LC4_R,type:LC6_L,type:LC6_R,type:LPLC1_L,type:LPLC1_R,type:LPLC2_L,type:LPLC2_R,type:MDN_L,type:MDN_R,type:MN10_L,type:MN10_R,type:MN11D_L,type:MN11D_R,type:MN11V_L,type:MN11V_R,type:MN12D_L,type:MN12D_R,type:MN13_L,type:MN13_R,type:MN1_L,type:MN1_R,type:MN2Da_L,type:MN2Da_R,type:MN2Db_L,type:MN2Db_R,type:MN2V_L,type:MN2V_R,type:MN3L_L,type:MN3L_R,type:MN3M_L,type:MN3M_R,type:MN4a_L,type:MN4a_R,type:MN4b_L,type:MN4b_R,type:MN5_L,type:MN5_R,type:MN6_L,type:MN6_R,type:MN7_L,type:MN7_R,type:MN8_L,type:MN8_R,type:MN9_L,type:MN9_R,type:MNx01_R,type:MNx02_L,type:MNx02_R,type:MNx03_L,type:MNx03_R,type:MNx04_L,type:MNx04_R,type:MNx05_L,type:MNx05_R,type:Mi1_L,type:Mi1_R,type:R1-6_L,type:R1-6_R,type:R7_L,type:R7_R,type:R8_L,type:R8_R,type:T4a_L,type:T4a_R,type:T4b_L,type:T4b_R,type:T4c_L,type:T4c_R,type:T4d_L,type:T4d_R,type:T5a_L,type:T5a_R,type:T5b_L,type:T5b_R,type:T5c_L,type:T5c_R,type:T5d_L,type:T5d_R,type:Tm1_L,type:Tm1_R,type:Tm2_L,type:Tm2_R,type:Tm3_L,type:Tm3_R,type:Tm9_L,type:Tm9_R,visual_centrifugal:ocellar_L,visual_centrifugal:ocellar_R,visual_centrifugal:visual_centrifugal_L,visual_centrifugal:visual_centrifugal_R,visual_projection:bilateral_L,visual_projection:bilateral_R,visual_projection:ocellar_L,visual_projection:ocellar_R,visual_projection:visual_projection_L,visual_projection:visual_projection_R,vnc:abdomen_motor_neuron_L,vnc:abdomen_motor_neuron_R,vnc:ascending_neuron_L,vnc:ascending_neuron_R,vnc:bristle_neuron_L,vnc:bristle_neuron_R,vnc:campaniform_sensillum_neuron_L,vnc:campaniform_sensillum_neuron_R,vnc:central_complex_output_neuron_L,vnc:central_complex_output_neuron_R,vnc:chordotonal_organ_neuron_L,vnc:chordotonal_organ_neuron_R,vnc:hair_plate_neuron_L,vnc:hair_plate_neuron_R,vnc:haltere_motor_neuron_L,vnc:haltere_motor_neuron_R,vnc:hind_leg_motor_neuron_L,vnc:leg_motor_neuron_front_leg_L,vnc:leg_motor_neuron_front_leg_R,vnc:leg_motor_neuron_hind_leg_L,vnc:leg_motor_neuron_hind_leg_R,vnc:leg_motor_neuron_middle_leg_L,vnc:leg_motor_neuron_middle_leg_R,vnc:multidendritic_neuron_L,vnc:multidendritic_neuron_R,vnc:neck_motor_neuron_L,vnc:neck_motor_neuron_R,vnc:orphan_neuron_L,vnc:orphan_neuron_R,vnc:oxygenation_neuron_L,vnc:oxygenation_neuron_R,vnc:reproductive_tract_sensory_neuron_L,vnc:reproductive_tract_sensory_neuron_R,vnc:sequential_leg_neuromeres_L,vnc:sequential_leg_neuromeres_R,vnc:single_leg_neuromere_L,vnc:single_leg_neuromere_R,vnc:strand_neuron_L,vnc:taste_bristle_gustatory_neuron_L,vnc:taste_bristle_gustatory_neuron_R,vnc:taste_bristle_neuron_L,vnc:taste_bristle_neuron_R,vnc:taste_bristle_tactile_neuron_L,vnc:taste_bristle_tactile_neuron_R,vnc:thoracic_abdominal_segmental_motor_neuron_L,vnc:thoracic_abdominal_segmental_motor_neuron_R,vnc:thoracic_abdominal_segmental_sensory_neuron_L,vnc:thoracic_abdominal_segmental_sensory_neuron_R,vnc:unknown_L,vnc:unknown_R,vnc:unknown_motor_neuron_L,vnc:unknown_motor_neuron_R,vnc:unknown_thoracic_abdominal_motor_neuron_L,vnc:unknown_thoracic_abdominal_motor_neuron_R,vnc:uterus_motor_neuron_L,vnc:uterus_motor_neuron_R,vnc:ventral_nerve_cord_centrifugal_L,vnc:ventral_nerve_cord_centrifugal_R,vnc:ventral_nerve_cord_centripetal_L,vnc:ventral_nerve_cord_centripetal_R,vnc:ventral_nerve_cord_dorsal_L,vnc:ventral_nerve_cord_dorsal_R,vnc:ventral_nerve_cord_neurosecretory_cell_L,vnc:ventral_nerve_cord_neurosecretory_cell_R,vnc:ventral_nerve_cord_serially_convergent_L,vnc:ventral_nerve_cord_serially_convergent_R,vnc:wing_motor_neuron_L,vnc:wing_motor_neuron_R,vnc_type:DLM1-4_L,vnc_type:DLM1-4_R,vnc_type:DLM5_L,vnc_type:DLM5_R,vnc_type:PSI_L,vnc_type:PSI_R,vnc_type:TTMn_L,vnc_type:TTMn_R,vnc_type:tergotrochanter_L,vnc_type:tergotrochanter_R
121.5,-2.000,7.000,0.000,0.000,0.000,0,0,0.801,0,0.321,0.353,0.273,0.476,1.000,2.42,1.58,1.81,11.30,14.12,6.43,7.96,9.69,4.84,9.64,6.41,1.17,0.91,2.45,2.26,0.16,0.16,1.61,3.23,2.13,2.49,0.00,0.00,5.65,5.65,0.00,0.00,0.90,3.62,2.61,2.45,0.89,6.95,3.31,3.35,0.00,0.00,0.00,0.00,0.00,1.61,0.00,0.00,3.39,3.57,0.00,0.00,0.00,0.00,0.00,0.00,0.00,0.00,0.00,0.00,0.00,0.00,0.00,0.00,0.00,0.00,0.00,0.00,0.00,0.00,0.00,0.00,0.00,0.00,0.00,0.00,0.00,0.00,0.00,0.00,0.00,0.00,0.00,0.00,0.00,0.00,0.00,0.00,0.00,0.00,0.00,0.00,0.00,0.00,0.00,0.00,0.00,0.00,0.00,0.00,39.51,29.03,0.87,3.87,5.05,5.17,23.01,21.75,0.00,16.95,2.61,0.00,1.72,1.72,0.00,0.00,1.41,1.01,0.00,0.00,0.00,0.00,0.00,0.00,0.00,0.00,0.00,0.00,0.00,0.00,0.00,0.00,33.90,33.90,0.00,0.00,0.00,0.00,0.00,0.00,0.00,0.00,0.00,0.00,0.00,0.00,0.00,0.00,0.00,0.00,0.00,0.00,0.00,0.00,0.00,0.00,0.00,0.00,0.00,0.00,135.59,135.59,33.90,0.00,50.85,50.85,0.00,0.00,0.00,0.00,0.00,0.00,0.00,0.00,0.00,0.00,0.00,0.00,0.00,0.00,0.00,16.95,33.90,33.90,0.00,0.00,0.00,0.00,67.80,0.00,33.90,33.90,0.00,33.90,0.00,0.00,0.00,0.00,0.00,0.00,0.00,0.00,0.00,0.00,0.00,0.00,0.00,0.00,0.00,0.00,0.00,0.00,0.00,0.00,0.00,0.00,0.00,0.00,0.00,0.00,0.00,0.00,0.00,0.00,0.00,0.00,0.00,0.00,0.00,0.00,0.00,0.00,0.00,0.00,0.00,0.00,0.00,0.80,0.83,0.00,1.06,0.00,0.00,0.00,0.00,0.45,0.35,1.89,0.70,4.93,5.05,4.93,4.44,0.00,0.00,5.29,6.20,4.38,5.32,0.00,0.00,0.00,4.17,0.51,0.00,0.56,0.56,0.00,2.02,0.95,0.00,0.00,1.40,0.90,0.00,0.00,0.00,0.00,1.08,0.56,0.99,1.21,16.95,0.50,1.28,0.00,0.00,3.99,6.78,0.00,0.00,0.00,0.00,1.42,1.41,0.00,0.00,0.00,0.00,0.00,0.00,0.00,1.30,2.05,2.63,1.60,3.53,1.11,2.79,1.46,0.59,1.30,0.00,0.00,0.00,0.00,0.00,0.00,0.00,0.00,0.00,0.00,0.00
250.5,-2.000,7.000,0.000,0.000,0.000,0,0,0.801,0,0.525,0.542,0.500,0.375,1.000,2.13,1.50,1.23,9.95,12.44,5.94,5.89,8.53,0.00,6.83,4.86,1.06,0.72,1.80,1.63,0.05,0.13,0.00,4.26,1.87,1.15,0.00,0.00,3.11,4.98,0.00,0.00,0.80,0.80,2.05,1.92,0.79,3.83,2.82,3.32,0.00,0.00,0.00,0.00,1.42,2.84,0.00,0.00,0.00,1.57,0.00,0.00,29.85,0.00,0.00,0.00,0.00,0.00,0.00,0.00,0.00,0.00,0.00,0.00,0.00,0.00,0.00,0.00,0.00,0.00,0.00,0.00,0.00,0.00,0.00,0.00,0.00,0.00,0.00,0.00,0.00,0.00,0.00,0.00,0.00,0.00,0.00,0.00,0.00,0.00,0.00,0.00,0.00,0.00,0.00,0.00,0.00,0.00,0.00,0.00,37.62,31.28,0.77,0.00,2.83,3.93,16.07,14.62,0.00,0.00,2.30,1.87,1.52,1.52,0.00,0.00,1.08,1.38,0.00,0.81,0.00,3.73,0.00,0.00,0.00,0.00,0.00,29.85,0.00,0.00,0.00,0.00,0.00,0.00,0.00,0.00,1.24,2.60,0.00,0.00,0.00,0.00,0.00,0.00,0.00,0.00,0.00,0.00,0.00,0.00,0.00,0.00,0.00,0.00,0.00,0.00,29.85,14.93,29.85,29.85,89.55,89.55,0.00,29.85,0.00,0.00,0.00,0.00,0.00,0.00,29.85,0.00,0.00,0.00,0.00,0.00,0.00,0.00,0.00,0.00,0.00,14.93,29.85,29.85,0.00,0.00,29.85,29.85,0.00,0.00,0.00,0.00,29.85,59.70,29.85,0.00,0.00,0.00,0.00,0.00,0.00,0.00,0.00,0.00,0.00,0.00,0.00,0.00,0.00,0.00,0.00,0.00,0.00,0.00,0.00,0.00,0.00,0.00,0.00,0.00,0.00,0.00,0.00,0.00,0.00,0.00,0.00,0.00,0.00,0.00,0.00,0.00,0.00,0.00,0.00,0.00,0.00,0.24,0.24,1.61,0.93,0.00,0.00,0.00,0.00,1.19,1.23,0.95,1.44,3.44,3.76,4.21,2.79,0.00,0.00,4.34,3.87,4.26,2.43,0.00,2.30,0.00,0.00,0.45,0.00,0.00,0.00,1.49,2.49,1.47,6.89,17.91,1.54,0.53,4.26,0.00,0.00,1.07,0.47,1.47,1.14,1.00,0.00,0.44,0.84,0.00,0.00,3.07,1.99,0.00,4.26,0.00,0.00,1.01,1.24,0.00,0.00,0.00,0.00,0.00,0.00,1.11,0.00,0.23,0.69,2.11,0.62,0.49,1.40,0.51,0.52,1.15,0.00,0.00,0.00,0.00,0.00,0.00,0.00,0.00,0.00,0.00,0.00
350.5,-2.000,7.000,0.000,0.000,0.000,0,0,0.801,0,0.429,0.524,0.287,0.410,0.902,0.00,1.50,1.10,12.44,14.93,6.22,6.45,21.32,4.26,6.30,3.38,1.12,1.08,2.16,2.53,0.15,0.20,1.42,4.26,1.05,1.27,0.00,0.00,4.98,6.22,0.00,0.00,1.19,0.80,2.18,2.17,2.36,1.53,2.92,2.90,0.00,0.00,0.00,0.00,1.42,0.00,2.30,0.00,0.00,0.00,0.00,0.00,0.00,0.00,0.00,0.00,0.00,0.00,0.00,0.00,0.00,0.00,0.00,0.00,0.00,0.00,0.00,0.00,0.00,0.00,0.00,0.00,0.00,0.00,0.00,0.00,0.00,0.00,0.00,0.00,0.00,0.00,0.00,0.00,0.00,0.00,0.00,0.00,0.00,0.00,0.00,0.00,0.00,0.00,0.00,0.00,0.00,0.00,0.00,0.00,39.74,27.17,0.00,0.85,3.39,3.53,14.72,12.96,0.00,14.93,2.30,3.73,0.51,1.52,0.00,0.00,0.62,0.89,0.81,0.81,0.00,3.73,0.00,0.00,0.00,0.00,0.00,0.00,0.00,0.00,0.00,0.00,0.00,29.85,0.00,0.00,2.49,1.30,0.00,0.00,0.00,0.00,0.00,0.00,0.00,0.00,0.00,0.00,0.00,0.00,0.00,0.00,0.00,0.00,0.00,0.00,0.00,0.00,0.00,0.00,29.85,29.85,29.85,0.00,29.85,29.85,0.00,0.00,0.00,0.00,0.00,0.00,0.00,0.00,0.00,0.00,0.00,0.00,0.00,0.00,0.00,14.93,29.85,29.85,0.00,0.00,0.00,0.00,44.78,0.00,59.70,29.85,29.85,59.70,0.00,0.00,0.00,9.95,0.00,0.00,0.00,0.00,29.85,0.00,0.00,0.00,0.00,0.00,0.00,0.00,0.00,0.00,0.00,0.00,0.00,0.00,0.00,0.00,0.00,0.00,0.00,0.00,0.00,0.00,0.00,0.00,0.00,0.00,0.00,0.00,0.00,0.00,0.00,0.00,0.00,0.00,0.00,0.35,0.49,0.00,0.00,0.00,0.00,0.00,0.00,0.00,0.62,1.07,1.03,3.22,3.45,3.55,3.21,0.00,0.00,3.25,4.01,3.25,3.12,0.00,0.00,0.00,1.38,0.00,2.99,3.48,0.50,5.47,1.42,1.05,13.78,2.99,0.62,0.53,4.26,0.00,0.00,1.07,0.47,0.00,0.97,1.08,0.00,1.02,0.62,0.00,0.00,3.51,4.64,0.00,0.00,3.32,2.99,1.09,1.05,0.00,0.00,0.00,0.00,0.00,0.00,2.21,0.00,0.45,2.08,1.05,1.55,0.98,1.05,1.80,1.31,1.15,0.00,0.00,0.00,0.00,0.00,0.00,0.00,0.00,0.00,0.00,0.00
450.5,-2.000,7.000,0.000,0.000,0.000,0,0,0.802,0,0.268,0.309,0.206,0.507,0.808,0.00,1.64,1.16,12.44,12.44,6.08,5.19,12.79,4.26,5.95,2.86,0.89,0.87,2.16,2.17,0.13,0.17,4.26,2.84,0.94,0.81,0.00,0.00,8.08,9.95,0.00,0.00,1.59,0.80,2.44,2.22,0.79,2.30,3.47,3.18,29.85,0.00,0.00,0.00,0.00,5.69,0.00,0.00,0.00,0.00,0.00,0.00,0.00,0.00,0.00,0.00,0.00,0.00,0.00,0.00,0.00,0.00,0.00,0.00,0.00,0.00,0.00,0.00,0.00,0.00,0.00,0.00,0.00,0.00,0.00,0.00,0.00,0.00,0.00,0.00,0.00,0.00,0.00,0.00,0.00,0.00,0.00,0.00,0.00,0.00,0.00,0.01,0.00,0.00,0.00,0.00,0.00,0.00,0.00,0.00,39.92,28.96,0.77,0.85,2.78,3.17,13.26,11.86,0.00,0.00,0.00,0.00,2.53,1.01,0.00,0.00,1.39,1.38,0.00,0.81,0.00,0.00,0.00,0.00,0.00,0.00,0.00,0.00,0.00,0.00,0.00,0.00,29.85,29.85,0.00,0.00,2.49,0.00,0.00,0.00,0.00,0.00,0.00,0.00,0.00,0.00,0.00,0.00,0.00,0.00,0.00,0.00,0.00,0.00,0.00,0.00,0.00,0.00,0.00,0.00,29.85,29.85,29.85,0.00,59.70,59.70,0.00,0.00,0.00,0.00,0.00,0.00,0.00,0.00,0.00,0.00,0.00,0.00,0.00,0.00,0.00,0.00,0.00,0.00,0.00,0.00,0.00,0.00,0.00,0.00,59.70,0.00,0.00,0.00,9.95,0.00,0.00,9.95,0.00,0.00,0.00,29.85,29.85,0.00,0.00,0.00,0.00,0.00,0.00,0.00,0.00,0.00,0.00,0.00,0.00,0.00,0.00,0.00,0.00,0.00,0.00,0.00,0.00,0.00,0.00,0.00,0.00,0.00,0.00,0.00,0.00,0.00,0.00,0.00,0.00,0.00,0.00,0.35,0.24,0.00,0.00,0.00,0.00,0.00,0.00,0.00,0.00,0.95,0.72,3.39,3.18,3.02,2.65,0.00,0.00,3.32,2.90,2.03,2.95,0.00,2.30,0.00,1.84,0.45,0.50,0.00,0.00,0.50,1.07,0.63,2.30,0.00,1.85,1.58,0.00,4.26,0.00,0.00,0.47,0.49,0.87,0.52,0.00,1.08,0.62,0.00,0.00,1.32,1.33,0.00,0.00,3.32,0.00,1.07,1.13,0.00,0.00,0.00,0.00,0.00,0.00,2.21,4.59,0.23,0.46,0.35,1.55,1.47,0.00,0.26,1.05,1.15,0.00,0.00,0.00,0.00,0.00,0.00,0.00,0.00,0.00,0.00,0.00
550.5,-2.000,7.000,0.000,0.000,0.000,0,0,0.802,0,0.300,0.311,0.284,0.558,0.391,0.00,1.39,1.30,4.98,9.95,4.01,4.20,12.79,4.26,4.64,2.78,0.97,1.29,2.16,2.35,0.13,0.14,1.42,0.00,1.17,1.04,0.00,0.00,1.87,3.11,0.00,0.00,0.80,1.99,1.93,1.71,0.79,3.83,2.04,1.97,0.00,0.00,0.00,0.00,5.69,1.42,0.00,1.99,1.49,0.00,0.00,0.00,0.00,0.00,0.00,0.00,0.00,0.00,0.00,0.00,0.00,0.00,0.00,0.00,0.00,0.00,0.00,0.00,0.00,0.00,0.00,0.00,0.00,0.00,0.00,0.00,0.00,0.00,0.00,0.00,0.00,0.00,0.00,0.00,0.00,0.00,0.00,0.00,0.00,0.00,0.00,0.00,0.00,0.00,0.00,0.00,0.00,0.00,0.00,0.00,36.92,30.39,0.77,0.85,3.26,2.98,12.58,12.36,0.00,0.00,0.00,0.00,1.01,1.52,0.00,0.00,1.08,0.79,3.23,0.00,0.00,3.73,0.00,0.00,0.00,0.00,0.00,0.00,0.00,0.00,0.00,0.00,0.00,29.85,0.00,0.00,1.24,0.00,0.00,0.00,0.00,0.00,0.00,0.00,0.00,0.00,0.00,0.00,0.00,0.00,0.00,0.00,0.00,0.00,0.00,0.00,0.00,0.00,0.00,0.00,0.00,0.00,0.00,0.00,0.00,0.00,0.00,0.00,0.00,0.00,0.00,0.00,0.00,0.00,0.00,0.00,0.00,0.00,0.00,0.00,0.00,29.85,29.85,29.85,0.00,0.00,29.85,0.00,29.85,0.00,59.70,29.85,29.85,59.70,0.00,0.00,0.00,0.00,0.00,0.00,0.00,0.00,0.00,0.00,0.00,0.00,0.00,0.00,0.00,0.00,0.00,0.00,0.00,0.00,0.00,0.00,0.00,0.00,0.00,0.00,0.00,0.00,0.00,0.00,0.00,0.00,0.00,0.00,0.00,0.00,0.00,0.00,0.00,0.00,0.00,0.00,0.00,0.12,0.24,0.00,0.00,0.00,0.00,0.00,0.00,0.40,0.31,1.43,0.51,3.01,2.93,1.97,2.51,0.00,0.00,2.36,3.45,3.45,3.64,0.00,0.00,0.00,0.92,2.26,2.49,0.00,1.00,0.50,1.07,0.63,2.30,0.00,0.31,1.06,0.00,4.26,4.98,1.07,0.47,0.98,1.06,1.45,0.00,0.95,0.84,0.00,0.00,4.83,3.98,0.00,0.00,3.32,2.99,0.90,1.03,0.00,0.00,0.00,0.00,0.00,0.00,0.00,1.15,0.00,0.69,0.70,0.93,1.96,2.11,1.03,0.79,0.00,0.00,0.00,0.00,0.00,0.00,0.00,0.00,0.00,0.00,0.00,0.00
650.5,-2.000,7.000,0.000,0.000,0.000,0,0,0.803,0,0.341,0.363,0.309,0.513,0.268,0.00,1.18,1.40,9.95,7.46,4.84,4.34,17.06,0.00,6.39,2.86,1.14,1.12,1.44,2.71,0.15,0.13,0.00,0.00,0.94,1.38,0.00,0.00,4.35,3.73,0.00,0.00,0.80,1.19,2.14,2.25,1.57,3.06,3.19,3.79,0.00,0.00,19.90,0.00,1.42,1.42,0.00,0.00,1.49,1.57,0.00,0.00,0.00,0.00,0.00,0.00,0.00,0.00,0.00,0.00,0.00,0.00,0.00,0.00,0.00,0.00,0.00,0.00,0.00,0.00,0.00,0.00,0.00,0.00,0.00,0.00,0.00,0.00,0.00,0.00,0.00,0.00,0.00,0.00,0.00,0.00,0.00,0.00,0.00,0.00,0.01,0.01,0.00,0.00,0.00,0.00,0.00,0.00,0.00,0.00,43.27,30.03,0.77,0.00,3.11,2.98,12.61,11.36,0.00,0.00,2.30,1.87,1.52,3.54,0.00,0.00,0.77,0.99,0.00,0.81,0.00,3.73,0.00,0.00,0.00,0.00,0.00,29.85,0.00,0.00,0.00,0.00,0.00,0.00,0.00,0.00,0.00,1.30,0.00,0.00,0.00,0.00,0.00,0.00,0.00,0.00,0.00,0.00,0.00,0.00,0.00,0.00,0.00,0.00,0.00,0.00,0.00,0.00,0.00,0.00,0.00,0.00,0.00,0.00,0.00,0.00,0.00,0.00,0.00,0.00,29.85,0.00,0.00,0.00,0.00,0.00,0.00,0.00,0.00,0.00,29.85,59.70,59.70,89.55,0.00,0.00,0.00,0.00,44.78,0.00,59.70,29.85,29.85,119.40,0.00,0.00,0.00,9.95,0.00,0.00,0.00,0.00,29.85,0.00,0.00,0.00,0.00,0.00,0.00,0.00,0.00,0.00,0.00,0.00,0.00,0.00,0.00,0.00,0.00,0.00,0.00,0.00,0.00,0.00,0.00,0.00,0.00,0.00,0.00,0.00,0.00,0.00,0.00,0.00,0.00,0.00,0.00,0.47,0.73,0.00,1.87,0.00,0.00,0.00,0.00,0.00,0.31,0.95,0.92,2.99,3.27,3.29,2.09,4.98,0.00,3.44,3.32,3.25,2.43,2.49,0.00,0.00,2.76,0.00,0.00,1.49,0.00,0.00,1.07,0.42,2.30,0.00,0.00,0.79,0.00,0.00,0.00,0.00,0.47,0.00,0.59,0.71,14.93,0.70,0.45,0.00,0.00,2.19,1.99,3.73,0.00,0.00,0.00,1.12,1.10,0.00,0.00,0.00,0.00,0.00,0.00,2.21,3.44,0.23,0.93,2.11,0.93,0.98,0.00,1.54,0.52,5.74,1.15,0.00,0.00,0.00,0.00,0.00,0.00,0.00,0.00,0.00,0.00
750.5,-2.000,7.000,0.000,0.000,0.000,0,0,0.803,0,0.262,0.257,0.271,0.321,1.000,2.13,1.46,0.70,7.46,12.44,5.67,5.89,17.06,4.26,6.92,3.21,1.10,1.03,2.70,1.99,0.19,0.16,0.00,1.42,1.17,1.38,0.00,0.00,5.60,5.60,0.00,0.00,1.19,0.40,2.12,1.95,1.57,1.53,3.10,2.48,0.00,0.00,0.00,0.00,0.00,0.00,0.00,3.98,0.00,0.00,0.00,0.00,0.00,0.00,0.00,0.00,0.00,0.00,0.00,0.00,0.00,0.00,0.00,0.00,0.00,0.00,0.00,0.00,0.00,0.00,0.00,0.00,0.00,0.00,0.00,0.00,0.00,0.00,0.00,0.00,0.00,0.00,0.00,0.00,0.00,0.00,0.00,0.00,0.00,0.00,0.00,0.00,0.00,0.00,0.00,0.00,0.00,0.00,0.00,0.00,39.92,31.46,0.00,0.00,2.89,3.10,12.82,11.41,0.00,0.00,2.30,3.73,0.00,0.00,0.00,0.00,0.62,0.99,0.00,0.81,0.00,0.00,0.00,0.00,0.00,0.00,0.00,0.00,0.00,0.00,0.00,0.00,0.00,29.85,0.00,0.00,0.00,0.00,0.00,0.00,0.00,0.00,0.00,0.00,0.00,0.00,0.00,0.00,0.00,0.00,0.00,0.00,0.00,0.00,0.00,0.00,0.00,0.00,0.00,0.00,119.40,119.40,59.70,0.00,59.70,74.63,0.00,0.00,0.00,0.00,29.85,0.00,0.00,0.00,0.00,0.00,0.00,0.00,0.00,0.00,0.00,29.85,29.85,29.85,0.00,0.00,0.00,29.85,0.00,0.00,29.85,0.00,0.00,29.85,0.00,29.85,29.85,0.00,0.00,0.00,0.00,0.00,0.00,0.00,0.00,0.00,0.00,0.00,0.00,0.00,0.00,0.00,0.00,0.00,0.00,0.00,0.00,0.00,0.00,0.00,0.00,0.00,0.00,0.00,0.00,0.00,0.00,0.00,0.00,0.00,0.00,0.00,0.00,0.00,0.00,0.00,0.00,0.12,0.00,0.00,0.00,0.00,0.00,0.00,0.00,0.40,0.00,1.31,1.13,2.84,3.04,3.02,3.35,0.00,0.00,2.74,3.18,3.05,3.47,2.49,2.30,0.00,0.00,0.00,0.00,0.00,0.50,0.00,0.71,1.26,0.00,0.00,0.31,1.85,0.00,0.00,0.00,2.13,0.47,0.49,0.76,0.66,0.00,0.64,0.56,0.00,14.93,1.76,3.98,0.00,0.00,3.32,0.00,0.85,0.96,0.00,0.00,0.00,0.00,0.00,0.00,1.11,0.00,0.90,0.46,0.70,1.55,0.49,2.46,0.77,0.00,3.44,2.30,0.00,0.00,0.00,0.00,0.00,0.00,0.00,0.00,0.00,0.00
850.5,-2.000,7.000,0.000,0.000,0.000,0,0,0.803,0,0.236,0.231,0.244,0.318,1.000,2.13,1.07,1.00,9.95,12.44,4.70,5.33,17.06,0.00,5.87,3.73,0.89,0.70,1.80,2.71,0.13,0.08,1.42,4.26,1.17,1.04,0.00,0.00,6.22,6.22,0.00,0.00,1.99,0.80,1.94,1.74,3.93,2.30,2.27,1.59,0.00,0.00,0.00,0.00,1.42,0.00,0.00,1.99,0.00,0.00,0.00,0.00,0.00,0.00,0.00,0.00,0.00,0.00,0.00,0.00,0.00,0.00,0.00,0.00,0.00,0.00,0.00,0.00,0.00,0.00,0.00,0.00,0.00,0.00,0.00,0.00,0.00,0.00,0.00,0.00,0.00,0.00,0.00,0.00,0.00,0.00,0.00,0.00,0.00,0.00,0.00,0.00,0.00,0.00,0.00,0.00,0.00,0.00,0.00,0.00,39.92,32.35,0.00,0.00,3.13,3.12,13.00,12.62,0.00,0.00,2.30,0.00,1.01,1.01,0.00,0.00,0.77,0.89,0.00,0.81,0.00,0.00,0.00,0.00,0.00,0.00,0.00,0.00,0.00,0.00,0.00,0.00,0.00,0.00,0.00,0.00,1.24,0.00,0.00,0.00,0.00,0.00,0.00,0.00,0.00,0.00,0.00,0.00,0.00,0.00,0.00,0.00,0.00,0.00,0.00,0.00,0.00,0.00,59.70,89.55,179.10,208.96,59.70,89.55,0.00,0.00,0.00,0.00,0.00,0.00,0.00,0.00,0.00,0.00,0.00,0.00,0.00,0.00,0.00,0.00,0.00,0.00,0.00,0.00,0.00,0.00,0.00,0.00,0.00,0.00,0.00,0.00,0.00,0.00,89.55,0.00,0.00,0.00,0.00,0.00,0.00,29.85,0.00,0.00,0.00,0.00,0.00,0.00,0.00,0.00,0.00,0.00,0.00,0.00,0.00,0.00,0.00,0.00,0.00,0.00,0.00,0.00,0.00,0.00,0.00,0.00,0.00,0.00,0.00,0.00,0.00,0.00,0.00,0.00,0.00,0.00,0.00,0.24,0.24,0.00,0.00,0.00,0.00,0.00,0.00,0.80,0.00,1.07,0.51,2.80,3.25,3.16,1.95,0.00,0.00,3.38,3.45,3.25,3.82,0.00,2.30,0.00,0.00,1.36,0.50,0.50,0.50,0.50,0.71,1.26,0.00,0.00,1.85,0.26,0.00,0.00,0.00,2.13,0.47,0.00,0.63,0.52,0.00,0.51,0.39,0.00,0.00,2.63,1.99,0.00,0.00,0.00,0.00,0.85,0.95,0.00,0.00,0.00,0.00,0.00,0.00,1.11,1.15,0.68,0.46,0.70,1.87,0.98,0.35,0.77,0.52,1.15,0.00,0.00,0.00,0.00,0.00,0.00,0.00,0.00,0.00,0.00,0.00
950.5,-2.000,7.000,0.000,0.000,0.000,0,0,0.804,0,0.489,0.502,0.469,0.537,1.000,4.26,1.25,1.16,9.95,9.95,4.42,3.22,4.26,4.26,5.51,2.86,0.89,0.95,1.98,1.27,0.16,0.08,2.84,2.84,1.17,1.27,0.00,0.00,4.35,4.35,0.00,0.00,0.40,0.80,2.02,1.98,0.79,0.77,2.73,2.67,0.00,0.00,0.00,0.00,1.42,0.00,2.30,0.00,1.49,0.00,0.00,0.00,0.00,0.00,0.00,0.00,0.00,0.00,0.00,0.00,0.00,0.00,0.00,0.00,0.00,0.00,0.00,0.00,0.00,0.00,0.00,0.00,0.00,0.00,0.00,0.00,0.00,0.00,0.00,0.00,0.00,0.00,0.00,0.00,0.00,0.00,0.00,0.00,0.00,0.00,0.00,0.00,0.00,0.00,0.00,0.00,0.00,0.00,0.00,0.00,35.50,26.28,0.00,0.00,2.56,2.77,12.63,11.91,0.00,0.00,0.00,1.87,0.00,1.52,0.00,0.00,0.46,0.79,0.81,0.81,0.00,3.73,0.00,0.00,0.00,0.00,0.00,0.00,0.00,0.00,0.00,0.00,29.85,29.85,0.00,0.00,0.00,2.60,0.00,0.00,0.00,0.00,0.00,0.00,0.00,0.00,0.00,0.00,0.00,0.00,0.00,0.00,0.00,0.00,0.00,0.00,0.00,0.00,89.55,74.63,179.10,179.10,29.85,89.55,0.00,0.00,0.00,0.00,0.00,0.00,29.85,0.00,0.00,0.00,0.00,0.00,0.00,0.00,0.00,0.00,0.00,29.85,59.70,29.85,0.00,0.00,29.85,0.00,29.85,14.93,59.70,29.85,59.70,59.70,99.50,0.00,0.00,0.00,0.00,0.00,0.00,0.00,0.00,0.00,0.00,0.00,0.00,0.00,0.00,0.00,0.00,0.00,0.00,0.00,0.00,0.00,0.00,0.00,0.00,0.00,0.00,0.00,0.00,0.00,0.00,0.00,0.00,0.00,0.00,0.00,0.00,0.00,0.00,0.00,0.00,0.00,0.00,0.47,0.61,0.00,0.00,0.00,0.00,0.00,0.00,0.40,0.00,1.31,1.23,2.91,3.06,3.02,3.21,0.00,0.00,3.06,2.56,4.06,2.95,0.00,0.00,0.00,6.43,1.36,0.00,0.50,0.50,0.00,1.42,0.42,16.07,23.88,0.62,1.06,0.00,0.00,0.00,1.07,1.90,0.00,1.73,0.95,0.00,0.44,0.79,0.00,0.00,2.63,0.66,0.00,4.26,3.32,0.00,1.03,0.94,0.00,0.00,0.00,0.00,0.00,0.00,0.00,1.15,0.68,0.69,0.70,0.31,0.49,1.05,1.54,0.52,1.15,0.00,0.00,0.00,0.00,0.00,0.00,0.00,0.00,0.00,0.00,0.00
1050.5,-2.000,7.000,0.000,0.000,0.000,0,0,0.804,0,0.270,0.218,0.348,0.224,0.244,0.00,1.21,1.03,4.98,7.46,5.25,5.19,17.06,0.00,5.69,3.30,0.99,0.93,1.26,1.27,0.15,0.13,0.00,1.42,1.17,1.15,0.00,0.00,3.11,4.98,0.00,0.00,1.19,1.19,1.61,1.64,3.14,0.77,2.36,1.87,0.00,0.00,0.00,0.00,5.69,1.42,0.00,3.98,0.00,0.00,0.00,0.00,0.00,0.00,0.00,0.00,0.00,0.00,0.00,0.00,0.00,0.00,0.00,0.00,0.00,0.00,0.00,0.00,0.00,0.00,0.00,0.00,0.00,0.00,0.00,0.00,0.00,0.00,0.00,0.00,0.00,0.00,0.00,0.00,0.00,0.00,0.00,0.00,0.00,0.00,0.00,0.00,0.00,0.00,0.00,0.00,0.00,0.00,0.00,0.00,36.39,28.42,0.00,1.71,2.89,3.00,12.66,12.28,0.00,0.00,2.30,1.87,1.01,1.01,0.00,0.00,0.93,1.09,1.61,0.00,0.00,0.00,0.00,0.00,0.00,0.00,0.00,0.00,0.00,0.00,0.00,0.00,0.00,0.00,0.00,0.00,0.00,1.30,0.00,0.00,0.00,0.00,0.00,0.00,0.00,0.00,0.00,0.00,0.00,0.00,0.00,0.00,0.00,0.00,0.00,0.00,0.00,0.00,0.00,0.00,0.00,0.00,0.00,0.00,0.00,0.00,0.00,0.00,0.00,0.00,29.85,0.00,0.00,0.00,0.00,0.00,0.00,0.00,0.00,0.00,14.93,29.85,0.00,29.85,0.00,0.00,0.00,0.00,0.00,0.00,0.00,0.00,0.00,0.00,0.00,0.00,0.00,0.00,0.00,0.00,0.00,0.00,0.00,0.00,0.00,0.00,0.00,0.00,0.00,0.00,0.00,0.00,0.00,0.00,0.00,0.00,0.00,0.00,0.00,0.00,0.00,0.00,0.00,0.00,0.00,0.00,0.00,0.00,0.00,0.00,0.00,0.00,0.00,0.00,0.00,0.00,0.00,0.00,0.00,0.00,0.00,0.00,0.00,0.00,0.01,0.80,0.31,1.19,0.82,3.01,2.89,2.89,3.77,0.00,0.00,2.87,2.90,3.66,1.56,0.00,0.00,0.00,0.00,0.00,0.00,1.99,0.00,0.00,1.07,0.63,0.00,0.00,0.62,0.53,0.00,4.26,0.00,3.20,0.47,0.00,0.49,0.75,0.00,0.64,0.96,0.00,0.00,4.83,3.98,0.00,0.00,3.32,0.00,0.90,0.88,0.00,0.00,0.00,0.00,0.00,0.00,1.11,0.00,1.13,0.69,0.70,0.93,1.96,1.76,0.77,0.00,0.00,2.30,0.00,0.00,0.00,0.00,0.00,0.00,0.00,0.00,0.00,0.00
1150.5,-2.000,7.000,0.000,0.000,0.000,0,0,0.805,0,0.393,0.392,0.396,0.450,0.046,2.13,1.32,1.20,7.46,12.44,4.56,4.48,8.53,0.00,4.20,4.25,0.59,0.95,1.62,2.17,0.10,0.13,1.42,2.84,0.94,1.50,0.00,0.00,4.35,6.84,0.00,0.00,1.19,1.59,2.07,1.98,1.57,1.53,3.79,3.28,0.00,0.00,0.00,0.00,0.00,0.00,2.30,1.99,1.49,0.00,0.00,0.00,0.00,0.00,0.00,0.00,0.00,0.00,0.00,0.00,0.00,0.00,0.00,0.00,0.00,0.00,0.00,0.00,0.00,0.00,0.00,0.00,0.00,0.00,0.00,0.00,0.00,0.00,0.00,0.00,0.00,0.00,0.00,0.00,0.00,0.00,0.00,0.00,0.00,0.00,0.00,0.00,0.00,0.00,0.00,0.00,0.00,0.00,0.00,0.00,37.27,32.89,0.77,0.85,2.89,3.28,12.27,11.75,0.00,0.00,0.00,1.87,2.02,0.51,0.00,0.00,0.31,0.79,0.81,0.00,0.00,0.00,0.00,0.00,0.00,0.00,29.85,0.00,0.00,0.00,0.00,0.00,29.85,29.85,0.00,0.00,0.00,7.79,0.00,0.00,0.00,0.00,0.00,0.00,0.00,0.00,0.00,0.00,0.00,0.00,0.00,0.00,0.00,0.00,0.00,0.00,0.00,0.00,0.00,0.00,0.00,0.00,0.00,0.00,0.00,0.00,0.00,0.00,0.00,0.00,0.00,0.00,0.00,0.00,0.00,0.00,0.00,0.00,0.00,0.00,0.00,44.78,59.70,59.70,0.00,0.00,0.00,29.85,74.63,14.93,59.70,29.85,59.70,89.55,0.00,0.00,0.00,0.00,0.00,0.00,0.00,0.00,0.00,0.00,0.00,0.00,0.00,0.00,0.00,0.00,0.00,0.00,0.00,0.00,0.00,0.00,0.00,0.00,0.00,0.00,0.00,0.00,0.00,0.00,0.00,0.00,0.00,0.00,0.00,0.00,0.00,0.00,0.00,0.00,0.00,0.00,0.00,0.94,1.09,0.00,0.00,0.00,0.00,0.01,0.00,0.80,0.31,1.66,1.74,2.56,2.67,3.16,2.51,0.00,4.98,3.32,3.25,2.03,2.43,0.00,2.30,0.00,0.92,0.45,0.00,0.50,0.00,1.00,1.42,1.26,6.89,0.00,2.15,1.32,0.00,0.00,0.00,0.00,0.95,0.00,0.72,1.00,0.00,0.51,1.13,0.00,0.00,3.07,5.97,0.00,0.00,3.32,0.00,1.15,1.20,0.00,0.00,0.00,0.00,0.00,0.00,1.11,1.15,1.36,0.93,3.16,2.80,4.89,2.46,0.51,1.05,4.59,3.44,0.00,0.00,0.00,0.00,0.00,0.00,0.00,0.00,0.00,0.00
1250.5,-2.000,7.000,0.000,0.000,0.000,0,0,0.805,0,0.335,0.385,0.259,0.260,0.132,0.00,1.25,1.00,7.46,9.95,4.01,4.34,4.26,0.00,5.08,3.64,1.01,1.14,2.70,2.17,0.17,0.09,1.42,4.26,1.05,0.92,0.00,0.00,2.49,2.49,0.00,0.00,1.99,1.19,1.99,1.95,0.79,0.77,2.31,2.67,0.00,0.00,0.00,0.00,4.26,1.42,0.00,0.00,0.00,0.00,0.00,0.00,0.00,0.00,0.00,0.00,0.00,0.00,0.00,0.00,0.00,0.00,0.00,0.00,0.00,0.00,0.00,0.00,0.00,0.00,0.00,0.00,0.00,0.00,0.00,0.00,0.00,0.00,0.00,0.00,0.00,0.00,0.00,0.00,0.00,0.00,0.00,0.00,0.00,0.00,0.00,0.00,0.00,0.00,0.00,0.00,0.00,0.00,0.00,0.00,39.74,31.28,0.00,1.71,2.80,3.00,13.02,12.78,0.00,0.00,0.00,1.87,1.01,0.00,0.00,0.00,1.70,1.58,0.81,0.00,0.00,0.00,0.00,0.00,9.95,0.00,0.00,0.00,0.00,0.00,0.00,0.00,0.00,29.85,0.00,0.00,0.00,0.00,0.00,0.00,0.00,0.00,0.00,0.00,0.00,0.00,0.00,0.00,0.00,0.00,0.00,0.00,0.00,0.00,0.00,0.00,0.00,0.00,0.00,0.00,0.00,0.00,0.00,0.00,0.00,0.00,0.00,0.00,0.00,0.00,0.00,0.00,0.00,0.00,0.00,0.00,0.00,0.00,0.00,0.00,0.00,0.00,0.00,0.00,0.00,0.00,0.00,0.00,0.00,0.00,0.00,0.00,0.00,29.85,0.00,0.00,0.00,0.00,0.00,0.00,0.00,0.00,0.00,0.00,0.00,0.00,0.00,0.00,0.00,0.00,0.00,0.00,0.00,0.00,0.00,0.00,0.00,0.00,0.00,0.00,0.00,0.00,0.00,0.00,0.00,0.00,0.00,0.00,0.00,0.00,0.00,0.00,0.00,0.00,0.00,0.00,0.00,0.24,0.73,0.00,0.00,0.00,0.00,0.00,0.00,0.00,0.31,0.83,1.54,2.85,3.17,2.63,3.07,0.00,0.00,2.55,3.32,4.26,2.08,0.00,2.30,0.00,2.30,0.45,1.49,0.00,0.50,0.50,0.71,1.68,0.00,2.99,1.23,0.53,0.00,0.00,0.00,2.13,0.00,0.00,0.87,0.85,0.00,0.51,0.73,0.00,0.00,4.39,1.99,0.00,4.26,0.00,0.00,0.98,1.06,0.00,0.00,0.00,0.00,0.00,0.00,3.32,0.00,1.13,0.46,0.70,0.62,0.98,0.00,2.06,1.05,1.15,2.30,0.00,0.00,0.00,0.00,0.00,0.00,0.00,0.00,0.00,0.00
1350.5,-2.000,7.000,0.000,0.000,0.000,0,0,0.805,0,0.419,0.440,0.387,0.478,0.218,2.13,1.64,1.03,12.44,7.46,5.53,3.92,12.79,0.00,5.43,2.00,1.18,1.18,1.98,2.71,0.13,0.09,2.84,1.42,1.05,0.69,0.00,0.00,3.11,7.46,0.00,0.00,0.80,1.19,2.05,1.81,2.36,1.53,2.87,2.57,0.00,0.00,0.00,0.00,1.42,0.00,0.00,1.99,1.49,0.00,14.93,0.00,0.00,0.00,0.00,0.00,0.00,0.00,0.00,0.00,0.00,0.00,0.00,0.00,0.00,0.00,0.00,0.00,0.00,0.00,0.00,0.00,0.00,0.00,0.00,0.00,0.00,0.00,0.00,0.00,0.00,0.00,0.00,0.00,0.00,0.00,0.00,0.00,0.00,0.00,0.00,0.00,0.00,0.00,0.00,0.00,0.00,0.00,0.00,0.00,36.74,28.06,0.77,0.00,2.98,3.14,12.58,12.04,0.00,0.00,4.59,0.00,1.01,0.51,0.00,0.00,0.93,0.99,0.81,0.00,0.00,3.73,0.00,0.00,0.00,9.95,0.00,0.00,0.00,0.00,0.00,0.00,0.00,29.85,0.00,0.00,2.49,1.30,0.00,0.00,0.00,0.00,0.00,0.00,0.00,0.00,0.00,0.00,0.00,0.00,0.00,0.00,0.00,0.00,0.00,0.00,0.00,0.00,0.00,0.00,0.00,0.00,0.00,0.00,0.00,0.00,0.00,0.00,0.00,0.00,59.70,0.00,0.00,0.00,0.00,0.00,0.00,0.00,0.00,0.00,29.85,59.70,89.55,59.70,0.00,0.00,0.00,0.00,44.78,0.00,29.85,29.85,59.70,59.70,0.00,0.00,0.00,0.00,0.00,0.00,0.00,0.00,0.00,0.00,0.00,0.00,0.00,0.00,0.00,0.00,0.00,0.00,0.00,0.00,0.00,0.00,0.00,0.00,0.00,0.00,0.00,0.00,0.00,0.00,0.00,0.00,0.00,0.00,0.00,0.00,0.00,0.00,0.00,0.00,0.00,0.00,0.00,0.47,0.24,0.00,0.00,0.00,0.00,0.00,0.00,0.40,0.31,0.83,1.74,2.94,3.13,2.89,3.63,0.00,0.00,2.81,2.56,2.44,1.74,0.00,0.00,0.00,0.00,0.00,0.00,3.48,0.50,1.99,0.00,0.84,9.18,20.90,0.92,0.53,0.00,0.00,4.98,0.00,1.42,1.47,0.87,1.12,0.00,0.70,0.73,0.00,0.00,2.19,2.65,0.00,0.00,0.00,2.99,0.83,0.95,0.00,0.00,29.85,0.00,0.00,0.00,3.32,0.00,0.90,0.46,1.05,0.62,0.49,1.05,1.03,0.79,2.30,0.00,0.00,0.00,0.00,0.00,0.00,0.00,0.00,0.00,0.00,0.00
1450.5,-2.000,7.000,0.000,0.000,0.000,0,0,0.806,0,0.222,0.212,0.237,0.384,0.588,0.00,1.21,1.06,12.44,14.93,6.22,4.91,17.06,0.00,7.18,3.99,1.01,1.14,1.62,1.63,0.21,0.13,0.00,0.00,1.52,1.50,0.00,0.00,5.60,6.84,0.00,0.00,1.19,1.19,1.97,2.00,1.57,3.06,2.64,2.57,0.00,0.00,0.00,0.00,1.42,0.00,2.30,1.99,1.49,0.00,0.00,0.00,0.00,0.00,0.00,0.00,0.00,0.00,0.00,0.00,0.00,0.00,0.00,0.00,0.00,0.00,0.00,0.00,0.00,0.00,0.00,0.00,0.00,0.00,0.00,0.00,0.00,0.00,0.00,0.00,0.00,0.00,0.00,0.00,0.00,0.00,0.00,0.00,0.00,0.00,0.01,0.00,0.00,0.00,0.00,0.00,0.00,0.00,0.00,0.00,35.68,26.63,0.00,0.85,2.98,3.10,13.02,12.15,7.46,0.00,2.30,5.60,0.51,1.52,0.00,0.00,1.08,0.79,0.81,0.81,7.46,0.00,0.00,0.00,0.00,0.00,0.00,0.00,0.00,0.00,0.00,0.00,0.00,0.00,0.00,0.00,0.00,0.00,0.00,0.00,0.00,0.00,0.00,0.00,0.00,0.00,0.00,0.00,0.00,0.00,0.00,0.00,0.00,0.00,0.00,0.00,0.00,0.00,0.00,0.00,0.00,0.00,0.00,0.00,0.00,0.00,0.00,0.00,0.00,0.00,29.85,0.00,0.00,0.00,0.00,0.00,0.00,0.00,0.00,0.00,0.00,0.00,0.00,0.00,0.00,0.00,0.00,0.00,0.00,0.00,29.85,0.00,0.00,0.00,0.00,0.00,0.00,0.00,0.00,0.00,0.00,0.00,0.00,0.00,0.00,0.00,0.00,0.00,0.00,0.00,0.00,0.00,0.00,0.00,0.00,0.00,0.00,0.00,0.00,0.00,0.00,0.00,0.00,0.00,0.00,0.00,0.00,0.00,0.00,0.00,0.00,0.00,0.00,0.00,0.00,0.00,0.00,0.24,0.12,0.00,0.00,0.00,0.00,0.00,0.00,1.19,0.31,1.31,1.33,3.12,2.93,2.24,3.63,0.00,0.00,2.93,3.39,3.25,3.47,0.00,0.00,0.00,0.00,0.00,0.50,0.00,0.00,0.00,0.71,0.84,0.00,0.00,1.54,1.32,0.00,4.26,0.00,1.07,0.95,0.49,0.78,0.75,0.00,1.08,0.62,0.00,0.00,3.95,3.32,0.00,0.00,0.00,2.99,0.90,1.22,0.00,0.00,0.00,0.00,0.00,0.00,0.00,0.00,0.68,1.16,1.76,1.24,1.47,3.51,1.80,0.52,4.59,2.30,0.00,0.00,0.00,0.00,0.00,0.00,0.00,0.00,0.00,0.00
1550.5,-2.000,7.000,0.000,0.000,0.000,0,0,0.806,0,0.302,0.206,0.447,0.412,1.000,0.00,1.28,1.40,7.46,9.95,4.84,4.76,12.79,0.00,4.03,3.21,1.01,1.14,1.62,2.89,0.14,0.07,1.42,1.42,1.05,1.50,0.00,0.00,2.49,8.08,0.00,0.00,0.00,0.00,2.23,2.29,3.93,0.77,2.87,3.37,0.00,0.00,0.00,0.00,4.26,0.00,0.00,1.99,0.00,0.00,0.00,0.00,0.00,0.00,0.00,0.00,0.00,0.00,0.00,0.00,0.00,0.00,0.00,0.00,0.00,0.00,0.00,0.00,0.00,0.00,0.00,0.00,0.00,0.00,0.00,0.00,0.00,0.00,0.00,0.00,0.00,0.00,0.00,0.00,0.00,0.00,0.00,0.00,0.00,0.00,0.01,0.00,0.00,0.00,0.00,0.00,0.00,0.00,0.00,0.00,41.69,30.74,0.00,0.85,2.93,3.47,12.76,11.88,7.46,0.00,0.00,0.00,1.01,0.00,0.00,0.00,0.93,0.49,1.61,2.42,0.00,3.73,0.00,0.00,0.00,0.00,0.00,0.00,0.00,0.00,0.00,0.00,0.00,0.00,0.00,0.00,2.49,0.00,0.00,0.00,0.00,0.00,0.00,0.00,0.00,0.00,0.00,0.00,0.00,0.00,0.00,0.00,0.00,0.00,0.00,0.00,0.00,0.00,0.00,0.00,89.55,119.40,59.70,0.00,89.55,104.48,0.00,0.00,0.00,0.00,59.70,0.00,0.00,0.00,0.00,0.00,0.00,0.00,0.00,0.00,14.93,44.78,29.85,29.85,0.00,0.00,0.00,59.70,29.85,0.00,59.70,29.85,0.00,0.00,0.00,29.85,29.85,0.00,0.00,0.00,0.00,0.00,29.85,0.00,0.00,0.00,0.00,0.00,0.00,0.00,0.00,0.00,0.00,0.00,0.00,0.00,0.00,0.00,0.00,0.00,0.00,0.00,0.00,0.00,0.00,0.00,0.00,0.00,0.00,0.00,0.00,0.00,0.00,0.00,0.00,0.00,0.00,0.24,0.85,0.00,1.87,0.00,0.00,0.00,0.01,0.80,0.31,1.78,1.54,2.82,2.80,2.50,2.51,4.98,0.00,2.62,3.87,4.87,2.78,2.49,0.00,0.00,0.46,0.45,0.00,4.48,0.50,2.99,0.71,0.21,0.00,0.00,0.00,0.79,4.26,0.00,0.00,2.13,1.90,2.94,1.10,1.27,0.00,0.89,0.79,0.00,14.93,2.63,1.99,0.00,0.00,0.00,0.00,1.25,1.50,0.00,0.00,0.00,0.00,0.00,0.00,1.11,1.15,0.68,0.93,3.16,3.11,1.47,0.70,1.29,2.62,1.15,8.04,7.46,22.39,29.85,0.00,0.00,0.00,0.00,0.00,0.00,0.00
1650.5,-2.000,7.000,0.000,0.000,0.000,0,0,0.807,0,0.429,0.380,0.502,0.554,0.310,0.00,1.57,1.23,9.95,9.95,4.70,5.33,8.53,0.00,6.13,3.12,0.93,1.01,1.80,1.81,0.06,0.10,0.00,0.00,1.17,1.50,0.00,0.00,4.35,3.11,0.00,0.00,1.59,1.19,1.95,1.82,3.14,1.53,3.05,2.53,0.00,0.00,0.00,0.00,0.00,0.00,2.30,1.99,1.49,1.57,0.00,0.00,0.00,0.00,0.00,0.00,0.00,0.00,0.00,0.00,0.00,0.00,0.00,0.00,0.00,0.00,0.00,0.00,0.00,0.00,0.00,0.00,0.00,0.00,0.00,0.00,0.00,0.00,0.00,0.00,0.00,0.00,0.00,0.00,0.00,0.00,0.00,0.00,0.00,0.00,0.00,0.00,0.00,0.00,0.00,0.00,0.00,0.00,0.00,0.00,39.04,28.78,0.00,0.00,2.58,2.86,12.45,11.83,0.00,0.00,2.30,0.00,1.52,1.52,0.00,0.00,1.39,0.99,0.00,0.81,0.00,0.00,0.00,0.00,0.00,0.00,0.00,0.00,0.00,0.00,0.00,0.00,29.85,29.85,0.00,0.00,0.00,1.30,0.00,0.00,0.00,0.00,0.00,0.00,0.00,0.00,0.00,0.00,0.00,0.00,0.00,0.00,0.00,0.00,0.00,0.00,0.00,0.00,0.00,0.00,0.00,0.00,0.00,0.00,0.00,0.00,0.00,0.00,0.00,0.00,0.00,0.00,0.00,0.00,0.00,0.00,0.00,0.00,0.00,0.00,0.00,14.93,29.85,29.85,0.00,0.00,29.85,29.85,74.63,0.00,89.55,29.85,29.85,29.85,0.00,0.00,0.00,0.00,0.00,0.00,0.00,0.00,0.00,0.00,0.00,0.00,0.00,0.00,0.00,0.00,0.00,0.00,0.00,0.00,0.00,0.00,0.00,0.00,0.00,0.00,0.00,0.00,0.00,0.00,0.00,0.00,0.00,0.00,0.00,0.00,0.00,0.00,0.00,0.00,0.00,0.00,0.00,0.12,0.49,0.00,0.00,0.00,0.00,0.00,0.00,0.00,0.00,1.07,1.03,2.53,3.00,3.42,3.91,0.00,0.00,2.74,2.76,2.23,1.91,0.00,0.00,0.00,2.30,0.90,0.00,0.00,1.49,0.50,0.36,1.05,9.18,26.87,0.00,0.26,0.00,0.00,0.00,1.07,0.95,0.98,0.68,0.93,0.00,0.51,0.56,0.00,0.00,3.07,1.99,3.73,0.00,0.00,0.00,1.08,0.91,0.00,0.00,0.00,0.00,0.00,0.00,1.11,0.00,0.68,0.93,0.70,0.62,1.47,2.81,0.77,1.83,2.30,0.00,0.00,0.00,0.00,0.00,0.00,0.00,0.00,0.00,0.00,0.00
1750.5,-2.000,7.000,0.000,0.000,0.000,0,0,0.807,0,0.246,0.282,0.191,0.298,1.000,0.00,1.25,0.96,7.46,9.95,5.53,5.47,4.26,0.00,5.16,3.47,0.97,0.63,1.80,2.17,0.19,0.08,0.00,0.00,1.40,0.81,0.00,0.00,5.60,2.49,0.00,0.00,0.40,2.39,1.72,1.79,1.57,0.77,2.55,2.48,0.00,0.00,0.00,0.00,0.00,0.00,0.00,1.99,0.00,0.00,0.00,0.00,0.00,0.00,0.00,0.00,0.00,0.00,0.00,0.00,0.00,0.00,0.00,0.00,0.00,0.00,0.00,0.00,0.00,0.00,0.00,0.00,0.00,0.00,0.00,0.00,0.00,0.00,0.00,0.00,0.00,0.00,0.00,0.00,0.00,0.00,0.00,0.00,0.00,0.00,0.00,0.00,0.00,0.00,0.00,0.00,0.00,0.00,0.00,0.00,40.63,32.17,1.53,0.00,3.07,2.56,12.48,11.72,0.00,0.00,0.00,0.00,1.52,0.51,0.00,0.00,1.08,0.69,0.81,0.81,0.00,0.00,0.00,0.00,0.00,0.00,0.00,0.00,0.00,0.00,0.00,0.00,0.00,0.00,0.00,0.00,0.00,1.30,0.00,0.00,0.00,0.00,0.00,0.00,0.00,0.00,0.00,0.00,0.00,0.00,0.00,0.00,0.00,0.00,0.00,0.00,0.00,0.00,29.85,44.78,89.55,89.55,0.00,29.85,0.00,0.00,0.00,0.00,0.00,0.00,0.00,0.00,0.00,0.00,0.00,0.00,0.00,0.00,0.00,0.00,0.00,0.00,0.00,0.00,0.00,0.00,0.00,0.00,0.00,0.00,0.00,0.00,0.00,0.00,39.80,0.00,0.00,0.00,0.00,0.00,0.00,0.00,0.00,0.00,0.00,0.00,0.00,0.00,0.00,0.00,0.00,0.00,0.00,0.00,0.00,0.00,0.00,0.00,0.00,0.00,0.00,0.00,0.00,0.00,0.00,0.00,0.00,0.00,0.00,0.00,0.00,0.00,0.00,0.00,0.00,0.00,0.00,0.35,0.00,0.00,0.00,0.00,0.00,0.00,0.00,0.80,1.85,1.66,1.13,3.26,2.65,3.81,2.65,0.00,0.00,2.55,3.04,2.23,2.78,0.00,0.00,0.00,0.46,0.00,0.50,0.50,0.00,1.99,1.07,0.84,0.00,0.00,1.54,1.06,0.00,4.26,0.00,1.07,0.95,0.00,0.78,0.73,0.00,0.83,0.96,0.00,0.00,2.19,3.32,0.00,4.26,0.00,0.00,1.17,1.04,0.00,0.00,0.00,0.00,0.00,0.00,1.11,0.00,0.68,0.46,1.40,0.62,0.49,0.70,0.51,1.31,3.44,4.59,0.00,0.00,0.00,0.00,0.00,0.00,0.00,0.00,0.00,0.00
1850.5,-2.000,7.000,0.000,0.000,0.000,0,0,0.807,0,0.366,0.436,0.261,0.301,0.560,0.00,1.39,0.96,7.46,9.95,4.42,3.22,8.53,4.26,5.08,2.43,0.72,0.97,1.62,1.45,0.12,0.11,1.42,4.26,0.94,1.15,0.00,0.00,5.60,8.71,0.00,0.00,0.80,0.80,2.14,1.93,3.14,0.77,2.45,2.20,0.00,0.00,0.00,0.00,0.00,0.00,0.00,0.00,0.00,0.00,0.00,0.00,0.00,0.00,0.00,0.00,0.00,0.00,0.00,0.00,0.00,0.00,0.00,0.00,0.00,0.00,0.00,0.00,0.00,0.00,0.00,0.00,0.00,0.00,0.00,0.00,0.00,0.00,0.00,0.00,0.00,0.00,0.00,0.00,0.00,0.00,0.00,0.00,0.00,0.00,0.00,0.00,0.00,0.00,0.00,0.00,0.00,0.00,0.00,0.00,44.16,28.96,1.53,1.71,2.76,2.63,12.92,12.17,0.00,14.93,0.00,0.00,0.00,1.01,0.00,0.00,0.77,0.59,0.81,1.61,0.00,0.00,0.00,0.00,0.00,0.00,0.00,0.00,0.00,0.00,0.00,0.00,29.85,29.85,0.00,0.00,2.49,0.00,0.00,0.00,0.00,0.00,0.00,0.00,0.00,0.00,0.00,0.00,0.00,0.00,0.00,0.00,0.00,0.00,0.00,0.00,0.00,0.00,0.00,0.00,0.00,0.00,0.00,0.00,0.00,0.00,0.00,0.00,0.00,0.00,29.85,0.00,0.00,0.00,0.00,0.00,0.00,0.00,0.00,0.00,0.00,0.00,0.00,29.85,0.00,0.00,0.00,0.00,0.00,0.00,0.00,0.00,0.00,29.85,0.00,0.00,0.00,0.00,0.00,0.00,0.00,0.00,0.00,0.00,0.00,0.00,0.00,0.00,0.00,0.00,0.00,0.00,0.00,0.00,0.00,0.00,0.00,0.00,0.00,0.00,0.00,0.00,0.00,0.00,0.00,0.00,0.00,0.00,0.00,0.00,0.00,0.00,0.00,0.00,0.00,0.00,0.00,0.35,0.24,0.00,0.00,0.00,0.00,0.00,0.00,0.00,0.31,0.71,1.23,3.08,2.93,2.24,3.49,0.00,0.00,2.55,3.11,2.84,2.08,0.00,2.30,0.00,0.00,0.00,0.00,0.00,0.00,0.00,0.71,0.63,6.89,2.99,1.23,1.58,4.26,0.00,0.00,2.13,0.47,0.00,0.53,0.77,0.00,0.32,0.51,0.00,0.00,3.51,3.32,0.00,0.00,0.00,0.00,1.09,1.10,0.00,0.00,0.00,14.93,0.00,0.00,1.11,2.30,0.90,0.46,1.40,0.93,2.45,2.46,0.51,0.26,1.15,2.30,0.00,0.00,0.00,0.00,0.00,0.00,0.00,0.00,0.00,0.00
1950.5,-2.000,7.000,0.000,0.000,0.000,0,0,0.808,0,0.196,0.205,0.183,0.221,1.000,2.13,1.14,0.93,9.95,7.46,5.67,4.76,17.06,4.26,6.57,3.47,0.78,0.89,2.34,1.27,0.17,0.07,0.00,0.00,0.94,1.04,0.00,0.00,3.11,4.98,0.00,0.00,1.59,1.19,1.64,1.75,0.00,1.53,2.78,2.62,0.00,0.00,0.00,0.00,0.00,2.84,0.00,0.00,1.49,0.00,0.00,0.00,0.00,0.00,0.00,0.00,0.00,0.00,0.00,0.00,0.00,0.00,0.00,0.00,0.00,0.00,0.00,0.00,0.00,0.00,0.00,0.00,0.00,0.00,0.00,0.00,0.00,0.00,0.00,0.00,0.00,0.00,0.00,0.00,0.00,0.00,0.00,0.00,0.00,0.00,0.00,0.00,0.00,0.00,0.00,0.00,0.00,0.00,0.00,0.00,41.86,32.00,0.00,3.41,2.65,2.75,12.92,11.91,0.00,0.00,0.00,1.87,1.52,0.00,0.00,0.00,1.08,0.69,0.00,0.81,0.00,0.00,0.00,0.00,0.00,0.00,0.00,0.00,0.00,0.00,0.00,0.00,29.85,29.85,0.00,0.00,0.00,1.30,0.00,0.00,0.00,0.00,0.00,0.00,0.00,0.00,0.00,0.00,0.00,0.00,0.00,0.00,0.00,0.00,0.00,0.00,0.00,0.00,0.00,0.00,59.70,59.70,59.70,0.00,89.55,74.63,0.00,0.00,0.00,0.00,29.85,0.00,0.00,0.00,0.00,0.00,0.00,0.00,0.00,0.00,0.00,0.00,0.00,0.00,0.00,0.00,0.00,0.00,0.00,0.00,0.00,0.00,0.00,0.00,0.00,0.00,0.00,0.00,0.00,0.00,0.00,0.00,0.00,0.00,0.00,0.00,0.00,0.00,0.00,0.00,0.00,0.00,0.00,0.00,0.00,0.00,0.00,0.00,0.00,0.00,0.00,0.00,0.00,0.00,0.00,0.00,0.00,0.00,0.00,0.00,0.00,0.00,0.00,0.00,0.00,0.00,0.00,0.47,0.36,0.00,0.00,0.00,0.00,0.00,0.00,0.40,0.62,1.19,0.92,3.20,2.81,3.42,3.91,4.98,0.00,4.40,3.80,3.86,2.26,0.00,0.00,0.00,0.00,0.00,0.50,0.50,0.00,1.49,0.71,1.26,0.00,14.93,0.92,1.58,0.00,0.00,9.95,0.00,0.00,1.47,0.51,1.20,0.00,0.51,0.79,0.00,0.00,5.27,2.65,0.00,0.00,0.00,0.00,1.05,1.23,0.00,0.00,0.00,14.93,0.00,0.00,0.00,0.00,0.90,1.62,2.11,1.55,0.49,1.05,0.26,0.52,2.30,2.30,0.00,0.00,0.00,0.00,0.00,0.00,0.00,0.00,0.00,0.00
2050.5,-2.000,7.000,0.000,0.000,0.000,0,0,0.808,0,0.053,0.039,0.076,0.235,1.000,4.26,1.50,1.03,12.44,9.95,7.05,4.20,12.79,0.00,6.48,3.64,0.89,0.95,2.52,1.81,0.14,0.17,2.84,0.00,0.82,1.04,0.00,29.85,6.84,7.46,0.00,0.00,0.00,1.19,2.01,1.81,1.57,0.77,2.13,1.73,29.85,0.00,0.00,0.00,0.00,0.00,2.30,3.98,0.00,0.00,0.00,0.00,0.00,0.00,0.00,0.00,0.00,0.00,0.00,0.00,0.00,0.00,0.00,0.00,0.00,0.00,0.00,0.00,0.00,0.00,0.00,0.00,0.00,0.00,0.00,0.00,0.00,0.00,0.00,0.00,0.00,0.00,0.00,0.00,0.00,0.00,0.00,0.00,0.00,0.00,0.00,0.00,0.00,0.00,0.00,0.00,0.00,0.00,0.00,0.00,41.16,29.14,2.30,1.71,2.96,3.00,12.37,11.43,0.00,0.00,0.00,0.00,1.01,0.51,0.00,0.00,0.77,0.59,2.42,0.00,0.00,0.00,0.00,0.00,0.00,0.00,0.00,0.00,0.00,0.00,0.00,0.00,0.00,29.85,0.00,0.00,0.00,0.00,0.00,0.00,0.00,0.00,0.00,0.00,0.00,0.00,0.00,0.00,0.00,0.00,0.00,0.00,0.00,0.00,0.00,0.00,0.00,0.00,29.85,14.93,208.96,208.96,89.55,89.55,44.78,44.78,0.00,0.00,0.00,0.00,29.85,0.00,0.00,0.00,0.00,0.00,0.00,0.00,0.00,0.00,0.00,0.00,0.00,0.00,0.00,0.00,0.00,0.00,0.00,0.00,0.00,0.00,0.00,0.00,29.85,0.00,0.00,0.00,0.00,0.00,0.00,0.00,0.00,0.00,0.00,0.00,0.00,0.00,0.00,0.00,0.00,0.00,0.00,0.00,0.00,0.00,0.00,0.00,0.00,0.00,0.00,0.00,0.00,0.00,0.00,0.00,0.00,0.00,0.00,0.00,0.00,0.00,0.00,0.00,0.00,0.00,0.00,0.59,0.36,0.00,0.00,0.00,0.00,0.00,0.00,2.39,0.62,1.66,0.92,3.27,2.89,2.24,2.37,0.00,0.00,2.55,2.97,2.84,2.95,0.00,0.00,0.00,0.00,0.00,0.00,0.00,0.50,0.00,0.71,0.63,0.00,0.00,1.23,0.79,0.00,0.00,9.95,0.00,0.47,0.49,0.63,0.54,0.00,0.70,0.51,0.00,0.00,3.07,1.33,0.00,0.00,3.32,0.00,1.04,1.06,0.00,0.00,0.00,0.00,0.00,0.00,3.32,1.15,1.81,0.00,0.35,1.24,1.47,1.05,0.77,1.05,1.15,0.00,0.00,0.00,0.00,0.00,0.00,0.00,0.00,0.00,0.00,0.00
2150.5,-2.000,7.000,0.000,0.000,0.000,0,0,0.809,0,0.181,0.183,0.178,0.432,0.697,2.13,1.64,1.06,14.93,12.44,4.15,4.20,17.06,0.00,5.87,2.95,0.99,0.82,1.80,3.08,0.10,0.15,2.84,1.42,1.29,0.69,0.00,0.00,3.73,6.22,0.00,0.00,1.19,1.19,2.05,1.93,1.57,1.53,2.50,2.11,0.00,0.00,0.00,0.00,1.42,0.00,0.00,0.00,1.49,1.57,0.00,0.00,0.00,0.00,0.00,0.00,0.00,0.00,0.00,0.00,0.00,0.00,0.00,0.00,0.00,0.00,0.00,0.00,0.00,0.00,0.00,0.00,0.00,0.00,0.00,0.00,0.00,0.00,0.00,0.00,0.00,0.00,0.00,0.00,0.00,0.00,0.00,0.00,0.00,0.00,0.00,0.00,0.00,0.00,0.00,0.00,0.00,0.00,0.00,0.00,42.04,29.67,0.00,0.85,3.53,2.82,12.61,12.54,0.00,0.00,0.00,1.87,0.51,1.01,0.00,0.00,0.46,1.09,0.00,0.00,0.00,0.00,0.00,0.00,0.00,0.00,0.00,0.00,0.00,0.00,0.00,0.00,0.00,59.70,0.00,0.00,1.24,1.30,0.00,0.00,0.00,0.00,0.00,0.00,0.00,0.00,0.00,0.00,0.00,0.00,0.00,0.00,0.00,0.00,0.00,0.00,0.00,0.00,0.00,0.00,0.00,0.00,0.00,0.00,29.85,29.85,0.00,0.00,0.00,0.00,0.00,0.00,0.00,0.00,0.00,0.00,0.00,0.00,0.00,0.00,0.00,0.00,0.00,0.00,0.00,0.00,0.00,0.00,29.85,0.00,59.70,0.00,0.00,0.00,0.00,0.00,0.00,9.95,0.00,0.00,0.00,29.85,0.00,0.00,0.00,0.00,0.00,0.00,0.00,0.00,0.00,0.00,0.00,0.00,0.00,0.00,0.00,0.00,0.00,0.00,0.00,0.00,0.00,0.00,0.00,0.00,0.00,0.00,0.00,0.00,0.00,0.00,0.00,0.00,0.00,0.00,0.00,0.24,0.36,0.00,0.00,0.00,0.00,0.00,0.00,0.40,0.62,1.07,0.82,2.74,2.71,3.42,4.18,0.00,0.00,2.81,3.32,3.25,3.30,0.00,2.30,0.00,0.46,0.00,0.00,0.00,0.00,0.00,1.42,0.63,9.18,0.00,0.92,0.53,4.26,0.00,0.00,1.07,0.00,0.00,0.85,0.73,0.00,0.38,0.84,29.85,0.00,1.76,1.99,0.00,0.00,0.00,2.99,1.00,1.11,0.00,0.00,0.00,0.00,0.00,0.00,0.00,1.15,1.13,0.46,1.40,0.93,1.47,1.40,0.77,1.31,0.00,1.15,0.00,0.00,0.00,0.00,0.00,0.00,0.00,0.00,0.00,0.00
2250.5,-2.000,7.000,0.000,0.000,0.000,0,0,0.809,0,0.181,0.163,0.208,0.210,0.344,2.13,1.18,0.93,9.95,7.46,4.28,3.78,12.79,0.00,6.57,2.34,1.18,1.35,3.06,1.45,0.16,0.06,1.42,0.00,0.82,1.04,0.00,0.00,4.35,2.49,0.00,0.00,0.80,0.00,1.60,1.47,2.36,3.83,1.85,1.64,0.00,0.00,0.00,0.00,2.84,0.00,2.30,0.00,0.00,0.00,0.00,0.00,0.00,0.00,0.00,0.00,0.00,0.00,0.00,0.00,0.00,0.00,0.00,0.00,0.00,0.00,0.00,0.00,0.00,0.00,0.00,0.00,0.00,0.00,0.00,0.00,0.00,0.00,0.00,0.00,0.00,0.00,0.00,0.00,0.00,0.00,0.00,0.00,0.00,0.00,0.00,0.00,0.00,0.00,0.00,0.00,0.00,0.00,0.00,0.00,38.33,29.85,1.53,0.00,3.00,2.40,12.56,11.83,0.00,0.00,0.00,0.00,2.02,0.00,0.00,0.00,0.93,0.59,0.00,1.61,0.00,0.00,0.00,0.00,0.00,0.00,0.00,0.00,0.00,0.00,0.00,0.00,29.85,29.85,0.00,0.00,0.00,1.30,0.00,0.00,0.00,0.00,0.00,0.00,0.00,0.00,0.00,0.00,0.00,0.00,0.00,0.00,0.00,0.00,0.00,0.00,0.00,0.00,0.00,0.00,0.00,0.00,0.00,0.00,29.85,29.85,0.00,0.00,0.00,0.00,29.85,0.00,0.00,0.00,0.00,0.00,0.00,0.00,0.00,0.00,0.00,0.00,0.00,0.00,0.00,0.00,0.00,0.00,0.00,0.00,0.00,0.00,0.00,0.00,0.00,0.00,0.00,0.00,0.00,0.00,0.00,0.00,0.00,0.00,0.00,0.00,0.00,0.00,0.00,0.00,0.00,0.00,0.00,0.00,0.00,0.00,0.00,0.00,0.00,0.00,0.00,0.00,0.00,0.00,0.00,0.00,0.00,0.00,0.00,0.00,0.00,0.00,0.00,0.00,0.00,0.00,0.00,0.47,0.12,1.61,0.00,0.00,0.00,0.00,0.00,0.80,0.00,0.95,0.41,3.13,3.22,2.89,2.79,4.98,0.00,3.95,2.69,2.03,2.08,0.00,0.00,0.00,0.00,1.81,1.49,0.50,0.00,0.00,1.42,0.42,2.30,0.00,0.62,1.06,0.00,0.00,0.00,0.00,0.47,0.98,0.61,0.71,14.93,0.64,0.62,0.00,0.00,3.07,3.32,0.00,0.00,3.32,0.00,0.82,0.90,0.00,0.00,0.00,0.00,0.00,0.00,0.00,0.00,0.45,1.39,1.05,1.55,1.47,0.35,0.51,0.52,0.00,0.00,0.00,0.00,0.00,0.00,0.00,0.00,0.00,0.00,0.00,0.00
2350.5,-2.000,7.000,0.000,0.000,0.000,0,0,0.809,0,0.425,0.461,0.371,0.620,0.065,0.00,1.32,0.96,12.44,9.95,4.42,3.64,12.79,0.00,5.95,2.69,0.91,1.03,0.72,2.71,0.13,0.13,0.00,1.42,1.64,0.58,0.00,0.00,4.35,8.08,0.00,0.00,1.19,0.80,1.87,1.79,4.71,2.30,2.64,2.29,0.00,0.00,9.95,0.00,4.26,1.42,0.00,0.00,0.00,0.00,0.00,0.00,0.00,0.00,0.00,0.00,0.00,0.00,0.00,0.00,0.00,0.00,0.00,0.00,0.00,0.00,0.00,0.00,0.00,0.00,0.00,0.00,0.00,0.00,0.00,0.00,0.00,0.00,0.00,0.00,0.00,0.00,0.00,0.00,0.00,0.00,0.00,0.00,0.00,0.00,0.00,0.00,0.00,0.00,0.00,0.00,0.00,0.00,0.00,0.00,36.92,30.21,0.77,0.00,2.58,2.93,12.56,12.57,0.00,0.00,2.30,3.73,1.01,1.52,0.00,0.00,0.62,0.99,0.81,0.00,0.00,0.00,0.00,0.00,0.00,0.00,0.00,0.00,0.00,0.00,0.00,0.00,29.85,29.85,0.00,0.00,1.24,2.60,0.00,0.00,0.00,0.00,0.00,0.00,0.00,0.00,0.00,0.00,0.00,0.00,0.00,0.00,0.00,0.00,0.00,0.00,0.00,0.00,0.00,0.00,0.00,0.00,0.00,0.00,0.00,0.00,0.00,0.00,0.00,0.00,29.85,0.00,0.00,0.00,0.00,0.00,0.00,0.00,0.00,0.00,0.00,29.85,29.85,29.85,0.00,0.00,0.00,0.00,89.55,29.85,119.40,59.70,29.85,59.70,0.00,0.00,0.00,0.00,29.85,0.00,0.00,0.00,0.00,0.00,0.00,0.00,0.00,0.00,0.00,0.00,0.00,0.00,0.00,0.00,0.00,0.00,0.00,0.00,0.00,0.00,0.00,0.00,0.00,0.00,0.00,0.00,0.00,0.00,0.00,0.00,0.00,0.00,0.00,0.00,0.00,0.00,0.00,0.35,0.36,0.00,0.00,0.00,0.00,0.00,0.00,0.40,0.62,0.71,1.13,2.96,2.67,1.58,3.21,0.00,0.00,3.13,2.69,3.25,2.95,0.00,0.00,0.00,2.30,0.45,0.00,1.00,0.50,0.00,0.71,0.84,16.07,11.94,1.54,0.26,8.53,0.00,0.00,1.07,0.00,0.00,0.85,1.08,0.00,0.64,0.96,0.00,0.00,1.76,1.33,0.00,0.00,3.32,0.00,1.04,0.94,0.00,0.00,0.00,0.00,0.00,0.00,0.00,0.00,0.45,1.85,1.76,0.62,2.45,0.70,0.51,0.26,1.15,0.00,0.00,0.00,0.00,0.00,0.00,0.00,0.00,0.00,0.00,0.00
2450.5,-2.000,7.000,0.000,0.000,0.000,0,0,0.810,0,0.539,0.589,0.465,0.543,0.364,0.00,1.25,1.23,4.98,9.95,5.25,5.33,17.06,4.26,4.90,3.30,0.89,0.91,1.80,1.09,0.16,0.08,1.42,1.42,1.17,1.38,0.00,0.00,4.35,3.73,0.00,0.00,1.19,1.19,1.79,1.84,3.93,2.30,2.50,1.54,0.00,0.00,0.00,0.00,0.00,1.42,0.00,1.99,0.00,0.00,0.00,0.00,0.00,0.00,0.00,0.00,0.00,0.00,0.00,0.00,0.00,0.00,0.00,0.00,0.00,0.00,0.00,0.00,0.00,0.00,0.00,0.00,0.00,0.00,0.00,0.00,0.00,0.00,0.00,0.00,0.00,0.00,0.00,0.00,0.00,0.00,0.00,0.00,0.00,0.00,0.00,0.00,0.00,0.00,0.00,0.00,0.00,0.00,0.00,0.00,37.62,28.60,1.53,0.85,3.07,2.70,12.35,12.30,0.00,0.00,0.00,1.87,0.51,0.51,0.00,0.00,1.08,1.09,2.42,0.81,7.46,3.73,0.00,0.00,0.00,0.00,0.00,0.00,0.00,0.00,0.00,0.00,29.85,29.85,0.00,0.00,1.24,1.30,0.00,0.00,0.00,0.00,0.00,0.00,0.00,0.00,0.00,0.00,0.00,0.00,0.00,0.00,0.00,0.00,0.00,0.00,0.00,0.00,0.00,0.00,0.00,0.00,0.00,0.00,0.00,0.00,0.00,0.00,0.00,0.00,29.85,0.00,0.00,0.00,0.00,0.00,0.00,0.00,0.00,0.00,0.00,29.85,29.85,29.85,0.00,0.00,0.00,29.85,0.00,0.00,29.85,0.00,29.85,29.85,0.00,0.00,0.00,0.00,0.00,0.00,0.00,0.00,0.00,0.00,0.00,0.00,0.00,0.00,0.00,0.00,0.00,0.00,0.00,0.00,0.00,0.00,0.00,0.00,0.00,0.00,0.00,0.00,0.00,0.00,0.00,0.00,0.00,0.00,0.00,0.00,0.00,0.00,0.00,0.00,0.00,0.00,0.00,0.24,0.36,0.00,0.00,0.00,0.00,0.00,0.00,2.39,0.00,0.83,1.33,2.91,2.98,4.34,3.07,0.00,0.00,2.87,2.69,4.26,2.60,0.00,0.00,0.00,3.67,0.90,1.00,2.99,1.99,1.99,0.36,1.05,0.00,11.94,0.92,0.53,0.00,0.00,0.00,2.13,0.95,0.00,0.74,0.89,0.00,0.32,0.90,0.00,0.00,0.88,5.97,0.00,0.00,3.32,2.99,1.27,1.18,0.00,0.00,0.00,0.00,0.00,0.00,3.32,0.00,0.00,1.16,0.35,0.00,1.96,0.70,2.06,1.05,0.00,0.00,0.00,0.00,0.00,0.00,0.00,0.00,0.00,0.00,0.00,0.00
2550.5,-2.000,7.000,0.000,0.000,0.000,0,0,0.810,0,0.243,0.158,0.370,0.314,0.351,0.00,1.39,0.93,7.46,9.95,4.56,4.91,17.06,0.00,5.60,3.30,0.70,0.80,2.16,1.45,0.08,0.09,2.84,4.26,1.17,1.04,0.00,0.00,1.87,3.73,0.00,0.00,0.80,0.40,1.89,1.57,2.36,4.59,3.24,2.57,0.00,0.00,0.00,9.95,0.00,0.00,2.30,0.00,1.49,3.14,0.00,0.00,0.00,0.00,0.00,0.00,0.00,0.00,0.00,0.00,0.00,0.00,0.00,0.00,0.00,0.00,0.00,0.00,0.00,0.00,0.00,0.00,0.00,0.00,0.00,0.00,0.00,0.00,0.00,0.00,0.00,0.00,0.00,0.00,0.00,0.00,0.00,0.00,0.00,0.00,0.00,0.00,0.00,0.00,0.00,0.00,0.00,0.00,0.00,0.00,41.33,30.57,0.00,0.85,2.78,3.40,12.19,12.25,0.00,0.00,0.00,3.73,1.52,1.52,0.00,0.00,0.77,0.69,0.00,1.61,0.00,0.00,0.00,0.00,0.00,0.00,0.00,0.00,0.00,0.00,0.00,0.00,0.00,0.00,0.00,0.00,1.24,2.60,0.00,0.00,0.00,0.00,0.00,0.00,0.00,0.00,0.00,0.00,0.00,0.00,0.00,0.00,0.00,0.00,0.00,0.00,0.00,0.00,0.00,0.00,0.00,0.00,0.00,0.00,29.85,29.85,0.00,0.00,0.00,0.00,29.85,0.00,0.00,0.00,0.00,0.00,0.00,0.00,0.00,0.00,0.00,29.85,0.00,0.00,29.85,29.85,0.00,29.85,29.85,0.00,29.85,0.00,0.00,0.00,0.00,0.00,0.00,9.95,0.00,0.00,0.00,0.00,0.00,0.00,0.00,0.00,0.00,0.00,0.00,0.00,0.00,0.00,0.00,0.00,0.00,0.00,0.00,0.00,0.00,0.00,0.00,0.00,0.00,0.00,0.00,0.00,0.00,0.00,0.00,0.00,0.00,0.00,0.00,0.00,0.00,0.00,0.00,0.59,0.61,0.00,0.00,0.00,0.00,0.00,0.01,0.40,0.31,0.71,0.62,2.89,2.80,2.37,2.93,0.00,0.00,3.00,3.25,2.64,3.99,0.00,2.30,0.00,0.00,0.45,0.00,2.99,0.00,0.00,0.36,0.63,0.00,0.00,1.23,0.26,8.53,4.26,0.00,2.13,0.95,0.00,0.89,0.73,0.00,0.83,0.39,0.00,0.00,2.19,2.65,0.00,0.00,0.00,0.00,1.00,1.05,0.00,0.00,0.00,0.00,0.00,0.00,1.11,2.30,0.90,0.46,1.05,2.49,2.94,2.81,0.51,1.05,1.15,0.00,0.00,0.00,0.00,0.00,0.00,0.00,0.00,0.00,0.00,0.00
2650.5,-2.000,7.000,0.000,0.000,0.000,0,0,0.811,0,0.128,0.112,0.152,0.188,0.305,2.13,1.60,0.90,12.44,12.44,5.39,4.34,17.06,0.00,5.87,3.04,0.84,1.06,3.42,1.27,0.09,0.15,0.00,0.00,1.29,1.27,0.00,0.00,1.87,6.22,0.00,0.00,0.80,1.99,2.08,2.06,1.57,0.00,2.36,3.28,0.00,0.00,0.00,0.00,0.00,2.84,2.30,1.99,0.00,0.00,0.00,0.00,0.00,0.00,0.00,0.00,0.00,0.00,0.00,0.00,0.00,0.00,0.00,0.00,0.00,0.00,0.00,0.00,0.00,0.00,0.00,0.00,0.00,0.00,0.00,0.00,0.00,0.00,0.00,0.00,0.00,0.00,0.00,0.00,0.00,0.00,0.00,0.00,0.00,0.00,0.01,0.01,0.00,0.00,0.00,0.00,0.00,0.00,0.00,0.00,43.63,30.39,1.53,1.71,2.72,2.68,12.79,11.65,7.46,0.00,0.00,0.00,1.01,0.00,0.00,0.00,1.08,0.99,0.81,0.00,0.00,0.00,0.00,0.00,0.00,0.00,0.00,0.00,0.00,0.00,0.00,0.00,0.00,59.70,0.00,0.00,0.00,1.30,0.00,0.00,0.00,0.00,0.00,0.00,0.00,0.00,0.00,0.00,0.00,0.00,0.00,0.00,0.00,0.00,0.00,0.00,0.00,0.00,0.00,0.00,0.00,0.00,0.00,0.00,0.00,0.00,0.00,0.00,0.00,0.00,29.85,0.00,0.00,0.00,0.00,0.00,0.00,0.00,0.00,0.00,0.00,0.00,0.00,0.00,0.00,0.00,0.00,0.00,0.00,0.00,0.00,0.00,0.00,0.00,0.00,0.00,0.00,0.00,0.00,0.00,0.00,0.00,0.00,0.00,0.00,0.00,0.00,0.00,0.00,0.00,0.00,0.00,0.00,0.00,0.00,0.00,0.00,0.00,0.00,0.00,0.00,0.00,0.00,0.00,0.00,0.00,0.00,0.00,0.00,0.00,0.00,0.00,0.00,0.00,0.00,0.00,0.00,0.47,1.21,0.00,0.00,0.00,0.00,0.00,0.00,1.19,1.54,1.55,0.72,2.82,2.81,2.89,2.23,0.00,0.00,2.62,3.18,4.06,1.56,0.00,0.00,0.00,0.46,0.00,1.00,1.99,1.00,0.00,1.07,0.84,0.00,0.00,0.92,1.32,0.00,0.00,0.00,0.00,0.47,0.98,0.47,0.79,0.00,1.08,0.62,0.00,0.00,0.88,2.65,0.00,0.00,0.00,2.99,0.98,0.87,0.00,0.00,0.00,0.00,0.00,0.00,1.11,0.00,1.58,1.62,0.70,1.24,1.96,0.70,1.54,1.05,0.00,0.00,0.00,0.00,0.00,0.00,0.00,0.00,0.00,0.00,0.00,0.00
2750.5,-2.000,7.000,0.000,0.000,0.000,0,0,0.811,0,0.193,0.103,0.328,0.418,0.500,0.00,1.75,1.03,7.46,9.95,5.67,4.48,17.06,4.26,5.69,2.86,1.01,1.03,1.98,2.71,0.15,0.11,1.42,4.26,1.40,1.38,0.00,0.00,5.60,9.33,0.00,0.00,2.79,1.19,1.78,1.71,2.36,0.00,2.96,2.06,0.00,0.00,0.00,9.95,0.00,0.00,0.00,0.00,2.99,0.00,0.00,0.00,0.00,0.00,0.00,0.00,0.00,0.00,0.00,0.00,0.00,0.00,0.00,0.00,0.00,0.00,0.00,0.00,0.00,0.00,0.00,0.00,0.00,0.00,0.00,0.00,0.00,0.00,0.00,0.00,0.00,0.00,0.00,0.00,0.00,0.00,0.00,0.00,0.00,0.00,0.00,0.00,0.00,0.00,0.00,0.00,0.00,0.00,0.00,0.00,43.45,30.03,0.00,2.56,2.93,2.77,13.75,11.94,0.00,0.00,2.30,0.00,1.01,0.51,0.00,0.00,1.24,0.99,2.42,0.00,0.00,0.00,0.00,0.00,0.00,0.00,0.00,0.00,0.00,0.00,0.00,0.00,0.00,29.85,0.00,0.00,1.24,0.00,0.00,0.00,0.00,0.00,0.00,0.00,0.00,0.00,0.00,0.00,0.00,0.00,0.00,0.00,0.00,0.00,0.00,0.00,0.00,0.00,0.00,0.00,0.00,0.00,0.00,0.00,0.00,0.00,0.00,0.00,0.00,0.00,0.00,0.00,0.00,0.00,0.00,0.00,14.93,0.00,0.00,0.00,0.00,14.93,0.00,0.00,0.00,0.00,0.00,29.85,29.85,0.00,59.70,0.00,0.00,0.00,0.00,0.00,0.00,0.00,0.00,0.00,0.00,0.00,0.00,0.00,0.00,0.00,0.00,0.00,0.00,0.00,0.00,0.00,0.00,0.00,0.00,0.00,0.00,0.00,0.00,0.00,0.00,0.00,0.00,0.00,0.00,0.00,0.00,0.00,0.00,0.00,0.00,0.00,0.00,0.00,0.00,0.00,0.00,0.24,0.24,0.00,0.00,0.00,0.00,0.00,0.00,0.40,0.92,0.83,0.72,2.65,2.96,2.37,3.07,0.00,4.98,3.51,3.73,2.44,3.99,0.00,0.00,0.00,0.46,0.00,1.99,0.00,3.48,2.49,1.78,1.05,4.59,0.00,1.23,0.79,0.00,0.00,0.00,0.00,1.42,0.98,1.22,0.81,0.00,0.76,0.96,0.00,0.00,3.07,0.00,0.00,0.00,6.63,0.00,0.95,1.06,0.00,0.00,0.00,0.00,0.00,0.00,0.00,2.30,0.00,1.16,1.76,1.87,1.47,1.05,1.80,1.57,3.44,5.74,0.00,0.00,0.00,0.00,0.00,0.00,0.00,0.00,0.00,0.00
2850.5,-2.000,7.000,0.000,0.000,0.000,0,0,0.811,0,0.277,0.257,0.306,0.263,1.000,0.00,1.00,1.03,7.46,12.44,4.28,3.36,17.06,4.26,5.95,2.52,1.01,0.99,1.44,0.72,0.13,0.08,0.00,4.26,1.29,0.81,0.00,0.00,4.35,4.35,0.00,0.00,0.40,0.80,1.68,1.76,2.36,2.30,1.53,1.31,0.00,0.00,0.00,0.00,0.00,0.00,2.30,0.00,0.00,0.00,0.00,0.00,0.00,0.00,0.00,0.00,0.00,0.00,0.00,0.00,0.00,0.00,0.00,0.00,0.00,0.00,0.00,0.00,0.00,0.00,0.00,0.00,0.00,0.00,0.00,0.00,0.00,0.00,0.00,0.00,0.00,0.00,0.00,0.00,0.00,0.00,0.00,0.00,0.00,0.00,0.00,0.00,0.00,0.00,0.00,0.00,0.00,0.00,0.00,0.00,37.27,26.63,0.00,0.85,3.15,2.80,12.97,11.94,0.00,0.00,0.00,0.00,1.01,0.51,0.00,0.00,0.77,1.48,0.00,0.00,14.93,0.00,0.00,0.00,0.00,0.00,0.00,0.00,0.00,0.00,0.00,0.00,0.00,0.00,0.00,0.00,0.00,0.00,0.00,0.00,0.00,0.00,0.00,0.00,0.00,0.00,0.00,0.00,0.00,0.00,0.00,0.00,0.00,0.00,0.00,0.00,0.00,0.00,59.70,44.78,208.96,208.96,29.85,89.55,0.00,0.00,0.00,0.00,0.00,0.00,29.85,0.00,0.00,0.00,0.00,0.00,0.00,0.00,0.00,0.00,0.00,0.00,29.85,0.00,0.00,0.00,0.00,0.00,0.00,0.00,0.00,0.00,0.00,0.00,59.70,0.00,0.00,0.00,0.00,0.00,0.00,0.00,0.00,0.00,0.00,0.00,0.00,0.00,0.00,0.00,0.00,0.00,0.00,0.00,0.00,0.00,0.00,0.00,0.00,0.00,0.00,0.00,0.00,0.00,0.00,0.00,0.00,0.00,0.00,0.00,0.00,0.00,0.00,0.00,0.00,0.00,0.00,0.00,0.00,0.00,0.00,0.00,0.00,0.00,0.00,0.80,0.62,0.83,1.33,2.63,3.10,3.55,2.51,0.00,4.98,2.74,3.18,2.44,3.64,2.49,0.00,0.00,2.30,0.00,1.49,1.00,0.00,1.00,1.42,1.05,4.59,11.94,0.00,1.85,0.00,4.26,4.98,0.00,0.00,0.49,0.47,0.68,0.00,0.76,0.62,0.00,0.00,2.63,2.65,0.00,4.26,0.00,2.99,1.06,0.87,0.00,0.00,0.00,0.00,0.00,0.00,2.21,1.15,0.90,0.46,0.00,1.24,0.49,2.11,1.03,0.00,0.00,1.15,0.00,0.00,0.00,0.00,0.00,0.00,0.00,0.00,0.00,0.00
2950.5,-2.000,7.000,0.000,0.000,0.000,0,0,0.812,0,0.166,0.131,0.220,0.339,0.736,2.13,1.35,0.86,9.95,9.95,4.70,4.48,17.06,0.00,5.08,2.78,0.95,1.08,1.80,1.81,0.14,0.15,2.84,5.69,1.40,1.15,0.00,0.00,5.60,4.98,0.00,0.00,0.40,0.00,2.34,2.05,0.00,1.53,3.33,2.39,0.00,0.00,0.00,0.00,0.00,0.00,0.00,0.00,0.00,0.00,0.00,0.00,0.00,0.00,0.00,0.00,0.00,0.00,0.00,0.00,0.00,0.00,0.00,0.00,0.00,0.00,0.00,0.00,0.00,0.00,0.00,0.00,0.00,0.00,0.00,0.00,0.00,0.00,0.00,0.00,0.00,0.00,0.00,0.00,0.00,0.00,0.00,0.00,0.00,0.00,0.00,0.00,0.00,0.00,0.00,0.00,0.00,0.00,0.00,0.00,38.86,27.53,0.77,0.00,2.61,2.73,13.36,11.41,0.00,14.93,4.59,1.87,0.00,1.01,0.00,0.00,0.62,0.79,0.00,0.81,0.00,0.00,0.00,0.00,0.00,0.00,0.00,0.00,0.00,0.00,0.00,0.00,0.00,29.85,0.00,0.00,3.73,1.30,0.00,0.00,0.00,0.00,0.00,0.00,0.00,0.00,0.00,0.00,0.00,0.00,0.00,0.00,0.00,0.00,0.00,0.00,0.00,0.00,0.00,0.00,0.00,0.00,29.85,0.00,74.63,74.63,0.00,0.00,0.00,0.00,0.00,0.00,0.00,0.00,0.00,0.00,0.00,0.00,0.00,0.00,0.00,14.93,0.00,0.00,0.00,0.00,0.00,0.00,29.85,0.00,29.85,0.00,0.00,0.00,0.00,29.85,29.85,0.00,0.00,0.00,0.00,0.00,0.00,0.00,0.00,0.00,0.00,0.00,0.00,0.00,0.00,0.00,0.00,0.00,0.00,0.00,0.00,0.00,0.00,0.00,0.00,0.00,0.00,0.00,0.00,0.00,0.00,0.00,0.00,0.00,0.00,0.00,0.00,0.00,0.00,0.00,0.00,0.35,0.24,0.00,0.00,0.00,0.00,0.00,0.00,0.00,0.92,1.90,1.33,3.17,3.12,3.68,3.21,0.00,0.00,2.87,2.76,3.05,3.30,0.00,2.30,0.00,0.92,0.90,0.50,0.00,1.99,0.00,0.71,0.21,0.00,0.00,0.62,0.79,0.00,0.00,0.00,0.00,2.84,1.96,1.65,1.72,0.00,0.89,1.01,0.00,0.00,6.58,5.97,0.00,0.00,0.00,0.00,1.28,1.08,0.00,0.00,0.00,0.00,0.00,0.00,0.00,1.15,0.45,0.23,1.76,0.62,0.98,1.40,1.29,2.62,1.15,0.00,0.00,0.00,0.00,0.00,0.00,0.00,0.00,0.00,0.00,0.00
3050.5,-2.000,7.000,0.000,0.000,0.000,0,0,0.812,0,0.164,0.098,0.261,0.483,1.000,2.13,1.21,0.96,7.46,9.95,5.11,5.47,12.79,4.26,6.39,3.82,0.97,0.74,2.34,1.45,0.10,0.10,0.00,2.84,1.05,0.69,0.00,0.00,2.49,2.49,0.00,0.00,0.80,0.40,2.29,2.04,0.79,3.83,3.05,2.39,0.00,0.00,0.00,0.00,1.42,0.00,2.30,0.00,0.00,0.00,0.00,0.00,0.00,0.00,0.00,0.00,0.00,0.00,0.00,0.00,0.00,0.00,0.00,0.00,0.00,0.00,0.00,0.00,0.00,0.00,0.00,0.00,0.00,0.00,0.00,0.00,0.00,0.00,0.00,0.00,0.00,0.00,0.00,0.00,0.00,0.00,0.00,0.00,0.00,0.00,0.00,0.00,0.00,0.00,0.00,0.00,0.00,0.00,0.00,0.00,36.92,34.32,0.00,0.00,3.26,2.73,12.32,11.72,0.00,0.00,0.00,1.87,1.52,0.00,0.00,0.00,0.46,1.09,0.81,0.00,0.00,0.00,0.00,0.00,0.00,0.00,0.00,0.00,0.00,0.00,0.00,0.00,29.85,29.85,0.00,0.00,1.24,1.30,0.00,0.00,0.00,0.00,0.00,0.00,0.00,0.00,0.00,0.00,0.00,0.00,0.00,0.00,0.00,0.00,0.00,0.00,0.00,0.00,0.00,14.93,208.96,208.96,89.55,89.55,59.70,59.70,59.70,29.85,0.00,0.00,0.00,0.00,0.00,0.00,0.00,0.00,0.00,0.00,0.00,0.00,0.00,14.93,0.00,0.00,0.00,0.00,0.00,0.00,0.00,0.00,59.70,0.00,0.00,0.00,19.90,29.85,29.85,0.00,0.00,0.00,0.00,0.00,0.00,0.00,0.00,0.00,0.00,0.00,0.00,0.00,0.00,0.00,0.00,0.00,0.00,0.00,0.00,0.00,0.00,0.00,0.00,0.00,0.00,0.00,0.00,0.00,0.00,0.00,0.00,0.00,0.00,0.00,0.00,0.00,0.00,0.00,0.00,0.47,0.85,0.00,0.00,0.00,0.00,0.00,0.00,0.40,0.31,1.78,1.33,3.12,3.08,2.10,2.93,0.00,0.00,3.06,2.49,2.44,2.78,0.00,0.00,0.00,0.00,0.45,0.00,0.00,1.49,0.00,1.07,1.47,0.00,0.00,0.62,1.06,4.26,4.26,4.98,0.00,0.00,0.00,0.78,0.58,0.00,1.14,0.73,0.00,0.00,1.76,3.32,7.46,0.00,0.00,0.00,1.06,0.99,0.00,0.00,0.00,14.93,0.00,0.00,1.11,2.30,1.36,1.39,2.81,1.24,0.98,2.81,1.29,0.26,1.15,0.00,0.00,0.00,0.00,0.00,0.00,0.00,0.00,0.00,0.00,0.00
3150.5,-2.000,7.000,0.000,0.000,0.000,0,0,0.813,0,0.323,0.230,0.463,0.388,0.566,0.00,1.60,1.00,7.46,9.95,5.80,5.19,12.79,0.00,6.30,4.60,0.93,0.99,1.26,1.99,0.08,0.09,1.42,4.26,0.94,1.15,0.00,0.00,1.24,4.35,29.85,0.00,0.80,1.19,1.68,1.51,0.79,3.83,2.73,1.59,0.00,0.00,9.95,0.00,0.00,1.42,0.00,3.98,1.49,0.00,0.00,0.00,0.00,0.00,0.00,0.00,0.00,0.00,0.00,0.00,0.00,0.00,0.00,0.00,0.00,0.00,0.00,0.00,0.00,0.00,0.00,0.00,0.00,0.00,0.00,0.00,0.00,0.00,0.00,0.00,0.00,0.00,0.00,0.00,0.00,0.00,0.00,0.00,0.00,0.00,0.00,0.00,0.00,0.00,0.00,0.00,0.00,0.00,0.00,0.00,39.21,25.38,1.53,1.71,3.13,2.86,12.69,12.70,0.00,0.00,2.30,1.87,1.01,0.51,0.00,0.00,0.62,0.40,0.81,1.61,0.00,0.00,0.00,0.00,0.00,0.00,0.00,0.00,0.00,0.00,0.00,0.00,0.00,0.00,0.00,0.00,4.98,2.60,0.00,0.00,0.00,0.00,0.00,0.00,0.00,0.00,0.00,0.00,0.00,0.00,0.00,0.00,0.00,0.00,0.00,0.00,0.00,0.00,0.00,0.00,0.00,0.00,0.00,0.00,0.00,0.00,0.00,0.00,0.00,0.00,59.70,0.00,0.00,0.00,0.00,0.00,14.93,0.00,0.00,0.00,0.00,29.85,0.00,29.85,0.00,0.00,0.00,59.70,29.85,0.00,59.70,0.00,0.00,29.85,0.00,0.00,0.00,0.00,0.00,0.00,0.00,0.00,0.00,0.00,0.00,0.00,0.00,0.00,0.00,0.00,0.00,0.00,0.00,0.00,0.00,0.00,0.00,0.00,0.00,0.00,0.00,0.00,0.00,0.00,0.00,0.00,0.00,0.00,0.00,0.00,0.00,0.00,0.00,0.00,0.00,0.00,0.00,0.12,0.12,0.00,0.00,0.00,0.00,0.00,0.00,0.40,0.00,1.31,0.92,2.84,2.93,2.37,3.07,0.00,0.00,2.87,2.76,2.64,2.43,2.49,6.89,0.00,0.46,0.00,0.00,0.00,0.50,0.50,1.78,1.26,0.00,11.94,0.62,1.06,0.00,4.26,0.00,1.07,0.95,1.96,0.65,0.71,0.00,0.32,0.56,0.00,0.00,0.88,3.98,0.00,0.00,0.00,0.00,1.09,0.99,0.00,0.00,0.00,0.00,0.00,0.00,2.21,3.44,0.90,0.46,1.76,2.18,0.98,1.40,1.29,0.52,6.89,5.74,0.00,0.00,0.00,0.00,0.00,0.00,0.00,0.00,0.00,0.00
3250.5,-2.000,7.000,0.000,0.000,0.000,0,0,0.813,0,0.466,0.474,0.452,0.615,0.312,2.13,1.18,1.13,9.95,7.46,4.42,3.64,12.79,4.26,5.08,2.52,1.10,1.18,1.98,1.27,0.19,0.15,2.84,1.42,0.82,0.69,0.00,0.00,3.73,4.35,0.00,0.00,0.80,0.80,1.66,1.66,2.36,0.77,3.05,2.48,0.00,0.00,0.00,9.95,0.00,0.00,0.00,1.99,0.00,0.00,0.00,0.00,0.00,0.00,0.00,0.00,0.00,0.00,0.00,0.00,0.00,0.00,0.00,0.00,0.00,0.00,0.00,0.00,0.00,0.00,0.00,0.00,0.00,0.00,0.00,0.00,0.00,0.00,0.00,0.00,0.00,0.00,0.00,0.00,0.00,0.00,0.00,0.00,0.00,0.00,0.00,0.00,0.00,0.00,0.00,0.00,0.00,0.00,0.00,0.00,39.57,29.14,0.77,1.71,2.85,2.91,12.53,12.01,0.00,0.00,4.59,3.73,2.02,1.52,0.00,0.00,1.55,0.59,0.00,0.81,0.00,0.00,0.00,0.00,0.00,0.00,0.00,0.00,0.00,0.00,0.00,0.00,0.00,29.85,0.00,0.00,6.22,2.60,0.00,0.00,0.00,0.00,0.00,0.00,0.00,0.00,0.00,0.00,0.00,0.00,0.00,0.00,0.00,0.00,0.00,0.00,0.00,0.00,0.00,0.00,0.00,0.00,0.00,0.00,0.00,0.00,0.00,0.00,0.00,0.00,29.85,0.00,0.00,0.00,0.00,0.00,0.00,0.00,0.00,0.00,29.85,44.78,89.55,89.55,0.00,0.00,0.00,0.00,74.63,14.93,119.40,89.55,59.70,59.70,0.00,0.00,0.00,0.00,0.00,0.00,0.00,0.00,0.00,0.00,0.00,0.00,0.00,0.00,0.00,0.00,0.00,0.00,0.00,0.00,0.00,0.00,0.00,0.00,0.00,0.00,0.00,0.00,0.00,0.00,0.00,0.00,0.00,0.00,0.00,0.00,0.00,0.00,0.00,0.00,0.00,0.00,0.00,0.47,0.49,0.00,0.00,0.00,0.00,0.00,0.00,0.40,0.00,1.19,1.23,2.92,2.98,3.02,3.77,4.98,0.00,3.13,3.45,3.25,2.78,0.00,0.00,0.00,3.67,0.90,1.00,0.00,0.00,0.00,0.71,0.21,9.18,8.96,0.00,1.06,4.26,0.00,0.00,0.00,1.42,0.49,0.84,1.04,0.00,0.70,0.68,0.00,0.00,3.51,2.65,0.00,0.00,0.00,2.99,1.13,1.07,0.00,0.00,0.00,0.00,0.00,0.00,0.00,0.00,0.45,1.39,1.40,1.24,0.49,1.40,0.77,0.52,1.15,1.15,0.00,0.00,0.00,0.00,0.00,0.00,0.00,0.00,0.00,0.00
3350.5,-2.000,7.000,0.000,0.000,0.000,0,0,0.813,0,0.304,0.349,0.237,0.628,0.059,0.00,1.85,1.13,9.95,12.44,4.42,5.75,8.53,0.00,5.60,2.69,0.99,1.01,1.44,3.26,0.14,0.11,1.42,4.26,0.82,1.15,0.00,0.00,2.49,4.98,0.00,0.00,0.40,1.59,1.93,1.86,1.57,2.30,2.96,2.29,0.00,0.00,0.00,0.00,0.00,0.00,0.00,0.00,0.00,0.00,0.00,0.00,0.00,0.00,0.00,0.00,0.00,0.00,0.00,0.00,0.00,0.00,0.00,0.00,0.00,0.00,0.00,0.00,0.00,0.00,0.00,0.00,0.00,0.00,0.00,0.00,0.00,0.00,0.00,0.00,0.00,0.00,0.00,0.00,0.00,0.00,0.00,0.00,0.00,0.00,0.00,0.00,0.00,0.00,0.00,0.00,0.00,0.00,0.00,0.00,44.51,29.67,0.77,2.56,3.02,3.28,13.21,11.67,7.46,0.00,0.00,0.00,1.01,0.51,0.00,0.00,1.08,1.09,0.00,0.81,0.00,0.00,0.00,0.00,0.00,0.00,0.00,0.00,0.00,0.00,0.00,0.00,0.00,0.00,0.00,0.00,1.24,0.00,0.00,0.00,0.00,0.00,0.00,0.00,0.00,0.00,0.00,0.00,0.00,0.00,0.00,0.00,0.00,0.00,0.00,0.00,0.00,0.00,0.00,0.00,0.00,0.00,0.00,0.00,0.00,0.00,0.00,0.00,0.00,0.00,29.85,0.00,0.00,0.00,0.00,0.00,0.00,0.00,0.00,0.00,0.00,0.00,0.00,0.00,0.00,0.00,0.00,0.00,0.00,0.00,89.55,0.00,0.00,0.00,0.00,0.00,0.00,0.00,0.00,0.00,0.00,0.00,0.00,0.00,0.00,0.00,0.00,0.00,0.00,0.00,0.00,0.00,0.00,0.00,0.00,0.00,0.00,0.00,0.00,0.00,0.00,0.00,0.00,0.00,0.00,0.00,0.00,0.00,0.00,0.00,0.00,0.00,0.00,0.00,0.00,0.00,0.00,0.94,1.21,0.81,0.93,0.00,0.00,0.00,0.00,0.00,0.62,0.48,1.44,2.92,2.69,3.55,3.07,0.00,0.00,3.13,3.04,2.64,3.64,0.00,0.00,0.00,0.00,0.00,0.50,0.00,1.99,0.00,1.07,0.63,0.00,0.00,2.46,0.79,4.26,0.00,0.00,0.00,0.95,0.49,0.76,0.85,0.00,0.89,0.62,0.00,0.00,1.32,2.65,3.73,4.26,3.32,0.00,1.01,0.97,0.00,0.00,0.00,0.00,0.00,0.00,0.00,2.30,1.36,0.46,1.05,1.24,0.00,0.35,1.03,0.52,2.30,4.59,0.00,0.00,0.00,0.00,0.00,0.00,0.00,0.00,0.00,0.00
3450.5,-2.000,7.000,0.000,0.000,0.000,0,0,0.814,0,0.290,0.283,0.299,0.508,0.467,2.13,1.35,1.16,4.98,9.95,3.87,4.48,8.53,0.00,6.30,3.56,1.03,0.93,0.72,1.09,0.17,0.09,0.00,1.42,1.29,1.04,29.85,0.00,4.35,4.98,0.00,0.00,1.59,1.59,1.53,1.51,0.79,0.00,1.94,1.59,0.00,0.00,0.00,0.00,0.00,1.42,0.00,1.99,0.00,0.00,0.00,0.00,0.00,0.00,0.00,0.00,0.00,0.00,0.00,0.00,0.00,0.00,0.00,0.00,0.00,0.00,0.00,0.00,0.00,0.00,0.00,0.00,0.00,0.00,0.00,0.00,0.00,0.00,0.00,0.00,0.00,0.00,0.00,0.00,0.00,0.00,0.00,0.00,0.00,0.00,0.00,0.00,0.00,0.00,0.00,0.00,0.00,0.00,0.00,0.00,36.92,27.71,0.77,0.85,2.85,3.28,12.84,12.38,0.00,0.00,0.00,3.73,0.00,1.01,0.00,0.00,1.39,1.28,0.81,0.81,0.00,3.73,0.00,0.00,0.00,0.00,0.00,0.00,0.00,0.00,0.00,0.00,0.00,0.00,0.00,0.00,2.49,1.30,0.00,0.00,0.00,0.00,0.00,0.00,0.00,0.00,0.00,0.00,0.00,0.00,0.00,0.00,0.00,0.00,0.00,0.00,0.00,0.00,0.00,0.00,0.00,0.00,0.00,0.00,0.00,0.00,0.00,0.00,0.00,0.00,0.00,0.00,0.00,0.00,0.00,0.00,0.00,0.00,0.00,0.00,0.00,0.00,59.70,29.85,0.00,0.00,0.00,29.85,29.85,29.85,29.85,0.00,0.00,0.00,0.00,0.00,0.00,0.00,0.00,0.00,0.00,0.00,0.00,0.00,0.00,0.00,0.00,0.00,0.00,0.00,0.00,0.00,0.00,0.00,0.00,0.00,0.00,0.00,0.00,0.00,0.00,0.00,0.00,0.00,0.00,0.00,0.00,0.00,0.00,0.00,0.00,0.00,0.00,0.00,0.00,0.00,0.00,0.12,0.61,0.00,0.00,0.00,0.00,0.00,0.00,1.19,1.54,1.19,0.51,3.06,2.73,3.16,2.23,0.00,0.00,2.04,2.63,3.05,3.30,0.00,2.30,0.00,0.46,0.00,0.00,1.49,0.50,0.00,1.07,0.42,13.78,11.94,0.62,0.79,0.00,0.00,0.00,1.07,0.00,0.98,0.55,0.77,14.93,0.95,0.62,29.85,0.00,4.83,3.98,0.00,0.00,3.32,0.00,0.80,1.10,0.00,0.00,0.00,0.00,0.00,0.00,0.00,0.00,0.68,1.39,1.05,0.62,0.00,0.35,1.80,1.05,1.15,0.00,0.00,0.00,0.00,0.00,0.00,0.00,0.00,0.00,0.00,0.00
3550.5,-2.000,7.000,0.000,0.000,0.000,0,0,0.814,0,0.088,0.053,0.139,0.219,0.475,0.00,1.35,1.33,9.95,7.46,4.84,4.06,17.06,0.00,5.60,3.82,0.95,0.78,2.88,1.99,0.10,0.07,1.42,0.00,1.52,1.38,0.00,0.00,5.60,3.11,0.00,0.00,0.80,0.80,2.23,2.42,1.57,1.53,3.29,3.13,0.00,0.00,0.00,0.00,0.00,2.84,4.59,1.99,1.49,0.00,0.00,0.00,0.00,0.00,0.00,0.00,0.00,0.00,0.00,0.00,0.00,0.00,0.00,0.00,0.00,0.00,0.00,0.00,0.00,0.00,0.00,0.00,0.00,0.00,0.00,0.00,0.00,0.00,0.00,0.00,0.00,0.00,0.00,0.00,0.00,0.00,0.00,0.00,0.00,0.00,0.01,0.00,0.00,0.00,0.00,0.00,0.00,0.00,0.00,0.00,39.04,29.14,0.77,0.85,2.83,2.77,13.31,11.54,0.00,14.93,2.30,1.87,1.01,1.52,0.00,0.00,0.62,0.99,0.81,0.00,0.00,3.73,0.00,0.00,0.00,0.00,0.00,0.00,0.00,0.00,0.00,0.00,0.00,0.00,0.00,0.00,1.24,0.00,0.00,0.00,0.00,0.00,0.00,0.00,0.00,0.00,0.00,0.00,0.00,0.00,0.00,0.00,0.00,0.00,0.00,0.00,0.00,0.00,0.00,0.00,29.85,0.00,0.00,0.00,0.00,0.00,0.00,0.00,0.00,0.00,29.85,0.00,0.00,0.00,0.00,0.00,0.00,0.00,0.00,0.00,0.00,0.00,0.00,0.00,0.00,0.00,0.00,0.00,0.00,0.00,0.00,0.00,0.00,0.00,0.00,0.00,0.00,0.00,0.00,0.00,0.00,29.85,0.00,0.00,0.00,0.00,0.00,0.00,0.00,0.00,0.00,0.00,0.00,0.00,0.00,0.00,0.00,0.00,0.00,0.00,0.00,0.00,0.00,0.00,0.00,0.00,0.00,0.00,0.00,0.00,0.00,0.00,0.00,0.00,0.00,0.00,0.00,0.71,0.36,0.00,0.00,0.00,0.00,0.00,0.00,1.19,0.62,2.02,1.54,2.60,2.88,3.29,2.51,0.00,0.00,2.93,3.25,3.45,2.60,0.00,2.30,0.00,0.46,0.00,0.50,0.00,0.50,0.50,1.42,0.84,0.00,0.00,1.54,1.06,0.00,4.26,0.00,1.07,0.95,1.96,0.89,0.69,0.00,0.64,0.51,0.00,0.00,3.95,3.32,3.73,4.26,0.00,0.00,1.33,1.17,0.00,0.00,0.00,0.00,0.00,0.00,0.00,2.30,0.90,0.46,2.11,0.93,0.49,0.00,1.80,0.79,3.44,2.30,0.00,0.00,0.00,0.00,0.00,0.00,0.00,0.00,0.00,0.00
3650.5,-2.000,7.000,0.000,0.000,0.000,0,0,0.815,0,0.390,0.347,0.454,0.379,0.803,0.00,1.53,0.96,9.95,12.44,4.70,4.48,8.53,0.00,6.22,3.21,0.72,0.72,1.62,2.17,0.13,0.09,1.42,4.26,1.29,1.50,0.00,0.00,6.22,6.22,0.00,0.00,1.19,0.40,2.24,2.15,0.00,0.77,3.75,3.28,0.00,0.00,9.95,0.00,0.00,2.84,0.00,1.99,1.49,0.00,0.00,0.00,0.00,0.00,0.00,0.00,0.00,0.00,0.00,0.00,0.00,0.00,0.00,0.00,0.00,0.00,0.00,0.00,0.00,0.00,0.00,0.00,0.00,0.00,0.00,0.00,0.00,0.00,0.00,0.00,0.00,0.00,0.00,0.00,0.00,0.00,0.00,0.00,0.00,0.00,0.00,0.00,0.00,0.00,0.00,0.00,0.00,0.00,0.00,0.00,37.80,27.88,0.77,1.71,3.44,3.14,12.89,13.12,0.00,0.00,2.30,0.00,1.01,4.05,0.00,0.00,0.93,0.99,0.00,0.81,0.00,0.00,0.00,0.00,0.00,0.00,0.00,0.00,0.00,0.00,0.00,0.00,29.85,59.70,0.00,0.00,0.00,1.30,0.00,0.00,0.00,0.00,0.00,0.00,0.00,0.00,0.00,0.00,0.00,0.00,0.00,0.00,0.00,0.00,0.00,0.00,0.00,0.00,0.00,0.00,29.85,29.85,29.85,0.00,29.85,44.78,0.00,0.00,0.00,0.00,0.00,0.00,0.00,0.00,0.00,0.00,0.00,0.00,0.00,0.00,0.00,44.78,29.85,59.70,0.00,0.00,29.85,0.00,29.85,14.93,59.70,29.85,29.85,59.70,0.00,0.00,29.85,9.95,0.00,0.00,0.00,0.00,29.85,0.00,0.00,0.00,0.00,0.00,0.00,0.00,0.00,0.00,0.00,0.00,0.00,0.00,0.00,0.00,0.00,0.00,0.00,0.00,0.00,0.00,0.00,0.00,0.00,0.00,0.00,0.00,0.00,0.00,0.00,0.00,0.00,0.00,0.00,0.59,0.85,0.00,0.00,0.00,0.00,0.00,0.00,1.19,0.62,1.43,1.33,3.36,2.72,2.24,3.07,0.00,0.00,2.68,2.76,3.86,2.26,4.98,2.30,0.00,5.51,0.90,0.00,0.50,0.00,1.00,0.71,0.21,11.48,20.90,0.92,1.06,0.00,0.00,4.98,1.07,0.00,0.98,0.72,0.87,0.00,0.51,1.01,0.00,0.00,4.83,3.98,0.00,0.00,3.32,0.00,0.97,1.05,0.00,0.00,29.85,0.00,0.00,0.00,0.00,2.30,0.45,1.62,1.76,1.24,1.96,2.46,1.54,0.79,2.30,2.30,0.00,0.00,0.00,0.00,0.00,0.00,0.00,0.00,0.00,0.00
3750.5,-2.000,7.000,0.000,0.000,0.000,0,0,0.815,0,0.330,0.213,0.505,0.377,0.606,0.00,0.96,1.00,9.95,12.44,5.39,4.06,12.79,4.26,4.99,2.60,0.99,1.06,2.52,1.81,0.15,0.11,0.00,1.42,1.40,1.27,0.00,0.00,3.73,9.95,0.00,0.00,1.19,0.40,1.79,1.84,0.79,0.77,3.24,2.29,0.00,0.00,0.00,9.95,0.00,1.42,0.00,0.00,0.00,0.00,0.00,0.00,0.00,0.00,0.00,0.00,0.00,0.00,0.00,0.00,0.00,0.00,0.00,0.00,0.00,0.00,0.00,0.00,0.00,0.00,0.00,0.00,0.00,0.00,0.00,0.00,0.00,0.00,0.00,0.00,0.00,0.00,0.00,0.00,0.00,0.00,0.00,0.00,0.00,0.00,0.00,0.00,0.00,0.00,0.00,0.00,0.00,0.00,0.00,0.00,39.92,31.46,0.77,0.00,2.83,2.84,12.50,11.83,0.00,0.00,2.30,0.00,1.52,2.02,0.00,0.00,1.24,0.79,0.00,0.81,0.00,0.00,0.00,0.00,0.00,0.00,0.00,0.00,0.00,0.00,0.00,0.00,29.85,59.70,0.00,0.00,1.24,2.60,0.00,0.00,0.00,0.00,0.00,0.00,0.00,0.00,0.00,0.00,0.00,0.00,0.00,0.00,0.00,0.00,0.00,0.00,0.00,0.00,0.00,0.00,0.00,0.00,0.00,0.00,0.00,0.00,0.00,0.00,0.00,0.00,29.85,0.00,0.00,0.00,0.00,0.00,0.00,0.00,0.00,0.00,0.00,29.85,0.00,29.85,0.00,0.00,29.85,29.85,0.00,0.00,29.85,0.00,0.00,0.00,0.00,0.00,0.00,0.00,0.00,0.00,0.00,0.00,0.00,0.00,0.00,0.00,0.00,0.00,0.00,0.00,0.00,0.00,0.00,0.00,0.00,0.00,0.00,0.00,0.00,0.00,0.00,0.00,0.00,0.00,0.00,0.00,0.00,0.00,0.00,0.00,0.00,0.00,0.00,0.00,0.00,0.00,0.00,0.59,0.24,0.00,0.00,0.00,0.00,0.00,0.01,0.40,1.23,1.07,1.33,3.05,2.85,2.63,3.21,0.00,0.00,2.49,2.97,3.05,3.64,0.00,0.00,0.00,0.00,0.90,0.00,0.00,0.00,0.00,1.07,0.84,0.00,0.00,1.54,1.06,0.00,0.00,0.00,0.00,0.00,0.49,0.59,0.62,0.00,0.95,0.73,0.00,0.00,3.95,2.65,0.00,0.00,0.00,2.99,0.86,0.85,0.00,0.00,0.00,14.93,0.00,0.00,0.00,0.00,0.68,0.46,1.05,0.93,1.47,1.40,0.26,0.52,1.15,3.44,0.00,0.00,0.00,0.00,0.00,0.00,0.00,0.00,0.00,0.00
3850.5,-2.000,7.000,0.000,0.000,0.000,0,0,0.815,0,0.293,0.357,0.196,0.507,0.913,2.13,1.50,1.33,4.98,9.95,4.56,4.48,12.79,0.00,6.92,2.78,0.87,0.87,1.08,0.90,0.08,0.15,1.42,1.42,1.05,1.38,0.00,0.00,3.11,6.22,0.00,0.00,1.99,1.99,1.83,1.62,0.79,3.06,3.15,2.01,0.00,0.00,0.00,0.00,0.00,4.26,0.00,0.00,0.00,0.00,0.00,0.00,0.00,0.00,0.00,0.00,0.00,0.00,0.00,0.00,0.00,0.00,0.00,0.00,0.00,0.00,0.00,0.00,0.00,0.00,0.00,0.00,0.00,0.00,0.00,0.00,0.00,0.00,0.00,0.00,0.00,0.00,0.00,0.00,0.00,0.00,0.00,0.00,0.00,0.00,0.00,0.00,0.00,0.00,0.00,0.00,0.00,0.00,0.00,0.00,44.69,29.85,0.77,0.00,3.35,3.33,12.71,12.01,7.46,0.00,0.00,0.00,0.51,1.01,0.00,0.00,1.08,1.28,0.81,0.00,0.00,0.00,0.00,0.00,0.00,0.00,0.00,0.00,0.00,0.00,0.00,0.00,0.00,29.85,0.00,0.00,0.00,1.30,0.00,0.00,0.00,0.00,0.00,0.00,0.00,0.00,0.00,0.00,0.00,0.00,0.00,0.00,0.00,0.00,0.00,0.00,0.00,0.00,59.70,29.85,119.40,119.40,29.85,29.85,0.00,0.00,0.00,0.00,0.00,0.00,29.85,0.00,0.00,0.00,0.00,0.00,0.00,0.00,0.00,0.00,0.00,0.00,0.00,0.00,0.00,0.00,0.00,0.00,44.78,14.93,89.55,29.85,0.00,29.85,49.75,0.00,0.00,0.00,0.00,0.00,0.00,0.00,0.00,0.00,0.00,0.00,0.00,0.00,0.00,0.00,0.00,0.00,0.00,0.00,0.00,0.00,0.00,0.00,0.00,0.00,0.00,0.00,0.00,0.00,0.00,0.00,0.00,0.00,0.00,0.00,0.00,0.00,0.00,0.00,0.00,0.00,0.00,0.47,0.49,0.00,0.00,0.00,0.00,0.00,0.00,1.19,0.62,0.48,1.13,2.80,2.88,3.29,3.49,0.00,0.00,3.32,2.56,3.86,3.30,0.00,0.00,0.00,0.46,0.00,0.00,0.50,0.00,0.00,0.36,0.63,0.00,0.00,0.92,1.32,0.00,0.00,0.00,2.13,0.47,0.00,0.61,0.75,0.00,0.70,0.51,0.00,0.00,2.19,3.32,3.73,0.00,0.00,0.00,1.11,1.10,0.00,0.00,0.00,0.00,0.00,0.00,0.00,0.00,0.68,0.69,1.76,0.93,0.98,0.35,0.51,0.26,1.15,1.15,0.00,0.00,0.00,0.00,0.00,0.00,0.00,0.00,0.00,0.00
3950.5,-2.000,7.000,0.000,0.000,0.000,0,0,0.816,0,0.165,0.196,0.119,0.243,1.000,2.13,1.39,1.13,9.95,7.46,6.08,5.61,12.79,0.00,4.99,2.60,0.82,1.01,0.90,1.99,0.08,0.07,0.00,1.42,0.82,0.81,0.00,0.00,2.49,4.98,0.00,0.00,0.00,0.80,1.50,1.75,0.79,3.83,2.18,1.40,0.00,0.00,9.95,0.00,0.00,0.00,0.00,1.99,0.00,0.00,0.00,0.00,0.00,0.00,0.00,0.00,0.00,0.00,0.00,0.00,0.00,0.00,0.00,0.00,0.00,0.00,0.00,0.00,0.00,0.00,0.00,0.00,0.00,0.00,0.00,0.00,0.00,0.00,0.00,0.00,0.00,0.00,0.00,0.00,0.00,0.00,0.00,0.00,0.00,0.00,0.00,0.00,0.00,0.00,0.00,0.00,0.00,0.00,0.00,0.00,41.16,29.14,1.53,0.85,2.93,3.19,12.69,12.25,0.00,0.00,0.00,0.00,0.51,2.53,0.00,0.00,1.55,1.09,0.00,0.00,7.46,0.00,0.00,0.00,0.00,0.00,0.00,0.00,0.00,0.00,0.00,0.00,0.00,0.00,0.00,0.00,0.00,1.30,0.00,0.00,0.00,0.00,0.00,0.00,0.00,0.00,0.00,0.00,0.00,0.00,0.00,0.00,0.00,0.00,0.00,0.00,0.00,0.00,89.55,59.70,149.25,119.40,29.85,89.55,0.00,0.00,0.00,0.00,0.00,0.00,0.00,0.00,0.00,0.00,0.00,0.00,0.00,0.00,0.00,0.00,0.00,0.00,0.00,0.00,0.00,0.00,0.00,0.00,0.00,0.00,0.00,0.00,0.00,0.00,59.70,0.00,0.00,0.00,0.00,0.00,0.00,0.00,0.00,0.00,0.00,0.00,0.00,0.00,0.00,0.00,0.00,0.00,0.00,0.00,0.00,0.00,0.00,0.00,0.00,0.00,0.00,0.00,0.00,0.00,0.00,0.00,0.00,0.00,0.00,0.00,0.00,0.00,0.00,0.00,0.00,0.00,0.00,0.00,0.00,0.00,0.00,0.00,0.00,0.00,0.00,0.40,0.31,0.95,1.54,3.06,2.84,2.89,4.32,4.98,0.00,2.81,2.90,4.26,2.60,0.00,0.00,0.00,2.76,0.45,0.50,0.00,1.00,0.00,1.78,2.10,0.00,0.00,0.92,1.06,0.00,0.00,4.98,0.00,0.95,0.00,2.18,1.08,0.00,0.57,0.39,0.00,0.00,2.63,4.64,0.00,0.00,0.00,0.00,1.17,0.98,0.00,0.00,0.00,0.00,0.00,0.00,1.11,1.15,0.68,0.46,0.70,0.93,0.98,1.05,0.51,1.31,1.15,0.00,0.00,0.00,0.00,0.00,0.00,0.00,0.00,0.00,0.00,0.00
4050.5,-2.000,7.000,0.000,0.000,0.000,0,0,0.816,0,0.237,0.184,0.315,0.452,0.755,0.00,1.21,1.53,2.49,7.46,4.84,4.91,12.79,0.00,4.73,3.21,0.97,0.72,1.98,1.99,0.06,0.11,1.42,1.42,1.40,0.69,0.00,0.00,4.35,7.46,29.85,0.00,1.19,0.00,1.85,1.95,3.14,2.30,1.94,1.59,0.00,0.00,0.00,0.00,0.00,0.00,0.00,0.00,0.00,0.00,0.00,0.00,0.00,0.00,0.00,0.00,0.00,0.00,0.00,0.00,0.00,0.00,0.00,0.00,0.00,0.00,0.00,0.00,0.00,0.00,0.00,0.00,0.00,0.00,0.00,0.00,0.00,0.00,0.00,0.00,0.00,0.00,0.00,0.00,0.00,0.00,0.00,0.00,0.00,0.00,0.00,0.00,0.00,0.00,0.00,0.00,0.00,0.00,0.00,0.00,37.45,28.24,0.00,1.71,2.65,2.43,12.56,12.46,0.00,0.00,0.00,0.00,1.52,0.51,0.00,0.00,0.93,1.48,0.00,0.00,0.00,0.00,0.00,0.00,0.00,0.00,0.00,0.00,0.00,0.00,0.00,0.00,0.00,0.00,0.00,0.00,0.00,0.00,0.00,0.00,0.00,0.00,0.00,0.00,0.00,0.00,0.00,0.00,0.00,0.00,0.00,0.00,0.00,0.00,0.00,0.00,0.00,0.00,0.00,0.00,0.00,0.00,0.00,0.00,14.93,29.85,0.00,0.00,0.00,0.00,29.85,0.00,0.00,0.00,0.00,0.00,0.00,0.00,0.00,0.00,0.00,29.85,29.85,0.00,0.00,0.00,0.00,0.00,29.85,0.00,59.70,0.00,0.00,0.00,0.00,0.00,0.00,0.00,0.00,0.00,0.00,29.85,29.85,0.00,0.00,0.00,0.00,0.00,0.00,0.00,0.00,0.00,0.00,0.00,0.00,0.00,0.00,0.00,0.00,0.00,0.00,0.00,0.00,0.00,0.00,0.00,0.00,0.00,0.00,0.00,0.00,0.00,0.00,0.00,0.00,0.00,0.00,0.00,0.00,0.00,0.00,0.00,0.00,0.00,0.00,0.00,0.31,0.48,0.41,3.13,3.05,1.97,3.35,0.00,0.00,2.87,3.39,3.45,3.99,0.00,2.30,0.00,0.00,0.45,0.00,0.00,0.00,0.00,0.36,1.05,0.00,0.00,0.62,0.79,0.00,0.00,4.98,1.07,0.95,0.98,0.70,0.50,0.00,0.76,0.39,0.00,0.00,4.39,1.99,0.00,0.00,0.00,0.00,0.89,0.85,0.00,0.00,0.00,0.00,0.00,0.00,0.00,0.00,0.90,1.16,0.35,0.31,0.00,1.05,0.77,0.26,2.30,2.30,0.00,0.00,0.00,0.00,0.00,0.00,0.00,0.00,0.00,0.00
4150.5,-2.000,7.000,0.000,0.000,0.000,0,0,0.817,0,0.367,0.399,0.319,0.493,0.989,0.00,1.39,1.26,12.44,9.95,5.11,4.48,17.06,0.00,5.95,2.78,1.03,1.22,1.08,2.17,0.10,0.10,2.84,1.42,1.05,1.15,0.00,0.00,3.73,4.98,0.00,0.00,1.99,0.80,1.82,1.75,2.36,2.30,3.10,2.71,0.00,0.00,0.00,0.00,2.84,1.42,0.00,0.00,0.00,0.00,0.00,0.00,0.00,0.00,0.00,0.00,0.00,0.00,0.00,0.00,0.00,0.00,0.00,0.00,0.00,0.00,0.00,0.00,0.00,0.00,0.00,0.00,0.00,0.00,0.00,0.00,0.00,0.00,0.00,0.00,0.00,0.00,0.00,0.00,0.00,0.00,0.00,0.00,0.00,0.00,0.00,0.00,0.00,0.00,0.00,0.00,0.00,0.00,0.00,0.00,37.80,32.89,0.00,0.00,3.07,2.56,12.58,12.20,0.00,0.00,0.00,0.00,0.51,0.00,0.00,0.00,1.08,0.89,0.81,0.81,0.00,0.00,0.00,0.00,0.00,0.00,0.00,0.00,0.00,0.00,0.00,0.00,29.85,29.85,0.00,0.00,3.73,5.19,0.00,0.00,0.00,0.00,0.00,0.00,0.00,0.00,0.00,0.00,0.00,0.00,0.00,0.00,0.00,0.00,0.00,0.00,0.00,0.00,0.00,0.00,59.70,59.70,0.00,0.00,14.93,29.85,0.00,0.00,0.00,0.00,0.00,0.00,0.00,0.00,0.00,0.00,0.00,0.00,0.00,0.00,0.00,29.85,29.85,29.85,0.00,0.00,0.00,29.85,44.78,14.93,59.70,29.85,0.00,59.70,0.00,0.00,0.00,0.00,0.00,0.00,0.00,0.00,0.00,0.00,0.00,0.00,0.00,0.00,0.00,0.00,0.00,0.00,0.00,0.00,0.00,0.00,0.00,0.00,0.00,0.00,0.00,0.00,0.00,0.00,0.00,0.00,0.00,0.00,0.00,0.00,0.00,0.00,0.00,0.00,0.00,0.00,0.00,0.47,0.73,0.00,0.00,0.00,0.00,0.00,0.00,0.40,0.62,2.02,1.13,2.88,3.04,2.89,5.02,0.00,0.00,3.13,3.32,2.84,2.60,0.00,2.30,0.00,3.21,0.45,0.50,0.50,1.99,0.50,1.42,0.21,4.59,17.91,1.85,1.32,0.00,0.00,4.98,2.13,1.42,0.00,0.87,1.10,0.00,0.83,0.96,0.00,0.00,1.76,2.65,0.00,0.00,0.00,2.99,1.11,1.13,0.00,0.00,0.00,0.00,0.00,0.00,0.00,0.00,1.13,1.16,0.70,1.87,2.45,1.05,1.03,1.05,2.30,0.00,0.00,0.00,0.00,0.00,0.00,0.00,0.00,0.00,0.00,0.00
4250.5,-2.000,7.000,0.000,0.000,0.000,0,0,0.817,0,0.503,0.482,0.535,0.555,0.755,2.13,1.14,1.50,14.93,7.46,4.98,4.76,17.06,0.00,6.57,3.90,0.76,0.74,2.52,2.71,0.20,0.16,1.42,2.84,1.05,1.27,0.00,0.00,7.46,3.73,0.00,0.00,0.80,0.40,1.85,1.90,3.14,1.53,3.10,2.48,0.00,0.00,0.00,0.00,0.00,0.00,0.00,3.98,0.00,0.00,0.00,0.00,0.00,0.00,0.00,0.00,0.00,0.00,0.00,0.00,0.00,0.00,0.00,0.00,0.00,0.00,0.00,0.00,0.00,0.00,0.00,0.00,0.00,0.00,0.00,0.00,0.00,0.00,0.00,0.00,0.00,0.00,0.00,0.00,0.00,0.00,0.00,0.00,0.00,0.00,0.00,0.00,0.00,0.00,0.00,0.00,0.00,0.00,0.00,0.00,35.50,33.25,0.00,1.71,2.96,3.19,13.02,11.54,0.00,0.00,0.00,0.00,0.00,1.01,0.00,0.00,0.77,1.28,0.00,1.61,0.00,0.00,0.00,0.00,0.00,0.00,29.85,0.00,0.00,0.00,0.00,0.00,0.00,29.85,0.00,0.00,1.24,1.30,0.00,0.00,0.00,0.00,0.00,0.00,0.00,0.00,0.00,0.00,0.00,0.00,0.00,0.00,0.00,0.00,0.00,0.00,0.00,0.00,0.00,0.00,0.00,0.00,0.00,0.00,0.00,0.00,0.00,0.00,0.00,0.00,29.85,0.00,0.00,0.00,0.00,0.00,0.00,0.00,0.00,0.00,0.00,44.78,89.55,59.70,0.00,0.00,0.00,59.70,59.70,29.85,89.55,0.00,59.70,59.70,0.00,0.00,0.00,0.00,0.00,0.00,0.00,29.85,0.00,0.00,0.00,0.00,0.00,0.00,0.00,0.00,0.00,0.00,0.00,0.00,0.00,0.00,0.00,0.00,0.00,0.00,0.00,0.00,0.00,0.00,0.00,0.00,0.00,0.00,0.00,0.00,0.00,0.00,0.00,0.00,0.00,0.00,0.00,0.12,0.12,0.00,0.00,0.00,0.00,0.00,0.00,0.40,0.62,1.43,1.44,3.15,2.75,3.42,2.65,0.00,0.00,3.00,3.59,3.45,2.78,0.00,2.30,0.00,1.84,0.45,1.00,0.00,0.00,1.99,3.20,1.26,0.00,2.99,1.54,0.53,0.00,0.00,0.00,0.00,1.90,0.98,0.80,1.02,14.93,0.57,0.62,0.00,0.00,1.76,1.99,0.00,0.00,0.00,0.00,1.08,0.98,29.85,0.00,0.00,0.00,0.00,0.00,2.21,1.15,1.13,0.23,2.46,2.18,0.98,0.35,0.77,0.79,1.15,0.00,0.00,0.00,0.00,0.00,0.00,0.00,0.00,0.00,0.00,0.00
4350.5,-2.000,7.000,0.000,0.000,0.000,0,0,0.817,0,0.559,0.691,0.362,0.637,0.355,4.26,1.64,1.36,9.95,7.46,4.98,3.64,17.06,0.00,5.95,3.04,0.99,1.10,2.16,2.89,0.16,0.09,2.84,1.42,0.47,0.58,0.00,0.00,6.22,6.22,0.00,0.00,1.19,1.19,2.37,2.13,0.00,4.59,4.35,4.26,29.85,0.00,9.95,0.00,0.00,1.42,0.00,3.98,0.00,0.00,0.00,0.00,0.00,0.00,0.00,0.00,0.00,0.00,0.00,0.00,0.00,0.00,0.00,0.00,0.00,0.00,0.00,0.00,0.00,0.00,0.00,0.00,0.00,0.00,0.00,0.00,0.00,0.00,0.00,0.00,0.00,0.00,0.00,0.00,0.00,0.00,0.00,0.00,0.00,0.00,0.00,0.00,0.00,0.00,0.00,0.00,0.00,0.00,0.00,0.00,35.50,30.21,0.77,1.71,2.89,3.28,13.36,11.67,0.00,0.00,0.00,1.87,1.01,0.51,0.00,0.00,1.08,1.28,1.61,0.00,0.00,0.00,0.00,0.00,0.00,0.00,0.00,0.00,0.00,0.00,0.00,0.00,0.00,29.85,0.00,0.00,0.00,0.00,0.00,0.00,0.00,0.00,0.00,0.00,0.00,0.00,0.00,0.00,0.00,0.00,0.00,0.00,0.00,0.00,0.00,0.00,0.00,0.00,0.00,0.00,29.85,29.85,0.00,0.00,0.00,0.00,0.00,0.00,0.00,0.00,59.70,0.00,0.00,0.00,0.00,0.00,0.00,0.00,0.00,0.00,0.00,29.85,59.70,59.70,0.00,0.00,0.00,0.00,59.70,0.00,89.55,59.70,89.55,119.40,39.80,0.00,0.00,0.00,0.00,0.00,0.00,0.00,0.00,0.00,0.00,0.00,0.00,0.00,0.00,0.00,0.00,0.00,0.00,0.00,0.00,0.00,0.00,0.00,0.00,0.00,0.00,0.00,0.00,0.00,0.00,0.00,0.00,0.00,0.00,0.00,0.00,0.00,0.00,0.00,0.00,0.00,0.00,0.83,0.85,0.00,0.00,0.00,0.00,0.00,0.00,0.80,0.00,0.95,1.54,3.23,2.72,2.89,4.05,0.00,0.00,2.81,2.69,3.45,3.12,0.00,4.59,0.00,5.05,0.00,3.48,1.00,2.99,0.50,1.07,0.63,27.55,23.88,1.85,0.26,8.53,0.00,0.00,2.13,0.00,0.49,1.14,1.20,0.00,0.64,0.79,0.00,0.00,2.63,2.65,0.00,4.26,0.00,0.00,1.22,1.02,0.00,0.00,0.00,0.00,0.00,0.00,1.11,2.30,0.23,1.16,0.70,1.87,0.98,1.05,2.32,1.05,3.44,0.00,0.00,0.00,0.00,0.00,0.00,0.00,0.00,0.00,0.00,0.00
4450.5,-2.000,7.000,0.000,0.000,0.000,0,0,0.818,0,0.275,0.294,0.247,0.314,0.385,0.00,1.60,1.30,4.98,14.93,5.25,6.03,4.26,4.26,5.43,3.64,1.10,0.93,1.44,1.99,0.12,0.11,0.00,1.42,0.94,0.92,0.00,0.00,3.11,3.11,0.00,0.00,0.80,0.80,2.13,1.83,0.79,2.30,2.64,2.43,0.00,0.00,0.00,0.00,0.00,0.00,2.30,0.00,0.00,1.57,0.00,0.00,0.00,0.00,0.00,0.00,0.00,0.00,0.00,0.00,0.00,0.00,0.00,0.00,0.00,0.00,0.00,0.00,0.00,0.00,0.00,0.00,0.00,0.00,0.00,0.00,0.00,0.00,0.00,0.00,0.00,0.00,0.00,0.00,0.00,0.00,0.00,0.00,0.00,0.00,0.00,0.00,0.00,0.00,0.00,0.00,0.00,0.00,0.00,0.00,40.45,26.99,2.30,2.56,3.13,3.03,12.42,12.57,0.00,0.00,2.30,0.00,1.01,1.52,0.00,0.00,0.93,0.99,0.81,0.00,0.00,0.00,0.00,0.00,0.00,0.00,0.00,0.00,0.00,0.00,0.00,0.00,0.00,59.70,0.00,0.00,0.00,1.30,0.00,0.00,0.00,0.00,0.00,0.00,0.00,0.00,0.00,0.00,0.00,0.00,0.00,0.00,0.00,0.00,0.00,0.00,0.00,0.00,0.00,0.00,0.00,0.00,0.00,0.00,29.85,29.85,0.00,0.00,0.00,0.00,29.85,0.00,0.00,0.00,0.00,0.00,0.00,0.00,0.00,0.00,0.00,0.00,0.00,0.00,0.00,0.00,0.00,0.00,0.00,0.00,0.00,0.00,0.00,0.00,0.00,0.00,0.00,0.00,0.00,0.00,0.00,0.00,0.00,0.00,0.00,0.00,0.00,0.00,0.00,0.00,0.00,0.00,0.00,0.00,0.00,0.00,0.00,0.00,0.00,0.00,0.00,0.00,0.00,0.00,0.00,0.00,0.00,0.00,0.00,0.00,0.00,0.00,0.00,0.00,0.00,0.00,0.00,0.59,0.61,0.00,0.00,0.00,0.00,0.00,0.00,0.40,0.31,0.71,0.62,2.63,2.72,2.63,2.51,0.00,0.00,3.32,3.04,4.06,2.95,2.49,0.00,0.00,0.46,0.00,0.00,1.00,1.49,0.50,0.36,1.89,0.00,0.00,1.54,0.79,4.26,4.26,0.00,0.00,0.95,1.47,0.89,0.69,0.00,0.64,0.79,0.00,0.00,1.32,2.65,0.00,0.00,0.00,2.99,1.14,1.13,0.00,0.00,0.00,0.00,0.00,0.00,4.42,1.15,1.13,0.23,1.40,2.80,0.49,0.70,1.80,1.57,0.00,0.00,0.00,0.00,0.00,0.00,0.00,0.00,0.00,0.00,0.00,0.00
4550.5,-2.000,7.000,0.000,0.000,0.000,0,0,0.818,0,0.119,0.056,0.214,0.253,1.000,2.13,1.28,1.40,7.46,9.95,4.98,4.62,8.53,0.00,6.04,3.21,1.31,1.33,1.62,2.89,0.09,0.08,4.26,1.42,1.64,1.04,0.00,0.00,4.35,4.98,0.00,0.00,1.19,0.80,1.63,1.55,0.00,3.06,1.94,2.11,0.00,0.00,0.00,0.00,1.42,1.42,0.00,0.00,0.00,0.00,0.00,0.00,0.00,0.00,0.00,0.00,0.00,0.00,0.00,0.00,0.00,0.00,0.00,0.00,0.00,0.00,0.00,0.00,0.00,0.00,0.00,0.00,0.00,0.00,0.00,0.00,0.00,0.00,0.00,0.00,0.00,0.00,0.00,0.00,0.00,0.00,0.00,0.00,0.00,0.00,0.00,0.00,0.00,0.00,0.00,0.00,0.00,0.00,0.00,0.00,36.56,29.14,0.77,3.41,3.13,2.82,12.58,12.51,0.00,0.00,0.00,0.00,0.00,1.01,0.00,0.00,1.24,0.99,2.42,0.00,0.00,0.00,0.00,0.00,0.00,0.00,0.00,0.00,0.00,0.00,0.00,0.00,29.85,59.70,0.00,0.00,1.24,2.60,0.00,0.00,0.00,0.00,0.00,0.00,0.00,0.00,0.00,0.00,0.00,0.00,0.00,0.00,0.00,0.00,0.00,0.00,0.00,0.00,89.55,59.70,208.96,179.10,29.85,59.70,0.00,0.00,0.00,0.00,0.00,0.00,0.00,0.00,0.00,0.00,0.00,0.00,0.00,0.00,0.00,0.00,0.00,14.93,0.00,0.00,0.00,0.00,0.00,0.00,0.00,0.00,0.00,0.00,0.00,0.00,79.60,0.00,0.00,0.00,0.00,0.00,0.00,0.00,0.00,0.00,0.00,0.00,0.00,0.00,0.00,0.00,0.00,0.00,0.00,0.00,0.00,0.00,0.00,0.00,0.00,0.00,0.00,0.00,0.00,0.00,0.00,0.00,0.00,0.00,0.00,0.00,0.00,0.00,0.00,0.00,0.00,0.00,0.00,0.35,0.49,0.00,0.00,0.00,0.00,0.00,0.00,1.19,0.92,1.19,1.23,2.70,2.98,3.55,2.37,0.00,0.00,3.51,2.56,3.05,3.12,0.00,2.30,0.00,0.00,2.26,0.00,0.00,1.00,0.00,1.07,1.47,2.30,11.94,0.62,1.06,0.00,0.00,0.00,2.13,1.42,1.47,0.74,1.10,0.00,0.76,0.39,0.00,0.00,4.39,2.65,0.00,0.00,3.32,2.99,0.93,1.00,0.00,0.00,0.00,0.00,0.00,0.00,1.11,2.30,1.58,2.08,2.81,1.55,0.49,1.05,1.29,1.05,1.15,0.00,0.00,0.00,0.00,0.00,0.00,0.00,0.00,0.00,0.00,0.00
4650.5,-2.000,7.000,0.000,0.000,0.000,0,0,0.819,0,0.121,0.093,0.163,0.195,0.765,4.26,1.78,1.03,7.46,12.44,5.94,5.75,21.32,0.00,6.48,3.64,1.10,1.18,1.44,1.99,0.17,0.10,1.42,4.26,1.29,1.04,0.00,0.00,9.95,4.35,0.00,0.00,1.59,2.39,2.00,1.63,3.93,1.53,2.64,2.11,0.00,0.00,0.00,0.00,0.00,4.26,0.00,0.00,0.00,0.00,0.00,0.00,0.00,0.00,0.00,0.00,0.00,0.00,0.00,0.00,0.00,0.00,0.00,0.00,0.00,0.00,0.00,0.00,0.00,0.00,0.00,0.00,0.00,0.00,0.00,0.00,0.00,0.00,0.00,0.00,0.00,0.00,0.00,0.00,0.00,0.00,0.00,0.00,0.00,0.00,0.00,0.00,0.00,0.00,0.00,0.00,0.00,0.00,0.00,0.00,40.45,28.96,0.00,0.00,2.96,3.03,12.42,12.09,0.00,0.00,0.00,3.73,0.51,0.00,0.00,0.00,0.62,0.79,1.61,0.00,0.00,0.00,0.00,0.00,0.00,0.00,0.00,0.00,0.00,0.00,0.00,0.00,0.00,0.00,0.00,0.00,0.00,1.30,0.00,0.00,0.00,0.00,0.00,0.00,0.00,0.00,0.00,0.00,0.00,0.00,0.00,0.00,0.00,0.00,0.00,0.00,0.00,0.00,0.00,0.00,0.00,0.00,0.00,29.85,0.00,0.00,0.00,0.00,0.00,0.00,29.85,0.00,0.00,0.00,0.00,0.00,0.00,0.00,0.00,0.00,0.00,0.00,0.00,0.00,0.00,0.00,0.00,0.00,0.00,0.00,0.00,0.00,0.00,0.00,0.00,0.00,0.00,0.00,0.00,0.00,0.00,0.00,0.00,0.00,0.00,0.00,0.00,0.00,0.00,0.00,0.00,0.00,0.00,0.00,0.00,0.00,0.00,0.00,0.00,0.00,0.00,0.00,0.00,0.00,0.00,0.00,0.00,0.00,0.00,0.00,0.00,0.00,0.00,0.00,0.00,0.00,0.00,0.00,0.36,0.00,0.00,0.00,0.00,0.00,0.00,0.80,0.62,0.83,1.44,2.84,3.10,2.89,2.93,0.00,0.00,2.23,3.45,2.64,2.60,0.00,0.00,0.00,0.46,0.45,0.00,1.99,0.00,0.00,0.71,0.63,0.00,0.00,1.23,0.79,4.26,0.00,0.00,1.07,0.47,0.00,0.97,0.73,0.00,0.83,0.73,0.00,0.00,2.63,1.99,3.73,0.00,0.00,0.00,1.08,0.86,0.00,0.00,0.00,0.00,0.00,29.85,2.21,1.15,0.68,1.39,1.05,1.24,1.47,0.35,0.00,1.57,2.30,1.15,0.00,0.00,0.00,0.00,0.00,0.00,0.00,0.00,0.00,0.00
4750.5,-2.000,7.000,0.000,0.000,0.000,0,0,0.819,0,0.439,0.453,0.419,0.414,0.357,2.13,1.57,1.16,4.98,2.49,4.84,5.19,8.53,0.00,4.90,3.38,0.87,0.99,2.34,1.63,0.14,0.14,1.42,1.42,0.35,1.15,0.00,0.00,5.60,2.49,0.00,0.00,1.19,0.80,2.02,2.05,0.79,1.53,3.79,2.57,29.85,0.00,0.00,19.90,2.84,0.00,0.00,1.99,0.00,0.00,0.00,14.93,0.00,0.00,0.00,0.00,0.00,0.00,0.00,0.00,0.00,0.00,0.00,0.00,0.00,0.00,0.00,0.00,0.00,0.00,0.00,0.00,0.00,0.00,0.00,0.00,0.00,0.00,0.00,0.00,0.00,0.00,0.00,0.00,0.00,0.00,0.00,0.00,0.00,0.00,0.00,0.00,0.00,0.00,0.00,0.00,0.00,0.00,0.00,0.00,37.09,29.31,2.30,0.00,3.00,2.66,13.08,11.80,0.00,14.93,0.00,0.00,0.51,1.01,0.00,0.00,1.86,1.19,0.00,0.81,0.00,0.00,0.00,0.00,0.00,0.00,0.00,0.00,0.00,0.00,0.00,0.00,29.85,29.85,0.00,0.00,0.00,0.00,0.00,0.00,0.00,0.00,0.00,0.00,0.00,0.00,0.00,0.00,0.00,0.00,0.00,0.00,0.00,0.00,0.00,0.00,0.00,0.00,0.00,0.00,0.00,0.00,0.00,0.00,29.85,29.85,0.00,0.00,0.00,0.00,29.85,0.00,0.00,0.00,0.00,0.00,0.00,0.00,0.00,0.00,0.00,29.85,59.70,59.70,0.00,0.00,29.85,0.00,29.85,0.00,89.55,29.85,29.85,89.55,19.90,0.00,0.00,9.95,0.00,0.00,0.00,29.85,29.85,0.00,0.00,0.00,0.00,0.00,0.00,0.00,0.00,0.00,0.00,0.00,0.00,0.00,0.00,0.00,0.00,0.00,0.00,0.00,0.00,0.00,0.00,0.00,0.00,0.00,0.00,0.00,0.00,0.00,0.00,0.00,0.00,0.00,0.00,1.18,0.73,0.00,0.00,0.00,0.00,0.00,0.00,0.40,1.85,1.19,0.51,3.12,2.71,2.37,2.65,0.00,0.00,3.38,3.73,3.05,3.47,2.49,0.00,0.00,3.21,0.00,0.50,0.00,1.00,0.50,1.07,1.05,9.18,11.94,0.62,0.79,4.26,0.00,0.00,1.07,0.95,0.49,0.99,1.68,0.00,0.76,0.90,0.00,0.00,2.63,3.32,0.00,0.00,0.00,2.99,0.98,1.08,0.00,0.00,0.00,0.00,0.00,0.00,3.32,0.00,0.90,0.23,1.05,1.24,2.94,1.05,1.29,1.83,1.15,1.15,0.00,0.00,0.00,0.00,0.00,0.00,0.00,0.00,0.00,0.00
4850.5,-2.000,7.000,0.000,0.000,0.000,0,0,0.819,0,0.199,0.208,0.184,0.453,0.067,0.00,1.39,1.03,12.44,9.95,6.36,4.06,21.32,0.00,6.65,4.08,0.99,1.18,0.90,3.26,0.14,0.03,2.84,2.84,1.29,1.38,0.00,0.00,3.73,4.35,0.00,0.00,2.39,0.80,2.02,1.76,1.57,3.06,2.59,1.45,0.00,0.00,0.00,9.95,0.00,1.42,0.00,0.00,1.49,0.00,0.00,0.00,0.00,0.00,0.00,0.00,0.00,0.00,0.00,0.00,0.00,0.00,0.00,0.00,0.00,0.00,0.00,0.00,0.00,0.00,0.00,0.00,0.00,0.00,0.00,0.00,0.00,0.00,0.00,0.00,0.00,0.00,0.00,0.00,0.00,0.00,0.00,0.00,0.00,0.00,0.00,0.00,0.00,0.00,0.00,0.00,0.00,0.00,0.00,0.00,40.98,27.71,0.00,0.85,2.96,3.28,12.97,12.49,7.46,0.00,0.00,0.00,0.51,0.51,0.00,0.00,1.24,0.49,3.23,1.61,0.00,7.46,0.00,0.00,0.00,0.00,0.00,0.00,0.00,0.00,0.00,0.00,0.00,0.00,0.00,0.00,1.24,0.00,0.00,0.00,0.00,0.00,0.00,0.00,0.00,0.00,0.00,0.00,0.00,0.00,0.00,0.00,0.00,0.00,0.00,0.00,0.00,0.00,0.00,0.00,0.00,0.00,0.00,0.00,0.00,0.00,0.00,0.00,0.00,0.00,29.85,0.00,0.00,0.00,0.00,0.00,0.00,0.00,0.00,0.00,0.00,0.00,0.00,0.00,0.00,0.00,0.00,0.00,29.85,0.00,29.85,0.00,0.00,0.00,0.00,0.00,0.00,0.00,0.00,0.00,0.00,0.00,0.00,0.00,0.00,0.00,0.00,0.00,0.00,0.00,0.00,0.00,0.00,0.00,0.00,0.00,0.00,0.00,0.00,0.00,0.00,0.00,0.00,0.00,0.00,0.00,0.00,0.00,0.00,0.00,0.00,0.00,0.00,0.00,0.00,0.00,0.00,0.00,0.00,0.00,0.00,0.00,0.00,0.00,0.00,0.80,0.92,1.66,1.54,2.84,2.72,1.97,3.49,0.00,0.00,2.81,2.97,3.66,1.91,0.00,0.00,0.00,0.46,0.90,3.98,1.99,0.50,5.97,1.42,0.42,4.59,17.91,1.23,0.26,4.26,0.00,0.00,1.07,0.47,0.49,1.08,1.37,0.00,0.64,0.45,0.00,0.00,1.76,4.64,0.00,0.00,0.00,0.00,0.92,0.78,0.00,0.00,0.00,0.00,0.00,0.00,1.11,0.00,1.36,0.69,0.00,0.93,0.49,0.70,1.03,0.79,0.00,0.00,0.00,0.00,0.00,0.00,0.00,0.00,0.00,0.00,0.00,0.00
4950.5,-2.000,7.000,0.000,0.000,0.000,0,0,0.820,0,0.142,0.109,0.190,0.179,0.106,2.13,1.28,1.00,7.46,4.98,5.39,6.31,17.06,0.00,5.43,2.95,0.91,0.93,2.88,0.54,0.12,0.09,1.42,1.42,1.05,1.04,0.00,0.00,3.73,6.22,0.00,0.00,0.80,0.40,1.59,1.57,4.71,1.53,2.13,1.45,0.00,0.00,0.00,0.00,0.00,0.00,0.00,0.00,0.00,0.00,0.00,0.00,0.00,0.00,0.00,0.00,0.00,0.00,0.00,0.00,0.00,0.00,0.00,0.00,0.00,0.00,0.00,0.00,0.00,0.00,0.00,0.00,0.00,0.00,0.00,0.00,0.00,0.00,0.00,0.00,0.00,0.00,0.00,0.00,0.00,0.00,0.00,0.00,0.00,0.00,0.00,0.00,0.00,0.00,0.00,0.00,0.00,0.00,0.00,0.00,40.80,28.42,1.53,2.56,2.89,3.12,13.00,12.30,0.00,0.00,0.00,1.87,0.51,2.02,0.00,0.00,0.62,1.09,0.00,0.00,0.00,0.00,0.00,0.00,0.00,0.00,0.00,0.00,0.00,0.00,0.00,0.00,0.00,0.00,0.00,0.00,1.24,0.00,0.00,0.00,0.00,0.00,0.00,0.00,0.00,0.00,0.00,0.00,0.00,0.00,0.00,0.00,0.00,0.00,0.00,0.00,0.00,0.00,0.00,0.00,0.00,0.00,0.00,0.00,0.00,0.00,0.00,0.00,0.00,0.00,0.00,0.00,0.00,0.00,0.00,0.00,0.00,0.00,0.00,0.00,0.00,14.93,0.00,0.00,0.00,0.00,0.00,0.00,0.00,0.00,0.00,0.00,0.00,0.00,0.00,0.00,0.00,0.00,0.00,0.00,0.00,0.00,0.00,0.00,0.00,0.00,0.00,0.00,0.00,0.00,0.00,0.00,0.00,0.00,0.00,0.00,0.00,0.00,0.00,0.00,0.00,0.00,0.00,0.00,0.00,0.00,0.00,0.00,0.00,0.00,0.00,0.00,0.00,0.00,0.00,0.00,0.00,0.35,0.12,0.00,0.00,0.00,0.00,0.00,0.00,0.80,0.00,1.19,0.92,2.78,2.96,3.55,3.21,0.00,4.98,3.13,2.42,3.66,2.08,2.49,0.00,0.00,0.00,0.45,0.50,0.50,0.00,1.00,0.71,1.05,0.00,0.00,0.62,0.26,0.00,0.00,0.00,3.20,0.47,0.00,0.65,0.60,0.00,0.89,0.96,0.00,0.00,5.27,0.66,3.73,4.26,0.00,0.00,0.75,1.00,0.00,0.00,0.00,0.00,0.00,0.00,1.11,1.15,1.36,0.00,0.70,0.00,0.00,0.70,1.29,0.79,0.00,0.00,0.00,0.00,0.00,0.00,0.00,0.00,0.00,0.00,0.00,0.00
5050.5,-2.000,7.000,0.000,0.000,0.000,0,0,0.820,0,0.378,0.303,0.490,0.455,0.415,0.00,1.10,1.03,4.98,7.46,5.25,4.34,12.79,4.26,5.34,3.12,0.89,0.87,2.70,1.45,0.08,0.10,2.84,0.00,0.70,1.15,0.00,0.00,4.35,4.98,0.00,0.00,1.59,1.99,2.13,2.10,1.57,1.53,3.61,3.37,0.00,0.00,0.00,0.00,2.84,1.42,0.00,0.00,1.49,0.00,0.00,0.00,0.00,0.00,0.00,0.00,0.00,0.00,0.00,0.00,0.00,0.00,0.00,0.00,0.00,0.00,0.00,0.00,0.00,0.00,0.00,0.00,0.00,0.00,0.00,0.00,0.00,0.00,0.00,0.00,0.00,0.00,0.00,0.00,0.00,0.00,0.00,0.00,0.00,0.00,0.00,0.00,0.00,0.00,0.00,0.00,0.00,0.00,0.00,0.00,40.63,30.03,2.30,0.85,2.96,3.14,12.58,12.12,0.00,0.00,0.00,3.73,1.01,0.00,0.00,0.00,0.46,1.58,1.61,0.00,0.00,0.00,0.00,0.00,0.00,0.00,0.00,0.00,0.00,0.00,0.00,0.00,29.85,29.85,0.00,0.00,1.24,1.30,0.00,0.00,0.00,0.00,0.00,0.00,0.00,0.00,0.00,0.00,0.00,0.00,0.00,0.00,0.00,0.00,0.00,0.00,0.00,0.00,0.00,0.00,0.00,0.00,0.00,0.00,14.93,29.85,0.00,0.00,0.00,0.00,0.00,0.00,0.00,0.00,0.00,0.00,0.00,0.00,0.00,0.00,0.00,44.78,59.70,29.85,0.00,0.00,59.70,29.85,29.85,0.00,59.70,29.85,29.85,29.85,0.00,0.00,0.00,0.00,0.00,0.00,0.00,29.85,0.00,0.00,0.00,0.00,0.00,0.00,0.00,0.00,0.00,0.00,0.00,0.00,0.00,0.00,0.00,0.00,0.00,0.00,0.00,0.00,0.00,0.00,0.00,0.00,0.00,0.00,0.00,0.00,0.00,0.00,0.00,0.00,0.00,0.00,0.00,0.24,0.73,0.00,0.00,0.00,0.00,0.00,0.00,1.19,0.31,1.31,0.82,2.91,2.77,3.42,3.35,0.00,0.00,3.00,2.69,4.26,2.78,0.00,2.30,0.00,0.00,0.00,0.00,0.00,0.00,0.00,0.71,1.89,0.00,8.96,1.23,1.85,0.00,0.00,0.00,1.07,0.00,0.49,1.22,0.77,0.00,1.08,0.45,0.00,0.00,3.51,3.98,0.00,0.00,0.00,2.99,1.17,1.04,0.00,0.00,0.00,0.00,0.00,0.00,2.21,2.30,1.36,0.23,1.76,1.55,0.00,1.76,1.29,0.26,2.30,1.15,0.00,0.00,0.00,0.00,0.00,0.00,0.00,0.00,0.00,0.00
5150.5,-2.000,7.000,0.000,0.000,0.000,0,0,0.821,0,0.289,0.300,0.273,0.591,0.610,2.13,1.57,1.33,12.44,9.95,5.39,4.20,12.79,4.26,5.60,3.38,0.95,1.12,1.62,2.35,0.08,0.11,2.84,4.26,0.82,1.61,0.00,0.00,7.46,4.98,0.00,0.00,1.59,0.40,2.12,2.15,1.57,6.12,2.31,4.68,0.00,0.00,0.00,0.00,1.42,0.00,2.30,0.00,1.49,1.57,0.00,0.00,29.85,0.00,0.00,0.00,0.00,0.00,0.00,0.00,0.00,0.00,0.00,0.00,0.00,0.00,0.00,0.00,0.00,0.00,0.00,0.00,0.00,0.00,0.00,0.00,0.00,0.00,0.00,0.00,0.00,0.00,0.00,0.00,0.00,0.00,0.00,0.00,0.00,0.00,0.00,0.00,0.00,0.00,0.00,0.00,0.00,0.00,0.00,0.00,40.63,26.10,1.53,0.85,3.09,3.19,12.45,12.04,0.00,0.00,2.30,0.00,0.00,0.51,0.00,0.00,0.93,1.09,0.81,0.81,0.00,0.00,0.00,0.00,0.00,0.00,0.00,29.85,0.00,0.00,0.00,0.00,0.00,29.85,0.00,0.00,0.00,2.60,0.00,0.00,0.00,0.00,0.00,0.00,0.00,0.00,0.00,0.00,0.00,0.00,0.00,0.00,0.00,0.00,0.00,0.00,14.93,0.00,0.00,0.00,89.55,89.55,29.85,29.85,0.00,0.00,0.00,0.00,0.00,0.00,29.85,0.00,0.00,0.00,0.00,0.00,0.00,0.00,0.00,0.00,0.00,0.00,0.00,0.00,0.00,0.00,0.00,29.85,44.78,0.00,59.70,59.70,0.00,0.00,39.80,0.00,0.00,0.00,0.00,0.00,0.00,0.00,29.85,0.00,0.00,0.00,0.00,0.00,0.00,0.00,0.00,0.00,0.00,0.00,0.00,0.00,0.00,0.00,0.00,0.00,0.00,0.00,0.00,0.00,0.00,0.00,0.00,0.00,0.00,0.00,0.00,0.00,0.00,0.00,0.00,0.00,0.00,0.71,0.61,3.23,1.87,0.00,0.00,0.01,0.00,0.80,0.62,0.83,1.03,2.78,3.16,3.68,3.07,0.00,4.98,2.93,3.39,1.83,2.78,0.00,4.59,0.00,4.59,1.81,0.50,0.50,1.00,1.00,2.13,0.84,9.18,2.99,0.92,1.58,0.00,0.00,0.00,0.00,0.95,1.47,1.01,1.06,0.00,0.95,0.62,0.00,0.00,3.07,1.99,0.00,8.53,0.00,0.00,1.09,1.26,0.00,0.00,0.00,0.00,0.00,0.00,0.00,0.00,0.23,1.85,2.46,2.80,0.98,0.35,1.03,1.31,6.89,6.89,0.00,0.00,0.00,0.00,0.00,0.00,0.00,0.00,0.00,0.00
5250.5,-2.000,7.000,0.000,0.000,0.000,0,0,0.821,0,0.183,0.180,0.188,0.240,0.480,0.00,1.32,1.06,12.44,14.93,5.11,5.05,12.79,4.26,6.22,3.47,1.12,0.97,1.44,1.99,0.12,0.11,1.42,2.84,0.94,1.15,0.00,0.00,4.35,6.84,0.00,0.00,0.80,0.80,2.18,1.95,0.79,3.83,2.45,2.29,0.00,0.00,0.00,0.00,1.42,1.42,0.00,3.98,0.00,1.57,0.00,0.00,0.00,0.00,0.00,0.00,0.00,0.00,0.00,0.00,0.00,0.00,0.00,0.00,0.00,0.00,0.00,0.00,0.00,0.00,0.00,0.00,0.00,0.00,0.00,0.00,0.00,0.00,0.00,0.00,0.00,0.00,0.00,0.00,0.00,0.00,0.00,0.00,0.00,0.00,0.00,0.00,0.00,0.00,0.00,0.00,0.00,0.00,0.00,0.00,37.09,33.25,0.00,0.00,3.35,2.86,13.18,12.75,7.46,0.00,0.00,0.00,0.51,0.00,0.00,0.00,1.08,1.09,0.00,1.61,0.00,0.00,0.00,0.00,0.00,0.00,0.00,0.00,0.00,0.00,0.00,0.00,0.00,0.00,0.00,0.00,0.00,0.00,0.00,0.00,0.00,0.00,0.00,0.00,0.00,0.00,0.00,0.00,0.00,0.00,0.00,0.00,0.00,0.00,0.00,0.00,14.93,0.00,0.00,0.00,0.00,0.00,0.00,0.00,29.85,29.85,0.00,0.00,0.00,0.00,29.85,0.00,0.00,0.00,0.00,0.00,0.00,0.00,0.00,0.00,0.00,0.00,0.00,0.00,0.00,0.00,0.00,0.00,0.00,0.00,0.00,0.00,0.00,0.00,9.95,0.00,0.00,0.00,0.00,0.00,0.00,0.00,0.00,0.00,0.00,0.00,0.00,0.00,0.00,0.00,0.00,0.00,0.00,0.00,0.00,0.00,0.00,0.00,0.00,0.00,0.00,0.00,0.00,0.00,0.00,0.00,0.00,0.00,0.00,0.00,0.00,0.00,0.00,0.00,0.00,0.00,0.00,0.12,0.12,0.00,0.00,0.00,0.00,0.00,0.00,0.40,0.00,1.43,1.23,3.02,2.93,2.63,3.07,4.98,4.98,2.55,3.04,2.84,1.74,0.00,2.30,0.00,1.84,0.00,0.00,0.00,0.00,0.00,0.36,0.42,2.30,0.00,0.62,1.85,0.00,4.26,0.00,0.00,0.47,0.49,0.59,0.71,0.00,0.76,0.79,0.00,0.00,3.07,1.99,3.73,0.00,3.32,2.99,1.01,1.10,0.00,0.00,0.00,0.00,0.00,0.00,5.53,1.15,0.68,1.16,0.70,2.49,0.00,0.70,1.29,0.52,3.44,2.30,0.00,0.00,0.00,0.00,0.00,0.00,0.00,0.00,0.00,0.00
5350.5,-2.000,7.000,0.000,0.000,0.000,0,0,0.821,0,0.051,0.019,0.098,0.316,1.000,0.00,1.39,1.16,7.46,12.44,4.42,4.76,12.79,0.00,6.13,2.34,0.95,0.70,1.80,1.99,0.09,0.09,0.00,2.84,1.17,0.92,0.00,0.00,3.73,4.98,0.00,0.00,0.80,1.59,1.99,1.76,0.79,3.83,2.59,2.06,0.00,0.00,0.00,0.00,0.00,0.00,2.30,0.00,0.00,0.00,0.00,0.00,0.00,0.00,0.00,0.00,0.00,0.00,0.00,0.00,0.00,0.00,0.00,0.00,0.00,0.00,0.00,0.00,0.00,0.00,0.00,0.00,0.00,0.00,0.00,0.00,0.00,0.00,0.00,0.00,0.00,0.00,0.00,0.00,0.00,0.00,0.00,0.00,0.00,0.00,0.00,0.00,0.00,0.00,0.00,0.00,0.00,0.00,0.00,0.00,41.69,30.21,0.00,2.56,3.07,3.19,13.05,11.30,0.00,0.00,0.00,1.87,1.52,2.53,0.00,0.00,1.55,0.99,0.81,0.81,0.00,0.00,0.00,0.00,0.00,0.00,0.00,0.00,0.00,0.00,0.00,0.00,29.85,29.85,0.00,0.00,0.00,0.00,0.00,0.00,0.00,0.00,0.00,0.00,0.00,0.00,0.00,0.00,0.00,0.00,0.00,0.00,0.00,0.00,0.00,0.00,0.00,0.00,0.00,14.93,29.85,29.85,0.00,29.85,0.00,0.00,0.00,0.00,14.93,0.00,0.00,0.00,0.00,0.00,0.00,0.00,0.00,0.00,0.00,0.00,0.00,14.93,0.00,0.00,0.00,0.00,0.00,0.00,29.85,0.00,29.85,0.00,0.00,0.00,29.85,0.00,0.00,0.00,0.00,0.00,0.00,0.00,0.00,0.00,0.00,0.00,0.00,0.00,0.00,0.00,0.00,0.00,0.00,0.00,0.00,0.00,0.00,0.00,0.00,0.00,0.00,0.00,0.00,0.00,0.00,0.00,0.00,0.00,0.00,0.00,0.00,0.00,0.00,0.00,0.00,0.00,0.00,0.35,0.61,0.00,0.00,0.00,0.00,0.00,0.00,0.40,0.62,0.36,1.03,2.95,3.09,3.42,3.63,0.00,0.00,3.19,3.04,3.45,2.78,0.00,0.00,0.00,0.00,0.00,0.50,0.00,0.50,0.50,0.71,1.26,0.00,0.00,0.62,1.58,0.00,0.00,0.00,1.07,0.95,0.98,0.74,0.77,0.00,0.70,1.13,0.00,0.00,3.51,2.65,0.00,0.00,0.00,0.00,0.96,0.94,0.00,0.00,0.00,0.00,0.00,0.00,1.11,1.15,0.90,1.16,1.76,1.87,0.49,1.40,1.29,0.79,1.15,0.00,0.00,0.00,0.00,0.00,0.00,0.00,0.00,0.00,0.00,0.00
5450.5,-2.000,7.000,0.000,0.000,0.000,0,0,0.822,0,0.165,0.195,0.120,0.547,0.415,0.00,1.42,1.06,12.44,12.44,4.56,4.34,8.53,4.26,5.95,3.73,1.14,1.27,1.80,2.35,0.17,0.14,1.42,0.00,1.52,1.15,0.00,0.00,4.35,9.33,0.00,0.00,0.00,1.19,2.24,2.24,2.36,3.06,2.96,2.43,0.00,0.00,0.00,0.00,1.42,0.00,0.00,0.00,0.00,0.00,0.00,0.00,0.00,0.00,0.00,0.00,0.00,0.00,0.00,0.00,0.00,0.00,0.00,0.00,0.00,0.00,0.00,0.00,0.00,0.00,0.00,0.00,0.00,0.00,0.00,0.00,0.00,0.00,0.00,0.00,0.00,0.00,0.00,0.00,0.00,0.00,0.00,0.00,0.00,0.00,0.00,0.00,0.00,0.00,0.00,0.00,0.00,0.00,0.00,0.00,40.27,31.28,1.53,3.41,2.67,3.00,12.95,11.80,0.00,0.00,0.00,1.87,1.52,1.52,0.00,0.00,0.93,0.69,1.61,0.00,0.00,0.00,0.00,0.00,0.00,0.00,29.85,0.00,0.00,0.00,0.00,0.00,0.00,0.00,0.00,0.00,1.24,1.30,0.00,0.00,0.00,0.00,0.00,0.00,0.00,0.00,0.00,0.00,0.00,0.00,0.00,0.00,0.00,0.00,0.00,0.00,0.00,0.00,0.00,0.00,29.85,29.85,0.00,0.00,0.00,0.00,0.00,0.00,0.00,0.00,29.85,0.00,0.00,0.00,0.00,0.00,0.00,0.00,0.00,0.00,0.00,0.00,0.00,0.00,0.00,0.00,0.00,0.00,29.85,14.93,59.70,29.85,0.00,0.00,29.85,0.00,0.00,0.00,0.00,0.00,0.00,0.00,0.00,0.00,0.00,0.00,0.00,0.00,0.00,0.00,0.00,0.00,0.00,0.00,0.00,0.00,0.00,0.00,0.00,0.00,0.00,0.00,0.00,0.00,0.00,0.00,0.00,0.00,0.00,0.00,0.00,0.00,0.00,0.00,0.00,0.00,0.00,0.47,0.36,1.61,0.00,0.00,0.00,0.01,0.00,0.80,0.31,0.36,1.13,2.99,2.75,2.50,2.65,4.98,0.00,2.42,3.25,2.84,3.30,0.00,0.00,14.93,0.00,0.00,0.00,0.00,0.00,0.50,1.07,0.42,0.00,0.00,0.62,1.32,0.00,0.00,0.00,4.26,0.47,0.00,0.80,0.77,0.00,0.32,0.73,0.00,0.00,0.88,1.99,0.00,0.00,0.00,0.00,1.03,1.04,0.00,0.00,0.00,0.00,0.00,0.00,0.00,0.00,0.23,0.93,0.35,1.24,2.45,2.11,0.77,0.79,1.15,1.15,0.00,0.00,0.00,0.00,0.00,0.00,0.00,0.00,0.00,0.00
5550.5,-2.000,7.000,0.000,0.000,0.000,0,0,0.822,0,0.138,0.160,0.105,0.251,1.000,2.13,1.14,1.10,7.46,7.46,4.56,4.76,12.79,0.00,4.81,3.56,1.16,1.31,2.70,1.09,0.17,0.09,0.00,1.42,1.40,1.27,0.00,0.00,5.60,6.22,0.00,0.00,0.80,0.80,1.91,1.75,1.57,2.30,1.90,1.92,0.00,0.00,0.00,0.00,0.00,0.00,0.00,1.99,0.00,0.00,0.00,0.00,0.00,0.00,0.00,0.00,0.00,0.00,0.00,0.00,0.00,0.00,0.00,0.00,0.00,0.00,0.00,0.00,0.00,0.00,0.00,0.00,0.00,0.00,0.00,0.00,0.00,0.00,0.00,0.00,0.00,0.00,0.00,0.00,0.00,0.00,0.00,0.00,0.00,0.00,0.00,0.00,0.00,0.00,0.00,0.00,0.00,0.00,0.00,0.00,40.27,27.88,2.30,1.71,3.07,3.07,13.18,12.04,0.00,0.00,0.00,0.00,2.02,0.51,0.00,0.00,1.39,1.28,0.00,0.81,0.00,0.00,0.00,0.00,0.00,0.00,0.00,0.00,0.00,0.00,0.00,0.00,29.85,29.85,0.00,0.00,2.49,0.00,0.00,0.00,0.00,0.00,0.00,0.00,0.00,0.00,0.00,0.00,0.00,0.00,0.00,0.00,0.00,0.00,0.00,0.00,0.00,0.00,59.70,29.85,119.40,119.40,29.85,59.70,0.00,0.00,0.00,0.00,0.00,0.00,29.85,0.00,0.00,0.00,0.00,0.00,0.00,0.00,0.00,0.00,0.00,0.00,0.00,0.00,0.00,0.00,0.00,0.00,0.00,0.00,0.00,0.00,0.00,0.00,49.75,0.00,0.00,0.00,0.00,0.00,0.00,29.85,0.00,0.00,0.00,0.00,0.00,0.00,0.00,0.00,0.00,0.00,0.00,0.00,0.00,0.00,0.00,0.00,0.00,0.00,0.00,0.00,0.00,0.00,0.00,0.00,0.00,0.00,0.00,0.00,0.00,0.00,0.00,0.00,0.00,0.00,0.00,0.12,0.24,0.00,0.00,0.00,0.00,0.00,0.00,0.80,0.92,0.83,1.13,2.91,2.83,4.21,3.07,0.00,0.00,2.68,3.04,3.45,2.78,0.00,0.00,0.00,0.46,1.36,0.00,0.00,0.00,1.49,0.36,1.47,6.89,2.99,1.54,0.79,12.79,0.00,9.95,0.00,1.90,0.98,0.85,1.43,0.00,0.44,0.68,0.00,0.00,1.32,3.32,7.46,0.00,0.00,0.00,0.91,1.01,0.00,0.00,0.00,0.00,0.00,0.00,0.00,1.15,0.90,0.46,0.70,0.31,2.45,1.40,0.77,0.00,4.59,4.59,0.00,0.00,0.00,0.00,0.00,0.00,0.00,0.00,0.00,0.00
5650.5,-2.000,7.000,0.000,0.000,0.000,0,0,0.823,0,0.170,0.124,0.239,0.141,0.635,0.00,1.21,0.96,12.44,12.44,6.08,5.19,17.06,4.26,7.88,3.47,1.01,0.95,1.98,2.71,0.05,0.10,4.26,2.84,1.76,0.92,0.00,0.00,5.60,3.73,0.00,0.00,1.19,0.80,1.74,1.59,2.36,2.30,2.59,1.92,0.00,0.00,0.00,0.00,0.00,0.00,0.00,1.99,0.00,0.00,14.93,0.00,0.00,0.00,0.00,0.00,0.00,0.00,0.00,0.00,0.00,0.00,0.00,0.00,0.00,0.00,0.00,0.00,0.00,0.00,0.00,0.00,0.00,0.00,0.00,0.00,0.00,0.00,0.00,0.00,0.00,0.00,0.00,0.00,0.00,0.00,0.00,0.00,0.00,0.00,0.00,0.00,0.00,0.00,0.00,0.00,0.00,0.00,0.00,0.00,43.45,23.06,1.53,0.00,2.80,3.35,13.41,11.96,0.00,0.00,2.30,0.00,0.51,2.53,0.00,0.00,0.93,0.89,0.81,1.61,0.00,0.00,0.00,0.00,0.00,0.00,0.00,0.00,0.00,0.00,0.00,0.00,0.00,29.85,0.00,0.00,0.00,2.60,0.00,0.00,0.00,0.00,0.00,0.00,0.00,0.00,0.00,0.00,0.00,0.00,0.00,0.00,0.00,0.00,0.00,0.00,0.00,0.00,0.00,0.00,0.00,0.00,0.00,0.00,0.00,0.00,0.00,0.00,0.00,0.00,29.85,0.00,0.00,0.00,0.00,0.00,0.00,0.00,0.00,0.00,0.00,29.85,29.85,29.85,0.00,0.00,0.00,0.00,0.00,0.00,0.00,0.00,0.00,0.00,0.00,0.00,0.00,0.00,0.00,0.00,0.00,0.00,0.00,0.00,0.00,0.00,0.00,0.00,0.00,0.00,0.00,0.00,0.00,0.00,0.00,0.00,0.00,0.00,0.00,0.00,0.00,0.00,0.00,0.00,0.00,0.00,0.00,0.00,0.00,0.00,0.00,0.00,0.00,0.00,0.00,0.00,0.00,0.24,0.24,0.00,0.00,0.00,0.00,0.00,0.00,0.80,1.23,1.07,1.13,3.20,2.89,3.55,2.51,0.00,0.00,2.49,2.56,2.84,2.26,4.98,2.30,0.00,0.00,0.00,0.00,0.00,0.00,0.00,1.78,0.84,0.00,0.00,1.23,0.26,0.00,0.00,0.00,0.00,0.95,0.98,0.82,0.69,0.00,0.83,0.79,0.00,0.00,3.07,2.65,0.00,0.00,0.00,2.99,0.91,0.97,0.00,0.00,0.00,0.00,0.00,0.00,2.21,2.30,0.45,1.16,1.40,1.87,0.49,1.40,0.77,0.79,0.00,1.15,0.00,0.00,0.00,0.00,0.00,0.00,0.00,0.00,0.00,0.00
5750.5,-2.000,7.000,0.000,0.000,0.000,0,0,0.823,0,0.321,0.410,0.187,0.508,0.243,0.00,1.46,0.96,12.44,12.44,4.84,4.48,17.06,0.00,4.46,3.82,0.82,0.97,2.34,1.09,0.14,0.09,2.84,1.42,1.17,0.69,0.00,0.00,4.35,6.84,0.00,0.00,0.80,0.40,1.86,1.67,3.93,2.30,1.57,1.26,0.00,0.00,0.00,0.00,0.00,0.00,0.00,0.00,0.00,0.00,0.00,0.00,0.00,0.00,0.00,0.00,0.00,0.00,0.00,0.00,0.00,0.00,0.00,0.00,0.00,0.00,0.00,0.00,0.00,0.00,0.00,0.00,0.00,0.00,0.00,0.00,0.00,0.00,0.00,0.00,0.00,0.00,0.00,0.00,0.00,0.00,0.00,0.00,0.00,0.00,0.00,0.00,0.00,0.00,0.00,0.00,0.00,0.00,0.00,0.00,38.86,28.42,2.30,0.00,2.93,2.52,13.62,11.70,0.00,0.00,2.30,1.87,0.51,0.51,0.00,0.00,1.08,1.28,1.61,0.00,0.00,0.00,0.00,0.00,0.00,0.00,0.00,0.00,0.00,0.00,0.00,0.00,0.00,0.00,0.00,0.00,0.00,0.00,0.00,0.00,0.00,0.00,0.00,0.00,0.00,0.00,0.00,0.00,0.00,0.00,0.00,0.00,0.00,0.00,0.00,0.00,0.00,0.00,0.00,0.00,0.00,0.00,0.00,0.00,0.00,0.00,0.00,0.00,0.00,0.00,29.85,0.00,0.00,0.00,0.00,0.00,0.00,0.00,0.00,0.00,0.00,0.00,0.00,0.00,0.00,0.00,0.00,0.00,0.00,0.00,59.70,0.00,29.85,0.00,0.00,0.00,0.00,0.00,0.00,0.00,0.00,0.00,0.00,0.00,0.00,0.00,0.00,0.00,0.00,0.00,0.00,0.00,0.00,0.00,0.00,0.00,0.00,0.00,0.00,0.00,0.00,0.00,0.00,0.00,0.00,0.00,0.00,0.00,0.00,0.00,0.00,0.00,0.00,0.00,0.00,0.00,0.00,0.24,0.24,0.00,0.00,0.00,0.00,0.00,0.00,0.00,0.00,1.31,0.82,3.23,2.97,2.50,3.49,0.00,0.00,3.25,2.69,4.67,2.95,0.00,0.00,0.00,0.00,0.45,0.50,1.00,0.00,0.00,1.78,1.05,16.07,14.93,0.31,0.53,0.00,0.00,0.00,3.20,0.95,0.00,0.65,0.83,0.00,0.89,1.01,0.00,0.00,0.88,4.64,0.00,0.00,3.32,0.00,0.93,1.02,0.00,0.00,0.00,0.00,0.00,0.00,0.00,1.15,0.23,1.39,0.35,0.31,0.49,0.70,0.77,0.52,2.30,1.15,0.00,0.00,0.00,0.00,0.00,0.00,0.00,0.00,0.00,0.00
5850.5,-2.000,7.000,0.000,0.000,0.000,0,0,0.823,0,0.167,0.200,0.117,0.243,0.202,0.00,1.18,1.03,7.46,12.44,5.11,4.62,21.32,4.26,6.04,3.21,0.87,0.95,1.98,1.45,0.14,0.11,1.42,4.26,0.94,1.27,0.00,0.00,4.35,4.98,0.00,0.00,1.59,0.40,1.72,1.79,3.14,1.53,2.64,1.68,0.00,0.00,0.00,0.00,1.42,0.00,0.00,1.99,1.49,1.57,14.93,0.00,0.00,0.00,0.00,0.00,0.00,0.00,0.00,0.00,0.00,0.00,0.00,0.00,0.00,0.00,0.00,0.00,0.00,0.00,0.00,0.00,0.00,0.00,0.00,0.00,0.00,0.00,0.00,0.00,0.00,0.00,0.00,0.00,0.00,0.00,0.00,0.00,0.00,0.00,0.00,0.00,0.00,0.00,0.00,0.00,0.00,0.00,0.00,0.00,38.68,32.00,0.77,1.71,2.78,3.40,12.66,11.70,0.00,0.00,0.00,1.87,1.52,1.52,0.00,0.00,0.46,1.38,0.81,3.23,0.00,3.73,0.00,0.00,0.00,0.00,0.00,0.00,0.00,0.00,0.00,0.00,0.00,0.00,0.00,0.00,1.24,0.00,0.00,0.00,0.00,0.00,0.00,0.00,0.00,0.00,0.00,0.00,0.00,0.00,0.00,0.00,0.00,0.00,0.00,0.00,0.00,0.00,0.00,0.00,0.00,0.00,0.00,0.00,0.00,0.00,0.00,0.00,0.00,0.00,29.85,0.00,0.00,0.00,0.00,0.00,0.00,0.00,0.00,0.00,0.00,0.00,0.00,0.00,0.00,0.00,0.00,0.00,0.00,0.00,0.00,0.00,0.00,0.00,0.00,0.00,0.00,0.00,0.00,0.00,0.00,0.00,0.00,0.00,0.00,0.00,0.00,0.00,0.00,0.00,0.00,0.00,0.00,0.00,0.00,0.00,0.00,0.00,0.00,0.00,0.00,0.00,0.00,0.00,0.00,0.00,0.00,0.00,0.00,0.00,0.00,0.00,0.00,0.00,0.00,0.00,0.00,0.12,0.00,0.00,0.00,0.00,0.00,0.00,0.00,0.00,0.00,1.07,0.92,2.74,3.26,2.76,3.63,0.00,0.00,2.87,3.45,1.83,3.30,0.00,2.30,0.00,0.00,0.45,1.99,1.00,0.50,1.49,1.07,0.84,0.00,0.00,1.54,0.79,0.00,0.00,0.00,1.07,0.00,0.00,0.70,0.68,0.00,0.64,0.84,0.00,0.00,2.63,1.33,0.00,0.00,0.00,0.00,0.82,1.02,0.00,0.00,0.00,0.00,0.00,0.00,0.00,0.00,0.90,0.23,1.05,1.24,3.43,2.11,1.54,0.79,2.30,0.00,0.00,0.00,0.00,0.00,0.00,0.00,0.00,0.00,0.00,0.00
5950.5,-2.000,7.000,0.000,0.000,0.000,0,0,0.824,0,0.064,0.038,0.104,0.128,1.000,2.13,1.60,1.26,7.46,9.95,5.80,4.91,17.06,0.00,6.13,2.95,0.97,0.93,1.98,1.45,0.12,0.14,0.00,0.00,0.59,0.92,0.00,0.00,4.35,6.22,0.00,0.00,1.59,1.19,2.00,1.80,0.79,0.00,2.04,2.53,0.00,0.00,0.00,0.00,0.00,0.00,0.00,1.99,4.48,1.57,0.00,0.00,0.00,0.00,0.00,0.00,0.00,0.00,0.00,0.00,0.00,0.00,0.00,0.00,0.00,0.00,0.00,0.00,0.00,0.00,0.00,0.00,0.00,0.00,0.00,0.00,0.00,0.00,0.00,0.00,0.00,0.00,0.00,0.00,0.00,0.00,0.00,0.00,0.00,0.00,0.00,0.00,0.00,0.00,0.00,0.00,0.00,0.00,0.00,0.00,43.80,28.60,2.30,0.85,2.89,3.21,13.05,11.91,0.00,0.00,2.30,0.00,0.51,2.02,0.00,0.00,0.93,0.89,0.81,1.61,0.00,0.00,0.00,0.00,0.00,0.00,0.00,0.00,0.00,0.00,0.00,0.00,0.00,29.85,0.00,0.00,0.00,1.30,0.00,0.00,0.00,0.00,0.00,0.00,0.00,0.00,0.00,0.00,0.00,0.00,0.00,0.00,0.00,0.00,0.00,0.00,0.00,0.00,0.00,0.00,119.40,149.25,89.55,29.85,89.55,104.48,0.00,0.00,0.00,0.00,29.85,0.00,0.00,0.00,0.00,0.00,0.00,0.00,0.00,0.00,0.00,0.00,0.00,0.00,0.00,0.00,0.00,0.00,0.00,0.00,0.00,0.00,0.00,0.00,0.00,29.85,29.85,0.00,0.00,0.00,0.00,0.00,0.00,0.00,0.00,0.00,0.00,0.00,0.00,0.00,0.00,0.00,0.00,0.00,0.00,0.00,0.00,0.00,0.00,0.00,0.00,0.00,0.00,0.00,0.00,0.00,0.00,0.00,0.00,0.00,0.00,0.00,0.00,0.00,0.00,0.00,0.00,0.00,0.12,0.00,0.00,0.00,0.00,0.00,0.00,0.40,0.92,0.71,1.95,2.89,3.21,2.37,3.21,0.00,0.00,2.49,3.73,3.86,2.43,0.00,0.00,0.00,0.00,0.90,0.50,0.00,0.00,1.00,1.07,1.05,0.00,14.93,0.62,1.85,0.00,0.00,0.00,0.00,0.00,0.98,0.87,0.85,14.93,0.57,0.79,0.00,0.00,1.76,4.64,3.73,4.26,0.00,2.99,1.03,0.92,0.00,0.00,0.00,14.93,0.00,0.00,0.00,0.00,0.00,2.08,2.11,1.24,0.00,0.00,0.51,0.52,1.15,1.15,0.00,0.00,0.00,0.00,0.00,0.00,0.00,0.00,0.00,0.00
6050.5,-2.000,7.000,0.000,0.000,0.000,0,0,0.824,0,0.412,0.473,0.320,0.231,0.975,0.00,1.18,1.00,7.46,7.46,5.11,4.06,12.79,0.00,6.04,3.38,0.97,0.82,2.52,1.27,0.12,0.03,1.42,4.26,0.82,1.04,0.00,0.00,2.49,3.11,0.00,0.00,1.99,0.80,1.73,1.72,2.36,5.36,2.31,2.53,0.00,0.00,0.00,0.00,1.42,0.00,0.00,1.99,0.00,0.00,0.00,0.00,0.00,0.00,0.00,0.00,0.00,0.00,0.00,0.00,0.00,0.00,0.00,0.00,0.00,0.00,0.00,0.00,0.00,0.00,0.00,0.00,0.00,0.00,0.00,0.00,0.00,0.00,0.00,0.00,0.00,0.00,0.00,0.00,0.00,0.00,0.00,0.00,0.00,0.00,0.00,0.00,0.00,0.00,0.00,0.00,0.00,0.00,0.00,0.00,39.57,28.42,0.77,0.00,2.78,2.89,12.45,11.28,0.00,0.00,0.00,1.87,0.00,1.01,0.00,0.00,1.24,1.38,1.61,0.81,0.00,3.73,0.00,0.00,0.00,0.00,0.00,0.00,0.00,0.00,0.00,0.00,0.00,29.85,0.00,0.00,2.49,1.30,0.00,0.00,0.00,0.00,0.00,0.00,0.00,0.00,0.00,0.00,0.00,0.00,0.00,0.00,0.00,0.00,0.00,0.00,0.00,0.00,0.00,0.00,0.00,0.00,0.00,0.00,0.00,0.00,0.00,0.00,0.00,0.00,0.00,0.00,0.00,0.00,0.00,0.00,0.00,0.00,0.00,0.00,0.00,0.00,59.70,29.85,0.00,0.00,29.85,0.00,29.85,0.00,0.00,0.00,29.85,59.70,0.00,0.00,0.00,0.00,0.00,0.00,0.00,0.00,0.00,0.00,0.00,0.00,0.00,0.00,0.00,0.00,0.00,0.00,0.00,0.00,0.00,0.00,0.00,0.00,0.00,0.00,0.00,0.00,0.00,0.00,0.00,0.00,0.00,0.00,0.00,0.00,0.00,0.00,0.00,0.00,0.00,0.00,0.00,0.12,0.00,0.00,0.00,0.00,0.00,0.00,0.00,1.99,1.85,1.07,0.72,2.88,2.90,3.02,1.95,0.00,0.00,2.74,2.21,3.86,1.39,0.00,2.30,0.00,1.38,0.00,0.00,0.50,1.00,0.00,1.42,1.47,22.96,5.97,0.31,1.06,4.26,4.26,0.00,1.07,0.47,0.49,1.16,1.00,0.00,0.95,0.68,0.00,0.00,3.51,3.98,0.00,0.00,3.32,2.99,1.01,0.97,0.00,0.00,0.00,0.00,0.00,0.00,0.00,0.00,0.68,0.00,1.40,0.62,0.00,0.70,1.29,2.09,1.15,0.00,0.00,0.00,0.00,0.00,0.00,0.00,0.00,0.00,0.00,0.00
6150.5,-2.000,7.000,0.000,0.000,0.000,0,0,0.825,0,0.269,0.315,0.201,0.337,0.233,2.13,1.18,1.13,9.95,12.44,4.28,4.76,12.79,0.00,4.99,2.43,1.27,0.95,1.80,1.99,0.09,0.10,2.84,2.84,0.94,1.04,0.00,0.00,6.22,4.35,0.00,0.00,0.80,0.80,1.80,1.95,2.36,3.83,2.45,2.39,0.00,0.00,0.00,0.00,0.00,2.84,2.30,0.00,0.00,0.00,0.00,0.00,0.00,0.00,0.00,0.00,0.00,0.00,0.00,0.00,0.00,0.00,0.00,0.00,0.00,0.00,0.00,0.00,0.00,0.00,0.00,0.00,0.00,0.00,0.00,0.00,0.00,0.00,0.00,0.00,0.00,0.00,0.00,0.00,0.00,0.00,0.00,0.00,0.00,0.00,0.00,0.00,0.00,0.00,0.00,0.00,0.00,0.00,0.00,0.00,35.86,31.10,0.77,0.00,3.02,3.17,12.76,11.67,0.00,0.00,0.00,0.00,1.01,0.51,0.00,0.00,1.39,0.99,0.81,0.81,0.00,3.73,0.00,0.00,0.00,0.00,0.00,0.00,0.00,0.00,0.00,0.00,0.00,0.00,0.00,0.00,0.00,1.30,0.00,0.00,0.00,0.00,0.00,0.00,0.00,0.00,0.00,0.00,0.00,0.00,0.00,0.00,0.00,0.00,0.00,0.00,0.00,14.93,0.00,0.00,0.00,0.00,0.00,0.00,0.00,0.00,0.00,0.00,0.00,0.00,29.85,0.00,0.00,0.00,0.00,0.00,0.00,0.00,0.00,0.00,0.00,0.00,0.00,0.00,0.00,0.00,0.00,29.85,0.00,0.00,29.85,0.00,0.00,29.85,0.00,0.00,0.00,9.95,0.00,0.00,0.00,0.00,0.00,0.00,0.00,0.00,0.00,0.00,0.00,0.00,0.00,0.00,0.00,0.00,0.00,0.00,0.00,0.00,0.00,0.00,0.00,0.00,0.00,0.00,0.00,0.00,0.00,0.00,0.00,0.00,0.00,0.00,0.00,0.00,0.00,0.00,0.00,0.12,0.49,0.00,0.00,0.00,0.00,0.00,0.00,0.80,0.31,0.71,0.92,2.74,2.81,2.76,2.79,0.00,0.00,2.74,2.76,2.84,2.78,0.00,0.00,0.00,0.46,0.00,0.00,0.50,0.00,0.00,0.71,0.84,0.00,0.00,0.92,2.11,4.26,0.00,0.00,1.07,0.00,1.47,0.65,0.91,0.00,0.64,0.96,0.00,0.00,2.63,3.32,0.00,0.00,0.00,0.00,0.90,0.98,0.00,0.00,0.00,0.00,0.00,0.00,0.00,0.00,1.13,0.93,0.35,0.62,0.00,0.00,0.26,1.05,3.44,2.30,0.00,0.00,0.00,0.00,0.00,0.00,0.00,0.00,0.00,0.00
6250.5,-2.000,7.000,0.000,0.000,0.000,0,0,0.825,0,0.250,0.270,0.222,0.427,0.044,0.00,1.39,0.96,9.95,7.46,4.98,4.06,17.06,4.26,5.34,2.69,1.06,0.87,1.80,1.99,0.10,0.13,2.84,1.42,1.52,1.15,0.00,0.00,2.49,4.35,0.00,0.00,2.39,1.19,1.86,1.84,1.57,0.77,2.78,2.15,0.00,0.00,0.00,9.95,0.00,1.42,0.00,0.00,1.49,0.00,0.00,0.00,0.00,0.00,0.00,0.00,0.00,0.00,0.00,0.00,0.00,0.00,0.00,0.00,0.00,0.00,0.00,0.00,0.00,0.00,0.00,0.00,0.00,0.00,0.00,0.00,0.00,0.00,0.00,0.00,0.00,0.00,0.00,0.00,0.00,0.00,0.00,0.00,0.00,0.00,0.00,0.00,0.00,0.00,0.00,0.00,0.00,0.00,0.00,0.00,41.33,31.82,0.77,1.71,2.89,3.40,12.24,11.91,0.00,0.00,0.00,0.00,1.01,1.01,0.00,0.00,1.55,1.19,0.81,0.00,0.00,0.00,0.00,0.00,0.00,0.00,0.00,0.00,0.00,0.00,0.00,0.00,0.00,59.70,0.00,0.00,2.49,3.89,0.00,0.00,0.00,0.00,0.00,0.00,0.00,0.00,0.00,0.00,0.00,0.00,0.00,0.00,0.00,0.00,0.00,0.00,0.00,0.00,0.00,0.00,0.00,0.00,0.00,0.00,0.00,0.00,0.00,0.00,0.00,0.00,29.85,0.00,0.00,0.00,0.00,0.00,0.00,0.00,0.00,0.00,0.00,0.00,0.00,0.00,0.00,0.00,0.00,0.00,0.00,0.00,29.85,0.00,0.00,0.00,0.00,0.00,0.00,0.00,0.00,0.00,0.00,0.00,0.00,0.00,0.00,0.00,0.00,0.00,0.00,0.00,0.00,0.00,0.00,0.00,0.00,0.00,0.00,0.00,0.00,0.00,0.00,0.00,0.00,0.00,0.00,0.00,0.00,0.00,0.00,0.00,0.00,0.00,0.00,0.00,0.00,0.00,0.00,0.00,0.24,0.00,0.00,0.00,0.00,0.00,0.00,0.80,0.31,1.43,0.92,2.85,3.00,3.42,3.77,0.00,0.00,3.95,2.90,2.03,3.12,0.00,2.30,0.00,0.00,0.45,0.50,0.00,0.50,0.00,0.36,0.63,0.00,0.00,0.00,0.53,4.26,0.00,0.00,1.07,0.47,0.00,0.65,0.62,0.00,0.57,0.39,0.00,0.00,3.07,3.32,0.00,0.00,0.00,2.99,0.95,1.00,0.00,0.00,0.00,14.93,0.00,0.00,1.11,0.00,1.13,0.93,2.81,2.18,1.47,1.40,0.26,1.05,6.89,3.44,0.00,0.00,0.00,0.00,0.00,0.00,0.00,0.00,0.00,0.00
6350.5,-2.000,7.000,0.000,0.000,0.000,0,0,0.825,0,0.146,0.133,0.165,0.228,0.142,0.00,1.07,1.43,7.46,12.44,5.80,5.05,21.32,4.26,5.78,4.08,0.55,0.91,1.44,1.63,0.10,0.13,4.26,1.42,1.52,0.81,0.00,0.00,11.19,5.60,0.00,0.00,0.80,1.99,1.93,1.72,1.57,2.30,1.94,2.25,0.00,0.00,0.00,9.95,1.42,2.84,0.00,3.98,0.00,0.00,0.00,0.00,0.00,0.00,0.00,0.00,0.00,0.00,0.00,0.00,0.00,0.00,0.00,0.00,0.00,0.00,0.00,0.00,0.00,0.00,0.00,0.00,0.00,0.00,0.00,0.00,0.00,0.00,0.00,0.00,0.00,0.00,0.00,0.00,0.00,0.00,0.00,0.00,0.00,0.00,0.00,0.00,0.00,0.00,0.00,0.00,0.00,0.00,0.00,0.00,35.33,30.92,0.00,1.71,2.78,2.80,13.15,12.54,0.00,0.00,2.30,1.87,1.01,0.51,0.00,0.00,0.77,1.09,0.00,0.81,0.00,3.73,0.00,0.00,0.00,0.00,0.00,0.00,0.00,0.00,0.00,0.00,0.00,29.85,0.00,0.00,0.00,0.00,0.00,0.00,0.00,0.00,0.00,0.00,0.00,0.00,0.00,0.00,0.00,0.00,0.00,0.00,0.00,0.00,0.00,0.00,0.00,0.00,0.00,0.00,0.00,0.00,0.00,0.00,0.00,0.00,0.00,0.00,0.00,0.00,29.85,0.00,0.00,0.00,0.00,0.00,0.00,0.00,0.00,0.00,0.00,0.00,0.00,29.85,0.00,0.00,0.00,0.00,0.00,0.00,0.00,0.00,0.00,0.00,0.00,0.00,0.00,0.00,0.00,0.00,0.00,0.00,0.00,0.00,0.00,0.00,0.00,0.00,0.00,0.00,0.00,0.00,0.00,0.00,0.00,0.00,0.00,0.00,0.00,0.00,0.00,0.00,0.00,0.00,0.00,0.00,0.00,0.00,0.00,0.00,0.00,0.00,0.00,0.00,0.00,0.00,0.00,0.12,0.49,0.00,0.00,0.00,0.00,0.00,0.00,0.80,0.62,1.19,0.62,2.99,2.84,3.42,2.79,0.00,0.00,3.32,3.18,3.66,2.60,0.00,0.00,0.00,0.00,0.45,0.00,0.00,0.50,0.00,0.00,0.42,0.00,2.99,1.54,1.06,0.00,0.00,0.00,0.00,0.95,0.49,0.74,0.71,0.00,0.32,0.96,0.00,0.00,3.95,1.99,0.00,4.26,0.00,0.00,0.96,1.01,0.00,0.00,0.00,0.00,0.00,0.00,2.21,0.00,1.13,0.46,1.05,0.62,0.98,1.40,1.29,0.79,0.00,0.00,0.00,0.00,0.00,0.00,0.00,0.00,0.00,0.00,0.00,0.00
6450.5,-2.000,7.000,0.000,0.000,0.000,0,0,0.826,0,0.360,0.364,0.354,0.392,0.835,0.00,1.57,1.43,7.46,12.44,4.01,3.78,17.06,0.00,6.13,2.34,1.20,1.10,1.98,2.35,0.10,0.11,0.00,2.84,1.17,0.69,0.00,0.00,3.73,8.08,0.00,0.00,2.39,0.80,2.25,2.08,0.79,1.53,3.98,3.09,0.00,0.00,0.00,0.00,2.84,2.84,2.30,0.00,1.49,1.57,0.00,0.00,0.00,0.00,0.00,0.00,0.00,0.00,0.00,0.00,0.00,0.00,0.00,0.00,0.00,0.00,0.00,0.00,0.00,0.00,0.00,0.00,0.00,0.00,0.00,0.00,0.00,0.00,0.00,0.00,0.00,0.00,0.00,0.00,0.00,0.00,0.00,0.00,0.00,0.00,0.00,0.00,0.00,0.00,0.00,0.00,0.00,0.00,0.00,0.00,41.16,28.96,0.77,0.85,2.65,2.68,13.08,11.01,0.00,0.00,0.00,0.00,0.51,1.01,0.00,0.00,0.46,0.99,0.00,0.00,0.00,0.00,0.00,0.00,0.00,0.00,29.85,0.00,0.00,0.00,0.00,0.00,0.00,29.85,0.00,0.00,1.24,1.30,0.00,0.00,0.00,0.00,0.00,0.00,0.00,0.00,0.00,0.00,0.00,0.00,0.00,0.00,0.00,0.00,0.00,0.00,0.00,0.00,0.00,0.00,119.40,119.40,59.70,0.00,44.78,44.78,0.00,0.00,0.00,0.00,29.85,0.00,0.00,0.00,0.00,0.00,0.00,0.00,0.00,0.00,0.00,59.70,29.85,29.85,0.00,0.00,0.00,0.00,44.78,0.00,59.70,29.85,29.85,59.70,0.00,0.00,0.00,0.00,0.00,0.00,0.00,0.00,29.85,0.00,0.00,0.00,0.00,0.00,0.00,0.00,0.00,0.00,0.00,0.00,0.00,0.00,0.00,0.00,0.00,0.00,0.00,0.00,0.00,0.00,0.00,0.00,0.00,0.00,0.00,0.00,0.00,0.00,0.00,0.00,0.00,0.00,0.00,0.35,0.73,0.00,0.00,0.00,0.00,0.00,0.00,0.40,0.31,0.95,1.23,2.65,2.86,3.16,2.65,0.00,0.00,3.51,3.25,2.64,2.78,0.00,0.00,0.00,1.38,0.90,0.00,1.00,0.00,0.00,1.42,1.68,6.89,8.96,0.62,0.00,0.00,0.00,0.00,0.00,0.47,0.98,0.95,0.85,0.00,0.38,0.79,0.00,0.00,4.83,1.33,0.00,0.00,6.63,0.00,1.09,0.91,0.00,0.00,0.00,0.00,0.00,0.00,2.21,1.15,0.23,0.93,0.70,1.87,1.96,2.11,0.77,1.05,4.59,2.30,0.00,0.00,0.00,0.00,0.00,0.00,0.00,0.00,0.00,0.00
6550.5,-2.000,7.000,0.000,0.000,0.000,0,0,0.826,0,0.298,0.281,0.322,0.333,0.696,0.00,1.14,1.06,9.95,14.93,4.98,5.33,17.06,0.00,5.95,3.12,0.72,1.27,1.62,0.90,0.14,0.13,0.00,1.42,1.64,0.92,0.00,0.00,3.11,2.49,0.00,0.00,1.59,1.19,1.98,1.85,2.36,2.30,2.87,2.57,0.00,0.00,0.00,0.00,0.00,0.00,0.00,0.00,2.99,0.00,0.00,0.00,0.00,0.00,0.00,0.00,0.00,0.00,0.00,0.00,0.00,0.00,0.00,0.00,0.00,0.00,0.00,0.00,0.00,0.00,0.00,0.00,0.00,0.00,0.00,0.00,0.00,0.00,0.00,0.00,0.00,0.00,0.00,0.00,0.00,0.00,0.00,0.00,0.00,0.00,0.00,0.00,0.00,0.00,0.00,0.00,0.00,0.00,0.00,0.00,38.33,25.56,2.30,1.71,3.04,3.07,12.69,11.57,0.00,0.00,0.00,1.87,1.01,0.51,0.00,0.00,0.62,0.59,0.00,0.81,0.00,0.00,0.00,0.00,0.00,0.00,0.00,0.00,0.00,0.00,0.00,0.00,29.85,29.85,0.00,0.00,0.00,0.00,0.00,0.00,0.00,0.00,0.00,0.00,0.00,0.00,0.00,0.00,0.00,0.00,0.00,0.00,0.00,0.00,0.00,0.00,0.00,0.00,0.00,0.00,0.00,0.00,0.00,0.00,0.00,0.00,0.00,0.00,0.00,0.00,29.85,0.00,0.00,0.00,0.00,0.00,0.00,0.00,0.00,0.00,29.85,59.70,29.85,59.70,0.00,0.00,0.00,0.00,29.85,0.00,29.85,29.85,0.00,59.70,0.00,0.00,0.00,0.00,0.00,0.00,0.00,29.85,0.00,0.00,0.00,0.00,0.00,0.00,0.00,0.00,0.00,0.00,0.00,0.00,0.00,0.00,0.00,0.00,0.00,0.00,0.00,0.00,0.00,0.00,0.00,0.00,0.00,0.00,0.00,0.00,0.00,0.00,0.00,0.00,0.00,0.00,0.00,0.59,0.85,0.00,0.00,0.00,0.00,0.00,0.00,0.40,0.31,1.07,0.62,2.99,2.71,1.71,2.51,0.00,0.00,2.42,3.25,2.84,1.39,0.00,0.00,0.00,3.67,0.00,0.00,0.00,0.50,0.00,1.78,1.26,2.30,11.94,0.92,1.32,0.00,0.00,4.98,1.07,0.95,0.98,1.22,0.93,0.00,0.51,0.73,0.00,0.00,2.63,2.65,0.00,4.26,0.00,0.00,1.07,0.89,0.00,0.00,0.00,0.00,0.00,0.00,0.00,0.00,0.45,0.46,0.70,0.00,1.96,0.70,1.29,1.31,1.15,1.15,0.00,0.00,0.00,0.00,0.00,0.00,0.00,0.00,0.00,0.00
6650.5,-2.000,7.000,0.000,0.000,0.000,0,0,0.827,0,0.359,0.456,0.214,0.428,0.679,0.00,1.10,1.03,9.95,9.95,5.39,4.91,12.79,4.26,6.39,4.08,1.06,0.63,1.62,1.27,0.16,0.11,1.42,2.84,1.05,0.58,0.00,0.00,4.35,7.46,0.00,0.00,0.00,1.19,2.09,1.78,0.00,3.06,2.96,2.01,0.00,0.00,0.00,0.00,1.42,7.11,2.30,1.99,1.49,0.00,0.00,0.00,0.00,0.00,0.00,0.00,0.00,0.00,0.00,0.00,0.00,0.00,0.00,0.00,0.00,0.00,0.00,0.00,0.00,0.00,0.00,0.00,0.00,0.00,0.00,0.00,0.00,0.00,0.00,0.00,0.00,0.00,0.00,0.00,0.00,0.00,0.00,0.00,0.00,0.00,0.00,0.00,0.00,0.00,0.00,0.00,0.00,0.00,0.00,0.00,39.74,30.39,0.00,1.71,3.13,2.98,12.79,12.65,0.00,0.00,2.30,3.73,2.02,1.01,0.00,0.00,0.77,1.09,0.81,0.00,0.00,0.00,0.00,0.00,9.95,0.00,0.00,0.00,0.00,0.00,0.00,0.00,0.00,29.85,0.00,0.00,1.24,1.30,0.00,0.00,0.00,0.00,0.00,0.00,0.00,0.00,0.00,0.00,0.00,0.00,0.00,0.00,0.00,0.00,0.00,0.00,0.00,0.00,0.00,0.00,29.85,29.85,29.85,29.85,0.00,0.00,0.00,0.00,0.00,0.00,0.00,0.00,0.00,0.00,0.00,0.00,0.00,0.00,0.00,0.00,0.00,0.00,29.85,29.85,0.00,0.00,0.00,29.85,0.00,0.00,59.70,0.00,29.85,59.70,9.95,0.00,0.00,9.95,0.00,0.00,0.00,29.85,29.85,0.00,0.00,0.00,0.00,0.00,0.00,0.00,0.00,0.00,0.00,0.00,0.00,0.00,0.00,0.00,0.00,0.00,0.00,0.00,0.00,0.00,0.00,0.00,0.00,0.00,0.00,0.00,0.00,0.00,0.00,0.00,0.00,0.00,0.00,0.35,0.12,0.00,0.00,0.00,0.00,0.00,0.00,0.00,0.62,0.95,1.54,3.12,2.64,2.24,3.21,0.00,0.00,3.19,2.97,1.83,2.78,2.49,0.00,0.00,0.00,0.00,0.00,0.00,0.00,0.00,1.07,1.05,0.00,8.96,0.62,0.79,0.00,0.00,9.95,3.20,0.95,0.98,0.93,0.87,0.00,0.38,0.84,0.00,0.00,1.76,3.32,3.73,0.00,0.00,0.00,0.96,0.97,0.00,0.00,0.00,0.00,0.00,0.00,0.00,0.00,0.68,0.69,0.70,1.24,1.96,1.40,1.03,0.52,0.00,3.44,0.00,0.00,0.00,0.00,0.00,0.00,0.00,0.00,0.00,0.00
6750.5,-2.000,7.000,0.000,0.000,0.000,0,0,0.827,0,0.361,0.416,0.277,0.445,0.371,0.00,1.39,1.16,9.95,7.46,4.98,4.91,17.06,0.00,6.83,2.95,1.18,1.29,1.62,3.80,0.19,0.13,0.00,2.84,0.94,0.92,0.00,0.00,4.35,6.22,0.00,0.00,0.80,1.59,2.00,1.83,0.79,2.30,3.66,2.01,0.00,0.00,0.00,0.00,0.00,0.00,2.30,1.99,0.00,1.57,0.00,0.00,0.00,0.00,0.00,0.00,0.00,0.00,0.00,0.00,0.00,0.00,0.00,0.00,0.00,0.00,0.00,0.00,0.00,0.00,0.00,0.00,0.00,0.00,0.00,0.00,0.00,0.00,0.00,0.00,0.00,0.00,0.00,0.00,0.00,0.00,0.00,0.00,0.00,0.00,0.00,0.00,0.00,0.00,0.00,0.00,0.00,0.00,0.00,0.00,42.92,29.85,1.53,1.71,2.78,2.96,12.48,11.41,0.00,0.00,4.59,1.87,0.00,1.01,0.00,0.00,1.39,1.38,0.81,1.61,0.00,0.00,0.00,0.00,0.00,0.00,0.00,0.00,0.00,0.00,0.00,0.00,29.85,29.85,0.00,0.00,1.24,2.60,0.00,0.00,0.00,0.00,0.00,0.00,0.00,0.00,0.00,0.00,0.00,0.00,0.00,0.00,0.00,0.00,0.00,0.00,0.00,0.00,0.00,0.00,0.00,0.00,0.00,0.00,0.00,0.00,0.00,0.00,0.00,0.00,0.00,0.00,0.00,0.00,0.00,0.00,0.00,0.00,0.00,0.00,0.00,14.93,29.85,29.85,0.00,0.00,0.00,0.00,14.93,0.00,29.85,29.85,29.85,89.55,0.00,0.00,0.00,0.00,0.00,0.00,0.00,0.00,0.00,0.00,0.00,0.00,0.00,0.00,0.00,0.00,0.00,0.00,0.00,0.00,0.00,0.00,0.00,0.00,0.00,0.00,0.00,0.00,0.00,0.00,0.00,0.00,0.00,0.00,0.00,0.00,0.00,0.00,0.00,0.00,0.00,0.00,0.00,0.47,0.12,0.00,0.00,0.00,0.00,0.00,0.00,0.80,0.62,1.19,1.03,2.78,3.21,2.89,2.79,0.00,0.00,3.06,2.42,2.84,2.26,0.00,0.00,0.00,1.38,0.00,0.00,0.00,1.00,3.98,2.84,0.42,0.00,0.00,0.92,1.06,4.26,0.00,0.00,2.13,0.95,1.96,0.97,1.56,0.00,0.51,0.56,0.00,0.00,2.19,1.99,0.00,0.00,3.32,0.00,1.05,1.15,0.00,0.00,0.00,0.00,0.00,0.00,2.21,0.00,1.58,0.46,2.11,2.18,0.00,1.40,1.03,2.36,3.44,0.00,0.00,0.00,0.00,0.00,0.00,0.00,0.00,0.00,0.00,0.00
6850.5,-2.000,7.000,0.000,0.000,0.000,0,0,0.827,0,0.088,0.079,0.102,0.213,0.472,2.13,1.32,1.33,9.95,9.95,5.53,4.62,17.06,4.26,6.22,3.56,0.84,0.89,1.98,2.17,0.12,0.13,1.42,0.00,1.17,1.50,0.00,0.00,4.35,9.33,0.00,0.00,0.80,1.59,1.97,1.97,1.57,2.30,2.68,2.48,0.00,0.00,0.00,0.00,0.00,0.00,0.00,0.00,0.00,0.00,0.00,0.00,0.00,0.00,0.00,0.00,0.00,0.00,0.00,0.00,0.00,0.00,0.00,0.00,0.00,0.00,0.00,0.00,0.00,0.00,0.00,0.00,0.00,0.00,0.00,0.00,0.00,0.00,0.00,0.00,0.00,0.00,0.00,0.00,0.00,0.00,0.00,0.00,0.00,0.00,0.00,0.00,0.00,0.00,0.00,0.00,0.00,0.00,0.00,0.00,39.04,29.14,1.53,0.85,3.33,3.19,12.66,11.51,0.00,0.00,0.00,0.00,2.02,0.00,0.00,0.00,1.24,0.69,0.81,0.00,0.00,0.00,0.00,0.00,0.00,0.00,0.00,0.00,0.00,0.00,0.00,0.00,29.85,29.85,0.00,0.00,2.49,1.30,0.00,0.00,0.00,0.00,0.00,0.00,0.00,0.00,0.00,0.00,0.00,0.00,0.00,0.00,0.00,0.00,0.00,0.00,0.00,0.00,0.00,0.00,0.00,0.00,0.00,0.00,0.00,0.00,0.00,0.00,0.00,0.00,29.85,0.00,0.00,0.00,0.00,0.00,0.00,0.00,0.00,0.00,0.00,0.00,29.85,29.85,0.00,0.00,0.00,0.00,0.00,0.00,0.00,0.00,0.00,0.00,0.00,0.00,0.00,0.00,0.00,29.85,0.00,0.00,0.00,0.00,0.00,0.00,0.00,0.00,0.00,0.00,0.00,0.00,0.00,0.00,0.00,0.00,0.00,0.00,0.00,0.00,0.00,0.00,0.00,0.00,0.00,0.00,0.00,0.00,0.00,0.00,0.00,0.00,0.00,0.00,0.00,0.00,0.00,0.59,0.49,1.61,0.00,0.00,0.00,0.01,0.00,0.00,0.31,0.83,1.03,3.10,3.09,3.95,3.49,4.98,0.00,2.55,3.11,2.64,3.12,2.49,4.59,0.00,0.00,0.45,0.00,0.00,0.00,0.50,0.36,1.05,0.00,0.00,0.92,1.58,4.26,4.26,0.00,1.07,0.47,0.49,0.72,0.64,0.00,1.14,0.96,0.00,0.00,3.95,3.32,0.00,0.00,0.00,2.99,1.09,1.00,0.00,0.00,0.00,0.00,0.00,0.00,3.32,1.15,0.68,1.16,1.40,1.87,0.98,0.35,0.26,0.52,5.74,5.74,0.00,0.00,0.00,0.00,0.00,0.00,0.00,0.00,0.00,0.00
6950.5,-2.000,7.000,0.000,0.000,0.000,0,0,0.828,0,0.063,0.061,0.066,0.379,0.301,0.00,1.21,0.83,4.98,9.95,5.67,4.34,12.79,4.26,6.13,3.82,0.74,0.63,2.34,0.36,0.14,0.11,1.42,1.42,0.82,1.50,0.00,29.85,3.11,4.98,0.00,0.00,1.19,3.18,2.04,1.95,1.57,0.00,2.92,2.43,0.00,0.00,0.00,0.00,0.00,4.26,0.00,0.00,0.00,0.00,0.00,0.00,0.00,0.00,0.00,0.00,0.00,0.00,0.00,0.00,0.00,0.00,0.00,0.00,0.00,0.00,0.00,0.00,0.00,0.00,0.00,0.00,0.00,0.00,0.00,0.00,0.00,0.00,0.00,0.00,0.00,0.00,0.00,0.00,0.00,0.00,0.00,0.00,0.00,0.00,0.00,0.00,0.00,0.00,0.00,0.00,0.00,0.00,0.00,0.00,39.92,30.57,2.30,0.85,2.83,2.82,13.26,11.25,7.46,14.93,0.00,0.00,0.00,2.02,0.00,0.00,1.08,0.69,0.00,0.00,0.00,3.73,0.00,0.00,0.00,0.00,0.00,0.00,0.00,0.00,0.00,0.00,0.00,0.00,0.00,0.00,1.24,1.30,0.00,0.00,0.00,0.00,0.00,0.00,0.00,0.00,0.00,0.00,0.00,0.00,0.00,0.00,0.00,0.00,0.00,0.00,0.00,0.00,0.00,0.00,0.00,0.00,0.00,0.00,29.85,0.00,0.00,0.00,0.00,0.00,0.00,0.00,0.00,0.00,0.00,0.00,0.00,0.00,0.00,0.00,0.00,0.00,0.00,0.00,0.00,0.00,0.00,0.00,29.85,0.00,59.70,29.85,0.00,0.00,0.00,0.00,0.00,0.00,0.00,0.00,0.00,0.00,0.00,0.00,0.00,0.00,0.00,0.00,0.00,0.00,0.00,0.00,0.00,0.00,0.00,0.00,0.00,0.00,0.00,0.00,0.00,0.00,0.00,0.00,0.00,0.00,0.00,0.00,0.00,0.00,0.00,0.00,0.00,0.00,0.00,0.00,0.00,0.24,0.12,0.00,0.00,0.00,0.00,0.00,0.00,0.40,0.00,0.71,0.92,3.16,3.05,2.63,2.37,0.00,0.00,1.98,3.04,3.05,1.91,0.00,2.30,0.00,0.00,0.45,0.00,0.50,1.49,0.00,1.07,0.63,0.00,0.00,0.62,1.06,4.26,0.00,4.98,1.07,0.95,0.98,0.85,0.60,14.93,0.70,0.84,0.00,0.00,3.07,3.32,3.73,0.00,0.00,0.00,1.00,0.98,0.00,0.00,0.00,0.00,0.00,0.00,0.00,0.00,0.23,0.23,1.05,1.24,0.49,1.40,0.00,0.79,2.30,2.30,0.00,0.00,0.00,0.00,0.00,0.00,0.00,0.00,0.00,0.00
7050.5,-2.000,7.000,0.000,0.000,0.000,0,0,0.828,0,0.392,0.377,0.413,0.456,1.000,0.00,1.42,1.46,9.95,9.95,4.56,3.78,17.06,0.00,5.95,3.38,0.84,1.01,3.06,1.27,0.21,0.08,1.42,4.26,0.94,0.81,0.00,0.00,4.35,3.73,0.00,0.00,0.00,1.59,2.36,2.40,0.79,3.06,4.07,3.65,0.00,0.00,0.00,0.00,2.84,1.42,2.30,0.00,1.49,1.57,0.00,0.00,0.00,0.00,0.00,0.00,0.00,0.00,0.00,0.00,0.00,0.00,0.00,0.00,0.00,0.00,0.00,0.00,0.00,0.00,0.00,0.00,0.00,0.00,0.00,0.00,0.00,0.00,0.00,0.00,0.00,0.00,0.00,0.00,0.00,0.00,0.00,0.00,0.00,0.00,0.00,0.00,0.00,0.00,0.00,0.00,0.00,0.00,0.00,0.00,41.69,31.64,0.77,0.00,3.02,3.30,11.80,11.54,0.00,0.00,0.00,1.87,0.00,1.01,0.00,0.00,0.93,1.19,0.81,0.81,0.00,0.00,0.00,0.00,0.00,0.00,0.00,0.00,0.00,0.00,0.00,0.00,0.00,29.85,0.00,0.00,0.00,0.00,0.00,0.00,0.00,0.00,0.00,0.00,0.00,0.00,0.00,0.00,0.00,0.00,0.00,0.00,0.00,0.00,0.00,0.00,0.00,0.00,29.85,29.85,149.25,149.25,59.70,89.55,29.85,44.78,0.00,0.00,0.00,0.00,29.85,0.00,0.00,0.00,0.00,0.00,0.00,0.00,0.00,0.00,0.00,59.70,59.70,59.70,0.00,0.00,29.85,29.85,74.63,14.93,59.70,29.85,59.70,59.70,79.60,0.00,0.00,0.00,0.00,0.00,0.00,29.85,29.85,0.00,0.00,0.00,0.00,0.00,0.00,0.00,0.00,0.00,0.00,0.00,0.00,0.00,0.00,0.00,0.00,0.00,0.00,0.00,0.00,0.00,0.00,0.00,0.00,0.00,0.00,0.00,0.00,0.00,0.00,0.00,0.00,0.00,0.00,0.47,0.61,0.00,0.00,0.00,0.00,0.00,0.00,0.40,0.31,0.71,1.03,3.02,2.94,1.97,2.23,0.00,0.00,2.81,2.35,3.05,2.95,2.49,0.00,0.00,1.38,0.45,0.00,0.00,1.00,0.00,0.36,0.42,9.18,17.91,1.23,0.53,4.26,0.00,4.98,1.07,0.47,0.49,0.87,0.91,0.00,0.70,0.73,0.00,0.00,4.83,3.98,0.00,0.00,0.00,2.99,0.89,1.02,0.00,0.00,0.00,0.00,0.00,0.00,0.00,1.15,1.13,0.00,1.05,1.24,0.00,1.40,1.29,0.79,1.15,2.30,0.00,0.00,0.00,0.00,0.00,0.00,0.00,0.00,0.00,0.00
7150.5,-2.000,7.000,0.000,0.000,0.000,0,0,0.829,0,0.433,0.478,0.366,0.422,1.000,0.00,1.50,1.33,9.95,7.46,5.11,4.91,17.06,4.26,5.78,3.12,0.51,1.08,1.62,2.53,0.22,0.09,0.00,1.42,1.29,1.38,0.00,0.00,6.22,5.60,0.00,0.00,1.19,0.80,2.01,2.02,2.36,1.53,3.05,2.71,0.00,0.00,0.00,0.00,1.42,0.00,0.00,0.00,0.00,3.14,0.00,0.00,0.00,0.00,0.00,0.00,0.00,0.00,0.00,0.00,0.00,0.00,0.00,0.00,0.00,0.00,0.00,0.00,0.00,0.00,0.00,0.00,0.00,0.00,0.00,0.00,0.00,0.00,0.00,0.00,0.00,0.00,0.00,0.00,0.00,0.00,0.00,0.00,0.00,0.00,0.00,0.00,0.00,0.00,0.00,0.00,0.00,0.00,0.00,0.00,39.04,29.85,0.00,1.71,2.78,3.07,13.00,12.41,0.00,0.00,2.30,0.00,2.53,0.51,0.00,0.00,1.08,0.49,0.00,3.23,0.00,0.00,0.00,0.00,0.00,0.00,0.00,0.00,0.00,0.00,0.00,0.00,0.00,29.85,0.00,0.00,1.24,0.00,0.00,0.00,0.00,0.00,0.00,0.00,0.00,0.00,0.00,0.00,0.00,0.00,0.00,0.00,0.00,0.00,0.00,0.00,0.00,0.00,89.55,59.70,179.10,179.10,59.70,119.40,0.00,0.00,0.00,0.00,0.00,0.00,0.00,0.00,0.00,0.00,0.00,0.00,0.00,0.00,0.00,0.00,29.85,0.00,59.70,29.85,0.00,0.00,0.00,0.00,14.93,14.93,29.85,0.00,29.85,29.85,99.50,0.00,0.00,0.00,0.00,0.00,0.00,0.00,29.85,0.00,0.00,0.00,0.00,0.00,0.00,0.00,0.00,0.00,0.00,0.00,0.00,0.00,0.00,0.00,0.00,0.00,0.00,0.00,0.00,0.00,0.00,0.00,0.00,0.00,0.00,0.00,0.00,0.00,0.00,0.00,0.00,0.00,0.00,0.24,0.49,0.00,0.00,0.00,0.00,0.00,0.00,0.00,0.00,1.31,0.82,2.89,3.01,3.16,4.05,0.00,0.00,3.19,2.42,3.05,2.08,2.49,0.00,0.00,3.21,0.00,0.00,0.50,1.49,0.50,2.13,0.63,27.55,20.90,0.31,0.79,4.26,4.26,0.00,2.13,0.95,0.00,0.70,1.08,0.00,0.76,0.45,0.00,0.00,2.19,4.64,3.73,0.00,0.00,0.00,1.12,1.18,0.00,0.00,0.00,0.00,0.00,0.00,0.00,1.15,1.58,1.39,1.05,0.31,2.45,1.76,2.06,1.31,1.15,0.00,0.00,0.00,0.00,0.00,0.00,0.00,0.00,0.00,0.00,0.00
7250.5,-2.000,7.000,0.000,0.000,0.000,0,0,0.829,0,0.496,0.474,0.529,0.435,0.238,0.00,1.25,1.43,12.44,7.46,5.11,4.48,12.79,0.00,6.04,3.64,1.18,0.80,2.34,2.17,0.19,0.09,1.42,2.84,1.17,1.27,0.00,0.00,6.22,6.84,0.00,0.00,1.59,0.80,2.34,2.16,0.79,0.77,4.63,3.46,0.00,0.00,0.00,0.00,0.00,1.42,0.00,0.00,1.49,0.00,0.00,0.00,0.00,0.00,0.00,0.00,0.00,0.00,0.00,0.00,0.00,0.00,0.00,0.00,0.00,0.00,0.00,0.00,0.00,0.00,0.00,0.00,0.00,0.00,0.00,0.00,0.00,0.00,0.00,0.00,0.00,0.00,0.00,0.00,0.00,0.00,0.00,0.00,0.00,0.00,0.01,0.00,0.00,0.00,0.00,0.00,0.00,0.00,0.00,0.00,39.39,29.31,0.77,2.56,3.22,2.86,12.29,12.04,7.46,14.93,2.30,0.00,0.51,0.51,0.00,0.00,0.77,0.79,0.00,0.81,0.00,0.00,0.00,0.00,0.00,0.00,0.00,0.00,0.00,0.00,0.00,0.00,29.85,29.85,0.00,0.00,0.00,1.30,0.00,0.00,0.00,0.00,0.00,0.00,0.00,0.00,0.00,0.00,0.00,0.00,0.00,0.00,0.00,0.00,0.00,0.00,14.93,0.00,0.00,0.00,0.00,0.00,0.00,0.00,0.00,0.00,0.00,0.00,0.00,0.00,29.85,0.00,0.00,0.00,0.00,0.00,0.00,0.00,0.00,0.00,29.85,44.78,89.55,89.55,0.00,0.00,29.85,59.70,29.85,0.00,59.70,29.85,29.85,59.70,0.00,0.00,0.00,0.00,0.00,0.00,0.00,0.00,0.00,0.00,0.00,0.00,0.00,0.00,0.00,0.00,0.00,0.00,0.00,0.00,0.00,0.00,0.00,0.00,0.00,0.00,0.00,0.00,0.00,0.00,0.00,0.00,0.00,0.00,0.00,0.00,0.00,0.00,0.00,0.00,0.00,0.00,0.00,1.42,1.09,1.61,0.00,0.00,0.00,0.00,0.00,0.80,0.92,1.31,1.54,2.84,2.53,1.84,3.07,0.00,4.98,2.93,2.90,1.83,3.99,2.49,2.30,0.00,6.43,0.00,0.50,1.00,0.50,0.00,0.71,1.26,2.30,14.93,1.23,0.00,0.00,4.26,0.00,2.13,0.95,0.49,1.10,0.91,0.00,0.64,1.01,0.00,0.00,4.39,2.65,0.00,0.00,0.00,0.00,1.17,1.05,0.00,0.00,0.00,0.00,0.00,0.00,0.00,2.30,0.45,2.08,4.21,3.42,1.96,1.40,1.29,0.79,5.74,1.15,0.00,0.00,0.00,0.00,0.00,0.00,0.00,0.00,0.00,0.00
7350.5,-2.000,7.000,0.000,0.000,0.000,0,0,0.829,0,0.428,0.478,0.353,0.518,1.000,0.00,1.21,1.43,9.95,12.44,5.53,4.34,8.53,4.26,5.69,3.04,0.95,1.20,2.70,1.81,0.14,0.15,1.42,0.00,1.29,0.69,0.00,0.00,4.98,10.57,0.00,0.00,0.40,0.40,2.68,2.66,2.36,1.53,4.72,3.70,0.00,0.00,0.00,0.00,2.84,1.42,0.00,3.98,0.00,0.00,0.00,0.00,0.00,0.00,0.00,0.00,0.00,0.00,0.00,0.00,0.00,0.00,0.00,0.00,0.00,0.00,0.00,0.00,0.00,0.00,0.00,0.00,0.00,0.00,0.00,0.00,0.00,0.00,0.00,0.00,0.00,0.00,0.00,0.00,0.00,0.00,0.00,0.00,0.00,0.00,0.00,0.00,0.00,0.00,0.00,0.00,0.00,0.00,0.00,0.00,40.63,31.28,0.77,0.00,2.93,2.93,12.66,12.33,0.00,0.00,0.00,1.87,0.00,0.51,0.00,0.00,0.93,1.09,0.00,0.00,0.00,0.00,0.00,0.00,0.00,0.00,0.00,0.00,0.00,0.00,0.00,0.00,29.85,0.00,0.00,0.00,1.24,1.30,0.00,0.00,0.00,0.00,0.00,0.00,0.00,0.00,0.00,0.00,0.00,0.00,0.00,0.00,0.00,0.00,0.00,0.00,0.00,0.00,0.00,0.00,89.55,119.40,59.70,0.00,59.70,74.63,0.00,0.00,0.00,0.00,29.85,0.00,0.00,0.00,0.00,0.00,0.00,0.00,0.00,0.00,0.00,44.78,59.70,59.70,0.00,0.00,0.00,29.85,89.55,0.00,89.55,29.85,59.70,89.55,0.00,29.85,29.85,9.95,0.00,0.00,0.00,0.00,0.00,0.00,0.00,0.00,0.00,0.00,0.00,0.00,0.00,0.00,0.00,0.00,0.00,0.00,0.00,0.00,0.00,0.00,0.00,0.00,0.00,0.00,0.00,0.00,0.00,0.00,0.00,0.00,0.00,0.00,0.00,0.00,0.00,0.00,0.00,0.59,0.49,0.00,0.00,0.00,0.00,0.00,0.00,0.80,0.00,1.07,1.33,3.39,2.96,3.68,3.07,0.00,0.00,2.87,2.97,2.44,2.60,2.49,0.00,0.00,1.38,0.00,0.00,0.00,0.50,0.00,1.42,0.84,0.00,8.96,0.00,0.79,0.00,0.00,0.00,0.00,0.47,0.49,0.85,0.58,0.00,0.57,0.73,0.00,0.00,3.95,2.65,0.00,0.00,3.32,2.99,1.09,1.12,0.00,0.00,0.00,0.00,0.00,0.00,1.11,0.00,0.90,1.16,2.81,3.42,1.47,1.76,1.29,0.79,2.30,4.59,0.00,7.46,0.00,0.00,0.00,0.00,0.00,0.00,0.00,0.00
7450.5,-2.000,7.000,0.000,0.000,0.000,0,0,0.830,0,0.215,0.219,0.210,0.403,0.334,0.00,1.25,1.16,9.95,12.44,5.39,5.47,12.79,4.26,6.30,4.17,0.84,0.78,2.16,2.35,0.08,0.13,2.84,0.00,1.05,0.46,0.00,0.00,1.87,6.22,0.00,0.00,0.40,1.59,1.71,1.74,2.36,0.77,2.27,2.01,0.00,0.00,0.00,0.00,0.00,0.00,2.30,0.00,0.00,0.00,0.00,0.00,0.00,0.00,0.00,0.00,0.00,0.00,0.00,0.00,0.00,0.00,0.00,0.00,0.00,0.00,0.00,0.00,0.00,0.00,0.00,0.00,0.00,0.00,0.00,0.00,0.00,0.00,0.00,0.00,0.00,0.00,0.00,0.00,0.00,0.00,0.00,0.00,0.00,0.00,0.00,0.00,0.00,0.00,0.00,0.00,0.00,0.00,0.00,0.00,37.62,28.06,2.30,1.71,3.37,2.82,12.66,12.12,0.00,0.00,4.59,1.87,1.01,2.02,0.00,0.00,1.08,1.09,1.61,0.00,0.00,3.73,0.00,0.00,0.00,0.00,0.00,0.00,0.00,0.00,0.00,0.00,0.00,29.85,0.00,0.00,0.00,0.00,0.00,0.00,0.00,0.00,0.00,0.00,0.00,0.00,0.00,0.00,0.00,0.00,0.00,0.00,0.00,0.00,0.00,0.00,0.00,0.00,0.00,0.00,0.00,0.00,0.00,0.00,0.00,0.00,0.00,0.00,0.00,0.00,0.00,0.00,0.00,0.00,0.00,0.00,0.00,0.00,0.00,0.00,0.00,0.00,0.00,0.00,0.00,0.00,0.00,0.00,14.93,0.00,29.85,0.00,0.00,0.00,0.00,0.00,0.00,0.00,0.00,0.00,0.00,29.85,0.00,0.00,0.00,0.00,0.00,0.00,0.00,0.00,0.00,0.00,0.00,0.00,0.00,0.00,0.00,0.00,0.00,0.00,0.00,0.00,0.00,0.00,0.00,0.00,0.00,0.00,0.00,0.00,0.00,0.00,0.00,0.00,0.00,0.00,0.00,0.12,0.49,0.00,0.00,0.00,0.00,0.00,0.00,0.00,0.31,1.31,0.72,2.94,3.27,2.63,3.49,0.00,0.00,2.55,3.18,2.64,2.43,2.49,2.30,0.00,1.38,0.00,0.00,0.50,0.00,0.00,1.78,1.05,2.30,11.94,1.85,0.53,0.00,0.00,4.98,2.13,1.42,0.00,0.68,0.79,14.93,0.83,0.96,0.00,0.00,3.95,1.99,0.00,0.00,0.00,0.00,0.93,0.99,0.00,0.00,0.00,0.00,0.00,0.00,0.00,0.00,1.36,0.00,0.00,0.31,0.98,0.35,0.77,0.79,0.00,0.00,0.00,0.00,0.00,0.00,0.00,0.00,0.00,0.00,0.00,0.00
7550.5,-2.000,7.000,0.000,0.000,0.000,0,0,0.830,0,0.395,0.401,0.386,0.425,0.291,0.00,1.32,1.20,7.46,9.95,5.94,5.19,17.06,0.00,6.22,3.12,0.63,1.08,2.52,1.81,0.14,0.11,2.84,4.26,0.59,0.81,0.00,0.00,3.11,5.60,0.00,0.00,0.40,0.80,2.16,1.63,0.79,3.06,2.55,2.25,0.00,0.00,0.00,0.00,1.42,1.42,0.00,1.99,0.00,0.00,0.00,0.00,0.00,0.00,0.00,0.00,0.00,0.00,0.00,0.00,0.00,0.00,0.00,0.00,0.00,0.00,0.00,0.00,0.00,0.00,0.00,0.00,0.00,0.00,0.00,0.00,0.00,0.00,0.00,0.00,0.00,0.00,0.00,0.00,0.00,0.00,0.00,0.00,0.00,0.00,0.00,0.00,0.00,0.00,0.00,0.00,0.00,0.00,0.00,0.00,40.98,27.71,0.00,1.71,2.69,2.89,12.92,12.28,0.00,0.00,2.30,0.00,1.01,1.52,0.00,0.00,0.62,0.89,0.81,0.00,0.00,0.00,0.00,0.00,0.00,0.00,0.00,0.00,0.00,0.00,0.00,0.00,29.85,29.85,0.00,0.00,1.24,2.60,0.00,0.00,0.00,0.00,0.00,0.00,0.00,0.00,0.00,0.00,0.00,0.00,0.00,0.00,0.00,0.00,0.00,0.00,0.00,0.00,0.00,0.00,0.00,0.00,0.00,0.00,0.00,0.00,0.00,0.00,0.00,0.00,29.85,0.00,0.00,0.00,0.00,0.00,0.00,0.00,0.00,0.00,14.93,29.85,59.70,29.85,0.00,0.00,0.00,0.00,29.85,0.00,29.85,0.00,29.85,29.85,0.00,0.00,0.00,0.00,0.00,0.00,0.00,0.00,0.00,0.00,0.00,0.00,0.00,0.00,0.00,0.00,0.00,0.00,0.00,0.00,0.00,0.00,0.00,0.00,0.00,0.00,0.00,0.00,0.00,0.00,0.00,0.00,0.00,0.00,0.00,0.00,0.00,0.00,0.00,0.00,0.00,0.00,0.00,0.47,0.12,0.00,0.00,0.00,0.00,0.00,0.00,0.00,0.00,1.55,1.13,2.37,2.57,3.68,2.93,0.00,0.00,3.13,3.45,3.05,3.47,0.00,0.00,0.00,0.00,0.00,0.00,0.00,1.00,1.49,1.78,1.05,0.00,0.00,1.54,1.06,0.00,4.26,0.00,0.00,1.42,0.49,0.76,0.85,0.00,0.38,1.18,0.00,0.00,2.19,1.33,0.00,0.00,0.00,2.99,0.82,0.95,0.00,0.00,0.00,0.00,0.00,0.00,1.11,1.15,0.68,0.46,1.05,1.87,0.98,0.70,1.03,0.26,0.00,1.15,0.00,0.00,0.00,0.00,0.00,0.00,0.00,0.00,0.00,0.00
7650.5,-2.000,7.000,0.000,0.000,0.000,0,0,0.831,0,0.439,0.460,0.409,0.411,1.000,0.00,1.60,0.90,9.95,9.95,5.11,4.91,12.79,0.00,6.22,3.47,1.01,0.76,1.62,1.81,0.09,0.08,0.00,1.42,1.17,1.04,0.00,0.00,3.11,0.62,0.00,0.00,0.40,1.99,2.33,2.23,0.79,1.53,3.05,2.62,0.00,0.00,0.00,0.00,0.00,4.26,0.00,0.00,0.00,0.00,0.00,0.00,0.00,0.00,0.00,0.00,0.00,0.00,0.00,0.00,0.00,0.00,0.00,0.00,0.00,0.00,0.00,0.00,0.00,0.00,0.00,0.00,0.00,0.00,0.00,0.00,0.00,0.00,0.00,0.00,0.00,0.00,0.00,0.00,0.00,0.00,0.00,0.00,0.00,0.00,0.00,0.00,0.00,0.00,0.00,0.00,0.00,0.00,0.00,0.00,40.98,28.42,2.30,0.00,2.61,2.54,12.35,10.83,0.00,0.00,2.30,3.73,1.01,0.00,0.00,0.00,0.77,0.89,0.81,0.81,0.00,0.00,0.00,0.00,0.00,0.00,0.00,0.00,0.00,0.00,0.00,0.00,29.85,29.85,0.00,0.00,0.00,0.00,0.00,0.00,0.00,0.00,0.00,0.00,0.00,0.00,0.00,0.00,0.00,0.00,0.00,0.00,0.00,0.00,0.00,0.00,0.00,0.00,29.85,29.85,149.25,119.40,59.70,89.55,0.00,0.00,0.00,0.00,0.00,0.00,0.00,0.00,0.00,0.00,0.00,0.00,0.00,0.00,0.00,0.00,29.85,29.85,29.85,29.85,0.00,0.00,0.00,0.00,29.85,0.00,89.55,29.85,29.85,59.70,69.65,0.00,0.00,0.00,0.00,0.00,0.00,29.85,0.00,0.00,0.00,0.00,0.00,0.00,0.00,0.00,0.00,0.00,0.00,0.00,0.00,0.00,0.00,0.00,0.00,0.00,0.00,0.00,0.00,0.00,0.00,0.00,0.00,0.00,0.00,0.00,0.00,0.00,0.00,0.00,0.00,0.00,0.00,0.35,0.36,0.00,0.00,0.00,0.00,0.00,0.00,0.40,0.62,1.07,1.13,3.06,3.01,2.63,3.77,0.00,0.00,3.51,3.66,2.23,2.95,0.00,0.00,0.00,2.30,0.00,0.00,0.00,1.99,0.00,2.13,0.21,0.00,0.00,0.62,0.53,4.26,4.26,0.00,2.13,0.47,0.98,1.03,0.87,0.00,0.51,0.84,0.00,14.93,3.95,1.33,0.00,0.00,0.00,0.00,1.00,0.94,0.00,0.00,0.00,0.00,0.00,0.00,3.32,1.15,0.68,0.46,1.05,0.93,0.49,2.11,0.77,0.79,2.30,0.00,0.00,0.00,0.00,0.00,0.00,0.00,0.00,0.00,0.00,0.00
7750.5,-2.000,7.000,0.000,0.000,0.000,0,0,0.831,0,0.356,0.298,0.443,0.379,0.773,2.13,1.67,1.26,7.46,9.95,5.94,3.78,8.53,4.26,4.73,3.73,1.08,0.82,1.80,1.27,0.13,0.07,1.42,1.42,0.82,1.04,29.85,0.00,3.11,2.49,0.00,0.00,1.19,0.40,2.54,2.01,1.57,1.53,4.30,3.28,0.00,0.00,0.00,0.00,0.00,0.00,2.30,0.00,0.00,0.00,0.00,0.00,0.00,0.00,0.00,0.00,0.00,0.00,0.00,0.00,0.00,0.00,0.00,0.00,0.00,0.00,0.00,0.00,0.00,0.00,0.00,0.00,0.00,0.00,0.00,0.00,0.00,0.00,0.00,0.00,0.00,0.00,0.00,0.00,0.00,0.00,0.00,0.00,0.00,0.00,0.00,0.00,0.00,0.00,0.00,0.00,0.00,0.00,0.00,0.00,42.57,28.24,1.53,0.85,3.09,3.12,12.63,12.67,0.00,0.00,2.30,1.87,0.51,0.51,0.00,0.00,0.62,0.59,0.00,0.00,7.46,0.00,0.00,0.00,0.00,0.00,0.00,0.00,0.00,0.00,0.00,0.00,0.00,29.85,0.00,0.00,0.00,0.00,0.00,0.00,0.00,0.00,0.00,0.00,0.00,0.00,0.00,0.00,0.00,0.00,0.00,0.00,0.00,0.00,0.00,0.00,0.00,0.00,0.00,0.00,0.00,0.00,29.85,0.00,29.85,29.85,0.00,0.00,0.00,0.00,29.85,0.00,0.00,0.00,0.00,0.00,0.00,0.00,0.00,0.00,0.00,59.70,29.85,59.70,0.00,0.00,29.85,29.85,29.85,0.00,59.70,29.85,0.00,29.85,0.00,0.00,0.00,0.00,0.00,0.00,0.00,0.00,29.85,0.00,0.00,0.00,0.00,0.00,0.00,0.00,0.00,0.00,0.00,0.00,0.00,0.00,0.00,0.00,0.00,0.00,0.00,0.00,0.00,0.00,0.00,0.00,0.00,0.00,0.00,0.00,0.00,0.00,0.00,0.00,0.00,0.00,0.00,0.83,0.61,1.61,1.87,0.00,0.00,0.00,0.00,0.00,0.62,1.31,1.23,2.71,2.77,1.97,2.93,0.00,0.00,2.55,2.49,1.42,3.12,4.98,0.00,0.00,0.92,0.00,0.50,3.48,0.00,1.00,0.36,1.26,4.59,5.97,0.31,1.06,0.00,0.00,0.00,2.13,1.42,1.96,0.82,1.08,0.00,0.95,0.68,0.00,0.00,0.88,2.65,0.00,0.00,0.00,0.00,1.18,1.18,0.00,0.00,0.00,0.00,0.00,0.00,0.00,0.00,0.23,1.39,0.70,2.18,1.96,2.81,2.06,2.09,0.00,1.15,0.00,0.00,0.00,0.00,0.00,0.00,0.00,0.00,0.00,0.00
7850.5,-2.000,7.000,0.000,0.000,0.000,0,0,0.831,0,0.175,0.184,0.161,0.458,1.000,0.00,1.25,1.06,12.44,12.44,5.53,5.47,17.06,4.26,6.22,3.73,0.78,0.97,2.34,1.09,0.14,0.13,0.00,0.00,1.05,1.27,0.00,0.00,4.98,2.49,0.00,0.00,0.80,0.80,1.86,1.62,1.57,3.83,2.31,1.92,0.00,0.00,0.00,0.00,0.00,1.42,2.30,0.00,0.00,0.00,0.00,0.00,0.00,0.00,0.00,0.00,0.00,0.00,0.00,0.00,0.00,0.00,0.00,0.00,0.00,0.00,0.00,0.00,0.00,0.00,0.00,0.00,0.00,0.00,0.00,0.00,0.00,0.00,0.00,0.00,0.00,0.00,0.00,0.00,0.00,0.00,0.00,0.00,0.00,0.00,0.00,0.00,0.00,0.00,0.00,0.00,0.00,0.00,0.00,0.00,38.68,30.39,0.77,0.85,2.96,2.98,12.97,12.33,0.00,0.00,0.00,0.00,1.01,2.02,0.00,0.00,1.08,1.58,0.00,0.81,0.00,0.00,0.00,0.00,0.00,0.00,0.00,0.00,0.00,0.00,0.00,0.00,0.00,0.00,0.00,0.00,4.98,1.30,0.00,0.00,0.00,0.00,0.00,0.00,0.00,0.00,0.00,0.00,0.00,0.00,0.00,0.00,0.00,0.00,0.00,0.00,0.00,0.00,29.85,14.93,89.55,89.55,59.70,0.00,59.70,59.70,0.00,0.00,14.93,0.00,29.85,0.00,0.00,0.00,0.00,0.00,0.00,0.00,0.00,0.00,0.00,14.93,29.85,29.85,0.00,0.00,0.00,0.00,89.55,14.93,89.55,59.70,0.00,59.70,0.00,29.85,29.85,9.95,0.00,0.00,0.00,0.00,0.00,0.00,0.00,0.00,0.00,0.00,0.00,0.00,0.00,0.00,0.00,0.00,0.00,0.00,0.00,0.00,0.00,0.00,0.00,0.00,0.00,0.00,0.00,0.00,0.00,0.00,0.00,0.00,0.00,0.00,0.00,0.00,0.00,0.00,0.00,0.00,0.00,0.00,0.00,0.00,0.00,0.00,0.00,0.40,0.92,0.95,0.31,2.94,2.96,1.97,2.79,0.00,0.00,3.00,2.76,2.44,2.78,0.00,0.00,0.00,0.46,0.00,0.00,0.50,0.50,0.00,2.13,1.05,6.89,0.00,0.62,0.79,0.00,4.26,0.00,1.07,0.47,0.00,0.65,0.83,0.00,0.64,0.96,0.00,0.00,3.07,5.31,0.00,0.00,3.32,0.00,0.85,0.87,0.00,0.00,0.00,0.00,0.00,0.00,1.11,0.00,0.45,0.23,0.35,0.62,0.98,1.05,1.03,0.79,0.00,0.00,0.00,0.00,0.00,0.00,0.00,0.00,0.00,0.00,0.00,0.00
7950.5,-2.000,7.000,0.000,0.000,0.000,0,0,0.832,0,0.257,0.247,0.271,0.370,0.741,0.00,1.42,1.13,9.95,12.44,5.80,4.06,8.53,0.00,4.81,3.04,1.12,1.73,1.44,1.27,0.13,0.11,0.00,1.42,1.17,1.38,0.00,0.00,3.73,3.73,0.00,0.00,0.80,1.59,2.12,1.95,3.14,1.53,3.24,2.67,0.00,0.00,0.00,0.00,4.26,0.00,2.30,3.98,1.49,0.00,0.00,0.00,0.00,0.00,0.00,0.00,0.00,0.00,0.00,0.00,0.00,0.00,0.00,0.00,0.00,0.00,0.00,0.00,0.00,0.00,0.00,0.00,0.00,0.00,0.00,0.00,0.00,0.00,0.00,0.00,0.00,0.00,0.00,0.00,0.00,0.00,0.00,0.00,0.00,0.00,0.00,0.00,0.00,0.00,0.00,0.00,0.00,0.00,0.00,0.00,43.45,30.03,0.00,0.00,2.76,2.86,12.56,12.51,0.00,0.00,0.00,1.87,0.51,1.01,0.00,0.00,1.08,0.89,1.61,0.00,0.00,0.00,0.00,0.00,0.00,0.00,0.00,0.00,0.00,0.00,0.00,0.00,0.00,29.85,0.00,0.00,0.00,0.00,0.00,0.00,0.00,0.00,0.00,0.00,0.00,0.00,0.00,0.00,0.00,0.00,0.00,0.00,0.00,0.00,0.00,0.00,0.00,0.00,0.00,0.00,0.00,0.00,0.00,0.00,44.78,59.70,0.00,0.00,0.00,0.00,0.00,0.00,0.00,0.00,0.00,0.00,0.00,0.00,0.00,0.00,0.00,29.85,29.85,29.85,0.00,0.00,29.85,0.00,59.70,0.00,89.55,29.85,0.00,59.70,0.00,0.00,0.00,9.95,0.00,0.00,0.00,0.00,0.00,0.00,0.00,0.00,0.00,0.00,0.00,0.00,0.00,0.00,0.00,0.00,0.00,0.00,0.00,0.00,0.00,0.00,0.00,0.00,0.00,0.00,0.00,0.00,0.00,0.00,0.00,0.00,0.00,0.00,0.00,0.00,0.00,0.00,0.00,0.24,0.12,0.00,0.00,0.00,0.00,0.00,0.00,0.80,0.31,1.19,0.92,2.80,2.94,2.89,3.21,0.00,0.00,2.93,3.25,3.45,2.60,2.49,4.59,0.00,0.00,0.90,0.00,0.50,0.50,1.00,1.42,1.26,0.00,2.99,1.23,1.06,0.00,0.00,4.98,0.00,2.37,0.49,0.80,0.83,0.00,0.44,0.73,0.00,0.00,3.95,2.65,0.00,0.00,0.00,0.00,1.17,1.08,0.00,0.00,0.00,0.00,0.00,0.00,0.00,0.00,0.68,1.16,2.11,1.87,0.49,0.35,0.51,0.79,1.15,2.30,7.46,14.93,0.00,0.00,0.00,0.00,0.00,0.00,0.00,0.00
8050.5,-2.000,7.000,0.000,0.000,0.000,0,0,0.832,0,0.268,0.213,0.352,0.422,0.938,0.00,1.42,1.13,9.95,12.44,5.39,5.33,17.06,4.26,6.30,3.56,1.08,1.03,1.08,2.17,0.20,0.11,1.42,1.42,0.59,0.81,29.85,0.00,5.60,4.35,0.00,0.00,0.40,0.40,2.02,1.85,0.79,2.30,3.33,1.82,0.00,0.00,0.00,0.00,0.00,1.42,4.59,0.00,0.00,0.00,0.00,0.00,0.00,0.00,0.00,0.00,0.00,0.00,0.00,0.00,0.00,0.00,0.00,0.00,0.00,0.00,0.00,0.00,0.00,0.00,0.00,0.00,0.00,0.00,0.00,0.00,0.00,0.00,0.00,0.00,0.00,0.00,0.00,0.00,0.00,0.00,0.00,0.00,0.00,0.00,0.00,0.00,0.00,0.00,0.00,0.00,0.00,0.00,0.00,0.00,42.39,25.92,0.77,0.00,2.87,3.07,12.79,11.96,0.00,0.00,0.00,1.87,1.01,0.51,0.00,0.00,0.77,0.99,1.61,0.81,0.00,3.73,0.00,0.00,0.00,9.95,0.00,0.00,0.00,0.00,0.00,0.00,0.00,0.00,0.00,0.00,2.49,0.00,0.00,0.00,0.00,0.00,0.00,0.00,0.00,0.00,0.00,0.00,0.00,0.00,0.00,0.00,0.00,0.00,0.00,0.00,0.00,0.00,0.00,0.00,59.70,59.70,29.85,29.85,44.78,44.78,0.00,0.00,0.00,0.00,0.00,0.00,0.00,0.00,0.00,0.00,0.00,0.00,0.00,0.00,0.00,44.78,29.85,29.85,0.00,0.00,0.00,0.00,29.85,14.93,29.85,0.00,0.00,0.00,9.95,0.00,0.00,9.95,0.00,0.00,0.00,29.85,29.85,0.00,0.00,0.00,0.00,0.00,0.00,0.00,0.00,0.00,0.00,0.00,0.00,0.00,0.00,0.00,0.00,0.00,0.00,0.00,0.00,0.00,0.00,0.00,0.00,0.00,0.00,0.00,0.00,0.00,0.00,0.00,0.00,0.00,0.00,0.24,0.24,1.61,0.00,0.00,0.00,0.00,0.00,0.80,0.62,1.31,1.33,2.92,3.17,2.50,3.07,0.00,0.00,2.74,2.76,3.25,2.60,0.00,0.00,0.00,0.00,0.45,0.00,0.50,0.00,0.50,0.36,0.63,0.00,14.93,1.54,0.79,0.00,0.00,0.00,1.07,0.47,0.00,0.82,0.83,0.00,0.64,0.73,0.00,0.00,3.51,3.98,0.00,0.00,0.00,2.99,0.95,0.83,0.00,0.00,0.00,0.00,0.00,0.00,0.00,0.00,0.68,1.62,1.05,0.93,0.98,0.70,2.06,0.79,2.30,1.15,0.00,0.00,0.00,0.00,0.00,0.00,0.00,0.00,0.00,0.00
8150.5,-2.000,7.000,0.000,0.000,0.000,0,0,0.833,0,0.302,0.337,0.250,0.447,0.294,0.00,1.42,1.03,12.44,9.95,5.39,4.76,12.79,4.26,5.25,3.47,1.01,0.72,1.80,1.99,0.09,0.14,0.00,1.42,1.17,0.81,0.00,0.00,4.35,5.60,0.00,0.00,1.59,0.00,2.05,1.99,1.57,2.30,2.73,2.53,0.00,0.00,0.00,0.00,0.00,0.00,0.00,1.99,0.00,0.00,0.00,0.00,0.00,0.00,0.00,0.00,0.00,0.00,0.00,0.00,0.00,0.00,0.00,0.00,0.00,0.00,0.00,0.00,0.00,0.00,0.00,0.00,0.00,0.00,0.00,0.00,0.00,0.00,0.00,0.00,0.00,0.00,0.00,0.00,0.00,0.00,0.00,0.00,0.00,0.00,0.00,0.00,0.00,0.00,0.00,0.00,0.00,0.00,0.00,0.00,40.63,28.24,0.77,0.00,3.13,3.21,12.48,11.62,0.00,0.00,2.30,1.87,3.04,1.01,0.00,0.00,1.39,1.09,1.61,0.81,0.00,0.00,0.00,0.00,0.00,0.00,0.00,0.00,0.00,0.00,0.00,0.00,0.00,0.00,0.00,0.00,0.00,1.30,0.00,0.00,0.00,0.00,0.00,0.00,0.00,0.00,0.00,0.00,0.00,0.00,0.00,0.00,0.00,0.00,0.00,0.00,0.00,0.00,0.00,0.00,0.00,0.00,0.00,0.00,0.00,0.00,0.00,0.00,0.00,0.00,0.00,0.00,0.00,0.00,0.00,0.00,0.00,0.00,0.00,0.00,0.00,14.93,29.85,29.85,0.00,0.00,0.00,29.85,59.70,0.00,89.55,29.85,29.85,29.85,0.00,0.00,0.00,0.00,0.00,0.00,0.00,0.00,0.00,0.00,0.00,0.00,0.00,0.00,0.00,0.00,0.00,0.00,0.00,0.00,0.00,0.00,0.00,0.00,0.00,0.00,0.00,0.00,0.00,0.00,0.00,0.00,0.00,0.00,0.00,0.00,0.00,0.00,0.00,0.00,0.00,0.00,0.00,0.24,0.24,0.00,0.00,0.00,0.00,0.00,0.00,0.80,0.62,1.55,0.72,2.94,2.77,2.50,3.21,0.00,0.00,2.42,2.56,3.05,3.82,0.00,2.30,0.00,1.38,0.45,0.00,0.50,0.00,0.50,1.07,0.42,0.00,5.97,0.92,0.53,0.00,4.26,0.00,1.07,0.95,0.98,0.74,0.81,14.93,0.44,0.90,0.00,0.00,5.27,4.64,0.00,0.00,3.32,0.00,0.95,0.79,0.00,0.00,0.00,0.00,0.00,0.00,1.11,2.30,0.23,0.93,1.05,1.24,0.98,1.05,1.29,1.31,2.30,3.44,0.00,0.00,0.00,0.00,0.00,0.00,0.00,0.00,0.00,0.00
8250.5,-2.000,7.000,0.000,0.000,0.000,0,0,0.833,0,0.548,0.496,0.625,0.562,0.225,0.00,1.07,1.60,9.95,9.95,3.73,4.06,8.53,0.00,4.73,2.86,0.97,0.99,1.80,1.09,0.16,0.08,1.42,1.42,0.94,1.27,0.00,0.00,1.87,6.84,0.00,0.00,0.80,1.19,2.15,2.14,1.57,0.00,4.35,3.56,0.00,0.00,0.00,0.00,1.42,2.84,2.30,1.99,1.49,0.00,0.00,0.00,0.00,0.00,0.00,0.00,0.00,0.00,0.00,0.00,0.00,0.00,0.00,0.00,0.00,0.00,0.00,0.00,0.00,0.00,0.00,0.00,0.00,0.00,0.00,0.00,0.00,0.00,0.00,0.00,0.00,0.00,0.00,0.00,0.00,0.00,0.00,0.00,0.00,0.00,0.01,0.01,0.00,0.00,0.00,0.00,0.00,0.00,0.00,0.00,41.33,30.74,1.53,0.00,2.83,2.77,12.79,12.70,0.00,0.00,2.30,0.00,0.51,0.51,0.00,0.00,0.62,0.99,0.00,0.00,0.00,0.00,0.00,0.00,0.00,0.00,0.00,0.00,0.00,0.00,0.00,0.00,29.85,0.00,0.00,0.00,1.24,0.00,0.00,0.00,0.00,0.00,0.00,0.00,0.00,0.00,0.00,0.00,0.00,0.00,0.00,0.00,0.00,0.00,0.00,0.00,0.00,0.00,0.00,0.00,0.00,0.00,0.00,0.00,0.00,0.00,0.00,0.00,0.00,0.00,29.85,0.00,0.00,0.00,0.00,0.00,0.00,0.00,0.00,0.00,29.85,59.70,59.70,89.55,0.00,0.00,29.85,29.85,59.70,14.93,89.55,29.85,29.85,119.40,0.00,0.00,0.00,0.00,0.00,0.00,0.00,29.85,0.00,0.00,0.00,0.00,0.00,0.00,0.00,0.00,0.00,0.00,0.00,0.00,0.00,0.00,0.00,0.00,0.00,0.00,0.00,0.00,0.00,0.00,0.00,0.00,0.00,0.00,0.00,0.00,0.00,0.00,0.00,0.00,0.00,0.00,0.00,1.42,1.46,1.61,0.93,0.00,0.00,0.00,0.00,0.80,0.31,1.55,1.13,3.10,2.76,2.76,3.35,0.00,4.98,3.83,2.56,2.44,3.12,0.00,0.00,0.00,3.67,1.36,0.00,0.50,1.99,0.00,0.71,0.42,9.18,20.90,2.15,1.06,0.00,4.26,0.00,2.13,0.95,0.98,0.80,0.93,0.00,0.76,1.01,0.00,0.00,1.76,1.33,0.00,0.00,0.00,0.00,1.22,0.96,0.00,0.00,0.00,0.00,0.00,0.00,1.11,1.15,0.45,1.16,1.40,2.49,2.45,1.40,1.29,0.52,2.30,1.15,0.00,0.00,0.00,0.00,0.00,0.00,0.00,0.00,0.00,0.00
8350.5,-2.000,7.000,0.000,0.000,0.000,0,0,0.833,0,0.352,0.306,0.421,0.401,0.430,2.13,1.60,1.16,9.95,9.95,4.28,3.92,12.79,0.00,5.34,4.08,0.76,0.82,1.62,1.45,0.16,0.13,0.00,2.84,1.05,0.92,0.00,0.00,3.73,5.60,0.00,0.00,0.40,1.59,1.98,1.90,5.50,2.30,3.38,1.87,0.00,0.00,0.00,0.00,0.00,2.84,0.00,1.99,2.99,0.00,0.00,0.00,0.00,0.00,0.00,0.00,0.00,0.00,0.00,0.00,0.00,0.00,0.00,0.00,0.00,0.00,0.00,0.00,0.00,0.00,0.00,0.00,0.00,0.00,0.00,0.00,0.00,0.00,0.00,0.00,0.00,0.00,0.00,0.00,0.00,0.00,0.00,0.00,0.00,0.00,0.00,0.00,0.00,0.00,0.00,0.00,0.00,0.00,0.00,0.00,43.98,30.39,0.77,0.00,3.18,2.93,13.08,11.41,0.00,0.00,2.30,1.87,1.52,0.51,0.00,0.00,0.77,0.69,0.81,0.00,0.00,0.00,0.00,0.00,0.00,0.00,0.00,0.00,0.00,0.00,0.00,0.00,29.85,29.85,0.00,0.00,4.98,1.30,0.00,0.00,0.00,0.00,0.00,0.00,0.00,0.00,0.00,0.00,0.00,0.00,0.00,0.00,0.00,0.00,0.00,0.00,0.00,0.00,0.00,0.00,0.00,0.00,0.00,0.00,29.85,29.85,0.00,0.00,0.00,0.00,0.00,0.00,0.00,0.00,0.00,0.00,0.00,0.00,0.00,0.00,0.00,14.93,0.00,0.00,0.00,0.00,0.00,29.85,29.85,0.00,29.85,29.85,0.00,59.70,0.00,0.00,0.00,9.95,0.00,0.00,0.00,0.00,0.00,0.00,0.00,0.00,0.00,0.00,0.00,0.00,0.00,0.00,0.00,0.00,0.00,0.00,0.00,0.00,0.00,0.00,0.00,0.00,0.00,0.00,0.00,0.00,0.00,0.00,0.00,0.00,0.00,0.00,0.00,0.00,0.00,0.00,0.00,0.59,0.49,0.00,0.00,0.00,0.00,0.00,0.00,0.00,1.85,1.19,0.82,3.09,2.75,3.02,2.23,4.98,0.00,3.38,4.01,2.84,2.78,0.00,0.00,0.00,0.92,0.00,0.50,0.00,0.50,1.49,0.36,0.84,2.30,8.96,0.92,0.79,0.00,4.26,0.00,1.07,0.95,1.96,0.74,0.89,0.00,0.64,1.24,0.00,0.00,3.95,2.65,0.00,0.00,9.95,0.00,1.02,1.10,0.00,0.00,0.00,0.00,0.00,0.00,0.00,0.00,0.45,0.69,0.35,0.62,1.96,1.76,1.29,0.52,0.00,0.00,0.00,0.00,0.00,0.00,0.00,0.00,0.00,0.00,0.00,0.00
8450.5,-2.000,7.000,0.000,0.000,0.000,0,0,0.834,0,0.199,0.199,0.198,0.413,1.000,2.13,1.71,1.13,7.46,9.95,5.25,4.91,21.32,0.00,5.60,2.86,0.74,0.76,3.24,0.90,0.14,0.08,1.42,0.00,1.17,1.38,0.00,0.00,1.24,4.35,0.00,0.00,1.19,0.40,2.09,1.98,0.00,1.53,2.87,2.48,0.00,0.00,0.00,0.00,1.42,1.42,2.30,1.99,0.00,0.00,0.00,0.00,0.00,0.00,0.00,0.00,0.00,0.00,0.00,0.00,0.00,0.00,0.00,0.00,0.00,0.00,0.00,0.00,0.00,0.00,0.00,0.00,0.00,0.00,0.00,0.00,0.00,0.00,0.00,0.00,0.00,0.00,0.00,0.00,0.00,0.00,0.00,0.00,0.00,0.00,0.00,0.00,0.00,0.00,0.00,0.00,0.00,0.00,0.00,0.00,35.68,26.81,0.77,0.85,3.31,3.23,12.74,12.57,7.46,0.00,0.00,0.00,0.51,2.02,0.00,0.00,0.93,0.99,2.42,0.00,0.00,3.73,0.00,0.00,0.00,9.95,0.00,0.00,0.00,0.00,0.00,0.00,29.85,29.85,0.00,0.00,1.24,0.00,0.00,0.00,0.00,0.00,0.00,0.00,0.00,0.00,0.00,0.00,0.00,0.00,0.00,0.00,0.00,0.00,0.00,0.00,0.00,0.00,0.00,0.00,59.70,59.70,29.85,29.85,44.78,59.70,0.00,29.85,0.00,0.00,0.00,0.00,0.00,0.00,0.00,0.00,0.00,0.00,0.00,0.00,0.00,0.00,0.00,0.00,0.00,0.00,0.00,0.00,59.70,14.93,59.70,29.85,0.00,29.85,0.00,29.85,29.85,0.00,0.00,0.00,0.00,0.00,0.00,0.00,0.00,0.00,0.00,0.00,0.00,0.00,0.00,0.00,0.00,0.00,0.00,0.00,0.00,0.00,0.00,0.00,0.00,0.00,0.00,0.00,0.00,0.00,0.00,0.00,0.00,0.00,0.00,0.00,0.00,0.00,0.00,0.00,0.00,0.35,0.36,0.00,0.00,0.00,0.00,0.00,0.00,0.00,0.00,0.95,1.23,2.73,2.93,3.16,3.49,0.00,0.00,2.74,2.63,3.05,2.60,0.00,0.00,0.00,0.00,0.45,0.00,2.49,0.00,1.00,0.00,1.26,0.00,0.00,0.00,0.79,0.00,0.00,0.00,0.00,0.95,1.47,0.84,1.10,0.00,0.83,0.34,0.00,0.00,2.19,3.32,3.73,0.00,3.32,0.00,0.98,1.10,0.00,0.00,29.85,14.93,0.00,0.00,1.11,0.00,1.13,1.39,1.05,0.31,0.98,0.35,1.03,1.57,2.30,0.00,0.00,0.00,0.00,0.00,0.00,0.00,0.00,0.00,0.00,0.00
8550.5,-2.000,7.000,0.000,0.000,0.000,0,0,0.834,0,0.364,0.349,0.387,0.271,0.755,0.00,1.46,1.16,9.95,9.95,4.28,4.06,12.79,0.00,5.16,3.38,0.78,0.82,1.80,1.45,0.13,0.07,0.00,1.42,1.17,0.92,0.00,0.00,5.60,4.35,0.00,0.00,0.40,0.80,1.92,1.72,1.57,3.83,2.87,2.39,0.00,0.00,0.00,0.00,0.00,1.42,0.00,0.00,0.00,0.00,0.00,0.00,0.00,0.00,0.00,0.00,0.00,0.00,0.00,0.00,0.00,0.00,0.00,0.00,0.00,0.00,0.00,0.00,0.00,0.00,0.00,0.00,0.00,0.00,0.00,0.00,0.00,0.00,0.00,0.00,0.00,0.00,0.00,0.00,0.00,0.00,0.00,0.00,0.00,0.00,0.00,0.00,0.00,0.00,0.00,0.00,0.00,0.00,0.00,0.00,37.45,29.31,1.53,3.41,2.72,3.26,12.53,12.36,0.00,0.00,2.30,1.87,0.51,1.52,0.00,0.00,1.55,0.59,0.00,1.61,0.00,0.00,0.00,0.00,0.00,0.00,0.00,0.00,0.00,0.00,0.00,0.00,0.00,29.85,0.00,0.00,0.00,2.60,0.00,0.00,0.00,0.00,0.00,0.00,0.00,0.00,0.00,0.00,0.00,0.00,0.00,0.00,0.00,0.00,0.00,0.00,0.00,0.00,0.00,0.00,0.00,0.00,0.00,0.00,0.00,0.00,0.00,0.00,0.00,0.00,29.85,0.00,0.00,0.00,0.00,0.00,0.00,0.00,0.00,0.00,0.00,29.85,29.85,29.85,0.00,0.00,0.00,29.85,0.00,0.00,0.00,0.00,0.00,29.85,0.00,0.00,0.00,0.00,0.00,0.00,0.00,0.00,0.00,0.00,0.00,0.00,0.00,0.00,0.00,0.00,0.00,0.00,0.00,0.00,0.00,0.00,0.00,0.00,0.00,0.00,0.00,0.00,0.00,0.00,0.00,0.00,0.00,0.00,0.00,0.00,0.00,0.00,0.00,0.00,0.00,0.00,0.00,0.59,0.49,0.00,0.00,0.00,0.00,0.00,0.00,0.80,0.62,1.31,1.44,2.74,2.83,2.89,3.91,0.00,0.00,3.19,3.25,1.83,2.08,0.00,0.00,0.00,0.00,0.00,1.00,0.50,0.50,1.00,1.07,0.63,0.00,0.00,1.23,1.58,4.26,0.00,0.00,2.13,0.47,0.49,0.72,0.62,0.00,0.64,0.51,0.00,0.00,2.19,4.64,3.73,4.26,0.00,0.00,1.08,0.87,0.00,0.00,0.00,0.00,0.00,0.00,0.00,1.15,0.68,0.23,0.70,0.62,0.98,1.05,1.03,0.79,1.15,3.44,0.00,0.00,0.00,0.00,0.00,0.00,0.00,0.00,0.00,0.00
8650.5,-2.000,7.000,0.000,0.000,0.000,0,0,0.835,0,0.331,0.350,0.304,0.523,0.143,0.00,1.35,1.10,12.44,9.95,6.08,4.91,12.79,0.00,6.04,3.30,0.63,0.78,1.44,2.17,0.13,0.09,2.84,1.42,1.29,0.69,0.00,0.00,6.22,4.35,0.00,0.00,1.59,1.99,2.03,1.64,2.36,3.06,2.73,1.92,0.00,0.00,0.00,0.00,1.42,0.00,0.00,0.00,1.49,0.00,0.00,0.00,0.00,0.00,0.00,0.00,0.00,0.00,0.00,0.00,0.00,0.00,0.00,0.00,0.00,0.00,0.00,0.00,0.00,0.00,0.00,0.00,0.00,0.00,0.00,0.00,0.00,0.00,0.00,0.00,0.00,0.00,0.00,0.00,0.00,0.00,0.00,0.00,0.00,0.00,0.00,0.00,0.00,0.00,0.00,0.00,0.00,0.00,0.00,0.00,36.21,29.14,0.77,0.85,3.04,2.68,12.50,11.96,0.00,0.00,0.00,0.00,1.01,0.51,0.00,0.00,0.93,1.09,0.00,0.81,0.00,0.00,0.00,0.00,0.00,0.00,0.00,0.00,0.00,0.00,0.00,0.00,0.00,0.00,0.00,0.00,0.00,0.00,0.00,0.00,0.00,0.00,0.00,0.00,0.00,0.00,0.00,0.00,0.00,0.00,0.00,0.00,0.00,0.00,0.00,0.00,0.00,0.00,0.00,0.00,0.00,0.00,0.00,0.00,0.00,0.00,29.85,0.00,0.00,0.00,0.00,0.00,0.00,0.00,0.00,0.00,0.00,0.00,0.00,0.00,0.00,14.93,0.00,0.00,0.00,0.00,0.00,0.00,29.85,0.00,59.70,0.00,0.00,0.00,0.00,0.00,0.00,0.00,0.00,0.00,0.00,29.85,0.00,0.00,0.00,0.00,0.00,0.00,0.00,0.00,0.00,0.00,0.00,0.00,0.00,0.00,0.00,0.00,0.00,0.00,0.00,0.00,0.00,0.00,0.00,0.00,0.00,0.00,0.00,0.00,0.00,0.00,0.00,0.00,0.00,0.00,0.00,0.24,0.49,0.00,0.00,0.00,0.00,0.00,0.00,1.19,1.23,0.71,0.82,3.13,2.81,3.55,2.65,0.00,0.00,2.93,3.18,2.44,2.95,0.00,0.00,0.00,0.46,0.00,0.00,0.00,0.00,0.50,0.36,1.47,0.00,0.00,0.31,1.85,0.00,0.00,0.00,0.00,0.00,0.00,0.57,0.54,0.00,0.51,0.79,0.00,0.00,1.76,1.33,0.00,0.00,0.00,0.00,1.01,0.91,0.00,0.00,0.00,0.00,0.00,0.00,1.11,1.15,1.13,0.46,1.05,2.18,0.49,1.40,1.03,1.57,0.00,0.00,0.00,0.00,0.00,0.00,0.00,0.00,0.00,0.00,0.00,0.00
8750.5,-2.000,7.000,0.000,0.000,0.000,0,0,0.835,0,0.594,0.633,0.537,0.623,0.204,4.26,1.60,1.40,12.44,12.44,5.67,5.61,12.79,0.00,6.65,3.64,1.01,0.89,1.80,1.63,0.10,0.03,1.42,0.00,0.94,0.92,0.00,0.00,4.35,2.49,0.00,0.00,1.19,0.00,1.91,1.72,0.79,1.53,3.24,2.76,0.00,0.00,0.00,0.00,1.42,0.00,0.00,0.00,1.49,0.00,0.00,0.00,0.00,0.00,0.00,0.00,0.00,0.00,0.00,0.00,0.00,0.00,0.00,0.00,0.00,0.00,0.00,0.00,0.00,0.00,0.00,0.00,0.00,0.00,0.00,0.00,0.00,0.00,0.00,0.00,0.00,0.00,0.00,0.00,0.00,0.00,0.00,0.00,0.00,0.00,0.00,0.00,0.00,0.00,0.00,0.00,0.00,0.00,0.00,0.00,39.57,30.39,1.53,0.00,3.07,2.61,12.82,12.38,0.00,0.00,2.30,1.87,1.01,1.52,0.00,0.00,0.77,0.69,0.00,0.00,0.00,3.73,0.00,0.00,0.00,0.00,0.00,0.00,0.00,0.00,0.00,0.00,0.00,29.85,0.00,0.00,0.00,0.00,0.00,0.00,0.00,0.00,0.00,0.00,0.00,0.00,0.00,0.00,0.00,0.00,0.00,0.00,0.00,0.00,0.00,0.00,14.93,0.00,0.00,0.00,0.00,0.00,0.00,0.00,0.00,0.00,0.00,0.00,0.00,0.00,0.00,0.00,0.00,0.00,0.00,0.00,0.00,0.00,0.00,0.00,14.93,0.00,59.70,59.70,0.00,0.00,29.85,29.85,74.63,0.00,89.55,29.85,89.55,89.55,0.00,0.00,0.00,0.00,0.00,0.00,0.00,0.00,0.00,0.00,0.00,0.00,0.00,0.00,0.00,0.00,0.00,0.00,0.00,0.00,0.00,0.00,0.00,0.00,0.00,0.00,0.00,0.00,0.00,0.00,0.00,0.00,0.00,0.00,0.00,0.00,0.00,0.00,0.00,0.00,0.00,0.00,0.00,0.47,0.61,0.00,0.00,0.00,0.00,0.00,0.01,0.40,0.92,1.43,1.54,2.88,2.76,3.29,2.79,0.00,0.00,3.44,2.83,3.05,2.08,0.00,0.00,0.00,0.92,1.36,0.00,1.00,1.00,0.00,1.78,1.68,0.00,0.00,0.92,0.53,0.00,0.00,0.00,4.26,0.95,0.49,0.95,0.96,0.00,0.51,0.62,0.00,0.00,2.63,3.98,0.00,0.00,0.00,2.99,0.74,1.05,0.00,0.00,0.00,0.00,0.00,0.00,1.11,0.00,0.45,0.46,0.00,0.62,0.49,0.70,0.26,0.26,0.00,0.00,0.00,0.00,0.00,0.00,0.00,0.00,0.00,0.00,0.00,0.00
8850.5,-2.000,7.000,0.000,0.000,0.000,0,0,0.835,0,0.232,0.220,0.249,0.476,0.448,0.00,1.25,0.93,7.46,4.98,6.08,4.48,17.06,0.00,6.65,3.73,0.76,1.08,1.98,1.81,0.22,0.11,1.42,1.42,1.17,1.38,0.00,0.00,5.60,8.08,0.00,0.00,1.19,1.59,2.31,2.01,2.36,0.77,2.22,2.48,0.00,0.00,0.00,0.00,0.00,0.00,0.00,0.00,0.00,0.00,0.00,0.00,0.00,0.00,0.00,0.00,0.00,0.00,0.00,0.00,0.00,0.00,0.00,0.00,0.00,0.00,0.00,0.00,0.00,0.00,0.00,0.00,0.00,0.00,0.00,0.00,0.00,0.00,0.00,0.00,0.00,0.00,0.00,0.00,0.00,0.00,0.00,0.00,0.00,0.00,0.00,0.01,0.00,0.00,0.00,0.00,0.00,0.00,0.00,0.00,38.68,28.60,0.00,0.00,2.96,3.14,12.42,12.36,0.00,0.00,2.30,0.00,2.53,0.00,0.00,0.00,1.70,0.79,0.00,0.81,0.00,0.00,0.00,0.00,0.00,0.00,0.00,0.00,0.00,0.00,0.00,0.00,0.00,29.85,29.85,0.00,1.24,2.60,0.00,0.00,0.00,0.00,0.00,0.00,0.00,0.00,0.00,0.00,0.00,0.00,0.00,0.00,0.00,0.00,0.00,0.00,0.00,0.00,0.00,0.00,0.00,0.00,0.00,0.00,0.00,0.00,0.00,0.00,0.00,0.00,59.70,0.00,0.00,0.00,0.00,0.00,0.00,0.00,0.00,0.00,0.00,0.00,0.00,0.00,0.00,0.00,0.00,29.85,29.85,0.00,29.85,0.00,0.00,0.00,0.00,0.00,0.00,0.00,0.00,0.00,0.00,0.00,29.85,0.00,0.00,0.00,0.00,0.00,0.00,0.00,0.00,0.00,0.00,0.00,0.00,0.00,0.00,0.00,0.00,0.00,0.00,0.00,0.00,0.00,0.00,0.00,0.00,0.00,0.00,0.00,0.00,0.00,0.00,0.00,0.00,0.00,0.00,0.59,0.36,0.00,0.00,0.00,0.00,0.00,0.00,0.40,0.31,0.59,1.23,3.02,3.04,1.97,2.65,0.00,0.00,3.25,2.07,2.84,2.43,0.00,0.00,0.00,0.46,0.90,0.00,0.00,1.00,0.50,1.42,0.63,0.00,0.00,0.92,1.32,0.00,0.00,0.00,0.00,0.47,0.49,0.84,0.87,0.00,0.70,0.51,0.00,0.00,2.19,2.65,0.00,0.00,0.00,0.00,1.01,1.02,0.00,0.00,0.00,0.00,0.00,0.00,2.21,1.15,1.36,1.62,1.05,1.55,0.00,0.35,0.51,1.57,1.15,0.00,0.00,0.00,0.00,0.00,0.00,0.00,0.00,0.00,0.00,0.00
8950.5,-2.000,7.000,0.000,0.000,0.000,0,0,0.836,0,0.148,0.111,0.202,0.415,0.512,4.26,1.42,1.10,7.46,9.95,4.42,5.33,12.79,4.26,5.78,3.73,0.74,0.93,1.08,1.45,0.07,0.03,2.84,2.84,1.76,1.04,0.00,0.00,2.49,3.11,0.00,0.00,1.59,1.19,1.63,1.59,0.79,2.30,2.18,1.97,0.00,0.00,0.00,9.95,0.00,0.00,0.00,1.99,0.00,0.00,0.00,0.00,0.00,0.00,0.00,0.00,0.00,0.00,0.00,0.00,0.00,0.00,0.00,0.00,0.00,0.00,0.00,0.00,0.00,0.00,0.00,0.00,0.00,0.00,0.00,0.00,0.00,0.00,0.00,0.00,0.00,0.00,0.00,0.00,0.00,0.00,0.00,0.00,0.00,0.00,0.00,0.00,0.00,0.00,0.00,0.00,0.00,0.00,0.00,0.00,40.10,26.99,0.77,1.71,2.91,2.93,12.27,13.25,7.46,0.00,4.59,3.73,1.01,3.04,0.00,0.00,1.55,0.99,0.81,0.00,0.00,3.73,0.00,0.00,0.00,0.00,0.00,0.00,0.00,0.00,0.00,0.00,29.85,29.85,0.00,0.00,1.24,0.00,0.00,0.00,0.00,0.00,0.00,0.00,0.00,0.00,0.00,0.00,0.00,0.00,0.00,0.00,0.00,0.00,0.00,0.00,0.00,0.00,0.00,0.00,0.00,0.00,0.00,0.00,0.00,0.00,0.00,0.00,0.00,0.00,0.00,0.00,0.00,0.00,0.00,0.00,0.00,0.00,0.00,0.00,0.00,14.93,0.00,0.00,0.00,0.00,0.00,0.00,29.85,0.00,59.70,29.85,0.00,0.00,0.00,0.00,0.00,0.00,0.00,0.00,0.00,0.00,0.00,0.00,0.00,0.00,0.00,0.00,0.00,0.00,0.00,0.00,0.00,0.00,0.00,0.00,0.00,0.00,0.00,0.00,0.00,0.00,0.00,0.00,0.00,0.00,0.00,0.00,0.00,0.00,0.00,0.00,0.00,0.00,0.00,0.00,0.00,0.12,0.00,0.00,0.00,0.00,0.00,0.00,0.00,0.40,0.31,0.59,0.31,3.15,2.81,3.68,3.35,0.00,0.00,3.44,3.11,2.23,3.47,0.00,0.00,14.93,0.46,0.00,0.50,0.00,0.50,0.00,0.71,0.63,0.00,0.00,0.00,2.64,0.00,0.00,0.00,1.07,0.95,0.49,0.84,0.66,0.00,0.76,0.84,0.00,14.93,4.83,1.33,3.73,0.00,3.32,2.99,0.83,1.00,0.00,0.00,0.00,0.00,0.00,0.00,2.21,2.30,0.90,0.23,0.35,0.62,1.47,1.05,0.77,0.52,0.00,0.00,0.00,0.00,0.00,0.00,0.00,0.00,0.00,0.00,0.00,0.00
9050.5,-2.000,7.000,0.000,0.000,0.000,0,0,0.836,0,0.140,0.144,0.134,0.248,0.361,0.00,1.14,1.33,7.46,9.95,5.25,4.48,17.06,0.00,6.04,2.95,0.76,0.76,0.90,1.99,0.12,0.08,4.26,1.42,1.99,1.27,0.00,0.00,2.49,6.22,0.00,0.00,0.40,1.99,1.60,1.89,1.57,0.77,2.08,3.42,0.00,0.00,0.00,0.00,2.84,1.42,0.00,0.00,0.00,1.57,0.00,0.00,0.00,0.00,0.00,0.00,0.00,0.00,0.00,0.00,0.00,0.00,0.00,0.00,0.00,0.00,0.00,0.00,0.00,0.00,0.00,0.00,0.00,0.00,0.00,0.00,0.00,0.00,0.00,0.00,0.00,0.00,0.00,0.00,0.00,0.00,0.00,0.00,0.00,0.00,0.00,0.00,0.00,0.00,0.00,0.00,0.00,0.00,0.00,0.00,37.45,28.24,0.77,2.56,3.20,3.14,12.42,12.54,0.00,0.00,4.59,1.87,1.01,1.01,0.00,0.00,0.31,0.99,0.81,0.81,0.00,0.00,0.00,0.00,0.00,0.00,0.00,59.70,0.00,0.00,0.00,0.00,0.00,0.00,0.00,0.00,0.00,1.30,0.00,0.00,0.00,0.00,0.00,0.00,0.00,0.00,0.00,0.00,0.00,0.00,0.00,0.00,0.00,0.00,0.00,0.00,29.85,14.93,0.00,0.00,0.00,0.00,0.00,0.00,14.93,14.93,0.00,0.00,0.00,0.00,0.00,0.00,0.00,0.00,0.00,0.00,0.00,0.00,0.00,0.00,0.00,0.00,0.00,0.00,0.00,0.00,0.00,0.00,0.00,0.00,0.00,0.00,0.00,0.00,0.00,0.00,0.00,0.00,0.00,0.00,0.00,0.00,0.00,0.00,0.00,0.00,0.00,0.00,0.00,0.00,0.00,0.00,0.00,0.00,0.00,0.00,0.00,0.00,0.00,0.00,0.00,0.00,0.00,0.00,0.00,0.00,0.00,0.00,0.00,0.00,0.00,0.00,0.00,0.00,0.00,0.00,0.00,0.35,0.61,0.00,0.93,0.00,0.00,0.00,0.00,0.40,0.00,0.71,1.54,2.91,2.68,3.02,3.21,0.00,0.00,2.74,2.63,1.83,2.60,0.00,2.30,0.00,0.00,0.00,1.00,0.00,1.49,0.00,0.71,0.21,0.00,0.00,1.54,0.53,0.00,0.00,0.00,0.00,0.47,1.47,0.78,1.27,0.00,0.32,0.79,0.00,0.00,3.07,5.97,0.00,4.26,0.00,0.00,0.91,1.21,0.00,0.00,0.00,14.93,0.00,0.00,0.00,0.00,0.00,1.16,0.70,1.55,0.49,1.05,0.51,0.79,1.15,6.89,0.00,0.00,0.00,0.00,0.00,0.00,0.00,0.00,0.00,0.00
9150.5,-2.000,7.000,0.000,0.000,0.000,0,0,0.837,0,0.276,0.322,0.207,0.317,0.697,0.00,1.25,1.30,7.46,14.93,5.53,5.33,17.06,0.00,6.04,3.04,0.87,0.70,1.80,2.71,0.22,0.07,2.84,1.42,0.82,1.27,0.00,0.00,3.73,4.35,0.00,0.00,1.19,0.00,2.22,2.02,2.36,1.53,2.64,2.34,0.00,0.00,9.95,0.00,0.00,1.42,0.00,1.99,0.00,0.00,0.00,0.00,0.00,0.00,0.00,0.00,0.00,0.00,0.00,0.00,0.00,0.00,0.00,0.00,0.00,0.00,0.00,0.00,0.00,0.00,0.00,0.00,0.00,0.00,0.00,0.00,0.00,0.00,0.00,0.00,0.00,0.00,0.00,0.00,0.00,0.00,0.00,0.00,0.00,0.00,0.00,0.00,0.00,0.00,0.00,0.00,0.00,0.00,0.00,0.00,37.45,28.06,2.30,0.85,2.91,2.84,13.44,11.51,0.00,0.00,0.00,1.87,0.00,1.52,0.00,0.00,1.24,0.99,1.61,1.61,0.00,0.00,0.00,0.00,0.00,0.00,0.00,0.00,0.00,0.00,0.00,0.00,0.00,0.00,0.00,0.00,1.24,3.89,0.00,0.00,0.00,0.00,0.00,0.00,0.00,0.00,0.00,0.00,0.00,0.00,0.00,0.00,0.00,0.00,0.00,0.00,0.00,0.00,0.00,0.00,0.00,0.00,0.00,0.00,0.00,0.00,0.00,0.00,0.00,0.00,59.70,0.00,0.00,0.00,0.00,0.00,0.00,0.00,0.00,0.00,0.00,44.78,29.85,29.85,0.00,0.00,0.00,0.00,29.85,0.00,29.85,0.00,29.85,29.85,0.00,0.00,0.00,0.00,0.00,0.00,0.00,0.00,0.00,0.00,0.00,0.00,0.00,0.00,0.00,0.00,0.00,0.00,0.00,0.00,0.00,0.00,0.00,0.00,0.00,0.00,0.00,0.00,0.00,0.00,0.00,0.00,0.00,0.00,0.00,0.00,0.00,0.00,0.00,0.00,0.00,0.00,0.00,0.24,0.12,0.00,0.00,0.00,0.00,0.00,0.00,0.40,0.62,1.43,1.13,3.09,3.13,3.55,2.79,4.98,0.00,2.68,2.83,4.06,2.26,0.00,2.30,0.00,0.00,0.45,0.50,0.00,0.00,0.00,0.36,0.63,0.00,0.00,0.62,0.79,0.00,0.00,4.98,1.07,1.42,0.49,0.93,0.48,14.93,0.70,1.01,0.00,14.93,2.19,2.65,0.00,0.00,0.00,0.00,0.91,1.06,0.00,0.00,0.00,0.00,0.00,0.00,1.11,0.00,0.68,1.16,1.76,1.55,0.00,1.05,0.77,1.05,3.44,3.44,0.00,0.00,0.00,0.00,0.00,0.00,0.00,0.00,0.00,0.00
9250.5,-2.000,7.000,0.000,0.000,0.000,0,0,0.837,0,0.201,0.213,0.184,0.399,0.379,4.26,1.53,1.23,12.44,12.44,4.01,4.62,8.53,0.00,5.60,3.12,0.97,1.29,2.16,2.17,0.07,0.09,1.42,0.00,1.17,1.38,0.00,0.00,8.08,6.84,0.00,0.00,0.40,1.99,1.97,1.73,0.79,2.30,2.45,2.25,0.00,0.00,0.00,0.00,0.00,0.00,0.00,0.00,0.00,0.00,0.00,0.00,0.00,0.00,0.00,0.00,0.00,0.00,0.00,0.00,0.00,0.00,0.00,0.00,0.00,0.00,0.00,0.00,0.00,0.00,0.00,0.00,0.00,0.00,0.00,0.00,0.00,0.00,0.00,0.00,0.00,0.00,0.00,0.00,0.00,0.00,0.00,0.00,0.00,0.00,0.00,0.00,0.00,0.00,0.00,0.00,0.00,0.00,0.00,0.00,42.92,30.92,0.00,0.00,2.52,2.47,13.08,12.51,0.00,0.00,0.00,0.00,0.51,1.52,0.00,0.00,0.31,1.38,0.00,0.00,0.00,0.00,0.00,0.00,9.95,0.00,0.00,0.00,0.00,0.00,0.00,0.00,29.85,0.00,0.00,0.00,0.00,0.00,0.00,0.00,0.00,0.00,0.00,0.00,0.00,0.00,0.00,0.00,0.00,0.00,0.00,0.00,0.00,0.00,0.00,0.00,0.00,0.00,0.00,0.00,0.00,0.00,0.00,0.00,14.93,14.93,0.00,0.00,0.00,0.00,29.85,0.00,0.00,0.00,0.00,0.00,0.00,0.00,0.00,0.00,0.00,14.93,29.85,0.00,0.00,0.00,0.00,0.00,14.93,14.93,59.70,29.85,0.00,0.00,0.00,0.00,0.00,0.00,0.00,0.00,0.00,29.85,0.00,0.00,0.00,0.00,0.00,0.00,0.00,0.00,0.00,0.00,0.00,0.00,0.00,0.00,0.00,0.00,0.00,0.00,0.00,0.00,0.00,0.00,0.00,0.00,0.00,0.00,0.00,0.00,0.00,0.00,0.00,0.00,0.00,0.00,0.00,0.83,0.49,1.61,0.00,0.00,0.00,0.01,0.00,1.99,0.00,1.19,1.54,2.77,2.98,3.81,2.37,0.00,0.00,2.49,2.97,2.03,3.82,0.00,0.00,0.00,0.46,0.00,0.00,0.50,0.00,1.49,0.36,0.42,0.00,5.97,0.92,1.32,4.26,4.26,0.00,0.00,0.95,0.98,1.04,0.89,0.00,0.76,0.79,0.00,0.00,4.39,1.33,0.00,0.00,0.00,0.00,1.04,0.98,0.00,0.00,0.00,0.00,0.00,0.00,1.11,2.30,1.13,1.62,0.70,0.31,1.47,1.40,0.51,0.79,0.00,0.00,0.00,0.00,0.00,0.00,0.00,0.00,0.00,0.00,0.00,0.00
9350.5,-2.000,7.000,0.000,0.000,0.000,0,0,0.837,0,0.409,0.410,0.408,0.399,0.313,0.00,1.21,1.20,12.44,12.44,5.80,5.33,12.79,4.26,6.39,3.04,1.31,1.10,3.06,1.45,0.16,0.14,0.00,0.00,1.05,1.27,0.00,0.00,2.49,3.11,0.00,0.00,0.80,0.40,1.70,1.51,0.00,2.30,2.36,2.20,0.00,0.00,0.00,0.00,0.00,0.00,0.00,0.00,0.00,0.00,0.00,0.00,0.00,0.00,0.00,0.00,0.00,0.00,0.00,0.00,0.00,0.00,0.00,0.00,0.00,0.00,0.00,0.00,0.00,0.00,0.00,0.00,0.00,0.00,0.00,0.00,0.00,0.00,0.00,0.00,0.00,0.00,0.00,0.00,0.00,0.00,0.00,0.00,0.00,0.00,0.00,0.00,0.00,0.00,0.00,0.00,0.00,0.00,0.00,0.00,41.86,31.64,0.77,0.85,3.20,2.73,13.15,12.09,0.00,0.00,0.00,0.00,1.52,0.51,0.00,0.00,0.77,1.19,0.00,0.00,0.00,3.73,0.00,0.00,0.00,0.00,0.00,0.00,0.00,0.00,0.00,0.00,0.00,29.85,0.00,0.00,1.24,0.00,0.00,0.00,0.00,0.00,0.00,0.00,0.00,0.00,0.00,0.00,0.00,0.00,0.00,0.00,0.00,0.00,0.00,0.00,0.00,0.00,0.00,0.00,0.00,0.00,0.00,0.00,0.00,0.00,0.00,0.00,0.00,0.00,0.00,0.00,0.00,0.00,0.00,0.00,0.00,0.00,0.00,0.00,0.00,29.85,29.85,29.85,0.00,0.00,0.00,29.85,0.00,0.00,29.85,0.00,0.00,29.85,0.00,0.00,0.00,0.00,0.00,0.00,0.00,0.00,0.00,0.00,0.00,0.00,0.00,0.00,0.00,0.00,0.00,0.00,0.00,0.00,0.00,0.00,0.00,0.00,0.00,0.00,0.00,0.00,0.00,0.00,0.00,0.00,0.00,0.00,0.00,0.00,0.00,0.00,0.00,0.00,0.00,0.00,0.00,0.12,0.36,0.00,0.00,0.00,0.00,0.00,0.00,1.19,0.92,0.71,1.13,2.82,2.71,3.02,2.65,0.00,4.98,3.38,2.76,4.47,3.30,0.00,0.00,0.00,0.00,0.00,0.00,0.00,0.00,0.00,0.71,1.47,0.00,0.00,0.92,0.26,4.26,0.00,0.00,1.07,0.00,0.49,0.89,0.54,0.00,0.51,0.90,0.00,0.00,2.63,1.33,0.00,0.00,3.32,0.00,0.99,0.92,0.00,0.00,0.00,0.00,0.00,0.00,0.00,0.00,1.13,1.16,1.40,0.62,0.98,1.40,0.51,0.26,6.89,8.04,0.00,0.00,0.00,0.00,0.00,0.00,0.00,0.00,0.00,0.00
9450.5,-2.000,7.000,0.000,0.000,0.000,0,0,0.838,0,0.454,0.477,0.419,0.511,1.000,0.00,1.64,1.03,7.46,9.95,5.67,4.06,17.06,0.00,6.39,3.21,1.14,1.01,1.98,1.99,0.21,0.08,1.42,2.84,1.05,1.15,0.00,0.00,5.60,6.22,29.85,0.00,0.40,0.00,2.17,1.97,3.14,0.77,3.33,2.57,0.00,0.00,0.00,0.00,1.42,1.42,0.00,1.99,1.49,1.57,0.00,0.00,0.00,0.00,0.00,0.00,0.00,0.00,0.00,0.00,0.00,0.00,0.00,0.00,0.00,0.00,0.00,0.00,0.00,0.00,0.00,0.00,0.00,0.00,0.00,0.00,0.00,0.00,0.00,0.00,0.00,0.00,0.00,0.00,0.00,0.00,0.00,0.00,0.00,0.00,0.00,0.00,0.00,0.00,0.00,0.00,0.00,0.00,0.00,0.00,40.10,27.88,2.30,0.85,3.09,3.33,13.18,12.25,0.00,0.00,2.30,1.87,1.52,0.51,0.00,0.00,0.46,0.89,0.81,0.81,0.00,3.73,0.00,0.00,0.00,0.00,0.00,0.00,0.00,0.00,0.00,0.00,29.85,29.85,0.00,0.00,4.98,2.60,0.00,0.00,0.00,0.00,0.00,0.00,0.00,0.00,0.00,0.00,0.00,0.00,0.00,0.00,0.00,0.00,0.00,0.00,0.00,0.00,0.00,0.00,89.55,89.55,29.85,59.70,29.85,29.85,0.00,0.00,0.00,0.00,29.85,0.00,0.00,0.00,0.00,0.00,0.00,0.00,0.00,0.00,0.00,44.78,29.85,29.85,0.00,0.00,29.85,0.00,0.00,0.00,29.85,29.85,0.00,59.70,39.80,0.00,0.00,0.00,0.00,0.00,0.00,0.00,0.00,0.00,0.00,0.00,0.00,0.00,0.00,0.00,0.00,0.00,0.00,0.00,0.00,0.00,0.00,0.00,0.00,0.00,0.00,0.00,0.00,0.00,0.00,0.00,0.00,0.00,0.00,0.00,0.00,0.00,0.00,0.00,0.00,0.00,0.00,0.59,0.24,0.00,0.00,0.00,0.00,0.00,0.00,0.40,0.62,1.55,0.82,3.15,2.83,2.50,4.05,0.00,0.00,3.19,2.69,2.44,3.64,0.00,0.00,0.00,0.00,0.00,0.00,1.00,0.00,0.00,0.36,1.26,0.00,0.00,2.15,2.11,0.00,0.00,4.98,1.07,0.47,1.47,0.66,0.71,0.00,0.51,1.24,0.00,0.00,4.83,1.33,0.00,0.00,0.00,0.00,1.04,1.11,0.00,0.00,0.00,0.00,0.00,0.00,2.21,1.15,0.45,1.16,1.40,2.18,1.96,1.05,0.77,0.52,1.15,1.15,0.00,0.00,0.00,0.00,0.00,0.00,0.00,0.00,0.00,0.00
9550.5,-2.000,7.000,0.000,0.000,0.000,0,0,0.838,0,0.376,0.374,0.378,0.285,0.411,0.00,1.14,1.30,9.95,9.95,5.25,4.91,17.06,0.00,5.95,4.25,0.68,0.93,1.44,3.08,0.17,0.07,1.42,2.84,0.94,0.81,0.00,0.00,6.84,8.71,0.00,0.00,1.99,1.19,1.83,1.94,0.79,1.53,2.68,2.11,0.00,0.00,0.00,0.00,1.42,1.42,0.00,0.00,1.49,0.00,0.00,0.00,0.00,0.00,0.00,0.00,0.00,0.00,0.00,0.00,0.00,0.00,0.00,0.00,0.00,0.00,0.00,0.00,0.00,0.00,0.00,0.00,0.00,0.00,0.00,0.00,0.00,0.00,0.00,0.00,0.00,0.00,0.00,0.00,0.00,0.00,0.00,0.00,0.00,0.00,0.00,0.00,0.00,0.00,0.00,0.00,0.00,0.00,0.00,0.00,39.92,28.42,0.77,0.00,3.39,2.91,13.52,11.96,0.00,0.00,0.00,1.87,0.00,1.52,0.00,0.00,0.93,1.09,1.61,0.00,7.46,0.00,0.00,0.00,0.00,0.00,0.00,0.00,0.00,0.00,0.00,0.00,0.00,0.00,0.00,0.00,1.24,0.00,0.00,0.00,0.00,0.00,0.00,0.00,0.00,0.00,0.00,0.00,0.00,0.00,0.00,0.00,0.00,0.00,0.00,0.00,0.00,0.00,0.00,0.00,0.00,0.00,0.00,0.00,0.00,0.00,0.00,0.00,0.00,0.00,0.00,0.00,0.00,0.00,0.00,0.00,0.00,0.00,0.00,0.00,0.00,29.85,29.85,29.85,0.00,0.00,29.85,29.85,29.85,0.00,29.85,0.00,29.85,89.55,0.00,0.00,0.00,0.00,0.00,0.00,0.00,0.00,0.00,0.00,0.00,0.00,0.00,0.00,0.00,0.00,0.00,0.00,0.00,0.00,0.00,0.00,0.00,0.00,0.00,0.00,0.00,0.00,0.00,0.00,0.00,0.00,0.00,0.00,0.00,0.00,0.00,0.00,0.00,0.00,0.00,0.00,0.00,0.12,0.12,0.00,0.00,0.00,0.00,0.00,0.00,0.40,0.62,0.48,0.72,2.88,2.93,2.63,2.65,0.00,0.00,3.38,3.18,3.25,2.43,0.00,0.00,0.00,0.00,0.90,0.00,1.00,0.00,0.00,1.78,0.63,0.00,11.94,2.15,1.06,0.00,0.00,0.00,0.00,2.37,0.98,0.65,0.69,0.00,0.13,0.56,0.00,0.00,3.51,1.99,0.00,0.00,3.32,0.00,0.98,1.06,0.00,0.00,0.00,0.00,0.00,0.00,1.11,0.00,1.81,1.39,0.70,0.31,1.47,2.46,1.29,0.52,0.00,0.00,0.00,0.00,0.00,0.00,0.00,0.00,0.00,0.00,0.00,0.00
9650.5,-2.000,7.000,0.000,0.000,0.000,0,0,0.839,0,0.439,0.408,0.486,0.431,0.311,0.00,1.39,1.03,12.44,12.44,4.42,3.78,8.53,4.26,4.64,3.12,0.95,0.95,1.98,2.17,0.07,0.02,1.42,2.84,1.17,1.04,29.85,0.00,3.11,4.35,0.00,0.00,0.40,1.59,2.24,1.92,3.93,0.77,3.70,2.95,0.00,0.00,0.00,0.00,0.00,1.42,2.30,1.99,0.00,0.00,0.00,14.93,0.00,0.00,0.00,0.00,0.00,0.00,0.00,0.00,0.00,0.00,0.00,0.00,0.00,0.00,0.00,0.00,0.00,0.00,0.00,0.00,0.00,0.00,0.00,0.00,0.00,0.00,0.00,0.00,0.00,0.00,0.00,0.00,0.00,0.00,0.00,0.00,0.00,0.00,0.00,0.00,0.00,0.00,0.00,0.00,0.00,0.00,0.00,0.00,45.75,32.35,0.00,0.85,3.24,3.26,12.79,11.86,0.00,0.00,2.30,0.00,1.01,0.00,0.00,0.00,0.15,1.38,0.00,0.00,0.00,0.00,0.00,0.00,0.00,0.00,0.00,0.00,0.00,0.00,0.00,0.00,0.00,29.85,0.00,0.00,3.73,0.00,0.00,0.00,0.00,0.00,0.00,0.00,0.00,0.00,0.00,0.00,0.00,0.00,0.00,0.00,0.00,0.00,0.00,0.00,0.00,0.00,0.00,0.00,0.00,0.00,0.00,0.00,0.00,0.00,0.00,0.00,0.00,0.00,59.70,0.00,0.00,0.00,0.00,0.00,0.00,0.00,0.00,0.00,0.00,59.70,59.70,89.55,0.00,0.00,0.00,59.70,89.55,29.85,89.55,29.85,0.00,89.55,0.00,0.00,0.00,0.00,0.00,0.00,0.00,0.00,0.00,0.00,0.00,0.00,0.00,0.00,0.00,0.00,0.00,0.00,0.00,0.00,0.00,0.00,0.00,0.00,0.00,0.00,0.00,0.00,0.00,0.00,0.00,0.00,0.00,0.00,0.00,0.00,0.00,0.00,0.00,0.00,0.00,0.00,0.00,0.12,0.12,0.00,0.00,0.00,0.00,0.00,0.00,0.40,0.00,1.19,1.03,2.95,2.85,2.50,3.35,4.98,4.98,3.00,2.76,3.45,2.26,0.00,0.00,0.00,0.46,0.00,0.00,0.50,0.00,0.50,1.42,1.26,6.89,11.94,0.92,2.11,0.00,0.00,0.00,3.20,0.95,0.98,0.66,0.75,14.93,1.08,0.96,0.00,0.00,1.76,3.32,0.00,0.00,0.00,2.99,0.86,0.84,0.00,0.00,0.00,0.00,0.00,0.00,0.00,0.00,1.13,0.69,0.70,0.62,1.47,1.05,1.29,1.05,1.15,5.74,0.00,0.00,0.00,0.00,0.00,0.00,0.00,0.00,0.00,0.00
9750.5,-2.000,7.000,0.000,0.000,0.000,0,0,0.839,0,0.236,0.253,0.211,0.416,0.105,0.00,0.89,0.93,12.44,9.95,5.53,4.76,12.79,0.00,5.25,2.34,0.74,0.82,1.98,1.27,0.13,0.13,4.26,1.42,1.29,1.50,0.00,0.00,8.71,4.98,0.00,0.00,0.00,1.19,1.84,1.57,1.57,1.53,2.27,1.78,0.00,0.00,0.00,9.95,0.00,1.42,0.00,0.00,0.00,0.00,0.00,0.00,0.00,0.00,0.00,0.00,0.00,0.00,0.00,0.00,0.00,0.00,0.00,0.00,0.00,0.00,0.00,0.00,0.00,0.00,0.00,0.00,0.00,0.00,0.00,0.00,0.00,0.00,0.00,0.00,0.00,0.00,0.00,0.00,0.00,0.00,0.00,0.00,0.00,0.00,0.00,0.00,0.00,0.00,0.00,0.00,0.00,0.00,0.00,0.00,40.80,29.85,0.77,0.85,2.89,3.30,13.10,11.96,0.00,0.00,6.89,0.00,1.52,1.01,0.00,0.00,1.08,0.40,0.00,0.00,0.00,0.00,0.00,0.00,0.00,0.00,0.00,0.00,0.00,0.00,0.00,0.00,0.00,29.85,0.00,0.00,0.00,1.30,0.00,0.00,0.00,0.00,0.00,0.00,0.00,0.00,0.00,0.00,0.00,0.00,0.00,0.00,0.00,0.00,0.00,0.00,0.00,0.00,0.00,0.00,0.00,0.00,0.00,0.00,0.00,0.00,0.00,0.00,0.00,0.00,0.00,0.00,0.00,0.00,0.00,0.00,0.00,0.00,0.00,0.00,0.00,0.00,0.00,0.00,0.00,0.00,0.00,0.00,0.00,0.00,29.85,0.00,0.00,0.00,0.00,0.00,0.00,0.00,0.00,0.00,0.00,0.00,0.00,0.00,0.00,0.00,0.00,0.00,0.00,0.00,0.00,0.00,0.00,0.00,0.00,0.00,0.00,0.00,0.00,0.00,0.00,0.00,0.00,0.00,0.00,0.00,0.00,0.00,0.00,0.00,0.00,0.00,0.00,0.00,0.00,0.00,0.00,0.24,0.24,0.00,0.00,0.00,0.00,0.00,0.00,0.00,0.31,0.95,0.62,3.19,2.88,2.89,3.21,0.00,9.95,2.17,3.32,4.67,3.47,0.00,2.30,0.00,0.00,0.00,0.50,0.50,0.00,2.99,1.07,0.84,0.00,0.00,0.62,0.79,0.00,0.00,0.00,2.13,0.00,0.98,0.80,1.43,0.00,0.64,0.90,0.00,0.00,3.07,3.32,0.00,0.00,3.32,0.00,0.91,0.85,0.00,0.00,0.00,0.00,0.00,0.00,3.32,0.00,0.23,1.16,0.70,1.24,0.00,0.35,0.26,1.05,0.00,0.00,0.00,0.00,0.00,0.00,0.00,0.00,0.00,0.00,0.00,0.00
9850.5,-2.000,7.000,0.000,0.000,0.000,0,0,0.839,0,0.121,0.048,0.231,0.457,0.713,0.00,1.64,1.06,12.44,7.46,4.01,3.22,12.79,4.26,5.16,2.60,0.78,1.14,2.34,1.99,0.24,0.11,0.00,2.84,0.82,0.58,0.00,0.00,5.60,3.11,0.00,0.00,0.40,0.40,2.10,2.00,2.36,1.53,2.59,2.53,0.00,0.00,0.00,0.00,4.26,0.00,2.30,0.00,1.49,0.00,0.00,0.00,0.00,0.00,0.00,0.00,0.00,0.00,0.00,0.00,0.00,0.00,0.00,0.00,0.00,0.00,0.00,0.00,0.00,0.00,0.00,0.00,0.00,0.00,0.00,0.00,0.00,0.00,0.00,0.00,0.00,0.00,0.00,0.00,0.00,0.00,0.00,0.00,0.00,0.00,0.00,0.00,0.00,0.00,0.00,0.00,0.00,0.00,0.00,0.00,41.69,31.28,0.00,0.85,2.69,3.65,12.74,12.04,0.00,0.00,0.00,1.87,0.51,1.01,0.00,0.00,1.08,0.59,1.61,0.00,0.00,0.00,0.00,0.00,0.00,0.00,0.00,0.00,0.00,0.00,0.00,0.00,0.00,29.85,0.00,0.00,0.00,0.00,0.00,0.00,0.00,0.00,0.00,0.00,0.00,0.00,0.00,0.00,0.00,0.00,0.00,0.00,0.00,0.00,0.00,0.00,0.00,0.00,0.00,0.00,0.00,0.00,0.00,0.00,0.00,0.00,0.00,0.00,0.00,0.00,29.85,0.00,0.00,0.00,0.00,0.00,0.00,0.00,0.00,0.00,0.00,29.85,0.00,29.85,0.00,0.00,0.00,0.00,59.70,0.00,59.70,0.00,0.00,0.00,0.00,0.00,0.00,0.00,0.00,0.00,0.00,0.00,0.00,0.00,0.00,0.00,0.00,0.00,0.00,0.00,0.00,0.00,0.00,0.00,0.00,0.00,0.00,0.00,0.00,0.00,0.00,0.00,0.00,0.00,0.00,0.00,0.00,0.00,0.00,0.00,0.00,0.00,0.00,0.00,0.00,0.00,0.00,0.35,0.73,0.00,0.00,0.00,0.00,0.00,0.00,0.00,0.31,1.07,0.82,2.68,2.93,1.71,1.95,0.00,0.00,3.00,2.63,2.64,2.95,0.00,0.00,0.00,0.92,0.00,0.00,0.00,0.00,0.00,1.42,0.63,9.18,2.99,2.46,1.85,0.00,0.00,0.00,1.07,0.00,0.49,0.59,0.44,0.00,0.64,0.68,0.00,0.00,3.51,2.65,0.00,0.00,0.00,0.00,1.20,0.86,0.00,0.00,0.00,0.00,0.00,0.00,0.00,1.15,0.45,0.46,0.70,0.31,0.49,0.35,0.26,2.09,2.30,1.15,0.00,0.00,0.00,0.00,0.00,0.00,0.00,0.00,0.00,0.00
9950.5,-2.000,7.000,0.000,0.000,0.000,0,0,0.840,0,0.348,0.306,0.412,0.369,0.135,0.00,1.35,1.03,14.93,9.95,6.08,5.19,21.32,4.26,6.92,3.82,1.10,1.60,2.88,1.45,0.15,0.10,2.84,2.84,0.82,0.81,0.00,0.00,3.73,2.49,0.00,0.00,1.19,0.40,1.60,1.70,2.36,0.77,2.55,1.54,0.00,0.00,0.00,0.00,1.42,1.42,0.00,0.00,0.00,0.00,0.00,0.00,0.00,0.00,0.00,0.00,0.00,0.00,0.00,0.00,0.00,0.00,0.00,0.00,0.00,0.00,0.00,0.00,0.00,0.00,0.00,0.00,0.00,0.00,0.00,0.00,0.00,0.00,0.00,0.00,0.00,0.00,0.00,0.00,0.00,0.00,0.00,0.00,0.00,0.00,0.00,0.00,0.00,0.00,0.00,0.00,0.00,0.00,0.00,0.00,39.92,26.99,0.00,0.85,2.47,2.38,12.76,12.59,0.00,0.00,2.30,0.00,0.51,1.01,0.00,0.00,1.39,0.99,0.00,0.81,0.00,3.73,0.00,0.00,0.00,0.00,0.00,0.00,0.00,0.00,0.00,0.00,0.00,0.00,0.00,0.00,1.24,0.00,0.00,0.00,0.00,0.00,0.00,0.00,0.00,0.00,0.00,0.00,0.00,0.00,0.00,0.00,0.00,0.00,0.00,0.00,0.00,0.00,0.00,0.00,0.00,0.00,0.00,0.00,0.00,0.00,0.00,0.00,0.00,0.00,59.70,0.00,0.00,0.00,0.00,0.00,14.93,0.00,0.00,0.00,0.00,59.70,29.85,59.70,0.00,0.00,59.70,29.85,0.00,0.00,29.85,29.85,0.00,59.70,0.00,0.00,0.00,0.00,0.00,0.00,0.00,0.00,0.00,0.00,0.00,0.00,0.00,0.00,0.00,0.00,0.00,0.00,0.00,0.00,0.00,0.00,0.00,0.00,0.00,0.00,0.00,0.00,0.00,0.00,0.00,0.00,0.00,0.00,0.00,0.00,0.00,0.00,0.00,0.00,0.00,0.00,0.00,0.00,0.12,0.00,0.00,0.00,0.00,0.00,0.00,0.40,0.00,1.07,0.62,2.88,2.69,2.63,3.63,0.00,0.00,3.00,2.76,3.45,2.95,4.98,2.30,0.00,0.46,0.90,0.00,0.00,0.00,0.00,0.71,0.84,0.00,8.96,0.31,1.06,4.26,4.26,0.00,3.20,0.47,2.45,0.99,1.45,0.00,0.51,0.45,0.00,0.00,4.39,1.99,0.00,4.26,0.00,0.00,0.92,0.90,0.00,0.00,0.00,0.00,0.00,0.00,0.00,1.15,0.68,0.23,0.35,1.24,1.47,0.35,0.51,0.00,1.15,1.15,0.00,0.00,0.00,0.00,0.00,0.00,0.00,0.00,0.00,0.00
10050.5,-2.000,7.000,0.000,0.000,0.000,0,0,0.840,0,0.249,0.142,0.411,0.489,1.000,0.00,1.39,0.96,9.95,7.46,5.25,4.76,21.32,0.00,6.65,2.34,0.76,0.95,1.44,1.81,0.14,0.11,0.00,1.42,1.40,1.84,0.00,0.00,4.98,4.35,0.00,0.00,0.80,0.80,1.83,1.90,0.79,2.30,2.59,1.97,0.00,0.00,0.00,0.00,0.00,2.84,0.00,0.00,2.99,0.00,14.93,0.00,0.00,0.00,0.00,0.00,0.00,0.00,0.00,0.00,0.00,0.00,0.00,0.00,0.00,0.00,0.00,0.00,0.00,0.00,0.00,0.00,0.00,0.00,0.00,0.00,0.00,0.00,0.00,0.00,0.00,0.00,0.00,0.00,0.00,0.00,0.00,0.00,0.00,0.00,0.00,0.00,0.00,0.00,0.00,0.00,0.00,0.00,0.00,0.00,39.74,31.28,3.06,0.00,3.50,2.84,12.71,12.41,0.00,0.00,2.30,1.87,1.52,1.52,0.00,0.00,1.08,0.79,0.00,1.61,0.00,0.00,0.00,0.00,0.00,0.00,0.00,0.00,0.00,0.00,0.00,0.00,0.00,0.00,0.00,0.00,1.24,0.00,0.00,0.00,0.00,0.00,0.00,0.00,0.00,0.00,0.00,0.00,0.00,0.00,0.00,0.00,0.00,0.00,0.00,0.00,0.00,0.00,59.70,44.78,179.10,179.10,89.55,89.55,0.00,0.00,0.00,0.00,0.00,0.00,29.85,0.00,0.00,0.00,0.00,0.00,0.00,0.00,0.00,0.00,0.00,14.93,0.00,0.00,0.00,0.00,0.00,29.85,29.85,0.00,29.85,29.85,0.00,0.00,49.75,0.00,0.00,0.00,0.00,0.00,0.00,0.00,0.00,0.00,0.00,0.00,0.00,0.00,0.00,0.00,0.00,0.00,0.00,0.00,0.00,0.00,0.00,0.00,0.00,0.00,0.00,0.00,0.00,0.00,0.00,0.00,0.00,0.00,0.00,0.00,0.00,0.00,0.00,0.00,0.00,0.00,0.00,0.24,0.36,0.00,0.00,0.00,0.00,0.00,0.00,0.40,0.31,0.83,1.33,2.71,3.06,2.63,1.95,0.00,0.00,2.68,2.97,3.05,3.64,0.00,0.00,0.00,0.92,0.45,0.00,1.00,0.00,1.49,0.71,0.63,9.18,17.91,0.92,1.06,0.00,0.00,0.00,0.00,0.47,1.47,0.85,1.22,0.00,0.44,0.90,0.00,0.00,1.76,5.31,0.00,0.00,0.00,0.00,0.88,1.03,0.00,0.00,0.00,0.00,0.00,0.00,0.00,0.00,1.13,0.69,1.76,1.55,0.49,0.35,1.29,1.31,2.30,2.30,0.00,0.00,0.00,0.00,0.00,0.00,0.00,0.00,0.00,0.00
10150.5,-2.000,7.000,0.000,0.000,0.000,0,0,0.841,0,0.214,0.155,0.301,0.434,0.915,0.00,1.53,1.40,9.95,12.44,4.70,4.76,12.79,0.00,6.57,3.56,1.12,0.80,1.26,1.99,0.15,0.13,0.00,4.26,2.11,0.46,0.00,0.00,3.73,6.84,0.00,0.00,0.40,0.80,2.20,2.11,2.36,0.77,3.38,2.62,0.00,0.00,0.00,0.00,1.42,0.00,0.00,0.00,0.00,0.00,0.00,0.00,0.00,0.00,0.00,0.00,0.00,0.00,0.00,0.00,0.00,0.00,0.00,0.00,0.00,0.00,0.00,0.00,0.00,0.00,0.00,0.00,0.00,0.00,0.00,0.00,0.00,0.00,0.00,0.00,0.00,0.00,0.00,0.00,0.00,0.00,0.00,0.00,0.00,0.00,0.00,0.00,0.00,0.00,0.00,0.00,0.00,0.00,0.00,0.00,37.27,30.57,0.77,1.71,2.85,2.43,12.63,12.36,0.00,14.93,0.00,0.00,0.51,1.01,0.00,0.00,1.08,0.99,0.00,0.81,0.00,0.00,0.00,0.00,0.00,0.00,0.00,0.00,0.00,0.00,0.00,0.00,29.85,29.85,0.00,0.00,0.00,0.00,0.00,0.00,0.00,0.00,0.00,0.00,0.00,0.00,0.00,0.00,0.00,0.00,0.00,0.00,0.00,0.00,0.00,0.00,0.00,0.00,0.00,0.00,59.70,29.85,29.85,0.00,89.55,89.55,0.00,0.00,0.00,0.00,29.85,0.00,0.00,0.00,0.00,0.00,0.00,0.00,0.00,0.00,0.00,29.85,0.00,29.85,0.00,0.00,0.00,0.00,0.00,0.00,29.85,29.85,0.00,0.00,0.00,29.85,29.85,0.00,0.00,0.00,0.00,29.85,29.85,0.00,0.00,0.00,0.00,0.00,0.00,0.00,0.00,0.00,0.00,0.00,0.00,0.00,0.00,0.00,0.00,0.00,0.00,0.00,0.00,0.00,0.00,0.00,0.00,0.00,0.00,0.00,0.00,0.00,0.00,0.00,0.00,0.00,0.00,0.59,0.36,0.00,0.00,0.00,0.00,0.00,0.00,0.80,0.31,0.59,1.03,3.03,2.79,3.16,2.51,0.00,0.00,3.32,3.32,2.84,4.17,0.00,0.00,0.00,0.00,0.00,0.00,0.00,0.00,0.00,0.36,0.84,0.00,0.00,0.31,1.32,0.00,0.00,0.00,2.13,0.47,0.00,0.93,0.77,0.00,0.25,0.62,0.00,0.00,4.39,1.33,3.73,0.00,0.00,0.00,1.05,1.08,0.00,0.00,0.00,0.00,0.00,0.00,0.00,0.00,0.23,0.93,1.76,1.24,0.49,0.70,1.80,0.26,0.00,0.00,0.00,0.00,0.00,0.00,0.00,0.00,0.00,0.00,0.00,0.00
10250.5,-2.000,7.000,0.000,0.000,0.000,0,0,0.841,0,0.176,0.158,0.203,0.251,1.000,0.00,1.10,0.76,12.44,12.44,6.36,4.34,17.06,4.26,7.00,4.51,0.57,0.74,1.62,1.09,0.10,0.13,0.00,1.42,1.40,1.38,0.00,0.00,0.62,9.33,0.00,0.00,1.99,1.19,1.87,1.74,1.57,0.77,2.31,1.64,0.00,0.00,0.00,0.00,2.84,0.00,0.00,0.00,0.00,0.00,0.00,0.00,0.00,0.00,0.00,0.00,0.00,0.00,0.00,0.00,0.00,0.00,0.00,0.00,0.00,0.00,0.00,0.00,0.00,0.00,0.00,0.00,0.00,0.00,0.00,0.00,0.00,0.00,0.00,0.00,0.00,0.00,0.00,0.00,0.00,0.00,0.00,0.00,0.00,0.00,0.00,0.00,0.00,0.00,0.00,0.00,0.00,0.00,0.00,0.00,43.27,32.35,0.00,0.85,2.98,3.07,12.97,11.41,0.00,0.00,2.30,0.00,0.00,0.00,0.00,0.00,0.77,0.69,1.61,0.00,0.00,0.00,0.00,0.00,0.00,0.00,0.00,0.00,0.00,0.00,0.00,0.00,29.85,29.85,0.00,0.00,1.24,2.60,0.00,0.00,0.00,0.00,0.00,0.00,0.00,0.00,0.00,0.00,0.00,0.00,0.00,0.00,0.00,0.00,0.00,0.00,0.00,0.00,0.00,0.00,119.40,119.40,59.70,0.00,74.63,74.63,0.00,0.00,0.00,0.00,29.85,0.00,0.00,0.00,0.00,0.00,0.00,0.00,0.00,0.00,0.00,0.00,0.00,0.00,0.00,0.00,0.00,0.00,0.00,0.00,0.00,0.00,0.00,0.00,0.00,0.00,0.00,9.95,0.00,0.00,0.00,0.00,0.00,0.00,0.00,0.00,0.00,0.00,0.00,0.00,0.00,0.00,0.00,0.00,0.00,0.00,0.00,0.00,0.00,0.00,0.00,0.00,0.00,0.00,0.00,0.00,0.00,0.00,0.00,0.00,0.00,0.00,0.00,0.00,0.00,0.00,0.00,0.24,0.24,0.00,0.00,0.00,0.00,0.00,0.00,1.19,1.23,0.83,0.92,3.13,2.79,2.63,3.35,0.00,4.98,3.06,2.76,2.84,3.12,0.00,0.00,0.00,0.00,0.00,0.00,0.00,0.00,0.00,1.07,1.05,0.00,0.00,0.62,1.06,0.00,0.00,4.98,0.00,0.47,0.00,0.78,0.60,0.00,0.70,0.56,29.85,14.93,3.07,3.98,0.00,0.00,3.32,0.00,0.96,1.00,0.00,0.00,0.00,0.00,0.00,0.00,2.21,1.15,0.45,0.93,1.40,0.93,3.43,1.76,0.26,1.05,0.00,0.00,0.00,0.00,0.00,0.00,0.00,0.00,0.00,0.00,0.00,0.00
10350.5,-2.000,7.000,0.000,0.000,0.000,0,0,0.841,0,0.173,0.087,0.302,0.373,0.974,0.00,1.14,1.40,9.95,12.44,5.11,4.48,17.06,0.00,6.13,2.95,0.95,0.74,1.26,1.63,0.16,0.13,1.42,5.69,1.17,1.27,0.00,0.00,5.60,9.95,0.00,0.00,0.00,3.18,2.37,2.28,2.36,0.00,3.66,3.60,0.00,0.00,0.00,0.00,0.00,0.00,4.59,1.99,1.49,0.00,0.00,0.00,0.00,0.00,0.00,0.00,0.00,0.00,0.00,0.00,0.00,0.00,0.00,0.00,0.00,0.00,0.00,0.00,0.00,0.00,0.00,0.00,0.00,0.00,0.00,0.00,0.00,0.00,0.00,0.00,0.00,0.00,0.00,0.00,0.00,0.00,0.00,0.00,0.00,0.00,0.00,0.00,0.00,0.00,0.00,0.00,0.00,0.00,0.00,0.00,40.45,31.64,0.00,1.71,2.58,2.82,13.23,11.67,0.00,0.00,4.59,0.00,1.01,0.51,0.00,0.00,0.77,0.89,0.81,0.81,0.00,0.00,0.00,0.00,0.00,0.00,29.85,0.00,0.00,0.00,0.00,0.00,0.00,29.85,0.00,0.00,1.24,0.00,0.00,0.00,0.00,0.00,0.00,0.00,0.00,0.00,0.00,0.00,0.00,0.00,0.00,0.00,0.00,0.00,0.00,0.00,0.00,0.00,0.00,0.00,0.00,0.00,0.00,0.00,0.00,0.00,0.00,0.00,14.93,0.00,29.85,0.00,0.00,0.00,0.00,0.00,0.00,0.00,0.00,0.00,0.00,74.63,29.85,29.85,0.00,0.00,0.00,29.85,29.85,0.00,59.70,29.85,0.00,29.85,0.00,0.00,0.00,0.00,0.00,29.85,0.00,0.00,0.00,0.00,0.00,0.00,0.00,0.00,0.00,0.00,0.00,0.00,0.00,0.00,0.00,0.00,0.00,0.00,0.00,0.00,0.00,0.00,0.00,0.00,0.00,0.00,0.00,0.00,0.00,0.00,0.00,0.00,0.00,0.00,0.00,0.00,0.00,0.71,1.09,1.61,0.00,0.00,0.00,0.00,0.00,0.80,0.62,0.59,1.54,3.09,2.88,2.50,2.93,0.00,0.00,2.87,2.83,2.64,3.64,0.00,4.59,0.00,0.46,0.00,0.50,1.00,0.00,0.50,2.13,0.63,0.00,8.96,1.54,0.79,0.00,0.00,0.00,0.00,0.47,0.00,0.80,0.95,0.00,0.44,0.28,0.00,0.00,2.63,1.99,3.73,0.00,0.00,0.00,1.11,1.25,0.00,0.00,0.00,0.00,0.00,0.00,0.00,2.30,1.13,1.16,1.40,4.35,1.47,1.05,0.77,0.52,3.44,3.44,0.00,0.00,0.00,0.00,0.00,0.00,0.00,0.00,0.00,0.00
10450.5,-2.000,7.000,0.000,0.000,0.000,0,0,0.842,0,0.551,0.610,0.462,0.629,0.184,0.00,1.64,1.50,9.95,12.44,5.53,5.75,12.79,0.00,4.55,3.64,0.97,1.16,1.26,1.81,0.13,0.08,1.42,1.42,1.29,0.81,0.00,0.00,6.22,4.35,0.00,0.00,0.80,1.59,1.93,1.94,1.57,0.00,3.79,3.28,0.00,0.00,0.00,0.00,1.42,0.00,0.00,1.99,2.99,0.00,0.00,0.00,0.00,0.00,0.00,0.00,0.00,0.00,0.00,0.00,0.00,0.00,0.00,0.00,0.00,0.00,0.00,0.00,0.00,0.00,0.00,0.00,0.00,0.00,0.00,0.00,0.00,0.00,0.00,0.00,0.00,0.00,0.00,0.00,0.00,0.00,0.00,0.00,0.00,0.00,0.00,0.00,0.00,0.00,0.00,0.00,0.00,0.00,0.00,0.00,42.74,35.75,0.77,0.00,3.24,3.00,12.66,11.99,7.46,0.00,0.00,0.00,0.51,1.01,0.00,0.00,0.62,0.99,0.00,0.00,0.00,0.00,0.00,0.00,0.00,0.00,0.00,0.00,0.00,0.00,0.00,0.00,29.85,29.85,0.00,0.00,3.73,1.30,0.00,0.00,0.00,0.00,0.00,0.00,0.00,0.00,0.00,0.00,0.00,0.00,0.00,0.00,0.00,0.00,0.00,0.00,0.00,0.00,0.00,0.00,0.00,0.00,0.00,0.00,0.00,0.00,0.00,0.00,0.00,0.00,29.85,0.00,0.00,0.00,0.00,0.00,0.00,0.00,0.00,0.00,0.00,59.70,119.40,119.40,0.00,0.00,0.00,0.00,29.85,29.85,89.55,29.85,59.70,119.40,0.00,0.00,0.00,0.00,0.00,0.00,0.00,0.00,0.00,0.00,0.00,0.00,0.00,0.00,0.00,0.00,0.00,0.00,0.00,0.00,0.00,0.00,0.00,0.00,0.00,0.00,0.00,0.00,0.00,0.00,0.00,0.00,0.00,0.00,0.00,0.00,0.00,0.00,0.00,0.00,0.00,0.00,0.00,0.59,0.73,0.00,0.00,0.00,0.00,0.00,0.00,0.40,0.62,1.55,1.23,2.61,2.84,3.29,2.79,0.00,0.00,3.06,2.14,3.05,3.12,0.00,0.00,0.00,5.97,0.90,0.00,0.50,1.49,0.00,0.71,1.68,22.96,20.90,0.92,1.06,0.00,0.00,0.00,2.13,1.90,0.98,0.95,1.16,0.00,0.70,0.68,0.00,0.00,2.19,3.98,3.73,0.00,0.00,0.00,0.92,0.97,0.00,0.00,0.00,0.00,0.00,0.00,1.11,1.15,0.45,0.93,0.70,0.62,0.49,1.05,1.54,1.31,0.00,0.00,0.00,0.00,0.00,0.00,0.00,0.00,0.00,0.00,0.00,0.00
10550.5,-2.000,7.000,0.000,0.000,0.000,0,0,0.842,0,0.375,0.362,0.395,0.373,0.341,0.00,1.53,0.80,7.46,9.95,5.80,4.62,12.79,4.26,6.74,2.86,0.80,0.89,1.80,2.71,0.17,0.09,2.84,1.42,1.52,0.81,0.00,0.00,7.46,7.46,0.00,29.85,0.80,1.19,2.20,1.80,2.36,3.06,3.15,2.34,0.00,0.00,0.00,0.00,1.42,0.00,0.00,0.00,2.99,1.57,0.00,0.00,0.00,0.00,0.00,0.00,0.00,0.00,0.00,0.00,0.00,0.00,0.00,0.00,0.00,0.00,0.00,0.00,0.00,0.00,0.00,0.00,0.00,0.00,0.00,0.00,0.00,0.00,0.00,0.00,0.00,0.00,0.00,0.00,0.00,0.00,0.00,0.00,0.00,0.00,0.00,0.00,0.00,0.00,0.00,0.00,0.00,0.00,0.00,0.00,39.92,25.74,0.00,1.71,2.78,2.80,12.40,11.72,7.46,0.00,0.00,0.00,0.51,0.51,0.00,0.00,1.24,0.79,0.00,0.81,0.00,0.00,0.00,0.00,0.00,0.00,0.00,0.00,0.00,0.00,0.00,0.00,29.85,29.85,0.00,0.00,0.00,2.60,0.00,0.00,0.00,0.00,0.00,0.00,0.00,0.00,0.00,0.00,0.00,0.00,0.00,0.00,0.00,0.00,0.00,0.00,0.00,0.00,0.00,0.00,0.00,0.00,0.00,0.00,29.85,29.85,0.00,0.00,0.00,0.00,29.85,0.00,0.00,0.00,0.00,0.00,0.00,0.00,0.00,0.00,0.00,29.85,29.85,29.85,0.00,0.00,29.85,29.85,29.85,0.00,29.85,0.00,0.00,29.85,0.00,0.00,0.00,0.00,0.00,0.00,0.00,0.00,0.00,0.00,0.00,0.00,0.00,0.00,0.00,0.00,0.00,0.00,0.00,0.00,0.00,0.00,0.00,0.00,0.00,0.00,0.00,0.00,0.00,0.00,0.00,0.00,0.00,0.00,0.00,0.00,0.00,0.00,0.00,0.00,0.00,0.00,0.00,0.59,0.49,0.00,0.00,0.00,0.00,0.00,0.00,0.40,0.00,1.31,1.33,3.03,2.83,2.76,2.79,0.00,0.00,2.74,2.69,3.45,2.60,0.00,0.00,0.00,0.00,0.00,0.00,0.50,0.00,0.00,0.36,0.84,0.00,0.00,0.31,0.26,4.26,4.26,0.00,0.00,0.95,0.49,0.61,0.75,0.00,0.51,0.39,0.00,0.00,3.51,4.64,3.73,4.26,0.00,0.00,0.90,0.85,0.00,0.00,0.00,0.00,0.00,0.00,1.11,0.00,0.45,1.39,0.00,0.93,0.00,0.70,1.03,0.52,2.30,1.15,0.00,0.00,0.00,0.00,0.00,0.00,0.00,0.00,0.00,0.00
10650.5,-2.000,7.000,0.000,0.000,0.000,0,0,0.843,0,0.184,0.115,0.287,0.326,0.998,0.00,1.03,0.80,9.95,14.93,5.53,3.92,8.53,4.26,6.57,3.64,1.10,0.99,1.98,1.81,0.13,0.14,1.42,0.00,1.40,0.81,0.00,0.00,4.98,4.35,0.00,0.00,0.00,0.80,1.92,1.71,0.79,4.59,1.80,1.73,0.00,0.00,0.00,0.00,1.42,0.00,2.30,1.99,0.00,0.00,0.00,0.00,0.00,0.00,0.00,0.00,0.00,0.00,0.00,0.00,0.00,0.00,0.00,0.00,0.00,0.00,0.00,0.00,0.00,0.00,0.00,0.00,0.00,0.00,0.00,0.00,0.00,0.00,0.00,0.00,0.00,0.00,0.00,0.00,0.00,0.00,0.00,0.00,0.00,0.00,0.00,0.00,0.00,0.00,0.00,0.00,0.00,0.00,0.00,0.00,37.27,28.96,2.30,1.71,2.78,2.82,12.92,11.67,7.46,0.00,0.00,0.00,1.01,3.04,0.00,0.00,1.08,1.28,0.81,2.42,0.00,0.00,0.00,0.00,0.00,0.00,0.00,0.00,0.00,0.00,0.00,0.00,0.00,0.00,0.00,0.00,1.24,0.00,0.00,0.00,0.00,0.00,0.00,0.00,0.00,0.00,0.00,0.00,0.00,0.00,0.00,0.00,0.00,0.00,0.00,0.00,0.00,0.00,0.00,0.00,29.85,59.70,29.85,0.00,104.48,74.63,0.00,0.00,0.00,0.00,0.00,0.00,0.00,0.00,0.00,0.00,0.00,0.00,0.00,0.00,0.00,29.85,0.00,0.00,0.00,0.00,29.85,0.00,29.85,14.93,59.70,29.85,0.00,0.00,0.00,29.85,29.85,0.00,0.00,0.00,0.00,0.00,0.00,0.00,0.00,0.00,0.00,0.00,0.00,0.00,0.00,0.00,0.00,0.00,0.00,0.00,0.00,0.00,0.00,0.00,0.00,0.00,0.00,0.00,0.00,0.00,0.00,0.00,0.00,0.00,0.00,0.00,0.00,0.00,0.00,0.00,0.00,0.24,0.12,0.00,0.00,0.00,0.00,0.00,0.00,0.40,0.00,0.59,1.23,3.08,3.10,3.02,2.79,0.00,0.00,2.87,3.52,2.23,3.12,0.00,0.00,0.00,0.00,0.00,0.50,0.00,0.00,0.50,1.42,1.47,0.00,0.00,0.31,0.53,0.00,0.00,0.00,0.00,0.00,0.00,0.63,0.54,0.00,0.32,0.68,0.00,0.00,2.63,1.33,0.00,0.00,0.00,2.99,0.85,0.81,0.00,0.00,0.00,0.00,0.00,0.00,1.11,0.00,0.68,0.23,1.40,0.62,0.98,0.35,0.26,0.79,1.15,0.00,0.00,0.00,0.00,0.00,0.00,0.00,0.00,0.00,0.00,0.00
10750.5,-2.000,7.000,0.000,0.000,0.000,0,0,0.843,0,0.190,0.150,0.250,0.214,1.000,2.13,1.50,1.36,9.95,7.46,4.98,3.64,21.32,0.00,7.00,3.12,0.95,0.82,1.98,1.63,0.08,0.09,0.00,2.84,1.05,1.15,0.00,0.00,1.87,3.11,0.00,0.00,0.80,0.00,2.13,1.99,5.50,2.30,2.87,2.20,0.00,0.00,0.00,9.95,1.42,0.00,2.30,5.97,0.00,3.14,0.00,0.00,0.00,0.00,0.00,0.00,0.00,0.00,0.00,0.00,0.00,0.00,0.00,0.00,0.00,0.00,0.00,0.00,0.00,0.00,0.00,0.00,0.00,0.00,0.00,0.00,0.00,0.00,0.00,0.00,0.00,0.00,0.00,0.00,0.00,0.00,0.00,0.00,0.00,0.00,0.00,0.00,0.00,0.00,0.00,0.00,0.00,0.00,0.00,0.00,40.80,33.43,2.30,1.71,3.09,2.98,12.29,12.20,0.00,0.00,0.00,0.00,1.52,1.52,0.00,0.00,1.24,0.69,0.81,0.81,0.00,0.00,0.00,0.00,0.00,0.00,0.00,0.00,0.00,0.00,0.00,0.00,0.00,29.85,0.00,0.00,2.49,1.30,0.00,0.00,0.00,0.00,0.00,0.00,0.00,0.00,0.00,0.00,0.00,0.00,0.00,0.00,0.00,0.00,0.00,0.00,0.00,0.00,29.85,29.85,89.55,89.55,29.85,59.70,0.00,0.00,0.00,0.00,0.00,0.00,0.00,0.00,0.00,0.00,0.00,0.00,0.00,0.00,0.00,0.00,0.00,14.93,0.00,0.00,0.00,0.00,0.00,0.00,0.00,0.00,0.00,0.00,0.00,0.00,39.80,0.00,0.00,0.00,0.00,0.00,0.00,0.00,0.00,0.00,0.00,0.00,0.00,0.00,0.00,0.00,0.00,0.00,0.00,0.00,0.00,0.00,0.00,0.00,0.00,0.00,0.00,0.00,0.00,0.00,0.00,0.00,0.00,0.00,0.00,0.00,0.00,0.00,0.00,0.00,0.00,0.00,0.00,0.24,0.24,0.00,0.00,0.00,0.00,0.00,0.00,0.40,1.54,0.83,1.13,2.96,3.13,2.63,3.63,0.00,0.00,3.76,2.90,1.62,3.12,0.00,2.30,0.00,0.00,0.00,0.50,0.00,0.00,0.00,2.13,1.05,0.00,0.00,0.31,0.79,0.00,0.00,0.00,2.13,1.42,0.49,1.23,0.75,0.00,0.83,1.46,0.00,0.00,3.51,1.99,0.00,0.00,6.63,5.97,0.80,1.16,0.00,0.00,0.00,0.00,0.00,0.00,0.00,1.15,0.90,1.39,1.76,1.24,1.96,1.76,1.29,0.52,1.15,2.30,0.00,0.00,0.00,0.00,0.00,0.00,0.00,0.00,0.00,0.00
10850.5,-2.000,7.000,0.000,0.000,0.000,0,0,0.843,0,0.387,0.348,0.446,0.444,0.754,0.00,1.28,1.36,4.98,9.95,5.53,5.19,12.79,0.00,5.34,2.34,0.95,1.01,2.88,4.16,0.13,0.14,0.00,2.84,1.29,0.81,0.00,0.00,7.46,7.46,0.00,0.00,1.99,0.80,2.75,2.29,0.79,2.30,4.77,3.56,0.00,0.00,0.00,0.00,1.42,0.00,0.00,1.99,0.00,1.57,0.00,0.00,0.00,0.00,0.00,0.00,0.00,0.00,0.00,0.00,0.00,0.00,0.00,0.00,0.00,0.00,0.00,0.00,0.00,0.00,0.00,0.00,0.00,0.00,0.00,0.00,0.00,0.00,0.00,0.00,0.00,0.00,0.00,0.00,0.00,0.00,0.00,0.00,0.00,0.00,0.00,0.00,0.00,0.00,0.00,0.00,0.00,0.00,0.00,0.00,39.04,27.88,0.77,0.85,2.93,2.59,11.98,12.54,0.00,14.93,0.00,0.00,0.51,0.00,0.00,0.00,0.46,0.89,1.61,1.61,0.00,3.73,0.00,0.00,0.00,0.00,0.00,0.00,0.00,0.00,0.00,0.00,29.85,29.85,0.00,0.00,3.73,2.60,0.00,0.00,0.00,0.00,0.00,0.00,0.00,0.00,0.00,0.00,0.00,0.00,0.00,0.00,0.00,0.00,0.00,0.00,0.00,0.00,0.00,14.93,89.55,89.55,0.00,29.85,0.00,0.00,0.00,0.00,0.00,0.00,0.00,0.00,0.00,0.00,0.00,0.00,0.00,0.00,0.00,0.00,0.00,44.78,89.55,89.55,0.00,0.00,29.85,29.85,89.55,29.85,119.40,59.70,59.70,119.40,39.80,0.00,0.00,0.00,0.00,0.00,0.00,0.00,0.00,0.00,0.00,0.00,0.00,0.00,0.00,0.00,0.00,0.00,0.00,0.00,0.00,0.00,0.00,0.00,0.00,0.00,0.00,0.00,0.00,0.00,0.00,0.00,0.00,0.00,0.00,0.00,0.00,0.00,0.00,0.00,0.00,0.00,0.00,0.47,0.73,0.00,0.00,0.00,0.00,0.00,0.00,0.40,0.62,1.19,1.13,3.10,2.94,2.50,3.35,4.98,0.00,2.81,2.14,2.44,2.60,0.00,0.00,0.00,2.30,0.90,1.00,1.00,1.49,0.00,1.42,0.21,16.07,20.90,1.54,0.79,4.26,0.00,0.00,1.07,0.95,0.00,1.16,1.00,14.93,0.57,0.34,0.00,0.00,3.95,3.98,3.73,0.00,0.00,2.99,1.17,0.91,0.00,0.00,0.00,0.00,0.00,0.00,1.11,3.44,0.45,0.46,1.40,3.42,1.47,1.76,1.80,1.31,1.15,0.00,0.00,0.00,0.00,0.00,0.00,0.00,0.00,0.00,0.00,0.00
10950.5,-2.000,7.000,0.000,0.000,0.000,0,0,0.844,0,0.455,0.478,0.420,0.556,0.341,2.13,1.14,0.86,9.95,7.46,4.56,5.19,8.53,0.00,5.43,2.95,1.08,1.03,2.70,1.81,0.22,0.09,1.42,4.26,0.82,1.15,0.00,0.00,4.98,4.98,0.00,0.00,0.80,1.59,2.00,1.76,1.57,1.53,3.52,3.23,0.00,0.00,0.00,0.00,5.69,1.42,0.00,0.00,1.49,1.57,0.00,0.00,0.00,0.00,0.00,0.00,0.00,0.00,0.00,0.00,0.00,0.00,0.00,0.00,0.00,0.00,0.00,0.00,0.00,0.00,0.00,0.00,0.00,0.00,0.00,0.00,0.00,0.00,0.00,0.00,0.00,0.00,0.00,0.00,0.00,0.00,0.00,0.00,0.00,0.00,0.00,0.00,0.00,0.00,0.00,0.00,0.00,0.00,0.00,0.00,38.15,31.28,0.00,0.85,2.76,2.98,13.28,11.86,0.00,0.00,0.00,0.00,1.01,1.01,0.00,0.00,0.62,1.19,0.81,0.81,0.00,0.00,0.00,0.00,0.00,0.00,0.00,0.00,0.00,0.00,0.00,0.00,29.85,29.85,0.00,0.00,2.49,5.19,0.00,0.00,0.00,0.00,0.00,0.00,0.00,0.00,0.00,0.00,0.00,0.00,0.00,0.00,0.00,0.00,0.00,0.00,0.00,0.00,0.00,0.00,0.00,0.00,0.00,0.00,0.00,0.00,0.00,0.00,0.00,0.00,0.00,0.00,0.00,0.00,0.00,0.00,0.00,0.00,0.00,0.00,29.85,29.85,89.55,59.70,0.00,0.00,0.00,0.00,59.70,14.93,59.70,29.85,59.70,59.70,0.00,0.00,0.00,0.00,0.00,0.00,0.00,0.00,29.85,0.00,0.00,0.00,0.00,0.00,0.00,0.00,0.00,0.00,0.00,0.00,0.00,0.00,0.00,0.00,0.00,0.00,0.00,0.00,0.00,0.00,0.00,0.00,0.00,0.00,0.00,0.00,0.00,0.00,0.00,0.00,0.00,0.00,0.00,0.59,0.85,0.00,0.00,0.00,0.00,0.00,0.00,0.40,0.00,1.31,1.23,3.40,2.85,2.50,3.21,0.00,0.00,3.00,2.63,3.25,2.78,0.00,0.00,0.00,0.00,0.45,1.00,1.00,0.00,0.00,0.36,1.05,11.48,32.84,1.23,0.79,0.00,0.00,4.98,0.00,0.00,0.00,0.57,0.85,0.00,0.64,1.13,0.00,0.00,2.19,1.99,0.00,0.00,0.00,0.00,0.95,1.07,0.00,0.00,0.00,0.00,0.00,0.00,0.00,0.00,0.45,0.69,0.35,0.62,0.98,1.05,0.51,0.52,3.44,1.15,0.00,0.00,0.00,0.00,0.00,0.00,0.00,0.00,0.00,0.00
11050.5,-2.000,7.000,0.000,0.000,0.000,0,0,0.844,0,0.321,0.314,0.331,0.481,0.424,0.00,1.42,0.93,7.46,9.95,6.50,5.19,12.79,4.26,7.79,3.47,1.14,1.06,2.16,1.45,0.13,0.03,4.26,2.84,1.40,1.61,0.00,0.00,3.73,6.84,0.00,0.00,0.00,0.40,2.05,1.85,2.36,2.30,2.31,2.06,0.00,0.00,0.00,9.95,1.42,1.42,0.00,3.98,0.00,0.00,0.00,0.00,0.00,0.00,0.00,0.00,0.00,0.00,0.00,0.00,0.00,0.00,0.00,0.00,0.00,0.00,0.00,0.00,0.00,0.00,0.00,0.00,0.00,0.00,0.00,0.00,0.00,0.00,0.00,0.00,0.00,0.00,0.00,0.00,0.00,0.00,0.00,0.00,0.00,0.00,0.00,0.00,0.00,0.00,0.00,0.00,0.00,0.00,0.00,0.00,35.50,30.74,0.00,2.56,2.91,2.89,12.24,12.57,0.00,0.00,2.30,0.00,1.01,2.02,0.00,0.00,0.62,1.28,0.00,0.81,0.00,0.00,0.00,0.00,9.95,0.00,0.00,0.00,0.00,0.00,0.00,0.00,0.00,0.00,0.00,0.00,1.24,0.00,0.00,0.00,0.00,0.00,0.00,0.00,0.00,0.00,0.00,0.00,0.00,0.00,0.00,0.00,0.00,0.00,0.00,0.00,0.00,0.00,0.00,0.00,0.00,0.00,0.00,0.00,29.85,44.78,0.00,0.00,0.00,0.00,0.00,0.00,0.00,0.00,0.00,0.00,0.00,0.00,0.00,0.00,0.00,14.93,0.00,29.85,0.00,0.00,0.00,0.00,29.85,0.00,59.70,0.00,0.00,29.85,0.00,0.00,0.00,0.00,0.00,0.00,0.00,29.85,29.85,0.00,0.00,0.00,0.00,0.00,0.00,0.00,0.00,0.00,0.00,0.00,0.00,0.00,0.00,0.00,0.00,0.00,0.00,0.00,0.00,0.00,0.00,0.00,0.00,0.00,0.00,0.00,0.00,0.00,0.00,0.00,0.00,0.00,0.00,0.12,0.24,0.00,0.00,0.00,0.00,0.00,0.00,1.19,0.92,1.43,1.33,2.82,2.88,3.55,2.65,0.00,0.00,2.36,2.97,2.23,3.12,0.00,0.00,0.00,0.00,0.45,0.00,0.00,1.00,0.50,0.00,0.84,0.00,0.00,1.23,0.79,0.00,0.00,0.00,0.00,0.47,0.00,0.63,0.83,0.00,0.57,0.45,0.00,0.00,3.51,3.32,0.00,0.00,0.00,0.00,0.88,0.90,0.00,0.00,0.00,0.00,0.00,0.00,1.11,1.15,0.68,1.85,2.11,1.87,1.96,0.70,1.29,0.52,1.15,1.15,0.00,0.00,0.00,0.00,0.00,0.00,0.00,0.00,0.00,0.00
11150.5,-2.000,7.000,0.000,0.000,0.000,0,0,0.845,0,0.351,0.390,0.294,0.477,0.576,0.00,1.21,1.00,9.95,9.95,4.70,4.06,8.53,0.00,5.34,2.34,0.87,0.99,1.62,1.45,0.15,0.06,1.42,0.00,0.94,1.50,0.00,0.00,3.11,2.49,0.00,0.00,1.59,0.80,2.08,1.92,2.36,0.00,3.01,2.99,0.00,0.00,9.95,0.00,0.00,2.84,2.30,0.00,1.49,1.57,0.00,0.00,0.00,0.00,0.00,0.00,0.00,0.00,0.00,0.00,0.00,0.00,0.00,0.00,0.00,0.00,0.00,0.00,0.00,0.00,0.00,0.00,0.00,0.00,0.00,0.00,0.00,0.00,0.00,0.00,0.00,0.00,0.00,0.00,0.00,0.00,0.00,0.00,0.00,0.00,0.00,0.00,0.00,0.00,0.00,0.00,0.00,0.00,0.00,0.00,38.51,28.06,0.00,0.85,2.67,3.47,12.95,11.99,0.00,0.00,4.59,0.00,3.04,1.52,0.00,0.00,0.77,0.99,1.61,0.81,0.00,0.00,0.00,0.00,0.00,0.00,0.00,0.00,0.00,0.00,0.00,0.00,0.00,29.85,0.00,0.00,1.24,1.30,0.00,0.00,0.00,0.00,0.00,0.00,0.00,0.00,0.00,0.00,0.00,0.00,0.00,0.00,0.00,0.00,0.00,0.00,0.00,0.00,0.00,0.00,29.85,29.85,29.85,0.00,14.93,14.93,0.00,0.00,0.00,0.00,29.85,0.00,0.00,0.00,0.00,0.00,0.00,0.00,0.00,0.00,0.00,44.78,59.70,59.70,0.00,0.00,0.00,0.00,59.70,14.93,119.40,29.85,29.85,89.55,0.00,0.00,0.00,9.95,0.00,0.00,0.00,0.00,0.00,0.00,0.00,0.00,0.00,0.00,0.00,0.00,0.00,0.00,0.00,0.00,0.00,0.00,0.00,0.00,0.00,0.00,0.00,0.00,0.00,0.00,0.00,0.00,0.00,0.00,0.00,0.00,0.00,0.00,0.00,0.00,0.00,0.00,0.00,0.35,0.12,0.00,0.00,0.00,0.00,0.00,0.00,0.00,0.00,1.07,0.41,2.98,2.72,3.42,4.05,0.00,0.00,3.19,2.63,3.66,3.47,0.00,0.00,0.00,2.76,0.00,0.50,0.00,1.49,0.00,1.07,0.42,9.18,11.94,1.23,1.06,0.00,0.00,0.00,0.00,0.47,0.49,0.57,0.71,0.00,0.76,0.96,0.00,0.00,1.76,2.65,0.00,0.00,3.32,0.00,1.11,1.04,0.00,0.00,0.00,0.00,0.00,0.00,3.32,2.30,0.23,0.00,0.70,1.24,0.98,3.16,0.77,1.05,3.44,1.15,0.00,0.00,0.00,0.00,0.00,0.00,0.00,0.00,0.00,0.00
11250.5,-2.000,7.000,0.000,0.000,0.000,0,0,0.845,0,0.340,0.333,0.350,0.349,1.000,0.00,1.42,1.26,9.95,9.95,6.08,5.33,17.06,4.26,6.30,4.43,1.01,1.27,2.52,1.63,0.13,0.10,2.84,2.84,1.05,1.27,0.00,0.00,3.73,4.98,0.00,0.00,0.00,1.19,2.09,1.98,0.00,0.77,3.19,2.67,0.00,0.00,0.00,0.00,1.42,0.00,0.00,1.99,0.00,0.00,0.00,0.00,0.00,0.00,0.00,0.00,0.00,0.00,0.00,0.00,0.00,0.00,0.00,0.00,0.00,0.00,0.00,0.00,0.00,0.00,0.00,0.00,0.00,0.00,0.00,0.00,0.00,0.00,0.00,0.00,0.00,0.00,0.00,0.00,0.00,0.00,0.00,0.00,0.00,0.00,0.00,0.00,0.00,0.00,0.00,0.00,0.00,0.00,0.00,0.00,40.27,29.31,0.77,3.41,2.69,2.86,12.87,12.49,0.00,0.00,2.30,0.00,0.51,2.53,0.00,0.00,1.39,0.49,2.42,1.61,0.00,0.00,0.00,0.00,0.00,0.00,0.00,0.00,0.00,0.00,0.00,0.00,29.85,29.85,0.00,0.00,3.73,0.00,0.00,0.00,0.00,0.00,0.00,0.00,0.00,0.00,0.00,0.00,0.00,0.00,0.00,0.00,0.00,0.00,0.00,0.00,0.00,0.00,29.85,14.93,208.96,208.96,89.55,89.55,59.70,59.70,0.00,0.00,0.00,0.00,0.00,0.00,0.00,0.00,0.00,0.00,0.00,0.00,0.00,0.00,0.00,29.85,59.70,59.70,0.00,0.00,29.85,29.85,29.85,0.00,29.85,29.85,29.85,29.85,29.85,29.85,29.85,0.00,0.00,0.00,0.00,0.00,29.85,0.00,0.00,0.00,0.00,0.00,0.00,0.00,0.00,0.00,0.00,0.00,0.00,0.00,0.00,0.00,0.00,0.00,0.00,0.00,0.00,0.00,0.00,0.00,0.00,0.00,0.00,0.00,0.00,0.00,0.00,0.00,0.00,0.00,0.00,0.47,0.49,0.00,0.00,0.00,0.00,0.00,0.00,0.00,0.62,1.31,1.13,2.85,2.89,3.95,3.07,0.00,0.00,2.81,2.56,3.25,1.91,0.00,0.00,0.00,1.38,0.00,0.00,0.00,0.00,0.50,1.07,0.63,0.00,8.96,0.92,0.53,4.26,0.00,0.00,2.13,0.47,0.98,0.93,0.68,0.00,0.89,0.51,0.00,0.00,1.32,1.99,0.00,0.00,0.00,0.00,1.13,0.97,0.00,0.00,0.00,0.00,0.00,0.00,1.11,4.59,0.90,0.46,2.46,1.24,1.96,1.40,1.80,0.52,0.00,0.00,0.00,0.00,0.00,0.00,0.00,0.00,0.00,0.00,0.00,0.00
11350.5,-2.000,7.000,0.000,0.000,0.000,0,0,0.845,0,0.453,0.469,0.429,0.444,0.853,0.00,1.35,1.10,9.95,9.95,3.59,4.34,17.06,0.00,5.43,2.69,0.80,0.78,0.90,1.81,0.12,0.14,1.42,1.42,1.76,0.92,0.00,0.00,4.35,5.60,0.00,0.00,0.80,0.40,2.15,2.03,2.36,0.77,3.56,4.44,0.00,0.00,0.00,0.00,1.42,1.42,2.30,3.98,1.49,0.00,0.00,0.00,0.00,0.00,0.00,0.00,0.00,0.00,0.00,0.00,0.00,0.00,0.00,0.00,0.00,0.00,0.00,0.00,0.00,0.00,0.00,0.00,0.00,0.00,0.00,0.00,0.00,0.00,0.00,0.00,0.00,0.00,0.00,0.00,0.00,0.00,0.00,0.00,0.00,0.00,0.00,0.00,0.00,0.00,0.00,0.00,0.00,0.00,0.00,0.00,39.04,33.25,0.00,0.85,3.42,2.33,12.19,12.20,0.00,0.00,2.30,0.00,1.01,1.52,0.00,0.00,0.93,0.79,2.42,1.61,0.00,0.00,0.00,0.00,0.00,0.00,0.00,0.00,0.00,0.00,0.00,0.00,29.85,29.85,0.00,0.00,0.00,0.00,0.00,0.00,0.00,0.00,0.00,0.00,0.00,0.00,0.00,0.00,0.00,0.00,0.00,0.00,0.00,0.00,0.00,0.00,0.00,0.00,0.00,14.93,59.70,59.70,0.00,29.85,0.00,0.00,0.00,0.00,0.00,0.00,29.85,0.00,0.00,0.00,0.00,0.00,0.00,0.00,0.00,0.00,0.00,29.85,89.55,59.70,0.00,0.00,0.00,29.85,29.85,14.93,59.70,29.85,59.70,59.70,49.75,0.00,0.00,0.00,0.00,0.00,0.00,0.00,0.00,0.00,0.00,0.00,0.00,0.00,0.00,0.00,0.00,0.00,0.00,0.00,0.00,0.00,0.00,0.00,0.00,0.00,0.00,0.00,0.00,0.00,0.00,0.00,0.00,0.00,0.00,0.00,0.00,0.00,0.00,0.00,0.00,0.00,0.00,0.59,0.85,0.00,1.87,0.00,0.00,0.00,0.00,0.00,0.31,1.19,1.33,3.17,2.89,3.16,3.77,0.00,0.00,3.57,2.76,4.26,3.12,0.00,2.30,0.00,4.13,0.00,0.00,0.50,0.50,0.50,0.36,0.21,18.37,14.93,1.54,1.32,0.00,0.00,0.00,0.00,0.47,0.49,0.99,1.08,0.00,0.83,0.62,0.00,0.00,1.76,3.98,0.00,0.00,3.32,0.00,1.21,1.00,0.00,0.00,0.00,0.00,0.00,0.00,1.11,0.00,1.36,0.69,0.70,1.55,1.47,1.76,1.80,0.79,1.15,2.30,0.00,0.00,0.00,0.00,0.00,0.00,0.00,0.00,0.00,0.00
11450.5,-2.000,7.000,0.000,0.000,0.000,0,0,0.846,0,0.375,0.405,0.330,0.268,0.785,0.00,1.39,1.13,7.46,9.95,3.87,4.34,12.79,0.00,5.43,2.95,0.93,0.46,2.16,3.62,0.16,0.08,1.42,2.84,1.05,1.15,0.00,29.85,4.35,8.08,0.00,0.00,0.40,0.00,1.93,1.67,2.36,3.06,2.22,2.15,0.00,0.00,0.00,0.00,0.00,0.00,2.30,0.00,0.00,0.00,0.00,0.00,0.00,0.00,0.00,0.00,0.00,0.00,0.00,0.00,0.00,0.00,0.00,0.00,0.00,0.00,0.00,0.00,0.00,0.00,0.00,0.00,0.00,0.00,0.00,0.00,0.00,0.00,0.00,0.00,0.00,0.00,0.00,0.00,0.00,0.00,0.00,0.00,0.00,0.00,0.00,0.00,0.00,0.00,0.00,0.00,0.00,0.00,0.00,0.00,37.80,30.21,0.77,0.85,3.18,3.47,13.13,11.67,7.46,0.00,0.00,0.00,2.53,1.52,0.00,0.00,1.55,0.99,0.00,0.81,0.00,0.00,0.00,0.00,0.00,0.00,0.00,0.00,0.00,0.00,0.00,0.00,29.85,29.85,0.00,0.00,0.00,0.00,0.00,0.00,0.00,0.00,0.00,0.00,0.00,0.00,0.00,0.00,0.00,0.00,0.00,0.00,0.00,0.00,0.00,0.00,0.00,0.00,0.00,0.00,0.00,0.00,0.00,0.00,29.85,29.85,0.00,0.00,0.00,0.00,29.85,0.00,0.00,0.00,0.00,0.00,0.00,0.00,0.00,0.00,0.00,14.93,0.00,0.00,0.00,0.00,0.00,0.00,0.00,0.00,0.00,0.00,0.00,29.85,0.00,0.00,0.00,0.00,0.00,0.00,0.00,0.00,0.00,0.00,0.00,0.00,0.00,0.00,0.00,0.00,0.00,0.00,0.00,0.00,0.00,0.00,0.00,0.00,0.00,0.00,0.00,0.00,0.00,0.00,0.00,0.00,0.00,0.00,0.00,0.00,0.00,0.00,0.00,0.00,0.00,0.00,0.00,0.47,0.73,0.00,0.00,0.00,0.00,0.00,0.00,0.00,0.92,1.07,0.72,2.54,3.33,2.76,3.07,0.00,4.98,2.81,3.59,2.03,3.47,0.00,2.30,0.00,0.46,0.45,0.50,1.00,0.50,0.00,0.36,0.84,2.30,0.00,0.62,1.85,0.00,4.26,0.00,0.00,1.42,0.49,0.59,0.73,0.00,0.51,0.84,0.00,0.00,3.51,1.99,3.73,0.00,0.00,2.99,0.75,0.92,0.00,0.00,0.00,0.00,0.00,0.00,0.00,1.15,0.45,0.46,0.70,0.93,1.47,1.05,0.77,0.79,1.15,1.15,0.00,0.00,0.00,0.00,0.00,0.00,0.00,0.00,0.00,0.00
11550.5,-2.000,7.000,0.000,0.000,0.000,0,0,0.846,0,0.191,0.159,0.238,0.362,0.544,2.13,1.60,1.23,9.95,9.95,3.87,3.50,8.53,4.26,4.11,3.21,0.95,0.89,1.08,1.81,0.15,0.06,0.00,0.00,0.94,0.92,29.85,0.00,5.60,4.35,0.00,0.00,0.80,0.40,1.83,1.71,0.79,0.77,2.68,3.09,0.00,0.00,9.95,0.00,1.42,0.00,0.00,1.99,5.97,3.14,14.93,0.00,0.00,0.00,0.00,0.00,0.00,0.00,0.00,0.00,0.00,0.00,0.00,0.00,0.00,0.00,0.00,0.00,0.00,0.00,0.00,0.00,0.00,0.00,0.00,0.00,0.00,0.00,0.00,0.00,0.00,0.00,0.00,0.00,0.00,0.00,0.00,0.00,0.00,0.00,0.01,0.01,0.00,0.00,0.00,0.00,0.00,0.00,0.00,0.00,45.92,32.89,0.00,0.85,2.83,2.82,12.87,11.88,0.00,0.00,0.00,1.87,1.01,1.01,0.00,0.00,1.08,1.19,0.00,1.61,7.46,0.00,0.00,0.00,0.00,0.00,0.00,0.00,0.00,0.00,0.00,0.00,0.00,29.85,0.00,0.00,0.00,0.00,0.00,0.00,0.00,0.00,0.00,0.00,0.00,0.00,0.00,0.00,0.00,0.00,0.00,0.00,0.00,0.00,0.00,0.00,0.00,0.00,0.00,0.00,0.00,0.00,0.00,0.00,29.85,29.85,0.00,0.00,0.00,0.00,29.85,0.00,0.00,0.00,0.00,0.00,0.00,0.00,0.00,0.00,0.00,0.00,0.00,0.00,0.00,0.00,0.00,29.85,29.85,0.00,29.85,0.00,0.00,0.00,0.00,0.00,0.00,0.00,0.00,0.00,0.00,0.00,0.00,0.00,0.00,0.00,0.00,0.00,0.00,0.00,0.00,0.00,0.00,0.00,0.00,0.00,0.00,0.00,0.00,0.00,0.00,0.00,0.00,0.00,0.00,0.00,0.00,0.00,0.00,0.00,0.00,0.00,0.00,0.00,0.00,0.00,0.00,0.83,0.85,1.61,1.87,0.00,0.00,0.00,0.00,1.99,0.31,0.95,1.03,2.82,3.33,3.42,4.05,0.00,0.00,3.00,2.97,3.45,3.30,0.00,2.30,0.00,0.46,0.45,0.00,0.00,0.50,0.00,1.42,0.63,4.59,5.97,0.31,0.26,4.26,4.26,0.00,0.00,1.42,1.47,0.84,0.98,0.00,1.21,0.62,0.00,0.00,3.07,1.99,0.00,0.00,0.00,0.00,0.90,1.07,0.00,0.00,0.00,0.00,0.00,0.00,2.21,0.00,0.23,0.69,0.70,0.62,0.98,0.70,0.26,1.31,1.15,0.00,0.00,0.00,0.00,0.00,0.00,0.00,0.00,0.00,0.00,0.00
11650.5,-2.000,7.000,0.000,0.000,0.000,0,0,0.847,0,0.159,0.100,0.247,0.294,1.000,4.26,1.32,0.93,7.46,7.46,4.42,3.78,17.06,0.00,6.13,2.86,1.18,0.87,2.70,3.44,0.08,0.11,4.26,5.69,0.70,1.04,0.00,0.00,8.71,9.95,0.00,0.00,0.80,1.19,2.15,1.91,3.14,5.36,2.68,2.01,0.00,0.00,0.00,0.00,1.42,0.00,0.00,0.00,0.00,0.00,0.00,0.00,0.00,0.00,0.00,0.00,0.00,0.00,0.00,0.00,0.00,0.00,0.00,0.00,0.00,0.00,0.00,0.00,0.00,0.00,0.00,0.00,0.00,0.00,0.00,0.00,0.00,0.00,0.00,0.00,0.00,0.00,0.00,0.00,0.00,0.00,0.00,0.00,0.00,0.00,0.00,0.00,0.00,0.00,0.00,0.00,0.00,0.00,0.00,0.00,41.33,33.07,0.00,0.85,2.93,2.91,13.00,11.96,0.00,0.00,0.00,0.00,1.01,0.00,0.00,0.00,0.46,0.89,0.00,0.81,0.00,3.73,0.00,0.00,9.95,0.00,0.00,0.00,0.00,0.00,0.00,0.00,0.00,0.00,0.00,0.00,0.00,1.30,0.00,0.00,0.00,0.00,0.00,0.00,0.00,0.00,0.00,0.00,0.00,0.00,0.00,0.00,0.00,0.00,0.00,0.00,0.00,0.00,29.85,29.85,208.96,208.96,89.55,89.55,59.70,59.70,0.00,0.00,0.00,0.00,59.70,0.00,0.00,0.00,0.00,0.00,0.00,0.00,0.00,0.00,0.00,29.85,0.00,29.85,0.00,0.00,0.00,0.00,0.00,0.00,29.85,0.00,0.00,0.00,29.85,29.85,29.85,0.00,0.00,0.00,0.00,0.00,0.00,0.00,0.00,0.00,0.00,0.00,0.00,0.00,0.00,0.00,0.00,0.00,0.00,0.00,0.00,0.00,0.00,0.00,0.00,0.00,0.00,0.00,0.00,0.00,0.00,0.00,0.00,0.00,0.00,0.00,0.00,0.00,0.00,0.00,0.00,0.24,0.12,0.00,0.00,0.00,0.00,0.00,0.00,0.00,0.00,0.83,0.72,3.13,3.13,2.89,3.07,0.00,0.00,2.42,3.45,4.06,3.30,0.00,0.00,0.00,0.00,0.00,0.00,0.00,0.00,1.00,0.71,1.26,0.00,0.00,1.23,0.79,0.00,0.00,0.00,0.00,0.00,0.98,0.95,0.73,0.00,0.25,0.68,0.00,0.00,3.95,3.32,11.19,0.00,0.00,0.00,0.93,1.05,0.00,0.00,29.85,14.93,0.00,29.85,0.00,0.00,0.68,0.23,1.05,0.31,1.47,1.40,1.29,1.05,0.00,0.00,0.00,0.00,0.00,0.00,0.00,0.00,0.00,0.00,0.00,0.00
11750.5,-2.000,7.000,0.000,0.000,0.000,0,0,0.847,0,0.246,0.243,0.251,0.362,0.474,0.00,1.78,1.16,7.46,9.95,4.84,4.34,17.06,0.00,4.64,3.21,0.72,0.99,1.80,1.27,0.10,0.09,1.42,2.84,1.05,1.27,0.00,0.00,1.87,3.11,0.00,0.00,0.40,1.19,1.81,1.60,1.57,2.30,2.41,1.31,0.00,0.00,0.00,0.00,1.42,4.26,0.00,0.00,0.00,0.00,0.00,0.00,0.00,0.00,0.00,0.00,0.00,0.00,0.00,0.00,0.00,0.00,0.00,0.00,0.00,0.00,0.00,0.00,0.00,0.00,0.00,0.00,0.00,0.00,0.00,0.00,0.00,0.00,0.00,0.00,0.00,0.00,0.00,0.00,0.00,0.00,0.00,0.00,0.00,0.00,0.00,0.00,0.00,0.00,0.00,0.00,0.00,0.00,0.00,0.00,41.69,28.78,0.77,1.71,2.89,2.82,13.13,12.80,7.46,0.00,0.00,0.00,1.52,1.52,0.00,0.00,1.55,0.89,0.00,2.42,0.00,7.46,0.00,0.00,0.00,0.00,0.00,0.00,0.00,0.00,0.00,0.00,0.00,0.00,0.00,0.00,1.24,0.00,0.00,0.00,0.00,0.00,0.00,0.00,0.00,0.00,0.00,0.00,0.00,0.00,0.00,0.00,0.00,0.00,0.00,0.00,14.93,0.00,0.00,0.00,0.00,0.00,0.00,0.00,0.00,0.00,0.00,0.00,0.00,0.00,0.00,0.00,0.00,0.00,0.00,0.00,0.00,0.00,0.00,0.00,0.00,0.00,29.85,0.00,0.00,0.00,0.00,29.85,29.85,0.00,59.70,0.00,29.85,0.00,0.00,0.00,0.00,0.00,0.00,0.00,0.00,0.00,0.00,0.00,0.00,0.00,0.00,0.00,0.00,0.00,0.00,0.00,0.00,0.00,0.00,0.00,0.00,0.00,0.00,0.00,0.00,0.00,0.00,0.00,0.00,0.00,0.00,0.00,0.00,0.00,0.00,0.00,0.00,0.00,0.00,0.00,0.00,0.00,0.00,0.00,0.00,0.00,0.00,0.01,0.00,0.80,0.92,1.19,1.33,3.20,2.76,2.24,2.65,0.00,4.98,2.30,2.90,1.83,2.43,2.49,0.00,0.00,0.00,0.45,0.00,0.50,0.00,0.00,1.07,1.05,0.00,5.97,0.92,0.79,0.00,0.00,0.00,1.07,0.95,0.98,0.93,0.68,0.00,0.89,0.68,0.00,0.00,2.19,1.99,0.00,0.00,3.32,0.00,0.88,0.99,0.00,0.00,0.00,0.00,0.00,0.00,0.00,0.00,0.68,0.69,1.76,0.31,0.49,2.11,1.54,1.57,0.00,0.00,0.00,0.00,0.00,0.00,0.00,0.00,0.00,0.00,0.00,0.00
11850.5,-2.000,7.000,0.000,0.000,0.000,0,0,0.847,0,0.544,0.646,0.393,0.668,0.090,0.00,1.75,1.26,9.95,9.95,6.08,5.47,17.06,0.00,5.78,3.12,1.18,0.97,3.24,1.27,0.13,0.07,0.00,2.84,1.40,1.61,0.00,0.00,4.98,4.35,0.00,0.00,1.59,0.00,2.30,2.25,1.57,0.77,5.04,3.65,0.00,0.00,0.00,9.95,1.42,0.00,0.00,1.99,1.49,1.57,0.00,0.00,0.00,0.00,0.00,0.00,0.00,0.00,0.00,0.00,0.00,0.00,0.00,0.00,0.00,0.00,0.00,0.00,0.00,0.00,0.00,0.00,0.00,0.00,0.00,0.00,0.00,0.00,0.00,0.00,0.00,0.00,0.00,0.00,0.00,0.00,0.00,0.00,0.00,0.00,0.00,0.00,0.00,0.00,0.00,0.00,0.00,0.00,0.00,0.00,41.69,25.38,1.53,2.56,3.18,2.86,13.02,11.62,0.00,0.00,4.59,1.87,0.00,2.02,0.00,0.00,0.46,0.99,3.23,1.61,0.00,0.00,0.00,0.00,0.00,0.00,0.00,0.00,0.00,0.00,0.00,0.00,59.70,29.85,0.00,0.00,0.00,1.30,0.00,0.00,0.00,0.00,0.00,0.00,0.00,0.00,0.00,0.00,0.00,0.00,0.00,0.00,0.00,0.00,0.00,0.00,0.00,0.00,0.00,0.00,0.00,0.00,0.00,0.00,0.00,0.00,0.00,0.00,0.00,0.00,0.00,0.00,0.00,0.00,0.00,0.00,0.00,0.00,0.00,0.00,0.00,59.70,89.55,119.40,0.00,0.00,0.00,0.00,59.70,44.78,119.40,89.55,89.55,119.40,19.90,0.00,0.00,9.95,0.00,0.00,0.00,29.85,0.00,0.00,0.00,0.00,0.00,0.00,0.00,0.00,0.00,0.00,0.00,0.00,0.00,0.00,0.00,0.00,0.00,0.00,0.00,0.00,0.00,0.00,0.00,0.00,0.00,0.00,0.00,0.00,0.00,0.00,0.00,0.00,0.00,0.00,0.00,0.94,0.85,0.00,0.00,0.00,0.00,0.00,0.00,0.80,0.31,0.83,1.03,2.95,3.09,2.10,3.63,0.00,0.00,2.93,3.52,3.86,2.60,0.00,2.30,0.00,5.97,0.00,0.00,0.50,3.98,0.50,0.36,1.26,27.55,56.72,0.92,1.06,0.00,0.00,4.98,0.00,0.95,0.00,1.18,1.10,0.00,0.64,0.96,0.00,0.00,3.95,3.32,0.00,0.00,0.00,2.99,1.11,1.11,0.00,0.00,0.00,0.00,0.00,0.00,1.11,2.30,0.68,0.69,1.76,1.24,3.91,2.46,1.29,1.57,0.00,0.00,0.00,0.00,0.00,0.00,0.00,0.00,0.00,0.00,0.00,0.00
11950.5,-2.000,7.000,0.000,0.000,0.000,0,0,0.848,0,0.487,0.552,0.388,0.551,0.017,0.00,1.50,1.40,9.95,9.95,5.53,4.76,17.06,0.00,5.78,4.17,0.99,1.20,2.34,1.45,0.17,0.05,0.00,2.84,1.17,0.69,0.00,0.00,4.35,4.98,0.00,0.00,0.40,0.00,2.02,1.81,3.14,1.53,3.61,2.76,0.00,0.00,0.00,9.95,1.42,0.00,0.00,0.00,0.00,0.00,0.00,0.00,0.00,0.00,0.00,0.00,0.00,0.00,0.00,0.00,0.00,0.00,0.00,0.00,0.00,0.00,0.00,0.00,0.00,0.00,0.00,0.00,0.00,0.00,0.00,0.00,0.00,0.00,0.00,0.00,0.00,0.00,0.00,0.00,0.00,0.00,0.00,0.00,0.00,0.00,0.00,0.00,0.00,0.00,0.00,0.00,0.00,0.00,0.00,0.00,41.16,29.31,0.00,0.00,3.35,2.96,13.15,11.86,0.00,0.00,0.00,3.73,0.00,1.01,0.00,0.00,0.93,0.59,0.00,0.81,0.00,0.00,0.00,0.00,0.00,0.00,0.00,0.00,0.00,0.00,0.00,0.00,0.00,59.70,0.00,0.00,0.00,3.89,0.00,0.00,0.00,0.00,0.00,0.00,0.00,0.00,0.00,0.00,0.00,0.00,0.00,0.00,0.00,0.00,0.00,0.00,0.00,0.00,0.00,0.00,0.00,0.00,0.00,0.00,0.00,0.00,0.00,0.00,0.00,0.00,29.85,0.00,0.00,0.00,0.00,0.00,0.00,0.00,0.00,0.00,0.00,14.93,29.85,29.85,0.00,0.00,29.85,29.85,59.70,0.00,59.70,29.85,29.85,59.70,0.00,0.00,0.00,0.00,0.00,0.00,0.00,0.00,0.00,0.00,0.00,0.00,0.00,0.00,0.00,0.00,0.00,0.00,0.00,0.00,0.00,0.00,0.00,0.00,0.00,0.00,0.00,0.00,0.00,0.00,0.00,0.00,0.00,0.00,0.00,0.00,0.00,0.00,0.00,0.00,0.00,0.00,0.00,0.12,0.49,0.00,0.00,0.00,0.00,0.00,0.00,0.00,0.92,0.71,1.03,3.30,2.84,2.89,3.07,0.00,0.00,3.19,2.90,2.64,3.12,0.00,0.00,0.00,2.30,1.36,0.50,0.00,0.00,0.50,0.36,0.63,2.30,2.99,0.31,1.32,0.00,4.26,0.00,2.13,1.42,0.98,0.91,0.91,0.00,0.76,0.96,0.00,0.00,1.76,1.33,0.00,0.00,0.00,0.00,1.29,1.02,0.00,0.00,0.00,0.00,0.00,0.00,4.42,2.30,0.45,1.85,2.11,1.55,0.98,1.05,1.29,0.26,3.44,2.30,0.00,0.00,0.00,0.00,0.00,0.00,0.00,0.00,0.00,0.00
12050.5,-2.000,7.000,0.000,0.000,0.000,0,0,0.848,0,0.384,0.379,0.393,0.574,0.881,0.00,1.39,0.83,9.95,12.44,4.84,5.19,17.06,4.26,6.22,3.12,0.82,0.93,1.62,1.63,0.16,0.11,2.84,2.84,1.52,1.61,0.00,0.00,3.11,3.73,29.85,0.00,1.59,0.40,2.09,2.03,2.36,3.06,2.87,2.53,0.00,0.00,0.00,0.00,0.00,2.84,0.00,0.00,0.00,0.00,0.00,0.00,0.00,0.00,0.00,0.00,0.00,0.00,0.00,0.00,0.00,0.00,0.00,0.00,0.00,0.00,0.00,0.00,0.00,0.00,0.00,0.00,0.00,0.00,0.00,0.00,0.00,0.00,0.00,0.00,0.00,0.00,0.00,0.00,0.00,0.00,0.00,0.00,0.00,0.00,0.00,0.00,0.00,0.00,0.00,0.00,0.00,0.00,0.00,0.00,42.21,28.06,1.53,0.85,2.93,3.14,12.97,12.25,0.00,0.00,0.00,0.00,1.01,1.01,0.00,0.00,0.31,0.79,0.00,0.81,0.00,0.00,0.00,0.00,0.00,0.00,0.00,0.00,0.00,0.00,0.00,0.00,29.85,29.85,0.00,0.00,0.00,0.00,0.00,0.00,0.00,0.00,0.00,0.00,0.00,0.00,0.00,0.00,0.00,0.00,0.00,0.00,0.00,0.00,0.00,0.00,14.93,29.85,0.00,0.00,29.85,29.85,29.85,29.85,0.00,14.93,0.00,0.00,0.00,0.00,29.85,0.00,0.00,0.00,0.00,0.00,0.00,0.00,0.00,0.00,0.00,14.93,29.85,0.00,0.00,0.00,29.85,0.00,44.78,0.00,59.70,0.00,0.00,0.00,29.85,0.00,0.00,0.00,0.00,0.00,0.00,29.85,29.85,0.00,0.00,0.00,0.00,0.00,0.00,0.00,0.00,0.00,0.00,0.00,0.00,0.00,0.00,0.00,0.00,0.00,0.00,0.00,0.00,0.00,0.00,0.00,0.00,0.00,0.00,0.00,0.00,0.00,0.00,0.00,0.00,0.00,0.00,0.59,0.12,0.00,0.00,0.00,0.00,0.00,0.00,0.40,0.00,1.07,0.92,2.71,2.84,3.29,3.07,0.00,0.00,3.70,2.76,2.84,2.26,0.00,2.30,0.00,0.00,0.00,0.00,0.00,0.00,0.00,1.42,1.68,4.59,0.00,2.15,0.79,4.26,0.00,0.00,1.07,0.47,0.00,0.66,0.68,0.00,0.76,0.62,0.00,0.00,2.19,1.33,0.00,0.00,3.32,0.00,1.00,0.83,0.00,0.00,0.00,0.00,0.00,0.00,1.11,1.15,0.68,0.69,2.81,0.31,0.98,2.11,1.80,0.52,0.00,0.00,0.00,0.00,0.00,0.00,0.00,0.00,0.00,0.00,0.00,0.00
12150.5,-2.000,7.000,0.000,0.000,0.000,0,0,0.849,0,0.201,0.142,0.290,0.237,0.699,0.00,1.25,1.36,9.95,9.95,4.98,4.76,17.06,0.00,6.83,3.56,0.63,1.08,1.80,2.17,0.13,0.08,2.84,2.84,0.47,0.92,0.00,0.00,10.57,11.19,0.00,0.00,0.40,1.59,2.19,2.39,0.79,2.30,3.47,3.09,0.00,0.00,0.00,0.00,0.00,1.42,6.89,3.98,0.00,3.14,14.93,0.00,0.00,0.00,0.00,0.00,0.00,0.00,0.00,0.00,0.00,0.00,0.00,0.00,0.00,0.00,0.00,0.00,0.00,0.00,0.00,0.00,0.00,0.00,0.00,0.00,0.00,0.00,0.00,0.00,0.00,0.00,0.00,0.00,0.00,0.00,0.00,0.00,0.00,0.00,0.00,0.00,0.00,0.00,0.00,0.00,0.00,0.00,0.00,0.00,34.44,29.49,0.00,2.56,2.74,2.82,12.19,12.20,0.00,0.00,0.00,1.87,0.51,2.53,0.00,0.00,1.24,0.69,0.00,0.00,0.00,0.00,0.00,0.00,0.00,0.00,0.00,0.00,0.00,0.00,0.00,0.00,29.85,29.85,0.00,0.00,0.00,0.00,0.00,0.00,0.00,0.00,0.00,0.00,0.00,0.00,0.00,0.00,0.00,0.00,0.00,0.00,0.00,0.00,0.00,0.00,0.00,0.00,0.00,0.00,0.00,0.00,0.00,0.00,0.00,0.00,0.00,0.00,0.00,0.00,29.85,0.00,0.00,0.00,0.00,0.00,14.93,0.00,0.00,0.00,0.00,14.93,0.00,0.00,0.00,0.00,0.00,29.85,0.00,0.00,0.00,0.00,0.00,0.00,0.00,0.00,0.00,0.00,0.00,0.00,0.00,0.00,0.00,0.00,0.00,0.00,0.00,0.00,0.00,0.00,0.00,0.00,0.00,0.00,0.00,0.00,0.00,0.00,0.00,0.00,0.00,0.00,0.00,0.00,0.00,0.00,0.00,0.00,0.00,0.00,0.00,0.00,0.00,0.00,0.00,0.00,0.00,0.12,0.49,0.00,0.00,0.00,0.00,0.00,0.00,0.00,0.00,1.43,1.44,2.88,3.08,3.81,2.93,0.00,0.00,2.42,2.83,3.45,2.78,2.49,0.00,0.00,0.00,0.00,0.50,0.00,0.00,0.50,0.36,0.63,2.30,0.00,0.92,0.79,0.00,0.00,0.00,1.07,0.95,0.98,1.18,1.04,0.00,0.76,0.84,0.00,0.00,4.39,1.99,0.00,0.00,0.00,0.00,1.19,0.92,29.85,0.00,0.00,0.00,0.00,0.00,1.11,2.30,0.23,0.69,2.11,2.49,1.47,1.76,0.26,1.57,2.30,6.89,14.93,0.00,0.00,29.85,0.00,0.00,0.00,0.00,0.00,0.00
12250.5,-2.000,7.000,0.000,0.000,0.000,0,0,0.849,0,0.050,0.000,0.126,0.451,1.000,0.00,1.67,1.03,12.44,9.95,4.70,5.61,12.79,4.26,4.46,3.47,1.20,1.41,2.70,1.99,0.12,0.09,2.84,1.42,1.40,0.58,0.00,0.00,3.73,3.73,0.00,0.00,0.80,0.80,2.28,2.01,2.36,0.77,3.01,2.76,0.00,0.00,0.00,0.00,0.00,0.00,0.00,1.99,0.00,1.57,0.00,0.00,0.00,0.00,0.00,0.00,0.00,0.00,0.00,0.00,0.00,0.00,0.00,0.00,0.00,0.00,0.00,0.00,0.00,0.00,0.00,0.00,0.00,0.00,0.00,0.00,0.00,0.00,0.00,0.00,0.00,0.00,0.00,0.00,0.00,0.00,0.00,0.00,0.00,0.00,0.01,0.01,0.00,0.00,0.00,0.00,0.00,0.00,0.00,0.00,42.92,31.46,0.77,0.00,2.85,2.70,13.60,12.25,0.00,14.93,0.00,1.87,0.51,1.52,0.00,0.00,0.62,0.59,0.00,0.00,7.46,0.00,0.00,0.00,0.00,0.00,0.00,29.85,0.00,0.00,0.00,0.00,29.85,0.00,0.00,0.00,6.22,7.79,0.00,0.00,0.00,0.00,0.00,0.00,0.00,0.00,0.00,0.00,0.00,0.00,0.00,0.00,0.00,0.00,0.00,0.00,29.85,0.00,0.00,0.00,238.81,238.81,89.55,89.55,74.63,74.63,0.00,0.00,0.00,0.00,0.00,0.00,0.00,0.00,0.00,0.00,0.00,0.00,0.00,0.00,0.00,0.00,0.00,0.00,0.00,0.00,0.00,29.85,29.85,0.00,59.70,0.00,0.00,0.00,9.95,0.00,29.85,9.95,0.00,0.00,0.00,29.85,29.85,0.00,0.00,0.00,0.00,0.00,0.00,0.00,0.00,0.00,0.00,0.00,0.00,0.00,0.00,0.00,0.00,0.00,0.00,0.00,0.00,0.00,0.00,0.00,0.00,0.00,0.00,0.00,0.00,0.00,0.00,0.00,0.00,0.00,0.00,1.18,1.46,0.00,0.00,0.00,0.00,0.00,0.01,0.00,0.00,0.59,1.13,2.87,2.84,3.02,2.79,4.98,0.00,1.85,2.14,2.84,2.78,0.00,0.00,0.00,0.00,0.45,0.00,0.50,0.00,0.00,0.71,1.05,2.30,8.96,0.92,1.32,0.00,0.00,0.00,0.00,0.47,2.94,0.68,1.18,0.00,0.38,0.90,0.00,0.00,1.76,0.00,7.46,0.00,0.00,0.00,1.00,1.09,0.00,0.00,0.00,14.93,0.00,0.00,1.11,0.00,0.90,1.16,0.70,0.31,0.98,1.76,1.29,1.05,1.15,0.00,0.00,0.00,0.00,0.00,0.00,0.00,0.00,0.00,0.00,0.00
12350.5,-2.000,7.000,0.000,0.000,0.000,0,0,0.849,0,0.133,0.078,0.215,0.309,0.899,2.13,1.21,1.50,4.98,4.98,5.53,4.48,12.79,4.26,6.74,3.38,0.76,0.76,1.98,3.26,0.07,0.08,2.84,5.69,0.94,1.15,0.00,0.00,4.35,6.84,0.00,0.00,0.40,1.99,1.89,1.66,1.57,2.30,2.41,1.73,0.00,0.00,0.00,9.95,1.42,0.00,0.00,0.00,1.49,0.00,0.00,0.00,0.00,0.00,0.00,0.00,0.00,0.00,0.00,0.00,0.00,0.00,0.00,0.00,0.00,0.00,0.00,0.00,0.00,0.00,0.00,0.00,0.00,0.00,0.00,0.00,0.00,0.00,0.00,0.00,0.00,0.00,0.00,0.00,0.00,0.00,0.00,0.00,0.00,0.00,0.00,0.00,0.00,0.00,0.00,0.00,0.00,0.00,0.00,0.00,38.51,30.74,0.00,0.85,3.31,3.10,12.45,11.75,0.00,0.00,0.00,3.73,0.51,1.52,0.00,0.00,0.93,1.58,1.61,0.81,0.00,3.73,0.00,0.00,0.00,0.00,0.00,0.00,0.00,0.00,0.00,0.00,0.00,0.00,0.00,0.00,0.00,0.00,0.00,0.00,0.00,0.00,0.00,0.00,0.00,0.00,0.00,0.00,0.00,0.00,0.00,0.00,0.00,0.00,0.00,0.00,0.00,0.00,0.00,0.00,29.85,29.85,0.00,0.00,29.85,29.85,0.00,0.00,0.00,0.00,0.00,0.00,0.00,0.00,0.00,0.00,0.00,0.00,0.00,0.00,0.00,29.85,29.85,29.85,0.00,0.00,0.00,0.00,0.00,0.00,29.85,0.00,0.00,0.00,0.00,0.00,0.00,0.00,0.00,0.00,0.00,0.00,0.00,0.00,0.00,0.00,0.00,0.00,0.00,0.00,0.00,0.00,0.00,0.00,0.00,0.00,0.00,0.00,0.00,0.00,0.00,0.00,0.00,0.00,0.00,0.00,0.00,0.00,0.00,0.00,0.00,0.00,0.00,0.00,0.00,0.00,0.00,0.00,0.12,0.00,0.00,0.00,0.00,0.00,0.00,0.40,0.00,1.31,1.33,2.74,2.81,2.50,2.37,0.00,0.00,3.38,3.39,3.25,2.26,0.00,2.30,0.00,0.46,0.00,0.00,0.00,0.00,0.50,2.49,0.63,0.00,0.00,0.92,1.06,0.00,0.00,0.00,0.00,0.47,1.47,0.82,0.66,0.00,0.95,0.68,0.00,0.00,2.63,3.32,0.00,4.26,0.00,0.00,0.93,0.89,0.00,0.00,0.00,0.00,0.00,0.00,2.21,0.00,0.68,0.46,1.05,1.87,0.98,1.05,0.77,0.79,0.00,1.15,0.00,0.00,0.00,0.00,0.00,0.00,0.00,0.00,0.00,0.00
12450.5,-2.000,7.000,0.000,0.000,0.000,0,0,0.850,0,0.294,0.304,0.278,0.222,1.000,0.00,1.28,0.76,14.93,9.95,4.42,4.20,12.79,0.00,4.29,3.04,1.06,0.63,1.98,1.99,0.15,0.08,5.69,0.00,0.70,0.92,0.00,0.00,6.22,2.49,0.00,0.00,1.59,0.40,1.58,1.85,0.00,1.53,2.50,2.29,0.00,0.00,0.00,0.00,1.42,1.42,0.00,0.00,1.49,0.00,0.00,0.00,0.00,0.00,0.00,0.00,0.00,0.00,0.00,0.00,0.00,0.00,0.00,0.00,0.00,0.00,0.00,0.00,0.00,0.00,0.00,0.00,0.00,0.00,0.00,0.00,0.00,0.00,0.00,0.00,0.00,0.00,0.00,0.00,0.00,0.00,0.00,0.00,0.00,0.00,0.00,0.00,0.00,0.00,0.00,0.00,0.00,0.00,0.00,0.00,36.03,29.67,0.00,0.85,3.35,2.77,12.40,12.07,0.00,0.00,0.00,1.87,0.00,0.51,0.00,0.00,1.24,0.49,0.81,1.61,0.00,0.00,0.00,0.00,0.00,0.00,0.00,0.00,0.00,0.00,0.00,0.00,0.00,29.85,0.00,0.00,3.73,1.30,0.00,0.00,0.00,0.00,0.00,0.00,0.00,0.00,0.00,0.00,0.00,0.00,0.00,0.00,0.00,0.00,0.00,0.00,0.00,0.00,29.85,14.93,89.55,119.40,29.85,29.85,0.00,0.00,0.00,0.00,0.00,0.00,29.85,0.00,0.00,0.00,0.00,0.00,0.00,0.00,0.00,0.00,0.00,14.93,29.85,29.85,0.00,0.00,0.00,29.85,0.00,0.00,0.00,0.00,0.00,29.85,49.75,0.00,0.00,0.00,0.00,0.00,0.00,0.00,0.00,0.00,0.00,0.00,0.00,0.00,0.00,0.00,0.00,0.00,0.00,0.00,0.00,0.00,0.00,0.00,0.00,0.00,0.00,0.00,0.00,0.00,0.00,0.00,0.00,0.00,0.00,0.00,0.00,0.00,0.00,0.00,0.00,0.00,0.00,0.24,0.36,0.00,0.00,0.00,0.00,0.00,0.00,0.80,0.62,1.07,1.03,3.10,3.46,3.42,3.21,0.00,0.00,2.42,3.04,3.25,3.64,0.00,0.00,0.00,3.21,0.00,0.00,0.00,0.00,0.00,1.07,1.05,0.00,0.00,0.31,1.85,4.26,0.00,0.00,0.00,0.95,0.00,0.95,0.56,0.00,0.76,0.73,0.00,0.00,1.76,1.99,0.00,4.26,0.00,0.00,1.14,1.25,0.00,0.00,0.00,0.00,0.00,0.00,1.11,0.00,1.13,0.23,1.05,1.55,0.49,0.70,1.03,0.79,1.15,1.15,0.00,0.00,0.00,0.00,0.00,0.00,0.00,0.00,0.00,0.00
12550.5,-2.000,7.000,0.000,0.000,0.000,0,0,0.850,0,0.367,0.467,0.216,0.405,0.254,8.53,1.42,0.96,9.95,9.95,4.70,3.78,4.26,0.00,5.16,3.82,0.80,0.84,0.54,2.35,0.22,0.10,1.42,1.42,1.29,0.92,0.00,0.00,1.87,6.22,0.00,0.00,0.80,0.80,1.91,1.68,4.71,1.53,2.36,2.01,0.00,0.00,0.00,0.00,0.00,0.00,4.59,0.00,0.00,0.00,0.00,0.00,0.00,0.00,0.00,0.00,0.00,0.00,0.00,0.00,0.00,0.00,0.00,0.00,0.00,0.00,0.00,0.00,0.00,0.00,0.00,0.00,0.00,0.00,0.00,0.00,0.00,0.00,0.00,0.00,0.00,0.00,0.00,0.00,0.00,0.00,0.00,0.00,0.00,0.00,0.00,0.00,0.00,0.00,0.00,0.00,0.00,0.00,0.00,0.00,39.04,30.92,1.53,0.85,3.24,2.96,12.40,11.96,0.00,0.00,2.30,0.00,0.51,2.02,0.00,0.00,0.93,1.09,0.81,2.42,0.00,0.00,0.00,0.00,0.00,9.95,0.00,0.00,0.00,0.00,0.00,0.00,29.85,0.00,0.00,0.00,0.00,2.60,0.00,0.00,0.00,0.00,0.00,0.00,0.00,0.00,0.00,0.00,0.00,0.00,0.00,0.00,0.00,0.00,0.00,0.00,0.00,0.00,0.00,0.00,0.00,0.00,0.00,0.00,0.00,0.00,0.00,0.00,0.00,0.00,29.85,0.00,0.00,0.00,0.00,0.00,0.00,0.00,0.00,0.00,0.00,0.00,0.00,0.00,0.00,0.00,0.00,0.00,0.00,0.00,29.85,0.00,0.00,29.85,0.00,0.00,0.00,0.00,0.00,0.00,0.00,0.00,0.00,0.00,0.00,0.00,0.00,0.00,0.00,0.00,0.00,0.00,0.00,0.00,0.00,0.00,0.00,0.00,0.00,0.00,0.00,0.00,0.00,0.00,0.00,0.00,0.00,0.00,0.00,0.00,0.00,0.00,0.00,0.00,0.00,0.00,0.00,0.12,0.36,1.61,0.00,0.00,0.00,0.00,0.00,0.00,0.62,1.07,0.41,2.87,3.08,3.42,4.18,0.00,0.00,3.32,2.63,3.66,3.30,2.49,0.00,0.00,0.92,0.00,0.00,0.50,0.50,0.50,1.07,2.10,11.48,11.94,1.23,0.53,0.00,0.00,0.00,0.00,0.47,0.00,0.78,1.00,0.00,0.95,0.68,0.00,0.00,3.51,4.64,0.00,0.00,0.00,0.00,0.92,1.10,0.00,0.00,0.00,0.00,0.00,0.00,3.32,2.30,0.45,0.46,2.11,1.87,0.98,1.40,0.00,0.00,3.44,0.00,0.00,0.00,0.00,0.00,0.00,0.00,0.00,0.00,0.00,0.00
12650.5,-2.000,7.000,0.000,0.000,0.000,0,0,0.851,0,0.281,0.347,0.182,0.430,0.774,0.00,1.28,1.30,12.44,12.44,6.63,4.62,12.79,0.00,6.30,3.21,0.80,0.78,1.80,1.99,0.14,0.13,1.42,0.00,1.29,1.38,0.00,0.00,2.49,4.98,0.00,0.00,0.40,0.40,1.96,1.65,2.36,0.77,2.31,1.82,0.00,0.00,0.00,0.00,0.00,1.42,0.00,5.97,1.49,0.00,0.00,0.00,0.00,0.00,0.00,0.00,0.00,0.00,0.00,0.00,0.00,0.00,0.00,0.00,0.00,0.00,0.00,0.00,0.00,0.00,0.00,0.00,0.00,0.00,0.00,0.00,0.00,0.00,0.00,0.00,0.00,0.00,0.00,0.00,0.00,0.00,0.00,0.00,0.00,0.00,0.00,0.00,0.00,0.00,0.00,0.00,0.00,0.00,0.00,0.00,37.09,31.64,0.77,1.71,2.76,2.93,12.63,12.09,0.00,0.00,0.00,0.00,1.01,0.00,0.00,0.00,1.39,0.79,0.00,0.00,0.00,0.00,0.00,0.00,0.00,0.00,0.00,0.00,0.00,0.00,0.00,0.00,0.00,29.85,0.00,0.00,0.00,0.00,0.00,0.00,0.00,0.00,0.00,0.00,0.00,0.00,0.00,0.00,0.00,0.00,0.00,0.00,0.00,0.00,0.00,0.00,0.00,0.00,0.00,0.00,119.40,89.55,29.85,29.85,14.93,29.85,0.00,0.00,0.00,0.00,0.00,0.00,0.00,0.00,0.00,0.00,0.00,0.00,0.00,0.00,0.00,29.85,0.00,0.00,0.00,0.00,0.00,0.00,59.70,0.00,89.55,29.85,0.00,59.70,39.80,0.00,0.00,0.00,0.00,0.00,0.00,29.85,29.85,0.00,0.00,0.00,0.00,0.00,0.00,0.00,0.00,0.00,0.00,0.00,0.00,0.00,0.00,0.00,0.00,0.00,0.00,0.00,0.00,0.00,0.00,0.00,0.00,0.00,0.00,0.00,0.00,0.00,0.00,0.00,0.00,0.00,0.00,0.12,0.24,0.00,0.00,0.00,0.00,0.00,0.00,1.59,0.00,1.07,0.82,3.09,3.23,2.63,2.65,9.95,0.00,3.51,3.18,4.06,3.12,0.00,4.59,0.00,0.46,0.00,1.00,0.00,0.00,0.00,0.71,1.26,2.30,2.99,0.62,0.79,0.00,0.00,0.00,0.00,0.47,0.00,0.70,0.73,0.00,0.32,1.01,0.00,0.00,1.32,0.00,0.00,0.00,0.00,5.97,0.96,0.82,0.00,0.00,0.00,0.00,0.00,0.00,1.11,0.00,1.36,0.46,0.35,0.31,0.49,0.70,1.29,0.79,0.00,0.00,0.00,0.00,0.00,0.00,0.00,0.00,0.00,0.00,0.00,0.00
12750.5,-2.000,7.000,0.000,0.000,0.000,0,0,0.851,0,0.205,0.207,0.201,0.441,0.316,0.00,1.42,1.60,12.44,7.46,3.87,5.05,12.79,4.26,4.73,3.30,0.87,0.99,1.44,1.63,0.14,0.11,1.42,2.84,0.59,1.04,0.00,0.00,4.35,9.33,0.00,0.00,1.19,0.80,1.92,1.93,0.00,3.06,3.10,2.15,0.00,0.00,0.00,0.00,0.00,1.42,0.00,0.00,0.00,0.00,0.00,0.00,0.00,0.00,0.00,0.00,0.00,0.00,0.00,0.00,0.00,0.00,0.00,0.00,0.00,0.00,0.00,0.00,0.00,0.00,0.00,0.00,0.00,0.00,0.00,0.00,0.00,0.00,0.00,0.00,0.00,0.00,0.00,0.00,0.00,0.00,0.00,0.00,0.00,0.00,0.01,0.01,0.00,0.00,0.00,0.00,0.00,0.00,0.00,0.00,38.51,30.57,0.77,2.56,3.20,3.00,11.72,11.70,7.46,0.00,0.00,0.00,0.00,1.01,0.00,0.00,0.46,0.69,0.00,0.00,0.00,3.73,0.00,0.00,0.00,0.00,0.00,0.00,0.00,0.00,0.00,0.00,0.00,0.00,0.00,0.00,2.49,2.60,0.00,0.00,0.00,0.00,0.00,0.00,0.00,0.00,0.00,0.00,0.00,0.00,0.00,0.00,0.00,0.00,0.00,0.00,0.00,0.00,0.00,0.00,0.00,0.00,0.00,0.00,0.00,0.00,0.00,0.00,0.00,0.00,0.00,0.00,0.00,0.00,0.00,0.00,0.00,0.00,0.00,0.00,0.00,14.93,59.70,29.85,0.00,0.00,0.00,0.00,29.85,0.00,59.70,0.00,0.00,29.85,0.00,0.00,0.00,0.00,0.00,0.00,0.00,0.00,0.00,0.00,0.00,0.00,0.00,0.00,0.00,0.00,0.00,0.00,0.00,0.00,0.00,0.00,0.00,0.00,0.00,0.00,0.00,0.00,0.00,0.00,0.00,0.00,0.00,0.00,0.00,0.00,0.00,0.00,0.00,0.00,0.00,0.00,0.00,1.06,1.70,1.61,0.93,0.00,0.00,0.00,0.00,0.00,0.92,1.78,1.03,2.77,2.68,3.68,3.21,0.00,0.00,3.64,3.25,3.25,3.82,2.49,0.00,0.00,0.00,0.00,0.00,0.00,1.00,0.00,1.07,0.63,0.00,17.91,1.54,1.32,0.00,0.00,0.00,1.07,0.95,0.98,0.76,0.89,0.00,0.51,0.79,0.00,0.00,2.63,1.99,0.00,0.00,0.00,0.00,0.80,1.07,0.00,0.00,0.00,0.00,0.00,0.00,1.11,1.15,0.68,0.46,1.05,0.62,0.98,1.76,1.54,0.79,1.15,1.15,0.00,0.00,0.00,0.00,0.00,0.00,0.00,0.00,0.00,0.00
12850.5,-2.000,7.000,0.000,0.000,0.000,0,0,0.851,0,0.325,0.388,0.232,0.456,0.265,2.13,1.57,1.03,7.46,9.95,5.80,4.76,21.32,0.00,6.74,3.30,1.14,1.08,2.52,1.81,0.13,0.03,2.84,1.42,1.29,1.27,0.00,0.00,4.35,4.35,0.00,0.00,0.80,0.40,1.89,1.74,1.57,1.53,3.15,3.70,0.00,0.00,0.00,9.95,0.00,1.42,0.00,1.99,0.00,0.00,0.00,0.00,0.00,0.00,0.00,0.00,0.00,0.00,0.00,0.00,0.00,0.00,0.00,0.00,0.00,0.00,0.00,0.00,0.00,0.00,0.00,0.00,0.00,0.00,0.00,0.00,0.00,0.00,0.00,0.00,0.00,0.00,0.00,0.00,0.00,0.00,0.00,0.00,0.00,0.00,0.00,0.00,0.00,0.00,0.00,0.00,0.00,0.00,0.00,0.00,39.74,25.74,0.00,1.71,2.93,2.84,13.23,12.44,0.00,0.00,0.00,0.00,2.53,0.51,0.00,0.00,1.08,1.09,0.81,0.81,0.00,0.00,0.00,0.00,0.00,0.00,0.00,29.85,0.00,0.00,0.00,0.00,29.85,29.85,0.00,0.00,1.24,2.60,0.00,0.00,0.00,0.00,0.00,0.00,0.00,0.00,0.00,0.00,0.00,0.00,0.00,0.00,0.00,0.00,0.00,0.00,14.93,29.85,0.00,0.00,0.00,0.00,0.00,0.00,0.00,0.00,0.00,0.00,0.00,0.00,29.85,0.00,0.00,0.00,0.00,0.00,0.00,0.00,0.00,0.00,0.00,0.00,29.85,0.00,0.00,0.00,0.00,0.00,0.00,0.00,29.85,0.00,29.85,0.00,0.00,0.00,0.00,0.00,0.00,0.00,0.00,0.00,0.00,0.00,0.00,0.00,0.00,0.00,0.00,0.00,0.00,0.00,0.00,0.00,0.00,0.00,0.00,0.00,0.00,0.00,0.00,0.00,0.00,0.00,0.00,0.00,0.00,0.00,0.00,0.00,0.00,0.00,0.00,0.00,0.00,0.00,0.00,0.59,0.85,0.00,0.00,0.00,0.00,0.00,0.00,0.00,0.31,1.19,1.03,2.94,2.79,2.37,3.07,0.00,0.00,2.87,2.83,2.44,1.56,0.00,0.00,0.00,0.00,0.00,0.00,1.00,0.50,0.00,1.07,1.05,18.37,20.90,1.23,0.53,0.00,0.00,4.98,0.00,1.42,2.45,0.76,0.91,0.00,0.51,0.68,0.00,0.00,3.95,3.98,0.00,0.00,3.32,0.00,1.02,1.07,0.00,0.00,0.00,0.00,0.00,0.00,0.00,0.00,1.13,1.16,0.70,1.55,1.47,1.05,2.32,0.52,2.30,2.30,0.00,0.00,0.00,0.00,0.00,0.00,0.00,0.00,0.00,0.00
12950.5,-2.000,7.000,0.000,0.000,0.000,0,0,0.852,0,0.429,0.414,0.452,0.390,0.511,0.00,1.32,1.13,7.46,12.44,4.70,3.92,21.32,0.00,6.22,2.95,0.80,1.29,0.90,1.63,0.16,0.14,0.00,2.84,0.82,1.15,0.00,0.00,6.22,7.46,0.00,0.00,1.59,0.80,2.12,1.84,1.57,0.77,3.98,3.32,0.00,0.00,0.00,0.00,1.42,1.42,2.30,3.98,0.00,0.00,0.00,0.00,0.00,0.00,0.00,0.00,0.00,0.00,0.00,0.00,0.00,0.00,0.00,0.00,0.00,0.00,0.00,0.00,0.00,0.00,0.00,0.00,0.00,0.00,0.00,0.00,0.00,0.00,0.00,0.00,0.00,0.00,0.00,0.00,0.00,0.00,0.00,0.00,0.00,0.00,0.00,0.00,0.00,0.00,0.00,0.00,0.00,0.00,0.00,0.00,39.92,28.60,1.53,1.71,3.07,2.66,12.74,11.80,0.00,0.00,0.00,1.87,0.00,0.51,0.00,0.00,1.24,1.09,0.81,0.81,0.00,0.00,0.00,0.00,9.95,0.00,0.00,0.00,0.00,0.00,0.00,0.00,0.00,59.70,0.00,0.00,2.49,3.89,0.00,0.00,0.00,0.00,0.00,0.00,0.00,0.00,0.00,0.00,0.00,0.00,0.00,0.00,0.00,0.00,0.00,0.00,0.00,0.00,0.00,14.93,89.55,89.55,0.00,29.85,0.00,0.00,0.00,0.00,0.00,0.00,29.85,0.00,0.00,0.00,0.00,0.00,0.00,0.00,0.00,0.00,0.00,89.55,59.70,89.55,0.00,0.00,29.85,0.00,89.55,14.93,89.55,59.70,119.40,119.40,59.70,0.00,0.00,0.00,0.00,0.00,0.00,0.00,29.85,0.00,0.00,0.00,0.00,0.00,0.00,0.00,0.00,0.00,0.00,0.00,0.00,0.00,0.00,0.00,0.00,0.00,0.00,0.00,0.00,0.00,0.00,0.00,0.00,0.00,0.00,0.00,0.00,0.00,0.00,0.00,0.00,0.00,0.00,0.24,0.73,0.00,0.00,0.00,0.00,0.00,0.00,0.80,1.23,1.78,1.74,2.84,3.10,3.55,3.35,4.98,0.00,3.70,3.25,4.06,3.30,0.00,0.00,0.00,2.76,0.45,0.00,1.49,0.50,1.99,0.36,0.42,20.67,41.79,0.62,1.06,4.26,0.00,0.00,1.07,0.47,0.49,1.12,1.12,0.00,0.76,0.45,0.00,0.00,3.51,3.32,0.00,4.26,0.00,5.97,1.27,1.21,0.00,0.00,0.00,0.00,0.00,0.00,0.00,0.00,0.23,1.62,0.35,0.93,3.91,2.81,1.03,1.05,1.15,1.15,0.00,0.00,0.00,0.00,0.00,0.00,0.00,0.00,0.00,0.00
13050.5,-2.000,7.000,0.000,0.000,0.000,0,0,0.852,0,0.250,0.260,0.233,0.256,1.000,2.13,1.28,0.83,9.95,12.44,6.36,5.19,12.79,0.00,7.18,3.73,0.84,0.68,1.26,1.99,0.14,0.02,1.42,1.42,1.87,1.27,0.00,0.00,3.11,4.35,0.00,0.00,0.80,1.19,2.13,1.72,4.71,1.53,3.05,1.82,0.00,0.00,0.00,0.00,0.00,0.00,0.00,0.00,0.00,0.00,0.00,0.00,0.00,0.00,0.00,0.00,0.00,0.00,0.00,0.00,0.00,0.00,0.00,0.00,0.00,0.00,0.00,0.00,0.00,0.00,0.00,0.00,0.25,0.00,0.00,0.00,0.00,0.00,0.00,0.00,0.00,0.00,0.00,0.00,0.00,0.00,0.00,0.00,0.00,0.00,0.00,0.00,0.00,0.00,0.00,0.00,0.00,0.00,0.00,0.00,42.04,30.57,0.77,3.41,3.18,2.93,12.95,11.70,0.00,0.00,2.30,1.87,1.01,0.51,0.00,0.00,0.93,1.09,0.81,0.81,0.00,3.73,0.00,0.00,0.00,0.00,0.00,0.00,0.00,0.00,0.00,0.00,0.00,29.85,0.00,0.00,0.00,0.00,0.00,0.00,0.00,0.00,0.00,0.00,0.00,0.00,0.00,0.00,0.00,0.00,0.00,0.00,0.00,0.00,0.00,0.00,0.00,0.00,29.85,14.93,59.70,89.55,0.00,29.85,0.00,0.00,0.00,0.00,0.00,0.00,29.85,0.00,0.00,0.00,0.00,0.00,0.00,0.00,0.00,0.00,0.00,0.00,0.00,29.85,0.00,0.00,0.00,29.85,0.00,0.00,0.00,0.00,0.00,0.00,39.80,0.00,0.00,0.00,0.00,0.00,0.00,0.00,0.00,0.00,0.00,0.00,0.00,0.00,0.00,0.00,0.00,0.00,0.00,0.00,0.00,0.00,0.00,0.00,0.00,0.00,0.00,0.00,0.00,0.00,0.00,0.00,0.00,0.00,0.00,0.00,0.00,0.00,0.00,0.00,0.00,0.00,0.00,0.47,0.12,0.00,0.00,0.00,0.00,0.00,0.00,0.00,0.31,0.59,0.72,2.91,2.73,2.50,2.93,0.00,0.00,2.68,2.07,3.05,3.99,0.00,0.00,0.00,0.92,0.00,0.50,0.00,0.00,0.00,0.36,0.84,0.00,0.00,1.54,0.79,0.00,0.00,9.95,1.07,1.42,0.00,0.80,0.50,14.93,0.95,0.73,0.00,0.00,4.39,2.65,0.00,0.00,3.32,0.00,0.88,0.94,0.00,0.00,0.00,0.00,0.00,0.00,0.00,0.00,1.13,0.46,2.11,0.62,2.45,0.70,1.29,1.31,1.15,1.15,0.00,0.00,0.00,0.00,0.00,0.00,0.00,0.00,0.00,0.00
13150.5,-2.000,7.000,0.000,0.000,0.000,0,0,0.853,0,0.195,0.096,0.344,0.427,0.589,2.13,1.39,1.26,9.95,9.95,4.84,4.91,12.79,0.00,5.34,3.90,0.70,1.18,2.34,2.71,0.14,0.11,1.42,2.84,1.87,1.61,0.00,0.00,7.46,6.84,0.00,0.00,1.19,1.59,2.45,1.81,1.57,1.53,3.24,3.09,0.00,0.00,9.95,0.00,0.00,0.00,2.30,0.00,1.49,1.57,0.00,0.00,0.00,0.00,0.00,0.00,0.00,0.00,0.00,0.00,0.00,0.00,0.00,0.00,0.00,0.00,0.00,0.00,0.00,0.00,0.00,0.00,0.00,0.00,0.00,0.00,0.00,0.00,0.00,0.00,0.00,0.00,0.00,0.00,0.00,0.00,0.00,0.00,0.00,0.00,0.00,0.00,0.00,0.00,0.00,0.00,0.00,0.00,0.00,0.00,42.74,29.31,1.53,0.85,2.65,3.49,12.82,12.49,7.46,0.00,2.30,3.73,0.00,1.01,0.00,0.00,1.08,0.89,0.81,2.42,0.00,0.00,0.00,0.00,0.00,0.00,0.00,0.00,0.00,0.00,0.00,0.00,29.85,29.85,0.00,0.00,1.24,0.00,0.00,0.00,0.00,0.00,0.00,0.00,0.00,0.00,0.00,0.00,0.00,0.00,0.00,0.00,0.00,0.00,0.00,0.00,14.93,0.00,0.00,0.00,0.00,0.00,0.00,0.00,59.70,44.78,0.00,29.85,0.00,0.00,59.70,0.00,0.00,0.00,0.00,0.00,0.00,0.00,0.00,0.00,0.00,44.78,0.00,29.85,0.00,0.00,0.00,29.85,74.63,0.00,59.70,0.00,0.00,0.00,0.00,0.00,0.00,0.00,0.00,0.00,0.00,0.00,0.00,0.00,0.00,0.00,0.00,0.00,0.00,0.00,0.00,0.00,0.00,0.00,0.00,0.00,0.00,0.00,0.00,0.00,0.00,0.00,0.00,0.00,0.00,0.00,0.00,0.00,0.00,0.00,0.00,0.00,0.00,0.00,0.00,0.00,0.00,0.59,0.36,0.00,0.00,0.00,0.00,0.00,0.00,0.00,0.00,1.66,1.23,2.58,3.01,2.89,2.65,0.00,0.00,2.49,2.49,2.84,3.47,0.00,0.00,0.00,0.00,0.00,0.00,1.00,0.00,0.50,0.36,0.63,0.00,0.00,1.23,0.79,0.00,0.00,0.00,1.07,1.42,0.49,0.89,0.77,0.00,0.76,0.45,0.00,0.00,3.07,1.99,0.00,4.26,0.00,0.00,0.98,0.98,0.00,0.00,0.00,0.00,0.00,0.00,3.32,1.15,0.90,0.93,1.76,1.87,0.00,0.70,1.54,1.57,2.30,1.15,0.00,0.00,0.00,0.00,0.00,0.00,0.00,0.00,0.00,0.00
13250.5,-2.000,7.000,0.000,0.000,0.000,0,0,0.853,0,0.083,0.065,0.112,0.377,1.000,0.00,1.18,0.90,4.98,9.95,5.11,4.48,12.79,0.00,6.04,3.64,0.91,0.89,1.44,0.90,0.19,0.08,2.84,1.42,1.17,1.04,0.00,0.00,4.35,5.60,0.00,0.00,0.40,0.00,1.95,1.76,1.57,2.30,2.64,2.34,0.00,0.00,0.00,0.00,1.42,0.00,0.00,1.99,1.49,0.00,0.00,0.00,0.00,0.00,0.00,0.00,0.00,0.00,0.00,0.00,0.00,0.00,0.00,0.00,0.00,0.00,0.00,0.00,0.00,0.00,0.00,0.00,0.00,0.00,0.00,0.00,0.00,0.00,0.00,0.00,0.00,0.00,0.00,0.00,0.00,0.00,0.00,0.00,0.00,0.00,0.00,0.00,0.00,0.00,0.00,0.00,0.00,0.00,0.00,0.00,40.27,27.71,0.77,1.71,2.78,3.00,12.76,11.86,7.46,0.00,2.30,0.00,1.01,1.52,0.00,0.00,1.70,0.59,0.00,0.00,0.00,0.00,0.00,0.00,0.00,0.00,0.00,0.00,0.00,0.00,0.00,0.00,0.00,29.85,0.00,0.00,1.24,0.00,0.00,0.00,0.00,0.00,0.00,0.00,0.00,0.00,0.00,0.00,0.00,0.00,0.00,0.00,0.00,0.00,0.00,0.00,0.00,0.00,0.00,0.00,89.55,119.40,59.70,0.00,119.40,149.25,29.85,0.00,0.00,0.00,29.85,0.00,0.00,0.00,0.00,0.00,0.00,0.00,0.00,0.00,0.00,0.00,0.00,0.00,0.00,0.00,0.00,0.00,0.00,0.00,29.85,29.85,0.00,0.00,0.00,29.85,29.85,0.00,0.00,0.00,0.00,29.85,0.00,0.00,0.00,0.00,0.00,0.00,0.00,0.00,0.00,0.00,0.00,0.00,0.00,0.00,0.00,0.00,0.00,0.00,0.00,0.00,0.00,0.00,0.00,0.00,0.00,0.00,0.00,0.00,0.00,0.00,0.00,0.00,0.00,0.00,0.00,0.12,0.49,0.00,0.00,0.00,0.00,0.00,0.00,0.40,0.92,1.07,1.03,3.02,2.60,2.76,2.93,0.00,4.98,2.55,2.90,2.84,2.95,0.00,0.00,0.00,0.00,0.00,0.50,0.00,0.50,1.00,0.71,1.05,0.00,0.00,1.85,0.53,0.00,0.00,0.00,1.07,0.47,0.49,0.91,0.64,0.00,0.57,0.45,0.00,0.00,2.19,2.65,3.73,0.00,0.00,0.00,0.92,1.11,0.00,0.00,0.00,14.93,0.00,0.00,0.00,1.15,0.90,0.46,1.40,1.24,0.49,2.11,0.51,1.05,1.15,0.00,0.00,0.00,0.00,0.00,0.00,0.00,0.00,0.00,0.00,0.00
13350.5,-2.000,7.000,0.000,0.000,0.000,0,0,0.853,0,0.203,0.176,0.245,0.360,1.000,0.00,1.35,1.30,14.93,9.95,5.53,4.62,12.79,0.00,5.87,3.30,0.80,0.80,2.16,1.27,0.15,0.08,1.42,1.42,1.64,0.69,0.00,0.00,4.35,6.22,0.00,0.00,1.99,1.19,1.97,1.89,0.79,1.53,2.96,3.60,0.00,0.00,0.00,0.00,1.42,2.84,0.00,1.99,2.99,3.14,0.00,0.00,29.85,0.00,0.00,0.00,0.00,0.00,0.00,0.00,0.00,0.00,0.00,0.00,0.00,0.00,0.00,0.00,0.00,0.00,0.00,0.00,0.00,0.00,0.00,0.00,0.00,0.00,0.00,0.00,0.00,0.00,0.00,0.00,0.00,0.00,0.00,0.00,0.00,0.00,0.00,0.00,0.00,0.00,0.00,0.00,0.00,0.00,0.00,0.00,42.21,28.60,0.77,0.00,2.78,3.03,13.05,12.28,0.00,0.00,0.00,1.87,0.00,1.52,0.00,0.00,0.77,1.19,0.00,1.61,0.00,0.00,0.00,0.00,0.00,0.00,0.00,29.85,0.00,0.00,0.00,0.00,0.00,29.85,0.00,0.00,0.00,0.00,0.00,0.00,0.00,0.00,0.00,0.00,0.00,0.00,0.00,0.00,0.00,0.00,0.00,0.00,0.00,0.00,0.00,0.00,0.00,0.00,29.85,14.93,29.85,0.00,0.00,0.00,0.00,0.00,0.00,0.00,0.00,0.00,29.85,0.00,0.00,0.00,0.00,0.00,0.00,0.00,0.00,0.00,0.00,29.85,29.85,0.00,0.00,0.00,0.00,0.00,0.00,0.00,29.85,0.00,0.00,0.00,0.00,0.00,0.00,0.00,0.00,0.00,0.00,0.00,0.00,0.00,0.00,0.00,0.00,0.00,0.00,0.00,0.00,0.00,0.00,0.00,0.00,0.00,0.00,0.00,0.00,0.00,0.00,0.00,0.00,0.00,0.00,0.00,0.00,0.00,0.00,0.00,0.00,0.00,0.00,0.00,0.00,0.00,0.00,1.06,1.33,1.61,1.87,0.00,0.00,0.00,0.00,0.00,0.00,1.07,1.23,3.03,2.96,3.16,1.81,0.00,4.98,3.89,4.15,3.45,1.91,0.00,4.59,0.00,2.30,0.00,0.50,0.50,1.00,0.50,0.71,1.26,9.18,0.00,1.23,1.85,4.26,0.00,0.00,1.07,1.42,1.96,0.89,1.20,0.00,0.64,0.84,0.00,0.00,2.63,1.99,0.00,0.00,3.32,0.00,0.96,1.31,0.00,0.00,0.00,0.00,0.00,0.00,1.11,0.00,1.36,0.46,0.70,2.18,1.96,1.76,1.03,0.79,2.30,10.33,0.00,0.00,0.00,0.00,0.00,0.00,0.00,0.00,0.00,0.00
13450.5,-2.000,7.000,0.000,0.000,0.000,0,0,0.854,0,0.411,0.428,0.386,0.514,0.428,0.00,0.96,1.13,12.44,9.95,5.11,5.19,21.32,4.26,5.87,3.47,0.80,0.53,1.44,1.27,0.10,0.06,0.00,0.00,1.17,0.92,0.00,0.00,6.22,4.98,0.00,0.00,2.79,0.40,2.21,2.14,1.57,2.30,2.36,2.25,0.00,0.00,0.00,0.00,0.00,0.00,2.30,0.00,1.49,0.00,0.00,0.00,0.00,0.00,0.00,0.00,0.00,0.00,0.00,0.00,0.00,0.00,0.00,0.00,0.00,0.00,0.00,0.00,0.00,0.00,0.00,0.00,0.00,0.00,0.00,0.00,0.00,0.00,0.00,0.00,0.00,0.00,0.00,0.00,0.00,0.00,0.00,0.00,0.00,0.00,0.00,0.00,0.00,0.00,0.00,0.00,0.00,0.00,0.00,0.00,41.16,29.49,0.00,0.00,2.43,3.00,13.05,11.70,0.00,0.00,0.00,3.73,2.02,1.01,0.00,0.00,0.62,0.99,0.81,0.00,0.00,7.46,0.00,0.00,0.00,0.00,0.00,0.00,0.00,0.00,0.00,0.00,0.00,29.85,0.00,0.00,0.00,0.00,0.00,0.00,0.00,0.00,0.00,0.00,0.00,0.00,0.00,0.00,0.00,0.00,0.00,0.00,0.00,0.00,0.00,0.00,0.00,0.00,0.00,0.00,0.00,0.00,0.00,0.00,29.85,29.85,0.00,0.00,0.00,0.00,0.00,0.00,0.00,0.00,0.00,0.00,0.00,0.00,0.00,0.00,0.00,29.85,0.00,0.00,0.00,0.00,0.00,29.85,29.85,0.00,59.70,29.85,29.85,29.85,0.00,0.00,0.00,0.00,0.00,0.00,0.00,29.85,29.85,0.00,0.00,0.00,0.00,0.00,0.00,0.00,0.00,0.00,0.00,0.00,0.00,0.00,0.00,0.00,0.00,0.00,0.00,0.00,0.00,0.00,0.00,0.00,0.00,0.00,0.00,0.00,0.00,0.00,0.00,0.00,0.00,0.00,0.00,0.24,0.49,0.00,0.00,0.00,0.00,0.00,0.00,0.80,0.31,0.59,1.13,2.96,3.27,2.24,3.21,0.00,0.00,3.19,2.69,2.44,2.78,0.00,0.00,0.00,0.00,0.00,0.00,0.00,0.50,1.00,1.78,1.05,0.00,0.00,0.62,1.06,0.00,0.00,0.00,1.07,0.47,0.00,0.57,0.62,0.00,0.76,0.79,29.85,0.00,3.95,2.65,0.00,0.00,0.00,0.00,0.95,0.88,0.00,0.00,0.00,0.00,0.00,0.00,2.21,0.00,0.23,1.39,1.76,0.31,0.00,0.35,0.00,1.05,0.00,0.00,0.00,0.00,0.00,0.00,0.00,0.00,0.00,0.00,0.00,0.00
13550.5,-2.000,7.000,0.000,0.000,0.000,0,0,0.854,0,0.411,0.400,0.426,0.381,0.450,0.00,1.42,1.26,12.44,12.44,5.25,4.48,21.32,0.00,7.27,3.56,0.76,0.95,1.26,2.71,0.12,0.07,1.42,2.84,1.05,0.46,0.00,0.00,4.35,3.11,0.00,0.00,0.00,0.00,2.43,2.12,0.79,3.06,3.79,2.57,0.00,0.00,0.00,0.00,1.42,0.00,0.00,0.00,0.00,0.00,0.00,0.00,0.00,0.00,0.00,0.00,0.00,0.00,0.00,0.00,0.00,0.00,0.00,0.00,0.00,0.00,0.00,0.00,0.00,0.00,0.00,0.00,0.00,0.00,0.00,0.00,0.00,0.00,0.00,0.00,0.00,0.00,0.00,0.00,0.00,0.00,0.00,0.00,0.00,0.00,0.00,0.00,0.00,0.00,0.00,0.00,0.00,0.00,0.00,0.00,42.39,30.39,3.83,0.00,2.67,2.93,12.63,12.33,0.00,0.00,2.30,0.00,1.01,1.01,0.00,0.00,1.70,0.49,0.81,0.81,0.00,0.00,0.00,0.00,0.00,0.00,0.00,0.00,0.00,0.00,0.00,0.00,0.00,29.85,0.00,0.00,4.98,1.30,0.00,0.00,0.00,0.00,0.00,0.00,0.00,0.00,0.00,0.00,0.00,0.00,0.00,0.00,0.00,0.00,0.00,0.00,0.00,0.00,0.00,0.00,0.00,0.00,0.00,0.00,0.00,0.00,0.00,0.00,0.00,0.00,0.00,0.00,0.00,0.00,0.00,0.00,0.00,0.00,0.00,0.00,0.00,29.85,89.55,89.55,0.00,0.00,29.85,29.85,104.48,0.00,89.55,29.85,89.55,89.55,0.00,0.00,0.00,0.00,0.00,0.00,0.00,0.00,29.85,0.00,0.00,0.00,0.00,0.00,0.00,0.00,0.00,0.00,0.00,0.00,0.00,0.00,0.00,0.00,0.00,0.00,0.00,0.00,0.00,0.00,0.00,0.00,0.00,0.00,0.00,0.00,0.00,0.00,0.00,0.00,0.00,0.00,0.00,0.35,0.24,0.00,0.00,0.00,0.00,0.00,0.00,0.40,1.85,0.95,0.92,3.02,3.31,3.68,2.51,0.00,0.00,2.81,3.32,2.64,2.43,0.00,0.00,14.93,1.84,0.00,1.00,0.50,0.50,0.00,1.42,0.21,16.07,11.94,0.00,1.06,0.00,0.00,0.00,0.00,0.47,0.49,0.97,1.08,0.00,0.76,0.56,0.00,0.00,1.76,1.33,0.00,0.00,0.00,0.00,1.06,1.00,0.00,0.00,0.00,0.00,0.00,0.00,0.00,1.15,0.68,0.69,1.40,1.87,0.98,1.40,1.29,0.52,1.15,0.00,0.00,0.00,0.00,0.00,0.00,0.00,0.00,0.00,0.00,0.00
13650.5,-2.000,7.000,0.000,0.000,0.000,0,0,0.855,0,0.396,0.454,0.308,0.366,1.000,4.26,1.32,1.26,12.44,9.95,4.01,4.76,4.26,0.00,5.16,2.43,0.97,0.95,2.16,1.45,0.19,0.10,2.84,4.26,1.17,1.38,0.00,0.00,3.11,3.73,0.00,0.00,2.79,1.99,1.71,1.98,0.79,3.06,2.78,2.01,0.00,0.00,0.00,0.00,2.84,0.00,0.00,0.00,0.00,0.00,0.00,0.00,0.00,0.00,0.00,0.00,0.00,0.00,0.00,0.00,0.00,0.00,0.00,0.00,0.00,0.00,0.00,0.00,0.00,0.00,0.00,0.00,0.00,0.00,0.00,0.00,0.00,0.00,0.00,0.00,0.00,0.00,0.00,0.00,0.00,0.00,0.00,0.00,0.00,0.00,0.00,0.00,0.00,0.00,0.00,0.00,0.00,0.00,0.00,0.00,42.92,27.71,0.77,2.56,3.13,2.75,12.82,12.44,0.00,0.00,0.00,0.00,0.00,0.51,0.00,0.00,1.24,1.09,0.81,0.81,0.00,0.00,0.00,0.00,0.00,0.00,0.00,0.00,0.00,0.00,0.00,0.00,0.00,29.85,0.00,0.00,4.98,3.89,0.00,0.00,0.00,0.00,0.00,0.00,0.00,0.00,0.00,0.00,0.00,0.00,0.00,0.00,0.00,0.00,0.00,0.00,0.00,0.00,89.55,104.48,179.10,179.10,89.55,119.40,0.00,0.00,0.00,0.00,0.00,0.00,29.85,0.00,0.00,0.00,0.00,0.00,0.00,0.00,0.00,0.00,0.00,14.93,0.00,0.00,0.00,0.00,0.00,0.00,29.85,0.00,29.85,0.00,29.85,29.85,99.50,0.00,0.00,0.00,0.00,0.00,0.00,29.85,0.00,0.00,0.00,0.00,0.00,0.00,0.00,0.00,0.00,0.00,0.00,0.00,0.00,0.00,0.00,0.00,0.00,0.00,0.00,0.00,0.00,0.00,0.00,0.00,0.00,0.00,0.00,0.00,0.00,0.00,0.00,0.00,0.00,0.00,0.00,0.00,0.24,0.00,0.00,0.00,0.00,0.00,0.00,0.00,0.00,1.55,0.72,2.81,2.96,2.24,2.23,0.00,0.00,2.68,2.49,3.25,3.12,0.00,2.30,0.00,0.46,1.36,0.00,0.00,0.50,0.00,1.07,1.26,0.00,5.97,0.62,0.53,0.00,4.26,0.00,1.07,1.90,1.47,1.03,0.58,0.00,0.70,0.68,0.00,0.00,4.39,3.32,0.00,0.00,0.00,2.99,1.10,0.92,0.00,0.00,0.00,0.00,0.00,0.00,0.00,0.00,1.81,1.39,1.05,1.55,0.98,1.40,1.29,0.52,3.44,0.00,0.00,0.00,0.00,0.00,0.00,0.00,0.00,0.00,0.00,0.00
13750.5,-2.000,7.000,0.000,0.000,0.000,0,0,0.855,0,0.245,0.261,0.222,0.279,0.358,2.13,1.53,0.96,9.95,9.95,6.08,4.06,12.79,8.53,6.65,4.34,0.93,0.95,2.52,1.45,0.15,0.16,1.42,2.84,1.17,1.27,0.00,0.00,3.11,7.46,0.00,0.00,0.40,2.39,1.83,1.59,4.71,3.06,2.13,1.59,0.00,0.00,0.00,0.00,4.26,1.42,2.30,1.99,0.00,0.00,0.00,0.00,0.00,0.00,0.00,0.00,0.00,0.00,0.00,0.00,0.00,0.00,0.00,0.00,0.00,0.00,0.00,0.00,0.00,0.00,0.00,0.00,0.00,0.00,0.00,0.00,0.00,0.00,0.00,0.00,0.00,0.00,0.00,0.00,0.00,0.00,0.00,0.00,0.00,0.00,0.00,0.00,0.00,0.00,0.00,0.00,0.00,0.00,0.00,0.00,39.04,29.31,0.00,0.00,2.78,3.10,13.08,11.36,0.00,14.93,2.30,3.73,0.51,0.51,0.00,0.00,0.62,0.69,0.81,1.61,0.00,3.73,0.00,0.00,0.00,0.00,0.00,0.00,0.00,0.00,0.00,0.00,0.00,0.00,0.00,0.00,1.24,0.00,0.00,0.00,0.00,0.00,0.00,0.00,0.00,0.00,0.00,0.00,0.00,0.00,0.00,0.00,0.00,0.00,0.00,0.00,0.00,0.00,0.00,0.00,0.00,0.00,0.00,0.00,0.00,0.00,0.00,0.00,0.00,0.00,29.85,0.00,0.00,0.00,0.00,0.00,0.00,0.00,0.00,0.00,0.00,0.00,0.00,0.00,0.00,0.00,0.00,0.00,0.00,0.00,0.00,0.00,0.00,0.00,0.00,0.00,0.00,0.00,0.00,0.00,0.00,0.00,0.00,0.00,0.00,0.00,0.00,0.00,0.00,0.00,0.00,0.00,0.00,0.00,0.00,0.00,0.00,0.00,0.00,0.00,0.00,0.00,0.00,0.00,0.00,0.00,0.00,0.00,0.00,0.00,0.00,0.00,0.00,0.00,0.00,0.00,0.00,0.24,0.24,0.00,0.00,0.00,0.00,0.00,0.00,1.19,0.92,1.19,0.72,2.67,3.00,2.89,2.09,0.00,0.00,2.74,2.90,3.66,1.91,0.00,0.00,0.00,0.00,0.45,0.00,0.00,0.00,0.00,1.07,0.63,2.30,0.00,0.92,0.53,0.00,8.53,0.00,3.20,0.47,0.49,0.59,0.68,0.00,0.38,0.68,0.00,0.00,3.07,2.65,0.00,0.00,0.00,0.00,1.08,0.93,0.00,0.00,0.00,0.00,0.00,0.00,2.21,3.44,0.45,0.46,0.70,0.62,0.98,0.35,2.06,1.05,0.00,0.00,0.00,0.00,0.00,0.00,0.00,0.00,0.00,0.00,0.00,0.00
13850.5,-2.000,7.000,0.000,0.000,0.000,0,0,0.855,0,0.373,0.367,0.383,0.365,0.203,0.00,1.32,1.10,9.95,9.95,4.42,3.92,17.06,4.26,6.57,2.86,0.84,0.87,2.16,2.53,0.16,0.14,1.42,2.84,1.76,0.58,0.00,0.00,2.49,6.22,0.00,0.00,1.19,0.40,1.82,1.60,1.57,1.53,2.96,2.11,0.00,0.00,0.00,0.00,0.00,0.00,0.00,0.00,1.49,1.57,0.00,0.00,0.00,0.00,0.00,0.00,0.00,0.00,0.00,0.00,0.00,0.00,0.00,0.00,0.00,0.00,0.00,0.00,0.00,0.00,0.00,0.00,0.00,0.00,0.00,0.00,0.00,0.00,0.00,0.00,0.00,0.00,0.00,0.00,0.00,0.00,0.00,0.00,0.00,0.00,0.00,0.00,0.00,0.00,0.00,0.00,0.00,0.00,0.00,0.00,39.57,29.31,0.00,1.71,3.22,2.80,12.50,12.28,0.00,0.00,2.30,0.00,1.01,0.51,0.00,0.00,0.93,0.89,2.42,0.00,0.00,3.73,0.00,0.00,0.00,0.00,0.00,0.00,0.00,0.00,0.00,0.00,29.85,29.85,0.00,0.00,1.24,0.00,0.00,0.00,0.00,0.00,0.00,0.00,0.00,0.00,0.00,0.00,0.00,0.00,0.00,0.00,0.00,0.00,0.00,0.00,0.00,0.00,0.00,0.00,0.00,0.00,0.00,0.00,0.00,0.00,0.00,0.00,0.00,0.00,29.85,0.00,0.00,0.00,0.00,0.00,0.00,0.00,0.00,0.00,0.00,29.85,59.70,59.70,0.00,0.00,29.85,29.85,14.93,0.00,59.70,0.00,0.00,59.70,0.00,0.00,0.00,0.00,0.00,0.00,0.00,0.00,0.00,0.00,0.00,0.00,0.00,0.00,0.00,0.00,0.00,0.00,0.00,0.00,0.00,0.00,0.00,0.00,0.00,0.00,0.00,0.00,0.00,0.00,0.00,0.00,0.00,0.00,0.00,0.00,0.00,0.00,0.00,0.00,0.00,0.00,0.00,0.47,0.36,0.00,0.00,0.00,0.00,0.00,0.00,0.80,0.00,1.66,1.33,2.74,3.00,3.02,3.63,0.00,0.00,2.55,3.32,2.23,2.95,2.49,0.00,0.00,0.00,0.90,0.50,1.00,3.48,3.98,0.36,1.05,0.00,0.00,0.92,0.53,0.00,4.26,0.00,0.00,1.90,1.47,0.97,0.93,0.00,0.95,0.51,0.00,14.93,3.07,3.98,0.00,0.00,3.32,0.00,1.01,0.92,0.00,0.00,0.00,0.00,0.00,0.00,0.00,1.15,1.13,1.16,1.76,0.62,0.98,2.11,0.26,1.57,1.15,0.00,0.00,0.00,0.00,0.00,0.00,0.00,0.00,0.00,0.00,0.00
13950.5,-2.000,7.000,0.000,0.000,0.000,0,0,0.856,0,0.154,0.153,0.156,0.162,0.161,4.26,1.67,1.53,7.46,9.95,4.28,5.05,8.53,0.00,6.13,3.12,0.89,0.63,1.44,1.27,0.10,0.14,0.00,0.00,0.82,0.81,0.00,0.00,4.35,7.46,0.00,0.00,1.59,0.40,1.72,1.63,4.71,3.06,1.99,2.76,0.00,0.00,0.00,9.95,0.00,0.00,0.00,1.99,1.49,0.00,0.00,0.00,0.00,0.00,0.00,0.00,0.00,0.00,0.00,0.00,0.00,0.00,0.00,0.00,0.00,0.00,0.00,0.00,0.00,0.00,0.00,0.00,0.00,0.00,0.00,0.00,0.00,0.00,0.00,0.00,0.00,0.00,0.00,0.00,0.00,0.00,0.00,0.00,0.00,0.00,0.00,0.00,0.00,0.00,0.00,0.00,0.00,0.00,0.00,0.00,36.74,29.49,0.77,0.00,2.61,3.05,12.69,11.83,0.00,0.00,0.00,0.00,2.02,3.54,0.00,0.00,1.08,0.30,0.81,0.81,0.00,0.00,0.00,0.00,0.00,0.00,0.00,0.00,0.00,0.00,0.00,0.00,29.85,29.85,0.00,0.00,0.00,0.00,0.00,0.00,0.00,0.00,0.00,0.00,0.00,0.00,0.00,0.00,0.00,0.00,0.00,0.00,0.00,0.00,0.00,0.00,0.00,0.00,0.00,0.00,0.00,0.00,0.00,0.00,0.00,0.00,0.00,0.00,0.00,0.00,0.00,0.00,0.00,0.00,0.00,0.00,0.00,0.00,0.00,0.00,0.00,0.00,0.00,0.00,0.00,0.00,0.00,0.00,0.00,0.00,0.00,0.00,0.00,0.00,0.00,0.00,0.00,0.00,0.00,0.00,0.00,0.00,0.00,0.00,0.00,0.00,0.00,0.00,0.00,0.00,0.00,0.00,0.00,0.00,0.00,0.00,0.00,0.00,0.00,0.00,0.00,0.00,0.00,0.00,0.00,0.00,0.00,0.00,0.00,0.00,0.00,0.00,0.00,0.00,0.00,0.00,0.00,0.24,0.49,1.61,0.00,0.00,0.00,0.00,0.00,0.80,0.00,0.83,1.13,2.91,2.83,2.50,4.32,0.00,0.00,3.44,2.97,4.06,2.78,0.00,0.00,0.00,0.46,0.00,0.00,0.00,0.50,0.00,1.07,0.84,0.00,0.00,1.54,0.79,0.00,0.00,0.00,0.00,0.00,1.47,0.93,0.56,0.00,1.08,0.51,0.00,0.00,3.51,4.64,0.00,4.26,0.00,2.99,0.94,1.18,0.00,0.00,29.85,0.00,0.00,0.00,1.11,0.00,1.36,0.69,0.70,1.87,3.43,2.11,1.03,0.26,2.30,4.59,0.00,0.00,0.00,0.00,0.00,0.00,0.00,0.00,0.00,0.00
