t_ms,x,z,yaw,speed,turn,airborne,feeding,hunger,opto_p9,proboscis,per_rostrum,per_haustellum,labellum_spread,pumping,:unannotated_L,ascending:AN_L,ascending:AN_R,central:ALIN_L,central:ALIN_R,central:ALLN_L,central:ALLN_R,central:ALON_L,central:ALON_R,central:ALPN_L,central:ALPN_R,central:CX_L,central:CX_R,central:DAN_L,central:DAN_R,central:Kenyon_Cell_L,central:Kenyon_Cell_R,central:LHCENT_L,central:LHCENT_R,central:LHLN_L,central:LHLN_R,central:MBIN_L,central:MBIN_R,central:MBON_L,central:MBON_R,central:TPN_L,central:TPN_R,central:TuBu_L,central:TuBu_R,central:central_L,central:central_R,central:mAL_L,central:mAL_R,descending:descending_L,descending:descending_R,descending:ocellar_L,descending:ocellar_R,endocrine:endocrine_L,endocrine:endocrine_R,endocrine:pars_intercerebralis_L,endocrine:pars_intercerebralis_R,endocrine:pars_lateralis_L,endocrine:pars_lateralis_R,motor:brain_motor_neuron_L,motor:brain_motor_neuron_R,motor:motor_L,motor:motor_R,motor:neck_motor_neuron_R,optic:LA>ME_L,optic:LA>ME_R,optic:LA_L,optic:LA_R,optic:LO.LOP_L,optic:LO.LOP_R,optic:LO>LOP_L,optic:LO>LOP_R,optic:LO>ME_L,optic:LO>ME_R,optic:LOP>LO.ME_L,optic:LOP>LO.ME_R,optic:LOP>LO_L,optic:LOP>LO_R,optic:LOP>ME.LO_L,optic:LOP>ME.LO_R,optic:LOP>ME_L,optic:LOP>ME_R,optic:LOP_L,optic:LOP_R,optic:LO_L,optic:LO_R,optic:ME.LO.LOP_L,optic:ME.LO.LOP_R,optic:ME.LOP_L,optic:ME.LOP_R,optic:ME.LO_L,optic:ME.LO_R,optic:ME>LA_L,optic:ME>LA_R,optic:ME>LO.LOP_L,optic:ME>LO.LOP_R,optic:ME>LOP.LO_L,optic:ME>LOP.LO_R,optic:ME>LOP_L,optic:ME>LO_L,optic:ME>LO_R,optic:ME_L,optic:ME_R,optic:bilateral_L,optic:bilateral_R,optic:ocellar_L,optic:ocellar_R,optic:optic_L,optic:optic_R,optic:optic_lobes_L,optic:optic_lobes_R,sensory:gustatory_L,sensory:gustatory_R,sensory:hygrosensory_L,sensory:hygrosensory_R,sensory:mechanosensory_L,sensory:mechanosensory_R,sensory:olfactory_L,sensory:olfactory_R,sensory:optic_lobes_L,sensory:sensory_L,sensory:thermosensory_L,sensory:thermosensory_R,sensory:unknown_sensory_L,sensory:unknown_sensory_R,sensory:visual_L,sensory:visual_R,sensory_ascending:AN_L,sensory_ascending:AN_R,sensory_ascending:gustatory_L,sensory_ascending:gustatory_R,sensory_ascending:unknown_sensory_L,sensory_ascending:unknown_sensory_R,type:APL_L,type:APL_R,type:CEM_L,type:CEM_R,type:DNa02_L,type:DNa02_R,type:DNp01_L,type:DNp01_R,type:DNp02_L,type:DNp02_R,type:DNp09_L,type:DNp09_R,type:DNp11_L,type:DNp11_R,type:EPG_L,type:EPG_R,type:L1_L,type:L1_R,type:L2_L,type:L2_R,type:L3_L,type:L3_R,type:L4_L,type:L4_R,type:L5_L,type:L5_R,type:LC4_L,type:LC4_R,type:LC6_L,type:LC6_R,type:LPLC1_L,type:LPLC1_R,type:LPLC2_L,type:LPLC2_R,type:MDN_L,type:MDN_R,type:MN10_L,type:MN10_R,type:MN11D_L,type:MN11D_R,type:MN11V_L,type:MN11V_R,type:MN12D_L,type:MN12D_R,type:MN13_L,type:MN13_R,type:MN1_L,type:MN1_R,type:MN2Da_L,type:MN2Da_R,type:MN2Db_L,type:MN2Db_R,type:MN2V_L,type:MN2V_R,type:MN3L_L,type:MN3L_R,type:MN3M_L,type:MN3M_R,type:MN4a_L,type:MN4a_R,type:MN4b_L,type:MN4b_R,type:MN5_L,type:MN5_R,type:MN6_L,type:MN6_R,type:MN7_L,type:MN7_R,type:MN8_L,type:MN8_R,type:MN9_L,type:MN9_R,type:MNx01_R,type:MNx02_L,type:MNx02_R,type:MNx03_L,type:MNx03_R,type:MNx04_L,type:MNx04_R,type:MNx05_L,type:MNx05_R,type:Mi1_L,type:Mi1_R,type:R1-6_L,type:R1-6_R,type:R7_L,type:R7_R,type:R8_L,type:R8_R,type:T4a_L,type:T4a_R,type:T4b_L,type:T4b_R,type:T4c_L,type:T4c_R,type:T4d_L,type:T4d_R,type:T5a_L,type:T5a_R,type:T5b_L,type:T5b_R,type:T5c_L,type:T5c_R,type:T5d_L,type:T5d_R,type:Tm1_L,type:Tm1_R,type:Tm2_L,type:Tm2_R,type:Tm3_L,type:Tm3_R,type:Tm9_L,type:Tm9_R,visual_centrifugal:ocellar_L,visual_centrifugal:ocellar_R,visual_centrifugal:visual_centrifugal_L,visual_centrifugal:visual_centrifugal_R,visual_projection:bilateral_L,visual_projection:bilateral_R,visual_projection:ocellar_L,visual_projection:ocellar_R,visual_projection:visual_projection_L,visual_projection:visual_projection_R,vnc:abdomen_motor_neuron_L,vnc:abdomen_motor_neuron_R,vnc:ascending_neuron_L,vnc:ascending_neuron_R,vnc:bristle_neuron_L,vnc:bristle_neuron_R,vnc:campaniform_sensillum_neuron_L,vnc:campaniform_sensillum_neuron_R,vnc:central_complex_output_neuron_L,vnc:central_complex_output_neuron_R,vnc:chordotonal_organ_neuron_L,vnc:chordotonal_organ_neuron_R,vnc:hair_plate_neuron_L,vnc:hair_plate_neuron_R,vnc:haltere_motor_neuron_L,vnc:haltere_motor_neuron_R,vnc:hind_leg_motor_neuron_L,vnc:leg_motor_neuron_front_leg_L,vnc:leg_motor_neuron_front_leg_R,vnc:leg_motor_neuron_hind_leg_L,vnc:leg_motor_neuron_hind_leg_R,vnc:leg_motor_neuron_middle_leg_L,vnc:leg_motor_neuron_middle_leg_R,vnc:multidendritic_neuron_L,vnc:multidendritic_neuron_R,vnc:neck_motor_neuron_L,vnc:neck_motor_neuron_R,vnc:orphan_neuron_L,vnc:orphan_neuron_R,vnc:oxygenation_neuron_L,vnc:oxygenation_neuron_R,vnc:reproductive_tract_sensory_neuron_L,vnc:reproductive_tract_sensory_neuron_R,vnc:sequential_leg_neuromeres_L,vnc:sequential_leg_neuromeres_R,vnc:single_leg_neuromere_L,vnc:single_leg_neuromere_R,vnc:strand_neuron_L,vnc:taste_bristle_gustatory_neuron_L,vnc:taste_bristle_gustatory_neuron_R,vnc:taste_bristle_neuron_L,vnc:taste_bristle_neuron_R,vnc:taste_bristle_tactile_neuron_L,vnc:taste_bristle_tactile_neuron_R,vnc:thoracic_abdominal_segmental_motor_neuron_L,vnc:thoracic_abdominal_segmental_motor_neuron_R,vnc:thoracic_abdominal_segmental_sensory_neuron_L,vnc:thoracic_abdominal_segmental_sensory_neuron_R,vnc:unknown_L,vnc:unknown_R,vnc:unknown_motor_neuron_L,vnc:unknown_motor_neuron_R,vnc:unknown_thoracic_abdominal_motor_neuron_L,vnc:unknown_thoracic_abdominal_motor_neuron_R,vnc:uterus_motor_neuron_L,vnc:uterus_motor_neuron_R,vnc:ventral_nerve_cord_centrifugal_L,vnc:ventral_nerve_cord_centrifugal_R,vnc:ventral_nerve_cord_centripetal_L,vnc:ventral_nerve_cord_centripetal_R,vnc:ventral_nerve_cord_dorsal_L,vnc:ventral_nerve_cord_dorsal_R,vnc:ventral_nerve_cord_neurosecretory_cell_L,vnc:ventral_nerve_cord_neurosecretory_cell_R,vnc:ventral_nerve_cord_serially_convergent_L,vnc:ventral_nerve_cord_serially_convergent_R,vnc:wing_motor_neuron_L,vnc:wing_motor_neuron_R,vnc_type:DLM1-4_L,vnc_type:DLM1-4_R,vnc_type:DLM5_L,vnc_type:DLM5_R,vnc_type:PSI_L,vnc_type:PSI_R,vnc_type:TTMn_L,vnc_type:TTMn_R,vnc_type:tergotrochanter_L,vnc_type:tergotrochanter_R
114.0,-2.000,7.000,0.000,0.000,0.000,0,0,0.800,0,0.062,0.061,0.063,0.239,0.738,3.40,1.36,0.95,7.94,3.97,6.39,6.93,20.41,0.00,10.05,5.95,1.11,0.74,3.16,0.87,0.11,0.15,2.27,6.80,2.24,2.21,0.00,0.00,5.95,7.94,0.00,0.00,1.27,4.44,2.22,1.51,0.00,7.33,1.55,1.49,0.00,0.00,0.00,0.00,0.00,2.27,0.00,0.00,0.00,0.00,0.00,0.00,0.00,0.00,0.00,0.00,0.00,0.00,0.00,0.00,0.00,0.00,0.00,0.00,0.00,0.00,0.00,0.00,0.00,0.00,0.00,0.00,0.00,0.00,0.00,0.00,0.00,0.00,0.00,0.00,0.00,0.00,0.00,0.00,0.00,0.00,0.00,0.00,0.00,0.00,0.00,0.00,0.00,0.00,0.00,0.00,0.00,0.00,0.00,0.00,20.29,1.14,0.00,5.44,5.49,5.42,23.27,21.60,0.00,0.00,3.66,0.00,0.81,0.81,0.00,0.00,1.73,1.73,1.29,0.00,0.00,0.00,0.00,0.00,0.00,0.00,0.00,0.00,0.00,0.00,0.00,0.00,0.00,0.00,0.00,0.00,1.98,0.00,0.00,0.00,0.00,0.00,0.00,0.00,0.00,0.00,0.00,0.00,0.00,0.00,0.00,0.00,0.00,0.00,0.00,0.00,0.00,0.00,47.62,71.43,238.10,238.10,95.24,95.24,23.81,47.62,0.00,0.00,0.00,0.00,0.00,0.00,0.00,0.00,0.00,0.00,0.00,0.00,0.00,0.00,0.00,0.00,0.00,0.00,0.00,0.00,0.00,0.00,0.00,0.00,47.62,47.62,0.00,0.00,79.37,0.00,0.00,0.00,0.00,0.00,0.00,0.00,0.00,0.00,0.00,0.00,0.00,0.00,0.00,0.00,0.00,0.00,0.00,0.00,0.00,0.00,0.00,0.00,0.00,0.00,0.00,0.00,0.00,0.00,0.00,0.00,0.00,0.00,0.00,0.00,0.00,0.00,0.00,0.00,0.00,0.00,0.00,0.19,0.19,0.00,0.00,0.00,0.00,0.01,0.00,1.90,2.95,1.58,2.17,5.02,5.08,5.05,5.63,0.00,0.00,5.34,5.52,4.21,5.26,3.97,0.00,0.00,0.00,0.00,0.79,0.79,3.17,0.00,0.57,0.34,0.00,0.00,0.98,2.53,0.00,6.80,7.94,3.40,0.76,0.00,1.36,1.14,0.00,1.31,1.26,0.00,0.00,7.00,3.17,0.00,0.00,0.00,4.76,1.40,1.34,0.00,0.00,0.00,0.00,0.00,0.00,1.76,3.66,1.44,1.85,0.56,0.50,0.78,0.56,1.23,1.25,7.33,0.00,0.00,0.00,0.00,0.00,0.00,0.00,0.00,0.00,0.00,0.00
218.0,-2.000,7.000,0.000,0.000,0.000,0,0,0.801,0,0.373,0.334,0.432,0.302,0.442,0.00,1.81,2.02,5.05,5.05,4.21,3.13,8.66,8.66,6.40,3.88,0.47,0.94,4.02,4.04,0.23,0.14,2.89,2.89,1.19,0.94,0.00,0.00,5.05,10.10,0.00,0.00,0.81,3.23,1.84,1.81,0.00,3.11,3.76,2.85,0.00,0.00,0.00,0.00,8.66,0.00,4.66,0.00,3.03,0.00,0.00,0.00,0.00,0.00,0.00,0.00,0.00,0.00,0.00,0.00,0.00,0.00,0.00,0.00,0.00,0.00,0.00,0.00,0.00,0.00,0.00,0.00,0.00,0.00,0.00,0.00,0.00,0.00,0.00,0.00,0.00,0.00,0.00,0.00,0.00,0.00,0.00,0.00,0.00,0.00,0.00,0.00,0.00,0.00,0.00,0.00,0.00,0.00,0.00,0.00,18.29,1.81,0.00,0.00,3.69,3.71,15.71,15.30,0.00,0.00,4.66,0.00,0.00,1.03,0.00,0.00,1.26,1.00,1.64,0.00,0.00,0.00,0.00,0.00,0.00,0.00,0.00,0.00,0.00,0.00,0.00,0.00,0.00,0.00,0.00,0.00,5.05,0.00,0.00,0.00,0.00,0.00,0.00,0.00,0.00,0.00,0.00,0.00,0.00,0.00,0.00,0.00,0.00,0.00,0.00,0.00,0.00,0.00,0.00,0.00,0.00,0.00,0.00,0.00,0.00,0.00,0.00,0.00,0.00,0.00,60.61,0.00,0.00,0.00,0.00,0.00,0.00,0.00,0.00,0.00,30.30,60.61,60.61,60.61,0.00,0.00,60.61,60.61,0.00,0.00,121.21,0.00,60.61,60.61,0.00,0.00,0.00,0.00,0.00,0.00,0.00,0.00,60.61,0.00,0.00,0.00,0.00,0.00,0.00,0.00,0.00,0.00,0.00,0.00,0.00,0.00,0.00,0.00,0.00,0.00,0.00,0.00,0.00,0.00,0.00,0.00,0.00,0.00,0.00,0.00,0.00,0.00,0.00,0.00,0.00,0.00,0.00,0.24,0.00,0.00,0.00,0.00,0.00,0.00,0.00,1.62,0.62,0.20,0.69,3.34,3.97,3.46,3.58,0.00,0.00,4.23,3.03,2.89,5.99,0.00,0.00,0.00,2.80,0.00,0.00,0.00,6.06,6.06,0.72,1.28,0.00,0.00,0.00,0.54,0.00,8.66,0.00,0.00,0.00,0.00,1.50,1.68,0.00,1.67,2.06,0.00,0.00,4.46,2.69,0.00,0.00,0.00,0.00,1.19,1.16,0.00,0.00,0.00,0.00,0.00,0.00,4.49,6.99,3.21,0.47,0.00,1.26,1.99,1.43,0.52,1.06,2.33,0.00,0.00,0.00,0.00,0.00,0.00,0.00,0.00,0.00,0.00,0.00
334.0,-2.000,7.000,0.000,0.000,0.000,0,0,0.801,0,0.106,0.112,0.097,0.196,0.174,0.00,1.16,1.35,15.15,10.10,7.58,7.11,17.32,0.00,7.82,3.35,1.07,0.81,2.92,1.10,0.28,0.14,0.00,5.77,0.48,1.17,0.00,0.00,7.58,10.10,0.00,0.00,0.81,3.23,2.11,2.06,3.19,1.55,3.19,1.80,0.00,0.00,0.00,0.00,0.00,0.00,4.66,0.00,0.00,3.19,0.00,0.00,0.00,0.00,0.00,0.00,0.00,0.00,0.00,0.00,0.00,0.00,0.00,0.00,0.00,0.00,0.00,0.00,0.00,0.00,0.00,0.00,0.00,0.00,0.00,0.00,0.00,0.00,0.00,0.00,0.00,0.00,0.00,0.00,0.00,0.00,0.00,0.00,0.00,0.00,0.00,0.00,0.00,0.00,0.00,0.00,0.00,0.00,0.00,0.00,15.42,0.36,0.00,1.73,3.47,3.38,14.70,12.52,0.00,30.30,4.66,3.79,1.03,1.03,0.00,0.00,0.94,0.60,1.64,0.00,0.00,0.00,0.00,0.00,0.00,0.00,0.00,0.00,0.00,0.00,0.00,0.00,0.00,60.61,0.00,0.00,0.00,0.00,0.00,0.00,0.00,0.00,0.00,0.00,0.00,0.00,0.00,0.00,0.00,0.00,0.00,0.00,0.00,0.00,0.00,0.00,0.00,0.00,0.00,0.00,0.00,0.00,0.00,0.00,0.00,0.00,0.00,0.00,0.00,0.00,0.00,0.00,0.00,0.00,0.00,0.00,0.00,0.00,0.00,0.00,0.00,0.00,0.00,0.00,0.00,0.00,0.00,0.00,0.00,0.00,60.61,0.00,0.00,0.00,0.00,0.00,0.00,0.00,0.00,0.00,0.00,0.00,60.61,0.00,0.00,0.00,0.00,0.00,0.00,0.00,0.00,0.00,0.00,0.00,0.00,0.00,0.00,0.00,0.00,0.00,0.00,0.00,0.00,0.00,0.00,0.00,0.00,0.00,0.00,0.00,0.00,0.00,0.00,0.00,0.00,0.00,0.00,0.24,0.25,0.00,0.00,0.00,0.00,0.00,0.00,0.00,0.00,1.61,1.38,2.99,3.19,3.71,2.75,0.00,0.00,4.10,3.31,4.12,1.76,0.00,0.00,0.00,0.93,0.00,0.00,3.03,2.02,0.00,0.72,2.56,0.00,6.06,1.87,2.68,0.00,0.00,0.00,0.00,1.92,1.99,1.70,1.53,30.30,1.15,1.26,0.00,0.00,1.78,2.69,0.00,0.00,0.00,0.00,1.12,1.22,0.00,0.00,0.00,0.00,0.00,0.00,0.00,0.00,1.38,2.35,0.71,0.63,0.00,0.71,2.09,1.06,0.00,0.00,0.00,0.00,0.00,0.00,0.00,0.00,0.00,0.00,0.00,0.00
434.0,-2.000,7.000,0.000,0.000,0.000,0,0,0.802,0,0.290,0.324,0.240,0.414,0.123,0.00,1.74,0.74,5.05,10.10,5.33,4.84,8.66,0.00,7.11,2.11,1.20,0.81,2.56,1.47,0.12,0.12,2.89,5.77,1.19,0.47,0.00,0.00,8.84,11.36,0.00,0.00,0.81,2.42,1.83,1.55,0.00,3.11,3.10,1.90,60.61,0.00,0.00,0.00,2.89,5.77,0.00,0.00,0.00,0.00,0.00,0.00,0.00,0.00,0.00,0.00,0.00,0.00,0.00,0.00,0.00,0.00,0.00,0.00,0.00,0.00,0.00,0.00,0.00,0.00,0.00,0.00,0.00,0.00,0.00,0.00,0.00,0.00,0.00,0.00,0.00,0.00,0.00,0.00,0.00,0.00,0.00,0.00,0.00,0.00,0.00,0.00,0.00,0.00,0.00,0.00,0.00,0.00,0.00,0.00,18.65,0.00,0.00,0.00,3.20,3.00,12.90,11.93,0.00,0.00,0.00,0.00,2.05,1.03,0.00,0.00,1.26,1.40,0.00,0.00,0.00,0.00,0.00,0.00,0.00,0.00,0.00,0.00,0.00,0.00,0.00,0.00,0.00,0.00,0.00,0.00,10.10,0.00,0.00,0.00,0.00,0.00,0.00,0.00,0.00,0.00,0.00,0.00,0.00,0.00,0.00,0.00,0.00,0.00,0.00,0.00,0.00,0.00,0.00,0.00,0.00,0.00,0.00,0.00,0.00,0.00,0.00,0.00,0.00,0.00,0.00,0.00,0.00,0.00,0.00,0.00,0.00,0.00,0.00,0.00,0.00,90.91,60.61,60.61,0.00,0.00,0.00,0.00,30.30,0.00,60.61,0.00,0.00,60.61,0.00,0.00,0.00,0.00,0.00,0.00,0.00,0.00,0.00,0.00,0.00,0.00,0.00,0.00,0.00,0.00,0.00,0.00,0.00,0.00,0.00,0.00,0.00,0.00,0.00,0.00,0.00,0.00,0.00,0.00,0.00,0.00,0.00,0.00,0.00,0.00,0.00,0.00,0.00,0.00,0.00,0.00,0.00,0.00,0.25,0.00,0.00,0.00,0.00,0.00,0.00,0.81,0.00,1.61,0.86,2.91,2.63,4.21,1.93,0.00,0.00,3.84,2.75,1.65,3.52,5.05,0.00,0.00,1.86,0.92,0.00,0.00,2.02,0.00,0.72,0.85,18.65,6.06,1.25,2.15,0.00,0.00,0.00,0.00,1.92,0.00,0.93,0.98,0.00,0.51,1.37,0.00,0.00,1.78,4.04,0.00,0.00,6.73,0.00,1.18,0.92,0.00,0.00,0.00,0.00,0.00,0.00,0.00,0.00,0.46,0.47,0.00,0.00,0.00,0.71,2.09,0.00,0.00,0.00,0.00,0.00,0.00,0.00,0.00,0.00,0.00,0.00,0.00,0.00
534.0,-2.000,7.000,0.000,0.000,0.000,0,0,0.802,0,0.283,0.368,0.156,0.310,0.824,0.00,1.81,1.28,10.10,10.10,4.21,3.98,8.66,0.00,7.29,3.52,0.73,1.16,2.92,2.20,0.19,0.09,2.89,5.77,1.19,1.40,0.00,0.00,3.79,5.05,0.00,0.00,0.81,2.42,1.47,1.46,1.59,3.11,2.26,1.23,0.00,0.00,0.00,0.00,0.00,0.00,0.00,4.04,0.00,0.00,0.00,0.00,0.00,0.00,0.00,0.00,0.00,0.00,0.00,0.00,0.00,0.00,0.00,0.00,0.00,0.00,0.00,0.00,0.00,0.00,0.00,0.00,0.00,0.00,0.00,0.00,0.00,0.00,0.00,0.00,0.00,0.00,0.00,0.00,0.00,0.00,0.00,0.00,0.00,0.00,0.00,0.00,0.00,0.00,0.00,0.00,0.00,0.00,0.00,0.00,17.21,0.36,0.00,0.00,2.67,3.19,12.38,12.20,0.00,0.00,0.00,0.00,0.00,1.03,0.00,0.00,1.57,0.60,3.28,0.00,0.00,7.58,0.00,0.00,0.00,0.00,0.00,0.00,0.00,0.00,0.00,0.00,0.00,0.00,0.00,0.00,0.00,0.00,0.00,0.00,0.00,0.00,0.00,0.00,0.00,0.00,0.00,0.00,0.00,0.00,0.00,0.00,0.00,0.00,0.00,0.00,0.00,0.00,0.00,0.00,60.61,60.61,60.61,0.00,30.30,60.61,0.00,0.00,0.00,0.00,0.00,0.00,0.00,0.00,0.00,0.00,0.00,0.00,0.00,0.00,0.00,0.00,0.00,0.00,0.00,0.00,0.00,0.00,0.00,0.00,0.00,0.00,60.61,0.00,0.00,0.00,0.00,0.00,0.00,0.00,0.00,0.00,0.00,0.00,0.00,0.00,0.00,0.00,0.00,0.00,0.00,0.00,0.00,0.00,0.00,0.00,0.00,0.00,0.00,0.00,0.00,0.00,0.00,0.00,0.00,0.00,0.00,0.00,0.00,0.00,0.00,0.00,0.00,0.00,0.00,0.00,0.00,0.00,0.49,0.00,0.00,0.00,0.00,0.00,0.00,0.81,0.00,1.81,1.38,2.57,3.30,2.47,3.86,0.00,0.00,3.20,3.44,5.36,3.17,0.00,0.00,0.00,2.80,0.00,3.03,0.00,0.00,1.01,2.16,1.71,9.32,24.24,0.62,0.54,0.00,0.00,0.00,0.00,0.00,0.00,1.62,0.82,0.00,0.64,1.03,0.00,0.00,4.46,5.39,0.00,0.00,0.00,0.00,1.00,1.16,0.00,0.00,0.00,0.00,0.00,0.00,2.24,6.99,0.92,1.41,1.43,1.26,1.99,1.43,2.09,1.06,9.32,0.00,0.00,0.00,0.00,0.00,0.00,0.00,0.00,0.00,0.00,0.00
634.0,-2.000,7.000,0.000,0.000,0.000,0,0,0.802,0,0.053,0.069,0.029,0.059,1.000,0.00,1.16,0.74,5.05,0.00,3.93,5.69,8.66,0.00,5.33,2.29,1.33,1.16,1.10,2.20,0.07,0.09,0.00,2.89,1.19,1.40,0.00,0.00,7.58,5.05,0.00,0.00,1.62,0.81,1.36,1.41,1.59,1.55,0.94,2.37,0.00,0.00,20.20,0.00,2.89,2.89,0.00,0.00,0.00,0.00,0.00,0.00,0.00,0.00,0.00,0.00,0.00,0.00,0.00,0.00,0.00,0.00,0.00,0.00,0.00,0.00,0.00,0.00,0.00,0.00,0.00,0.00,0.00,0.00,0.00,0.00,0.00,0.00,0.00,0.00,0.00,0.00,0.00,0.00,0.00,0.00,0.00,0.00,0.00,0.00,0.00,0.00,0.00,0.00,0.00,0.00,0.00,0.00,0.00,0.00,23.31,0.73,1.55,0.00,3.33,3.14,12.27,11.55,0.00,0.00,4.66,3.79,1.03,4.11,0.00,0.00,1.26,0.60,0.00,1.64,0.00,0.00,0.00,0.00,0.00,0.00,0.00,0.00,0.00,0.00,0.00,0.00,0.00,0.00,0.00,0.00,0.00,7.91,0.00,0.00,0.00,0.00,0.00,0.00,0.00,0.00,0.00,0.00,0.00,0.00,0.00,0.00,0.00,0.00,0.00,0.00,0.00,0.00,0.00,0.00,0.00,0.00,0.00,0.00,0.00,0.00,0.00,0.00,0.00,0.00,60.61,0.00,0.00,0.00,0.00,0.00,0.00,0.00,0.00,0.00,0.00,0.00,0.00,0.00,0.00,0.00,0.00,0.00,0.00,0.00,0.00,0.00,0.00,0.00,0.00,0.00,0.00,0.00,0.00,0.00,0.00,0.00,0.00,0.00,0.00,0.00,0.00,0.00,0.00,0.00,0.00,0.00,0.00,0.00,0.00,0.00,0.00,0.00,0.00,0.00,0.00,0.00,0.00,0.00,0.00,0.00,0.00,0.00,0.00,0.00,0.00,0.00,0.00,0.00,0.00,0.00,0.00,0.24,0.25,3.28,3.79,0.00,0.00,0.02,0.03,0.00,0.00,0.80,1.55,2.62,3.19,3.22,2.48,0.00,0.00,2.31,2.48,4.54,3.88,0.00,13.99,0.00,0.00,0.00,0.00,0.00,2.02,1.01,0.00,1.28,0.00,0.00,0.62,0.54,0.00,0.00,0.00,0.00,0.00,1.99,0.89,1.53,0.00,0.77,1.14,0.00,0.00,0.00,1.35,0.00,0.00,6.73,0.00,0.87,1.45,0.00,0.00,0.00,0.00,0.00,0.00,4.49,0.00,0.46,0.00,0.00,1.89,0.99,0.00,0.00,0.53,2.33,6.99,0.00,0.00,0.00,0.00,0.00,0.00,0.00,0.00,0.00,0.00
734.0,-2.000,7.000,0.000,0.000,0.000,0,0,0.803,0,0.116,0.135,0.087,0.225,0.195,0.00,1.45,1.28,5.05,15.15,7.01,4.27,17.32,8.66,8.18,4.40,1.07,1.20,1.83,2.94,0.07,0.09,5.77,2.89,0.71,1.17,0.00,0.00,10.10,8.84,0.00,0.00,0.81,2.42,1.56,1.53,0.00,0.00,1.32,1.33,0.00,0.00,0.00,0.00,0.00,0.00,0.00,0.00,0.00,0.00,0.00,0.00,0.00,0.00,0.00,0.00,0.00,0.00,0.00,0.00,0.00,0.00,0.00,0.00,0.00,0.00,0.00,0.00,0.00,0.00,0.00,0.00,0.00,0.00,0.00,0.00,0.00,0.00,0.00,0.00,0.00,0.00,0.00,0.00,0.00,0.00,0.00,0.00,0.00,0.00,0.00,0.00,0.00,0.00,0.00,0.00,0.00,0.00,0.00,0.00,19.72,1.09,0.00,0.00,2.71,3.00,13.01,11.39,0.00,0.00,4.66,3.79,0.00,0.00,0.00,0.00,0.31,1.00,0.00,0.00,0.00,0.00,0.00,0.00,0.00,0.00,0.00,0.00,0.00,0.00,0.00,0.00,0.00,0.00,60.61,60.61,0.00,0.00,0.00,0.00,0.00,0.00,0.00,0.00,0.00,0.00,0.00,0.00,0.00,0.00,0.00,0.00,0.00,0.00,0.00,0.00,0.00,0.00,0.00,0.00,0.00,0.00,0.00,0.00,0.00,0.00,0.00,0.00,0.00,0.00,0.00,0.00,0.00,0.00,0.00,0.00,0.00,0.00,0.00,0.00,0.00,30.30,0.00,0.00,0.00,0.00,0.00,0.00,0.00,30.30,0.00,60.61,0.00,60.61,0.00,0.00,0.00,0.00,0.00,0.00,0.00,0.00,0.00,0.00,0.00,0.00,0.00,0.00,0.00,0.00,0.00,0.00,0.00,0.00,0.00,0.00,0.00,0.00,0.00,0.00,0.00,0.00,0.00,0.00,0.00,0.00,0.00,0.00,0.00,0.00,0.00,0.00,0.00,0.00,0.00,0.00,0.00,0.00,0.25,0.00,0.00,0.00,0.00,0.00,0.00,0.00,0.00,1.00,0.69,2.51,2.95,4.21,1.65,0.00,0.00,3.46,2.62,3.71,2.47,0.00,0.00,0.00,0.00,0.92,0.00,0.00,2.02,0.00,0.72,1.28,0.00,0.00,1.25,1.07,0.00,0.00,0.00,2.16,0.96,1.99,0.81,0.82,0.00,1.03,1.14,0.00,0.00,0.00,4.04,0.00,0.00,0.00,6.06,0.97,0.92,0.00,0.00,0.00,0.00,0.00,0.00,0.00,2.33,0.46,0.47,0.00,0.00,3.97,3.57,0.52,1.06,0.00,0.00,0.00,0.00,0.00,0.00,0.00,0.00,0.00,0.00,0.00,0.00
834.0,-2.000,7.000,0.000,0.000,0.000,0,0,0.803,0,0.295,0.339,0.228,0.250,0.148,0.00,1.30,0.61,15.15,10.10,5.61,4.84,17.32,0.00,8.71,3.17,0.60,0.47,2.56,0.73,0.05,0.05,2.89,2.89,1.66,0.94,0.00,0.00,1.26,6.31,0.00,0.00,1.62,0.81,1.51,1.26,1.59,3.11,1.69,1.52,0.00,0.00,0.00,0.00,0.00,0.00,0.00,4.04,0.00,0.00,0.00,0.00,0.00,0.00,0.00,0.00,0.00,0.00,0.00,0.00,0.00,0.00,0.00,0.00,0.00,0.00,0.00,0.00,0.00,0.00,0.00,0.00,0.00,0.00,0.00,0.00,0.00,0.00,0.00,0.00,0.00,0.00,0.00,0.00,0.00,0.00,0.00,0.00,0.00,0.00,0.00,0.00,0.00,0.00,0.00,0.00,0.00,0.00,0.00,0.00,17.93,1.09,0.00,0.00,2.98,3.28,13.43,12.14,0.00,0.00,0.00,0.00,1.03,1.03,0.00,0.00,0.31,1.00,3.28,1.64,0.00,0.00,0.00,0.00,0.00,0.00,0.00,0.00,0.00,0.00,0.00,0.00,0.00,0.00,60.61,60.61,5.05,0.00,0.00,0.00,0.00,0.00,0.00,0.00,0.00,0.00,0.00,0.00,0.00,0.00,0.00,0.00,0.00,0.00,0.00,0.00,0.00,0.00,0.00,0.00,0.00,0.00,0.00,0.00,0.00,0.00,0.00,0.00,0.00,0.00,0.00,0.00,0.00,0.00,0.00,0.00,30.30,0.00,0.00,0.00,0.00,30.30,0.00,0.00,0.00,0.00,0.00,0.00,30.30,0.00,0.00,0.00,60.61,0.00,0.00,0.00,0.00,0.00,0.00,0.00,0.00,0.00,0.00,0.00,0.00,0.00,0.00,0.00,0.00,0.00,0.00,0.00,0.00,0.00,0.00,0.00,0.00,0.00,0.00,0.00,0.00,0.00,0.00,0.00,0.00,0.00,0.00,0.00,0.00,0.00,0.00,0.00,0.00,0.00,0.00,0.00,0.00,0.48,0.00,0.00,0.00,0.00,0.00,0.00,0.00,0.00,0.62,0.40,1.38,3.51,2.98,3.46,5.51,0.00,0.00,2.18,4.55,0.41,4.58,0.00,0.00,0.00,0.00,0.00,0.00,0.00,0.00,0.00,0.72,0.00,4.66,0.00,1.25,0.54,0.00,8.66,0.00,0.00,0.96,0.99,0.77,0.67,0.00,1.41,0.46,0.00,0.00,5.35,2.69,0.00,0.00,0.00,0.00,1.05,1.07,0.00,0.00,0.00,0.00,0.00,0.00,0.00,0.00,1.38,0.94,0.71,1.26,0.00,1.43,1.04,1.59,0.00,0.00,0.00,0.00,0.00,0.00,0.00,0.00,0.00,0.00,0.00,0.00
934.0,-2.000,7.000,0.000,0.000,0.000,0,0,0.804,0,0.409,0.458,0.335,0.283,0.028,0.00,0.58,0.94,5.05,5.05,5.05,5.41,0.00,8.66,8.18,3.70,1.16,0.94,2.56,1.10,0.19,0.02,5.77,5.77,1.66,1.17,0.00,0.00,3.79,6.31,0.00,0.00,0.00,0.81,1.25,1.21,1.59,0.00,2.54,1.90,0.00,0.00,0.00,0.00,0.00,0.00,0.00,0.00,0.00,0.00,0.00,0.00,0.00,0.00,0.00,0.00,0.00,0.00,0.00,0.00,0.00,0.00,0.00,0.00,0.00,0.00,0.00,0.00,0.00,0.00,0.00,0.00,0.00,0.00,0.00,0.00,0.00,0.00,0.00,0.00,0.00,0.00,0.00,0.00,0.00,0.00,0.00,0.00,0.00,0.00,0.00,0.00,0.00,0.00,0.00,0.00,0.00,0.00,0.00,0.00,19.72,0.73,0.00,0.00,2.49,3.00,12.69,12.73,0.00,0.00,0.00,0.00,0.00,3.08,0.00,0.00,0.63,0.60,1.64,0.00,0.00,7.58,0.00,0.00,0.00,0.00,0.00,0.00,0.00,0.00,0.00,0.00,0.00,0.00,0.00,0.00,0.00,0.00,0.00,0.00,0.00,0.00,0.00,0.00,0.00,0.00,0.00,0.00,0.00,0.00,0.00,0.00,0.00,0.00,0.00,0.00,0.00,0.00,0.00,0.00,0.00,0.00,0.00,0.00,0.00,0.00,0.00,0.00,0.00,0.00,0.00,0.00,0.00,0.00,0.00,0.00,0.00,0.00,0.00,0.00,0.00,0.00,0.00,60.61,0.00,0.00,60.61,0.00,60.61,0.00,121.21,60.61,0.00,121.21,0.00,0.00,0.00,0.00,0.00,0.00,0.00,0.00,0.00,0.00,0.00,0.00,0.00,0.00,0.00,0.00,0.00,0.00,0.00,0.00,0.00,0.00,0.00,0.00,0.00,0.00,0.00,0.00,0.00,0.00,0.00,0.00,0.00,0.00,0.00,0.00,0.00,0.00,0.00,0.00,0.00,0.00,0.00,0.24,0.25,0.00,0.00,0.00,0.00,0.00,0.00,0.81,1.25,1.81,0.52,2.82,2.49,4.21,1.93,0.00,0.00,3.59,2.48,3.30,3.17,0.00,9.32,0.00,3.73,0.00,0.00,0.00,4.04,0.00,0.72,1.28,23.31,18.18,0.00,1.07,0.00,0.00,0.00,0.00,0.96,1.99,0.77,0.67,0.00,0.64,0.69,0.00,0.00,7.13,4.04,0.00,0.00,6.73,0.00,1.04,0.94,0.00,0.00,0.00,0.00,0.00,0.00,2.24,0.00,0.00,0.94,2.85,0.63,1.99,2.14,0.52,0.53,2.33,2.33,0.00,0.00,0.00,0.00,0.00,0.00,0.00,0.00,0.00,0.00
1034.0,-2.000,7.000,0.000,0.000,0.000,0,0,0.804,0,0.111,0.086,0.147,0.053,0.005,0.00,1.23,0.94,0.00,10.10,3.65,4.55,0.00,0.00,4.44,2.11,1.03,0.77,1.10,1.84,0.16,0.05,0.00,0.00,0.95,1.64,0.00,0.00,2.53,1.26,0.00,0.00,0.00,1.62,1.90,1.70,6.38,1.55,2.26,0.85,0.00,0.00,0.00,0.00,2.89,2.89,0.00,0.00,0.00,0.00,0.00,0.00,0.00,0.00,0.00,0.00,0.00,0.00,0.00,0.00,0.00,0.00,0.00,0.00,0.00,0.00,0.00,0.00,0.00,0.00,0.00,0.00,0.00,0.00,0.00,0.00,0.00,0.00,0.00,0.00,0.00,0.00,0.00,0.00,0.00,0.00,0.00,0.00,0.00,0.00,0.00,0.00,0.00,0.00,0.00,0.00,0.00,0.00,0.00,0.00,20.08,0.36,0.00,1.73,2.71,2.02,12.96,12.30,0.00,0.00,4.66,3.79,1.03,1.03,0.00,0.00,1.26,0.80,3.28,0.00,0.00,0.00,0.00,0.00,0.00,0.00,0.00,0.00,0.00,0.00,0.00,0.00,0.00,0.00,0.00,0.00,0.00,2.64,0.00,0.00,0.00,0.00,0.00,0.00,0.00,0.00,0.00,0.00,0.00,0.00,0.00,0.00,0.00,0.00,0.00,0.00,0.00,0.00,0.00,0.00,0.00,0.00,0.00,0.00,0.00,0.00,0.00,0.00,0.00,0.00,0.00,0.00,0.00,0.00,0.00,0.00,0.00,0.00,0.00,0.00,0.00,0.00,0.00,0.00,0.00,0.00,0.00,0.00,0.00,0.00,0.00,0.00,0.00,0.00,0.00,0.00,0.00,0.00,0.00,0.00,0.00,0.00,0.00,0.00,0.00,0.00,0.00,0.00,0.00,0.00,0.00,0.00,0.00,0.00,0.00,0.00,0.00,0.00,0.00,0.00,0.00,0.00,0.00,0.00,0.00,0.00,0.00,0.00,0.00,0.00,0.00,0.00,0.00,0.00,0.00,0.00,0.00,0.24,0.00,0.00,0.00,0.00,0.00,0.00,0.00,1.62,0.00,1.00,0.86,2.88,3.16,2.47,3.03,0.00,10.10,2.18,2.48,2.89,1.41,5.05,0.00,0.00,0.00,0.00,0.00,0.00,1.01,0.00,1.44,2.13,0.00,0.00,0.62,0.54,8.66,0.00,0.00,2.16,0.00,0.00,0.85,1.02,0.00,1.41,0.57,0.00,0.00,1.78,1.35,0.00,0.00,0.00,0.00,1.46,1.09,0.00,0.00,0.00,0.00,0.00,0.00,0.00,0.00,0.00,1.41,2.14,1.26,0.99,0.00,1.04,2.66,0.00,0.00,0.00,0.00,0.00,0.00,0.00,0.00,0.00,0.00,0.00,0.00
1134.0,-2.000,7.000,0.000,0.000,0.000,0,0,0.804,0,0.021,0.016,0.028,0.010,0.123,0.00,0.80,0.88,0.00,5.05,3.93,3.13,17.32,0.00,4.44,2.64,0.86,0.86,2.19,2.20,0.09,0.19,2.89,0.00,0.24,1.40,0.00,0.00,1.26,6.31,0.00,0.00,0.81,1.62,1.29,1.39,3.19,3.11,1.03,1.61,0.00,0.00,0.00,0.00,0.00,2.89,0.00,0.00,0.00,0.00,0.00,0.00,0.00,0.00,0.00,0.00,0.00,0.00,0.00,0.00,0.00,0.00,0.00,0.00,0.00,0.00,0.00,0.00,0.00,0.00,0.00,0.00,0.00,0.00,0.00,0.00,0.00,0.00,0.00,0.00,0.00,0.00,0.00,0.00,0.00,0.00,0.00,0.00,0.00,0.00,0.00,0.00,0.00,0.00,0.00,0.00,0.00,0.00,0.00,0.00,21.52,0.00,3.11,1.73,3.20,2.72,12.64,12.20,0.00,0.00,0.00,0.00,2.05,1.03,0.00,0.00,0.63,0.80,0.00,0.00,0.00,0.00,0.00,0.00,0.00,0.00,0.00,0.00,0.00,0.00,0.00,0.00,0.00,0.00,60.61,0.00,2.53,0.00,0.00,0.00,0.00,0.00,0.00,0.00,0.00,0.00,0.00,0.00,0.00,0.00,0.00,0.00,0.00,0.00,0.00,0.00,0.00,0.00,0.00,0.00,0.00,0.00,0.00,0.00,30.30,30.30,0.00,0.00,0.00,0.00,0.00,0.00,0.00,0.00,0.00,0.00,0.00,0.00,0.00,0.00,0.00,0.00,0.00,0.00,0.00,0.00,0.00,0.00,30.30,0.00,0.00,0.00,0.00,0.00,0.00,0.00,0.00,0.00,0.00,0.00,0.00,0.00,0.00,0.00,0.00,0.00,0.00,0.00,0.00,0.00,0.00,0.00,0.00,0.00,0.00,0.00,0.00,0.00,0.00,0.00,0.00,0.00,0.00,0.00,0.00,0.00,0.00,0.00,0.00,0.00,0.00,0.00,0.00,0.00,0.00,0.00,0.00,0.00,0.00,0.00,0.00,0.00,0.00,0.00,0.00,0.00,0.62,0.40,1.04,2.71,2.39,2.72,2.75,0.00,0.00,4.23,2.34,1.24,3.17,0.00,0.00,0.00,3.73,0.92,0.00,0.00,0.00,0.00,2.16,1.28,0.00,0.00,1.87,2.15,0.00,0.00,0.00,2.16,0.96,0.00,0.77,0.94,30.30,0.51,1.49,0.00,0.00,2.67,1.35,0.00,0.00,0.00,0.00,1.07,0.73,0.00,0.00,0.00,0.00,0.00,0.00,0.00,0.00,0.46,1.41,0.00,1.26,0.00,1.43,0.52,0.53,4.66,0.00,0.00,0.00,0.00,0.00,0.00,0.00,0.00,0.00,0.00,0.00
1234.0,-2.000,7.000,0.000,0.000,0.000,0,0,0.805,0,0.286,0.362,0.171,0.124,0.580,4.33,0.72,0.67,5.05,5.05,2.24,2.85,8.66,0.00,4.62,1.94,1.33,1.54,2.19,2.20,0.12,0.07,0.00,2.89,0.24,1.17,0.00,0.00,2.53,0.00,0.00,0.00,1.62,1.62,1.30,1.05,0.00,0.00,1.41,0.38,0.00,0.00,0.00,0.00,8.66,2.89,0.00,0.00,0.00,0.00,0.00,0.00,0.00,0.00,0.00,0.00,0.00,0.00,0.00,0.00,0.00,0.00,0.00,0.00,0.00,0.00,0.00,0.00,0.00,0.00,0.00,0.00,0.00,0.00,0.00,0.00,0.00,0.00,0.00,0.00,0.00,0.00,0.00,0.00,0.00,0.00,0.00,0.00,0.00,0.00,0.00,0.00,0.00,0.00,0.00,0.00,0.00,0.00,0.00,0.00,21.16,1.09,0.00,1.73,2.76,3.14,12.27,12.36,0.00,0.00,0.00,3.79,1.03,0.00,0.00,0.00,0.94,1.00,3.28,0.00,0.00,0.00,0.00,0.00,0.00,0.00,0.00,0.00,0.00,0.00,0.00,0.00,0.00,0.00,0.00,0.00,5.05,0.00,0.00,0.00,0.00,0.00,0.00,0.00,0.00,0.00,0.00,0.00,0.00,0.00,0.00,0.00,0.00,0.00,0.00,0.00,0.00,0.00,0.00,0.00,0.00,0.00,0.00,0.00,0.00,0.00,0.00,0.00,0.00,0.00,0.00,0.00,0.00,0.00,0.00,0.00,0.00,0.00,0.00,0.00,0.00,0.00,0.00,0.00,0.00,0.00,0.00,0.00,0.00,0.00,0.00,0.00,0.00,60.61,0.00,0.00,0.00,0.00,0.00,0.00,0.00,0.00,0.00,0.00,0.00,0.00,0.00,0.00,0.00,0.00,0.00,0.00,0.00,0.00,0.00,0.00,0.00,0.00,0.00,0.00,0.00,0.00,0.00,0.00,0.00,0.00,0.00,0.00,0.00,0.00,0.00,0.00,0.00,0.00,0.00,0.00,0.00,0.00,0.00,0.00,0.00,0.00,0.00,0.00,0.00,1.62,0.00,1.40,0.52,3.37,2.65,3.22,2.20,0.00,0.00,3.08,3.03,2.47,3.17,0.00,0.00,0.00,0.00,0.00,0.00,1.01,1.01,0.00,1.44,0.43,0.00,0.00,1.25,1.07,8.66,0.00,0.00,0.00,0.00,0.00,0.81,0.82,0.00,0.77,0.69,0.00,0.00,3.57,4.04,0.00,8.66,6.73,6.06,0.80,1.03,0.00,0.00,0.00,0.00,0.00,0.00,2.24,0.00,0.46,0.47,0.71,0.00,1.99,2.85,1.04,1.06,0.00,0.00,0.00,0.00,0.00,0.00,0.00,0.00,0.00,0.00,0.00,0.00
1334.0,-2.000,7.000,0.000,0.000,0.000,0,0,0.805,0,0.125,0.121,0.131,0.117,0.110,0.00,1.16,0.67,10.10,0.00,5.89,5.41,8.66,0.00,2.67,2.47,1.37,0.86,2.56,1.84,0.09,0.09,2.89,2.89,1.90,0.70,0.00,0.00,5.05,3.79,0.00,0.00,0.00,3.23,1.38,1.05,0.00,4.66,1.41,0.57,0.00,0.00,0.00,0.00,2.89,0.00,4.66,4.04,0.00,0.00,0.00,0.00,0.00,0.00,0.00,0.00,0.00,0.00,0.00,0.00,0.00,0.00,0.00,0.00,0.00,0.00,0.00,0.00,0.00,0.00,0.00,0.00,0.00,0.00,0.00,0.00,0.00,0.00,0.00,0.00,0.00,0.00,0.00,0.00,0.00,0.00,0.00,0.00,0.00,0.00,0.00,0.00,0.00,0.00,0.00,0.00,0.00,0.00,0.00,0.00,16.14,1.09,0.00,0.00,3.29,3.61,13.86,11.98,0.00,0.00,9.32,0.00,1.03,1.03,0.00,0.00,0.63,1.00,1.64,1.64,0.00,0.00,0.00,0.00,0.00,0.00,0.00,0.00,0.00,0.00,0.00,0.00,0.00,0.00,0.00,0.00,7.58,2.64,0.00,0.00,0.00,0.00,0.00,0.00,0.00,0.00,0.00,0.00,0.00,0.00,0.00,0.00,0.00,0.00,0.00,0.00,0.00,0.00,0.00,0.00,0.00,0.00,0.00,0.00,0.00,0.00,0.00,0.00,0.00,0.00,60.61,0.00,0.00,0.00,0.00,0.00,0.00,0.00,0.00,0.00,0.00,0.00,0.00,0.00,0.00,0.00,0.00,0.00,0.00,0.00,0.00,0.00,0.00,0.00,0.00,0.00,0.00,0.00,0.00,0.00,0.00,0.00,0.00,0.00,0.00,0.00,0.00,0.00,0.00,0.00,0.00,0.00,0.00,0.00,0.00,0.00,0.00,0.00,0.00,0.00,0.00,0.00,0.00,0.00,0.00,0.00,0.00,0.00,0.00,0.00,0.00,0.00,0.00,0.00,0.00,0.00,0.00,0.00,0.00,0.00,0.00,0.00,0.00,0.00,0.00,0.81,0.00,1.20,1.04,3.42,2.81,3.71,4.13,0.00,0.00,3.33,2.34,2.89,1.76,0.00,0.00,0.00,0.00,0.00,2.02,0.00,0.00,0.00,2.16,1.28,0.00,0.00,1.25,1.07,0.00,0.00,0.00,4.33,0.00,1.99,1.04,0.31,0.00,1.54,0.91,0.00,0.00,3.57,2.69,0.00,0.00,6.73,6.06,0.98,0.84,0.00,0.00,0.00,0.00,0.00,0.00,0.00,0.00,0.92,0.94,2.85,0.00,0.00,0.00,0.00,1.59,0.00,0.00,0.00,0.00,0.00,0.00,0.00,0.00,0.00,0.00,0.00,0.00
1434.0,-2.000,7.000,0.000,0.000,0.000,0,0,0.806,0,0.231,0.219,0.249,0.206,0.617,0.00,0.65,0.61,15.15,10.10,6.45,5.98,17.32,0.00,7.11,4.58,0.99,0.99,1.46,1.47,0.12,0.05,0.00,2.89,2.14,2.11,0.00,0.00,5.05,6.31,0.00,0.00,0.81,0.81,1.51,1.46,3.19,4.66,0.75,0.85,0.00,0.00,0.00,0.00,2.89,0.00,4.66,0.00,0.00,0.00,0.00,0.00,0.00,0.00,0.00,0.00,0.00,0.00,0.00,0.00,0.00,0.00,0.00,0.00,0.00,0.00,0.00,0.00,0.00,0.00,0.00,0.00,0.00,0.00,0.00,0.00,0.00,0.00,0.00,0.00,0.00,0.00,0.00,0.00,0.00,0.00,0.00,0.00,0.00,0.00,0.00,0.00,0.00,0.00,0.00,0.00,0.00,0.00,0.00,0.00,18.65,2.54,0.00,0.00,2.93,3.33,14.28,13.27,15.15,0.00,4.66,3.79,0.00,1.03,0.00,0.00,1.57,0.40,0.00,1.64,15.15,0.00,0.00,0.00,0.00,0.00,0.00,0.00,0.00,0.00,0.00,0.00,0.00,0.00,0.00,0.00,0.00,0.00,0.00,0.00,0.00,0.00,0.00,0.00,0.00,0.00,0.00,0.00,0.00,0.00,0.00,0.00,0.00,0.00,0.00,0.00,0.00,0.00,0.00,0.00,121.21,121.21,60.61,60.61,0.00,0.00,60.61,0.00,0.00,0.00,0.00,0.00,0.00,0.00,0.00,0.00,0.00,0.00,0.00,0.00,0.00,0.00,0.00,0.00,0.00,0.00,0.00,0.00,0.00,0.00,0.00,0.00,0.00,0.00,60.61,0.00,0.00,0.00,0.00,0.00,0.00,0.00,0.00,0.00,0.00,0.00,0.00,0.00,0.00,0.00,0.00,0.00,0.00,0.00,0.00,0.00,0.00,0.00,0.00,0.00,0.00,0.00,0.00,0.00,0.00,0.00,0.00,0.00,0.00,0.00,0.00,0.00,0.00,0.00,0.00,0.00,0.00,0.00,0.00,0.00,0.00,0.00,0.00,0.00,0.00,0.00,0.00,1.00,1.55,3.54,2.71,1.73,2.75,0.00,0.00,2.69,2.48,3.71,6.34,0.00,0.00,0.00,0.00,0.00,0.00,1.01,4.04,1.01,1.44,1.71,0.00,0.00,1.25,2.15,0.00,0.00,0.00,0.00,0.00,0.00,1.23,0.71,0.00,1.15,1.26,0.00,0.00,3.57,1.35,0.00,0.00,0.00,0.00,0.89,0.91,0.00,0.00,0.00,0.00,0.00,0.00,0.00,0.00,0.46,0.47,0.00,0.63,0.00,0.00,0.52,1.06,0.00,0.00,0.00,0.00,0.00,0.00,0.00,0.00,0.00,0.00,0.00,0.00
1534.0,-2.000,7.000,0.000,0.000,0.000,0,0,0.806,0,0.003,0.001,0.007,0.161,0.117,0.00,1.30,1.21,10.10,10.10,5.89,4.84,25.97,0.00,6.75,3.52,0.86,0.73,1.83,2.20,0.09,0.07,0.00,0.00,1.19,0.94,0.00,0.00,2.53,3.79,0.00,0.00,0.00,0.00,1.59,1.15,3.19,0.00,1.60,1.14,0.00,0.00,0.00,0.00,5.77,2.89,0.00,4.04,0.00,0.00,0.00,0.00,0.00,0.00,0.00,0.00,0.00,0.00,0.00,0.00,0.00,0.00,0.00,0.00,0.00,0.00,0.00,0.00,0.00,0.00,0.00,0.00,0.00,0.00,0.00,0.00,0.00,0.00,0.00,0.00,0.00,0.00,0.00,0.00,0.00,0.00,0.00,0.00,0.00,0.00,0.00,0.00,0.00,0.00,0.00,0.00,0.00,0.00,0.00,0.00,21.88,0.73,0.00,1.73,2.89,3.57,12.75,12.52,0.00,0.00,0.00,3.79,3.08,0.00,0.00,0.00,0.63,0.80,0.00,0.00,0.00,0.00,0.00,0.00,0.00,0.00,0.00,0.00,0.00,0.00,0.00,0.00,0.00,0.00,0.00,0.00,0.00,0.00,0.00,0.00,0.00,0.00,0.00,0.00,0.00,0.00,0.00,0.00,0.00,0.00,0.00,0.00,0.00,0.00,0.00,0.00,0.00,0.00,0.00,0.00,0.00,0.00,0.00,0.00,0.00,0.00,0.00,0.00,0.00,0.00,0.00,0.00,0.00,0.00,0.00,0.00,0.00,0.00,0.00,0.00,0.00,0.00,0.00,0.00,0.00,0.00,0.00,0.00,0.00,0.00,0.00,0.00,0.00,0.00,0.00,0.00,0.00,0.00,0.00,0.00,0.00,0.00,0.00,0.00,0.00,0.00,0.00,0.00,0.00,0.00,0.00,0.00,0.00,0.00,0.00,0.00,0.00,0.00,0.00,0.00,0.00,0.00,0.00,0.00,0.00,0.00,0.00,0.00,0.00,0.00,0.00,0.00,0.00,0.00,0.00,0.00,0.00,0.00,0.00,0.00,0.00,0.00,0.00,0.00,0.00,0.00,0.00,2.41,1.21,3.17,3.16,2.47,3.31,0.00,0.00,2.95,2.34,2.89,2.11,0.00,0.00,0.00,0.93,1.84,1.01,0.00,0.00,0.00,2.89,1.28,0.00,0.00,1.25,0.54,8.66,0.00,0.00,0.00,0.00,0.00,1.47,1.68,0.00,1.28,0.69,0.00,0.00,0.89,2.69,0.00,0.00,0.00,6.06,0.95,0.94,0.00,0.00,0.00,0.00,0.00,0.00,0.00,2.33,0.46,0.94,1.43,0.63,0.99,2.85,1.04,1.06,0.00,0.00,0.00,0.00,0.00,0.00,0.00,0.00,0.00,0.00,0.00,0.00
1634.0,-2.000,7.000,0.000,0.000,0.000,0,0,0.806,0,0.057,0.071,0.037,0.176,0.214,4.33,1.30,1.21,0.00,0.00,4.21,4.27,8.66,0.00,4.80,3.00,0.77,1.03,1.46,1.47,0.05,0.09,0.00,2.89,0.95,0.70,0.00,0.00,3.79,3.79,0.00,0.00,2.42,1.62,1.69,1.81,1.59,1.55,1.97,2.09,0.00,0.00,0.00,0.00,0.00,2.89,4.66,0.00,0.00,0.00,0.00,0.00,0.00,0.00,0.00,0.00,0.00,0.00,0.00,0.00,0.00,0.00,0.00,0.00,0.00,0.00,0.00,0.00,0.00,0.00,0.00,0.00,0.00,0.00,0.00,0.00,0.00,0.00,0.00,0.00,0.00,0.00,0.00,0.00,0.00,0.00,0.00,0.00,0.00,0.00,0.00,0.00,0.00,0.00,0.00,0.00,0.00,0.00,0.00,0.00,15.06,1.45,0.00,0.00,2.58,2.58,12.80,11.82,0.00,0.00,0.00,0.00,1.03,1.03,0.00,0.00,1.26,0.40,0.00,1.64,0.00,0.00,0.00,0.00,0.00,0.00,0.00,0.00,0.00,0.00,0.00,0.00,60.61,60.61,0.00,0.00,2.53,0.00,0.00,0.00,0.00,0.00,0.00,0.00,0.00,0.00,0.00,0.00,0.00,0.00,0.00,0.00,0.00,0.00,0.00,0.00,0.00,0.00,0.00,0.00,0.00,0.00,0.00,0.00,0.00,30.30,0.00,0.00,0.00,0.00,0.00,0.00,0.00,0.00,0.00,0.00,0.00,0.00,0.00,0.00,0.00,0.00,0.00,0.00,0.00,0.00,0.00,0.00,0.00,0.00,0.00,0.00,0.00,0.00,0.00,0.00,0.00,0.00,0.00,0.00,0.00,0.00,0.00,0.00,0.00,0.00,0.00,0.00,0.00,0.00,0.00,0.00,0.00,0.00,0.00,0.00,0.00,0.00,0.00,0.00,0.00,0.00,0.00,0.00,0.00,0.00,0.00,0.00,0.00,0.00,0.00,0.00,0.00,0.00,0.00,0.00,0.00,0.24,0.49,0.00,0.00,0.00,0.00,0.00,0.00,0.00,1.25,1.40,0.17,2.88,2.92,1.73,2.20,0.00,0.00,1.54,3.17,7.01,5.99,0.00,0.00,0.00,0.00,0.00,0.00,0.00,0.00,0.00,0.72,0.85,0.00,0.00,0.00,0.00,0.00,0.00,0.00,0.00,1.92,0.00,0.69,1.25,0.00,1.41,0.34,0.00,0.00,5.35,4.04,0.00,0.00,0.00,0.00,0.92,0.88,0.00,0.00,0.00,0.00,0.00,0.00,2.24,0.00,2.75,0.00,1.43,2.53,1.99,1.43,0.00,0.53,0.00,0.00,0.00,0.00,0.00,0.00,0.00,0.00,0.00,0.00,0.00,0.00
1734.0,-2.000,7.000,0.000,0.000,0.000,0,0,0.807,0,0.011,0.013,0.007,0.033,1.000,4.33,0.87,0.88,0.00,5.05,5.61,4.55,8.66,0.00,5.33,2.82,0.77,0.81,1.46,2.20,0.19,0.07,0.00,0.00,1.90,0.94,0.00,0.00,2.53,3.79,0.00,0.00,0.81,1.62,0.91,1.14,3.19,1.55,1.13,1.04,0.00,0.00,0.00,0.00,0.00,0.00,0.00,0.00,0.00,0.00,0.00,0.00,0.00,0.00,0.00,0.00,0.00,0.00,0.00,0.00,0.00,0.00,0.00,0.00,0.00,0.00,0.00,0.00,0.00,0.00,0.00,0.00,0.00,0.00,0.00,0.00,0.00,0.00,0.00,0.00,0.00,0.00,0.00,0.00,0.00,0.00,0.00,0.00,0.00,0.00,0.00,0.00,0.00,0.00,0.00,0.00,0.00,0.00,0.00,0.00,22.95,0.73,3.11,0.00,3.02,2.30,12.16,12.62,0.00,0.00,0.00,0.00,1.03,0.00,0.00,0.00,1.57,0.40,1.64,0.00,0.00,0.00,0.00,0.00,0.00,0.00,0.00,0.00,0.00,0.00,0.00,0.00,0.00,0.00,0.00,0.00,0.00,0.00,0.00,0.00,0.00,0.00,0.00,0.00,0.00,0.00,0.00,0.00,0.00,0.00,0.00,0.00,0.00,0.00,0.00,0.00,0.00,0.00,0.00,30.30,60.61,60.61,0.00,60.61,0.00,0.00,0.00,0.00,0.00,0.00,0.00,0.00,0.00,0.00,0.00,0.00,0.00,0.00,0.00,0.00,0.00,0.00,0.00,0.00,0.00,0.00,0.00,0.00,0.00,0.00,0.00,0.00,0.00,0.00,20.20,0.00,0.00,0.00,0.00,0.00,0.00,0.00,0.00,0.00,0.00,0.00,0.00,0.00,0.00,0.00,0.00,0.00,0.00,0.00,0.00,0.00,0.00,0.00,0.00,0.00,0.00,0.00,0.00,0.00,0.00,0.00,0.00,0.00,0.00,0.00,0.00,0.00,0.00,0.00,0.00,0.00,0.00,0.00,0.00,0.00,0.00,0.00,0.00,0.00,0.00,0.00,0.00,1.00,1.38,3.19,2.65,3.22,3.31,0.00,0.00,2.18,2.48,2.06,4.58,0.00,0.00,0.00,0.00,0.00,0.00,0.00,0.00,0.00,0.72,0.00,0.00,0.00,1.87,2.68,0.00,0.00,0.00,2.16,0.96,0.00,0.77,0.82,0.00,0.77,1.83,0.00,0.00,3.57,2.69,0.00,0.00,0.00,0.00,0.94,0.81,0.00,0.00,0.00,0.00,0.00,0.00,0.00,0.00,0.92,0.47,0.71,1.89,0.99,0.71,1.57,1.06,0.00,2.33,0.00,0.00,0.00,0.00,0.00,0.00,0.00,0.00,0.00,0.00
1834.0,-2.000,7.000,0.000,0.000,0.000,0,0,0.807,0,0.201,0.177,0.237,0.262,0.645,4.33,1.52,1.21,10.10,10.10,5.61,4.84,17.32,8.66,7.64,4.05,0.77,1.20,2.19,0.37,0.07,0.05,0.00,2.89,1.66,1.17,0.00,0.00,2.53,10.10,0.00,0.00,1.62,0.00,2.23,1.57,3.19,0.00,3.29,2.37,0.00,0.00,0.00,0.00,0.00,2.89,0.00,0.00,0.00,0.00,0.00,0.00,0.00,0.00,0.00,0.00,0.00,0.00,0.00,0.00,0.00,0.00,0.00,0.00,0.00,0.00,0.00,0.00,0.00,0.00,0.00,0.00,0.00,0.00,0.00,0.00,0.00,0.00,0.00,0.00,0.00,0.00,0.00,0.00,0.00,0.00,0.00,0.00,0.00,0.00,0.00,0.00,0.00,0.00,0.00,0.00,0.00,0.00,0.00,0.00,21.16,1.45,0.00,1.73,2.58,2.58,12.27,11.82,0.00,0.00,0.00,0.00,1.03,2.05,0.00,0.00,2.51,0.40,0.00,3.28,0.00,0.00,0.00,0.00,0.00,0.00,0.00,0.00,0.00,0.00,0.00,0.00,0.00,0.00,0.00,0.00,5.05,0.00,0.00,0.00,0.00,0.00,0.00,0.00,0.00,0.00,0.00,0.00,0.00,0.00,0.00,0.00,0.00,0.00,0.00,0.00,0.00,0.00,0.00,0.00,60.61,60.61,60.61,0.00,0.00,30.30,0.00,0.00,0.00,0.00,0.00,0.00,0.00,0.00,0.00,0.00,0.00,0.00,0.00,0.00,0.00,60.61,0.00,60.61,0.00,0.00,60.61,0.00,0.00,0.00,60.61,60.61,0.00,60.61,60.61,0.00,0.00,0.00,0.00,0.00,0.00,0.00,0.00,0.00,0.00,0.00,0.00,0.00,0.00,0.00,0.00,0.00,0.00,0.00,0.00,0.00,0.00,0.00,0.00,0.00,0.00,0.00,0.00,0.00,0.00,0.00,0.00,0.00,0.00,0.00,0.00,0.00,0.00,0.00,0.00,0.00,0.00,0.00,0.74,0.00,0.00,0.00,0.00,0.00,0.00,0.81,0.00,0.60,0.17,3.39,2.71,2.23,3.03,0.00,0.00,3.46,3.31,4.54,1.76,0.00,0.00,0.00,0.00,0.00,0.00,0.00,0.00,9.09,1.44,0.85,0.00,0.00,0.62,1.61,0.00,0.00,0.00,0.00,0.00,2.98,0.93,1.14,0.00,1.15,1.14,0.00,0.00,1.78,4.04,0.00,0.00,0.00,0.00,1.02,0.97,0.00,0.00,0.00,0.00,0.00,0.00,6.73,0.00,1.84,0.47,2.14,0.63,0.99,2.14,0.52,0.53,0.00,0.00,0.00,0.00,0.00,0.00,0.00,0.00,0.00,0.00,0.00,0.00
1934.0,-2.000,7.000,0.000,0.000,0.000,0,0,0.808,0,0.332,0.367,0.279,0.217,0.908,0.00,1.45,0.88,5.05,0.00,3.93,4.27,0.00,8.66,3.55,3.52,0.73,0.99,3.29,1.47,0.07,0.14,0.00,0.00,1.19,2.11,0.00,0.00,12.63,10.10,0.00,0.00,2.42,0.81,1.41,1.72,0.00,0.00,2.91,3.04,0.00,0.00,0.00,0.00,0.00,2.89,0.00,0.00,3.03,6.38,0.00,0.00,0.00,0.00,0.00,0.00,0.00,0.00,0.00,0.00,0.00,0.00,0.00,0.00,0.00,0.00,0.00,0.00,0.00,0.00,0.00,0.00,0.00,0.00,0.00,0.00,0.00,0.00,0.00,0.00,0.00,0.00,0.00,0.00,0.00,0.00,0.00,0.00,0.00,0.00,0.00,0.00,0.00,0.00,0.00,0.00,0.00,0.00,0.00,0.00,21.16,1.45,0.00,5.19,2.93,3.05,13.43,12.57,0.00,0.00,0.00,0.00,2.05,0.00,0.00,0.00,1.88,1.20,0.00,0.00,0.00,0.00,0.00,0.00,0.00,0.00,0.00,0.00,0.00,0.00,0.00,0.00,0.00,121.21,0.00,0.00,0.00,0.00,0.00,0.00,0.00,0.00,0.00,0.00,0.00,0.00,0.00,0.00,0.00,0.00,0.00,0.00,0.00,0.00,0.00,0.00,0.00,0.00,60.61,30.30,121.21,121.21,0.00,60.61,0.00,0.00,0.00,0.00,0.00,0.00,0.00,0.00,0.00,0.00,0.00,0.00,0.00,0.00,0.00,0.00,0.00,60.61,0.00,0.00,0.00,0.00,0.00,0.00,60.61,0.00,0.00,0.00,0.00,121.21,40.40,0.00,0.00,0.00,0.00,0.00,0.00,0.00,0.00,0.00,0.00,0.00,0.00,0.00,0.00,0.00,0.00,0.00,0.00,0.00,0.00,0.00,0.00,0.00,0.00,0.00,0.00,0.00,0.00,0.00,0.00,0.00,0.00,0.00,0.00,0.00,0.00,0.00,0.00,0.00,0.00,0.00,0.00,0.48,0.99,0.00,0.00,0.00,0.00,0.00,0.00,1.62,0.00,0.60,1.21,3.11,3.00,2.47,3.31,0.00,0.00,1.79,3.99,5.36,3.52,0.00,0.00,0.00,0.93,0.00,2.02,0.00,0.00,0.00,0.72,0.43,23.31,30.30,1.25,0.54,0.00,0.00,0.00,2.16,3.85,0.99,0.96,1.41,0.00,1.28,0.91,0.00,0.00,2.67,5.39,0.00,0.00,0.00,0.00,1.02,1.11,0.00,0.00,0.00,0.00,0.00,0.00,2.24,2.33,0.92,0.00,0.71,0.00,0.99,0.71,1.04,2.66,2.33,0.00,0.00,0.00,0.00,0.00,0.00,0.00,0.00,0.00,0.00,0.00
2034.0,-2.000,7.000,0.000,0.000,0.000,0,0,0.808,0,0.063,0.069,0.053,0.041,0.171,8.66,1.01,0.61,0.00,15.15,4.21,3.13,8.66,0.00,4.62,3.00,1.20,1.11,1.83,1.10,0.07,0.09,0.00,0.00,1.19,0.47,0.00,0.00,5.05,6.31,0.00,0.00,0.00,0.81,1.87,1.59,0.00,0.00,2.07,1.33,0.00,0.00,0.00,0.00,0.00,2.89,0.00,4.04,3.03,0.00,0.00,0.00,0.00,0.00,0.00,0.00,0.00,0.00,0.00,0.00,0.00,0.00,0.00,0.00,0.00,0.00,0.00,0.00,0.00,0.00,0.00,0.00,0.00,0.00,0.00,0.00,0.00,0.00,0.00,0.00,0.00,0.00,0.00,0.00,0.00,0.00,0.00,0.00,0.00,0.00,0.00,0.00,0.00,0.00,0.00,0.00,0.00,0.00,0.00,0.00,22.59,1.09,3.11,1.73,2.45,2.91,12.59,11.61,0.00,0.00,0.00,0.00,0.00,0.00,0.00,0.00,0.31,1.40,3.28,0.00,0.00,0.00,0.00,0.00,0.00,0.00,0.00,0.00,0.00,0.00,0.00,0.00,0.00,0.00,0.00,60.61,0.00,2.64,0.00,0.00,0.00,0.00,0.00,0.00,0.00,0.00,0.00,0.00,0.00,0.00,0.00,0.00,0.00,0.00,0.00,0.00,0.00,0.00,0.00,0.00,0.00,0.00,0.00,0.00,0.00,0.00,0.00,0.00,0.00,0.00,60.61,0.00,0.00,0.00,0.00,0.00,0.00,0.00,0.00,0.00,0.00,0.00,0.00,0.00,0.00,0.00,0.00,0.00,0.00,0.00,0.00,0.00,0.00,0.00,0.00,0.00,0.00,0.00,0.00,0.00,0.00,0.00,0.00,0.00,0.00,0.00,0.00,0.00,0.00,0.00,0.00,0.00,0.00,0.00,0.00,0.00,0.00,0.00,0.00,0.00,0.00,0.00,0.00,0.00,0.00,0.00,0.00,0.00,0.00,0.00,0.00,0.00,0.00,0.00,0.00,0.00,0.00,0.00,0.00,0.00,0.00,0.00,0.00,0.00,0.00,0.00,1.25,1.00,0.69,3.28,3.11,1.98,2.75,0.00,0.00,3.59,2.07,1.65,3.52,0.00,0.00,0.00,0.00,0.00,0.00,1.01,0.00,1.01,0.72,1.71,0.00,0.00,0.00,0.54,0.00,0.00,0.00,0.00,0.96,0.99,0.66,1.21,0.00,1.15,1.37,0.00,0.00,3.57,6.73,0.00,0.00,13.47,0.00,0.89,0.93,0.00,0.00,0.00,0.00,0.00,0.00,2.24,2.33,0.00,1.41,2.14,1.89,0.00,0.71,0.52,1.59,0.00,0.00,0.00,0.00,0.00,0.00,0.00,0.00,0.00,0.00,0.00,0.00
2134.0,-2.000,7.000,0.000,0.000,0.000,0,0,0.808,0,0.092,0.105,0.072,0.008,0.032,0.00,1.23,0.94,15.15,10.10,7.30,5.12,8.66,0.00,6.22,3.52,0.94,0.99,1.46,4.78,0.09,0.14,0.00,0.00,0.95,0.70,0.00,0.00,3.79,5.05,0.00,0.00,1.62,0.81,1.44,1.49,0.00,3.11,0.85,1.04,0.00,0.00,0.00,0.00,2.89,0.00,0.00,0.00,0.00,0.00,0.00,0.00,0.00,0.00,0.00,0.00,0.00,0.00,0.00,0.00,0.00,0.00,0.00,0.00,0.00,0.00,0.00,0.00,0.00,0.00,0.00,0.00,0.00,0.00,0.00,0.00,0.00,0.00,0.00,0.00,0.00,0.00,0.00,0.00,0.00,0.00,0.00,0.00,0.00,0.00,0.00,0.00,0.00,0.00,0.00,0.00,0.00,0.00,0.00,0.00,23.31,0.36,0.00,0.00,3.47,3.24,13.01,12.46,0.00,0.00,0.00,0.00,1.03,0.00,0.00,0.00,0.94,0.60,0.00,1.64,0.00,0.00,0.00,0.00,0.00,0.00,0.00,0.00,0.00,0.00,0.00,0.00,0.00,0.00,0.00,0.00,0.00,0.00,0.00,0.00,0.00,0.00,0.00,0.00,0.00,0.00,0.00,0.00,0.00,0.00,0.00,0.00,0.00,0.00,0.00,0.00,0.00,0.00,0.00,0.00,0.00,0.00,0.00,0.00,0.00,0.00,0.00,0.00,0.00,0.00,60.61,0.00,0.00,0.00,0.00,0.00,0.00,0.00,0.00,0.00,0.00,0.00,0.00,0.00,0.00,0.00,0.00,0.00,0.00,0.00,0.00,0.00,0.00,0.00,0.00,0.00,0.00,0.00,0.00,0.00,0.00,0.00,0.00,0.00,0.00,0.00,0.00,0.00,0.00,0.00,0.00,0.00,0.00,0.00,0.00,0.00,0.00,0.00,0.00,0.00,0.00,0.00,0.00,0.00,0.00,0.00,0.00,0.00,0.00,0.00,0.00,0.00,0.00,0.00,0.00,0.00,0.00,0.00,0.00,0.00,0.00,0.00,0.00,0.00,0.00,0.81,0.00,1.00,1.04,2.65,2.89,2.97,2.48,0.00,0.00,3.33,3.03,2.06,2.47,0.00,0.00,0.00,0.00,0.00,0.00,3.03,0.00,0.00,0.72,0.85,0.00,0.00,0.62,1.07,17.32,0.00,0.00,0.00,0.00,0.00,0.62,0.94,0.00,0.64,0.57,0.00,0.00,1.78,2.69,0.00,0.00,0.00,0.00,0.83,0.94,0.00,0.00,0.00,0.00,0.00,0.00,2.24,0.00,1.38,0.00,0.00,0.63,0.00,0.00,0.52,2.13,2.33,0.00,0.00,0.00,0.00,0.00,0.00,0.00,0.00,0.00,0.00,0.00
2234.0,-2.000,7.000,0.000,0.000,0.000,0,0,0.809,0,0.079,0.090,0.064,0.087,0.006,0.00,1.45,1.75,10.10,10.10,3.93,5.12,25.97,0.00,6.22,3.52,1.67,1.54,4.75,1.47,0.12,0.02,2.89,2.89,1.43,1.17,0.00,0.00,6.31,7.58,0.00,0.00,0.81,0.00,1.99,1.82,1.59,3.11,2.35,1.99,0.00,0.00,0.00,0.00,0.00,2.89,4.66,0.00,6.06,0.00,0.00,0.00,0.00,0.00,0.00,0.00,0.00,0.00,0.00,0.00,0.00,0.00,0.00,0.00,0.00,0.00,0.00,0.00,0.00,0.00,0.00,0.00,0.00,0.00,0.00,0.00,0.00,0.00,0.00,0.00,0.00,0.00,0.00,0.00,0.00,0.00,0.00,0.00,0.00,0.00,0.00,0.00,0.00,0.00,0.00,0.00,0.00,0.00,0.00,0.00,16.50,1.45,0.00,0.00,2.45,2.63,13.06,12.14,0.00,0.00,0.00,0.00,1.03,0.00,0.00,0.00,0.63,0.40,0.00,0.00,0.00,0.00,0.00,0.00,0.00,0.00,0.00,0.00,0.00,0.00,0.00,0.00,0.00,0.00,0.00,0.00,5.05,2.64,0.00,0.00,0.00,0.00,0.00,0.00,0.00,0.00,0.00,0.00,0.00,0.00,0.00,0.00,0.00,0.00,0.00,0.00,0.00,0.00,0.00,0.00,0.00,0.00,0.00,0.00,0.00,0.00,0.00,0.00,0.00,0.00,0.00,0.00,0.00,0.00,0.00,0.00,0.00,0.00,0.00,0.00,0.00,0.00,0.00,0.00,0.00,0.00,0.00,0.00,0.00,0.00,0.00,0.00,0.00,0.00,0.00,0.00,0.00,0.00,0.00,0.00,0.00,0.00,0.00,0.00,0.00,0.00,0.00,0.00,0.00,0.00,0.00,0.00,0.00,0.00,0.00,0.00,0.00,0.00,0.00,0.00,0.00,0.00,0.00,0.00,0.00,0.00,0.00,0.00,0.00,0.00,0.00,0.00,0.00,0.00,0.00,0.00,0.00,0.72,1.23,0.00,0.00,0.00,0.00,0.00,0.00,0.00,1.25,2.01,1.55,3.08,2.36,1.73,4.41,0.00,0.00,2.18,2.75,0.41,2.47,5.05,4.66,0.00,0.93,2.75,6.06,1.01,1.01,12.12,0.00,1.28,0.00,0.00,1.25,0.54,0.00,0.00,10.10,2.16,3.85,2.98,2.74,3.64,0.00,1.67,0.80,0.00,0.00,2.67,2.69,0.00,0.00,6.73,0.00,1.71,1.33,0.00,0.00,0.00,0.00,0.00,0.00,0.00,2.33,1.38,0.00,2.85,2.53,2.98,0.71,1.04,2.13,0.00,2.33,0.00,0.00,0.00,0.00,0.00,0.00,0.00,0.00,0.00,0.00
2334.0,-2.000,7.000,0.000,0.000,0.000,0,0,0.809,0,0.201,0.164,0.257,0.396,0.001,0.00,1.30,0.81,10.10,10.10,8.14,4.55,8.66,8.66,5.69,2.82,0.81,1.16,0.73,3.31,0.05,0.14,0.00,0.00,0.48,0.94,0.00,0.00,2.53,0.00,0.00,0.00,0.81,0.81,1.70,1.67,0.00,0.00,2.07,3.13,0.00,0.00,20.20,0.00,2.89,2.89,0.00,0.00,0.00,0.00,0.00,0.00,0.00,0.00,0.00,0.00,0.00,0.00,0.00,0.00,0.00,0.00,0.00,0.00,0.00,0.00,0.00,0.00,0.00,0.00,0.00,0.00,0.00,0.00,0.00,0.00,0.00,0.00,0.00,0.00,0.00,0.00,0.00,0.00,0.00,0.00,0.00,0.00,0.00,0.00,0.00,0.00,0.00,0.00,0.00,0.00,0.00,0.00,0.00,0.00,18.29,1.09,1.55,0.00,2.18,3.14,13.22,12.41,0.00,0.00,4.66,7.58,1.03,3.08,0.00,0.00,0.31,1.20,0.00,0.00,0.00,0.00,0.00,0.00,0.00,0.00,0.00,0.00,0.00,0.00,0.00,0.00,0.00,0.00,0.00,0.00,2.53,2.64,0.00,0.00,0.00,0.00,0.00,0.00,0.00,0.00,0.00,0.00,0.00,0.00,0.00,0.00,0.00,0.00,0.00,0.00,0.00,0.00,0.00,0.00,0.00,0.00,0.00,0.00,0.00,0.00,0.00,0.00,0.00,0.00,0.00,0.00,0.00,0.00,0.00,0.00,0.00,0.00,0.00,0.00,0.00,0.00,0.00,0.00,0.00,0.00,0.00,0.00,90.91,0.00,60.61,60.61,0.00,0.00,0.00,0.00,0.00,0.00,0.00,0.00,0.00,0.00,0.00,0.00,0.00,0.00,0.00,0.00,0.00,0.00,0.00,0.00,0.00,0.00,0.00,0.00,0.00,0.00,0.00,0.00,0.00,0.00,0.00,0.00,0.00,0.00,0.00,0.00,0.00,0.00,0.00,0.00,0.00,0.00,0.00,0.00,0.00,0.24,0.99,0.00,3.79,0.00,0.00,0.00,0.00,0.00,0.62,0.60,1.90,2.82,2.98,4.21,2.75,0.00,0.00,2.69,2.75,2.89,4.23,0.00,4.66,0.00,3.73,2.75,0.00,2.02,0.00,1.01,0.00,0.85,0.00,30.30,1.87,0.54,8.66,0.00,0.00,2.16,0.00,0.99,0.69,0.98,0.00,1.03,0.91,0.00,30.30,1.78,2.69,0.00,0.00,0.00,0.00,1.27,1.61,0.00,0.00,0.00,0.00,0.00,0.00,2.24,0.00,0.46,0.47,1.43,3.79,1.99,1.43,0.52,0.00,2.33,11.66,0.00,0.00,0.00,0.00,0.00,0.00,0.00,0.00,0.00,0.00
2434.0,-2.000,7.000,0.000,0.000,0.000,0,0,0.810,0,0.038,0.031,0.048,0.144,0.464,0.00,1.16,0.61,5.05,10.10,5.89,4.84,8.66,8.66,4.27,3.35,0.73,0.77,2.56,2.20,0.00,0.05,0.00,2.89,0.00,0.70,0.00,0.00,2.53,1.26,0.00,0.00,1.62,0.81,1.24,1.27,4.78,3.11,1.69,0.28,0.00,0.00,0.00,0.00,2.89,2.89,0.00,4.04,0.00,0.00,0.00,0.00,0.00,0.00,0.00,0.00,0.00,0.00,0.00,0.00,0.00,0.00,0.00,0.00,0.00,0.00,0.00,0.00,0.00,0.00,0.00,0.00,0.00,0.00,0.00,0.00,0.00,0.00,0.00,0.00,0.00,0.00,0.00,0.00,0.00,0.00,0.00,0.00,0.00,0.00,0.00,0.00,0.00,0.00,0.00,0.00,0.00,0.00,0.00,0.00,19.72,0.73,0.00,1.73,2.89,3.14,11.63,11.45,0.00,0.00,0.00,0.00,1.03,0.00,0.00,0.00,1.26,0.60,3.28,0.00,15.15,0.00,0.00,0.00,0.00,0.00,0.00,0.00,0.00,0.00,0.00,0.00,0.00,0.00,0.00,0.00,0.00,2.64,0.00,0.00,0.00,0.00,0.00,0.00,0.00,0.00,0.00,0.00,0.00,0.00,0.00,0.00,0.00,0.00,0.00,0.00,0.00,0.00,0.00,0.00,0.00,0.00,0.00,0.00,0.00,0.00,0.00,0.00,0.00,0.00,0.00,0.00,0.00,0.00,0.00,0.00,0.00,0.00,0.00,0.00,0.00,0.00,0.00,0.00,0.00,0.00,0.00,0.00,0.00,0.00,0.00,0.00,0.00,0.00,0.00,0.00,0.00,0.00,0.00,0.00,0.00,0.00,0.00,0.00,0.00,0.00,0.00,0.00,0.00,0.00,0.00,0.00,0.00,0.00,0.00,0.00,0.00,0.00,0.00,0.00,0.00,0.00,0.00,0.00,0.00,0.00,0.00,0.00,0.00,0.00,0.00,0.00,0.00,0.00,0.00,0.00,0.00,0.00,0.00,0.00,0.00,0.00,0.00,0.00,0.00,0.81,0.62,1.61,0.35,3.11,2.65,3.71,3.86,0.00,0.00,3.59,2.20,3.30,3.17,0.00,0.00,0.00,0.00,0.00,0.00,1.01,1.01,0.00,0.72,0.43,0.00,0.00,1.25,0.54,0.00,8.66,0.00,0.00,0.00,0.99,0.81,0.55,0.00,0.77,1.26,0.00,0.00,6.24,2.69,0.00,0.00,6.73,0.00,0.84,0.92,0.00,0.00,0.00,0.00,0.00,0.00,0.00,0.00,0.46,0.47,1.43,0.00,0.00,0.71,0.00,0.53,0.00,0.00,0.00,0.00,0.00,0.00,0.00,0.00,0.00,0.00,0.00,0.00
2534.0,-2.000,7.000,0.000,0.000,0.000,0,0,0.810,0,0.180,0.154,0.219,0.167,0.266,0.00,1.52,0.61,5.05,10.10,3.65,3.98,17.32,0.00,6.22,3.17,0.47,0.60,1.46,0.73,0.05,0.05,2.89,5.77,1.90,0.94,0.00,0.00,2.53,2.53,0.00,0.00,0.81,2.42,1.55,1.50,0.00,3.11,0.94,1.99,0.00,0.00,0.00,20.20,0.00,0.00,4.66,0.00,0.00,0.00,0.00,0.00,0.00,0.00,0.00,0.00,0.00,0.00,0.00,0.00,0.00,0.00,0.00,0.00,0.00,0.00,0.00,0.00,0.00,0.00,0.00,0.00,0.00,0.00,0.00,0.00,0.00,0.00,0.00,0.00,0.00,0.00,0.00,0.00,0.00,0.00,0.00,0.00,0.00,0.00,0.00,0.00,0.00,0.00,0.00,0.00,0.00,0.00,0.00,0.00,20.08,2.18,0.00,0.00,2.76,3.52,11.58,11.39,0.00,0.00,0.00,3.79,2.05,0.00,0.00,0.00,0.63,0.60,1.64,0.00,0.00,0.00,0.00,0.00,0.00,0.00,0.00,0.00,0.00,0.00,0.00,0.00,0.00,60.61,0.00,0.00,2.53,2.64,0.00,0.00,0.00,0.00,0.00,0.00,0.00,0.00,0.00,0.00,0.00,0.00,0.00,0.00,0.00,0.00,0.00,0.00,0.00,0.00,0.00,0.00,0.00,0.00,0.00,0.00,0.00,0.00,0.00,0.00,0.00,0.00,0.00,0.00,0.00,0.00,0.00,0.00,0.00,0.00,0.00,0.00,0.00,0.00,0.00,0.00,0.00,0.00,0.00,0.00,0.00,0.00,0.00,0.00,0.00,0.00,0.00,0.00,0.00,0.00,0.00,0.00,0.00,0.00,0.00,0.00,0.00,0.00,0.00,0.00,0.00,0.00,0.00,0.00,0.00,0.00,0.00,0.00,0.00,0.00,0.00,0.00,0.00,0.00,0.00,0.00,0.00,0.00,0.00,0.00,0.00,0.00,0.00,0.00,0.00,0.00,0.00,0.00,0.00,0.00,0.49,0.00,0.00,0.00,0.00,0.00,0.00,0.00,1.25,0.20,1.21,2.34,3.00,2.47,3.31,0.00,0.00,2.05,2.34,3.30,3.52,0.00,4.66,0.00,0.00,0.00,2.02,0.00,1.01,0.00,2.16,0.85,0.00,0.00,0.62,0.54,0.00,0.00,0.00,2.16,0.00,0.00,1.27,0.94,0.00,0.90,0.57,0.00,0.00,4.46,5.39,0.00,8.66,6.73,6.06,0.73,0.89,0.00,0.00,0.00,0.00,60.61,0.00,0.00,4.66,1.38,0.47,0.71,0.63,1.99,2.14,1.04,2.13,2.33,0.00,0.00,0.00,0.00,0.00,0.00,0.00,0.00,0.00,0.00,0.00
2634.0,-2.000,7.000,0.000,0.000,0.000,0,0,0.810,0,0.259,0.204,0.341,0.234,0.050,0.00,2.10,1.21,5.05,0.00,3.65,6.26,0.00,0.00,3.73,3.52,0.94,0.86,2.56,1.84,0.07,0.00,0.00,0.00,0.95,1.64,0.00,0.00,3.79,1.26,0.00,0.00,0.81,3.23,1.63,1.25,0.00,0.00,2.07,1.52,0.00,0.00,0.00,0.00,0.00,2.89,4.66,0.00,0.00,0.00,0.00,0.00,0.00,0.00,0.00,0.00,0.00,0.00,0.00,0.00,0.00,0.00,0.00,0.00,0.00,0.00,0.00,0.00,0.00,0.00,0.00,0.00,0.00,0.00,0.00,0.00,0.00,0.00,0.00,0.00,0.00,0.00,0.00,0.00,0.00,0.00,0.00,0.00,0.00,0.00,0.00,0.00,0.00,0.00,0.00,0.00,0.00,0.00,0.00,0.00,21.88,1.09,1.55,1.73,2.80,3.14,13.12,11.07,15.15,0.00,0.00,0.00,0.00,0.00,0.00,0.00,0.94,1.61,1.64,0.00,0.00,0.00,0.00,0.00,0.00,0.00,0.00,0.00,0.00,0.00,0.00,0.00,0.00,0.00,0.00,0.00,2.53,0.00,0.00,0.00,0.00,0.00,0.00,0.00,0.00,0.00,0.00,0.00,0.00,0.00,0.00,0.00,0.00,0.00,0.00,0.00,60.61,30.30,0.00,0.00,0.00,0.00,0.00,0.00,0.00,0.00,0.00,0.00,0.00,0.00,60.61,0.00,0.00,0.00,0.00,0.00,0.00,0.00,0.00,0.00,60.61,30.30,60.61,60.61,0.00,0.00,60.61,0.00,0.00,0.00,0.00,0.00,0.00,60.61,0.00,0.00,0.00,0.00,0.00,0.00,0.00,0.00,0.00,0.00,0.00,0.00,0.00,0.00,0.00,0.00,0.00,0.00,0.00,0.00,0.00,0.00,0.00,0.00,0.00,0.00,0.00,0.00,0.00,0.00,0.00,0.00,0.00,0.00,0.00,0.00,0.00,0.00,0.00,0.00,0.00,0.00,0.00,0.72,0.00,0.00,0.00,0.00,0.00,0.00,0.00,0.00,0.62,0.80,1.21,2.37,3.16,2.23,2.75,0.00,0.00,3.84,2.07,2.06,1.41,0.00,0.00,0.00,0.93,0.92,0.00,0.00,1.01,1.01,0.72,1.28,0.00,0.00,0.62,0.00,0.00,0.00,0.00,0.00,0.96,0.99,0.81,0.94,0.00,1.03,0.57,0.00,0.00,1.78,5.39,0.00,0.00,0.00,0.00,0.98,1.03,0.00,0.00,0.00,0.00,0.00,0.00,0.00,0.00,0.00,0.00,0.71,0.00,0.00,1.43,2.09,0.00,2.33,2.33,0.00,0.00,0.00,0.00,0.00,0.00,0.00,0.00,0.00,0.00
2734.0,-2.000,7.000,0.000,0.000,0.000,0,0,0.811,0,0.055,0.039,0.079,0.166,0.009,0.00,1.52,1.01,5.05,10.10,5.89,6.54,17.32,0.00,4.80,2.64,0.99,0.94,1.46,1.47,0.07,0.09,0.00,5.77,0.95,2.11,0.00,0.00,3.79,15.15,0.00,0.00,2.42,1.62,1.94,2.25,1.59,0.00,2.63,2.56,0.00,0.00,20.20,40.40,0.00,0.00,9.32,0.00,0.00,0.00,0.00,0.00,0.00,0.00,0.00,0.00,0.00,0.00,0.00,0.00,0.00,0.00,0.00,0.00,0.00,0.00,0.00,0.00,0.00,0.00,0.00,0.00,0.00,0.00,0.00,0.00,0.00,0.00,0.00,0.00,0.00,0.00,0.00,0.00,0.00,0.00,0.00,0.00,0.00,0.00,0.00,0.00,0.00,0.00,0.00,0.00,0.00,0.00,0.00,0.00,22.23,1.81,1.55,1.73,2.98,3.00,14.12,12.46,0.00,0.00,0.00,0.00,2.05,1.03,0.00,0.00,0.31,1.00,1.64,0.00,0.00,0.00,0.00,0.00,0.00,0.00,0.00,0.00,0.00,0.00,0.00,0.00,0.00,0.00,0.00,0.00,0.00,2.64,0.00,0.00,0.00,0.00,0.00,0.00,0.00,0.00,0.00,0.00,0.00,0.00,0.00,0.00,0.00,0.00,0.00,0.00,0.00,0.00,0.00,0.00,0.00,0.00,0.00,0.00,0.00,0.00,0.00,0.00,0.00,0.00,0.00,0.00,0.00,0.00,0.00,0.00,0.00,0.00,0.00,0.00,0.00,0.00,0.00,0.00,0.00,0.00,0.00,0.00,0.00,0.00,60.61,0.00,0.00,0.00,0.00,0.00,0.00,0.00,0.00,0.00,0.00,0.00,0.00,0.00,0.00,0.00,0.00,0.00,0.00,0.00,0.00,0.00,0.00,0.00,0.00,0.00,0.00,0.00,0.00,0.00,0.00,0.00,0.00,0.00,0.00,0.00,0.00,0.00,0.00,0.00,0.00,0.00,0.00,0.00,0.00,0.00,0.00,0.24,0.25,0.00,0.00,0.00,0.00,0.00,0.00,0.81,0.62,1.61,1.21,3.22,3.00,3.96,1.38,0.00,0.00,3.46,2.62,4.54,1.76,0.00,0.00,0.00,3.73,1.84,0.00,1.01,0.00,0.00,1.44,2.99,0.00,0.00,1.87,1.07,0.00,0.00,10.10,2.16,0.96,0.00,1.27,0.86,0.00,0.38,0.57,0.00,0.00,3.57,1.35,7.58,0.00,0.00,0.00,1.23,1.02,0.00,0.00,0.00,0.00,0.00,0.00,0.00,2.33,0.46,0.94,2.14,1.26,0.00,1.43,1.57,1.06,0.00,0.00,0.00,0.00,0.00,0.00,0.00,0.00,0.00,0.00,0.00,0.00
2834.0,-2.000,7.000,0.000,0.000,0.000,0,0,0.811,0,0.129,0.174,0.060,0.193,0.037,0.00,1.59,0.88,10.10,10.10,4.49,2.85,8.66,8.66,6.75,2.29,1.20,1.29,2.19,0.73,0.14,0.09,0.00,2.89,0.95,1.17,0.00,0.00,10.10,5.05,0.00,0.00,0.00,1.62,1.56,1.52,0.00,0.00,2.44,1.99,0.00,0.00,0.00,0.00,0.00,0.00,4.66,0.00,0.00,0.00,0.00,0.00,0.00,0.00,0.00,0.00,0.00,0.00,0.00,0.00,0.00,0.00,0.00,0.00,0.00,0.00,0.00,0.00,0.00,0.00,0.00,0.00,0.00,0.00,0.00,0.00,0.00,0.00,0.00,0.00,0.00,0.00,0.00,0.00,0.00,0.00,0.00,0.00,0.00,0.00,0.00,0.00,0.00,0.00,0.00,0.00,0.00,0.00,0.00,0.00,19.72,0.00,0.00,0.00,3.20,2.63,13.49,12.46,0.00,0.00,0.00,0.00,1.03,0.00,0.00,0.00,0.31,1.20,1.64,0.00,15.15,7.58,0.00,0.00,0.00,0.00,60.61,0.00,0.00,0.00,0.00,0.00,0.00,60.61,60.61,0.00,0.00,0.00,0.00,0.00,0.00,0.00,0.00,0.00,0.00,0.00,0.00,0.00,0.00,0.00,0.00,0.00,0.00,0.00,0.00,0.00,0.00,0.00,0.00,0.00,0.00,0.00,0.00,0.00,0.00,0.00,0.00,0.00,0.00,0.00,0.00,0.00,0.00,0.00,0.00,0.00,0.00,0.00,0.00,0.00,0.00,0.00,0.00,0.00,0.00,0.00,0.00,0.00,90.91,0.00,60.61,0.00,0.00,60.61,0.00,0.00,0.00,0.00,0.00,0.00,0.00,0.00,0.00,0.00,0.00,0.00,0.00,0.00,0.00,0.00,0.00,0.00,0.00,0.00,0.00,0.00,0.00,0.00,0.00,0.00,0.00,0.00,0.00,0.00,0.00,0.00,0.00,0.00,0.00,0.00,0.00,0.00,0.00,0.00,0.00,0.00,0.00,0.48,0.49,0.00,0.00,0.00,0.00,0.00,0.02,0.00,0.00,0.60,1.73,2.82,2.98,2.47,2.75,0.00,0.00,2.43,2.75,1.65,4.93,5.05,4.66,0.00,0.93,0.00,5.05,2.02,0.00,8.08,0.72,0.43,0.00,0.00,0.62,0.54,0.00,0.00,0.00,2.16,0.96,0.99,1.04,1.53,0.00,0.90,1.03,0.00,0.00,2.67,2.69,0.00,0.00,6.73,0.00,1.08,1.18,0.00,0.00,0.00,0.00,0.00,0.00,0.00,0.00,0.92,0.47,2.85,2.53,1.99,2.85,1.57,1.59,0.00,0.00,0.00,0.00,0.00,0.00,0.00,0.00,0.00,0.00,0.00,0.00
2934.0,-2.000,7.000,0.000,0.000,0.000,0,0,0.812,0,0.060,0.073,0.041,0.129,0.324,0.00,0.87,0.74,5.05,0.00,2.53,3.70,0.00,0.00,3.91,3.52,0.81,1.11,1.46,2.20,0.16,0.09,0.00,5.77,0.95,0.70,0.00,0.00,5.05,1.26,0.00,0.00,0.81,0.81,1.06,0.94,0.00,0.00,1.13,1.52,0.00,0.00,20.20,0.00,0.00,0.00,0.00,0.00,0.00,0.00,0.00,0.00,0.00,0.00,0.00,0.00,0.00,0.00,0.00,0.00,0.00,0.00,0.00,0.00,0.00,0.00,0.00,0.00,0.00,0.00,0.00,0.00,0.00,0.00,0.00,0.00,0.00,0.00,0.00,0.00,0.00,0.00,0.00,0.00,0.00,0.00,0.00,0.00,0.00,0.00,0.00,0.00,0.00,0.00,0.00,0.00,0.00,0.00,0.00,0.00,16.50,1.09,1.55,0.00,2.71,2.25,13.86,11.23,0.00,30.30,9.32,3.79,0.00,1.03,0.00,0.00,0.31,0.60,0.00,0.00,0.00,0.00,0.00,0.00,0.00,0.00,0.00,0.00,0.00,0.00,0.00,0.00,0.00,0.00,0.00,0.00,0.00,2.64,0.00,0.00,0.00,0.00,0.00,0.00,0.00,0.00,0.00,0.00,0.00,0.00,0.00,0.00,0.00,0.00,0.00,0.00,0.00,0.00,0.00,0.00,0.00,0.00,0.00,0.00,0.00,0.00,0.00,0.00,0.00,0.00,0.00,0.00,0.00,0.00,0.00,0.00,0.00,0.00,0.00,0.00,0.00,0.00,0.00,0.00,0.00,0.00,0.00,0.00,0.00,0.00,0.00,0.00,0.00,0.00,0.00,0.00,0.00,0.00,0.00,0.00,0.00,0.00,0.00,0.00,0.00,0.00,0.00,0.00,0.00,0.00,0.00,0.00,0.00,0.00,0.00,0.00,0.00,0.00,0.00,0.00,0.00,0.00,0.00,0.00,0.00,0.00,0.00,0.00,0.00,0.00,0.00,0.00,0.00,0.00,0.00,0.00,0.00,0.24,0.25,0.00,0.00,0.00,0.00,0.00,0.00,0.00,0.00,1.40,1.21,3.19,2.87,1.98,2.48,0.00,0.00,2.43,3.31,4.54,3.17,0.00,0.00,30.30,0.00,0.00,0.00,1.01,2.02,0.00,1.44,0.85,0.00,0.00,0.62,0.00,0.00,8.66,10.10,0.00,0.00,0.00,1.04,0.98,0.00,0.77,1.03,0.00,0.00,0.89,5.39,0.00,0.00,0.00,0.00,1.15,0.92,0.00,0.00,0.00,0.00,0.00,0.00,2.24,2.33,2.30,1.88,1.43,2.53,0.99,0.71,0.00,0.53,0.00,0.00,0.00,0.00,0.00,0.00,0.00,0.00,0.00,0.00,0.00,0.00
3034.0,-2.000,7.000,0.000,0.000,0.000,0,0,0.812,0,0.095,0.124,0.052,0.164,0.097,0.00,1.08,0.81,0.00,10.10,3.09,3.98,17.32,8.66,6.40,4.76,0.90,0.86,1.10,0.73,0.21,0.12,0.00,5.77,0.71,1.17,0.00,0.00,2.53,2.53,0.00,0.00,0.00,0.00,2.11,2.03,1.59,3.11,2.54,2.18,0.00,0.00,0.00,0.00,0.00,0.00,0.00,0.00,0.00,0.00,0.00,0.00,0.00,0.00,0.00,0.00,0.00,0.00,0.00,0.00,0.00,0.00,0.00,0.00,0.00,0.00,0.00,0.00,0.00,0.00,0.00,0.00,0.00,0.00,0.00,0.00,0.00,0.00,0.00,0.00,0.00,0.00,0.00,0.00,0.00,0.00,0.00,0.00,0.00,0.00,0.00,0.00,0.00,0.00,0.00,0.00,0.00,0.00,0.00,0.00,16.85,1.09,0.00,0.00,2.80,2.77,12.53,9.74,0.00,0.00,0.00,3.79,1.03,1.03,0.00,0.00,0.63,1.20,0.00,0.00,0.00,0.00,0.00,0.00,0.00,0.00,0.00,0.00,0.00,0.00,0.00,0.00,0.00,0.00,0.00,0.00,2.53,2.64,0.00,0.00,0.00,0.00,0.00,0.00,0.00,0.00,0.00,0.00,0.00,0.00,0.00,0.00,0.00,0.00,0.00,0.00,0.00,0.00,0.00,0.00,0.00,0.00,0.00,0.00,0.00,0.00,0.00,0.00,0.00,0.00,60.61,0.00,0.00,0.00,0.00,0.00,0.00,0.00,0.00,0.00,0.00,0.00,0.00,0.00,0.00,0.00,0.00,0.00,0.00,0.00,0.00,0.00,0.00,0.00,0.00,0.00,0.00,0.00,0.00,0.00,0.00,0.00,0.00,0.00,0.00,0.00,0.00,0.00,0.00,0.00,0.00,0.00,0.00,0.00,0.00,0.00,0.00,0.00,0.00,0.00,0.00,0.00,0.00,0.00,0.00,0.00,0.00,0.00,0.00,0.00,0.00,0.00,0.00,0.00,0.00,0.00,0.00,0.24,0.25,0.00,0.00,0.00,0.00,0.00,0.00,0.00,0.62,1.61,1.04,2.42,3.59,1.24,1.65,0.00,0.00,3.08,2.62,3.30,2.47,0.00,0.00,0.00,0.00,0.00,0.00,0.00,0.00,0.00,1.44,1.71,0.00,0.00,0.00,1.61,0.00,8.66,10.10,0.00,1.92,2.98,0.73,0.63,0.00,0.90,0.91,0.00,0.00,0.89,5.39,0.00,0.00,0.00,0.00,1.17,1.12,0.00,0.00,0.00,0.00,0.00,0.00,4.49,2.33,0.46,1.41,1.43,3.16,0.99,1.43,1.57,1.06,0.00,0.00,0.00,0.00,0.00,0.00,0.00,0.00,0.00,0.00,0.00,0.00
3134.0,-2.000,7.000,0.000,0.000,0.000,0,0,0.812,0,0.147,0.116,0.194,0.202,0.132,0.00,1.08,0.67,5.05,10.10,6.17,5.98,8.66,0.00,6.22,4.05,1.07,0.81,1.46,1.84,0.07,0.05,0.00,0.00,0.95,0.47,0.00,0.00,5.05,5.05,0.00,0.00,1.62,0.81,1.23,1.12,0.00,1.55,0.75,0.76,0.00,0.00,0.00,0.00,0.00,2.89,0.00,4.04,0.00,3.19,0.00,30.30,0.00,0.00,0.00,0.00,0.00,0.00,0.00,0.00,0.00,0.00,0.00,0.00,0.00,0.00,0.00,0.00,0.00,0.00,0.00,0.00,0.00,0.00,0.00,0.00,0.00,0.00,0.00,0.00,0.00,0.00,0.00,0.00,0.00,0.00,0.00,0.00,0.00,0.00,0.00,0.00,0.00,0.00,0.00,0.00,0.00,0.00,0.00,0.00,19.72,1.81,1.55,1.73,2.89,2.58,13.75,12.84,0.00,0.00,0.00,3.79,0.00,1.03,0.00,0.00,0.63,0.40,3.28,0.00,0.00,0.00,0.00,0.00,0.00,0.00,0.00,0.00,0.00,0.00,0.00,0.00,0.00,0.00,0.00,0.00,0.00,2.64,0.00,0.00,0.00,0.00,0.00,0.00,0.00,0.00,0.00,0.00,0.00,0.00,0.00,0.00,0.00,0.00,0.00,0.00,0.00,0.00,0.00,0.00,0.00,0.00,0.00,0.00,0.00,0.00,0.00,0.00,0.00,0.00,0.00,0.00,0.00,0.00,0.00,0.00,0.00,0.00,0.00,0.00,0.00,0.00,0.00,0.00,0.00,0.00,0.00,0.00,0.00,0.00,0.00,0.00,0.00,0.00,0.00,0.00,0.00,0.00,0.00,0.00,0.00,0.00,0.00,0.00,0.00,0.00,0.00,0.00,0.00,0.00,0.00,0.00,0.00,0.00,0.00,0.00,0.00,0.00,0.00,0.00,0.00,0.00,0.00,0.00,0.00,0.00,0.00,0.00,0.00,0.00,0.00,0.00,0.00,0.00,0.00,0.00,0.00,0.24,0.00,0.00,0.00,0.00,0.00,0.00,0.00,0.00,1.25,0.80,0.86,2.88,3.00,3.22,2.20,0.00,0.00,3.20,4.13,2.47,2.47,0.00,0.00,0.00,0.00,2.75,0.00,0.00,1.01,7.07,2.16,0.43,0.00,0.00,0.62,0.54,0.00,0.00,0.00,2.16,0.00,0.00,1.12,0.94,0.00,0.64,1.03,0.00,0.00,0.89,4.04,0.00,0.00,6.73,0.00,1.19,1.11,0.00,0.00,0.00,0.00,0.00,0.00,0.00,2.33,0.46,1.41,0.71,0.63,1.99,2.14,1.57,2.13,0.00,2.33,0.00,0.00,0.00,0.00,0.00,0.00,0.00,0.00,0.00,0.00
3234.0,-2.000,7.000,0.000,0.000,0.000,0,0,0.813,0,0.205,0.204,0.207,0.214,0.187,8.66,1.59,1.01,15.15,10.10,4.77,6.26,8.66,8.66,6.04,3.70,0.81,0.64,2.19,2.20,0.16,0.09,8.66,0.00,1.43,0.94,0.00,0.00,6.31,7.58,0.00,0.00,0.00,1.62,2.32,2.04,0.00,0.00,4.79,2.09,0.00,0.00,20.20,20.20,0.00,0.00,0.00,4.04,3.03,0.00,0.00,0.00,0.00,0.00,0.00,0.00,0.00,0.00,0.00,0.00,0.00,0.00,0.00,0.00,0.00,0.00,0.00,0.00,0.00,0.00,0.00,0.00,0.00,0.00,0.00,0.00,0.00,0.00,0.00,0.00,0.00,0.00,0.00,0.00,0.00,0.00,0.00,0.00,0.00,0.00,0.00,0.00,0.00,0.00,0.00,0.00,0.00,0.00,0.00,0.00,19.37,1.09,0.00,3.46,2.58,2.58,11.95,12.57,0.00,0.00,0.00,3.79,1.03,1.03,0.00,0.00,1.26,0.60,0.00,0.00,0.00,0.00,0.00,0.00,0.00,0.00,0.00,0.00,0.00,0.00,0.00,0.00,60.61,60.61,0.00,0.00,2.53,0.00,0.00,0.00,0.00,0.00,0.00,0.00,0.00,0.00,0.00,0.00,0.00,0.00,0.00,0.00,0.00,0.00,0.00,0.00,0.00,0.00,0.00,0.00,0.00,0.00,0.00,0.00,60.61,60.61,0.00,0.00,0.00,0.00,0.00,0.00,0.00,0.00,0.00,0.00,0.00,0.00,0.00,0.00,0.00,30.30,0.00,60.61,0.00,0.00,0.00,0.00,60.61,0.00,60.61,0.00,0.00,60.61,0.00,0.00,60.61,0.00,0.00,0.00,0.00,0.00,0.00,0.00,0.00,0.00,0.00,0.00,0.00,0.00,0.00,0.00,0.00,0.00,0.00,0.00,0.00,0.00,0.00,0.00,0.00,0.00,0.00,0.00,0.00,0.00,0.00,0.00,0.00,0.00,0.00,0.00,0.00,0.00,0.00,0.00,0.00,0.72,1.23,0.00,0.00,0.00,0.00,0.00,0.00,0.81,0.00,1.81,1.04,3.19,2.65,1.73,2.20,0.00,0.00,4.10,1.65,2.06,2.47,0.00,0.00,30.30,0.00,0.00,0.00,0.00,0.00,0.00,2.16,1.71,0.00,0.00,0.00,1.07,0.00,0.00,0.00,0.00,0.00,0.99,1.00,0.63,0.00,1.15,1.14,0.00,0.00,6.24,1.35,0.00,0.00,0.00,6.06,1.26,1.07,0.00,0.00,0.00,0.00,0.00,0.00,2.24,2.33,0.00,0.47,1.43,1.26,0.99,0.71,1.04,1.06,0.00,0.00,0.00,0.00,0.00,0.00,0.00,0.00,0.00,0.00,0.00,0.00
3334.0,-2.000,7.000,0.000,0.000,0.000,0,0,0.813,0,0.353,0.476,0.167,0.233,0.035,0.00,1.16,1.01,0.00,5.05,4.21,5.41,0.00,0.00,5.51,3.00,0.77,0.81,0.37,2.57,0.09,0.14,0.00,2.89,0.71,1.17,0.00,0.00,10.10,7.58,0.00,0.00,0.00,1.62,1.40,1.51,1.59,3.11,1.03,1.33,0.00,0.00,0.00,0.00,0.00,0.00,0.00,0.00,0.00,0.00,0.00,0.00,0.00,0.00,0.00,0.00,0.00,0.00,0.00,0.00,0.00,0.00,0.00,0.00,0.00,0.00,0.00,0.00,0.00,0.00,0.00,0.00,0.00,0.00,0.00,0.00,0.00,0.00,0.00,0.00,0.00,0.00,0.00,0.00,0.00,0.00,0.00,0.00,0.00,0.00,0.00,0.00,0.00,0.00,0.00,0.00,0.00,0.00,0.00,0.00,19.37,0.73,0.00,1.73,3.29,2.86,12.48,10.86,15.15,0.00,0.00,0.00,1.03,1.03,0.00,0.00,0.94,0.60,0.00,1.64,0.00,0.00,0.00,0.00,0.00,0.00,0.00,0.00,0.00,0.00,0.00,0.00,0.00,0.00,0.00,0.00,2.53,0.00,0.00,0.00,0.00,0.00,0.00,0.00,0.00,0.00,0.00,0.00,0.00,0.00,0.00,0.00,0.00,0.00,0.00,0.00,0.00,0.00,0.00,0.00,0.00,0.00,0.00,0.00,0.00,0.00,0.00,0.00,0.00,0.00,0.00,0.00,0.00,0.00,0.00,0.00,0.00,0.00,0.00,0.00,0.00,0.00,0.00,0.00,0.00,0.00,0.00,0.00,30.30,0.00,0.00,0.00,60.61,60.61,0.00,0.00,0.00,0.00,0.00,0.00,0.00,0.00,0.00,0.00,0.00,0.00,0.00,0.00,0.00,0.00,0.00,0.00,0.00,0.00,0.00,0.00,0.00,0.00,0.00,0.00,0.00,0.00,0.00,0.00,0.00,0.00,0.00,0.00,0.00,0.00,0.00,0.00,0.00,0.00,0.00,0.00,0.00,0.00,0.25,0.00,0.00,0.00,0.00,0.00,0.00,0.81,0.00,1.00,0.86,2.99,3.14,2.97,3.86,0.00,0.00,3.33,2.62,4.54,3.52,0.00,0.00,0.00,0.00,0.00,0.00,4.04,0.00,2.02,0.00,0.43,0.00,12.12,1.25,0.00,0.00,0.00,0.00,0.00,0.00,0.00,0.66,0.39,0.00,1.03,1.26,0.00,0.00,0.00,1.35,0.00,0.00,0.00,0.00,0.90,1.02,0.00,0.00,0.00,0.00,0.00,0.00,0.00,0.00,0.92,1.41,0.00,1.89,1.99,1.43,1.04,0.53,0.00,4.66,0.00,0.00,0.00,0.00,0.00,0.00,0.00,0.00,0.00,0.00
3434.0,-2.000,7.000,0.000,0.000,0.000,0,0,0.814,0,0.221,0.265,0.156,0.097,0.099,0.00,1.01,1.08,5.05,10.10,3.37,6.54,8.66,0.00,4.80,2.29,0.90,0.64,1.10,1.84,0.14,0.05,0.00,2.89,1.19,0.47,0.00,0.00,5.05,3.79,0.00,0.00,1.62,0.81,1.27,1.08,0.00,0.00,1.41,0.57,0.00,0.00,0.00,0.00,0.00,0.00,0.00,4.04,0.00,0.00,0.00,0.00,0.00,0.00,0.00,0.00,0.00,0.00,0.00,0.00,0.00,0.00,0.00,0.00,0.00,0.00,0.00,0.00,0.00,0.00,0.00,0.00,0.00,0.00,0.00,0.00,0.00,0.00,0.00,0.00,0.00,0.00,0.00,0.00,0.00,0.00,0.00,0.00,0.00,0.00,0.00,0.00,0.00,0.00,0.00,0.00,0.00,0.00,0.00,0.00,21.88,1.81,0.00,1.73,3.07,2.77,13.17,12.89,0.00,0.00,0.00,0.00,0.00,1.03,0.00,0.00,0.94,1.00,0.00,1.64,0.00,0.00,0.00,0.00,0.00,0.00,0.00,0.00,0.00,0.00,0.00,0.00,0.00,0.00,0.00,0.00,5.05,0.00,0.00,0.00,0.00,0.00,0.00,0.00,0.00,0.00,0.00,0.00,0.00,0.00,0.00,0.00,0.00,0.00,0.00,0.00,0.00,0.00,0.00,0.00,0.00,0.00,0.00,0.00,0.00,0.00,0.00,0.00,0.00,0.00,0.00,0.00,0.00,0.00,0.00,0.00,0.00,0.00,0.00,0.00,0.00,0.00,60.61,0.00,0.00,0.00,0.00,60.61,0.00,0.00,0.00,0.00,60.61,0.00,0.00,0.00,0.00,0.00,0.00,0.00,0.00,0.00,0.00,0.00,0.00,0.00,0.00,0.00,0.00,0.00,0.00,0.00,0.00,0.00,0.00,0.00,0.00,0.00,0.00,0.00,0.00,0.00,0.00,0.00,0.00,0.00,0.00,0.00,0.00,0.00,0.00,0.00,0.00,0.00,0.00,0.00,0.00,0.00,0.00,0.00,0.00,0.00,0.00,0.00,0.00,0.81,0.00,0.60,1.55,2.62,3.08,2.72,4.96,0.00,0.00,2.43,2.48,4.54,2.11,0.00,0.00,0.00,0.00,0.92,0.00,1.01,0.00,0.00,1.44,1.28,0.00,6.06,2.50,1.07,0.00,0.00,10.10,0.00,0.00,0.99,0.50,0.59,0.00,1.28,0.57,0.00,0.00,2.67,1.35,0.00,0.00,0.00,0.00,0.78,0.89,0.00,0.00,0.00,0.00,0.00,0.00,0.00,0.00,0.46,0.47,1.43,0.63,0.00,0.00,1.04,1.06,2.33,0.00,0.00,0.00,0.00,0.00,0.00,0.00,0.00,0.00,0.00,0.00
3534.0,-2.000,7.000,0.000,0.000,0.000,0,0,0.814,0,0.164,0.172,0.151,0.140,0.019,0.00,1.16,1.42,0.00,10.10,7.58,5.41,25.97,0.00,6.04,5.29,1.03,0.69,1.83,1.47,0.09,0.12,2.89,5.77,0.71,1.64,0.00,0.00,5.05,2.53,0.00,0.00,1.62,0.81,1.63,1.46,0.00,3.11,5.36,0.76,0.00,0.00,0.00,0.00,0.00,2.89,9.32,4.04,0.00,0.00,0.00,0.00,0.00,0.00,0.00,0.00,0.00,0.00,0.00,0.00,0.00,0.00,0.00,0.00,0.00,0.00,0.00,0.00,0.00,0.00,0.00,0.00,0.00,0.00,0.00,0.00,0.00,0.00,0.00,0.00,0.00,0.00,0.00,0.00,0.00,0.00,0.00,0.00,0.00,0.00,0.00,0.00,0.00,0.00,0.00,0.00,0.00,0.00,0.00,0.00,19.37,0.73,1.55,0.00,2.80,2.86,15.07,12.25,0.00,0.00,4.66,3.79,1.03,1.03,0.00,0.00,0.63,0.40,0.00,0.00,0.00,7.58,0.00,0.00,0.00,0.00,60.61,0.00,0.00,0.00,0.00,0.00,0.00,0.00,0.00,0.00,7.58,0.00,0.00,0.00,0.00,0.00,0.00,0.00,0.00,0.00,0.00,0.00,0.00,0.00,0.00,0.00,0.00,0.00,0.00,0.00,0.00,0.00,0.00,0.00,0.00,0.00,0.00,0.00,0.00,0.00,0.00,0.00,0.00,0.00,0.00,0.00,0.00,0.00,0.00,0.00,0.00,0.00,0.00,0.00,0.00,60.61,0.00,60.61,0.00,0.00,0.00,0.00,0.00,0.00,60.61,0.00,0.00,60.61,0.00,0.00,0.00,0.00,0.00,0.00,0.00,0.00,0.00,0.00,0.00,0.00,0.00,0.00,0.00,0.00,0.00,0.00,0.00,0.00,0.00,0.00,0.00,0.00,0.00,0.00,0.00,0.00,0.00,0.00,0.00,0.00,0.00,0.00,0.00,0.00,0.00,0.00,0.00,0.00,0.00,0.00,0.00,0.24,0.00,3.28,0.00,0.00,0.00,0.00,0.00,0.00,0.62,1.40,0.52,2.82,3.22,3.22,3.31,0.00,0.00,2.43,3.03,3.30,3.17,10.10,0.00,0.00,0.00,0.00,0.00,0.00,0.00,0.00,0.00,0.85,0.00,0.00,0.00,1.07,0.00,0.00,0.00,0.00,0.00,0.00,0.89,1.02,0.00,1.67,0.57,0.00,0.00,4.46,0.00,0.00,0.00,0.00,6.06,1.26,0.99,0.00,0.00,0.00,0.00,0.00,0.00,0.00,0.00,0.46,0.94,2.14,0.00,0.99,0.71,1.04,1.06,2.33,0.00,0.00,0.00,0.00,0.00,0.00,0.00,0.00,0.00,0.00,0.00
3634.0,-2.000,7.000,0.000,0.000,0.000,0,0,0.814,0,0.454,0.489,0.401,0.399,0.004,0.00,1.37,1.08,10.10,15.15,5.89,4.55,17.32,0.00,7.11,3.52,0.94,0.69,1.83,1.10,0.19,0.05,2.89,0.00,0.95,0.94,0.00,0.00,1.26,3.79,0.00,0.00,1.62,0.81,1.88,1.57,0.00,0.00,3.57,3.61,0.00,0.00,20.20,0.00,0.00,0.00,0.00,4.04,0.00,0.00,0.00,0.00,0.00,0.00,0.00,0.00,0.00,0.00,0.00,0.00,0.00,0.00,0.00,0.00,0.00,0.00,0.00,0.00,0.00,0.00,0.00,0.00,0.00,0.00,0.00,0.00,0.00,0.00,0.00,0.00,0.00,0.00,0.00,0.00,0.00,0.00,0.00,0.00,0.00,0.00,0.00,0.00,0.00,0.00,0.00,0.00,0.00,0.00,0.00,0.00,21.16,0.36,0.00,0.00,3.51,3.00,12.38,12.84,0.00,0.00,4.66,0.00,1.03,5.14,0.00,0.00,1.26,1.20,0.00,0.00,0.00,0.00,0.00,0.00,0.00,0.00,0.00,0.00,0.00,0.00,0.00,0.00,0.00,0.00,0.00,0.00,0.00,2.64,0.00,0.00,0.00,0.00,0.00,0.00,0.00,0.00,0.00,0.00,0.00,0.00,0.00,0.00,0.00,0.00,0.00,0.00,0.00,0.00,0.00,0.00,0.00,0.00,0.00,0.00,0.00,0.00,0.00,0.00,0.00,0.00,0.00,0.00,0.00,0.00,0.00,0.00,0.00,0.00,0.00,0.00,0.00,60.61,121.21,121.21,0.00,0.00,60.61,60.61,151.52,0.00,121.21,60.61,60.61,121.21,0.00,0.00,0.00,0.00,0.00,0.00,0.00,0.00,0.00,0.00,0.00,0.00,0.00,0.00,0.00,0.00,0.00,0.00,0.00,0.00,0.00,0.00,0.00,0.00,0.00,0.00,0.00,0.00,0.00,0.00,0.00,0.00,0.00,0.00,0.00,0.00,0.00,0.00,0.00,0.00,0.00,0.00,0.00,0.24,0.49,0.00,0.00,0.00,0.00,0.00,0.00,1.62,0.00,1.20,2.07,3.19,3.03,4.95,3.86,10.10,0.00,2.82,2.75,3.71,2.47,0.00,0.00,0.00,0.93,0.00,1.01,2.02,2.02,1.01,0.00,0.43,18.65,12.12,1.25,0.54,0.00,8.66,0.00,0.00,5.77,0.00,2.35,2.35,0.00,1.03,0.91,0.00,0.00,5.35,1.35,0.00,0.00,0.00,0.00,1.37,1.43,0.00,0.00,0.00,0.00,0.00,0.00,0.00,0.00,0.92,1.41,0.71,1.89,1.99,0.00,2.61,2.13,9.32,2.33,0.00,0.00,0.00,0.00,0.00,0.00,0.00,0.00,0.00,0.00
3734.0,-2.000,7.000,0.000,0.000,0.000,0,0,0.815,0,0.155,0.194,0.096,0.121,0.001,0.00,1.45,0.94,10.10,15.15,5.61,5.12,17.32,0.00,5.51,3.17,0.90,1.16,1.83,0.73,0.09,0.16,0.00,0.00,1.66,0.47,0.00,0.00,5.05,5.05,0.00,0.00,0.81,0.81,1.30,1.18,0.00,0.00,1.69,1.23,0.00,0.00,0.00,0.00,0.00,0.00,0.00,0.00,0.00,0.00,0.00,0.00,0.00,0.00,0.00,0.00,0.00,0.00,0.00,0.00,0.00,0.00,0.00,0.00,0.00,0.00,0.00,0.00,0.00,0.00,0.00,0.00,0.00,0.00,0.00,0.00,0.00,0.00,0.00,0.00,0.00,0.00,0.00,0.00,0.00,0.00,0.00,0.00,0.00,0.00,0.00,0.00,0.00,0.00,0.00,0.00,0.00,0.00,0.00,0.00,21.52,0.73,1.55,0.00,2.80,2.53,12.96,12.41,0.00,0.00,0.00,0.00,0.00,2.05,0.00,0.00,0.31,0.80,0.00,0.00,0.00,0.00,0.00,0.00,0.00,0.00,0.00,0.00,0.00,0.00,0.00,0.00,0.00,0.00,0.00,0.00,2.53,0.00,0.00,0.00,0.00,0.00,0.00,0.00,0.00,0.00,0.00,0.00,0.00,0.00,0.00,0.00,0.00,0.00,0.00,0.00,0.00,0.00,0.00,0.00,0.00,0.00,0.00,0.00,0.00,0.00,0.00,0.00,0.00,0.00,0.00,0.00,0.00,0.00,0.00,0.00,0.00,0.00,0.00,0.00,0.00,0.00,0.00,0.00,0.00,0.00,0.00,0.00,0.00,0.00,0.00,0.00,0.00,0.00,0.00,0.00,0.00,0.00,0.00,0.00,0.00,0.00,0.00,0.00,0.00,0.00,0.00,0.00,0.00,0.00,0.00,0.00,0.00,0.00,0.00,0.00,0.00,0.00,0.00,0.00,0.00,0.00,0.00,0.00,0.00,0.00,0.00,0.00,0.00,0.00,0.00,0.00,0.00,0.00,0.00,0.00,0.00,0.00,0.00,0.00,0.00,0.00,0.00,0.00,0.00,0.00,0.00,1.20,1.21,2.60,2.89,1.98,3.86,0.00,0.00,1.41,2.62,2.89,3.88,0.00,0.00,0.00,0.00,0.00,0.00,1.01,0.00,0.00,1.44,1.28,0.00,0.00,1.25,1.07,0.00,0.00,0.00,0.00,0.96,0.99,1.31,0.59,0.00,0.51,1.03,0.00,0.00,5.35,4.04,0.00,0.00,0.00,0.00,1.04,0.96,0.00,0.00,0.00,0.00,0.00,0.00,2.24,2.33,0.00,1.88,0.71,0.63,0.00,0.00,3.13,0.53,2.33,0.00,0.00,0.00,0.00,0.00,0.00,0.00,0.00,0.00,0.00,0.00
3834.0,-2.000,7.000,0.000,0.000,0.000,0,0,0.815,0,0.202,0.265,0.108,0.116,0.580,4.33,0.87,1.01,10.10,5.05,7.01,3.70,8.66,0.00,6.22,1.94,0.86,1.03,0.73,0.37,0.14,0.12,5.77,0.00,1.90,1.17,0.00,0.00,3.79,3.79,0.00,0.00,0.00,1.62,1.30,1.10,1.59,1.55,1.13,0.76,0.00,0.00,0.00,0.00,2.89,5.77,0.00,0.00,0.00,0.00,0.00,0.00,0.00,0.00,0.00,0.00,0.00,0.00,0.00,0.00,0.00,0.00,0.00,0.00,0.00,0.00,0.00,0.00,0.00,0.00,0.00,0.00,0.00,0.00,0.00,0.00,0.00,0.00,0.00,0.00,0.00,0.00,0.00,0.00,0.00,0.00,0.00,0.00,0.00,0.00,0.00,0.00,0.00,0.00,0.00,0.00,0.00,0.00,0.00,0.00,16.85,0.73,0.00,0.00,3.25,3.00,13.27,12.36,0.00,0.00,0.00,0.00,1.03,1.03,0.00,0.00,0.63,1.00,0.00,0.00,0.00,0.00,0.00,0.00,0.00,0.00,0.00,0.00,0.00,0.00,0.00,0.00,0.00,0.00,60.61,0.00,0.00,0.00,0.00,0.00,0.00,0.00,0.00,0.00,0.00,0.00,0.00,0.00,0.00,0.00,0.00,0.00,0.00,0.00,0.00,0.00,0.00,0.00,0.00,0.00,0.00,0.00,0.00,0.00,0.00,0.00,0.00,0.00,0.00,0.00,0.00,0.00,0.00,0.00,0.00,0.00,0.00,0.00,0.00,0.00,0.00,0.00,0.00,0.00,0.00,0.00,0.00,0.00,0.00,0.00,0.00,0.00,0.00,0.00,0.00,0.00,0.00,0.00,0.00,0.00,0.00,0.00,0.00,0.00,0.00,0.00,0.00,0.00,0.00,0.00,0.00,0.00,0.00,0.00,0.00,0.00,0.00,0.00,0.00,0.00,0.00,0.00,0.00,0.00,0.00,0.00,0.00,0.00,0.00,0.00,0.00,0.00,0.00,0.00,0.00,0.00,0.00,0.00,0.00,0.00,0.00,0.00,0.00,0.00,0.00,0.00,0.00,0.20,1.04,2.60,2.98,2.97,1.65,0.00,0.00,2.95,2.07,2.06,4.93,0.00,0.00,0.00,0.00,0.00,0.00,0.00,0.00,0.00,0.00,0.00,0.00,0.00,0.00,1.07,0.00,0.00,0.00,0.00,0.96,0.99,1.16,0.98,0.00,0.77,0.91,0.00,0.00,4.46,0.00,0.00,0.00,6.73,0.00,0.92,0.92,0.00,0.00,0.00,0.00,0.00,0.00,0.00,0.00,0.46,0.94,1.43,0.63,1.99,0.00,0.00,1.06,0.00,2.33,0.00,0.00,0.00,0.00,0.00,0.00,0.00,0.00,0.00,0.00
3934.0,-2.000,7.000,0.000,0.000,0.000,0,0,0.816,0,0.138,0.142,0.131,0.091,1.000,0.00,1.74,0.88,5.05,10.10,6.73,6.26,8.66,0.00,4.80,2.29,0.56,0.86,1.46,1.84,0.09,0.00,0.00,2.89,1.19,0.70,0.00,0.00,1.26,5.05,0.00,0.00,0.00,0.81,2.07,1.97,3.19,1.55,2.82,3.23,0.00,0.00,20.20,0.00,0.00,2.89,0.00,4.04,3.03,0.00,0.00,0.00,0.00,0.00,0.00,0.00,0.00,0.00,0.00,0.00,0.00,0.00,0.00,0.00,0.00,0.00,0.00,0.00,0.00,0.00,0.00,0.00,0.00,0.00,0.00,0.00,0.00,0.00,0.00,0.00,0.00,0.00,0.00,0.00,0.00,0.00,0.00,0.00,0.00,0.00,0.00,0.00,0.00,0.00,0.00,0.00,0.00,0.00,0.00,0.00,26.90,1.45,1.55,1.73,3.25,2.77,12.75,12.62,0.00,0.00,0.00,0.00,0.00,2.05,0.00,0.00,1.57,0.20,0.00,0.00,0.00,0.00,0.00,0.00,0.00,0.00,0.00,0.00,0.00,0.00,0.00,0.00,0.00,0.00,60.61,0.00,0.00,0.00,0.00,0.00,0.00,0.00,0.00,0.00,0.00,0.00,0.00,0.00,0.00,0.00,0.00,0.00,0.00,0.00,0.00,0.00,0.00,0.00,121.21,60.61,181.82,242.42,60.61,60.61,0.00,0.00,0.00,0.00,0.00,0.00,0.00,0.00,0.00,0.00,0.00,0.00,0.00,0.00,0.00,0.00,0.00,0.00,0.00,0.00,0.00,0.00,0.00,0.00,0.00,0.00,0.00,0.00,0.00,0.00,80.81,0.00,0.00,0.00,0.00,0.00,0.00,0.00,0.00,0.00,0.00,0.00,0.00,0.00,0.00,0.00,0.00,0.00,0.00,0.00,0.00,0.00,0.00,0.00,0.00,0.00,0.00,0.00,0.00,0.00,0.00,0.00,0.00,0.00,0.00,0.00,0.00,0.00,0.00,0.00,0.00,0.00,0.00,0.24,0.25,0.00,0.00,0.00,0.00,0.00,0.00,0.00,0.62,1.40,2.24,2.82,3.32,1.73,3.03,0.00,10.10,2.56,2.89,2.47,1.76,0.00,4.66,0.00,0.00,0.92,0.00,1.01,0.00,1.01,0.72,0.85,0.00,0.00,0.62,1.07,0.00,8.66,0.00,0.00,1.92,0.00,0.73,0.71,0.00,1.03,1.37,0.00,0.00,3.57,1.35,0.00,0.00,0.00,0.00,1.22,1.40,0.00,0.00,0.00,0.00,0.00,0.00,6.73,6.99,0.46,1.88,2.14,2.53,2.98,0.71,1.04,3.19,4.66,11.66,0.00,0.00,0.00,0.00,0.00,0.00,0.00,0.00,0.00,0.00
4034.0,-2.000,7.000,0.000,0.000,0.000,0,0,0.816,0,0.059,0.027,0.106,0.139,0.195,0.00,1.45,1.42,5.05,5.05,3.65,4.55,0.00,0.00,3.38,1.59,1.16,0.77,1.83,1.47,0.02,0.12,0.00,2.89,1.43,0.94,0.00,0.00,7.58,2.53,0.00,0.00,2.42,0.81,1.30,1.41,1.59,0.00,2.44,1.33,0.00,0.00,0.00,0.00,0.00,0.00,0.00,0.00,0.00,0.00,0.00,0.00,0.00,0.00,0.00,0.00,0.00,0.00,0.00,0.00,0.00,0.00,0.00,0.00,0.00,0.00,0.00,0.00,0.00,0.00,0.00,0.00,0.00,0.00,0.00,0.00,0.00,0.00,0.00,0.00,0.00,0.00,0.00,0.00,0.00,0.00,0.00,0.00,0.00,0.00,0.00,0.00,0.00,0.00,0.00,0.00,0.00,0.00,0.00,0.00,20.08,1.45,0.00,1.73,2.62,2.49,13.33,12.09,0.00,0.00,0.00,0.00,2.05,0.00,0.00,0.00,1.26,0.40,0.00,1.64,0.00,0.00,0.00,0.00,0.00,0.00,0.00,0.00,0.00,0.00,0.00,0.00,0.00,0.00,0.00,0.00,0.00,0.00,0.00,0.00,0.00,0.00,0.00,0.00,0.00,0.00,0.00,0.00,0.00,0.00,0.00,0.00,0.00,0.00,0.00,0.00,0.00,0.00,0.00,0.00,0.00,0.00,0.00,0.00,0.00,0.00,0.00,0.00,0.00,0.00,60.61,0.00,0.00,0.00,0.00,0.00,0.00,0.00,0.00,0.00,0.00,30.30,0.00,0.00,0.00,0.00,0.00,0.00,90.91,0.00,60.61,0.00,0.00,0.00,0.00,0.00,0.00,0.00,0.00,0.00,0.00,0.00,0.00,0.00,0.00,0.00,0.00,0.00,0.00,0.00,0.00,0.00,0.00,0.00,0.00,0.00,0.00,0.00,0.00,0.00,0.00,0.00,0.00,0.00,0.00,0.00,0.00,0.00,0.00,0.00,0.00,0.00,0.00,0.00,0.00,0.00,0.00,0.00,0.25,0.00,0.00,0.00,0.00,0.00,0.00,0.81,1.25,1.20,1.04,3.19,3.62,3.71,3.58,0.00,0.00,2.69,3.03,3.30,1.41,0.00,0.00,0.00,0.00,0.92,0.00,0.00,0.00,0.00,1.44,2.13,0.00,0.00,2.50,0.54,0.00,0.00,0.00,2.16,0.96,2.98,0.96,1.02,0.00,0.64,1.14,0.00,0.00,2.67,1.35,7.58,0.00,0.00,0.00,0.99,0.89,0.00,0.00,0.00,0.00,0.00,0.00,2.24,2.33,0.46,0.47,0.00,1.26,1.99,0.00,2.09,1.06,0.00,0.00,0.00,0.00,0.00,0.00,0.00,0.00,0.00,0.00,0.00,0.00
4134.0,-2.000,7.000,0.000,0.000,0.000,0,0,0.816,0,0.069,0.045,0.105,0.110,0.037,0.00,1.37,0.81,10.10,10.10,7.01,3.98,8.66,0.00,7.11,2.64,1.11,1.67,1.46,2.20,0.14,0.05,8.66,2.89,0.95,0.70,0.00,0.00,1.26,3.79,0.00,0.00,0.81,0.00,1.19,1.37,3.19,0.00,2.44,2.47,0.00,0.00,0.00,0.00,0.00,0.00,0.00,0.00,3.03,0.00,0.00,0.00,0.00,0.00,0.00,0.00,0.00,0.00,0.00,0.00,0.00,0.00,0.00,0.00,0.00,0.00,0.00,0.00,0.00,0.00,0.00,0.00,0.00,0.00,0.00,0.00,0.00,0.00,0.00,0.00,0.00,0.00,0.00,0.00,0.00,0.00,0.00,0.00,0.00,0.00,0.00,0.00,0.00,0.00,0.00,0.00,0.00,0.00,0.00,0.00,15.06,1.09,0.00,1.73,3.02,2.49,11.74,13.00,0.00,0.00,0.00,0.00,1.03,0.00,0.00,0.00,1.26,1.40,3.28,0.00,0.00,0.00,0.00,0.00,0.00,0.00,0.00,0.00,0.00,0.00,0.00,0.00,0.00,0.00,0.00,0.00,2.53,2.64,0.00,0.00,0.00,0.00,0.00,0.00,0.00,0.00,0.00,0.00,0.00,0.00,0.00,0.00,0.00,0.00,0.00,0.00,0.00,0.00,0.00,0.00,0.00,0.00,0.00,0.00,0.00,0.00,0.00,0.00,0.00,0.00,0.00,0.00,0.00,0.00,0.00,0.00,0.00,0.00,0.00,0.00,0.00,0.00,0.00,0.00,0.00,0.00,0.00,0.00,0.00,0.00,0.00,0.00,0.00,0.00,0.00,0.00,0.00,0.00,0.00,0.00,0.00,0.00,0.00,0.00,0.00,0.00,0.00,0.00,0.00,0.00,0.00,0.00,0.00,0.00,0.00,0.00,0.00,0.00,0.00,0.00,0.00,0.00,0.00,0.00,0.00,0.00,0.00,0.00,0.00,0.00,0.00,0.00,0.00,0.00,0.00,0.00,0.00,0.24,0.74,0.00,0.00,0.00,0.00,0.00,0.00,0.00,0.00,1.20,1.21,3.02,2.87,2.47,4.41,0.00,0.00,3.33,3.03,2.47,3.52,0.00,0.00,0.00,0.00,0.00,0.00,0.00,0.00,0.00,1.44,0.85,0.00,0.00,1.25,2.15,0.00,0.00,0.00,0.00,2.89,0.00,0.62,0.51,0.00,0.38,0.57,0.00,0.00,2.67,0.00,7.58,0.00,0.00,0.00,1.14,0.97,0.00,0.00,0.00,0.00,0.00,0.00,0.00,4.66,0.92,2.35,3.57,1.89,0.99,0.71,1.04,0.53,2.33,2.33,0.00,0.00,0.00,0.00,0.00,0.00,0.00,0.00,0.00,0.00
4234.0,-2.000,7.000,0.000,0.000,0.000,0,0,0.817,0,0.283,0.295,0.264,0.235,0.007,4.33,1.08,1.08,5.05,0.00,4.21,3.70,25.97,0.00,7.29,3.52,0.90,0.64,3.29,1.84,0.23,0.12,2.89,2.89,1.19,1.17,0.00,0.00,5.05,2.53,0.00,0.00,1.62,0.00,1.45,1.57,4.78,0.00,3.01,2.47,0.00,0.00,0.00,0.00,0.00,0.00,0.00,8.08,0.00,0.00,0.00,0.00,0.00,0.00,0.00,0.00,0.00,0.00,0.00,0.00,0.00,0.00,0.00,0.00,0.00,0.00,0.00,0.00,0.00,0.00,0.00,0.00,0.00,0.00,0.00,0.00,0.00,0.00,0.00,0.00,0.00,0.00,0.00,0.00,0.00,0.00,0.00,0.00,0.00,0.00,0.00,0.00,0.00,0.00,0.00,0.00,0.00,0.00,0.00,0.00,16.85,1.45,0.00,3.46,2.67,3.05,12.43,11.82,0.00,0.00,0.00,0.00,0.00,3.08,0.00,0.00,0.63,1.00,0.00,0.00,0.00,0.00,0.00,0.00,0.00,0.00,0.00,0.00,0.00,0.00,0.00,0.00,0.00,0.00,0.00,0.00,0.00,0.00,0.00,0.00,0.00,0.00,0.00,0.00,0.00,0.00,0.00,0.00,0.00,0.00,0.00,0.00,0.00,0.00,0.00,0.00,0.00,0.00,0.00,0.00,0.00,0.00,0.00,0.00,0.00,0.00,0.00,0.00,0.00,0.00,0.00,0.00,0.00,0.00,0.00,0.00,0.00,0.00,0.00,0.00,0.00,60.61,121.21,60.61,0.00,0.00,60.61,0.00,60.61,0.00,60.61,0.00,60.61,181.82,0.00,0.00,0.00,0.00,0.00,0.00,0.00,0.00,0.00,0.00,0.00,0.00,0.00,0.00,0.00,0.00,0.00,0.00,0.00,0.00,0.00,0.00,0.00,0.00,0.00,0.00,0.00,0.00,0.00,0.00,0.00,0.00,0.00,0.00,0.00,0.00,0.00,0.00,0.00,0.00,0.00,0.00,0.00,0.00,0.00,0.00,0.00,0.00,0.00,0.00,0.00,0.00,0.00,1.00,1.38,2.62,2.44,2.72,3.03,0.00,0.00,2.69,3.58,2.89,2.47,0.00,0.00,0.00,0.93,2.75,4.04,1.01,4.04,2.02,1.44,1.71,23.31,0.00,0.62,0.54,0.00,0.00,0.00,2.16,2.89,0.00,1.20,1.14,0.00,1.28,0.80,0.00,0.00,1.78,5.39,0.00,0.00,0.00,0.00,0.93,1.16,0.00,0.00,60.61,0.00,0.00,0.00,0.00,0.00,1.84,1.88,0.00,0.00,0.99,0.71,2.61,1.06,0.00,0.00,0.00,0.00,0.00,0.00,0.00,0.00,0.00,0.00,0.00,0.00
4334.0,-2.000,7.000,0.000,0.000,0.000,0,0,0.817,0,0.168,0.170,0.164,0.145,0.001,0.00,1.81,1.15,0.00,5.05,6.17,4.84,8.66,0.00,6.93,3.70,1.07,0.86,1.83,2.57,0.12,0.05,2.89,2.89,0.24,0.94,0.00,0.00,3.79,5.05,0.00,0.00,0.81,0.81,1.67,1.38,1.59,3.11,2.35,1.90,60.61,0.00,0.00,0.00,2.89,0.00,0.00,0.00,3.03,0.00,0.00,0.00,0.00,0.00,0.00,0.00,0.00,0.00,0.00,0.00,0.00,0.00,0.00,0.00,0.00,0.00,0.00,0.00,0.00,0.00,0.00,0.00,0.00,0.00,0.00,0.00,0.00,0.00,0.00,0.00,0.00,0.00,0.00,0.00,0.00,0.00,0.00,0.00,0.00,0.00,0.00,0.00,0.00,0.00,0.00,0.00,0.00,0.00,0.00,0.00,20.80,1.09,0.00,1.73,2.71,3.85,12.90,10.97,0.00,0.00,0.00,0.00,1.03,1.03,0.00,0.00,0.63,1.40,3.28,0.00,0.00,0.00,0.00,0.00,0.00,0.00,0.00,0.00,0.00,0.00,0.00,0.00,60.61,60.61,60.61,0.00,0.00,2.64,0.00,0.00,0.00,0.00,0.00,0.00,0.00,0.00,0.00,0.00,0.00,0.00,0.00,0.00,0.00,0.00,0.00,0.00,0.00,0.00,0.00,0.00,0.00,0.00,0.00,0.00,0.00,0.00,0.00,0.00,0.00,0.00,0.00,0.00,0.00,0.00,0.00,0.00,0.00,0.00,0.00,0.00,0.00,0.00,0.00,0.00,0.00,0.00,0.00,0.00,0.00,0.00,0.00,0.00,0.00,0.00,0.00,0.00,0.00,0.00,0.00,0.00,0.00,0.00,0.00,0.00,0.00,0.00,0.00,0.00,0.00,0.00,0.00,0.00,0.00,0.00,0.00,0.00,0.00,0.00,0.00,0.00,0.00,0.00,0.00,0.00,0.00,0.00,0.00,0.00,0.00,0.00,0.00,0.00,0.00,0.00,0.00,0.00,0.00,0.48,0.25,0.00,0.00,0.00,0.00,0.00,0.00,0.81,0.00,1.00,0.52,2.80,3.14,3.71,3.86,0.00,0.00,3.46,2.89,1.65,3.88,0.00,0.00,0.00,0.00,0.00,1.01,1.01,0.00,0.00,0.00,1.28,0.00,0.00,2.50,1.07,8.66,0.00,0.00,0.00,1.92,0.00,1.16,1.02,0.00,0.77,0.57,0.00,0.00,3.57,4.04,0.00,0.00,6.73,0.00,0.94,0.93,0.00,0.00,0.00,0.00,0.00,0.00,0.00,2.33,2.30,0.47,0.71,2.53,0.00,0.00,1.57,0.00,2.33,0.00,0.00,0.00,0.00,0.00,0.00,0.00,0.00,0.00,0.00,0.00
4434.0,-2.000,7.000,0.000,0.000,0.000,0,0,0.818,0,0.286,0.195,0.424,0.239,0.000,0.00,1.66,1.15,10.10,10.10,5.33,5.12,8.66,17.32,5.51,4.23,0.94,0.81,1.83,0.00,0.07,0.07,2.89,0.00,1.90,1.17,0.00,0.00,5.05,5.05,0.00,0.00,1.62,0.00,1.51,1.40,1.59,0.00,1.32,1.14,0.00,0.00,0.00,0.00,0.00,2.89,0.00,0.00,6.06,0.00,0.00,0.00,0.00,0.00,0.00,0.00,0.00,0.00,0.00,0.00,0.00,0.00,0.00,0.00,0.00,0.00,0.00,0.00,0.00,0.00,0.00,0.00,0.00,0.00,0.00,0.00,0.00,0.00,0.00,0.00,0.00,0.00,0.00,0.00,0.00,0.00,0.00,0.00,0.00,0.00,0.00,0.00,0.00,0.00,0.00,0.00,0.00,0.00,0.00,0.00,21.52,0.73,1.55,3.46,3.42,2.77,11.74,12.36,0.00,0.00,0.00,0.00,1.03,2.05,0.00,0.00,1.57,0.40,0.00,0.00,0.00,0.00,0.00,0.00,0.00,0.00,0.00,0.00,0.00,0.00,0.00,0.00,60.61,0.00,0.00,0.00,0.00,2.64,0.00,0.00,0.00,0.00,0.00,0.00,0.00,0.00,0.00,0.00,0.00,0.00,0.00,0.00,0.00,0.00,0.00,0.00,0.00,0.00,0.00,0.00,0.00,0.00,0.00,0.00,0.00,0.00,0.00,0.00,0.00,0.00,0.00,0.00,0.00,0.00,0.00,0.00,0.00,0.00,0.00,0.00,0.00,30.30,0.00,0.00,0.00,0.00,0.00,60.61,0.00,0.00,60.61,0.00,0.00,0.00,0.00,0.00,0.00,0.00,0.00,0.00,0.00,0.00,0.00,0.00,0.00,0.00,0.00,0.00,0.00,0.00,0.00,0.00,0.00,0.00,0.00,0.00,0.00,0.00,0.00,0.00,0.00,0.00,0.00,0.00,0.00,0.00,0.00,0.00,0.00,0.00,0.00,0.00,0.00,0.00,0.00,0.00,0.00,0.00,0.00,0.00,0.00,0.00,0.00,0.00,0.00,0.00,0.00,0.60,1.04,3.22,3.00,3.22,2.48,0.00,0.00,3.08,3.17,2.06,2.47,0.00,0.00,0.00,0.00,0.00,3.03,0.00,0.00,0.00,0.00,0.43,0.00,0.00,0.62,1.07,0.00,8.66,0.00,0.00,0.00,0.00,0.81,1.06,0.00,1.28,1.60,0.00,0.00,2.67,2.69,0.00,0.00,0.00,0.00,0.94,1.02,0.00,0.00,0.00,0.00,0.00,0.00,0.00,0.00,0.46,1.88,0.71,1.89,0.00,0.00,0.52,0.53,0.00,0.00,0.00,0.00,0.00,0.00,0.00,0.00,0.00,0.00,0.00,0.00
4534.0,-2.000,7.000,0.000,0.000,0.000,0,0,0.818,0,0.220,0.251,0.172,0.290,0.393,4.33,0.87,1.28,0.00,5.05,3.65,3.41,8.66,0.00,4.62,2.47,0.81,1.29,1.10,2.57,0.12,0.12,8.66,0.00,1.19,0.47,0.00,0.00,6.31,10.10,0.00,0.00,0.00,0.00,1.20,1.14,0.00,1.55,1.69,0.66,0.00,0.00,0.00,0.00,5.77,0.00,0.00,0.00,3.03,0.00,0.00,0.00,0.00,0.00,0.00,0.00,0.00,0.00,0.00,0.00,0.00,0.00,0.00,0.00,0.00,0.00,0.00,0.00,0.00,0.00,0.00,0.00,0.00,0.00,0.00,0.00,0.00,0.00,0.00,0.00,0.00,0.00,0.00,0.00,0.00,0.00,0.00,0.00,0.00,0.00,0.00,0.00,0.00,0.00,0.00,0.00,0.00,0.00,0.00,0.00,19.37,2.54,0.00,6.93,2.80,3.19,12.06,11.77,0.00,0.00,0.00,0.00,0.00,2.05,0.00,0.00,1.57,1.20,1.64,0.00,0.00,0.00,0.00,0.00,0.00,0.00,0.00,0.00,0.00,0.00,0.00,0.00,0.00,0.00,0.00,0.00,5.05,2.64,0.00,0.00,0.00,0.00,0.00,0.00,0.00,0.00,0.00,0.00,0.00,0.00,0.00,0.00,0.00,0.00,0.00,0.00,0.00,0.00,0.00,0.00,0.00,0.00,0.00,0.00,0.00,0.00,0.00,0.00,0.00,0.00,0.00,0.00,0.00,0.00,0.00,0.00,0.00,0.00,0.00,0.00,0.00,0.00,0.00,0.00,0.00,0.00,0.00,0.00,30.30,0.00,60.61,0.00,0.00,60.61,0.00,0.00,0.00,0.00,0.00,0.00,0.00,0.00,0.00,0.00,0.00,0.00,0.00,0.00,0.00,0.00,0.00,0.00,0.00,0.00,0.00,0.00,0.00,0.00,0.00,0.00,0.00,0.00,0.00,0.00,0.00,0.00,0.00,0.00,0.00,0.00,0.00,0.00,0.00,0.00,0.00,0.00,0.00,0.24,0.00,0.00,0.00,0.00,0.00,0.00,0.00,0.00,0.00,0.20,0.69,2.37,3.32,2.47,2.75,10.10,0.00,3.46,2.34,4.12,3.17,0.00,0.00,0.00,0.00,0.92,1.01,0.00,1.01,0.00,0.00,1.28,9.32,12.12,0.00,0.54,0.00,0.00,0.00,2.16,0.00,0.99,1.20,0.67,0.00,0.77,1.37,0.00,0.00,2.67,4.04,0.00,0.00,0.00,0.00,1.12,0.84,0.00,0.00,0.00,0.00,0.00,0.00,0.00,0.00,1.38,0.47,2.14,0.00,1.99,1.43,1.57,1.06,0.00,0.00,0.00,0.00,0.00,0.00,0.00,0.00,0.00,0.00,0.00,0.00
4634.0,-2.000,7.000,0.000,0.000,0.000,0,0,0.818,0,0.163,0.169,0.154,0.286,0.627,8.66,2.10,1.15,0.00,10.10,6.17,5.69,17.32,0.00,4.44,4.23,1.33,1.41,2.56,3.31,0.14,0.05,0.00,2.89,1.19,0.70,0.00,0.00,2.53,3.79,0.00,0.00,1.62,1.62,1.68,1.45,1.59,0.00,3.48,4.08,0.00,0.00,0.00,0.00,0.00,2.89,0.00,4.04,0.00,0.00,0.00,0.00,0.00,0.00,0.00,0.00,0.00,0.00,0.00,0.00,0.00,0.00,0.00,0.00,0.00,0.00,0.00,0.00,0.00,0.00,0.00,0.00,0.00,0.00,0.00,0.00,0.00,0.00,0.00,0.00,0.00,0.00,0.00,0.00,0.00,0.00,0.00,0.00,0.00,0.00,0.00,0.00,0.00,0.00,0.00,0.00,0.00,0.00,0.00,0.00,26.54,0.36,0.00,0.00,2.98,2.91,11.79,12.09,0.00,0.00,0.00,7.58,0.00,0.00,0.00,0.00,0.00,0.80,1.64,0.00,0.00,0.00,0.00,0.00,0.00,0.00,0.00,0.00,0.00,0.00,0.00,0.00,0.00,0.00,0.00,0.00,0.00,2.64,0.00,0.00,0.00,0.00,0.00,0.00,0.00,0.00,0.00,0.00,0.00,0.00,0.00,0.00,0.00,0.00,0.00,0.00,0.00,0.00,0.00,0.00,181.82,181.82,121.21,60.61,60.61,60.61,0.00,60.61,0.00,0.00,60.61,0.00,0.00,0.00,0.00,0.00,0.00,0.00,0.00,0.00,0.00,60.61,0.00,60.61,0.00,0.00,0.00,0.00,60.61,0.00,60.61,60.61,0.00,60.61,20.20,0.00,0.00,0.00,0.00,0.00,0.00,0.00,0.00,0.00,0.00,0.00,0.00,0.00,0.00,0.00,0.00,0.00,0.00,0.00,0.00,0.00,0.00,0.00,0.00,0.00,0.00,0.00,0.00,0.00,0.00,0.00,0.00,0.00,0.00,0.00,0.00,0.00,0.00,0.00,0.00,0.00,0.00,0.00,0.49,0.00,0.00,0.00,0.00,0.00,0.00,2.42,0.00,1.20,1.21,2.62,3.06,2.97,3.31,0.00,0.00,3.20,2.89,2.06,3.17,0.00,0.00,0.00,0.00,1.84,0.00,0.00,2.02,0.00,1.44,0.43,0.00,0.00,0.62,1.07,0.00,0.00,0.00,0.00,0.00,4.97,1.66,1.02,0.00,0.26,0.80,0.00,0.00,1.78,0.00,0.00,0.00,0.00,6.06,1.02,1.13,0.00,0.00,0.00,0.00,0.00,0.00,2.24,0.00,1.38,0.00,0.71,1.26,0.99,0.00,0.52,1.06,0.00,4.66,0.00,0.00,0.00,0.00,0.00,0.00,0.00,0.00,0.00,0.00
4734.0,-2.000,7.000,0.000,0.000,0.000,0,0,0.819,0,0.417,0.443,0.378,0.427,0.202,0.00,1.37,1.08,5.05,5.05,3.09,5.12,8.66,0.00,3.20,3.17,0.99,1.37,1.46,0.73,0.05,0.12,0.00,0.00,0.95,1.17,0.00,0.00,6.31,5.05,0.00,0.00,0.81,0.81,1.51,1.37,0.00,3.11,4.04,2.85,0.00,0.00,0.00,20.20,2.89,0.00,0.00,0.00,0.00,0.00,0.00,0.00,0.00,0.00,0.00,0.00,0.00,0.00,0.00,0.00,0.00,0.00,0.00,0.00,0.00,0.00,0.00,0.00,0.00,0.00,0.00,0.00,0.00,0.00,0.00,0.00,0.00,0.00,0.00,0.00,0.00,0.00,0.00,0.00,0.00,0.00,0.00,0.00,0.00,0.00,0.00,0.00,0.00,0.00,0.00,0.00,0.00,0.00,0.00,0.00,16.50,0.73,0.00,0.00,2.98,2.44,13.01,12.41,0.00,0.00,0.00,0.00,1.03,0.00,0.00,0.00,1.57,1.40,0.00,1.64,0.00,0.00,0.00,0.00,0.00,0.00,0.00,0.00,0.00,0.00,0.00,0.00,60.61,60.61,0.00,0.00,0.00,0.00,0.00,0.00,0.00,0.00,0.00,0.00,0.00,0.00,0.00,0.00,0.00,0.00,0.00,0.00,0.00,0.00,0.00,0.00,0.00,0.00,0.00,0.00,0.00,0.00,0.00,0.00,0.00,0.00,0.00,0.00,0.00,0.00,0.00,0.00,0.00,0.00,0.00,0.00,0.00,0.00,0.00,0.00,0.00,60.61,121.21,121.21,0.00,0.00,0.00,0.00,60.61,0.00,121.21,60.61,60.61,181.82,0.00,0.00,0.00,0.00,0.00,0.00,0.00,0.00,0.00,0.00,0.00,0.00,0.00,0.00,0.00,0.00,0.00,0.00,0.00,0.00,0.00,0.00,0.00,0.00,0.00,0.00,0.00,0.00,0.00,0.00,0.00,0.00,0.00,0.00,0.00,0.00,0.00,0.00,0.00,0.00,0.00,0.00,0.00,0.48,0.25,0.00,0.00,0.00,0.00,0.00,0.00,1.62,0.00,1.00,1.04,3.11,3.19,2.23,3.31,0.00,0.00,2.56,3.17,1.65,3.52,0.00,4.66,0.00,1.86,0.00,0.00,0.00,3.03,0.00,0.00,2.13,18.65,36.36,0.62,0.00,0.00,0.00,0.00,0.00,1.92,0.99,0.93,0.67,0.00,0.77,1.14,0.00,0.00,3.57,5.39,0.00,0.00,0.00,0.00,1.15,1.06,0.00,0.00,0.00,0.00,0.00,0.00,2.24,2.33,1.84,0.94,0.00,2.53,4.97,2.85,2.09,0.53,2.33,0.00,0.00,0.00,0.00,0.00,0.00,0.00,0.00,0.00,0.00,0.00
4834.0,-2.000,7.000,0.000,0.000,0.000,0,0,0.819,0,0.103,0.124,0.071,0.121,0.038,0.00,1.66,0.74,10.10,15.15,6.45,5.12,17.32,0.00,6.58,3.35,0.64,0.94,1.10,2.94,0.09,0.00,0.00,0.00,1.19,1.64,0.00,0.00,6.31,1.26,0.00,0.00,1.62,0.81,1.55,1.91,3.19,0.00,3.66,3.23,0.00,0.00,0.00,0.00,0.00,0.00,0.00,0.00,0.00,0.00,0.00,0.00,0.00,0.00,0.00,0.00,0.00,0.00,0.00,0.00,0.00,0.00,0.00,0.00,0.00,0.00,0.00,0.00,0.00,0.00,0.00,0.00,0.00,0.00,0.00,0.00,0.00,0.00,0.00,0.00,0.00,0.00,0.00,0.00,0.00,0.00,0.00,0.00,0.00,0.00,0.00,0.00,0.00,0.00,0.00,0.00,0.00,0.00,0.00,0.00,17.57,1.09,0.00,1.73,2.36,3.75,13.54,12.36,15.15,0.00,0.00,0.00,1.03,0.00,0.00,0.00,2.51,0.60,0.00,0.00,0.00,0.00,0.00,0.00,0.00,0.00,0.00,0.00,0.00,0.00,0.00,0.00,0.00,60.61,0.00,0.00,5.05,2.64,0.00,0.00,0.00,0.00,0.00,0.00,0.00,0.00,0.00,0.00,0.00,0.00,0.00,0.00,0.00,0.00,0.00,0.00,0.00,0.00,0.00,0.00,0.00,0.00,0.00,0.00,0.00,0.00,0.00,0.00,0.00,0.00,0.00,0.00,0.00,0.00,0.00,0.00,0.00,0.00,0.00,0.00,0.00,0.00,0.00,0.00,0.00,0.00,0.00,0.00,0.00,0.00,0.00,0.00,0.00,0.00,0.00,0.00,0.00,0.00,0.00,0.00,0.00,0.00,0.00,0.00,0.00,0.00,0.00,0.00,0.00,0.00,0.00,0.00,0.00,0.00,0.00,0.00,0.00,0.00,0.00,0.00,0.00,0.00,0.00,0.00,0.00,0.00,0.00,0.00,0.00,0.00,0.00,0.00,0.00,0.00,0.00,0.00,0.00,0.00,0.25,0.00,0.00,0.00,0.00,0.00,0.00,0.00,0.00,1.40,1.55,2.14,2.63,3.46,3.03,0.00,0.00,2.31,2.34,2.89,2.11,0.00,0.00,0.00,0.00,0.00,1.01,0.00,0.00,0.00,0.00,0.43,0.00,0.00,3.12,1.61,17.32,0.00,0.00,0.00,3.85,2.98,1.27,1.25,0.00,1.03,1.03,0.00,0.00,3.57,9.43,0.00,0.00,0.00,0.00,1.10,1.07,0.00,0.00,0.00,0.00,0.00,0.00,2.24,0.00,0.92,0.94,1.43,1.89,1.99,0.71,0.52,1.06,9.32,6.99,0.00,0.00,0.00,0.00,0.00,0.00,0.00,0.00,0.00,0.00
4934.0,-2.000,7.000,0.000,0.000,0.000,0,0,0.820,0,0.136,0.146,0.121,0.321,0.780,4.33,0.58,0.94,10.10,5.05,5.61,4.55,0.00,0.00,5.69,3.00,0.94,0.99,3.29,1.10,0.02,0.00,5.77,0.00,0.95,1.17,0.00,0.00,3.79,7.58,0.00,0.00,0.81,0.00,1.08,1.04,6.38,4.66,1.13,1.14,0.00,0.00,0.00,0.00,0.00,0.00,0.00,0.00,0.00,0.00,0.00,0.00,0.00,0.00,0.00,0.00,0.00,0.00,0.00,0.00,0.00,0.00,0.00,0.00,0.00,0.00,0.00,0.00,0.00,0.00,0.00,0.00,0.00,0.00,0.00,0.00,0.00,0.00,0.00,0.00,0.00,0.00,0.00,0.00,0.00,0.00,0.00,0.00,0.00,0.00,0.00,0.00,0.00,0.00,0.00,0.00,0.00,0.00,0.00,0.00,19.01,1.09,0.00,0.00,3.11,2.72,12.48,11.93,0.00,0.00,0.00,7.58,1.03,2.05,0.00,0.00,0.63,1.20,0.00,0.00,0.00,0.00,0.00,0.00,0.00,0.00,0.00,0.00,0.00,0.00,0.00,0.00,0.00,0.00,0.00,0.00,2.53,2.64,0.00,0.00,0.00,0.00,0.00,0.00,0.00,0.00,0.00,0.00,0.00,0.00,0.00,0.00,0.00,0.00,0.00,0.00,0.00,0.00,0.00,0.00,60.61,60.61,0.00,0.00,0.00,30.30,0.00,0.00,0.00,0.00,0.00,0.00,0.00,0.00,0.00,0.00,0.00,0.00,0.00,0.00,0.00,0.00,0.00,0.00,0.00,0.00,0.00,0.00,0.00,0.00,60.61,0.00,0.00,0.00,0.00,0.00,0.00,0.00,0.00,0.00,0.00,0.00,0.00,0.00,0.00,0.00,0.00,0.00,0.00,0.00,0.00,0.00,0.00,0.00,0.00,0.00,0.00,0.00,0.00,0.00,0.00,0.00,0.00,0.00,0.00,0.00,0.00,0.00,0.00,0.00,0.00,0.00,0.00,0.00,0.00,0.00,0.00,0.00,0.00,0.00,0.00,0.00,0.00,0.00,0.00,0.00,0.62,1.20,1.21,3.31,2.73,2.72,3.03,0.00,0.00,2.05,1.38,2.06,2.82,5.05,0.00,0.00,0.00,0.00,0.00,0.00,0.00,0.00,1.44,0.85,0.00,0.00,0.00,0.54,0.00,0.00,0.00,0.00,0.00,0.00,1.00,0.82,0.00,0.64,0.69,0.00,0.00,2.67,4.04,0.00,0.00,0.00,6.06,1.18,0.89,0.00,0.00,0.00,0.00,0.00,0.00,2.24,0.00,0.00,0.47,0.00,1.26,0.00,1.43,1.57,0.00,0.00,0.00,0.00,0.00,0.00,0.00,0.00,0.00,0.00,0.00,0.00,0.00
5034.0,-2.000,7.000,0.000,0.000,0.000,0,0,0.820,0,0.026,0.028,0.023,0.061,1.000,0.00,1.23,0.81,10.10,10.10,5.61,4.27,0.00,8.66,7.82,4.40,0.99,0.73,2.92,1.47,0.09,0.07,0.00,0.00,0.71,0.94,0.00,0.00,5.05,1.26,0.00,60.61,2.42,2.42,1.21,1.15,1.59,3.11,1.97,1.71,0.00,0.00,0.00,0.00,0.00,0.00,0.00,0.00,0.00,0.00,0.00,0.00,0.00,0.00,0.00,0.00,0.00,0.00,0.00,0.00,0.00,0.00,0.00,0.00,0.00,0.00,0.00,0.00,0.00,0.00,0.00,0.00,0.00,0.00,0.00,0.00,0.00,0.00,0.00,0.00,0.00,0.00,0.00,0.00,0.00,0.00,0.00,0.00,0.00,0.00,0.00,0.00,0.00,0.00,0.00,0.00,0.00,0.00,0.00,0.00,19.37,1.09,3.11,1.73,2.98,3.00,12.85,12.36,0.00,0.00,0.00,3.79,2.05,0.00,0.00,0.00,0.63,1.40,1.64,0.00,0.00,0.00,0.00,0.00,0.00,0.00,0.00,0.00,0.00,0.00,0.00,0.00,0.00,60.61,0.00,0.00,2.53,0.00,0.00,0.00,0.00,0.00,0.00,0.00,0.00,0.00,0.00,0.00,0.00,0.00,0.00,0.00,0.00,0.00,0.00,0.00,0.00,0.00,0.00,0.00,0.00,0.00,0.00,0.00,0.00,0.00,0.00,0.00,0.00,0.00,0.00,0.00,0.00,0.00,0.00,0.00,0.00,0.00,0.00,0.00,0.00,0.00,0.00,0.00,0.00,0.00,0.00,0.00,60.61,0.00,0.00,0.00,0.00,0.00,0.00,0.00,0.00,0.00,0.00,0.00,0.00,0.00,0.00,0.00,0.00,0.00,0.00,0.00,0.00,0.00,0.00,0.00,0.00,0.00,0.00,0.00,0.00,0.00,0.00,0.00,0.00,0.00,0.00,0.00,0.00,0.00,0.00,0.00,0.00,0.00,0.00,0.00,0.00,0.00,0.00,0.00,0.00,0.00,0.00,0.00,0.00,0.00,0.00,0.00,0.00,0.81,0.00,0.80,0.35,2.68,2.79,4.45,2.75,0.00,0.00,3.20,2.89,4.12,1.76,0.00,0.00,0.00,0.00,0.00,1.01,0.00,0.00,1.01,2.16,2.13,0.00,0.00,0.62,1.07,0.00,8.66,0.00,0.00,0.96,0.99,0.69,0.63,0.00,0.38,1.03,0.00,0.00,0.89,2.69,0.00,0.00,0.00,0.00,0.88,0.81,0.00,0.00,0.00,0.00,0.00,0.00,0.00,0.00,0.00,1.41,0.00,1.26,0.00,0.71,0.00,0.53,2.33,2.33,0.00,0.00,0.00,0.00,0.00,0.00,0.00,0.00,0.00,0.00
5134.0,-2.000,7.000,0.000,0.000,0.000,0,0,0.820,0,0.253,0.342,0.119,0.173,0.199,4.33,1.30,1.21,5.05,10.10,3.65,3.41,25.97,0.00,7.29,3.52,1.16,1.03,1.46,0.37,0.09,0.05,0.00,2.89,1.43,1.40,0.00,0.00,7.58,5.05,0.00,0.00,0.81,0.81,1.57,1.62,0.00,0.00,3.10,3.04,0.00,0.00,0.00,0.00,2.89,2.89,0.00,0.00,0.00,0.00,0.00,0.00,0.00,0.00,0.00,0.00,0.00,0.00,0.00,0.00,0.00,0.00,0.00,0.00,0.00,0.00,0.00,0.00,0.00,0.00,0.00,0.00,0.00,0.00,0.00,0.00,0.00,0.00,0.00,0.00,0.00,0.00,0.00,0.00,0.00,0.00,0.00,0.00,0.00,0.00,0.01,0.01,0.00,0.00,0.00,0.00,0.00,0.00,0.00,0.00,22.95,1.09,1.55,1.73,3.20,3.14,11.63,11.82,0.00,0.00,4.66,0.00,0.00,1.03,0.00,0.00,0.94,1.40,0.00,0.00,0.00,0.00,0.00,0.00,0.00,0.00,0.00,0.00,0.00,0.00,0.00,0.00,0.00,0.00,60.61,0.00,0.00,2.64,0.00,0.00,0.00,0.00,0.00,0.00,0.00,0.00,0.00,0.00,0.00,0.00,0.00,0.00,0.00,0.00,0.00,0.00,0.00,0.00,0.00,0.00,0.00,0.00,0.00,0.00,0.00,0.00,0.00,0.00,0.00,0.00,0.00,0.00,0.00,0.00,0.00,0.00,0.00,0.00,0.00,0.00,0.00,0.00,0.00,60.61,0.00,0.00,0.00,0.00,0.00,0.00,0.00,0.00,0.00,60.61,0.00,0.00,0.00,0.00,0.00,0.00,0.00,0.00,0.00,0.00,0.00,0.00,0.00,0.00,0.00,0.00,0.00,0.00,0.00,0.00,0.00,0.00,0.00,0.00,0.00,0.00,0.00,0.00,0.00,0.00,0.00,0.00,0.00,0.00,0.00,0.00,0.00,0.00,0.00,0.00,0.00,0.00,0.00,1.44,1.97,0.00,0.00,0.00,0.00,0.00,0.00,1.62,2.50,0.80,1.38,3.08,2.73,3.22,4.13,0.00,0.00,2.82,3.17,4.12,3.17,0.00,0.00,0.00,2.80,0.00,0.00,0.00,1.01,0.00,2.16,0.43,13.99,12.12,0.62,1.61,0.00,0.00,0.00,0.00,0.00,1.99,1.00,1.10,0.00,1.41,0.69,0.00,0.00,3.57,4.04,0.00,8.66,0.00,0.00,1.24,1.38,0.00,0.00,0.00,0.00,60.61,60.61,4.49,0.00,0.00,0.94,0.00,0.00,0.99,0.71,3.66,1.06,2.33,0.00,0.00,0.00,0.00,0.00,0.00,0.00,0.00,0.00,0.00,0.00
5234.0,-2.000,7.000,0.000,0.000,0.000,0,0,0.821,0,0.048,0.065,0.023,0.063,0.038,0.00,1.52,1.35,10.10,5.05,7.58,3.41,25.97,0.00,7.46,4.58,1.11,0.99,1.10,2.57,0.05,0.14,0.00,5.77,1.19,1.17,0.00,0.00,2.53,3.79,0.00,0.00,1.62,1.62,1.73,1.75,1.59,1.55,3.01,2.75,0.00,0.00,0.00,0.00,0.00,2.89,0.00,8.08,3.03,3.19,0.00,0.00,0.00,0.00,0.00,0.00,0.00,0.00,0.00,0.00,0.00,0.00,0.00,0.00,0.00,0.00,0.00,0.00,0.00,0.00,0.00,0.00,0.00,0.00,0.00,0.00,0.00,0.00,0.00,0.00,0.00,0.00,0.00,0.00,0.00,0.00,0.00,0.00,0.00,0.00,0.00,0.00,0.00,0.00,0.00,0.00,0.00,0.00,0.00,0.00,17.93,0.73,0.00,0.00,3.56,3.10,14.49,11.88,15.15,0.00,0.00,0.00,1.03,0.00,0.00,0.00,0.63,0.40,0.00,0.00,0.00,0.00,0.00,0.00,0.00,0.00,0.00,0.00,0.00,0.00,0.00,0.00,0.00,0.00,0.00,0.00,5.05,0.00,0.00,0.00,0.00,0.00,0.00,0.00,0.00,0.00,0.00,0.00,0.00,0.00,0.00,0.00,0.00,0.00,0.00,0.00,0.00,0.00,0.00,0.00,0.00,0.00,0.00,0.00,0.00,0.00,0.00,0.00,0.00,0.00,0.00,0.00,0.00,0.00,0.00,0.00,0.00,0.00,0.00,0.00,0.00,0.00,0.00,0.00,0.00,0.00,0.00,0.00,0.00,0.00,0.00,0.00,0.00,0.00,0.00,0.00,0.00,0.00,0.00,0.00,0.00,0.00,0.00,0.00,0.00,0.00,0.00,0.00,0.00,0.00,0.00,0.00,0.00,0.00,0.00,0.00,0.00,0.00,0.00,0.00,0.00,0.00,0.00,0.00,0.00,0.00,0.00,0.00,0.00,0.00,0.00,0.00,0.00,0.00,0.00,0.00,0.00,0.00,0.00,0.00,0.00,0.00,0.00,0.00,0.00,0.00,0.62,1.40,1.90,2.57,2.79,3.22,2.75,10.10,0.00,2.43,2.34,4.54,1.76,0.00,0.00,0.00,0.00,0.00,0.00,0.00,0.00,8.08,1.44,1.28,0.00,0.00,1.25,1.07,0.00,0.00,0.00,0.00,0.00,1.99,1.70,1.10,0.00,1.03,1.26,0.00,0.00,5.35,1.35,0.00,0.00,0.00,0.00,1.34,1.11,0.00,0.00,0.00,0.00,0.00,0.00,2.24,0.00,0.00,1.41,5.70,5.05,0.99,1.43,0.52,0.00,0.00,0.00,0.00,0.00,0.00,0.00,0.00,0.00,0.00,0.00,0.00,0.00
5334.0,-2.000,7.000,0.000,0.000,0.000,0,0,0.821,0,0.086,0.111,0.049,0.092,0.007,0.00,1.01,1.08,5.05,15.15,6.17,4.84,8.66,0.00,7.64,3.00,0.90,0.94,1.83,1.47,0.09,0.05,2.89,8.66,1.66,0.94,0.00,0.00,6.31,3.79,0.00,0.00,1.62,0.81,1.67,1.71,1.59,0.00,2.54,1.42,0.00,0.00,0.00,0.00,0.00,0.00,0.00,0.00,0.00,0.00,0.00,0.00,0.00,0.00,0.00,0.00,0.00,0.00,0.00,0.00,0.00,0.00,0.00,0.00,0.00,0.00,0.00,0.00,0.00,0.00,0.00,0.00,0.00,0.00,0.00,0.00,0.00,0.00,0.00,0.00,0.00,0.00,0.00,0.00,0.00,0.00,0.00,0.00,0.00,0.00,0.00,0.00,0.00,0.00,0.00,0.00,0.00,0.00,0.00,0.00,22.23,0.36,0.00,1.73,3.16,3.10,13.70,11.66,0.00,0.00,0.00,3.79,2.05,3.08,0.00,0.00,1.26,1.20,1.64,0.00,0.00,0.00,0.00,0.00,0.00,0.00,0.00,0.00,0.00,0.00,0.00,0.00,0.00,0.00,0.00,0.00,0.00,0.00,0.00,0.00,0.00,0.00,0.00,0.00,0.00,0.00,0.00,0.00,0.00,0.00,0.00,0.00,0.00,0.00,0.00,0.00,0.00,0.00,0.00,0.00,0.00,0.00,0.00,0.00,0.00,0.00,0.00,0.00,0.00,0.00,0.00,0.00,0.00,0.00,0.00,0.00,0.00,0.00,0.00,0.00,0.00,0.00,0.00,0.00,0.00,0.00,0.00,0.00,0.00,0.00,0.00,0.00,0.00,0.00,0.00,0.00,0.00,0.00,0.00,0.00,0.00,0.00,0.00,0.00,0.00,0.00,0.00,0.00,0.00,0.00,0.00,0.00,0.00,0.00,0.00,0.00,0.00,0.00,0.00,0.00,0.00,0.00,0.00,0.00,0.00,0.00,0.00,0.00,0.00,0.00,0.00,0.00,0.00,0.00,0.00,0.00,0.00,0.00,0.00,0.00,0.00,0.00,0.00,0.00,0.00,0.00,1.25,1.40,0.35,3.22,2.92,4.21,2.48,20.20,0.00,3.08,3.03,4.12,1.76,0.00,0.00,0.00,3.73,0.00,0.00,0.00,1.01,1.01,0.00,0.00,0.00,0.00,0.62,0.00,0.00,0.00,0.00,0.00,1.92,1.99,2.24,2.94,0.00,1.41,1.26,0.00,0.00,0.89,0.00,7.58,0.00,0.00,0.00,1.09,0.96,0.00,0.00,0.00,0.00,0.00,0.00,0.00,0.00,0.00,2.35,1.43,0.63,0.00,0.00,1.04,1.59,4.66,0.00,0.00,0.00,0.00,0.00,0.00,0.00,0.00,0.00,0.00,0.00
5434.0,-2.000,7.000,0.000,0.000,0.000,0,0,0.822,0,0.254,0.290,0.200,0.424,0.164,0.00,1.45,0.81,15.15,10.10,2.24,4.27,0.00,8.66,3.73,1.94,0.77,0.99,1.83,1.84,0.21,0.09,0.00,0.00,0.95,0.70,0.00,0.00,3.79,1.26,0.00,0.00,0.00,1.62,1.75,1.67,3.19,4.66,1.88,0.85,0.00,0.00,0.00,0.00,0.00,0.00,0.00,0.00,3.03,0.00,0.00,0.00,0.00,0.00,0.00,0.00,0.00,0.00,0.00,0.00,0.00,0.00,0.00,0.00,0.00,0.00,0.00,0.00,0.00,0.00,0.00,0.00,0.00,0.00,0.00,0.00,0.00,0.00,0.00,0.00,0.00,0.00,0.00,0.00,0.00,0.00,0.00,0.00,0.00,0.00,0.00,0.00,0.00,0.00,0.00,0.00,0.00,0.00,0.00,0.00,20.44,0.73,0.00,3.46,3.20,3.14,12.69,11.18,0.00,0.00,0.00,3.79,3.08,1.03,0.00,0.00,0.94,0.60,1.64,0.00,0.00,0.00,0.00,0.00,0.00,0.00,0.00,0.00,0.00,0.00,0.00,0.00,0.00,0.00,0.00,0.00,0.00,0.00,0.00,0.00,0.00,0.00,0.00,0.00,0.00,0.00,0.00,0.00,0.00,0.00,0.00,0.00,0.00,0.00,0.00,0.00,0.00,0.00,0.00,0.00,60.61,60.61,0.00,0.00,0.00,0.00,0.00,0.00,0.00,0.00,0.00,0.00,0.00,0.00,0.00,0.00,0.00,0.00,0.00,0.00,0.00,0.00,0.00,0.00,0.00,0.00,0.00,0.00,60.61,0.00,60.61,0.00,0.00,0.00,20.20,0.00,0.00,0.00,0.00,0.00,0.00,0.00,0.00,0.00,0.00,0.00,0.00,0.00,0.00,0.00,0.00,0.00,0.00,0.00,0.00,0.00,0.00,0.00,0.00,0.00,0.00,0.00,0.00,0.00,0.00,0.00,0.00,0.00,0.00,0.00,0.00,0.00,0.00,0.00,0.00,0.00,0.00,0.24,0.00,0.00,0.00,0.00,0.00,0.00,0.00,1.62,0.62,0.40,1.21,2.57,2.89,2.72,2.48,0.00,0.00,3.33,3.31,2.06,3.17,5.05,0.00,0.00,3.73,0.00,0.00,5.05,0.00,0.00,0.00,2.13,0.00,30.30,1.87,1.61,0.00,0.00,0.00,0.00,0.96,0.00,0.81,0.90,0.00,1.03,1.37,0.00,0.00,2.67,0.00,0.00,0.00,0.00,0.00,0.83,1.16,0.00,0.00,0.00,0.00,0.00,0.00,0.00,0.00,1.38,0.00,1.43,0.00,0.00,0.00,1.57,0.53,0.00,0.00,0.00,0.00,0.00,0.00,0.00,0.00,0.00,0.00,0.00,0.00
5534.0,-2.000,7.000,0.000,0.000,0.000,0,0,0.822,0,0.115,0.125,0.100,0.295,0.394,0.00,1.01,0.34,0.00,0.00,3.93,3.98,8.66,0.00,2.84,2.82,1.24,1.46,2.56,1.84,0.19,0.07,0.00,0.00,1.43,0.70,0.00,0.00,2.53,6.31,0.00,0.00,0.81,0.00,1.88,1.51,0.00,0.00,1.41,1.14,0.00,0.00,0.00,0.00,0.00,0.00,0.00,0.00,0.00,0.00,0.00,0.00,0.00,0.00,0.00,0.00,0.00,0.00,0.00,0.00,0.00,0.00,0.00,0.00,0.00,0.00,0.00,0.00,0.00,0.00,0.00,0.00,0.00,0.00,0.00,0.00,0.00,0.00,0.00,0.00,0.00,0.00,0.00,0.00,0.00,0.00,0.00,0.00,0.00,0.00,0.00,0.00,0.00,0.00,0.00,0.00,0.00,0.00,0.00,0.00,21.52,1.09,1.55,3.46,3.96,2.77,13.17,11.18,0.00,0.00,0.00,0.00,3.08,0.00,0.00,0.00,1.26,1.00,0.00,0.00,0.00,0.00,0.00,0.00,0.00,0.00,0.00,0.00,0.00,0.00,0.00,0.00,0.00,0.00,0.00,0.00,5.05,0.00,0.00,0.00,0.00,0.00,0.00,0.00,0.00,0.00,0.00,0.00,0.00,0.00,0.00,0.00,0.00,0.00,0.00,0.00,0.00,0.00,0.00,0.00,0.00,0.00,0.00,0.00,0.00,0.00,0.00,0.00,0.00,0.00,60.61,0.00,0.00,0.00,0.00,0.00,0.00,0.00,0.00,0.00,0.00,0.00,0.00,0.00,0.00,0.00,0.00,0.00,30.30,0.00,60.61,0.00,0.00,0.00,0.00,0.00,0.00,0.00,0.00,0.00,0.00,60.61,0.00,0.00,0.00,0.00,0.00,0.00,0.00,0.00,0.00,0.00,0.00,0.00,0.00,0.00,0.00,0.00,0.00,0.00,0.00,0.00,0.00,0.00,0.00,0.00,0.00,0.00,0.00,0.00,0.00,0.00,0.00,0.00,0.00,0.00,0.00,0.00,0.00,0.00,0.00,0.00,0.00,0.00,0.00,0.81,0.00,1.20,0.86,2.62,3.30,3.22,1.93,0.00,0.00,2.82,3.03,1.65,2.82,0.00,4.66,0.00,0.00,0.92,0.00,0.00,0.00,0.00,0.00,0.00,0.00,0.00,0.62,1.61,0.00,0.00,10.10,0.00,0.00,0.00,0.96,0.51,0.00,1.28,0.46,0.00,0.00,3.57,5.39,0.00,0.00,6.73,0.00,0.74,1.25,0.00,0.00,0.00,0.00,0.00,0.00,0.00,0.00,1.38,0.94,0.71,1.89,1.99,0.00,0.52,1.06,0.00,2.33,0.00,0.00,0.00,0.00,0.00,0.00,0.00,0.00,0.00,0.00
5634.0,-2.000,7.000,0.000,0.000,0.000,0,0,0.822,0,0.126,0.147,0.095,0.179,0.074,0.00,1.66,0.88,5.05,5.05,3.65,4.27,0.00,0.00,6.93,3.52,0.77,0.94,1.10,1.47,0.05,0.09,8.66,2.89,1.19,0.23,0.00,0.00,3.79,11.36,0.00,0.00,0.81,0.00,1.21,1.32,3.19,3.11,1.22,0.76,0.00,0.00,0.00,0.00,0.00,0.00,4.66,4.04,0.00,0.00,30.30,0.00,0.00,0.00,0.00,0.00,0.00,0.00,0.00,0.00,0.00,0.00,0.00,0.00,0.00,0.00,0.00,0.00,0.00,0.00,0.00,0.00,0.00,0.00,0.00,0.00,0.00,0.00,0.00,0.00,0.00,0.00,0.00,0.00,0.00,0.00,0.00,0.00,0.00,0.00,0.00,0.00,0.00,0.00,0.00,0.00,0.00,0.00,0.00,0.00,20.44,0.73,3.11,0.00,2.98,3.38,14.17,10.91,0.00,0.00,4.66,0.00,1.03,2.05,0.00,0.00,0.94,0.80,1.64,0.00,0.00,0.00,0.00,0.00,0.00,20.20,0.00,0.00,0.00,0.00,0.00,0.00,0.00,0.00,0.00,0.00,0.00,2.64,0.00,0.00,0.00,0.00,0.00,0.00,0.00,0.00,0.00,0.00,0.00,0.00,0.00,0.00,0.00,0.00,0.00,0.00,0.00,0.00,0.00,0.00,0.00,0.00,0.00,0.00,0.00,0.00,0.00,0.00,0.00,0.00,0.00,0.00,0.00,0.00,0.00,0.00,0.00,0.00,0.00,0.00,0.00,0.00,0.00,0.00,0.00,0.00,0.00,0.00,0.00,0.00,0.00,0.00,0.00,0.00,0.00,0.00,0.00,0.00,0.00,0.00,0.00,0.00,0.00,0.00,0.00,0.00,0.00,0.00,0.00,0.00,0.00,0.00,0.00,0.00,0.00,0.00,0.00,0.00,0.00,0.00,0.00,0.00,0.00,0.00,0.00,0.00,0.00,0.00,0.00,0.00,0.00,0.00,0.00,0.00,0.00,0.00,0.00,0.00,0.00,0.00,0.00,0.00,0.00,0.00,0.00,0.81,0.00,0.60,1.21,2.91,2.81,2.97,2.75,0.00,0.00,3.97,2.62,2.06,4.93,0.00,0.00,0.00,0.93,0.92,0.00,0.00,0.00,0.00,1.44,0.00,0.00,0.00,1.25,0.54,0.00,0.00,0.00,0.00,0.96,1.99,0.58,1.14,0.00,1.03,0.91,0.00,0.00,1.78,2.69,0.00,0.00,0.00,0.00,0.95,0.81,0.00,0.00,0.00,0.00,0.00,0.00,0.00,0.00,0.46,0.00,0.71,0.63,0.99,0.00,0.52,0.53,2.33,0.00,0.00,0.00,0.00,0.00,0.00,0.00,0.00,0.00,0.00,0.00
5734.0,-2.000,7.000,0.000,0.000,0.000,0,0,0.823,0,0.066,0.081,0.045,0.113,0.815,0.00,1.16,0.94,15.15,5.05,4.77,5.41,8.66,0.00,6.40,3.70,0.86,0.94,2.19,1.47,0.14,0.02,0.00,0.00,1.19,0.47,0.00,0.00,3.79,10.10,0.00,0.00,0.81,0.81,1.26,1.37,3.19,1.55,1.32,2.56,0.00,0.00,0.00,0.00,0.00,0.00,0.00,4.04,0.00,3.19,0.00,0.00,0.00,0.00,0.00,0.00,0.00,0.00,0.00,0.00,0.00,0.00,0.00,0.00,0.00,0.00,0.00,0.00,0.00,0.00,0.00,0.00,0.00,0.00,0.00,0.00,0.00,0.00,0.00,0.00,0.00,0.00,0.00,0.00,0.00,0.00,0.00,0.00,0.00,0.00,0.00,0.00,0.00,0.00,0.00,0.00,0.00,0.00,0.00,0.00,18.65,0.36,1.55,0.00,3.02,2.86,13.91,12.04,0.00,0.00,0.00,3.79,1.03,0.00,0.00,0.00,1.57,0.80,1.64,0.00,0.00,0.00,0.00,0.00,0.00,0.00,0.00,60.61,0.00,0.00,0.00,0.00,0.00,0.00,0.00,0.00,0.00,0.00,0.00,0.00,0.00,0.00,0.00,0.00,0.00,0.00,0.00,0.00,0.00,0.00,0.00,0.00,0.00,0.00,0.00,0.00,0.00,0.00,0.00,0.00,0.00,0.00,0.00,0.00,0.00,0.00,0.00,0.00,0.00,0.00,0.00,0.00,0.00,0.00,0.00,0.00,0.00,0.00,0.00,0.00,0.00,0.00,0.00,0.00,0.00,0.00,0.00,0.00,0.00,0.00,0.00,0.00,0.00,0.00,0.00,0.00,0.00,0.00,0.00,0.00,0.00,0.00,0.00,0.00,0.00,0.00,0.00,0.00,0.00,0.00,0.00,0.00,0.00,0.00,0.00,0.00,0.00,0.00,0.00,0.00,0.00,0.00,0.00,0.00,0.00,0.00,0.00,0.00,0.00,0.00,0.00,0.00,0.00,0.00,0.00,0.00,0.00,0.00,0.25,3.28,0.00,0.00,0.00,0.00,0.00,0.00,0.00,1.20,0.52,2.94,2.81,4.95,3.03,10.10,0.00,3.59,1.93,3.71,1.41,0.00,9.32,0.00,0.00,0.00,2.02,1.01,0.00,1.01,0.00,0.00,0.00,6.06,4.37,1.07,0.00,0.00,0.00,0.00,0.00,0.99,0.89,0.63,0.00,0.26,0.34,0.00,0.00,4.46,1.35,0.00,0.00,0.00,0.00,0.87,1.56,0.00,0.00,0.00,0.00,0.00,0.00,0.00,2.33,1.38,0.47,0.71,2.53,2.98,0.00,1.57,0.00,0.00,4.66,0.00,0.00,0.00,0.00,0.00,0.00,0.00,0.00,0.00,0.00
5834.0,-2.000,7.000,0.000,0.000,0.000,0,0,0.823,0,0.175,0.203,0.132,0.143,0.154,0.00,0.65,1.08,10.10,5.05,8.42,5.98,25.97,0.00,6.04,3.52,0.69,1.03,1.46,1.47,0.14,0.09,0.00,0.00,1.19,1.17,0.00,0.00,3.79,2.53,0.00,0.00,0.81,0.00,1.15,1.32,0.00,0.00,1.50,1.14,0.00,0.00,0.00,0.00,2.89,0.00,0.00,0.00,0.00,0.00,0.00,0.00,60.61,0.00,0.00,0.00,0.00,0.00,0.00,0.00,0.00,0.00,0.00,0.00,0.00,0.00,0.00,0.00,0.00,0.00,0.00,0.00,0.00,0.00,0.00,0.00,0.00,0.00,0.00,0.00,0.00,0.00,0.00,0.00,0.00,0.00,0.00,0.00,0.00,0.00,0.00,0.00,0.00,0.00,0.00,0.00,0.00,0.00,0.00,0.00,19.01,0.00,3.11,0.00,2.71,3.14,13.64,11.98,0.00,0.00,0.00,0.00,2.05,0.00,0.00,0.00,0.94,2.01,1.64,4.91,0.00,0.00,0.00,0.00,0.00,0.00,0.00,0.00,0.00,0.00,0.00,0.00,0.00,0.00,0.00,0.00,0.00,0.00,0.00,0.00,0.00,0.00,0.00,0.00,0.00,0.00,0.00,0.00,0.00,0.00,0.00,0.00,0.00,0.00,0.00,0.00,0.00,0.00,0.00,0.00,0.00,0.00,0.00,0.00,0.00,0.00,0.00,0.00,0.00,0.00,60.61,0.00,0.00,0.00,0.00,0.00,0.00,0.00,0.00,0.00,0.00,0.00,0.00,0.00,0.00,0.00,0.00,0.00,0.00,0.00,0.00,0.00,0.00,0.00,0.00,0.00,0.00,0.00,0.00,0.00,0.00,0.00,0.00,0.00,0.00,0.00,0.00,0.00,0.00,0.00,0.00,0.00,0.00,0.00,0.00,0.00,0.00,0.00,0.00,0.00,0.00,0.00,0.00,0.00,0.00,0.00,0.00,0.00,0.00,0.00,0.00,0.00,0.00,0.00,0.00,0.00,0.00,0.00,0.00,0.00,0.00,0.00,0.00,0.00,0.00,0.00,0.62,0.60,0.69,3.25,3.19,3.46,3.58,0.00,10.10,2.82,2.75,2.47,2.47,0.00,0.00,0.00,0.00,0.92,0.00,0.00,5.05,1.01,0.72,0.85,0.00,0.00,0.00,1.07,0.00,0.00,0.00,2.16,0.00,0.99,1.16,0.55,0.00,1.41,1.49,0.00,0.00,1.78,5.39,0.00,0.00,0.00,0.00,0.98,1.11,0.00,0.00,0.00,0.00,0.00,0.00,0.00,0.00,0.46,0.94,0.71,0.00,0.00,0.00,0.52,1.59,0.00,0.00,0.00,0.00,0.00,0.00,0.00,0.00,0.00,0.00,0.00,0.00
5934.0,-2.000,7.000,0.000,0.000,0.000,0,0,0.824,0,0.124,0.038,0.252,0.027,0.029,8.66,1.23,1.15,5.05,15.15,5.89,5.12,8.66,0.00,5.69,4.05,1.07,1.07,1.46,2.20,0.12,0.07,0.00,0.00,1.19,0.94,0.00,0.00,6.31,1.26,0.00,0.00,1.62,1.62,1.40,1.14,0.00,1.55,1.88,1.99,0.00,0.00,0.00,0.00,0.00,0.00,0.00,4.04,3.03,0.00,0.00,0.00,0.00,0.00,0.00,0.00,0.00,0.00,0.00,0.00,0.00,0.00,0.00,0.00,0.00,0.00,0.00,0.00,0.00,0.00,0.00,0.00,0.00,0.00,0.00,0.00,0.00,0.00,0.00,0.00,0.00,0.00,0.00,0.00,0.00,0.00,0.00,0.00,0.00,0.00,0.00,0.00,0.00,0.00,0.00,0.00,0.00,0.00,0.00,0.00,21.52,1.09,0.00,0.00,2.93,2.86,12.32,11.66,0.00,0.00,4.66,0.00,0.00,2.05,0.00,0.00,0.94,0.80,1.64,0.00,0.00,0.00,0.00,0.00,0.00,0.00,0.00,0.00,0.00,0.00,0.00,0.00,0.00,0.00,0.00,0.00,0.00,2.64,0.00,0.00,0.00,0.00,0.00,0.00,0.00,0.00,0.00,0.00,0.00,0.00,0.00,0.00,0.00,0.00,0.00,0.00,0.00,0.00,0.00,0.00,0.00,0.00,0.00,0.00,0.00,0.00,0.00,0.00,0.00,0.00,60.61,0.00,0.00,0.00,0.00,0.00,0.00,0.00,0.00,0.00,30.30,60.61,60.61,60.61,0.00,0.00,60.61,60.61,0.00,0.00,0.00,0.00,0.00,0.00,0.00,0.00,0.00,0.00,0.00,0.00,0.00,0.00,0.00,0.00,0.00,0.00,0.00,0.00,0.00,0.00,0.00,0.00,0.00,0.00,0.00,0.00,0.00,0.00,0.00,0.00,0.00,0.00,0.00,0.00,0.00,0.00,0.00,0.00,0.00,0.00,0.00,0.00,0.00,0.00,0.00,0.00,0.00,0.00,0.25,0.00,0.00,0.00,0.00,0.00,0.00,1.62,0.62,0.60,0.69,2.54,2.79,4.21,3.86,0.00,0.00,3.20,2.89,2.47,1.41,0.00,0.00,0.00,0.00,0.00,0.00,0.00,0.00,0.00,0.72,1.71,18.65,6.06,1.25,0.54,0.00,0.00,0.00,0.00,0.96,1.99,1.04,2.66,30.30,0.38,1.03,0.00,0.00,6.24,2.69,0.00,8.66,0.00,0.00,1.08,1.09,0.00,0.00,0.00,0.00,0.00,0.00,0.00,0.00,0.00,0.47,0.00,0.00,0.00,0.00,0.52,1.59,0.00,0.00,0.00,0.00,0.00,0.00,0.00,0.00,0.00,0.00,0.00,0.00
6034.0,-2.000,7.000,0.000,0.000,0.000,0,0,0.824,0,0.149,0.169,0.118,0.088,0.005,0.00,0.87,1.15,10.10,5.05,4.49,5.41,0.00,0.00,4.44,2.82,0.90,0.69,1.46,1.84,0.07,0.05,0.00,2.89,0.24,0.70,0.00,0.00,1.26,3.79,0.00,0.00,1.62,1.62,1.30,1.49,0.00,4.66,1.88,1.80,0.00,0.00,0.00,0.00,0.00,0.00,4.66,0.00,0.00,0.00,0.00,0.00,0.00,0.00,0.00,0.00,0.00,0.00,0.00,0.00,0.00,0.00,0.00,0.00,0.00,0.00,0.00,0.00,0.00,0.00,0.00,0.00,0.00,0.00,0.00,0.00,0.00,0.00,0.00,0.00,0.00,0.00,0.00,0.00,0.00,0.00,0.00,0.00,0.00,0.00,0.00,0.00,0.00,0.00,0.00,0.00,0.00,0.00,0.00,0.00,19.01,0.00,0.00,0.00,2.67,2.91,11.90,11.71,0.00,0.00,0.00,3.79,0.00,1.03,0.00,0.00,1.57,1.61,0.00,1.64,0.00,7.58,0.00,0.00,0.00,0.00,0.00,0.00,0.00,0.00,0.00,0.00,0.00,0.00,0.00,0.00,0.00,2.64,0.00,0.00,0.00,0.00,0.00,0.00,0.00,0.00,0.00,0.00,0.00,0.00,0.00,0.00,0.00,0.00,0.00,0.00,0.00,0.00,0.00,0.00,0.00,0.00,0.00,0.00,0.00,0.00,0.00,0.00,0.00,0.00,0.00,0.00,0.00,0.00,0.00,0.00,0.00,0.00,0.00,0.00,0.00,0.00,0.00,0.00,0.00,0.00,0.00,0.00,0.00,0.00,0.00,0.00,0.00,0.00,0.00,0.00,0.00,0.00,0.00,0.00,0.00,0.00,0.00,0.00,0.00,0.00,0.00,0.00,0.00,0.00,0.00,0.00,0.00,0.00,0.00,0.00,0.00,0.00,0.00,0.00,0.00,0.00,0.00,0.00,0.00,0.00,0.00,0.00,0.00,0.00,0.00,0.00,0.00,0.00,0.00,0.00,0.00,0.00,0.00,0.00,0.00,0.00,0.00,0.00,0.00,0.00,0.00,1.20,0.35,2.80,2.89,2.47,3.31,0.00,0.00,2.43,4.13,3.30,2.82,0.00,0.00,0.00,0.00,0.92,0.00,1.01,2.02,0.00,1.44,1.71,0.00,0.00,0.00,1.61,0.00,8.66,0.00,2.16,0.96,0.00,0.77,0.78,0.00,0.64,1.03,0.00,0.00,1.78,5.39,0.00,0.00,0.00,6.06,1.10,1.04,0.00,0.00,0.00,0.00,0.00,0.00,2.24,0.00,1.38,2.35,0.71,2.53,1.99,0.00,3.13,2.66,2.33,6.99,0.00,0.00,0.00,0.00,0.00,0.00,0.00,0.00,0.00,0.00
6134.0,-2.000,7.000,0.000,0.000,0.000,0,0,0.824,0,0.150,0.154,0.143,0.222,1.000,4.33,1.52,1.15,15.15,10.10,2.81,3.98,0.00,0.00,2.49,2.29,1.20,0.81,0.73,1.10,0.09,0.05,5.77,5.77,0.71,0.94,0.00,0.00,2.53,3.79,0.00,0.00,0.00,0.81,1.62,1.40,3.19,3.11,1.13,0.95,0.00,0.00,0.00,0.00,0.00,0.00,0.00,0.00,0.00,0.00,0.00,0.00,0.00,0.00,0.00,0.00,0.00,0.00,0.00,0.00,0.00,0.00,0.00,0.00,0.00,0.00,0.00,0.00,0.00,0.00,0.00,0.00,0.00,0.00,0.00,0.00,0.00,0.00,0.00,0.00,0.00,0.00,0.00,0.00,0.00,0.00,0.00,0.00,0.00,0.00,0.00,0.00,0.00,0.00,0.00,0.00,0.00,0.00,0.00,0.00,16.14,0.00,1.55,0.00,3.20,3.05,12.80,12.04,0.00,0.00,0.00,0.00,2.05,0.00,0.00,0.00,1.57,1.20,0.00,0.00,0.00,0.00,0.00,0.00,0.00,0.00,0.00,0.00,0.00,0.00,0.00,0.00,0.00,0.00,0.00,0.00,2.53,2.64,0.00,0.00,0.00,0.00,0.00,0.00,0.00,0.00,0.00,0.00,0.00,0.00,0.00,0.00,0.00,0.00,0.00,0.00,0.00,0.00,0.00,0.00,121.21,121.21,121.21,0.00,90.91,90.91,0.00,0.00,0.00,0.00,0.00,0.00,0.00,0.00,0.00,0.00,0.00,0.00,0.00,0.00,0.00,0.00,0.00,0.00,0.00,0.00,0.00,0.00,0.00,0.00,0.00,0.00,0.00,0.00,0.00,0.00,0.00,0.00,0.00,0.00,0.00,0.00,0.00,0.00,0.00,0.00,0.00,0.00,0.00,0.00,0.00,0.00,0.00,0.00,0.00,0.00,0.00,0.00,0.00,0.00,0.00,0.00,0.00,0.00,0.00,0.00,0.00,0.00,0.00,0.00,0.00,0.00,0.00,0.00,0.00,0.00,0.00,0.24,0.00,0.00,0.00,0.00,0.00,0.00,0.00,0.81,1.25,1.40,1.21,3.08,3.08,2.72,1.93,0.00,0.00,2.69,3.03,2.89,2.82,5.05,0.00,0.00,0.00,0.00,1.01,0.00,1.01,0.00,0.00,0.85,0.00,0.00,1.25,1.07,0.00,0.00,0.00,0.00,0.96,0.00,1.04,0.82,0.00,1.03,0.80,0.00,0.00,1.78,5.39,0.00,0.00,0.00,0.00,1.33,1.17,0.00,0.00,0.00,0.00,0.00,0.00,2.24,4.66,0.46,0.94,2.14,1.26,0.99,0.00,1.04,0.53,4.66,0.00,0.00,0.00,0.00,0.00,0.00,0.00,0.00,0.00,0.00,0.00
6234.0,-2.000,7.000,0.000,0.000,0.000,0,0,0.825,0,0.138,0.151,0.119,0.164,0.961,0.00,1.52,0.94,10.10,0.00,4.21,3.13,8.66,8.66,3.20,1.41,0.77,0.73,1.10,2.20,0.19,0.14,0.00,5.77,1.43,1.64,0.00,0.00,1.26,5.05,0.00,0.00,0.81,2.42,1.59,1.14,0.00,0.00,2.26,1.52,0.00,0.00,0.00,0.00,0.00,2.89,0.00,0.00,0.00,0.00,0.00,0.00,0.00,0.00,0.00,0.00,0.00,0.00,0.00,0.00,0.00,0.00,0.00,0.00,0.00,0.00,0.00,0.00,0.00,0.00,0.00,0.00,0.00,0.00,0.00,0.00,0.00,0.00,0.00,0.00,0.00,0.00,0.00,0.00,0.00,0.00,0.00,0.00,0.00,0.00,0.00,0.00,0.00,0.00,0.00,0.00,0.00,0.00,0.00,0.00,25.82,0.73,0.00,3.46,3.29,2.96,12.64,10.81,0.00,0.00,0.00,0.00,2.05,1.03,0.00,0.00,2.51,1.20,1.64,0.00,0.00,0.00,0.00,0.00,0.00,0.00,0.00,0.00,0.00,0.00,0.00,0.00,0.00,0.00,60.61,0.00,5.05,2.64,0.00,0.00,0.00,0.00,0.00,0.00,0.00,0.00,0.00,0.00,0.00,0.00,0.00,0.00,0.00,0.00,0.00,0.00,0.00,0.00,0.00,0.00,0.00,0.00,0.00,0.00,0.00,0.00,0.00,0.00,0.00,0.00,0.00,0.00,0.00,0.00,0.00,0.00,0.00,0.00,0.00,0.00,0.00,0.00,60.61,60.61,0.00,0.00,0.00,0.00,0.00,0.00,60.61,0.00,0.00,60.61,0.00,0.00,0.00,0.00,0.00,0.00,0.00,0.00,0.00,0.00,0.00,0.00,0.00,0.00,0.00,0.00,0.00,0.00,0.00,0.00,0.00,0.00,0.00,0.00,0.00,0.00,0.00,0.00,0.00,0.00,0.00,0.00,0.00,0.00,0.00,0.00,0.00,0.00,0.00,0.00,0.00,0.00,0.00,0.00,0.00,0.00,0.00,0.00,0.00,0.00,0.00,0.00,0.00,1.40,1.04,2.74,3.46,4.21,2.75,0.00,0.00,3.33,3.44,1.65,2.11,0.00,0.00,0.00,0.93,0.00,0.00,0.00,1.01,0.00,0.00,1.71,0.00,0.00,1.25,0.54,0.00,0.00,0.00,2.16,0.00,0.00,0.77,0.98,0.00,1.03,0.91,0.00,0.00,3.57,0.00,7.58,0.00,0.00,0.00,0.99,1.06,0.00,0.00,0.00,0.00,0.00,0.00,0.00,2.33,0.46,0.00,0.71,0.63,0.00,2.14,0.00,0.00,0.00,0.00,0.00,0.00,0.00,0.00,0.00,0.00,0.00,0.00,0.00,0.00
6334.0,-2.000,7.000,0.000,0.000,0.000,0,0,0.825,0,0.159,0.231,0.052,0.223,0.182,0.00,1.01,1.15,0.00,10.10,4.77,2.85,8.66,0.00,6.58,3.17,0.77,0.73,1.83,1.47,0.07,0.14,0.00,2.89,0.71,1.17,0.00,0.00,7.58,5.05,0.00,0.00,0.00,1.62,1.45,1.37,1.59,1.55,1.88,1.80,0.00,0.00,20.20,20.20,0.00,0.00,0.00,4.04,0.00,0.00,60.61,0.00,0.00,0.00,0.00,0.00,0.00,0.00,0.00,0.00,0.00,0.00,0.00,0.00,0.00,0.00,0.00,0.00,0.00,0.00,0.00,0.00,0.00,0.00,0.00,0.00,0.00,0.00,0.00,0.00,0.00,0.00,0.00,0.00,0.00,0.00,0.00,0.00,0.00,0.00,0.00,0.00,0.00,0.00,0.00,0.00,0.00,0.00,0.00,0.00,16.85,1.09,1.55,1.73,3.11,2.39,12.53,12.14,15.15,0.00,4.66,3.79,1.03,0.00,0.00,0.00,1.26,1.00,0.00,1.64,0.00,7.58,0.00,0.00,20.20,0.00,0.00,0.00,0.00,0.00,0.00,0.00,0.00,0.00,0.00,0.00,0.00,0.00,0.00,0.00,0.00,0.00,0.00,0.00,0.00,0.00,0.00,0.00,0.00,0.00,0.00,0.00,0.00,0.00,0.00,0.00,0.00,0.00,0.00,0.00,0.00,0.00,0.00,0.00,0.00,0.00,0.00,0.00,0.00,0.00,0.00,0.00,0.00,0.00,0.00,0.00,0.00,0.00,0.00,0.00,0.00,0.00,0.00,0.00,0.00,0.00,0.00,0.00,0.00,0.00,60.61,0.00,0.00,121.21,0.00,0.00,0.00,0.00,0.00,0.00,0.00,0.00,0.00,0.00,0.00,0.00,0.00,0.00,0.00,0.00,0.00,0.00,0.00,0.00,0.00,0.00,0.00,0.00,0.00,0.00,0.00,0.00,0.00,0.00,0.00,0.00,0.00,0.00,0.00,0.00,0.00,0.00,0.00,0.00,0.00,0.00,0.00,0.24,0.25,0.00,0.00,0.00,0.00,0.00,0.00,0.81,0.00,1.81,1.38,3.31,3.14,2.47,2.75,0.00,0.00,4.10,3.03,3.30,3.88,0.00,0.00,0.00,0.93,0.00,0.00,0.00,0.00,7.07,0.00,0.43,0.00,0.00,0.62,0.54,8.66,0.00,0.00,0.00,0.00,0.99,1.12,0.86,0.00,0.77,0.57,0.00,0.00,8.02,1.35,0.00,0.00,6.73,0.00,1.28,1.02,0.00,0.00,0.00,0.00,0.00,0.00,0.00,2.33,0.46,1.41,4.99,1.89,4.97,6.42,1.04,0.00,0.00,0.00,0.00,0.00,0.00,0.00,0.00,0.00,0.00,0.00,0.00,0.00
6434.0,-2.000,7.000,0.000,0.000,0.000,0,0,0.826,0,0.180,0.182,0.178,0.112,0.034,0.00,1.66,1.21,10.10,5.05,5.61,3.70,17.32,0.00,6.40,3.88,1.03,0.77,1.46,1.84,0.05,0.05,2.89,0.00,1.19,0.70,0.00,0.00,3.79,6.31,0.00,0.00,4.85,0.81,1.80,1.35,0.00,0.00,4.04,2.66,0.00,0.00,0.00,0.00,2.89,0.00,0.00,0.00,0.00,0.00,0.00,0.00,0.00,0.00,0.00,0.00,0.00,0.00,0.00,0.00,0.00,0.00,0.00,0.00,0.00,0.00,0.00,0.00,0.00,0.00,0.00,0.00,0.00,0.00,0.00,0.00,0.00,0.00,0.00,0.00,0.00,0.00,0.00,0.00,0.00,0.00,0.00,0.00,0.00,0.00,0.00,0.00,0.00,0.00,0.00,0.00,0.00,0.00,0.00,0.00,23.67,0.73,0.00,0.00,2.18,2.35,13.86,11.55,0.00,0.00,0.00,0.00,0.00,2.05,0.00,0.00,0.94,1.40,0.00,0.00,0.00,0.00,0.00,0.00,0.00,0.00,60.61,0.00,0.00,0.00,0.00,0.00,0.00,0.00,0.00,0.00,0.00,0.00,0.00,0.00,0.00,0.00,0.00,0.00,0.00,0.00,0.00,0.00,0.00,0.00,0.00,0.00,0.00,0.00,0.00,0.00,0.00,0.00,0.00,0.00,0.00,0.00,0.00,0.00,0.00,0.00,0.00,0.00,0.00,0.00,60.61,0.00,0.00,0.00,0.00,0.00,0.00,0.00,0.00,0.00,0.00,30.30,0.00,0.00,0.00,0.00,0.00,0.00,0.00,0.00,0.00,0.00,0.00,0.00,0.00,0.00,0.00,0.00,0.00,0.00,0.00,0.00,60.61,0.00,0.00,0.00,0.00,0.00,0.00,0.00,0.00,0.00,0.00,0.00,0.00,0.00,0.00,0.00,0.00,0.00,0.00,0.00,0.00,0.00,0.00,0.00,0.00,0.00,0.00,0.00,0.00,0.00,0.00,0.00,0.00,0.00,0.00,0.00,0.00,0.00,0.00,0.00,0.00,0.00,0.00,1.62,0.00,2.61,1.21,3.48,2.95,3.46,2.75,0.00,0.00,2.69,2.75,3.71,3.17,0.00,0.00,0.00,0.93,0.00,0.00,0.00,0.00,0.00,0.72,1.71,0.00,0.00,0.62,1.61,0.00,0.00,0.00,0.00,1.92,0.99,1.62,1.18,0.00,1.03,1.03,0.00,0.00,4.46,4.04,0.00,0.00,0.00,0.00,1.42,1.23,0.00,0.00,0.00,0.00,0.00,0.00,2.24,4.66,0.46,0.94,0.71,1.26,3.97,2.85,0.00,0.53,0.00,0.00,0.00,0.00,0.00,0.00,0.00,0.00,0.00,0.00,0.00,0.00
6534.0,-2.000,7.000,0.000,0.000,0.000,0,0,0.826,0,0.233,0.264,0.185,0.249,0.323,0.00,1.01,0.88,15.15,10.10,4.21,4.27,8.66,0.00,6.93,3.35,1.11,1.03,1.10,1.47,0.14,0.14,2.89,0.00,1.90,0.70,0.00,0.00,5.05,6.31,0.00,0.00,0.81,0.81,1.79,1.19,1.59,1.55,1.60,1.42,0.00,0.00,20.20,0.00,2.89,0.00,0.00,0.00,0.00,0.00,0.00,0.00,0.00,0.00,0.00,0.00,0.00,0.00,0.00,0.00,0.00,0.00,0.00,0.00,0.00,0.00,0.00,0.00,0.00,0.00,0.00,0.00,0.00,0.00,0.00,0.00,0.00,0.00,0.00,0.00,0.00,0.00,0.00,0.00,0.00,0.00,0.00,0.00,0.00,0.00,0.00,0.00,0.00,0.00,0.00,0.00,0.00,0.00,0.00,0.00,20.08,0.00,0.00,0.00,3.16,3.52,12.96,11.23,0.00,0.00,0.00,3.79,1.03,0.00,0.00,0.00,0.94,1.40,0.00,0.00,15.15,0.00,0.00,0.00,0.00,0.00,0.00,0.00,0.00,0.00,0.00,0.00,0.00,60.61,0.00,0.00,0.00,0.00,0.00,0.00,0.00,0.00,0.00,0.00,0.00,0.00,0.00,0.00,0.00,0.00,0.00,0.00,0.00,0.00,0.00,0.00,0.00,0.00,0.00,0.00,0.00,0.00,0.00,0.00,0.00,0.00,0.00,0.00,0.00,0.00,0.00,0.00,0.00,0.00,0.00,0.00,0.00,0.00,0.00,0.00,0.00,0.00,0.00,0.00,0.00,0.00,0.00,0.00,0.00,0.00,0.00,0.00,0.00,0.00,0.00,0.00,0.00,0.00,0.00,0.00,0.00,0.00,0.00,0.00,0.00,0.00,0.00,0.00,0.00,0.00,0.00,0.00,0.00,0.00,0.00,0.00,0.00,0.00,0.00,0.00,0.00,0.00,0.00,0.00,0.00,0.00,0.00,0.00,0.00,0.00,0.00,0.00,0.00,0.00,0.00,0.00,0.00,0.00,0.00,0.00,0.00,0.00,0.00,0.00,0.00,0.00,0.00,0.60,1.38,2.77,2.49,2.72,1.10,0.00,0.00,2.43,3.17,3.30,4.23,0.00,0.00,0.00,0.00,0.92,0.00,0.00,0.00,2.02,2.16,1.71,0.00,0.00,0.62,0.54,0.00,0.00,0.00,0.00,0.00,0.00,0.81,0.78,0.00,0.64,1.14,0.00,0.00,2.67,1.35,0.00,0.00,6.73,0.00,0.89,1.09,0.00,0.00,0.00,0.00,0.00,0.00,0.00,0.00,0.92,1.41,1.43,0.63,0.00,0.71,1.57,0.00,2.33,0.00,0.00,0.00,0.00,0.00,0.00,0.00,0.00,0.00,0.00,0.00
6634.0,-2.000,7.000,0.000,0.000,0.000,0,0,0.826,0,0.255,0.285,0.210,0.264,0.316,0.00,0.87,0.81,5.05,15.15,6.73,5.41,17.32,0.00,8.18,3.88,0.99,0.77,1.46,1.84,0.16,0.05,2.89,5.77,0.00,0.94,0.00,0.00,5.05,12.63,0.00,0.00,0.00,0.00,1.62,1.76,0.00,3.11,1.97,1.80,0.00,0.00,0.00,0.00,2.89,2.89,4.66,0.00,0.00,6.38,0.00,0.00,0.00,0.00,0.00,0.00,0.00,0.00,0.00,0.00,0.00,0.00,0.00,0.00,0.00,0.00,0.00,0.00,0.00,0.00,0.00,0.00,0.00,0.00,0.00,0.00,0.00,0.00,0.00,0.00,0.00,0.00,0.00,0.00,0.00,0.00,0.00,0.00,0.00,0.00,0.00,0.00,0.00,0.00,0.00,0.00,0.00,0.00,0.00,0.00,21.52,0.73,0.00,0.00,3.16,3.19,12.75,12.73,0.00,0.00,0.00,3.79,1.03,0.00,0.00,0.00,0.94,0.80,0.00,0.00,0.00,0.00,0.00,0.00,0.00,0.00,0.00,0.00,0.00,0.00,0.00,0.00,0.00,0.00,60.61,60.61,0.00,0.00,0.00,0.00,0.00,0.00,0.00,0.00,0.00,0.00,0.00,0.00,0.00,0.00,0.00,0.00,0.00,0.00,0.00,0.00,0.00,0.00,0.00,0.00,0.00,0.00,0.00,0.00,0.00,0.00,0.00,0.00,0.00,0.00,0.00,0.00,0.00,0.00,0.00,0.00,0.00,0.00,0.00,0.00,0.00,0.00,0.00,0.00,0.00,0.00,0.00,0.00,0.00,0.00,0.00,0.00,0.00,0.00,0.00,0.00,0.00,0.00,0.00,0.00,0.00,0.00,0.00,0.00,0.00,0.00,0.00,0.00,0.00,0.00,0.00,0.00,0.00,0.00,0.00,0.00,0.00,0.00,0.00,0.00,0.00,0.00,0.00,0.00,0.00,0.00,0.00,0.00,0.00,0.00,0.00,0.00,0.00,0.00,0.00,0.00,0.00,0.00,0.00,0.00,0.00,0.00,0.00,0.00,0.00,0.81,1.25,1.00,0.52,2.97,2.89,2.47,4.13,0.00,0.00,2.82,3.44,3.71,2.11,0.00,0.00,0.00,0.00,0.00,0.00,0.00,0.00,0.00,3.61,0.43,0.00,0.00,0.62,0.54,0.00,0.00,0.00,2.16,0.96,0.00,0.46,0.82,0.00,1.03,0.80,0.00,0.00,1.78,4.04,0.00,0.00,0.00,0.00,1.02,1.06,0.00,0.00,0.00,0.00,0.00,0.00,0.00,2.33,0.46,0.00,0.00,1.26,0.99,1.43,1.04,0.00,4.66,0.00,0.00,0.00,0.00,0.00,0.00,0.00,0.00,0.00,0.00,0.00
6734.0,-2.000,7.000,0.000,0.000,0.000,0,0,0.827,0,0.056,0.054,0.060,0.050,0.113,0.00,1.81,0.67,0.00,15.15,4.77,4.84,17.32,0.00,6.22,2.29,1.24,1.11,1.46,4.41,0.16,0.12,5.77,5.77,1.43,1.40,0.00,0.00,7.58,8.84,0.00,0.00,1.62,0.81,1.58,1.48,1.59,3.11,0.94,0.95,0.00,0.00,0.00,0.00,0.00,2.89,0.00,0.00,0.00,3.19,0.00,0.00,0.00,0.00,0.00,0.00,0.00,0.00,0.00,0.00,0.00,0.00,0.00,0.00,0.00,0.00,0.00,0.00,0.00,0.00,0.00,0.00,0.00,0.00,0.00,0.00,0.00,0.00,0.00,0.00,0.00,0.00,0.00,0.00,0.00,0.00,0.00,0.00,0.00,0.00,0.00,0.00,0.00,0.00,0.00,0.00,0.00,0.00,0.00,0.00,20.44,0.36,1.55,1.73,2.80,2.58,12.48,11.66,0.00,0.00,4.66,0.00,0.00,1.03,0.00,0.00,0.94,0.80,3.28,0.00,0.00,0.00,0.00,0.00,0.00,0.00,0.00,0.00,0.00,0.00,0.00,0.00,0.00,0.00,0.00,0.00,2.53,0.00,0.00,0.00,0.00,0.00,0.00,0.00,0.00,0.00,0.00,0.00,0.00,0.00,0.00,0.00,0.00,0.00,0.00,0.00,0.00,0.00,0.00,0.00,0.00,0.00,0.00,0.00,0.00,0.00,0.00,0.00,0.00,0.00,0.00,0.00,0.00,0.00,0.00,0.00,0.00,0.00,0.00,0.00,0.00,0.00,0.00,0.00,0.00,0.00,0.00,0.00,0.00,0.00,0.00,0.00,0.00,0.00,0.00,0.00,0.00,0.00,0.00,0.00,0.00,0.00,0.00,0.00,0.00,0.00,0.00,0.00,0.00,0.00,0.00,0.00,0.00,0.00,0.00,0.00,0.00,0.00,0.00,0.00,0.00,0.00,0.00,0.00,0.00,0.00,0.00,0.00,0.00,0.00,0.00,0.00,0.00,0.00,0.00,0.00,0.00,0.00,0.00,0.00,0.00,0.00,0.00,0.00,0.00,0.00,0.62,1.00,1.90,2.99,2.55,2.97,3.31,0.00,0.00,3.20,4.13,2.89,3.88,0.00,0.00,0.00,0.00,0.00,0.00,0.00,1.01,8.08,0.72,1.28,0.00,0.00,0.62,1.07,0.00,0.00,0.00,4.33,3.85,1.99,0.85,1.10,0.00,1.15,0.69,0.00,0.00,2.67,4.04,0.00,0.00,6.73,0.00,0.87,0.94,0.00,0.00,0.00,0.00,0.00,0.00,0.00,0.00,0.92,0.94,0.71,0.63,0.99,0.00,1.04,0.53,0.00,0.00,0.00,0.00,0.00,0.00,0.00,0.00,0.00,0.00,0.00,0.00
6834.0,-2.000,7.000,0.000,0.000,0.000,0,0,0.827,0,0.144,0.171,0.104,0.201,0.368,0.00,1.88,1.69,10.10,0.00,5.61,4.84,17.32,0.00,4.44,3.17,0.86,2.10,2.19,1.84,0.14,0.07,2.89,2.89,1.66,2.11,0.00,0.00,2.53,7.58,0.00,0.00,0.00,0.81,1.75,2.03,0.00,1.55,3.29,2.37,0.00,0.00,0.00,0.00,0.00,0.00,0.00,0.00,0.00,0.00,0.00,0.00,0.00,0.00,0.00,0.00,0.00,0.00,0.00,0.00,0.00,0.00,0.00,0.00,0.00,0.00,0.00,0.00,0.00,0.00,0.00,0.00,0.00,0.00,0.00,0.00,0.00,0.00,0.00,0.00,0.00,0.00,0.00,0.00,0.00,0.00,0.00,0.00,0.00,0.00,0.00,0.00,0.00,0.00,0.00,0.00,0.00,0.00,0.00,0.00,17.21,2.90,0.00,0.00,3.60,3.38,13.27,10.59,0.00,0.00,0.00,0.00,1.03,0.00,0.00,0.00,1.26,0.40,1.64,0.00,0.00,0.00,0.00,0.00,0.00,0.00,0.00,0.00,0.00,0.00,0.00,0.00,60.61,60.61,0.00,60.61,0.00,0.00,0.00,0.00,0.00,0.00,0.00,0.00,0.00,0.00,0.00,0.00,0.00,0.00,0.00,0.00,0.00,0.00,0.00,0.00,0.00,0.00,0.00,0.00,0.00,0.00,0.00,0.00,0.00,0.00,0.00,0.00,0.00,0.00,0.00,0.00,0.00,0.00,0.00,0.00,0.00,0.00,0.00,0.00,0.00,0.00,0.00,0.00,0.00,0.00,0.00,0.00,0.00,0.00,0.00,0.00,0.00,0.00,0.00,0.00,0.00,0.00,0.00,0.00,0.00,0.00,0.00,0.00,0.00,0.00,0.00,0.00,0.00,0.00,0.00,0.00,0.00,0.00,0.00,0.00,0.00,0.00,0.00,0.00,0.00,0.00,0.00,0.00,0.00,0.00,0.00,0.00,0.00,0.00,0.00,0.00,0.00,0.00,0.00,0.00,0.00,0.72,0.74,0.00,0.00,0.00,0.00,0.00,0.00,0.00,0.00,1.81,0.35,3.34,3.48,3.22,3.86,0.00,0.00,2.95,2.34,2.06,4.93,0.00,0.00,0.00,0.00,0.00,0.00,0.00,0.00,0.00,0.00,2.99,0.00,0.00,0.62,1.07,0.00,0.00,0.00,2.16,2.89,0.00,1.43,1.10,0.00,1.03,1.14,0.00,0.00,2.67,1.35,0.00,8.66,0.00,0.00,1.12,1.13,0.00,0.00,0.00,0.00,0.00,0.00,2.24,4.66,0.92,2.82,2.14,1.26,0.99,1.43,1.57,0.53,2.33,0.00,0.00,0.00,0.00,0.00,0.00,0.00,0.00,0.00,0.00,0.00
6934.0,-2.000,7.000,0.000,0.000,0.000,0,0,0.828,0,0.055,0.032,0.088,0.038,1.000,0.00,1.08,1.01,0.00,10.10,5.61,5.98,8.66,8.66,7.29,5.46,0.47,0.69,2.56,0.73,0.09,0.07,0.00,2.89,0.95,0.94,0.00,0.00,2.53,8.84,0.00,0.00,0.81,4.85,1.40,1.26,3.19,1.55,1.69,0.57,0.00,0.00,0.00,0.00,0.00,2.89,0.00,0.00,0.00,3.19,0.00,0.00,0.00,0.00,0.00,0.00,0.00,0.00,0.00,0.00,0.00,0.00,0.00,0.00,0.00,0.00,0.00,0.00,0.00,0.00,0.00,0.00,0.00,0.00,0.00,0.00,0.00,0.00,0.00,0.00,0.00,0.00,0.00,0.00,0.00,0.00,0.00,0.00,0.00,0.00,0.00,0.00,0.00,0.00,0.00,0.00,0.00,0.00,0.00,0.00,21.52,1.45,1.55,0.00,3.29,2.86,13.17,12.73,0.00,0.00,0.00,0.00,0.00,2.05,0.00,0.00,0.94,0.20,0.00,0.00,0.00,0.00,0.00,0.00,0.00,40.40,0.00,0.00,0.00,0.00,0.00,0.00,0.00,0.00,0.00,0.00,0.00,0.00,0.00,0.00,0.00,0.00,0.00,0.00,0.00,0.00,0.00,0.00,0.00,0.00,0.00,0.00,0.00,0.00,0.00,0.00,0.00,0.00,0.00,30.30,60.61,60.61,0.00,0.00,0.00,0.00,0.00,0.00,0.00,0.00,0.00,0.00,0.00,0.00,0.00,0.00,0.00,0.00,0.00,0.00,0.00,0.00,0.00,0.00,0.00,0.00,0.00,0.00,0.00,0.00,0.00,0.00,0.00,0.00,0.00,0.00,0.00,0.00,0.00,0.00,0.00,0.00,0.00,0.00,0.00,0.00,0.00,0.00,0.00,0.00,0.00,0.00,0.00,0.00,0.00,0.00,0.00,0.00,0.00,0.00,0.00,0.00,0.00,0.00,0.00,0.00,0.00,0.00,0.00,0.00,0.00,0.00,0.00,0.00,0.00,0.00,0.00,0.00,0.00,0.00,0.00,0.00,0.00,0.00,0.00,0.00,0.00,1.00,0.35,2.82,2.92,1.98,4.41,0.00,0.00,2.43,2.75,6.18,1.06,0.00,0.00,0.00,0.00,0.00,0.00,0.00,0.00,0.00,0.00,1.28,0.00,0.00,0.62,0.54,8.66,0.00,0.00,0.00,1.92,0.99,0.85,0.63,0.00,0.51,0.91,0.00,0.00,2.67,6.73,0.00,0.00,0.00,0.00,0.92,0.87,0.00,60.61,0.00,0.00,0.00,0.00,2.24,0.00,2.30,0.00,0.71,0.63,0.00,0.00,1.04,0.53,0.00,0.00,0.00,0.00,0.00,0.00,0.00,0.00,0.00,0.00,0.00,0.00
7034.0,-2.000,7.000,0.000,0.000,0.000,0,0,0.828,0,0.103,0.098,0.109,0.129,0.189,4.33,1.30,1.01,10.10,5.05,3.09,4.84,8.66,0.00,5.69,2.47,0.73,0.99,1.83,2.57,0.21,0.07,0.00,5.77,1.19,0.94,0.00,0.00,2.53,5.05,0.00,0.00,0.00,1.62,1.34,1.55,0.00,0.00,1.69,1.90,0.00,0.00,0.00,0.00,2.89,0.00,4.66,0.00,0.00,3.19,0.00,0.00,0.00,0.00,0.00,0.00,0.00,0.00,0.00,0.00,0.00,0.00,0.00,0.00,0.00,0.00,0.00,0.00,0.00,0.00,0.00,0.00,0.00,0.00,0.00,0.00,0.00,0.00,0.00,0.00,0.00,0.00,0.00,0.00,0.00,0.00,0.00,0.00,0.00,0.00,0.00,0.00,0.00,0.00,0.00,0.00,0.00,0.00,0.00,0.00,24.39,1.09,1.55,0.00,2.80,3.28,12.48,12.36,0.00,0.00,0.00,0.00,0.00,0.00,0.00,0.00,1.57,1.20,1.64,0.00,0.00,0.00,0.00,0.00,0.00,0.00,0.00,0.00,0.00,0.00,0.00,0.00,60.61,60.61,0.00,0.00,2.53,0.00,0.00,0.00,0.00,0.00,0.00,0.00,0.00,0.00,0.00,0.00,0.00,0.00,0.00,0.00,0.00,0.00,0.00,0.00,0.00,0.00,0.00,0.00,0.00,0.00,0.00,0.00,0.00,0.00,0.00,0.00,0.00,0.00,0.00,0.00,0.00,0.00,0.00,0.00,0.00,0.00,0.00,0.00,0.00,0.00,0.00,0.00,0.00,0.00,0.00,0.00,0.00,0.00,0.00,0.00,0.00,0.00,0.00,0.00,0.00,0.00,0.00,0.00,0.00,0.00,0.00,0.00,0.00,0.00,0.00,0.00,0.00,0.00,0.00,0.00,0.00,0.00,0.00,0.00,0.00,0.00,0.00,0.00,0.00,0.00,0.00,0.00,0.00,0.00,0.00,0.00,0.00,0.00,0.00,0.00,0.00,0.00,0.00,0.00,0.00,0.24,0.49,0.00,0.00,0.00,0.00,0.00,0.00,1.62,0.62,0.80,0.35,2.97,2.68,2.97,3.86,0.00,0.00,2.69,2.62,2.06,2.47,5.05,4.66,0.00,0.00,0.00,0.00,1.01,0.00,1.01,0.72,2.56,0.00,0.00,1.25,0.54,0.00,0.00,0.00,2.16,0.96,0.00,0.85,0.86,0.00,0.77,1.03,0.00,0.00,1.78,1.35,0.00,0.00,0.00,0.00,0.98,0.89,0.00,0.00,0.00,0.00,0.00,0.00,0.00,0.00,1.38,0.00,1.43,0.63,3.97,2.85,1.04,0.53,0.00,0.00,0.00,0.00,0.00,0.00,0.00,0.00,0.00,0.00,0.00,0.00
