t_ms,threat,E1_146508,E1_148993,E1_160394,E2_142970,E2_151070,E2_158102,I1_145778,I1_150988,I1_155658,I2_147712,I2_153889,I2_159471,MN_extend_coxa_trochanter_joint,MN_extend_femur_tibia_joint,MN_extend_tibia_tarsus_joint,MN_flex_coxa_trochanter_joint,MN_flex_femur_tibia_joint,MN_flex_tibia_tarsus_joint,MN_move_coxa_anterior,MN_move_coxa_medial,MN_move_coxa_posterior,MN_move_coxa_posterior_lateral,MN_pull_long_tendon,MN_unknown_leg_movement
0.0,0,0.0,0.0,0.0,0.0,0.0,0.0,0.0,0.0,0.0,0.0,0.0,0.0,0.0,0.0,0.0,0.0,0.0,0.0,0.0,0.0,0.0,0.0,0.0,0.0
1.0,0,0.0,0.0,0.0,0.0,0.0,0.0,0.0,0.0,0.0,0.0,0.0,0.0,0.0,0.0,0.0,0.0,0.0,0.0,0.0,0.0,0.0,0.0,0.0,0.0
2.0,0,0.0,0.0,0.0,0.0,0.0,0.0,0.0,0.0,0.0,0.0,0.0,0.0,0.0,0.0,0.0,0.0,0.0,0.0,0.0,0.0,0.0,0.0,0.0,0.0
3.0,0,0.0,0.0,0.0,0.0,0.0,0.0,0.0,0.0,0.0,0.0,0.0,0.0,0.0,0.0,0.0,0.0,0.0,0.0,0.0,0.0,0.0,0.0,0.0,0.0
4.0,0,0.0,0.0,0.0,0.0,0.0,0.0,0.0,0.0,0.0,0.0,0.0,0.0,0.0,0.0,0.0,0.0,0.0,0.0,0.0,0.0,0.0,0.0,0.0,0.0
5.0,0,0.0,0.0,0.0,0.0,0.0,0.0,0.0,0.0,0.0,0.0,0.0,0.0,0.0,0.0,0.0,0.0,0.0,0.0,0.0,0.0,0.0,0.0,0.0,0.0
6.0,0,0.0,0.0,0.0,0.0,0.0,0.0,0.0,0.0,0.0,0.0,0.0,0.0,0.0,0.0,0.0,0.0,0.0,0.0,0.0,0.0,0.0,0.0,0.0,0.0
7.0,0,0.0,0.0,0.0,0.0,0.0,0.0,0.0,0.0,0.0,0.0,0.0,0.0,0.0,0.0,0.0,0.0,0.0,0.0,0.0,0.0,0.0,0.0,0.0,0.0
8.0,0,0.0,0.0,0.0,0.0,0.0,0.0,0.0,0.0,0.0,0.0,0.0,0.0,0.0,0.0,0.0,0.0,0.0,0.0,0.0,0.0,0.0,0.0,0.0,0.0
9.000000000000002,0,0.0,0.0,0.0,0.0,0.0,0.0,0.0,0.0,0.0,0.0,0.0,0.0,0.0,0.0,0.0,0.0,0.0,0.0,0.0,0.0,0.0,0.004038496532383902,0.0,0.0
10.0,0,0.0,0.0,0.0,0.0,0.0,0.0,0.0,0.0,0.0,0.0,0.0,0.0,0.0,0.0,0.0,0.0,0.0,0.0,0.0,0.0,0.0,0.05502646435818095,0.0,0.0
11.0,0,0.0,0.0,0.0,0.0,0.0,0.0,0.0,0.0,0.0,0.0,0.0,0.0,0.0,0.0,0.0,0.0,0.0,0.0,0.0,0.0,0.0,0.16482390757619728,0.0,0.0
12.0,0,0.0,0.0,0.0,0.0,0.0,0.0,0.0,0.0,0.0,0.0,0.0,0.0,0.0,0.0,0.0,0.0,0.0,0.0,0.0,0.0,0.0,0.3318224182193518,0.0,0.0
13.000000000000002,0,0.0,0.0,0.0,0.0,0.0,0.0,0.0,0.0,0.0,0.0,0.0,0.0,0.0,0.0,0.0,0.0,0.0,0.0,0.0,0.0,0.002360947751897923,0.5521516117487205,0.0,0.0
14.0,0,0.0,0.0,0.0,0.0,0.0,0.0,0.0,0.0,0.0,0.0,0.0,0.0,0.0,0.0,0.0,0.0,0.001803409301415027,0.0,0.0,0.0,0.01772141976017361,0.8218106755423688,0.0,0.0
15.0,0,0.0,0.0,0.0,0.0,0.0,0.0,0.0,0.0,0.0,0.0,0.0,0.0,0.0,0.0,0.0,0.0,0.0066757519664829195,0.0,0.0,0.0,0.046742345111532566,1.1370917637313183,0.0,0.0
16.0,0,0.0,0.0,0.0,0.0,0.0,0.0,0.0,0.0,0.0,0.0,0.0,0.0,0.0,0.0,0.0,0.004101345987153067,0.01585218494320049,0.0,0.0,0.0,0.08882125342592252,1.4945408878951123,0.0,0.0
17.0,0,0.0,0.0,0.0,0.0,0.0,0.0,0.0,0.0,0.0,0.0,0.0,0.0,0.0,0.0,0.0,0.022631420056132067,0.029857605834373833,0.0,0.0,0.0,0.14340684892871397,1.8913658283663919,0.0,0.0
18.000000000000004,0,0.0,0.0,0.0,0.0,0.0,0.0,0.0,0.0,0.0,0.0,0.0,0.0,0.0,0.0,0.0,0.05506220685177083,0.05011646984381292,0.0,0.0,0.0,0.20999225723420165,2.336974239454259,0.0,0.0
19.0,0,0.0,0.0,0.0,0.0,0.0,0.0,0.0,0.0,0.0,0.0,0.0,0.0,0.0,0.0,0.0,0.10091309822881943,0.077769874111401,0.0,0.0,0.0,0.2881165074519153,2.8344525225936468,0.0,0.0
20.0,0,0.0,0.0,0.0,0.0,0.0,0.0,0.0,0.0,0.0,0.0,0.0,0.0,0.0,0.0,0.0,0.15860379183077125,0.11233268331332258,0.0,0.0,0.0,0.3773998847542867,3.381730009939744,0.0,0.0
21.0,0,0.0,0.0,0.0,0.0,0.0,0.0,0.0,0.0,0.0,0.0,0.0,0.0,0.0,0.0,0.0,0.2237086562279135,0.15364700844223436,0.0,0.0,0.0,0.4775447044723897,3.9774411040778905,0.0,0.0
22.0,0,0.0,0.0,0.0,0.0,0.0,0.0,0.0,0.0,0.0,0.0,0.0,0.0,0.0,0.0,0.0,0.2913708362775902,0.20231106890399053,0.0,0.0,0.0,0.5883181156993459,4.620754791647796,0.0,0.0
23.0,0,0.0,0.0,0.0,0.0,0.0,0.0,0.0,0.0,0.0,0.0,0.0,0.0,0.0008100065481950124,0.0,0.0,0.3561513130321327,0.2575990816885322,0.0,0.0,0.0,0.7095428240547256,5.311334156339236,0.0,0.0
24.0,0,0.0,0.0,0.0,0.0,0.0,0.0,0.0,0.0,0.0,0.0,0.0,0.0,0.005764110274857993,0.0,0.0,0.41425051146984004,0.31866081378230343,0.0,0.0,0.0,0.8411014515523942,6.049311551657014,0.0,0.0
25.0,0,0.0,0.0,0.0,0.0,0.0,0.0,0.0,0.0,0.0,0.0,0.0,0.0,0.017047114620628415,0.0,0.0,0.4631467377813286,0.3846607103140831,0.0,0.0,0.0,0.9829300471180303,6.835228812751837,0.0,0.0
26.000000000000004,0,0.0,0.0,0.0,0.0,0.0,0.0,0.0,0.0,0.0,0.0,0.0,0.0,0.03604136179927558,0.0,0.0,0.4987718573227756,0.45478455707886994,0.0,0.0,0.0,1.1350125142727514,7.669979154899651,0.0,0.0
27.0,0,0.0,0.0,0.0,0.0,0.0,0.0,0.0,0.0,0.0,0.0,0.0,0.0,0.06478546669203177,0.0,0.0,0.5171846055628866,0.5282424847752655,0.0,0.0,0.0,1.2973749028182202,8.55474962610417,0.0,0.0
28.0,0,0.0,0.0,0.0,0.0,0.0,0.0,0.0,0.0,0.0,0.0,0.0,0.0,0.1053256050289878,0.0,0.0,0.5154876161106544,0.604276063576938,0.0,0.0,0.0,1.4701476808774356,9.491159936723164,0.0,0.0
29.0,0,0.0,0.0,0.0,0.0,0.0,0.0,0.0,0.0,0.0,0.0,0.0,0.0,0.15762779712832156,0.0,0.0,0.5078524377383027,0.6821623082872716,0.0,0.0,0.0,1.6537249876832958,10.481666657978954,0.0,0.0
30.0,0,0.0,0.0,0.0,0.0,0.0,0.0,0.0,0.0,0.0,0.0,0.0,0.0,0.22170219312863845,0.0,0.0,0.49987948593402504,0.7612209924402548,0.0,0.0,0.0,1.8481733800810474,11.527600839642032,0.0,0.0
31.0,0,0.0,0.0,0.0,0.0,0.0,0.0,0.0,0.0,0.0,0.0,0.0,0.0,0.297591641516039,0.0,0.0,0.4910771607267328,0.8412926724619232,0.0,0.0,0.0,2.053137756652404,12.62888630993438,0.0,0.0
32.0,0,0.0,0.0,0.0,0.0,0.0,0.0,0.0,0.0,0.0,0.0,0.0,0.0,0.38537881505203786,0.0,0.0,0.48097386668702585,0.9219159925044185,0.0,0.0,0.0,2.26827852264185,13.785560231011093,0.0,0.0
33.0,0,0.0,0.0,0.0,0.0,0.0,0.0,0.0,0.0,0.0,0.0,0.0,0.0,0.4852008097853846,0.0,0.0,0.46911916117985136,1.0023910622075756,0.0,0.0,0.0,2.493292214594873,14.997809449799835,0.0,0.0
34.0,0,0.0,0.0,0.0,0.0,0.0,0.0,0.0,0.0,0.0,0.0,0.0,0.0,0.597213825222718,0.0,0.0,0.4550846036439658,1.082064104484098,0.0,0.0,0.0,2.7279070407399426,16.265921046305536,0.0,0.0
35.0,0,0.0,0.0,0.0,0.0,0.0,0.0,0.0,0.0,0.0,0.0,0.0,0.0,0.7215842323746305,0.0,0.0,0.4384644462593924,1.160325838716877,0.0,0.0,0.0,2.9718782864446474,17.59023634369612,0.0,0.0
36.00000000000001,0,0.0,0.0,0.0,0.0,0.0,0.0,0.0,0.0,0.0,0.0,0.0,0.0,0.8582945975134785,0.0,0.0,0.4189629548990832,1.2365992560053332,0.0,0.0,0.0,3.2250472111755135,18.971233480083995,0.0,0.0
37.0,0,0.0,0.0,0.0,0.0,0.0,0.0,0.0,0.0,0.0,0.0,0.0,0.0,1.0067735357779717,0.0,0.0,0.39840432200484965,1.3103108421907794,0.0,0.0,0.0,3.487424435659409,20.40966344498019,0.0,0.0
38.0,0,0.0,0.0,0.0,0.0,0.0,0.0,0.0,0.0,0.0,0.0,0.0,0.0,1.1664130720849246,0.0,0.0,0.37885450714938895,1.3809101339579395,0.0,0.0,0.0,3.7590422721227656,21.906195240197846,0.0,0.0
39.0,0,0.0,0.0,0.0,0.0,0.0,0.0,0.0,0.0,0.0,0.0,0.0,0.0,1.336678099855042,0.0,0.0,0.36026400734091263,1.4478755833152746,0.0,0.0,0.0,4.039930784284181,23.461281503898405,0.0,0.0
40.0,0,0.0,0.0,0.0,0.0,0.0,0.0,0.0,0.0,0.0,0.0,0.0,0.0,1.5177002854146073,0.0,0.0,0.3425857487136998,1.5107143303075805,0.0,0.0,0.0,4.329743735035995,25.073508934268915,0.0,0.0
41.0,0,0.0,0.0,0.0,0.0,0.0,0.0,0.0,0.0,0.0,0.0,0.0,0.0,1.7131382145485619,0.0,0.0,0.3257749673301819,1.5689631219109634,0.0,0.0,0.0,4.627380142783632,26.7378857018859,0.0,0.0
42.0,0,0.0,0.0,0.0,0.0,0.0,0.0,0.0,0.0,0.0,0.0,0.0,0.0,1.9246465385513476,0.0,0.0,0.309789095832103,1.62218941623055,0.0,0.0,0.0,4.931723524118239,28.449308802750146,0.0,0.0
43.0,0,0.0,0.0,0.0,0.0,0.0,0.0,0.0,0.0,0.0,0.0,0.0,0.0,2.151313559624539,0.0,0.0,0.2945876556537396,1.6699917037332568,0.0,0.0,0.0,5.241733551606136,30.202982165304206,0.0,0.0
44.0,0,0.0,0.0,0.0,0.0,0.0,0.0,0.0,0.0,0.0,0.0,0.0,0.0,2.3921584833238283,0.0,0.0,0.2801321545242496,1.7119948810999175,0.0,0.0,0.0,5.556444877923401,31.99440290339238,0.0,0.0
45.0,0,0.0,0.0,0.0,0.0,0.0,0.0,0.0,0.0,0.0,0.0,0.0,0.0,2.646066624061061,0.0,0.0,0.2663859889996103,1.74783934570814,0.0,0.0,0.0,5.874965344736227,33.81934910957009,0.0,0.0
46.0,0,0.0,0.0,0.0,0.0,0.0,0.0,0.0,0.0,0.0,0.0,0.0,0.0,2.9119304288613983,0.0,0.0,0.2533143517773421,1.7771938797461153,0.0,0.0,0.0,6.196473664647944,35.67386415214927,0.0,0.0
47.0,0,0.0,0.0,0.0,0.0,0.0,0.0,0.0,0.0,0.0,0.0,0.0,0.0,3.1886744981194557,0.0,0.0,0.24088414355932536,1.7998986563885917,0.0,0.0,0.0,6.520219466434754,37.55425050822664,0.0,0.0
48.0,0,0.0,0.0,0.0,0.0,0.0,0.0,0.0,0.0,0.0,0.0,0.0,0.0,3.4752575764855695,0.0,0.0,0.2290638892395349,1.8163912328605178,0.0,0.0,0.0,6.845521503725734,39.45704850273513,0.0,0.0
49.0,0,0.0,0.0,0.0,0.0,0.0,0.0,0.0,0.0,0.0,0.0,0.0,0.0,3.770646210737045,0.0,0.0,0.21782365820446567,1.8265775055343507,0.0,0.0,0.0,7.171340647377905,41.376860619065084,0.0,0.0
50.0,0,0.0,0.0,0.0,0.0,0.0,0.0,0.0,0.0,0.0,0.0,0.0,0.0,4.073796228459505,0.0,0.0,0.20713498854443976,1.8303050805186576,0.0,0.0,0.0,7.496076844510737,43.30537263938116,0.0,0.0
51.00000000000001,0,0.0,0.0,0.0,0.0,0.0,0.0,0.0,0.0,0.0,0.0,0.0,0.0,4.383695839255202,0.0,0.0,0.19697081498388674,1.8274486388983697,0.0,0.0,0.0,7.818253249901119,45.2348583949992,0.0,0.0
52.00000000000001,0,0.0,0.0,0.0,0.0,0.0,0.0,0.0,0.0,0.0,0.0,0.0,0.0,4.699371508269099,0.0,0.0,0.1873054003481055,1.8179089146012644,0.0,0.0,0.0,8.136569077213938,47.15843731165695,0.0,0.0
53.0,0,0.0,0.0,0.0,0.0,0.0,0.0,0.0,0.0,0.0,0.0,0.0,0.0,5.01989141581657,0.0,0.0,0.17811427039297212,1.8016115756652107,0.0,0.0,0.0,8.44987542723619,49.069996043885396,0.0,0.0
54.0,0,0.0,0.0,0.0,0.0,0.0,0.0,0.0,0.0,0.0,0.0,0.0,0.0,5.344382244814291,0.0,0.0,0.1693741518325724,1.7785060850806733,0.0,0.0,0.0,8.757164516393697,50.96413428081324,0.0,0.0
55.0,0,0.0,0.0,0.0,0.0,0.0,0.0,0.0,0.0,0.0,0.0,0.0,0.0,5.672018595569851,0.0,0.0,0.16106291340783674,1.7486647148412355,0.0,0.0,0.0,9.05756303787474,52.83612331188441,0.0,0.0
56.0,0,0.0,0.0,0.0,0.0,0.0,0.0,0.0,0.0,0.0,0.0,0.0,0.0,6.0020246439371014,0.0,0.0,0.1531595098469538,1.7134091438126802,0.0,0.0,0.0,9.350323273845758,54.68185906578572,0.0,0.0
57.0,0,0.0,0.0,0.0,0.0,0.0,0.0,0.0,0.0,0.0,0.0,0.0,0.0,6.333674962916114,0.0,0.0,0.1456439285756628,1.6730908662468935,0.0,0.0,0.0,9.634813400651868,56.49781016424818,0.0,0.0
58.0,0,0.0,0.0,0.0,0.0,0.0,0.0,0.0,0.0,0.0,0.0,0.0,0.0,6.666288569818656,0.0,0.0,0.13849713904248728,1.6280620835052109,0.0,0.0,0.0,9.910511430815585,58.280961626267214,0.0,0.0
59.00000000000001,0,0.0,0.0,0.0,0.0,0.0,0.0,0.0,0.0,0.0,0.0,0.0,0.0,6.999285983396434,0.0,0.0,0.13170104453059428,1.5806389407867567,0.0,0.0,0.0,10.177037624983775,60.02876939059675,0.0,0.0
60.0,0,0.0,0.0,0.0,0.0,0.0,0.0,0.0,0.0,0.0,0.0,0.0,0.0,7.332170269835989,0.0,0.0,0.12523843633425916,1.5313002943059255,0.0,0.0,0.0,10.434128430219221,61.73912410504826,0.0,0.0
61.0,0,0.0,0.0,0.0,0.0,0.0,0.0,0.0,0.0,0.0,0.0,0.0,0.0,7.664481752366019,0.0,0.0,0.1190929501839047,1.4824095217247366,0.0,0.0,0.0,10.68159564989481,63.410309706923925,0.0,0.0
62.0,0,0.0,0.0,0.0,0.0,0.0,0.0,0.0,0.0,0.0,0.0,0.0,0.0,7.995795856075381,0.0,0.0,0.1132490248093763,1.4355516679081155,0.0,0.0,0.0,10.919318224337895,65.04096408033323,0.0,0.0
63.0,0,0.0,0.0,0.0,0.0,0.0,0.0,0.0,0.0,0.0,0.0,0.0,0.0,8.32572176560884,0.0,0.0,0.10769186253652872,1.3905971800656804,0.0,0.0,0.0,11.147235149678254,66.63004283166197,0.0,0.0
64.0,0,0.0,0.0,0.0,0.0,0.0,0.0,0.0,0.0,0.0,0.0,0.0,0.0,8.653900686219789,0.0,0.0,0.10240739181735005,1.34742443047952,0.0,0.0,0.0,11.36533878791302,68.17678578166039,0.0,0.0
65.0,0,0.0,0.0,0.0,0.0,0.0,0.0,0.0,0.0,0.0,0.0,0.0,0.0,8.980003963013147,0.0,0.0,0.09738223159874321,1.3059193600109245,0.0,0.0,0.0,11.573668445745025,69.68068562116562,0.0,0.0
66.0,0,0.0,0.0,0.0,0.0,0.0,0.0,0.0,0.0,0.0,0.0,0.0,0.0,9.303778415900014,0.0,0.0,0.0926036574397414,1.2659855773501067,0.0,0.0,0.0,11.772323903238007,71.1414602309396,0.0,0.0
67.0,0,0.0,0.0,0.0,0.0,0.0,0.0,0.0,0.0,0.0,0.0,0.0,0.0,9.625066739123142,0.0,0.0,0.08805956929136184,1.2275505842525838,0.0,0.0,0.0,11.96147208466547,72.55902780618152,0.0,0.0
68.0,0,0.0,0.0,0.0,0.0,0.0,0.0,0.0,0.0,0.0,0.0,0.0,0.0,9.943600838730537,0.0,0.0,0.08373846085751115,1.190546885903542,0.0,0.0,0.0,12.141304341292065,73.93348846476734,0.0,0.0
69.0,0,0.0,0.0,0.0,0.0,0.0,0.0,0.0,0.0,0.0,0.0,0.0,0.0,10.259034207237152,0.0,0.0,0.07962939045936006,1.1549100561700696,0.0,0.0,0.0,12.312064548574936,75.26518683342128,0.0,0.0
70.0,0,0.0,0.0,0.0,0.0,0.0,0.0,0.0,0.0,0.0,0.0,0.0,0.0,10.571069945586526,0.0,0.0,0.07572195332941166,1.1205786083023042,0.0,0.0,0.0,12.474121525450023,76.55486037404096,0.0,0.0
71.00000000000001,0,0.0,0.0,0.0,0.0,0.0,0.0,0.0,0.0,0.0,0.0,0.0,0.0,10.879448308005468,0.0,0.0,0.07200625526510751,1.0874938626553767,0.0,0.0,0.0,12.62789749758361,77.80339363739024,0.0,0.0
72.00000000000001,0,0.0,0.0,0.0,0.0,0.0,0.0,0.0,0.0,0.0,0.0,0.0,0.0,11.183942121928052,0.0,0.0,0.06847288757525914,1.0555998215395195,0.0,0.0,0.0,12.773868358870038,79.01172874884726,0.0,0.0
73.0,0,0.0,0.0,0.0,0.0,0.0,0.0,0.0,0.0,0.0,0.0,0.0,0.0,11.484351066277453,0.0,0.0,0.06511290325586515,1.0248430550633705,0.0,0.0,0.0,12.912501858636617,80.18084021048477,0.0,0.0
74.0,0,0.0,0.0,0.0,0.0,0.0,0.0,0.0,0.0,0.0,0.0,0.0,0.0,11.780498819437197,0.0,0.0,0.06191779433498807,0.9951725929128749,0.0,0.0,0.0,13.044248927355723,81.31172592093436,0.0,0.0
75.0,0,0.0,0.0,0.0,0.0,0.0,0.0,0.0,0.0,0.0,0.0,0.0,0.0,12.072231540358901,0.0,0.0,0.05887947032932437,0.9665398191415231,0.0,0.0,0.0,13.169543613971468,82.40540280816529,0.0,0.0
76.0,0,0.0,0.0,0.0,0.0,0.0,0.0,0.0,0.0,0.0,0.0,0.0,0.0,12.359418270577924,0.0,0.0,0.05599023775791701,0.9388985180832078,0.0,0.0,0.0,13.288803064916213,83.46290284851652,0.0,0.0
77.0,0,0.0,0.0,0.0,0.0,0.0,0.0,0.0,0.0,0.0,0.0,0.0,0.0,12.641949522134855,0.0,0.0,0.0532427806611359,0.9122054620371722,0.0,0.0,0.0,13.40242657437534,84.48526567672536,0.0,0.0
78.0,0,0.0,0.0,0.0,0.0,0.0,0.0,0.0,0.0,0.0,0.0,0.0,0.0,12.919735747110938,0.0,0.0,0.05063014207559757,0.8864197011856255,0.0,0.0,0.0,13.510789755764511,85.47351895565464,0.0,0.0
79.0,0,0.0,0.0,0.0,0.0,0.0,0.0,0.0,0.0,0.0,0.0,0.0,0.0,13.192706041615288,0.0,0.0,0.04814570641811606,0.861502168662106,0.0,0.0,0.0,13.614242043506398,86.42866667888552,0.0,0.0
80.0,0,0.0,0.0,0.0,0.0,0.0,0.0,0.0,0.0,0.0,0.0,0.0,0.0,13.460806868841228,0.0,0.0,0.04578318273407814,0.8374155953542778,0.0,0.0,0.0,13.713108160105522,87.35168810564251,0.0,0.0
81.0,0,0.0,0.0,0.0,0.0,0.0,0.0,0.0,0.0,0.0,0.0,0.0,0.0,13.724000744408826,0.0,0.0,0.043536588767825804,0.8141244278437368,0.0,0.0,0.0,13.807689647981471,88.2435382555611,0.0,0.0
82.0,0,0.0,0.0,0.0,0.0,0.0,0.0,0.0,0.0,0.0,0.0,0.0,0.0,13.982264817166659,0.0,0.0,0.0414002358147096,0.7915947495006331,0.0,0.0,0.0,13.898266309081457,89.10514835444589,0.0,0.0
83.0,0,0.0,0.0,0.0,0.0,0.0,0.0,0.0,0.0,0.0,0.0,0.0,0.0,14.235564536579059,0.0,0.0,0.03936871431645605,0.7697942047258254,0.0,0.0,0.0,13.985097598344833,89.93742639927291,0.0,0.0
84.0,0,0.0,0.0,0.0,0.0,0.0,0.0,0.0,0.0,0.0,0.0,0.0,0.0,14.48384892783427,0.0,0.0,0.03743688016337458,0.7486919247519556,0.0,0.0,0.0,14.068424181568533,90.74125847617225,0.0,0.0
85.0,0,0.0,0.0,0.0,0.0,0.0,0.0,0.0,0.0,0.0,0.0,0.0,0.0,14.727084166713151,0.0,0.0,0.03559984166871907,0.7282584453475408,0.0,0.0,0.0,14.14846916408707,91.51750916449288,0.0,0.0
86.0,0,0.0,0.0,0.0,0.0,0.0,0.0,0.0,0.0,0.0,0.0,0.0,0.0,14.965248741530601,0.0,0.0,0.03385294718222127,0.7084656335874709,0.0,0.0,0.0,14.22543909068677,92.26702144062449,0.0,0.0
87.00000000000001,0,0.0,0.0,0.0,0.0,0.0,0.0,0.0,0.0,0.0,0.0,0.0,0.0,15.198332451490764,0.0,0.0,0.032191773311431644,0.6892866276527156,0.0,0.0,0.0,14.299524984947634,92.99061687924757,0.0,0.0
88.0,0,0.0,0.0,0.0,0.0,0.0,0.0,0.0,0.0,0.0,0.0,0.0,0.0,15.426335620895752,0.0,0.0,0.030612113721042503,0.6706957796284916,0.0,0.0,0.0,14.370903337523933,93.68909586616232,0.0,0.0
89.0,0,0.0,0.0,0.0,0.0,0.0,0.0,0.0,0.0,0.0,0.0,0.0,0.0,15.649264883382495,0.0,0.0,0.02910996848183147,0.6526686007478385,0.0,0.0,0.0,14.439737050978483,94.36323783793429,0.0,0.0
90.0,0,0.0,0.0,0.0,0.0,0.0,0.0,0.0,0.0,0.0,0.0,0.0,0.0,15.867111099285045,0.0,0.0,0.027681533942255445,0.6351817090133742,0.0,0.0,0.0,14.50617666018976,95.01380240365413,0.0,0.0
91.0,0,0.0,0.0,0.0,0.0,0.0,0.0,0.0,0.0,0.0,0.0,0.0,0.0,16.07986567514747,0.0,0.0,0.026323193097048312,0.6182127790654712,0.0,0.0,0.0,14.570361785853283,95.64153119295585,0.0,0.0
92.0,0,0.0,0.0,0.0,0.0,0.0,0.0,0.0,0.0,0.0,0.0,0.0,0.0,16.287531173492653,0.0,0.0,0.025031506428434384,0.6017404942892058,0.0,0.0,0.0,14.632421803291274,96.24714802364974,0.0,0.0
93.0,0,0.0,0.0,0.0,0.0,0.0,0.0,0.0,0.0,0.0,0.0,0.0,0.0,16.49012045020533,0.0,0.0,0.023803203196766112,0.5857445032968304,0.0,0.0,0.0,14.692474301895622,96.8313588426681,0.0,0.0
94.0,0,0.0,0.0,0.0,0.0,0.0,0.0,0.0,0.0,0.0,0.0,0.0,0.0,16.687655884189752,0.0,0.0,0.022635173158532695,0.5702053835734483,0.0,0.0,0.0,14.7506262734384,97.39485198917379,0.0,0.0
95.0,0,0.0,0.0,0.0,0.0,0.0,0.0,0.0,0.0,0.0,0.0,0.0,0.0,16.880168295311744,0.0,0.0,0.021524458690768414,0.5551046007585916,0.0,0.0,0.0,14.806976709470957,97.93829750435299,0.0,0.0
96.0,0,0.0,0.0,0.0,0.0,0.0,0.0,0.0,0.0,0.0,0.0,0.0,0.0,17.067680092829544,0.0,0.0,0.020468247301918548,0.5404244924438384,0.0,0.0,0.0,14.861617379420201,98.4623089538896,0.0,0.0
97.0,0,0.0,0.0,0.0,0.0,0.0,0.0,0.0,0.0,0.0,0.0,0.0,0.0,17.2501990552095,0.0,0.0,0.019463864510199193,0.5261483765932676,0.0,0.0,0.0,14.914633136018768,98.96743142204566,0.0,0.0
98.0,0,0.0,0.0,0.0,0.0,0.0,0.0,0.0,0.0,0.0,0.0,0.0,0.0,17.427741636106454,0.0,0.0,0.01850876707141806,0.5122605763207184,0.0,0.0,0.0,14.966088346158296,99.45418064171388,0.0,0.0
99.0,0,0.0,0.0,0.0,0.0,0.0,0.0,0.0,0.0,0.0,0.0,0.0,0.0,17.60033398303642,0.0,0.0,0.017600536539108064,0.4987463510654391,0.0,0.0,0.0,15.01603587590112,99.9230585310178,0.0,0.0
100.0,0,0.0,0.0,0.0,0.0,0.0,0.0,0.0,0.0,0.0,0.0,0.0,0.0,17.768011088223123,0.0,0.0,0.016736873140666964,0.4855918292169633,0.0,0.0,0.0,15.064526889172276,100.37456515158392,0.0,0.0
101.0,0,0.0,0.0,0.0,0.0,0.0,0.0,0.0,0.0,0.0,0.0,0.0,0.0,17.930906322100267,0.0,0.0,0.015915589953996643,0.4727839456713893,0.0,0.0,0.0,15.111610760941932,100.80919718459756,0.0,0.0
102.00000000000001,0,0.0,0.0,0.0,0.0,0.0,0.0,0.0,0.0,0.0,0.0,0.0,0.0,18.089205769707036,0.0,0.0,0.015134607369896375,0.4603103839751271,0.0,0.0,0.0,15.157335059534818,101.2274468014756,0.0,0.0
103.00000000000001,0,0.0,0.0,0.0,0.0,0.0,0.0,0.0,0.0,0.0,0.0,0.0,0.0,18.24295424741866,0.0,0.0,0.01439194782618801,0.4481595227335418,0.0,0.0,0.0,15.20174555576657,101.62980070219828,0.0,0.0
104.00000000000001,0,0.0,0.0,0.0,0.0,0.0,0.0,0.0,0.0,0.0,0.0,0.0,0.0,18.392203130003615,0.0,0.0,0.01368573080023918,0.43632038598260703,0.0,0.0,0.0,15.244886242081192,102.01673926985752,0.0,0.0
105.0,0,0.0,0.0,0.0,0.0,0.0,0.0,0.0,0.0,0.0,0.0,0.0,0.0,18.53700968547618,0.0,0.0,0.013014168047204854,0.42478259724127876,0.0,0.0,0.0,15.286799360249368,102.38873583212136,0.0,0.0
106.0,0,0.0,0.0,0.0,0.0,0.0,0.0,0.0,0.0,0.0,0.0,0.0,0.0,18.67743645001019,0.0,0.0,0.01237555907192971,0.41353633698079073,0.0,0.0,0.0,15.327525436308573,102.7462560209282,0.0,0.0
107.0,0,0.0,0.0,0.0,0.0,0.0,0.0,0.0,0.0,0.0,0.0,0.0,0.0,18.813550641412135,0.0,0.0,0.011768286823045582,0.4025723032645052,0.0,0.0,0.0,15.367103321541899,103.08975722230383,0.0,0.0
108.0,0,0.0,0.0,0.0,0.0,0.0,0.0,0.0,0.0,0.0,0.0,0.0,0.0,18.94542360963461,0.0,0.0,0.011190813598360792,0.391881675328389,0.0,0.0,0.0,15.40557023840297,103.4196881087388,0.0,0.0
109.0,0,0.0,0.0,0.0,0.0,0.0,0.0,0.0,0.0,0.0,0.0,0.0,0.0,19.073130322804975,0.0,0.0,0.010641677151173201,0.3814560798876521,0.0,0.0,0.0,15.442961830399105,103.73648824707743,0.0,0.0
110.0,0,0.0,0.0,0.0,0.0,0.0,0.0,0.0,0.0,0.0,0.0,0.0,0.0,19.196748887245995,0.0,0.0,0.010119486987647594,0.371287559969645,0.0,0.0,0.0,15.479312215043965,104.04058777535188,0.0,0.0
111.0,0,0.0,0.0,0.0,0.0,0.0,0.0,0.0,0.0,0.0,0.0,0.0,0.0,19.316360099975213,0.0,0.0,0.00962292084588183,0.36136854608680063,0.0,0.0,0.0,15.514654039084228,104.33240714244889,0.0,0.0
112.0,0,0.0,0.0,0.0,0.0,0.0,0.0,0.0,0.0,0.0,0.0,0.0,0.0,19.432047032186702,0.0,0.0,0.009150721347746235,0.351691829576263,0.0,0.0,0.0,15.54901853529231,104.6123569049235,0.0,0.0
113.0,0,0.0,0.0,0.0,0.0,0.0,0.0,0.0,0.0,0.0,0.0,0.0,0.0,19.543894642241256,0.0,0.0,0.00870169281501819,0.3422505379449219,0.0,0.0,0.0,15.582435580198997,104.88083757567465,0.0,0.0
114.0,0,0.0,0.0,0.0,0.0,0.0,0.0,0.0,0.0,0.0,0.0,0.0,0.0,19.65198941671872,0.0,0.0,0.008274698241749916,0.3330381120698971,0.0,0.0,0.0,15.614933752215958,105.13823951957474,0.0,0.0
115.0,0,0.0,0.0,0.0,0.0,0.0,0.0,0.0,0.0,0.0,0.0,0.0,0.0,19.756419038117883,0.0,0.0,0.007868656415203047,0.32404828511513395,0.0,0.0,0.0,15.646540389668811,105.38494289149776,0.0,0.0
116.0,0,0.0,0.0,0.0,0.0,0.0,0.0,0.0,0.0,0.0,0.0,0.0,0.0,19.857272077824746,0.0,0.0,0.007482539178059772,0.315275063034717,0.0,0.0,0.0,15.67728164832661,105.62131761252394,0.0,0.0
117.0,0,0.0,0.0,0.0,0.0,0.0,0.0,0.0,0.0,0.0,0.0,0.0,0.0,19.95463771300815,0.0,0.0,0.007115368824978065,0.306712706542816,0.0,0.0,0.0,15.707182558073773,105.84772338040877,0.0,0.0
118.00000000000001,0,0.0,0.0,0.0,0.0,0.0,0.0,0.0,0.0,0.0,0.0,0.0,0.0,20.048605467867283,0.0,0.0,0.006766215626898692,0.29835571443897385,0.0,0.0,0.0,15.736267078422781,106.06450971067011,0.0,0.0
119.00000000000001,0,0.0,0.0,0.0,0.0,0.0,0.0,0.0,0.0,0.0,0.0,0.0,0.0,20.139265014837495,0.0,0.0,0.006434195476835201,0.29019880819855143,0.0,0.0,0.0,15.764558152243373,106.27201600105096,0.0,0.0
120.0,0,0.0,0.0,0.0,0.0,0.0,0.0,0.0,0.0,0.0,0.0,0.0,0.0,20.226705678385407,0.0,0.0,0.006118467651185661,0.28223691778590954,0.0,0.0,0.0,15.792077756048204,106.47057160092893,0.0,0.0
121.0,0,0.0,0.0,0.0,0.0,0.0,0.0,0.0,0.0,0.0,0.0,0.0,0.0,20.311015316336604,0.0,0.0,0.005818232680897492,0.27446516857383113,0.0,0.0,0.0,15.818848704858315,106.6604998411899,0.0,0.0
122.0,0,0.0,0.0,0.0,0.0,0.0,0.0,0.0,0.0,0.0,0.0,0.0,0.0,20.39228684440775,0.0,0.0,0.005532730327094836,0.26687886923255133,0.0,0.0,0.0,15.844928152958175,106.84219561091808,0.0,0.0
123.0,0,0.0,0.0,0.0,0.0,0.0,0.0,0.0,0.0,0.0,0.0,0.0,0.0,20.470617217675162,0.0,0.0,0.005261237656042489,0.2594735004275891,0.0,0.0,0.0,15.870397338372593,107.01610745836089,0.0,0.0
124.0,0,0.0,0.0,0.0,0.0,0.0,0.0,0.0,0.0,0.0,0.0,0.0,0.0,20.54610195861534,0.0,0.0,0.005003067208571901,0.25224470412310845,0.0,0.0,0.0,15.895331335880169,107.18266264765883,0.0,0.0
125.0,0,0.0,0.0,0.0,0.0,0.0,0.0,0.0,0.0,0.0,0.0,0.0,0.0,20.618852663669582,0.0,0.0,0.004757565259333971,0.24518827297154117,0.0,0.0,0.0,15.919807705326155,107.34228242208223,0.0,0.0
126.0,0,0.0,0.0,0.0,0.0,0.0,0.0,0.0,0.0,0.0,0.0,0.0,0.0,20.68902922518599,0.0,0.0,0.004524110161470806,0.23830013356040003,0.0,0.0,0.0,15.94392233801497,107.49541289678992,0.0,0.0
127.0,0,0.0,0.0,0.0,0.0,0.0,0.0,0.0,0.0,0.0,0.0,0.0,0.0,20.756790267452907,0.0,0.0,0.004302110772514916,0.23157633181244233,0.0,0.0,0.0,15.967766084157885,107.64248026272199,0.0,0.0
128.0,0,0.0,0.0,0.0,0.0,0.0,0.0,0.0,0.0,0.0,0.0,0.0,0.0,20.82228356072071,0.0,0.0,0.004091004957529994,0.22501302757139055,0.0,0.0,0.0,15.991420489668261,107.78388286112039,0.0,0.0
129.0,0,0.0,0.0,0.0,0.0,0.0,0.0,0.0,0.0,0.0,0.0,0.0,0.0,20.885646725613462,0.0,0.0,0.0038902581657029992,0.2186064902049952,0.0,0.0,0.0,16.014958443578358,107.91999273559384,0.0,0.0
130.0,0,0.0,0.0,0.0,0.0,0.0,0.0,0.0,0.0,0.0,0.0,0.0,0.0,20.94700789455479,0.0,0.0,0.003699362076783282,0.21235309437923072,0.0,0.0,0.0,16.038444787809453,108.05115711157805,0.0,0.0
131.0,0,0.0,0.0,0.0,0.0,0.0,0.0,0.0,0.0,0.0,0.0,0.0,0.0,21.006486332708477,0.0,0.0,0.0035178333139413345,0.2062493159988048,0.0,0.0,0.0,16.061936891283757,108.17769980601591,0.0,0.0
132.0,0,0.0,0.0,0.0,0.0,0.0,0.0,0.0,0.0,0.0,0.0,0.0,0.0,21.064193020792835,0.0,0.0,0.0033452122197879246,0.20029172830912376,0.0,0.0,0.0,16.08548519027215,108.2999225699918,0.0,0.0
133.0,0,0.0,0.0,0.0,0.0,0.0,0.0,0.0,0.0,0.0,0.0,0.0,0.0,21.12023120199418,0.0,0.0,0.0031810616924543332,0.19447699815485728,0.0,0.0,0.0,16.109133696780457,108.41810636696394,0.0,0.0
134.0,0,0.0,0.0,0.0,0.0,0.0,0.0,0.0,0.0,0.0,0.0,0.0,0.0,21.17469764794179,0.0,0.0,0.0030249660787864587,0.18880188239029086,0.0,0.0,0.0,16.132920476660733,108.53251258875237,0.0,0.0
135.0,0,0.0,0.0,0.0,0.0,0.0,0.0,0.0,0.0,0.0,0.0,0.0,0.0,21.227687399537153,0.0,0.0,0.002876530121850219,0.1832632244410399,0.0,0.0,0.0,16.15687809815898,108.64338419928359,0.0,0.0
136.0,0,0.0,0.0,0.0,0.0,0.0,0.0,0.0,0.0,0.0,0.0,0.0,0.0,21.279290495716683,0.0,0.0,0.0027353779600831516,0.17785795103389007,0.0,0.0,0.0,16.181034052429403,108.75094681034636,0.0,0.0
137.0,0,0.0,0.0,0.0,0.0,0.0,0.0,0.0,0.0,0.0,0.0,0.0,0.0,21.329590184942777,0.0,0.0,0.0026011521755579473,0.17258306907988838,0.0,0.0,0.0,16.20541114996668,108.85540972554065,0.0,0.0
138.0,0,0.0,0.0,0.0,0.0,0.0,0.0,0.0,0.0,0.0,0.0,0.0,0.0,21.378663401424866,0.0,0.0,0.002473512888947956,0.16743566268216825,0.0,0.0,0.0,16.23002789326388,108.9569669370207,0.0,0.0
139.0,0,0.0,0.0,0.0,0.0,0.0,0.0,0.0,0.0,0.0,0.0,0.0,0.0,21.426581210823958,0.0,0.0,0.002352136898903,0.16241289026269826,0.0,0.0,0.0,16.254898826658447,109.05579807191523,0.0,0.0
140.0,0,0.0,0.0,0.0,0.0,0.0,0.0,0.0,0.0,0.0,0.0,0.0,0.0,21.473409227240175,0.0,0.0,0.002236716863656266,0.15751198180497722,0.0,0.0,0.0,16.28003486461587,109.15206929049708,0.0,0.0
141.0,0,0.0,0.0,0.0,0.0,0.0,0.0,0.0,0.0,0.0,0.0,0.0,0.0,21.51920800318424,0.0,0.0,0.0021269605227899786,0.15273023620965945,0.0,0.0,0.0,16.305443599636664,109.24593413810905,0.0,0.0
142.00000000000003,0,0.0,0.0,0.0,0.0,0.0,0.0,0.0,0.0,0.0,0.0,0.0,0.0,21.56403339414083,0.0,0.0,0.0020225899571892584,0.14806501876006517,0.0,0.0,0.0,16.33112959091072,109.33753435278804,0.0,0.0
143.00000000000003,0,0.0,0.0,0.0,0.0,0.0,0.0,0.0,0.0,0.0,0.0,0.0,0.0,21.607936899243324,0.0,0.0,0.001923340885310257,0.14351375869451669,0.0,0.0,0.0,16.357094634784506,109.42700063046739,0.0,0.0
144.00000000000003,0,0.0,0.0,0.0,0.0,0.0,0.0,0.0,0.0,0.0,0.0,0.0,0.0,21.65096597949595,0.0,0.0,0.0018289619939806205,0.13907394688243208,0.0,0.0,0.0,16.383338018050722,109.51445334957543,0.0,0.0
145.0,0,0.0,0.0,0.0,0.0,0.0,0.0,0.0,0.0,0.0,0.0,0.0,0.0,21.69316435489977,0.0,0.0,0.001739214302037761,0.13474313360111195,0.0,0.0,0.0,16.40985675501675,109.60000325678827,0.0,0.0
146.0,0,0.0,0.0,0.0,0.0,0.0,0.0,0.0,0.0,0.0,0.0,0.0,0.0,21.734572281764144,0.0,0.0,0.0016538705551935853,0.13051892641015833,0.0,0.0,0.0,16.4366458092575,109.68375211563651,0.0,0.0
147.0,0,0.0,0.0,0.0,0.0,0.0,0.0,0.0,0.0,0.0,0.0,0.0,0.0,21.775226811413603,0.0,0.0,0.0015727146505933867,0.12639898812047956,0.0,0.0,0.0,16.463698300910007,109.76579331960741,0.0,0.0
148.0,0,0.0,0.0,0.0,0.0,0.0,0.0,0.0,0.0,0.0,0.0,0.0,0.0,21.81516203143294,0.0,0.0,0.0014955410896117947,0.12238103485485075,0.0,0.0,0.0,16.491005700321253,109.84621247132864,0.0,0.0
149.0,0,0.0,0.0,0.0,0.0,0.0,0.0,0.0,0.0,0.0,0.0,0.0,0.0,21.854409290528892,0.0,0.0,0.0014221544575001874,0.11846283419701929,0.0,0.0,0.0,16.518558008817006,109.92508792936403,0.0,0.0
150.0,0,0.0,0.0,0.0,0.0,0.0,0.0,0.0,0.0,0.0,0.0,0.0,0.0,21.89299740802622,0.0,0.0,0.0013523689285679528,0.11464220342636806,0.0,0.0,0.0,16.5463439273182,110.00249132409857,0.0,0.0
151.0,0,0.0,0.0,0.0,0.0,0.0,0.0,0.0,0.0,0.0,0.0,0.0,0.0,21.930952868958315,0.0,0.0,0.0012860077956446526,0.11091700783517633,0.0,0.0,0.0,16.574351013491928,110.07848804413763,0.0,0.0
152.0,0,0.0,0.0,0.0,0.0,0.0,0.0,0.0,0.0,0.0,0.0,0.0,0.0,21.968300005657934,0.0,0.0,0.001222903022631608,0.10728515912554464,0.0,0.0,0.0,16.602565828086966,110.15313769459287,0.0,0.0
153.0,0,0.0,0.0,0.0,0.0,0.0,0.0,0.0,0.0,0.0,0.0,0.0,0.0,22.00506116670161,0.0,0.0,0.0011628948190099116,0.10374461388308279,0.0,0.0,0.0,16.630974071068444,110.22649452857908,0.0,0.0
154.0,0,0.0,0.0,0.0,0.0,0.0,0.0,0.0,0.0,0.0,0.0,0.0,0.0,22.04125687401255,0.0,0.0,0.001105831235227451,0.100293372124491,0.0,0.0,0.0,16.659560708132705,110.29860785319556,0.0,0.0
155.0,0,0.0,0.0,0.0,0.0,0.0,0.0,0.0,0.0,0.0,0.0,0.0,0.0,22.076905968879892,0.0,0.0,0.0010515677779404117,0.09692947591620035,0.0,0.0,0.0,16.68831008815191,110.3695224112191,0.0,0.0
156.0,0,0.0,0.0,0.0,0.0,0.0,0.0,0.0,0.0,0.0,0.0,0.0,0.0,22.112025747608328,0.0,0.0,0.0009999670441349867,0.0936510080612747,0.0,0.0,0.0,16.717206052067848,110.43927873968855,0.0,0.0
157.0,0,0.0,0.0,0.0,0.0,0.0,0.0,0.0,0.0,0.0,0.0,0.0,0.0,22.146632087470152,0.0,0.0,0.0009508983732028396,0.09045609085181482,0.0,0.0,0.0,16.746232033726184,110.50791350651599,0.0,0.0
158.0,0,0.0,0.0,0.0,0.0,0.0,0.0,0.0,0.0,0.0,0.0,0.0,0.0,22.180739563592134,0.0,0.0,0.0009042375160893269,0.08734288488414621,0.0,0.0,0.0,16.77537115311553,110.5754598262148,0.0,0.0
159.0,0,0.0,0.0,0.0,0.0,0.0,0.0,0.0,0.0,0.0,0.0,0.0,0.0,22.214361557372214,0.0,0.0,0.0008598663206767112,0.08430958793411442,0.0,0.0,0.0,16.804606302450463,110.64194755579265,0.0,0.0
160.0,0,0.0,0.0,0.0,0.0,0.0,0.0,0.0,0.0,0.0,0.0,0.0,0.0,22.24751035698525,0.0,0.0,0.0008176724326057097,0.08135443388985597,0.0,0.0,0.0,16.833920225513754,110.70740357181487,0.0,0.0
161.0,0,0.0,0.0,0.0,0.0,0.0,0.0,0.0,0.0,0.0,0.0,0.0,0.0,22.28019725050354,0.0,0.0,0.0007775490107778184,0.07847569173945947,0.0,0.0,0.0,16.863295590650463,110.77185202960328,0.0,0.0
162.0,0,0.0,0.0,0.0,0.0,0.0,0.0,0.0,0.0,0.0,0.0,0.0,0.0,22.31243261212591,0.0,0.0,0.0007393944568180149,0.07567166461097942,0.0,0.0,0.0,16.892715057785285,110.83531460549644,0.0,0.0
163.0,0,0.0,0.0,0.0,0.0,0.0,0.0,0.0,0.0,0.0,0.0,0.0,0.0,22.344225981979044,0.0,0.0,0.0007031121578128098,0.07294068886231561,0.0,0.0,0.0,16.922161339814465,110.89781072305789,0.0,0.0
164.0,0,0.0,0.0,0.0,0.0,0.0,0.0,0.0,0.0,0.0,0.0,0.0,0.0,22.375586138893816,0.0,0.0,0.0006686102416722101,0.0702811332186759,0.0,0.0,0.0,16.951617258722308,110.95935776413191,0.0,0.0
165.0,0,0.0,0.0,0.0,0.0,0.0,0.0,0.0,0.0,0.0,0.0,0.0,0.0,22.406521156698965,0.0,0.0,0.0006358013444961465,0.067691397962152,0.0,0.0,0.0,16.981065797543796,111.01997126782143,0.0,0.0
166.0,0,0.0,0.0,0.0,0.0,0.0,0.0,0.0,0.0,0.0,0.0,0.0,0.0,22.437032254374905,0.0,0.0,0.0006046023893562942,0.06516983719524083,0.0,0.0,0.0,17.010490150454302,111.07966512321724,0.0,0.0
167.0,0,0.0,0.0,0.0,0.0,0.0,0.0,0.0,0.0,0.0,0.0,0.0,0.0,22.467086026387378,0.0,0.0,0.0005749343759331346,0.06271441379294043,0.0,0.0,0.0,17.039873775628834,111.13845175656724,0.0,0.0
168.0,0,0.0,0.0,0.0,0.0,0.0,0.0,0.0,0.0,0.0,0.0,0.0,0.0,22.496641571546302,0.0,0.0,0.000546722180475587,0.06032303689290385,0.0,0.0,0.0,17.069200446164142,111.1963423048517,0.0,0.0
169.0,0,0.0,0.0,0.0,0.0,0.0,0.0,0.0,0.0,0.0,0.0,0.0,0.0,22.525663070859906,0.0,0.0,0.0005198943655766781,0.057993716369595875,0.0,0.0,0.0,17.098454284915125,111.25334676433897,0.0,0.0
170.0,0,0.0,0.0,0.0,0.0,0.0,0.0,0.0,0.0,0.0,0.0,0.0,0.0,22.554119409064768,0.0,0.0,0.0004943829992835746,0.05572455611850763,0.0,0.0,0.0,17.127619793248904,111.3094741253915,0.0,0.0
171.0,0,0.0,0.0,0.0,0.0,0.0,0.0,0.0,0.0,0.0,0.0,0.0,0.0,22.58198381971757,0.0,0.0,0.0004701234830839399,0.053513747818145274,0.0,0.0,0.0,17.15668187623586,111.36473249749776,0.0,0.0
172.0,0,0.0,0.0,0.0,0.0,0.0,0.0,0.0,0.0,0.0,0.0,0.0,0.0,22.609233552602145,0.0,0.0,0.0004470543883330465,0.05135956514030221,0.0,0.0,0.0,17.185625864658874,111.41912922606483,0.0,0.0
173.00000000000003,0,0.0,0.0,0.0,0.0,0.0,0.0,0.0,0.0,0.0,0.0,0.0,0.0,22.635849562204243,0.0,0.0,0.0004251173007074614,0.04926035838005655,0.0,0.0,0.0,17.214437534064142,111.47267099990569,0.0,0.0
174.00000000000003,0,0.0,0.0,0.0,0.0,0.0,0.0,0.0,0.0,0.0,0.0,0.0,0.0,22.661816216003608,0.0,0.0,0.0004042566722914302,0.047214549476061414,0.0,0.0,0.0,17.243103121031353,111.52536394948015,0.0,0.0
175.00000000000003,0,0.0,0.0,0.0,0.0,0.0,0.0,0.0,0.0,0.0,0.0,0.0,0.0,22.68712102139527,0.0,0.0,0.00038441968092142725,0.045220627393222905,0.0,0.0,0.0,17.271609336851363,111.57721373650702,0.0,0.0
176.0,0,0.0,0.0,0.0,0.0,0.0,0.0,0.0,0.0,0.0,0.0,0.0,0.0,22.711754370127892,0.0,0.0,0.0003655560964327086,0.04327714384178165,0.0,0.0,0.0,17.299943378782707,111.6282256355225,0.0,0.0
177.0,0,0.0,0.0,0.0,0.0,0.0,0.0,0.0,0.0,0.0,0.0,0.0,0.0,22.7357092992212,0.0,0.0,0.0003476181534691849,0.041382709308588485,0.0,0.0,0.0,17.328092939035496,111.67840460789205,0.0,0.0
178.0,0,0.0,0.0,0.0,0.0,0.0,0.0,0.0,0.0,0.0,0.0,0.0,0.0,22.75898126738045,0.0,0.0,0.0003305604305345503,0.039535989378021996,0.0,0.0,0.0,17.35604621163621,111.7277553687816,0.0,0.0
179.0,0,0.0,0.0,0.0,0.0,0.0,0.0,0.0,0.0,0.0,0.0,0.0,0.0,22.781567945983383,0.0,0.0,0.00031433973497840844,0.037735701321558845,0.0,0.0,0.0,17.383791897323103,111.77628244757295,0.0,0.0
180.0,0,0.0,0.0,0.0,0.0,0.0,0.0,0.0,0.0,0.0,0.0,0.0,0.0,22.803469023770518,0.0,0.0,0.0002989149936261607,0.03598061093647049,0.0,0.0,0.0,17.41131920661491,111.82399024218118,0.0,0.0
181.0,0,0.0,0.0,0.0,0.0,0.0,0.0,0.0,0.0,0.0,0.0,0.0,0.0,22.8246860244217,0.0,0.0,0.0002842471487757188,0.03426952961548685,0.0,0.0,0.0,17.43861786118916,111.87088306770659,0.0,0.0
182.0,0,0.0,0.0,0.0,0.0,0.0,0.0,0.0,0.0,0.0,0.0,0.0,0.0,22.84522213625098,0.0,0.0,0.00027029905929768796,0.03260172869590228,0.0,0.0,0.0,17.465678093699815,111.91696519982845,0.0,0.0
183.0,0,0.0,0.0,0.0,0.0,0.0,0.0,0.0,0.0,0.0,0.0,0.0,0.0,22.865082053297733,0.0,0.0,0.0002570354065885925,0.03100195247669478,0.0,0.0,0.0,17.492490646157762,111.96224091332545,0.0,0.0
184.0,0,0.0,0.0,0.0,0.0,0.0,0.0,0.0,0.0,0.0,0.0,0.0,0.0,22.884271827135088,0.0,0.0,0.0002444226051390042,0.029480677737436827,0.0,0.0,0.0,17.519046766991842,112.00671451608437,0.0,0.0
185.0,0,0.0,0.0,0.0,0.0,0.0,0.0,0.0,0.0,0.0,0.0,0.0,0.0,22.90279872875739,0.0,0.0,0.0002324287174901179,0.028034052387892118,0.0,0.0,0.0,17.54533820690217,112.0503903789382,0.0,0.0
186.0,0,0.0,0.0,0.0,0.0,0.0,0.0,0.0,0.0,0.0,0.0,0.0,0.0,22.92067111994621,0.0,0.0,0.00022102337336343282,0.026658413361001988,0.0,0.0,0.0,17.57135721361192,112.09327296165439,0.0,0.0
187.0,0,0.0,0.0,0.0,0.0,0.0,0.0,0.0,0.0,0.0,0.0,0.0,0.0,22.937898333550223,0.0,0.0,0.00021017769275876347,0.025350277337463617,0.0,0.0,0.0,17.597096525618362,112.13536683537419,0.0,0.0
188.0,0,0.0,0.0,0.0,0.0,0.0,0.0,0.0,0.0,0.0,0.0,0.0,0.0,22.95449056214748,0.0,0.0,0.00019986421282585325,0.024106331925455866,0.0,0.0,0.0,17.622549365038687,112.17667670178649,0.0,0.0
189.0,0,0.0,0.0,0.0,0.0,0.0,0.0,0.0,0.0,0.0,0.0,0.0,0.0,22.970458754590176,0.0,0.0,0.00019005681832441948,0.02292342727317851,0.0,0.0,0.0,17.647709429641022,112.21720740930184,0.0,0.0
190.0,0,0.0,0.0,0.0,0.0,0.0,0.0,0.0,0.0,0.0,0.0,0.0,0.0,22.985814519961085,0.0,0.0,0.00018073067549654356,0.021798568092966607,0.0,0.0,0.0,17.672570884146236,112.25696396647547,0.0,0.0
191.0,0,0.00020108988864006556,0.0,0.0,0.0,0.0,0.0,0.0,0.0,0.0,0.0,0.0,0.0,23.000570038498502,0.0,0.0,0.00017186216918396206,0.02072890607678381,0.0,0.0,0.0,17.69712835088122,112.29595155291301,0.0,0.0
192.0,0,0.0030844369379160815,0.0,0.0,0.0,0.0,0.0,0.0,0.0,0.0,0.0,0.0,0.0,23.014737961082762,0.0,0.0,0.0001634288430310309,0.01971173268388969,0.0,0.0,0.0,17.72137688931301,112.33417641907627,0.0,0.0
193.0,0,0.009106923577578061,0.0,0.0,0.0,0.0,0.0,0.0,0.0,0.0,0.0,0.0,0.0,23.0283311546764,0.0,0.0,0.00015540934262194678,0.018744472282418233,0.0,0.0,0.0,17.7453118900116,112.37164462321829,0.0,0.0
194.0,0,0.018029443861226773,0.0,0.0,0.0,0.0,0.0,0.0,0.0,0.0,0.0,0.0,0.0,23.04136245454699,0.0,0.0,0.00014778336140824168,0.017824675627501094,0.0,0.0,0.0,17.768928996961588,112.40835830844357,0.0,0.0
195.0,0,0.02962439282282397,0.0,0.0,0.0,0.0,0.0,0.0,0.0,0.0,0.0,0.0,0.0,23.053844543785573,0.0,0.0,0.00014053158928963104,0.016950013659421226,0.0,0.0,0.0,17.79222410342213,112.44431599832664,0.0,0.0
196.0,0,0.04367417728710961,0.0,0.0,0.0,0.0,0.0,0.0,0.0,0.0,0.0,0.0,0.0,23.06578986405325,0.0,0.0,0.0001336356637180142,0.016118271606092853,0.0,0.0,0.0,17.815193350420905,112.47951321637825,0.0,0.0
197.0,0,0.05996998825779399,0.0,0.0,0.0,0.0,0.0,0.0,0.0,0.0,0.0,0.0,0.0,23.077210548472372,0.0,0.0,0.00012707812320081577,0.015327343374934492,0.0,0.0,0.0,17.8378331239632,112.5139430453035,0.0,0.0
198.0,0,0.0783108058309967,0.0,0.0,0.0,0.0,0.0,0.0,0.0,0.0,0.0,0.0,0.0,23.088118374128335,0.0,0.0,0.00012084236308593147,0.014575226219934371,0.0,0.0,0.0,17.860140051299446,112.54759663161079,0.0,0.0
199.0,0,0.09850260977958156,0.0,0.0,0.0,0.0,0.0,0.0,0.0,0.0,0.0,0.0,0.0,23.09852473182208,0.0,0.0,0.00011491259351631937,0.013860015670404483,0.0,0.0,0.0,17.882110996550285,112.58046364051384,0.0,0.0
200.0,0,0.12035777098779898,0.0,0.0,0.0,0.0,0.0,0.0,0.0,0.0,0.0,0.0,0.0,23.108440610876468,0.0,0.0,0.00010927379944777132,0.013179900708582127,0.0,0.0,0.0,17.903743055946748,112.61253266552167,0.0,0.0
201.0,0,0.14369460080462856,0.0,0.0,0.0,0.0,0.0,0.0,0.0,0.0,0.0,0.0,0.0,23.11787659695317,0.0,0.0,0.00010391170262862423,0.012533159183867949,0.0,0.0,0.0,17.925033552904253,112.64379159662371,0.0,0.0
202.0,0,0.16833703714548554,0.0,0.0,0.0,0.0,0.0,0.0,0.0,0.0,0.0,0.0,0.0,23.126842880981926,0.0,0.0,9.881272544513741e-05,0.011918153452088636,0.0,0.0,0.0,17.945980033113074,112.67422795054705,0.0,0.0
203.0,0,0.19411444782017082,0.0,0.0,0.0,0.0,0.0,0.0,0.0,0.0,0.0,0.0,0.0,23.13534927744162,0.0,0.0,9.396395654098782e-05,0.011333326228742236,0.0,0.0,0.0,17.96658025979486,112.70382916618237,0.0,0.0
204.00000000000003,0,0.22086153315747148,0.0,0.0,0.0,0.0,0.0,0.0,0.0,0.0,0.0,0.0,0.0,23.143405241722228,0.0,0.0,8.935311812382705e-05,0.010777196645725944,0.0,0.0,0.0,17.98683220924911,112.7325828679399,0.0,0.0
205.00000000000003,0,0.24841831239946585,0.0,0.0,0.0,0.0,0.0,0.0,0.0,0.0,0.0,0.0,0.0,23.151019866315124,0.0,0.0,8.496853487611407e-05,0.01024835650156137,0.0,0.0,0.0,18.006734066890026,112.7604770994989,0.0,0.0
206.00000000000003,0,0.27663018555230195,0.0,0.0,0.0,0.0,0.0,0.0,0.0,0.0,0.0,0.0,0.0,23.158201842084615,0.0,0.0,8.079910439150313e-05,0.009745466695622363,0.0,0.0,0.0,18.02628422374312,112.787500530139,0.0,0.0
207.00000000000003,0,0.30534811889675106,0.0,0.0,0.0,0.0,0.0,0.0,0.0,0.0,0.0,0.0,0.0,23.164959348174854,0.0,0.0,7.683426906192633e-05,0.009267253837336266,0.0,0.0,0.0,18.04548127322108,112.81364263564282,0.0,0.0
208.00000000000003,0,0.33442885251669646,0.0,0.0,0.0,0.0,0.0,0.0,0.0,0.0,0.0,0.0,0.0,23.17130037190379,0.0,0.0,7.306398934418516e-05,0.008812507021772664,0.0,0.0,0.0,18.064324008418023,112.83889385547045,0.0,0.0
209.0,0,0.36373505892070335,0.0,0.0,0.0,0.0,0.0,0.0,0.0,0.0,0.0,0.0,0.0,23.177232798646187,0.0,0.0,6.947871833835814e-05,0.008380074763454932,0.0,0.0,0.0,18.082811419898793,112.8632457276824,0.0,0.0
210.0,0,0.3931355168834419,0.0,0.0,0.0,0.0,0.0,0.0,0.0,0.0,0.0,0.0,0.0,23.18276445305432,0.0,0.0,6.60693776136532e-05,0.007968862080630504,0.0,0.0,0.0,18.100942693943924,112.88669100311218,0.0,0.0
211.0,0,0.422505297703753,0.0,0.0,0.0,0.0,0.0,0.0,0.0,0.0,0.0,0.0,0.0,23.187903140055788,0.0,0.0,6.282733422049266e-05,0.007577827722616861,0.0,0.0,0.0,18.118717211234223,112.90922374022065,0.0,0.0
212.0,0,0.45172595542693406,0.0,0.0,0.0,0.0,0.0,0.0,0.0,0.0,0.0,0.0,0.0,23.192656684857795,0.0,0.0,5.974437883062159e-05,0.007205981533202448,0.0,0.0,0.0,18.136134545947712,112.93083938195235,0.0,0.0
213.0,0,0.480685713569784,0.0,0.0,0.0,0.0,0.0,0.0,0.0,0.0,0.0,0.0,0.0,23.197032971281025,0.0,0.0,5.6812704949887606e-05,0.006852381943426258,0.0,0.0,0.0,18.153194465231223,112.95153481581679,0.0,0.0
214.0,0,0.5092796418257277,0.0,0.0,0.0,0.0,0.0,0.0,0.0,0.0,0.0,0.0,0.0,23.201039977835944,0.0,0.0,5.4024889151055256e-05,0.006516133587387457,0.0,0.0,0.0,18.169896929000267,112.97130841833618,0.0,0.0
215.0,0,0.5374098171154472,0.0,0.0,0.0,0.0,0.0,0.0,0.0,0.0,0.0,0.0,0.0,23.204685811039695,0.0,0.0,5.1373872276602136e-05,0.006196385035047901,0.0,0.0,0.0,18.186242090014023,112.99016008493189,0.0,0.0
216.0,0,0.5649854641871358,0.0,0.0,0.0,0.0,0.0,0.0,0.0,0.0,0.0,0.0,0.0,23.207978735553457,0.0,0.0,4.8852941563899106e-05,0.005892326636286709,0.0,0.0,0.0,18.202230294167187,113.008091246263,0.0,0.0
217.0,0,0.5919230717606767,0.0,0.0,0.0,0.0,0.0,0.0,0.0,0.0,0.0,0.0,0.0,23.210927200797123,0.0,0.0,4.645571364751311e-05,0.005603188470747677,0.0,0.0,0.0,18.217862080936694,113.02510487198268,0.0,0.0
218.0,0,0.6181464809525666,0.0,0.0,0.0,0.0,0.0,0.0,0.0,0.0,0.0,0.0,0.0,23.213539863771366,0.0,0.0,4.4176118395591825e-05,0.005328238398288284,0.0,0.0,0.0,18.233138183919394,113.0412054628354,0.0,0.0
219.0,0,0.6435869434138703,0.0,0.0,0.0,0.0,0.0,0.0,0.0,0.0,0.0,0.0,0.0,23.21582560788599,0.0,0.0,4.200838353940165e-05,0.005066780205093725,0.0,0.0,0.0,18.248059531395665,113.05639903198508,0.0,0.0
220.0,0,0.6681831472625255,0.0,0.0,0.0,0.0,0.0,0.0,0.0,0.0,0.0,0.0,0.0,23.217793557657835,0.0,0.0,3.994702005709865e-05,0.004818151840761651,0.0,0.0,0.0,18.262627246854443,113.07069307643307,0.0,0.0
221.0,0,0.6918812094944795,0.0,0.0,0.0,0.0,0.0,0.0,0.0,0.0,0.0,0.0,0.0,23.21945308920197,0.0,0.0,3.79868082747221e-05,0.004581723741893687,0.0,0.0,0.0,18.276842649416277,113.08409653936137,0.0,0.0
222.0,0,0.7146346341160018,0.0,0.0,0.0,0.0,0.0,0.0,0.0,0.0,0.0,0.0,0.0,23.220813836495495,0.0,0.0,3.612278464921621e-05,0.004356897237948783,0.0,0.0,0.0,18.29070725409355,113.09661976421276,0.0,0.0
223.0,0,0.7364042357526942,0.0,0.0,0.0,0.0,0.0,0.0,0.0,0.0,0.0,0.0,0.0,23.221885693445042,0.0,0.0,3.43502292000129e-05,0.004143103035321811,0.0,0.0,0.0,18.304222771829764,113.10827444130088,0.0,0.0
224.0,0,0.7571580289599101,0.0,0.0,0.0,0.0,0.0,0.0,0.0,0.0,0.0,0.0,0.0,23.222678811836012,0.0,0.0,3.266465355735028e-05,0.0039397997758088485,0.0,0.0,0.0,18.31739110926379,113.11907354772458,0.0,0.0
225.0,0,0.7768710838852056,0.0,0.0,0.0,0.0,0.0,0.0,0.0,0.0,0.0,0.0,0.0,23.223203595284424,0.0,0.0,3.1061789597063765e-05,0.003746472665808996,0.0,0.0,0.0,18.330214368169234,113.12903128134376,0.0,0.0
226.0,0,0.7955253493169827,0.0,0.0,0.0,0.0,0.0,0.0,0.0,0.0,0.0,0.0,0.0,23.223470689350815,0.0,0.0,2.953757863307106e-05,0.0035626321727916578,0.0,0.0,0.0,18.34269484452386,113.13816298955666,0.0,0.0
227.0,0,0.813109444495527,0.0,0.0,0.0,0.0,0.0,0.0,0.0,0.0,0.0,0.0,0.0,23.223490968009756,0.0,0.0,2.808816114018523e-05,0.003387812785728542,0.0,0.0,0.0,18.35483502716933,113.14648509360211,0.0,0.0
228.0,0,0.8296184213642767,0.0,0.0,0.0,0.0,0.0,0.0,0.0,0.0,0.0,0.0,0.0,23.223275516698582,0.0,0.0,2.6709866981232108e-05,0.0032215718363516202,0.0,0.0,0.0,18.366637596026877,113.15401500909182,0.0,0.0
229.0,0,0.8450534992015084,0.0,0.0,0.0,0.0,0.0,0.0,0.0,0.0,0.0,0.0,0.0,23.222835612194842,0.0,0.0,2.5399206113725983e-05,0.0030634883782523032,0.0,0.0,0.0,18.378105419840438,113.16077106346027,0.0,0.0
230.0,0,0.8594217737969383,0.0,0.0,0.0,0.0,0.0,0.0,0.0,0.0,0.0,0.0,0.0,23.222182699593823,0.0,0.0,2.4152859752571343e-05,0.0029131621209835404,0.0,0.0,0.0,18.389241553424398,113.16677241099916,0.0,0.0
231.0,0,0.87273590352534,0.0,0.0,0.0,0.0,0.0,0.0,0.0,0.0,0.0,0.0,0.0,23.221328366675515,0.0,0.0,2.296767196641342e-05,0.0027702124164658373,0.0,0.0,0.0,18.40004923439916,113.17203894612325,0.0,0.0
232.0,0,0.8850137748216322,0.0,0.0,0.0,0.0,0.0,0.0,0.0,0.0,0.0,0.0,0.0,23.220284315964513,0.0,0.0,2.1840641686358205e-05,0.0026342772951306174,0.0,0.0,0.0,18.41053187940352,113.17659121549187,0.0,0.0
233.0,0,0.8962781496804663,0.0,0.0,0.0,0.0,0.0,0.0,0.0,0.0,0.0,0.0,0.0,23.219062334796966,0.0,0.0,2.0768915106826875e-05,0.002505012549360314,0.0,0.0,0.0,18.42069307977875,113.18045032958582,0.0,0.0
234.0,0,0.9065562978897641,0.0,0.0,0.0,0.0,0.0,0.0,0.0,0.0,0.0,0.0,0.0,23.21767426371581,0.0,0.0,1.97497784593025e-05,0.0023820908619043147,0.0,0.0,0.0,18.430536596724735,113.18363787431502,0.0,0.0
235.00000000000003,0,0.9158796167635517,0.0,0.0,0.0,0.0,0.0,0.0,0.0,0.0,0.0,0.0,0.0,23.216131963519096,0.0,0.0,1.878065114067108e-05,0.002265200977063791,0.0,0.0,0.0,18.440066355934228,113.18617582320373,0.0,0.0
236.00000000000003,0,0.9242832411665451,0.0,0.0,0.0,0.0,0.0,0.0,0.0,0.0,0.0,0.0,0.0,23.21444728128722,0.0,0.0,1.785907917875686e-05,0.0021540469125467237,0.0,0.0,0.0,18.449286441716364,113.18808645067261,0.0,0.0
237.00000000000003,0,0.9318056466229934,0.0,0.0,0.0,0.0,0.0,0.0,0.0,0.0,0.0,0.0,0.0,23.212632015712273,0.0,0.0,1.6982729018505693e-05,0.002048347209997432,0.0,0.0,0.0,18.458201090625558,113.18939224690598,0.0,0.0
238.00000000000003,0,0.9384882482771251,0.0,0.0,0.0,0.0,0.0,0.0,0.0,0.0,0.0,0.0,0.0,23.210697882047743,0.0,0.0,1.614938161308221e-05,0.0019478342223028322,0.0,0.0,0.0,18.466814684616608,113.19011583476136,0.0,0.0
239.00000000000003,0,0.9443749984239603,0.0,0.0,0.0,0.0,0.0,0.0,0.0,0.0,0.0,0.0,0.0,23.208656476989475,0.0,0.0,1.5356926804918523e-05,0.001852253435870784,0.0,0.0,0.0,18.475131743751117,113.19027988914553,0.0,0.0
240.0,0,0.9495119852591268,0.0,0.0,0.0,0.0,0.0,0.0,0.0,0.0,0.0,0.0,0.0,23.206519243788442,0.0,0.0,1.4603357982486516e-05,0.001761362826164437,0.0,0.0,0.0,18.483156918484234,113.18990705924708,0.0,0.0
241.0,0,0.9539470354065246,0.0,0.0,0.0,0.0,0.0,0.0,0.0,0.0,0.0,0.0,0.0,23.2042974378842,0.0,0.0,1.3886766999263829e-05,0.0016749322448606874,0.0,0.0,0.0,18.490894981564356,113.18901989398128,0.0,0.0
242.0,0,0.9577293226750652,0.0,0.0,0.0,0.0,0.0,0.0,0.0,0.0,0.0,0.0,0.0,23.202002093333732,0.0,0.0,1.3205339342027664e-05,0.0015927428370809474,0.0,0.0,0.0,18.498350819581564,113.1876407709665,0.0,0.0
243.0,0,0.9609089853721794,0.0,0.0,0.0,0.0,0.0,0.0,0.0,0.0,0.0,0.0,0.0,23.199643990294785,0.0,0.0,1.25573495362418e-05,0.0015145864872185718,0.0,0.0,0.0,18.505529424203253,113.18579182931623,0.0,0.0
244.0,0,0.9635367543641642,0.0,0.0,0.0,0.0,0.0,0.0,0.0,0.0,0.0,0.0,0.0,23.197233623805502,0.0,0.0,1.1941156776902602e-05,0.0014402652919596884,0.0,0.0,0.0,18.512435883137822,113.18349490649393,0.0,0.0
245.0,0,0.9656635939235889,0.0,0.0,0.0,0.0,0.0,0.0,0.0,0.0,0.0,0.0,0.0,23.194781174083893,0.0,0.0,1.1355200773780648e-05,0.0013695910591630495,0.0,0.0,0.0,18.51907537086911,113.18077147944089,0.0,0.0
246.0,0,0.9673403572437066,0.0,0.0,0.0,0.0,0.0,0.0,0.0,0.0,0.0,0.0,0.0,23.19229647855096,0.0,0.0,1.079799780053757e-05,0.0013023848313299944,0.0,0.0,0.0,18.52545313920583,113.17764261015199,0.0,0.0
247.0,0,0.968617458330912,0.0,0.0,0.0,0.0,0.0,0.0,0.0,0.0,0.0,0.0,0.0,23.18978900576097,0.0,0.0,1.0268136937713873e-05,0.0012384764324578762,0.0,0.0,0.0,18.531574507691204,113.17412889583673,0.0,0.0
248.0,0,0.9695445618104838,0.0,0.0,0.0,0.0,0.0,0.0,0.0,0.0,0.0,0.0,0.0,23.187267831401293,0.0,0.0,9.764276500074398e-06,0.0011777040371295246,0.0,0.0,0.0,18.53744485391872,113.1702504237685,0.0,0.0
249.0,0,0.9701702919998544,0.0,0.0,0.0,0.0,0.0,0.0,0.0,0.0,0.0,0.0,0.0,23.18474161650265,0.0,0.0,9.285140639264996e-06,0.0011199137607476072,0.0,0.0,0.0,18.543069603800173,113.16602673088948,0.0,0.0
250.0,0,0.9705419624191014,0.0,0.0,0.0,0.0,0.0,0.0,0.0,0.0,0.0,0.0,0.0,23.1822185879788,0.0,0.0,8.829516113177816e-06,0.0010649592698763163,0.0,0.0,0.0,18.548454221831935,113.16147676820498,0.0,0.0
251.0,0,0.9707053267218493,0.0,0.0,0.0,0.0,0.0,0.0,0.0,0.0,0.0,0.0,0.0,23.17970652159271,0.0,0.0,8.396249213844753e-06,0.0010127014117036956,0.0,0.0,0.0,18.55360420140497,113.15661886996801,0.0,0.0
252.0,0,0.9707043518428305,0.0,0.0,0.0,0.0,0.0,0.0,0.0,0.0,0.0,0.0,0.0,23.177212727424457,0.0,0.0,7.984242846080064e-06,0.0009630078616863597,0.0,0.0,0.0,18.5585250552032,113.15147072762386,0.0,0.0
253.0,0,0.9705810139724221,0.0,0.0,0.0,0.0,0.0,0.0,0.0,0.0,0.0,0.0,0.0,23.174744037894406,0.0,0.0,7.59245374947483e-06,0.0009157527884843874,0.0,0.0,0.0,18.563222305733593,113.14604936845399,0.0,0.0
254.0,0,0.9703751177849567,0.0,0.0,0.0,0.0,0.0,0.0,0.0,0.0,0.0,0.0,0.0,23.17230679837406,0.0,0.0,7.2198898567089434e-06,0.0008708165353379579,0.0,0.0,0.0,18.567701476029818,113.14037113883045,0.0,0.0
255.0,0,0.9701241391677854,0.0,0.0,0.0,0.0,0.0,0.0,0.0,0.0,0.0,0.0,0.0,23.169906860396164,0.0,0.0,6.865607781491497e-06,0.0008280853170789265,0.0,0.0,0.0,18.571968080569643,113.13445169196541,0.0,0.0
256.0,0,0.9698630915231689,0.0,0.0,0.0,0.0,0.0,0.0,0.0,0.0,0.0,0.0,0.0,23.167549577455787,0.0,0.0,6.528710429768656e-06,0.0007874509320101286,0.0,0.0,0.0,18.57602761644392,113.1283059800158,0.0,0.0
257.0,0,0.9696244155462274,0.0,0.0,0.0,0.0,0.0,0.0,0.0,0.0,0.0,0.0,0.0,23.16523980337473,0.0,0.0,6.208344728150244e-06,0.0007488104879228516,0.0,0.0,0.0,18.579885554812975,113.12194825038003,0.0,0.0
258.0,0,0.9694378922204356,0.0,0.0,0.0,0.0,0.0,0.0,0.0,0.0,0.0,0.0,0.0,23.16298189318348,0.0,0.0,5.903699463803101e-06,0.0007120661415587058,0.0,0.0,0.0,18.583547332683484,113.11539204600342,0.0,0.0
259.0,0,0.9693305786184421,0.0,0.0,0.0,0.0,0.0,0.0,0.0,0.0,0.0,0.0,0.0,23.160779706457483,0.0,0.0,5.614003230341487e-06,0.0006771248508561782,0.0,0.0,0.0,18.587018345036334,113.10865020949024,0.0,0.0
260.0,0,0.969326765951154,0.0,0.0,0.0,0.0,0.0,0.0,0.0,0.0,0.0,0.0,0.0,23.15863661302853,0.0,0.0,5.338522474513247e-06,0.000643898139354518,0.0,0.0,0.0,18.590303937333076,113.10173489080393,0.0,0.0
261.0,0,0.9694479591728701,0.0,0.0,0.0,0.0,0.0,0.0,0.0,0.0,0.0,0.0,0.0,23.15655550097696,0.0,0.0,5.0765596387356305e-06,0.0006123018721583927,0.0,0.0,0.0,18.59340939842559,113.09465755832335,0.0,0.0
262.0,0,0.969712877325332,0.0,0.0,0.0,0.0,0.0,0.0,0.0,0.0,0.0,0.0,0.0,23.154538786796717,0.0,0.0,4.827451394777431e-06,0.0005822560428960214,0.0,0.0,0.0,18.596339953890524,113.08742901300997,0.0,0.0
263.0,0,0.9701374736895008,0.0,0.0,0.0,0.0,0.0,0.0,0.0,0.0,0.0,0.0,0.0,23.152588427612937,0.0,0.0,4.590566964114841e-06,0.0005536845711313357,0.0,0.0,0.0,18.59910075980691,113.08005940543251,0.0,0.0
264.0,0,0.9707349747110865,0.0,0.0,0.0,0.0,0.0,0.0,0.0,0.0,0.0,0.0,0.0,23.15070593532068,0.0,0.0,4.365306520707939e-06,0.0005265151097171824,0.0,0.0,0.0,18.60169689699214,113.07255825538675,0.0,0.0
265.0,0,0.971515936574669,0.0,0.0,0.0,0.0,0.0,0.0,0.0,0.0,0.0,0.0,0.0,23.148892392503782,0.0,0.0,4.151099672153379e-06,0.0005006788616017611,0.0,0.0,0.0,18.60413336570838,113.06493447384422,0.0,0.0
266.0,0,0.9724883182219461,0.0,0.0,0.0,0.0,0.0,0.0,0.0,0.0,0.0,0.0,0.0,23.147148469984607,0.0,0.0,3.947404015367372e-06,0.0004761104056244235,0.0,0.0,0.0,18.606415080848127,113.05719638695864,0.0,0.0
267.0,0,0.9736575695423141,0.0,0.0,0.0,0.0,0.0,0.0,0.0,0.0,0.0,0.0,0.0,23.145474445848592,0.0,0.0,3.7537037631417086e-06,0.0004527475308597204,0.0,0.0,0.0,18.60854686760467,113.04935176185944,0.0,0.0
268.0,0,0.9750267334087076,0.0,0.0,0.0,0.0,0.0,0.0,0.0,0.0,0.0,0.0,0.0,23.14387022578221,0.0,0.0,3.569508438095077e-06,0.0004305310790902371,0.0,0.0,0.0,18.610533457629955,113.0414078339612,0.0,0.0
269.0,0,0.9765965601883343,0.0,0.0,0.0,0.0,0.0,0.0,0.0,0.0,0.0,0.0,0.0,23.142335364558846,0.0,0.0,3.394351630712567e-06,0.0004094047950093296,0.0,0.0,0.0,18.612379485679334,113.03337133552085,0.0,0.0
270.0,0,0.9783656333264865,0.0,0.0,0.0,0.0,0.0,0.0,0.0,0.0,0.0,0.0,0.0,23.140869088504548,0.0,0.0,3.2277898183285293e-06,0.00038931518377445767,0.0,0.0,0.0,18.61408948673994,113.02524852517935,0.0,0.0
271.0,0,0.9803305045817853,0.0,0.0,0.0,0.0,0.0,0.0,0.0,0.0,0.0,0.0,0.0,23.1394703187743,0.0,0.0,3.0694012420622923e-06,0.0003702113755504154,0.0,0.0,0.0,18.615667893636353,113.0170452182299,0.0,0.0
272.0,0,0.9824858374826939,0.0,0.0,0.0,0.0,0.0,0.0,0.0,0.0,0.0,0.0,0.0,23.1381376952696,0.0,0.0,2.9187848388629616e-06,0.0003520449966994653,0.0,0.0,0.0,18.61711903510484,113.00876681736278,0.0,0.0
273.0,0,0.9848245575775316,0.0,0.0,0.0,0.0,0.0,0.0,0.0,0.0,0.0,0.0,0.0,23.13686960102922,0.0,0.0,2.7755592259590903e-06,0.00033477004729220956,0.0,0.0,0.0,18.618447134324686,113.00041834364598,0.0,0.0
274.0,0,0.9873380080630917,0.0,0.0,0.0,0.0,0.0,0.0,0.0,0.0,0.0,0.0,0.0,23.13566418692771,0.0,0.0,2.6393617351416954e-06,0.0003183427846290379,0.0,0.0,0.0,18.61965630789303,112.99200446751107,0.0,0.0
275.0,0,0.9900161093997784,0.0,0.0,0.0,0.0,0.0,0.0,0.0,0.0,0.0,0.0,0.0,23.13451939651968,0.0,0.0,2.5098474944352926e-06,0.00030272161247721146,0.0,0.0,0.0,18.62075056522729,112.98352953952507,0.0,0.0
276.0,0,0.9928475215533588,0.0,0.0,0.0,0.0,0.0,0.0,0.0,0.0,0.0,0.0,0.0,23.13343299087262,0.0,0.0,2.3866885548315845e-06,0.0002878669757431152,0.0,0.0,0.0,18.621733808377325,112.97499762074209,0.0,0.0
277.0,0,0.9958198075443515,0.0,0.0,0.0,0.0,0.0,0.0,0.0,0.0,0.0,0.0,0.0,23.13240257323666,0.0,0.0,2.269573059874589e-06,0.000273741260312973,0.0,0.0,0.0,18.6226098322278,112.96641251244156,0.0,0.0
278.0,0,0.9989195970350668,0.0,0.0,0.0,0.0,0.0,0.0,0.0,0.0,0.0,0.0,0.0,23.13142561340618,0.0,0.0,2.1582044559944604e-06,0.0002603086978084078,0.0,0.0,0.0,18.62338232506946,112.95777778507434,0.0,0.0
279.0,0,1.0021327487406615,0.0,0.0,0.0,0.0,0.0,0.0,0.0,0.0,0.0,0.0,0.0,23.130499471635577,0.0,0.0,2.052300741590458e-06,0.000247535275015674,0.0,0.0,0.0,18.624054869516875,112.94909680625248,0.0,0.0
280.0,0,1.005444510513564,0.0,0.0,0.0,0.0,0.0,0.0,0.0,0.0,0.0,0.0,0.0,23.12962142197967,0.0,0.0,1.9515937529616304e-06,0.00023538864775922308,0.0,0.0,0.0,18.624630943748837,112.94037276763447,0.0,0.0
281.0,0,1.0088396760194591,0.0,0.0,0.0,0.0,0.0,0.0,0.0,0.0,0.0,0.0,0.0,23.128788674937688,0.0,0.0,1.8558284852770873e-06,0.00022383805900151873,0.0,0.0,0.0,18.625113923046815,112.93160871057252,0.0,0.0
282.0,0,1.0123027369969773,0.0,0.0,0.0,0.0,0.0,0.0,0.0,0.0,0.0,0.0,0.0,23.12799839928939,0.0,0.0,1.7647624468664518e-06,0.00021285426096171708,0.0,0.0,0.0,18.625507081606038,112.92280755040514,0.0,0.0
283.00000000000006,0,1.0158180301714788,0.0,0.0,0.0,0.0,0.0,0.0,0.0,0.0,0.0,0.0,0.0,23.1272477430213,0.0,0.0,1.678165045195471e-06,0.00020240944105600633,0.0,0.0,0.0,18.62581359459328,112.91397209929372,0.0,0.0
284.00000000000006,0,1.0193698779751212,0.0,0.0,0.0,0.0,0.0,0.0,0.0,0.0,0.0,0.0,0.0,23.12653385325138,0.0,0.0,1.5958170029719789e-06,0.00019247715147207453,0.0,0.0,0.0,18.626036540425048,112.90510508751822,0.0,0.0
285.00000000000006,0,1.0229427223099445,0.0,0.0,0.0,0.0,0.0,0.0,0.0,0.0,0.0,0.0,0.0,23.125853895070577,0.0,0.0,1.517509802903706e-06,0.00018303224219937917,0.0,0.0,0.0,18.626178903239783,112.89620918316277,0.0,0.0
286.00000000000006,0,1.026521250677247,0.0,0.0,0.0,0.0,0.0,0.0,0.0,0.0,0.0,0.0,0.0,23.125205069230415,0.0,0.0,1.4430451597019872e-06,0.00017405079734564055,0.0,0.0,0.0,18.626243575537718,112.88728701013719,0.0,0.0
287.00000000000006,0,1.0300905140843213,0.0,0.0,0.0,0.0,0.0,0.0,0.0,0.0,0.0,0.0,0.0,23.12458462861638,0.0,0.0,1.3722345179943929e-06,0.00016551007457830285,0.0,0.0,0.0,18.626233360962246,112.87834116449648,0.0,0.0
288.00000000000006,0,1.03363603622793,0.0,0.0,0.0,0.0,0.0,0.0,0.0,0.0,0.0,0.0,0.0,23.123989893457356,0.0,0.0,1.3048985748749405e-06,0.00015738844753762052,0.0,0.0,0.0,18.626150977197096,112.86937422903463,0.0,0.0
289.0,0,1.0371439135420473,0.0,0.0,0.0,0.0,0.0,0.0,0.0,0.0,0.0,0.0,0.0,23.123418265232313,0.0,0.0,1.240866825882898e-06,0.000149665351075551,0.0,0.0,0.0,18.62599905895414,112.86038878614298,0.0,0.0
290.0,0,1.0406009057847116,0.0,0.0,0.0,0.0,0.0,0.0,0.0,0.0,0.0,0.0,0.0,23.12286723924538,0.0,0.0,1.179977133260541e-06,0.00014232122918179073,0.0,0.0,0.0,18.62578016102743,112.85138742893824,0.0,0.0
291.0,0,1.0439945169246756,0.0,0.0,0.0,0.0,0.0,0.0,0.0,0.0,0.0,0.0,0.0,23.122334415851164,0.0,0.0,1.122075315396628e-06,0.00013533748546509553,0.0,0.0,0.0,18.625496761389797,112.84237277067675,0.0,0.0
292.0,0,1.0473130661723564,0.0,0.0,0.0,0.0,0.0,0.0,0.0,0.0,0.0,0.0,0.0,23.12181751032172,0.0,0.0,1.0670147564159964e-06,0.00012869643606449693,0.0,0.0,0.0,18.62515126430952,112.83334745248521,0.0,0.0
293.0,0,1.0505457490807932,0.0,0.0,0.0,0.0,0.0,0.0,0.0,0.0,0.0,0.0,0.0,23.121314361356426,0.0,0.0,1.0146560349267171e-06,0.0001223812648711786,0.0,0.0,0.0,18.624746003465457,112.8243141494483,0.0,0.0
294.0,0,1.053682688720446,0.0,0.0,0.0,0.0,0.0,0.0,0.0,0.0,0.0,0.0,0.0,23.120822938245066,0.0,0.0,9.648665709847278e-07,0.00011637598094762849,0.0,0.0,0.0,18.62428324504039,112.8152755751051,0.0,0.0
295.0,0,1.0567149770062414,0.0,0.0,0.0,0.0,0.0,0.0,0.0,0.0,0.0,0.0,0.0,23.12034134670324,0.0,0.0,9.175202903820165e-07,0.00011066537803624478,0.0,0.0,0.0,18.623765190773536,112.80623448441557,0.0,0.0
296.0,0,1.059634706325897,0.0,0.0,0.0,0.0,0.0,0.0,0.0,0.0,0.0,0.0,0.0,23.119867833407355,0.0,0.0,8.724973054082781e-07,0.00010523499605486706,0.0,0.0,0.0,18.623193980954554,112.79719367526681,0.0,0.0
297.0,0,1.0624349916848697,0.0,0.0,0.0,0.0,0.0,0.0,0.0,0.0,0.0,0.0,0.0,23.11940078926437,0.0,0.0,8.296836112776897e-07,0.00010007108448173224,0.0,0.0,0.0,18.62257169734284,112.78815598859713,0.0,0.0
298.0,0,1.0651099836449782,0.0,0.0,0.0,0.0,0.0,0.0,0.0,0.0,0.0,0.0,0.0,23.11893875145817,0.0,0.0,7.889707974521124e-07,9.516056753714145e-05,0.0,0.0,0.0,18.62190036599728,112.77912430722283,0.0,0.0
299.0,0,1.0676548723905808,0.0,0.0,0.0,0.0,0.0,0.0,0.0,0.0,0.0,0.0,0.0,23.11848040432159,0.0,0.0,7.502557731297456e-07,9.04910110736726e-05,0.0,0.0,0.0,18.621181960003256,112.77010155345776,0.0,0.0
300.0,0,1.0700658833079337,0.0,0.0,0.0,0.0,0.0,0.0,0.0,0.0,0.0,0.0,0.0,23.11802457908829,0.0,0.0,7.134405062041311e-07,8.605059109109972e-05,0.0,0.0,0.0,18.62041840208509,112.76109068562158,0.0,0.0
301.0,0,1.0723402645098732,0.0,0.0,0.0,0.0,0.0,0.0,0.0,0.0,0.0,0.0,0.0,23.117570252584585,0.0,0.0,6.784317750325174e-07,8.182806379629425e-05,0.0,0.0,0.0,18.619611567093806,112.75209469353612,0.0,0.0
302.0,0,1.0744762667791137,0.0,0.0,0.0,0.0,0.0,0.0,0.0,0.0,0.0,0.0,0.0,23.117116544925466,0.0,0.0,6.451409323850179e-07,7.781273713229563e-05,0.0,0.0,0.0,18.618763284361492,112.74311659311222,0.0,0.0
303.0,0,1.076473116439191,0.0,0.0,0.0,0.0,0.0,0.0,0.0,0.0,0.0,0.0,0.0,23.116662716283308,0.0,0.0,6.134836809768545e-07,7.399444370445855e-05,0.0,0.0,0.0,18.617875339915134,112.73415942013189,0.0,0.0
304.0,0,1.0783309816923687,0.0,0.0,0.0,0.0,0.0,0.0,0.0,0.0,0.0,0.0,0.0,23.116208162800802,0.0,0.0,5.833798600152989e-07,7.036351503512208e-05,0.0,0.0,0.0,18.616949478544278,112.72522622333132,0.0,0.0
305.0,0,1.0800509329886958,0.0,0.0,0.0,0.0,0.0,0.0,0.0,0.0,0.0,0.0,0.0,23.11575241172249,0.0,0.0,5.547532422208144e-07,6.691075708160945e-05,0.0,0.0,0.0,18.615987405718396,112.71632005689113,0.0,0.0
306.0,0,1.081634898009889,0.0,0.0,0.0,0.0,0.0,0.0,0.0,0.0,0.0,0.0,0.0,23.115295115821176,0.0,0.0,5.275313408084311e-07,6.362742695556672e-05,0.0,0.0,0.0,18.614990789351097,112.70744397243939,0.0,0.0
307.0,0,1.083085611865963,0.0,0.0,0.0,0.0,0.0,0.0,0.0,0.0,0.0,0.0,0.0,23.11483604719676,0.0,0.0,5.016452259406005e-07,6.05052107846901e-05,0.0,0.0,0.0,18.613961261409994,112.69860101067187,0.0,0.0
308.0,0,1.0844065631115924,0.0,0.0,0.0,0.0,0.0,0.0,0.0,0.0,0.0,0.0,0.0,23.11437509052596,0.0,0.0,4.770293501867601e-07,5.753620266078499e-05,0.0,0.0,0.0,18.612900419371986,112.68979419269166,0.0,0.0
309.0,0,1.0856019361933236,0.0,0.0,0.0,0.0,0.0,0.0,0.0,0.0,0.0,0.0,0.0,23.113912235841354,0.0,0.0,4.536213825476482e-07,5.4712884620849386e-05,0.0,0.0,0.0,18.611809827525292,112.68102651116831,0.0,0.0
310.0,0,1.0866765509380745,0.0,0.0,0.0,0.0,0.0,0.0,0.0,0.0,0.0,0.0,0.0,23.11344757091794,0.0,0.0,4.313620506240938e-07,5.202810761049165e-05,0.0,0.0,0.0,18.610691018120548,112.67230092141179,0.0,0.0
311.0,0,1.0876357996881263,0.0,0.0,0.0,0.0,0.0,0.0,0.0,0.0,0.0,0.0,0.0,23.112981273344246,0.0,0.0,4.1019499053062876e-07,4.947507338147867e-05,0.0,0.0,0.0,18.609545492374462,112.66362033245485,0.0,0.0
312.0,0,1.0884855826782611,0.0,0.0,0.0,0.0,0.0,0.0,0.0,0.0,0.0,0.0,0.0,23.112513602353708,0.0,0.0,3.900666041738824e-07,4.7047317277576606e-05,0.0,0.0,0.0,18.608374721330524,112.65498759823046,0.0,0.0
313.0,0,1.0892322422370904,0.0,0.0,0.0,0.0,0.0,0.0,0.0,0.0,0.0,0.0,0.0,23.112044890489987,0.0,0.0,3.709259235343666e-07,4.473869186509542e-05,0.0,0.0,0.0,18.607180146582213,112.64640550892787,0.0,0.0
314.0,0,1.0898824963772438,0.0,0.0,0.0,0.0,0.0,0.0,0.0,0.0,0.0,0.0,0.0,23.111575535177607,0.0,0.0,3.5272448160799284e-07,4.254335136668719e-05,0.0,0.0,0.0,18.605963180864965,112.63787678260451,0.0,0.0
315.0,0,1.0904433723182299,0.0,0.0,0.0,0.0,0.0,0.0,0.0,0.0,0.0,0.0,0.0,23.111105990266363,0.0,0.0,3.3541618968052566e-07,4.045573685898259e-05,0.0,0.0,0.0,18.604725208523913,112.62940405712564,0.0,0.0
316.0,0,1.090922140461774,0.0,0.0,0.0,0.0,0.0,0.0,0.0,0.0,0.0,0.0,0.0,23.110636757614877,0.0,0.0,3.189572206242148e-07,3.847056219658344e-05,0.0,0.0,0.0,18.603467585865154,112.62098988249735,0.0,0.0
317.0,0,1.0913262493125628,0.0,0.0,0.0,0.0,0.0,0.0,0.0,0.0,0.0,0.0,0.0,23.11016837877522,0.0,0.0,3.033058979210946e-07,3.65828006267691e-05,0.0,0.0,0.0,18.602191641398694,112.6126367136525,0.0,0.0
318.0,0,1.0916632618079716,0.0,0.0,0.0,0.0,0.0,0.0,0.0,0.0,0.0,0.0,0.0,23.109701426836565,0.0,0.0,2.884225901319426e-07,3.478767206102313e-05,0.0,0.0,0.0,18.600898675981934,112.6043469037426,0.0,0.0
319.0,0,1.0919407934887684,0.0,0.0,0.0,0.0,0.0,0.0,0.0,0.0,0.0,0.0,0.0,23.10923649848207,0.0,0.0,2.7426961054367593e-07,3.308063097114961e-05,0.0,0.0,0.0,18.599589962872674,112.59612269798183,0.0,0.0
320.0,0,1.0921664529093802,0.0,0.0,0.0,0.0,0.0,0.0,0.0,0.0,0.0,0.0,0.0,23.10877420630866,0.0,0.0,2.608111217410799e-07,3.1457354879330716e-05,0.0,0.0,0.0,18.598266747701167,112.5879662280837,0.0,0.0
321.0,0,1.0923477846513683,0.0,0.0,0.0,0.0,0.0,0.0,0.0,0.0,0.0,0.0,0.0,23.108315171455235,0.0,0.0,2.4801304486122857e-07,2.9913733412980385e-05,0.0,0.0,0.0,18.59693024837072,112.5798795073228,0.0,0.0
322.0,0,1.092492215267623,0.0,0.0,0.0,0.0,0.0,0.0,0.0,0.0,0.0,0.0,0.0,23.107860016580133,0.0,0.0,2.3584297330081752e-07,2.8445857896679507e-05,0.0,0.0,0.0,18.59558165489665,112.57186442624854,0.0,0.0
323.0,0,1.0926070024477814,0.0,0.0,0.0,0.0,0.0,0.0,0.0,0.0,0.0,0.0,0.0,23.1074093592241,0.0,0.0,2.242700906579023e-07,2.70500114548378e-05,0.0,0.0,0.0,18.594222129193287,112.56392274907122,0.0,0.0
324.0,0,1.0926991876578043,0.0,0.0,0.0,0.0,0.0,0.0,0.0,0.0,0.0,0.0,0.0,23.10696380559034,0.0,0.0,2.1326509270025973e-07,2.5722659600021004e-05,0.0,0.0,0.0,18.592852804818758,112.55605611073362,0.0,0.0
325.0,0,1.092775552468837,0.0,0.0,0.0,0.0,0.0,0.0,0.0,0.0,0.0,0.0,0.0,23.106523944768604,0.0,0.0,2.0280011316278383e-07,2.446044128311147e-05,0.0,0.0,0.0,18.591474786687137,112.5482660146759,0.0,0.0
326.0,0,1.0928425787527007,0.0,0.0,0.0,0.0,0.0,0.0,0.0,0.0,0.0,0.0,0.0,23.106090343425468,0.0,0.0,1.9284865318602532e-07,2.326016038264003e-05,0.0,0.0,0.0,18.590089150757308,112.54055383129551,0.0,0.0
327.0,0,1.0929064128839039,0.0,0.0,0.0,0.0,0.0,0.0,0.0,0.0,0.0,0.0,0.0,23.105663540978448,0.0,0.0,1.83385514217202e-07,2.2118777611738775e-05,0.0,0.0,0.0,18.588696943707745,112.53292079709715,0.0,0.0
328.0,0,1.0929728340512048,0.0,0.0,0.0,0.0,0.0,0.0,0.0,0.0,0.0,0.0,0.0,23.105244045267003,0.0,0.0,1.7438673420377612e-07,2.1033402822221973e-05,0.0,0.0,0.0,18.587299182605893,112.52536801452412,0.0,0.0
329.0,0,1.0930472267457307,0.0,0.0,0.0,0.0,0.0,0.0,0.0,0.0,0.0,0.0,0.0,23.10483232872913,0.0,0.0,1.65829526918031e-07,2.0001287686307973e-05,0.0,0.0,0.0,18.585896854580664,112.5178964524554,0.0,0.0
330.0,0,1.0931345574577065,0.0,0.0,0.0,0.0,0.0,0.0,0.0,0.0,0.0,0.0,0.0,23.104428825087886,0.0,0.0,1.5769222425900849e-07,1.901981873745113e-05,0.0,0.0,0.0,18.584490916505995,112.51050694734927,0.0,0.0
331.0,0,1.093239355580183,0.0,0.0,0.0,0.0,0.0,0.0,0.0,0.0,0.0,0.0,0.0,23.10403392654813,0.0,0.0,1.499542213857067e-07,1.808651075266209e-05,0.0,0.0,0.0,18.583082294702965,112.50320020500945,0.0,0.0
332.0,0,1.0933656984859887,0.0,0.0,0.0,0.0,0.0,0.0,0.0,0.0,0.0,0.0,0.0,23.10364798149986,0.0,0.0,1.4259592454260762e-07,1.7199000459559554e-05,0.0,0.0,0.0,18.581671884667514,112.49597680294548,0.0,0.0
333.0,0,1.0935172007136014,0.0,0.0,0.0,0.0,0.0,0.0,0.0,0.0,0.0,0.0,0.0,23.10327129272079,0.0,0.0,1.3559870144542127e-07,1.6355040552218794e-05,0.0,0.0,0.0,18.580260550830133,112.48883719329585,0.0,0.0
334.0,0,1.09369700716896,0.0,0.0,0.0,0.0,0.0,0.0,0.0,0.0,0.0,0.0,0.0,23.102904116067233,0.0,0.0,1.2894483410141541e-07,1.5552494000664227e-05,0.0,0.0,0.0,18.578849126353468,112.4817817062789,0.0,0.0
335.0,0,1.0939077902234953,0.0,0.0,0.0,0.0,0.0,0.0,0.0,0.0,0.0,0.0,0.0,23.102546659639437,0.0,0.0,1.2261747394486556e-07,1.478932863959682e-05,0.0,0.0,0.0,18.577438412973056,112.47481055413331,0.0,0.0
336.0,0,1.094151750564005,0.0,0.0,0.0,0.0,0.0,0.0,0.0,0.0,0.0,0.0,0.0,23.102199083404027,0.0,0.0,1.1660059917402104e-07,1.40636120226542e-05,0.0,0.0,0.0,18.576029180885836,112.46792383550883,0.0,0.0
337.0,0,1.0944306216275133,0.0,0.0,0.0,0.0,0.0,0.0,0.0,0.0,0.0,0.0,0.0,23.101861499254092,0.0,0.0,1.1087897418155891e-07,1.3373506529173703e-05,0.0,0.0,0.0,18.57462216869049,112.46112154026386,0.0,0.0
338.0,0,1.0947456774340136,0.0,0.0,0.0,0.0,0.0,0.0,0.0,0.0,0.0,0.0,0.0,23.10153397148444,0.0,0.0,1.054381109757966e-07,1.2717264711067983e-05,0.0,0.0,0.0,18.57321808338298,112.45440355462722,0.0,0.0
339.0,0,1.0950977436120624,0.0,0.0,0.0,0.0,0.0,0.0,0.0,0.0,0.0,0.0,0.0,23.101216517657868,0.0,0.0,1.0026423249497723e-07,1.2093224868030752e-05,0.0,0.0,0.0,18.57181760041003,112.44776966667845,0.0,0.0
340.0,0,1.0954872113965888,0.0,0.0,0.0,0.0,0.0,0.0,0.0,0.0,0.0,0.0,0.0,23.10090910983608,0.0,0.0,9.534423772173328e-08,1.1499806839868459e-05,0.0,0.0,0.0,18.570421363782657,112.44121957210118,0.0,0.0
341.0,0,1.095914054365055,0.0,0.0,0.0,0.0,0.0,0.0,0.0,0.0,0.0,0.0,0.0,23.10061167614752,0.0,0.0,9.066566850939372e-08,1.0935508005303477e-05,0.0,0.0,0.0,18.569029986251326,112.43475288016333,0.0,0.0
342.0,0,1.0963778476672057,0.0,0.0,0.0,0.0,0.0,0.0,0.0,0.0,0.0,0.0,0.0,23.100324102662945,0.0,0.0,8.621667803613365e-08,1.039889947711716e-05,0.0,0.0,0.0,18.567644049543517,112.42836911987804,0.0,0.0
343.0,0,1.0968777894951065,0.0,0.0,0.0,0.0,0.0,0.0,0.0,0.0,0.0,0.0,0.0,23.100046235548675,0.0,0.0,8.198600080708806e-08,9.888622483998315e-06,0.0,0.0,0.0,18.566264104664114,112.42206774629976,0.0,0.0
344.0,0,1.0974127245339138,0.0,0.0,0.0,0.0,0.0,0.0,0.0,0.0,0.0,0.0,0.0,23.099777883466516,0.0,0.0,7.796292412847033e-08,9.403384929935438e-06,0.0,0.0,0.0,18.564890672258265,112.41584814690982,0.0,0.0
345.00000000000006,0,1.0979811691298171,0.0,0.0,0.0,0.0,0.0,0.0,0.0,0.0,0.0,0.0,0.0,23.099518820189203,0.0,0.0,7.413726098146421e-08,8.941958122440547e-06,0.0,0.0,0.0,18.56352424303599,112.40970964804808,0.0,0.0
346.00000000000006,0,1.0985813379097773,0.0,0.0,0.0,0.0,0.0,0.0,0.0,0.0,0.0,0.0,0.0,23.09926878739963,0.0,0.0,7.049932422720145e-08,8.503173661319999e-06,0.0,0.0,0.0,18.56216527825713,112.40365152134731,0.0,0.0
347.00000000000006,0,1.0992111715879598,0.0,0.0,0.0,0.0,0.0,0.0,0.0,0.0,0.0,0.0,0.0,23.099027497642446,0.0,0.0,6.703990207750875e-08,8.08592048011427e-06,0.0,0.0,0.0,18.560814210274973,112.39767299012935,0.0,0.0
348.00000000000006,0,1.0998683656960513,0.0,0.0,0.0,0.0,0.0,0.0,0.0,0.0,0.0,0.0,0.0,23.09879463739678,0.0,0.0,6.375023476931235e-08,7.68914203271508e-06,0.0,0.0,0.0,18.559471443136136,112.39177323572363,0.0,0.0
349.00000000000006,0,1.1005503999788337,0.0,0.0,0.0,0.0,0.0,0.0,0.0,0.0,0.0,0.0,0.0,23.098569870239363,0.0,0.0,6.062199238363605e-08,7.3118336180360605e-06,0.0,0.0,0.0,18.558137353234187,112.38595140367059,0.0,0.0
350.00000000000006,0,1.1012545682023815,0.0,0.0,0.0,0.0,0.0,0.0,0.0,0.0,0.0,0.0,0.0,23.098352840068042,0.0,0.0,5.764725375302752e-08,6.953039835962588e-06,0.0,0.0,0.0,18.556812290013895,112.38020660977497,0.0,0.0
351.00000000000006,0,1.1019780081298811,0.0,0.0,0.0,0.0,0.0,0.0,0.0,0.0,0.0,0.0,0.0,23.098143174356622,0.0,0.0,5.481848640400332e-08,6.611852168138904e-06,0.0,0.0,0.0,18.555496576722746,112.37453794597636,0.0,0.0
352.0,0,1.1027177314292655,0.0,0.0,0.0,0.0,0.0,0.0,0.0,0.0,0.0,0.0,0.0,23.09794048741305,0.0,0.0,5.212852748372383e-08,6.287406677466698e-06,0.0,0.0,0.0,18.55419051120609,112.36894448600694,0.0,0.0
353.0,0,1.1034706532874354,0.0,0.0,0.0,0.0,0.0,0.0,0.0,0.0,0.0,0.0,0.0,23.097744383614245,0.0,0.0,4.957056562260179e-08,5.9788818204899604e-06,0.0,0.0,0.0,18.552894366741935,112.36342529080878,0.0,0.0
354.0,0,1.1042336215176871,0.0,0.0,0.0,0.0,0.0,0.0,0.0,0.0,0.0,0.0,0.0,23.097554460592214,0.0,0.0,4.7138123686917844e-08,5.685496367126743e-06,0.0,0.0,0.0,18.55160839291127,112.35797941368665,0.0,0.0
355.0,0,1.1050034449599178,0.0,0.0,0.0,0.0,0.0,0.0,0.0,0.0,0.0,0.0,0.0,23.097370312347834,0.0,0.0,4.482504237777023e-08,5.406507422480284e-06,0.0,0.0,0.0,18.550332816499616,112.35260590517393,0.0,0.0
356.0,0,1.1057769209871127,0.0,0.0,0.0,0.0,0.0,0.0,0.0,0.0,0.0,0.0,0.0,23.097191532270024,0.0,0.0,4.262546463482869e-08,5.141208545720417e-06,0.0,0.0,0.0,18.549067842425316,112.3473038175934,0.0,0.0
357.0,0,1.106550861946357,0.0,0.0,0.0,0.0,0.0,0.0,0.0,0.0,0.0,0.0,0.0,23.097017716040142,0.0,0.0,4.05338208054007e-08,4.888927961272031e-06,0.0,0.0,0.0,18.54781365469005,112.3420722092968,0.0,0.0
358.0,0,1.1073221203780421,0.0,0.0,0.0,0.0,0.0,0.0,0.0,0.0,0.0,0.0,0.0,23.096848464402996,0.0,0.0,3.8544814541255925e-08,4.649026857781018e-06,0.0,0.0,0.0,18.546570417346924,112.33691014857017,0.0,0.0
359.0,0,1.1080876128728718,0.0,0.0,0.0,0.0,0.0,0.0,0.0,0.0,0.0,0.0,0.0,23.096683385787834,0.0,0.0,3.665340938749746e-08,4.420897770550442e-06,0.0,0.0,0.0,18.545338275481566,112.33181671719518,0.0,0.0
360.0,0,1.1088443424426049,0.0,0.0,0.0,0.0,0.0,0.0,0.0,0.0,0.0,0.0,0.0,23.096522098764744,0.0,0.0,3.485481602952116e-08,4.203963043351053e-06,0.0,0.0,0.0,18.54411735620156,112.326791013659,0.0,0.0
361.0,0,1.1095894192970401,0.0,0.0,0.0,0.0,0.0,0.0,0.0,0.0,0.0,0.0,0.0,23.09636423432361,0.0,0.0,3.314448016577021e-08,3.997673365711182e-06,0.0,0.0,0.0,18.542907769629718,112.32183215600881,0.0,0.0
362.0,0,1.1103200799364192,0.0,0.0,0.0,0.0,0.0,0.0,0.0,0.0,0.0,0.0,0.0,23.096209437964948,0.0,0.0,3.1518070975577225e-08,3.8015063819822542e-06,0.0,0.0,0.0,18.54170960989669,112.31693928434879,0.0,0.0
363.0,0,1.111033704485067,0.0,0.0,0.0,0.0,0.0,0.0,0.0,0.0,0.0,0.0,0.0,23.096057371593844,0.0,0.0,2.997147015289262e-08,3.6149653686578556e-06,0.0,0.0,0.0,18.54052295612855,112.31211156298092,0.0,0.0
364.0,0,1.1117278322085906,0.0,0.0,0.0,0.0,0.0,0.0,0.0,0.0,0.0,0.0,0.0,23.09590771521006,0.0,0.0,2.8500761478131105e-08,3.4375779765971274e-06,0.0,0.0,0.0,18.539347873425196,112.30734818219322,0.0,0.0
365.0,0,1.1124001751731738,0.0,0.0,0.0,0.0,0.0,0.0,0.0,0.0,0.0,0.0,0.0,23.095760168389553,0.0,0.0,2.7102220901730617e-08,3.2688950349676324e-06,0.0,0.0,0.0,18.538184413825448,112.30264835970088,0.0,0.0
366.0,0,1.1130486300213591,0.0,0.0,0.0,0.0,0.0,0.0,0.0,0.0,0.0,0.0,0.0,23.09561445155409,0.0,0.0,2.5772307114313984e-08,3.1084894138790796e-06,0.0,0.0,0.0,18.537032617255097,112.29801134174875,0.0,0.0
367.0,0,1.113671287854051,0.0,0.0,0.0,0.0,0.0,0.0,0.0,0.0,0.0,0.0,0.0,23.095470307027995,0.0,0.0,2.450765257957534e-08,2.955954942827946e-06,0.0,0.0,0.0,18.535892512454172,112.29343640388531,0.0,0.0
368.0,0,1.1142664422232584,0.0,0.0,0.0,0.0,0.0,0.0,0.0,0.0,0.0,0.0,0.0,23.095327499882224,0.0,0.0,2.330505500718551e-08,2.8109053822143276e-06,0.0,0.0,0.0,18.53476411788015,112.28892285142005,0.0,0.0
369.0,0,1.1148325952542095,0.0,0.0,0.0,0.0,0.0,0.0,0.0,0.0,0.0,0.0,0.0,23.095185818568105,0.0,0.0,2.2161469244124295e-08,2.6729734453267584e-06,0.0,0.0,0.0,18.533647442583867,112.28447001957838,0.0,0.0
370.0,0,1.1153684619288167,0.0,0.0,0.0,0.0,0.0,0.0,0.0,0.0,0.0,0.0,0.0,23.09504507534426,0.0,0.0,2.1073999563907473e-08,2.5418098683185134e-06,0.0,0.0,0.0,18.5325424870553,112.28007727336927,0.0,0.0
371.0,0,1.115872972575034,0.0,0.0,0.0,0.0,0.0,0.0,0.0,0.0,0.0,0.0,0.0,23.094905106502047,0.0,0.0,2.003989233418361e-08,2.4170825258204447e-06,0.0,0.0,0.0,18.53144924403665,112.27574400718274,0.0,0.0
372.0,0,1.1163452736183133,0.0,0.0,0.0,0.0,0.0,0.0,0.0,0.0,0.0,0.0,0.0,23.09476577239584,0.0,0.0,1.905652904413405e-08,2.2984755899509503e-06,0.0,0.0,0.0,18.53036769930039,112.2714696441347,0.0,0.0
373.0,0,1.1167847266621156,0.0,0.0,0.0,0.0,0.0,0.0,0.0,0.0,0.0,0.0,0.0,23.094626957286067,0.0,0.0,1.812141967402036e-08,2.1856887305935622e-06,0.0,0.0,0.0,18.529297832390224,112.26725363517886,0.0,0.0
374.0,0,1.1171909059742144,0.0,0.0,0.0,0.0,0.0,0.0,0.0,0.0,0.0,0.0,0.0,23.094488569003857,0.0,0.0,1.723219639009e-08,2.078436354917149e-06,0.0,0.0,0.0,18.528239617323326,112.26309545800501,0.0,0.0
375.0,0,1.1175635944643116,0.0,0.0,0.0,0.0,0.0,0.0,0.0,0.0,0.0,0.0,0.0,23.094350538447166,0.0,0.0,1.6386607548874835e-08,1.976446884213078e-06,0.0,0.0,0.0,18.527193023252348,112.25899461574477,0.0,0.0
376.0,0,1.1179027782462494,0.0,0.0,0.0,0.0,0.0,0.0,0.0,0.0,0.0,0.0,0.0,23.094212818919274,0.0,0.0,1.558251199570035e-08,1.8794620662181887e-06,0.0,0.0,0.0,18.526158015086125,112.2549506355051,0.0,0.0
377.0,0,1.1182086398848194,0.0,0.0,0.0,0.0,0.0,0.0,0.0,0.0,0.0,0.0,0.0,23.094075385321137,0.0,0.0,1.4817873642968754e-08,1.787236321182271e-06,0.0,0.0,0.0,18.525134554068238,112.2509630667519,0.0,0.0
378.0,0,1.1184815504328625,0.0,0.0,0.0,0.0,0.0,0.0,0.0,0.0,0.0,0.0,0.0,23.09393823321001,0.0,0.0,1.409075631448726e-08,1.6995361200242058e-06,0.0,0.0,0.0,18.524122598312857,112.24703147956416,0.0,0.0
379.0,0,1.118722060368984,0.0,0.0,0.0,0.0,0.0,0.0,0.0,0.0,0.0,0.0,0.0,23.093801377736828,0.0,0.0,1.3399318842786626e-08,1.6161393930021616e-06,0.0,0.0,0.0,18.52312210329765,112.24315546278065,0.0,0.0
380.0,0,1.1189308895498287,0.0,0.0,0.0,0.0,0.0,0.0,0.0,0.0,0.0,0.0,0.0,23.093664852475772,0.0,0.0,1.2741810407015757e-08,1.5368349674005133e-06,0.0,0.0,0.0,18.522133022313724,112.23933462206034,0.0,0.0
381.0,0,1.1191089162934527,0.0,0.0,0.0,0.0,0.0,0.0,0.0,0.0,0.0,0.0,0.0,23.093528708159333,0.0,0.0,1.2116566099607095e-08,1.4614220328096277e-06,0.0,0.0,0.0,18.521155306872938,112.2355685778773,0.0,0.0
382.0,0,1.1192571657119446,0.0,0.0,0.0,0.0,0.0,0.0,0.0,0.0,0.0,0.0,0.0,23.09339301133248,0.0,0.0,1.1522002710487072e-08,1.389709632644523e-06,0.0,0.0,0.0,18.52018890707302,112.23185696347038,0.0,0.0
383.0,0,1.1193767974120927,0.0,0.0,0.0,0.0,0.0,0.0,0.0,0.0,0.0,0.0,0.0,23.09325784293972,0.0,0.0,1.0956614718156517e-08,1.3215161806148542e-06,0.0,0.0,0.0,18.51923377192132,112.22819942276791,0.0,0.0
384.0,0,1.1194690926826234,0.0,0.0,0.0,0.0,0.0,0.0,0.0,0.0,0.0,0.0,0.0,23.093123296858522,0.0,0.0,1.0418970477489952e-08,1.2566690009218551e-06,0.0,0.0,0.0,18.518289849618192,112.22459560830592,0.0,0.0
385.0,0,1.1195354412853886,0.0,0.0,0.0,0.0,0.0,0.0,0.0,0.0,0.0,0.0,0.0,23.092989478392745,0.0,0.0,9.907708594600643e-09,1.1950038910179525e-06,0.0,0.0,0.0,18.51735708780112,112.22104517915851,0.0,0.0
386.0,0,1.119577327965893,0.0,0.0,0.0,0.0,0.0,0.0,0.0,0.0,0.0,0.0,0.0,23.092856502739128,0.0,0.0,9.42153447959207e-09,1.1363647058218854e-06,0.0,0.0,0.0,18.516435433751028,112.21754779889743,0.0,0.0
387.0,0,1.1195963187957716,0.0,0.0,0.0,0.0,0.0,0.0,0.0,0.0,0.0,0.0,0.0,23.092724493439842,0.0,0.0,8.959217068466893e-09,1.0806029623365137e-06,0.0,0.0,0.0,18.51552483456235,112.21410313359718,0.0,0.0
388.0,0,1.1195940474563504,0.0,0.0,0.0,0.0,0.0,0.0,0.0,0.0,0.0,0.0,0.0,23.092593580833523,0.0,0.0,8.519585705892775e-09,1.0275774636681434e-06,0.0,0.0,0.0,18.514625237278487,112.21071084990075,0.0,0.0
389.0,0,1.1195722015682308,0.0,0.0,0.0,0.0,0.0,0.0,0.0,0.0,0.0,0.0,0.0,23.09246390051666,0.0,0.0,8.101527180931781e-09,9.771539414953307e-07,0.0,0.0,0.0,18.513736588994593,112.20737061316012,0.0,0.0
390.0,0,1.1195325091670747,0.0,0.0,0.0,0.0,0.0,0.0,0.0,0.0,0.0,0.0,0.0,23.092335591826856,0.0,0.0,7.703982908227407e-09,9.292047160818455e-07,0.0,0.0,0.0,18.512858836929553,112.20408208566383,0.0,0.0
391.0,0,1.119476725420438,0.0,0.0,0.0,0.0,0.0,0.0,0.0,0.0,0.0,0.0,0.0,23.09220879635854,0.0,0.0,7.325946247511546e-09,8.836083729728976e-07,0.0,0.0,0.0,18.51199192846935,112.20084492496356,0.0,0.0
392.0,0,1.1194066196746666,0.0,0.0,0.0,0.0,0.0,0.0,0.0,0.0,0.0,0.0,0.0,23.092083656521346,0.0,0.0,6.966459954644063e-09,8.402494555559709e-07,0.0,0.0,0.0,18.511135811183824,112.19765878230982,0.0,0.0
393.0,0,1.1193239629146658,0.0,0.0,0.0,0.0,0.0,0.0,0.0,0.0,0.0,0.0,0.0,23.091960314150263,0.0,0.0,6.6246137577305305e-09,7.990181727077872e-07,0.0,0.0,0.0,18.510290432819133,112.1945233012052,0.0,0.0
394.0,0,1.1192305157127345,0.0,0.0,0.0,0.0,0.0,0.0,0.0,0.0,0.0,0.0,0.0,23.09183890917628,0.0,0.0,6.299542052180631e-09,7.598101207871168e-07,0.0,0.0,0.0,18.50945574126815,112.19143811608328,0.0,0.0
395.0,0,1.1191280167357898,0.0,0.0,0.0,0.0,0.0,0.0,0.0,0.0,0.0,0.0,0.0,23.09171957836508,0.0,0.0,5.990421708870648e-09,7.22526019269482e-07,0.0,0.0,0.0,18.508631684521045,112.18840285111901,0.0,0.0
396.0,0,1.1190181718731973,0.0,0.0,0.0,0.0,0.0,0.0,0.0,0.0,0.0,0.0,0.0,23.09160245413081,0.0,0.0,5.696469989860111e-09,6.87071459354343e-07,0.0,0.0,0.0,18.507818210598387,112.18541711917564,0.0,0.0
397.0,0,1.1189026440401455,0.0,0.0,0.0,0.0,0.0,0.0,0.0,0.0,0.0,0.0,0.0,23.091487663430726,0.0,0.0,5.416942566384779e-09,6.533566649081997e-07,0.0,0.0,0.0,18.507015267469033,112.18248052089172,0.0,0.0
398.0,0,1.1187830437041315,0.0,0.0,0.0,0.0,0.0,0.0,0.0,0.0,0.0,0.0,0.0,23.091375326746157,0.0,0.0,5.1511316341073e-09,6.212962651382871e-07,0.0,0.0,0.0,18.506222802955055,112.17959264391058,0.0,0.0
399.0,0,1.1186609201747073,0.0,0.0,0.0,0.0,0.0,0.0,0.0,0.0,0.0,0.0,0.0,23.091265557153832,0.0,0.0,4.898364120853068e-09,5.908090784212343e-07,0.0,0.0,0.0,18.505440764625977,112.1767530622534,0.0,0.0
400.0,0,1.118537753689235,0.0,0.0,0.0,0.0,0.0,0.0,0.0,0.0,0.0,0.0,0.0,23.091158459491112,0.0,0.0,4.657999982292988e-09,5.61817906739317e-07,0.0,0.0,0.0,18.504669099684456,112.17396133583571,0.0,0.0
401.0,0,1.118414948320064,0.0,0.0,0.0,0.0,0.0,0.0,0.0,0.0,0.0,0.0,0.0,23.091054129617703,0.0,0.0,4.42943058125758e-09,5.342493402037805e-07,0.0,0.0,0.0,18.503907754845528,112.17121701012631,0.0,0.0
402.0,0,1.118293825721338,0.0,0.0,0.0,0.0,0.0,0.0,0.0,0.0,0.0,0.0,0.0,23.09095265377553,0.0,0.0,4.212077146578609e-09,5.08033571170259e-07,0.0,0.0,0.0,18.503156676211496,112.16851961594617,0.0,0.0
403.0,0,1.1181756197265944,0.0,0.0,0.0,0.0,0.0,0.0,0.0,0.0,0.0,0.0,0.0,23.090854108047736,0.0,0.0,4.005389307555803e-09,4.831042174756066e-07,0.0,0.0,0.0,18.502415809144342,112.16586866940418,0.0,0.0
404.0,0,1.1180614718015036,0.0,0.0,0.0,0.0,0.0,0.0,0.0,0.0,0.0,0.0,0.0,23.090758557916917,0.0,0.0,3.808843700337705e-09,4.593981543485472e-07,0.0,0.0,0.0,18.50168509813759,112.1632636719656,0.0,0.0
405.0,0,1.1179524273495196,0.0,0.0,0.0,0.0,0.0,0.0,0.0,0.0,0.0,0.0,0.0,23.090666057921997,0.0,0.0,3.6219426426878264e-09,4.3685535456851596e-07,0.0,0.0,0.0,18.500964486689305,112.16070411064787,0.0,0.0
406.0,0,1.1178494328619597,0.0,0.0,0.0,0.0,0.0,0.0,0.0,0.0,0.0,0.0,0.0,23.09057665141235,0.0,0.0,3.4442128737803922e-09,4.1541873646795454e-07,0.0,0.0,0.0,18.500253917177915,112.15818945833828,0.0,0.0
407.0,0,1.1177533338980805,0.0,0.0,0.0,0.0,0.0,0.0,0.0,0.0,0.0,0.0,0.0,23.090490370397166,0.0,0.0,3.275204355834695e-09,3.9503401939317584e-07,0.0,0.0,0.0,18.499553330742337,112.15571917422675,0.0,0.0
408.00000000000006,0,1.1176648738751473,0.0,0.0,0.0,0.0,0.0,0.0,0.0,0.0,0.0,0.0,0.0,23.09040723548745,0.0,0.0,3.1144891345535686e-09,3.756495862578069e-07,0.0,0.0,0.0,18.498862667167824,112.15329270434654,0.0,0.0
409.00000000000006,0,1.1175846936433103,0.0,0.0,0.0,0.0,0.0,0.0,0.0,0.0,0.0,0.0,0.0,23.09032725592732,0.0,0.0,2.9616602554805033e-09,3.5721635284077313e-07,0.0,0.0,0.0,18.49818186477875,112.1509094822154,0.0,0.0
410.00000000000006,0,1.11751333181531,0.0,0.0,0.0,0.0,0.0,0.0,0.0,0.0,0.0,0.0,0.0,23.090250429710828,0.0,0.0,2.8163307335314033e-09,3.3968764349786846e-07,0.0,0.0,0.0,18.497510860339546,112.1485689295684,0.0,0.0
411.00000000000006,0,1.1174512258166986,0.0,0.0,0.0,0.0,0.0,0.0,0.0,0.0,0.0,0.0,0.0,23.090176743780127,0.0,0.0,2.6781325730917375e-09,3.2301907297219484e-07,0.0,0.0,0.0,18.496849588964682,112.1462704571747,0.0,0.0
412.00000000000006,0,1.1173987136183472,0.0,0.0,0.0,0.0,0.0,0.0,0.0,0.0,0.0,0.0,0.0,23.09010617430012,0.0,0.0,2.5467158361977933e-09,3.071684340041968e-07,0.0,0.0,0.0,18.49619798403864,112.14401346572848,0.0,0.0
413.00000000000006,0,1.1173560361095594,0.0,0.0,0.0,0.0,0.0,0.0,0.0,0.0,0.0,0.0,0.0,23.0900386870046,0.0,0.0,2.4217477564425483e-09,2.9209559045670457e-07,0.0,0.0,0.0,18.495555977146566,112.14179734680593,0.0,0.0
414.00000000000006,0,1.1173233400671074,0.0,0.0,0.0,0.0,0.0,0.0,0.0,0.0,0.0,0.0,0.0,23.08997423760841,0.0,0.0,2.30291189636244e-09,2.777623756843621e-07,0.0,0.0,0.0,18.49492349801617,112.13962148387799,0.0,0.0
415.00000000000006,0,1.117300681672995,0.0,0.0,0.0,0.0,0.0,0.0,0.0,0.0,0.0,0.0,0.0,23.089912772279924,0.0,0.0,2.1899073461714023e-09,2.64132495890096e-07,0.0,0.0,0.0,18.49430047447142,112.13748525337039,0.0,0.0
416.00000000000006,0,1.117288030531653,0.0,0.0,0.0,0.0,0.0,0.0,0.0,0.0,0.0,0.0,0.0,23.08985422816795,0.0,0.0,2.0824479618132605e-09,2.511714382239113e-07,0.0,0.0,0.0,18.493686832398268,112.13538802576147,0.0,0.0
417.0,0,1.1172852741356885,0.0,0.0,0.0,0.0,0.0,0.0,0.0,0.0,0.0,0.0,0.0,23.089798533976964,0.0,0.0,1.9802616404031106e-09,2.3884638339130466e-07,0.0,0.0,0.0,18.493082495722657,112.13332916670836,0.0,0.0
418.0,0,1.1172922227281126,0.0,0.0,0.0,0.0,0.0,0.0,0.0,0.0,0.0,0.0,0.0,23.089745610584433,0.0,0.0,1.883089631222999e-09,2.2712612255000908e-07,0.0,0.0,0.0,18.49248738640093,112.13130803819266,0.0,0.0
419.0,0,1.1173086145082858,0.0,0.0,0.0,0.0,0.0,0.0,0.0,0.0,0.0,0.0,0.0,23.089695371694066,0.0,0.0,1.7906858805272445e-09,2.1598097828463818e-07,0.0,0.0,0.0,18.49190142442257,112.1293239996768,0.0,0.0
420.0,0,1.117334121128484,0.0,0.0,0.0,0.0,0.0,0.0,0.0,0.0,0.0,0.0,0.0,23.08964772451863,0.0,0.0,1.702816408498352e-09,2.0538272945912836e-07,0.0,0.0,0.0,18.491324527825117,112.12737640926234,0.0,0.0
421.0,0,1.1173683534281236,0.0,0.0,0.0,0.0,0.0,0.0,0.0,0.0,0.0,0.0,0.0,23.089602570486115,0.0,0.0,1.6192587167758763e-09,1.9530453975669276e-07,0.0,0.0,0.0,18.490756612721114,112.12546462484215,0.0,0.0
422.0,0,1.1174108673531802,0.0,0.0,0.0,0.0,0.0,0.0,0.0,0.0,0.0,0.0,0.0,23.089559805963134,0.0,0.0,1.5398012250580186e-09,1.857208897263404e-07,0.0,0.0,0.0,18.49019759333664,112.1235880052383,0.0,0.0
423.0,0,1.1174611700092028,0.0,0.0,0.0,0.0,0.0,0.0,0.0,0.0,0.0,0.0,0.0,23.08951932298954,0.0,0.0,1.4642427353493423e-09,1.7660751216389226e-07,0.0,0.0,0.0,18.489647382061076,112.1217459113186,0.0,0.0
424.0,0,1.1175187257975576,0.0,0.0,0.0,0.0,0.0,0.0,0.0,0.0,0.0,0.0,0.0,23.089481010018243,0.0,0.0,1.3923919224980088e-09,1.679413306638694e-07,0.0,0.0,0.0,18.489105889507584,112.11993770708419,0.0,0.0
425.0,0,1.1175829625860774,0.0,0.0,0.0,0.0,0.0,0.0,0.0,0.0,0.0,0.0,0.0,23.089444752654824,0.0,0.0,1.3240668497324993e-09,1.5970040118665759e-07,0.0,0.0,0.0,18.48857302458371,112.11816276072233,0.0,0.0
426.0,0,1.1176532778671286,0.0,0.0,0.0,0.0,0.0,0.0,0.0,0.0,0.0,0.0,0.0,23.089410434391237,0.0,0.0,1.2590945079710857e-09,1.5186385649298855e-07,0.0,0.0,0.0,18.48804869457149,112.11642044561763,0.0,0.0
427.0,0,1.1177290448582473,0.0,0.0,0.0,0.0,0.0,0.0,0.0,0.0,0.0,0.0,0.0,23.089377937328642,0.0,0.0,1.1973103777375228e-09,1.4441185330503616e-07,0.0,0.0,0.0,18.487532805216315,112.11471014131695,0.0,0.0
428.0,0,1.1178096185028286,0.0,0.0,0.0,0.0,0.0,0.0,0.0,0.0,0.0,0.0,0.0,23.08934714288444,0.0,0.0,1.1385580125736598e-09,1.3732552206033393e-07,0.0,0.0,0.0,18.48702526082388,112.11303123444247,0.0,0.0
429.0,0,1.1178943413309526,0.0,0.0,0.0,0.0,0.0,0.0,0.0,0.0,0.0,0.0,0.0,23.08931793247884,0.0,0.0,1.082688642894118e-09,1.3058691913128156e-07,0.0,0.0,0.0,18.486525964364354,112.11138311954886,0.0,0.0
430.0,0,1.1179825491431934,0.0,0.0,0.0,0.0,0.0,0.0,0.0,0.0,0.0,0.0,0.0,23.08929018819697,0.0,0.0,1.0295607992799312e-09,1.2417898138925452e-07,0.0,0.0,0.0,18.48603481758299,112.10976519992082,0.0,0.0
431.0,0,1.1180735764831637,0.0,0.0,0.0,0.0,0.0,0.0,0.0,0.0,0.0,0.0,0.0,23.089263793422468,0.0,0.0,9.790399542572769e-10,1.1808548299826553e-07,0.0,0.0,0.0,18.48555172111632,112.10817688830763,0.0,0.0
432.0,0,1.1181667618676252,0.0,0.0,0.0,0.0,0.0,0.0,0.0,0.0,0.0,0.0,0.0,23.08923863343916,0.0,0.0,9.309981816542291e-10,1.1229099432877358e-07,0.0,0.0,0.0,18.485076574613096,112.10661760759211,0.0,0.0
433.0,0,1.1182614527461376,0.0,0.0,0.0,0.0,0.0,0.0,0.0,0.0,0.0,0.0,0.0,23.089214595997724,0.0,0.0,8.853138326729721e-10,1.0678084288760428e-07,0.0,0.0,0.0,18.484609276859032,112.10508679139231,0.0,0.0
434.0,0,1.1183570101654432,0.0,0.0,0.0,0.0,0.0,0.0,0.0,0.0,0.0,0.0,0.0,23.08919157184457,0.0,0.0,8.418712278572438e-10,1.015410761650503e-07,0.0,0.0,0.0,18.484149725904576,112.10358388459372,0.0,0.0
435.0,0,1.1184528131170757,0.0,0.0,0.0,0.0,0.0,0.0,0.0,0.0,0.0,0.0,0.0,23.08916945521066,0.0,0.0,8.005603641750269e-10,9.655842630507515e-08,0.0,0.0,0.0,18.483697819194752,112.10210834381213,0.0,0.0
436.0,0,1.1185482625499528,0.0,0.0,0.0,0.0,0.0,0.0,0.0,0.0,0.0,0.0,0.0,23.08914814425827,0.0,0.0,7.612766364747753e-10,9.182027650916035e-08,0.0,0.0,0.0,18.483253453700293,112.10065963778581,0.0,0.0
437.0,0,1.1186427850330263,0.0,0.0,0.0,0.0,0.0,0.0,0.0,0.0,0.0,0.0,0.0,23.089127541484224,0.0,0.0,7.239205726098647e-10,8.73146290887254e-08,0.0,0.0,0.0,18.48281652604916,112.09923724769777,0.0,0.0
438.0,0,1.1187358360562998,0.0,0.0,0.0,0.0,0.0,0.0,0.0,0.0,0.0,0.0,0.0,23.089107554078367,0.0,0.0,6.883975815605616e-10,8.303007508522487e-08,0.0,0.0,0.0,18.48238693265768,112.09784066742861,0.0,0.0
439.0,0,1.1188269029617357,0.0,0.0,0.0,0.0,0.0,0.0,0.0,0.0,0.0,0.0,0.0,23.089088094236555,0.0,0.0,6.546177139157222e-10,7.895576538099587e-08,0.0,0.0,0.0,18.4819645698605,112.09646940374091,0.0,0.0
440.0,0,1.1189155074987078,0.0,0.0,0.0,0.0,0.0,0.0,0.0,0.0,0.0,0.0,0.0,23.089069079427688,0.0,0.0,6.2249543410772e-10,7.50813832277047e-08,0.0,0.0,0.0,18.481549334038625,112.09512297639705,0.0,0.0
441.0,0,1.11900120800168,0.0,0.0,0.0,0.0,0.0,0.0,0.0,0.0,0.0,0.0,0.0,23.089050432614783,0.0,0.0,5.919494038238733e-10,7.139711812283056e-08,0.0,0.0,0.0,18.481141121744784,112.09380091821208,0.0,0.0
442.0,0,1.1190836011907146,0.0,0.0,0.0,0.0,0.0,0.0,0.0,0.0,0.0,0.0,0.0,23.08903208243034,0.0,0.0,5.629022760459369e-10,6.789364096803754e-08,0.0,0.0,0.0,18.48073982982552,112.09250277504445,0.0,0.0
443.0,0,1.1191623235982011,0.0,0.0,0.0,0.0,0.0,0.0,0.0,0.0,0.0,0.0,0.0,23.089013963306606,0.0,0.0,5.352804991961327e-10,6.456208044653272e-08,0.0,0.0,0.0,18.48034535553934,112.09122810572677,0.0,0.0
444.0,0,1.1192370526278406,0.0,0.0,0.0,0.0,0.0,0.0,0.0,0.0,0.0,0.0,0.0,23.088996015561666,0.0,0.0,5.090141308937942e-10,6.13940005595939e-08,0.0,0.0,0.0,18.479957596670353,112.08997648194023,0.0,0.0
445.0,0,1.119307507254397,0.0,0.0,0.0,0.0,0.0,0.0,0.0,0.0,0.0,0.0,0.0,23.088978185442553,0.0,0.0,4.840366608510226e-10,5.838137926538641e-08,0.0,0.0,0.0,18.479576451636888,112.08874748803541,0.0,0.0
446.0,0,1.1193734483750406,0.0,0.0,0.0,0.0,0.0,0.0,0.0,0.0,0.0,0.0,0.0,23.088960425126846,0.0,0.0,4.6028484245890763e-10,5.551658816597952e-08,0.0,0.0,0.0,18.479201819594635,112.08754072080349,0.0,0.0
447.0,0,1.11943467882524,0.0,0.0,0.0,0.0,0.0,0.0,0.0,0.0,0.0,0.0,0.0,23.08894269268443,0.0,0.0,4.3769853263785867e-10,5.279237319112656e-08,0.0,0.0,0.0,18.47883360053388,112.08635578920126,0.0,0.0
448.0,0,1.1194910430740912,0.0,0.0,0.0,0.0,0.0,0.0,0.0,0.0,0.0,0.0,0.0,23.08892495200145,0.0,0.0,4.162205395465268e-10,5.020183622989766e-08,0.0,0.0,0.0,18.478471695370462,112.08519231403413,0.0,0.0
449.0,0,1.1195424266157228,0.0,0.0,0.0,0.0,0.0,0.0,0.0,0.0,0.0,0.0,0.0,23.088907172668435,0.0,0.0,3.957964777636945e-10,4.773841766365353e-08,0.0,0.0,0.0,18.478116006030206,112.08404992760094,0.0,0.0
450.0,0,1.119588755074957,0.0,0.0,0.0,0.0,0.0,0.0,0.0,0.0,0.0,0.0,0.0,23.088889329835023,0.0,0.0,3.763746305764306e-10,4.5395879756131234e-08,0.0,0.0,0.0,18.477766435526505,112.08292827330487,0.0,0.0
451.0,0,1.1196299930467437,0.0,0.0,0.0,0.0,0.0,0.0,0.0,0.0,0.0,0.0,0.0,23.08887140403367,0.0,0.0,3.579058190258068e-10,4.316829085858329e-08,0.0,0.0,0.0,18.47742288803095,112.08182700523471,0.0,0.0
452.0,0,1.119666142690023,0.0,0.0,0.0,0.0,0.0,0.0,0.0,0.0,0.0,0.0,0.0,23.08885338097493,0.0,0.0,3.403432773785771e-10,4.105001038997508e-08,0.0,0.0,0.0,18.47708526893685,112.08074578772047,0.0,0.0
453.0,0,1.1196972420976006,0.0,0.0,0.0,0.0,0.0,0.0,0.0,0.0,0.0,0.0,0.0,23.088835251316965,0.0,0.0,3.2364253470949815e-10,3.903567455420827e-08,0.0,0.0,0.0,18.476753484915484,112.07968429486786,0.0,0.0
454.0,0,1.1197233634643522,0.0,0.0,0.0,0.0,0.0,0.0,0.0,0.0,0.0,0.0,0.0,23.088817010412054,0.0,0.0,3.0776130229444e-10,3.712018275820437e-08,0.0,0.0,0.0,18.4764274439652,112.07864221007566,0.0,0.0
455.0,0,1.119744611076597,0.0,0.0,0.0,0.0,0.0,0.0,0.0,0.0,0.0,0.0,0.0,23.088798658032882,0.0,0.0,2.9265936652914853e-10,3.5298684696456624e-08,0.0,0.0,0.0,18.476107055453248,112.07761922554013,0.0,0.0
456.0,0,1.1197611191458214,0.0,0.0,0.0,0.0,0.0,0.0,0.0,0.0,0.0,0.0,0.0,23.08878019808145,0.0,0.0,2.7829848710251526e-10,3.356656806934683e-08,0.0,0.0,0.0,18.47579223015055,112.07661504175054,0.0,0.0
457.0,0,1.1197730495100817,0.0,0.0,0.0,0.0,0.0,0.0,0.0,0.0,0.0,0.0,0.0,23.088761638283405,0.0,0.0,2.646423001665143e-10,3.191944690412775e-08,0.0,0.0,0.0,18.47548288025937,112.07562936697974,0.0,0.0
458.0,0,1.119780589226369,0.0,0.0,0.0,0.0,0.0,0.0,0.0,0.0,0.0,0.0,0.0,23.088742989870674,0.0,0.0,2.516562262576183e-10,3.0353150448998416e-08,0.0,0.0,0.0,18.475178919434203,112.07466191677355,0.0,0.0
459.0,0,1.119783948077031,0.0,0.0,0.0,0.0,0.0,0.0,0.0,0.0,0.0,0.0,0.0,23.088724267255117,0.0,0.0,2.393073827365371e-10,2.8863712612150258e-08,0.0,0.0,0.0,18.474880262795992,112.07371241344244,0.0,0.0
460.0,0,1.1197833560129546,0.0,0.0,0.0,0.0,0.0,0.0,0.0,0.0,0.0,0.0,0.0,23.088705487695982,0.0,0.0,2.2756450052456346e-10,2.7447361919042335e-08,0.0,0.0,0.0,18.47458682693991,112.0727805855592,0.0,0.0
461.0,0,1.119779060555699,0.0,0.0,0.0,0.0,0.0,0.0,0.0,0.0,0.0,0.0,0.0,23.08868667096379,0.0,0.0,2.1639784492569068e-10,2.6100511962475937e-08,0.0,0.0,0.0,18.474298529937027,112.07186616746571,0.0,0.0
462.0,0,1.1197713241801,0.0,0.0,0.0,0.0,0.0,0.0,0.0,0.0,0.0,0.0,0.0,23.088667839003232,0.0,0.0,2.0577914033401104e-10,2.4819752321286787e-08,0.0,0.0,0.0,18.474015291330126,112.07096889879165,0.0,0.0
463.0,0,1.1197604216980508,0.0,0.0,0.0,0.0,0.0,0.0,0.0,0.0,0.0,0.0,0.0,23.088649015597557,0.0,0.0,1.9568149863574454e-10,2.360183992465963e-08,0.0,0.0,0.0,18.47373703212401,112.07008852398812,0.0,0.0
464.0,0,1.1197466376632657,0.0,0.0,0.0,0.0,0.0,0.0,0.0,0.0,0.0,0.0,0.0,23.088630226036756,0.0,0.0,1.8607935112460058e-10,2.2443690840198397e-08,0.0,0.0,0.0,18.473463674770656,112.0692247918789,0.0,0.0
465.0,0,1.1197302638157762,0.0,0.0,0.0,0.0,0.0,0.0,0.0,0.0,0.0,0.0,0.0,23.088611496791827,0.0,0.0,1.7694838375807213e-10,2.134237246495815e-08,0.0,0.0,0.0,18.473195143149578,112.06837745523111,0.0,0.0
466.0,0,1.1197115965838051,0.0,0.0,0.0,0.0,0.0,0.0,0.0,0.0,0.0,0.0,0.0,23.08859285519715,0.0,0.0,1.682654755907225e-10,2.029509609966527e-08,0.0,0.0,0.0,18.4729313625438,112.06754627034795,0.0,0.0
467.0,0,1.11969093465944,0.0,0.0,0.0,0.0,0.0,0.0,0.0,0.0,0.0,0.0,0.0,23.08857432914289,0.0,0.0,1.6000864022856847e-10,1.9299209887322907e-08,0.0,0.0,0.0,18.47267225961183,112.06673099668473,0.0,0.0
468.0,0,1.1196685766632544,0.0,0.0,0.0,0.0,0.0,0.0,0.0,0.0,0.0,0.0,0.0,23.08855594677927,0.0,0.0,1.5215697015631345e-10,1.8352192098320997e-08,0.0,0.0,0.0,18.472417762356038,112.06593139649016,0.0,0.0
469.0,0,1.1196448189116825,0.0,0.0,0.0,0.0,0.0,0.0,0.0,0.0,0.0,0.0,0.0,23.088537736234233,0.0,0.0,1.4469058379645977e-10,1.745164474504792e-08,0.0,0.0,0.0,18.472167800087902,112.0651472344741,0.0,0.0
470.00000000000006,0,1.1196199532995725,0.0,0.0,0.0,0.0,0.0,0.0,0.0,0.0,0.0,0.0,0.0,23.088519725345982,0.0,0.0,1.3759057516624502e-10,1.6595287509834977e-08,0.0,0.0,0.0,18.47192230339046,112.06437827750233,0.0,0.0
471.00000000000006,0,1.1195942653089228,0.0,0.0,0.0,0.0,0.0,0.0,0.0,0.0,0.0,0.0,0.0,23.088501941411657,0.0,0.0,1.3083896600492754e-10,1.5780951970858416e-08,0.0,0.0,0.0,18.471681204078457,112.0636242943198,0.0,0.0
472.00000000000006,0,1.1195680321533783,0.0,0.0,0.0,0.0,0.0,0.0,0.0,0.0,0.0,0.0,0.0,23.08848441095322,0.0,0.0,1.2441866025019957e-10,1.5006576111378053e-08,0.0,0.0,0.0,18.471444435156585,112.06288505530236,0.0,0.0
473.00000000000006,0,1.1195415210666035,0.0,0.0,0.0,0.0,0.0,0.0,0.0,0.0,0.0,0.0,0.0,23.08846715950147,0.0,0.0,1.183134007484559e-10,1.4270199098409185e-08,0.0,0.0,0.0,18.471211930776175,112.06216033223748,0.0,0.0
474.00000000000006,0,1.1195149877412143,0.0,0.0,0.0,0.0,0.0,0.0,0.0,0.0,0.0,0.0,0.0,23.08845021139897,0.0,0.0,1.1250772808930216e-10,1.3569956317606562e-08,0.0,0.0,0.0,18.470983626190847,112.06144989813384,0.0,0.0
475.00000000000006,0,1.119488674923514,0.0,0.0,0.0,0.0,0.0,0.0,0.0,0.0,0.0,0.0,0.0,23.088433589622376,0.0,0.0,1.069869414600658e-10,1.290407465178802e-08,0.0,0.0,0.0,18.470759457711377,112.06075352705979,0.0,0.0
476.00000000000006,0,1.1194628111678748,0.0,0.0,0.0,0.0,0.0,0.0,0.0,0.0,0.0,0.0,0.0,23.08841731562462,0.0,0.0,1.0173706142118706e-10,1.2270867991142339e-08,0.0,0.0,0.0,18.470539362660244,112.06007099401008,0.0,0.0
477.00000000000006,0,1.119437609753226,0.0,0.0,0.0,0.0,0.0,0.0,0.0,0.0,0.0,0.0,0.0,23.088401409197232,0.0,0.0,9.674479450823268e-11,1.1668732963752473e-08,0.0,0.0,0.0,18.470323279326198,112.05940207480056,0.0,0.0
478.00000000000006,0,1.1194132677627768,0.0,0.0,0.0,0.0,0.0,0.0,0.0,0.0,0.0,0.0,0.0,23.088385888352732,0.0,0.0,9.199749957089889e-11,1.1096144875623264e-08,0.0,0.0,0.0,18.470111146919162,112.05874654598972,0.0,0.0
479.00000000000006,0,1.1193899653268204,0.0,0.0,0.0,0.0,0.0,0.0,0.0,0.0,0.0,0.0,0.0,23.088370769227197,0.0,0.0,8.748315576376896e-11,1.0551653849933133e-08,0.0,0.0,0.0,18.469902905525817,112.05810418482648,0.0,0.0
480.0,0,1.119367865027232,0.0,0.0,0.0,0.0,0.0,0.0,0.0,0.0,0.0,0.0,0.0,23.0883560660026,0.0,0.0,8.319033210777388e-11,1.0033881155733822e-08,0.0,0.0,0.0,18.46969849606613,112.05747476922278,0.0,0.0
481.0,0,1.1193471114611169,0.0,0.0,0.0,0.0,0.0,0.0,0.0,0.0,0.0,0.0,0.0,23.088341790848766,0.0,0.0,7.91081585452806e-11,9.541515716801904e-09,0.0,0.0,0.0,18.469497860251163,112.05685807775001,0.0,0.0
482.0,0,1.119327830959969,0.0,0.0,0.0,0.0,0.0,0.0,0.0,0.0,0.0,0.0,0.0,23.08832795388426,0.0,0.0,7.522629841551565e-11,9.073310791801935e-09,0.0,0.0,0.0,18.469300940542354,112.05625388965785,0.0,0.0
483.0,0,1.1193101314596825,0.0,0.0,0.0,0.0,0.0,0.0,0.0,0.0,0.0,0.0,0.0,23.08831456315572,0.0,0.0,7.15349222806276e-11,8.628080817354968e-09,0.0,0.0,0.0,18.46910768011253,112.05566198491393,0.0,0.0
484.0,0,1.1192941025158176,0.0,0.0,0.0,0.0,0.0,0.0,0.0,0.0,0.0,0.0,0.0,23.08830162463492,0.0,0.0,6.802468303611207e-11,8.20469840601861e-09,0.0,0.0,0.0,18.468918022808847,112.05508214426277,0.0,0.0
485.0,0,1.1192798154576724,0.0,0.0,0.0,0.0,0.0,0.0,0.0,0.0,0.0,0.0,0.0,23.088289142232668,0.0,0.0,6.468669224257545e-11,7.802091491577044e-09,0.0,0.0,0.0,18.46873191311784,112.05451414930262,0.0,0.0
486.0,0,1.1192673236739412,0.0,0.0,0.0,0.0,0.0,0.0,0.0,0.0,0.0,0.0,0.0,23.08827711782873,0.0,0.0,6.15124976189059e-11,7.419240614412516e-09,0.0,0.0,0.0,18.468549296132732,112.0539577825781,0.0,0.0
487.0,0,1.1192566630220517,0.0,0.0,0.0,0.0,0.0,0.0,0.0,0.0,0.0,0.0,0.0,23.088265551316713,0.0,0.0,5.849406163986063e-11,7.055176340084406e-09,0.0,0.0,0.0,18.46837011752311,112.05341282768711,0.0,0.0
488.0,0,1.1192478523526956,0.0,0.0,0.0,0.0,0.0,0.0,0.0,0.0,0.0,0.0,0.0,23.08825444066294,0.0,0.0,5.562374118387609e-11,6.708976804579374e-09,0.0,0.0,0.0,18.468194323507127,112.05287906940032,0.0,0.0
489.0,0,1.1192408941405507,0.0,0.0,0.0,0.0,0.0,0.0,0.0,0.0,0.0,0.0,0.0,23.088243781978136,0.0,0.0,5.2894268179565666e-11,6.379765380016792e-09,0.0,0.0,0.0,18.46802186082623,112.05235629379106,0.0,0.0
490.0,0,1.119235775211793,0.0,0.0,0.0,0.0,0.0,0.0,0.0,0.0,0.0,0.0,0.0,23.088233569600817,0.0,0.0,5.0298731201899544e-11,6.066708454898677e-09,0.0,0.0,0.0,18.467852676722536,112.05184428837441,0.0,0.0
491.0,0,1.1192324675586605,0.0,0.0,0.0,0.0,0.0,0.0,0.0,0.0,0.0,0.0,0.0,23.088223796191166,0.0,0.0,4.78305579714652e-11,5.769013323283407e-09,0.0,0.0,0.0,18.467686718918834,112.05134284225323,0.0,0.0
492.0,0,1.119230929231113,0.0,0.0,0.0,0.0,0.0,0.0,0.0,0.0,0.0,0.0,0.0,23.088214452834237,0.0,0.0,4.5483498712494273e-11,5.4859261775382785e-09,0.0,0.0,0.0,18.467523935601243,112.05085174626933,0.0,0.0
493.0,0,1.1192311052954629,0.0,0.0,0.0,0.0,0.0,0.0,0.0,0.0,0.0,0.0,0.0,23.08820552915116,0.0,0.0,4.3251610327515816e-11,5.216730199588289e-09,0.0,0.0,0.0,18.46736427540452,112.05037079315876,0.0,0.0
494.0,0,1.1192329288497993,0.0,0.0,0.0,0.0,0.0,0.0,0.0,0.0,0.0,0.0,0.0,23.08819701341723,0.0,0.0,4.11292413485639e-11,4.960743745827881e-09,0.0,0.0,0.0,18.467207687399977,112.04989977770848,0.0,0.0
495.0,0,1.1192363220860329,0.0,0.0,0.0,0.0,0.0,0.0,0.0,0.0,0.0,0.0,0.0,23.088188892685555,0.0,0.0,3.911101762683382e-11,4.717318621099595e-09,0.0,0.0,0.0,18.467054121085898,112.04943849691375,0.0,0.0
496.0,0,1.119241197388484,0.0,0.0,0.0,0.0,0.0,0.0,0.0,0.0,0.0,0.0,0.0,23.088181152915112,0.0,0.0,3.71918287245509e-11,4.4858384373690805e-09,0.0,0.0,0.0,18.4669035263805,112.04898675013428,0.0,0.0
497.0,0,1.1192474584590872,0.0,0.0,0.0,0.0,0.0,0.0,0.0,0.0,0.0,0.0,0.0,23.08817377910199,0.0,0.0,3.536681497459434e-11,4.265717052940409e-09,0.0,0.0,0.0,18.466755853617208,112.04854433924761,0.0,0.0
498.0,0,1.1192550014595313,0.0,0.0,0.0,0.0,0.0,0.0,0.0,0.0,0.0,0.0,0.0,23.088166755412637,0.0,0.0,3.3631355175108945e-11,4.056397088259526e-09,0.0,0.0,0.0,18.46661105354229,112.04811106879853,0.0,0.0
499.0,0,1.1192637161609287,0.0,0.0,0.0,0.0,0.0,0.0,0.0,0.0,0.0,0.0,0.0,23.088160065318036,0.0,0.0,3.198105488794587e-11,3.857348514547673e-09,0.0,0.0,0.0,18.466469077314557,112.04768674614327,0.0,0.0
500.0,0,1.1192734870919727,0.0,0.0,0.0,0.0,0.0,0.0,0.0,0.0,0.0,0.0,0.0,23.08815369172773,0.0,0.0,3.041173531130218e-11,3.6680673116909565e-09,0.0,0.0,0.0,18.466329876507167,112.04727118158715,0.0,0.0
501.0,0,1.119284194676937,0.0,0.0,0.0,0.0,0.0,0.0,0.0,0.0,0.0,0.0,0.0,23.08814761712255,0.0,0.0,2.891942269838331e-11,3.4880741919876714e-09,0.0,0.0,0.0,18.466193403111305,112.04686418851466,0.0,0.0
502.0,0,1.119295716355327,0.0,0.0,0.0,0.0,0.0,0.0,0.0,0.0,0.0,0.0,0.0,23.088141823685245,0.0,0.0,2.750033829529464e-11,3.316913386521713e-09,0.0,0.0,0.0,18.466059609541563,112.04646558351106,0.0,0.0
503.0,0,1.1193079276754858,0.0,0.0,0.0,0.0,0.0,0.0,0.0,0.0,0.0,0.0,0.0,23.088136293427965,0.0,0.0,2.615088877268379e-11,3.1541514910889896e-09,0.0,0.0,0.0,18.46592844864294,112.04607518647457,0.0,0.0
504.0,0,1.1193207033549863,0.0,0.0,0.0,0.0,0.0,0.0,0.0,0.0,0.0,0.0,0.0,23.088131008315813,0.0,0.0,2.4867657126904888e-11,2.999376368754564e-09,0.0,0.0,0.0,18.46579987369925,112.04569282071839,0.0,0.0
505.0,0,1.1193339183012105,0.0,0.0,0.0,0.0,0.0,0.0,0.0,0.0,0.0,0.0,0.0,23.088125950385656,0.0,0.0,2.3647394027665355e-11,2.8521961062616246e-09,0.0,0.0,0.0,18.46567383844275,112.04531831306203,0.0,0.0
506.0,0,1.1193474485860906,0.0,0.0,0.0,0.0,0.0,0.0,0.0,0.0,0.0,0.0,0.0,23.08812110185952,0.0,0.0,2.248700959024613e-11,2.7122380216497774e-09,0.0,0.0,0.0,18.46555029706488,112.04495149391124,0.0,0.0
507.0,0,1.119361172369608,0.0,0.0,0.0,0.0,0.0,0.0,0.0,0.0,0.0,0.0,0.0,23.088116445251863,0.0,0.0,2.1383565551461515e-11,2.5791477205697896e-09,0.0,0.0,0.0,18.465429204227892,112.04459219732648,0.0,0.0
508.0,0,1.1193749707672602,0.0,0.0,0.0,0.0,0.0,0.0,0.0,0.0,0.0,0.0,0.0,23.08811196347025,0.0,0.0,2.033426782954677e-11,2.452588198905241e-09,0.0,0.0,0.0,18.465310515077217,112.04424026107891,0.0,0.0
509.0,0,1.119388728657339,0.0,0.0,0.0,0.0,0.0,0.0,0.0,0.0,0.0,0.0,0.0,23.08810763990888,0.0,0.0,1.9336459449134295e-11,2.33223898942879e-09,0.0,0.0,0.0,18.46519418525438,112.0438955266946,0.0,0.0
510.0,0,1.1194023354244964,0.0,0.0,0.0,0.0,0.0,0.0,0.0,0.0,0.0,0.0,0.0,23.08810345853462,0.0,0.0,1.838761381340323e-11,2.2177953503322633e-09,0.0,0.0,0.0,18.465080170910323,112.04355783948637,0.0,0.0
511.0,0,1.1194156856367155,0.0,0.0,0.0,0.0,0.0,0.0,0.0,0.0,0.0,0.0,0.0,23.08809940396508,0.0,0.0,1.748532830636657e-11,2.108967493575807e-09,0.0,0.0,0.0,18.464968428718937,112.04322704857304,0.0,0.0
512.0,0,1.1194286796534205,0.0,0.0,0.0,0.0,0.0,0.0,0.0,0.0,0.0,0.0,0.0,23.08809546153869,0.0,0.0,1.6627318209095967e-11,2.005479851102164e-09,0.0,0.0,0.0,18.464858915890698,112.04290300688692,0.0,0.0
513.0,0,1.1194412241630942,0.0,0.0,0.0,0.0,0.0,0.0,0.0,0.0,0.0,0.0,0.0,23.08809161737636,0.0,0.0,1.5811410914479075e-11,1.907070377058038e-09,0.0,0.0,0.0,18.46475159018617,112.04258557116901,0.0,0.0
514.0,0,1.1194532326493578,0.0,0.0,0.0,0.0,0.0,0.0,0.0,0.0,0.0,0.0,0.0,23.08808785843476,0.0,0.0,1.503554042586045e-11,1.8134898842556428e-09,0.0,0.0,0.0,18.46464640992932,112.04227460195256,0.0,0.0
515.0,0,1.1194646257850678,0.0,0.0,0.0,0.0,0.0,0.0,0.0,0.0,0.0,0.0,0.0,23.08808417255115,0.0,0.0,1.4297742125635717e-11,1.7245014131942848e-09,0.0,0.0,0.0,18.464543334020423,112.04196996353534,0.0,0.0
516.0,0,1.1194753317545445,0.0,0.0,0.0,0.0,0.0,0.0,0.0,0.0,0.0,0.0,0.0,23.08808054847971,0.0,0.0,1.3596147800552328e-11,1.6398796320442352e-09,0.0,0.0,0.0,18.464442321948496,112.04167152394089,0.0,0.0
517.0,0,1.1194852865045803,0.0,0.0,0.0,0.0,0.0,0.0,0.0,0.0,0.0,0.0,0.0,23.088076975919584,0.0,0.0,1.292898091112024e-11,1.5594102660735633e-09,0.0,0.0,0.0,18.46434333380311,112.0413791548695,0.0,0.0
518.0,0,1.1194944339253898,0.0,0.0,0.0,0.0,0.0,0.0,0.0,0.0,0.0,0.0,0.0,23.088073445534665,0.0,0.0,1.2294552093153981e-11,1.482889555073165e-09,0.0,0.0,0.0,18.46424633028544,112.04109273163925,0.0,0.0
519.0,0,1.1195027259631478,0.0,0.0,0.0,0.0,0.0,0.0,0.0,0.0,0.0,0.0,0.0,23.08806994896537,0.0,0.0,1.1691254880055349e-11,1.410123737406097e-09,0.0,0.0,0.0,18.4641512727185,112.04081213311773,0.0,0.0
520.0,0,1.1195101226662016,0.0,0.0,0.0,0.0,0.0,0.0,0.0,0.0,0.0,0.0,0.0,23.088066478832708,0.0,0.0,1.1117561635004911e-11,1.340928559374761e-09,0.0,0.0,0.0,18.464058123056454,112.0405372416453,0.0,0.0
521.0,0,1.1195165921674528,0.0,0.0,0.0,0.0,0.0,0.0,0.0,0.0,0.0,0.0,0.0,23.088063028734858,0.0,0.0,1.0572019682762053e-11,1.2751288086635805e-09,0.0,0.0,0.0,18.463966843892916,112.04026794295056,0.0,0.0
522.0,0,1.11952211060579,0.0,0.0,0.0,0.0,0.0,0.0,0.0,0.0,0.0,0.0,0.0,23.088059593236668,0.0,0.0,1.005324763127872e-11,1.2125578706757801e-09,0.0,0.0,0.0,18.463877398468156,112.04000412605848,0.0,0.0
523.0,0,1.1195266619897775,0.0,0.0,0.0,0.0,0.0,0.0,0.0,0.0,0.0,0.0,0.0,23.08805616785243,0.0,0.0,9.559931873812604e-12,1.1530573066408486e-09,0.0,0.0,0.0,18.463789750675215,112.03974568319217,0.0,0.0
524.0,0,1.119530238007116,0.0,0.0,0.0,0.0,0.0,0.0,0.0,0.0,0.0,0.0,0.0,23.088052749022367,0.0,0.0,9.090823262682682e-12,1.0964764524243872e-09,0.0,0.0,0.0,18.463703865064787,112.03949250966929,0.0,0.0
525.0,0,1.1195328377836335,0.0,0.0,0.0,0.0,0.0,0.0,0.0,0.0,0.0,0.0,0.0,23.088049334083284,0.0,0.0,8.6447339462445e-12,1.0426720370244757e-09,0.0,0.0,0.0,18.46361970684893,112.03924450379334,0.0,0.0
526.0,0,1.1195344675958034,0.0,0.0,0.0,0.0,0.0,0.0,0.0,0.0,0.0,0.0,0.0,23.088045921233853,0.0,0.0,8.220534361075998e-12,9.915078197885334e-10,0.0,0.0,0.0,18.463537241903502,112.03900156674118,0.0,0.0
527.0,0,1.119535140540947,0.0,0.0,0.0,0.0,0.0,0.0,0.0,0.0,0.0,0.0,0.0,23.088042509494997,0.0,0.0,7.817150371757653e-12,9.428542454320502e-10,0.0,0.0,0.0,18.46345643676937,112.0387636024471,0.0,0.0
528.0,0,1.1195348761694357,0.0,0.0,0.0,0.0,0.0,0.0,0.0,0.0,0.0,0.0,0.0,23.088039098665966,0.0,0.0,7.43356055100441e-12,8.965881159856503e-10,0.0,0.0,0.0,18.46337725865232,112.03853051748473,0.0,0.0
529.0,0,1.1195337000832957,0.0,0.0,0.0,0.0,0.0,0.0,0.0,0.0,0.0,0.0,0.0,23.08803568927653,0.0,0.0,7.068793593262364e-12,8.525922788398065e-10,0.0,0.0,0.0,18.463299675421744,112.03830222094709,0.0,0.0
530.0,0,1.1195316435056886,0.0,0.0,0.0,0.0,0.0,0.0,0.0,0.0,0.0,0.0,0.0,23.088032282535895,0.0,0.0,6.721925855220949e-12,8.107553300972913e-10,0.0,0.0,0.0,18.463223655608072,112.03807862432573,0.0,0.0
531.0,0,1.1195287428257708,0.0,0.0,0.0,0.0,0.0,0.0,0.0,0.0,0.0,0.0,0.0,23.08802888027884,0.0,0.0,6.392079017012945e-12,7.709713324822079e-10,0.0,0.0,0.0,18.46314916839897,112.03785964138993,0.0,0.0
532.0,0,1.119525039123422,0.0,0.0,0.0,0.0,0.0,0.0,0.0,0.0,0.0,0.0,0.0,23.08802548490958,0.0,0.0,6.078417858180044e-12,7.331395470913068e-10,0.0,0.0,0.0,18.463076183634385,112.03764518806616,0.0,0.0
533.0,0,1.1195205776782975,0.0,0.0,0.0,0.0,0.0,0.0,0.0,0.0,0.0,0.0,0.0,23.088022099343924,0.0,0.0,5.780148142772443e-12,6.971641783083427e-10,0.0,0.0,0.0,18.463004671800412,112.03743518231904,0.0,0.0
534.0,0,1.1195154074675793,0.0,0.0,0.0,0.0,0.0,0.0,0.0,0.0,0.0,0.0,0.0,23.088018726950253,0.0,0.0,5.496514608227203e-12,6.629541312355564e-10,0.0,0.0,0.0,18.462934604022067,112.03722954403393,0.0,0.0
535.0,0,1.119509580656705,0.0,0.0,0.0,0.0,0.0,0.0,0.0,0.0,0.0,0.0,0.0,23.08801537148972,0.0,0.0,5.22679905293293e-12,6.304227810280652e-10,0.0,0.0,0.0,18.46286595205502,112.03702819490218,0.0,0.0
536.0,0,1.1195031520872178,0.0,0.0,0.0,0.0,0.0,0.0,0.0,0.0,0.0,0.0,0.0,23.088012037056323,0.0,0.0,4.970318517638205e-12,5.994877535470801e-10,0.0,0.0,0.0,18.46279868827635,112.03683105830916,0.0,0.0
537.0,0,1.1194961787657303,0.0,0.0,0.0,0.0,0.0,0.0,0.0,0.0,0.0,0.0,0.0,23.088008728017105,0.0,0.0,4.726423556098828e-12,5.700707167765333e-10,0.0,0.0,0.0,18.462732785674348,112.03663805922622,0.0,0.0
538.0,0,1.1194887193578085,0.0,0.0,0.0,0.0,0.0,0.0,0.0,0.0,0.0,0.0,0.0,23.08800544895315,0.0,0.0,4.494496590584898e-12,5.42097182474952e-10,0.0,0.0,0.0,18.46266821783746,112.03644912410627,0.0,0.0
539.0,0,1.1194808336903868,0.0,0.0,0.0,0.0,0.0,0.0,0.0,0.0,0.0,0.0,0.0,23.088002204601622,0.0,0.0,4.273950348083633e-12,5.15496317560331e-10,0.0,0.0,0.0,18.4626049589425,112.03626418078406,0.0,0.0
540.0,0,1.1194725822661045,0.0,0.0,0.0,0.0,0.0,0.0,0.0,0.0,0.0,0.0,0.0,23.087998999799307,0.0,0.0,4.064226373238175e-12,4.902007647504055e-10,0.0,0.0,0.0,18.46254298374209,112.03608315838116,0.0,0.0
541.0,0,1.1194640257927169,0.0,0.0,0.0,0.0,0.0,0.0,0.0,0.0,0.0,0.0,0.0,23.08799583942803,0.0,0.0,3.864793614256913e-12,4.661464720041562e-10,0.0,0.0,0.0,18.46248226755152,112.03590598721613,0.0,0.0
542.0,0,1.1194552247304896,0.0,0.0,0.0,0.0,0.0,0.0,0.0,0.0,0.0,0.0,0.0,23.087992728362273,0.0,0.0,3.675147078212635e-12,4.4327253033266894e-10,0.0,0.0,0.0,18.462422786235013,112.03573259872005,0.0,0.0
543.0,0,1.1194462388602184,0.0,0.0,0.0,0.0,0.0,0.0,0.0,0.0,0.0,0.0,0.0,23.087989671419283,0.0,0.0,3.4948065523265494e-12,4.215210195686624e-10,0.0,0.0,0.0,18.462364516191577,112.03556292535777,0.0,0.0
544.0,0,1.119437126874257,0.0,0.0,0.0,0.0,0.0,0.0,0.0,0.0,0.0,0.0,0.0,23.08798667331196,0.0,0.0,3.3233153879992635e-12,4.0083686170415e-10,0.0,0.0,0.0,18.462307434340403,112.0353969005549,0.0,0.0
545.0,0,1.1194279459926473,0.0,0.0,0.0,0.0,0.0,0.0,0.0,0.0,0.0,0.0,0.0,23.087983738604724,0.0,0.0,3.16023934450971e-12,3.811676814248642e-10,0.0,0.0,0.0,18.46225151810601,112.03523445863081,0.0,0.0
546.0,0,1.119418751606183,0.0,0.0,0.0,0.0,0.0,0.0,0.0,0.0,0.0,0.0,0.0,23.087980871672656,0.0,0.0,3.0051654894541048e-12,3.624636734882973e-10,0.0,0.0,0.0,18.46219674540314,112.03507553473753,0.0,0.0
547.0,0,1.1194095969479432,0.0,0.0,0.0,0.0,0.0,0.0,0.0,0.0,0.0,0.0,0.0,23.087978076663997,0.0,0.0,2.857701153140675e-12,3.446774766095393e-10,0.0,0.0,0.0,18.462143094621496,112.03492006480496,0.0,0.0
548.0,0,1.1194005327945575,0.0,0.0,0.0,0.0,0.0,0.0,0.0,0.0,0.0,0.0,0.0,23.087975357466135,0.0,0.0,2.717472934292546e-12,3.2776405353557525e-10,0.0,0.0,0.0,18.46209054461043,112.03476798549173,0.0,0.0
549.0,0,1.1193916071981904,0.0,0.0,0.0,0.0,0.0,0.0,0.0,0.0,0.0,0.0,0.0,23.087972717675292,0.0,0.0,2.5841257545410727e-12,3.116805770043699e-10,0.0,0.0,0.0,18.462039074663622,112.03461923414244,0.0,0.0
550.0,0,1.1193828652499507,0.0,0.0,0.0,0.0,0.0,0.0,0.0,0.0,0.0,0.0,0.0,23.087970160569892,0.0,0.0,2.4573219593154518e-12,2.963863212999742e-10,0.0,0.0,0.0,18.46198866450383,112.03447374875066,0.0,0.0
551.0,0,1.1193743488751715,0.0,0.0,0.0,0.0,0.0,0.0,0.0,0.0,0.0,0.0,0.0,23.08796768908766,0.0,0.0,2.3367404628519418e-12,2.818425591290532e-10,0.0,0.0,0.0,18.461939294267797,112.0343314679275,0.0,0.0
552.0,0,1.119366096660747,0.0,0.0,0.0,0.0,0.0,0.0,0.0,0.0,0.0,0.0,0.0,23.087965305806495,0.0,0.0,2.22207593515773e-12,2.680124635577127e-10,0.0,0.0,0.0,18.46189094449136,112.03419233087608,0.0,0.0
553.0,0,1.1193581437144582,0.0,0.0,0.0,0.0,0.0,0.0,0.0,0.0,0.0,0.0,0.0,23.08796301292912,0.0,0.0,2.113038028870711e-12,2.548610147603139e-10,0.0,0.0,0.0,18.4618435960948,112.03405627737119,0.0,0.0
554.0,0,1.1193505215559896,0.0,0.0,0.0,0.0,0.0,0.0,0.0,0.0,0.0,0.0,0.0,23.087960812271376,0.0,0.0,2.009350644057484e-12,2.4235491134415097e-10,0.0,0.0,0.0,18.461797230368592,112.03392324774423,0.0,0.0
555.0,0,1.1193432580391052,0.0,0.0,0.0,0.0,0.0,0.0,0.0,0.0,0.0,0.0,0.0,23.08795870525421,0.0,0.0,1.9107512290879193e-12,2.3046248602545157e-10,0.0,0.0,0.0,18.461751828959464,112.03379318287298,0.0,0.0
556.0,0,1.1193363773042466,0.0,0.0,0.0,0.0,0.0,0.0,0.0,0.0,0.0,0.0,0.0,23.087956692899123,0.0,0.0,1.8169901158160158e-12,2.1915362544318135e-10,0.0,0.0,0.0,18.461707373856903,112.03366602417606,0.0,0.0
557.0,0,1.119329899760621,0.0,0.0,0.0,0.0,0.0,0.0,0.0,0.0,0.0,0.0,0.0,23.087954775827146,0.0,0.0,1.7278298873836233e-12,2.0839969390760676e-10,0.0,0.0,0.0,18.46166384738014,112.03354171361173,0.0,0.0
558.0,0,1.119323842096653,0.0,0.0,0.0,0.0,0.0,0.0,0.0,0.0,0.0,0.0,0.0,23.087952954260953,0.0,0.0,1.6430447770462162e-12,1.981734608905393e-10,0.0,0.0,0.0,18.461621232165626,112.03342019368054,0.0,0.0
559.0,0,1.1193182173175247,0.0,0.0,0.0,0.0,0.0,0.0,0.0,0.0,0.0,0.0,0.0,23.087951228030242,0.0,0.0,1.562420096498463e-12,1.8844903207365324e-10,0.0,0.0,0.0,18.46157951115509,112.03330140743196,0.0,0.0
560.0,0,1.1193130348083695,0.0,0.0,0.0,0.0,0.0,0.0,0.0,0.0,0.0,0.0,0.0,23.08794959657996,0.0,0.0,1.485751692252025e-12,1.7920178378028298e-10,0.0,0.0,0.0,18.461538667584108,112.03318529847407,0.0,0.0
561.0,0,1.1193083004215572,0.0,0.0,0.0,0.0,0.0,0.0,0.0,0.0,0.0,0.0,0.0,23.08794805898132,0.0,0.0,1.412845428689049e-12,1.704083006246706e-10,0.0,0.0,0.0,18.461498684971296,112.03307181098637,0.0,0.0
562.0,0,1.119304016586394,0.0,0.0,0.0,0.0,0.0,0.0,0.0,0.0,0.0,0.0,0.0,23.087946613945384,0.0,0.0,1.3435166964823777e-12,1.6204631622078298e-10,0.0,0.0,0.0,18.461459547108106,112.0329608897352,0.0,0.0
563.0,0,1.1193001824394628,0.0,0.0,0.0,0.0,0.0,0.0,0.0,0.0,0.0,0.0,0.0,23.08794525983899,0.0,0.0,1.2775899451377203e-12,1.5409465680056425e-10,0.0,0.0,0.0,18.461421238049258,112.03285248009144,0.0,0.0
564.0,0,1.1192967939737557,0.0,0.0,0.0,0.0,0.0,0.0,0.0,0.0,0.0,0.0,0.0,23.08794399470276,0.0,0.0,1.2148982384741152e-12,1.4653318759885686e-10,0.0,0.0,0.0,18.46138374210378,112.03274652805004,0.0,0.0
565.0000000000001,0,1.1192938442046771,0.0,0.0,0.0,0.0,0.0,0.0,0.0,0.0,0.0,0.0,0.0,23.08794281627106,0.0,0.0,1.1552828319170924e-12,1.3934276186923025e-10,0.0,0.0,0.0,18.461347043826702,112.03264298025121,0.0,0.0
566.0000000000001,0,1.1192913233509678,0.0,0.0,0.0,0.0,0.0,0.0,0.0,0.0,0.0,0.0,0.0,23.087941721993595,0.0,0.0,1.0985927705341828e-12,1.3250517240161691e-10,0.0,0.0,0.0,18.461311128011367,112.03254178400269,0.0,0.0
567.0000000000001,0,1.119289219028557,0.0,0.0,0.0,0.0,0.0,0.0,0.0,0.0,0.0,0.0,0.0,23.087940709058397,0.0,0.0,1.0446845067949423e-12,1.2600310541899276e-10,0.0,0.0,0.0,18.461275979682394,112.03244288730315,0.0,0.0
568.0000000000001,0,1.1192875164553464,0.0,0.0,0.0,0.0,0.0,0.0,0.0,0.0,0.0,0.0,0.0,23.08793977441605,0.0,0.0,9.934215370875989e-13,1.1982009673636004e-10,0.0,0.0,0.0,18.461241584089244,112.03234623886568,0.0,0.0
569.0000000000001,0,1.1192861986649316,0.0,0.0,0.0,0.0,0.0,0.0,0.0,0.0,0.0,0.0,0.0,23.08793891480485,0.0,0.0,9.446740560719354e-13,1.1394049007102193e-10,0.0,0.0,0.0,18.461207926700396,112.03225178814195,0.0,0.0
570.0000000000001,0,1.1192852467272851,0.0,0.0,0.0,0.0,0.0,0.0,0.0,0.0,0.0,0.0,0.0,23.08793812677669,0.0,0.0,8.983186279931747e-13,1.0834939739858398e-10,0.0,0.0,0.0,18.461174993198117,112.03215948534591,0.0,0.0
571.0000000000001,0,1.119284639974456,0.0,0.0,0.0,0.0,0.0,0.0,0.0,0.0,0.0,0.0,0.0,23.087937406723405,0.0,0.0,8.542378741245853e-13,1.0303266125429774e-10,0.0,0.0,0.0,18.461142769473796,112.03206928147736,0.0,0.0
572.0000000000001,0,1.1192843562293897,0.0,0.0,0.0,0.0,0.0,0.0,0.0,0.0,0.0,0.0,0.0,23.08793675090346,0.0,0.0,8.123201755473732e-13,9.797681888428855e-11,0.0,0.0,0.0,18.461111241623847,112.03198112834468,0.0,0.0
573.0000000000001,0,1.1192843720360244,0.0,0.0,0.0,0.0,0.0,0.0,0.0,0.0,0.0,0.0,0.0,23.087936155468615,0.0,0.0,7.724593905152443e-13,9.316906815589278e-11,0.0,0.0,0.0,18.461080395946112,112.03189497858675,0.0,0.0
574.0000000000001,0,1.1192846628889022,0.0,0.0,0.0,0.0,0.0,0.0,0.0,0.0,0.0,0.0,0.0,23.087935616490494,0.0,0.0,7.345545856879735e-13,8.859723514078477e-11,0.0,0.0,0.0,18.46105021893678,112.03181078569372,0.0,0.0
575.0000000000001,0,1.1192852034605933,0.0,0.0,0.0,0.0,0.0,0.0,0.0,0.0,0.0,0.0,0.0,23.08793512998681,0.0,0.0,6.985097805534182e-13,8.424974328880892e-11,0.0,0.0,0.0,18.461020697287754,112.03172850402635,0.0,0.0
576.0000000000001,0,1.11928596782534,0.0,0.0,0.0,0.0,0.0,0.0,0.0,0.0,0.0,0.0,0.0,23.087934691947005,0.0,0.0,6.64233704390817e-13,8.01155841144608e-11,0.0,0.0,0.0,18.460991817884462,112.03164808883386,0.0,0.0
577.0,0,1.119286929677409,0.0,0.0,0.0,0.0,0.0,0.0,0.0,0.0,0.0,0.0,0.0,23.087934298357254,0.0,0.0,6.316395651599701e-13,7.618428932179105e-11,0.0,0.0,0.0,18.460963567804068,112.03156949627004,0.0,0.0
578.0,0,1.1192880625427615,0.0,0.0,0.0,0.0,0.0,0.0,0.0,0.0,0.0,0.0,0.0,23.087933945224577,0.0,0.0,6.006448297310941e-13,7.244590429714836e-11,0.0,0.0,0.0,18.460935934314048,112.03149268340735,0.0,0.0
579.0,0,1.1192893399827382,0.0,0.0,0.0,0.0,0.0,0.0,0.0,0.0,0.0,0.0,0.0,23.087933628599917,0.0,0.0,5.711710148988605e-13,6.889096290264104e-11,0.0,0.0,0.0,18.460908904871122,112.03141760824927,0.0,0.0
580.0,0,1.119290735788594,0.0,0.0,0.0,0.0,0.0,0.0,0.0,0.0,0.0,0.0,0.0,23.08793334460012,0.0,0.0,5.431434886514361e-13,6.55104635064908e-11,0.0,0.0,0.0,18.46088246712045,112.03134422974034,0.0,0.0
581.0,0,1.1192922241658234,0.0,0.0,0.0,0.0,0.0,0.0,0.0,0.0,0.0,0.0,0.0,23.08793308942861,0.0,0.0,5.16491281191309e-13,6.229584618958399e-11,0.0,0.0,0.0,18.46085660889509,112.03127250777408,0.0,0.0
582.0,0,1.119293779907342,0.0,0.0,0.0,0.0,0.0,0.0,0.0,0.0,0.0,0.0,0.0,23.087932859394733,0.0,0.0,4.911469052293765e-13,5.923897107050385e-11,0.0,0.0,0.0,18.46083131821571,112.03120240319859,0.0,0.0
583.0,0,1.119295378554714,0.0,0.0,0.0,0.0,0.0,0.0,0.0,0.0,0.0,0.0,0.0,23.087932650931595,0.0,0.0,4.670461850972543e-13,5.633209769415972e-11,0.0,0.0,0.0,18.460806583290484,112.03113387782001,0.0,0.0
584.0,0,1.1192969965467436,0.0,0.0,0.0,0.0,0.0,0.0,0.0,0.0,0.0,0.0,0.0,23.087932460612436,0.0,0.0,4.44128094245094e-13,5.356786543182212e-11,0.0,0.0,0.0,18.460782392515107,112.03106689440342,0.0,0.0
585.0,0,1.1192986113548617,0.0,0.0,0.0,0.0,0.0,0.0,0.0,0.0,0.0,0.0,0.0,23.087932285165323,0.0,0.0,4.223346007134288e-13,5.093927484293387e-11,0.0,0.0,0.0,18.460758734472993,112.03100141667167,0.0,0.0
586.0,0,1.1193002016048763,0.0,0.0,0.0,0.0,0.0,0.0,0.0,0.0,0.0,0.0,0.0,23.087932121486297,0.0,0.0,4.0161052018776147e-13,4.843966995150236e-11,0.0,0.0,0.0,18.460735597935482,112.03093740930177,0.0,0.0
587.0,0,1.1193017471847624,0.0,0.0,0.0,0.0,0.0,0.0,0.0,0.0,0.0,0.0,0.0,23.087931966650793,0.0,0.0,3.8190337626380485e-13,4.606272139219441e-11,0.0,0.0,0.0,18.460712971862193,112.03087483791899,0.0,0.0
588.0,0,1.1193032293383014,0.0,0.0,0.0,0.0,0.0,0.0,0.0,0.0,0.0,0.0,0.0,23.08793181792337,0.0,0.0,3.631632675695477e-13,4.380241038345716e-11,0.0,0.0,0.0,18.46069084540133,112.0308136690889,0.0,0.0
589.0,0,1.1193046307444743,0.0,0.0,0.0,0.0,0.0,0.0,0.0,0.0,0.0,0.0,0.0,23.087931672765777,0.0,0.0,3.453427414076796e-13,4.165301348708245e-11,0.0,0.0,0.0,18.460669207890014,112.03075387030721,0.0,0.0
590.0,0,1.1193059355826394,0.0,0.0,0.0,0.0,0.0,0.0,0.0,0.0,0.0,0.0,0.0,23.087931528843328,0.0,0.0,3.283966735984173e-13,3.960908811562388e-11,0.0,0.0,0.0,18.46064804885459,112.0306954099874,0.0,0.0
591.0,0,1.1193071295836314,0.0,0.0,0.0,0.0,0.0,0.0,0.0,0.0,0.0,0.0,0.0,23.08793138402958,0.0,0.0,3.122821542184794e-13,3.766545875096893e-11,0.0,0.0,0.0,18.46062735801086,112.03063825744661,0.0,0.0
592.0,0,1.1193082000669996,0.0,0.0,0.0,0.0,0.0,0.0,0.0,0.0,0.0,0.0,0.0,23.087931236409467,0.0,0.0,2.969583789468815e-13,3.581720383916988e-11,0.0,0.0,0.0,18.460607125264247,112.03058238288956,0.0,0.0
593.0,0,1.1193091359647214,0.0,0.0,0.0,0.0,0.0,0.0,0.0,0.0,0.0,0.0,0.0,23.08793108428074,0.0,0.0,2.82386545742425e-13,3.4059643328349064e-11,0.0,0.0,0.0,18.460587340709843,112.03052775739084,0.0,0.0
594.0,0,1.119309927831795,0.0,0.0,0.0,0.0,0.0,0.0,0.0,0.0,0.0,0.0,0.0,23.08793092615394,0.0,0.0,2.6852975659125146e-13,3.2388326818122695e-11,0.0,0.0,0.0,18.460567994632378,112.03047435287539,0.0,0.0
595.0,0,1.1193105678442121,0.0,0.0,0.0,0.0,0.0,0.0,0.0,0.0,0.0,0.0,0.0,23.08793076075092,0.0,0.0,2.553529240756721e-13,3.0799022290535924e-11,0.0,0.0,0.0,18.46054907750597,112.03042214209782,0.0,0.0
596.0,0,1.1193110497848648,0.0,0.0,0.0,0.0,0.0,0.0,0.0,0.0,0.0,0.0,0.0,23.08793058700188,0.0,0.0,2.4282268252769234e-13,2.9287705393974115e-11,0.0,0.0,0.0,18.46053057999381,112.03037109862005,0.0,0.0
597.0,0,1.1193113690180274,0.0,0.0,0.0,0.0,0.0,0.0,0.0,0.0,0.0,0.0,0.0,23.087930404041185,0.0,0.0,2.309073035422583e-13,2.7850549252915745e-11,0.0,0.0,0.0,18.46051249294762,112.03032119678818,0.0,0.0
598.0,0,1.1193115224531003,0.0,0.0,0.0,0.0,0.0,0.0,0.0,0.0,0.0,0.0,0.0,23.087930211201893,0.0,0.0,2.1957661563629268e-13,2.6483914777723577e-11,0.0,0.0,0.0,18.460494807406953,112.0302724117079,0.0,0.0
599.0,0,1.1193115084983525,0.0,0.0,0.0,0.0,0.0,0.0,0.0,0.0,0.0,0.0,0.0,23.087930008009113,0.0,0.0,2.0880192785008463e-13,2.5184341449937268e-11,0.0,0.0,0.0,18.460477514598306,112.0302247192194,0.0,0.0
600.0,0,1.1193113270054518,0.0,0.0,0.0,0.0,0.0,0.0,0.0,0.0,0.0,0.0,0.0,23.087929794172396,0.0,0.0,1.9855595709758182e-13,2.3948538559734223e-11,0.0,0.0,0.0,18.460460605934028,112.03017809587136,0.0,0.0
601.0,0,1.1193109792055949,0.0,0.0,0.0,0.0,0.0,0.0,0.0,0.0,0.0,0.0,0.0,23.087929569577096,0.0,0.0,1.8881275908162443e-13,2.2773376873370882e-11,0.0,0.0,0.0,18.46044407301105,112.03013251889438,0.0,0.0
602.0,0,1.1193104676380892,0.0,0.0,0.0,0.0,0.0,0.0,0.0,0.0,0.0,0.0,0.0,23.087929334274925,0.0,0.0,1.7954766259918838e-13,2.1655880709504948e-11,0.0,0.0,0.0,18.460427907609404,112.03008796617411,0.0,0.0
603.0,0,1.1193097960722436,0.0,0.0,0.0,0.0,0.0,0.0,0.0,0.0,0.0,0.0,0.0,23.087929088473757,0.0,0.0,1.707372070702895e-13,2.0593220404334844e-11,0.0,0.0,0.0,18.460412101690537,112.03004441622411,0.0,0.0
604.0,0,1.119308969423458,0.0,0.0,0.0,0.0,0.0,0.0,0.0,0.0,0.0,0.0,0.0,23.087928832526806,0.0,0.0,1.62359083132362e-13,1.9582705146476926e-11,0.0,0.0,0.0,18.460396647395427,112.03000184815849,0.0,0.0
605.0,0,1.119307993664382,0.0,0.0,0.0,0.0,0.0,0.0,0.0,0.0,0.0,0.0,0.0,23.087928566921228,0.0,0.0,1.5439207614968835e-13,1.8621776163437335e-11,0.0,0.0,0.0,18.4603815370425,112.02996024166457,0.0,0.0
606.0,0,1.1193068757320352,0.0,0.0,0.0,0.0,0.0,0.0,0.0,0.0,0.0,0.0,0.0,23.08792829226637,0.0,0.0,1.4681601249483713e-13,1.770800024242562e-11,0.0,0.0,0.0,18.46036676312537,112.02991957697597,0.0,0.0
607.0,0,1.1193056234317564,0.0,0.0,0.0,0.0,0.0,0.0,0.0,0.0,0.0,0.0,0.0,23.087928009281597,0.0,0.0,1.396117084660869e-13,1.6839063569103944e-11,0.0,0.0,0.0,18.460352318310377,112.0298798348457,0.0,0.0
608.0,0,1.119304245338849,0.0,0.0,0.0,0.0,0.0,0.0,0.0,0.0,0.0,0.0,0.0,23.087927718784034,0.0,0.0,1.3276092171148608e-13,1.6012765868670598e-11,0.0,0.0,0.0,18.460338195433945,112.02984099651988,0.0,0.0
609.0,0,1.1193027506987512,0.0,0.0,0.0,0.0,0.0,0.0,0.0,0.0,0.0,0.0,0.0,23.08792742167603,0.0,0.0,1.2624630503654887e-13,1.522701483444226e-11,0.0,0.0,0.0,18.46032438749979,112.0298030437119,0.0,0.0
610.0,0,1.1193011493265583,0.0,0.0,0.0,0.0,0.0,0.0,0.0,0.0,0.0,0.0,0.0,23.087927118932715,0.0,0.0,1.2005136247862029e-13,1.4479820829827336e-11,0.0,0.0,0.0,18.460310887675952,112.02976595857723,0.0,0.0
611.0,0,1.1192994515066705,0.0,0.0,0.0,0.0,0.0,0.0,0.0,0.0,0.0,0.0,0.0,23.087926811589583,0.0,0.0,1.141604075366851e-13,1.3769291850274948e-11,0.0,0.0,0.0,18.460297689291693,112.02972972368906,0.0,0.0
612.0,0,1.1192976678933209,0.0,0.0,0.0,0.0,0.0,0.0,0.0,0.0,0.0,0.0,0.0,23.08792650073019,0.0,0.0,1.0855852345085193e-13,1.3093628732442605e-11,0.0,0.0,0.0,18.46028478583424,112.02969432201479,0.0,0.0
613.0,0,1.1192958094126901,0.0,0.0,0.0,0.0,0.0,0.0,0.0,0.0,0.0,0.0,0.0,23.087926187474185,0.0,0.0,1.032315254309346e-13,1.2451120598451337e-11,0.0,0.0,0.0,18.46027217094543,112.0296597368934,0.0,0.0
614.0,0,1.1192938871672782,0.0,0.0,0.0,0.0,0.0,0.0,0.0,0.0,0.0,0.0,0.0,23.087925872965535,0.0,0.0,9.816592473848787e-14,1.184014052369258e-11,0.0,0.0,0.0,18.460259838418242,112.02962595201369,0.0,0.0
615.0,0,1.119291912343148,0.0,0.0,0.0,0.0,0.0,0.0,0.0,0.0,0.0,0.0,0.0,23.08792555836124,0.0,0.0,9.334889453134783e-14,1.1259141417217002e-11,0.0,0.0,0.0,18.460247782193203,112.029592951394,0.0,0.0
616.0,0,1.1192898961206201,0.0,0.0,0.0,0.0,0.0,0.0,0.0,0.0,0.0,0.0,0.0,23.087925244820415,0.0,0.0,8.876823738419079e-14,1.0706652104273854e-11,0.0,0.0,0.0,18.460235996354765,112.02956071936248,0.0,0.0
617.0,0,1.1192878495889358,0.0,0.0,0.0,0.0,0.0,0.0,0.0,0.0,0.0,0.0,0.0,23.087924933493987,0.0,0.0,8.441235440286766e-14,1.018127360108123e-11,0.0,0.0,0.0,18.460224475127575,112.02952924053915,0.0,0.0
618.0,0,1.1192857836653556,0.0,0.0,0.0,0.0,0.0,0.0,0.0,0.0,0.0,0.0,0.0,23.087924625514834,0.0,0.0,8.027021585430667e-14,9.681675572394423e-12,0.0,0.0,0.0,18.460213212872727,112.02949849981852,0.0,0.0
619.0,0,1.1192837090191141,0.0,0.0,0.0,0.0,0.0,0.0,0.0,0.0,0.0,0.0,0.0,23.08792432198861,0.0,0.0,7.633133323761546e-14,9.206592962902445e-12,0.0,0.0,0.0,18.460202204083952,112.0294684823539,0.0,0.0
620.0,0,1.119281636000588,0.0,0.0,0.0,0.0,0.0,0.0,0.0,0.0,0.0,0.0,0.0,23.087924023985234,0.0,0.0,7.258573272566197e-14,8.754822793922857e-12,0.0,0.0,0.0,18.460191443383795,112.02943917354287,0.0,0.0
621.0,0,1.1192795745759827,0.0,0.0,0.0,0.0,0.0,0.0,0.0,0.0,0.0,0.0,0.0,23.087923732531024,0.0,0.0,6.902392990988489e-14,8.32522111728373e-12,0.0,0.0,0.0,18.460180925519808,112.02941055901366,0.0,0.0
622.0,0,1.1192775342677883,0.0,0.0,0.0,0.0,0.0,0.0,0.0,0.0,0.0,0.0,0.0,23.08792344860154,0.0,0.0,6.563690578438327e-14,7.916700118679485e-12,0.0,0.0,0.0,18.46017064536071,112.0293826246133,0.0,0.0
623.0,0,1.1192755241012042,0.0,0.0,0.0,0.0,0.0,0.0,0.0,0.0,0.0,0.0,0.0,23.08792317311523,0.0,0.0,6.241608390847405e-14,7.528225363165908e-12,0.0,0.0,0.0,18.460160597892607,112.02935535639656,0.0,0.0
624.0,0,1.1192735525566706,0.0,0.0,0.0,0.0,0.0,0.0,0.0,0.0,0.0,0.0,0.0,23.0879229069277,0.0,0.0,5.935330868988918e-14,7.158813175819495e-12,0.0,0.0,0.0,18.46015077821523,112.02932874061634,0.0,0.0
625.0,0,1.1192716275286048,0.0,0.0,0.0,0.0,0.0,0.0,0.0,0.0,0.0,0.0,0.0,23.087922650826926,0.0,0.0,5.644082473362274e-14,6.807528150928628e-12,0.0,0.0,0.0,18.460141181538223,112.02930276371504,0.0,0.0
626.0,0,1.119269756290374,0.0,0.0,0.0,0.0,0.0,0.0,0.0,0.0,0.0,0.0,0.0,23.08792240552898,0.0,0.0,5.367125720413597e-14,6.473480783409431e-12,0.0,0.0,0.0,18.46013180317749,112.02927741231738,0.0,0.0
627.0,0,1.1192679454655037,0.0,0.0,0.0,0.0,0.0,0.0,0.0,0.0,0.0,0.0,0.0,23.087922171674766,0.0,0.0,5.1037593151194565e-14,6.155825216448751e-12,0.0,0.0,0.0,18.460122638551606,112.02925267322406,0.0,0.0
628.0,0,1.1192662010050616,0.0,0.0,0.0,0.0,0.0,0.0,0.0,0.0,0.0,0.0,0.0,23.087921949827322,0.0,0.0,4.8533163752052574e-14,5.853757099670931e-12,0.0,0.0,0.0,18.46011368317833,112.02922853340667,0.0,0.0
629.0,0,1.1192645281711207,0.0,0.0,0.0,0.0,0.0,0.0,0.0,0.0,0.0,0.0,0.0,23.087921740469916,0.0,0.0,4.615162742501738e-14,5.566511552404977e-12,0.0,0.0,0.0,18.460104932671193,112.02920498000334,0.0,0.0
630.0,0,1.1192629315261593,0.0,0.0,0.0,0.0,0.0,0.0,0.0,0.0,0.0,0.0,0.0,23.08792154400488,0.0,0.0,4.3886953771636925e-14,5.293361226894766e-12,0.0,0.0,0.0,18.46009638273618,112.02918200031584,0.0,0.0
631.0,0,1.1192614149282212,0.0,0.0,0.0,0.0,0.0,0.0,0.0,0.0,0.0,0.0,0.0,23.0879213607531,0.0,0.0,4.173340830684848e-14,5.033614466548108e-12,0.0,0.0,0.0,18.460088029168546,112.029159581807,0.0,0.0
632.0,0,1.1192599815316178,0.0,0.0,0.0,0.0,0.0,0.0,0.0,0.0,0.0,0.0,0.0,23.087921190954177,0.0,0.0,3.9685537938423374e-14,4.78661355456105e-12,0.0,0.0,0.0,18.46007986784972,112.02913771209944,0.0,0.0
633.0,0,1.1192586337929296,0.0,0.0,0.0,0.0,0.0,0.0,0.0,0.0,0.0,0.0,0.0,23.0879210347672,0.0,0.0,3.773815715893953e-14,4.551733048482686e-12,0.0,0.0,0.0,18.460071894744345,112.02911637897486,0.0,0.0
634.0,0,1.1192573734820246,0.0,0.0,0.0,0.0,0.0,0.0,0.0,0.0,0.0,0.0,0.0,23.087920892272198,0.0,0.0,3.588633491531798e-14,4.328378196503359e-12,0.0,0.0,0.0,18.460064105897427,112.029095570374,0.0,0.0
635.0,0,1.1192562016977976,0.0,0.0,0.0,0.0,0.0,0.0,0.0,0.0,0.0,0.0,0.0,23.087920763472017,0.0,0.0,3.4125382122674895e-14,4.115983431456049e-12,0.0,0.0,0.0,18.46005649743163,112.02907527439736,0.0,0.0
636.0,0,1.1192551188883055,0.0,0.0,0.0,0.0,0.0,0.0,0.0,0.0,0.0,0.0,0.0,23.087920648294855,0.0,0.0,3.245083979087253e-14,3.914010938717556e-12,0.0,0.0,0.0,18.460049065544705,112.0290554793064,0.0,0.0
637.0,0,1.1192541248749484,0.0,0.0,0.0,0.0,0.0,0.0,0.0,0.0,0.0,0.0,0.0,23.087920546597168,0.0,0.0,3.085846773370381e-14,3.721949294383175e-12,0.0,0.0,0.0,18.460041806507043,112.0290361735253,0.0,0.0
638.0,0,1.1192532188803457,0.0,0.0,0.0,0.0,0.0,0.0,0.0,0.0,0.0,0.0,0.0,23.08792045816706,0.0,0.0,2.934423383212036e-14,3.5393121702665404e-12,0.0,0.0,0.0,18.460034716659365,112.02901734564304,0.0,0.0
639.0,0,1.119252399559532,0.0,0.0,0.0,0.0,0.0,0.0,0.0,0.0,0.0,0.0,0.0,23.08792038272807,0.0,0.0,2.79043038243171e-14,3.3656371024454966e-12,0.0,0.0,0.0,18.460027792410564,112.02899898441603,0.0,0.0
640.0,0,1.1192516650340916,0.0,0.0,0.0,0.0,0.0,0.0,0.0,0.0,0.0,0.0,0.0,23.087920319943265,0.0,0.0,2.653503159682033e-14,3.2004843202357763e-12,0.0,0.0,0.0,18.460021030235648,112.02898107877071,0.0,0.0
641.0,0,1.1192510129288513,0.0,0.0,0.0,0.0,0.0,0.0,0.0,0.0,0.0,0.0,0.0,23.087920269419676,0.0,0.0,2.5232949951994907e-14,3.0434356326272807e-12,0.0,0.0,0.0,18.460014426673858,112.02896361780675,0.0,0.0
642.0,0,1.1192504404107342,0.0,0.0,0.0,0.0,0.0,0.0,0.0,0.0,0.0,0.0,0.0,23.08792023071291,0.0,0.0,2.3994761828592476e-14,2.8940933693632522e-12,0.0,0.0,0.0,18.4600079783269,112.02894659080005,0.0,0.0
643.0,0,1.1192499442293973,0.0,0.0,0.0,0.0,0.0,0.0,0.0,0.0,0.0,0.0,0.0,23.08792020333206,0.0,0.0,2.2817331953109983e-14,2.7520793739809956e-12,0.0,0.0,0.0,18.4600016818573,112.02892998720614,0.0,0.0
644.0,0,1.1192495207592603,0.0,0.0,0.0,0.0,0.0,0.0,0.0,0.0,0.0,0.0,0.0,23.087920186744682,0.0,0.0,2.169767890081841e-14,2.6170340462643818e-12,0.0,0.0,0.0,18.4599955339869,112.02891379666332,0.0,0.0
645.0,0,1.119249166042554,0.0,0.0,0.0,0.0,0.0,0.0,0.0,0.0,0.0,0.0,0.0,23.087920180381936,0.0,0.0,2.0632967546359088e-14,2.4886154316834818e-12,0.0,0.0,0.0,18.45998953149546,112.02889800899595,0.0,0.0
646.0,0,1.1192488758330108,0.0,0.0,0.0,0.0,0.0,0.0,0.0,0.0,0.0,0.0,0.0,23.087920183643796,0.0,0.0,1.9620501884791447e-14,2.3664983555156637e-12,0.0,0.0,0.0,18.459983671219405,112.02888261421765,0.0,0.0
647.0,0,1.1192486456398483,0.0,0.0,0.0,0.0,0.0,0.0,0.0,0.0,0.0,0.0,0.0,23.087920195904243,0.0,0.0,1.865771820491405e-14,2.250373599455612e-12,0.0,0.0,0.0,18.459977950050646,112.02886760253432,0.0,0.0
648.0,0,1.1192484707716968,0.0,0.0,0.0,0.0,0.0,0.0,0.0,0.0,0.0,0.0,0.0,23.087920216516487,0.0,0.0,1.7742178597572682e-14,2.139947118629337e-12,0.0,0.0,0.0,18.459972364935542,112.02885296434687,0.0,0.0
649.0,0,1.1192483463801417,0.0,0.0,0.0,0.0,0.0,0.0,0.0,0.0,0.0,0.0,0.0,23.087920244818104,0.0,0.0,1.687156478251763e-14,2.0349392970295235e-12,0.0,0.0,0.0,18.45996691287394,112.02883869025408,0.0,0.0
650.0,0,1.1192482675025681,0.0,0.0,0.0,0.0,0.0,0.0,0.0,0.0,0.0,0.0,0.0,23.0879202801361,0.0,0.0,1.6043672238178932e-14,1.9350842394868897e-12,0.0,0.0,0.0,18.459961590918326,112.0288247710547,0.0,0.0
651.0,0,1.119248229104016,0.0,0.0,0.0,0.0,0.0,0.0,0.0,0.0,0.0,0.0,0.0,23.087920321791835,0.0,0.0,1.5256404619495135e-14,1.8401290983847106e-12,0.0,0.0,0.0,18.45995639617304,112.02881119774969,0.0,0.0
652.0,0,1.1192482261177683,0.0,0.0,0.0,0.0,0.0,0.0,0.0,0.0,0.0,0.0,0.0,23.087920369105788,0.0,0.0,1.450776844966088e-14,1.7498334334116568e-12,0.0,0.0,0.0,18.459951325793618,112.02879796154392,0.0,0.0
653.0,0,1.1192482534844308,0.0,0.0,0.0,0.0,0.0,0.0,0.0,0.0,0.0,0.0,0.0,23.08792042140216,0.0,0.0,1.3795868072351944e-14,1.6639686027317418e-12,0.0,0.0,0.0,18.459946376986142,112.02878505384751,0.0,0.0
654.0,0,1.1192483061892617,0.0,0.0,0.0,0.0,0.0,0.0,0.0,0.0,0.0,0.0,0.0,23.087920478013217,0.0,0.0,1.311890085164605e-14,1.5823171840297405e-12,0.0,0.0,0.0,18.45994154700673,112.02877246627688,0.0,0.0
655.0,0,1.1192483792975525,0.0,0.0,0.0,0.0,0.0,0.0,0.0,0.0,0.0,0.0,0.0,23.087920538283434,0.0,0.0,1.247515260748493e-14,1.5046724239660718e-12,0.0,0.0,0.0,18.459936833161006,112.02876019065533,0.0,0.0
656.0,0,1.1192484679878747,0.0,0.0,0.0,0.0,0.0,0.0,0.0,0.0,0.0,0.0,0.0,23.087920601573373,0.0,0.0,1.1862993275119608e-14,1.4308377146470905e-12,0.0,0.0,0.0,18.459932232803705,112.02874821901332,0.0,0.0
657.0,0,1.119248567583035,0.0,0.0,0.0,0.0,0.0,0.0,0.0,0.0,0.0,0.0,0.0,23.087920667263255,0.0,0.0,1.1280872777547951e-14,1.3606260957851333e-12,0.0,0.0,0.0,18.45992774333826,112.02873654358815,0.0,0.0
658.0,0,1.1192486735786051,0.0,0.0,0.0,0.0,0.0,0.0,0.0,0.0,0.0,0.0,0.0,23.087920734756267,0.0,0.0,1.0727317100492864e-14,1.2938597812877124e-12,0.0,0.0,0.0,18.459923362216447,112.02872515682351,0.0,0.0
659.0,0,1.119248781668912,0.0,0.0,0.0,0.0,0.0,0.0,0.0,0.0,0.0,0.0,0.0,23.087920803481573,0.0,0.0,1.0200924559982476e-14,1.230369709077116e-12,0.0,0.0,0.0,18.459919086938093,112.0287140513683,0.0,0.0
660.0,0,1.1192488877704085,0.0,0.0,0.0,0.0,0.0,0.0,0.0,0.0,0.0,0.0,0.0,23.08792087289697,0.0,0.0,9.700362253081221e-15,1.169995113000491e-12,0.0,0.0,0.0,18.459914915050756,112.02870322007524,0.0,0.0
661.0,0,1.1192489880423562,0.0,0.0,0.0,0.0,0.0,0.0,0.0,0.0,0.0,0.0,0.0,23.08792094249125,0.0,0.0,9.224362682784571e-15,1.1125831157464178e-12,0.0,0.0,0.0,18.459910844149462,112.02869265599895,0.0,0.0
662.0,0,1.1192490789047818,0.0,0.0,0.0,0.0,0.0,0.0,0.0,0.0,0.0,0.0,0.0,23.087921011786264,0.0,0.0,8.771720548531163e-15,1.0579883417371912e-12,0.0,0.0,0.0,18.459906871876427,112.02868235239376,0.0,0.0
663.0,0,1.119249157053693,0.0,0.0,0.0,0.0,0.0,0.0,0.0,0.0,0.0,0.0,0.0,23.08792108033855,0.0,0.0,8.341289694205399e-15,1.006072549016584e-12,0.0,0.0,0.0,18.459902995920828,112.02867230271102,0.0,0.0
664.0,0,1.1192492194735526,0.0,0.0,0.0,0.0,0.0,0.0,0.0,0.0,0.0,0.0,0.0,23.08792114774082,0.0,0.0,7.931980205902477e-15,9.567042792009866e-13,0.0,0.0,0.0,18.459899214018524,112.028662500596,0.0,0.0
665.0,0,1.1192492634470366,0.0,0.0,0.0,0.0,0.0,0.0,0.0,0.0,0.0,0.0,0.0,23.087921213622913,0.0,0.0,7.542755652106888e-15,9.097585246075451e-13,0.0,0.0,0.0,18.45989552395181,112.02865293988461,0.0,0.0
666.0,0,1.119249286562124,0.0,0.0,0.0,0.0,0.0,0.0,0.0,0.0,0.0,0.0,0.0,23.087921277652608,0.0,0.0,7.172630459296171e-15,8.651164117164153e-13,0.0,0.0,0.0,18.459891923549154,112.02864361459962,0.0,0.0
667.0,0,1.1192492867165766,0.0,0.0,0.0,0.0,0.0,0.0,0.0,0.0,0.0,0.0,0.0,23.087921339536024,0.0,0.0,6.820667416324538e-15,8.226649001656183e-13,0.0,0.0,0.0,18.459888410684897,112.02863451894666,0.0,0.0
668.0,0,1.1192492621198875,0.0,0.0,0.0,0.0,0.0,0.0,0.0,0.0,0.0,0.0,0.0,23.087921399017755,0.0,0.0,6.485975301267125e-15,7.822964965163025e-13,0.0,0.0,0.0,18.459884983278986,112.02862564730985,0.0,0.0
669.0,0,1.119249211292793,0.0,0.0,0.0,0.0,0.0,0.0,0.0,0.0,0.0,0.0,0.0,23.08792145588074,0.0,0.0,6.1677066247156724e-15,7.439089820636278e-13,0.0,0.0,0.0,18.459881639296633,112.02861699424722,0.0,0.0
670.0,0,1.1192491330644627,0.0,0.0,0.0,0.0,0.0,0.0,0.0,0.0,0.0,0.0,0.0,23.087921509945794,0.0,0.0,5.8650554838113285e-15,7.074051540040491e-13,0.0,0.0,0.0,18.45987837674799,112.02860855448593,0.0,0.0
671.0,0,1.1192490265674795,0.0,0.0,0.0,0.0,0.0,0.0,0.0,0.0,0.0,0.0,0.0,23.087921561070964,0.0,0.0,5.5772555215807e-15,6.726925793035934e-13,0.0,0.0,0.0,18.459875193687783,112.02860032291716,0.0,0.0
672.0,0,1.1192488912307526,0.0,0.0,0.0,0.0,0.0,0.0,0.0,0.0,0.0,0.0,0.0,23.087921609150598,0.0,0.0,5.303577986407848e-15,6.396833606438938e-13,0.0,0.0,0.0,18.459872088214908,112.02859229459102,0.0,0.0
673.0,0,1.119248726770499,0.0,0.0,0.0,0.0,0.0,0.0,0.0,0.0,0.0,0.0,0.0,23.08792165411417,0.0,0.0,5.0433298867285795e-15,6.082939138533173e-13,0.0,0.0,0.0,18.459869058472012,112.02858446471109,0.0,0.0
674.0,0,1.1192485331794486,0.0,0.0,0.0,0.0,0.0,0.0,0.0,0.0,0.0,0.0,0.0,23.087921695924955,0.0,0.0,4.79585223627439e-15,5.784447562596126e-13,0.0,0.0,0.0,18.459866102645048,112.02857682862893,0.0,0.0
675.0,0,1.1192483107144315,0.0,0.0,0.0,0.0,0.0,0.0,0.0,0.0,0.0,0.0,0.0,23.08792173457845,0.0,0.0,4.560518385422818e-15,5.500603054281535e-13,0.0,0.0,0.0,18.459863218962774,112.02856938183857,0.0,0.0
676.0,0,1.1192480598825088,0.0,0.0,0.0,0.0,0.0,0.0,0.0,0.0,0.0,0.0,0.0,23.087921770100703,0.0,0.0,4.336732434428905e-15,5.230686877761551e-13,0.0,0.0,0.0,18.45986040569624,112.02856211997076,0.0,0.0
677.0,0,1.119247781425815,0.0,0.0,0.0,0.0,0.0,0.0,0.0,0.0,0.0,0.0,0.0,23.087921802546425,0.0,0.0,4.12392772451985e-15,4.974015565782459e-13,0.0,0.0,0.0,18.459857661158235,112.02855503878752,0.0,0.0
678.0,0,1.1192474763052873,0.0,0.0,0.0,0.0,0.0,0.0,0.0,0.0,0.0,0.0,0.0,23.087921831997004,0.0,0.0,3.921565403032076e-15,4.729939189025576e-13,0.0,0.0,0.0,18.459854983702684,112.02854813417618,0.0,0.0
679.0,0,1.1192471456834403,0.0,0.0,0.0,0.0,0.0,0.0,0.0,0.0,0.0,0.0,0.0,23.08792185855844,0.0,0.0,3.729133058957446e-15,4.4978397103911263e-13,0.0,0.0,0.0,18.45985237172406,112.02854140214393,0.0,0.0
680.0,0,1.1192467909063721,0.0,0.0,0.0,0.0,0.0,0.0,0.0,0.0,0.0,0.0,0.0,23.08792188235912,0.0,0.0,3.5461434254436114e-15,4.277129420037863e-13,0.0,0.0,0.0,18.459849823656704,112.02853483881212,0.0,0.0
681.0,0,1.1192464134851583,0.0,0.0,0.0,0.0,0.0,0.0,0.0,0.0,0.0,0.0,0.0,23.087921903547624,0.0,0.0,3.37213314596304e-15,4.067249447215767e-13,0.0,0.0,0.0,18.459847337974168,112.02852844041075,0.0,0.0
682.0,0,1.1192460150768082,0.0,0.0,0.0,0.0,0.0,0.0,0.0,0.0,0.0,0.0,0.0,23.087921922290395,0.0,0.0,3.2066616010264946e-15,3.86766834512352e-13,0.0,0.0,0.0,18.459844913188476,112.02852220327301,0.0,0.0
683.0,0,1.1192455974649451,0.0,0.0,0.0,0.0,0.0,0.0,0.0,0.0,0.0,0.0,0.0,23.08792193876943,0.0,0.0,3.0493097924700113e-15,3.677880745207447e-13,0.0,0.0,0.0,18.45984254784942,112.02851612382999,0.0,0.0
684.0,0,1.1192451625403623,0.0,0.0,0.0,0.0,0.0,0.0,0.0,0.0,0.0,0.0,0.0,23.087921953179972,0.0,0.0,2.8996792824902378e-15,3.4974060774943947e-13,0.0,0.0,0.0,18.459840240543766,112.02851019860549,0.0,0.0
685.0,0,1.119244712281616,0.0,0.0,0.0,0.0,0.0,0.0,0.0,0.0,0.0,0.0,0.0,23.08792196572814,0.0,0.0,2.7573911847416167e-15,3.3257873537182363e-13,0.0,0.0,0.0,18.459837989894485,112.02850442421096,0.0,0.0
686.0,0,1.1192442487357914,0.0,0.0,0.0,0.0,0.0,0.0,0.0,0.0,0.0,0.0,0.0,23.087921976628692,0.0,0.0,2.6220852049407207e-15,3.1625900101587143e-13,0.0,0.0,0.0,18.45983579455994,112.02849879734075,0.0,0.0
687.0,0,1.1192437739995846,0.0,0.0,0.0,0.0,0.0,0.0,0.0,0.0,0.0,0.0,0.0,23.087921986102746,0.0,0.0,2.493418728548405e-15,3.0074008072625173e-13,0.0,0.0,0.0,18.45983365323307,112.0284933147673,0.0,0.0
688.0,0,1.1192432902008282,0.0,0.0,0.0,0.0,0.0,0.0,0.0,0.0,0.0,0.0,0.0,23.08792199437557,0.0,0.0,2.371065953219663e-15,2.859826783260265e-13,0.0,0.0,0.0,18.459831564640513,112.02848797333684,0.0,0.0
689.0,0,1.119242799480581,0.0,0.0,0.0,0.0,0.0,0.0,0.0,0.0,0.0,0.0,0.0,23.0879220016745,0.0,0.0,2.254717063824416e-15,2.7194942591298034e-13,0.0,0.0,0.0,18.459829527541796,112.02848276996508,0.0,0.0
690.0000000000001,0,1.1192423039758894,0.0,0.0,0.0,0.0,0.0,0.0,0.0,0.0,0.0,0.0,0.0,23.08792200822686,0.0,0.0,2.1440774479502727e-15,2.586047892386251e-13,0.0,0.0,0.0,18.459827540728437,112.02847770163321,0.0,0.0
691.0000000000001,0,1.1192418058033284,0.0,0.0,0.0,0.0,0.0,0.0,0.0,0.0,0.0,0.0,0.0,23.087922014258048,0.0,0.0,2.0388669499007914e-15,2.4591497773028263e-13,0.0,0.0,0.0,18.459825603023077,112.02847276538412,0.0,0.0
692.0000000000001,0,1.1192413070434046,0.0,0.0,0.0,0.0,0.0,0.0,0.0,0.0,0.0,0.0,0.0,23.08792201998967,0.0,0.0,1.938819161300263e-15,2.3384785892841076e-13,0.0,0.0,0.0,18.4598237132786,112.02846795831896,0.0,0.0
693.0000000000001,0,1.119240809725907,0.0,0.0,0.0,0.0,0.0,0.0,0.0,0.0,0.0,0.0,0.0,23.08792202563784,0.0,0.0,1.8436807465087228e-15,2.2237287712251398e-13,0.0,0.0,0.0,18.459821870377255,112.02846327759366,0.0,0.0
694.0000000000001,0,1.1192403158162738,0.0,0.0,0.0,0.0,0.0,0.0,0.0,0.0,0.0,0.0,0.0,23.08792203141158,0.0,0.0,1.753210801139044e-15,2.1146097597961343e-13,0.0,0.0,0.0,18.459820073229768,112.02845872041614,0.0,0.0
695.0000000000001,0,1.119239827203035,0.0,0.0,0.0,0.0,0.0,0.0,0.0,0.0,0.0,0.0,0.0,23.087922037511326,0.0,0.0,1.6671802420517737e-15,2.010845249693603e-13,0.0,0.0,0.0,18.45981832077446,112.0284542840433,0.0,0.0
696.0000000000001,0,1.1192393456863772,0.0,0.0,0.0,0.0,0.0,0.0,0.0,0.0,0.0,0.0,0.0,23.087922044127627,0.0,0.0,1.5853712272831101e-15,1.9121724939948987e-13,0.0,0.0,0.0,18.459816611976386,112.02844996577869,0.0,0.0
697.0000000000001,0,1.1192388729678662,0.0,0.0,0.0,0.0,0.0,0.0,0.0,0.0,0.0,0.0,0.0,23.08792205143991,0.0,0.0,1.5075766044371718e-15,1.8183416388445636e-13,0.0,0.0,0.0,18.459814945826448,112.02844576296997,0.0,0.0
698.0000000000001,0,1.119238410641366,0.0,0.0,0.0,0.0,0.0,0.0,0.0,0.0,0.0,0.0,0.0,23.087922059615472,0.0,0.0,1.4335993861458202e-15,1.729115090787805e-13,0.0,0.0,0.0,18.45981332134057,112.02844167300712,0.0,0.0
699.0000000000001,0,1.119237960185156,0.0,0.0,0.0,0.0,0.0,0.0,0.0,0.0,0.0,0.0,0.0,23.087922068808513,0.0,0.0,1.3632522512678216e-15,1.6442669151491052e-13,0.0,0.0,0.0,18.45981173755883,112.0284376933204,0.0,0.0
700.0000000000001,0,1.1192375229552658,0.0,0.0,0.0,0.0,0.0,0.0,0.0,0.0,0.0,0.0,0.0,23.08792207915944,0.0,0.0,1.2963570705643065e-15,1.563582263932563e-13,0.0,0.0,0.0,18.459810193544655,112.02843382137897,0.0,0.0
701.0000000000001,0,1.1192371001800177,0.0,0.0,0.0,0.0,0.0,0.0,0.0,0.0,0.0,0.0,0.0,23.08792209079418,0.0,0.0,1.232744455649474e-15,1.4868568317953298e-13,0.0,0.0,0.0,18.459808688383994,112.02843005468932,0.0,0.0
702.0000000000001,0,1.119236692955773,0.0,0.0,0.0,0.0,0.0,0.0,0.0,0.0,0.0,0.0,0.0,23.08792210382373,0.0,0.0,1.1722533300744123e-15,1.4138963387165884e-13,0.0,0.0,0.0,18.45980722118454,112.02842639079432,0.0,0.0
703.0000000000001,0,1.1192363022438574,0.0,0.0,0.0,0.0,0.0,0.0,0.0,0.0,0.0,0.0,0.0,23.08792211834382,0.0,0.0,1.1147305214579613e-15,1.3445160380521132e-13,0.0,0.0,0.0,18.459805791074967,112.02842282727207,0.0,0.0
704.0,0,1.1192359288686373,0.0,0.0,0.0,0.0,0.0,0.0,0.0,0.0,0.0,0.0,0.0,23.0879221344347,0.0,0.0,1.0600303736318317e-15,1.2785402487287327e-13,0.0,0.0,0.0,18.45980439720418,112.02841936173532,0.0,0.0
705.0,0,1.1192355735167185,0.0,0.0,0.0,0.0,0.0,0.0,0.0,0.0,0.0,0.0,0.0,23.08792215216106,0.0,0.0,1.0080143778178737e-15,1.2158019103941474e-13,0.0,0.0,0.0,18.459803038740596,112.02841599183077,0.0,0.0
706.0,0,1.1192352367372171,0.0,0.0,0.0,0.0,0.0,0.0,0.0,0.0,0.0,0.0,0.0,23.087922171572096,0.0,0.0,9.585508219035835e-16,1.1561421603956734e-13,0.0,0.0,0.0,18.459801714871446,112.0284127152388,0.0,0.0
707.0,0,1.1192349189430568,0.0,0.0,0.0,0.0,0.0,0.0,0.0,0.0,0.0,0.0,0.0,23.087922192701676,0.0,0.0,9.115144569277627e-16,1.0994099315167597e-13,0.0,0.0,0.0,18.45980042480211,112.02840952967306,0.0,0.0
708.0,0,1.1192346204132437,0.0,0.0,0.0,0.0,0.0,0.0,0.0,0.0,0.0,0.0,0.0,23.08792221556862,0.0,0.0,8.667861799318203e-16,1.0454615694526914e-13,0.0,0.0,0.0,18.45979916775549,112.0284064328804,0.0,0.0
709.0,0,1.1192343412960524,0.0,0.0,0.0,0.0,0.0,0.0,0.0,0.0,0.0,0.0,0.0,23.087922240177107,0.0,0.0,8.242527323736567e-16,9.941604690568715e-14,0.0,0.0,0.0,18.459797942971374,112.02840342264096,0.0,0.0
710.0,0,1.1192340816130655,0.0,0.0,0.0,0.0,0.0,0.0,0.0,0.0,0.0,0.0,0.0,23.087922266517165,0.0,0.0,7.838064133404602e-16,9.453767284365999e-14,0.0,0.0,0.0,18.459796749705877,112.02840049676826,0.0,0.0
711.0,0,1.119233841263996,0.0,0.0,0.0,0.0,0.0,0.0,0.0,0.0,0.0,0.0,0.0,23.087922294565224,0.0,0.0,7.453448068342385e-16,8.989868200224747e-14,0.0,0.0,0.0,18.45979558723086,112.02839765310938,0.0,0.0
712.0,0,1.1192336200322224,0.0,0.0,0.0,0.0,0.0,0.0,0.0,0.0,0.0,0.0,0.0,23.087922324284822,0.0,0.0,7.087705224395249e-16,8.54873277778511e-14,0.0,0.0,0.0,18.459794454833435,112.02839488954531,0.0,0.0
713.0,0,1.1192334175909693,0.0,0.0,0.0,0.0,0.0,0.0,0.0,0.0,0.0,0.0,0.0,23.08792235562732,0.0,0.0,6.739909487165969e-16,8.129243997609498e-14,0.0,0.0,0.0,18.459793351815453,112.02839220399134,0.0,0.0
714.0,0,1.1192332335100519,0.0,0.0,0.0,0.0,0.0,0.0,0.0,0.0,0.0,0.0,0.0,23.087922388532704,0.0,0.0,6.409180186957593e-16,7.730339652725923e-14,0.0,0.0,0.0,18.459792277493044,112.02838959439754,0.0,0.0
715.0,0,1.119233067263116,0.0,0.0,0.0,0.0,0.0,0.0,0.0,0.0,0.0,0.0,0.0,23.087922422930443,0.0,0.0,6.0946798687889e-16,7.351009658964516e-14,0.0,0.0,0.0,18.459791231196174,112.02838705874913,0.0,0.0
716.0,0,1.1192329182352931,0.0,0.0,0.0,0.0,0.0,0.0,0.0,0.0,0.0,0.0,0.0,23.087922458740408,0.0,0.0,5.795612171835867e-16,6.990293497276619e-14,0.0,0.0,0.0,18.459790212268242,112.02838459506717,0.0,0.0
717.0,0,1.1192327857311974,0.0,0.0,0.0,0.0,0.0,0.0,0.0,0.0,0.0,0.0,0.0,23.087922495873794,0.0,0.0,5.511219812929514e-16,6.64727778156e-14,0.0,0.0,0.0,18.459789220065694,112.02838220140893,0.0,0.0
718.0,0,1.1192326689831893,0.0,0.0,0.0,0.0,0.0,0.0,0.0,0.0,0.0,0.0,0.0,23.08792253423411,0.0,0.0,5.240782669004136e-16,6.321093945831597e-14,0.0,0.0,0.0,18.459788253957672,112.02837987586861,0.0,0.0
719.0,0,1.1192325671598329,0.0,0.0,0.0,0.0,0.0,0.0,0.0,0.0,0.0,0.0,0.0,23.087922573718153,0.0,0.0,4.983615953640315e-16,6.010916044891365e-14,0.0,0.0,0.0,18.459787313325695,112.0283776165777,0.0,0.0
720.0,0,1.1192324793744723,0.0,0.0,0.0,0.0,0.0,0.0,0.0,0.0,0.0,0.0,0.0,23.087922614217025,0.0,0.0,4.73906848308551e-16,5.715958662908163e-14,0.0,0.0,0.0,18.459786397563327,112.02837542170572,0.0,0.0
721.0,0,1.1192324046938615,0.0,0.0,0.0,0.0,0.0,0.0,0.0,0.0,0.0,0.0,0.0,23.087922655617135,0.0,0.0,4.506521027361517e-16,5.435474924631948e-14,0.0,0.0,0.0,18.459785506075935,112.02837328946052,0.0,0.0
722.0,0,1.119232342146779,0.0,0.0,0.0,0.0,0.0,0.0,0.0,0.0,0.0,0.0,0.0,23.087922697801204,0.0,0.0,4.2853847422835533e-16,5.1687546041963694e-14,0.0,0.0,0.0,18.45978463828041,112.02837121808895,0.0,0.0
723.0,0,1.1192322907325587,0.0,0.0,0.0,0.0,0.0,0.0,0.0,0.0,0.0,0.0,0.0,23.087922740649244,0.0,0.0,4.0750996784206187e-16,4.9151223267229375e-14,0.0,0.0,0.0,18.459783793604938,112.02836920587708,0.0,0.0
724.0,0,1.119232249429485,0.0,0.0,0.0,0.0,0.0,0.0,0.0,0.0,0.0,0.0,0.0,23.08792278403955,0.0,0.0,3.875133363221607e-16,4.6739358581730196e-14,0.0,0.0,0.0,18.45978297148878,112.02836725115083,0.0,0.0
725.0,0,1.1192322172029876,0.0,0.0,0.0,0.0,0.0,0.0,0.0,0.0,0.0,0.0,0.0,23.087922827849624,0.0,0.0,3.684979452716895e-16,4.444584479117276e-14,0.0,0.0,0.0,18.45978217138209,112.02836535227608,0.0,0.0
726.0,0,1.119232193013587,0.0,0.0,0.0,0.0,0.0,0.0,0.0,0.0,0.0,0.0,0.0,23.08792287195712,0.0,0.0,3.504156449381317e-16,4.2264874383047045e-14,0.0,0.0,0.0,18.459781392745732,112.0283635076591,0.0,0.0
727.0,0,1.1192321758245398,0.0,0.0,0.0,0.0,0.0,0.0,0.0,0.0,0.0,0.0,0.0,23.087922916240682,0.0,0.0,3.3322064829119796e-16,4.019092482115497e-14,0.0,0.0,0.0,18.459780635051107,112.02836171574663,0.0,0.0
728.0,0,1.1192321646091399,0.0,0.0,0.0,0.0,0.0,0.0,0.0,0.0,0.0,0.0,0.0,23.087922960580823,0.0,0.0,3.1686941508336605e-16,3.821874456174064e-14,0.0,0.0,0.0,18.459779897780027,112.02835997502606,0.0,0.0
729.0,0,1.1192321583576357,0.0,0.0,0.0,0.0,0.0,0.0,0.0,0.0,0.0,0.0,0.0,23.08792300486067,0.0,0.0,3.0132054159960273e-16,3.634333975581318e-14,0.0,0.0,0.0,18.459779180424565,112.02835828402553,0.0,0.0
730.0,0,1.119232156083727,0.0,0.0,0.0,0.0,0.0,0.0,0.0,0.0,0.0,0.0,0.0,23.087923048966733,0.0,0.0,2.8653465581709956e-16,3.4559961603990324e-14,0.0,0.0,0.0,18.459778482486932,112.0283566413138,0.0,0.0
731.0,0,1.1192321568306134,0.0,0.0,0.0,0.0,0.0,0.0,0.0,0.0,0.0,0.0,0.0,23.087923092789584,0.0,0.0,2.7247431770954954e-16,3.286409433184358e-14,0.0,0.0,0.0,18.459777803479383,112.02835504550023,0.0,0.0
732.0,0,1.1192321596765633,0.0,0.0,0.0,0.0,0.0,0.0,0.0,0.0,0.0,0.0,0.0,23.08792313622446,0.0,0.0,2.5910392444352267e-16,3.125144375529658e-14,0.0,0.0,0.0,18.459777142924104,112.02835349523465,0.0,0.0
733.0,0,1.1192321637399893,0.0,0.0,0.0,0.0,0.0,0.0,0.0,0.0,0.0,0.0,0.0,23.087923179171852,0.0,0.0,2.46389620226882e-16,2.971792640712271e-14,0.0,0.0,0.0,18.45977650035311,112.0283519892069,0.0,0.0
734.0,0,1.1192321681840038,0.0,0.0,0.0,0.0,0.0,0.0,0.0,0.0,0.0,0.0,0.0,23.08792322153802,0.0,0.0,2.342992105809642e-16,2.8259659197008512e-14,0.0,0.0,0.0,18.459775875308175,112.02835052614674,0.0,0.0
735.0,0,1.119232172220454,0.0,0.0,0.0,0.0,0.0,0.0,0.0,0.0,0.0,0.0,0.0,23.08792326323539,0.0,0.0,2.2280208081944855e-16,2.687294957900089e-14,0.0,0.0,0.0,18.459775267340724,112.02834910482323,0.0,0.0
736.0,0,1.119232175113417,0.0,0.0,0.0,0.0,0.0,0.0,0.0,0.0,0.0,0.0,0.0,23.087923304182972,0.0,0.0,2.1186911852749184e-16,2.555428620144044e-14,0.0,0.0,0.0,18.45977467601178,112.02834772404435,0.0,0.0
737.0,0,1.1192321761821622,0.0,0.0,0.0,0.0,0.0,0.0,0.0,0.0,0.0,0.0,0.0,23.087923344306674,0.0,0.0,2.014726398448342e-16,2.430033001570526e-14,0.0,0.0,0.0,18.45977410089186,112.02834638265634,0.0,0.0
738.0,0,1.1192321748035727,0.0,0.0,0.0,0.0,0.0,0.0,0.0,0.0,0.0,0.0,0.0,23.08792338353953,0.0,0.0,1.9158631936621384e-16,2.3107905821251244e-14,0.0,0.0,0.0,18.459773541560924,112.02834507954321,0.0,0.0
739.0,0,1.1192321704140396,0.0,0.0,0.0,0.0,0.0,0.0,0.0,0.0,0.0,0.0,0.0,23.0879234218219,0.0,0.0,1.8218512348158934e-16,2.1973994225539732e-14,0.0,0.0,0.0,18.45977299760829,112.02834381362584,0.0,0.0
740.0,0,1.1192321625108304,0.0,0.0,0.0,0.0,0.0,0.0,0.0,0.0,0.0,0.0,0.0,23.087923459101606,0.0,0.0,1.7324524698737565e-16,2.089572399849377e-14,0.0,0.0,0.0,18.459772468632547,112.02834258386133,0.0,0.0
741.0,0,1.1192321506529463,0.0,0.0,0.0,0.0,0.0,0.0,0.0,0.0,0.0,0.0,0.0,23.087923495333996,0.0,0.0,1.647440528081857e-16,1.9870364802123442e-14,0.0,0.0,0.0,18.459771954241493,112.02834138924214,0.0,0.0
742.0,0,1.1192321344614884,0.0,0.0,0.0,0.0,0.0,0.0,0.0,0.0,0.0,0.0,0.0,23.08792353048194,0.0,0.0,1.5666001467644314e-16,1.889532027691057e-14,0.0,0.0,0.0,18.45977145405205,112.0283402287952,0.0,0.0
743.0,0,1.1192321136195402,0.0,0.0,0.0,0.0,0.0,0.0,0.0,0.0,0.0,0.0,0.0,23.087923564515805,0.0,0.0,1.4897266262472287e-16,1.796812146744651e-14,0.0,0.0,0.0,18.459770967690172,112.028339101581,0.0,0.0
744.0,0,1.119232087871602,0.0,0.0,0.0,0.0,0.0,0.0,0.0,0.0,0.0,0.0,0.0,23.08792359741334,0.0,0.0,1.4166253115279856e-16,1.708642057067579e-14,0.0,0.0,0.0,18.45977049479078,112.02833800669251,0.0,0.0
745.0,0,1.1192320570225895,0.0,0.0,0.0,0.0,0.0,0.0,0.0,0.0,0.0,0.0,0.0,23.08792362915954,0.0,0.0,1.3471110993814766e-16,1.624798499091524e-14,0.0,0.0,0.0,18.45977003499765,112.02833694325432,0.0,0.0
746.0,0,1.1192320209364297,0.0,0.0,0.0,0.0,0.0,0.0,0.0,0.0,0.0,0.0,0.0,23.087923659746448,0.0,0.0,1.2810079696510634e-16,1.5450691686595043e-14,0.0,0.0,0.0,18.45976958796333,112.0283359104214,0.0,0.0
747.0,0,1.119231979534276,0.0,0.0,0.0,0.0,0.0,0.0,0.0,0.0,0.0,0.0,0.0,23.08792368917291,0.0,0.0,1.218148539539904e-16,1.469252179440682e-14,0.0,0.0,0.0,18.459769153349033,112.02833490737817,0.0,0.0
748.0,0,1.1192319327923805,0.0,0.0,0.0,0.0,0.0,0.0,0.0,0.0,0.0,0.0,0.0,23.087923717444298,0.0,0.0,1.158373639773217e-16,1.3971555517246366e-14,0.0,0.0,0.0,18.459768730824543,112.02833393333736,0.0,0.0
749.0,0,1.1192318807396455,0.0,0.0,0.0,0.0,0.0,0.0,0.0,0.0,0.0,0.0,0.0,23.087923744572205,0.0,0.0,1.1015319115583889e-16,1.3285967263006418e-14,0.0,0.0,0.0,18.45976832006809,112.02833298753882,0.0,0.0
750.0,0,1.1192318234548926,0.0,0.0,0.0,0.0,0.0,0.0,0.0,0.0,0.0,0.0,0.0,23.0879237705741,0.0,0.0,1.0474794233223656e-16,1.2634021021910355e-14,0.0,0.0,0.0,18.45976792076624,112.02833206924845,0.0,0.0
751.0,0,1.1192317610638782,0.0,0.0,0.0,0.0,0.0,0.0,0.0,0.0,0.0,0.0,0.0,23.087923795472932,0.0,0.0,9.960793062558453e-17,1.2014065970681424e-14,0.0,0.0,0.0,18.459767532613775,112.02833117775705,0.0,0.0
752.0,0,1.1192316937360927,0.0,0.0,0.0,0.0,0.0,0.0,0.0,0.0,0.0,0.0,0.0,23.08792381929677,0.0,0.0,9.4720140774143e-17,1.1424532292416628e-14,0.0,0.0,0.0,18.459767155313557,112.02833031237918,0.0,0.0
753.0,0,1.1192316216813702,0.0,0.0,0.0,0.0,0.0,0.0,0.0,0.0,0.0,0.0,0.0,23.087923842078332,0.0,0.0,9.007219617881526e-17,1.0863927201580649e-14,0.0,0.0,0.0,18.459766788576403,112.02832947245204,0.0,0.0
754.0,0,1.1192315451463535,0.0,0.0,0.0,0.0,0.0,0.0,0.0,0.0,0.0,0.0,0.0,23.087923863854602,0.0,0.0,8.565232756378773e-17,1.0330831164054433e-14,0.0,0.0,0.0,18.459766432120936,112.02832865733433,0.0,0.0
755.0,0,1.1192314644108303,0.0,0.0,0.0,0.0,0.0,0.0,0.0,0.0,0.0,0.0,0.0,23.087923884666353,0.0,0.0,8.144934317500156e-17,9.823894302667103e-15,0.0,0.0,0.0,18.459766085673447,112.02832786640514,0.0,0.0
756.0,0,1.1192313797839926,0.0,0.0,0.0,0.0,0.0,0.0,0.0,0.0,0.0,0.0,0.0,23.087923904557705,0.0,0.0,7.745260044099385e-17,9.341832979109427e-15,0.0,0.0,0.0,18.45976574896774,112.02832709906286,0.0,0.0
757.0,0,1.1192312916006362,0.0,0.0,0.0,0.0,0.0,0.0,0.0,0.0,0.0,0.0,0.0,23.087923923575644,0.0,0.0,7.365197902434927e-17,8.883426543573818e-15,0.0,0.0,0.0,18.45976542174499,112.02832635472424,0.0,0.0
758.0,0,1.1192312002173392,0.0,0.0,0.0,0.0,0.0,0.0,0.0,0.0,0.0,0.0,0.0,23.08792394176958,0.0,0.0,7.003785519552503e-17,8.447514243890387e-15,0.0,0.0,0.0,18.459765103753554,112.02832563282308,0.0,0.0
759.0,0,1.1192311060086435,0.0,0.0,0.0,0.0,0.0,0.0,0.0,0.0,0.0,0.0,0.0,23.08792395919089,0.0,0.0,6.660107746415943e-17,8.032992286332624e-15,0.0,0.0,0.0,18.459764794748846,112.02832493280957,0.0,0.0
760.0,0,1.1192310093632742,0.0,0.0,0.0,0.0,0.0,0.0,0.0,0.0,0.0,0.0,0.0,23.087923975892437,0.0,0.0,6.33329434061593e-17,7.638811040650169e-15,0.0,0.0,0.0,18.459764494493147,112.02832425414904,0.0,0.0
761.0,0,1.1192309106804181,0.0,0.0,0.0,0.0,0.0,0.0,0.0,0.0,0.0,0.0,0.0,23.08792399192817,0.0,0.0,6.022517762788868e-17,7.263972382251425e-15,0.0,0.0,0.0,18.45976420275543,112.0283235963212,0.0,0.0
762.0,0,1.1192308103660888,0.0,0.0,0.0,0.0,0.0,0.0,0.0,0.0,0.0,0.0,0.0,23.087924007352637,0.0,0.0,5.726991081166142e-17,6.907527164806054e-15,0.0,0.0,0.0,18.459763919311197,112.0283229588192,0.0,0.0
763.0,0,1.1192307088296038,0.0,0.0,0.0,0.0,0.0,0.0,0.0,0.0,0.0,0.0,0.0,23.087924022220612,0.0,0.0,5.445965978947725e-17,6.568572816867582e-15,0.0,0.0,0.0,18.459763643942306,112.02832234114875,0.0,0.0
764.0,0,1.1192306064801887,0.0,0.0,0.0,0.0,0.0,0.0,0.0,0.0,0.0,0.0,0.0,23.087924036586664,0.0,0.0,5.1787308594545465e-17,6.246251056430431e-15,0.0,0.0,0.0,18.45976337643679,112.02832174282742,0.0,0.0
765.0,0,1.1192305037237371,0.0,0.0,0.0,0.0,0.0,0.0,0.0,0.0,0.0,0.0,0.0,23.087924050504782,0.0,0.0,4.924609044261577e-17,5.939745717634299e-15,0.0,0.0,0.0,18.459763116588675,112.02832116338381,0.0,0.0
766.0,0,1.11923040095974,0.0,0.0,0.0,0.0,0.0,0.0,0.0,0.0,0.0,0.0,0.0,23.087924064028023,0.0,0.0,4.682957059749048e-17,5.648280684112771e-15,0.0,0.0,0.0,18.459762864197806,112.02832060235684,0.0,0.0
767.0,0,1.119230298578396,0.0,0.0,0.0,0.0,0.0,0.0,0.0,0.0,0.0,0.0,0.0,23.087924077208164,0.0,0.0,4.453163007733087e-17,5.371117923753121e-15,0.0,0.0,0.0,18.459762619069668,112.0283200592952,0.0,0.0
768.0,0,1.119230196957922,0.0,0.0,0.0,0.0,0.0,0.0,0.0,0.0,0.0,0.0,0.0,23.087924090095385,0.0,0.0,4.234645016049986e-17,5.107555619891013e-15,0.0,0.0,0.0,18.459762381015207,112.0283195337566,0.0,0.0
769.0,0,1.1192300964620747,0.0,0.0,0.0,0.0,0.0,0.0,0.0,0.0,0.0,0.0,0.0,23.087924102737983,0.0,0.0,4.026849765170733e-17,4.856926394208012e-15,0.0,0.0,0.0,18.45976214985064,112.02831902530731,0.0,0.0
770.0,0,1.1192299974378905,0.0,0.0,0.0,0.0,0.0,0.0,0.0,0.0,0.0,0.0,0.0,23.08792411518211,0.0,0.0,3.8292510871150154e-17,4.618595616832031e-15,0.0,0.0,0.0,18.45976192539731,112.02831853352166,0.0,0.0
771.0,0,1.1192299002136528,0.0,0.0,0.0,0.0,0.0,0.0,0.0,0.0,0.0,0.0,0.0,23.08792412747155,0.0,0.0,3.641348633116893e-17,4.391959799361635e-15,0.0,0.0,0.0,18.459761707481476,112.0283180579815,0.0,0.0
772.0,0,1.119229805097091,0.0,0.0,0.0,0.0,0.0,0.0,0.0,0.0,0.0,0.0,0.0,23.087924139647484,0.0,0.0,3.4626666066685117e-17,4.1764450667451035e-15,0.0,0.0,0.0,18.459761495934167,112.02831759827592,0.0,0.0
773.0,0,1.1192297123738149,0.0,0.0,0.0,0.0,0.0,0.0,0.0,0.0,0.0,0.0,0.0,23.087924151748346,0.0,0.0,3.292752558733732e-17,3.971505704144829e-15,0.0,0.0,0.0,18.45976129059099,112.02831715400077,0.0,0.0
774.0,0,1.119229622305988,0.0,0.0,0.0,0.0,0.0,0.0,0.0,0.0,0.0,0.0,0.0,23.087924163809653,0.0,0.0,3.13117624208096e-17,3.776622775107497e-15,0.0,0.0,0.0,18.459761091291984,112.02831672475841,0.0,0.0
775.0,0,1.1192295351312367,0.0,0.0,0.0,0.0,0.0,0.0,0.0,0.0,0.0,0.0,0.0,23.08792417586389,0.0,0.0,2.9775285218342035e-17,3.59130280754106e-15,0.0,0.0,0.0,18.45976089788145,112.0283163101574,0.0,0.0
776.0,0,1.1192294510617917,0.0,0.0,0.0,0.0,0.0,0.0,0.0,0.0,0.0,0.0,0.0,23.08792418794041,0.0,0.0,2.831420339483704e-17,3.415076544171184e-15,0.0,0.0,0.0,18.45976071020779,112.0283159098123,0.0,0.0
777.0,0,1.1192293702838638,0.0,0.0,0.0,0.0,0.0,0.0,0.0,0.0,0.0,0.0,0.0,23.08792420006538,0.0,0.0,2.6924817277328553e-17,3.2474977543131763e-15,0.0,0.0,0.0,18.459760528123365,112.02831552334348,0.0,0.0
778.0,0,1.1192292929572454,0.0,0.0,0.0,0.0,0.0,0.0,0.0,0.0,0.0,0.0,0.0,23.087924212261733,0.0,0.0,2.5603608736868818e-17,3.0881421039505935e-15,0.0,0.0,0.0,18.459760351484327,112.02831515037695,0.0,0.0
779.0,0,1.119229219215126,0.0,0.0,0.0,0.0,0.0,0.0,0.0,0.0,0.0,0.0,0.0,23.087924224549166,0.0,0.0,2.4347232280111037e-17,2.936606081259425e-15,0.0,0.0,0.0,18.459760180150493,112.02831479054427,0.0,0.0
780.0,0,1.1192291491641246,0.0,0.0,0.0,0.0,0.0,0.0,0.0,0.0,0.0,0.0,0.0,23.08792423694414,0.0,0.0,2.3152506578030745e-17,2.7925059748571093e-15,0.0,0.0,0.0,18.459760013985193,112.02831444348246,0.0,0.0
781.0,0,1.119229082884517,0.0,0.0,0.0,0.0,0.0,0.0,0.0,0.0,0.0,0.0,0.0,23.087924249459924,0.0,0.0,2.201640641033522e-17,2.6554769021891696e-15,0.0,0.0,0.0,18.45975985285514,112.0283141088339,0.0,0.0
782.0,0,1.119229020430659,0.0,0.0,0.0,0.0,0.0,0.0,0.0,0.0,0.0,0.0,0.0,23.08792426210664,0.0,0.0,2.093605500516299e-17,2.525171885593194e-15,0.0,0.0,0.0,18.45975969663031,112.02831378624637,0.0,0.0
783.0,0,1.1192289618315865,0.0,0.0,0.0,0.0,0.0,0.0,0.0,0.0,0.0,0.0,0.0,23.087924274891364,0.0,0.0,1.9908716754676605e-17,2.401260973700625e-15,0.0,0.0,0.0,18.45975954518381,112.02831347537308,0.0,0.0
784.0,0,1.1192289070917807,0.0,0.0,0.0,0.0,0.0,0.0,0.0,0.0,0.0,0.0,0.0,23.08792428781822,0.0,0.0,1.8931790288103298e-17,2.283430405951617e-15,0.0,0.0,0.0,18.459759398391764,112.02831317587257,0.0,0.0
785.0,0,1.1192288561920907,0.0,0.0,0.0,0.0,0.0,0.0,0.0,0.0,0.0,0.0,0.0,23.08792430088846,0.0,0.0,1.8002801884683512e-17,2.1713818181073817e-15,0.0,0.0,0.0,18.4597592561332,112.02831288740887,0.0,0.0
786.0,0,1.1192288090907927,0.0,0.0,0.0,0.0,0.0,0.0,0.0,0.0,0.0,0.0,0.0,23.08792431410066,0.0,0.0,1.7119399209848033e-17,2.064831486748286e-15,0.0,0.0,0.0,18.45975911828996,112.02831260965158,0.0,0.0
787.0,0,1.1192287657247773,0.0,0.0,0.0,0.0,0.0,0.0,0.0,0.0,0.0,0.0,0.0,23.08792432745082,0.0,0.0,1.627934535876262e-17,1.9635096108446333e-15,0.0,0.0,0.0,18.459758984746575,112.0283123422758,0.0,0.0
788.0,0,1.1192287260108489,0.0,0.0,0.0,0.0,0.0,0.0,0.0,0.0,0.0,0.0,0.0,23.087924340932524,0.0,0.0,1.5480513192157668e-17,1.8671596285809795e-15,0.0,0.0,0.0,18.45975885539019,112.02831208496241,0.0,0.0
789.0,0,1.119228689847119,0.0,0.0,0.0,0.0,0.0,0.0,0.0,0.0,0.0,0.0,0.0,23.08792435453715,0.0,0.0,1.4720879950100336e-17,1.7755375677040788e-15,0.0,0.0,0.0,18.45975873011048,112.02831183739795,0.0,0.0
790.0,0,1.1192286571144863,0.0,0.0,0.0,0.0,0.0,0.0,0.0,0.0,0.0,0.0,0.0,23.087924368254,0.0,0.0,1.3998522130070412e-17,1.6884114277494352e-15,0.0,0.0,0.0,18.459758608799554,112.02831159927496,0.0,0.0
791.0,0,1.1192286276781782,0.0,0.0,0.0,0.0,0.0,0.0,0.0,0.0,0.0,0.0,0.0,23.08792438207054,0.0,0.0,1.3311610616370483e-17,1.6055605925821813e-15,0.0,0.0,0.0,18.459758491351888,112.02831137029196,0.0,0.0
792.0,0,1.119228601389351,0.0,0.0,0.0,0.0,0.0,0.0,0.0,0.0,0.0,0.0,0.0,23.087924395972536,0.0,0.0,1.2658406048537358e-17,1.5267752717647451e-15,0.0,0.0,0.0,18.459758377664247,112.0283111501536,0.0,0.0
793.0,0,1.1192285780867257,0.0,0.0,0.0,0.0,0.0,0.0,0.0,0.0,0.0,0.0,0.0,23.0879244099443,0.0,0.0,1.2037254417026858e-17,1.4518559693367634e-15,0.0,0.0,0.0,18.45975826763563,112.02831093857066,0.0,0.0
794.0,0,1.1192285575982484,0.0,0.0,0.0,0.0,0.0,0.0,0.0,0.0,0.0,0.0,0.0,23.08792442396887,0.0,0.0,1.1446582875019626e-17,1.3806129786621205e-15,0.0,0.0,0.0,18.45975816116721,112.0283107352603,0.0,0.0
795.0,0,1.1192285397427613,0.0,0.0,0.0,0.0,0.0,0.0,0.0,0.0,0.0,0.0,0.0,23.087924438028203,0.0,0.0,1.0884895755742855e-17,1.312865902063986e-15,0.0,0.0,0.0,18.459758058162254,112.02831053994623,0.0,0.0
796.0,0,1.1192285243316733,0.0,0.0,0.0,0.0,0.0,0.0,0.0,0.0,0.0,0.0,0.0,23.087924452103394,0.0,0.0,1.0350770785223153e-17,1.2484431940315021e-15,0.0,0.0,0.0,18.459757958526108,112.02831035235852,0.0,0.0
797.0,0,1.1192285111706135,0.0,0.0,0.0,0.0,0.0,0.0,0.0,0.0,0.0,0.0,0.0,23.087924466174854,0.0,0.0,9.842855480880748e-18,1.1871817268414482e-15,0.0,0.0,0.0,18.45975786216612,112.02831017223397,0.0,0.0
798.0,0,1.1192285000610598,0.0,0.0,0.0,0.0,0.0,0.0,0.0,0.0,0.0,0.0,0.0,23.087924480222522,0.0,0.0,9.359863726845682e-18,1.1289263774949778e-15,0.0,0.0,0.0,18.459757768991615,112.02830999931611,0.0,0.0
799.0,0,1.11922849080193,0.0,0.0,0.0,0.0,0.0,0.0,0.0,0.0,0.0,0.0,0.0,23.087924494226034,0.0,0.0,8.900572517324247e-18,1.0735296349234854e-15,0.0,0.0,0.0,18.459757678913846,112.02830983335518,0.0,0.0
800.0,0,1.1192284831911228,0.0,0.0,0.0,0.0,0.0,0.0,0.0,0.0,0.0,0.0,0.0,23.087924508164928,0.0,0.0,8.463818859769369e-18,1.0208512264689986e-15,0.0,0.0,0.0,18.459757591845968,112.02830967410833,0.0,0.0
801.0,0,1.1192284770270016,0.0,0.0,0.0,0.0,0.0,0.0,0.0,0.0,0.0,0.0,0.0,23.0879245220188,0.0,0.0,8.048496830013294e-18,9.707577626932822e-16,0.0,0.0,0.0,18.459757507702996,112.02830952133958,0.0,0.0
802.0,0,1.1192284721098147,0.0,0.0,0.0,0.0,0.0,0.0,0.0,0.0,0.0,0.0,0.0,23.087924535767485,0.0,0.0,7.653554771905787e-18,9.231223996162628e-16,0.0,0.0,0.0,18.459757426401783,112.02830937481986,0.0,0.0
803.0,0,1.1192284682430385,0.0,0.0,0.0,0.0,0.0,0.0,0.0,0.0,0.0,0.0,0.0,23.087924549391207,0.0,0.0,7.27799263436687e-18,8.778245175285109e-16,0.0,0.0,0.0,18.459757347860993,112.02830923432711,0.0,0.0
804.0,0,1.11922846523464,0.0,0.0,0.0,0.0,0.0,0.0,0.0,0.0,0.0,0.0,0.0,23.087924562870736,0.0,0.0,6.920859439111155e-18,8.347494155644878e-16,0.0,0.0,0.0,18.459757272001063,112.02830909964612,0.0,0.0
805.0,0,1.119228462898254,0.0,0.0,0.0,0.0,0.0,0.0,0.0,0.0,0.0,0.0,0.0,23.08792457618751,0.0,0.0,6.5812508726316906e-18,7.937880212631704e-16,0.0,0.0,0.0,18.45975719874421,112.02830897056865,0.0,0.0
806.0,0,1.1192284610542649,0.0,0.0,0.0,0.0,0.0,0.0,0.0,0.0,0.0,0.0,0.0,23.087924589323777,0.0,0.0,6.258306996345826e-18,7.548366143806203e-16,0.0,0.0,0.0,18.459757128014378,112.02830884689342,0.0,0.0
807.0,0,1.1192284595307938,0.0,0.0,0.0,0.0,0.0,0.0,0.0,0.0,0.0,0.0,0.0,23.087924602262696,0.0,0.0,5.951210069104898e-18,7.177965642551495e-16,0.0,0.0,0.0,18.459757059737242,112.02830872842604,0.0,0.0
808.0,0,1.1192284581645873,0.0,0.0,0.0,0.0,0.0,0.0,0.0,0.0,0.0,0.0,0.0,23.08792461498846,0.0,0.0,5.6591824765539884e-18,6.825740800600532e-16,0.0,0.0,0.0,18.45975699384018,112.02830861497885,0.0,0.0
809.0,0,1.1192284568018025,0.0,0.0,0.0,0.0,0.0,0.0,0.0,0.0,0.0,0.0,0.0,23.087924627486363,0.0,0.0,5.381484762098596e-18,6.490799733115128e-16,0.0,0.0,0.0,18.459756930252258,112.02830850637099,0.0,0.0
810.0,0,1.119228455298687,0.0,0.0,0.0,0.0,0.0,0.0,0.0,0.0,0.0,0.0,0.0,23.087924639742894,0.0,0.0,5.117413754492335e-18,6.172294320303042e-16,0.0,0.0,0.0,18.459756868904226,112.02830840242825,0.0,0.0
811.0,0,1.1192284535221582,0.0,0.0,0.0,0.0,0.0,0.0,0.0,0.0,0.0,0.0,0.0,23.087924651745787,0.0,0.0,4.8663007873044565e-18,5.869418059854577e-16,0.0,0.0,0.0,18.459756809728482,112.02830830298299,0.0,0.0
812.0,0,1.1192284513502742,0.0,0.0,0.0,0.0,0.0,0.0,0.0,0.0,0.0,0.0,0.0,23.087924663484102,0.0,0.0,4.627510005758603e-18,5.581404024760708e-16,0.0,0.0,0.0,18.459756752659075,112.02830820787399,0.0,0.0
813.0,0,1.1192284486726058,0.0,0.0,0.0,0.0,0.0,0.0,0.0,0.0,0.0,0.0,0.0,23.087924674948226,0.0,0.0,4.40043675665547e-18,5.307522921341689e-16,0.0,0.0,0.0,18.45975669763169,112.02830811694636,0.0,0.0
814.0,0,1.1192284453905048,0.0,0.0,0.0,0.0,0.0,0.0,0.0,0.0,0.0,0.0,0.0,23.087924686129934,0.0,0.0,4.1845060573024376e-18,5.047081242568736e-16,0.0,0.0,0.0,18.45975664458361,112.02830803005136,0.0,0.0
815.0000000000001,0,1.119228441417271,0.0,0.0,0.0,0.0,0.0,0.0,0.0,0.0,0.0,0.0,0.0,23.087924697022395,0.0,0.0,3.979171139573257e-18,4.799419512002756e-16,0.0,0.0,0.0,18.45975659345374,112.02830794704632,0.0,0.0
816.0000000000001,0,1.1192284366782286,0.0,0.0,0.0,0.0,0.0,0.0,0.0,0.0,0.0,0.0,0.0,23.087924707620182,0.0,0.0,3.783912065411149e-18,4.563910613903512e-16,0.0,0.0,0.0,18.45975654418256,112.02830786779438,0.0,0.0
817.0000000000001,0,1.1192284311107028,0.0,0.0,0.0,0.0,0.0,0.0,0.0,0.0,0.0,0.0,0.0,23.087924717919243,0.0,0.0,3.5982344102695695e-18,4.339958205280799e-16,0.0,0.0,0.0,18.45975649671212,112.02830779216441,0.0,0.0
818.0000000000001,0,1.1192284246639153,0.0,0.0,0.0,0.0,0.0,0.0,0.0,0.0,0.0,0.0,0.0,23.08792472791693,0.0,0.0,3.421668011156908e-18,4.126995205866742e-16,0.0,0.0,0.0,18.459756450986024,112.0283077200308,0.0,0.0
819.0000000000001,0,1.1192284172987896,0.0,0.0,0.0,0.0,0.0,0.0,0.0,0.0,0.0,0.0,0.0,23.087924737611928,0.0,0.0,3.253765776115002e-18,3.9244823621855775e-16,0.0,0.0,0.0,18.459756406949417,112.0283076512732,0.0,0.0
820.0000000000001,0,1.1192284089876816,0.0,0.0,0.0,0.0,0.0,0.0,0.0,0.0,0.0,0.0,0.0,23.087924747004248,0.0,0.0,3.094102552116875e-18,3.7319068820849504e-16,0.0,0.0,0.0,18.45975636454897,112.02830758577645,0.0,0.0
821.0000000000001,0,1.1192283997140358,0.0,0.0,0.0,0.0,0.0,0.0,0.0,0.0,0.0,0.0,0.0,23.08792475609517,0.0,0.0,2.942274048517065e-18,3.5487811362711495e-16,0.0,0.0,0.0,18.45975632373284,112.02830752343026,0.0,0.0
822.0000000000001,0,1.1192283894719723,0.0,0.0,0.0,0.0,0.0,0.0,0.0,0.0,0.0,0.0,0.0,23.08792476488721,0.0,0.0,2.797895813328555e-18,3.374641423560383e-16,0.0,0.0,0.0,18.459756284450677,112.02830746412911,0.0,0.0
823.0000000000001,0,1.1192283782658146,0.0,0.0,0.0,0.0,0.0,0.0,0.0,0.0,0.0,0.0,0.0,23.087924773384028,0.0,0.0,2.6606022597340844e-18,3.209046796719537e-16,0.0,0.0,0.0,18.459756246653583,112.02830740777198,0.0,0.0
824.0000000000001,0,1.1192283661095608,0.0,0.0,0.0,0.0,0.0,0.0,0.0,0.0,0.0,0.0,0.0,23.087924781590402,0.0,0.0,2.5300457403668366e-18,3.0515779459232548e-16,0.0,0.0,0.0,18.459756210294106,112.02830735426213,0.0,0.0
825.0000000000001,0,1.1192283530263059,0.0,0.0,0.0,0.0,0.0,0.0,0.0,0.0,0.0,0.0,0.0,23.08792478951213,0.0,0.0,2.4058956670164367e-18,2.9018361370001073e-16,0.0,0.0,0.0,18.45975617532621,112.02830730350692,0.0,0.0
826.0000000000001,0,1.1192283390476212,0.0,0.0,0.0,0.0,0.0,0.0,0.0,0.0,0.0,0.0,0.0,23.087924797155978,0.0,0.0,2.287837673531232e-18,2.759442201779328e-16,0.0,0.0,0.0,18.459756141705242,112.02830725541763,0.0,0.0
827.0000000000001,0,1.1192283242128978,0.0,0.0,0.0,0.0,0.0,0.0,0.0,0.0,0.0,0.0,0.0,23.087924804529564,0.0,0.0,2.175572819797193e-18,2.6240355779815223e-16,0.0,0.0,0.0,18.45975610938792,112.02830720990917,0.0,0.0
828.0000000000001,0,1.1192283085686623,0.0,0.0,0.0,0.0,0.0,0.0,0.0,0.0,0.0,0.0,0.0,23.08792481164132,0.0,0.0,2.0688168347778095e-18,2.49527339622222e-16,0.0,0.0,0.0,18.45975607833231,112.02830716689992,0.0,0.0
829.0000000000001,0,1.1192282921678651,0.0,0.0,0.0,0.0,0.0,0.0,0.0,0.0,0.0,0.0,0.0,23.087924818500376,0.0,0.0,1.967299396698225e-18,2.37282961181642e-16,0.0,0.0,0.0,18.45975604849778,112.02830712631155,0.0,0.0
830.0000000000001,0,1.1192282750691571,0.0,0.0,0.0,0.0,0.0,0.0,0.0,0.0,0.0,0.0,0.0,23.087924825116485,0.0,0.0,1.8707634485509523e-18,2.256394179185745e-16,0.0,0.0,0.0,18.459756019844992,112.02830708806874,0.0,0.0
831.0000000000001,0,1.1192282573361518,0.0,0.0,0.0,0.0,0.0,0.0,0.0,0.0,0.0,0.0,0.0,23.087924831499937,0.0,0.0,1.778964547189915e-18,2.1456722667776681e-16,0.0,0.0,0.0,18.459755992335865,112.02830705209908,0.0,0.0
832.0000000000001,0,1.1192282390366843,0.0,0.0,0.0,0.0,0.0,0.0,0.0,0.0,0.0,0.0,0.0,23.08792483766146,0.0,0.0,1.6916702443646368e-18,2.0403835105088811e-16,0.0,0.0,0.0,18.45975596593353,112.02830701833277,0.0,0.0
833.0,0,1.119228220242072,0.0,0.0,0.0,0.0,0.0,0.0,0.0,0.0,0.0,0.0,0.0,23.08792484361215,0.0,0.0,1.6086594981272557e-18,1.9402613038424135e-16,0.0,0.0,0.0,18.459755940602342,112.02830698670255,0.0,0.0
834.0,0,1.11922820102638,0.0,0.0,0.0,0.0,0.0,0.0,0.0,0.0,0.0,0.0,0.0,23.087924849363358,0.0,0.0,1.529722113121972e-18,1.8450521227008697e-16,0.0,0.0,0.0,18.459755916307792,112.0283069571434,0.0,0.0
835.0,0,1.1192281814657006,0.0,0.0,0.0,0.0,0.0,0.0,0.0,0.0,0.0,0.0,0.0,23.087924854926637,0.0,0.0,1.4546582083396474e-18,1.7545148835063673e-16,0.0,0.0,0.0,18.459755893016517,112.02830692959253,0.0,0.0
836.0,0,1.1192281616374484,0.0,0.0,0.0,0.0,0.0,0.0,0.0,0.0,0.0,0.0,0.0,23.08792486031363,0.0,0.0,1.3832777109898472e-18,1.6684203327216449e-16,0.0,0.0,0.0,18.45975587069626,112.02830690398908,0.0,0.0
837.0,0,1.119228141619676,0.0,0.0,0.0,0.0,0.0,0.0,0.0,0.0,0.0,0.0,0.0,23.087924865536003,0.0,0.0,1.3153998752087194e-18,1.5865504663465578e-16,0.0,0.0,0.0,18.459755849315826,112.02830688027395,0.0,0.0
838.0,0,1.1192281214904174,0.0,0.0,0.0,0.0,0.0,0.0,0.0,0.0,0.0,0.0,0.0,23.087924870605377,0.0,0.0,1.2508528243840213e-18,1.5086979779000535e-16,0.0,0.0,0.0,18.45975582884505,112.02830685838978,0.0,0.0
839.0,0,1.119228101327058,0.0,0.0,0.0,0.0,0.0,0.0,0.0,0.0,0.0,0.0,0.0,23.087924875533233,0.0,0.0,1.1894731159383886e-18,1.4346657334898267e-16,0.0,0.0,0.0,18.459755809254784,112.02830683828077,0.0,0.0
840.0,0,1.11922808120574,0.0,0.0,0.0,0.0,0.0,0.0,0.0,0.0,0.0,0.0,0.0,23.087924880330856,0.0,0.0,1.1311053274688141e-18,1.3642662726404583e-16,0.0,0.0,0.0,18.45975579051683,112.02830681989246,0.0,0.0
841.0,0,1.1192280612008023,0.0,0.0,0.0,0.0,0.0,0.0,0.0,0.0,0.0,0.0,0.0,23.08792488500928,0.0,0.0,1.075601663194381e-18,1.2973213336160628e-16,0.0,0.0,0.0,18.459755772603938,112.0283068031717,0.0,0.0
842.0,0,1.119228041384259,0.0,0.0,0.0,0.0,0.0,0.0,0.0,0.0,0.0,0.0,0.0,23.0879248895792,0.0,0.0,1.0228215797157189e-18,1.23366140203549e-16,0.0,0.0,0.0,18.45975575548976,112.02830678806654,0.0,0.0
843.0,0,1.1192280218253192,0.0,0.0,0.0,0.0,0.0,0.0,0.0,0.0,0.0,0.0,0.0,23.087924894050932,0.0,0.0,9.72631430138555e-19,1.173125281637107e-16,0.0,0.0,0.0,18.459755739148815,112.02830677452609,0.0,0.0
844.0,0,1.119228002589949,0.0,0.0,0.0,0.0,0.0,0.0,0.0,0.0,0.0,0.0,0.0,23.08792489843438,0.0,0.0,9.249041256602187e-19,1.1155596861062775e-16,0.0,0.0,0.0,18.459755723556448,112.02830676250048,0.0,0.0
845.0,0,1.1192279837404782,0.0,0.0,0.0,0.0,0.0,0.0,0.0,0.0,0.0,0.0,0.0,23.087924902738955,0.0,0.0,8.795188137621996e-19,1.0608188509319846e-16,0.0,0.0,0.0,18.459755708688817,112.0283067519407,0.0,0.0
846.0,0,1.1192279653352506,0.0,0.0,0.0,0.0,0.0,0.0,0.0,0.0,0.0,0.0,0.0,23.087924906973562,0.0,0.0,8.3636057219388635e-19,1.0087641643097589e-16,0.0,0.0,0.0,18.45975569452286,112.02830674279866,0.0,0.0
847.0,0,1.1192279474283224,0.0,0.0,0.0,0.0,0.0,0.0,0.0,0.0,0.0,0.0,0.0,23.08792491114656,0.0,0.0,7.95320117972613e-19,9.592638161563091e-17,0.0,0.0,0.0,18.45975568103624,112.02830673502702,0.0,0.0
848.0,0,1.1192279300692052,0.0,0.0,0.0,0.0,0.0,0.0,0.0,0.0,0.0,0.0,0.0,23.08792491526573,0.0,0.0,7.562935306631551e-19,9.121924643471035e-17,0.0,0.0,0.0,18.459755668207336,112.02830672857911,0.0,0.0
849.0,0,1.1192279133026533,0.0,0.0,0.0,0.0,0.0,0.0,0.0,0.0,0.0,0.0,0.0,23.08792491933825,0.0,0.0,7.191819892359832e-19,8.674309173317699e-17,0.0,0.0,0.0,18.45975565601521,112.02830672340903,0.0,0.0
850.0,0,1.1192278971685006,0.0,0.0,0.0,0.0,0.0,0.0,0.0,0.0,0.0,0.0,0.0,23.087924923370686,0.0,0.0,6.838915218379559e-19,8.248658323236509e-17,0.0,0.0,0.0,18.45975564443957,112.02830671947146,0.0,0.0
851.0,0,1.1192278817015395,0.0,0.0,0.0,0.0,0.0,0.0,0.0,0.0,0.0,0.0,0.0,23.087924927368967,0.0,0.0,6.503327678418372e-19,7.843894282992826e-17,0.0,0.0,0.0,18.459755633460755,112.02830671672174,0.0,0.0
852.0,0,1.119227866931444,0.0,0.0,0.0,0.0,0.0,0.0,0.0,0.0,0.0,0.0,0.0,23.087924931338392,0.0,0.0,6.184207515721131e-19,7.458992130810731e-17,0.0,0.0,0.0,18.459755623059685,112.02830671511575,0.0,0.0
853.0,0,1.1192278528827373,0.0,0.0,0.0,0.0,0.0,0.0,0.0,0.0,0.0,0.0,0.0,23.08792493528362,0.0,0.0,5.880746671341475e-19,7.092977238121107e-17,0.0,0.0,0.0,18.459755613217865,112.02830671461003,0.0,0.0
854.0,0,1.1192278395747974,0.0,0.0,0.0,0.0,0.0,0.0,0.0,0.0,0.0,0.0,0.0,23.087924939208666,0.0,0.0,5.592176738018331e-19,6.744922801659509e-17,0.0,0.0,0.0,18.459755603917333,112.02830671516162,0.0,0.0
855.0,0,1.119227827021902,0.0,0.0,0.0,0.0,0.0,0.0,0.0,0.0,0.0,0.0,0.0,23.087924943116917,0.0,0.0,5.317767014456294e-19,6.413947496664667e-17,0.0,0.0,0.0,18.459755595140646,112.0283067167282,0.0,0.0
856.0,0,1.1192278152333128,0.0,0.0,0.0,0.0,0.0,0.0,0.0,0.0,0.0,0.0,0.0,23.087924947011153,0.0,0.0,5.0568226550830285e-19,6.099213245235253e-17,0.0,0.0,0.0,18.45975558687086,112.02830671926796,0.0,0.0
857.0,0,1.119227804213394,0.0,0.0,0.0,0.0,0.0,0.0,0.0,0.0,0.0,0.0,0.0,23.08792495089354,0.0,0.0,4.808682910598608e-19,5.799923094193995e-17,0.0,0.0,0.0,18.4597555790915,112.02830672273973,0.0,0.0
858.0,0,1.1192277939617603,0.0,0.0,0.0,0.0,0.0,0.0,0.0,0.0,0.0,0.0,0.0,23.087924954765658,0.0,0.0,4.572719454861609e-19,5.5153191970856126e-17,0.0,0.0,0.0,18.459755571786555,112.02830672710286,0.0,0.0
859.0,0,1.119227784473458,0.0,0.0,0.0,0.0,0.0,0.0,0.0,0.0,0.0,0.0,0.0,23.087924958628538,0.0,0.0,4.348334793875379e-19,5.24468089519872e-17,0.0,0.0,0.0,18.459755564940433,112.02830673231736,0.0,0.0
860.0,0,1.119227775739172,0.0,0.0,0.0,0.0,0.0,0.0,0.0,0.0,0.0,0.0,0.0,23.087924962482674,0.0,0.0,4.1349607528458085e-19,4.987322892752507e-17,0.0,0.0,0.0,18.45975555853796,112.0283067383439,0.0,0.0
861.0,0,1.1192277677454576,0.0,0.0,0.0,0.0,0.0,0.0,0.0,0.0,0.0,0.0,0.0,23.087924966328035,0.0,0.0,3.93205703747962e-19,4.74259352162755e-17,0.0,0.0,0.0,18.459755552564367,112.02830674514372,0.0,0.0
862.0,0,1.1192277604749932,0.0,0.0,0.0,0.0,0.0,0.0,0.0,0.0,0.0,0.0,0.0,23.087924970164142,0.0,0.0,3.739109865880157e-19,4.509873091246785e-17,0.0,0.0,0.0,18.459755547005255,112.02830675267883,0.0,0.0
863.0,0,1.119227753906853,0.0,0.0,0.0,0.0,0.0,0.0,0.0,0.0,0.0,0.0,0.0,23.087924973990056,0.0,0.0,3.555630667576446e-19,4.288572319428288e-17,0.0,0.0,0.0,18.45975554184659,112.02830676091185,0.0,0.0
864.0,0,1.1192277480167947,0.0,0.0,0.0,0.0,0.0,0.0,0.0,0.0,0.0,0.0,0.0,23.08792497780444,0.0,0.0,3.381154846391275e-19,4.078130840236565e-17,0.0,0.0,0.0,18.459755537074695,112.02830676980619,0.0,0.0
865.0,0,1.1192277427775603,0.0,0.0,0.0,0.0,0.0,0.0,0.0,0.0,0.0,0.0,0.0,23.087924981605582,0.0,0.0,3.2152406040156917e-19,3.87801578505401e-17,0.0,0.0,0.0,18.45975553267623,112.02830677932599,0.0,0.0
866.0,0,1.1192277381591882,0.0,0.0,0.0,0.0,0.0,0.0,0.0,0.0,0.0,0.0,0.0,23.087924985391435,0.0,0.0,3.057467821311038e-19,3.687720433279597e-17,0.0,0.0,0.0,18.459755528638176,112.02830678943621,0.0,0.0
867.0,0,1.1192277341293306,0.0,0.0,0.0,0.0,0.0,0.0,0.0,0.0,0.0,0.0,0.0,23.08792498915966,0.0,0.0,2.9074369945058214e-19,3.506762929238169e-17,0.0,0.0,0.0,18.459755524947823,112.02830680010258,0.0,0.0
868.0,0,1.1192277306535774,0.0,0.0,0.0,0.0,0.0,0.0,0.0,0.0,0.0,0.0,0.0,23.087924992907666,0.0,0.0,2.764768223593709e-19,3.334685062051366e-17,0.0,0.0,0.0,18.45975552159278,112.02830681129171,0.0,0.0
869.0,0,1.1192277276957818,0.0,0.0,0.0,0.0,0.0,0.0,0.0,0.0,0.0,0.0,0.0,23.087924996632648,0.0,0.0,2.6291002503711205e-19,3.1710511053806326e-17,0.0,0.0,0.0,18.45975551856093,112.02830682297103,0.0,0.0
870.0,0,1.1192277252183855,0.0,0.0,0.0,0.0,0.0,0.0,0.0,0.0,0.0,0.0,0.0,23.087925000331598,0.0,0.0,2.5000895436785994e-19,3.0154467141043745e-17,0.0,0.0,0.0,18.459755515840463,112.0283068351089,0.0,0.0
871.0,0,1.1192277231827403,0.0,0.0,0.0,0.0,0.0,0.0,0.0,0.0,0.0,0.0,0.0,23.087925004001406,0.0,0.0,2.3774094295296503e-19,2.8674778751354784e-17,0.0,0.0,0.0,18.45975551341984,112.02830684767463,0.0,0.0
872.0,0,1.1192277215494242,0.0,0.0,0.0,0.0,0.0,0.0,0.0,0.0,0.0,0.0,0.0,23.087925007638837,0.0,0.0,2.260749263924406e-19,2.7267699097225292e-17,0.0,0.0,0.0,18.459755511287792,112.02830686063841,0.0,0.0
873.0,0,1.1192277202785519,0.0,0.0,0.0,0.0,0.0,0.0,0.0,0.0,0.0,0.0,0.0,23.08792501124059,0.0,0.0,2.149813646253564e-19,2.5929665247083785e-17,0.0,0.0,0.0,18.45975550943331,112.02830687397142,0.0,0.0
874.0,0,1.1192277193300746,0.0,0.0,0.0,0.0,0.0,0.0,0.0,0.0,0.0,0.0,0.0,23.087925014803336,0.0,0.0,2.0443216713008217e-19,2.465728910343746e-17,0.0,0.0,0.0,18.459755507845667,112.0283068876458,0.0,0.0
875.0,0,1.1192277186640678,0.0,0.0,0.0,0.0,0.0,0.0,0.0,0.0,0.0,0.0,0.0,23.087925018323762,0.0,0.0,1.944006217949765e-19,2.3447348823713536e-17,0.0,0.0,0.0,18.459755506514366,112.02830690163468,0.0,0.0
876.0,0,1.1192277182410084,0.0,0.0,0.0,0.0,0.0,0.0,0.0,0.0,0.0,0.0,0.0,23.087925021798586,0.0,0.0,1.8486132727941163e-19,2.2296780662082447e-17,0.0,0.0,0.0,18.459755505429175,112.02830691591222,0.0,0.0
877.0,0,1.1192277180220336,0.0,0.0,0.0,0.0,0.0,0.0,0.0,0.0,0.0,0.0,0.0,23.08792502522458,0.0,0.0,1.7579012869386215e-19,2.1202671211605102e-17,0.0,0.0,0.0,18.45975550458012,112.0283069304536,0.0,0.0
878.0,0,1.1192277179691885,0.0,0.0,0.0,0.0,0.0,0.0,0.0,0.0,0.0,0.0,0.0,23.087925028598622,0.0,0.0,1.671640564361903e-19,2.0162250027060227e-17,0.0,0.0,0.0,18.45975550395745,112.02830694523499,0.0,0.0
879.0,0,1.1192277180456545,0.0,0.0,0.0,0.0,0.0,0.0,0.0,0.0,0.0,0.0,0.0,23.08792503191772,0.0,0.0,1.589612680292525e-19,1.9172882609771678e-17,0.0,0.0,0.0,18.459755503551676,112.02830696023358,0.0,0.0
880.0,0,1.119227718215959,0.0,0.0,0.0,0.0,0.0,0.0,0.0,0.0,0.0,0.0,0.0,23.087925035179016,0.0,0.0,1.5116099281255118e-19,1.8232063736672322e-17,0.0,0.0,0.0,18.459755503353538,112.02830697542763,0.0,0.0
881.0,0,1.1192277184461659,0.0,0.0,0.0,0.0,0.0,0.0,0.0,0.0,0.0,0.0,0.0,23.087925038379833,0.0,0.0,1.4374347934788295e-19,1.7337411116712637e-17,0.0,0.0,0.0,18.459755503354017,112.02830699079635,0.0,0.0
882.0,0,1.1192277187040494,0.0,0.0,0.0,0.0,0.0,0.0,0.0,0.0,0.0,0.0,0.0,23.087925041517668,0.0,0.0,1.3668994540580733e-19,1.6486659358551213e-17,0.0,0.0,0.0,18.459755503544336,112.02830700632002,0.0,0.0
883.0,0,1.1192277189592441,0.0,0.0,0.0,0.0,0.0,0.0,0.0,0.0,0.0,0.0,0.0,23.087925044590246,0.0,0.0,1.2998253040629332e-19,1.5677654234252386e-17,0.0,0.0,0.0,18.459755503915943,112.02830702197991,0.0,0.0
884.0,0,1.1192277191833793,0.0,0.0,0.0,0.0,0.0,0.0,0.0,0.0,0.0,0.0,0.0,23.08792504759549,0.0,0.0,1.2360425019311736e-19,1.4908347224465905e-17,0.0,0.0,0.0,18.459755504460524,112.02830703775831,0.0,0.0
885.0,0,1.1192277193501896,0.0,0.0,0.0,0.0,0.0,0.0,0.0,0.0,0.0,0.0,0.0,23.08792505053158,0.0,0.0,1.175389540274948e-19,1.4176790331276176e-17,0.0,0.0,0.0,18.459755505169994,112.02830705363846,0.0,0.0
886.0,0,1.1192277194356068,0.0,0.0,0.0,0.0,0.0,0.0,0.0,0.0,0.0,0.0,0.0,23.08792505339693,0.0,0.0,1.1177128369204586e-19,1.3481131145586522e-17,0.0,0.0,0.0,18.459755506036505,112.02830706960452,0.0,0.0
887.0,0,1.1192277194178306,0.0,0.0,0.0,0.0,0.0,0.0,0.0,0.0,0.0,0.0,0.0,23.087925056190194,0.0,0.0,1.0628663460154212e-19,1.2819608156548286e-17,0.0,0.0,0.0,18.459755507052428,112.02830708564167,0.0,0.0
888.0,0,1.1192277192773803,0.0,0.0,0.0,0.0,0.0,0.0,0.0,0.0,0.0,0.0,0.0,23.087925058910308,0.0,0.0,1.0107111882195969e-19,1.2190546291157628e-17,0.0,0.0,0.0,18.45975550821036,112.02830710173598,0.0,0.0
889.0,0,1.119227718997126,0.0,0.0,0.0,0.0,0.0,0.0,0.0,0.0,0.0,0.0,0.0,23.087925061556454,0.0,0.0,9.61115299041981e-20,1.1592352672725564e-17,0.0,0.0,0.0,18.459755509503132,112.02830711787439,0.0,0.0
890.0,0,1.1192277185623039,0.0,0.0,0.0,0.0,0.0,0.0,0.0,0.0,0.0,0.0,0.0,23.087925064128086,0.0,0.0,9.13953094434189e-20,1.1023512587481133e-17,0.0,0.0,0.0,18.4597555109238,112.02830713404475,0.0,0.0
891.0,0,1.1192277179605097,0.0,0.0,0.0,0.0,0.0,0.0,0.0,0.0,0.0,0.0,0.0,23.087925066624905,0.0,0.0,8.691051527932693e-20,1.0482585649094475e-17,0.0,0.0,0.0,18.45975551246563,112.02830715023575,0.0,0.0
892.0,0,1.1192277171816771,0.0,0.0,0.0,0.0,0.0,0.0,0.0,0.0,0.0,0.0,0.0,23.08792506904689,0.0,0.0,8.264579125687309e-20,9.968202151407896e-18,0.0,0.0,0.0,18.459755514122126,112.02830716643683,0.0,0.0
893.0,0,1.1192277162180413,0.0,0.0,0.0,0.0,0.0,0.0,0.0,0.0,0.0,0.0,0.0,23.087925071394253,0.0,0.0,7.859033847080807e-20,9.479059600139448e-18,0.0,0.0,0.0,18.459755515886997,112.02830718263826,0.0,0.0
894.0,0,1.119227715064083,0.0,0.0,0.0,0.0,0.0,0.0,0.0,0.0,0.0,0.0,0.0,23.087925073667463,0.0,0.0,7.473388792127419e-20,9.013919414776834e-18,0.0,0.0,0.0,18.45975551775417,112.02830719883102,0.0,0.0
895.0,0,1.119227713716462,0.0,0.0,0.0,0.0,0.0,0.0,0.0,0.0,0.0,0.0,0.0,23.087925075867233,0.0,0.0,7.106667451119509e-20,8.57160379231031e-18,0.0,0.0,0.0,18.4597555197178,112.02830721500683,0.0,0.0
896.0,0,1.1192277121739345,0.0,0.0,0.0,0.0,0.0,0.0,0.0,0.0,0.0,0.0,0.0,23.087925077994484,0.0,0.0,6.75794123196212e-20,8.15099272486313e-18,0.0,0.0,0.0,18.459755521772227,112.02830723115804,0.0,0.0
897.0,0,1.1192277104372628,0.0,0.0,0.0,0.0,0.0,0.0,0.0,0.0,0.0,0.0,0.0,23.087925080050383,0.0,0.0,6.426327108841903e-20,7.751021163667716e-18,0.0,0.0,0.0,18.45975552391203,112.02830724727765,0.0,0.0
898.0,0,1.1192277085091091,0.0,0.0,0.0,0.0,0.0,0.0,0.0,0.0,0.0,0.0,0.0,23.087925082036268,0.0,0.0,6.11098538627656e-20,7.370676322206342e-18,0.0,0.0,0.0,18.45975552613197,112.02830726335931,0.0,0.0
899.0,0,1.1192277063939235,0.0,0.0,0.0,0.0,0.0,0.0,0.0,0.0,0.0,0.0,0.0,23.087925083953696,0.0,0.0,5.811117572883018e-20,7.00899511168748e-18,0.0,0.0,0.0,18.459755528427028,112.02830727939715,0.0,0.0
900.0,0,1.1192277040978222,0.0,0.0,0.0,0.0,0.0,0.0,0.0,0.0,0.0,0.0,0.0,23.087925085804386,0.0,0.0,5.525964359480394e-20,6.665061702364047e-18,0.0,0.0,0.0,18.459755530792375,112.02830729538586,0.0,0.0
901.0,0,1.1192277016284575,0.0,0.0,0.0,0.0,0.0,0.0,0.0,0.0,0.0,0.0,0.0,23.087925087590207,0.0,0.0,5.2548036964080676e-20,6.338005204518494e-18,0.0,0.0,0.0,18.45975553322338,112.02830731132062,0.0,0.0
902.0,0,1.1192276989948846,0.0,0.0,0.0,0.0,0.0,0.0,0.0,0.0,0.0,0.0,0.0,23.087925089313202,0.0,0.0,4.996948965190275e-20,6.026997463242601e-18,0.0,0.0,0.0,18.459755535715598,112.02830732719704,0.0,0.0
903.0,0,1.119227696207423,0.0,0.0,0.0,0.0,0.0,0.0,0.0,0.0,0.0,0.0,0.0,23.087925090975517,0.0,0.0,4.751747239917661e-20,5.731250961428073e-18,0.0,0.0,0.0,18.459755538264776,112.0283073430112,0.0,0.0
904.0,0,1.1192276932775138,0.0,0.0,0.0,0.0,0.0,0.0,0.0,0.0,0.0,0.0,0.0,23.087925092579425,0.0,0.0,4.518577633943342e-20,5.45001682565799e-18,0.0,0.0,0.0,18.459755540866844,112.0283073587595,0.0,0.0
905.0,0,1.1192276902175757,0.0,0.0,0.0,0.0,0.0,0.0,0.0,0.0,0.0,0.0,0.0,23.087925094127275,0.0,0.0,4.2968497277070696e-20,5.182582929949747e-18,0.0,0.0,0.0,18.45975554351791,112.0283073744387,0.0,0.0
906.0,0,1.119227687040859,0.0,0.0,0.0,0.0,0.0,0.0,0.0,0.0,0.0,0.0,0.0,23.087925095621507,0.0,0.0,4.0860020737065016e-20,4.928272092547851e-18,0.0,0.0,0.0,18.45975554621426,112.02830739004588,0.0,0.0
907.0,0,1.1192276837613024,0.0,0.0,0.0,0.0,0.0,0.0,0.0,0.0,0.0,0.0,0.0,23.087925097064623,0.0,0.0,3.8855007748299854e-20,4.686440361200642e-18,0.0,0.0,0.0,18.459755548952344,112.02830740557837,0.0,0.0
908.0,0,1.119227680393388,0.0,0.0,0.0,0.0,0.0,0.0,0.0,0.0,0.0,0.0,0.0,23.08792509845916,0.0,0.0,3.6948381324509444e-20,4.4564753825789615e-18,0.0,0.0,0.0,18.459755551728776,112.0283074210338,0.0,0.0
909.0,0,1.1192276769520004,0.0,0.0,0.0,0.0,0.0,0.0,0.0,0.0,0.0,0.0,0.0,23.087925099807684,0.0,0.0,3.51353136086067e-20,4.237794851707924e-18,0.0,0.0,0.0,18.459755554540326,112.02830743640996,0.0,0.0
910.0,0,1.1192276734522895,0.0,0.0,0.0,0.0,0.0,0.0,0.0,0.0,0.0,0.0,0.0,23.087925101112777,0.0,0.0,3.3411213647842607e-20,4.0298450374855134e-18,0.0,0.0,0.0,18.459755557383932,112.02830745170485,0.0,0.0
911.0,0,1.1192276699095356,0.0,0.0,0.0,0.0,0.0,0.0,0.0,0.0,0.0,0.0,0.0,23.087925102377007,0.0,0.0,3.1771715768842166e-20,3.832099380554413e-18,0.0,0.0,0.0,18.459755560256664,112.02830746691666,0.0,0.0
912.0,0,1.119227666339022,0.0,0.0,0.0,0.0,0.0,0.0,0.0,0.0,0.0,0.0,0.0,23.087925103602938,0.0,0.0,3.021266852308055e-20,3.644057159976666e-18,0.0,0.0,0.0,18.45975556315574,112.0283074820437,0.0,0.0
913.0,0,1.1192276627559106,0.0,0.0,0.0,0.0,0.0,0.0,0.0,0.0,0.0,0.0,0.0,23.08792510479308,0.0,0.0,2.873012417480805e-20,3.4652422253349873e-18,0.0,0.0,0.0,18.45975556607852,112.02830749708436,0.0,0.0
914.0,0,1.1192276591751265,0.0,0.0,0.0,0.0,0.0,0.0,0.0,0.0,0.0,0.0,0.0,23.087925105949907,0.0,0.0,2.732032870480546e-20,3.2952017910502445e-18,0.0,0.0,0.0,18.459755569022494,112.02830751203716,0.0,0.0
915.0,0,1.1192276556112468,0.0,0.0,0.0,0.0,0.0,0.0,0.0,0.0,0.0,0.0,0.0,23.087925107075833,0.0,0.0,2.5979712304658148e-20,3.1335052898621115e-18,0.0,0.0,0.0,18.459755571985273,112.02830752690068,0.0,0.0
916.0,0,1.1192276520784006,0.0,0.0,0.0,0.0,0.0,0.0,0.0,0.0,0.0,0.0,0.0,23.08792510817321,0.0,0.0,2.4704880337478802e-20,2.979743282569769e-18,0.0,0.0,0.0,18.459755574964596,112.02830754167357,0.0,0.0
917.0,0,1.1192276485901724,0.0,0.0,0.0,0.0,0.0,0.0,0.0,0.0,0.0,0.0,0.0,23.08792510924429,0.0,0.0,2.3492604742190108e-20,2.8335264212719337e-18,0.0,0.0,0.0,18.459755577958312,112.02830755635446,0.0,0.0
918.0,0,1.1192276451595184,0.0,0.0,0.0,0.0,0.0,0.0,0.0,0.0,0.0,0.0,0.0,23.087925110291238,0.0,0.0,2.2339815859601774e-20,2.694484463481004e-18,0.0,0.0,0.0,18.459755580964384,112.02830757094208,0.0,0.0
919.0,0,1.1192276417986888,0.0,0.0,0.0,0.0,0.0,0.0,0.0,0.0,0.0,0.0,0.0,23.087925111316128,0.0,0.0,2.124359465958432e-20,2.5622653346149084e-18,0.0,0.0,0.0,18.459755583980872,112.02830758543513,0.0,0.0
920.0,0,1.1192276385191586,0.0,0.0,0.0,0.0,0.0,0.0,0.0,0.0,0.0,0.0,0.0,23.087925112320924,0.0,0.0,2.0201165349657632e-20,2.436534236492744e-18,0.0,0.0,0.0,18.45975558700595,112.02830759983232,0.0,0.0
921.0,0,1.119227635331569,0.0,0.0,0.0,0.0,0.0,0.0,0.0,0.0,0.0,0.0,0.0,23.087925113307463,0.0,0.0,1.9209888346278275e-20,2.3169727995767955e-18,0.0,0.0,0.0,18.459755590037872,112.02830761413233,0.0,0.0
922.0,0,1.1192276322456776,0.0,0.0,0.0,0.0,0.0,0.0,0.0,0.0,0.0,0.0,0.0,23.087925114277482,0.0,0.0,1.8267253591027705e-20,2.203278276814281e-18,0.0,0.0,0.0,18.45975559307499,112.02830762833388,0.0,0.0
923.0,0,1.1192276292703145,0.0,0.0,0.0,0.0,0.0,0.0,0.0,0.0,0.0,0.0,0.0,23.08792511523259,0.0,0.0,1.7370874194777098e-20,2.0951627770375164e-18,0.0,0.0,0.0,18.459755596115734,112.02830764243558,0.0,0.0
924.0,0,1.1192276264133538,0.0,0.0,0.0,0.0,0.0,0.0,0.0,0.0,0.0,0.0,0.0,23.087925116174247,0.0,0.0,1.651848039373481e-20,1.9923525359813526e-18,0.0,0.0,0.0,18.459755599158612,112.0283076564361,0.0,0.0
925.0,0,1.119227623681685,0.0,0.0,0.0,0.0,0.0,0.0,0.0,0.0,0.0,0.0,0.0,23.08792511710381,0.0,0.0,1.570791380207233e-20,1.8945872230719996e-18,0.0,0.0,0.0,18.45975560220221,112.02830767033402,0.0,0.0
926.0,0,1.1192276210812007,0.0,0.0,0.0,0.0,0.0,0.0,0.0,0.0,0.0,0.0,0.0,23.087925118022493,0.0,0.0,1.4937121946575568e-20,1.80161928223192e-18,0.0,0.0,0.0,18.45975560524519,112.02830768412792,0.0,0.0
927.0,0,1.1192276186167898,0.0,0.0,0.0,0.0,0.0,0.0,0.0,0.0,0.0,0.0,0.0,23.087925118931384,0.0,0.0,1.4204153069482322e-20,1.7132133050316196e-18,0.0,0.0,0.0,18.459755608286265,112.02830769781635,0.0,0.0
928.0,0,1.1192276162923374,0.0,0.0,0.0,0.0,0.0,0.0,0.0,0.0,0.0,0.0,0.0,23.087925119831432,0.0,0.0,1.3507151186346075e-20,1.6291454346010569e-18,0.0,0.0,0.0,18.459755611324223,112.02830771139782,0.0,0.0
929.0,0,1.1192276141107342,0.0,0.0,0.0,0.0,0.0,0.0,0.0,0.0,0.0,0.0,0.0,23.087925120723472,0.0,0.0,1.284435138641176e-20,1.5492027987912933e-18,0.0,0.0,0.0,18.4597556143579,112.0283077248708,0.0,0.0
930.0,0,1.1192276120738918,0.0,0.0,0.0,0.0,0.0,0.0,0.0,0.0,0.0,0.0,0.0,23.0879251216082,0.0,0.0,1.2214075363603523e-20,1.4731829711510636e-18,0.0,0.0,0.0,18.459755617386186,112.02830773823375,0.0,0.0
931.0,0,1.1192276101827658,0.0,0.0,0.0,0.0,0.0,0.0,0.0,0.0,0.0,0.0,0.0,23.087925122486183,0.0,0.0,1.1614727166808146e-20,1.4008934583533836e-18,0.0,0.0,0.0,18.459755620408036,112.02830775148513,0.0,0.0
932.0,0,1.119227608437385,0.0,0.0,0.0,0.0,0.0,0.0,0.0,0.0,0.0,0.0,0.0,23.0879251233579,0.0,0.0,1.1044789158693306e-20,1.332151212774278e-18,0.0,0.0,0.0,18.459755623422435,112.02830776462335,0.0,0.0
933.0,0,1.1192276068368856,0.0,0.0,0.0,0.0,0.0,0.0,0.0,0.0,0.0,0.0,0.0,23.087925124223677,0.0,0.0,1.0502818172827789e-20,1.2667821689894133e-18,0.0,0.0,0.0,18.45975562642841,112.02830777764677,0.0,0.0
934.0,0,1.119227605379553,0.0,0.0,0.0,0.0,0.0,0.0,0.0,0.0,0.0,0.0,0.0,23.087925125083746,0.0,0.0,9.987441859372906e-21,1.204620803014974e-18,0.0,0.0,0.0,18.459755629425047,112.0283077905539,0.0,0.0
935.0,0,1.119227604062865,0.0,0.0,0.0,0.0,0.0,0.0,0.0,0.0,0.0,0.0,0.0,23.087925125938256,0.0,0.0,9.497355210091928e-21,1.145509713176716e-18,0.0,0.0,0.0,18.45975563241145,112.02830780334304,0.0,0.0
936.0,0,1.119227602883542,0.0,0.0,0.0,0.0,0.0,0.0,0.0,0.0,0.0,0.0,0.0,23.087925126787216,0.0,0.0,9.031317253878238e-21,1.089299221545895e-18,0.0,0.0,0.0,18.459755635386777,112.0283078160127,0.0,0.0
937.0,0,1.1192276018375988,0.0,0.0,0.0,0.0,0.0,0.0,0.0,0.0,0.0,0.0,0.0,23.087925127630584,0.0,0.0,8.588147914434935e-21,1.0358469949328505e-18,0.0,0.0,0.0,18.4597556383502,112.02830782856127,0.0,0.0
938.0,0,1.1192276009204025,0.0,0.0,0.0,0.0,0.0,0.0,0.0,0.0,0.0,0.0,0.0,23.087925128468207,0.0,0.0,8.166725022148968e-21,9.850176844785426e-19,0.0,0.0,0.0,18.459755641300934,112.02830784098722,0.0,0.0
939.0,0,1.1192276001267292,0.0,0.0,0.0,0.0,0.0,0.0,0.0,0.0,0.0,0.0,0.0,23.087925129299876,0.0,0.0,7.765981472593484e-21,9.366825829314375e-19,0.0,0.0,0.0,18.459755644238225,112.02830785328905,0.0,0.0
940.0000000000001,0,1.1192275994508245,0.0,0.0,0.0,0.0,0.0,0.0,0.0,0.0,0.0,0.0,0.0,23.0879251301253,0.0,0.0,7.384902524463268e-21,8.907192987419117e-19,0.0,0.0,0.0,18.45975564716134,112.0283078654653,0.0,0.0
941.0000000000001,0,1.1192275988864682,0.0,0.0,0.0,0.0,0.0,0.0,0.0,0.0,0.0,0.0,0.0,23.08792513094412,0.0,0.0,7.02252323010129e-21,8.47011446148942e-19,0.0,0.0,0.0,18.45975565006957,112.02830787751452,0.0,0.0
942.0000000000001,0,1.1192275984270341,0.0,0.0,0.0,0.0,0.0,0.0,0.0,0.0,0.0,0.0,0.0,23.087925131755952,0.0,0.0,6.677925992110029e-21,8.054483504743269e-19,0.0,0.0,0.0,18.459755652962244,112.02830788943538,0.0,0.0
943.0000000000001,0,1.1192275980655553,0.0,0.0,0.0,0.0,0.0,0.0,0.0,0.0,0.0,0.0,0.0,23.08792513256033,0.0,0.0,6.350238239860621e-21,7.659247678782084e-19,0.0,0.0,0.0,18.45975565583869,112.02830790122658,0.0,0.0
944.0000000000001,0,1.1192275977947863,0.0,0.0,0.0,0.0,0.0,0.0,0.0,0.0,0.0,0.0,0.0,23.087925133356773,0.0,0.0,6.038630220016324e-21,7.283406188662699e-19,0.0,0.0,0.0,18.459755658698292,112.02830791288687,0.0,0.0
945.0000000000001,0,1.1192275976072663,0.0,0.0,0.0,0.0,0.0,0.0,0.0,0.0,0.0,0.0,0.0,23.087925134144765,0.0,0.0,5.7423128954756746e-21,6.92600734873812e-19,0.0,0.0,0.0,18.459755661540424,112.02830792441509,0.0,0.0
946.0000000000001,0,1.119227597495381,0.0,0.0,0.0,0.0,0.0,0.0,0.0,0.0,0.0,0.0,0.0,23.087925134923758,0.0,0.0,5.4605359474150886e-21,6.58614617285022e-19,0.0,0.0,0.0,18.459755664364494,112.02830793581022,0.0,0.0
947.0000000000001,0,1.119227597451423,0.0,0.0,0.0,0.0,0.0,0.0,0.0,0.0,0.0,0.0,0.0,23.087925135693204,0.0,0.0,5.1925858753718115e-21,6.262962082772366e-19,0.0,0.0,0.0,18.459755667169933,112.0283079470712,0.0,0.0
948.0000000000001,0,1.1192275974676498,0.0,0.0,0.0,0.0,0.0,0.0,0.0,0.0,0.0,0.0,0.0,23.087925136452526,0.0,0.0,4.9377841905563476e-21,5.955636729099421e-19,0.0,0.0,0.0,18.459755669956195,112.02830795819719,0.0,0.0
949.0000000000001,0,1.119227597536341,0.0,0.0,0.0,0.0,0.0,0.0,0.0,0.0,0.0,0.0,0.0,23.087925137201154,0.0,0.0,4.695485697819559e-21,5.663391919067322e-19,0.0,0.0,0.0,18.45975567272274,112.02830796918738,0.0,0.0
950.0000000000001,0,1.1192275976498505,0.0,0.0,0.0,0.0,0.0,0.0,0.0,0.0,0.0,0.0,0.0,23.08792513793854,0.0,0.0,4.465076861924154e-21,5.385487646055119e-19,0.0,0.0,0.0,18.459755675469054,112.0283079800411,0.0,0.0
951.0000000000001,0,1.1192275978006576,0.0,0.0,0.0,0.0,0.0,0.0,0.0,0.0,0.0,0.0,0.0,23.08792513866411,0.0,0.0,4.245974253983682e-21,5.121220215779936e-19,0.0,0.0,0.0,18.459755678194647,112.02830799075775,0.0,0.0
952.0000000000001,0,1.1192275979814168,0.0,0.0,0.0,0.0,0.0,0.0,0.0,0.0,0.0,0.0,0.0,23.087925139377344,0.0,0.0,4.037623074135229e-21,4.8699204644400875e-19,0.0,0.0,0.0,18.45975568089905,112.02830800133688,0.0,0.0
953.0000000000001,0,1.1192275981850006,0.0,0.0,0.0,0.0,0.0,0.0,0.0,0.0,0.0,0.0,0.0,23.087925140077715,0.0,0.0,3.839495746704984e-21,4.63095206429441e-19,0.0,0.0,0.0,18.459755683581797,112.02830801177808,0.0,0.0
954.0000000000001,0,1.1192275984045414,0.0,0.0,0.0,0.0,0.0,0.0,0.0,0.0,0.0,0.0,0.0,23.08792514076473,0.0,0.0,3.651090584309439e-21,4.403709912387316e-19,0.0,0.0,0.0,18.459755686242445,112.02830802208118,0.0,0.0
955.0000000000001,0,1.119227598633468,0.0,0.0,0.0,0.0,0.0,0.0,0.0,0.0,0.0,0.0,0.0,23.087925141437935,0.0,0.0,3.471930517509521e-21,4.1876185983395715e-19,0.0,0.0,0.0,18.459755688880584,112.02830803224597,0.0,0.0
956.0000000000001,0,1.1192275988655405,0.0,0.0,0.0,0.0,0.0,0.0,0.0,0.0,0.0,0.0,0.0,23.0879251420969,0.0,0.0,3.301561886800971e-21,3.982130947325019e-19,0.0,0.0,0.0,18.45975569149581,112.02830804227249,0.0,0.0
957.0000000000001,0,1.119227599094879,0.0,0.0,0.0,0.0,0.0,0.0,0.0,0.0,0.0,0.0,0.0,23.087925142741245,0.0,0.0,3.1395532938820953e-21,3.786726634543853e-19,0.0,0.0,0.0,18.45975569408775,112.02830805216081,0.0,0.0
958.0000000000001,0,1.1192275993159904,0.0,0.0,0.0,0.0,0.0,0.0,0.0,0.0,0.0,0.0,0.0,23.08792514337062,0.0,0.0,2.9854945092901478e-21,3.6009108676840937e-19,0.0,0.0,0.0,18.459755696656032,112.02830806191113,0.0,0.0
959.0000000000001,0,1.1192275995237884,0.0,0.0,0.0,0.0,0.0,0.0,0.0,0.0,0.0,0.0,0.0,23.08792514398472,0.0,0.0,2.838995433640295e-21,3.424213134035052e-19,0.0,0.0,0.0,18.459755699200322,112.02830807152381,0.0,0.0
960.0,0,1.1192275997136132,0.0,0.0,0.0,0.0,0.0,0.0,0.0,0.0,0.0,0.0,0.0,23.087925144583295,0.0,0.0,2.699685109836905e-21,3.2561860090803006e-19,0.0,0.0,0.0,18.4597557017203,112.02830808099927,0.0,0.0
961.0,0,1.119227599881245,0.0,0.0,0.0,0.0,0.0,0.0,0.0,0.0,0.0,0.0,0.0,23.087925145166132,0.0,0.0,2.5672107837558917e-21,3.0964040235533313e-19,0.0,0.0,0.0,18.459755704215667,112.02830809033804,0.0,0.0
962.0,0,1.1192276000229144,0.0,0.0,0.0,0.0,0.0,0.0,0.0,0.0,0.0,0.0,0.0,23.087925145733067,0.0,0.0,2.4412370110196647e-21,2.944462586087113e-19,0.0,0.0,0.0,18.45975570668614,112.0283080995408,0.0,0.0
963.0,0,1.1192276001353072,0.0,0.0,0.0,0.0,0.0,0.0,0.0,0.0,0.0,0.0,0.0,23.087925146283997,0.0,0.0,2.3214448076028768e-21,2.799976958729554e-19,0.0,0.0,0.0,18.459755709131453,112.02830810860829,0.0,0.0
964.0,0,1.1192276002155692,0.0,0.0,0.0,0.0,0.0,0.0,0.0,0.0,0.0,0.0,0.0,23.087925146818858,0.0,0.0,2.2075308421182003e-21,2.662581282730708e-19,0.0,0.0,0.0,18.459755711551374,112.02830811754137,0.0,0.0
965.0,0,1.1192276002613037,0.0,0.0,0.0,0.0,0.0,0.0,0.0,0.0,0.0,0.0,0.0,23.087925147337632,0.0,0.0,2.0992066677368677e-21,2.531927652134887e-19,0.0,0.0,0.0,18.459755713945682,112.02830812634096,0.0,0.0
966.0,0,1.1192276002705688,0.0,0.0,0.0,0.0,0.0,0.0,0.0,0.0,0.0,0.0,0.0,23.087925147840366,0.0,0.0,1.9961979917990988e-21,2.407685232831877e-19,0.0,0.0,0.0,18.459755716314177,112.02830813500812,0.0,0.0
967.0,0,1.1192276002418686,0.0,0.0,0.0,0.0,0.0,0.0,0.0,0.0,0.0,0.0,0.0,23.08792514832714,0.0,0.0,1.8982439812649467e-21,2.289539424836559e-19,0.0,0.0,0.0,18.459755718656684,112.028308143544,0.0,0.0
968.0,0,1.1192276001741444,0.0,0.0,0.0,0.0,0.0,0.0,0.0,0.0,0.0,0.0,0.0,23.087925148798085,0.0,0.0,1.805096602246879e-21,2.1771910656757177e-19,0.0,0.0,0.0,18.45975572097305,112.02830815194974,0.0,0.0
969.0,0,1.11922760006676,0.0,0.0,0.0,0.0,0.0,0.0,0.0,0.0,0.0,0.0,0.0,23.087925149253383,0.0,0.0,1.716519991951678e-21,2.0703556728648813e-19,0.0,0.0,0.0,18.459755723263132,112.0283081602267,0.0,0.0
970.0,0,1.1192275999194874,0.0,0.0,0.0,0.0,0.0,0.0,0.0,0.0,0.0,0.0,0.0,23.087925149693245,0.0,0.0,1.632289861441338e-21,1.9687627235570462e-19,0.0,0.0,0.0,18.45975572552682,112.02830816837617,0.0,0.0
971.0,0,1.1192275997324879,0.0,0.0,0.0,0.0,0.0,0.0,0.0,0.0,0.0,0.0,0.0,23.087925150117936,0.0,0.0,1.5521929277006563e-21,1.872154969539247e-19,0.0,0.0,0.0,18.459755727764012,112.02830817639956,0.0,0.0
972.0,0,1.119227599506292,0.0,0.0,0.0,0.0,0.0,0.0,0.0,0.0,0.0,0.0,0.0,23.087925150527763,0.0,0.0,1.4760263735734303e-21,1.7802877858424368e-19,0.0,0.0,0.0,18.45975572997464,112.02830818429837,0.0,0.0
973.0,0,1.1192275992417775,0.0,0.0,0.0,0.0,0.0,0.0,0.0,0.0,0.0,0.0,0.0,23.087925150923056,0.0,0.0,1.4035973341997406e-21,1.6929285513152725e-19,0.0,0.0,0.0,18.459755732158648,112.02830819207408,0.0,0.0
974.0,0,1.1192275989401468,0.0,0.0,0.0,0.0,0.0,0.0,0.0,0.0,0.0,0.0,0.0,23.08792515130418,0.0,0.0,1.3347224086539055e-21,1.6098560595933233e-19,0.0,0.0,0.0,18.459755734316005,112.02830819972829,0.0,0.0
975.0,0,1.1192275986029003,0.0,0.0,0.0,0.0,0.0,0.0,0.0,0.0,0.0,0.0,0.0,23.08792515167154,0.0,0.0,1.2692271955465021e-21,1.5308599589721867e-19,0.0,0.0,0.0,18.459755736446688,112.02830820726255,0.0,0.0
976.0,0,1.1192275982318114,0.0,0.0,0.0,0.0,0.0,0.0,0.0,0.0,0.0,0.0,0.0,23.087925152025566,0.0,0.0,1.2069458514145284e-21,1.455740219766195e-19,0.0,0.0,0.0,18.45975573855071,112.02830821467855,0.0,0.0
977.0,0,1.1192275978288997,0.0,0.0,0.0,0.0,0.0,0.0,0.0,0.0,0.0,0.0,0.0,23.087925152366708,0.0,0.0,1.1477206707814906e-21,1.384306627803982e-19,0.0,0.0,0.0,18.459755740628086,112.02830822197791,0.0,0.0
978.0,0,1.119227597396402,0.0,0.0,0.0,0.0,0.0,0.0,0.0,0.0,0.0,0.0,0.0,23.087925152695433,0.0,0.0,1.0914016868240574e-21,1.316378302778368e-19,0.0,0.0,0.0,18.45975574267886,112.02830822916233,0.0,0.0
979.0,0,1.1192275969367464,0.0,0.0,0.0,0.0,0.0,0.0,0.0,0.0,0.0,0.0,0.0,23.08792515301224,0.0,0.0,1.0378462916341227e-21,1.2517832402309562e-19,0.0,0.0,0.0,18.45975574470308,112.02830823623351,0.0,0.0
980.0,0,1.1192275964525222,0.0,0.0,0.0,0.0,0.0,0.0,0.0,0.0,0.0,0.0,0.0,23.087925153317624,0.0,0.0,9.869188751147144e-22,1.1903578760116748e-19,0.0,0.0,0.0,18.45975574670083,112.02830824319315,0.0,0.0
981.0,0,1.1192275959464522,0.0,0.0,0.0,0.0,0.0,0.0,0.0,0.0,0.0,0.0,0.0,23.087925153612105,0.0,0.0,9.38490481595386e-22,1.1319466721104169e-19,0.0,0.0,0.0,18.459755748672197,112.02830825004295,0.0,0.0
982.0,0,1.1192275954213655,0.0,0.0,0.0,0.0,0.0,0.0,0.0,0.0,0.0,0.0,0.0,23.0879251538962,0.0,0.0,8.924384832975902e-22,1.0764017228120405e-19,0.0,0.0,0.0,18.45975575061729,112.02830825678467,0.0,0.0
983.0,0,1.1192275948801693,0.0,0.0,0.0,0.0,0.0,0.0,0.0,0.0,0.0,0.0,0.0,23.08792515417045,0.0,0.0,8.486462698232001e-22,1.0235823801774543e-19,0.0,0.0,0.0,18.459755752536225,112.02830826341997,0.0,0.0
984.0,0,1.1192275943258227,0.0,0.0,0.0,0.0,0.0,0.0,0.0,0.0,0.0,0.0,0.0,23.087925154435375,0.0,0.0,8.070029528799196e-22,9.733548979024569e-20,0.0,0.0,0.0,18.45975575442914,112.02830826995059,0.0,0.0
985.0,0,1.1192275937613103,0.0,0.0,0.0,0.0,0.0,0.0,0.0,0.0,0.0,0.0,0.0,23.087925154691497,0.0,0.0,7.674030854958996e-22,9.255920926525251e-20,0.0,0.0,0.0,18.45975575629618,112.02830827637818,0.0,0.0
986.0,0,1.119227593189616,0.0,0.0,0.0,0.0,0.0,0.0,0.0,0.0,0.0,0.0,0.0,23.08792515493935,0.0,0.0,7.297463950125787e-22,8.80173022016e-20,0.0,0.0,0.0,18.459755758137515,112.02830828270442,0.0,0.0
987.0,0,1.1192275926137023,0.0,0.0,0.0,0.0,0.0,0.0,0.0,0.0,0.0,0.0,0.0,23.087925155179445,0.0,0.0,6.93937529179637e-22,8.369826782602046e-20,0.0,0.0,0.0,18.45975575995331,112.02830828893096,0.0,0.0
988.0,0,1.1192275920364843,0.0,0.0,0.0,0.0,0.0,0.0,0.0,0.0,0.0,0.0,0.0,23.087925155412293,0.0,0.0,6.598858147091485e-22,7.959116971150369e-20,0.0,0.0,0.0,18.459755761743754,112.02830829505942,0.0,0.0
989.0,0,1.1192275914608094,0.0,0.0,0.0,0.0,0.0,0.0,0.0,0.0,0.0,0.0,0.0,23.08792515563838,0.0,0.0,6.27505027677547e-22,7.568560808466347e-20,0.0,0.0,0.0,18.459755763509044,112.02830830109136,0.0,0.0
990.0,0,1.1192275908894391,0.0,0.0,0.0,0.0,0.0,0.0,0.0,0.0,0.0,0.0,0.0,23.08792515585819,0.0,0.0,5.967131751940356e-22,7.197169349198968e-20,0.0,0.0,0.0,18.459755765249383,112.0283083070284,0.0,0.0
991.0,0,1.1192275903250284,0.0,0.0,0.0,0.0,0.0,0.0,0.0,0.0,0.0,0.0,0.0,23.087925156072192,0.0,0.0,5.674322877825898e-22,6.844002175830495e-20,0.0,0.0,0.0,18.459755766964985,112.02830831287204,0.0,0.0
992.0,0,1.1192275897701098,0.0,0.0,0.0,0.0,0.0,0.0,0.0,0.0,0.0,0.0,0.0,23.087925156280825,0.0,0.0,5.395882219518354e-22,6.508165017401708e-20,0.0,0.0,0.0,18.45975576865607,112.02830831862377,0.0,0.0
993.0,0,1.1192275892270795,0.0,0.0,0.0,0.0,0.0,0.0,0.0,0.0,0.0,0.0,0.0,23.087925156484516,0.0,0.0,5.1311047245288e-22,6.188807485086987e-20,0.0,0.0,0.0,18.459755770322865,112.02830832428506,0.0,0.0
994.0,0,1.1192275886981824,0.0,0.0,0.0,0.0,0.0,0.0,0.0,0.0,0.0,0.0,0.0,23.087925156683667,0.0,0.0,4.879319937497058e-22,5.885120918885362e-20,0.0,0.0,0.0,18.45975577196561,112.02830832985734,0.0,0.0
995.0,0,1.119227588185501,0.0,0.0,0.0,0.0,0.0,0.0,0.0,0.0,0.0,0.0,0.0,23.08792515687866,0.0,0.0,4.639890302500619e-22,5.59633633997508e-20,0.0,0.0,0.0,18.459755773584543,112.02830833534199,0.0,0.0
996.0,0,1.1192275876909465,0.0,0.0,0.0,0.0,0.0,0.0,0.0,0.0,0.0,0.0,0.0,23.087925157069854,0.0,0.0,4.412209548669765e-22,5.321722503546701e-20,0.0,0.0,0.0,18.459755775179907,112.02830834074032,0.0,0.0
997.0,0,1.11922758721625,0.0,0.0,0.0,0.0,0.0,0.0,0.0,0.0,0.0,0.0,0.0,23.08792515725758,0.0,0.0,4.195701155021015e-22,5.060584047184248e-20,0.0,0.0,0.0,18.45975577675196,112.02830834605368,0.0,0.0
998.0,0,1.1192275867629562,0.0,0.0,0.0,0.0,0.0,0.0,0.0,0.0,0.0,0.0,0.0,23.087925157442143,0.0,0.0,3.989816890621634e-22,4.812259730105818e-20,0.0,0.0,0.0,18.45975577830095,112.02830835128331,0.0,0.0
999.0,0,1.1192275863324184,0.0,0.0,0.0,0.0,0.0,0.0,0.0,0.0,0.0,0.0,0.0,23.087925157623836,0.0,0.0,3.7940354263886917e-22,4.5761207588051696e-20,0.0,0.0,0.0,18.459755779827127,112.02830835643044,0.0,0.0
1000.0,0,1.119227585925796,0.0,0.0,0.0,0.0,0.0,0.0,0.0,0.0,0.0,0.0,0.0,23.0879251578029,0.0,0.0,3.6078610150075445e-22,4.351569194854561e-20,0.0,0.0,0.0,18.45975578133076,112.02830836149627,0.0,0.0
1001.0000000000001,0,1.119227585544054,0.0,0.0,0.0,0.0,0.0,0.0,0.0,0.0,0.0,0.0,0.0,23.087925157979583,0.0,0.0,3.430822235627102e-22,4.138036440837157e-20,0.0,0.0,0.0,18.459755782812106,112.02830836648191,0.0,0.0
1002.0,0,1.1192275851879618,0.0,0.0,0.0,0.0,0.0,0.0,0.0,0.0,0.0,0.0,0.0,23.08792515815407,0.0,0.0,3.26247080015324e-22,3.9349818005751706e-20,0.0,0.0,0.0,18.459755784271422,112.02830837138853,0.0,0.0
1003.0000000000001,0,1.119227584858095,0.0,0.0,0.0,0.0,0.0,0.0,0.0,0.0,0.0,0.0,0.0,23.08792515832656,0.0,0.0,3.102380418117761e-22,3.7418911100080265e-20,0.0,0.0,0.0,18.459755785708975,112.02830837621715,0.0,0.0
1004.0,0,1.1192275845548394,0.0,0.0,0.0,0.0,0.0,0.0,0.0,0.0,0.0,0.0,0.0,23.087925158497193,0.0,0.0,2.950145717248552e-22,3.558275435253724e-20,0.0,0.0,0.0,18.459755787125022,112.02830838096884,0.0,0.0
1005.0000000000001,0,1.1192275842783947,0.0,0.0,0.0,0.0,0.0,0.0,0.0,0.0,0.0,0.0,0.0,23.087925158666103,0.0,0.0,2.805381217007671e-22,3.383669834556709e-20,0.0,0.0,0.0,18.459755788519832,112.02830838564459,0.0,0.0
1006.0,0,1.11922758402878,0.0,0.0,0.0,0.0,0.0,0.0,0.0,0.0,0.0,0.0,0.0,23.087925158833393,0.0,0.0,2.6677203524982255e-22,3.217632180987314e-20,0.0,0.0,0.0,18.459755789893656,112.02830839024539,0.0,0.0
1007.0000000000001,0,1.1192275838058414,0.0,0.0,0.0,0.0,0.0,0.0,0.0,0.0,0.0,0.0,0.0,23.087925158999155,0.0,0.0,2.53681454626842e-22,3.059742042911684e-20,0.0,0.0,0.0,18.459755791246756,112.02830839477218,0.0,0.0
1008.0,0,1.1192275836092596,0.0,0.0,0.0,0.0,0.0,0.0,0.0,0.0,0.0,0.0,0.0,23.08792515916344,0.0,0.0,2.4123323256624315e-22,2.909599619397353e-20,0.0,0.0,0.0,18.45975579257939,112.02830839922584,0.0,0.0
1009.0000000000001,0,1.1192275834385583,0.0,0.0,0.0,0.0,0.0,0.0,0.0,0.0,0.0,0.0,0.0,23.087925159326304,0.0,0.0,2.293958483483156e-22,2.7668247278587907e-20,0.0,0.0,0.0,18.459755793891812,112.0283084036073,0.0,0.0
1010.0,0,1.1192275832931136,0.0,0.0,0.0,0.0,0.0,0.0,0.0,0.0,0.0,0.0,0.0,23.087925159487746,0.0,0.0,2.1813932798414573e-22,2.6310558413794643e-20,0.0,0.0,0.0,18.459755795184275,112.0283084079174,0.0,0.0
1011.0000000000001,0,1.1192275831721643,0.0,0.0,0.0,0.0,0.0,0.0,0.0,0.0,0.0,0.0,0.0,23.087925159647796,0.0,0.0,2.0743516831709094e-22,2.5019491732727853e-20,0.0,0.0,0.0,18.459755796457028,112.02830841215696,0.0,0.0
1012.0,0,1.1192275830748242,0.0,0.0,0.0,0.0,0.0,0.0,0.0,0.0,0.0,0.0,0.0,23.087925159806417,0.0,0.0,1.9725626484861631e-22,2.3791778065639167e-20,0.0,0.0,0.0,18.45975579771032,112.02830841632685,0.0,0.0
1013.0000000000001,0,1.119227583000091,0.0,0.0,0.0,0.0,0.0,0.0,0.0,0.0,0.0,0.0,0.0,23.0879251599636,0.0,0.0,1.8757684310573874e-22,2.2624308661881565e-20,0.0,0.0,0.0,18.45975579894439,112.02830842042783,0.0,0.0
1014.0,0,1.1192275829468614,0.0,0.0,0.0,0.0,0.0,0.0,0.0,0.0,0.0,0.0,0.0,23.087925160119294,0.0,0.0,1.7837239337628944e-22,2.1514127318097868e-20,0.0,0.0,0.0,18.45975580015948,112.0283084244607,0.0,0.0
1015.0000000000001,0,1.119227582913939,0.0,0.0,0.0,0.0,0.0,0.0,0.0,0.0,0.0,0.0,0.0,23.087925160273443,0.0,0.0,1.6961960864673676e-22,2.0458422892681266e-20,0.0,0.0,0.0,18.459755801355833,112.02830842842619,0.0,0.0
1016.0,0,1.1192275829000498,0.0,0.0,0.0,0.0,0.0,0.0,0.0,0.0,0.0,0.0,0.0,23.08792516042599,0.0,0.0,1.612963255854174e-22,1.9454522187553455e-20,0.0,0.0,0.0,18.459755802533678,112.0283084323251,0.0,0.0
1017.0000000000001,0,1.1192275829038538,0.0,0.0,0.0,0.0,0.0,0.0,0.0,0.0,0.0,0.0,0.0,23.08792516057685,0.0,0.0,1.5338146842173783e-22,1.849988317923595e-20,0.0,0.0,0.0,18.45975580369325,112.02830843615817,0.0,0.0
1018.0,0,1.1192275829239564,0.0,0.0,0.0,0.0,0.0,0.0,0.0,0.0,0.0,0.0,0.0,23.087925160725952,0.0,0.0,1.45854995579239e-22,1.7592088582074652e-20,0.0,0.0,0.0,18.459755804834764,112.02830843992612,0.0,0.0
1019.0000000000001,0,1.1192275829589224,0.0,0.0,0.0,0.0,0.0,0.0,0.0,0.0,0.0,0.0,0.0,23.087925160873198,0.0,0.0,1.386978489273926e-22,1.6728839727318915e-20,0.0,0.0,0.0,18.459755805958455,112.0283084436297,0.0,0.0
1020.0,0,1.1192275830072849,0.0,0.0,0.0,0.0,0.0,0.0,0.0,0.0,0.0,0.0,0.0,23.087925161018497,0.0,0.0,1.318919055236256e-22,1.59079507425559e-20,0.0,0.0,0.0,18.45975580706454,112.02830844726961,0.0,0.0
1021.0000000000001,0,1.1192275830675606,0.0,0.0,0.0,0.0,0.0,0.0,0.0,0.0,0.0,0.0,0.0,23.087925161161753,0.0,0.0,1.2541993172337804e-22,1.5127343016761774e-20,0.0,0.0,0.0,18.459755808153236,112.02830845084657,0.0,0.0
1022.0,0,1.1192275831382583,0.0,0.0,0.0,0.0,0.0,0.0,0.0,0.0,0.0,0.0,0.0,23.087925161302874,0.0,0.0,1.192655395419933e-22,1.4385039936954483e-20,0.0,0.0,0.0,18.459755809224752,112.02830845436131,0.0,0.0
1023.0000000000001,0,1.1192275832178922,0.0,0.0,0.0,0.0,0.0,0.0,0.0,0.0,0.0,0.0,0.0,23.087925161441753,0.0,0.0,1.134131451579429e-22,1.3679161883120408e-20,0.0,0.0,0.0,18.459755810279304,112.02830845781455,0.0,0.0
1024.0,0,1.1192275833049905,0.0,0.0,0.0,0.0,0.0,0.0,0.0,0.0,0.0,0.0,0.0,23.087925161578283,0.0,0.0,1.0784792945231038e-22,1.3007921468741517e-20,0.0,0.0,0.0,18.459755811317095,112.02830846120699,0.0,0.0
1025.0,0,1.1192275833981067,0.0,0.0,0.0,0.0,0.0,0.0,0.0,0.0,0.0,0.0,0.0,23.087925161712384,0.0,0.0,1.0255580048461364e-22,1.236961901487112e-20,0.0,0.0,0.0,18.45975581233833,112.02830846453938,0.0,0.0
1026.0,0,1.1192275834958272,0.0,0.0,0.0,0.0,0.0,0.0,0.0,0.0,0.0,0.0,0.0,23.08792516184395,0.0,0.0,9.752335780994973e-23,1.1762638246298102e-20,0.0,0.0,0.0,18.4597558133432,112.0283084678124,0.0,0.0
1027.0,0,1.119227583596782,0.0,0.0,0.0,0.0,0.0,0.0,0.0,0.0,0.0,0.0,0.0,23.087925161972887,0.0,0.0,9.273785854710752e-23,1.1185442198901586e-20,0.0,0.0,0.0,18.459755814331917,112.02830847102675,0.0,0.0
1028.0,0,1.1192275836996513,0.0,0.0,0.0,0.0,0.0,0.0,0.0,0.0,0.0,0.0,0.0,23.08792516209912,0.0,0.0,8.818718511172804e-23,1.0636569327832884e-20,0.0,0.0,0.0,18.45975581530467,112.0283084741832,0.0,0.0
1029.0,0,1.1192275838031733,0.0,0.0,0.0,0.0,0.0,0.0,0.0,0.0,0.0,0.0,0.0,23.087925162222554,0.0,0.0,8.385981453280766e-23,1.011462980667008e-20,0.0,0.0,0.0,18.45975581626165,112.0283084772825,0.0,0.0
1030.0,0,1.119227583906151,0.0,0.0,0.0,0.0,0.0,0.0,0.0,0.0,0.0,0.0,0.0,23.087925162343137,0.0,0.0,7.974478927484949e-23,9.618302008174167e-21,0.0,0.0,0.0,18.459755817203053,112.02830848032534,0.0,0.0
1031.0,0,1.1192275840074568,0.0,0.0,0.0,0.0,0.0,0.0,0.0,0.0,0.0,0.0,0.0,23.087925162460778,0.0,0.0,7.583168949178024e-23,9.14632915773551e-21,0.0,0.0,0.0,18.45975581812906,112.02830848331251,0.0,0.0
1032.0,0,1.1192275841060388,0.0,0.0,0.0,0.0,0.0,0.0,0.0,0.0,0.0,0.0,0.0,23.08792516257543,0.0,0.0,7.211060664237522e-23,8.697516151036618e-21,0.0,0.0,0.0,18.45975581903986,112.02830848624471,0.0,0.0
1033.0,0,1.1192275842009245,0.0,0.0,0.0,0.0,0.0,0.0,0.0,0.0,0.0,0.0,0.0,23.087925162687046,0.0,0.0,6.857211840038217e-23,8.270726527873158e-21,0.0,0.0,0.0,18.459755819935637,112.02830848912271,0.0,0.0
1034.0,0,1.1192275842912238,0.0,0.0,0.0,0.0,0.0,0.0,0.0,0.0,0.0,0.0,0.0,23.087925162795575,0.0,0.0,6.520726479581239e-23,7.864879594470415e-21,0.0,0.0,0.0,18.45975582081657,112.02830849194731,0.0,0.0
1035.0,0,1.1192275843761335,0.0,0.0,0.0,0.0,0.0,0.0,0.0,0.0,0.0,0.0,0.0,23.08792516290099,0.0,0.0,6.200752552698587e-23,7.478947687008542e-21,0.0,0.0,0.0,18.459755821682847,112.0283084947192,0.0,0.0
1036.0,0,1.1192275844549366,0.0,0.0,0.0,0.0,0.0,0.0,0.0,0.0,0.0,0.0,0.0,23.087925163003263,0.0,0.0,5.896479838588055e-23,7.111953569427376e-21,0.0,0.0,0.0,18.459755822534643,112.02830849743921,0.0,0.0
1037.0,0,1.1192275845270063,0.0,0.0,0.0,0.0,0.0,0.0,0.0,0.0,0.0,0.0,0.0,23.087925163102383,0.0,0.0,5.607137874215616e-23,6.762967958921765e-21,0.0,0.0,0.0,18.459755823372138,112.0283085001081,0.0,0.0
1038.0,0,1.1192275845918032,0.0,0.0,0.0,0.0,0.0,0.0,0.0,0.0,0.0,0.0,0.0,23.087925163198342,0.0,0.0,5.331994003390286e-23,6.431107172861509e-21,0.0,0.0,0.0,18.4597558241955,112.02830850272662,0.0,0.0
1039.0,0,1.119227584648878,0.0,0.0,0.0,0.0,0.0,0.0,0.0,0.0,0.0,0.0,0.0,23.087925163291146,0.0,0.0,5.070351521571432e-23,6.115530891177655e-21,0.0,0.0,0.0,18.459755825004915,112.02830850529558,0.0,0.0
1040.0,0,1.1192275846978705,0.0,0.0,0.0,0.0,0.0,0.0,0.0,0.0,0.0,0.0,0.0,23.0879251633808,0.0,0.0,4.8215479117109515e-23,5.815440028549119e-21,0.0,0.0,0.0,18.459755825800553,112.02830850781578,0.0,0.0
1041.0,0,1.1192275847385074,0.0,0.0,0.0,0.0,0.0,0.0,0.0,0.0,0.0,0.0,0.0,23.08792516346734,0.0,0.0,4.584953166663143e-23,5.53007471100172e-21,0.0,0.0,0.0,18.459755826582594,112.02830851028799,0.0,0.0
1042.0,0,1.119227584770599,0.0,0.0,0.0,0.0,0.0,0.0,0.0,0.0,0.0,0.0,0.0,23.087925163550786,0.0,0.0,4.359968193914451e-23,5.2587123517961064e-21,0.0,0.0,0.0,18.45975582735121,112.02830851271301,0.0,0.0
1043.0,0,1.1192275847940392,0.0,0.0,0.0,0.0,0.0,0.0,0.0,0.0,0.0,0.0,0.0,23.08792516363118,0.0,0.0,4.146023298593545e-23,5.0006658217323944e-21,0.0,0.0,0.0,18.45975582810657,112.02830851509164,0.0,0.0
1044.0,0,1.1192275848088,0.0,0.0,0.0,0.0,0.0,0.0,0.0,0.0,0.0,0.0,0.0,23.087925163708576,0.0,0.0,3.942576740920551e-23,4.755281709238484e-21,0.0,0.0,0.0,18.459755828848845,112.02830851742468,0.0,0.0
1045.0,0,1.1192275848149298,0.0,0.0,0.0,0.0,0.0,0.0,0.0,0.0,0.0,0.0,0.0,23.087925163783027,0.0,0.0,3.7491133644426626e-23,4.521938665836363e-21,0.0,0.0,0.0,18.459755829578214,112.02830851971291,0.0,0.0
1046.0,0,1.1192275848125486,0.0,0.0,0.0,0.0,0.0,0.0,0.0,0.0,0.0,0.0,0.0,23.087925163854592,0.0,0.0,3.5651432915826223e-23,4.3000458327968324e-21,0.0,0.0,0.0,18.459755830294846,112.02830852195714,0.0,0.0
1047.0,0,1.1192275848018447,0.0,0.0,0.0,0.0,0.0,0.0,0.0,0.0,0.0,0.0,0.0,23.08792516392334,0.0,0.0,3.3902006831970164e-23,4.089041344998757e-21,0.0,0.0,0.0,18.45975583099891,112.02830852415813,0.0,0.0
1048.0,0,1.1192275847830688,0.0,0.0,0.0,0.0,0.0,0.0,0.0,0.0,0.0,0.0,0.0,23.087925163989357,0.0,0.0,3.2238425590033966e-23,3.888390908204359e-21,0.0,0.0,0.0,18.459755831690575,112.02830852631669,0.0,0.0
1049.0,0,1.1192275847565294,0.0,0.0,0.0,0.0,0.0,0.0,0.0,0.0,0.0,0.0,0.0,23.08792516405272,0.0,0.0,3.065647675889394e-23,3.697586446148031e-21,0.0,0.0,0.0,18.45975583237002,112.0283085284336,0.0,0.0
1050.0,0,1.1192275847225885,0.0,0.0,0.0,0.0,0.0,0.0,0.0,0.0,0.0,0.0,0.0,23.08792516411351,0.0,0.0,2.9152154612635165e-23,3.51614481401289e-21,0.0,0.0,0.0,18.459755833037413,112.02830853050963,0.0,0.0
1051.0,0,1.1192275846816548,0.0,0.0,0.0,0.0,0.0,0.0,0.0,0.0,0.0,0.0,0.0,23.08792516417183,0.0,0.0,2.772164998746737e-23,3.3436065750374025e-21,0.0,0.0,0.0,18.45975583369292,112.0283085325456,0.0,0.0
1052.0,0,1.1192275846341802,0.0,0.0,0.0,0.0,0.0,0.0,0.0,0.0,0.0,0.0,0.0,23.087925164227762,0.0,0.0,2.6361340636364817e-23,3.1795348371542823e-21,0.0,0.0,0.0,18.45975583433671,112.0283085345422,0.0,0.0
1053.0,0,1.1192275845806532,0.0,0.0,0.0,0.0,0.0,0.0,0.0,0.0,0.0,0.0,0.0,23.08792516428142,0.0,0.0,2.5067782057006866e-23,3.023514146715847e-21,0.0,0.0,0.0,18.45975583496896,112.02830853650028,0.0,0.0
1054.0,0,1.1192275845215933,0.0,0.0,0.0,0.0,0.0,0.0,0.0,0.0,0.0,0.0,0.0,23.087925164332887,0.0,0.0,2.383769876979404e-23,2.875149436504593e-21,0.0,0.0,0.0,18.459755835589835,112.02830853842055,0.0,0.0
1055.0,0,1.1192275844575468,0.0,0.0,0.0,0.0,0.0,0.0,0.0,0.0,0.0,0.0,0.0,23.087925164382284,0.0,0.0,2.2667976023854448e-23,2.7340650253651917e-21,0.0,0.0,0.0,18.459755836199506,112.02830854030374,0.0,0.0
1056.0,0,1.1192275843890793,0.0,0.0,0.0,0.0,0.0,0.0,0.0,0.0,0.0,0.0,0.0,23.087925164429706,0.0,0.0,2.1555651910038785e-23,2.5999036669248362e-21,0.0,0.0,0.0,18.459755836798134,112.02830854215063,0.0,0.0
1057.0,0,1.1192275843167718,0.0,0.0,0.0,0.0,0.0,0.0,0.0,0.0,0.0,0.0,0.0,23.08792516447526,0.0,0.0,2.0497909860932992e-23,2.472325644993149e-21,0.0,0.0,0.0,18.4597558373859,112.02830854396188,0.0,0.0
1058.0,0,1.1192275842412152,0.0,0.0,0.0,0.0,0.0,0.0,0.0,0.0,0.0,0.0,0.0,23.087925164519053,0.0,0.0,1.949207151889743e-23,2.3510079133510843e-21,0.0,0.0,0.0,18.45975583796296,112.02830854573824,0.0,0.0
1059.0,0,1.1192275841630053,0.0,0.0,0.0,0.0,0.0,0.0,0.0,0.0,0.0,0.0,0.0,23.087925164561188,0.0,0.0,1.853558995407344e-23,2.2356432777506278e-21,0.0,0.0,0.0,18.459755838529485,112.02830854748039,0.0,0.0
1060.0,0,1.1192275840827377,0.0,0.0,0.0,0.0,0.0,0.0,0.0,0.0,0.0,0.0,0.0,23.087925164601767,0.0,0.0,1.7626043215184245e-23,2.1259396180540147e-21,0.0,0.0,0.0,18.45975583908564,112.02830854918903,0.0,0.0
1061.0,0,1.119227584001003,0.0,0.0,0.0,0.0,0.0,0.0,0.0,0.0,0.0,0.0,0.0,23.0879251646409,0.0,0.0,1.6761128196799973e-23,2.021619148542796e-21,0.0,0.0,0.0,18.4597558396316,112.02830855086485,0.0,0.0
1062.0,0,1.1192275839183832,0.0,0.0,0.0,0.0,0.0,0.0,0.0,0.0,0.0,0.0,0.0,23.087925164678676,0.0,0.0,1.593865480753767e-23,1.922417714523754e-21,0.0,0.0,0.0,18.459755840167517,112.02830855250849,0.0,0.0
1063.0,0,1.1192275838354462,0.0,0.0,0.0,0.0,0.0,0.0,0.0,0.0,0.0,0.0,0.0,23.08792516471521,0.0,0.0,1.5156540424429478e-23,1.828084123450564e-21,0.0,0.0,0.0,18.45975584069356,112.02830855412063,0.0,0.0
1064.0,0,1.1192275837527432,0.0,0.0,0.0,0.0,0.0,0.0,0.0,0.0,0.0,0.0,0.0,23.087925164750573,0.0,0.0,1.4412804619416567e-23,1.7383795088675166e-21,0.0,0.0,0.0,18.45975584120989,112.02830855570184,0.0,0.0
1065.0,0,1.1192275836708045,0.0,0.0,0.0,0.0,0.0,0.0,0.0,0.0,0.0,0.0,0.0,23.087925164784885,0.0,0.0,1.370556414461547e-23,1.6530767255646971e-21,0.0,0.0,0.0,18.45975584171667,112.02830855725281,0.0,0.0
1066.0,0,1.1192275835901349,0.0,0.0,0.0,0.0,0.0,0.0,0.0,0.0,0.0,0.0,0.0,23.08792516481821,0.0,0.0,1.3033028163658891e-23,1.5719597744130792e-21,0.0,0.0,0.0,18.459755842214058,112.02830855877409,0.0,0.0
1067.0,0,1.1192275835112138,0.0,0.0,0.0,0.0,0.0,0.0,0.0,0.0,0.0,0.0,0.0,23.08792516485064,0.0,0.0,1.2393493717036013e-23,1.4948232554231238e-21,0.0,0.0,0.0,18.459755842702215,112.02830856026628,0.0,0.0
1068.0,0,1.1192275834344916,0.0,0.0,0.0,0.0,0.0,0.0,0.0,0.0,0.0,0.0,0.0,23.08792516488226,0.0,0.0,1.1785341409949801e-23,1.4214718476419525e-21,0.0,0.0,0.0,18.459755843181295,112.02830856172997,0.0,0.0
1069.0,0,1.1192275833603864,0.0,0.0,0.0,0.0,0.0,0.0,0.0,0.0,0.0,0.0,0.0,23.08792516491314,0.0,0.0,1.1207031311772433e-23,1.351719814572112e-21,0.0,0.0,0.0,18.459755843651457,112.02830856316572,0.0,0.0
1070.0,0,1.119227583289282,0.0,0.0,0.0,0.0,0.0,0.0,0.0,0.0,0.0,0.0,0.0,23.087925164943353,0.0,0.0,1.0657099056715641e-23,1.2853905338595884e-21,0.0,0.0,0.0,18.459755844112856,112.0283085645741,0.0,0.0
1071.0,0,1.1192275832215268,0.0,0.0,0.0,0.0,0.0,0.0,0.0,0.0,0.0,0.0,0.0,23.08792516497296,0.0,0.0,1.013415213584223e-23,1.2223160500601616e-21,0.0,0.0,0.0,18.459755844565645,112.0283085659556,0.0,0.0
1072.0,0,1.119227583157433,0.0,0.0,0.0,0.0,0.0,0.0,0.0,0.0,0.0,0.0,0.0,23.08792516500203,0.0,0.0,9.636866371029734e-24,1.1623366493516442e-21,0.0,0.0,0.0,18.459755845009973,112.02830856731075,0.0,0.0
1073.0,0,1.1192275830972753,0.0,0.0,0.0,0.0,0.0,0.0,0.0,0.0,0.0,0.0,0.0,23.08792516503061,0.0,0.0,9.163982561957621e-24,1.1053004551151156e-21,0.0,0.0,0.0,18.45975584544599,112.02830856864003,0.0,0.0
1074.0,0,1.1192275830412906,0.0,0.0,0.0,0.0,0.0,0.0,0.0,0.0,0.0,0.0,0.0,23.087925165058756,0.0,0.0,8.714303297627853e-24,1.0510630433610988e-21,0.0,0.0,0.0,18.45975584587384,112.02830856994396,0.0,0.0
1075.0,0,1.119227582989677,0.0,0.0,0.0,0.0,0.0,0.0,0.0,0.0,0.0,0.0,0.0,23.08792516508651,0.0,0.0,8.28668992434502e-24,9.994870770268875e-22,0.0,0.0,0.0,18.459755846293675,112.02830857122302,0.0,0.0
1076.0,0,1.119227582942595,0.0,0.0,0.0,0.0,0.0,0.0,0.0,0.0,0.0,0.0,0.0,23.087925165113912,0.0,0.0,7.880059662478574e-24,9.504419582190067e-22,0.0,0.0,0.0,18.45975584670563,112.02830857247766,0.0,0.0
1077.0,0,1.1192275829001677,0.0,0.0,0.0,0.0,0.0,0.0,0.0,0.0,0.0,0.0,0.0,23.087925165141,0.0,0.0,7.493382864706376e-24,9.038034975202373e-22,0.0,0.0,0.0,18.459755847109854,112.0283085737083,0.0,0.0
1078.0,0,1.119227582862479,0.0,0.0,0.0,0.0,0.0,0.0,0.0,0.0,0.0,0.0,0.0,23.087925165167803,0.0,0.0,7.125680408797007e-24,8.594535995238415e-22,0.0,0.0,0.0,18.459755847506482,112.02830857491543,0.0,0.0
1079.0,0,1.1192275828295781,0.0,0.0,0.0,0.0,0.0,0.0,0.0,0.0,0.0,0.0,0.0,23.087925165194346,0.0,0.0,6.776021218329018e-24,8.172799637987106e-22,0.0,0.0,0.0,18.459755847895654,112.02830857609942,0.0,0.0
1080.0,0,1.119227582801478,0.0,0.0,0.0,0.0,0.0,0.0,0.0,0.0,0.0,0.0,0.0,23.087925165220646,0.0,0.0,6.443519905069188e-24,7.771758005282433e-22,0.0,0.0,0.0,18.459755848277503,112.02830857726073,0.0,0.0
1081.0,0,1.119227582778158,0.0,0.0,0.0,0.0,0.0,0.0,0.0,0.0,0.0,0.0,0.0,23.087925165246727,0.0,0.0,6.127334527039971e-24,7.390395601029033e-22,0.0,0.0,0.0,18.459755848652154,112.02830857839973,0.0,0.0
1082.0,0,1.1192275827595644,0.0,0.0,0.0,0.0,0.0,0.0,0.0,0.0,0.0,0.0,0.0,23.087925165272598,0.0,0.0,5.8266644565992066e-24,7.027746759817493e-22,0.0,0.0,0.0,18.459755849019746,112.0283085795168,0.0,0.0
1083.0,0,1.1192275827456133,0.0,0.0,0.0,0.0,0.0,0.0,0.0,0.0,0.0,0.0,0.0,23.087925165298266,0.0,0.0,5.540748353133791e-24,6.682893201718236e-22,0.0,0.0,0.0,18.459755849380404,112.02830858061235,0.0,0.0
1084.0,0,1.119227582736192,0.0,0.0,0.0,0.0,0.0,0.0,0.0,0.0,0.0,0.0,0.0,23.087925165323732,0.0,0.0,5.2688622352338326e-24,6.354961707062368e-22,0.0,0.0,0.0,18.459755849734254,112.02830858168672,0.0,0.0
1085.0,0,1.1192275827311606,0.0,0.0,0.0,0.0,0.0,0.0,0.0,0.0,0.0,0.0,0.0,23.087925165349006,0.0,0.0,5.010317647465792e-24,6.043121905321717e-22,0.0,0.0,0.0,18.45975585008142,112.0283085827403,0.0,0.0
1086.0,0,1.1192275827303548,0.0,0.0,0.0,0.0,0.0,0.0,0.0,0.0,0.0,0.0,0.0,23.087925165374074,0.0,0.0,4.764459917102588e-24,5.74658417248914e-22,0.0,0.0,0.0,18.459755850422024,112.0283085837734,0.0,0.0
1087.0,0,1.1192275827335874,0.0,0.0,0.0,0.0,0.0,0.0,0.0,0.0,0.0,0.0,0.0,23.087925165398932,0.0,0.0,4.5306664963964624e-24,5.464597631635008e-22,0.0,0.0,0.0,18.45975585075618,112.0283085847864,0.0,0.0
1088.0,0,1.1192275827406506,0.0,0.0,0.0,0.0,0.0,0.0,0.0,0.0,0.0,0.0,0.0,23.087925165423577,0.0,0.0,4.308345386196983e-24,5.196448251576945e-22,0.0,0.0,0.0,18.45975585108401,112.0283085857796,0.0,0.0
1089.0,0,1.1192275827513192,0.0,0.0,0.0,0.0,0.0,0.0,0.0,0.0,0.0,0.0,0.0,23.087925165448,0.0,0.0,4.096933636922577e-24,4.941457038848398e-22,0.0,0.0,0.0,18.45975585140562,112.02830858675335,0.0,0.0
1090.0,0,1.1192275827653524,0.0,0.0,0.0,0.0,0.0,0.0,0.0,0.0,0.0,0.0,0.0,23.08792516547218,0.0,0.0,3.895895923089818e-24,4.698978318387824e-22,0.0,0.0,0.0,18.45975585172113,112.02830858770795,0.0,0.0
1091.0,0,1.1192275827824962,0.0,0.0,0.0,0.0,0.0,0.0,0.0,0.0,0.0,0.0,0.0,23.087925165496102,0.0,0.0,3.704723187790972e-24,4.46839809859496e-22,0.0,0.0,0.0,18.459755852030646,112.02830858864374,0.0,0.0
1092.0,0,1.1192275828024862,0.0,0.0,0.0,0.0,0.0,0.0,0.0,0.0,0.0,0.0,0.0,23.087925165519756,0.0,0.0,3.522931353687416e-24,4.249132516614248e-22,0.0,0.0,0.0,18.459755852334272,112.02830858956102,0.0,0.0
1093.0,0,1.1192275828250493,0.0,0.0,0.0,0.0,0.0,0.0,0.0,0.0,0.0,0.0,0.0,23.087925165543123,0.0,0.0,3.350060097254992e-24,4.0406263599086627e-22,0.0,0.0,0.0,18.459755852632114,112.02830859046006,0.0,0.0
1094.0,0,1.1192275828499065,0.0,0.0,0.0,0.0,0.0,0.0,0.0,0.0,0.0,0.0,0.0,23.08792516556618,0.0,0.0,3.185671683177486e-24,3.842351660380311e-22,0.0,0.0,0.0,18.459755852924275,112.02830859134116,0.0,0.0
1095.0,0,1.1192275828767755,0.0,0.0,0.0,0.0,0.0,0.0,0.0,0.0,0.0,0.0,0.0,23.087925165588914,0.0,0.0,3.0293498559367537e-24,3.653806357477969e-22,0.0,0.0,0.0,18.45975585321086,112.02830859220465,0.0,0.0
1096.0,0,1.1192275829053717,0.0,0.0,0.0,0.0,0.0,0.0,0.0,0.0,0.0,0.0,0.0,23.0879251656113,0.0,0.0,2.880698785792844e-24,3.4745130269062943e-22,0.0,0.0,0.0,18.459755853491963,112.02830859305081,0.0,0.0
1097.0,0,1.1192275829354124,0.0,0.0,0.0,0.0,0.0,0.0,0.0,0.0,0.0,0.0,0.0,23.08792516563332,0.0,0.0,2.739342066485179e-24,3.30401767171766e-22,0.0,0.0,0.0,18.459755853767682,112.02830859387988,0.0,0.0
1098.0,0,1.1192275829666167,0.0,0.0,0.0,0.0,0.0,0.0,0.0,0.0,0.0,0.0,0.0,23.08792516565495,0.0,0.0,2.6049217621168235e-24,3.141888572725446e-22,0.0,0.0,0.0,18.459755854038104,112.0283085946922,0.0,0.0
1099.0,0,1.1192275829987084,0.0,0.0,0.0,0.0,0.0,0.0,0.0,0.0,0.0,0.0,0.0,23.08792516567618,0.0,0.0,2.477097500808423e-24,2.9877151953278935e-22,0.0,0.0,0.0,18.45975585430333,112.028308595488,0.0,0.0
1100.0,0,1.1192275830314182,0.0,0.0,0.0,0.0,0.0,0.0,0.0,0.0,0.0,0.0,0.0,23.08792516569698,0.0,0.0,2.355545612826798e-24,2.8411071499744203e-22,0.0,0.0,0.0,18.459755854563454,112.02830859626758,0.0,0.0
1101.0,0,1.1192275830644844,0.0,0.0,0.0,0.0,0.0,0.0,0.0,0.0,0.0,0.0,0.0,23.087925165717337,0.0,0.0,2.239958311005821e-24,2.7016932036421586e-22,0.0,0.0,0.0,18.459755854818557,112.02830859703118,0.0,0.0
1102.0,0,1.1192275830976555,0.0,0.0,0.0,0.0,0.0,0.0,0.0,0.0,0.0,0.0,0.0,23.087925165737236,0.0,0.0,2.1300429113842757e-24,2.5691203398196187e-22,0.0,0.0,0.0,18.45975585506873,112.0283085977791,0.0,0.0
1103.0,0,1.1192275831306908,0.0,0.0,0.0,0.0,0.0,0.0,0.0,0.0,0.0,0.0,0.0,23.087925165756655,0.0,0.0,2.0255210920872398e-24,2.4430528646172277e-22,0.0,0.0,0.0,18.45975585531406,112.02830859851159,0.0,0.0
1104.0,0,1.119227583163362,0.0,0.0,0.0,0.0,0.0,0.0,0.0,0.0,0.0,0.0,0.0,23.08792516577558,0.0,0.0,1.9261281885743764e-24,2.3231715567412864e-22,0.0,0.0,0.0,18.45975585555463,112.02830859922891,0.0,0.0
1105.0,0,1.1192275831954546,0.0,0.0,0.0,0.0,0.0,0.0,0.0,0.0,0.0,0.0,0.0,23.087925165794,0.0,0.0,1.831612523470587e-24,2.2091728591789356e-22,0.0,0.0,0.0,18.45975585579052,112.02830859993134,0.0,0.0
1106.0,0,1.1192275832267677,0.0,0.0,0.0,0.0,0.0,0.0,0.0,0.0,0.0,0.0,0.0,23.087925165811903,0.0,0.0,1.7417347692820742e-24,2.1007681105473908e-22,0.0,0.0,0.0,18.459755856021804,112.02830860061911,0.0,0.0
1107.0,0,1.1192275832571177,0.0,0.0,0.0,0.0,0.0,0.0,0.0,0.0,0.0,0.0,0.0,23.08792516582928,0.0,0.0,1.6562673423841087e-24,1.9976828141610797e-22,0.0,0.0,0.0,18.459755856248577,112.02830860129252,0.0,0.0
1108.0,0,1.119227583286335,0.0,0.0,0.0,0.0,0.0,0.0,0.0,0.0,0.0,0.0,0.0,23.087925165846116,0.0,0.0,1.5749938267459907e-24,1.8996559429658695e-22,0.0,0.0,0.0,18.459755856470906,112.0283086019518,0.0,0.0
1109.0,0,1.1192275833142677,0.0,0.0,0.0,0.0,0.0,0.0,0.0,0.0,0.0,0.0,0.0,23.08792516586241,0.0,0.0,1.4977084259339919e-24,1.8064392785803708e-22,0.0,0.0,0.0,18.459755856688872,112.02830860259719,0.0,0.0
1110.0,0,1.1192275833407805,0.0,0.0,0.0,0.0,0.0,0.0,0.0,0.0,0.0,0.0,0.0,23.087925165878147,0.0,0.0,1.4242154420046746e-24,1.717796782770679e-22,0.0,0.0,0.0,18.459755856902543,112.028308603229,0.0,0.0
1111.0,0,1.1192275833657552,0.0,0.0,0.0,0.0,0.0,0.0,0.0,0.0,0.0,0.0,0.0,23.087925165893335,0.0,0.0,1.3543287799690646e-24,1.6335039997670252e-22,0.0,0.0,0.0,18.459755857112004,112.02830860384739,0.0,0.0
1112.0,0,1.1192275833890917,0.0,0.0,0.0,0.0,0.0,0.0,0.0,0.0,0.0,0.0,0.0,23.08792516590797,0.0,0.0,1.2878714765729061e-24,1.553347487908926e-22,0.0,0.0,0.0,18.459755857317322,112.02830860445269,0.0,0.0
1113.0,0,1.1192275834107073,0.0,0.0,0.0,0.0,0.0,0.0,0.0,0.0,0.0,0.0,0.0,23.08792516592204,0.0,0.0,1.224675252199812e-24,1.4771242791796674e-22,0.0,0.0,0.0,18.45975585751857,112.02830860504508,0.0,0.0
1114.0,0,1.1192275834305352,0.0,0.0,0.0,0.0,0.0,0.0,0.0,0.0,0.0,0.0,0.0,23.087925165935566,0.0,0.0,1.164580084762649e-24,1.4046413652615888e-22,0.0,0.0,0.0,18.459755857715816,112.02830860562487,0.0,0.0
1115.0,0,1.1192275834485264,0.0,0.0,0.0,0.0,0.0,0.0,0.0,0.0,0.0,0.0,0.0,23.087925165948533,0.0,0.0,1.1074338045042003e-24,1.3357152088107783e-22,0.0,0.0,0.0,18.45975585790913,112.0283086061923,0.0,0.0
1116.0,0,1.1192275834646472,0.0,0.0,0.0,0.0,0.0,0.0,0.0,0.0,0.0,0.0,0.0,23.087925165960968,0.0,0.0,1.0530917086810734e-24,1.2701712787136653e-22,0.0,0.0,0.0,18.459755858098585,112.02830860674754,0.0,0.0
1117.0,0,1.1192275834788812,0.0,0.0,0.0,0.0,0.0,0.0,0.0,0.0,0.0,0.0,0.0,23.08792516597286,0.0,0.0,1.001416195155181e-24,1.2078436081487024e-22,0.0,0.0,0.0,18.45975585828424,112.02830860729091,0.0,0.0
1118.0,0,1.1192275834912262,0.0,0.0,0.0,0.0,0.0,0.0,0.0,0.0,0.0,0.0,0.0,23.087925165984217,0.0,0.0,9.52276413964993e-25,1.1485743743340872e-22,0.0,0.0,0.0,18.459755858466167,112.0283086078226,0.0,0.0
1119.0,0,1.1192275835016954,0.0,0.0,0.0,0.0,0.0,0.0,0.0,0.0,0.0,0.0,0.0,23.08792516599506,0.0,0.0,9.055479359942873e-25,1.0922134988973886e-22,0.0,0.0,0.0,18.45975585864443,112.02830860834288,0.0,0.0
1120.0,0,1.1192275835103156,0.0,0.0,0.0,0.0,0.0,0.0,0.0,0.0,0.0,0.0,0.0,23.087925166005395,0.0,0.0,8.611124378994216e-25,1.0386182678551438e-22,0.0,0.0,0.0,18.459755858819097,112.02830860885194,0.0,0.0
1121.0,0,1.1192275835171277,0.0,0.0,0.0,0.0,0.0,0.0,0.0,0.0,0.0,0.0,0.0,23.08792516601524,0.0,0.0,8.188574024973131e-25,9.876529702401746e-23,0.0,0.0,0.0,18.459755858990228,112.02830860935005,0.0,0.0
1122.0,0,1.119227583522183,0.0,0.0,0.0,0.0,0.0,0.0,0.0,0.0,0.0,0.0,0.0,23.087925166024604,0.0,0.0,7.786758338554675e-25,9.391885544615573e-23,0.0,0.0,0.0,18.459755859157887,112.02830860983744,0.0,0.0
1123.0,0,1.1192275835255459,0.0,0.0,0.0,0.0,0.0,0.0,0.0,0.0,0.0,0.0,0.0,23.087925166033507,0.0,0.0,7.404659863626221e-25,8.931023015271136e-23,0.0,0.0,0.0,18.459755859322136,112.0283086103143,0.0,0.0
1124.0,0,1.1192275835272898,0.0,0.0,0.0,0.0,0.0,0.0,0.0,0.0,0.0,0.0,0.0,23.087925166041956,0.0,0.0,7.0413110709397025e-25,8.492775143009642e-23,0.0,0.0,0.0,18.45975585948304,112.02830861078087,0.0,0.0
1125.0,0,1.1192275835274972,0.0,0.0,0.0,0.0,0.0,0.0,0.0,0.0,0.0,0.0,0.0,23.087925166049974,0.0,0.0,6.6957919081859905e-25,8.07603222009307e-23,0.0,0.0,0.0,18.45975585964066,112.02830861123739,0.0,0.0
1126.0,0,1.1192275835262597,0.0,0.0,0.0,0.0,0.0,0.0,0.0,0.0,0.0,0.0,0.0,23.087925166057577,0.0,0.0,6.367227470287814e-25,7.679738992461789e-23,0.0,0.0,0.0,18.45975585979505,112.02830861168408,0.0,0.0
1127.0,0,1.1192275835236751,0.0,0.0,0.0,0.0,0.0,0.0,0.0,0.0,0.0,0.0,0.0,23.087925166064785,0.0,0.0,6.0547857840120955e-25,7.302891987676881e-23,0.0,0.0,0.0,18.459755859946274,112.0283086121211,0.0,0.0
1128.0,0,1.1192275835198473,0.0,0.0,0.0,0.0,0.0,0.0,0.0,0.0,0.0,0.0,0.0,23.08792516607162,0.0,0.0,5.757675701291983e-25,6.944536973981092e-23,0.0,0.0,0.0,18.45975586009439,112.0283086125487,0.0,0.0
1129.0,0,1.1192275835148862,0.0,0.0,0.0,0.0,0.0,0.0,0.0,0.0,0.0,0.0,0.0,23.0879251660781,0.0,0.0,5.475144895924184e-25,6.603766544044396e-23,0.0,0.0,0.0,18.45975586023945,112.0283086129671,0.0,0.0
1130.0000000000002,0,1.1192275835089043,0.0,0.0,0.0,0.0,0.0,0.0,0.0,0.0,0.0,0.0,0.0,23.087925166084244,0.0,0.0,5.206477958568934e-25,6.27971781727586e-23,0.0,0.0,0.0,18.45975586038152,112.02830861337645,0.0,0.0
1131.0,0,1.1192275835020185,0.0,0.0,0.0,0.0,0.0,0.0,0.0,0.0,0.0,0.0,0.0,23.08792516609007,0.0,0.0,4.950994585228871e-25,5.97157025488374e-23,0.0,0.0,0.0,18.45975586052065,112.028308613777,0.0,0.0
1132.0000000000002,0,1.1192275834943468,0.0,0.0,0.0,0.0,0.0,0.0,0.0,0.0,0.0,0.0,0.0,23.087925166095605,0.0,0.0,4.708047854619774e-25,5.678543582151179e-23,0.0,0.0,0.0,18.459755860656898,112.02830861416892,0.0,0.0
1133.0,0,1.1192275834860084,0.0,0.0,0.0,0.0,0.0,0.0,0.0,0.0,0.0,0.0,0.0,23.08792516610086,0.0,0.0,4.477022590071203e-25,5.399895812666468e-23,0.0,0.0,0.0,18.45975586079032,112.02830861455242,0.0,0.0
1134.0000000000002,0,1.119227583477122,0.0,0.0,0.0,0.0,0.0,0.0,0.0,0.0,0.0,0.0,0.0,23.087925166105858,0.0,0.0,4.257333801809158e-25,5.134921369504877e-23,0.0,0.0,0.0,18.459755860920968,112.02830861492768,0.0,0.0
1135.0,0,1.1192275834678052,0.0,0.0,0.0,0.0,0.0,0.0,0.0,0.0,0.0,0.0,0.0,23.08792516611062,0.0,0.0,4.048425205676384e-25,4.8829492986046364e-23,0.0,0.0,0.0,18.459755861048894,112.02830861529488,0.0,0.0
1136.0000000000002,0,1.119227583458174,0.0,0.0,0.0,0.0,0.0,0.0,0.0,0.0,0.0,0.0,0.0,23.087925166115163,0.0,0.0,3.8497678145394725e-25,4.6433415698130803e-23,0.0,0.0,0.0,18.459755861174155,112.02830861565418,0.0,0.0
1137.0,0,1.1192275834483418,0.0,0.0,0.0,0.0,0.0,0.0,0.0,0.0,0.0,0.0,0.0,23.087925166119504,0.0,0.0,3.6608585988160504e-25,4.415491461300943e-23,0.0,0.0,0.0,18.459755861296802,112.0283086160058,0.0,0.0
1138.0000000000002,0,1.1192275834384182,0.0,0.0,0.0,0.0,0.0,0.0,0.0,0.0,0.0,0.0,0.0,23.08792516612366,0.0,0.0,3.481219212730266e-25,4.1988220232539076e-23,0.0,0.0,0.0,18.459755861416884,112.02830861634989,0.0,0.0
1139.0,0,1.1192275834285093,0.0,0.0,0.0,0.0,0.0,0.0,0.0,0.0,0.0,0.0,0.0,23.087925166127658,0.0,0.0,3.310394783071291e-25,3.99278461695126e-23,0.0,0.0,0.0,18.459755861534454,112.02830861668662,0.0,0.0
1140.0000000000002,0,1.1192275834187164,0.0,0.0,0.0,0.0,0.0,0.0,0.0,0.0,0.0,0.0,0.0,23.087925166131505,0.0,0.0,3.1479527573877985e-25,3.796857525532362e-23,0.0,0.0,0.0,18.45975586164956,112.02830861701614,0.0,0.0
1141.0,0,1.1192275834091352,0.0,0.0,0.0,0.0,0.0,0.0,0.0,0.0,0.0,0.0,0.0,23.08792516613522,0.0,0.0,2.993481808701858e-25,3.610544632933229e-23,0.0,0.0,0.0,18.45975586176225,112.02830861733864,0.0,0.0
1142.0000000000002,0,1.1192275833998555,0.0,0.0,0.0,0.0,0.0,0.0,0.0,0.0,0.0,0.0,0.0,23.08792516613882,0.0,0.0,2.8465907939688445e-25,3.433374167648061e-23,0.0,0.0,0.0,18.45975586187258,112.02830861765423,0.0,0.0
1143.0,0,1.1192275833909613,0.0,0.0,0.0,0.0,0.0,0.0,0.0,0.0,0.0,0.0,0.0,23.087925166142316,0.0,0.0,2.706907763646016e-25,3.264897508134755e-23,0.0,0.0,0.0,18.45975586198059,112.02830861796309,0.0,0.0
1144.0000000000002,0,1.11922758338253,0.0,0.0,0.0,0.0,0.0,0.0,0.0,0.0,0.0,0.0,0.0,23.08792516614572,0.0,0.0,2.5740790198618454e-25,3.104688046839523e-23,0.0,0.0,0.0,18.45975586208633,112.02830861826538,0.0,0.0
1145.0,0,1.119227583374632,0.0,0.0,0.0,0.0,0.0,0.0,0.0,0.0,0.0,0.0,0.0,23.087925166149045,0.0,0.0,2.4477682208012567e-25,2.952340109964141e-23,0.0,0.0,0.0,18.45975586218984,112.02830861856125,0.0,0.0
1146.0000000000002,0,1.11922758336733,0.0,0.0,0.0,0.0,0.0,0.0,0.0,0.0,0.0,0.0,0.0,23.08792516615231,0.0,0.0,2.3276555290389367e-25,2.807467930240532e-23,0.0,0.0,0.0,18.45975586229118,112.02830861885079,0.0,0.0
1147.0,0,1.1192275833606797,0.0,0.0,0.0,0.0,0.0,0.0,0.0,0.0,0.0,0.0,0.0,23.087925166155514,0.0,0.0,2.2134368016641706e-25,2.6697046701115975e-23,0.0,0.0,0.0,18.459755862390377,112.02830861913415,0.0,0.0
1148.0000000000002,0,1.1192275833547298,0.0,0.0,0.0,0.0,0.0,0.0,0.0,0.0,0.0,0.0,0.0,23.087925166158673,0.0,0.0,2.1048228201464936e-25,2.538701492844849e-23,0.0,0.0,0.0,18.459755862487484,112.02830861941149,0.0,0.0
1149.0,0,1.1192275833495215,0.0,0.0,0.0,0.0,0.0,0.0,0.0,0.0,0.0,0.0,0.0,23.087925166161796,0.0,0.0,2.00153855799205e-25,2.4141266792267525e-23,0.0,0.0,0.0,18.459755862582544,112.02830861968293,0.0,0.0
1150.0000000000002,0,1.1192275833450873,0.0,0.0,0.0,0.0,0.0,0.0,0.0,0.0,0.0,0.0,0.0,23.087925166164887,0.0,0.0,1.9033224843362682e-25,2.295664787601148e-23,0.0,0.0,0.0,18.459755862675593,112.02830861994858,0.0,0.0
1151.0,0,1.1192275833414536,0.0,0.0,0.0,0.0,0.0,0.0,0.0,0.0,0.0,0.0,0.0,23.08792516616795,0.0,0.0,1.809925901709445e-25,2.183015855124817e-23,0.0,0.0,0.0,18.459755862766684,112.02830862020853,0.0,0.0
1152.0000000000002,0,1.119227583338639,0.0,0.0,0.0,0.0,0.0,0.0,0.0,0.0,0.0,0.0,0.0,23.087925166170997,0.0,0.0,1.721112316298362e-25,2.0758946382176733e-23,0.0,0.0,0.0,18.459755862855847,112.02830862046295,0.0,0.0
1153.0,0,1.1192275833366554,0.0,0.0,0.0,0.0,0.0,0.0,0.0,0.0,0.0,0.0,0.0,23.087925166174028,0.0,0.0,1.6366568391093465e-25,1.9740298902842792e-23,0.0,0.0,0.0,18.459755862943126,112.02830862071195,0.0,0.0
1154.0,0,1.1192275833355072,0.0,0.0,0.0,0.0,0.0,0.0,0.0,0.0,0.0,0.0,0.0,23.087925166177047,0.0,0.0,1.5563456165164308e-25,1.877163674877778e-23,0.0,0.0,0.0,18.459755863028562,112.02830862095564,0.0,0.0
1155.0,0,1.1192275833351926,0.0,0.0,0.0,0.0,0.0,0.0,0.0,0.0,0.0,0.0,0.0,23.08792516618006,0.0,0.0,1.4799752887526835e-25,1.7850507125670683e-23,0.0,0.0,0.0,18.45975586311219,112.02830862119413,0.0,0.0
1156.0,0,1.119227583335702,0.0,0.0,0.0,0.0,0.0,0.0,0.0,0.0,0.0,0.0,0.0,23.08792516618307,0.0,0.0,1.407352474973521e-25,1.697457759853394e-23,0.0,0.0,0.0,18.459755863194044,112.02830862142747,0.0,0.0
1157.0,0,1.1192275833370213,0.0,0.0,0.0,0.0,0.0,0.0,0.0,0.0,0.0,0.0,0.0,23.087925166186068,0.0,0.0,1.338293283588113e-25,1.6141630185636783e-23,0.0,0.0,0.0,18.459755863274168,112.02830862165584,0.0,0.0
1158.0,0,1.1192275833391303,0.0,0.0,0.0,0.0,0.0,0.0,0.0,0.0,0.0,0.0,0.0,23.087925166189066,0.0,0.0,1.272622846618969e-25,1.5349555742250919e-23,0.0,0.0,0.0,18.459755863352598,112.02830862187926,0.0,0.0
1159.0,0,1.1192275833420042,0.0,0.0,0.0,0.0,0.0,0.0,0.0,0.0,0.0,0.0,0.0,23.087925166192054,0.0,0.0,1.2101748769106304e-25,1.4596348619987514e-23,0.0,0.0,0.0,18.45975586342936,112.0283086220979,0.0,0.0
1160.0,0,1.1192275833456125,0.0,0.0,0.0,0.0,0.0,0.0,0.0,0.0,0.0,0.0,0.0,23.08792516619504,0.0,0.0,1.1507912470662622e-25,1.388010158820195e-23,0.0,0.0,0.0,18.459755863504498,112.02830862231181,0.0,0.0
1161.0,0,1.1192275833499208,0.0,0.0,0.0,0.0,0.0,0.0,0.0,0.0,0.0,0.0,0.0,23.087925166198012,0.0,0.0,1.0943215890459453e-25,1.31990010046068e-23,0.0,0.0,0.0,18.459755863578042,112.02830862252111,0.0,0.0
1162.0,0,1.11922758335489,0.0,0.0,0.0,0.0,0.0,0.0,0.0,0.0,0.0,0.0,0.0,23.087925166200982,0.0,0.0,1.0406229134127998e-25,1.2551322222864167e-23,0.0,0.0,0.0,18.459755863650027,112.02830862272583,0.0,0.0
1163.0,0,1.119227583360478,0.0,0.0,0.0,0.0,0.0,0.0,0.0,0.0,0.0,0.0,0.0,23.08792516620393,0.0,0.0,9.895592472628058e-26,1.1935425225528792e-23,0.0,0.0,0.0,18.45975586372048,112.02830862292613,0.0,0.0
1164.0,0,1.1192275833666399,0.0,0.0,0.0,0.0,0.0,0.0,0.0,0.0,0.0,0.0,0.0,23.087925166206873,0.0,0.0,9.410012899215165e-26,1.1349750471283928e-23,0.0,0.0,0.0,18.459755863789436,112.02830862312206,0.0,0.0
1165.0,0,1.1192275833733276,0.0,0.0,0.0,0.0,0.0,0.0,0.0,0.0,0.0,0.0,0.0,23.087925166209793,0.0,0.0,8.94826085535829e-26,1.079281494595452e-23,0.0,0.0,0.0,18.459755863856927,112.02830862331372,0.0,0.0
1166.0,0,1.1192275833804917,0.0,0.0,0.0,0.0,0.0,0.0,0.0,0.0,0.0,0.0,0.0,23.087925166212685,0.0,0.0,8.509167117317742e-26,1.0263208407298322e-23,0.0,0.0,0.0,18.459755863922986,112.02830862350118,0.0,0.0
1167.0,0,1.1192275833880811,0.0,0.0,0.0,0.0,0.0,0.0,0.0,0.0,0.0,0.0,0.0,23.087925166215555,0.0,0.0,8.091619835499574e-26,9.759589814066176e-24,0.0,0.0,0.0,18.459755863987635,112.02830862368452,0.0,0.0
1168.0,0,1.1192275833960426,0.0,0.0,0.0,0.0,0.0,0.0,0.0,0.0,0.0,0.0,0.0,23.08792516621839,0.0,0.0,7.694561719089724e-26,9.280683930289367e-24,0.0,0.0,0.0,18.4597558640509,112.02830862386381,0.0,0.0
1169.0,0,1.1192275834043226,0.0,0.0,0.0,0.0,0.0,0.0,0.0,0.0,0.0,0.0,0.0,23.087925166221197,0.0,0.0,7.316987358838963e-26,8.825278096195539e-24,0.0,0.0,0.0,18.45975586411282,112.02830862403916,0.0,0.0
1170.0,0,1.1192275834128673,0.0,0.0,0.0,0.0,0.0,0.0,0.0,0.0,0.0,0.0,0.0,23.08792516622396,0.0,0.0,6.957940681219573e-26,8.392219157576708e-24,0.0,0.0,0.0,18.459755864173424,112.02830862421062,0.0,0.0
1171.0,0,1.1192275834216239,0.0,0.0,0.0,0.0,0.0,0.0,0.0,0.0,0.0,0.0,0.0,23.087925166226682,0.0,0.0,6.616512527507264e-26,7.980410545834097e-24,0.0,0.0,0.0,18.459755864232726,112.02830862437825,0.0,0.0
1172.0,0,1.1192275834305383,0.0,0.0,0.0,0.0,0.0,0.0,0.0,0.0,0.0,0.0,0.0,23.087925166229354,0.0,0.0,6.291838351658269e-26,7.588809501305964e-24,0.0,0.0,0.0,18.459755864290763,112.02830862454213,0.0,0.0
1173.0,0,1.1192275834395586,0.0,0.0,0.0,0.0,0.0,0.0,0.0,0.0,0.0,0.0,0.0,23.08792516623198,0.0,0.0,5.983096031152248e-26,7.216424432847582e-24,0.0,0.0,0.0,18.459755864347553,112.02830862470233,0.0,0.0
1174.0,0,1.119227583448634,0.0,0.0,0.0,0.0,0.0,0.0,0.0,0.0,0.0,0.0,0.0,23.087925166234545,0.0,0.0,5.689503785257779e-26,6.862312406977351e-24,0.0,0.0,0.0,18.459755864403125,112.02830862485895,0.0,0.0
1175.0,0,1.1192275834577148,0.0,0.0,0.0,0.0,0.0,0.0,0.0,0.0,0.0,0.0,0.0,23.08792516623705,0.0,0.0,5.410318195449147e-26,6.5255767602312696e-24,0.0,0.0,0.0,18.459755864457502,112.02830862501203,0.0,0.0
1176.0,0,1.119227583466753,0.0,0.0,0.0,0.0,0.0,0.0,0.0,0.0,0.0,0.0,0.0,23.087925166239494,0.0,0.0,5.144832322961868e-26,6.205364828679822e-24,0.0,0.0,0.0,18.459755864510708,112.02830862516164,0.0,0.0
1177.0,0,1.1192275834757044,0.0,0.0,0.0,0.0,0.0,0.0,0.0,0.0,0.0,0.0,0.0,23.087925166241867,0.0,0.0,4.8923739187202864e-26,5.9008657888581596e-24,0.0,0.0,0.0,18.459755864562762,112.02830862530786,0.0,0.0
1178.0,0,1.1192275834845256,0.0,0.0,0.0,0.0,0.0,0.0,0.0,0.0,0.0,0.0,0.0,23.087925166244172,0.0,0.0,4.652303721104555e-26,5.6113086046424356e-24,0.0,0.0,0.0,18.459755864613697,112.02830862545076,0.0,0.0
1179.0,0,1.1192275834931762,0.0,0.0,0.0,0.0,0.0,0.0,0.0,0.0,0.0,0.0,0.0,23.087925166246407,0.0,0.0,4.4240138372466734e-26,5.335960074873531e-24,0.0,0.0,0.0,18.459755864663528,112.0283086255904,0.0,0.0
1180.0,0,1.1192275835016177,0.0,0.0,0.0,0.0,0.0,0.0,0.0,0.0,0.0,0.0,0.0,23.08792516624856,0.0,0.0,4.206926203756806e-26,5.0741229767844265e-24,0.0,0.0,0.0,18.45975586471228,112.02830862572682,0.0,0.0
1181.0,0,1.1192275835098162,0.0,0.0,0.0,0.0,0.0,0.0,0.0,0.0,0.0,0.0,0.0,23.087925166250635,0.0,0.0,4.00049112298218e-26,4.8251343005301404e-24,0.0,0.0,0.0,18.459755864759977,112.0283086258601,0.0,0.0
1182.0,0,1.1192275835177399,0.0,0.0,0.0,0.0,0.0,0.0,0.0,0.0,0.0,0.0,0.0,23.087925166252628,0.0,0.0,3.80418587109221e-26,4.5883635703497886e-24,0.0,0.0,0.0,18.45975586480663,112.02830862599032,0.0,0.0
1183.0,0,1.1192275835253602,0.0,0.0,0.0,0.0,0.0,0.0,0.0,0.0,0.0,0.0,0.0,23.08792516625454,0.0,0.0,3.6175133744652617e-26,4.363211248109704e-24,0.0,0.0,0.0,18.45975586485227,112.02830862611751,0.0,0.0
1184.0,0,1.1192275835326524,0.0,0.0,0.0,0.0,0.0,0.0,0.0,0.0,0.0,0.0,0.0,23.08792516625637,0.0,0.0,3.440000951025519e-26,4.149107215185158e-24,0.0,0.0,0.0,18.459755864896916,112.02830862624177,0.0,0.0
1185.0,0,1.1192275835395948,0.0,0.0,0.0,0.0,0.0,0.0,0.0,0.0,0.0,0.0,0.0,23.08792516625811,0.0,0.0,3.271199113342798e-26,3.94550932883658e-24,0.0,0.0,0.0,18.45975586494058,112.02830862636313,0.0,0.0
1186.0,0,1.1192275835461696,0.0,0.0,0.0,0.0,0.0,0.0,0.0,0.0,0.0,0.0,0.0,23.08792516625977,0.0,0.0,3.110680430464603e-26,3.751902049424816e-24,0.0,0.0,0.0,18.459755864983293,112.02830862648167,0.0,0.0
1187.0,0,1.1192275835523606,0.0,0.0,0.0,0.0,0.0,0.0,0.0,0.0,0.0,0.0,0.0,23.08792516626134,0.0,0.0,2.958038445598417e-26,3.56779513498932e-24,0.0,0.0,0.0,18.459755865025066,112.02830862659746,0.0,0.0
1188.0,0,1.1192275835581564,0.0,0.0,0.0,0.0,0.0,0.0,0.0,0.0,0.0,0.0,0.0,23.087925166262824,0.0,0.0,2.812886646903624e-26,3.392722399883788e-24,0.0,0.0,0.0,18.459755865065922,112.02830862671053,0.0,0.0
1189.0,0,1.1192275835635488,0.0,0.0,0.0,0.0,0.0,0.0,0.0,0.0,0.0,0.0,0.0,23.087925166264228,0.0,0.0,2.674857488786976e-26,3.226240534325877e-24,0.0,0.0,0.0,18.459755865105876,112.02830862682094,0.0,0.0
1190.0,0,1.119227583568532,0.0,0.0,0.0,0.0,0.0,0.0,0.0,0.0,0.0,0.0,0.0,23.08792516626554,0.0,0.0,2.5436014612233725e-26,3.067927981871978e-24,0.0,0.0,0.0,18.459755865144945,112.02830862692875,0.0,0.0
1191.0,0,1.1192275835731036,0.0,0.0,0.0,0.0,0.0,0.0,0.0,0.0,0.0,0.0,0.0,23.08792516626677,0.0,0.0,2.41878620474533e-26,2.9173838719746107e-24,0.0,0.0,0.0,18.45975586518315,112.02830862703405,0.0,0.0
1192.0,0,1.1192275835772647,0.0,0.0,0.0,0.0,0.0,0.0,0.0,0.0,0.0,0.0,0.0,23.08792516626792,0.0,0.0,2.300095668860185e-26,2.7742270049195486e-24,0.0,0.0,0.0,18.459755865220508,112.02830862713685,0.0,0.0
1193.0,0,1.1192275835810186,0.0,0.0,0.0,0.0,0.0,0.0,0.0,0.0,0.0,0.0,0.0,23.087925166268985,0.0,0.0,2.187229311763999e-26,2.6380948865723586e-24,0.0,0.0,0.0,18.459755865257033,112.02830862723721,0.0,0.0
1194.0,0,1.1192275835843724,0.0,0.0,0.0,0.0,0.0,0.0,0.0,0.0,0.0,0.0,0.0,23.087925166269976,0.0,0.0,2.0799013393257328e-26,2.5086428104902142e-24,0.0,0.0,0.0,18.459755865292745,112.02830862733524,0.0,0.0
1195.0,0,1.1192275835873335,0.0,0.0,0.0,0.0,0.0,0.0,0.0,0.0,0.0,0.0,0.0,23.087925166270885,0.0,0.0,1.9778399814146918e-26,2.385542985074744e-24,0.0,0.0,0.0,18.45975586532766,112.02830862743096,0.0,0.0
1196.0,0,1.1192275835899133,0.0,0.0,0.0,0.0,0.0,0.0,0.0,0.0,0.0,0.0,0.0,23.08792516627172,0.0,0.0,1.8807868037387878e-26,2.2684837035557386e-24,0.0,0.0,0.0,18.459755865361796,112.02830862752437,0.0,0.0
1197.0,0,1.1192275835921253,0.0,0.0,0.0,0.0,0.0,0.0,0.0,0.0,0.0,0.0,0.0,23.087925166272484,0.0,0.0,1.788496053451096e-26,2.1571685547040043e-24,0.0,0.0,0.0,18.459755865395163,112.0283086276156,0.0,0.0
1198.0,0,1.1192275835939847,0.0,0.0,0.0,0.0,0.0,0.0,0.0,0.0,0.0,0.0,0.0,23.087925166273184,0.0,0.0,1.7007340368676887e-26,2.0513156722747532e-24,0.0,0.0,0.0,18.459755865427784,112.02830862770466,0.0,0.0
1199.0,0,1.1192275835955086,0.0,0.0,0.0,0.0,0.0,0.0,0.0,0.0,0.0,0.0,0.0,23.087925166273816,0.0,0.0,1.6172785277210317e-26,1.9506570212810324e-24,0.0,0.0,0.0,18.459755865459666,112.02830862779162,0.0,0.0
1200.0,0,1.1192275835967154,0.0,0.0,0.0,0.0,0.0,0.0,0.0,0.0,0.0,0.0,0.0,23.08792516627438,0.0,0.0,1.5379182044505595e-26,1.8549377192899154e-24,0.0,0.0,0.0,18.45975586549083,112.0283086278765,0.0,0.0
1201.0,0,1.1192275835976255,0.0,0.0,0.0,0.0,0.0,0.0,0.0,0.0,0.0,0.0,0.0,23.087925166274893,0.0,0.0,1.462452115105563e-26,1.7639153910228876e-24,0.0,0.0,0.0,18.459755865521288,112.02830862795938,0.0,0.0
1202.0,0,1.11922758359826,0.0,0.0,0.0,0.0,0.0,0.0,0.0,0.0,0.0,0.0,0.0,23.087925166275344,0.0,0.0,1.3906891685054444e-26,1.677359554626175e-24,0.0,0.0,0.0,18.45975586555106,112.02830862804029,0.0,0.0
1203.0,0,1.1192275835986407,0.0,0.0,0.0,0.0,0.0,0.0,0.0,0.0,0.0,0.0,0.0,23.087925166275745,0.0,0.0,1.322447650368889e-26,1.5950510380569687e-24,0.0,0.0,0.0,18.459755865580153,112.02830862811928,0.0,0.0
1204.0,0,1.1192275835987906,0.0,0.0,0.0,0.0,0.0,0.0,0.0,0.0,0.0,0.0,0.0,23.087925166276097,0.0,0.0,1.2575547631867167e-26,1.5167814241077398e-24,0.0,0.0,0.0,18.45975586560859,112.02830862819638,0.0,0.0
1205.0,0,1.1192275835987329,0.0,0.0,0.0,0.0,0.0,0.0,0.0,0.0,0.0,0.0,0.0,23.087925166276406,0.0,0.0,1.1958461886733016e-26,1.4423525226633744e-24,0.0,0.0,0.0,18.459755865636374,112.02830862827169,0.0,0.0
1206.0,0,1.119227583598492,0.0,0.0,0.0,0.0,0.0,0.0,0.0,0.0,0.0,0.0,0.0,23.087925166276673,0.0,0.0,1.1371656716886322e-26,1.3715758688548041e-24,0.0,0.0,0.0,18.459755865663524,112.02830862834521,0.0,0.0
1207.0,0,1.1192275835980912,0.0,0.0,0.0,0.0,0.0,0.0,0.0,0.0,0.0,0.0,0.0,23.0879251662769,0.0,0.0,1.0813646245774325e-26,1.3042722458383787e-24,0.0,0.0,0.0,18.459755865690056,112.028308628417,0.0,0.0
1208.0,0,1.119227583597554,0.0,0.0,0.0,0.0,0.0,0.0,0.0,0.0,0.0,0.0,0.0,23.08792516627709,0.0,0.0,1.0283017509234765e-26,1.2402712309925967e-24,0.0,0.0,0.0,18.459755865715984,112.02830862848707,0.0,0.0
1209.0,0,1.1192275835969048,0.0,0.0,0.0,0.0,0.0,0.0,0.0,0.0,0.0,0.0,0.0,23.08792516627726,0.0,0.0,9.778426877663873e-27,1.1794107643830896e-24,0.0,0.0,0.0,18.459755865741315,112.0283086285555,0.0,0.0
1210.0,0,1.1192275835961667,0.0,0.0,0.0,0.0,0.0,0.0,0.0,0.0,0.0,0.0,0.0,23.08792516627739,0.0,0.0,9.298596653749634e-27,1.1215367384031557e-24,0.0,0.0,0.0,18.45975586576607,112.02830862862231,0.0,0.0
1211.0,0,1.1192275835953618,0.0,0.0,0.0,0.0,0.0,0.0,0.0,0.0,0.0,0.0,0.0,23.0879251662775,0.0,0.0,8.842311837155204e-27,1.0665026075507498e-24,0.0,0.0,0.0,18.459755865790257,112.02830862868757,0.0,0.0
1212.0,0,1.1192275835945127,0.0,0.0,0.0,0.0,0.0,0.0,0.0,0.0,0.0,0.0,0.0,23.08792516627759,0.0,0.0,8.408417047960305e-27,1.014169017353831e-24,0.0,0.0,0.0,18.459755865813882,112.02830862875128,0.0,0.0
1213.0,0,1.1192275835936403,0.0,0.0,0.0,0.0,0.0,0.0,0.0,0.0,0.0,0.0,0.0,23.08792516627766,0.0,0.0,7.995813601070185e-27,9.644034515044464e-25,0.0,0.0,0.0,18.459755865836968,112.02830862881349,0.0,0.0
1214.0,0,1.1192275835927648,0.0,0.0,0.0,0.0,0.0,0.0,0.0,0.0,0.0,0.0,0.0,23.087925166277717,0.0,0.0,7.603456724184213e-27,9.170798963080507e-25,0.0,0.0,0.0,18.45975586585952,112.02830862887423,0.0,0.0
1215.0,0,1.1192275835919054,0.0,0.0,0.0,0.0,0.0,0.0,0.0,0.0,0.0,0.0,0.0,23.087925166277763,0.0,0.0,7.230352912279535e-27,8.72078521598393e-25,0.0,0.0,0.0,18.459755865881554,112.02830862893354,0.0,0.0
1216.0,0,1.1192275835910808,0.0,0.0,0.0,0.0,0.0,0.0,0.0,0.0,0.0,0.0,0.0,23.0879251662778,0.0,0.0,6.87555741191098e-27,8.292853773100015e-25,0.0,0.0,0.0,18.459755865903077,112.02830862899145,0.0,0.0
1217.0,0,1.1192275835903067,0.0,0.0,0.0,0.0,0.0,0.0,0.0,0.0,0.0,0.0,0.0,23.087925166277827,0.0,0.0,6.538171828957106e-27,7.885921049399441e-25,0.0,0.0,0.0,18.459755865924105,112.02830862904801,0.0,0.0
1218.0,0,1.1192275835895993,0.0,0.0,0.0,0.0,0.0,0.0,0.0,0.0,0.0,0.0,0.0,23.087925166277852,0.0,0.0,6.21734185375482e-27,7.4989566316824535e-25,0.0,0.0,0.0,18.459755865944647,112.02830862910326,0.0,0.0
1219.0,0,1.1192275835889725,0.0,0.0,0.0,0.0,0.0,0.0,0.0,0.0,0.0,0.0,0.0,23.087925166277874,0.0,0.0,5.912255097862313e-27,7.130980669421843e-25,0.0,0.0,0.0,18.459755865964713,112.0283086291572,0.0,0.0
1220.0,0,1.119227583588439,0.0,0.0,0.0,0.0,0.0,0.0,0.0,0.0,0.0,0.0,0.0,23.0879251662779,0.0,0.0,5.6221390369726565e-27,6.781061393638062e-25,0.0,0.0,0.0,18.45975586598431,112.02830862920987,0.0,0.0
1221.0,0,1.119227583588011,0.0,0.0,0.0,0.0,0.0,0.0,0.0,0.0,0.0,0.0,0.0,23.08792516627792,0.0,0.0,5.346259054769213e-27,6.448312757523815e-25,0.0,0.0,0.0,18.45975586600345,112.02830862926135,0.0,0.0
1222.0,0,1.1192275835876981,0.0,0.0,0.0,0.0,0.0,0.0,0.0,0.0,0.0,0.0,0.0,23.087925166277948,0.0,0.0,5.0839165827696354e-27,6.1318921928438945e-25,0.0,0.0,0.0,18.459755866022157,112.02830862931158,0.0,0.0
1223.0,0,1.119227583587509,0.0,0.0,0.0,0.0,0.0,0.0,0.0,0.0,0.0,0.0,0.0,23.087925166277977,0.0,0.0,4.834447331448256e-27,5.830998476429134e-25,0.0,0.0,0.0,18.459755866040425,112.02830862936062,0.0,0.0
1224.0,0,1.1192275835874494,0.0,0.0,0.0,0.0,0.0,0.0,0.0,0.0,0.0,0.0,0.0,23.087925166278012,0.0,0.0,4.597219608157798e-27,5.544869701362094e-25,0.0,0.0,0.0,18.45975586605827,112.02830862940854,0.0,0.0
1225.0,0,1.119227583587526,0.0,0.0,0.0,0.0,0.0,0.0,0.0,0.0,0.0,0.0,0.0,23.087925166278055,0.0,0.0,4.371632717591173e-27,5.27278134771727e-25,0.0,0.0,0.0,18.4597558660757,112.0283086294553,0.0,0.0
1226.0,0,1.1192275835877423,0.0,0.0,0.0,0.0,0.0,0.0,0.0,0.0,0.0,0.0,0.0,23.087925166278104,0.0,0.0,4.157115440733065e-27,5.014044447970625e-25,0.0,0.0,0.0,18.459755866092728,112.028308629501,0.0,0.0
1227.0,0,1.1192275835881011,0.0,0.0,0.0,0.0,0.0,0.0,0.0,0.0,0.0,0.0,0.0,23.08792516627816,0.0,0.0,3.953124588449795e-27,4.768003842433011e-25,0.0,0.0,0.0,18.45975586610936,112.02830862954559,0.0,0.0
1228.0,0,1.1192275835886043,0.0,0.0,0.0,0.0,0.0,0.0,0.0,0.0,0.0,0.0,0.0,23.08792516627823,0.0,0.0,3.75914362605496e-27,4.534036520289967e-25,0.0,0.0,0.0,18.459755866125604,112.02830862958915,0.0,0.0
1229.0,0,1.1192275835892518,0.0,0.0,0.0,0.0,0.0,0.0,0.0,0.0,0.0,0.0,0.0,23.087925166278303,0.0,0.0,3.574681365368027e-27,4.3115500420471775e-25,0.0,0.0,0.0,18.45975586614147,112.02830862963168,0.0,0.0
1230.0,0,1.1192275835900423,0.0,0.0,0.0,0.0,0.0,0.0,0.0,0.0,0.0,0.0,0.0,23.08792516627839,0.0,0.0,3.399270720953986e-27,4.099981039386986e-25,0.0,0.0,0.0,18.459755866156968,112.0283086296732,0.0,0.0
1231.0,0,1.1192275835909735,0.0,0.0,0.0,0.0,0.0,0.0,0.0,0.0,0.0,0.0,0.0,23.08792516627848,0.0,0.0,3.232467527394682e-27,3.8987937886373847e-25,0.0,0.0,0.0,18.459755866172102,112.02830862971373,0.0,0.0
1232.0,0,1.1192275835920418,0.0,0.0,0.0,0.0,0.0,0.0,0.0,0.0,0.0,0.0,0.0,23.087925166278584,0.0,0.0,3.073849414596986e-27,3.707478854241285e-25,0.0,0.0,0.0,18.45975586618688,112.02830862975333,0.0,0.0
1233.0,0,1.1192275835932426,0.0,0.0,0.0,0.0,0.0,0.0,0.0,0.0,0.0,0.0,0.0,23.087925166278694,0.0,0.0,2.9230147382899216e-27,3.5255517987911435e-25,0.0,0.0,0.0,18.45975586620132,112.02830862979197,0.0,0.0
1234.0,0,1.1192275835945702,0.0,0.0,0.0,0.0,0.0,0.0,0.0,0.0,0.0,0.0,0.0,23.087925166278808,0.0,0.0,2.779581563002594e-27,3.352551956362567e-25,0.0,0.0,0.0,18.45975586621542,112.0283086298297,0.0,0.0
1235.0,0,1.1192275835960186,0.0,0.0,0.0,0.0,0.0,0.0,0.0,0.0,0.0,0.0,0.0,23.087925166278936,0.0,0.0,2.6431866949476966e-27,3.1880412660407827e-25,0.0,0.0,0.0,18.459755866229195,112.02830862986653,0.0,0.0
1236.0,0,1.119227583597581,0.0,0.0,0.0,0.0,0.0,0.0,0.0,0.0,0.0,0.0,0.0,23.087925166279074,0.0,0.0,2.5134847623616958e-27,3.0316031626863046e-25,0.0,0.0,0.0,18.459755866242645,112.02830862990247,0.0,0.0
1237.0,0,1.1192275835992487,0.0,0.0,0.0,0.0,0.0,0.0,0.0,0.0,0.0,0.0,0.0,23.087925166279216,0.0,0.0,2.3901473409729936e-27,2.8828415221310477e-25,0.0,0.0,0.0,18.459755866255783,112.02830862993757,0.0,0.0
1238.0,0,1.1192275836010135,0.0,0.0,0.0,0.0,0.0,0.0,0.0,0.0,0.0,0.0,0.0,23.08792516627936,0.0,0.0,2.2728621223836116e-27,2.741379658133975e-25,0.0,0.0,0.0,18.459755866268612,112.02830862997182,0.0,0.0
1239.0,0,1.119227583602867,0.0,0.0,0.0,0.0,0.0,0.0,0.0,0.0,0.0,0.0,0.0,23.08792516627951,0.0,0.0,2.161332123258632e-27,2.6068593685564124e-25,0.0,0.0,0.0,18.459755866281142,112.02830863000524,0.0,0.0
1240.0,0,1.1192275836047993,0.0,0.0,0.0,0.0,0.0,0.0,0.0,0.0,0.0,0.0,0.0,23.087925166279668,0.0,0.0,2.05527493332094e-27,2.4789400283418237e-25,0.0,0.0,0.0,18.459755866293378,112.02830863003786,0.0,0.0
1241.0,0,1.1192275836068015,0.0,0.0,0.0,0.0,0.0,0.0,0.0,0.0,0.0,0.0,0.0,23.087925166279824,0.0,0.0,1.9544220002470754e-27,2.357297727003329e-25,0.0,0.0,0.0,18.459755866305322,112.02830863006969,0.0,0.0
1242.0,0,1.1192275836088637,0.0,0.0,0.0,0.0,0.0,0.0,0.0,0.0,0.0,0.0,0.0,23.087925166279984,0.0,0.0,1.8585179496534575e-27,2.2416244484349496e-25,0.0,0.0,0.0,18.459755866316993,112.02830863010072,0.0,0.0
1243.0,0,1.1192275836109755,0.0,0.0,0.0,0.0,0.0,0.0,0.0,0.0,0.0,0.0,0.0,23.08792516628015,0.0,0.0,1.7673199384510765e-27,2.131627290969765e-25,0.0,0.0,0.0,18.459755866328386,112.02830863013102,0.0,0.0
1244.0,0,1.1192275836131262,0.0,0.0,0.0,0.0,0.0,0.0,0.0,0.0,0.0,0.0,0.0,23.087925166280307,0.0,0.0,1.6805970399312607e-27,2.0270277257100324e-25,0.0,0.0,0.0,18.459755866339513,112.02830863016057,0.0,0.0
1245.0,0,1.1192275836153063,0.0,0.0,0.0,0.0,0.0,0.0,0.0,0.0,0.0,0.0,0.0,23.087925166280467,0.0,0.0,1.5981296590254601e-27,1.9275608912512584e-25,0.0,0.0,0.0,18.459755866350378,112.0283086301894,0.0,0.0
1246.0,0,1.119227583617505,0.0,0.0,0.0,0.0,0.0,0.0,0.0,0.0,0.0,0.0,0.0,23.087925166280627,0.0,0.0,1.5197089762583995e-27,1.8329749230143727e-25,0.0,0.0,0.0,18.459755866360986,112.02830863021754,0.0,0.0
1247.0,0,1.1192275836197123,0.0,0.0,0.0,0.0,0.0,0.0,0.0,0.0,0.0,0.0,0.0,23.087925166280783,0.0,0.0,1.4451364189866146e-27,1.7430303154877582e-25,0.0,0.0,0.0,18.459755866371346,112.02830863024496,0.0,0.0
1248.0,0,1.1192275836219192,0.0,0.0,0.0,0.0,0.0,0.0,0.0,0.0,0.0,0.0,0.0,23.08792516628094,0.0,0.0,1.3742231585834615e-27,1.6574993157642513e-25,0.0,0.0,0.0,18.45975586638146,112.02830863027171,0.0,0.0
1249.0,0,1.1192275836241161,0.0,0.0,0.0,0.0,0.0,0.0,0.0,0.0,0.0,0.0,0.0,23.08792516628109,0.0,0.0,1.306789632297404e-27,1.5761653468374552e-25,0.0,0.0,0.0,18.459755866391337,112.02830863029779,0.0,0.0
1250.0,0,1.1192275836262944,0.0,0.0,0.0,0.0,0.0,0.0,0.0,0.0,0.0,0.0,0.0,23.08792516628123,0.0,0.0,1.2426650885728538e-27,1.4988224591970698e-25,0.0,0.0,0.0,18.45975586640098,112.02830863032322,0.0,0.0
1251.0,0,1.119227583628445,0.0,0.0,0.0,0.0,0.0,0.0,0.0,0.0,0.0,0.0,0.0,23.087925166281366,0.0,0.0,1.1816871546822471e-27,1.425274809334596e-25,0.0,0.0,0.0,18.459755866410386,112.02830863034802,0.0,0.0
1252.0,0,1.1192275836305599,0.0,0.0,0.0,0.0,0.0,0.0,0.0,0.0,0.0,0.0,0.0,23.087925166281497,0.0,0.0,1.1237014255745377e-27,1.355336163838918e-25,0.0,0.0,0.0,18.45975586641958,112.02830863037218,0.0,0.0
1253.0,0,1.1192275836326315,0.0,0.0,0.0,0.0,0.0,0.0,0.0,0.0,0.0,0.0,0.0,23.08792516628162,0.0,0.0,1.0685610728990163e-27,1.2888294278260527e-25,0.0,0.0,0.0,18.45975586642855,112.02830863039576,0.0,0.0
1254.0,0,1.119227583634653,0.0,0.0,0.0,0.0,0.0,0.0,0.0,0.0,0.0,0.0,0.0,23.087925166281735,0.0,0.0,1.0161264732144431e-27,1.2255861965089944e-25,0.0,0.0,0.0,18.45975586643731,112.02830863041873,0.0,0.0
1255.0000000000002,0,1.1192275836366175,0.0,0.0,0.0,0.0,0.0,0.0,0.0,0.0,0.0,0.0,0.0,23.087925166281842,0.0,0.0,9.662648544420626e-28,1.1654463287721497e-25,0.0,0.0,0.0,18.459755866445857,112.02830863044109,0.0,0.0
1256.0,0,1.119227583638519,0.0,0.0,0.0,0.0,0.0,0.0,0.0,0.0,0.0,0.0,0.0,23.087925166281938,0.0,0.0,9.188499596672741e-28,1.108257541670602e-25,0.0,0.0,0.0,18.4597558664542,112.02830863046292,0.0,0.0
1257.0000000000002,0,1.119227583640353,0.0,0.0,0.0,0.0,0.0,0.0,0.0,0.0,0.0,0.0,0.0,23.08792516628202,0.0,0.0,8.73761727438649e-28,1.0538750248274124e-25,0.0,0.0,0.0,18.45975586646234,112.02830863048419,0.0,0.0
1258.0,0,1.1192275836421144,0.0,0.0,0.0,0.0,0.0,0.0,0.0,0.0,0.0,0.0,0.0,23.087925166282098,0.0,0.0,8.30885987754768e-28,1.0021610737525567e-25,0.0,0.0,0.0,18.45975586647029,112.0283086305049,0.0,0.0
1259.0000000000002,0,1.1192275836437986,0.0,0.0,0.0,0.0,0.0,0.0,0.0,0.0,0.0,0.0,0.0,23.087925166282158,0.0,0.0,7.901141729690727e-28,9.529847411550064e-26,0.0,0.0,0.0,18.459755866478044,112.02830863052506,0.0,0.0
1260.0,0,1.1192275836454029,0.0,0.0,0.0,0.0,0.0,0.0,0.0,0.0,0.0,0.0,0.0,23.087925166282215,0.0,0.0,7.513430428806981e-28,9.062215053650275e-26,0.0,0.0,0.0,18.459755866485615,112.0283086305447,0.0,0.0
1261.0000000000002,0,1.119227583646924,0.0,0.0,0.0,0.0,0.0,0.0,0.0,0.0,0.0,0.0,0.0,23.087925166282254,0.0,0.0,7.144744233151774e-28,8.617529550270936e-26,0.0,0.0,0.0,18.459755866493,112.02830863056384,0.0,0.0
1262.0,0,1.1192275836483603,0.0,0.0,0.0,0.0,0.0,0.0,0.0,0.0,0.0,0.0,0.0,23.087925166282286,0.0,0.0,6.794149575330678e-28,8.194664892650063e-26,0.0,0.0,0.0,18.45975586650021,112.02830863058247,0.0,0.0
1263.0000000000002,0,1.1192275836497103,0.0,0.0,0.0,0.0,0.0,0.0,0.0,0.0,0.0,0.0,0.0,23.087925166282307,0.0,0.0,6.4607586983702495e-28,7.792550325600006e-26,0.0,0.0,0.0,18.459755866507237,112.02830863060062,0.0,0.0
1264.0,0,1.1192275836509726,0.0,0.0,0.0,0.0,0.0,0.0,0.0,0.0,0.0,0.0,0.0,23.087925166282314,0.0,0.0,6.143727407787495e-28,7.410167636198647e-26,0.0,0.0,0.0,18.459755866514094,112.0283086306183,0.0,0.0
1265.0000000000002,0,1.1192275836521481,0.0,0.0,0.0,0.0,0.0,0.0,0.0,0.0,0.0,0.0,0.0,23.08792516628231,0.0,0.0,5.842252933965893e-28,7.046548575525289e-26,0.0,0.0,0.0,18.459755866520787,112.02830863063551,0.0,0.0
1266.0,0,1.1192275836532362,0.0,0.0,0.0,0.0,0.0,0.0,0.0,0.0,0.0,0.0,0.0,23.087925166282297,0.0,0.0,5.555571899425273e-28,6.70077240691271e-26,0.0,0.0,0.0,18.459755866527317,112.02830863065228,0.0,0.0
1267.0000000000002,0,1.1192275836542382,0.0,0.0,0.0,0.0,0.0,0.0,0.0,0.0,0.0,0.0,0.0,23.087925166282275,0.0,0.0,5.282958385838336e-28,6.371963574507202e-26,0.0,0.0,0.0,18.459755866533687,112.0283086306686,0.0,0.0
1268.0,0,1.1192275836551555,0.0,0.0,0.0,0.0,0.0,0.0,0.0,0.0,0.0,0.0,0.0,23.087925166282236,0.0,0.0,5.0237220958992295e-28,6.059289486233034e-26,0.0,0.0,0.0,18.4597558665399,112.0283086306845,0.0,0.0
1269.0000000000002,0,1.1192275836559897,0.0,0.0,0.0,0.0,0.0,0.0,0.0,0.0,0.0,0.0,0.0,23.08792516628219,0.0,0.0,4.777206605389764e-28,5.761958405547488e-26,0.0,0.0,0.0,18.459755866545958,112.02830863069998,0.0,0.0
1270.0,0,1.1192275836567434,0.0,0.0,0.0,0.0,0.0,0.0,0.0,0.0,0.0,0.0,0.0,23.08792516628214,0.0,0.0,4.542787701017244e-28,5.479217446648082e-26,0.0,0.0,0.0,18.45975586655187,112.02830863071503,0.0,0.0
1271.0000000000002,0,1.1192275836574188,0.0,0.0,0.0,0.0,0.0,0.0,0.0,0.0,0.0,0.0,0.0,23.087925166282073,0.0,0.0,4.319871799815074e-28,5.210350668055566e-26,0.0,0.0,0.0,18.459755866557632,112.02830863072973,0.0,0.0
1272.0,0,1.1192275836580192,0.0,0.0,0.0,0.0,0.0,0.0,0.0,0.0,0.0,0.0,0.0,23.087925166281998,0.0,0.0,4.107894446103831e-28,4.954677259745323e-26,0.0,0.0,0.0,18.459755866563253,112.028308630744,0.0,0.0
1273.0000000000002,0,1.119227583658548,0.0,0.0,0.0,0.0,0.0,0.0,0.0,0.0,0.0,0.0,0.0,23.087925166281913,0.0,0.0,3.9063188822068935e-28,4.7115498192367773e-26,0.0,0.0,0.0,18.459755866568734,112.02830863075789,0.0,0.0
1274.0,0,1.1192275836590087,0.0,0.0,0.0,0.0,0.0,0.0,0.0,0.0,0.0,0.0,0.0,23.087925166281828,0.0,0.0,3.7146346893014637e-28,4.4803527122755815e-26,0.0,0.0,0.0,18.45975586657408,112.02830863077142,0.0,0.0
1275.0000000000002,0,1.1192275836594052,0.0,0.0,0.0,0.0,0.0,0.0,0.0,0.0,0.0,0.0,0.0,23.087925166281728,0.0,0.0,3.5323564949634245e-28,4.260500513957608e-26,0.0,0.0,0.0,18.459755866579293,112.02830863078461,0.0,0.0
1276.0,0,1.119227583659742,0.0,0.0,0.0,0.0,0.0,0.0,0.0,0.0,0.0,0.0,0.0,23.087925166281625,0.0,0.0,3.3590227441333364e-28,4.051436526347423e-26,0.0,0.0,0.0,18.459755866584374,112.02830863079743,0.0,0.0
1277.0000000000002,0,1.1192275836600232,0.0,0.0,0.0,0.0,0.0,0.0,0.0,0.0,0.0,0.0,0.0,23.087925166281515,0.0,0.0,3.1941945303914977e-28,3.852631368837665e-26,0.0,0.0,0.0,18.45975586658933,112.02830863080993,0.0,0.0
1278.0,0,1.1192275836602534,0.0,0.0,0.0,0.0,0.0,0.0,0.0,0.0,0.0,0.0,0.0,23.0879251662814,0.0,0.0,3.037454484582661e-28,3.663581637679882e-26,0.0,0.0,0.0,18.45975586659416,112.02830863082207,0.0,0.0
1279.0000000000002,0,1.1192275836604373,0.0,0.0,0.0,0.0,0.0,0.0,0.0,0.0,0.0,0.0,0.0,23.087925166281277,0.0,0.0,2.8884057179762673e-28,3.483808631292579e-26,0.0,0.0,0.0,18.459755866598865,112.02830863083392,0.0,0.0
1280.0,0,1.1192275836605803,0.0,0.0,0.0,0.0,0.0,0.0,0.0,0.0,0.0,0.0,0.0,23.087925166281156,0.0,0.0,2.7466708172861024e-28,3.312857138118777e-26,0.0,0.0,0.0,18.459755866603455,112.02830863084543,0.0,0.0
1281.0,0,1.119227583660686,0.0,0.0,0.0,0.0,0.0,0.0,0.0,0.0,0.0,0.0,0.0,23.08792516628103,0.0,0.0,2.6118908890046357e-28,3.1502942839637345e-26,0.0,0.0,0.0,18.45975586660793,112.02830863085666,0.0,0.0
1282.0,0,1.11922758366076,0.0,0.0,0.0,0.0,0.0,0.0,0.0,0.0,0.0,0.0,0.0,23.087925166280897,0.0,0.0,2.483724650632143e-28,2.9957084358941517e-26,0.0,0.0,0.0,18.459755866612294,112.02830863086756,0.0,0.0
1283.0,0,1.1192275836608068,0.0,0.0,0.0,0.0,0.0,0.0,0.0,0.0,0.0,0.0,0.0,23.087925166280765,0.0,0.0,2.361847566499479e-28,2.848708159923353e-26,0.0,0.0,0.0,18.459755866616543,112.0283086308782,0.0,0.0
1284.0,0,1.1192275836608312,0.0,0.0,0.0,0.0,0.0,0.0,0.0,0.0,0.0,0.0,0.0,23.087925166280627,0.0,0.0,2.245951025996279e-28,2.7089212298431534e-26,0.0,0.0,0.0,18.459755866620682,112.02830863088855,0.0,0.0
1285.0,0,1.1192275836608379,0.0,0.0,0.0,0.0,0.0,0.0,0.0,0.0,0.0,0.0,0.0,23.087925166280492,0.0,0.0,2.1357415621237347e-28,2.5759936846926382e-26,0.0,0.0,0.0,18.459755866624718,112.02830863089864,0.0,0.0
1286.0,0,1.1192275836608307,0.0,0.0,0.0,0.0,0.0,0.0,0.0,0.0,0.0,0.0,0.0,23.087925166280353,0.0,0.0,2.030940108393213e-28,2.449588932477215e-26,0.0,0.0,0.0,18.45975586662865,112.02830863090844,0.0,0.0
1287.0,0,1.119227583660815,0.0,0.0,0.0,0.0,0.0,0.0,0.0,0.0,0.0,0.0,0.0,23.087925166280215,0.0,0.0,1.9312812921890731e-28,2.3293868978684337e-26,0.0,0.0,0.0,18.459755866632484,112.02830863091799,0.0,0.0
1288.0,0,1.1192275836607946,0.0,0.0,0.0,0.0,0.0,0.0,0.0,0.0,0.0,0.0,0.0,23.08792516628008,0.0,0.0,1.8365127628063736e-28,2.2150832117264212e-26,0.0,0.0,0.0,18.45975586663622,112.02830863092728,0.0,0.0
1289.0,0,1.1192275836607732,0.0,0.0,0.0,0.0,0.0,0.0,0.0,0.0,0.0,0.0,0.0,23.087925166279945,0.0,0.0,1.7463945524619633e-28,2.1063884403926824e-26,0.0,0.0,0.0,18.45975586663986,112.02830863093634,0.0,0.0
1290.0,0,1.1192275836607541,0.0,0.0,0.0,0.0,0.0,0.0,0.0,0.0,0.0,0.0,0.0,23.08792516627981,0.0,0.0,1.660698468660943e-28,2.003027352801725e-26,0.0,0.0,0.0,18.459755866643405,112.02830863094516,0.0,0.0
1291.0,0,1.119227583660741,0.0,0.0,0.0,0.0,0.0,0.0,0.0,0.0,0.0,0.0,0.0,23.08792516627968,0.0,0.0,1.5792075163798755e-28,1.9047382235557315e-26,0.0,0.0,0.0,18.459755866646862,112.02830863095375,0.0,0.0
1292.0,0,1.1192275836607368,0.0,0.0,0.0,0.0,0.0,0.0,0.0,0.0,0.0,0.0,0.0,23.087925166279547,0.0,0.0,1.501715348603637e-28,1.811272170197555e-26,0.0,0.0,0.0,18.45975586665023,112.02830863096209,0.0,0.0
1293.0,0,1.1192275836607442,0.0,0.0,0.0,0.0,0.0,0.0,0.0,0.0,0.0,0.0,0.0,23.08792516627942,0.0,0.0,1.4280257438245825e-28,1.7223925230039198e-26,0.0,0.0,0.0,18.45975586665351,112.0283086309702,0.0,0.0
1294.0,0,1.1192275836607661,0.0,0.0,0.0,0.0,0.0,0.0,0.0,0.0,0.0,0.0,0.0,23.08792516627929,0.0,0.0,1.3579521091809752e-28,1.6378742257030525e-26,0.0,0.0,0.0,18.459755866656707,112.02830863097813,0.0,0.0
1295.0,0,1.1192275836608054,0.0,0.0,0.0,0.0,0.0,0.0,0.0,0.0,0.0,0.0,0.0,23.08792516627917,0.0,0.0,1.2913170079765584e-28,1.5575032655992722e-26,0.0,0.0,0.0,18.45975586665982,112.02830863098585,0.0,0.0
1296.0,0,1.1192275836608636,0.0,0.0,0.0,0.0,0.0,0.0,0.0,0.0,0.0,0.0,0.0,23.087925166279057,0.0,0.0,1.2279517103848778e-28,1.4810761316615276e-26,0.0,0.0,0.0,18.45975586666285,112.02830863099335,0.0,0.0
1297.0,0,1.1192275836609424,0.0,0.0,0.0,0.0,0.0,0.0,0.0,0.0,0.0,0.0,0.0,23.08792516627894,0.0,0.0,1.1676957662006723e-28,1.4083992992036903e-26,0.0,0.0,0.0,18.459755866665805,112.02830863100067,0.0,0.0
1298.0,0,1.1192275836610437,0.0,0.0,0.0,0.0,0.0,0.0,0.0,0.0,0.0,0.0,0.0,23.08792516627883,0.0,0.0,1.1103965985564756e-28,1.339288739851733e-26,0.0,0.0,0.0,18.45975586666868,112.02830863100777,0.0,0.0
1299.0,0,1.1192275836611685,0.0,0.0,0.0,0.0,0.0,0.0,0.0,0.0,0.0,0.0,0.0,23.087925166278723,0.0,0.0,1.0559091175756644e-28,1.2735694555569564e-26,0.0,0.0,0.0,18.459755866671482,112.02830863101471,0.0,0.0
1300.0,0,1.1192275836613175,0.0,0.0,0.0,0.0,0.0,0.0,0.0,0.0,0.0,0.0,0.0,23.087925166278616,0.0,0.0,1.0040953529836583e-28,1.2110750354753259e-26,0.0,0.0,0.0,18.45975586667421,112.02830863102145,0.0,0.0
1301.0,0,1.1192275836614918,0.0,0.0,0.0,0.0,0.0,0.0,0.0,0.0,0.0,0.0,0.0,23.087925166278517,0.0,0.0,9.548241047469993e-29,1.1516472345908647e-26,0.0,0.0,0.0,18.459755866676872,112.02830863102798,0.0,0.0
1302.0,0,1.1192275836616912,0.0,0.0,0.0,0.0,0.0,0.0,0.0,0.0,0.0,0.0,0.0,23.08792516627842,0.0,0.0,9.079706108556665e-29,1.0951355730161177e-26,0.0,0.0,0.0,18.459755866679465,112.02830863103438,0.0,0.0
1303.0,0,1.1192275836619165,0.0,0.0,0.0,0.0,0.0,0.0,0.0,0.0,0.0,0.0,0.0,23.08792516627833,0.0,0.0,8.634162314074142e-29,1.0413969549550585e-26,0.0,0.0,0.0,18.459755866681988,112.0283086310406,0.0,0.0
1304.0,0,1.1192275836621666,0.0,0.0,0.0,0.0,0.0,0.0,0.0,0.0,0.0,0.0,0.0,23.08792516627824,0.0,0.0,8.21048148194178e-29,9.902953063635959e-27,0.0,0.0,0.0,18.459755866684446,112.02830863104666,0.0,0.0
1305.0,0,1.1192275836624417,0.0,0.0,0.0,0.0,0.0,0.0,0.0,0.0,0.0,0.0,0.0,23.087925166278158,0.0,0.0,7.807590790298643e-29,9.417012303901824e-27,0.0,0.0,0.0,18.45975586668684,112.02830863105257,0.0,0.0
1306.0,0,1.1192275836627414,0.0,0.0,0.0,0.0,0.0,0.0,0.0,0.0,0.0,0.0,0.0,23.087925166278076,0.0,0.0,7.424470060961575e-29,8.954916797240544e-27,0.0,0.0,0.0,18.459755866689175,112.02830863105828,0.0,0.0
1307.0,0,1.119227583663065,0.0,0.0,0.0,0.0,0.0,0.0,0.0,0.0,0.0,0.0,0.0,23.087925166278,0.0,0.0,7.060149176184773e-29,8.515496450214349e-27,0.0,0.0,0.0,18.45975586669144,112.02830863106388,0.0,0.0
1308.0,0,1.1192275836634107,0.0,0.0,0.0,0.0,0.0,0.0,0.0,0.0,0.0,0.0,0.0,23.087925166277927,0.0,0.0,6.713705622179691e-29,8.097638586207551e-27,0.0,0.0,0.0,18.45975586669365,112.02830863106931,0.0,0.0
1309.0,0,1.1192275836637773,0.0,0.0,0.0,0.0,0.0,0.0,0.0,0.0,0.0,0.0,0.0,23.087925166277863,0.0,0.0,6.384262153175155e-29,7.700285127966544e-27,0.0,0.0,0.0,18.459755866695804,112.0283086310746,0.0,0.0
1310.0,0,1.1192275836641639,0.0,0.0,0.0,0.0,0.0,0.0,0.0,0.0,0.0,0.0,0.0,23.0879251662778,0.0,0.0,6.070984570102703e-29,7.322429918393366e-27,0.0,0.0,0.0,18.4597558666979,112.02830863107974,0.0,0.0
1311.0,0,1.119227583664569,0.0,0.0,0.0,0.0,0.0,0.0,0.0,0.0,0.0,0.0,0.0,23.087925166277735,0.0,0.0,5.77307960828248e-29,6.963116172808714e-27,0.0,0.0,0.0,18.45975586669994,112.02830863108474,0.0,0.0
1312.0,0,1.1192275836649914,0.0,0.0,0.0,0.0,0.0,0.0,0.0,0.0,0.0,0.0,0.0,23.087925166277678,0.0,0.0,5.489792928761008e-29,6.621434056233139e-27,0.0,0.0,0.0,18.459755866701933,112.0283086310896,0.0,0.0
1313.0,0,1.1192275836654288,0.0,0.0,0.0,0.0,0.0,0.0,0.0,0.0,0.0,0.0,0.0,23.08792516627762,0.0,0.0,5.220407208214563e-29,6.296518379551741e-27,0.0,0.0,0.0,18.459755866703873,112.02830863109432,0.0,0.0
1314.0,0,1.1192275836658798,0.0,0.0,0.0,0.0,0.0,0.0,0.0,0.0,0.0,0.0,0.0,23.087925166277568,0.0,0.0,4.9642403225815696e-29,5.9875464087287355e-27,0.0,0.0,0.0,18.459755866705756,112.02830863109892,0.0,0.0
1315.0,0,1.119227583666342,0.0,0.0,0.0,0.0,0.0,0.0,0.0,0.0,0.0,0.0,0.0,23.08792516627752,0.0,0.0,4.720643619824665e-29,5.693735781524496e-27,0.0,0.0,0.0,18.459755866707596,112.02830863110341,0.0,0.0
1316.0,0,1.119227583666813,0.0,0.0,0.0,0.0,0.0,0.0,0.0,0.0,0.0,0.0,0.0,23.087925166277472,0.0,0.0,4.489000277448825e-29,5.414342526439878e-27,0.0,0.0,0.0,18.459755866709386,112.02830863110776,0.0,0.0
1317.0,0,1.1192275836672916,0.0,0.0,0.0,0.0,0.0,0.0,0.0,0.0,0.0,0.0,0.0,23.087925166277426,0.0,0.0,4.2687237406165586e-29,5.1486591788715305e-27,0.0,0.0,0.0,18.459755866711127,112.02830863111198,0.0,0.0
1318.0,0,1.1192275836677756,0.0,0.0,0.0,0.0,0.0,0.0,0.0,0.0,0.0,0.0,0.0,23.08792516627738,0.0,0.0,4.0592562369052236e-29,4.896012989707998e-27,0.0,0.0,0.0,18.459755866712825,112.02830863111609,0.0,0.0
1319.0,0,1.1192275836682637,0.0,0.0,0.0,0.0,0.0,0.0,0.0,0.0,0.0,0.0,0.0,23.087925166277337,0.0,0.0,3.8600673639456455e-29,4.6557642218305336e-27,0.0,0.0,0.0,18.459755866714477,112.0283086311201,0.0,0.0
1320.0,0,1.1192275836687535,0.0,0.0,0.0,0.0,0.0,0.0,0.0,0.0,0.0,0.0,0.0,23.087925166277294,0.0,0.0,3.670652746365707e-29,4.427304530205109e-27,0.0,0.0,0.0,18.459755866716087,112.02830863112398,0.0,0.0
1321.0,0,1.1192275836692431,0.0,0.0,0.0,0.0,0.0,0.0,0.0,0.0,0.0,0.0,0.0,23.08792516627725,0.0,0.0,3.490532758638104e-29,4.210055421463769e-27,0.0,0.0,0.0,18.459755866717654,112.02830863112774,0.0,0.0
1322.0,0,1.119227583669731,0.0,0.0,0.0,0.0,0.0,0.0,0.0,0.0,0.0,0.0,0.0,23.087925166277216,0.0,0.0,3.31925131059833e-29,4.003466789074779e-27,0.0,0.0,0.0,18.459755866719178,112.02830863113141,0.0,0.0
1323.0,0,1.119227583670215,0.0,0.0,0.0,0.0,0.0,0.0,0.0,0.0,0.0,0.0,0.0,23.087925166277174,0.0,0.0,3.156374692557644e-29,3.807015520392397e-27,0.0,0.0,0.0,18.45975586672066,112.02830863113496,0.0,0.0
1324.0,0,1.1192275836706929,0.0,0.0,0.0,0.0,0.0,0.0,0.0,0.0,0.0,0.0,0.0,23.087925166277135,0.0,0.0,3.001490477086678e-29,3.6202041720591064e-27,0.0,0.0,0.0,18.459755866722105,112.02830863113842,0.0,0.0
1325.0,0,1.1192275836711634,0.0,0.0,0.0,0.0,0.0,0.0,0.0,0.0,0.0,0.0,0.0,23.0879251662771,0.0,0.0,2.8542064746888365e-29,3.442559710406253e-27,0.0,0.0,0.0,18.459755866723512,112.02830863114175,0.0,0.0
1326.0,0,1.119227583671625,0.0,0.0,0.0,0.0,0.0,0.0,0.0,0.0,0.0,0.0,0.0,23.08792516627706,0.0,0.0,2.714149740719107e-29,3.2736323136635764e-27,0.0,0.0,0.0,18.45975586672488,112.02830863114502,0.0,0.0
1327.0,0,1.1192275836720758,0.0,0.0,0.0,0.0,0.0,0.0,0.0,0.0,0.0,0.0,0.0,23.08792516627702,0.0,0.0,2.580965631033648e-29,3.11299423294467e-27,0.0,0.0,0.0,18.459755866726212,112.02830863114818,0.0,0.0
1328.0,0,1.1192275836725145,0.0,0.0,0.0,0.0,0.0,0.0,0.0,0.0,0.0,0.0,0.0,23.08792516627698,0.0,0.0,2.4543169039789233e-29,2.9602387091242136e-27,0.0,0.0,0.0,18.459755866727505,112.02830863115123,0.0,0.0
1329.0,0,1.1192275836729408,0.0,0.0,0.0,0.0,0.0,0.0,0.0,0.0,0.0,0.0,0.0,23.087925166276943,0.0,0.0,2.3338828664464914e-29,2.814978942864345e-27,0.0,0.0,0.0,18.459755866728766,112.0283086311542,0.0,0.0
1330.0,0,1.1192275836733525,0.0,0.0,0.0,0.0,0.0,0.0,0.0,0.0,0.0,0.0,0.0,23.087925166276907,0.0,0.0,2.219358561831128e-29,2.676847115182143e-27,0.0,0.0,0.0,18.459755866729992,112.02830863115709,0.0,0.0
1331.0,0,1.119227583673749,0.0,0.0,0.0,0.0,0.0,0.0,0.0,0.0,0.0,0.0,0.0,23.087925166276865,0.0,0.0,2.1104539978360828e-29,2.545493456078145e-27,0.0,0.0,0.0,18.459755866731186,112.0283086311599,0.0,0.0
1332.0,0,1.1192275836741294,0.0,0.0,0.0,0.0,0.0,0.0,0.0,0.0,0.0,0.0,0.0,23.087925166276825,0.0,0.0,2.0068934121701475e-29,2.4205853588675216e-27,0.0,0.0,0.0,18.459755866732344,112.0283086311626,0.0,0.0
1333.0,0,1.119227583674493,0.0,0.0,0.0,0.0,0.0,0.0,0.0,0.0,0.0,0.0,0.0,23.087925166276783,0.0,0.0,1.9084145742771885e-29,2.30180653797129e-27,0.0,0.0,0.0,18.459755866733474,112.02830863116525,0.0,0.0
1334.0,0,1.1192275836748389,0.0,0.0,0.0,0.0,0.0,0.0,0.0,0.0,0.0,0.0,0.0,23.08792516627674,0.0,0.0,1.8147681213300048e-29,2.188856228034944e-27,0.0,0.0,0.0,18.459755866734568,112.02830863116779,0.0,0.0
1335.0,0,1.1192275836751675,0.0,0.0,0.0,0.0,0.0,0.0,0.0,0.0,0.0,0.0,0.0,23.087925166276698,0.0,0.0,1.7257169268071663e-29,2.081448422346571e-27,0.0,0.0,0.0,18.459755866735634,112.02830863117026,0.0,0.0
1336.0,0,1.119227583675478,0.0,0.0,0.0,0.0,0.0,0.0,0.0,0.0,0.0,0.0,0.0,23.087925166276655,0.0,0.0,1.6410355000539598e-29,1.9793111486260046e-27,0.0,0.0,0.0,18.45975586673667,112.02830863117265,0.0,0.0
1337.0,0,1.1192275836757704,0.0,0.0,0.0,0.0,0.0,0.0,0.0,0.0,0.0,0.0,0.0,23.087925166276605,0.0,0.0,1.5605094153070612e-29,1.882185780351219e-27,0.0,0.0,0.0,18.45975586673768,112.028308631175,0.0,0.0
1338.0,0,1.1192275836760444,0.0,0.0,0.0,0.0,0.0,0.0,0.0,0.0,0.0,0.0,0.0,23.087925166276563,0.0,0.0,1.4839347687371257e-29,1.7898263818781296e-27,0.0,0.0,0.0,18.45975586673866,112.02830863117723,0.0,0.0
1339.0,0,1.1192275836763006,0.0,0.0,0.0,0.0,0.0,0.0,0.0,0.0,0.0,0.0,0.0,23.087925166276513,0.0,0.0,1.411117662134456e-29,1.7019990856955585e-27,0.0,0.0,0.0,18.459755866739613,112.02830863117943,0.0,0.0
1340.0,0,1.1192275836765384,0.0,0.0,0.0,0.0,0.0,0.0,0.0,0.0,0.0,0.0,0.0,23.087925166276463,0.0,0.0,1.3418737119303638e-29,1.618481500238475e-27,0.0,0.0,0.0,18.45975586674054,112.02830863118153,0.0,0.0
1341.0,0,1.1192275836767591,0.0,0.0,0.0,0.0,0.0,0.0,0.0,0.0,0.0,0.0,0.0,23.087925166276413,0.0,0.0,1.2760275823109945e-29,1.5390621467600126e-27,0.0,0.0,0.0,18.459755866741443,112.02830863118359,0.0,0.0
1342.0,0,1.1192275836769627,0.0,0.0,0.0,0.0,0.0,0.0,0.0,0.0,0.0,0.0,0.0,23.087925166276367,0.0,0.0,1.2134125412413918e-29,1.4635399238363374e-27,0.0,0.0,0.0,18.459755866742316,112.02830863118557,0.0,0.0
1343.0,0,1.1192275836771495,0.0,0.0,0.0,0.0,0.0,0.0,0.0,0.0,0.0,0.0,0.0,23.087925166276314,0.0,0.0,1.1538700382755872e-29,1.3917235981484173e-27,0.0,0.0,0.0,18.459755866743166,112.02830863118749,0.0,0.0
1344.0,0,1.1192275836773196,0.0,0.0,0.0,0.0,0.0,0.0,0.0,0.0,0.0,0.0,0.0,23.087925166276264,0.0,0.0,1.0972493030836725e-29,1.3234313202512771e-27,0.0,0.0,0.0,18.459755866743993,112.02830863118935,0.0,0.0
1345.0,0,1.1192275836774743,0.0,0.0,0.0,0.0,0.0,0.0,0.0,0.0,0.0,0.0,0.0,23.08792516627621,0.0,0.0,1.0434069636792624e-29,1.2584901641045943e-27,0.0,0.0,0.0,18.459755866744796,112.02830863119112,0.0,0.0
1346.0,0,1.1192275836776142,0.0,0.0,0.0,0.0,0.0,0.0,0.0,0.0,0.0,0.0,0.0,23.087925166276154,0.0,0.0,9.922066833806476e-30,1.1967356891986632e-27,0.0,0.0,0.0,18.459755866745574,112.02830863119286,0.0,0.0
1347.0,0,1.1192275836777403,0.0,0.0,0.0,0.0,0.0,0.0,0.0,0.0,0.0,0.0,0.0,23.087925166276097,0.0,0.0,9.435188155863667e-30,1.1380115241669617e-27,0.0,0.0,0.0,18.459755866746335,112.02830863119456,0.0,0.0
1348.0,0,1.1192275836778531,0.0,0.0,0.0,0.0,0.0,0.0,0.0,0.0,0.0,0.0,0.0,23.087925166276044,0.0,0.0,8.972200754910411e-30,1.0821689708309721e-27,0.0,0.0,0.0,18.45975586674707,112.02830863119618,0.0,0.0
1349.0,0,1.1192275836779535,0.0,0.0,0.0,0.0,0.0,0.0,0.0,0.0,0.0,0.0,0.0,23.08792516627599,0.0,0.0,8.531932279102089e-30,1.0290666276746339e-27,0.0,0.0,0.0,18.459755866747784,112.02830863119776,0.0,0.0
1350.0,0,1.1192275836780428,0.0,0.0,0.0,0.0,0.0,0.0,0.0,0.0,0.0,0.0,0.0,23.087925166275937,0.0,0.0,8.11326790423684e-30,9.785700317950155e-28,0.0,0.0,0.0,18.459755866748477,112.02830863119931,0.0,0.0
1351.0,0,1.1192275836781216,0.0,0.0,0.0,0.0,0.0,0.0,0.0,0.0,0.0,0.0,0.0,23.087925166275877,0.0,0.0,7.715147510857546e-30,9.30551318422569e-28,0.0,0.0,0.0,18.459755866749152,112.02830863120076,0.0,0.0
1352.0,0,1.1192275836781906,0.0,0.0,0.0,0.0,0.0,0.0,0.0,0.0,0.0,0.0,0.0,23.08792516627582,0.0,0.0,7.336562999874263e-30,8.848888971488248e-28,0.0,0.0,0.0,18.459755866749802,112.02830863120218,0.0,0.0
1353.0,0,1.1192275836782513,0.0,0.0,0.0,0.0,0.0,0.0,0.0,0.0,0.0,0.0,0.0,23.087925166275767,0.0,0.0,6.976555739909802e-30,8.414671440416843e-28,0.0,0.0,0.0,18.459755866750434,112.02830863120357,0.0,0.0
1354.0,0,1.1192275836783045,0.0,0.0,0.0,0.0,0.0,0.0,0.0,0.0,0.0,0.0,0.0,23.08792516627571,0.0,0.0,6.634214139904828e-30,8.0017610886870795e-28,0.0,0.0,0.0,18.45975586675105,112.02830863120491,0.0,0.0
1355.0,0,1.1192275836783507,0.0,0.0,0.0,0.0,0.0,0.0,0.0,0.0,0.0,0.0,0.0,23.087925166275646,0.0,0.0,6.308671340835898e-30,7.609112366870361e-28,0.0,0.0,0.0,18.45975586675165,112.02830863120619,0.0,0.0
1356.0,0,1.1192275836783905,0.0,0.0,0.0,0.0,0.0,0.0,0.0,0.0,0.0,0.0,0.0,23.087925166275596,0.0,0.0,5.999103020701584e-30,7.235731030949763e-28,0.0,0.0,0.0,18.45975586675223,112.02830863120742,0.0,0.0
1357.0,0,1.119227583678425,0.0,0.0,0.0,0.0,0.0,0.0,0.0,0.0,0.0,0.0,0.0,23.08792516627554,0.0,0.0,5.70472530721854e-30,6.8806716247487e-28,0.0,0.0,0.0,18.45975586675279,112.02830863120863,0.0,0.0
1358.0,0,1.1192275836784547,0.0,0.0,0.0,0.0,0.0,0.0,0.0,0.0,0.0,0.0,0.0,23.08792516627548,0.0,0.0,5.424792792942186e-30,6.543035085897546e-28,0.0,0.0,0.0,18.459755866753337,112.02830863120982,0.0,0.0
1359.0,0,1.119227583678481,0.0,0.0,0.0,0.0,0.0,0.0,0.0,0.0,0.0,0.0,0.0,23.087925166275422,0.0,0.0,5.1585966477859974e-30,6.221966469276157e-28,0.0,0.0,0.0,18.459755866753866,112.02830863121095,0.0,0.0
1360.0,0,1.1192275836785048,0.0,0.0,0.0,0.0,0.0,0.0,0.0,0.0,0.0,0.0,0.0,23.08792516627537,0.0,0.0,4.9054628241599854e-30,5.916652782167733e-28,0.0,0.0,0.0,18.45975586675438,112.02830863121203,0.0,0.0
1361.0,0,1.1192275836785257,0.0,0.0,0.0,0.0,0.0,0.0,0.0,0.0,0.0,0.0,0.0,23.087925166275316,0.0,0.0,4.6647503501836e-30,5.6263209256422985e-28,0.0,0.0,0.0,18.45975586675488,112.0283086312131,0.0,0.0
1362.0,0,1.1192275836785444,0.0,0.0,0.0,0.0,0.0,0.0,0.0,0.0,0.0,0.0,0.0,23.08792516627526,0.0,0.0,4.435849706651112e-30,5.350235736957092e-28,0.0,0.0,0.0,18.459755866755362,112.02830863121412,0.0,0.0
1363.0,0,1.119227583678562,0.0,0.0,0.0,0.0,0.0,0.0,0.0,0.0,0.0,0.0,0.0,23.08792516627521,0.0,0.0,4.2181812836398206e-30,5.0876981280169295e-28,0.0,0.0,0.0,18.45975586675583,112.02830863121513,0.0,0.0
1364.0,0,1.119227583678579,0.0,0.0,0.0,0.0,0.0,0.0,0.0,0.0,0.0,0.0,0.0,23.087925166275156,0.0,0.0,4.011193912852905e-30,4.8380433151808545e-28,0.0,0.0,0.0,18.459755866756286,112.0283086312161,0.0,0.0
1365.0,0,1.1192275836785956,0.0,0.0,0.0,0.0,0.0,0.0,0.0,0.0,0.0,0.0,0.0,23.087925166275102,0.0,0.0,3.814363471980654e-30,4.600639135932685e-28,0.0,0.0,0.0,18.459755866756726,112.02830863121702,0.0,0.0
1366.0,0,1.1192275836786127,0.0,0.0,0.0,0.0,0.0,0.0,0.0,0.0,0.0,0.0,0.0,23.087925166275056,0.0,0.0,3.627191557546087e-30,4.37488444815303e-28,0.0,0.0,0.0,18.459755866757156,112.0283086312179,0.0,0.0
1367.0,0,1.1192275836786314,0.0,0.0,0.0,0.0,0.0,0.0,0.0,0.0,0.0,0.0,0.0,23.087925166275006,0.0,0.0,3.44920422287442e-30,4.1602076079394725e-28,0.0,0.0,0.0,18.459755866757572,112.02830863121875,0.0,0.0
1368.0,0,1.1192275836786514,0.0,0.0,0.0,0.0,0.0,0.0,0.0,0.0,0.0,0.0,0.0,23.087925166274957,0.0,0.0,3.2799507779907395e-30,3.956065022120574e-28,0.0,0.0,0.0,18.459755866757973,112.0283086312196,0.0,0.0
1369.0,0,1.119227583678673,0.0,0.0,0.0,0.0,0.0,0.0,0.0,0.0,0.0,0.0,0.0,23.087925166274914,0.0,0.0,3.11900264840704e-30,3.7619397717984167e-28,0.0,0.0,0.0,18.459755866758364,112.02830863122043,0.0,0.0
1370.0,0,1.1192275836786973,0.0,0.0,0.0,0.0,0.0,0.0,0.0,0.0,0.0,0.0,0.0,23.087925166274864,0.0,0.0,2.9659522899089044e-30,3.5773403034343225e-28,0.0,0.0,0.0,18.459755866758744,112.02830863122124,0.0,0.0
1371.0,0,1.1192275836787244,0.0,0.0,0.0,0.0,0.0,0.0,0.0,0.0,0.0,0.0,0.0,23.08792516627482,0.0,0.0,2.8204121565939286e-30,3.4017991841633653e-28,0.0,0.0,0.0,18.45975586675911,112.02830863122199,0.0,0.0
1372.0,0,1.119227583678755,0.0,0.0,0.0,0.0,0.0,0.0,0.0,0.0,0.0,0.0,0.0,23.087925166274783,0.0,0.0,2.682013719548784e-30,3.2348719181859616e-28,0.0,0.0,0.0,18.459755866759465,112.0283086312227,0.0,0.0
1373.0,0,1.1192275836787886,0.0,0.0,0.0,0.0,0.0,0.0,0.0,0.0,0.0,0.0,0.0,23.087925166274736,0.0,0.0,2.550406533680089e-30,3.076135821239467e-28,0.0,0.0,0.0,18.45975586675981,112.0283086312234,0.0,0.0
1374.0,0,1.1192275836788255,0.0,0.0,0.0,0.0,0.0,0.0,0.0,0.0,0.0,0.0,0.0,23.087925166274697,0.0,0.0,2.42525735033615e-30,2.925188950299774e-28,0.0,0.0,0.0,18.459755866760144,112.02830863122408,0.0,0.0
1375.0,0,1.1192275836788657,0.0,0.0,0.0,0.0,0.0,0.0,0.0,0.0,0.0,0.0,0.0,23.08792516627466,0.0,0.0,2.306249273472617e-30,2.781649085802763e-28,0.0,0.0,0.0,18.459755866760467,112.02830863122473,0.0,0.0
1376.0,0,1.1192275836789096,0.0,0.0,0.0,0.0,0.0,0.0,0.0,0.0,0.0,0.0,0.0,23.08792516627462,0.0,0.0,2.193080957225332e-30,2.6451527638084366e-28,0.0,0.0,0.0,18.45975586676078,112.02830863122537,0.0,0.0
1377.0,0,1.1192275836789571,0.0,0.0,0.0,0.0,0.0,0.0,0.0,0.0,0.0,0.0,0.0,23.087925166274584,0.0,0.0,2.0854658428585017e-30,2.5153543556570425e-28,0.0,0.0,0.0,18.459755866761082,112.028308631226,0.0,0.0
1378.0,0,1.1192275836790089,0.0,0.0,0.0,0.0,0.0,0.0,0.0,0.0,0.0,0.0,0.0,23.087925166274548,0.0,0.0,1.9831314331560525e-30,2.391925192786734e-28,0.0,0.0,0.0,18.459755866761373,112.02830863122662,0.0,0.0
1379.0,0,1.1192275836790644,0.0,0.0,0.0,0.0,0.0,0.0,0.0,0.0,0.0,0.0,0.0,23.08792516627451,0.0,0.0,1.8858186024188072e-30,2.2745527344966775e-28,0.0,0.0,0.0,18.459755866761657,112.02830863122716,0.0,0.0
1380.0000000000002,0,1.1192275836791232,0.0,0.0,0.0,0.0,0.0,0.0,0.0,0.0,0.0,0.0,0.0,23.087925166274474,0.0,0.0,1.7932809403202963e-30,2.1629397765482686e-28,0.0,0.0,0.0,18.459755866761927,112.02830863122769,0.0,0.0
1381.0,0,1.119227583679185,0.0,0.0,0.0,0.0,0.0,0.0,0.0,0.0,0.0,0.0,0.0,23.08792516627444,0.0,0.0,1.7052841279597584e-30,2.056803698600512e-28,0.0,0.0,0.0,18.459755866762194,112.0283086312282,0.0,0.0
1382.0000000000002,0,1.1192275836792507,0.0,0.0,0.0,0.0,0.0,0.0,0.0,0.0,0.0,0.0,0.0,23.087925166274413,0.0,0.0,1.6216053445323965e-30,1.9558757485739633e-28,0.0,0.0,0.0,18.45975586676245,112.0283086312287,0.0,0.0
1383.0,0,1.1192275836793195,0.0,0.0,0.0,0.0,0.0,0.0,0.0,0.0,0.0,0.0,0.0,23.08792516627438,0.0,0.0,1.5420327031144961e-30,1.85990036213114e-28,0.0,0.0,0.0,18.4597558667627,112.02830863122918,0.0,0.0
1384.0000000000002,0,1.1192275836793915,0.0,0.0,0.0,0.0,0.0,0.0,0.0,0.0,0.0,0.0,0.0,23.087925166274346,0.0,0.0,1.4663647141347308e-30,1.7686345155502257e-28,0.0,0.0,0.0,18.45975586676294,112.02830863122963,0.0,0.0
1385.0,0,1.1192275836794663,0.0,0.0,0.0,0.0,0.0,0.0,0.0,0.0,0.0,0.0,0.0,23.087925166274317,0.0,0.0,1.3944097751730863e-30,1.6818471103534436e-28,0.0,0.0,0.0,18.45975586676317,112.02830863123009,0.0,0.0
1386.0000000000002,0,1.1192275836795442,0.0,0.0,0.0,0.0,0.0,0.0,0.0,0.0,0.0,0.0,0.0,23.087925166274292,0.0,0.0,1.3259856857954956e-30,1.5993183881318982e-28,0.0,0.0,0.0,18.4597558667634,112.02830863123054,0.0,0.0
1387.0,0,1.1192275836796248,0.0,0.0,0.0,0.0,0.0,0.0,0.0,0.0,0.0,0.0,0.0,23.087925166274264,0.0,0.0,1.2609191861956815e-30,1.520839374085129e-28,0.0,0.0,0.0,18.45975586676361,112.02830863123097,0.0,0.0
1388.0000000000002,0,1.119227583679708,0.0,0.0,0.0,0.0,0.0,0.0,0.0,0.0,0.0,0.0,0.0,23.087925166274236,0.0,0.0,1.1990455184759733e-30,1.4462113478663352e-28,0.0,0.0,0.0,18.459755866763825,112.0283086312314,0.0,0.0
1389.0,0,1.1192275836797942,0.0,0.0,0.0,0.0,0.0,0.0,0.0,0.0,0.0,0.0,0.0,23.08792516627421,0.0,0.0,1.140208009456205e-30,1.375245340393382e-28,0.0,0.0,0.0,18.459755866764024,112.0283086312318,0.0,0.0
1390.0000000000002,0,1.1192275836798828,0.0,0.0,0.0,0.0,0.0,0.0,0.0,0.0,0.0,0.0,0.0,23.08792516627419,0.0,0.0,1.0842576739542955e-30,1.3077616553514355e-28,0.0,0.0,0.0,18.459755866764223,112.02830863123214,0.0,0.0
1391.0,0,1.1192275836799734,0.0,0.0,0.0,0.0,0.0,0.0,0.0,0.0,0.0,0.0,0.0,23.087925166274164,0.0,0.0,1.0310528375339698e-30,1.2435894141755979e-28,0.0,0.0,0.0,18.459755866764407,112.02830863123248,0.0,0.0
1392.0000000000002,0,1.119227583680066,0.0,0.0,0.0,0.0,0.0,0.0,0.0,0.0,0.0,0.0,0.0,23.08792516627414,0.0,0.0,9.804587777643547e-31,1.1825661233613792e-28,0.0,0.0,0.0,18.459755866764592,112.02830863123279,0.0,0.0
1393.0,0,1.11922758368016,0.0,0.0,0.0,0.0,0.0,0.0,0.0,0.0,0.0,0.0,0.0,23.08792516627412,0.0,0.0,9.323473830830715e-31,1.124537263007366e-28,0.0,0.0,0.0,18.459755866764766,112.0283086312331,0.0,0.0
1394.0000000000002,0,1.119227583680255,0.0,0.0,0.0,0.0,0.0,0.0,0.0,0.0,0.0,0.0,0.0,23.087925166274097,0.0,0.0,8.865968283990152e-31,1.069355895548223e-28,0.0,0.0,0.0,18.459755866764937,112.02830863123341,0.0,0.0
1395.0,0,1.1192275836803511,0.0,0.0,0.0,0.0,0.0,0.0,0.0,0.0,0.0,0.0,0.0,23.087925166274076,0.0,0.0,8.43091266613397e-31,1.0168822936872761e-28,0.0,0.0,0.0,18.459755866765104,112.0283086312337,0.0,0.0
1396.0000000000002,0,1.119227583680448,0.0,0.0,0.0,0.0,0.0,0.0,0.0,0.0,0.0,0.0,0.0,23.087925166274054,0.0,0.0,8.017205352779397e-31,9.669835865865526e-29,0.0,0.0,0.0,18.45975586676526,112.02830863123398,0.0,0.0
1397.0,0,1.1192275836805448,0.0,0.0,0.0,0.0,0.0,0.0,0.0,0.0,0.0,0.0,0.0,23.087925166274037,0.0,0.0,7.623798776474394e-31,9.195334234183776e-29,0.0,0.0,0.0,18.459755866765416,112.02830863123427,0.0,0.0
1398.0000000000002,0,1.1192275836806413,0.0,0.0,0.0,0.0,0.0,0.0,0.0,0.0,0.0,0.0,0.0,23.08792516627402,0.0,0.0,7.249696774203577e-31,8.744116534265893e-29,0.0,0.0,0.0,18.459755866765562,112.02830863123455,0.0,0.0
1399.0,0,1.1192275836807373,0.0,0.0,0.0,0.0,0.0,0.0,0.0,0.0,0.0,0.0,0.0,23.087925166273997,0.0,0.0,6.893952064957716e-31,8.315040216872456e-29,0.0,0.0,0.0,18.459755866765704,112.02830863123481,0.0,0.0
1400.0000000000002,0,1.119227583680832,0.0,0.0,0.0,0.0,0.0,0.0,0.0,0.0,0.0,0.0,0.0,23.087925166273976,0.0,0.0,6.5556638510795955e-31,7.907018797984369e-29,0.0,0.0,0.0,18.459755866765846,112.02830863123506,0.0,0.0
1401.0,0,1.1192275836809253,0.0,0.0,0.0,0.0,0.0,0.0,0.0,0.0,0.0,0.0,0.0,23.08792516627396,0.0,0.0,6.233975537312554e-31,7.519019107666353e-29,0.0,0.0,0.0,18.459755866765978,112.02830863123532,0.0,0.0
1402.0000000000002,0,1.1192275836810168,0.0,0.0,0.0,0.0,0.0,0.0,0.0,0.0,0.0,0.0,0.0,23.08792516627394,0.0,0.0,5.92807256177594e-31,7.150058673929495e-29,0.0,0.0,0.0,18.459755866766105,112.02830863123555,0.0,0.0
1403.0,0,1.1192275836811059,0.0,0.0,0.0,0.0,0.0,0.0,0.0,0.0,0.0,0.0,0.0,23.087925166273923,0.0,0.0,5.637180333375253e-31,6.799203234968419e-29,0.0,0.0,0.0,18.459755866766233,112.02830863123577,0.0,0.0
1404.0000000000002,0,1.1192275836811916,0.0,0.0,0.0,0.0,0.0,0.0,0.0,0.0,0.0,0.0,0.0,23.087925166273905,0.0,0.0,5.360562270424149e-31,6.465564373473681e-29,0.0,0.0,0.0,18.459755866766354,112.02830863123594,0.0,0.0
1405.0,0,1.1192275836812748,0.0,0.0,0.0,0.0,0.0,0.0,0.0,0.0,0.0,0.0,0.0,23.08792516627389,0.0,0.0,5.097517935511829e-31,6.148297267029155e-29,0.0,0.0,0.0,18.459755866766468,112.02830863123611,0.0,0.0
1406.0000000000002,0,1.1192275836813552,0.0,0.0,0.0,0.0,0.0,0.0,0.0,0.0,0.0,0.0,0.0,23.087925166273877,0.0,0.0,4.847381261893029e-31,5.846598548898051e-29,0.0,0.0,0.0,18.45975586676658,112.02830863123629,0.0,0.0
1407.0,0,1.1192275836814323,0.0,0.0,0.0,0.0,0.0,0.0,0.0,0.0,0.0,0.0,0.0,23.087925166273862,0.0,0.0,4.6095188669095635e-31,5.559704273780802e-29,0.0,0.0,0.0,18.45975586676669,112.02830863123643,0.0,0.0
1408.0,0,1.1192275836815058,0.0,0.0,0.0,0.0,0.0,0.0,0.0,0.0,0.0,0.0,0.0,23.08792516627385,0.0,0.0,4.383328448172747e-31,5.286887983393759e-29,0.0,0.0,0.0,18.45975586676679,112.02830863123657,0.0,0.0
1409.0,0,1.1192275836815755,0.0,0.0,0.0,0.0,0.0,0.0,0.0,0.0,0.0,0.0,0.0,23.08792516627383,0.0,0.0,4.168237258445624e-31,5.0274588669705455e-29,0.0,0.0,0.0,18.45975586676689,112.02830863123671,0.0,0.0
1410.0,0,1.1192275836816417,0.0,0.0,0.0,0.0,0.0,0.0,0.0,0.0,0.0,0.0,0.0,23.087925166273813,0.0,0.0,3.96370065536316e-31,4.780760012028101e-29,0.0,0.0,0.0,18.45975586676699,112.02830863123685,0.0,0.0
1411.0,0,1.119227583681704,0.0,0.0,0.0,0.0,0.0,0.0,0.0,0.0,0.0,0.0,0.0,23.087925166273795,0.0,0.0,3.76920072231807e-31,4.5461667409681514e-29,0.0,0.0,0.0,18.459755866767082,112.02830863123698,0.0,0.0
1412.0,0,1.1192275836817622,0.0,0.0,0.0,0.0,0.0,0.0,0.0,0.0,0.0,0.0,0.0,23.087925166273777,0.0,0.0,3.5842449570201985e-31,4.323085029302137e-29,0.0,0.0,0.0,18.459755866767168,112.0283086312371,0.0,0.0
1413.0,0,1.1192275836818169,0.0,0.0,0.0,0.0,0.0,0.0,0.0,0.0,0.0,0.0,0.0,23.087925166273756,0.0,0.0,3.4083650244086485e-31,4.110950001494278e-29,0.0,0.0,0.0,18.459755866767253,112.02830863123721,0.0,0.0
1414.0,0,1.119227583681868,0.0,0.0,0.0,0.0,0.0,0.0,0.0,0.0,0.0,0.0,0.0,23.08792516627374,0.0,0.0,3.241115570758883e-31,3.909224500614069e-29,0.0,0.0,0.0,18.45975586676734,112.02830863123732,0.0,0.0
1415.0,0,1.1192275836819157,0.0,0.0,0.0,0.0,0.0,0.0,0.0,0.0,0.0,0.0,0.0,23.087925166273724,0.0,0.0,3.082073095981926e-31,3.7173977281763317e-29,0.0,0.0,0.0,18.459755866767424,112.02830863123744,0.0,0.0
1416.0,0,1.1192275836819596,0.0,0.0,0.0,0.0,0.0,0.0,0.0,0.0,0.0,0.0,0.0,23.087925166273713,0.0,0.0,2.930834881260176e-31,3.5349839507247105e-29,0.0,0.0,0.0,18.459755866767495,112.02830863123755,0.0,0.0
1417.0,0,1.119227583682,0.0,0.0,0.0,0.0,0.0,0.0,0.0,0.0,0.0,0.0,0.0,23.087925166273703,0.0,0.0,2.787017969304425e-31,3.361521269883483e-29,0.0,0.0,0.0,18.459755866767566,112.02830863123765,0.0,0.0
1418.0,0,1.119227583682037,0.0,0.0,0.0,0.0,0.0,0.0,0.0,0.0,0.0,0.0,0.0,23.08792516627369,0.0,0.0,2.6502581946499723e-31,3.1965704527632945e-29,0.0,0.0,0.0,18.459755866767637,112.02830863123773,0.0,0.0
1419.0,0,1.1192275836820702,0.0,0.0,0.0,0.0,0.0,0.0,0.0,0.0,0.0,0.0,0.0,23.08792516627367,0.0,0.0,2.5202092615363818e-31,3.039713819759204e-29,0.0,0.0,0.0,18.459755866767708,112.02830863123782,0.0,0.0
1420.0,0,1.1192275836821,0.0,0.0,0.0,0.0,0.0,0.0,0.0,0.0,0.0,0.0,0.0,23.087925166273656,0.0,0.0,2.396541867035943e-31,2.8905541869248147e-29,0.0,0.0,0.0,18.45975586676778,112.0283086312379,0.0,0.0
1421.0,0,1.119227583682127,0.0,0.0,0.0,0.0,0.0,0.0,0.0,0.0,0.0,0.0,0.0,23.087925166273642,0.0,0.0,2.2789428672104793e-31,2.748713860244401e-29,0.0,0.0,0.0,18.459755866767836,112.02830863123799,0.0,0.0
1422.0,0,1.1192275836821513,0.0,0.0,0.0,0.0,0.0,0.0,0.0,0.0,0.0,0.0,0.0,23.087925166273628,0.0,0.0,2.1671144841850687e-31,2.613833679256399e-29,0.0,0.0,0.0,18.459755866767892,112.02830863123808,0.0,0.0
1423.0,0,1.1192275836821732,0.0,0.0,0.0,0.0,0.0,0.0,0.0,0.0,0.0,0.0,0.0,23.087925166273614,0.0,0.0,2.0607735521308994e-31,2.4855721076065615e-29,0.0,0.0,0.0,18.45975586676795,112.02830863123816,0.0,0.0
1424.0,0,1.119227583682193,0.0,0.0,0.0,0.0,0.0,0.0,0.0,0.0,0.0,0.0,0.0,23.087925166273596,0.0,0.0,1.9596508002479552e-31,2.3636043682279365e-29,0.0,0.0,0.0,18.459755866768006,112.02830863123823,0.0,0.0
1425.0,0,1.1192275836822099,0.0,0.0,0.0,0.0,0.0,0.0,0.0,0.0,0.0,0.0,0.0,23.08792516627358,0.0,0.0,1.8634901709319504e-31,2.2476216209578118e-29,0.0,0.0,0.0,18.459755866768063,112.02830863123829,0.0,0.0
1426.0,0,1.119227583682224,0.0,0.0,0.0,0.0,0.0,0.0,0.0,0.0,0.0,0.0,0.0,23.087925166273564,0.0,0.0,1.7720481713990068e-31,2.13733018050923e-29,0.0,0.0,0.0,18.459755866768116,112.02830863123835,0.0,0.0
1427.0,0,1.119227583682236,0.0,0.0,0.0,0.0,0.0,0.0,0.0,0.0,0.0,0.0,0.0,23.087925166273546,0.0,0.0,1.685093257126299e-31,2.0324507728168734e-29,0.0,0.0,0.0,18.45975586676816,112.0283086312384,0.0,0.0
1428.0,0,1.119227583682246,0.0,0.0,0.0,0.0,0.0,0.0,0.0,0.0,0.0,0.0,0.0,23.08792516627353,0.0,0.0,1.602405245547441e-31,1.932717827874263e-29,0.0,0.0,0.0,18.4597558667682,112.02830863123846,0.0,0.0
1429.0,0,1.1192275836822545,0.0,0.0,0.0,0.0,0.0,0.0,0.0,0.0,0.0,0.0,0.0,23.08792516627351,0.0,0.0,1.5237747585180106e-31,1.8378788072716455e-29,0.0,0.0,0.0,18.459755866768244,112.02830863123852,0.0,0.0
1430.0,0,1.1192275836822618,0.0,0.0,0.0,0.0,0.0,0.0,0.0,0.0,0.0,0.0,0.0,23.087925166273493,0.0,0.0,1.4490026921394518e-31,1.7476935647317862e-29,0.0,0.0,0.0,18.459755866768287,112.02830863123857,0.0,0.0
1431.0,0,1.1192275836822678,0.0,0.0,0.0,0.0,0.0,0.0,0.0,0.0,0.0,0.0,0.0,23.08792516627348,0.0,0.0,1.3778997125988698e-31,1.6619337380244585e-29,0.0,0.0,0.0,18.45975586676833,112.02830863123863,0.0,0.0
1432.0,0,1.119227583682273,0.0,0.0,0.0,0.0,0.0,0.0,0.0,0.0,0.0,0.0,0.0,23.087925166273465,0.0,0.0,1.3102857767481127e-31,1.5803821707198596e-29,0.0,0.0,0.0,18.459755866768372,112.02830863123869,0.0,0.0
1433.0,0,1.119227583682277,0.0,0.0,0.0,0.0,0.0,0.0,0.0,0.0,0.0,0.0,0.0,23.087925166273454,0.0,0.0,1.2459896762081765e-31,1.502832362316757e-29,0.0,0.0,0.0,18.45975586676841,112.02830863123874,0.0,0.0
1434.0,0,1.11922758368228,0.0,0.0,0.0,0.0,0.0,0.0,0.0,0.0,0.0,0.0,0.0,23.087925166273443,0.0,0.0,1.184848603844537e-31,1.4290879453530036e-29,0.0,0.0,0.0,18.45975586676844,112.02830863123879,0.0,0.0
1435.0,0,1.119227583682282,0.0,0.0,0.0,0.0,0.0,0.0,0.0,0.0,0.0,0.0,0.0,23.08792516627343,0.0,0.0,1.126707741515665e-31,1.3589621881743913e-29,0.0,0.0,0.0,18.459755866768468,112.02830863123881,0.0,0.0
1436.0,0,1.1192275836822831,0.0,0.0,0.0,0.0,0.0,0.0,0.0,0.0,0.0,0.0,0.0,23.08792516627342,0.0,0.0,1.0714198680508351e-31,1.292277522102778e-29,0.0,0.0,0.0,18.459755866768496,112.02830863123884,0.0,0.0
1437.0,0,1.119227583682284,0.0,0.0,0.0,0.0,0.0,0.0,0.0,0.0,0.0,0.0,0.0,23.087925166273408,0.0,0.0,1.0188449864645836e-31,1.2288650918062134e-29,0.0,0.0,0.0,18.459755866768525,112.02830863123884,0.0,0.0
1438.0,0,1.119227583682285,0.0,0.0,0.0,0.0,0.0,0.0,0.0,0.0,0.0,0.0,0.0,23.087925166273397,0.0,0.0,9.688499694638533e-32,1.1685643277325304e-29,0.0,0.0,0.0,18.459755866768553,112.02830863123884,0.0,0.0
1439.0,0,1.1192275836822858,0.0,0.0,0.0,0.0,0.0,0.0,0.0,0.0,0.0,0.0,0.0,23.087925166273386,0.0,0.0,9.213082223502101e-32,1.1112225395237453e-29,0.0,0.0,0.0,18.45975586676858,112.02830863123887,0.0,0.0
1440.0,0,1.1192275836822867,0.0,0.0,0.0,0.0,0.0,0.0,0.0,0.0,0.0,0.0,0.0,23.08792516627338,0.0,0.0,8.760993624635425e-32,1.056694529381728e-29,0.0,0.0,0.0,18.45975586676861,112.02830863123887,0.0,0.0
1441.0,0,1.1192275836822876,0.0,0.0,0.0,0.0,0.0,0.0,0.0,0.0,0.0,0.0,0.0,23.08792516627337,0.0,0.0,8.331089143555502e-32,1.0048422244061324e-29,0.0,0.0,0.0,18.45975586676864,112.02830863123887,0.0,0.0
1442.0,0,1.1192275836822887,0.0,0.0,0.0,0.0,0.0,0.0,0.0,0.0,0.0,0.0,0.0,23.087925166273354,0.0,0.0,7.922280199211606e-32,9.555343269736092e-30,0.0,0.0,0.0,18.459755866768667,112.02830863123887,0.0,0.0
1443.0,0,1.1192275836822905,0.0,0.0,0.0,0.0,0.0,0.0,0.0,0.0,0.0,0.0,0.0,23.087925166273347,0.0,0.0,7.533531627538773e-32,9.086459822730119e-30,0.0,0.0,0.0,18.459755866768685,112.02830863123887,0.0,0.0
1444.0,0,1.1192275836822922,0.0,0.0,0.0,0.0,0.0,0.0,0.0,0.0,0.0,0.0,0.0,23.087925166273337,0.0,0.0,7.163859060270925e-32,8.640584621547456e-30,0.0,0.0,0.0,18.4597558667687,112.0283086312389,0.0,0.0
1445.0,0,1.1192275836822945,0.0,0.0,0.0,0.0,0.0,0.0,0.0,0.0,0.0,0.0,0.0,23.08792516627333,0.0,0.0,6.812326432376376e-32,8.2165886449372e-30,0.0,0.0,0.0,18.459755866768713,112.02830863123893,0.0,0.0
1446.0,0,1.1192275836822976,0.0,0.0,0.0,0.0,0.0,0.0,0.0,0.0,0.0,0.0,0.0,23.087925166273315,0.0,0.0,6.478043611804221e-32,7.813398273046487e-30,0.0,0.0,0.0,18.459755866768727,112.0283086312389,0.0,0.0
1447.0,0,1.119227583682302,0.0,0.0,0.0,0.0,0.0,0.0,0.0,0.0,0.0,0.0,0.0,23.08792516627331,0.0,0.0,6.160164145539722e-32,7.429992568857931e-30,0.0,0.0,0.0,18.45975586676874,112.02830863123893,0.0,0.0
1448.0,0,1.119227583682308,0.0,0.0,0.0,0.0,0.0,0.0,0.0,0.0,0.0,0.0,0.0,23.087925166273294,0.0,0.0,5.857883116261424e-32,7.065400693027697e-30,0.0,0.0,0.0,18.459755866768756,112.02830863123893,0.0,0.0
1449.0,0,1.119227583682315,0.0,0.0,0.0,0.0,0.0,0.0,0.0,0.0,0.0,0.0,0.0,23.087925166273287,0.0,0.0,5.570435104172728e-32,6.718699445578245e-30,0.0,0.0,0.0,18.45975586676877,112.0283086312389,0.0,0.0
1450.0,0,1.1192275836823222,0.0,0.0,0.0,0.0,0.0,0.0,0.0,0.0,0.0,0.0,0.0,23.08792516627328,0.0,0.0,5.297092248846953e-32,6.389010928220893e-30,0.0,0.0,0.0,18.459755866768784,112.02830863123887,0.0,0.0
1451.0,0,1.1192275836823307,0.0,0.0,0.0,0.0,0.0,0.0,0.0,0.0,0.0,0.0,0.0,23.087925166273276,0.0,0.0,5.037162406178246e-32,6.075500321388891e-30,0.0,0.0,0.0,18.4597558667688,112.02830863123884,0.0,0.0
1452.0,0,1.1192275836823404,0.0,0.0,0.0,0.0,0.0,0.0,0.0,0.0,0.0,0.0,0.0,23.08792516627327,0.0,0.0,4.789987395771426e-32,5.777373770352132e-30,0.0,0.0,0.0,18.459755866768813,112.02830863123884,0.0,0.0
1453.0,0,1.1192275836823515,0.0,0.0,0.0,0.0,0.0,0.0,0.0,0.0,0.0,0.0,0.0,23.087925166273266,0.0,0.0,4.554941334332912e-32,5.4938763750608144e-30,0.0,0.0,0.0,18.459755866768827,112.02830863123881,0.0,0.0
1454.0,0,1.1192275836823644,0.0,0.0,0.0,0.0,0.0,0.0,0.0,0.0,0.0,0.0,0.0,23.087925166273262,0.0,0.0,4.331429050842652e-32,5.2242902786280545e-30,0.0,0.0,0.0,18.45975586676884,112.0283086312388,0.0,0.0
1455.0,0,1.1192275836823777,0.0,0.0,0.0,0.0,0.0,0.0,0.0,0.0,0.0,0.0,0.0,23.08792516627326,0.0,0.0,4.118884579494004e-32,4.967932849611213e-30,0.0,0.0,0.0,18.459755866768855,112.02830863123879,0.0,0.0
1456.0,0,1.1192275836823924,0.0,0.0,0.0,0.0,0.0,0.0,0.0,0.0,0.0,0.0,0.0,23.087925166273255,0.0,0.0,3.9167697265855085e-32,4.724154953489198e-30,0.0,0.0,0.0,18.45975586676887,112.02830863123876,0.0,0.0
1457.0,0,1.1192275836824084,0.0,0.0,0.0,0.0,0.0,0.0,0.0,0.0,0.0,0.0,0.0,23.087925166273248,0.0,0.0,3.7245727077356786e-32,4.4923393089588746e-30,0.0,0.0,0.0,18.459755866768884,112.02830863123873,0.0,0.0
1458.0,0,1.119227583682425,0.0,0.0,0.0,0.0,0.0,0.0,0.0,0.0,0.0,0.0,0.0,23.087925166273237,0.0,0.0,3.541806851970068e-32,4.27189892488848e-30,0.0,0.0,0.0,18.45975586676889,112.02830863123872,0.0,0.0
1459.0,0,1.1192275836824428,0.0,0.0,0.0,0.0,0.0,0.0,0.0,0.0,0.0,0.0,0.0,23.087925166273237,0.0,0.0,3.36800936939915e-32,4.0622756139701954e-30,0.0,0.0,0.0,18.45975586676889,112.0283086312387,0.0,0.0
1460.0,0,1.119227583682461,0.0,0.0,0.0,0.0,0.0,0.0,0.0,0.0,0.0,0.0,0.0,23.08792516627323,0.0,0.0,3.2027401793665964e-32,3.8629385793082e-30,0.0,0.0,0.0,18.45975586676889,112.02830863123867,0.0,0.0
1461.0,0,1.1192275836824797,0.0,0.0,0.0,0.0,0.0,0.0,0.0,0.0,0.0,0.0,0.0,23.087925166273223,0.0,0.0,3.0455807961006706e-32,3.6733830703632645e-30,0.0,0.0,0.0,18.45975586676889,112.02830863123867,0.0,0.0
1462.0,0,1.1192275836824983,0.0,0.0,0.0,0.0,0.0,0.0,0.0,0.0,0.0,0.0,0.0,23.087925166273216,0.0,0.0,2.8961332690470117e-32,3.493129104850533e-30,0.0,0.0,0.0,18.45975586676889,112.02830863123866,0.0,0.0
1463.0,0,1.1192275836825174,0.0,0.0,0.0,0.0,0.0,0.0,0.0,0.0,0.0,0.0,0.0,23.08792516627321,0.0,0.0,2.7540191751996067e-32,3.321720253354144e-30,0.0,0.0,0.0,18.45975586676889,112.02830863123864,0.0,0.0
1464.0,0,1.119227583682537,0.0,0.0,0.0,0.0,0.0,0.0,0.0,0.0,0.0,0.0,0.0,23.0879251662732,0.0,0.0,2.618878660878366e-32,3.1587224835811636e-30,0.0,0.0,0.0,18.45975586676889,112.02830863123862,0.0,0.0
1465.0,0,1.1192275836825567,0.0,0.0,0.0,0.0,0.0,0.0,0.0,0.0,0.0,0.0,0.0,23.087925166273198,0.0,0.0,2.49036953052695e-32,3.003723061328308e-30,0.0,0.0,0.0,18.45975586676889,112.02830863123859,0.0,0.0
1466.0,0,1.119227583682577,0.0,0.0,0.0,0.0,0.0,0.0,0.0,0.0,0.0,0.0,0.0,23.08792516627319,0.0,0.0,2.3681663802235517e-32,2.8563295053785538e-30,0.0,0.0,0.0,18.45975586676889,112.02830863123857,0.0,0.0
1467.0,0,1.1192275836825973,0.0,0.0,0.0,0.0,0.0,0.0,0.0,0.0,0.0,0.0,0.0,23.087925166273187,0.0,0.0,2.2519597737105513e-32,2.716168593681265e-30,0.0,0.0,0.0,18.45975586676889,112.02830863123854,0.0,0.0
1468.0,0,1.1192275836826178,0.0,0.0,0.0,0.0,0.0,0.0,0.0,0.0,0.0,0.0,0.0,23.08792516627318,0.0,0.0,2.1414554588566317e-32,2.5828854182993494e-30,0.0,0.0,0.0,18.45975586676889,112.02830863123852,0.0,0.0
1469.0,0,1.1192275836826386,0.0,0.0,0.0,0.0,0.0,0.0,0.0,0.0,0.0,0.0,0.0,23.087925166273173,0.0,0.0,2.0363736225673332e-32,2.4561424867304336e-30,0.0,0.0,0.0,18.45975586676889,112.02830863123847,0.0,0.0
1470.0,0,1.11922758368266,0.0,0.0,0.0,0.0,0.0,0.0,0.0,0.0,0.0,0.0,0.0,23.08792516627317,0.0,0.0,1.93644818225735e-32,2.33561886732646e-30,0.0,0.0,0.0,18.45975586676889,112.02830863123846,0.0,0.0
1471.0,0,1.1192275836826806,0.0,0.0,0.0,0.0,0.0,0.0,0.0,0.0,0.0,0.0,0.0,23.08792516627316,0.0,0.0,1.841426112090492e-32,2.2210093766478e-30,0.0,0.0,0.0,18.45975586676889,112.02830863123845,0.0,0.0
1472.0,0,1.119227583682701,0.0,0.0,0.0,0.0,0.0,0.0,0.0,0.0,0.0,0.0,0.0,23.087925166273155,0.0,0.0,1.7510668022812433e-32,2.112023806694124e-30,0.0,0.0,0.0,18.45975586676889,112.02830863123842,0.0,0.0
1473.0,0,1.1192275836827204,0.0,0.0,0.0,0.0,0.0,0.0,0.0,0.0,0.0,0.0,0.0,23.087925166273152,0.0,0.0,1.6651414498355816e-32,2.0083861900552847e-30,0.0,0.0,0.0,18.45975586676889,112.02830863123839,0.0,0.0
1474.0,0,1.1192275836827388,0.0,0.0,0.0,0.0,0.0,0.0,0.0,0.0,0.0,0.0,0.0,23.08792516627315,0.0,0.0,1.583432479188314e-32,1.909834101121454e-30,0.0,0.0,0.0,18.45975586676889,112.02830863123839,0.0,0.0
1475.0,0,1.1192275836827563,0.0,0.0,0.0,0.0,0.0,0.0,0.0,0.0,0.0,0.0,0.0,23.08792516627314,0.0,0.0,1.505732991269913e-32,1.8161179915830766e-30,0.0,0.0,0.0,18.45975586676889,112.02830863123836,0.0,0.0
1476.0,0,1.1192275836827736,0.0,0.0,0.0,0.0,0.0,0.0,0.0,0.0,0.0,0.0,0.0,23.08792516627314,0.0,0.0,1.431846239607798e-32,1.727000558538041e-30,0.0,0.0,0.0,18.45975586676889,112.02830863123836,0.0,0.0
1477.0,0,1.11922758368279,0.0,0.0,0.0,0.0,0.0,0.0,0.0,0.0,0.0,0.0,0.0,23.087925166273138,0.0,0.0,1.3615851321354774e-32,1.6422561436060042e-30,0.0,0.0,0.0,18.45975586676889,112.02830863123833,0.0,0.0
1478.0,0,1.1192275836828056,0.0,0.0,0.0,0.0,0.0,0.0,0.0,0.0,0.0,0.0,0.0,23.087925166273134,0.0,0.0,1.2947717574480603e-32,1.561670161528357e-30,0.0,0.0,0.0,18.45975586676889,112.0283086312383,0.0,0.0
1479.0,0,1.1192275836828207,0.0,0.0,0.0,0.0,0.0,0.0,0.0,0.0,0.0,0.0,0.0,23.08792516627313,0.0,0.0,1.2312369343045481e-32,1.485038556806948e-30,0.0,0.0,0.0,18.45975586676889,112.02830863123827,0.0,0.0
1480.0,0,1.1192275836828356,0.0,0.0,0.0,0.0,0.0,0.0,0.0,0.0,0.0,0.0,0.0,23.087925166273127,0.0,0.0,1.1708197832361773e-32,1.4121672870057062e-30,0.0,0.0,0.0,18.45975586676889,112.02830863123825,0.0,0.0
1481.0,0,1.1192275836828496,0.0,0.0,0.0,0.0,0.0,0.0,0.0,0.0,0.0,0.0,0.0,23.087925166273124,0.0,0.0,1.1133673191760634e-32,1.3428718314067996e-30,0.0,0.0,0.0,18.45975586676889,112.02830863123822,0.0,0.0
1482.0,0,1.1192275836828622,0.0,0.0,0.0,0.0,0.0,0.0,0.0,0.0,0.0,0.0,0.0,23.087925166273116,0.0,0.0,1.0587340640786261e-32,1.2769767237771774e-30,0.0,0.0,0.0,18.45975586676889,112.02830863123816,0.0,0.0
1483.0,0,1.1192275836828744,0.0,0.0,0.0,0.0,0.0,0.0,0.0,0.0,0.0,0.0,0.0,23.087925166273116,0.0,0.0,1.0067816785478926e-32,1.2143151080623946e-30,0.0,0.0,0.0,18.45975586676889,112.02830863123816,0.0,0.0
1484.0,0,1.1192275836828862,0.0,0.0,0.0,0.0,0.0,0.0,0.0,0.0,0.0,0.0,0.0,23.087925166273113,0.0,0.0,9.573786115419037e-33,1.1547283158826665e-30,0.0,0.0,0.0,18.45975586676889,112.02830863123813,0.0,0.0
1485.0,0,1.1192275836828962,0.0,0.0,0.0,0.0,0.0,0.0,0.0,0.0,0.0,0.0,0.0,23.08792516627311,0.0,0.0,9.103997672662276e-33,1.0980654647613146e-30,0.0,0.0,0.0,18.45975586676889,112.02830863123812,0.0,0.0
1486.0,0,1.1192275836829053,0.0,0.0,0.0,0.0,0.0,0.0,0.0,0.0,0.0,0.0,0.0,23.087925166273106,0.0,0.0,8.657261884131033e-33,1.044183076068258e-30,0.0,0.0,0.0,18.45975586676889,112.0283086312381,0.0,0.0
1487.0,0,1.1192275836829142,0.0,0.0,0.0,0.0,0.0,0.0,0.0,0.0,0.0,0.0,0.0,23.087925166273102,0.0,0.0,8.232447549441318e-33,9.92944711711128e-31,0.0,0.0,0.0,18.45975586676889,112.02830863123805,0.0,0.0
1488.0,0,1.119227583682923,0.0,0.0,0.0,0.0,0.0,0.0,0.0,0.0,0.0,0.0,0.0,23.0879251662731,0.0,0.0,7.828478976537863e-33,9.442206286540549e-31,0.0,0.0,0.0,18.45975586676889,112.02830863123805,0.0,0.0
1489.0,0,1.1192275836829315,0.0,0.0,0.0,0.0,0.0,0.0,0.0,0.0,0.0,0.0,0.0,23.087925166273095,0.0,0.0,7.444333257884444e-33,8.978874503893155e-31,0.0,0.0,0.0,18.45975586676889,112.02830863123799,0.0,0.0
1490.0,0,1.119227583682939,0.0,0.0,0.0,0.0,0.0,0.0,0.0,0.0,0.0,0.0,0.0,23.087925166273095,0.0,0.0,7.07903768031233e-33,8.538278545299638e-31,0.0,0.0,0.0,18.45975586676889,112.02830863123795,0.0,0.0
1491.0,0,1.1192275836829462,0.0,0.0,0.0,0.0,0.0,0.0,0.0,0.0,0.0,0.0,0.0,23.08792516627309,0.0,0.0,6.731667261968197e-33,8.119302757323806e-31,0.0,0.0,0.0,18.45975586676889,112.0283086312379,0.0,0.0
1492.0,0,1.1192275836829533,0.0,0.0,0.0,0.0,0.0,0.0,0.0,0.0,0.0,0.0,0.0,23.087925166273088,0.0,0.0,6.401342410124743e-33,7.72088623196498e-31,0.0,0.0,0.0,18.45975586676889,112.02830863123786,0.0,0.0
1493.0,0,1.11922758368296,0.0,0.0,0.0,0.0,0.0,0.0,0.0,0.0,0.0,0.0,0.0,23.087925166273084,0.0,0.0,6.087226693923192e-33,7.34202012028371e-31,0.0,0.0,0.0,18.45975586676889,112.02830863123786,0.0,0.0
1494.0,0,1.1192275836829664,0.0,0.0,0.0,0.0,0.0,0.0,0.0,0.0,0.0,0.0,0.0,23.087925166273084,0.0,0.0,5.788524726407972e-33,6.98174507784864e-31,0.0,0.0,0.0,18.45975586676889,112.02830863123785,0.0,0.0
1495.0,0,1.1192275836829724,0.0,0.0,0.0,0.0,0.0,0.0,0.0,0.0,0.0,0.0,0.0,23.08792516627308,0.0,0.0,5.5044801504905605e-33,6.63914883553603e-31,0.0,0.0,0.0,18.45975586676889,112.02830863123779,0.0,0.0
1496.0,0,1.1192275836829775,0.0,0.0,0.0,0.0,0.0,0.0,0.0,0.0,0.0,0.0,0.0,23.08792516627308,0.0,0.0,5.234373723742664e-33,6.313363889530861e-31,0.0,0.0,0.0,18.45975586676889,112.02830863123778,0.0,0.0
1497.0,0,1.119227583682982,0.0,0.0,0.0,0.0,0.0,0.0,0.0,0.0,0.0,0.0,0.0,23.08792516627308,0.0,0.0,4.97752149716915e-33,6.0035653046802265e-31,0.0,0.0,0.0,18.45975586676889,112.02830863123775,0.0,0.0
1498.0,0,1.1192275836829864,0.0,0.0,0.0,0.0,0.0,0.0,0.0,0.0,0.0,0.0,0.0,23.087925166273074,0.0,0.0,4.733273083349114e-33,5.708968625636829e-31,0.0,0.0,0.0,18.45975586676889,112.02830863123773,0.0,0.0
1499.0,0,1.1192275836829908,0.0,0.0,0.0,0.0,0.0,0.0,0.0,0.0,0.0,0.0,0.0,23.087925166273074,0.0,0.0,4.501010009559759e-33,5.428827890503251e-31,0.0,0.0,0.0,18.45975586676889,112.0283086312377,0.0,0.0
1500.0,0,1.1192275836829952,0.0,0.0,0.0,0.0,0.0,0.0,0.0,0.0,0.0,0.0,0.0,23.087925166273074,0.0,0.0,4.280144151712973e-33,5.1624337419472834e-31,0.0,0.0,0.0,18.459755866768884,112.02830863123768,0.0,0.0
1501.0,0,1.1192275836829997,0.0,0.0,0.0,0.0,0.0,0.0,0.0,0.0,0.0,0.0,0.0,23.087925166273074,0.0,0.0,4.0701162451390765e-33,4.909111631005366e-31,0.0,0.0,0.0,18.45975586676888,112.02830863123768,0.0,0.0
1502.0,0,1.1192275836830032,0.0,0.0,0.0,0.0,0.0,0.0,0.0,0.0,0.0,0.0,0.0,23.08792516627307,0.0,0.0,3.870394468446848e-33,4.668220109025906e-31,0.0,0.0,0.0,18.459755866768877,112.02830863123766,0.0,0.0
1503.0,0,1.1192275836830068,0.0,0.0,0.0,0.0,0.0,0.0,0.0,0.0,0.0,0.0,0.0,23.087925166273067,0.0,0.0,3.680473096873942e-33,4.439149203427438e-31,0.0,0.0,0.0,18.459755866768866,112.02830863123764,0.0,0.0
1504.0,0,1.1192275836830095,0.0,0.0,0.0,0.0,0.0,0.0,0.0,0.0,0.0,0.0,0.0,23.087925166273067,0.0,0.0,3.4998712217177944e-33,4.221318873158794e-31,0.0,0.0,0.0,18.459755866768866,112.02830863123762,0.0,0.0
1505.0000000000002,0,1.1192275836830117,0.0,0.0,0.0,0.0,0.0,0.0,0.0,0.0,0.0,0.0,0.0,23.08792516627306,0.0,0.0,3.32813153260442e-33,4.0141775399502865e-31,0.0,0.0,0.0,18.459755866768866,112.02830863123759,0.0,0.0
1506.0,0,1.1192275836830134,0.0,0.0,0.0,0.0,0.0,0.0,0.0,0.0,0.0,0.0,0.0,23.08792516627306,0.0,0.0,3.1648191595116285e-33,3.817200691636826e-31,0.0,0.0,0.0,18.45975586676886,112.02830863123756,0.0,0.0
1507.0000000000002,0,1.1192275836830152,0.0,0.0,0.0,0.0,0.0,0.0,0.0,0.0,0.0,0.0,0.0,23.087925166273056,0.0,0.0,3.0095205716144985e-33,3.6298895540163666e-31,0.0,0.0,0.0,18.459755866768848,112.02830863123755,0.0,0.0
1508.0,0,1.119227583683017,0.0,0.0,0.0,0.0,0.0,0.0,0.0,0.0,0.0,0.0,0.0,23.087925166273052,0.0,0.0,2.8618425301648198e-33,3.4517698278806484e-31,0.0,0.0,0.0,18.459755866768845,112.02830863123755,0.0,0.0
1509.0000000000002,0,1.1192275836830188,0.0,0.0,0.0,0.0,0.0,0.0,0.0,0.0,0.0,0.0,0.0,23.087925166273052,0.0,0.0,2.7214110927530433e-33,3.282390488020198e-31,0.0,0.0,0.0,18.45975586676884,112.02830863123754,0.0,0.0
1510.0,0,1.11922758368302,0.0,0.0,0.0,0.0,0.0,0.0,0.0,0.0,0.0,0.0,0.0,23.087925166273045,0.0,0.0,2.5878706664313856e-33,3.1213226411625055e-31,0.0,0.0,0.0,18.459755866768834,112.02830863123754,0.0,0.0
1511.0000000000002,0,1.1192275836830212,0.0,0.0,0.0,0.0,0.0,0.0,0.0,0.0,0.0,0.0,0.0,23.087925166273045,0.0,0.0,2.4608831073004505e-33,2.9681584399515024e-31,0.0,0.0,0.0,18.45975586676883,112.02830863123754,0.0,0.0
1512.0,0,1.1192275836830223,0.0,0.0,0.0,0.0,0.0,0.0,0.0,0.0,0.0,0.0,0.0,23.08792516627304,0.0,0.0,2.3401268642794005e-33,2.822510050218375e-31,0.0,0.0,0.0,18.45975586676883,112.02830863123754,0.0,0.0
1513.0000000000002,0,1.1192275836830234,0.0,0.0,0.0,0.0,0.0,0.0,0.0,0.0,0.0,0.0,0.0,23.087925166273035,0.0,0.0,2.2252961648915686e-33,2.684008668928705e-31,0.0,0.0,0.0,18.45975586676883,112.02830863123752,0.0,0.0
1514.0,0,1.1192275836830243,0.0,0.0,0.0,0.0,0.0,0.0,0.0,0.0,0.0,0.0,0.0,23.08792516627303,0.0,0.0,2.1161002410038075e-33,2.5523035903192197e-31,0.0,0.0,0.0,18.45975586676883,112.02830863123752,0.0,0.0
1515.0000000000002,0,1.1192275836830252,0.0,0.0,0.0,0.0,0.0,0.0,0.0,0.0,0.0,0.0,0.0,23.08792516627303,0.0,0.0,2.012262592559029e-33,2.4270613178594832e-31,0.0,0.0,0.0,18.459755866768823,112.02830863123752,0.0,0.0
1516.0,0,1.119227583683026,0.0,0.0,0.0,0.0,0.0,0.0,0.0,0.0,0.0,0.0,0.0,23.08792516627303,0.0,0.0,1.9135202874376018e-33,2.307964719789883e-31,0.0,0.0,0.0,18.45975586676882,112.02830863123751,0.0,0.0
1517.0000000000002,0,1.119227583683027,0.0,0.0,0.0,0.0,0.0,0.0,0.0,0.0,0.0,0.0,0.0,23.087925166273028,0.0,0.0,1.8196232956747525e-33,2.194712226097613e-31,0.0,0.0,0.0,18.459755866768816,112.02830863123751,0.0,0.0
1518.0,0,1.1192275836830279,0.0,0.0,0.0,0.0,0.0,0.0,0.0,0.0,0.0,0.0,0.0,23.087925166273028,0.0,0.0,1.7303338563481096e-33,2.087017064897275e-31,0.0,0.0,0.0,18.459755866768816,112.02830863123751,0.0,0.0
1519.0000000000002,0,1.1192275836830288,0.0,0.0,0.0,0.0,0.0,0.0,0.0,0.0,0.0,0.0,0.0,23.087925166273024,0.0,0.0,1.6454258755322566e-33,1.9846065362824974e-31,0.0,0.0,0.0,18.459755866768813,112.02830863123746,0.0,0.0
1520.0,0,1.1192275836830297,0.0,0.0,0.0,0.0,0.0,0.0,0.0,0.0,0.0,0.0,0.0,23.087925166273024,0.0,0.0,1.564684353795833e-33,1.8872213218098803e-31,0.0,0.0,0.0,18.45975586676881,112.02830863123746,0.0,0.0
1521.0000000000002,0,1.1192275836830305,0.0,0.0,0.0,0.0,0.0,0.0,0.0,0.0,0.0,0.0,0.0,23.087925166273024,0.0,0.0,1.4879048417915124e-33,1.7946148278667458e-31,0.0,0.0,0.0,18.459755866768802,112.02830863123745,0.0,0.0
1522.0,0,1.1192275836830312,0.0,0.0,0.0,0.0,0.0,0.0,0.0,0.0,0.0,0.0,0.0,23.087925166273024,0.0,0.0,1.4148929225603415e-33,1.7065525612600291e-31,0.0,0.0,0.0,18.459755866768802,112.02830863123741,0.0,0.0
1523.0000000000002,0,1.1192275836830314,0.0,0.0,0.0,0.0,0.0,0.0,0.0,0.0,0.0,0.0,0.0,23.087925166273024,0.0,0.0,1.3454637192395516e-33,1.6228115354452053e-31,0.0,0.0,0.0,18.459755866768788,112.0283086312374,0.0,0.0
1524.0,0,1.1192275836830323,0.0,0.0,0.0,0.0,0.0,0.0,0.0,0.0,0.0,0.0,0.0,23.08792516627302,0.0,0.0,1.2794414269272897e-33,1.5431797058917263e-31,0.0,0.0,0.0,18.459755866768788,112.0283086312374,0.0,0.0
1525.0000000000002,0,1.119227583683033,0.0,0.0,0.0,0.0,0.0,0.0,0.0,0.0,0.0,0.0,0.0,23.087925166273017,0.0,0.0,1.2166588675188846e-33,1.467455433155247e-31,0.0,0.0,0.0,18.459755866768788,112.0283086312374,0.0,0.0
1526.0,0,1.119227583683033,0.0,0.0,0.0,0.0,0.0,0.0,0.0,0.0,0.0,0.0,0.0,23.087925166273017,0.0,0.0,1.1569570663874226e-33,1.3954469722970448e-31,0.0,0.0,0.0,18.45975586676878,112.02830863123738,0.0,0.0
1527.0000000000002,0,1.119227583683033,0.0,0.0,0.0,0.0,0.0,0.0,0.0,0.0,0.0,0.0,0.0,23.087925166273017,0.0,0.0,1.1001848498367307e-33,1.3269719873577796e-31,0.0,0.0,0.0,18.45975586676878,112.02830863123738,0.0,0.0
1528.0,0,1.1192275836830332,0.0,0.0,0.0,0.0,0.0,0.0,0.0,0.0,0.0,0.0,0.0,23.087925166273013,0.0,0.0,1.0461984623074583e-33,1.2618570896561644e-31,0.0,0.0,0.0,18.45975586676878,112.02830863123738,0.0,0.0
1529.0000000000002,0,1.1192275836830334,0.0,0.0,0.0,0.0,0.0,0.0,0.0,0.0,0.0,0.0,0.0,23.087925166273013,0.0,0.0,9.948612023669665e-34,1.199937398743454e-31,0.0,0.0,0.0,18.45975586676878,112.02830863123738,0.0,0.0
1530.0,0,1.1192275836830334,0.0,0.0,0.0,0.0,0.0,0.0,0.0,0.0,0.0,0.0,0.0,23.087925166273013,0.0,0.0,9.460430765612973e-34,1.141056124902022e-31,0.0,0.0,0.0,18.45975586676878,112.02830863123738,0.0,0.0
1531.0000000000002,0,1.1192275836830334,0.0,0.0,0.0,0.0,0.0,0.0,0.0,0.0,0.0,0.0,0.0,23.08792516627301,0.0,0.0,8.996204702527276e-34,1.085064172130856e-31,0.0,0.0,0.0,18.45975586676878,112.02830863123735,0.0,0.0
1532.0,0,1.1192275836830334,0.0,0.0,0.0,0.0,0.0,0.0,0.0,0.0,0.0,0.0,0.0,23.08792516627301,0.0,0.0,8.554758346094198e-34,1.0318197606126654e-31,0.0,0.0,0.0,18.459755866768774,112.02830863123734,0.0,0.0
1533.0000000000002,0,1.1192275836830334,0.0,0.0,0.0,0.0,0.0,0.0,0.0,0.0,0.0,0.0,0.0,23.087925166273003,0.0,0.0,8.134973889545777e-34,9.811880677066388e-32,0.0,0.0,0.0,18.459755866768774,112.02830863123734,0.0,0.0
1534.0,0,1.1192275836830339,0.0,0.0,0.0,0.0,0.0,0.0,0.0,0.0,0.0,0.0,0.0,23.087925166273003,0.0,0.0,7.735788377214187e-34,9.330408865577898e-32,0.0,0.0,0.0,18.459755866768766,112.02830863123734,0.0,0.0
1535.0000000000002,0,1.1192275836830345,0.0,0.0,0.0,0.0,0.0,0.0,0.0,0.0,0.0,0.0,0.0,23.087925166273,0.0,0.0,7.3561910129724404e-34,8.872563014584404e-32,0.0,0.0,0.0,18.459755866768766,112.02830863123734,0.0,0.0
1536.0,0,1.1192275836830345,0.0,0.0,0.0,0.0,0.0,0.0,0.0,0.0,0.0,0.0,0.0,23.087925166273,0.0,0.0,6.995220600750698e-34,8.437183791398113e-32,0.0,0.0,0.0,18.459755866768766,112.02830863123734,0.0,0.0
1537.0,0,1.1192275836830345,0.0,0.0,0.0,0.0,0.0,0.0,0.0,0.0,0.0,0.0,0.0,23.087925166272996,0.0,0.0,6.651963110647178e-34,8.023168752120206e-32,0.0,0.0,0.0,18.459755866768766,112.02830863123734,0.0,0.0
1538.0,0,1.1192275836830345,0.0,0.0,0.0,0.0,0.0,0.0,0.0,0.0,0.0,0.0,0.0,23.087925166272996,0.0,0.0,6.325549364470691e-34,7.629469550091576e-32,0.0,0.0,0.0,18.459755866768766,112.02830863123734,0.0,0.0
1539.0,0,1.1192275836830345,0.0,0.0,0.0,0.0,0.0,0.0,0.0,0.0,0.0,0.0,0.0,23.087925166272996,0.0,0.0,6.015152834854296e-34,7.255089281325694e-32,0.0,0.0,0.0,18.459755866768766,112.02830863123734,0.0,0.0
1540.0,0,1.1192275836830345,0.0,0.0,0.0,0.0,0.0,0.0,0.0,0.0,0.0,0.0,0.0,23.087925166272992,0.0,0.0,5.719987552367051e-34,6.899079960201844e-32,0.0,0.0,0.0,18.459755866768766,112.02830863123734,0.0,0.0
1541.0,0,1.1192275836830345,0.0,0.0,0.0,0.0,0.0,0.0,0.0,0.0,0.0,0.0,0.0,23.087925166272992,0.0,0.0,5.439306115324424e-34,6.56054011902682e-32,0.0,0.0,0.0,18.459755866768766,112.02830863123734,0.0,0.0
1542.0,0,1.1192275836830345,0.0,0.0,0.0,0.0,0.0,0.0,0.0,0.0,0.0,0.0,0.0,23.087925166272992,0.0,0.0,5.172397797257853e-34,6.238612525386823e-32,0.0,0.0,0.0,18.459755866768766,112.02830863123734,0.0,0.0
1543.0,0,1.1192275836830348,0.0,0.0,0.0,0.0,0.0,0.0,0.0,0.0,0.0,0.0,0.0,23.08792516627299,0.0,0.0,4.918586747251342e-34,5.932482011509552e-32,0.0,0.0,0.0,18.459755866768766,112.02830863123734,0.0,0.0
1544.0,0,1.1192275836830357,0.0,0.0,0.0,0.0,0.0,0.0,0.0,0.0,0.0,0.0,0.0,23.08792516627299,0.0,0.0,4.677230278588044e-34,5.641373410140138e-32,0.0,0.0,0.0,18.459755866768766,112.02830863123734,0.0,0.0
1545.0,0,1.1192275836830357,0.0,0.0,0.0,0.0,0.0,0.0,0.0,0.0,0.0,0.0,0.0,23.08792516627299,0.0,0.0,4.44771724137346e-34,5.364549591704213e-32,0.0,0.0,0.0,18.45975586676876,112.02830863123732,0.0,0.0
1546.0,0,1.119227583683036,0.0,0.0,0.0,0.0,0.0,0.0,0.0,0.0,0.0,0.0,0.0,23.087925166272985,0.0,0.0,4.229466475014473e-34,5.101309597787989e-32,0.0,0.0,0.0,18.45975586676876,112.0283086312373,0.0,0.0
1547.0,0,1.119227583683037,0.0,0.0,0.0,0.0,0.0,0.0,0.0,0.0,0.0,0.0,0.0,23.087925166272985,0.0,0.0,4.021925336635698e-34,4.8509868662089743e-32,0.0,0.0,0.0,18.45975586676876,112.0283086312373,0.0,0.0
1548.0,0,1.1192275836830379,0.0,0.0,0.0,0.0,0.0,0.0,0.0,0.0,0.0,0.0,0.0,23.087925166272985,0.0,0.0,3.824568301706853e-34,4.612947543183001e-32,0.0,0.0,0.0,18.45975586676876,112.0283086312373,0.0,0.0
1549.0,0,1.1192275836830383,0.0,0.0,0.0,0.0,0.0,0.0,0.0,0.0,0.0,0.0,0.0,23.087925166272985,0.0,0.0,3.6368956333377524e-34,4.3865888783136936e-32,0.0,0.0,0.0,18.45975586676876,112.0283086312373,0.0,0.0
1550.0,0,1.1192275836830383,0.0,0.0,0.0,0.0,0.0,0.0,0.0,0.0,0.0,0.0,0.0,23.087925166272985,0.0,0.0,3.4584321168713813e-34,4.171337698340272e-32,0.0,0.0,0.0,18.459755866768752,112.0283086312373,0.0,0.0
1551.0,0,1.1192275836830383,0.0,0.0,0.0,0.0,0.0,0.0,0.0,0.0,0.0,0.0,0.0,23.087925166272985,0.0,0.0,3.2887258565708434e-34,3.966648955778983e-32,0.0,0.0,0.0,18.459755866768752,112.0283086312373,0.0,0.0
1552.0,0,1.1192275836830383,0.0,0.0,0.0,0.0,0.0,0.0,0.0,0.0,0.0,0.0,0.0,23.08792516627298,0.0,0.0,3.1273471313532412e-34,3.7720043487831254e-32,0.0,0.0,0.0,18.459755866768752,112.0283086312373,0.0,0.0
1553.0,0,1.1192275836830383,0.0,0.0,0.0,0.0,0.0,0.0,0.0,0.0,0.0,0.0,0.0,23.08792516627298,0.0,0.0,2.9738873066730074e-34,3.5869110087269284e-32,0.0,0.0,0.0,18.459755866768752,112.0283086312373,0.0,0.0
1554.0,0,1.1192275836830383,0.0,0.0,0.0,0.0,0.0,0.0,0.0,0.0,0.0,0.0,0.0,23.08792516627298,0.0,0.0,2.8279577997994503e-34,3.410900252190077e-32,0.0,0.0,0.0,18.459755866768752,112.0283086312373,0.0,0.0
1555.0,0,1.1192275836830383,0.0,0.0,0.0,0.0,0.0,0.0,0.0,0.0,0.0,0.0,0.0,23.08792516627298,0.0,0.0,2.689189095868417e-34,3.243526394182713e-32,0.0,0.0,0.0,18.459755866768752,112.0283086312373,0.0,0.0
1556.0,0,1.1192275836830383,0.0,0.0,0.0,0.0,0.0,0.0,0.0,0.0,0.0,0.0,0.0,23.08792516627298,0.0,0.0,2.5572298122165918e-34,3.084365619605826e-32,0.0,0.0,0.0,18.459755866768752,112.0283086312373,0.0,0.0
1557.0,0,1.1192275836830383,0.0,0.0,0.0,0.0,0.0,0.0,0.0,0.0,0.0,0.0,0.0,23.087925166272978,0.0,0.0,2.431745808629176e-34,2.9330149100894064e-32,0.0,0.0,0.0,18.459755866768752,112.0283086312373,0.0,0.0
1558.0,0,1.1192275836830383,0.0,0.0,0.0,0.0,0.0,0.0,0.0,0.0,0.0,0.0,0.0,23.087925166272978,0.0,0.0,2.312419341247971e-34,2.7890910234909686e-32,0.0,0.0,0.0,18.459755866768752,112.0283086312373,0.0,0.0
1559.0,0,1.1192275836830383,0.0,0.0,0.0,0.0,0.0,0.0,0.0,0.0,0.0,0.0,0.0,23.087925166272978,0.0,0.0,2.1989482579974394e-34,2.652229523470364e-32,0.0,0.0,0.0,18.459755866768752,112.0283086312373,0.0,0.0
1560.0,0,1.1192275836830383,0.0,0.0,0.0,0.0,0.0,0.0,0.0,0.0,0.0,0.0,0.0,23.087925166272978,0.0,0.0,2.091045233491435e-34,2.522083856683645e-32,0.0,0.0,0.0,18.459755866768752,112.0283086312373,0.0,0.0
1561.0,0,1.1192275836830383,0.0,0.0,0.0,0.0,0.0,0.0,0.0,0.0,0.0,0.0,0.0,23.087925166272974,0.0,0.0,1.9884370414832837e-34,2.3983244752592864e-32,0.0,0.0,0.0,18.459755866768752,112.0283086312373,0.0,0.0
1562.0,0,1.1192275836830383,0.0,0.0,0.0,0.0,0.0,0.0,0.0,0.0,0.0,0.0,0.0,23.087925166272974,0.0,0.0,1.8908638630169501e-34,2.2806380023347583e-32,0.0,0.0,0.0,18.459755866768752,112.0283086312373,0.0,0.0
1563.0,0,1.1192275836830383,0.0,0.0,0.0,0.0,0.0,0.0,0.0,0.0,0.0,0.0,0.0,23.087925166272974,0.0,0.0,1.7980786285274194e-34,2.168726438540455e-32,0.0,0.0,0.0,18.459755866768752,112.0283086312373,0.0,0.0
1564.0,0,1.1192275836830383,0.0,0.0,0.0,0.0,0.0,0.0,0.0,0.0,0.0,0.0,0.0,23.087925166272974,0.0,0.0,1.7098463922244117e-34,2.0623064074216853e-32,0.0,0.0,0.0,18.459755866768752,112.0283086312373,0.0,0.0
1565.0,0,1.1192275836830383,0.0,0.0,0.0,0.0,0.0,0.0,0.0,0.0,0.0,0.0,0.0,23.087925166272974,0.0,0.0,1.6259437371752589e-34,1.9611084378880287e-32,0.0,0.0,0.0,18.459755866768752,112.0283086312373,0.0,0.0
1566.0,0,1.1192275836830383,0.0,0.0,0.0,0.0,0.0,0.0,0.0,0.0,0.0,0.0,0.0,23.087925166272974,0.0,0.0,1.546158209580543e-34,1.8648762818731005e-32,0.0,0.0,0.0,18.459755866768752,112.0283086312373,0.0,0.0
1567.0,0,1.1192275836830383,0.0,0.0,0.0,0.0,0.0,0.0,0.0,0.0,0.0,0.0,0.0,23.087925166272974,0.0,0.0,1.4702877808099884e-34,1.773366265476955e-32,0.0,0.0,0.0,18.459755866768752,112.0283086312373,0.0,0.0
1568.0,0,1.1192275836830383,0.0,0.0,0.0,0.0,0.0,0.0,0.0,0.0,0.0,0.0,0.0,23.087925166272974,0.0,0.0,1.3981403358364086e-34,1.686346671948118e-32,0.0,0.0,0.0,18.459755866768752,112.0283086312373,0.0,0.0
1569.0,0,1.1192275836830383,0.0,0.0,0.0,0.0,0.0,0.0,0.0,0.0,0.0,0.0,0.0,23.08792516627297,0.0,0.0,1.3295331867723467e-34,1.603597154942862e-32,0.0,0.0,0.0,18.459755866768752,112.0283086312373,0.0,0.0
1570.0,0,1.1192275836830383,0.0,0.0,0.0,0.0,0.0,0.0,0.0,0.0,0.0,0.0,0.0,23.08792516627297,0.0,0.0,1.2642926102776132e-34,1.5249081805760262e-32,0.0,0.0,0.0,18.459755866768752,112.0283086312373,0.0,0.0
1571.0,0,1.1192275836830383,0.0,0.0,0.0,0.0,0.0,0.0,0.0,0.0,0.0,0.0,0.0,23.08792516627297,0.0,0.0,1.2022534076663687e-34,1.450080496850558e-32,0.0,0.0,0.0,18.459755866768752,112.0283086312373,0.0,0.0
1572.0,0,1.1192275836830383,0.0,0.0,0.0,0.0,0.0,0.0,0.0,0.0,0.0,0.0,0.0,23.08792516627297,0.0,0.0,1.1432584865998802e-34,1.378924629122302e-32,0.0,0.0,0.0,18.459755866768752,112.0283086312373,0.0,0.0
1573.0,0,1.1192275836830383,0.0,0.0,0.0,0.0,0.0,0.0,0.0,0.0,0.0,0.0,0.0,23.08792516627297,0.0,0.0,1.0871584633057311e-34,1.3112604003224758e-32,0.0,0.0,0.0,18.459755866768752,112.0283086312373,0.0,0.0
1574.0,0,1.1192275836830383,0.0,0.0,0.0,0.0,0.0,0.0,0.0,0.0,0.0,0.0,0.0,23.08792516627297,0.0,0.0,1.0338112843162535e-34,1.2469164747229705e-32,0.0,0.0,0.0,18.459755866768752,112.0283086312373,0.0,0.0
1575.0,0,1.1192275836830383,0.0,0.0,0.0,0.0,0.0,0.0,0.0,0.0,0.0,0.0,0.0,23.08792516627297,0.0,0.0,9.83081866768362e-35,1.1857299240892126e-32,0.0,0.0,0.0,18.459755866768752,112.0283086312373,0.0,0.0
1576.0,0,1.1192275836830383,0.0,0.0,0.0,0.0,0.0,0.0,0.0,0.0,0.0,0.0,0.0,23.087925166272967,0.0,0.0,9.348417563539774e-35,1.1275458151220381e-32,0.0,0.0,0.0,18.459755866768752,112.0283086312373,0.0,0.0
1577.0,0,1.1192275836830383,0.0,0.0,0.0,0.0,0.0,0.0,0.0,0.0,0.0,0.0,0.0,23.087925166272967,0.0,0.0,8.889688020549239e-35,1.0722168171439063e-32,0.0,0.0,0.0,18.459755866768752,112.0283086312373,0.0,0.0
1578.0,0,1.1192275836830383,0.0,0.0,0.0,0.0,0.0,0.0,0.0,0.0,0.0,0.0,0.0,23.087925166272967,0.0,0.0,8.45346846838678e-35,1.0196028290360678e-32,0.0,0.0,0.0,18.459755866768752,112.0283086312373,0.0,0.0
1579.0,0,1.1192275836830383,0.0,0.0,0.0,0.0,0.0,0.0,0.0,0.0,0.0,0.0,0.0,23.087925166272967,0.0,0.0,8.038654335317652e-35,9.69570624482031e-33,0.0,0.0,0.0,18.459755866768752,112.0283086312373,0.0,0.0
1580.0,0,1.1192275836830383,0.0,0.0,0.0,0.0,0.0,0.0,0.0,0.0,0.0,0.0,0.0,23.087925166272967,0.0,0.0,7.644195251260344e-35,9.219935146190355e-33,0.0,0.0,0.0,18.459755866768752,112.0283086312373,0.0,0.0
1581.0,0,1.1192275836830383,0.0,0.0,0.0,0.0,0.0,0.0,0.0,0.0,0.0,0.0,0.0,23.087925166272967,0.0,0.0,7.269092388095842e-35,8.767510272433135e-33,0.0,0.0,0.0,18.459755866768752,112.02830863123728,0.0,0.0
1582.0,0,1.1192275836830383,0.0,0.0,0.0,0.0,0.0,0.0,0.0,0.0,0.0,0.0,0.0,23.087925166272967,0.0,0.0,6.912395930488686e-35,8.337286017568426e-33,0.0,0.0,0.0,18.459755866768752,112.02830863123728,0.0,0.0
1583.0,0,1.1192275836830383,0.0,0.0,0.0,0.0,0.0,0.0,0.0,0.0,0.0,0.0,0.0,23.087925166272967,0.0,0.0,6.573202670815544e-35,7.928172990831484e-33,0.0,0.0,0.0,18.459755866768752,112.02830863123728,0.0,0.0
1584.0,0,1.1192275836830383,0.0,0.0,0.0,0.0,0.0,0.0,0.0,0.0,0.0,0.0,0.0,23.087925166272967,0.0,0.0,6.250653722111372e-35,7.539135258176234e-33,0.0,0.0,0.0,18.459755866768752,112.02830863123728,0.0,0.0
1585.0,0,1.1192275836830383,0.0,0.0,0.0,0.0,0.0,0.0,0.0,0.0,0.0,0.0,0.0,23.087925166272967,0.0,0.0,5.943932343241929e-35,7.169187719138679e-33,0.0,0.0,0.0,18.459755866768752,112.02830863123728,0.0,0.0
1586.0,0,1.1192275836830383,0.0,0.0,0.0,0.0,0.0,0.0,0.0,0.0,0.0,0.0,0.0,23.087925166272967,0.0,0.0,5.652261870795726e-35,6.81739361241838e-33,0.0,0.0,0.0,18.459755866768752,112.02830863123728,0.0,0.0
1587.0,0,1.1192275836830383,0.0,0.0,0.0,0.0,0.0,0.0,0.0,0.0,0.0,0.0,0.0,23.087925166272967,0.0,0.0,5.374903752458619e-35,6.482862143861781e-33,0.0,0.0,0.0,18.459755866768752,112.02830863123728,0.0,0.0
1588.0,0,1.1192275836830383,0.0,0.0,0.0,0.0,0.0,0.0,0.0,0.0,0.0,0.0,0.0,23.087925166272967,0.0,0.0,5.111155676891288e-35,6.164746230841064e-33,0.0,0.0,0.0,18.459755866768752,112.02830863123728,0.0,0.0
1589.0,0,1.1192275836830383,0.0,0.0,0.0,0.0,0.0,0.0,0.0,0.0,0.0,0.0,0.0,23.087925166272967,0.0,0.0,4.860349795374158e-35,5.862240357316995e-33,0.0,0.0,0.0,18.459755866768752,112.02830863123728,0.0,0.0
1590.0,0,1.1192275836830383,0.0,0.0,0.0,0.0,0.0,0.0,0.0,0.0,0.0,0.0,0.0,23.087925166272967,0.0,0.0,4.621851030716721e-35,5.57457853415444e-33,0.0,0.0,0.0,18.459755866768752,112.02830863123728,0.0,0.0
1591.0,0,1.1192275836830388,0.0,0.0,0.0,0.0,0.0,0.0,0.0,0.0,0.0,0.0,0.0,23.087925166272967,0.0,0.0,4.395055469149165e-35,5.301032359525798e-33,0.0,0.0,0.0,18.459755866768752,112.02830863123728,0.0,0.0
1592.0,0,1.1192275836830397,0.0,0.0,0.0,0.0,0.0,0.0,0.0,0.0,0.0,0.0,0.0,23.087925166272967,0.0,0.0,4.17938883112434e-35,5.0409091744909906e-33,0.0,0.0,0.0,18.459755866768752,112.02830863123728,0.0,0.0
1593.0,0,1.1192275836830405,0.0,0.0,0.0,0.0,0.0,0.0,0.0,0.0,0.0,0.0,0.0,23.087925166272967,0.0,0.0,3.9743050171579186e-35,4.7935503090836724e-33,0.0,0.0,0.0,18.459755866768752,112.02830863123728,0.0,0.0
1594.0,0,1.119227583683041,0.0,0.0,0.0,0.0,0.0,0.0,0.0,0.0,0.0,0.0,0.0,23.087925166272967,0.0,0.0,3.7792847250245926e-35,4.5583294144625016e-33,0.0,0.0,0.0,18.459755866768752,112.02830863123728,0.0,0.0
1595.0,0,1.119227583683041,0.0,0.0,0.0,0.0,0.0,0.0,0.0,0.0,0.0,0.0,0.0,23.087925166272967,0.0,0.0,3.593834134808853e-35,4.334650876904223e-33,0.0,0.0,0.0,18.459755866768752,112.02830863123728,0.0,0.0
1596.0,0,1.119227583683041,0.0,0.0,0.0,0.0,0.0,0.0,0.0,0.0,0.0,0.0,0.0,23.087925166272967,0.0,0.0,3.4174836584807067e-35,4.12194830962257e-33,0.0,0.0,0.0,18.459755866768752,112.02830863123728,0.0,0.0
1597.0,0,1.119227583683041,0.0,0.0,0.0,0.0,0.0,0.0,0.0,0.0,0.0,0.0,0.0,23.087925166272967,0.0,0.0,3.249786750830075e-35,3.919683118594048e-33,0.0,0.0,0.0,18.459755866768752,112.02830863123728,0.0,0.0
1598.0,0,1.119227583683041,0.0,0.0,0.0,0.0,0.0,0.0,0.0,0.0,0.0,0.0,0.0,23.087925166272967,0.0,0.0,3.090318778748981e-35,3.7273431387590524e-33,0.0,0.0,0.0,18.459755866768752,112.02830863123728,0.0,0.0
1599.0,0,1.119227583683041,0.0,0.0,0.0,0.0,0.0,0.0,0.0,0.0,0.0,0.0,0.0,23.087925166272967,0.0,0.0,2.9386759459983855e-35,3.544441337145003e-33,0.0,0.0,0.0,18.459755866768752,112.02830863123728,0.0,0.0
1600.0,0,1.119227583683041,0.0,0.0,0.0,0.0,0.0,0.0,0.0,0.0,0.0,0.0,0.0,23.087925166272967,0.0,0.0,2.79447427073703e-35,3.370514579627592e-33,0.0,0.0,0.0,18.459755866768752,112.02830863123728,0.0,0.0
1601.0,0,1.119227583683041,0.0,0.0,0.0,0.0,0.0,0.0,0.0,0.0,0.0,0.0,0.0,23.087925166272967,0.0,0.0,2.657348613223223e-35,3.205122458207414e-33,0.0,0.0,0.0,18.459755866768752,112.02830863123728,0.0,0.0
1602.0,0,1.119227583683041,0.0,0.0,0.0,0.0,0.0,0.0,0.0,0.0,0.0,0.0,0.0,23.087925166272967,0.0,0.0,2.526951751227593e-35,3.0478461758324683e-33,0.0,0.0,0.0,18.459755866768752,112.02830863123728,0.0,0.0
1603.0,0,1.119227583683041,0.0,0.0,0.0,0.0,0.0,0.0,0.0,0.0,0.0,0.0,0.0,23.087925166272967,0.0,0.0,2.402953500815591e-35,2.898287485942746e-33,0.0,0.0,0.0,18.459755866768752,112.02830863123728,0.0,0.0
1604.0,0,1.119227583683041,0.0,0.0,0.0,0.0,0.0,0.0,0.0,0.0,0.0,0.0,0.0,23.087925166272967,0.0,0.0,2.285039880273458e-35,2.7560676840516684e-33,0.0,0.0,0.0,18.459755866768752,112.02830863123728,0.0,0.0
1605.0,0,1.119227583683041,0.0,0.0,0.0,0.0,0.0,0.0,0.0,0.0,0.0,0.0,0.0,23.087925166272967,0.0,0.0,2.172912315060583e-35,2.62082664881091e-33,0.0,0.0,0.0,18.459755866768752,112.02830863123728,0.0,0.0
1606.0,0,1.119227583683041,0.0,0.0,0.0,0.0,0.0,0.0,0.0,0.0,0.0,0.0,0.0,23.087925166272967,0.0,0.0,2.066286881775079e-35,2.4922219301304566e-33,0.0,0.0,0.0,18.459755866768752,112.02830863123728,0.0,0.0
1607.0,0,1.119227583683041,0.0,0.0,0.0,0.0,0.0,0.0,0.0,0.0,0.0,0.0,0.0,23.087925166272967,0.0,0.0,1.9648935892181825e-35,2.3699278820448642e-33,0.0,0.0,0.0,18.459755866768752,112.02830863123728,0.0,0.0
1608.0,0,1.119227583683041,0.0,0.0,0.0,0.0,0.0,0.0,0.0,0.0,0.0,0.0,0.0,23.087925166272967,0.0,0.0,1.8684756947370345e-35,2.2536348381300268e-33,0.0,0.0,0.0,18.459755866768752,112.02830863123728,0.0,0.0
1609.0,0,1.119227583683041,0.0,0.0,0.0,0.0,0.0,0.0,0.0,0.0,0.0,0.0,0.0,23.087925166272967,0.0,0.0,1.776789054114716e-35,2.1430483273824814e-33,0.0,0.0,0.0,18.459755866768752,112.02830863123728,0.0,0.0
1610.0,0,1.119227583683041,0.0,0.0,0.0,0.0,0.0,0.0,0.0,0.0,0.0,0.0,0.0,23.087925166272967,0.0,0.0,1.6896015033613662e-35,2.037888328575737e-33,0.0,0.0,0.0,18.459755866768752,112.02830863123728,0.0,0.0
1611.0,0,1.119227583683041,0.0,0.0,0.0,0.0,0.0,0.0,0.0,0.0,0.0,0.0,0.0,23.087925166272967,0.0,0.0,1.6066922708409912e-35,1.9378885612055558e-33,0.0,0.0,0.0,18.459755866768752,112.02830863123728,0.0,0.0
1612.0,0,1.119227583683041,0.0,0.0,0.0,0.0,0.0,0.0,0.0,0.0,0.0,0.0,0.0,23.087925166272967,0.0,0.0,1.5278514182453743e-35,1.8427958112287557e-33,0.0,0.0,0.0,18.459755866768752,112.02830863123728,0.0,0.0
1613.0,0,1.119227583683041,0.0,0.0,0.0,0.0,0.0,0.0,0.0,0.0,0.0,0.0,0.0,23.087925166272967,0.0,0.0,1.4528793089995658e-35,1.752369289888202e-33,0.0,0.0,0.0,18.459755866768752,112.02830863123728,0.0,0.0
1614.0,0,1.119227583683041,0.0,0.0,0.0,0.0,0.0,0.0,0.0,0.0,0.0,0.0,0.0,23.087925166272967,0.0,0.0,1.381586102752859e-35,1.666380024000438e-33,0.0,0.0,0.0,18.459755866768752,112.02830863123728,0.0,0.0
1615.0,0,1.119227583683041,0.0,0.0,0.0,0.0,0.0,0.0,0.0,0.0,0.0,0.0,0.0,23.087925166272967,0.0,0.0,1.3137912746752488e-35,1.584610276162085e-33,0.0,0.0,0.0,18.459755866768752,112.02830863123728,0.0,0.0
1616.0,0,1.119227583683041,0.0,0.0,0.0,0.0,0.0,0.0,0.0,0.0,0.0,0.0,0.0,23.087925166272967,0.0,0.0,1.2493231583421434e-35,1.5068529934068746e-33,0.0,0.0,0.0,18.459755866768752,112.02830863123728,0.0,0.0
1617.0,0,1.119227583683041,0.0,0.0,0.0,0.0,0.0,0.0,0.0,0.0,0.0,0.0,0.0,23.087925166272967,0.0,0.0,1.1880185110498608e-35,1.4329112829172418e-33,0.0,0.0,0.0,18.459755866768752,112.02830863123728,0.0,0.0
1618.0,0,1.119227583683041,0.0,0.0,0.0,0.0,0.0,0.0,0.0,0.0,0.0,0.0,0.0,23.087925166272967,0.0,0.0,1.1297221004612175e-35,1.3625979134629025e-33,0.0,0.0,0.0,18.459755866768752,112.02830863123728,0.0,0.0
1619.0,0,1.119227583683041,0.0,0.0,0.0,0.0,0.0,0.0,0.0,0.0,0.0,0.0,0.0,23.087925166272967,0.0,0.0,1.0742863115345353e-35,1.2957348413039806e-33,0.0,0.0,0.0,18.459755866768752,112.02830863123728,0.0,0.0
1620.0,0,1.119227583683041,0.0,0.0,0.0,0.0,0.0,0.0,0.0,0.0,0.0,0.0,0.0,23.087925166272967,0.0,0.0,1.0215707727407565e-35,1.2321527593582077e-33,0.0,0.0,0.0,18.459755866768752,112.02830863123728,0.0,0.0
1621.0,0,1.119227583683041,0.0,0.0,0.0,0.0,0.0,0.0,0.0,0.0,0.0,0.0,0.0,23.087925166272967,0.0,0.0,9.714420006221939e-36,1.1716906684906174e-33,0.0,0.0,0.0,18.459755866768752,112.02830863123728,0.0,0.0
1622.0,0,1.119227583683041,0.0,0.0,0.0,0.0,0.0,0.0,0.0,0.0,0.0,0.0,0.0,23.087925166272967,0.0,0.0,9.237730617928831e-36,1.1141954698401781e-33,0.0,0.0,0.0,18.459755866768752,112.02830863123728,0.0,0.0
1623.0,0,1.119227583683041,0.0,0.0,0.0,0.0,0.0,0.0,0.0,0.0,0.0,0.0,0.0,23.087925166272967,0.0,0.0,8.784432515246778e-36,1.059521577151074e-33,0.0,0.0,0.0,18.459755866768752,112.02830863123728,0.0,0.0
1624.0,0,1.119227583683041,0.0,0.0,0.0,0.0,0.0,0.0,0.0,0.0,0.0,0.0,0.0,23.087925166272967,0.0,0.0,8.353377881052143e-36,1.0075305481270037e-33,0.0,0.0,0.0,18.459755866768752,112.02830863123728,0.0,0.0
1625.0,0,1.119227583683041,0.0,0.0,0.0,0.0,0.0,0.0,0.0,0.0,0.0,0.0,0.0,23.087925166272967,0.0,0.0,7.943475221938215e-36,9.580907338750293e-34,0.0,0.0,0.0,18.459755866768752,112.02830863123728,0.0,0.0
1626.0,0,1.119227583683041,0.0,0.0,0.0,0.0,0.0,0.0,0.0,0.0,0.0,0.0,0.0,23.087925166272967,0.0,0.0,7.553686604394201e-36,9.110769455513141e-34,0.0,0.0,0.0,18.459755866768752,112.02830863123728,0.0,0.0
1627.0,0,1.119227583683041,0.0,0.0,0.0,0.0,0.0,0.0,0.0,0.0,0.0,0.0,0.0,23.087925166272967,0.0,0.0,7.183025026605691e-36,8.663701373646551e-34,0.0,0.0,0.0,18.459755866768752,112.02830863123728,0.0,0.0
1628.0,0,1.119227583683041,0.0,0.0,0.0,0.0,0.0,0.0,0.0,0.0,0.0,0.0,0.0,23.087925166272967,0.0,0.0,6.83055191922165e-36,8.238571051351183e-34,0.0,0.0,0.0,18.459755866768752,112.02830863123728,0.0,0.0
1629.0,0,1.119227583683041,0.0,0.0,0.0,0.0,0.0,0.0,0.0,0.0,0.0,0.0,0.0,23.087925166272967,0.0,0.0,6.49537476875949e-36,7.834301996444915e-34,0.0,0.0,0.0,18.459755866768752,112.02830863123728,0.0,0.0
1630.0000000000002,0,1.119227583683041,0.0,0.0,0.0,0.0,0.0,0.0,0.0,0.0,0.0,0.0,0.0,23.087925166272967,0.0,0.0,6.176644857630332e-36,7.449870540527128e-34,0.0,0.0,0.0,18.459755866768752,112.02830863123728,0.0,0.0
1631.0,0,1.119227583683041,0.0,0.0,0.0,0.0,0.0,0.0,0.0,0.0,0.0,0.0,0.0,23.087925166272967,0.0,0.0,5.873555115061888e-36,7.084303246900522e-34,0.0,0.0,0.0,18.459755866768752,112.02830863123728,0.0,0.0
1632.0000000000002,0,1.119227583683041,0.0,0.0,0.0,0.0,0.0,0.0,0.0,0.0,0.0,0.0,0.0,23.087925166272967,0.0,0.0,5.58533807347717e-36,6.73667444568697e-34,0.0,0.0,0.0,18.459755866768752,112.02830863123728,0.0,0.0
1633.0,0,1.119227583683041,0.0,0.0,0.0,0.0,0.0,0.0,0.0,0.0,0.0,0.0,0.0,23.087925166272967,0.0,0.0,5.31126392515429e-36,6.406103889895937e-34,0.0,0.0,0.0,18.459755866768752,112.02830863123728,0.0,0.0
1634.0000000000002,0,1.119227583683041,0.0,0.0,0.0,0.0,0.0,0.0,0.0,0.0,0.0,0.0,0.0,23.087925166272967,0.0,0.0,5.050638674246522e-36,6.091754526510298e-34,0.0,0.0,0.0,18.459755866768752,112.02830863123728,0.0,0.0
1635.0,0,1.119227583683041,0.0,0.0,0.0,0.0,0.0,0.0,0.0,0.0,0.0,0.0,0.0,23.087925166272967,0.0,0.0,4.802802379483267e-36,5.792830376945624e-34,0.0,0.0,0.0,18.459755866768752,112.02830863123728,0.0,0.0
1636.0000000000002,0,1.119227583683041,0.0,0.0,0.0,0.0,0.0,0.0,0.0,0.0,0.0,0.0,0.0,23.087925166272967,0.0,0.0,4.5671274831021974e-36,5.508574521515932e-34,0.0,0.0,0.0,18.459755866768752,112.02830863123728,0.0,0.0
1637.0,0,1.119227583683041,0.0,0.0,0.0,0.0,0.0,0.0,0.0,0.0,0.0,0.0,0.0,23.087925166272967,0.0,0.0,4.3430172217811695e-36,5.2382671828022905e-34,0.0,0.0,0.0,18.459755866768752,112.02830863123728,0.0,0.0
1638.0000000000002,0,1.119227583683041,0.0,0.0,0.0,0.0,0.0,0.0,0.0,0.0,0.0,0.0,0.0,23.087925166272967,0.0,0.0,4.1299041155461796e-36,4.98122390307107e-34,0.0,0.0,0.0,18.459755866768752,112.02830863123728,0.0,0.0
1639.0,0,1.119227583683041,0.0,0.0,0.0,0.0,0.0,0.0,0.0,0.0,0.0,0.0,0.0,23.087925166272967,0.0,0.0,3.927248530829029e-36,4.736793811126815e-34,0.0,0.0,0.0,18.459755866768752,112.02830863123728,0.0,0.0
1640.0000000000002,0,1.119227583683041,0.0,0.0,0.0,0.0,0.0,0.0,0.0,0.0,0.0,0.0,0.0,23.087925166272967,0.0,0.0,3.7345373140361734e-36,4.5043579742111365e-34,0.0,0.0,0.0,18.459755866768752,112.02830863123728,0.0,0.0
1641.0,0,1.119227583683041,0.0,0.0,0.0,0.0,0.0,0.0,0.0,0.0,0.0,0.0,0.0,23.087925166272967,0.0,0.0,3.551282492168735e-36,4.283327830774406e-34,0.0,0.0,0.0,18.459755866768752,112.02830863123728,0.0,0.0
1642.0000000000002,0,1.119227583683041,0.0,0.0,0.0,0.0,0.0,0.0,0.0,0.0,0.0,0.0,0.0,23.087925166272967,0.0,0.0,3.37702003720347e-36,4.073143700151792e-34,0.0,0.0,0.0,18.459755866768752,112.02830863123728,0.0,0.0
1643.0,0,1.119227583683041,0.0,0.0,0.0,0.0,0.0,0.0,0.0,0.0,0.0,0.0,0.0,23.087925166272967,0.0,0.0,3.211308691105912e-36,3.873273365369922e-34,0.0,0.0,0.0,18.459755866768752,112.02830863123728,0.0,0.0
1644.0000000000002,0,1.119227583683041,0.0,0.0,0.0,0.0,0.0,0.0,0.0,0.0,0.0,0.0,0.0,23.087925166272967,0.0,0.0,3.05372884850047e-36,3.6832107254956314e-34,0.0,0.0,0.0,18.459755866768752,112.02830863123728,0.0,0.0
1645.0,0,1.119227583683041,0.0,0.0,0.0,0.0,0.0,0.0,0.0,0.0,0.0,0.0,0.0,23.087925166272967,0.0,0.0,2.903881494168214e-36,3.5024745141143458e-34,0.0,0.0,0.0,18.459755866768752,112.02830863123728,0.0,0.0
1646.0000000000002,0,1.119227583683041,0.0,0.0,0.0,0.0,0.0,0.0,0.0,0.0,0.0,0.0,0.0,23.087925166272967,0.0,0.0,2.7613871926819566e-36,3.330607080693101e-34,0.0,0.0,0.0,18.459755866768752,112.02830863123728,0.0,0.0
1647.0,0,1.119227583683041,0.0,0.0,0.0,0.0,0.0,0.0,0.0,0.0,0.0,0.0,0.0,23.087925166272967,0.0,0.0,2.625885127620235e-36,3.1671732317424275e-34,0.0,0.0,0.0,18.459755866768752,112.02830863123728,0.0,0.0
1648.0000000000002,0,1.119227583683041,0.0,0.0,0.0,0.0,0.0,0.0,0.0,0.0,0.0,0.0,0.0,23.087925166272967,0.0,0.0,2.4970321879273307e-36,3.011759128842757e-34,0.0,0.0,0.0,18.459755866768752,112.02830863123728,0.0,0.0
1649.0,0,1.119227583683041,0.0,0.0,0.0,0.0,0.0,0.0,0.0,0.0,0.0,0.0,0.0,23.087925166272967,0.0,0.0,2.374502099105878e-36,2.8639712407449906e-34,0.0,0.0,0.0,18.459755866768752,112.02830863123728,0.0,0.0
1650.0000000000002,0,1.119227583683041,0.0,0.0,0.0,0.0,0.0,0.0,0.0,0.0,0.0,0.0,0.0,23.087925166272967,0.0,0.0,2.2579845970420887e-36,2.723435346891794e-34,0.0,0.0,0.0,18.459755866768752,112.02830863123728,0.0,0.0
1651.0,0,1.119227583683041,0.0,0.0,0.0,0.0,0.0,0.0,0.0,0.0,0.0,0.0,0.0,23.087925166272967,0.0,0.0,2.1471846423716242e-36,2.5897955898363884e-34,0.0,0.0,0.0,18.459755866768752,112.02830863123728,0.0,0.0
1652.0000000000002,0,1.119227583683041,0.0,0.0,0.0,0.0,0.0,0.0,0.0,0.0,0.0,0.0,0.0,23.087925166272967,0.0,0.0,2.041821673396748e-36,2.462713574159426e-34,0.0,0.0,0.0,18.459755866768752,112.02830863123728,0.0,0.0
1653.0,0,1.119227583683041,0.0,0.0,0.0,0.0,0.0,0.0,0.0,0.0,0.0,0.0,0.0,23.087925166272967,0.0,0.0,1.9416288956630584e-36,2.3418675096022736e-34,0.0,0.0,0.0,18.459755866768752,112.02830863123728,0.0,0.0
1654.0000000000002,0,1.119227583683041,0.0,0.0,0.0,0.0,0.0,0.0,0.0,0.0,0.0,0.0,0.0,23.087925166272967,0.0,0.0,1.8463526063968917e-36,2.2269513962469934e-34,0.0,0.0,0.0,18.459755866768752,112.02830863123728,0.0,0.0
1655.0,0,1.119227583683041,0.0,0.0,0.0,0.0,0.0,0.0,0.0,0.0,0.0,0.0,0.0,23.087925166272967,0.0,0.0,1.7557515520927747e-36,2.117674249679773e-34,0.0,0.0,0.0,18.459755866768752,112.02830863123728,0.0,0.0
1656.0000000000002,0,1.119227583683041,0.0,0.0,0.0,0.0,0.0,0.0,0.0,0.0,0.0,0.0,0.0,23.087925166272967,0.0,0.0,1.6695963176242505e-36,2.0137593641758156e-34,0.0,0.0,0.0,18.459755866768752,112.02830863123728,0.0,0.0
1657.0,0,1.119227583683041,0.0,0.0,0.0,0.0,0.0,0.0,0.0,0.0,0.0,0.0,0.0,23.087925166272967,0.0,0.0,1.587668745331208e-36,1.9149436120399535e-34,0.0,0.0,0.0,18.459755866768752,112.02830863123728,0.0,0.0
1658.0000000000002,0,1.119227583683041,0.0,0.0,0.0,0.0,0.0,0.0,0.0,0.0,0.0,0.0,0.0,23.087925166272967,0.0,0.0,1.5097613826127667e-36,1.8209767773288271e-34,0.0,0.0,0.0,18.459755866768752,112.02830863123728,0.0,0.0
1659.0,0,1.119227583683041,0.0,0.0,0.0,0.0,0.0,0.0,0.0,0.0,0.0,0.0,0.0,23.087925166272967,0.0,0.0,1.435676956626935e-36,1.7316209222674995e-34,0.0,0.0,0.0,18.459755866768752,112.02830863123728,0.0,0.0
1660.0000000000002,0,1.119227583683041,0.0,0.0,0.0,0.0,0.0,0.0,0.0,0.0,0.0,0.0,0.0,23.087925166272967,0.0,0.0,1.3652278747669092e-36,1.6466497847561965e-34,0.0,0.0,0.0,18.459755866768752,112.02830863123728,0.0,0.0
1661.0,0,1.119227583683041,0.0,0.0,0.0,0.0,0.0,0.0,0.0,0.0,0.0,0.0,0.0,23.087925166272967,0.0,0.0,1.298235749649145e-36,1.565848205441563e-34,0.0,0.0,0.0,18.459755866768752,112.02830863123728,0.0,0.0
1662.0000000000002,0,1.119227583683041,0.0,0.0,0.0,0.0,0.0,0.0,0.0,0.0,0.0,0.0,0.0,23.087925166272967,0.0,0.0,1.2345309474103984e-36,1.489011582901697e-34,0.0,0.0,0.0,18.459755866768752,112.02830863123728,0.0,0.0
1663.0,0,1.119227583683041,0.0,0.0,0.0,0.0,0.0,0.0,0.0,0.0,0.0,0.0,0.0,23.087925166272967,0.0,0.0,1.1739521581699649e-36,1.4159453555654129e-34,0.0,0.0,0.0,18.459755866768752,112.02830863123728,0.0,0.0
1664.0000000000002,0,1.119227583683041,0.0,0.0,0.0,0.0,0.0,0.0,0.0,0.0,0.0,0.0,0.0,23.087925166272967,0.0,0.0,1.1163459875694565e-36,1.3464645090538733e-34,0.0,0.0,0.0,18.459755866768752,112.02830863123728,0.0,0.0
1665.0,0,1.119227583683041,0.0,0.0,0.0,0.0,0.0,0.0,0.0,0.0,0.0,0.0,0.0,23.087925166272967,0.0,0.0,1.0615665683558429e-36,1.2803931076971094e-34,0.0,0.0,0.0,18.459755866768752,112.02830863123728,0.0,0.0
1666.0,0,1.119227583683041,0.0,0.0,0.0,0.0,0.0,0.0,0.0,0.0,0.0,0.0,0.0,23.087925166272967,0.0,0.0,1.0094751910242216e-36,1.2175638490391633e-34,0.0,0.0,0.0,18.459755866768752,112.02830863123728,0.0,0.0
1667.0,0,1.119227583683041,0.0,0.0,0.0,0.0,0.0,0.0,0.0,0.0,0.0,0.0,0.0,23.087925166272967,0.0,0.0,9.599399525850564e-37,1.1578176402037889e-34,0.0,0.0,0.0,18.459755866768752,112.02830863123728,0.0,0.0
1668.0,0,1.119227583683041,0.0,0.0,0.0,0.0,0.0,0.0,0.0,0.0,0.0,0.0,0.0,23.087925166272967,0.0,0.0,9.128354225665065e-37,1.1010031950480086e-34,0.0,0.0,0.0,18.459755866768752,112.02830863123728,0.0,0.0
1669.0,0,1.119227583683041,0.0,0.0,0.0,0.0,0.0,0.0,0.0,0.0,0.0,0.0,0.0,23.087925166272967,0.0,0.0,8.680423254061195e-37,1.046976651083465e-34,0.0,0.0,0.0,18.459755866768752,112.02830863123728,0.0,0.0
1670.0,0,1.119227583683041,0.0,0.0,0.0,0.0,0.0,0.0,0.0,0.0,0.0,0.0,0.0,23.087925166272967,0.0,0.0,8.25447238427654e-37,9.956012051955498e-35,0.0,0.0,0.0,18.459755866768752,112.02830863123728,0.0,0.0
1671.0,0,1.119227583683041,0.0,0.0,0.0,0.0,0.0,0.0,0.0,0.0,0.0,0.0,0.0,23.087925166272967,0.0,0.0,7.849423046382675e-37,9.467467672378975e-35,0.0,0.0,0.0,18.459755866768752,112.02830863123728,0.0,0.0
1672.0,0,1.119227583683041,0.0,0.0,0.0,0.0,0.0,0.0,0.0,0.0,0.0,0.0,0.0,23.087925166272967,0.0,0.0,7.464249596188281e-37,9.002896306251039e-35,0.0,0.0,0.0,18.459755866768752,112.02830863123728,0.0,0.0
1673.0,0,1.119227583683041,0.0,0.0,0.0,0.0,0.0,0.0,0.0,0.0,0.0,0.0,0.0,23.087925166272967,0.0,0.0,7.0979767181579775e-37,8.561121590895477e-35,0.0,0.0,0.0,18.459755866768752,112.02830863123728,0.0,0.0
1674.0,0,1.119227583683041,0.0,0.0,0.0,0.0,0.0,0.0,0.0,0.0,0.0,0.0,0.0,23.087925166272967,0.0,0.0,6.749676955770689e-37,8.141024888091497e-35,0.0,0.0,0.0,18.459755866768752,112.02830863123728,0.0,0.0
1675.0,0,1.119227583683041,0.0,0.0,0.0,0.0,0.0,0.0,0.0,0.0,0.0,0.0,0.0,23.087925166272967,0.0,0.0,6.418468363064008e-37,7.74154245151806e-35,0.0,0.0,0.0,18.459755866768752,112.02830863123728,0.0,0.0
1676.0,0,1.119227583683041,0.0,0.0,0.0,0.0,0.0,0.0,0.0,0.0,0.0,0.0,0.0,23.087925166272967,0.0,0.0,6.103512271417982e-37,7.361662733192555e-35,0.0,0.0,0.0,18.459755866768752,112.02830863123728,0.0,0.0
1677.0,0,1.119227583683041,0.0,0.0,0.0,0.0,0.0,0.0,0.0,0.0,0.0,0.0,0.0,23.087925166272967,0.0,0.0,5.8040111659234465e-37,7.000423822083286e-35,0.0,0.0,0.0,18.459755866768752,112.02830863123728,0.0,0.0
1678.0,0,1.119227583683041,0.0,0.0,0.0,0.0,0.0,0.0,0.0,0.0,0.0,0.0,0.0,23.087925166272967,0.0,0.0,5.519206665957585e-37,6.656911008409999e-35,0.0,0.0,0.0,18.459755866768752,112.02830863123728,0.0,0.0
1679.0,0,1.119227583683041,0.0,0.0,0.0,0.0,0.0,0.0,0.0,0.0,0.0,0.0,0.0,23.087925166272967,0.0,0.0,5.24837760485322e-37,6.330254467464871e-35,0.0,0.0,0.0,18.459755866768752,112.02830863123728,0.0,0.0
1680.0,0,1.119227583683041,0.0,0.0,0.0,0.0,0.0,0.0,0.0,0.0,0.0,0.0,0.0,23.087925166272967,0.0,0.0,4.990838203799289e-37,6.019627057089077e-35,0.0,0.0,0.0,18.459755866768752,112.02830863123728,0.0,0.0
1681.0,0,1.119227583683041,0.0,0.0,0.0,0.0,0.0,0.0,0.0,0.0,0.0,0.0,0.0,23.087925166272967,0.0,0.0,4.745936335348555e-37,5.724242223227814e-35,0.0,0.0,0.0,18.459755866768752,112.02830863123728,0.0,0.0
1682.0,0,1.119227583683041,0.0,0.0,0.0,0.0,0.0,0.0,0.0,0.0,0.0,0.0,0.0,23.087925166272967,0.0,0.0,4.513051872135482e-37,5.443352008260338e-35,0.0,0.0,0.0,18.459755866768752,112.02830863123728,0.0,0.0
1683.0,0,1.119227583683041,0.0,0.0,0.0,0.0,0.0,0.0,0.0,0.0,0.0,0.0,0.0,23.087925166272967,0.0,0.0,4.291595116623016e-37,5.176245157061838e-35,0.0,0.0,0.0,18.459755866768752,112.02830863123728,0.0,0.0
1684.0,0,1.119227583683041,0.0,0.0,0.0,0.0,0.0,0.0,0.0,0.0,0.0,0.0,0.0,23.087925166272967,0.0,0.0,4.0810053079021215e-37,4.922245316001376e-35,0.0,0.0,0.0,18.459755866768752,112.02830863123728,0.0,0.0
1685.0,0,1.119227583683041,0.0,0.0,0.0,0.0,0.0,0.0,0.0,0.0,0.0,0.0,0.0,23.087925166272967,0.0,0.0,3.880749201763124e-37,4.680709320315532e-35,0.0,0.0,0.0,18.459755866768752,112.02830863123728,0.0,0.0
1686.0,0,1.119227583683041,0.0,0.0,0.0,0.0,0.0,0.0,0.0,0.0,0.0,0.0,0.0,23.087925166272967,0.0,0.0,3.690319720443336e-37,4.4510255655211157e-35,0.0,0.0,0.0,18.459755866768752,112.02830863123728,0.0,0.0
1687.0,0,1.119227583683041,0.0,0.0,0.0,0.0,0.0,0.0,0.0,0.0,0.0,0.0,0.0,23.087925166272967,0.0,0.0,3.5092346686319647e-37,4.2326124587431215e-35,0.0,0.0,0.0,18.459755866768752,112.02830863123728,0.0,0.0
1688.0,0,1.119227583683041,0.0,0.0,0.0,0.0,0.0,0.0,0.0,0.0,0.0,0.0,0.0,23.087925166272967,0.0,0.0,3.3370355124810357e-37,4.024916946036468e-35,0.0,0.0,0.0,18.459755866768752,112.02830863123728,0.0,0.0
1689.0,0,1.119227583683041,0.0,0.0,0.0,0.0,0.0,0.0,0.0,0.0,0.0,0.0,0.0,23.087925166272967,0.0,0.0,3.1732862185305865e-37,3.827413111972487e-35,0.0,0.0,0.0,18.459755866768752,112.02830863123728,0.0,0.0
1690.0,0,1.119227583683041,0.0,0.0,0.0,0.0,0.0,0.0,0.0,0.0,0.0,0.0,0.0,23.087925166272967,0.0,0.0,3.0175721496081554e-37,3.6396008479441014e-35,0.0,0.0,0.0,18.459755866768752,112.02830863123728,0.0,0.0
1691.0,0,1.119227583683041,0.0,0.0,0.0,0.0,0.0,0.0,0.0,0.0,0.0,0.0,0.0,23.087925166272967,0.0,0.0,2.8694990149067817e-37,3.461004585817662e-35,0.0,0.0,0.0,18.459755866768752,112.02830863123728,0.0,0.0
1692.0,0,1.119227583683041,0.0,0.0,0.0,0.0,0.0,0.0,0.0,0.0,0.0,0.0,0.0,23.087925166272967,0.0,0.0,2.7286918715829918e-37,3.291172093724838e-35,0.0,0.0,0.0,18.459755866768752,112.02830863123728,0.0,0.0
1693.0,0,1.119227583683041,0.0,0.0,0.0,0.0,0.0,0.0,0.0,0.0,0.0,0.0,0.0,23.087925166272967,0.0,0.0,2.594794175346659e-37,3.129673330945362e-35,0.0,0.0,0.0,18.459755866768752,112.02830863123728,0.0,0.0
1694.0,0,1.119227583683041,0.0,0.0,0.0,0.0,0.0,0.0,0.0,0.0,0.0,0.0,0.0,23.087925166272967,0.0,0.0,2.4674668776386856e-37,2.9760993589809973e-35,0.0,0.0,0.0,18.459755866768752,112.02830863123728,0.0,0.0
1695.0,0,1.119227583683041,0.0,0.0,0.0,0.0,0.0,0.0,0.0,0.0,0.0,0.0,0.0,23.087925166272967,0.0,0.0,2.3463875671104464e-37,2.8300613060634264e-35,0.0,0.0,0.0,18.459755866768752,112.02830863123728,0.0,0.0
1696.0,0,1.119227583683041,0.0,0.0,0.0,0.0,0.0,0.0,0.0,0.0,0.0,0.0,0.0,23.087925166272967,0.0,0.0,2.231249653231075e-37,2.6911893824740297e-35,0.0,0.0,0.0,18.459755866768752,112.02830863123728,0.0,0.0
1697.0,0,1.119227583683041,0.0,0.0,0.0,0.0,0.0,0.0,0.0,0.0,0.0,0.0,0.0,23.087925166272967,0.0,0.0,2.121761589955378e-37,2.5591319441822124e-35,0.0,0.0,0.0,18.459755866768752,112.02830863123728,0.0,0.0
1698.0,0,1.119227583683041,0.0,0.0,0.0,0.0,0.0,0.0,0.0,0.0,0.0,0.0,0.0,23.087925166272967,0.0,0.0,2.0176461374865906e-37,2.433554602431266e-35,0.0,0.0,0.0,18.459755866768752,112.02830863123728,0.0,0.0
1699.0,0,1.119227583683041,0.0,0.0,0.0,0.0,0.0,0.0,0.0,0.0,0.0,0.0,0.0,23.087925166272967,0.0,0.0,1.9186396602646444e-37,2.3141393770171046e-35,0.0,0.0,0.0,18.459755866768752,112.02830863123728,0.0,0.0
1700.0,0,1.119227583683041,0.0,0.0,0.0,0.0,0.0,0.0,0.0,0.0,0.0,0.0,0.0,23.087925166272967,0.0,0.0,1.8244914594023532e-37,2.2005838911158634e-35,0.0,0.0,0.0,18.459755866768752,112.02830863123728,0.0,0.0
1701.0,0,1.119227583683041,0.0,0.0,0.0,0.0,0.0,0.0,0.0,0.0,0.0,0.0,0.0,23.087925166272967,0.0,0.0,1.7349631378791473e-37,2.0926006056215348e-35,0.0,0.0,0.0,18.459755866768752,112.02830863123728,0.0,0.0
1702.0,0,1.119227583683041,0.0,0.0,0.0,0.0,0.0,0.0,0.0,0.0,0.0,0.0,0.0,23.087925166272967,0.0,0.0,1.6498279968849351e-37,1.989916091054879e-35,0.0,0.0,0.0,18.459755866768752,112.02830863123728,0.0,0.0
1703.0,0,1.119227583683041,0.0,0.0,0.0,0.0,0.0,0.0,0.0,0.0,0.0,0.0,0.0,23.087925166272967,0.0,0.0,1.5688704617855464e-37,1.8922703351999733e-35,0.0,0.0,0.0,18.459755866768752,112.02830863123728,0.0,0.0
1704.0,0,1.119227583683041,0.0,0.0,0.0,0.0,0.0,0.0,0.0,0.0,0.0,0.0,0.0,23.087925166272967,0.0,0.0,1.4918855362562116e-37,1.799416084715237e-35,0.0,0.0,0.0,18.459755866768752,112.02830863123728,0.0,0.0
1705.0,0,1.119227583683041,0.0,0.0,0.0,0.0,0.0,0.0,0.0,0.0,0.0,0.0,0.0,23.087925166272967,0.0,0.0,1.4186782832008761e-37,1.7111182190517908e-35,0.0,0.0,0.0,18.459755866768752,112.02830863123728,0.0,0.0
1706.0,0,1.119227583683041,0.0,0.0,0.0,0.0,0.0,0.0,0.0,0.0,0.0,0.0,0.0,23.087925166272967,0.0,0.0,1.3490633311429458e-37,1.627153155093823e-35,0.0,0.0,0.0,18.459755866768752,112.02830863123728,0.0,0.0
1707.0,0,1.119227583683041,0.0,0.0,0.0,0.0,0.0,0.0,0.0,0.0,0.0,0.0,0.0,23.087925166272967,0.0,0.0,1.282864404837587e-37,1.5473082810134272e-35,0.0,0.0,0.0,18.459755866768752,112.02830863123728,0.0,0.0
1708.0,0,1.119227583683041,0.0,0.0,0.0,0.0,0.0,0.0,0.0,0.0,0.0,0.0,0.0,23.087925166272967,0.0,0.0,1.2199138789170119e-37,1.4713814179063412e-35,0.0,0.0,0.0,18.459755866768752,112.02830863123728,0.0,0.0
1709.0,0,1.119227583683041,0.0,0.0,0.0,0.0,0.0,0.0,0.0,0.0,0.0,0.0,0.0,23.087925166272967,0.0,0.0,1.1600523534385204e-37,1.3991803078453816e-35,0.0,0.0,0.0,18.459755866768752,112.02830863123728,0.0,0.0
1710.0,0,1.119227583683041,0.0,0.0,0.0,0.0,0.0,0.0,0.0,0.0,0.0,0.0,0.0,23.087925166272967,0.0,0.0,1.1031282502605222e-37,1.3305221270552379e-35,0.0,0.0,0.0,18.459755866768752,112.02830863123728,0.0,0.0
1711.0,0,1.119227583683041,0.0,0.0,0.0,0.0,0.0,0.0,0.0,0.0,0.0,0.0,0.0,23.087925166272967,0.0,0.0,1.0489974292245025e-37,1.265233022975923e-35,0.0,0.0,0.0,18.459755866768752,112.02830863123728,0.0,0.0
1712.0,0,1.119227583683041,0.0,0.0,0.0,0.0,0.0,0.0,0.0,0.0,0.0,0.0,0.0,23.087925166272967,0.0,0.0,9.97522823171048e-38,1.2031476740426529e-35,0.0,0.0,0.0,18.459755866768752,112.02830863123728,0.0,0.0
1713.0,0,1.119227583683041,0.0,0.0,0.0,0.0,0.0,0.0,0.0,0.0,0.0,0.0,0.0,23.087925166272967,0.0,0.0,9.485740908657472e-38,1.1441088710674543e-35,0.0,0.0,0.0,18.459755866768752,112.02830863123728,0.0,0.0
1714.0,0,1.119227583683041,0.0,0.0,0.0,0.0,0.0,0.0,0.0,0.0,0.0,0.0,0.0,23.087925166272967,0.0,0.0,9.020272869561086e-38,1.0879671191624976e-35,0.0,0.0,0.0,18.459755866768752,112.02830863123728,0.0,0.0
1715.0,0,1.119227583683041,0.0,0.0,0.0,0.0,0.0,0.0,0.0,0.0,0.0,0.0,0.0,23.087925166272967,0.0,0.0,8.577645481237961e-38,1.0345802591971664e-35,0.0,0.0,0.0,18.459755866768752,112.02830863123728,0.0,0.0
1716.0,0,1.119227583683041,0.0,0.0,0.0,0.0,0.0,0.0,0.0,0.0,0.0,0.0,0.0,23.087925166272967,0.0,0.0,8.156737946374571e-38,9.838131078303374e-36,0.0,0.0,0.0,18.459755866768752,112.02830863123728,0.0,0.0
1717.0,0,1.119227583683041,0.0,0.0,0.0,0.0,0.0,0.0,0.0,0.0,0.0,0.0,0.0,23.087925166272967,0.0,0.0,7.756484465504475e-38,9.35537115206381e-36,0.0,0.0,0.0,18.459755866768752,112.02830863123728,0.0,0.0
1718.0,0,1.119227583683041,0.0,0.0,0.0,0.0,0.0,0.0,0.0,0.0,0.0,0.0,0.0,23.087925166272967,0.0,0.0,7.375871538248069e-38,8.896300394481171e-36,0.0,0.0,0.0,18.459755866768752,112.02830863123728,0.0,0.0
1719.0,0,1.119227583683041,0.0,0.0,0.0,0.0,0.0,0.0,0.0,0.0,0.0,0.0,0.0,23.087925166272967,0.0,0.0,7.01393539698137e-38,8.459756371224938e-36,0.0,0.0,0.0,18.459755866768752,112.02830863123728,0.0,0.0
1720.0,0,1.119227583683041,0.0,0.0,0.0,0.0,0.0,0.0,0.0,0.0,0.0,0.0,0.0,23.087925166272967,0.0,0.0,6.66975956643534e-38,8.044633688952084e-36,0.0,0.0,0.0,18.459755866768752,112.02830863123728,0.0,0.0
1721.0,0,1.119227583683041,0.0,0.0,0.0,0.0,0.0,0.0,0.0,0.0,0.0,0.0,0.0,23.087925166272967,0.0,0.0,6.34247254304642e-38,7.649881196289367e-36,0.0,0.0,0.0,18.459755866768752,112.02830863123728,0.0,0.0
1722.0,0,1.119227583683041,0.0,0.0,0.0,0.0,0.0,0.0,0.0,0.0,0.0,0.0,0.0,23.087925166272967,0.0,0.0,6.031245588181984e-38,7.274499322164253e-36,0.0,0.0,0.0,18.459755866768752,112.02830863123728,0.0,0.0
1723.0,0,1.119227583683041,0.0,0.0,0.0,0.0,0.0,0.0,0.0,0.0,0.0,0.0,0.0,23.087925166272967,0.0,0.0,5.735290629652854e-38,6.917537544744697e-36,0.0,0.0,0.0,18.459755866768752,112.02830863123728,0.0,0.0
1724.0,0,1.119227583683041,0.0,0.0,0.0,0.0,0.0,0.0,0.0,0.0,0.0,0.0,0.0,23.087925166272967,0.0,0.0,5.453858266199211e-38,6.578091984578787e-36,0.0,0.0,0.0,18.459755866768752,112.02830863123728,0.0,0.0
1725.0,0,1.119227583683041,0.0,0.0,0.0,0.0,0.0,0.0,0.0,0.0,0.0,0.0,0.0,23.087925166272967,0.0,0.0,5.186235869896944e-38,6.25530311583971e-36,0.0,0.0,0.0,18.459755866768752,112.02830863123728,0.0,0.0
1726.0,0,1.119227583683041,0.0,0.0,0.0,0.0,0.0,0.0,0.0,0.0,0.0,0.0,0.0,23.087925166272967,0.0,0.0,4.931745781679479e-38,5.948353589880592e-36,0.0,0.0,0.0,18.459755866768752,112.02830863123728,0.0,0.0
1727.0,0,1.119227583683041,0.0,0.0,0.0,0.0,0.0,0.0,0.0,0.0,0.0,0.0,0.0,23.087925166272967,0.0,0.0,4.6897435954058594e-38,5.6564661655881314e-36,0.0,0.0,0.0,18.459755866768752,112.02830863123728,0.0,0.0
1728.0,0,1.119227583683041,0.0,0.0,0.0,0.0,0.0,0.0,0.0,0.0,0.0,0.0,0.0,23.087925166272967,0.0,0.0,4.4596165261301146e-38,5.378901741294364e-36,0.0,0.0,0.0,18.459755866768752,112.02830863123728,0.0,0.0
1729.0,0,1.119227583683041,0.0,0.0,0.0,0.0,0.0,0.0,0.0,0.0,0.0,0.0,0.0,23.087925166272967,0.0,0.0,4.2407818584401005e-38,5.114957483263098e-36,0.0,0.0,0.0,18.459755866768752,112.02830863123728,0.0,0.0
1730.0,0,1.119227583683041,0.0,0.0,0.0,0.0,0.0,0.0,0.0,0.0,0.0,0.0,0.0,23.087925166272967,0.0,0.0,4.032685470936828e-38,4.863965046012056e-36,0.0,0.0,0.0,18.459755866768752,112.02830863123728,0.0,0.0
1731.0,0,1.119227583683041,0.0,0.0,0.0,0.0,0.0,0.0,0.0,0.0,0.0,0.0,0.0,23.087925166272967,0.0,0.0,3.834800433117983e-38,4.625288879964314e-36,0.0,0.0,0.0,18.459755866768752,112.02830863123728,0.0,0.0
1732.0,0,1.119227583683041,0.0,0.0,0.0,0.0,0.0,0.0,0.0,0.0,0.0,0.0,0.0,23.087925166272967,0.0,0.0,3.6466256711128054e-38,4.398324622143781e-36,0.0,0.0,0.0,18.459755866768752,112.02830863123728,0.0,0.0
1733.0,0,1.119227583683041,0.0,0.0,0.0,0.0,0.0,0.0,0.0,0.0,0.0,0.0,0.0,23.087925166272967,0.0,0.0,3.4676846988897244e-38,4.182497565839714e-36,0.0,0.0,0.0,18.459755866768752,112.02830863123728,0.0,0.0
1734.0,0,1.119227583683041,0.0,0.0,0.0,0.0,0.0,0.0,0.0,0.0,0.0,0.0,0.0,23.087925166272967,0.0,0.0,3.297524411724009e-38,3.977261205365228e-36,0.0,0.0,0.0,18.459755866768752,112.02830863123728,0.0,0.0
1735.0,0,1.119227583683041,0.0,0.0,0.0,0.0,0.0,0.0,0.0,0.0,0.0,0.0,0.0,23.087925166272967,0.0,0.0,3.1357139388703006e-38,3.782095852224934e-36,0.0,0.0,0.0,18.459755866768752,112.02830863123728,0.0,0.0
1736.0,0,1.119227583683041,0.0,0.0,0.0,0.0,0.0,0.0,0.0,0.0,0.0,0.0,0.0,23.087925166272967,0.0,0.0,2.981843552534845e-38,3.596507319187626e-36,0.0,0.0,0.0,18.459755866768752,112.02830863123728,0.0,0.0
1737.0,0,1.119227583683041,0.0,0.0,0.0,0.0,0.0,0.0,0.0,0.0,0.0,0.0,0.0,23.087925166272967,0.0,0.0,2.835523630384765e-38,3.420025668931908e-36,0.0,0.0,0.0,18.459755866768752,112.02830863123728,0.0,0.0
1738.0,0,1.119227583683041,0.0,0.0,0.0,0.0,0.0,0.0,0.0,0.0,0.0,0.0,0.0,23.087925166272967,0.0,0.0,2.6963836689673014e-38,3.252204024096118e-36,0.0,0.0,0.0,18.459755866768752,112.02830863123728,0.0,0.0
1739.0,0,1.119227583683041,0.0,0.0,0.0,0.0,0.0,0.0,0.0,0.0,0.0,0.0,0.0,23.087925166272967,0.0,0.0,2.5640713455408587e-38,3.0926174357194765e-36,0.0,0.0,0.0,18.459755866768752,112.02830863123728,0.0,0.0
1740.0,0,1.119227583683041,0.0,0.0,0.0,0.0,0.0,0.0,0.0,0.0,0.0,0.0,0.0,23.087925166272967,0.0,0.0,2.4382516259422716e-38,2.940861807209128e-36,0.0,0.0,0.0,18.459755866768752,112.02830863123728,0.0,0.0
1741.0,0,1.119227583683041,0.0,0.0,0.0,0.0,0.0,0.0,0.0,0.0,0.0,0.0,0.0,23.087925166272967,0.0,0.0,2.3186059162312784e-38,2.796552871108446e-36,0.0,0.0,0.0,18.459755866768752,112.02830863123728,0.0,0.0
1742.0,0,1.119227583683041,0.0,0.0,0.0,0.0,0.0,0.0,0.0,0.0,0.0,0.0,0.0,23.087925166272967,0.0,0.0,2.2048312559640504e-38,2.6593252160755984e-36,0.0,0.0,0.0,18.459755866768752,112.02830863123728,0.0,0.0
1743.0,0,1.119227583683041,0.0,0.0,0.0,0.0,0.0,0.0,0.0,0.0,0.0,0.0,0.0,23.087925166272967,0.0,0.0,2.0966395510530154e-38,2.5288313616085706e-36,0.0,0.0,0.0,18.459755866768752,112.02830863123728,0.0,0.0
1744.0,0,1.119227583683041,0.0,0.0,0.0,0.0,0.0,0.0,0.0,0.0,0.0,0.0,0.0,23.087925166272967,0.0,0.0,1.9937568442704733e-38,2.4047408781736844e-36,0.0,0.0,0.0,18.459755866768752,112.02830863123728,0.0,0.0
1745.0,0,1.119227583683041,0.0,0.0,0.0,0.0,0.0,0.0,0.0,0.0,0.0,0.0,0.0,23.087925166272967,0.0,0.0,1.895922621548811e-38,2.2867395505096708e-36,0.0,0.0,0.0,18.459755866768752,112.02830863123728,0.0,0.0
1746.0,0,1.119227583683041,0.0,0.0,0.0,0.0,0.0,0.0,0.0,0.0,0.0,0.0,0.0,23.087925166272967,0.0,0.0,1.8028891523207654e-38,2.1745285819886542e-36,0.0,0.0,0.0,18.459755866768752,112.02830863123728,0.0,0.0
1747.0,0,1.119227583683041,0.0,0.0,0.0,0.0,0.0,0.0,0.0,0.0,0.0,0.0,0.0,23.087925166272967,0.0,0.0,1.7144208622293737e-38,2.067823838019366e-36,0.0,0.0,0.0,18.459755866768752,112.02830863123728,0.0,0.0
1748.0,0,1.119227583683041,0.0,0.0,0.0,0.0,0.0,0.0,0.0,0.0,0.0,0.0,0.0,23.087925166272967,0.0,0.0,1.630293736619237e-38,1.9663551265767865e-36,0.0,0.0,0.0,18.459755866768752,112.02830863123728,0.0,0.0
1749.0,0,1.119227583683041,0.0,0.0,0.0,0.0,0.0,0.0,0.0,0.0,0.0,0.0,0.0,23.087925166272967,0.0,0.0,1.5502947532986312e-38,1.8698655140364034e-36,0.0,0.0,0.0,18.459755866768752,112.02830863123728,0.0,0.0
1750.0,0,1.119227583683041,0.0,0.0,0.0,0.0,0.0,0.0,0.0,0.0,0.0,0.0,0.0,23.087925166272967,0.0,0.0,1.4742213431361502e-38,1.7781106745806774e-36,0.0,0.0,0.0,18.459755866768752,112.02830863123728,0.0,0.0
1751.0,0,1.119227583683041,0.0,0.0,0.0,0.0,0.0,0.0,0.0,0.0,0.0,0.0,0.0,23.087925166272967,0.0,0.0,1.4018808771260214e-38,1.6908582715303233e-36,0.0,0.0,0.0,18.459755866768752,112.02830863123728,0.0,0.0
1752.0,0,1.119227583683041,0.0,0.0,0.0,0.0,0.0,0.0,0.0,0.0,0.0,0.0,0.0,23.087925166272967,0.0,0.0,1.3330901786232806e-38,1.60788736903384e-36,0.0,0.0,0.0,18.459755866768752,112.02830863123728,0.0,0.0
1753.0,0,1.119227583683041,0.0,0.0,0.0,0.0,0.0,0.0,0.0,0.0,0.0,0.0,0.0,23.087925166272967,0.0,0.0,1.2676750595137027e-38,1.528987872625609e-36,0.0,0.0,0.0,18.459755866768752,112.02830863123728,0.0,0.0
1754.0,0,1.119227583683041,0.0,0.0,0.0,0.0,0.0,0.0,0.0,0.0,0.0,0.0,0.0,23.087925166272967,0.0,0.0,1.205469879144007e-38,1.4539599972359654e-36,0.0,0.0,0.0,18.459755866768752,112.02830863123728,0.0,0.0
1755.0000000000002,0,1.119227583683041,0.0,0.0,0.0,0.0,0.0,0.0,0.0,0.0,0.0,0.0,0.0,23.087925166272967,0.0,0.0,1.1463171248954901e-38,1.3826137613061678e-36,0.0,0.0,0.0,18.459755866768752,112.02830863123728,0.0,0.0
1756.0,0,1.119227583683041,0.0,0.0,0.0,0.0,0.0,0.0,0.0,0.0,0.0,0.0,0.0,23.087925166272967,0.0,0.0,1.0900670133390249e-38,1.3147685057272924e-36,0.0,0.0,0.0,18.459755866768752,112.02830863123728,0.0,0.0
1757.0000000000002,0,1.119227583683041,0.0,0.0,0.0,0.0,0.0,0.0,0.0,0.0,0.0,0.0,0.0,23.087925166272967,0.0,0.0,1.0365771109615017e-38,1.2502524363849364e-36,0.0,0.0,0.0,18.459755866768752,112.02830863123728,0.0,0.0
1758.0,0,1.119227583683041,0.0,0.0,0.0,0.0,0.0,0.0,0.0,0.0,0.0,0.0,0.0,23.087925166272967,0.0,0.0,9.857119735033318e-39,1.1889021891513823e-36,0.0,0.0,0.0,18.459755866768752,112.02830863123728,0.0,0.0
1759.0000000000002,0,1.119227583683041,0.0,0.0,0.0,0.0,0.0,0.0,0.0,0.0,0.0,0.0,0.0,23.087925166272967,0.0,0.0,9.373428029937653e-39,1.1305624162237223e-36,0.0,0.0,0.0,18.459755866768752,112.02830863123728,0.0,0.0
1760.0,0,1.119227583683041,0.0,0.0,0.0,0.0,0.0,0.0,0.0,0.0,0.0,0.0,0.0,23.087925166272967,0.0,0.0,8.913471216155811e-39,1.0750853927604906e-36,0.0,0.0,0.0,18.459755866768752,112.02830863123728,0.0,0.0
1761.0000000000002,0,1.119227583683041,0.0,0.0,0.0,0.0,0.0,0.0,0.0,0.0,0.0,0.0,0.0,23.087925166272967,0.0,0.0,8.476084615733333e-39,1.02233064282075e-36,0.0,0.0,0.0,18.459755866768752,112.02830863123728,0.0,0.0
1762.0,0,1.119227583683041,0.0,0.0,0.0,0.0,0.0,0.0,0.0,0.0,0.0,0.0,0.0,23.087925166272967,0.0,0.0,8.060160701798515e-39,9.721645836584542e-37,0.0,0.0,0.0,18.459755866768752,112.02830863123728,0.0,0.0
1763.0000000000002,0,1.119227583683041,0.0,0.0,0.0,0.0,0.0,0.0,0.0,0.0,0.0,0.0,0.0,23.087925166272967,0.0,0.0,7.66464629414231e-39,9.244601874713881e-37,0.0,0.0,0.0,18.459755866768752,112.02830863123728,0.0,0.0
1764.0,0,1.119227583683041,0.0,0.0,0.0,0.0,0.0,0.0,0.0,0.0,0.0,0.0,0.0,23.087925166272967,0.0,0.0,7.288539892411934e-39,8.790966597481874e-37,0.0,0.0,0.0,18.459755866768752,112.02830863123728,0.0,0.0
1765.0000000000002,0,1.119227583683041,0.0,0.0,0.0,0.0,0.0,0.0,0.0,0.0,0.0,0.0,0.0,23.087925166272967,0.0,0.0,6.930889140165434e-39,8.359591333989583e-37,0.0,0.0,0.0,18.459755866768752,112.02830863123728,0.0,0.0
1766.0,0,1.119227583683041,0.0,0.0,0.0,0.0,0.0,0.0,0.0,0.0,0.0,0.0,0.0,23.087925166272967,0.0,0.0,6.590788413365819e-39,7.949383778950007e-37,0.0,0.0,0.0,18.459755866768752,112.02830863123728,0.0,0.0
1767.0000000000002,0,1.119227583683041,0.0,0.0,0.0,0.0,0.0,0.0,0.0,0.0,0.0,0.0,0.0,23.087925166272967,0.0,0.0,6.2673765272085e-39,7.559305226811251e-37,0.0,0.0,0.0,18.459755866768752,112.02830863123728,0.0,0.0
1768.0,0,1.119227583683041,0.0,0.0,0.0,0.0,0.0,0.0,0.0,0.0,0.0,0.0,0.0,23.087925166272967,0.0,0.0,5.959834555475336e-39,7.188367941602091e-37,0.0,0.0,0.0,18.459755866768752,112.02830863123728,0.0,0.0
1769.0000000000002,0,1.119227583683041,0.0,0.0,0.0,0.0,0.0,0.0,0.0,0.0,0.0,0.0,0.0,23.087925166272967,0.0,0.0,5.667383756893637e-39,6.835632655839957e-37,0.0,0.0,0.0,18.459755866768752,112.02830863123728,0.0,0.0
1770.0,0,1.119227583683041,0.0,0.0,0.0,0.0,0.0,0.0,0.0,0.0,0.0,0.0,0.0,23.087925166272967,0.0,0.0,5.3892836032493024e-39,6.50020619216825e-37,0.0,0.0,0.0,18.459755866768752,112.02830863123728,0.0,0.0
1771.0000000000002,0,1.119227583683041,0.0,0.0,0.0,0.0,0.0,0.0,0.0,0.0,0.0,0.0,0.0,23.087925166272967,0.0,0.0,5.124829904261041e-39,6.181239201700558e-37,0.0,0.0,0.0,18.459755866768752,112.02830863123728,0.0,0.0
1772.0,0,1.119227583683041,0.0,0.0,0.0,0.0,0.0,0.0,0.0,0.0,0.0,0.0,0.0,23.087925166272967,0.0,0.0,4.873353024467524e-39,5.8779240133450214e-37,0.0,0.0,0.0,18.459755866768752,112.02830863123728,0.0,0.0
1773.0000000000002,0,1.119227583683041,0.0,0.0,0.0,0.0,0.0,0.0,0.0,0.0,0.0,0.0,0.0,23.087925166272967,0.0,0.0,4.6342161876124284e-39,5.58949258866293e-37,0.0,0.0,0.0,18.459755866768752,112.02830863123728,0.0,0.0
1774.0,0,1.119227583683041,0.0,0.0,0.0,0.0,0.0,0.0,0.0,0.0,0.0,0.0,0.0,23.087925166272967,0.0,0.0,4.4068138642337706e-39,5.315214577083027e-37,0.0,0.0,0.0,18.459755866768752,112.02830863123728,0.0,0.0
1775.0000000000002,0,1.119227583683041,0.0,0.0,0.0,0.0,0.0,0.0,0.0,0.0,0.0,0.0,0.0,23.087925166272967,0.0,0.0,4.1905702383747165e-39,5.054395466546989e-37,0.0,0.0,0.0,18.459755866768752,112.02830863123728,0.0,0.0
1776.0,0,1.119227583683041,0.0,0.0,0.0,0.0,0.0,0.0,0.0,0.0,0.0,0.0,0.0,23.087925166272967,0.0,0.0,3.9849377495333134e-39,4.806374824903271e-37,0.0,0.0,0.0,18.459755866768752,112.02830863123728,0.0,0.0
1777.0000000000002,0,1.119227583683041,0.0,0.0,0.0,0.0,0.0,0.0,0.0,0.0,0.0,0.0,0.0,23.087925166272967,0.0,0.0,3.7893957061591856e-39,4.57052462759627e-37,0.0,0.0,0.0,18.459755866768752,112.02830863123728,0.0,0.0
1778.0,0,1.119227583683041,0.0,0.0,0.0,0.0,0.0,0.0,0.0,0.0,0.0,0.0,0.0,23.087925166272967,0.0,0.0,3.6034489671863395e-39,4.346247667416249e-37,0.0,0.0,0.0,18.459755866768752,112.02830863123728,0.0,0.0
1779.0000000000002,0,1.119227583683041,0.0,0.0,0.0,0.0,0.0,0.0,0.0,0.0,0.0,0.0,0.0,23.087925166272967,0.0,0.0,3.426626688263532e-39,4.1329760422833e-37,0.0,0.0,0.0,18.459755866768752,112.02830863123728,0.0,0.0
1780.0,0,1.119227583683041,0.0,0.0,0.0,0.0,0.0,0.0,0.0,0.0,0.0,0.0,0.0,23.087925166272967,0.0,0.0,3.258481129507478e-39,3.93016971723618e-37,0.0,0.0,0.0,18.459755866768752,112.02830863123728,0.0,0.0
1781.0000000000002,0,1.119227583683041,0.0,0.0,0.0,0.0,0.0,0.0,0.0,0.0,0.0,0.0,0.0,23.087925166272967,0.0,0.0,3.098586521759955e-39,3.737315156984774e-37,0.0,0.0,0.0,18.459755866768752,112.02830863123728,0.0,0.0
1782.0,0,1.119227583683041,0.0,0.0,0.0,0.0,0.0,0.0,0.0,0.0,0.0,0.0,0.0,23.087925166272967,0.0,0.0,2.9465379884779916e-39,3.55392402556359e-37,0.0,0.0,0.0,18.459755866768752,112.02830863123728,0.0,0.0
1783.0000000000002,0,1.119227583683041,0.0,0.0,0.0,0.0,0.0,0.0,0.0,0.0,0.0,0.0,0.0,23.087925166272967,0.0,0.0,2.801950520527217e-39,3.37953194979365e-37,0.0,0.0,0.0,18.459755866768752,112.02830863123728,0.0,0.0
1784.0,0,1.119227583683041,0.0,0.0,0.0,0.0,0.0,0.0,0.0,0.0,0.0,0.0,0.0,23.087925166272967,0.0,0.0,2.6644580012824044e-39,3.2136973434216454e-37,0.0,0.0,0.0,18.459755866768752,112.02830863123728,0.0,0.0
1785.0000000000002,0,1.119227583683041,0.0,0.0,0.0,0.0,0.0,0.0,0.0,0.0,0.0,0.0,0.0,23.087925166272967,0.0,0.0,2.5337122795665955e-39,3.0560002889589334e-37,0.0,0.0,0.0,18.459755866768752,112.02830863123728,0.0,0.0
1786.0,0,1.119227583683041,0.0,0.0,0.0,0.0,0.0,0.0,0.0,0.0,0.0,0.0,0.0,23.087925166272967,0.0,0.0,2.4093822880813854e-39,2.9060414743890103e-37,0.0,0.0,0.0,18.459755866768752,112.02830863123728,0.0,0.0
1787.0000000000002,0,1.119227583683041,0.0,0.0,0.0,0.0,0.0,0.0,0.0,0.0,0.0,0.0,0.0,23.087925166272967,0.0,0.0,2.2911532050960765e-39,2.763441182051059e-37,0.0,0.0,0.0,18.459755866768752,112.02830863123728,0.0,0.0
1788.0,0,1.119227583683041,0.0,0.0,0.0,0.0,0.0,0.0,0.0,0.0,0.0,0.0,0.0,23.087925166272967,0.0,0.0,2.178725657272993e-39,2.62783832713927e-37,0.0,0.0,0.0,18.459755866768752,112.02830863123728,0.0,0.0
1789.0000000000002,0,1.119227583683041,0.0,0.0,0.0,0.0,0.0,0.0,0.0,0.0,0.0,0.0,0.0,23.087925166272967,0.0,0.0,2.0718149616103836e-39,2.498889543383278e-37,0.0,0.0,0.0,18.459755866768752,112.02830863123728,0.0,0.0
1790.0,0,1.119227583683041,0.0,0.0,0.0,0.0,0.0,0.0,0.0,0.0,0.0,0.0,0.0,23.087925166272967,0.0,0.0,1.9701504045834066e-39,2.3762683135945238e-37,0.0,0.0,0.0,18.459755866768752,112.02830863123728,0.0,0.0
1791.0000000000002,0,1.119227583683041,0.0,0.0,0.0,0.0,0.0,0.0,0.0,0.0,0.0,0.0,0.0,23.087925166272967,0.0,0.0,1.873474556657872e-39,2.259664142876956e-37,0.0,0.0,0.0,18.459755866768752,112.02830863123728,0.0,0.0
1792.0,0,1.119227583683041,0.0,0.0,0.0,0.0,0.0,0.0,0.0,0.0,0.0,0.0,0.0,23.087925166272967,0.0,0.0,1.7815426204409966e-39,2.14878177240852e-37,0.0,0.0,0.0,18.459755866768752,112.02830863123728,0.0,0.0
1793.0,0,1.119227583683041,0.0,0.0,0.0,0.0,0.0,0.0,0.0,0.0,0.0,0.0,0.0,23.087925166272967,0.0,0.0,1.6941218108185808e-39,2.0433404318026227e-37,0.0,0.0,0.0,18.459755866768752,112.02830863123728,0.0,0.0
1794.0,0,1.119227583683041,0.0,0.0,0.0,0.0,0.0,0.0,0.0,0.0,0.0,0.0,0.0,23.087925166272967,0.0,0.0,1.6109907655090426e-39,1.9430731281564237e-37,0.0,0.0,0.0,18.459755866768752,112.02830863123728,0.0,0.0
1795.0,0,1.119227583683041,0.0,0.0,0.0,0.0,0.0,0.0,0.0,0.0,0.0,0.0,0.0,23.087925166272967,0.0,0.0,1.5319389845417293e-39,1.847725969985744e-37,0.0,0.0,0.0,18.459755866768752,112.02830863123728,0.0,0.0
1796.0,0,1.119227583683041,0.0,0.0,0.0,0.0,0.0,0.0,0.0,0.0,0.0,0.0,0.0,23.087925166272967,0.0,0.0,1.456766297240188e-39,1.7570575243346753e-37,0.0,0.0,0.0,18.459755866768752,112.02830863123728,0.0,0.0
1797.0,0,1.119227583683041,0.0,0.0,0.0,0.0,0.0,0.0,0.0,0.0,0.0,0.0,0.0,23.087925166272967,0.0,0.0,1.3852823553607275e-39,1.6708382054320086e-37,0.0,0.0,0.0,18.459755866768752,112.02830863123728,0.0,0.0
1798.0,0,1.119227583683041,0.0,0.0,0.0,0.0,0.0,0.0,0.0,0.0,0.0,0.0,0.0,23.087925166272967,0.0,0.0,1.3173061511028104e-39,1.5888496933464688e-37,0.0,0.0,0.0,18.459755866768752,112.02830863123728,0.0,0.0
1799.0,0,1.119227583683041,0.0,0.0,0.0,0.0,0.0,0.0,0.0,0.0,0.0,0.0,0.0,23.087925166272967,0.0,0.0,1.2526655587708182e-39,1.5108843811687044e-37,0.0,0.0,0.0,18.459755866768752,112.02830863123728,0.0,0.0
1800.0,0,1.119227583683041,0.0,0.0,0.0,0.0,0.0,0.0,0.0,0.0,0.0,0.0,0.0,23.087925166272967,0.0,0.0,1.1911968989266022e-39,1.4367448493202124e-37,0.0,0.0,0.0,18.459755866768752,112.02830863123728,0.0,0.0
1801.0,0,1.119227583683041,0.0,0.0,0.0,0.0,0.0,0.0,0.0,0.0,0.0,0.0,0.0,23.087925166272967,0.0,0.0,1.1327445239291983e-39,1.366243365658083e-37,0.0,0.0,0.0,18.459755866768752,112.02830863123728,0.0,0.0
1802.0,0,1.119227583683041,0.0,0.0,0.0,0.0,0.0,0.0,0.0,0.0,0.0,0.0,0.0,23.087925166272967,0.0,0.0,1.0771604238122243e-39,1.29920141010974e-37,0.0,0.0,0.0,18.459755866768752,112.02830863123728,0.0,0.0
1803.0,0,1.119227583683041,0.0,0.0,0.0,0.0,0.0,0.0,0.0,0.0,0.0,0.0,0.0,23.087925166272967,0.0,0.0,1.024303851500988e-39,1.235449222633999e-37,0.0,0.0,0.0,18.459755866768752,112.02830863123728,0.0,0.0
1804.0,0,1.119227583683041,0.0,0.0,0.0,0.0,0.0,0.0,0.0,0.0,0.0,0.0,0.0,23.087925166272967,0.0,0.0,9.740409664202992e-40,1.174825373363801e-37,0.0,0.0,0.0,18.459755866768752,112.02830863123728,0.0,0.0
1805.0,0,1.119227583683041,0.0,0.0,0.0,0.0,0.0,0.0,0.0,0.0,0.0,0.0,0.0,23.087925166272967,0.0,0.0,9.262444955905501e-40,1.1171763538421702e-37,0.0,0.0,0.0,18.459755866768752,112.02830863123728,0.0,0.0
1806.0,0,1.119227583683041,0.0,0.0,0.0,0.0,0.0,0.0,0.0,0.0,0.0,0.0,0.0,23.087925166272967,0.0,0.0,8.80793411353908e-40,1.0623561883163377e-37,0.0,0.0,0.0,18.459755866768752,112.02830863123728,0.0,0.0
1807.0,0,1.119227583683041,0.0,0.0,0.0,0.0,0.0,0.0,0.0,0.0,0.0,0.0,0.0,23.087925166272967,0.0,0.0,8.375726249145762e-40,1.0102260641057765e-37,0.0,0.0,0.0,18.459755866768752,112.02830863123728,0.0,0.0
1808.0,0,1.119227583683041,0.0,0.0,0.0,0.0,0.0,0.0,0.0,0.0,0.0,0.0,0.0,23.087925166272967,0.0,0.0,7.96472694917123e-40,9.606539801081835e-38,0.0,0.0,0.0,18.459755866768752,112.02830863123728,0.0,0.0
1809.0,0,1.119227583683041,0.0,0.0,0.0,0.0,0.0,0.0,0.0,0.0,0.0,0.0,0.0,23.087925166272967,0.0,0.0,7.573895503249568e-40,9.135144125533725e-38,0.0,0.0,0.0,18.459755866768752,112.02830863123728,0.0,0.0
1810.0,0,1.119227583683041,0.0,0.0,0.0,0.0,0.0,0.0,0.0,0.0,0.0,0.0,0.0,23.087925166272967,0.0,0.0,7.202242268972326e-40,8.686879971587224e-38,0.0,0.0,0.0,18.459755866768752,112.02830863123728,0.0,0.0
1811.0,0,1.119227583683041,0.0,0.0,0.0,0.0,0.0,0.0,0.0,0.0,0.0,0.0,0.0,23.087925166272967,0.0,0.0,6.848826165969137e-40,8.260612268813478e-38,0.0,0.0,0.0,18.459755866768752,112.02830863123728,0.0,0.0
1812.0,0,1.119227583683041,0.0,0.0,0.0,0.0,0.0,0.0,0.0,0.0,0.0,0.0,0.0,23.087925166272967,0.0,0.0,6.512752292954526e-40,7.855261645016571e-38,0.0,0.0,0.0,18.459755866768752,112.02830863123728,0.0,0.0
1813.0,0,1.119227583683041,0.0,0.0,0.0,0.0,0.0,0.0,0.0,0.0,0.0,0.0,0.0,23.087925166272967,0.0,0.0,6.193169661706896e-40,7.469801693105193e-38,0.0,0.0,0.0,18.459755866768752,112.02830863123728,0.0,0.0
1814.0,0,1.119227583683041,0.0,0.0,0.0,0.0,0.0,0.0,0.0,0.0,0.0,0.0,0.0,23.087925166272967,0.0,0.0,5.88926904224185e-40,7.103256372079697e-38,0.0,0.0,0.0,18.459755866768752,112.02830863123728,0.0,0.0
1815.0,0,1.119227583683041,0.0,0.0,0.0,0.0,0.0,0.0,0.0,0.0,0.0,0.0,0.0,23.087925166272967,0.0,0.0,5.60028091372345e-40,6.754697535553475e-38,0.0,0.0,0.0,18.459755866768752,112.02830863123728,0.0,0.0
1816.0,0,1.119227583683041,0.0,0.0,0.0,0.0,0.0,0.0,0.0,0.0,0.0,0.0,0.0,23.087925166272967,0.0,0.0,5.325473515924863e-40,6.423242581550494e-38,0.0,0.0,0.0,18.459755866768752,112.02830863123728,0.0,0.0
1817.0,0,1.119227583683041,0.0,0.0,0.0,0.0,0.0,0.0,0.0,0.0,0.0,0.0,0.0,23.087925166272967,0.0,0.0,5.064150996304399e-40,6.108052217627951e-38,0.0,0.0,0.0,18.459755866768752,112.02830863123728,0.0,0.0
1818.0,0,1.119227583683041,0.0,0.0,0.0,0.0,0.0,0.0,0.0,0.0,0.0,0.0,0.0,23.087925166272967,0.0,0.0,4.8156516480050545e-40,5.808328335664998e-38,0.0,0.0,0.0,18.459755866768752,112.02830863123728,0.0,0.0
1819.0,0,1.119227583683041,0.0,0.0,0.0,0.0,0.0,0.0,0.0,0.0,0.0,0.0,0.0,23.087925166272967,0.0,0.0,4.579346234315927e-40,5.523311990936202e-38,0.0,0.0,0.0,18.459755866768752,112.02830863123728,0.0,0.0
1820.0,0,1.119227583683041,0.0,0.0,0.0,0.0,0.0,0.0,0.0,0.0,0.0,0.0,0.0,23.087925166272967,0.0,0.0,4.35463639535279e-40,5.252281480352451e-38,0.0,0.0,0.0,18.459755866768752,112.02830863123728,0.0,0.0
1821.0,0,1.119227583683041,0.0,0.0,0.0,0.0,0.0,0.0,0.0,0.0,0.0,0.0,0.0,23.087925166272967,0.0,0.0,4.1409531329233215e-40,4.994550515003122e-38,0.0,0.0,0.0,18.459755866768752,112.02830863123728,0.0,0.0
1822.0,0,1.119227583683041,0.0,0.0,0.0,0.0,0.0,0.0,0.0,0.0,0.0,0.0,0.0,23.087925166272967,0.0,0.0,3.937755369740408e-40,4.749466482372152e-38,0.0,0.0,0.0,18.459755866768752,112.02830863123728,0.0,0.0
1823.0,0,1.119227583683041,0.0,0.0,0.0,0.0,0.0,0.0,0.0,0.0,0.0,0.0,0.0,23.087925166272967,0.0,0.0,3.7445285793353e-40,4.516408793827646e-38,0.0,0.0,0.0,18.459755866768752,112.02830863123728,0.0,0.0
1824.0,0,1.119227583683041,0.0,0.0,0.0,0.0,0.0,0.0,0.0,0.0,0.0,0.0,0.0,23.087925166272967,0.0,0.0,3.5607834832012895e-40,4.294787313200661e-38,0.0,0.0,0.0,18.459755866768752,112.02830863123728,0.0,0.0
1825.0,0,1.119227583683041,0.0,0.0,0.0,0.0,0.0,0.0,0.0,0.0,0.0,0.0,0.0,23.087925166272967,0.0,0.0,3.386054811868954e-40,4.0840408624740763e-38,0.0,0.0,0.0,18.459755866768752,112.02830863123728,0.0,0.0
1826.0,0,1.119227583683041,0.0,0.0,0.0,0.0,0.0,0.0,0.0,0.0,0.0,0.0,0.0,23.087925166272967,0.0,0.0,3.21990012677577e-40,3.883635800797733e-38,0.0,0.0,0.0,18.459755866768752,112.02830863123728,0.0,0.0
1827.0,0,1.119227583683041,0.0,0.0,0.0,0.0,0.0,0.0,0.0,0.0,0.0,0.0,0.0,23.087925166272967,0.0,0.0,3.0618986999469353e-40,3.693064673231728e-38,0.0,0.0,0.0,18.459755866768752,112.02830863123728,0.0,0.0
1828.0,0,1.119227583683041,0.0,0.0,0.0,0.0,0.0,0.0,0.0,0.0,0.0,0.0,0.0,23.087925166272967,0.0,0.0,2.911650448650582e-40,3.511844925796248e-38,0.0,0.0,0.0,18.459755866768752,112.02830863123728,0.0,0.0
1829.0,0,1.119227583683041,0.0,0.0,0.0,0.0,0.0,0.0,0.0,0.0,0.0,0.0,0.0,23.087925166272967,0.0,0.0,2.768774922329749e-40,3.3395176835742893e-38,0.0,0.0,0.0,18.459755866768752,112.02830863123728,0.0,0.0
1830.0,0,1.119227583683041,0.0,0.0,0.0,0.0,0.0,0.0,0.0,0.0,0.0,0.0,0.0,23.087925166272967,0.0,0.0,2.632910339245909e-40,3.175646588773216e-38,0.0,0.0,0.0,18.459755866768752,112.02830863123728,0.0,0.0
1831.0,0,1.119227583683041,0.0,0.0,0.0,0.0,0.0,0.0,0.0,0.0,0.0,0.0,0.0,23.087925166272967,0.0,0.0,2.5037126703946688e-40,3.01981669580299e-38,0.0,0.0,0.0,18.459755866768752,112.02830863123728,0.0,0.0
1832.0,0,1.119227583683041,0.0,0.0,0.0,0.0,0.0,0.0,0.0,0.0,0.0,0.0,0.0,23.087925166272967,0.0,0.0,2.3808547683739907e-40,2.871633420573213e-38,0.0,0.0,0.0,18.459755866768752,112.02830863123728,0.0,0.0
1833.0,0,1.119227583683041,0.0,0.0,0.0,0.0,0.0,0.0,0.0,0.0,0.0,0.0,0.0,23.087925166272967,0.0,0.0,2.2640255389991008e-40,2.7307215413484796e-38,0.0,0.0,0.0,18.459755866768752,112.02830863123728,0.0,0.0
1834.0,0,1.119227583683041,0.0,0.0,0.0,0.0,0.0,0.0,0.0,0.0,0.0,0.0,0.0,23.087925166272967,0.0,0.0,2.152929153566495e-40,2.596724248632035e-38,0.0,0.0,0.0,18.459755866768752,112.02830863123728,0.0,0.0
1835.0,0,1.119227583683041,0.0,0.0,0.0,0.0,0.0,0.0,0.0,0.0,0.0,0.0,0.0,23.087925166272967,0.0,0.0,2.0472842997723736e-40,2.4693022416719215e-38,0.0,0.0,0.0,18.459755866768752,112.02830863123728,0.0,0.0
1836.0,0,1.119227583683041,0.0,0.0,0.0,0.0,0.0,0.0,0.0,0.0,0.0,0.0,0.0,23.087925166272967,0.0,0.0,1.9468234693887264e-40,2.348132869301829e-38,0.0,0.0,0.0,18.459755866768752,112.02830863123728,0.0,0.0
1837.0,0,1.119227583683041,0.0,0.0,0.0,0.0,0.0,0.0,0.0,0.0,0.0,0.0,0.0,23.087925166272967,0.0,0.0,1.8512922808933573e-40,2.232909312941129e-38,0.0,0.0,0.0,18.459755866768752,112.02830863123728,0.0,0.0
1838.0,0,1.119227583683041,0.0,0.0,0.0,0.0,0.0,0.0,0.0,0.0,0.0,0.0,0.0,23.087925166272967,0.0,0.0,1.7604488353386479e-40,2.123339809685335e-38,0.0,0.0,0.0,18.459755866768752,112.02830863123728,0.0,0.0
1839.0,0,1.119227583683041,0.0,0.0,0.0,0.0,0.0,0.0,0.0,0.0,0.0,0.0,0.0,23.087925166272967,0.0,0.0,1.6740631038280272e-40,2.0191469135197358e-38,0.0,0.0,0.0,18.459755866768752,112.02830863123728,0.0,0.0
1840.0,0,1.119227583683041,0.0,0.0,0.0,0.0,0.0,0.0,0.0,0.0,0.0,0.0,0.0,23.087925166272967,0.0,0.0,1.5919163450491475e-40,1.9200667927854908e-38,0.0,0.0,0.0,18.459755866768752,112.02830863123728,0.0,0.0
1841.0,0,1.119227583683041,0.0,0.0,0.0,0.0,0.0,0.0,0.0,0.0,0.0,0.0,0.0,23.087925166272967,0.0,0.0,1.5138005513888727e-40,1.8258485621192652e-38,0.0,0.0,0.0,18.459755866768752,112.02830863123728,0.0,0.0
1842.0,0,1.119227583683041,0.0,0.0,0.0,0.0,0.0,0.0,0.0,0.0,0.0,0.0,0.0,23.087925166272967,0.0,0.0,1.4395179222275697e-40,1.736253647174778e-38,0.0,0.0,0.0,18.459755866768752,112.02830863123728,0.0,0.0
1843.0,0,1.119227583683041,0.0,0.0,0.0,0.0,0.0,0.0,0.0,0.0,0.0,0.0,0.0,23.087925166272967,0.0,0.0,1.3688803630789932e-40,1.651055180517652e-38,0.0,0.0,0.0,18.459755866768752,112.02830863123728,0.0,0.0
1844.0,0,1.119227583683041,0.0,0.0,0.0,0.0,0.0,0.0,0.0,0.0,0.0,0.0,0.0,23.087925166272967,0.0,0.0,1.3017090093075242e-40,1.5700374271638716e-38,0.0,0.0,0.0,18.459755866768752,112.02830863123728,0.0,0.0
1845.0,0,1.119227583683041,0.0,0.0,0.0,0.0,0.0,0.0,0.0,0.0,0.0,0.0,0.0,23.087925166272967,0.0,0.0,1.2378337732167434e-40,1.4929952383072364e-38,0.0,0.0,0.0,18.459755866768752,112.02830863123728,0.0,0.0
1846.0,0,1.119227583683041,0.0,0.0,0.0,0.0,0.0,0.0,0.0,0.0,0.0,0.0,0.0,23.087925166272967,0.0,0.0,1.1770929133624948e-40,1.4197335318525676e-38,0.0,0.0,0.0,18.459755866768752,112.02830863123728,0.0,0.0
1847.0,0,1.119227583683041,0.0,0.0,0.0,0.0,0.0,0.0,0.0,0.0,0.0,0.0,0.0,23.087925166272967,0.0,0.0,1.1193326249998818e-40,1.3500667984392963e-38,0.0,0.0,0.0,18.459755866768752,112.02830863123728,0.0,0.0
1848.0,0,1.119227583683041,0.0,0.0,0.0,0.0,0.0,0.0,0.0,0.0,0.0,0.0,0.0,23.087925166272967,0.0,0.0,1.0644066506271492e-40,1.283818631704621e-38,0.0,0.0,0.0,18.459755866768752,112.02830863123728,0.0,0.0
1849.0,0,1.119227583683041,0.0,0.0,0.0,0.0,0.0,0.0,0.0,0.0,0.0,0.0,0.0,23.087925166272967,0.0,0.0,1.0121759096402868e-40,1.220821281596781e-38,0.0,0.0,0.0,18.459755866768752,112.02830863123728,0.0,0.0
1850.0,0,1.119227583683041,0.0,0.0,0.0,0.0,0.0,0.0,0.0,0.0,0.0,0.0,0.0,23.087925166272967,0.0,0.0,9.625081461605921e-41,1.1609152296073835e-38,0.0,0.0,0.0,18.459755866768752,112.02830863123728,0.0,0.0
1851.0,0,1.119227583683041,0.0,0.0,0.0,0.0,0.0,0.0,0.0,0.0,0.0,0.0,0.0,23.087925166272967,0.0,0.0,9.152775941434302e-41,1.103948784847197e-38,0.0,0.0,0.0,18.459755866768752,112.02830863123728,0.0,0.0
1852.0,0,1.119227583683041,0.0,0.0,0.0,0.0,0.0,0.0,0.0,0.0,0.0,0.0,0.0,23.087925166272967,0.0,0.0,8.703646589202083e-41,1.0497776999426244e-38,0.0,0.0,0.0,18.459755866768752,112.02830863123728,0.0,0.0
1853.0,0,1.119227583683041,0.0,0.0,0.0,0.0,0.0,0.0,0.0,0.0,0.0,0.0,0.0,23.087925166272967,0.0,0.0,8.276556143671748e-41,9.98264805780247e-39,0.0,0.0,0.0,18.459755866768752,112.02830863123728,0.0,0.0
1854.0,0,1.119227583683041,0.0,0.0,0.0,0.0,0.0,0.0,0.0,0.0,0.0,0.0,0.0,23.087925166272967,0.0,0.0,7.87042314934234e-41,9.492796641745577e-39,0.0,0.0,0.0,18.459755866768752,112.02830863123728,0.0,0.0
1855.0,0,1.119227583683041,0.0,0.0,0.0,0.0,0.0,0.0,0.0,0.0,0.0,0.0,0.0,23.087925166272967,0.0,0.0,7.48421921804588e-41,9.026982375793903e-39,0.0,0.0,0.0,18.459755866768752,112.02830863123728,0.0,0.0
1856.0,0,1.119227583683041,0.0,0.0,0.0,0.0,0.0,0.0,0.0,0.0,0.0,0.0,0.0,23.087925166272967,0.0,0.0,7.11696642491806e-41,8.584025750067015e-39,0.0,0.0,0.0,18.459755866768752,112.02830863123728,0.0,0.0
1857.0,0,1.119227583683041,0.0,0.0,0.0,0.0,0.0,0.0,0.0,0.0,0.0,0.0,0.0,23.087925166272967,0.0,0.0,6.767734832149386e-41,8.162805133574123e-39,0.0,0.0,0.0,18.459755866768752,112.02830863123728,0.0,0.0
1858.0,0,1.119227583683041,0.0,0.0,0.0,0.0,0.0,0.0,0.0,0.0,0.0,0.0,0.0,23.087925166272967,0.0,0.0,6.435640134246581e-41,7.762253934080271e-39,0.0,0.0,0.0,18.459755866768752,112.02830863123728,0.0,0.0
1859.0,0,1.119227583683041,0.0,0.0,0.0,0.0,0.0,0.0,0.0,0.0,0.0,0.0,0.0,23.087925166272967,0.0,0.0,6.11984141884168e-41,7.38135789733875e-39,0.0,0.0,0.0,18.459755866768752,112.02830863123728,0.0,0.0
1860.0,0,1.119227583683041,0.0,0.0,0.0,0.0,0.0,0.0,0.0,0.0,0.0,0.0,0.0,23.087925166272967,0.0,0.0,5.819539037378865e-41,7.019152538850928e-39,0.0,0.0,0.0,18.459755866768752,112.02830863123728,0.0,0.0
1861.0,0,1.119227583683041,0.0,0.0,0.0,0.0,0.0,0.0,0.0,0.0,0.0,0.0,0.0,23.087925166272967,0.0,0.0,5.533972580287325e-41,6.674720701650373e-39,0.0,0.0,0.0,18.459755866768752,112.02830863123728,0.0,0.0
1862.0,0,1.119227583683041,0.0,0.0,0.0,0.0,0.0,0.0,0.0,0.0,0.0,0.0,0.0,23.087925166272967,0.0,0.0,5.262418951512948e-41,6.347190233927218e-39,0.0,0.0,0.0,18.459755866768752,112.02830863123728,0.0,0.0
1863.0,0,1.119227583683041,0.0,0.0,0.0,0.0,0.0,0.0,0.0,0.0,0.0,0.0,0.0,23.087925166272967,0.0,0.0,5.00419053753331e-41,6.035731780612161e-39,0.0,0.0,0.0,18.459755866768752,112.02830863123728,0.0,0.0
1864.0,0,1.119227583683041,0.0,0.0,0.0,0.0,0.0,0.0,0.0,0.0,0.0,0.0,0.0,23.087925166272967,0.0,0.0,4.758633466219628e-41,5.7395566833280734e-39,0.0,0.0,0.0,18.459755866768752,112.02830863123728,0.0,0.0
1865.0,0,1.119227583683041,0.0,0.0,0.0,0.0,0.0,0.0,0.0,0.0,0.0,0.0,0.0,23.087925166272967,0.0,0.0,4.5251259511368475e-41,5.457914983391596e-39,0.0,0.0,0.0,18.459755866768752,112.02830863123728,0.0,0.0
1866.0,0,1.119227583683041,0.0,0.0,0.0,0.0,0.0,0.0,0.0,0.0,0.0,0.0,0.0,23.087925166272967,0.0,0.0,4.303076717089411e-41,5.1900935228080154e-39,0.0,0.0,0.0,18.459755866768752,112.02830863123728,0.0,0.0
1867.0,0,1.119227583683041,0.0,0.0,0.0,0.0,0.0,0.0,0.0,0.0,0.0,0.0,0.0,23.087925166272967,0.0,0.0,4.091923502925942e-41,4.9354141384508675e-39,0.0,0.0,0.0,18.459755866768752,112.02830863123728,0.0,0.0
1868.0,0,1.119227583683041,0.0,0.0,0.0,0.0,0.0,0.0,0.0,0.0,0.0,0.0,0.0,23.087925166272967,0.0,0.0,3.891131637811748e-41,4.693231944853675e-39,0.0,0.0,0.0,18.459755866768752,112.02830863123728,0.0,0.0
1869.0,0,1.119227583683041,0.0,0.0,0.0,0.0,0.0,0.0,0.0,0.0,0.0,0.0,0.0,23.087925166272967,0.0,0.0,3.70019268736402e-41,4.4629337012655805e-39,0.0,0.0,0.0,18.459755866768752,112.02830863123728,0.0,0.0
1870.0,0,1.119227583683041,0.0,0.0,0.0,0.0,0.0,0.0,0.0,0.0,0.0,0.0,0.0,23.087925166272967,0.0,0.0,3.518623166221588e-41,4.243936258836039e-39,0.0,0.0,0.0,18.459755866768752,112.02830863123728,0.0,0.0
1871.0,0,1.119227583683041,0.0,0.0,0.0,0.0,0.0,0.0,0.0,0.0,0.0,0.0,0.0,23.087925166272967,0.0,0.0,3.34596331378924e-41,4.035685083996599e-39,0.0,0.0,0.0,18.459755866768752,112.02830863123728,0.0,0.0
1872.0,0,1.119227583683041,0.0,0.0,0.0,0.0,0.0,0.0,0.0,0.0,0.0,0.0,0.0,23.087925166272967,0.0,0.0,3.181775930056625e-41,3.8376528543007656e-39,0.0,0.0,0.0,18.459755866768752,112.02830863123728,0.0,0.0
1873.0,0,1.119227583683041,0.0,0.0,0.0,0.0,0.0,0.0,0.0,0.0,0.0,0.0,0.0,23.087925166272967,0.0,0.0,3.025645268543844e-41,3.6493381231664066e-39,0.0,0.0,0.0,18.459755866768752,112.02830863123728,0.0,0.0
1874.0,0,1.119227583683041,0.0,0.0,0.0,0.0,0.0,0.0,0.0,0.0,0.0,0.0,0.0,23.087925166272967,0.0,0.0,2.877175983570544e-41,3.470264050139637e-39,0.0,0.0,0.0,18.459755866768752,112.02830863123728,0.0,0.0
1875.0,0,1.119227583683041,0.0,0.0,0.0,0.0,0.0,0.0,0.0,0.0,0.0,0.0,0.0,23.087925166272967,0.0,0.0,2.735992129182797e-41,3.299977193465012e-39,0.0,0.0,0.0,18.459755866768752,112.02830863123728,0.0,0.0
1876.0,0,1.119227583683041,0.0,0.0,0.0,0.0,0.0,0.0,0.0,0.0,0.0,0.0,0.0,23.087925166272967,0.0,0.0,2.601736207202939e-41,3.138046361904661e-39,0.0,0.0,0.0,18.459755866768752,112.02830863123728,0.0,0.0
1877.0,0,1.119227583683041,0.0,0.0,0.0,0.0,0.0,0.0,0.0,0.0,0.0,0.0,0.0,23.087925166272967,0.0,0.0,2.474068261991876e-41,2.9840615228989706e-39,0.0,0.0,0.0,18.459755866768752,112.02830863123728,0.0,0.0
1878.0,0,1.119227583683041,0.0,0.0,0.0,0.0,0.0,0.0,0.0,0.0,0.0,0.0,0.0,23.087925166272967,0.0,0.0,2.35266501963166e-41,2.8376327643041564e-39,0.0,0.0,0.0,18.459755866768752,112.02830863123728,0.0,0.0
1879.0,0,1.119227583683041,0.0,0.0,0.0,0.0,0.0,0.0,0.0,0.0,0.0,0.0,0.0,23.087925166272967,0.0,0.0,2.237219069348627e-41,2.6983893070776563e-39,0.0,0.0,0.0,18.459755866768752,112.02830863123728,0.0,0.0
1880.0000000000002,0,1.119227583683041,0.0,0.0,0.0,0.0,0.0,0.0,0.0,0.0,0.0,0.0,0.0,23.087925166272967,0.0,0.0,2.1274380851043367e-41,2.5659785664113422e-39,0.0,0.0,0.0,18.459755866768752,112.02830863123728,0.0,0.0
1881.0,0,1.119227583683041,0.0,0.0,0.0,0.0,0.0,0.0,0.0,0.0,0.0,0.0,0.0,23.087925166272967,0.0,0.0,2.0230440853832718e-41,2.440065258935197e-39,0.0,0.0,0.0,18.459755866768752,112.02830863123728,0.0,0.0
1882.0000000000002,0,1.119227583683041,0.0,0.0,0.0,0.0,0.0,0.0,0.0,0.0,0.0,0.0,0.0,23.087925166272967,0.0,0.0,1.923772729302963e-41,2.3203305537307594e-39,0.0,0.0,0.0,18.459755866768752,112.02830863123728,0.0,0.0
1883.0,0,1.119227583683041,0.0,0.0,0.0,0.0,0.0,0.0,0.0,0.0,0.0,0.0,0.0,23.087925166272967,0.0,0.0,1.8293726472641958e-41,2.206471265004588e-39,0.0,0.0,0.0,18.459755866768752,112.02830863123728,0.0,0.0
1884.0000000000002,0,1.119227583683041,0.0,0.0,0.0,0.0,0.0,0.0,0.0,0.0,0.0,0.0,0.0,23.087925166272967,0.0,0.0,1.7396048044464083e-41,2.09819908437747e-39,0.0,0.0,0.0,18.459755866768752,112.02830863123728,0.0,0.0
1885.0,0,1.119227583683041,0.0,0.0,0.0,0.0,0.0,0.0,0.0,0.0,0.0,0.0,0.0,23.087925166272967,0.0,0.0,1.6542418955365419e-41,1.9952398508454172e-39,0.0,0.0,0.0,18.459755866768752,112.02830863123728,0.0,0.0
1886.0000000000002,0,1.119227583683041,0.0,0.0,0.0,0.0,0.0,0.0,0.0,0.0,0.0,0.0,0.0,23.087925166272967,0.0,0.0,1.5730677691587363e-41,1.8973328565638897e-39,0.0,0.0,0.0,18.459755866768752,112.02830863123728,0.0,0.0
1887.0,0,1.119227583683041,0.0,0.0,0.0,0.0,0.0,0.0,0.0,0.0,0.0,0.0,0.0,23.087925166272967,0.0,0.0,1.495876880547414e-41,1.8042301866973846e-39,0.0,0.0,0.0,18.459755866768752,112.02830863123728,0.0,0.0
1888.0000000000002,0,1.119227583683041,0.0,0.0,0.0,0.0,0.0,0.0,0.0,0.0,0.0,0.0,0.0,23.087925166272967,0.0,0.0,1.422473771077859e-41,1.7156960916627995e-39,0.0,0.0,0.0,18.459755866768752,112.02830863123728,0.0,0.0
1889.0,0,1.119227583683041,0.0,0.0,0.0,0.0,0.0,0.0,0.0,0.0,0.0,0.0,0.0,23.087925166272967,0.0,0.0,1.3526725733363785e-41,1.6315063901769886e-39,0.0,0.0,0.0,18.459755866768752,112.02830863123728,0.0,0.0
1890.0000000000002,0,1.119227583683041,0.0,0.0,0.0,0.0,0.0,0.0,0.0,0.0,0.0,0.0,0.0,23.087925166272967,0.0,0.0,1.2862965404768157e-41,1.551447901596956e-39,0.0,0.0,0.0,18.459755866768752,112.02830863123728,0.0,0.0
1891.0,0,1.119227583683041,0.0,0.0,0.0,0.0,0.0,0.0,0.0,0.0,0.0,0.0,0.0,23.087925166272967,0.0,0.0,1.2231775986716738e-41,1.4753179061152704e-39,0.0,0.0,0.0,18.459755866768752,112.02830863123728,0.0,0.0
1892.0000000000002,0,1.119227583683041,0.0,0.0,0.0,0.0,0.0,0.0,0.0,0.0,0.0,0.0,0.0,23.087925166272967,0.0,0.0,1.1631559215245895e-41,1.4029236314438519e-39,0.0,0.0,0.0,18.459755866768752,112.02830863123728,0.0,0.0
1893.0,0,1.119227583683041,0.0,0.0,0.0,0.0,0.0,0.0,0.0,0.0,0.0,0.0,0.0,23.087925166272967,0.0,0.0,1.1060795253665138e-41,1.3340817646863324e-39,0.0,0.0,0.0,18.459755866768752,112.02830863123728,0.0,0.0
1894.0000000000002,0,1.119227583683041,0.0,0.0,0.0,0.0,0.0,0.0,0.0,0.0,0.0,0.0,0.0,23.087925166272967,0.0,0.0,1.051803884410822e-41,1.2686179881629783e-39,0.0,0.0,0.0,18.459755866768752,112.02830863123728,0.0,0.0
1895.0,0,1.119227583683041,0.0,0.0,0.0,0.0,0.0,0.0,0.0,0.0,0.0,0.0,0.0,23.087925166272967,0.0,0.0,1.0001915647928747e-41,1.2063665380128184e-39,0.0,0.0,0.0,18.459755866768752,112.02830863123728,0.0,0.0
1896.0000000000002,0,1.119227583683041,0.0,0.0,0.0,0.0,0.0,0.0,0.0,0.0,0.0,0.0,0.0,23.087925166272967,0.0,0.0,9.511118765673636e-42,1.1471697844552944e-39,0.0,0.0,0.0,18.459755866768752,112.02830863123728,0.0,0.0
1897.0,0,1.119227583683041,0.0,0.0,0.0,0.0,0.0,0.0,0.0,0.0,0.0,0.0,0.0,23.087925166272967,0.0,0.0,9.044405427822465e-42,1.0908778326485903e-39,0.0,0.0,0.0,18.459755866768752,112.02830863123728,0.0,0.0
1898.0000000000002,0,1.119227583683041,0.0,0.0,0.0,0.0,0.0,0.0,0.0,0.0,0.0,0.0,0.0,23.087925166272967,0.0,0.0,8.6005938479132e-42,1.037348143133961e-39,0.0,0.0,0.0,18.459755866768752,112.02830863123728,0.0,0.0
1899.0,0,1.119227583683041,0.0,0.0,0.0,0.0,0.0,0.0,0.0,0.0,0.0,0.0,0.0,23.087925166272967,0.0,0.0,8.178560230085958e-42,9.86445170904965e-40,0.0,0.0,0.0,18.459755866768752,112.02830863123728,0.0,0.0
1900.0000000000002,0,1.119227583683041,0.0,0.0,0.0,0.0,0.0,0.0,0.0,0.0,0.0,0.0,0.0,23.087925166272967,0.0,0.0,7.777235923467448e-42,9.380400221876765e-40,0.0,0.0,0.0,18.459755866768752,112.02830863123728,0.0,0.0
1901.0,0,1.119227583683041,0.0,0.0,0.0,0.0,0.0,0.0,0.0,0.0,0.0,0.0,0.0,23.087925166272967,0.0,0.0,7.395604716190597e-42,8.92010128062788e-40,0.0,0.0,0.0,18.459755866768752,112.02830863123728,0.0,0.0
1902.0000000000002,0,1.119227583683041,0.0,0.0,0.0,0.0,0.0,0.0,0.0,0.0,0.0,0.0,0.0,23.087925166272967,0.0,0.0,7.032700262197406e-42,8.482389341031727e-40,0.0,0.0,0.0,18.459755866768752,112.02830863123728,0.0,0.0
1903.0,0,1.119227583683041,0.0,0.0,0.0,0.0,0.0,0.0,0.0,0.0,0.0,0.0,0.0,23.087925166272967,0.0,0.0,6.687603634309332e-42,8.066156052410216e-40,0.0,0.0,0.0,18.459755866768752,112.02830863123728,0.0,0.0
1904.0000000000002,0,1.119227583683041,0.0,0.0,0.0,0.0,0.0,0.0,0.0,0.0,0.0,0.0,0.0,23.087925166272967,0.0,0.0,6.359440997369211e-42,7.670347451172317e-40,0.0,0.0,0.0,18.459755866768752,112.02830863123728,0.0,0.0
1905.0,0,1.119227583683041,0.0,0.0,0.0,0.0,0.0,0.0,0.0,0.0,0.0,0.0,0.0,23.087925166272967,0.0,0.0,6.047381395562782e-42,7.293961292024053e-40,0.0,0.0,0.0,18.459755866768752,112.02830863123728,0.0,0.0
1906.0000000000002,0,1.119227583683041,0.0,0.0,0.0,0.0,0.0,0.0,0.0,0.0,0.0,0.0,0.0,23.087925166272967,0.0,0.0,5.750634648316977e-42,6.936044510136757e-40,0.0,0.0,0.0,18.459755866768752,112.02830863123728,0.0,0.0
1907.0,0,1.119227583683041,0.0,0.0,0.0,0.0,0.0,0.0,0.0,0.0,0.0,0.0,0.0,23.087925166272967,0.0,0.0,5.468449349447089e-42,6.59569080784746e-40,0.0,0.0,0.0,18.459755866768752,112.02830863123728,0.0,0.0
1908.0000000000002,0,1.119227583683041,0.0,0.0,0.0,0.0,0.0,0.0,0.0,0.0,0.0,0.0,0.0,23.087925166272967,0.0,0.0,5.200110964486364e-42,6.272038359780616e-40,0.0,0.0,0.0,18.459755866768752,112.02830863123728,0.0,0.0
1909.0,0,1.119227583683041,0.0,0.0,0.0,0.0,0.0,0.0,0.0,0.0,0.0,0.0,0.0,23.087925166272967,0.0,0.0,4.944940021380175e-42,5.96426763058013e-40,0.0,0.0,0.0,18.459755866768752,112.02830863123728,0.0,0.0
1910.0000000000002,0,1.119227583683041,0.0,0.0,0.0,0.0,0.0,0.0,0.0,0.0,0.0,0.0,0.0,23.087925166272967,0.0,0.0,4.7022903899633685e-42,5.671599299725932e-40,0.0,0.0,0.0,18.459755866768752,112.02830863123728,0.0,0.0
1911.0,0,1.119227583683041,0.0,0.0,0.0,0.0,0.0,0.0,0.0,0.0,0.0,0.0,0.0,23.087925166272967,0.0,0.0,4.47154764586413e-42,5.393292288180378e-40,0.0,0.0,0.0,18.459755866768752,112.02830863123728,0.0,0.0
1912.0000000000002,0,1.119227583683041,0.0,0.0,0.0,0.0,0.0,0.0,0.0,0.0,0.0,0.0,0.0,23.087925166272967,0.0,0.0,4.2521275146915815e-42,5.128641881867702e-40,0.0,0.0,0.0,18.459755866768752,112.02830863123728,0.0,0.0
1913.0,0,1.119227583683041,0.0,0.0,0.0,0.0,0.0,0.0,0.0,0.0,0.0,0.0,0.0,23.087925166272967,0.0,0.0,4.0434743925675244e-42,4.876977947234848e-40,0.0,0.0,0.0,18.459755866768752,112.02830863123728,0.0,0.0
1914.0000000000002,0,1.119227583683041,0.0,0.0,0.0,0.0,0.0,0.0,0.0,0.0,0.0,0.0,0.0,23.087925166272967,0.0,0.0,3.845059939256124e-42,4.6376632343752696e-40,0.0,0.0,0.0,18.459755866768752,112.02830863123728,0.0,0.0
1915.0,0,1.119227583683041,0.0,0.0,0.0,0.0,0.0,0.0,0.0,0.0,0.0,0.0,0.0,23.087925166272967,0.0,0.0,3.6563817403291284e-42,4.410091763418915e-40,0.0,0.0,0.0,18.459755866768752,112.02830863123728,0.0,0.0
1916.0000000000002,0,1.119227583683041,0.0,0.0,0.0,0.0,0.0,0.0,0.0,0.0,0.0,0.0,0.0,23.087925166272967,0.0,0.0,3.476962034979017e-42,4.193687290102529e-40,0.0,0.0,0.0,18.459755866768752,112.02830863123728,0.0,0.0
1917.0,0,1.119227583683041,0.0,0.0,0.0,0.0,0.0,0.0,0.0,0.0,0.0,0.0,0.0,23.087925166272967,0.0,0.0,3.3063465062587295e-42,3.987901846634864e-40,0.0,0.0,0.0,18.459755866768752,112.02830863123728,0.0,0.0
1918.0000000000002,0,1.119227583683041,0.0,0.0,0.0,0.0,0.0,0.0,0.0,0.0,0.0,0.0,0.0,23.087925166272967,0.0,0.0,3.1441031306846805e-42,3.792214354162048e-40,0.0,0.0,0.0,18.459755866768752,112.02830863123728,0.0,0.0
1919.0,0,1.119227583683041,0.0,0.0,0.0,0.0,0.0,0.0,0.0,0.0,0.0,0.0,0.0,23.087925166272967,0.0,0.0,2.989821084290085e-42,3.6061293033196896e-40,0.0,0.0,0.0,18.459755866768752,112.02830863123728,0.0,0.0
1920.0,0,1.119227583683041,0.0,0.0,0.0,0.0,0.0,0.0,0.0,0.0,0.0,0.0,0.0,23.087925166272967,0.0,0.0,2.8431097023585606e-42,3.4291754995306513e-40,0.0,0.0,0.0,18.459755866768752,112.02830863123728,0.0,0.0
1921.0,0,1.119227583683041,0.0,0.0,0.0,0.0,0.0,0.0,0.0,0.0,0.0,0.0,0.0,23.087925166272967,0.0,0.0,2.7035974902039023e-42,3.260904869871444e-40,0.0,0.0,0.0,18.459755866768752,112.02830863123728,0.0,0.0
1922.0,0,1.119227583683041,0.0,0.0,0.0,0.0,0.0,0.0,0.0,0.0,0.0,0.0,0.0,23.087925166272967,0.0,0.0,2.5709311824911792e-42,3.1008913284860157e-40,0.0,0.0,0.0,18.459755866768752,112.02830863123728,0.0,0.0
1923.0,0,1.119227583683041,0.0,0.0,0.0,0.0,0.0,0.0,0.0,0.0,0.0,0.0,0.0,23.087925166272967,0.0,0.0,2.444774848717217e-42,2.9487296976740212e-40,0.0,0.0,0.0,18.459755866768752,112.02830863123728,0.0,0.0
1924.0,0,1.119227583683041,0.0,0.0,0.0,0.0,0.0,0.0,0.0,0.0,0.0,0.0,0.0,23.087925166272967,0.0,0.0,2.324809042585409e-42,2.804034681921598e-40,0.0,0.0,0.0,18.459755866768752,112.02830863123728,0.0,0.0
1925.0,0,1.119227583683041,0.0,0.0,0.0,0.0,0.0,0.0,0.0,0.0,0.0,0.0,0.0,23.087925166272967,0.0,0.0,2.2107299931209506e-42,2.6664398922767452e-40,0.0,0.0,0.0,18.459755866768752,112.02830863123728,0.0,0.0
1926.0,0,1.119227583683041,0.0,0.0,0.0,0.0,0.0,0.0,0.0,0.0,0.0,0.0,0.0,23.087925166272967,0.0,0.0,2.1022488354782832e-42,2.535596918598889e-40,0.0,0.0,0.0,18.459755866768752,112.02830863123728,0.0,0.0
1927.0,0,1.119227583683041,0.0,0.0,0.0,0.0,0.0,0.0,0.0,0.0,0.0,0.0,0.0,23.087925166272967,0.0,0.0,1.9990908794930366e-42,2.411174447333426e-40,0.0,0.0,0.0,18.459755866768752,112.02830863123728,0.0,0.0
1928.0,0,1.119227583683041,0.0,0.0,0.0,0.0,0.0,0.0,0.0,0.0,0.0,0.0,0.0,23.087925166272967,0.0,0.0,1.9009949141263433e-42,2.292857422577324e-40,0.0,0.0,0.0,18.459755866768752,112.02830863123728,0.0,0.0
1929.0,0,1.119227583683041,0.0,0.0,0.0,0.0,0.0,0.0,0.0,0.0,0.0,0.0,0.0,23.087925166272967,0.0,0.0,1.8077125460402614e-42,2.1803462483114743e-40,0.0,0.0,0.0,18.459755866768752,112.02830863123728,0.0,0.0
1930.0,0,1.119227583683041,0.0,0.0,0.0,0.0,0.0,0.0,0.0,0.0,0.0,0.0,0.0,23.087925166272967,0.0,0.0,1.719007570629502e-42,2.073356029779737e-40,0.0,0.0,0.0,18.459755866768752,112.02830863123728,0.0,0.0
1931.0,0,1.119227583683041,0.0,0.0,0.0,0.0,0.0,0.0,0.0,0.0,0.0,0.0,0.0,23.087925166272967,0.0,0.0,1.634655373916805e-42,1.9716158520937297e-40,0.0,0.0,0.0,18.459755866768752,112.02830863123728,0.0,0.0
1932.0,0,1.119227583683041,0.0,0.0,0.0,0.0,0.0,0.0,0.0,0.0,0.0,0.0,0.0,23.087925166272967,0.0,0.0,1.5544423637974816e-42,1.8748680942366895e-40,0.0,0.0,0.0,18.459755866768752,112.02830863123728,0.0,0.0
1933.0,0,1.119227583683041,0.0,0.0,0.0,0.0,0.0,0.0,0.0,0.0,0.0,0.0,0.0,23.087925166272967,0.0,0.0,1.4781654291929535e-42,1.7828677767293626e-40,0.0,0.0,0.0,18.459755866768752,112.02830863123728,0.0,0.0
1934.0,0,1.119227583683041,0.0,0.0,0.0,0.0,0.0,0.0,0.0,0.0,0.0,0.0,0.0,23.087925166272967,0.0,0.0,1.4056314257437821e-42,1.6953819413061176e-40,0.0,0.0,0.0,18.459755866768752,112.02830863123728,0.0,0.0
1935.0,0,1.119227583683041,0.0,0.0,0.0,0.0,0.0,0.0,0.0,0.0,0.0,0.0,0.0,23.087925166272967,0.0,0.0,1.3366566867398875e-42,1.6121890610305306e-40,0.0,0.0,0.0,18.459755866768752,112.02830863123728,0.0,0.0
1936.0,0,1.119227583683041,0.0,0.0,0.0,0.0,0.0,0.0,0.0,0.0,0.0,0.0,0.0,23.087925166272967,0.0,0.0,1.2710665580495668e-42,1.5330784793567652e-40,0.0,0.0,0.0,18.459755866768752,112.02830863123728,0.0,0.0
1937.0,0,1.119227583683041,0.0,0.0,0.0,0.0,0.0,0.0,0.0,0.0,0.0,0.0,0.0,23.087925166272967,0.0,0.0,1.2086949558696735e-42,1.4578498767163777e-40,0.0,0.0,0.0,18.459755866768752,112.02830863123728,0.0,0.0
1938.0,0,1.119227583683041,0.0,0.0,0.0,0.0,0.0,0.0,0.0,0.0,0.0,0.0,0.0,23.087925166272967,0.0,0.0,1.149383946177129e-42,1.3863127632798566e-40,0.0,0.0,0.0,18.459755866768752,112.02830863123728,0.0,0.0
1939.0,0,1.119227583683041,0.0,0.0,0.0,0.0,0.0,0.0,0.0,0.0,0.0,0.0,0.0,23.087925166272967,0.0,0.0,1.0929833448168654e-42,1.318285996608502e-40,0.0,0.0,0.0,18.459755866768752,112.02830863123728,0.0,0.0
1940.0,0,1.119227583683041,0.0,0.0,0.0,0.0,0.0,0.0,0.0,0.0,0.0,0.0,0.0,23.087925166272967,0.0,0.0,1.0393503372135703e-42,1.2535973229752658e-40,0.0,0.0,0.0,18.459755866768752,112.02830863123728,0.0,0.0
1941.0,0,1.119227583683041,0.0,0.0,0.0,0.0,0.0,0.0,0.0,0.0,0.0,0.0,0.0,23.087925166272967,0.0,0.0,9.883491167442843e-43,1.1920829411931094e-40,0.0,0.0,0.0,18.459755866768752,112.02830863123728,0.0,0.0
1942.0,0,1.119227583683041,0.0,0.0,0.0,0.0,0.0,0.0,0.0,0.0,0.0,0.0,0.0,23.087925166272967,0.0,0.0,9.398505408561604e-43,1.133587087846432e-40,0.0,0.0,0.0,18.459755866768752,112.02830863123728,0.0,0.0
1943.0,0,1.119227583683041,0.0,0.0,0.0,0.0,0.0,0.0,0.0,0.0,0.0,0.0,0.0,23.087925166272967,0.0,0.0,8.937318040586244e-43,1.0779616428753086e-40,0.0,0.0,0.0,18.459755866768752,112.02830863123728,0.0,0.0
1944.0,0,1.119227583683041,0.0,0.0,0.0,0.0,0.0,0.0,0.0,0.0,0.0,0.0,0.0,23.087925166272967,0.0,0.0,8.49876126961903e-43,1.0250657545138266e-40,0.0,0.0,0.0,18.459755866768752,112.02830863123728,0.0,0.0
1945.0,0,1.119227583683041,0.0,0.0,0.0,0.0,0.0,0.0,0.0,0.0,0.0,0.0,0.0,23.087925166272967,0.0,0.0,8.081724605745217e-43,9.747654826328044e-41,0.0,0.0,0.0,18.459755866768752,112.02830863123728,0.0,0.0
1946.0,0,1.119227583683041,0.0,0.0,0.0,0.0,0.0,0.0,0.0,0.0,0.0,0.0,0.0,23.087925166272967,0.0,0.0,7.685152051110088e-43,9.269334595837848e-41,0.0,0.0,0.0,18.459755866768752,112.02830863123728,0.0,0.0
1947.0,0,1.119227583683041,0.0,0.0,0.0,0.0,0.0,0.0,0.0,0.0,0.0,0.0,0.0,23.087925166272967,0.0,0.0,7.308039425977883e-43,8.814485676855137e-41,0.0,0.0,0.0,18.459755866768752,112.02830863123728,0.0,0.0
1948.0,0,1.119227583683041,0.0,0.0,0.0,0.0,0.0,0.0,0.0,0.0,0.0,0.0,0.0,23.087925166272967,0.0,0.0,6.94943182600176e-43,8.381956325362486e-41,0.0,0.0,0.0,18.459755866768752,112.02830863123728,0.0,0.0
1949.0,0,1.119227583683041,0.0,0.0,0.0,0.0,0.0,0.0,0.0,0.0,0.0,0.0,0.0,23.087925166272967,0.0,0.0,6.60842120426627e-43,7.970651313753203e-41,0.0,0.0,0.0,18.459755866768752,112.02830863123728,0.0,0.0
1950.0,0,1.119227583683041,0.0,0.0,0.0,0.0,0.0,0.0,0.0,0.0,0.0,0.0,0.0,23.087925166272967,0.0,0.0,6.284144071979705e-43,7.579529157554777e-41,0.0,0.0,0.0,18.459755866768752,112.02830863123728,0.0,0.0
1951.0,0,1.119227583683041,0.0,0.0,0.0,0.0,0.0,0.0,0.0,0.0,0.0,0.0,0.0,23.087925166272967,0.0,0.0,5.975779311994125e-43,7.207599478237801e-41,0.0,0.0,0.0,18.459755866768752,112.02830863123728,0.0,0.0
1952.0,0,1.119227583683041,0.0,0.0,0.0,0.0,0.0,0.0,0.0,0.0,0.0,0.0,0.0,23.087925166272967,0.0,0.0,5.682546099616588e-43,6.85392049543262e-41,0.0,0.0,0.0,18.459755866768752,112.02830863123728,0.0,0.0
1953.0,0,1.119227583683041,0.0,0.0,0.0,0.0,0.0,0.0,0.0,0.0,0.0,0.0,0.0,23.087925166272967,0.0,0.0,5.4037019254467814e-43,6.51759664220363e-41,0.0,0.0,0.0,18.459755866768752,112.02830863123728,0.0,0.0
1954.0,0,1.119227583683041,0.0,0.0,0.0,0.0,0.0,0.0,0.0,0.0,0.0,0.0,0.0,23.087925166272967,0.0,0.0,5.138540715234573e-43,6.197776297342759e-41,0.0,0.0,0.0,18.459755866768752,112.02830863123728,0.0,0.0
1955.0,0,1.119227583683041,0.0,0.0,0.0,0.0,0.0,0.0,0.0,0.0,0.0,0.0,0.0,23.087925166272967,0.0,0.0,4.886391041996693e-43,5.893649628939956e-41,0.0,0.0,0.0,18.459755866768752,112.02830863123728,0.0,0.0
1956.0,0,1.119227583683041,0.0,0.0,0.0,0.0,0.0,0.0,0.0,0.0,0.0,0.0,0.0,23.087925166272967,0.0,0.0,4.646614425865372e-43,5.604446543770294e-41,0.0,0.0,0.0,18.459755866768752,112.02830863123728,0.0,0.0
1957.0,0,1.119227583683041,0.0,0.0,0.0,0.0,0.0,0.0,0.0,0.0,0.0,0.0,0.0,23.087925166272967,0.0,0.0,4.418603717363885e-43,5.329434737305249e-41,0.0,0.0,0.0,18.459755866768752,112.02830863123728,0.0,0.0
1958.0,0,1.119227583683041,0.0,0.0,0.0,0.0,0.0,0.0,0.0,0.0,0.0,0.0,0.0,23.087925166272967,0.0,0.0,4.201781560015244e-43,5.067917839410479e-41,0.0,0.0,0.0,18.459755866768752,112.02830863123728,0.0,0.0
1959.0,0,1.119227583683041,0.0,0.0,0.0,0.0,0.0,0.0,0.0,0.0,0.0,0.0,0.0,23.087925166272967,0.0,0.0,3.9955989283911166e-43,4.819233651034745e-41,0.0,0.0,0.0,18.459755866768752,112.02830863123728,0.0,0.0
1960.0,0,1.119227583683041,0.0,0.0,0.0,0.0,0.0,0.0,0.0,0.0,0.0,0.0,0.0,23.087925166272967,0.0,0.0,3.7995337378991004e-43,4.582752467425026e-41,0.0,0.0,0.0,18.459755866768752,112.02830863123728,0.0,0.0
1961.0,0,1.119227583683041,0.0,0.0,0.0,0.0,0.0,0.0,0.0,0.0,0.0,0.0,0.0,23.087925166272967,0.0,0.0,3.613089522788154e-43,4.3578754836219387e-41,0.0,0.0,0.0,18.459755866768752,112.02830863123728,0.0,0.0
1962.0,0,1.119227583683041,0.0,0.0,0.0,0.0,0.0,0.0,0.0,0.0,0.0,0.0,0.0,23.087925166272967,0.0,0.0,3.4357941790246557e-43,4.144033278197966e-41,0.0,0.0,0.0,18.459755866768752,112.02830863123728,0.0,0.0
1963.0,0,1.119227583683041,0.0,0.0,0.0,0.0,0.0,0.0,0.0,0.0,0.0,0.0,0.0,23.087925166272967,0.0,0.0,3.2671987688559296e-43,3.9406843713990794e-41,0.0,0.0,0.0,18.459755866768752,112.02830863123728,0.0,0.0
1964.0,0,1.119227583683041,0.0,0.0,0.0,0.0,0.0,0.0,0.0,0.0,0.0,0.0,0.0,23.087925166272967,0.0,0.0,3.1068763840341486e-43,3.7473138540387753e-41,0.0,0.0,0.0,18.459755866768752,112.02830863123728,0.0,0.0
1965.0,0,1.119227583683041,0.0,0.0,0.0,0.0,0.0,0.0,0.0,0.0,0.0,0.0,0.0,23.087925166272967,0.0,0.0,2.954421064822197e-43,3.563432083672667e-41,0.0,0.0,0.0,18.459755866768752,112.02830863123728,0.0,0.0
1966.0,0,1.119227583683041,0.0,0.0,0.0,0.0,0.0,0.0,0.0,0.0,0.0,0.0,0.0,23.087925166272967,0.0,0.0,2.8094467720442093e-43,3.3885734447521766e-41,0.0,0.0,0.0,18.459755866768752,112.02830863123728,0.0,0.0
1967.0,0,1.119227583683041,0.0,0.0,0.0,0.0,0.0,0.0,0.0,0.0,0.0,0.0,0.0,23.087925166272967,0.0,0.0,2.671586409577893e-43,3.2222951696178303e-41,0.0,0.0,0.0,18.459755866768752,112.02830863123728,0.0,0.0
1968.0,0,1.119227583683041,0.0,0.0,0.0,0.0,0.0,0.0,0.0,0.0,0.0,0.0,0.0,23.087925166272967,0.0,0.0,2.5404908948134303e-43,3.064176217346758e-41,0.0,0.0,0.0,18.459755866768752,112.02830863123728,0.0,0.0
1969.0,0,1.119227583683041,0.0,0.0,0.0,0.0,0.0,0.0,0.0,0.0,0.0,0.0,0.0,23.087925166272967,0.0,0.0,2.415828274725234e-43,2.913816207615474e-41,0.0,0.0,0.0,18.459755866768752,112.02830863123728,0.0,0.0
1970.0,0,1.119227583683041,0.0,0.0,0.0,0.0,0.0,0.0,0.0,0.0,0.0,0.0,0.0,23.087925166272967,0.0,0.0,2.2972828853183136e-43,2.7708344068783094e-41,0.0,0.0,0.0,18.459755866768752,112.02830863123728,0.0,0.0
1971.0,0,1.119227583683041,0.0,0.0,0.0,0.0,0.0,0.0,0.0,0.0,0.0,0.0,0.0,23.087925166272967,0.0,0.0,2.1845545523208502e-43,2.6348687642943633e-41,0.0,0.0,0.0,18.459755866768752,112.02830863123728,0.0,0.0
1972.0,0,1.119227583683041,0.0,0.0,0.0,0.0,0.0,0.0,0.0,0.0,0.0,0.0,0.0,23.087925166272967,0.0,0.0,2.07735783109902e-43,2.5055749949618005e-41,0.0,0.0,0.0,18.459755866768752,112.02830863123728,0.0,0.0
1973.0,0,1.119227583683041,0.0,0.0,0.0,0.0,0.0,0.0,0.0,0.0,0.0,0.0,0.0,23.087925166272967,0.0,0.0,1.9754212838694126e-43,2.382625708138104e-41,0.0,0.0,0.0,18.459755866768752,112.02830863123728,0.0,0.0
1974.0,0,1.119227583683041,0.0,0.0,0.0,0.0,0.0,0.0,0.0,0.0,0.0,0.0,0.0,23.087925166272967,0.0,0.0,1.878486792378848e-43,2.2657095782388067e-41,0.0,0.0,0.0,18.459755866768752,112.02830863123728,0.0,0.0
1975.0,0,1.119227583683041,0.0,0.0,0.0,0.0,0.0,0.0,0.0,0.0,0.0,0.0,0.0,23.087925166272967,0.0,0.0,1.7863089043111894e-43,2.1545305565155605e-41,0.0,0.0,0.0,18.459755866768752,112.02830863123728,0.0,0.0
1976.0,0,1.119227583683041,0.0,0.0,0.0,0.0,0.0,0.0,0.0,0.0,0.0,0.0,0.0,23.087925166272967,0.0,0.0,1.6986542117661638e-43,2.0488071214173866e-41,0.0,0.0,0.0,18.459755866768752,112.02830863123728,0.0,0.0
1977.0,0,1.119227583683041,0.0,0.0,0.0,0.0,0.0,0.0,0.0,0.0,0.0,0.0,0.0,23.087925166272967,0.0,0.0,1.6153007602364076e-43,1.948271565736915e-41,0.0,0.0,0.0,18.459755866768752,112.02830863123728,0.0,0.0
1978.0,0,1.119227583683041,0.0,0.0,0.0,0.0,0.0,0.0,0.0,0.0,0.0,0.0,0.0,23.087925166272967,0.0,0.0,1.5360374865861729e-43,1.852669318736564e-41,0.0,0.0,0.0,18.459755866768752,112.02830863123728,0.0,0.0
1979.0,0,1.119227583683041,0.0,0.0,0.0,0.0,0.0,0.0,0.0,0.0,0.0,0.0,0.0,23.087925166272967,0.0,0.0,1.46066368460859e-43,1.7617583015381834e-41,0.0,0.0,0.0,18.459755866768752,112.02830863123728,0.0,0.0
1980.0,0,1.119227583683041,0.0,0.0,0.0,0.0,0.0,0.0,0.0,0.0,0.0,0.0,0.0,23.087925166272967,0.0,0.0,1.3889884968081796e-43,1.675308314143913e-41,0.0,0.0,0.0,18.459755866768752,112.02830863123728,0.0,0.0
1981.0,0,1.119227583683041,0.0,0.0,0.0,0.0,0.0,0.0,0.0,0.0,0.0,0.0,0.0,23.087925166272967,0.0,0.0,1.3208304311217489e-43,1.593100452536105e-41,0.0,0.0,0.0,18.459755866768752,112.02830863123728,0.0,0.0
1982.0,0,1.119227583683041,0.0,0.0,0.0,0.0,0.0,0.0,0.0,0.0,0.0,0.0,0.0,23.087925166272967,0.0,0.0,1.2560169013539317e-43,1.514926554380321e-41,0.0,0.0,0.0,18.459755866768752,112.02830863123728,0.0,0.0
1983.0,0,1.119227583683041,0.0,0.0,0.0,0.0,0.0,0.0,0.0,0.0,0.0,0.0,0.0,23.087925166272967,0.0,0.0,1.1943837901636875e-43,1.440588671927842e-41,0.0,0.0,0.0,18.459755866768752,112.02830863123728,0.0,0.0
1984.0,0,1.119227583683041,0.0,0.0,0.0,0.0,0.0,0.0,0.0,0.0,0.0,0.0,0.0,23.087925166272967,0.0,0.0,1.1357750334951816e-43,1.369898570783005e-41,0.0,0.0,0.0,18.459755866768752,112.02830863123728,0.0,0.0
1985.0,0,1.119227583683041,0.0,0.0,0.0,0.0,0.0,0.0,0.0,0.0,0.0,0.0,0.0,23.087925166272967,0.0,0.0,1.0800422254007577e-43,1.302677253266169e-41,0.0,0.0,0.0,18.459755866768752,112.02830863123728,0.0,0.0
1986.0,0,1.119227583683041,0.0,0.0,0.0,0.0,0.0,0.0,0.0,0.0,0.0,0.0,0.0,23.087925166272967,0.0,0.0,1.0270442422553652e-43,1.2387545051654006e-41,0.0,0.0,0.0,18.459755866768752,112.02830863123728,0.0,0.0
1987.0,0,1.119227583683041,0.0,0.0,0.0,0.0,0.0,0.0,0.0,0.0,0.0,0.0,0.0,23.087925166272967,0.0,0.0,9.76646885410891e-44,1.1779684647291813e-41,0.0,0.0,0.0,18.459755866768752,112.02830863123728,0.0,0.0
1988.0,0,1.119227583683041,0.0,0.0,0.0,0.0,0.0,0.0,0.0,0.0,0.0,0.0,0.0,23.087925166272967,0.0,0.0,9.28722541385545e-44,1.1201652128087706e-41,0.0,0.0,0.0,18.459755866768752,112.02830863123728,0.0,0.0
1989.0,0,1.119227583683041,0.0,0.0,0.0,0.0,0.0,0.0,0.0,0.0,0.0,0.0,0.0,23.087925166272967,0.0,0.0,8.831498587278523e-44,1.0651983831123989e-41,0.0,0.0,0.0,18.459755866768752,112.02830863123728,0.0,0.0
1990.0,0,1.119227583683041,0.0,0.0,0.0,0.0,0.0,0.0,0.0,0.0,0.0,0.0,0.0,23.087925166272967,0.0,0.0,8.398134407370217e-44,1.0129287915843985e-41,0.0,0.0,0.0,18.459755866768752,112.02830863123728,0.0,0.0
1991.0,0,1.119227583683041,0.0,0.0,0.0,0.0,0.0,0.0,0.0,0.0,0.0,0.0,0.0,23.087925166272967,0.0,0.0,7.986035532616136e-44,9.632240839708117e-42,0.0,0.0,0.0,18.459755866768752,112.02830863123728,0.0,0.0
1992.0,0,1.119227583683041,0.0,0.0,0.0,0.0,0.0,0.0,0.0,0.0,0.0,0.0,0.0,23.087925166272967,0.0,0.0,7.594158468366128e-44,9.159584006790507e-42,0.0,0.0,0.0,18.459755866768752,112.02830863123728,0.0,0.0
1993.0,0,1.119227583683041,0.0,0.0,0.0,0.0,0.0,0.0,0.0,0.0,0.0,0.0,0.0,23.087925166272967,0.0,0.0,7.221510924553142e-44,8.710120580829952e-42,0.0,0.0,0.0,18.459755866768752,112.02830863123728,0.0,0.0
1994.0,0,1.119227583683041,0.0,0.0,0.0,0.0,0.0,0.0,0.0,0.0,0.0,0.0,0.0,23.087925166272967,0.0,0.0,6.867149303069574e-44,8.282712454665372e-42,0.0,0.0,0.0,18.459755866768752,112.02830863123728,0.0,0.0
1995.0,0,1.119227583683041,0.0,0.0,0.0,0.0,0.0,0.0,0.0,0.0,0.0,0.0,0.0,23.087925166272967,0.0,0.0,6.530176308438804e-44,7.87627736838196e-42,0.0,0.0,0.0,18.459755866768752,112.02830863123728,0.0,0.0
1996.0,0,1.119227583683041,0.0,0.0,0.0,0.0,0.0,0.0,0.0,0.0,0.0,0.0,0.0,23.087925166272967,0.0,0.0,6.209738675731748e-44,7.489786168870709e-42,0.0,0.0,0.0,18.459755866768752,112.02830863123728,0.0,0.0
1997.0,0,1.119227583683041,0.0,0.0,0.0,0.0,0.0,0.0,0.0,0.0,0.0,0.0,0.0,23.087925166272967,0.0,0.0,5.905025009975203e-44,7.122260203862153e-42,0.0,0.0,0.0,18.459755866768752,112.02830863123728,0.0,0.0
1998.0,0,1.119227583683041,0.0,0.0,0.0,0.0,0.0,0.0,0.0,0.0,0.0,0.0,0.0,23.087925166272967,0.0,0.0,5.615263731581054e-44,6.772768843835629e-42,0.0,0.0,0.0,18.459755866768752,112.02830863123728,0.0,0.0
1999.0,0,1.119227583683041,0.0,0.0,0.0,0.0,0.0,0.0,0.0,0.0,0.0,0.0,0.0,23.087925166272967,0.0,0.0,5.339721122593856e-44,6.440427125529153e-42,0.0,0.0,0.0,18.459755866768752,112.02830863123728,0.0,0.0
