t_ms,threat,E1_l_146508,E1_l_148993,E1_r_151807,E1_r_152051,E1_r_152804,E1_l_160394,E2_r_140537,E2_l_142970,E2_r_144917,E2_r_148218,E2_l_151070,E2_l_158102,I1_r_141019,I1_r_144466,I1_l_145778,I1_r_146437,I1_l_150988,I1_l_155658,I2_r_139570,I2_r_142509,I2_l_147712,I2_r_152261,I2_l_153889,I2_l_159471,E3_l_139161,E3_r_139850,E3_r_140996,E3_r_150773,E3_l_156688,E3_l_158823,E3_l_160941,MN_front_l_extend_coxa_trochanter_joint,MN_front_l_extend_femur_tibia_joint,MN_front_l_extend_tibia_tarsus_joint,MN_front_l_flex_coxa_trochanter_joint,MN_front_l_flex_femur_tibia_joint,MN_front_l_flex_tibia_tarsus_joint,MN_front_l_move_coxa_anterior,MN_front_l_move_coxa_medial,MN_front_l_move_coxa_posterior,MN_front_l_move_coxa_posterior_lateral,MN_front_l_pull_long_tendon,MN_front_l_unknown_leg_movement,MN_front_r_extend_coxa_trochanter_joint,MN_front_r_extend_femur_tibia_joint,MN_front_r_extend_tibia_tarsus_joint,MN_front_r_flex_coxa_trochanter_joint,MN_front_r_flex_femur_tibia_joint,MN_front_r_flex_tibia_tarsus_joint,MN_front_r_move_coxa_anterior,MN_front_r_move_coxa_medial,MN_front_r_move_coxa_posterior,MN_front_r_move_coxa_posterior_lateral,MN_front_r_pull_long_tendon,MN_front_r_unknown_leg_movement,MN_hind_l_extend_coxa_trochanter_joint,MN_hind_l_extend_femur_tibia_joint,MN_hind_l_extend_tibia_tarsus_joint,MN_hind_l_flex_coxa_trochanter_joint,MN_hind_l_flex_femur_tibia_joint,MN_hind_l_flex_tibia_tarsus_joint,MN_hind_l_move_coxa_anterior,MN_hind_l_move_coxa_medial,MN_hind_l_move_coxa_posterior,MN_hind_l_move_coxa_posterior_lateral,MN_hind_l_pull_long_tendon,MN_hind_l_unknown_leg_movement,MN_middle_l_extend_coxa_trochanter_joint,"MN_middle_l_extend_coxa_trochanter_joint,jump_escape",MN_middle_l_extend_femur_tibia_joint,MN_middle_l_extend_tibia_tarsus_joint,MN_middle_l_flex_coxa_trochanter_joint,MN_middle_l_flex_femur_tibia_joint,MN_middle_l_flex_tibia_tarsus_joint,MN_middle_l_move_coxa_anterior,MN_middle_l_move_coxa_posterior,MN_middle_l_move_coxa_posterior_lateral,MN_middle_l_pull_long_tendon,MN_middle_l_unknown_leg_movement,joint_lf_ThC_pro,joint_lf_CTr,joint_lf_FTi,joint_lf_TiTa,stance_lf,foot_h_lf,joint_lm_ThC_pro,joint_lm_CTr,joint_lm_FTi,joint_lm_TiTa,stance_lm,foot_h_lm,joint_lh_ThC_pro,joint_lh_CTr,joint_lh_FTi,joint_lh_TiTa,stance_lh,foot_h_lh,joint_rf_ThC_pro,joint_rf_CTr,joint_rf_FTi,joint_rf_TiTa,stance_rf,foot_h_rf,joint_rm_ThC_pro,joint_rm_CTr,joint_rm_FTi,joint_rm_TiTa,stance_rm,foot_h_rm,joint_rh_ThC_pro,joint_rh_CTr,joint_rh_FTi,joint_rh_TiTa,stance_rh,foot_h_rh
16.5,0,48.684,51.269,24.306,36.862,55.433,34.918,0.000,0.000,0.000,0.000,0.000,0.000,0.000,0.000,0.000,0.000,0.000,0.000,0.000,0.000,0.000,0.000,8.187,0.000,0.000,0.000,0.000,0.000,0.000,0.000,0.000,0.000,0.000,0.000,0.000,1.965,0.000,2.678,0.000,0.000,5.000,0.000,0.000,0.000,0.000,0.000,0.000,0.419,0.000,2.925,0.000,1.123,3.033,0.000,0.000,0.000,0.000,2.217,0.000,8.725,0.000,0.000,7.408,0.000,0.000,0.000,0.000,0.000,0.000,0.000,0.000,0.000,4.125,0.000,12.126,2.047,0.000,0.000,1.365,0.0053,0.0000,0.0180,0.0000,1,0.00000,0.0055,0.0000,0.0309,0.0000,1,0.00000,0.0000,0.0000,0.0604,0.0063,1,0.00000,0.0036,0.0000,0.0043,0.0000,1,0.00000,0.0000,0.0000,0.0173,0.0000,1,0.00000,0.0000,0.0000,0.0408,0.0000,1,0.00000
25.0,0,138.198,142.347,37.559,55.007,79.257,103.273,31.758,55.088,36.001,35.363,58.492,29.384,0.000,0.000,0.000,0.000,0.000,0.000,24.396,31.758,45.723,38.701,63.832,58.129,0.000,26.010,0.000,21.196,15.114,6.703,13.675,0.000,0.000,0.000,0.823,0.674,0.000,16.149,0.000,0.616,24.427,0.000,3.579,0.000,0.000,0.000,0.000,0.540,0.000,1.212,0.000,0.763,10.347,0.000,0.000,11.362,11.838,3.654,0.000,23.709,0.000,8.344,33.351,4.466,0.000,2.429,7.125,4.889,0.000,26.946,0.000,4.581,13.544,0.000,41.217,3.683,0.000,0.000,9.673,0.0289,0.0055,0.0350,0.0000,1,0.00646,0.0231,0.0051,0.0900,0.0000,1,-0.02397,-0.0021,-0.0341,0.1703,0.0279,1,-0.06419,0.0020,0.0000,0.0121,0.0000,1,0.00114,0.0000,0.0000,0.0429,0.0000,1,-0.01096,-0.0067,-0.0167,0.1064,0.0055,1,-0.03757
33.0,0,173.732,184.221,18.866,75.675,91.656,135.930,57.550,137.761,70.126,68.023,145.222,91.648,0.000,0.000,14.066,0.000,6.703,8.187,34.565,56.688,77.906,72.381,108.656,125.344,10.737,82.974,0.000,51.026,64.609,20.939,39.558,0.000,0.000,0.000,0.166,0.136,0.000,22.070,0.000,0.124,32.476,0.000,5.434,3.593,0.000,2.000,1.324,0.901,0.000,2.063,0.000,0.154,28.242,0.926,0.000,24.779,25.411,4.145,0.000,30.514,0.000,12.547,51.839,4.789,0.000,2.102,13.713,4.063,0.000,25.477,0.000,5.550,13.034,0.000,25.737,0.744,0.000,0.000,13.006,0.0642,0.0096,0.0445,0.0000,1,0.01792,0.0470,0.0211,0.1596,0.0000,1,-0.04136,-0.0015,-0.0963,0.2929,0.0567,1,-0.12422,-0.0036,-0.0024,0.0236,0.0105,1,-0.00015,0.0000,0.0000,0.0634,0.0000,1,-0.01783,-0.0246,-0.0418,0.1797,0.0153,1,-0.08238
41.5,0,164.223,180.041,3.446,78.237,75.651,87.245,50.444,177.682,96.231,83.594,191.343,152.981,14.966,9.048,21.012,28.594,44.520,57.248,12.225,67.102,113.232,61.468,148.681,164.366,5.640,110.122,0.000,64.453,106.738,18.784,43.274,0.000,0.000,0.000,0.030,0.289,0.000,21.818,0.000,0.023,28.757,0.000,5.480,6.334,0.000,0.365,0.466,1.403,0.000,1.659,0.000,0.028,34.136,2.826,0.000,24.177,29.380,1.360,0.000,27.372,0.000,15.192,84.074,0.875,0.000,0.384,9.081,0.742,0.000,7.276,0.000,2.043,3.274,0.000,4.702,0.136,0.000,0.000,7.304,0.1015,0.0117,0.0507,0.0000,1,0.02947,0.0633,0.0369,0.2101,0.0000,1,-0.04939,0.0119,-0.1704,0.4093,0.0763,1,-0.15485,-0.0128,-0.0147,0.0389,0.0272,1,-0.01217,0.0000,0.0000,0.0736,0.0000,1,-0.01806,-0.0370,-0.0677,0.2525,0.0403,1,-0.12421
50.0,0,112.082,143.002,0.630,41.921,16.286,21.181,16.647,194.200,90.786,84.992,194.262,162.857,18.120,12.740,29.490,35.463,71.708,97.509,2.233,43.049,116.287,16.186,156.939,181.333,1.030,46.548,0.000,35.324,83.912,3.431,48.687,0.000,0.000,0.000,0.006,0.745,0.000,22.809,0.000,0.004,19.275,0.000,3.401,2.433,0.000,0.067,0.085,1.570,0.000,0.303,0.000,0.005,36.049,3.222,0.000,7.701,15.283,0.248,0.000,20.584,0.000,26.291,129.722,0.160,0.000,0.070,3.876,0.136,0.000,1.329,0.000,0.373,1.187,0.000,0.859,0.025,0.000,0.000,1.334,0.1379,0.0122,0.0583,0.0000,1,0.03721,0.0703,0.0459,0.2377,0.0000,1,-0.05307,0.0399,-0.2259,0.5117,0.0846,1,-0.15321,-0.0261,-0.0294,0.0560,0.0461,1,-0.02771,0.0000,0.0000,0.0717,0.0000,1,-0.01279,-0.0302,-0.0878,0.3221,0.0793,1,-0.15396
58.0,0,27.872,39.623,0.127,8.464,3.288,4.276,3.361,186.159,42.349,56.183,185.054,122.995,24.105,2.572,44.094,35.402,77.087,125.199,0.451,14.251,123.224,3.268,135.385,131.536,0.208,9.398,0.000,7.132,39.999,0.693,17.335,0.000,0.000,0.000,0.001,0.150,0.000,17.479,0.000,0.001,5.007,0.000,1.847,0.491,0.000,2.013,0.017,1.434,0.000,0.061,0.000,0.001,18.888,3.317,0.000,1.555,3.086,0.050,0.000,12.086,0.000,39.288,172.984,0.032,0.000,0.014,1.596,0.027,0.000,0.268,0.000,0.075,0.690,0.000,11.146,0.005,0.000,0.000,0.269,0.1704,0.0118,0.0610,0.0000,1,0.04049,0.0801,0.0488,0.2464,0.0000,1,-0.05412,0.0787,-0.2540,0.5948,0.0847,1,-0.13536,-0.0394,-0.0387,0.0727,0.0704,1,-0.04194,0.0000,0.0000,0.0686,0.0000,1,-0.00828,-0.0058,-0.0971,0.3861,0.1299,1,-0.16738
66.5,0,5.092,7.238,0.023,1.546,0.601,0.781,0.614,106.950,7.737,16.795,81.515,45.370,13.194,0.470,51.213,13.192,73.457,128.578,0.082,2.603,131.744,0.597,67.243,31.005,0.038,1.717,0.000,1.303,7.307,0.127,3.167,0.000,0.000,0.000,0.000,0.027,0.000,8.215,0.000,0.000,0.915,0.000,0.337,0.090,0.000,1.581,0.003,0.775,0.000,0.011,0.000,0.000,3.450,3.551,0.000,0.284,0.564,0.009,0.000,7.371,0.000,50.624,194.297,0.006,0.000,5.884,0.292,0.005,0.000,0.049,0.000,0.014,0.126,0.000,30.238,0.001,0.000,0.000,0.049,0.1952,0.0109,0.0594,0.0000,1,0.03883,0.0963,0.0476,0.2387,0.0000,1,-0.05215,0.1227,-0.2585,0.6507,0.0931,1,-0.11577,-0.0465,-0.0423,0.0849,0.0956,1,-0.05467,0.0000,0.0000,0.0702,0.0000,1,-0.00791,0.0264,-0.0973,0.4429,0.1818,1,-0.16750
75.0,0,0.930,1.322,0.004,0.282,0.110,0.143,0.112,24.282,1.413,3.068,14.891,8.288,2.410,0.086,46.245,2.410,52.197,95.398,0.015,0.476,86.278,0.109,12.284,5.664,0.007,0.314,0.000,0.238,1.335,0.023,0.579,0.000,0.000,0.000,0.000,0.005,0.000,1.501,0.000,0.000,0.167,0.000,0.062,0.016,0.000,1.728,0.001,0.647,0.000,0.002,0.000,0.000,0.630,3.755,0.000,0.052,0.103,0.002,0.000,4.839,0.000,62.647,196.068,0.001,0.000,16.461,0.053,0.001,0.000,0.009,0.000,0.003,0.023,0.000,37.515,0.000,0.000,3.463,0.009,0.2064,0.0098,0.0550,0.0000,1,0.03441,0.1160,0.0442,0.2206,0.0120,1,-0.05106,0.1679,-0.2470,0.6776,0.1136,1,-0.10175,-0.0456,-0.0420,0.0929,0.1201,1,-0.06607,0.0000,0.0000,0.0802,0.0077,1,-0.01514,0.0572,-0.0918,0.4858,0.2281,1,-0.16026
83.0,0,0.188,0.267,0.001,0.057,0.022,0.029,0.023,4.903,0.285,0.619,3.007,1.673,0.487,0.017,33.877,0.487,13.550,56.033,0.003,0.096,30.198,0.022,2.480,1.144,0.001,0.063,0.000,0.048,0.270,0.005,0.117,0.000,0.000,0.000,0.000,0.001,0.000,0.303,0.000,0.000,0.034,0.000,0.012,0.003,0.000,0.894,0.000,0.131,0.000,0.000,0.000,0.000,0.127,3.343,0.000,0.010,0.021,0.000,0.000,2.751,0.000,71.391,202.354,0.000,0.000,20.045,0.011,0.000,0.000,0.002,0.000,0.001,0.005,0.000,32.086,0.000,0.000,7.931,0.002,0.2046,0.0085,0.0493,0.0000,1,0.02915,0.1357,0.0396,0.1975,0.0343,1,-0.05138,0.2112,-0.2263,0.6775,0.1372,1,-0.09685,-0.0399,-0.0393,0.0936,0.1403,1,-0.07346,0.0000,0.0000,0.0942,0.0207,1,-0.02643,0.0802,-0.0833,0.5168,0.2664,1,-0.15023
91.5,0,0.034,0.049,0.000,0.010,0.004,0.005,0.004,0.896,0.052,0.113,0.549,0.306,0.089,0.003,17.923,0.089,2.475,10.236,0.001,0.018,5.517,0.004,0.453,0.209,0.000,0.012,0.000,0.009,0.049,0.001,0.021,0.000,0.000,0.000,0.000,0.000,0.000,0.055,0.000,0.000,2.750,0.000,0.002,0.001,0.000,0.163,0.000,0.150,0.000,0.000,0.000,0.000,0.023,1.572,0.000,5.049,0.004,0.000,0.000,0.817,0.000,65.176,200.208,0.000,0.000,17.593,0.002,0.000,0.000,0.000,0.000,0.000,0.001,0.000,23.485,0.000,0.000,7.621,0.000,0.1917,0.0073,0.0431,0.0000,1,0.02583,0.1526,0.0347,0.1726,0.0608,1,-0.05218,0.2489,-0.2143,0.6507,0.1598,1,-0.10249,-0.0327,-0.0355,0.0902,0.1512,1,-0.07671,0.0000,0.0000,0.1305,0.0295,1,-0.04582,0.0912,-0.0735,0.5369,0.2991,1,-0.14038
100.0,0,0.006,0.009,0.000,0.002,0.001,0.001,0.001,0.164,0.010,0.021,0.100,0.056,0.016,0.001,3.274,0.016,0.452,1.870,0.000,0.003,1.008,0.001,0.083,0.038,0.000,0.002,0.000,0.002,0.009,0.000,0.004,0.000,0.000,0.000,0.000,0.000,0.000,0.010,0.000,0.000,9.609,0.000,0.000,0.000,0.000,0.030,0.000,0.338,0.000,0.000,0.000,0.000,0.004,0.287,5.649,0.922,0.001,2.623,0.000,0.682,0.000,44.465,181.577,0.000,0.000,14.314,0.000,0.000,0.000,0.000,0.000,0.000,0.000,0.000,5.653,0.000,0.000,4.530,0.000,0.1684,0.0062,0.0371,0.0000,1,0.02630,0.1600,0.0298,0.1482,0.0853,1,-0.05237,0.2759,-0.1996,0.6069,0.1849,1,-0.11317,-0.0256,-0.0312,0.0866,0.1509,1,-0.07824,0.0000,0.0000,0.1849,0.0333,1,-0.06949,0.0998,-0.0636,0.5483,0.3244,1,-0.13182
108.0,0,0.001,0.002,0.000,6.704,22.522,0.000,0.000,0.033,0.002,0.004,0.020,0.011,0.003,0.000,0.661,0.003,0.091,0.378,0.000,0.001,0.203,0.000,0.017,0.008,0.000,0.000,0.000,0.000,0.002,0.000,0.001,0.000,0.000,0.000,0.000,0.000,0.000,0.002,0.000,0.000,3.973,0.000,0.000,0.000,0.000,1.219,0.000,0.447,0.000,0.000,0.000,0.000,20.509,0.058,9.544,0.186,0.000,4.039,0.000,1.426,0.000,37.444,139.371,0.000,0.000,12.628,0.000,0.000,0.000,0.000,0.000,0.000,0.000,0.000,1.141,0.000,0.000,2.646,0.000,0.1410,0.0052,0.0314,0.0000,1,0.02640,0.1568,0.0253,0.1255,0.1043,1,-0.05143,0.2920,-0.1806,0.5602,0.2107,1,-0.12335,-0.0262,-0.0269,0.0839,0.1463,1,-0.07394,-0.0054,0.0000,0.2502,0.0336,1,-0.09325,0.1066,-0.0542,0.5594,0.3415,1,-0.12374
116.5,0,59.613,0.000,0.000,28.241,84.441,0.000,0.000,0.006,0.000,0.001,0.004,0.002,0.001,0.000,0.121,0.001,0.017,0.069,0.000,0.000,0.037,0.000,0.003,0.001,0.000,0.000,0.000,0.000,0.000,0.000,0.000,0.000,0.000,0.000,0.000,0.000,0.000,0.000,0.000,0.000,0.726,0.000,0.000,0.000,0.000,2.888,0.000,0.312,0.000,0.000,0.000,0.000,38.470,0.011,12.292,0.034,0.000,5.067,0.000,7.230,0.000,30.100,102.279,0.000,0.000,9.646,0.000,0.000,0.000,0.000,0.000,0.000,0.000,0.000,0.209,0.000,0.000,0.483,0.000,0.1167,0.0043,0.0263,0.0000,1,0.02459,0.1463,0.0212,0.1051,0.1123,1,-0.04817,0.2995,-0.1594,0.5431,0.2350,1,-0.12408,-0.0369,-0.0229,0.0808,0.1426,1,-0.06689,-0.0201,0.0000,0.3189,0.0318,1,-0.11392,0.1163,-0.0456,0.5660,0.3474,1,-0.11809
125.0,0,100.246,15.752,0.000,51.646,138.769,0.000,0.000,40.307,33.391,12.374,0.001,0.000,0.000,0.000,0.022,0.000,0.003,0.013,0.000,0.000,0.007,0.000,0.001,0.000,0.000,0.000,0.000,0.000,0.000,0.000,0.000,0.000,0.000,0.000,0.000,0.436,0.000,0.000,0.000,0.000,0.133,0.000,0.000,0.000,0.000,1.521,0.000,0.265,0.000,0.000,0.000,1.372,50.023,0.002,11.430,5.584,0.000,9.401,0.000,14.209,0.000,25.418,80.794,0.000,0.000,6.909,0.000,0.000,0.000,0.000,0.000,0.000,0.000,0.000,0.038,0.000,0.000,0.088,2.519,0.0969,0.0035,0.0265,0.0000,1,0.01970,0.1318,0.0176,0.0872,0.1112,1,-0.04348,0.3005,-0.1517,0.5553,0.2603,1,-0.11754,-0.0563,-0.0192,0.0772,0.1369,1,-0.05817,-0.0418,0.0000,0.3870,0.0289,1,-0.12976,0.1319,-0.0380,0.5700,0.3391,1,-0.11506
133.0,0,124.489,74.269,14.253,103.343,170.377,0.000,7.408,123.172,112.395,71.144,10.000,0.000,0.000,0.000,0.004,0.000,0.001,0.003,0.000,9.048,0.001,0.000,0.000,0.000,0.000,0.000,0.000,0.000,0.000,0.000,17.408,0.000,0.000,0.000,0.000,0.088,0.000,0.000,0.000,0.000,0.027,0.000,0.000,0.000,0.000,4.150,0.000,1.491,0.000,0.000,0.000,9.741,64.056,0.000,8.075,1.127,0.000,11.416,0.000,18.414,0.000,23.822,71.014,0.000,0.000,4.152,0.000,0.000,0.000,4.524,0.000,0.000,0.000,0.000,0.008,3.778,0.000,0.018,10.327,0.0808,0.0029,0.0261,0.0000,1,0.01515,0.1080,0.0145,0.0663,0.1042,1,-0.03598,0.2973,-0.1438,0.5855,0.2847,1,-0.10489,-0.0913,-0.0160,0.0809,0.1364,1,-0.05310,-0.0675,0.0000,0.4527,0.0256,1,-0.13944,0.1477,-0.0314,0.5819,0.3187,1,-0.11203
141.5,0,143.988,130.003,22.696,133.284,184.081,0.000,31.902,168.900,167.847,128.888,72.916,0.000,0.000,0.000,0.001,0.000,0.000,0.000,0.000,51.198,0.000,0.000,0.000,0.000,0.000,0.000,0.000,0.000,0.000,0.000,62.322,0.000,0.000,0.000,0.000,0.147,0.000,0.000,0.000,0.000,0.005,0.000,0.000,0.000,0.000,5.935,1.907,1.641,0.000,0.000,0.000,16.128,78.387,0.000,7.725,0.964,0.000,10.592,0.000,21.801,0.000,16.622,69.719,0.000,0.000,2.975,0.000,0.000,0.000,10.048,0.000,0.000,0.000,0.000,0.001,14.791,0.000,0.003,16.467,0.0674,0.0023,0.0262,0.0000,1,0.01093,0.0724,0.0118,0.0410,0.0942,1,-0.02501,0.2901,-0.1360,0.6305,0.3060,1,-0.08653,-0.1372,-0.0001,0.0893,0.1426,1,-0.04166,-0.0948,0.0000,0.4916,0.0222,1,-0.14158,0.1655,-0.0375,0.5969,0.2903,1,-0.11166
150.0,0,163.967,167.307,4.146,121.868,179.698,0.000,30.604,194.128,183.390,163.900,144.543,0.000,28.736,0.000,0.000,22.896,17.839,0.000,0.000,106.056,0.000,0.000,0.000,0.000,0.000,0.000,0.000,25.273,0.000,0.000,99.299,0.000,0.000,0.000,0.000,0.319,0.000,0.000,0.000,0.000,9.716,0.000,0.000,0.000,0.000,7.436,12.223,1.972,0.000,0.000,0.000,12.258,87.781,0.000,3.617,24.413,14.870,6.271,0.000,27.526,0.000,16.651,81.478,0.000,0.000,6.183,0.000,0.000,0.000,10.338,0.000,0.000,0.463,0.000,0.000,23.421,0.000,1.112,22.313,0.0515,0.0019,0.0284,0.0000,1,0.01050,0.0301,0.0096,0.0192,0.0887,1,-0.01583,0.2810,-0.1641,0.6767,0.3231,1,-0.06719,-0.1819,0.0481,0.1008,0.1540,1,-0.00807,-0.1199,0.0000,0.4952,0.0189,1,-0.13872,0.1870,-0.0525,0.6125,0.2579,1,-0.11329
158.0,0,175.351,188.900,0.837,68.517,141.517,0.000,8.410,199.731,194.379,170.799,167.565,0.000,58.843,0.000,0.000,53.243,37.021,0.000,0.000,132.401,0.000,0.000,0.000,0.000,0.000,0.000,0.000,27.859,0.000,0.000,106.641,0.000,0.000,0.000,0.000,0.064,0.000,0.000,0.000,0.000,26.769,0.000,0.000,0.000,0.000,6.874,22.118,1.911,0.000,0.000,0.000,4.279,84.320,0.000,1.780,26.980,37.447,3.152,0.000,34.868,0.000,15.466,96.989,0.000,0.000,14.089,1.943,0.000,0.000,3.450,0.000,0.000,1.666,0.000,0.000,22.072,0.000,2.896,24.129,0.0293,0.0015,0.0288,0.0000,1,0.01527,-0.0129,0.0078,0.0122,0.0911,1,-0.01475,0.2708,-0.2180,0.7200,0.3384,1,-0.04327,-0.2153,0.1246,0.1133,0.1644,1,0.04693,-0.1395,0.0000,0.4662,0.0159,1,-0.13265,0.2109,-0.0718,0.6250,0.2347,1,-0.11525
166.5,0,156.775,193.047,0.153,12.517,42.689,0.000,1.536,199.964,172.078,160.133,175.627,0.000,88.136,0.000,0.000,87.113,53.599,15.099,0.000,144.585,0.000,0.000,0.000,0.000,0.000,0.000,0.000,10.787,0.000,0.000,82.994,0.000,0.000,0.000,0.000,0.131,0.000,0.000,0.000,0.000,35.408,0.000,1.667,0.000,0.000,5.064,23.101,1.281,0.000,0.000,0.000,0.782,75.891,0.000,0.736,39.889,51.817,0.576,0.000,37.548,0.000,22.455,121.730,0.000,0.000,25.400,4.296,0.000,0.000,0.630,0.000,0.000,0.493,0.000,0.000,13.602,0.000,5.301,20.864,0.0036,0.0012,0.0290,0.0000,1,0.02284,-0.0514,0.0063,0.0114,0.1010,1,-0.01798,0.2674,-0.2867,0.7589,0.3524,1,-0.01337,-0.2342,0.2030,0.1232,0.1713,0,0.10551,-0.1469,0.0000,0.4100,0.0175,1,-0.12320,0.2282,-0.0861,0.6286,0.2333,1,-0.11572
175.0,0,95.018,175.998,0.028,2.287,7.799,0.000,0.281,199.225,101.811,102.114,181.952,0.000,88.975,0.000,0.000,90.888,53.471,37.269,0.000,130.223,0.000,0.000,0.000,0.000,0.000,0.000,0.000,1.971,0.000,0.000,23.972,0.000,0.000,0.000,0.000,0.024,0.000,0.000,0.000,0.000,37.259,0.000,0.304,0.000,0.000,6.753,12.340,1.181,0.000,0.000,0.000,0.143,61.744,0.000,0.689,69.150,56.008,0.105,0.000,38.069,0.000,38.494,150.967,0.000,0.000,33.350,2.044,0.000,0.000,0.115,0.000,0.000,0.090,0.000,0.000,5.168,0.000,6.653,16.891,-0.0217,0.0010,0.0277,0.0000,1,0.03110,-0.0798,0.0051,0.0112,0.1156,1,-0.02227,0.2727,-0.3662,0.7927,0.3651,1,0.02060,-0.2417,0.2666,0.1308,0.1770,0,0.15356,-0.1438,0.0000,0.3412,0.0323,1,-0.11198,0.2289,-0.0912,0.6264,0.2471,1,-0.11420
183.0,0,21.650,134.046,0.006,0.462,1.575,0.000,0.057,165.383,20.555,30.588,168.210,0.000,82.652,0.000,0.000,69.349,52.365,55.797,0.000,90.729,0.000,0.000,0.000,0.000,0.000,0.000,0.000,0.398,0.000,0.000,4.840,44.228,0.000,0.000,0.000,0.005,0.000,0.000,0.000,0.000,24.062,0.000,0.061,0.000,0.000,6.444,2.694,1.344,0.000,0.000,0.000,0.029,46.446,0.000,1.054,59.300,57.219,0.021,0.000,35.876,0.000,44.007,165.458,0.000,0.000,35.337,1.015,0.000,0.000,0.023,0.000,0.000,0.018,0.000,0.000,1.043,0.000,7.194,12.548,-0.0434,-0.0516,0.0254,0.0000,1,-0.00537,-0.0945,0.0041,0.0106,0.1321,1,-0.02664,0.2830,-0.4390,0.8209,0.3763,0,0.05439,-0.2408,0.3041,0.1371,0.1813,0,0.18117,-0.1339,-0.0083,0.2755,0.0645,1,-0.10859,0.2044,-0.0892,0.6222,0.2682,1,-0.11116
191.5,0,3.955,54.244,0.001,0.084,0.288,0.000,0.010,69.082,3.755,5.588,128.178,0.000,44.454,0.000,0.000,21.479,28.903,63.135,0.000,29.826,0.000,0.000,0.000,0.000,0.000,0.000,0.000,0.073,0.000,0.000,0.884,20.494,0.000,0.000,0.000,0.001,0.000,0.000,0.000,0.000,14.665,0.000,0.011,0.000,0.000,6.211,0.492,0.500,0.000,0.000,0.000,0.005,31.845,0.686,4.572,50.467,54.902,0.004,0.000,33.469,0.000,53.567,173.480,0.000,0.000,39.555,0.185,0.000,0.000,0.004,0.000,0.000,0.003,0.000,0.000,2.043,0.000,8.907,10.980,-0.0592,-0.1156,0.0226,0.0000,1,-0.05280,-0.1024,0.0032,0.0096,0.1495,1,-0.03094,0.2970,-0.4989,0.8436,0.3861,0,0.08454,-0.2340,0.3144,0.1377,0.1876,0,0.18797,-0.1205,-0.0299,0.2202,0.1060,1,-0.11824,0.1640,-0.0829,0.6114,0.2912,1,-0.10870
200.0,0,0.723,9.909,0.000,0.015,0.053,0.000,0.002,12.620,0.686,1.021,28.373,0.000,13.152,0.000,0.000,3.924,5.280,39.776,0.000,5.449,0.000,0.000,0.000,0.000,0.000,0.000,0.000,0.013,0.000,0.000,0.162,3.744,0.000,0.000,0.000,0.196,0.000,0.000,0.000,0.000,6.539,0.000,0.002,0.000,0.000,3.923,0.090,0.262,0.000,0.000,0.000,0.001,27.931,1.597,4.925,36.542,48.449,0.001,0.000,27.194,0.000,55.388,176.343,0.000,0.000,37.881,0.034,0.000,0.000,0.001,0.000,0.000,0.001,0.000,0.000,7.180,0.000,6.757,10.148,-0.0676,-0.1610,0.0220,0.0000,1,-0.08877,-0.1121,0.0026,0.0085,0.1652,1,-0.03461,0.3124,-0.5444,0.8595,0.3944,0,0.10817,-0.2233,0.3043,0.1328,0.1951,0,0.17998,-0.1057,-0.0592,0.1752,0.1422,1,-0.13500,0.1129,-0.0744,0.5915,0.3112,1,-0.10849
208.0,0,0.146,2.001,0.000,0.003,0.011,0.000,0.000,2.548,0.138,0.206,5.728,0.000,2.655,0.000,0.000,0.792,1.066,8.031,0.000,1.100,0.000,0.000,0.000,0.000,0.000,0.000,0.000,0.003,0.000,0.000,0.033,9.953,0.000,0.000,0.000,0.256,0.000,0.000,0.000,0.000,1.320,0.000,0.000,0.000,0.000,1.785,0.018,0.432,0.000,0.000,0.000,0.000,28.531,0.322,6.970,19.941,40.087,0.000,0.000,20.512,0.000,39.926,157.873,0.000,0.000,29.630,0.007,0.000,0.000,0.000,0.000,0.000,0.000,0.000,0.000,6.685,0.000,2.119,4.881,-0.0678,-0.1952,0.0234,0.0000,1,-0.11983,-0.1219,0.0020,0.0074,0.1735,1,-0.03650,0.3252,-0.5741,0.8658,0.4008,0,0.12151,-0.2112,0.2816,0.1266,0.1954,0,0.16362,-0.0910,-0.0913,0.1391,0.1665,1,-0.15404,0.0587,-0.0652,0.5654,0.3237,1,-0.11023
216.5,0,0.027,0.365,0.000,0.001,0.002,0.000,0.000,0.465,0.025,0.038,1.046,0.000,0.485,0.000,0.000,0.145,0.195,1.467,0.000,0.201,0.000,0.000,0.000,0.000,0.000,0.000,0.000,0.000,0.000,0.000,0.006,1.818,0.000,0.000,0.000,0.339,0.000,0.000,0.000,0.000,0.241,0.000,0.000,0.000,0.000,0.326,0.003,0.874,0.000,0.000,0.000,0.000,30.131,0.059,9.365,10.951,30.453,1.213,0.000,16.360,0.000,12.502,120.287,0.000,0.000,21.825,0.001,0.000,0.000,0.000,0.000,0.000,0.000,0.000,0.000,3.491,0.000,0.387,0.892,-0.0616,-0.2116,0.0265,0.0000,1,-0.13941,-0.1277,0.0016,0.0063,0.1712,1,-0.03616,0.3273,-0.5869,0.8628,0.4060,0,0.12415,-0.1992,0.2524,0.1231,0.1863,0,0.14279,-0.0860,-0.1232,0.1101,0.1762,1,-0.17216,0.0079,-0.0560,0.5445,0.3275,1,-0.11183
225.0,0,0.005,0.067,0.000,0.000,0.000,0.000,0.000,0.085,0.005,0.007,0.191,0.000,0.089,0.000,0.000,0.026,0.036,0.268,0.000,0.037,0.000,0.000,0.000,0.000,0.000,0.000,0.000,0.000,0.000,0.000,0.001,0.332,0.000,0.000,0.000,0.544,0.000,0.000,0.000,0.000,0.044,0.000,0.000,0.000,0.000,1.053,0.001,1.074,0.000,0.000,0.000,0.000,30.253,0.011,7.281,8.087,21.928,2.107,0.000,12.161,0.000,2.284,70.405,0.000,0.000,17.648,0.000,0.000,0.000,0.000,0.000,0.000,0.000,0.000,0.000,3.171,0.000,0.071,0.163,-0.0526,-0.2111,0.0323,0.0000,1,-0.14725,-0.1304,0.0013,0.0053,0.1607,1,-0.03410,0.3150,-0.5848,0.8513,0.4103,0,0.11667,-0.1883,0.2210,0.1223,0.1740,0,0.11996,-0.0923,-0.1524,0.0929,0.1732,1,-0.18925,-0.0379,-0.0475,0.5443,0.3208,1,-0.11140
233.0,0,0.001,0.013,0.000,14.537,0.000,0.000,0.000,0.017,0.001,0.001,0.039,0.000,0.018,0.000,0.000,0.005,0.007,0.054,0.000,0.007,0.000,0.000,0.000,0.000,0.000,0.000,0.000,0.000,0.000,0.000,0.000,0.067,0.000,0.000,0.000,1.347,0.000,0.000,0.000,0.000,0.009,0.000,2.062,0.000,0.000,6.757,0.000,1.131,0.000,0.000,0.000,0.000,32.492,0.002,7.373,7.718,22.252,3.722,0.000,14.122,0.000,0.461,46.019,0.000,0.000,16.019,0.000,0.000,0.000,0.000,0.000,0.000,0.000,0.000,0.000,6.239,0.000,0.014,2.146,-0.0432,-0.1992,0.0462,0.0000,1,-0.14775,-0.1347,0.0010,0.0045,0.1455,1,-0.03057,0.2916,-0.5717,0.8369,0.4141,0,0.10402,-0.1789,0.1901,0.1235,0.1725,0,0.09426,-0.1063,-0.1776,0.0903,0.1620,1,-0.20568,-0.0785,-0.0398,0.5566,0.3030,1,-0.11063
241.5,0,22.374,58.388,8.187,80.257,0.000,0.000,0.000,0.003,0.000,15.752,0.007,0.000,0.003,0.000,0.000,0.001,0.001,0.010,0.000,13.155,0.000,0.000,0.000,0.000,0.000,0.000,0.000,0.000,0.000,0.000,0.000,0.012,0.000,0.000,0.000,1.159,0.000,0.000,0.000,0.000,5.935,0.000,4.412,0.000,0.000,8.321,0.000,1.431,0.000,0.000,0.000,0.000,43.066,0.000,4.505,6.898,22.992,5.607,0.000,17.433,0.000,0.084,31.969,0.000,0.000,12.838,0.000,0.000,0.000,0.000,0.000,0.000,0.000,0.000,0.000,15.854,0.000,0.003,8.685,-0.0379,-0.1809,0.0627,0.0000,1,-0.13972,-0.1445,0.0008,0.0037,0.1284,1,-0.02599,0.2620,-0.5503,0.8241,0.4175,0,0.09009,-0.1715,0.1612,0.1271,0.1791,0,0.06819,-0.1238,-0.1982,0.1013,0.1680,1,-0.22248,-0.1153,-0.0331,0.5796,0.2771,1,-0.10934
250.0,0,82.112,111.450,62.047,145.392,0.000,37.015,0.000,0.001,0.000,76.457,24.254,0.000,0.001,0.000,0.000,0.000,0.000,0.002,0.000,70.449,0.000,0.000,0.000,0.000,0.000,0.000,0.000,0.000,0.000,0.000,0.000,0.840,0.000,0.000,0.000,1.654,0.000,0.000,0.000,0.000,25.552,0.000,3.302,0.000,0.000,9.322,0.000,1.761,0.000,0.000,0.000,0.000,46.662,0.000,1.572,9.633,22.874,1.627,0.000,21.454,0.000,0.015,35.426,0.000,0.000,7.850,0.000,0.000,0.000,0.000,0.000,0.000,0.000,0.000,0.000,24.922,0.000,0.000,17.000,-0.0415,-0.1641,0.0843,0.0000,1,-0.12899,-0.1657,0.0006,0.0030,0.1111,1,-0.02076,0.2300,-0.5306,0.8174,0.4168,0,0.07926,-0.1664,0.1351,0.1329,0.1903,1,0.04336,-0.1410,-0.2123,0.1561,0.1864,1,-0.23943,-0.1497,-0.0415,0.6052,0.2469,1,-0.11157
258.0,0,141.112,172.513,82.689,155.662,0.000,97.297,23.675,31.945,0.000,133.888,104.943,0.000,10.737,0.000,0.000,0.000,0.000,0.000,0.000,115.445,0.000,0.000,0.000,0.000,0.000,0.000,0.000,0.000,0.000,0.000,33.535,5.224,0.000,0.000,0.000,1.846,0.000,0.000,0.000,2.047,49.434,0.000,2.924,0.000,0.000,7.877,0.000,1.909,0.000,0.000,0.000,0.000,39.870,0.000,0.317,14.138,32.515,0.328,0.000,27.816,0.000,0.003,51.181,0.000,0.000,4.174,0.000,0.000,0.000,0.000,0.000,0.000,1.274,0.000,0.000,12.623,0.000,0.000,17.410,-0.0582,-0.1583,0.1061,0.0000,1,-0.12324,-0.1839,0.0005,0.0120,0.0946,1,-0.01999,0.1983,-0.5153,0.8185,0.4089,0,0.07246,-0.1623,0.1123,0.1402,0.1994,1,0.02172,-0.1723,-0.2212,0.2414,0.2078,1,-0.24878,-0.1823,-0.0601,0.6267,0.2154,1,-0.11600
266.5,0,170.733,195.569,115.007,155.893,0.000,144.239,92.048,111.126,0.000,169.201,173.020,16.457,38.159,0.000,0.000,0.000,0.000,18.956,0.000,153.024,0.000,0.000,0.000,9.048,0.000,31.945,0.000,0.000,34.444,0.000,69.053,8.316,0.000,0.000,0.000,1.850,0.000,0.000,0.000,13.183,74.076,0.000,4.768,0.000,0.000,6.347,2.559,1.868,0.000,1.365,0.000,0.000,34.952,0.000,0.058,25.130,50.202,0.060,0.000,33.399,0.000,0.001,30.881,7.239,0.000,8.635,0.000,0.000,0.000,0.000,0.000,0.000,1.346,0.000,0.000,2.306,0.000,0.000,12.581,-0.0977,-0.1615,0.1259,0.0000,1,-0.11992,-0.1897,0.0004,0.0262,0.0796,1,-0.02201,0.1539,-0.5155,0.8240,0.3969,0,0.07030,-0.1537,0.1073,0.1478,0.2047,1,0.01490,-0.2165,-0.2256,0.3390,0.2247,1,-0.24613,-0.2115,-0.0848,0.6419,0.1848,1,-0.12177
275.0,0,169.157,196.587,119.273,116.831,0.000,153.806,143.026,159.793,0.000,180.197,198.415,94.849,75.161,0.000,0.000,0.000,0.000,80.040,0.000,177.522,0.000,0.000,0.000,17.405,15.114,112.077,0.000,0.000,89.947,0.000,79.424,11.839,0.000,0.000,0.000,1.449,0.000,0.000,0.000,17.570,97.545,0.000,5.962,0.000,0.000,8.688,8.627,2.299,0.000,3.270,0.000,0.000,18.011,0.000,0.011,34.955,65.985,0.011,0.000,32.047,0.000,0.000,23.363,8.126,0.000,10.565,0.000,0.000,0.000,0.000,0.000,3.637,0.385,0.000,0.000,0.421,0.000,0.000,3.323,-0.1471,-0.1711,0.1418,0.0000,1,-0.11652,-0.1837,0.0200,0.0369,0.0663,1,-0.00608,0.1047,-0.5288,0.8296,0.3827,0,0.07008,-0.1369,0.1261,0.1563,0.2087,1,0.02507,-0.2644,-0.2243,0.4355,0.2295,1,-0.23258,-0.2376,-0.1114,0.6365,0.1565,1,-0.13173
283.0,0,136.495,188.633,111.277,46.028,0.000,128.028,177.833,173.957,0.000,177.254,207.794,139.814,96.317,20.382,0.000,0.000,0.000,120.272,0.000,178.726,0.000,0.000,0.000,77.410,76.158,131.295,0.000,0.000,124.624,0.000,60.880,14.124,0.000,0.000,0.000,0.776,0.000,0.000,0.000,23.682,104.931,0.000,8.978,0.000,0.000,6.784,9.311,2.159,0.000,5.037,0.000,0.000,3.636,0.000,0.002,30.046,71.888,0.002,0.000,24.857,0.000,0.000,35.971,2.394,0.000,3.408,0.446,0.000,0.000,0.000,0.000,19.260,3.940,0.000,0.000,0.085,0.000,0.000,0.671,-0.1979,-0.1844,0.1501,0.0000,1,-0.11247,-0.1701,0.0760,0.0654,0.0548,1,0.03171,0.0644,-0.5440,0.8312,0.3640,0,0.06660,-0.1087,0.1570,0.1645,0.2105,1,0.04212,-0.3086,-0.2135,0.5216,0.2296,1,-0.21209,-0.2534,-0.1349,0.6102,0.1311,1,-0.14585
291.5,0,82.345,111.224,91.962,8.409,0.000,100.226,191.647,172.298,0.000,141.325,206.054,168.939,103.482,43.962,0.000,0.000,0.000,143.795,0.000,171.790,0.000,0.000,0.000,110.410,130.583,68.610,0.000,0.000,111.982,0.000,19.286,13.316,0.000,0.000,0.000,1.097,0.000,0.000,0.000,25.829,93.572,0.000,11.702,0.000,0.000,5.952,3.477,2.407,0.000,7.481,0.000,0.000,0.664,0.000,0.000,15.513,59.731,0.000,0.000,15.586,0.000,0.000,65.426,0.437,0.000,0.623,0.082,0.000,0.000,0.000,0.000,21.739,12.210,0.000,0.000,0.016,0.000,0.000,0.123,-0.2462,-0.1988,0.1550,0.0000,1,-0.11001,-0.1524,0.1531,0.1218,0.0450,0,0.07254,0.0362,-0.5520,0.8221,0.3376,0,0.05263,-0.0695,0.1824,0.1725,0.2104,0,0.05320,-0.3477,-0.1955,0.5873,0.2297,1,-0.19110,-0.2540,-0.1472,0.5728,0.1088,1,-0.15952
300.0,0,17.509,20.319,33.800,1.536,0.000,89.230,191.637,120.964,0.000,59.656,187.942,166.855,104.791,61.638,0.000,0.000,0.000,158.203,0.000,154.178,0.000,0.000,0.000,76.200,146.773,12.534,0.000,0.000,77.867,0.000,3.523,10.063,0.000,0.000,0.000,1.151,0.000,0.000,0.000,17.349,81.083,0.000,9.674,0.000,0.000,5.177,0.635,1.974,0.000,6.354,0.000,0.000,0.121,0.000,0.000,4.131,42.227,0.000,0.000,10.140,0.000,0.000,92.491,0.080,0.000,7.418,0.015,0.000,0.000,0.000,0.000,4.420,11.452,0.000,0.000,0.003,0.000,0.000,0.022,-0.2832,-0.2118,0.1580,0.0000,1,-0.10994,-0.1334,0.2102,0.1867,0.0367,0,0.09002,0.0176,-0.5447,0.7968,0.3202,1,0.02892,-0.0273,0.1915,0.1790,0.2084,0,0.05227,-0.3813,-0.1739,0.6279,0.2352,1,-0.17390,-0.2417,-0.1250,0.5307,0.0896,1,-0.16404
308.0,0,3.535,4.102,6.824,0.310,0.000,101.883,183.169,40.776,0.000,12.044,80.742,175.800,74.240,75.631,0.000,0.000,0.000,149.837,20.245,132.919,7.408,0.000,0.000,20.628,156.230,2.531,0.000,0.000,22.512,0.000,0.711,7.696,0.000,0.000,0.000,2.459,0.000,0.000,0.000,5.996,66.800,0.000,6.458,0.000,0.000,8.323,0.128,1.971,0.000,3.220,0.000,0.000,0.025,0.000,0.000,0.834,35.759,0.000,0.000,8.722,0.000,0.000,113.628,0.016,0.000,21.182,0.003,0.000,0.000,0.000,0.000,0.892,4.190,0.000,35.178,0.001,0.000,0.000,0.005,-0.3056,-0.2220,0.1688,0.0000,1,-0.11412,-0.0895,0.2385,0.2379,0.0298,0,0.08981,0.0058,-0.5189,0.7572,0.3156,1,-0.00194,0.0093,0.1869,0.1841,0.2104,1,0.04083,-0.4101,-0.1514,0.6449,0.2399,1,-0.16198,-0.2161,-0.0368,0.4893,0.0776,1,-0.14326
316.5,0,0.646,0.749,1.247,0.057,0.000,101.535,150.343,7.449,0.000,2.200,14.750,169.377,41.256,89.283,0.000,0.000,0.000,126.911,83.790,88.695,67.758,0.000,0.000,3.768,148.018,0.462,0.000,0.000,4.113,0.000,0.130,4.661,0.000,0.000,0.000,3.110,0.000,0.000,0.000,2.337,56.262,0.000,3.117,0.000,0.000,10.152,0.023,1.913,0.000,1.043,0.000,0.000,0.004,0.000,0.000,0.152,32.916,0.000,0.000,8.384,0.000,0.000,145.597,0.003,0.000,27.131,0.001,0.000,0.000,0.000,0.000,0.163,0.765,0.000,100.188,0.000,0.000,0.000,0.001,-0.3150,-0.2276,0.1852,0.0000,1,-0.12008,-0.0242,0.2434,0.2619,0.0240,0,0.08391,-0.0013,-0.4782,0.7110,0.3176,1,-0.03486,0.0348,0.1737,0.1880,0.2167,1,0.02322,-0.4346,-0.1295,0.6381,0.2376,1,-0.15532,-0.1732,0.0918,0.4484,0.0671,1,-0.09530
325.0,0,0.118,0.137,0.228,0.010,0.000,38.280,91.407,1.361,0.000,0.402,2.695,147.435,19.271,98.131,0.000,0.000,0.000,71.901,122.839,49.792,90.180,0.000,0.000,0.688,107.205,0.084,0.000,0.000,0.751,0.000,0.024,2.546,0.000,0.000,0.000,2.582,0.000,0.000,0.000,2.625,51.557,0.000,0.980,0.000,0.000,10.214,0.004,1.507,0.000,0.190,0.000,0.000,0.001,0.000,0.749,0.028,31.690,0.000,0.000,7.010,0.000,0.000,163.168,0.001,0.000,24.925,0.000,2.250,0.000,0.000,0.000,0.030,0.140,0.000,126.339,0.000,0.000,1.375,0.000,-0.3161,-0.2269,0.2004,0.0000,1,-0.12476,0.0484,0.2252,0.2626,0.0262,0,0.06868,-0.0053,-0.4287,0.6525,0.3191,1,-0.07240,0.0490,0.1560,0.1895,0.2245,1,0.00360,-0.4565,-0.1094,0.6105,0.2256,1,-0.15168,-0.1117,0.2159,0.4018,0.0601,1,-0.03413
333.0,0,0.024,0.028,0.046,0.002,0.000,7.729,21.180,0.275,0.000,0.081,0.544,84.207,3.891,86.677,0.000,0.000,0.000,17.242,110.975,20.262,85.070,0.000,0.000,0.139,31.188,0.017,0.000,0.000,0.152,0.000,0.005,1.135,0.000,0.000,0.000,1.965,0.000,0.000,0.000,6.606,55.694,0.000,0.198,0.000,0.000,11.312,0.001,1.425,0.000,0.038,0.000,0.000,0.000,0.000,3.017,0.006,42.509,0.000,0.000,6.579,0.000,0.000,177.535,0.000,0.000,21.577,0.000,7.451,0.000,2.483,0.000,0.006,1.074,0.000,140.121,0.000,0.000,0.278,0.000,-0.3159,-0.2188,0.2103,0.0000,1,-0.12543,0.1190,0.1870,0.2531,0.0277,1,0.04269,-0.0073,-0.3761,0.5809,0.3187,1,-0.11150,0.0549,0.1368,0.1894,0.2342,1,-0.01659,-0.4748,-0.0914,0.5712,0.2066,1,-0.14751,-0.0402,0.3121,0.3522,0.0531,1,0.02570
341.5,0,0.004,0.005,0.008,0.000,0.000,1.412,3.869,0.050,0.000,0.015,0.099,15.383,0.711,69.488,0.000,0.000,0.000,3.150,45.609,3.702,31.895,0.000,0.000,0.025,5.698,0.003,0.000,0.000,0.028,0.000,0.001,0.715,0.000,0.000,0.000,2.171,0.000,0.000,0.000,11.904,70.006,0.000,6.350,0.000,0.000,7.378,0.000,1.563,0.000,0.007,0.000,0.000,0.000,0.000,1.300,0.001,47.488,0.000,0.000,6.268,0.000,5.951,187.466,0.000,0.000,10.182,0.000,7.300,0.000,3.496,0.000,0.001,0.450,0.000,155.274,0.000,0.000,0.051,0.000,-0.3220,-0.2052,0.2165,0.0000,1,-0.11931,0.1831,0.1394,0.2332,0.0273,1,0.01425,-0.0013,-0.3241,0.4997,0.3151,1,-0.14732,0.0553,0.1177,0.1888,0.2395,1,-0.03458,-0.4876,-0.0757,0.5240,0.1840,1,-0.14081,0.0325,0.3707,0.3033,0.0462,0,0.07166
350.0,0,0.001,33.107,0.002,0.000,0.000,0.258,0.707,0.009,0.000,0.003,0.018,2.810,0.130,40.076,0.000,0.000,0.000,0.575,8.332,0.676,5.827,0.000,0.000,0.005,1.041,0.001,0.000,0.000,0.005,0.000,0.000,2.509,0.000,0.000,0.000,1.532,0.000,0.000,0.000,18.795,75.432,0.000,9.118,0.000,0.000,8.198,0.000,0.934,0.000,0.001,0.000,0.000,0.000,0.000,0.238,0.000,40.275,0.000,0.000,6.266,0.000,19.908,194.153,0.000,0.000,1.860,0.000,2.304,0.000,0.639,0.000,0.000,0.082,0.000,154.266,0.000,0.000,0.009,0.000,-0.3351,-0.1947,0.2183,0.0000,1,-0.11216,0.2387,0.0956,0.2081,0.0255,1,-0.00895,0.0155,-0.2754,0.4192,0.3033,1,-0.17447,0.0524,0.0998,0.1851,0.2414,1,-0.04884,-0.4962,-0.0623,0.4743,0.1604,1,-0.13080,0.1013,0.3936,0.2575,0.0454,0,0.09739
358.0,0,0.000,92.381,0.000,31.945,0.000,0.052,0.143,0.002,0.000,0.001,0.004,0.567,0.026,19.139,0.000,0.000,0.000,0.116,1.682,0.137,1.176,0.000,0.000,0.001,0.210,0.000,0.000,0.000,0.001,0.000,0.000,3.939,0.000,0.000,0.000,1.512,0.000,0.000,0.000,15.319,69.563,0.000,10.447,0.000,0.000,8.207,0.000,0.796,0.000,0.000,0.000,0.000,0.000,0.000,1.556,0.000,20.709,0.000,0.000,5.500,0.000,27.393,196.902,0.000,0.000,0.376,0.000,0.465,0.000,0.129,0.000,0.000,0.017,0.000,148.275,0.000,0.000,0.002,0.000,-0.3486,-0.1890,0.2172,0.0000,1,-0.10648,0.2854,0.0625,0.1816,0.0230,1,-0.02325,0.0392,-0.2314,0.3484,0.2824,1,-0.19039,0.0477,0.0837,0.1791,0.2411,1,-0.06023,-0.5028,-0.0509,0.4272,0.1374,1,-0.11813,0.1630,0.3890,0.2161,0.0490,0,0.10453
366.5,0,11.902,149.250,0.000,97.890,0.000,0.010,0.026,0.000,0.000,17.408,37.488,0.104,0.005,5.515,0.000,0.000,0.000,0.021,0.307,16.090,0.215,0.000,0.000,0.000,0.038,0.000,0.000,0.000,0.000,0.000,0.000,2.753,0.000,0.000,0.000,1.137,0.000,0.000,0.000,5.284,60.413,0.000,8.060,0.000,0.000,6.707,0.000,1.834,0.000,0.000,0.000,0.000,0.000,0.000,3.746,0.000,10.726,0.000,0.000,5.798,0.000,43.675,186.720,0.000,0.000,0.069,0.000,0.085,0.000,0.024,3.005,0.000,0.003,0.000,138.745,0.000,0.000,0.000,0.000,-0.3551,-0.1844,0.2130,0.0000,1,-0.10067,0.3238,0.0394,0.1556,0.0270,1,-0.03186,0.0730,-0.1925,0.3022,0.2552,1,-0.19429,0.0423,0.0695,0.1767,0.2386,1,-0.07103,-0.5086,-0.0414,0.3888,0.1162,1,-0.10465,0.2165,0.3659,0.1941,0.0567,0,0.09173
375.0,0,73.360,177.990,0.000,147.064,0.000,0.002,0.005,0.000,0.000,81.570,138.888,0.019,0.001,1.008,0.000,0.000,0.000,0.004,0.056,47.770,0.039,0.000,0.000,0.000,0.007,0.000,0.000,0.000,0.000,0.000,0.000,4.095,0.000,0.000,0.000,1.327,0.000,0.000,0.000,0.965,54.989,0.000,5.155,0.000,0.000,6.943,0.000,1.869,0.000,0.000,0.000,0.000,0.000,0.000,5.843,0.000,8.992,0.000,0.000,7.573,0.000,49.436,173.073,0.000,0.000,0.013,0.000,0.016,0.000,0.004,0.549,0.000,0.001,0.000,133.152,0.000,0.000,0.000,0.000,-0.3510,-0.1830,0.2081,0.0000,1,-0.09749,0.3548,0.0238,0.1316,0.0292,1,-0.03492,0.1102,-0.1589,0.2867,0.2253,1,-0.19014,0.0367,0.0573,0.1766,0.2382,1,-0.08174,-0.5107,-0.0335,0.3585,0.0972,1,-0.09178,0.2614,0.3322,0.1954,0.0626,0,0.06438
383.0,0,89.039,190.556,7.408,162.703,0.000,0.000,0.001,38.649,0.000,134.920,183.162,0.004,13.153,0.203,0.000,0.000,0.000,16.704,0.011,101.699,0.008,0.000,0.000,0.000,0.001,0.000,0.000,0.000,0.000,0.000,31.758,8.570,0.000,0.000,0.000,1.087,0.000,0.000,0.000,0.195,56.740,0.000,1.495,0.000,0.000,6.519,0.000,2.390,0.000,0.000,0.000,0.000,0.000,0.000,2.693,0.000,4.560,0.000,0.000,10.174,0.000,39.762,115.214,0.000,0.000,0.003,0.000,0.003,0.000,0.001,0.864,0.000,0.000,0.000,119.908,0.000,0.000,0.000,0.000,-0.3387,-0.1873,0.2020,0.0000,1,-0.09970,0.3793,0.0134,0.1101,0.0312,1,-0.03467,0.1422,-0.1303,0.3050,0.1951,1,-0.18173,0.0314,0.0469,0.1791,0.2382,1,-0.09145,-0.5107,-0.0270,0.3355,0.0806,1,-0.08040,0.2977,0.2886,0.2180,0.0635,1,0.02652
391.5,0,65.356,197.190,7.498,149.719,0.000,0.000,0.000,76.207,0.000,169.389,200.268,0.001,44.746,0.037,0.000,0.000,0.000,66.732,0.002,141.262,0.001,0.000,0.000,33.185,0.000,24.891,0.000,0.000,0.000,0.000,70.721,11.428,0.000,0.000,0.000,1.222,0.000,0.000,0.000,2.298,59.046,0.000,0.273,0.000,0.000,6.308,0.909,2.449,0.000,2.067,0.000,0.000,2.483,0.000,1.170,0.000,6.160,0.000,0.000,13.711,0.000,24.059,40.589,0.000,0.000,9.934,0.000,0.001,0.000,0.000,0.158,0.000,0.000,0.000,106.299,0.000,0.000,0.000,0.000,-0.3259,-0.1958,0.1962,0.0000,1,-0.10685,0.3983,0.0066,0.0913,0.0310,1,-0.03190,0.1662,-0.1062,0.3446,0.1820,1,-0.17105,0.0317,0.0441,0.1833,0.2375,1,-0.09452,-0.5085,-0.0217,0.3162,0.0664,1,-0.07026,0.3254,0.2352,0.2520,0.0605,1,-0.01601
400.0,0,50.343,184.796,1.370,78.035,0.000,0.000,0.000,55.916,0.000,179.368,208.358,0.000,81.851,0.007,0.000,0.000,0.000,115.659,0.000,160.977,0.000,0.000,0.000,74.321,0.000,117.449,0.000,0.000,0.000,0.000,84.179,14.234,0.000,0.000,0.000,1.673,0.000,0.000,0.000,7.427,72.551,0.000,0.728,0.000,0.000,6.525,5.156,1.686,0.000,0.932,0.000,0.000,0.454,0.000,2.908,1.547,5.664,0.000,0.000,20.123,0.000,16.318,7.415,0.000,0.000,18.337,0.000,0.000,0.000,0.000,0.029,0.000,1.550,0.000,121.740,0.000,0.000,0.000,0.000,-0.3186,-0.2070,0.1926,0.0000,1,-0.11674,0.4135,0.0024,0.0887,0.0292,1,-0.03357,0.1820,-0.0930,0.4010,0.1816,1,-0.16005,0.0324,0.0615,0.1859,0.2352,1,-0.08292,-0.5047,-0.0173,0.2982,0.0543,1,-0.06090,0.3459,0.1748,0.2882,0.0553,1,-0.05712
408.0,0,24.791,154.720,0.277,15.755,0.000,0.000,0.000,16.533,0.000,158.400,206.123,0.000,100.393,0.001,0.000,0.000,0.000,151.717,0.000,174.613,0.000,0.000,0.000,125.098,0.000,162.047,0.000,0.000,0.000,0.000,56.971,13.978,0.000,0.000,0.000,1.918,0.000,0.000,0.000,15.157,77.730,0.000,0.601,0.000,0.000,6.225,7.056,1.498,0.000,0.937,0.000,0.000,0.092,0.000,5.761,10.239,12.857,0.000,0.000,26.219,0.000,3.295,1.497,0.000,0.000,26.508,0.000,0.000,0.000,0.000,0.006,0.000,11.879,0.000,126.057,0.000,0.000,0.000,0.000,-0.3181,-0.2189,0.1914,0.0000,1,-0.12778,0.4259,-0.0002,0.1283,0.0264,1,-0.05127,0.1852,-0.1112,0.4626,0.1954,1,-0.15265,0.0347,0.0933,0.1869,0.2316,1,-0.06065,-0.5015,-0.0138,0.2848,0.0441,1,-0.05332,0.3609,0.1124,0.3278,0.0569,1,-0.09421
416.5,0,4.529,57.578,0.051,2.878,0.000,0.000,0.000,3.020,0.000,112.975,209.428,0.000,107.905,0.000,0.000,0.000,0.000,169.095,0.000,164.304,0.000,0.000,0.000,157.717,0.000,147.920,0.000,0.000,0.000,0.000,12.874,23.300,0.000,0.000,0.000,1.761,0.000,0.000,0.000,26.466,94.587,0.000,2.691,0.000,0.000,9.484,1.826,1.332,0.000,0.508,0.000,0.000,0.017,0.000,9.610,18.467,12.192,0.000,0.000,28.133,0.000,0.602,0.273,0.000,0.000,32.626,0.000,0.000,0.000,0.000,0.001,1.539,24.407,0.000,121.393,0.000,0.000,0.000,0.000,-0.3315,-0.2450,0.1911,0.0000,1,-0.14422,0.4358,0.0063,0.1972,0.0233,1,-0.07129,0.1775,-0.1548,0.5234,0.2196,1,-0.14390,0.0364,0.1171,0.1861,0.2293,1,-0.04380,-0.5002,-0.0110,0.2736,0.0436,1,-0.04847,0.3705,0.0441,0.3674,0.0748,1,-0.12706
425.0,0,0.827,10.519,0.009,0.526,0.000,0.000,0.000,0.552,0.000,29.661,185.639,0.000,95.599,0.000,0.000,0.000,0.000,176.104,0.000,131.276,0.000,0.000,0.000,158.068,0.000,70.582,0.000,0.000,0.000,0.000,2.352,14.277,0.000,0.000,0.000,1.877,0.000,0.000,0.000,35.094,108.977,0.000,10.262,0.000,0.000,9.266,0.334,1.486,0.000,0.093,0.000,0.000,0.003,0.000,12.562,23.061,20.637,0.000,0.000,28.200,0.000,0.110,0.050,0.000,0.000,37.072,0.000,0.000,0.000,0.000,0.000,0.483,30.306,0.000,140.378,0.000,0.000,0.000,0.000,-0.3553,-0.2689,0.1917,0.0000,1,-0.15392,0.4441,0.0129,0.2783,0.0201,1,-0.09217,0.1631,-0.2111,0.5775,0.2478,1,-0.13066,0.0359,0.1267,0.1851,0.2277,1,-0.03714,-0.4995,-0.0087,0.2610,0.0631,1,-0.04774,0.3698,-0.0273,0.4042,0.1051,1,-0.15150
433.0,0,0.167,2.124,0.002,0.106,0.000,0.000,0.000,0.111,0.000,5.988,105.092,0.000,69.983,0.000,0.000,0.000,0.000,179.728,0.000,100.372,0.000,0.000,0.000,162.617,0.000,16.482,0.000,0.000,0.000,0.000,0.475,10.770,0.000,0.000,0.000,1.634,0.000,0.000,0.000,38.627,123.017,0.000,13.765,0.000,0.000,6.995,0.067,1.669,0.000,0.019,0.000,0.000,0.001,0.000,13.382,14.209,20.701,0.000,0.000,27.730,0.000,0.022,0.010,0.000,0.000,34.994,0.000,0.000,0.000,0.000,0.000,0.098,31.220,0.000,160.372,0.000,0.000,0.000,0.000,-0.3830,-0.2851,0.1920,0.0000,1,-0.15540,0.4513,0.0167,0.3599,0.0171,1,-0.11095,0.1454,-0.2616,0.6241,0.2750,1,-0.11277,0.0337,0.1255,0.1846,0.2254,1,-0.03810,-0.4976,-0.0069,0.2519,0.0988,1,-0.05169,0.3552,-0.0964,0.4378,0.1433,1,-0.16580
441.5,0,9.459,0.388,0.000,0.019,0.000,0.000,0.000,0.020,0.000,1.094,19.199,0.000,41.406,0.000,0.000,0.000,0.000,168.216,0.000,74.249,0.000,0.000,0.000,149.614,0.000,3.011,0.000,0.000,0.000,0.000,0.087,9.421,0.000,0.000,0.000,1.924,0.000,0.000,0.000,43.284,134.985,0.000,11.241,0.000,0.000,8.806,0.012,1.192,0.000,0.003,0.000,0.000,0.000,0.000,11.316,4.387,17.472,0.000,0.000,27.354,0.000,0.004,0.002,0.000,0.000,28.527,0.000,0.000,0.000,0.000,0.000,0.018,28.630,0.000,173.533,0.000,0.000,0.000,0.000,-0.4106,-0.2942,0.1930,0.0000,1,-0.15168,0.4577,0.0180,0.4353,0.0144,1,-0.12544,0.1268,-0.2922,0.6640,0.2964,1,-0.09378,0.0305,0.1177,0.1825,0.2238,1,-0.04310,-0.4909,-0.0055,0.2427,0.1374,1,-0.05648,0.3208,-0.1615,0.4677,0.1809,1,-0.17168
450.0,0,1.728,0.071,0.000,0.004,0.000,0.000,0.000,0.004,0.000,0.200,3.507,0.000,26.137,0.000,0.000,0.000,0.000,151.392,0.000,45.457,0.000,0.000,0.000,122.933,0.000,0.550,0.000,0.000,0.000,0.000,0.016,6.521,0.000,0.000,0.000,1.788,0.000,0.000,0.000,34.703,128.028,0.000,8.577,0.000,0.000,9.128,0.002,1.474,0.000,0.001,0.000,0.000,0.000,0.000,7.739,0.801,7.811,0.000,0.000,20.226,0.000,0.001,0.000,0.000,0.000,20.173,0.000,0.000,0.000,0.000,0.000,0.003,24.811,0.000,172.875,0.000,0.000,0.000,0.000,-0.4347,-0.2967,0.1940,0.0000,1,-0.14457,0.4631,0.0177,0.5010,0.0120,1,-0.13533,0.1086,-0.2991,0.6972,0.3098,1,-0.07776,0.0270,0.1063,0.1809,0.2229,1,-0.05062,-0.4770,-0.0043,0.2346,0.1715,1,-0.06087,0.2609,-0.2206,0.4919,0.2092,1,-0.17280
458.0,0,25.239,0.014,0.000,0.001,0.000,0.000,0.000,0.001,0.000,0.040,0.708,0.000,13.464,0.000,0.000,0.000,0.000,117.762,0.000,25.917,0.000,0.000,0.000,112.016,0.000,0.111,0.000,0.000,0.000,0.000,0.003,5.505,0.000,0.000,0.000,1.650,0.000,0.000,0.000,32.664,124.532,0.000,5.078,0.000,0.000,8.394,0.000,1.510,0.000,0.000,0.000,0.000,0.000,0.000,6.033,0.162,6.397,0.000,0.000,19.845,0.000,0.000,0.000,0.000,0.000,15.096,0.000,24.562,0.000,0.000,0.000,0.001,21.905,0.000,172.451,0.000,0.000,0.000,0.000,-0.4543,-0.2944,0.1944,0.0000,1,-0.13617,0.4676,-0.0083,0.5562,0.0099,1,-0.15345,0.0918,-0.2877,0.7252,0.3163,1,-0.06561,0.0234,0.0935,0.1798,0.2221,1,-0.05916,-0.4538,-0.0034,0.2326,0.1959,1,-0.06561,0.1832,-0.2722,0.5113,0.2210,1,-0.17281
466.5,0,111.215,0.003,6.065,0.000,0.000,0.000,0.000,0.000,0.000,0.007,0.129,0.000,2.460,0.000,0.000,0.000,0.000,88.607,0.000,15.472,0.000,0.000,0.000,109.362,0.000,0.020,0.000,0.000,0.000,0.000,0.001,5.619,0.000,0.000,0.000,1.712,0.000,0.000,0.000,39.177,132.193,0.000,1.339,0.000,0.000,6.442,0.000,1.146,0.000,0.000,0.000,0.000,0.000,0.000,3.132,0.030,15.428,0.000,0.000,24.998,0.000,0.000,0.000,0.000,0.000,12.229,0.000,18.348,0.000,0.000,0.000,0.000,18.322,0.000,178.894,0.000,0.000,0.000,0.000,-0.4710,-0.2896,0.1947,0.0000,1,-0.12927,0.4715,-0.0517,0.6021,0.0081,1,-0.17385,0.0768,-0.2652,0.7481,0.3175,1,-0.05720,0.0199,0.0807,0.1774,0.2201,1,-0.06716,-0.4274,-0.0027,0.2430,0.2116,1,-0.07228,0.1004,-0.3162,0.5255,0.2179,1,-0.17412
475.0,0,136.752,0.000,47.905,7.408,0.000,0.000,0.000,49.354,0.000,0.001,0.024,0.000,0.449,0.000,0.000,0.000,0.000,58.566,0.000,23.611,0.000,0.000,0.000,94.666,0.000,0.004,0.000,0.000,0.000,0.000,0.000,5.255,0.000,0.000,0.000,1.636,0.000,0.000,0.000,39.505,132.006,0.000,0.245,0.000,0.000,7.524,0.000,1.297,0.000,0.000,0.000,0.000,0.000,0.000,1.250,0.005,18.093,0.000,0.000,25.335,0.000,0.000,0.000,0.000,0.000,7.893,0.000,22.385,0.000,0.000,0.000,0.000,11.780,0.000,167.223,0.000,0.000,0.000,0.000,-0.4848,-0.2831,0.1946,0.0000,1,-0.12449,0.4746,-0.0958,0.6346,0.0066,1,-0.18963,0.0637,-0.2370,0.7664,0.3141,1,-0.05198,0.0168,0.0686,0.1752,0.2184,1,-0.07491,-0.4063,-0.0021,0.2721,0.2197,1,-0.08201,0.0204,-0.3539,0.5330,0.2045,1,-0.17781
483.0,0,168.313,0.000,91.856,65.648,0.000,0.000,0.000,134.998,0.000,0.000,0.005,0.000,0.091,0.000,0.000,0.000,0.000,41.177,0.000,45.766,0.000,0.000,0.000,81.222,0.000,0.001,0.000,0.000,0.000,0.000,0.000,6.564,0.000,0.000,0.000,1.848,0.000,0.000,0.000,42.843,134.134,0.000,0.049,0.000,0.000,7.390,0.000,1.591,0.000,0.000,0.000,0.000,0.000,0.000,0.252,0.001,28.791,0.000,0.000,28.714,0.000,0.000,0.000,5.475,0.000,3.471,0.000,23.622,0.000,0.000,0.000,0.000,5.500,0.000,160.767,0.000,0.000,0.000,0.000,-0.4962,-0.2773,0.1950,0.0000,1,-0.12243,0.4769,-0.1352,0.6458,0.0054,1,-0.20235,0.0425,-0.2070,0.7806,0.3047,1,-0.04967,0.0140,0.0576,0.1743,0.2167,1,-0.08250,-0.3929,-0.0017,0.3218,0.2247,1,-0.09465,-0.0523,-0.3861,0.5362,0.1887,1,-0.18308
491.5,0,166.610,0.000,132.641,104.651,0.000,0.000,65.794,180.921,0.000,33.398,0.001,0.000,0.017,0.000,0.000,0.000,0.000,19.732,0.000,87.028,0.000,0.000,0.000,56.380,0.000,0.000,0.000,0.000,0.000,0.000,0.000,5.583,0.000,0.000,0.000,1.406,0.000,0.000,0.000,42.921,129.086,0.000,0.009,0.000,0.000,6.701,0.000,1.903,0.000,0.000,0.000,0.000,8.966,0.000,2.724,2.369,34.276,0.000,0.000,28.269,0.000,0.000,0.000,9.593,0.000,0.923,0.000,22.523,0.000,0.000,0.000,0.000,2.605,0.000,140.109,0.000,0.000,0.000,0.000,-0.5054,-0.2713,0.1942,0.0000,1,-0.12129,0.4782,-0.1687,0.6335,0.0043,1,-0.21500,0.0147,-0.1879,0.7910,0.2872,1,-0.05030,0.0072,0.0479,0.1753,0.2147,1,-0.08719,-0.3944,-0.0013,0.3799,0.2292,1,-0.10616,-0.1021,-0.4167,0.5419,0.1758,1,-0.18610
500.0,0,149.914,0.000,142.558,102.242,0.000,0.000,138.922,196.527,0.000,85.456,0.000,0.000,0.003,0.000,0.000,0.000,0.000,9.689,0.000,114.162,0.000,0.000,0.000,13.025,0.000,0.000,0.000,0.000,0.000,0.000,0.000,8.101,0.000,0.000,0.000,1.312,0.000,0.000,0.000,40.313,129.357,0.000,0.002,0.000,0.000,5.923,0.000,1.586,0.000,0.000,0.000,0.000,14.346,0.000,5.287,4.472,28.076,0.000,0.000,26.148,0.000,0.000,0.000,11.646,0.000,0.169,0.000,17.354,0.000,0.000,0.000,0.000,1.063,0.000,104.957,0.000,0.000,0.000,2.121,-0.5121,-0.2674,0.1922,0.0000,1,-0.12185,0.4770,-0.1960,0.6009,0.0035,1,-0.22877,-0.0192,-0.1815,0.7984,0.2625,1,-0.05333,-0.0054,0.0395,0.1763,0.2121,1,-0.08904,-0.4075,-0.0010,0.4356,0.2325,1,-0.11430,-0.1100,-0.4481,0.5411,0.1687,1,-0.18891
508.0,0,121.094,0.000,146.093,78.285,0.000,0.000,178.792,203.347,0.000,106.086,0.000,0.000,0.001,0.000,0.000,0.000,0.000,4.188,0.000,118.003,0.000,0.000,0.000,2.630,0.000,0.000,0.000,0.000,0.000,0.000,0.000,8.761,0.000,0.000,0.000,1.468,0.000,0.000,0.000,35.737,114.020,0.000,0.000,0.000,0.000,8.448,0.000,1.649,0.000,0.000,0.000,0.000,20.081,0.000,8.186,2.898,28.798,0.000,0.000,22.736,0.000,0.000,0.000,10.749,0.000,0.034,0.000,12.745,0.000,0.000,0.000,0.000,1.634,0.000,70.850,0.000,0.000,0.000,1.994,-0.5155,-0.2653,0.1904,0.0000,1,-0.12434,0.4704,-0.2170,0.5590,0.0028,1,-0.24169,-0.0517,-0.1789,0.8024,0.2337,1,-0.05829,-0.0212,0.0324,0.1774,0.2109,1,-0.08942,-0.4242,-0.0008,0.4797,0.2352,1,-0.11891,-0.0798,-0.4695,0.5328,0.1652,1,-0.19255
516.5,0,153.058,0.000,139.697,48.385,0.000,0.000,192.034,205.909,0.000,111.351,0.000,0.000,14.014,0.000,0.000,0.000,0.000,0.765,0.000,114.875,0.000,0.000,0.000,0.480,40.816,0.000,0.000,0.000,0.000,0.000,0.000,7.785,0.000,0.000,0.000,1.434,0.000,0.000,0.000,42.923,113.391,0.000,0.000,0.000,0.000,7.423,0.000,1.215,0.000,0.000,0.000,0.000,27.093,0.000,12.415,3.087,30.816,0.000,0.000,22.953,0.000,0.000,0.000,11.726,0.000,0.006,0.000,8.937,0.000,0.000,0.000,0.000,1.735,0.000,50.886,0.000,0.000,0.000,3.265,-0.5180,-0.2638,0.1886,0.0000,1,-0.12718,0.4583,-0.2316,0.5139,0.0022,1,-0.25231,-0.0811,-0.1777,0.8037,0.2038,1,-0.06410,-0.0383,0.0264,0.1768,0.2101,1,-0.08827,-0.4412,-0.0006,0.5210,0.2387,1,-0.12170,-0.0267,-0.4750,0.5138,0.1605,1,-0.20016
525.0,0,172.565,0.000,148.225,26.049,0.000,0.000,195.941,198.322,0.000,97.180,0.000,0.000,24.465,7.408,0.000,0.000,0.000,0.140,0.000,109.598,0.000,0.000,0.000,0.088,87.995,0.000,0.000,0.000,0.000,0.000,2.019,6.698,0.000,0.000,0.000,2.074,0.000,0.000,0.000,47.500,124.609,0.000,0.000,0.000,0.000,7.980,0.000,1.861,0.000,0.000,0.000,0.000,43.643,0.000,14.791,1.834,36.303,0.000,0.000,20.931,0.000,0.000,0.000,14.690,0.000,0.001,0.000,5.544,0.000,0.000,0.000,0.000,0.651,0.000,20.601,0.000,0.000,0.000,4.150,-0.5207,-0.2620,0.1891,0.0000,1,-0.12960,0.4398,-0.2393,0.4645,0.0018,1,-0.25953,-0.1113,-0.1750,0.8020,0.1748,1,-0.07043,-0.0560,0.0214,0.1777,0.2098,1,-0.08690,-0.4565,-0.0005,0.5474,0.2430,1,-0.12277,0.0358,-0.4612,0.4869,0.1503,1,-0.21132
533.0,0,164.721,0.000,138.594,5.259,0.000,0.000,199.886,207.775,0.000,69.596,0.000,0.000,26.844,24.466,0.000,0.000,14.014,0.028,0.000,95.575,0.000,0.000,0.000,0.018,126.001,0.000,0.000,0.000,0.000,0.000,0.408,4.496,0.000,0.000,0.000,1.577,0.000,0.000,0.000,50.803,126.933,0.000,0.000,0.000,0.000,9.444,0.000,1.889,0.000,0.000,0.000,0.000,45.808,0.000,15.528,0.370,34.680,0.000,0.000,14.999,0.000,0.000,0.000,16.476,0.000,0.000,0.000,3.569,0.000,0.000,0.000,0.000,0.131,0.000,4.159,0.000,0.000,0.000,4.980,-0.5236,-0.2581,0.1893,0.0000,1,-0.12984,0.4119,-0.2403,0.4109,0.0014,1,-0.26209,-0.1416,-0.1656,0.7933,0.1480,1,-0.07796,-0.0730,0.0173,0.1794,0.2107,1,-0.08592,-0.4692,-0.0004,0.5561,0.2476,1,-0.12298,0.0982,-0.4310,0.4553,0.1361,1,-0.22293
541.5,0,165.220,0.000,117.115,0.961,0.000,0.000,208.289,206.718,0.000,24.924,0.000,0.000,12.595,42.610,0.000,0.000,31.601,0.005,0.000,77.930,0.000,0.000,0.000,0.003,134.527,0.000,0.000,0.000,0.000,0.000,0.074,4.174,0.000,0.000,0.000,1.712,0.000,0.000,0.000,46.625,112.128,0.000,0.000,0.000,0.000,10.484,0.000,2.176,0.000,0.000,0.000,0.000,46.454,0.000,16.138,0.068,26.255,0.000,0.000,7.696,0.000,0.000,0.000,17.539,0.000,1.750,0.000,1.127,0.000,0.000,0.000,0.000,0.024,0.000,0.760,0.000,0.000,0.000,4.029,-0.5259,-0.2528,0.1897,0.0000,1,-0.12942,0.3753,-0.2320,0.3565,0.0011,1,-0.25723,-0.1687,-0.1509,0.7693,0.1306,1,-0.08757,-0.0881,0.0139,0.1824,0.2126,1,-0.08571,-0.4791,-0.0003,0.5453,0.2519,1,-0.12275,0.1549,-0.3476,0.4240,0.1202,1,-0.22554
550.0,0,141.471,0.000,45.620,0.176,0.000,0.000,207.805,201.349,0.000,4.553,0.000,0.000,2.301,47.623,0.000,0.000,38.957,0.001,11.901,54.167,0.000,0.000,0.000,0.001,142.720,0.000,0.000,0.000,0.000,0.000,0.014,3.362,0.000,0.000,0.000,1.563,0.000,0.000,0.000,39.582,100.066,0.000,0.000,0.000,0.000,8.930,0.000,2.180,0.000,0.000,0.000,0.000,38.527,0.000,14.829,0.012,24.604,0.000,0.000,3.044,0.000,0.000,0.000,14.834,0.000,1.617,0.000,0.206,0.000,0.000,0.000,0.000,0.004,0.000,0.139,0.000,0.000,0.000,3.059,-0.5260,-0.2459,0.1898,0.0000,1,-0.12932,0.3339,-0.2149,0.3045,0.0009,1,-0.24418,-0.1895,-0.1337,0.7223,0.1193,1,-0.10059,-0.1005,0.0111,0.1859,0.2143,1,-0.08609,-0.4867,-0.0002,0.5139,0.2588,1,-0.12182,0.2039,-0.1845,0.3940,0.1040,1,-0.20044
558.0,0,145.849,0.000,9.211,5.001,0.000,0.000,200.521,208.386,0.000,0.919,0.000,0.000,0.465,62.123,0.000,0.000,46.627,0.000,19.362,31.877,0.000,0.000,0.000,0.000,155.412,0.000,0.000,0.000,0.000,0.000,0.003,2.132,0.000,0.000,0.000,1.723,0.000,0.000,0.000,36.736,94.453,0.000,0.000,0.000,0.000,9.132,0.000,2.314,0.000,0.000,0.000,0.000,41.579,0.000,18.187,0.002,26.982,0.000,0.000,1.861,0.000,0.000,0.000,15.457,0.000,2.595,1.341,0.042,0.000,0.000,0.000,0.000,0.001,0.000,0.028,0.000,0.000,0.000,2.237,-0.5238,-0.2360,0.1901,0.0000,1,-0.12868,0.2911,-0.1929,0.2568,0.0007,1,-0.22472,-0.2052,-0.1160,0.6570,0.1145,1,-0.11266,-0.1102,0.0089,0.1898,0.2158,1,-0.08683,-0.4925,-0.0002,0.4737,0.2725,1,-0.12008,0.2436,-0.0004,0.3694,0.0886,1,-0.14310
566.5,0,142.835,0.000,1.683,17.426,0.000,0.000,182.127,206.830,0.000,0.168,0.000,0.000,0.085,67.143,0.000,0.000,55.741,0.000,29.798,14.037,0.000,0.000,0.000,0.000,158.306,0.000,0.000,0.000,0.000,0.000,0.001,2.076,0.000,0.000,0.000,1.603,0.000,0.000,0.000,31.227,88.621,0.000,0.000,0.000,0.000,8.188,0.000,1.558,0.000,0.000,0.000,0.000,41.606,0.000,22.927,0.000,28.541,0.000,0.000,2.271,0.000,0.000,0.000,15.902,0.000,2.638,0.245,0.008,0.000,0.000,0.000,0.000,0.000,0.000,0.005,0.000,0.000,0.000,2.630,-0.5189,-0.2247,0.1903,0.0000,1,-0.12749,0.2498,-0.1690,0.2143,0.0006,1,-0.20124,-0.2185,-0.0991,0.5853,0.1138,1,-0.12022,-0.1179,0.0071,0.1915,0.2167,1,-0.08690,-0.4969,-0.0001,0.4268,0.2901,1,-0.11694,0.2740,0.1658,0.3504,0.0746,1,-0.06719
575.0,0,128.145,0.000,0.307,70.697,0.000,37.015,138.640,206.228,0.000,9.905,0.000,0.000,0.016,78.332,0.000,0.000,59.817,0.000,36.241,7.058,0.000,0.000,0.000,0.000,148.825,0.000,0.000,0.000,0.000,0.000,0.000,2.273,0.000,0.000,0.000,1.637,0.000,0.000,0.000,22.420,86.526,0.000,0.000,0.000,0.000,8.398,0.000,2.284,0.000,0.000,0.000,0.000,53.275,0.000,22.853,0.000,25.133,0.000,0.000,1.848,0.000,0.000,0.000,16.967,0.000,2.016,0.045,0.001,0.000,0.000,0.000,0.000,0.000,0.000,0.001,0.000,0.000,0.000,1.845,-0.5103,-0.2139,0.1904,0.0000,1,-0.12615,0.2115,-0.1455,0.1774,0.0004,1,-0.17602,-0.2287,-0.0835,0.5111,0.1140,1,-0.12261,-0.1245,0.0056,0.1940,0.2173,1,-0.08711,-0.5003,-0.0001,0.3849,0.3084,1,-0.11307,0.2939,0.3032,0.3669,0.0621,1,0.00520
583.0,0,127.908,0.000,0.062,114.828,0.000,80.032,76.235,197.311,0.000,45.031,0.000,9.048,0.003,79.862,0.000,0.000,70.322,0.000,15.295,14.106,0.000,0.000,0.000,0.000,130.354,0.000,0.000,0.000,0.000,0.000,0.000,2.584,0.000,0.000,0.000,1.755,0.000,1.422,0.000,16.294,77.200,0.000,0.000,0.000,0.000,8.518,0.000,2.535,0.000,0.000,0.000,0.000,68.355,0.000,24.552,0.000,27.627,0.000,0.000,1.121,0.000,0.000,0.000,15.757,0.000,3.499,1.767,0.000,0.000,0.000,0.000,0.000,0.000,0.000,0.000,0.000,0.000,0.000,0.373,-0.4962,-0.2045,0.1909,0.0000,1,-0.12531,0.1771,-0.1234,0.1458,0.0003,1,-0.15085,-0.2362,-0.0697,0.4346,0.1177,1,-0.11909,-0.1306,0.0045,0.1974,0.2192,1,-0.08770,-0.5024,-0.0001,0.3505,0.3251,1,-0.10917,0.3062,0.4128,0.4099,0.0513,0,0.06072
591.5,0,109.253,0.000,0.011,147.295,0.000,105.190,18.671,202.852,0.000,88.553,0.000,67.104,0.001,64.565,0.000,0.000,63.270,0.000,2.794,35.152,0.000,0.000,0.000,0.000,73.546,0.000,0.000,0.000,24.046,0.000,0.000,4.663,0.000,0.000,0.000,1.745,0.000,0.260,0.000,4.781,60.312,0.000,0.000,0.000,0.000,8.409,0.000,2.387,0.000,0.000,0.000,0.000,81.260,0.000,22.801,0.000,30.022,0.000,0.000,0.324,0.000,0.000,0.000,12.106,0.000,5.384,2.209,0.000,0.000,0.000,0.000,0.000,0.000,0.000,0.000,0.000,0.000,0.000,0.746,-0.4771,-0.1999,0.1915,0.0000,1,-0.12718,0.1470,-0.1035,0.1190,0.0003,1,-0.12695,-0.2403,-0.0577,0.3536,0.1254,1,-0.10981,-0.1366,0.0035,0.2007,0.2240,1,-0.08871,-0.5027,-0.0001,0.3241,0.3384,1,-0.10566,0.3163,0.4981,0.4650,0.0421,0,0.09873
600.0,0,101.352,0.000,0.002,153.794,0.000,120.069,3.411,192.585,0.000,135.061,0.000,129.903,0.000,21.532,15.619,0.000,58.666,0.000,0.510,63.464,39.740,0.000,0.000,0.000,13.436,0.000,0.000,0.000,67.107,0.000,15.099,5.737,0.000,0.000,0.000,1.726,0.000,0.047,0.000,0.873,46.217,0.000,0.000,0.000,0.000,6.321,0.000,2.710,0.000,0.000,0.000,0.000,86.161,0.000,22.604,0.000,31.849,0.000,0.000,0.059,0.000,0.000,0.000,2.828,0.000,2.015,1.139,0.000,0.000,0.000,0.000,0.000,0.000,0.000,0.000,0.000,0.000,0.000,2.931,-0.4514,-0.1993,0.1922,0.0000,1,-0.13148,0.1211,-0.0860,0.0967,0.0002,1,-0.10508,-0.2355,-0.0474,0.2712,0.1298,1,-0.09509,-0.1422,0.0028,0.2046,0.2260,1,-0.08942,-0.5024,-0.0001,0.3046,0.3478,1,-0.10261,0.3268,0.5615,0.5164,0.0344,0,0.12395
608.0,0,105.777,0.000,0.000,158.546,0.000,123.801,0.689,189.613,0.000,160.280,0.000,166.930,14.966,4.347,38.517,0.000,63.220,0.000,0.103,104.089,125.670,0.000,0.000,0.000,2.713,0.000,0.000,0.000,111.430,0.000,33.597,7.037,0.000,0.000,0.000,1.603,0.000,0.010,0.000,0.176,43.413,0.000,0.000,0.000,0.000,8.881,0.000,2.385,0.000,1.369,0.000,0.000,90.741,0.000,19.313,0.000,33.212,0.000,1.905,0.600,0.000,0.000,0.000,0.571,0.000,0.407,1.571,0.000,0.000,0.000,0.000,0.000,0.000,0.000,0.000,0.000,0.000,0.000,5.964,-0.4207,-0.2021,0.1923,0.0000,1,-0.13745,0.0991,-0.0709,0.0782,0.0002,1,-0.08564,-0.2212,-0.0273,0.1978,0.1270,1,-0.06971,-0.1424,0.0022,0.2078,0.2284,1,-0.09008,-0.5017,-0.0000,0.2905,0.3534,1,-0.10020,0.3373,0.6009,0.5586,0.0279,0,0.13497
616.5,0,109.703,0.000,0.000,116.872,0.000,68.547,0.126,177.893,0.000,177.064,0.000,181.822,38.994,0.794,56.014,0.000,54.278,0.000,0.019,131.764,173.764,0.000,0.000,0.000,0.496,0.000,0.000,0.000,138.475,0.000,52.185,7.408,0.000,0.000,0.000,1.704,0.000,0.002,0.000,0.032,36.304,0.000,0.000,0.000,0.000,7.675,4.119,2.672,0.000,0.661,0.000,0.000,86.836,0.000,15.349,0.000,50.158,0.000,11.546,0.110,0.000,6.577,64.867,0.104,0.000,0.074,3.635,0.000,0.000,0.000,0.000,0.000,0.000,0.000,0.000,0.000,0.000,0.000,7.809,-0.3875,-0.2070,0.1926,0.0000,1,-0.14446,0.0807,-0.0580,0.0630,0.0001,1,-0.06870,-0.1939,0.0163,0.1179,0.1184,1,-0.02567,-0.1415,0.0212,0.2110,0.2291,1,-0.07753,-0.5009,-0.0000,0.2786,0.3515,1,-0.09727,0.3493,0.6070,0.5912,0.0225,0,0.12823
625.0,0,110.421,40.432,0.000,46.048,0.000,12.522,0.023,178.908,0.000,172.866,0.000,176.253,54.445,0.145,73.421,0.000,37.596,0.000,0.003,142.163,199.838,0.000,0.000,0.000,0.091,0.000,0.000,0.000,150.234,0.000,30.543,7.322,0.000,0.000,0.000,2.498,0.000,0.000,0.000,0.006,32.320,0.000,0.000,0.000,0.000,5.999,3.568,2.647,0.000,0.121,0.000,0.000,77.849,0.000,12.189,0.000,55.778,0.000,9.470,0.284,0.000,16.021,115.478,0.019,0.000,0.014,4.800,0.000,0.000,0.000,0.000,0.000,0.000,0.000,0.000,0.000,0.000,0.000,6.367,-0.3538,-0.2126,0.1950,0.0000,1,-0.15230,0.0654,-0.0472,0.0506,0.0001,1,-0.05414,-0.1549,0.0670,0.0395,0.1067,1,0.02903,-0.1419,0.0466,0.2141,0.2274,1,-0.06028,-0.5001,-0.0000,0.2678,0.3443,1,-0.09409,0.3605,0.5689,0.6163,0.0181,0,0.10109
633.0,0,101.668,56.356,0.000,9.297,0.000,2.528,0.005,173.829,0.000,139.122,0.000,144.249,70.319,0.029,83.972,0.000,10.602,0.000,0.001,127.483,205.069,0.000,0.000,0.000,0.018,0.000,0.000,0.000,152.340,0.000,9.845,7.261,0.000,0.000,0.000,1.984,0.000,0.000,0.000,0.001,36.849,0.000,0.000,0.000,0.000,7.321,0.720,2.229,0.000,0.024,0.000,0.000,72.471,0.000,9.027,0.000,59.583,0.000,2.185,0.903,0.000,13.145,142.255,0.004,0.000,0.003,5.178,0.000,0.000,0.000,0.000,0.000,0.000,0.000,0.000,0.000,0.000,1.414,1.787,-0.3218,-0.2183,0.1973,0.0000,1,-0.15937,0.0527,-0.0383,0.0405,0.0071,1,-0.04392,-0.1124,0.1040,-0.0279,0.0938,0,0.07603,-0.1431,0.0637,0.2159,0.2252,1,-0.04840,-0.4989,-0.0000,0.2601,0.3343,1,-0.09115,0.3709,0.4885,0.6352,0.0145,0,0.05756
641.5,0,58.736,36.007,0.000,1.698,0.000,0.462,0.001,169.017,0.000,80.135,8.187,60.032,62.343,0.005,88.850,0.000,1.937,0.000,0.000,101.767,201.048,0.000,0.000,0.000,0.003,0.000,0.000,0.000,130.707,0.000,1.799,5.418,0.000,0.000,0.000,2.056,0.000,0.000,0.000,0.000,48.442,0.000,0.000,0.000,0.000,10.782,0.132,2.175,0.000,1.256,0.000,0.000,68.105,0.000,6.339,0.000,39.813,0.000,0.399,2.152,0.000,9.019,160.637,0.001,0.000,0.001,5.744,0.000,0.000,0.000,0.000,0.000,0.000,0.000,0.000,0.000,0.000,1.672,0.327,-0.2934,-0.2223,0.1995,0.0000,1,-0.16420,0.0424,-0.0309,0.0323,0.0185,1,-0.03716,-0.0727,0.1223,-0.0730,0.0808,0,0.10309,-0.1403,0.0708,0.2167,0.2246,1,-0.04339,-0.4976,-0.0000,0.2533,0.3294,1,-0.08908,0.3783,0.3805,0.6475,0.0153,1,0.00877
650.0,0,22.355,6.578,0.000,0.310,0.000,0.084,0.000,149.832,0.000,17.365,9.996,10.967,42.170,0.001,89.865,0.000,0.354,0.000,0.000,73.929,208.501,0.000,0.000,0.000,0.001,0.000,0.000,0.000,84.299,0.000,0.329,4.310,0.000,0.000,0.000,1.762,0.000,0.000,0.000,7.696,62.185,0.000,0.000,0.000,0.000,14.988,0.024,2.073,0.000,0.684,0.000,0.000,58.651,0.000,4.622,0.000,8.636,0.000,0.073,2.549,0.000,21.715,177.005,0.000,0.000,0.000,4.542,0.000,0.000,0.000,0.000,0.000,0.000,0.000,0.000,0.000,0.000,0.857,0.060,-0.2798,-0.2238,0.2007,0.0000,1,-0.16614,0.0339,-0.0248,0.0257,0.0287,1,-0.03192,-0.0263,0.1264,-0.0908,0.0687,0,0.10824,-0.1367,0.0710,0.2167,0.2263,1,-0.04352,-0.4961,-0.0000,0.2473,0.3296,1,-0.08766,0.3786,0.2617,0.6532,0.0196,1,-0.03594
658.0,0,63.317,63.826,0.000,0.063,0.000,0.017,0.000,111.093,0.000,3.506,4.743,2.214,22.067,0.000,82.617,0.000,0.071,0.000,0.000,51.098,200.661,0.000,0.000,0.000,0.000,0.000,0.000,0.000,22.263,0.000,0.066,4.056,0.000,0.000,0.000,1.887,0.000,0.000,0.000,12.682,72.887,0.000,0.411,0.000,0.000,16.057,0.005,2.357,0.000,0.138,0.000,0.000,43.391,0.000,1.611,0.000,1.744,0.000,0.015,3.603,0.000,37.182,184.758,0.000,0.000,0.000,2.262,0.000,0.000,0.000,0.000,0.000,0.000,0.000,0.000,0.000,0.000,2.481,0.012,-0.2779,-0.2234,0.2016,0.0000,1,-0.16582,0.0271,-0.0199,0.0204,0.0428,1,-0.02924,0.0265,0.1216,-0.0828,0.0577,0,0.09496,-0.1344,0.0670,0.2169,0.2294,1,-0.04717,-0.4934,-0.0000,0.2379,0.3324,1,-0.08557,0.3629,0.1449,0.6532,0.0263,1,-0.07287
666.5,0,131.436,142.636,0.000,0.011,0.000,0.003,0.000,107.391,0.000,0.640,52.628,0.404,4.031,0.000,76.771,0.000,0.013,0.000,0.000,41.540,177.646,0.000,0.000,0.000,0.000,0.000,0.000,0.000,4.067,0.000,0.012,3.121,0.000,0.000,0.000,1.775,0.000,0.000,0.000,19.110,85.511,0.000,0.486,0.000,0.000,14.302,0.001,1.859,0.000,0.025,0.000,0.000,34.967,0.000,0.666,0.000,0.319,0.000,0.003,4.324,0.000,49.685,189.517,0.000,0.000,0.000,0.413,0.000,0.000,0.000,0.000,0.000,0.000,0.000,0.000,0.000,0.000,2.078,0.002,-0.2842,-0.2206,0.2019,0.0000,1,-0.16304,0.0216,-0.0159,0.0162,0.0572,1,-0.02780,0.0816,0.1117,-0.0572,0.0480,0,0.06993,-0.1327,0.0608,0.2159,0.2328,1,-0.05208,-0.4883,-0.0000,0.2209,0.3328,1,-0.08145,0.3351,0.0394,0.6478,0.0298,1,-0.10227
675.0,0,138.273,168.530,0.000,0.002,0.000,0.001,0.000,135.849,0.000,0.117,134.628,0.074,0.736,0.000,66.492,0.000,0.002,7.408,0.000,14.380,133.960,0.000,0.000,9.048,0.000,0.000,0.000,0.000,0.743,0.000,0.002,4.366,0.000,0.000,0.000,2.136,0.000,0.000,0.000,23.215,86.109,0.000,1.003,0.000,0.000,11.031,0.000,1.404,0.000,0.005,0.000,0.000,34.942,0.000,0.676,0.000,0.058,2.355,0.000,4.741,0.000,60.663,196.362,0.000,0.000,0.000,0.075,0.000,0.000,0.000,0.000,0.000,0.139,0.000,0.000,0.000,0.000,0.380,0.000,-0.2964,-0.2184,0.2030,0.0000,1,-0.16025,0.0172,-0.0127,0.0144,0.0645,1,-0.02603,0.1353,0.0995,-0.0222,0.0462,1,0.03878,-0.1314,0.0536,0.2126,0.2350,1,-0.05642,-0.4818,-0.0000,0.1987,0.3312,1,-0.07581,0.3125,-0.0532,0.6391,0.0303,1,-0.12600
683.0,0,127.792,170.834,0.000,7.409,0.000,0.000,0.000,170.622,0.000,0.024,182.706,0.015,0.149,0.000,49.971,0.000,0.000,44.913,0.000,2.903,54.524,0.000,0.000,18.831,0.000,65.794,0.000,0.000,0.150,0.000,0.000,6.760,0.000,0.000,0.000,1.267,0.000,0.000,0.000,27.506,91.019,0.000,2.893,0.000,0.000,9.432,0.000,1.496,0.000,0.001,0.000,0.000,43.176,0.000,2.303,0.000,0.012,5.377,0.000,4.182,0.000,59.977,193.012,0.000,0.000,0.000,0.015,0.000,0.000,0.000,0.000,0.000,0.028,0.000,0.000,0.000,0.000,0.077,0.000,-0.3130,-0.2189,0.2015,0.0000,1,-0.15744,0.0136,-0.0101,0.0129,0.0655,1,-0.02302,0.1836,0.0867,0.0157,0.0567,1,0.00616,-0.1312,0.0464,0.2086,0.2358,1,-0.05988,-0.4745,-0.0000,0.1744,0.3281,1,-0.06927,0.3036,-0.1322,0.6286,0.0289,1,-0.14458
691.5,0,125.110,159.302,10.000,43.909,0.000,0.000,0.000,178.305,0.000,7.412,198.165,0.003,0.027,0.000,15.661,0.000,0.000,100.674,0.000,7.234,9.961,0.000,0.000,52.032,0.000,138.338,0.000,0.000,0.027,0.000,0.000,9.415,0.000,0.000,0.000,1.639,0.000,0.000,0.000,30.219,90.410,0.000,3.878,0.000,0.000,7.661,0.000,1.284,0.000,0.000,0.000,3.288,60.096,0.000,3.591,0.000,0.002,9.703,0.000,7.023,0.000,45.885,180.755,0.000,0.000,0.000,0.003,0.000,0.000,0.000,0.000,1.000,0.005,0.000,0.000,0.000,0.000,0.014,0.000,-0.3315,-0.2226,0.2000,0.0000,1,-0.15539,0.0108,-0.0021,0.0113,0.0624,1,-0.01397,0.2209,0.0742,0.0747,0.0793,1,-0.03078,-0.1394,0.0395,0.2035,0.2348,1,-0.06189,-0.4674,-0.0000,0.1502,0.3281,1,-0.06306,0.3058,-0.1978,0.6107,0.0264,1,-0.16048
700.0,0,133.165,121.235,62.027,95.272,0.000,0.000,0.000,185.827,0.000,27.579,204.962,0.000,0.005,0.000,2.861,0.000,0.000,137.088,0.000,14.475,1.820,0.000,0.000,110.505,0.000,170.485,0.000,0.000,0.005,0.000,0.000,11.389,0.000,0.000,0.000,1.389,0.000,0.000,0.000,33.548,96.675,0.000,1.263,0.000,0.000,9.210,0.000,1.178,0.000,0.000,0.000,11.424,75.437,0.000,3.324,25.000,0.000,11.882,0.000,15.641,0.000,32.505,156.028,0.000,0.000,8.063,0.001,0.000,0.000,0.000,0.000,17.771,6.324,0.000,0.000,0.000,0.000,0.003,0.000,-0.3526,-0.2285,0.1976,0.0000,1,-0.15502,0.0085,0.0481,0.0461,0.0570,1,0.01574,0.2455,0.0422,0.1676,0.1207,1,-0.08062,-0.1586,0.0332,0.1977,0.2337,1,-0.06279,-0.4579,-0.0000,0.1329,0.3320,1,-0.05924,0.3160,-0.2510,0.5892,0.0373,1,-0.17266
708.0,0,123.130,39.722,129.200,135.595,0.000,0.000,23.675,171.263,0.000,64.710,200.181,0.000,0.001,0.000,0.578,0.000,0.000,158.289,0.000,50.270,0.367,0.000,0.000,157.838,0.000,175.643,0.000,0.000,0.001,0.000,0.000,24.908,0.000,0.000,0.000,1.854,0.000,0.000,0.000,39.860,102.916,0.000,0.709,0.000,0.000,9.827,0.000,1.626,0.000,0.000,0.000,15.255,87.317,1.298,1.349,5.047,0.000,12.740,0.000,25.603,0.000,26.482,125.895,0.000,0.000,23.942,0.000,0.000,0.000,0.000,0.000,35.380,19.155,0.000,0.000,0.000,0.000,0.001,0.000,-0.3763,-0.2511,0.1966,0.0000,1,-0.16478,0.0067,0.1311,0.1157,0.0505,0,0.05643,0.2598,0.0080,0.2753,0.1766,1,-0.11565,-0.1866,0.0277,0.1935,0.2374,1,-0.06425,-0.4477,-0.0000,0.1258,0.3395,1,-0.05874,0.3305,-0.2949,0.5714,0.0639,1,-0.17927
716.5,0,99.332,7.256,154.585,139.372,0.000,0.000,107.555,159.983,0.000,107.495,158.862,0.000,0.000,0.000,0.106,0.000,0.000,177.470,0.000,70.582,0.067,0.000,0.000,169.288,0.000,139.708,0.000,0.000,0.000,0.000,0.000,21.127,0.000,0.000,0.000,1.919,0.000,0.000,0.000,43.430,109.022,0.000,0.130,0.000,0.000,10.814,1.047,1.702,0.000,0.000,0.000,16.699,91.139,2.033,2.126,9.263,0.000,11.929,0.000,34.043,0.000,18.678,88.640,0.000,0.000,35.682,0.000,0.000,0.000,0.000,0.000,22.185,27.577,0.000,65.564,0.000,0.000,0.000,0.000,-0.4011,-0.2796,0.1966,0.0000,1,-0.17869,0.0370,0.2125,0.2024,0.0438,0,0.08481,0.2656,-0.0355,0.3834,0.2320,1,-0.13057,-0.2156,0.0294,0.1909,0.2456,1,-0.06190,-0.4406,-0.0000,0.1235,0.3489,1,-0.05977,0.3467,-0.3322,0.5553,0.0967,1,-0.18224
725.0,0,68.074,1.326,157.283,131.444,0.000,0.000,158.576,125.873,0.000,136.778,53.835,0.000,0.000,0.000,0.019,0.000,0.000,175.053,0.000,95.452,0.012,0.000,0.000,176.187,0.000,46.148,0.000,0.000,0.000,0.000,0.000,30.431,0.000,0.000,0.000,1.794,0.000,0.000,0.000,47.125,107.516,0.000,1.532,0.000,0.000,12.023,0.526,1.432,0.000,0.000,0.000,11.448,94.023,1.212,0.388,24.411,0.000,8.391,0.000,38.599,0.000,9.517,42.647,0.000,0.000,34.650,0.000,0.000,0.000,0.000,0.000,5.916,30.795,0.000,143.185,0.000,0.000,0.000,0.000,-0.4247,-0.3229,0.1968,0.0000,1,-0.20113,0.0877,0.2691,0.2924,0.0374,0,0.08922,0.2628,-0.1029,0.4836,0.2799,1,-0.12793,-0.2411,0.0324,0.1882,0.2543,1,-0.05835,-0.4360,-0.0000,0.1266,0.3581,1,-0.06213,0.3632,-0.3607,0.5346,0.1252,1,-0.18590
733.0,0,16.469,0.268,158.991,113.417,0.000,0.000,184.058,66.567,0.000,150.244,10.869,0.000,0.000,0.000,0.004,0.000,0.000,159.283,0.000,106.818,0.002,0.000,0.000,155.958,0.000,9.317,0.000,0.000,0.000,0.000,0.000,18.494,0.000,0.000,0.000,2.324,0.000,0.000,0.000,46.124,109.343,0.000,1.058,0.000,0.000,12.564,0.309,1.788,0.000,0.000,0.000,7.864,93.153,0.245,0.078,15.687,12.954,3.001,0.000,38.584,0.000,3.284,11.336,0.000,0.000,23.270,3.810,0.000,0.000,0.000,0.000,1.194,28.195,0.000,165.864,0.000,0.000,0.000,0.000,-0.4455,-0.3572,0.2021,0.0000,1,-0.21880,0.1450,0.2959,0.3769,0.0315,0,0.07325,0.2508,-0.1700,0.5660,0.3158,1,-0.10680,-0.2613,0.0347,0.1870,0.2599,1,-0.05498,-0.4355,-0.0000,0.1334,0.3658,1,-0.06489,0.3789,-0.3759,0.5074,0.1419,1,-0.19294
741.5,0,3.009,0.049,149.707,60.643,0.000,0.000,201.718,12.161,0.000,164.497,1.986,0.000,24.367,0.000,0.001,0.000,0.000,125.194,0.000,105.400,0.000,0.000,0.000,111.221,0.000,1.702,0.000,0.000,0.000,0.000,0.000,12.457,0.000,0.000,0.000,1.984,0.000,0.000,0.000,47.744,107.406,0.000,2.314,0.000,0.000,14.564,0.056,1.966,0.000,0.000,0.000,4.651,88.060,0.045,3.654,19.426,31.677,0.548,0.000,39.070,0.000,0.600,2.071,0.000,0.000,15.142,15.442,0.000,0.000,0.000,0.000,0.218,18.901,0.000,178.655,0.000,0.000,0.000,0.000,-0.4632,-0.3761,0.2064,0.0000,1,-0.22658,0.2009,0.2977,0.4489,0.0263,1,0.04670,0.2307,-0.2339,0.6307,0.3384,1,-0.07724,-0.2751,0.0344,0.1873,0.2632,1,-0.05434,-0.4406,-0.0000,0.1361,0.3701,1,-0.06525,0.3936,-0.3806,0.4765,0.1455,1,-0.20310
750.0,0,0.550,0.009,141.404,11.078,0.000,0.000,205.898,2.222,0.000,139.957,0.363,0.000,45.118,0.000,0.000,0.000,0.000,95.604,0.000,74.357,0.000,0.000,0.000,47.819,0.000,0.311,0.000,0.000,0.000,0.000,0.000,8.343,0.000,0.000,0.000,1.748,0.000,0.000,0.000,45.323,94.050,0.000,1.100,0.000,0.000,13.630,0.010,1.369,0.000,0.000,0.000,4.223,79.959,0.008,7.195,11.033,42.529,0.100,0.000,37.445,0.000,0.110,0.378,0.000,0.000,7.958,25.875,0.000,0.000,0.000,0.000,0.040,5.468,0.000,182.639,0.000,0.000,0.000,0.000,-0.4773,-0.3818,0.2085,0.0000,1,-0.22788,0.2515,0.2828,0.4949,0.0218,1,0.02137,0.2061,-0.2807,0.6802,0.3488,1,-0.04852,-0.2837,0.0323,0.1863,0.2645,1,-0.05531,-0.4490,-0.0000,0.1312,0.3673,1,-0.06201,0.4068,-0.3706,0.4430,0.1480,1,-0.21283
758.0,0,0.111,0.002,139.350,2.237,0.000,0.000,198.886,0.449,0.000,92.454,0.073,0.000,53.138,0.000,0.000,0.000,0.000,62.930,0.000,40.687,0.000,0.000,0.000,12.121,26.010,0.063,0.000,0.000,0.000,0.000,0.000,4.939,0.000,0.000,0.000,2.247,0.000,0.000,0.000,42.165,85.044,0.000,3.791,0.000,0.000,10.910,0.002,1.191,0.000,0.000,0.000,3.537,77.265,0.002,9.881,8.290,49.014,0.020,0.000,37.219,0.000,0.022,0.076,0.000,0.000,1.959,30.744,0.000,0.000,0.000,0.000,0.008,1.104,0.000,184.983,0.000,0.000,0.000,0.000,-0.4873,-0.3765,0.2105,0.0000,1,-0.22399,0.2955,0.2582,0.5066,0.0179,1,0.00289,0.1801,-0.3100,0.7179,0.3463,1,-0.02681,-0.2881,0.0292,0.1838,0.2637,1,-0.05743,-0.4573,-0.0000,0.1293,0.3532,1,-0.05776,0.4186,-0.3467,0.4127,0.1527,1,-0.21869
766.5,0,0.020,0.000,155.660,0.409,0.000,0.000,202.041,0.082,0.000,40.440,0.013,0.000,55.755,0.000,0.000,0.000,0.000,50.639,0.000,24.858,0.000,0.000,0.000,2.214,79.877,0.011,0.000,0.000,0.000,0.000,0.000,2.645,0.000,0.000,0.000,1.500,0.000,0.000,0.000,36.455,79.526,0.000,3.680,0.000,0.000,7.621,0.000,1.731,0.000,1.365,0.000,5.601,75.380,0.000,9.960,8.919,51.897,0.004,0.000,35.848,0.000,0.004,0.014,0.000,0.000,0.358,33.725,0.000,0.000,0.000,0.000,0.001,0.202,0.000,184.554,0.000,0.000,0.000,0.000,-0.4934,-0.3618,0.2100,0.0000,1,-0.21509,0.3326,0.2291,0.4887,0.0146,1,-0.00908,0.1546,-0.3287,0.7462,0.3306,1,-0.01359,-0.2878,0.0257,0.1828,0.2602,1,-0.06040,-0.4644,-0.0000,0.1323,0.3287,1,-0.05332,0.4286,-0.3138,0.3884,0.1598,1,-0.21975
775.0,0,9.052,38.126,169.426,15.188,0.000,0.000,201.979,0.015,0.000,17.806,0.002,0.000,37.567,4.966,0.000,0.000,0.000,34.653,0.000,13.618,0.000,0.000,0.000,0.405,120.296,0.002,0.000,0.000,0.000,0.000,0.000,0.483,0.000,0.000,0.000,1.597,0.000,0.000,0.000,32.469,73.836,0.000,1.285,0.000,0.000,9.294,0.000,1.753,0.000,0.249,0.000,7.474,79.738,0.000,9.613,14.006,56.177,0.001,0.000,35.934,0.000,0.001,0.003,2.500,0.000,0.065,36.326,0.000,0.000,0.000,0.000,0.000,0.037,0.000,182.327,0.000,0.000,0.000,0.000,-0.4968,-0.3359,0.2085,0.0000,1,-0.20077,0.3634,0.1991,0.4517,0.0119,1,-0.01623,0.1251,-0.3465,0.7673,0.3051,1,-0.00687,-0.2892,0.0222,0.1828,0.2592,1,-0.06416,-0.4709,-0.0000,0.1396,0.2973,1,-0.04904,0.4369,-0.2686,0.3698,0.1675,1,-0.21552
783.0,0,72.916,141.110,176.319,42.145,0.000,0.000,208.514,0.003,0.000,14.364,0.000,0.000,29.217,20.588,0.000,0.000,0.000,21.195,0.000,28.166,0.000,0.000,0.000,0.082,148.394,0.000,0.000,0.000,0.000,0.000,0.000,0.098,0.000,0.000,0.000,2.217,0.000,0.000,0.000,30.599,78.206,0.000,0.762,0.000,0.000,5.892,0.000,1.742,0.000,1.622,0.000,7.126,81.132,0.000,6.965,35.892,64.893,0.000,0.000,38.317,0.000,0.000,0.001,7.584,0.000,1.461,36.110,0.000,0.000,0.000,0.000,0.000,0.007,0.000,189.793,0.000,0.000,0.000,0.000,-0.4982,-0.3025,0.2083,0.0000,1,-0.18280,0.3887,0.1702,0.4047,0.0096,1,-0.01981,0.0854,-0.3816,0.7831,0.2790,1,-0.00148,-0.2877,0.0189,0.1832,0.2553,1,-0.06707,-0.4775,-0.0000,0.1499,0.2627,1,-0.04507,0.4435,-0.1839,0.3556,0.1743,1,-0.19927
791.5,0,115.453,178.979,157.936,57.977,0.000,0.000,209.865,0.001,0.000,52.250,66.444,0.000,9.403,41.403,0.000,0.000,0.000,13.301,0.000,40.584,0.000,0.000,0.000,0.015,172.630,0.000,0.000,0.000,0.000,0.000,0.000,1.149,0.000,0.000,0.000,2.437,0.000,0.000,0.000,33.414,84.176,0.000,0.139,0.000,0.000,4.777,0.000,1.957,0.000,0.296,0.000,1.302,81.910,0.000,2.658,34.168,73.542,0.000,0.000,40.296,0.000,0.000,0.000,15.830,0.000,0.267,36.945,0.000,0.000,0.000,0.000,0.000,0.001,0.000,185.301,0.000,0.000,0.000,0.000,-0.4990,-0.2712,0.2094,0.0000,1,-0.16678,0.4093,0.1436,0.3543,0.0077,1,-0.02072,0.0358,-0.4246,0.7926,0.2497,1,0.00085,-0.2819,0.0159,0.1846,0.2485,1,-0.06882,-0.4844,-0.0000,0.1712,0.2278,1,-0.04459,0.4485,-0.0389,0.3435,0.1766,1,-0.15896
800.0,0,142.915,198.404,133.749,70.200,0.000,0.000,207.880,63.276,0.000,82.130,153.476,0.000,9.802,51.592,0.000,0.000,0.000,32.170,0.000,70.081,0.000,0.000,0.000,63.541,181.211,84.088,0.000,0.000,0.000,0.000,0.000,3.369,0.000,0.000,0.000,1.889,0.000,0.000,0.000,36.923,94.373,0.000,0.025,0.000,0.000,8.873,0.000,1.228,0.000,0.054,0.000,0.238,79.271,0.000,0.486,43.249,84.744,0.000,0.000,39.852,0.000,0.000,0.000,25.134,0.000,1.908,39.622,0.000,0.000,0.000,0.000,0.000,0.000,0.000,177.743,0.000,0.000,0.000,0.000,-0.5009,-0.2482,0.2097,0.0000,1,-0.15334,0.4258,0.1199,0.3046,0.0062,1,-0.01970,-0.0215,-0.4696,0.7947,0.2254,1,0.00120,-0.2724,0.0132,0.1838,0.2430,1,-0.06907,-0.4901,-0.0000,0.2050,0.1946,1,-0.04826,0.4520,0.1208,0.3312,0.1715,1,-0.09942
808.0,0,139.175,197.792,120.299,95.029,8.187,0.000,209.705,120.178,0.000,100.449,192.018,0.000,17.857,57.395,0.000,0.000,0.000,84.218,0.000,86.817,0.000,0.000,0.000,147.720,188.915,173.951,0.000,0.000,0.000,0.000,36.001,8.154,0.000,0.000,0.000,1.688,0.000,0.000,0.000,36.726,99.628,0.000,0.005,0.000,0.000,11.847,0.000,1.487,0.000,0.011,0.000,0.048,75.122,0.000,0.098,50.549,87.216,0.000,0.000,38.836,0.000,0.000,0.000,28.975,0.000,6.752,40.333,0.000,0.000,0.000,0.000,2.724,2.209,0.000,170.757,0.000,0.000,0.000,0.000,-0.5038,-0.2360,0.2090,0.0000,1,-0.14548,0.4388,0.1104,0.2740,0.0050,1,-0.01497,-0.0797,-0.5127,0.7915,0.2117,1,0.00155,-0.2607,0.0109,0.1828,0.2399,1,-0.06887,-0.4934,-0.0115,0.2549,0.1641,1,-0.06407,0.4538,0.2632,0.3168,0.1597,1,-0.03233
816.5,0,98.664,187.661,91.160,95.059,44.225,0.000,210.082,150.570,0.000,130.864,206.851,0.000,42.950,71.831,0.000,0.000,0.000,133.847,27.581,117.888,0.000,0.000,0.000,193.271,196.569,201.319,0.000,0.000,0.000,0.000,60.570,13.918,0.000,0.000,0.000,2.120,0.000,0.000,0.000,31.554,96.573,0.000,0.001,0.000,0.000,13.393,0.744,1.744,0.000,1.568,0.000,0.009,70.377,0.000,0.018,54.599,89.506,0.000,0.000,35.081,0.000,0.000,0.000,27.704,0.000,18.896,41.480,0.000,0.000,0.000,0.000,32.874,14.783,0.000,160.516,0.000,0.000,0.000,0.000,-0.5056,-0.2330,0.2090,0.0000,1,-0.14369,0.4491,0.1598,0.2878,0.0040,1,0.01752,-0.1336,-0.5514,0.7836,0.2180,1,0.00428,-0.2432,0.0140,0.1828,0.2388,1,-0.06515,-0.4946,-0.0353,0.3153,0.1371,1,-0.08824,0.4526,0.3805,0.2976,0.1439,1,0.03501
825.0,0,33.056,88.556,24.150,28.928,13.322,0.000,208.132,131.338,0.000,140.771,209.561,0.000,59.979,81.075,0.000,0.000,0.000,169.193,55.315,136.201,0.000,0.000,0.000,207.080,195.622,203.062,0.000,0.000,0.000,0.000,68.173,16.755,0.000,0.000,0.000,1.523,0.000,0.000,0.000,34.546,94.241,0.000,0.000,0.000,0.000,15.660,2.652,1.488,0.000,0.788,0.000,0.002,45.677,0.000,0.003,51.894,89.999,0.000,0.000,27.259,0.000,0.000,0.000,21.432,0.000,30.804,38.084,0.000,0.000,0.000,0.000,55.046,27.829,0.000,147.260,0.000,0.000,0.000,0.000,-0.5065,-0.2359,0.2075,0.0000,1,-0.14656,0.4569,0.2388,0.3417,0.0031,0,0.05524,-0.1791,-0.5845,0.7700,0.2374,1,0.00699,-0.2245,0.0301,0.1823,0.2395,1,-0.05257,-0.4943,-0.0708,0.3748,0.1135,1,-0.11511,0.4458,0.4739,0.2713,0.1264,0,0.10034
833.0,0,6.674,17.879,4.876,5.841,11.738,0.000,197.029,61.735,0.000,107.430,206.716,0.000,82.055,87.623,0.000,0.000,0.000,185.138,69.634,139.220,0.000,0.000,0.000,209.543,202.264,202.029,0.000,0.000,0.000,0.000,42.139,16.497,0.000,0.000,0.000,1.881,0.000,0.000,0.000,35.475,88.374,0.000,0.000,0.000,0.000,12.364,2.722,1.696,0.000,1.276,0.000,0.000,27.544,0.000,0.001,44.325,87.989,0.000,0.000,20.156,0.000,0.000,0.000,12.130,0.000,36.662,34.470,0.000,0.000,0.000,0.000,47.996,34.600,0.000,141.374,0.000,0.000,0.000,0.372,-0.5062,-0.2420,0.2065,0.0000,1,-0.15298,0.4627,0.3187,0.4155,0.0025,0,0.08256,-0.2106,-0.6111,0.7470,0.2624,1,0.00537,-0.2032,0.0530,0.1825,0.2403,1,-0.03591,-0.4931,-0.1140,0.4300,0.0933,1,-0.14034,0.4329,0.5470,0.2407,0.1091,0,0.16199
841.5,0,1.219,3.266,0.891,1.067,2.144,0.000,182.381,11.278,0.000,55.262,166.138,0.000,80.065,88.788,0.000,0.000,0.000,186.232,106.015,141.412,0.000,0.000,0.000,210.053,199.295,179.367,0.000,0.000,0.000,0.000,9.717,15.203,0.000,0.000,0.000,1.433,0.000,0.000,0.000,35.886,89.219,0.000,0.000,0.000,0.000,14.165,0.497,1.829,0.000,2.229,0.000,0.000,12.719,0.000,0.000,35.740,81.290,0.000,0.000,14.075,0.000,0.000,0.000,3.136,0.000,38.454,23.929,0.000,0.000,0.000,0.000,28.768,37.340,0.000,140.203,0.000,0.000,0.000,0.440,-0.5050,-0.2492,0.2042,0.0000,1,-0.16041,0.4671,0.3833,0.4940,0.0020,0,0.09444,-0.2246,-0.6303,0.7106,0.2881,1,-0.00430,-0.1763,0.0669,0.1833,0.2416,1,-0.02749,-0.4912,-0.1527,0.4739,0.0822,1,-0.15838,0.4149,0.6037,0.2091,0.0927,0,0.21850
850.0,0,0.223,0.597,0.163,0.195,0.392,0.000,162.014,2.060,0.000,10.095,62.199,0.000,74.512,84.415,0.000,0.000,0.000,191.167,141.164,119.933,0.000,0.000,0.000,201.097,199.103,69.791,0.000,0.000,0.000,0.000,1.775,12.675,0.000,0.000,0.000,1.749,0.000,0.000,0.000,31.454,81.317,0.000,0.000,0.000,0.000,15.171,0.091,1.907,0.000,0.818,0.000,0.000,3.333,0.000,0.000,19.186,67.150,0.000,0.000,7.652,0.000,0.000,0.000,0.573,0.000,31.430,6.532,0.000,0.000,0.000,0.000,13.738,36.511,0.000,151.078,0.000,0.000,0.000,0.535,-0.5031,-0.2560,0.2025,0.0000,1,-0.16779,0.4705,0.4250,0.5680,0.0016,0,0.09160,-0.2224,-0.6396,0.6542,0.3109,1,-0.02737,-0.1476,0.0718,0.1847,0.2434,1,-0.02866,-0.4885,-0.1840,0.5022,0.0852,1,-0.17067,0.3939,0.6474,0.1788,0.0778,0,0.26958
858.0,0,0.045,0.120,0.033,0.039,0.079,0.000,125.077,0.416,0.000,2.038,12.558,0.000,52.167,90.529,0.000,0.000,0.000,177.290,166.361,85.371,0.000,0.000,0.000,208.336,188.347,14.091,0.000,0.000,0.000,0.000,0.358,8.082,0.000,0.000,0.000,1.642,0.000,0.000,0.000,31.468,81.769,0.000,3.828,0.000,0.000,14.712,0.018,1.347,0.000,0.165,0.000,0.000,0.673,0.000,0.000,6.617,54.574,0.000,0.000,5.705,0.000,0.000,0.000,0.116,0.000,20.523,1.319,0.000,0.000,0.000,0.000,2.774,32.569,0.000,176.051,0.000,0.000,0.000,1.616,-0.5013,-0.2603,0.2009,0.0000,1,-0.17118,0.4736,0.4411,0.6317,0.0012,0,0.07698,-0.2091,-0.6344,0.5797,0.3264,1,-0.06398,-0.1193,0.0706,0.1845,0.2452,1,-0.03569,-0.4846,-0.2084,0.5192,0.1020,1,-0.17920,0.3684,0.6810,0.1508,0.0648,0,0.31671
866.5,0,0.008,0.022,0.006,0.007,0.014,0.000,78.965,0.076,0.000,0.372,2.294,0.000,28.478,84.993,0.000,0.000,0.000,152.097,181.483,65.072,0.000,0.000,0.000,198.316,162.181,2.574,0.000,0.000,0.000,0.000,0.065,4.573,0.000,0.000,0.000,1.466,0.000,0.000,0.000,28.430,76.443,0.000,6.610,0.000,0.000,12.055,0.003,2.067,0.000,0.030,0.000,0.000,10.245,0.000,0.000,1.461,34.515,0.000,0.000,4.256,0.000,0.000,0.000,0.021,0.000,10.188,0.241,0.000,0.000,0.000,0.000,0.507,23.725,0.000,179.384,0.000,0.000,0.000,1.660,-0.4993,-0.2602,0.1987,0.0000,1,-0.16943,0.4762,0.4327,0.6798,0.0010,0,0.05522,-0.1896,-0.6111,0.5020,0.3332,1,-0.10499,-0.0981,0.0658,0.1857,0.2462,1,-0.04280,-0.4800,-0.2265,0.5250,0.1284,1,-0.18525,0.3425,0.7068,0.1260,0.0534,0,0.35612
875.0,0,0.002,0.004,0.001,0.001,0.003,0.000,38.362,0.014,0.000,0.068,0.419,0.000,15.336,91.669,0.000,0.000,0.000,128.798,190.300,48.490,0.000,0.000,0.000,184.272,128.816,0.470,0.000,0.000,0.000,0.000,0.012,3.049,0.000,0.000,0.000,1.518,0.000,0.000,0.000,19.505,73.011,0.000,4.511,0.000,0.000,7.877,0.001,2.334,0.000,0.006,0.000,0.000,11.782,0.000,0.613,0.267,17.797,0.000,0.000,2.841,0.000,0.000,0.000,0.004,0.000,2.150,0.044,0.000,0.000,0.000,0.000,0.093,9.633,0.000,166.921,0.000,0.000,0.000,1.720,-0.4959,-0.2553,0.1966,0.0000,1,-0.16386,0.4783,0.4061,0.7081,0.0008,1,0.03183,-0.1675,-0.5706,0.4296,0.3285,1,-0.14331,-0.0862,0.0591,0.1884,0.2449,1,-0.04967,-0.4754,-0.2391,0.5175,0.1473,1,-0.19006,0.3303,0.7262,0.1043,0.0438,0,0.38752
883.0,0,0.000,0.001,0.000,0.000,0.001,0.000,10.211,0.003,0.000,0.014,0.085,0.000,3.096,74.441,0.000,0.000,0.000,103.806,187.349,32.646,0.000,0.000,0.000,160.910,89.157,0.095,0.000,0.000,0.000,0.000,0.002,2.055,0.000,0.000,0.000,1.612,0.000,0.000,0.000,16.298,66.661,0.000,2.424,0.000,0.000,6.303,0.000,1.677,0.000,0.001,0.000,0.000,12.289,0.000,1.507,0.054,13.641,0.000,0.000,3.413,0.000,0.000,0.000,0.001,0.000,0.434,0.009,24.267,0.000,0.000,0.000,0.019,2.635,0.000,154.431,0.000,0.000,0.000,3.772,-0.4908,-0.2458,0.1949,0.0000,1,-0.15584,0.4798,0.3363,0.7085,0.0006,1,-0.00499,-0.1450,-0.5182,0.3671,0.3118,1,-0.17317,-0.0803,0.0519,0.1899,0.2412,1,-0.05559,-0.4711,-0.2477,0.4992,0.1532,1,-0.19462,0.3301,0.7405,0.0857,0.0357,0,0.41182
891.5,0,49.354,0.000,0.000,0.000,0.000,0.000,1.865,0.001,0.000,0.003,0.015,0.000,0.566,62.454,0.000,0.000,0.000,66.184,163.053,9.643,0.000,0.000,0.000,138.266,25.597,0.017,0.000,0.000,0.000,0.000,0.000,0.937,0.000,0.000,0.000,3.311,0.000,0.000,0.000,19.719,73.316,0.000,0.443,0.000,0.000,10.361,0.000,1.414,0.000,0.000,0.000,0.000,9.429,0.000,1.024,0.010,10.185,0.000,0.000,8.704,0.000,0.000,0.000,0.000,0.000,0.079,0.002,19.564,0.000,0.000,0.000,0.003,0.481,0.000,120.510,0.000,0.000,0.000,6.696,-0.4863,-0.2309,0.2042,0.0000,1,-0.14844,0.4795,0.2485,0.6788,0.0005,1,-0.04374,-0.1236,-0.4597,0.3445,0.2863,1,-0.18445,-0.0773,0.0446,0.1896,0.2387,1,-0.06118,-0.4672,-0.2541,0.4743,0.1488,1,-0.19891,0.3378,0.7497,0.0700,0.0289,0,0.42963
900.0,0,88.390,0.000,0.000,32.327,0.000,10.000,0.341,0.000,0.000,0.000,0.003,0.000,0.103,36.811,0.000,0.000,0.000,49.704,129.585,13.993,0.000,0.000,0.000,103.737,4.676,0.003,0.000,0.000,0.000,0.000,9.048,1.810,0.000,0.000,0.000,3.418,0.000,0.000,0.000,20.428,79.608,0.000,4.293,0.000,0.000,9.432,0.000,1.536,0.000,0.000,0.000,0.000,3.085,0.000,2.566,0.002,13.535,0.000,0.000,14.479,0.000,0.000,0.000,0.000,0.000,0.014,0.000,19.302,0.000,0.000,0.000,0.001,0.088,0.000,86.429,0.000,0.000,0.000,5.457,-0.4833,-0.2163,0.2194,0.0000,1,-0.14037,0.4744,0.1619,0.6268,0.0004,1,-0.07911,-0.1040,-0.4000,0.3582,0.2559,1,-0.18238,-0.0728,0.0379,0.1888,0.2365,1,-0.06857,-0.4638,-0.2644,0.4529,0.1378,1,-0.20382,0.3506,0.7527,0.0569,0.0234,0,0.44054
908.0,0,115.388,0.000,0.000,120.250,17.408,59.752,0.069,44.498,0.000,44.279,0.001,0.000,0.021,17.852,0.000,0.000,0.000,35.437,101.843,41.026,0.000,0.000,0.000,84.604,0.944,0.001,0.000,0.000,0.000,0.000,27.450,4.543,0.000,0.000,0.000,2.900,0.000,0.000,0.000,21.604,96.653,0.000,12.660,0.000,0.000,8.622,0.000,2.166,0.000,1.508,0.000,0.000,5.623,0.000,0.518,0.000,18.732,0.000,0.000,20.223,0.000,0.000,0.000,0.000,0.000,0.003,0.000,18.566,0.000,0.000,0.000,0.000,0.018,0.000,83.520,0.000,0.000,0.000,5.017,-0.4831,-0.2079,0.2347,0.0000,1,-0.13140,0.4643,0.0835,0.5622,0.0003,1,-0.11041,-0.0867,-0.3426,0.4013,0.2239,1,-0.17213,-0.0623,0.0318,0.1897,0.2343,1,-0.07525,-0.4618,-0.2823,0.4608,0.1236,1,-0.20895,0.3656,0.7471,0.0460,0.0188,0,0.44293
916.5,0,141.742,0.000,0.000,158.278,40.776,120.059,0.013,121.030,0.000,119.599,0.000,17.408,19.719,3.261,0.000,0.000,0.000,27.155,64.804,103.809,0.000,0.000,0.000,80.318,0.172,0.000,0.000,0.000,0.000,0.000,74.184,8.365,0.000,0.000,0.000,1.619,0.000,0.000,0.000,22.647,109.315,0.000,12.521,0.000,0.000,9.020,0.823,1.929,0.000,2.481,0.000,0.000,1.027,0.000,0.095,0.000,34.756,0.000,0.000,26.728,0.000,0.000,15.172,0.000,0.000,0.001,0.000,17.003,0.000,0.000,0.000,0.000,0.003,0.000,74.996,0.000,0.000,0.000,4.328,-0.4857,-0.2065,0.2420,0.0000,1,-0.12264,0.4504,0.0153,0.4930,0.0002,1,-0.13740,-0.0717,-0.2897,0.4607,0.1926,1,-0.15830,-0.0453,0.0318,0.1909,0.2358,1,-0.07926,-0.4609,-0.3063,0.4948,0.1082,1,-0.21271,0.3807,0.7303,0.0370,0.0151,0,0.43520
925.0,0,133.990,0.000,0.000,151.710,37.269,151.326,0.002,166.502,0.000,166.590,0.000,92.769,50.089,0.596,0.000,0.000,0.000,19.328,56.726,150.650,14.253,0.000,0.000,87.065,0.032,0.000,0.000,0.000,12.681,0.000,103.504,11.804,0.000,0.000,0.000,1.292,0.000,0.000,0.000,20.562,100.997,0.000,10.074,0.000,0.000,9.229,10.326,1.758,0.000,2.142,0.000,0.000,0.188,0.000,0.017,0.000,46.144,0.000,0.000,29.031,0.000,0.000,56.473,0.000,0.000,0.000,0.000,19.099,0.000,0.000,0.000,0.000,0.001,0.000,74.188,0.000,0.000,0.000,4.842,-0.4881,-0.2108,0.2421,0.0000,1,-0.11640,0.4345,-0.0432,0.4247,0.0002,1,-0.16036,-0.0588,-0.2424,0.5248,0.1633,1,-0.14382,-0.0245,0.0603,0.1917,0.2399,1,-0.06403,-0.4604,-0.3417,0.5387,0.0930,1,-0.21573,0.3950,0.7010,0.0297,0.0120,0,0.41648
933.0,0,115.413,0.000,29.856,154.336,115.501,160.691,0.000,169.146,7.408,174.929,0.000,149.918,77.835,0.120,0.000,0.000,0.000,19.049,23.345,176.246,64.048,0.000,0.000,86.727,0.006,0.000,0.000,0.000,39.357,0.000,106.996,12.558,0.000,0.000,0.000,1.316,0.000,0.000,0.000,15.159,86.433,0.000,5.774,0.000,0.000,8.046,19.422,2.763,0.000,8.860,0.000,0.000,0.038,0.000,0.003,0.000,41.984,0.000,0.000,25.575,0.000,0.000,105.956,0.000,0.000,0.000,0.000,23.094,0.000,0.000,0.000,0.000,0.000,0.000,75.234,0.000,0.000,0.000,4.904,-0.4860,-0.2182,0.2380,0.0000,1,-0.11491,0.4181,-0.0932,0.3607,0.0001,1,-0.17972,-0.0480,-0.2010,0.5845,0.1370,1,-0.13019,0.0049,0.1079,0.1947,0.2439,1,-0.03559,-0.4605,-0.3887,0.5844,0.0788,1,-0.21671,0.4080,0.6613,0.0464,0.0096,0,0.37487
941.5,0,54.015,0.000,96.517,97.167,123.661,128.493,31.804,169.863,43.679,184.688,0.000,182.893,111.018,0.022,0.000,0.000,0.000,19.488,6.731,189.343,109.840,0.000,0.000,74.726,0.001,0.000,0.000,0.000,61.588,0.000,72.248,10.191,0.000,0.000,0.000,1.783,0.000,0.000,0.000,15.014,80.311,0.000,2.254,0.000,0.000,5.679,22.355,2.697,0.000,10.842,0.000,0.000,0.007,0.000,0.001,0.000,20.496,0.000,0.000,15.507,0.000,0.000,158.061,0.000,0.000,0.000,0.000,26.130,0.000,0.000,0.000,0.000,0.000,0.000,70.378,0.000,0.000,0.000,3.636,-0.4788,-0.2261,0.2333,0.0000,1,-0.11810,0.4020,-0.1355,0.3028,0.0001,1,-0.19589,-0.0390,-0.1655,0.6293,0.1139,1,-0.11966,0.0379,0.1630,0.1986,0.2437,1,-0.00023,-0.4609,-0.4401,0.6279,0.0661,1,-0.21369,0.4195,0.6183,0.0849,0.0076,0,0.31893
950.0,0,9.868,0.000,148.855,17.751,80.159,54.530,114.593,121.041,80.313,156.747,0.000,195.152,123.716,0.004,7.408,0.000,0.000,7.626,1.230,184.717,116.689,0.000,0.000,40.917,0.000,0.000,0.000,0.000,29.196,0.000,22.008,5.688,0.000,0.000,0.000,1.614,0.000,0.000,0.000,16.360,78.804,0.000,0.412,0.000,0.000,7.696,17.361,2.273,0.000,8.620,0.000,0.000,0.001,0.000,0.828,0.000,3.744,0.000,0.000,9.293,0.000,18.455,189.600,0.000,0.000,0.000,0.000,28.214,0.000,0.000,0.000,0.000,0.000,0.000,67.043,0.000,0.000,0.000,3.565,-0.4685,-0.2312,0.2281,0.0000,1,-0.12322,0.3868,-0.1712,0.2518,0.0001,1,-0.20928,-0.0185,-0.1354,0.6533,0.0939,1,-0.11387,0.0693,0.2164,0.2020,0.2418,1,0.03539,-0.4611,-0.4871,0.6675,0.0595,1,-0.20574,0.4293,0.5817,0.1286,0.0061,0,0.26711
958.0,0,1.992,0.000,154.631,3.584,21.427,14.021,170.566,46.672,68.611,79.360,0.000,178.094,119.582,0.001,26.882,0.000,0.000,1.540,0.248,168.381,124.431,0.000,0.000,8.261,0.000,0.000,0.000,0.000,5.895,0.000,4.443,3.595,0.000,0.000,0.000,1.952,0.000,0.000,0.000,18.718,82.763,0.000,1.094,0.000,0.000,8.272,4.514,1.847,0.000,3.534,0.000,0.000,0.000,0.000,2.451,0.000,0.756,0.000,0.000,8.636,0.000,57.893,203.548,0.000,0.000,0.000,0.000,27.700,0.000,0.000,0.000,0.000,0.000,0.000,70.744,0.000,0.000,0.000,3.926,-0.4572,-0.2318,0.2239,0.0000,1,-0.12702,0.3731,-0.2008,0.2078,0.0001,1,-0.22015,0.0227,-0.1101,0.6586,0.0769,1,-0.11250,0.0930,0.2544,0.2036,0.2393,0,0.06070,-0.4611,-0.5255,0.7035,0.0534,1,-0.19451,0.4376,0.5585,0.1596,0.0048,0,0.23382
966.5,0,0.364,0.000,138.071,0.655,3.914,2.561,190.176,8.526,20.957,14.498,0.000,152.010,92.244,0.000,46.336,0.000,0.000,0.281,0.045,134.913,162.935,0.000,0.000,1.509,0.000,0.000,0.000,0.000,1.077,0.000,0.812,1.831,0.000,0.000,0.000,2.100,0.000,0.000,0.000,26.515,81.198,0.000,0.949,0.000,0.000,10.956,0.825,1.528,0.000,0.646,0.000,0.000,0.000,0.000,2.615,0.000,0.138,3.077,0.000,12.125,0.000,90.843,206.232,0.000,0.000,0.000,0.000,22.944,0.000,0.000,0.000,0.000,0.000,0.000,65.259,0.000,0.000,0.000,3.242,-0.4516,-0.2263,0.2210,0.0000,1,-0.12756,0.3608,-0.2247,0.1703,0.0001,1,-0.22859,0.0767,-0.0892,0.6643,0.0706,1,-0.11018,0.1042,0.2688,0.2030,0.2378,0,0.06939,-0.4602,-0.5529,0.7355,0.0558,1,-0.18068,0.4444,0.5491,0.1682,0.0038,0,0.22237
975.0,0,0.066,0.000,119.064,0.120,0.715,0.468,202.836,1.558,3.829,2.649,0.000,63.393,64.230,0.000,67.360,0.000,0.000,0.051,0.008,83.178,170.741,0.000,0.000,0.276,23.153,0.000,0.000,0.000,0.197,0.000,0.148,2.226,0.000,0.000,0.000,2.238,0.000,0.000,0.000,26.536,78.966,0.000,2.741,0.000,0.000,11.446,0.151,1.289,0.000,0.118,0.000,0.000,0.000,0.000,3.505,0.000,0.025,8.090,0.000,15.680,0.000,112.195,209.448,0.000,0.000,0.000,0.000,9.830,0.000,0.000,0.000,0.000,0.000,0.000,26.246,0.000,0.000,0.000,2.211,-0.4497,-0.2186,0.2193,0.0000,1,-0.12563,0.3470,-0.2410,0.1388,0.0000,1,-0.23313,0.1343,-0.0719,0.6757,0.0761,1,-0.10557,0.1053,0.2638,0.2003,0.2371,0,0.06423,-0.4571,-0.5690,0.7624,0.0693,1,-0.16560,0.4496,0.5468,0.1630,0.0030,0,0.22308
983.0,0,0.013,0.000,90.358,0.024,0.144,0.094,199.752,0.314,0.773,0.535,0.000,12.799,31.746,0.000,88.073,0.000,0.000,0.010,0.002,56.148,170.877,0.000,0.000,0.056,68.355,0.000,0.000,0.000,0.040,0.000,0.030,1.473,0.000,0.000,0.000,1.757,0.000,0.000,0.000,26.407,81.007,0.000,1.108,0.000,0.000,10.643,0.030,1.175,0.000,0.024,0.000,0.000,0.000,0.000,2.380,0.000,0.005,10.093,0.000,14.704,0.000,125.626,200.022,0.000,0.000,0.000,0.000,1.985,0.000,0.000,0.000,0.000,0.000,0.000,5.299,0.000,0.000,0.000,1.060,-0.4504,-0.2079,0.2171,0.0000,1,-0.12156,0.3259,-0.2440,0.1125,0.0000,1,-0.22950,0.1898,-0.0578,0.6869,0.0890,1,-0.10028,0.0999,0.2462,0.1960,0.2366,0,0.05086,-0.4487,-0.5732,0.7831,0.0943,1,-0.15088,0.4534,0.5534,0.1503,0.0024,0,0.23399
991.5,0,0.002,0.000,99.668,0.004,0.026,0.017,195.887,0.057,0.141,0.098,0.000,2.338,14.331,0.000,89.575,0.000,0.000,0.002,0.000,30.939,153.664,0.000,0.000,0.010,110.275,0.000,0.000,0.000,0.007,0.000,0.005,2.582,0.000,0.000,0.000,1.441,0.000,0.000,0.000,28.458,77.661,0.000,2.269,0.000,0.000,11.441,0.006,2.214,0.000,0.004,0.000,0.000,6.127,0.000,0.989,0.000,0.001,12.533,0.000,12.747,0.000,131.758,208.313,0.000,0.000,0.000,0.000,0.363,0.000,0.000,0.000,0.000,0.000,0.000,0.968,0.000,0.000,0.000,2.232,-0.4532,-0.1991,0.2136,0.0000,1,-0.11728,0.2973,-0.2338,0.0909,0.0000,1,-0.21688,0.2399,-0.0462,0.6958,0.1062,1,-0.09508,0.0877,0.2220,0.1946,0.2393,1,0.03361,-0.4356,-0.5644,0.7980,0.1285,1,-0.13746,0.4558,0.5690,0.1492,0.0018,0,0.24571
1000.0,0,28.319,10.000,110.159,0.001,0.005,0.003,202.070,0.010,0.026,0.018,0.000,0.427,2.618,28.806,83.227,0.000,0.000,0.000,55.535,23.865,72.154,0.000,0.000,0.002,141.470,0.000,0.000,0.000,0.001,0.000,0.001,1.906,0.000,0.000,0.000,1.713,0.000,0.000,0.000,29.148,80.154,0.000,3.122,0.000,0.000,13.094,0.001,2.373,0.000,1.118,0.000,0.000,16.318,0.000,0.517,0.000,0.000,15.086,0.000,11.018,0.000,130.812,209.828,0.000,0.000,0.000,0.000,0.066,0.000,0.000,0.000,0.000,0.000,0.000,0.177,0.000,0.000,0.000,1.322,-0.4571,-0.1902,0.2104,0.0000,1,-0.11184,0.2644,-0.2149,0.0731,0.0000,1,-0.19802,0.2834,-0.0369,0.7010,0.1255,1,-0.09055,0.0718,0.1952,0.1953,0.2466,1,0.01592,-0.4242,-0.5423,0.8039,0.1632,1,-0.12947,0.4565,0.5948,0.1687,0.0015,0,0.25426
1008.0,0,56.516,57.107,81.883,71.089,0.001,0.001,204.853,0.002,0.005,0.004,0.000,0.086,0.529,49.845,73.808,0.000,0.000,0.000,110.193,41.752,17.034,0.000,0.000,0.000,152.268,0.000,0.000,0.000,0.000,0.000,0.000,2.513,0.000,0.000,0.000,1.926,0.000,0.000,0.000,34.485,90.970,0.000,5.206,0.000,0.000,14.825,0.000,3.077,0.000,5.409,0.000,0.000,17.964,0.000,0.104,0.000,0.000,16.224,0.000,7.611,0.000,137.873,205.132,0.000,0.000,0.000,0.000,0.013,0.000,0.000,0.000,0.000,0.000,0.000,0.036,0.000,0.000,0.000,1.838,-0.4639,-0.1832,0.2084,0.0000,1,-0.10296,0.2303,-0.1916,0.0586,0.0000,1,-0.17578,0.3203,-0.0294,0.6953,0.1449,1,-0.08896,0.0616,0.1684,0.1987,0.2576,1,-0.00196,-0.4231,-0.5059,0.8018,0.1898,1,-0.12802,0.4559,0.6244,0.2245,0.0062,0,0.24535
1016.5,0,116.456,140.702,14.959,131.420,38.299,0.000,192.428,0.000,0.001,43.705,32.522,0.016,0.097,65.639,57.377,0.000,0.000,0.000,133.481,73.799,3.112,0.000,0.000,0.000,152.367,0.000,0.000,0.000,0.000,0.000,0.000,3.963,0.000,0.000,0.000,2.246,0.000,0.000,0.000,39.350,122.099,0.000,6.017,0.000,0.000,10.599,0.000,3.052,0.000,7.056,0.000,0.000,20.407,0.000,1.686,0.000,0.000,17.596,0.000,5.527,0.000,128.551,209.247,0.000,0.000,0.000,0.000,0.002,0.000,0.000,0.000,0.000,0.000,0.000,0.007,0.000,0.000,0.000,1.902,-0.4740,-0.1802,0.2081,0.0000,1,-0.09348,0.1973,-0.1671,0.0468,0.0000,1,-0.15242,0.3509,-0.0234,0.6743,0.1635,1,-0.09165,0.0574,0.1432,0.2033,0.2673,1,-0.01859,-0.4342,-0.4587,0.7901,0.2016,1,-0.13393,0.4537,0.6498,0.3101,0.0160,0,0.21835
1025.0,0,131.584,183.982,2.733,156.155,69.389,0.000,152.096,66.345,0.000,114.588,135.962,0.003,10.018,78.057,32.013,0.000,0.000,0.000,125.249,124.467,0.568,0.000,0.000,17.408,134.731,0.000,0.000,0.000,0.000,0.000,21.422,8.304,0.000,0.000,0.000,1.854,0.000,0.000,0.000,34.796,125.868,0.000,5.181,0.000,0.000,13.165,0.000,3.077,0.000,7.892,0.000,0.000,17.419,0.000,1.136,0.000,0.000,19.179,0.000,5.472,0.000,114.463,201.914,0.000,0.000,0.000,0.000,0.000,0.000,0.000,0.000,0.000,0.000,0.000,0.001,0.000,0.000,0.000,3.803,-0.4846,-0.1837,0.2075,0.0000,1,-0.08754,0.1669,-0.1432,0.0373,0.0000,1,-0.12953,0.3755,-0.0185,0.6423,0.1806,1,-0.09724,0.0584,0.1203,0.2084,0.2766,1,-0.03399,-0.4519,-0.4061,0.7671,0.1994,1,-0.14557,0.4511,0.6682,0.4071,0.0327,0,0.18285
1033.0,0,105.258,189.968,0.552,137.312,46.115,0.000,71.082,128.733,0.000,158.140,181.088,0.001,35.208,76.133,9.189,0.000,0.000,31.167,87.681,142.416,0.115,0.000,0.000,95.263,107.931,96.732,0.000,0.000,0.000,0.000,64.112,12.875,0.000,0.000,0.000,1.836,0.000,0.000,0.000,29.098,118.206,0.000,2.281,0.000,0.000,12.713,0.000,2.669,0.000,3.736,0.000,0.000,6.996,0.000,2.858,0.000,0.000,20.646,0.000,6.754,0.000,93.105,194.133,0.000,0.000,4.137,0.000,0.000,0.000,0.000,0.000,0.000,0.000,0.000,0.000,0.000,0.000,0.000,2.233,-0.4934,-0.1924,0.2069,0.0000,1,-0.08705,0.1396,-0.1211,0.0297,0.0000,1,-0.10817,0.3946,-0.0146,0.6126,0.2045,1,-0.10110,0.0615,0.1000,0.2128,0.2820,1,-0.04898,-0.4697,-0.3527,0.7301,0.1875,1,-0.16005,0.4486,0.6776,0.5020,0.0547,0,0.14632
1041.5,0,47.158,165.105,0.101,72.386,8.424,0.000,15.005,131.844,0.000,165.459,204.854,0.000,68.768,65.124,1.679,0.000,0.000,102.265,27.580,155.582,0.021,0.000,0.000,174.188,43.683,171.520,0.000,0.000,0.000,0.000,94.270,15.826,0.000,0.000,0.000,1.979,0.000,0.000,0.000,20.843,99.866,0.000,2.602,0.000,0.000,15.692,0.609,1.623,0.000,1.019,0.000,0.000,1.278,0.000,1.200,0.000,0.000,20.949,0.000,9.626,0.000,94.025,187.652,0.000,0.000,16.532,0.000,0.000,0.000,0.000,0.000,0.000,0.000,0.000,0.000,0.000,0.000,0.000,0.408,-0.4974,-0.2043,0.2067,0.0000,1,-0.09143,0.1158,-0.1013,0.0235,0.0000,1,-0.08900,0.4094,-0.0116,0.5987,0.2390,1,-0.09966,0.0639,0.0869,0.2136,0.2842,1,-0.06016,-0.4846,-0.3016,0.6786,0.1700,1,-0.17380,0.4458,0.6745,0.5881,0.0790,0,0.11186
1050.0,0,10.846,50.010,0.018,15.455,1.539,0.000,2.741,90.781,0.000,153.022,206.730,0.000,96.218,17.457,0.307,0.000,0.000,148.363,5.038,164.023,0.004,0.000,0.000,201.363,7.980,190.729,0.000,0.000,0.000,0.000,78.268,16.168,0.000,0.000,0.000,1.565,0.000,0.000,0.000,14.888,79.317,0.000,5.131,0.000,0.000,12.610,4.812,1.738,0.000,0.640,0.000,0.000,0.233,0.000,2.635,0.000,0.000,18.963,0.000,11.805,0.000,86.773,173.848,0.000,0.000,32.495,0.000,0.000,0.000,0.000,0.000,11.046,1.609,0.000,0.000,0.000,0.000,0.000,0.075,-0.4950,-0.2173,0.2054,0.0000,1,-0.09902,0.0953,-0.0581,0.0325,0.0000,1,-0.05572,0.4205,-0.0091,0.5982,0.2779,1,-0.09416,0.0663,0.0954,0.2127,0.2835,1,-0.05718,-0.4948,-0.2546,0.6141,0.1554,1,-0.18328,0.4430,0.6562,0.6660,0.1029,0,0.07985
1058.0,0,2.190,10.097,0.004,3.120,0.311,0.000,0.553,21.054,0.000,104.098,197.220,0.000,109.997,3.525,0.062,0.000,0.000,173.148,1.017,152.578,0.001,0.000,0.000,204.710,1.611,195.860,0.000,0.000,0.000,0.000,39.118,14.882,0.000,0.000,0.000,1.727,0.000,0.000,0.000,4.704,66.552,0.000,10.450,0.000,0.000,13.895,3.184,2.089,0.000,1.140,0.000,0.000,0.047,0.000,2.718,0.000,0.000,18.385,0.000,13.142,0.000,85.627,165.803,0.000,0.000,40.755,0.000,0.000,0.000,0.000,0.000,23.428,6.124,0.000,0.000,0.000,0.000,0.000,0.015,-0.4840,-0.2299,0.2041,0.0000,1,-0.10766,0.0779,0.0134,0.0646,0.0000,1,-0.00815,0.4288,-0.0072,0.6108,0.3158,1,-0.08487,0.0698,0.1101,0.2120,0.2814,1,-0.05025,-0.4989,-0.2127,0.5427,0.1622,1,-0.18650,0.4383,0.6209,0.7319,0.1250,0,0.05190
1066.5,0,0.400,1.845,0.001,0.570,0.057,0.000,0.101,3.846,0.000,28.039,142.008,0.000,105.981,0.644,0.011,0.000,0.000,184.169,0.186,143.852,0.000,0.000,0.000,209.170,0.294,154.160,0.000,0.000,0.000,0.000,7.146,11.106,0.000,0.000,0.000,2.125,0.000,0.000,0.000,0.859,40.216,0.000,10.559,0.000,0.000,12.491,0.582,1.969,0.000,0.208,0.000,0.000,1.124,0.000,3.908,0.000,5.000,18.529,0.000,17.115,0.000,72.694,132.850,0.000,0.000,43.902,0.000,0.000,0.000,0.000,0.000,18.054,9.691,0.000,49.681,0.000,0.000,0.000,0.003,-0.4628,-0.2404,0.2040,0.0000,1,-0.11659,0.0903,0.0808,0.1123,0.0000,1,0.02805,0.4343,-0.0056,0.6360,0.3492,1,-0.07188,0.0690,0.1165,0.2110,0.2782,1,-0.04825,-0.4979,-0.1762,0.4706,0.1834,1,-0.18461,0.4288,0.5713,0.7800,0.1478,1,0.02964
1075.0,0,0.073,0.337,0.000,0.104,0.010,0.000,0.018,0.703,0.000,5.122,36.247,0.000,80.496,0.118,0.002,0.000,0.000,185.597,0.034,125.401,0.000,0.000,0.000,209.985,0.054,56.612,0.000,0.000,0.000,0.000,1.306,6.257,0.000,0.000,0.000,2.283,0.000,0.000,0.000,0.157,16.982,0.000,8.905,0.000,0.000,10.723,0.106,2.373,0.000,0.038,0.000,0.000,4.730,0.000,6.086,0.000,10.310,16.473,0.000,16.555,0.000,40.458,76.098,0.000,0.000,38.662,1.213,0.000,0.000,0.000,0.000,6.851,8.743,0.000,126.108,0.000,0.000,0.000,0.001,-0.4322,-0.2466,0.2051,0.0000,1,-0.12530,0.1269,0.1322,0.1647,0.0000,1,0.04717,0.4345,-0.0044,0.6629,0.3763,1,-0.05779,0.0620,0.1143,0.2110,0.2739,1,-0.05090,-0.4963,-0.1449,0.4018,0.2109,1,-0.17670,0.4116,0.5056,0.8113,0.1711,1,0.01137
1083.0,0,0.015,0.068,0.000,0.021,0.002,0.000,0.004,0.142,0.000,1.034,7.318,0.000,48.459,0.024,0.000,0.000,0.000,172.974,0.007,117.139,0.000,0.000,0.000,201.943,0.011,11.430,0.000,0.000,0.000,0.000,0.264,3.406,0.000,0.000,0.000,1.699,0.000,0.000,0.000,0.032,3.429,0.000,11.199,0.000,0.000,7.840,0.021,2.174,0.000,0.008,0.000,0.000,0.955,0.000,6.627,0.000,11.070,14.727,0.000,10.806,0.000,23.299,36.373,0.000,0.000,31.284,4.162,0.000,0.000,0.000,0.000,1.383,2.319,0.000,161.846,0.000,0.000,0.000,0.000,-0.3921,-0.2467,0.2051,0.0000,1,-0.13373,0.1737,0.1620,0.2027,0.0000,0,0.05441,0.4267,-0.0035,0.6801,0.3974,1,-0.04632,0.0527,0.1066,0.2111,0.2680,1,-0.05766,-0.4970,-0.1184,0.3389,0.2385,1,-0.16395,0.3849,0.4258,0.8295,0.1997,1,-0.00328
1091.5,0,0.003,0.012,0.000,0.004,0.000,43.632,0.001,0.026,0.000,0.189,1.337,0.000,33.728,0.004,0.000,0.000,0.000,145.728,0.001,101.220,0.000,0.000,0.000,201.961,0.002,2.088,0.000,0.000,0.000,0.000,0.048,0.999,0.000,0.000,0.000,1.462,0.000,0.000,0.000,0.006,0.626,0.000,9.220,0.000,0.000,7.451,0.004,1.690,0.000,0.001,0.000,0.000,0.174,0.000,1.713,0.000,7.038,13.427,0.000,7.238,0.000,11.226,9.370,0.000,0.000,21.846,7.201,0.000,0.000,0.000,0.000,0.253,0.424,0.000,175.713,0.000,0.000,0.000,0.000,-0.3446,-0.2376,0.2037,0.0000,1,-0.13853,0.2219,0.1720,0.2177,0.0000,0,0.05599,0.4100,-0.0027,0.6819,0.4124,1,-0.04059,0.0447,0.0959,0.2099,0.2611,1,-0.06560,-0.4992,-0.0963,0.2828,0.2584,1,-0.14733,0.3373,0.3390,0.8349,0.2281,1,-0.01430
1100.0,0,0.000,0.002,0.000,0.001,0.000,91.838,0.000,0.005,0.000,0.035,0.244,0.000,18.539,0.001,9.048,0.000,0.000,107.333,0.000,79.740,0.000,0.000,0.000,178.847,0.000,0.381,0.000,0.000,0.000,0.000,0.009,0.182,0.000,0.000,0.000,1.322,0.000,0.000,0.000,0.001,0.114,0.000,3.719,0.000,0.000,5.932,0.001,1.624,0.000,0.000,0.000,0.000,0.032,0.000,0.313,0.000,12.273,14.722,0.000,6.969,0.000,2.051,1.712,0.000,0.000,15.996,10.472,0.000,0.000,0.000,0.000,0.046,0.077,0.000,172.566,0.000,0.000,0.000,0.000,-0.2947,-0.2198,0.2008,0.0000,1,-0.13871,0.2667,0.1683,0.2148,0.0000,0,0.05476,0.3823,-0.0021,0.6684,0.4220,1,-0.04032,0.0381,0.0842,0.2076,0.2531,1,-0.07334,-0.5015,-0.0779,0.2341,0.2687,1,-0.12825,0.2623,0.2519,0.8253,0.2523,1,-0.02434
1108.0,0,0.000,0.000,0.000,0.000,0.000,120.274,0.000,0.001,0.000,0.007,0.049,52.048,3.743,0.000,7.892,0.000,0.000,81.491,0.000,68.478,0.000,0.000,0.000,148.754,0.000,0.077,0.000,0.000,9.048,0.000,0.002,0.037,0.000,0.000,0.000,1.504,0.000,0.000,0.000,0.000,0.023,0.000,1.205,0.000,0.000,7.002,0.000,1.955,0.000,0.000,0.000,0.000,9.403,0.000,0.063,0.000,14.106,14.585,0.000,5.461,0.000,0.414,0.346,0.000,0.000,7.494,15.358,0.000,0.000,0.000,0.000,0.009,0.016,0.000,154.838,0.000,0.000,0.000,0.000,-0.2470,-0.1970,0.1982,0.0000,1,-0.13609,0.3059,0.1565,0.2008,0.0000,0,0.05199,0.3465,-0.0017,0.6407,0.4268,1,-0.04369,0.0281,0.0725,0.2060,0.2456,1,-0.07815,-0.5037,-0.0628,0.1924,0.2660,1,-0.10758,0.1698,0.1604,0.7940,0.2705,1,-0.03925
1116.5,0,0.000,0.000,0.000,0.000,0.000,120.715,0.000,0.000,0.000,0.001,0.009,114.778,0.684,0.000,20.248,0.000,0.000,58.218,0.000,66.191,32.363,0.000,0.000,106.893,0.000,0.014,0.000,0.000,58.748,0.000,0.000,0.007,0.000,0.000,0.000,1.068,0.000,0.000,0.000,0.000,3.356,0.000,1.728,0.000,0.000,9.911,0.000,1.650,0.000,0.000,0.000,0.000,12.670,0.000,0.012,0.000,11.661,13.089,0.000,2.158,0.000,0.076,0.063,0.000,0.000,1.369,20.046,0.000,0.000,0.000,0.000,0.002,0.003,0.000,131.789,0.000,0.000,0.000,1.011,-0.2061,-0.1725,0.1938,0.0000,1,-0.12832,0.3384,0.1406,0.1811,0.0000,1,0.04823,0.3067,-0.0013,0.5972,0.4257,1,-0.05016,0.0129,0.0615,0.2039,0.2404,1,-0.08073,-0.5060,-0.0504,0.1571,0.2518,1,-0.08604,0.0720,0.0775,0.7354,0.2786,1,-0.06265
1125.0,0,8.187,0.000,8.187,0.000,0.000,100.531,0.000,0.000,0.000,0.000,0.002,163.388,0.125,0.000,40.561,0.000,0.000,38.017,0.000,59.838,75.368,0.000,0.000,48.093,0.000,0.003,0.000,0.000,116.073,0.000,0.000,0.001,0.000,0.000,0.000,0.925,0.000,0.000,0.000,0.000,23.581,0.000,2.164,0.000,0.000,8.252,0.000,1.398,0.000,0.000,0.000,0.000,15.746,0.000,0.002,0.000,3.493,8.960,0.000,0.394,0.000,0.014,0.012,0.000,0.000,0.250,20.326,0.000,0.000,0.000,0.000,0.000,0.001,0.000,107.744,0.000,0.000,0.000,0.185,-0.1781,-0.1484,0.1880,0.0000,1,-0.11285,0.3637,0.1232,0.1592,0.0000,1,0.04419,0.2663,-0.0010,0.5392,0.4179,1,-0.05740,-0.0043,0.0516,0.2007,0.2360,1,-0.08120,-0.5084,-0.0403,0.1276,0.2301,1,-0.06451,-0.0187,0.0095,0.6518,0.2728,1,-0.09434
1133.0,0,25.575,0.000,51.483,16.065,0.000,30.268,0.000,0.000,0.000,0.000,0.000,181.422,0.025,0.000,51.266,0.000,0.000,31.237,0.000,66.232,107.271,0.000,0.000,22.323,0.000,0.001,0.000,0.000,140.721,0.000,0.000,0.000,0.000,0.000,0.000,1.064,0.000,0.000,0.000,0.000,43.085,0.000,5.132,0.000,0.000,7.142,0.000,1.293,0.000,0.000,0.000,0.000,25.076,0.000,0.000,0.000,0.705,2.475,1.646,0.080,0.000,0.003,0.002,0.000,0.000,0.050,15.351,0.000,0.000,0.000,0.000,0.000,0.000,0.000,88.649,0.000,0.000,0.745,0.448,-0.1633,-0.1258,0.1824,0.0000,1,-0.09265,0.3806,0.1060,0.1373,0.0043,1,0.03883,0.2277,0.0075,0.4750,0.4012,1,-0.06076,-0.0227,0.0429,0.1966,0.2316,1,-0.07944,-0.5109,-0.0322,0.1032,0.2045,1,-0.04377,-0.0980,-0.0441,0.5522,0.2559,1,-0.12887
1141.5,0,36.200,0.000,127.687,53.734,0.000,5.529,9.048,0.000,0.000,11.474,0.000,159.005,0.005,0.000,73.047,0.000,0.000,24.420,0.000,67.894,143.125,0.000,0.000,17.963,0.000,0.000,0.000,0.000,146.317,0.000,0.000,0.000,0.000,0.000,0.000,1.055,0.000,0.000,0.000,0.000,56.551,0.000,8.515,0.000,0.000,6.833,0.000,1.475,0.000,0.000,0.000,0.000,34.244,0.000,0.000,0.000,0.129,0.452,7.175,0.015,0.000,0.001,0.000,0.000,0.000,0.009,7.764,0.000,0.000,2.483,0.000,0.000,0.000,0.000,80.716,0.000,0.000,1.841,1.504,-0.1569,-0.1054,0.1772,0.0000,1,-0.07060,0.3882,0.0899,0.1133,0.0148,1,0.03319,0.1922,0.0285,0.4107,0.3747,1,-0.05642,-0.0415,0.0354,0.1929,0.2273,1,-0.07636,-0.5135,-0.0256,0.0831,0.1781,1,-0.02441,-0.1651,-0.0856,0.4456,0.2323,1,-0.15935
1150.0,0,46.301,25.114,164.705,80.744,0.000,1.010,107.048,0.000,0.000,57.117,0.000,125.453,0.001,0.000,88.712,0.000,0.000,19.608,0.000,90.598,163.693,0.000,0.000,14.755,0.000,0.000,0.000,0.000,130.078,0.000,8.187,3.504,0.000,0.000,0.000,1.559,0.000,0.000,0.000,3.504,69.271,0.000,8.784,0.000,0.000,7.076,0.000,1.390,0.000,0.000,0.000,0.000,40.232,0.000,0.000,0.000,0.024,0.083,10.653,0.003,0.000,0.000,0.000,0.000,0.000,0.002,1.418,0.000,0.000,0.454,0.000,0.000,0.000,0.000,70.390,0.000,0.000,0.336,1.964,-0.1621,-0.0989,0.1747,0.0000,1,-0.05791,0.3885,0.0754,0.0922,0.0222,1,0.02825,0.1606,0.0621,0.3498,0.3407,1,-0.04195,-0.0596,0.0290,0.1895,0.2235,1,-0.07255,-0.5154,-0.0254,0.0667,0.1525,1,-0.01075,-0.2213,-0.1177,0.3406,0.2055,1,-0.18053
1158.0,0,60.983,108.129,167.461,76.123,0.000,0.204,169.865,0.000,0.000,89.839,0.000,67.376,13.542,0.000,99.312,0.000,0.000,14.696,0.000,108.224,176.361,0.000,0.000,67.768,0.000,21.945,0.000,0.000,105.733,0.000,28.228,6.270,0.000,0.000,0.000,1.220,0.000,0.000,0.000,8.886,82.199,0.000,7.874,0.000,0.000,6.921,0.000,1.537,0.000,0.000,0.000,0.000,31.852,0.000,0.000,0.000,0.005,3.010,8.248,0.001,0.000,0.000,16.065,0.000,0.000,0.000,1.499,0.000,0.000,0.092,0.000,0.000,0.000,0.000,59.541,0.000,0.000,0.068,1.074,-0.1823,-0.1038,0.1726,0.0000,1,-0.05165,0.3837,0.0627,0.0745,0.0256,1,0.02438,0.1330,0.0958,0.2943,0.3093,1,-0.02148,-0.0753,0.0236,0.1868,0.2200,1,-0.06924,-0.5170,-0.0397,0.0534,0.1289,1,-0.00987,-0.2677,-0.1361,0.2435,0.1782,1,-0.18799
1166.5,0,16.701,142.242,170.877,44.211,0.000,0.037,196.720,0.000,0.000,105.627,63.798,12.309,31.210,0.000,104.029,0.000,0.000,21.762,0.000,129.434,183.310,0.000,0.000,138.331,0.000,84.101,0.000,0.000,63.253,0.000,42.188,7.306,0.000,0.000,0.000,0.927,0.000,0.000,0.000,13.135,85.921,0.000,5.025,0.000,0.000,8.267,0.000,1.378,0.000,0.000,0.000,0.000,23.180,0.000,0.000,0.000,0.001,5.201,2.010,0.000,0.000,2.744,46.354,0.000,0.000,0.000,3.173,0.000,0.000,0.017,0.000,0.000,0.000,0.000,42.633,0.000,0.000,0.012,2.274,-0.2096,-0.1158,0.1693,0.0000,1,-0.05072,0.3750,0.0516,0.0599,0.0261,1,0.02126,0.1130,0.1190,0.2452,0.2836,1,-0.00295,-0.0872,0.0191,0.1842,0.2178,1,-0.06696,-0.5178,-0.0903,0.0508,0.1078,1,-0.04231,-0.3051,-0.1405,0.1588,0.1522,1,-0.18090
1175.0,0,3.051,128.546,164.849,8.077,0.000,0.007,204.985,0.000,0.000,118.888,144.650,2.249,52.445,0.000,104.891,0.000,0.000,53.521,0.000,132.516,182.718,0.000,0.000,188.543,43.141,129.986,0.000,0.000,13.787,0.000,43.755,7.303,0.000,0.000,0.000,0.899,0.000,0.000,0.000,14.323,78.559,0.000,2.655,0.000,0.000,9.478,0.000,1.298,0.000,0.000,0.000,0.000,19.739,0.000,1.667,0.000,0.000,9.652,0.367,0.000,0.000,15.215,97.511,0.000,0.000,0.000,2.656,0.000,0.000,0.003,0.000,0.000,0.000,0.000,32.216,0.000,0.000,0.002,1.780,-0.2363,-0.1311,0.1654,0.0000,1,-0.05529,0.3634,0.0423,0.0481,0.0249,1,0.01884,0.1066,0.1281,0.2026,0.2656,1,0.00738,-0.0952,0.0154,0.1815,0.2171,1,-0.06646,-0.5171,-0.1677,0.0591,0.0894,1,-0.09877,-0.3274,-0.1218,0.0941,0.1283,1,-0.15602
1183.0,0,0.616,52.088,166.988,1.631,0.000,0.001,209.120,0.000,0.000,79.939,182.026,0.454,75.678,8.187,117.276,0.000,0.000,94.441,0.000,123.235,170.733,0.000,0.000,203.076,107.691,151.771,0.000,0.000,2.783,0.000,36.726,9.545,0.000,0.000,0.000,1.027,0.000,0.000,0.000,14.708,77.714,0.000,1.451,0.000,0.000,8.858,0.000,0.955,0.000,0.000,0.000,0.000,19.864,0.000,0.336,0.000,0.000,11.402,0.074,0.264,0.000,33.442,144.221,0.000,0.000,0.000,3.796,0.000,0.000,0.001,0.000,0.000,3.599,0.000,23.949,0.000,0.000,0.000,0.359,-0.2595,-0.1484,0.1620,0.0000,1,-0.06476,0.3495,0.0344,0.0608,0.0227,1,0.00633,0.1193,0.1265,0.1693,0.2538,1,0.00930,-0.1003,0.0124,0.1771,0.2170,1,-0.06575,-0.5142,-0.2453,0.0792,0.0799,1,-0.15711,-0.3263,-0.0471,0.0495,0.1071,1,-0.09371
1191.5,0,13.788,9.516,147.962,0.298,0.000,0.000,202.567,0.000,0.000,40.703,167.024,0.083,81.777,31.183,112.799,0.000,0.000,142.827,9.048,108.399,144.969,0.000,0.000,206.640,149.354,163.562,0.000,0.000,0.508,0.000,10.038,10.167,0.000,0.000,0.000,1.558,0.000,0.000,0.000,22.631,87.296,0.000,0.265,0.000,0.000,6.331,0.000,1.548,0.000,0.000,0.000,0.000,28.118,0.000,1.681,0.000,0.000,15.626,0.014,0.313,0.000,51.537,169.802,0.000,0.000,0.000,0.693,0.000,0.000,0.000,0.000,7.786,10.999,0.000,47.819,0.000,0.000,0.000,0.402,-0.2879,-0.1663,0.1633,0.0000,1,-0.07660,0.3437,0.0448,0.0990,0.0201,1,-0.00174,0.1458,0.1183,0.1438,0.2476,1,0.00332,-0.1047,0.0099,0.1748,0.2157,1,-0.06546,-0.5085,-0.3077,0.1105,0.0890,1,-0.20532,-0.3039,0.0841,0.0206,0.0886,1,0.01284
1200.0,0,51.803,1.738,126.828,0.054,0.000,0.000,208.778,0.000,0.000,7.436,93.974,0.015,65.387,54.674,109.218,0.000,0.000,157.084,46.743,90.305,84.575,0.000,0.000,206.510,171.888,125.075,0.000,0.000,0.093,0.000,1.834,7.659,0.000,0.000,0.000,1.803,0.000,0.000,0.000,35.496,108.297,0.000,3.676,0.000,0.000,5.293,0.000,1.244,0.000,0.000,0.000,0.000,35.869,0.000,3.391,0.000,0.000,17.749,0.002,0.968,0.000,64.053,182.395,0.000,0.000,0.000,0.127,0.000,0.000,0.000,0.000,10.095,17.976,0.000,86.069,0.000,0.000,0.000,0.628,-0.3228,-0.1819,0.1666,0.0000,1,-0.08394,0.3481,0.0660,0.1625,0.0175,1,-0.01128,0.1793,0.1067,0.1294,0.2453,1,-0.00906,-0.1096,0.0079,0.1725,0.2128,1,-0.06499,-0.5012,-0.3488,0.1549,0.1133,1,-0.23783,-0.2725,0.2221,0.0027,0.0728,0,0.13149
1208.0,0,19.768,0.351,72.969,0.011,0.000,0.000,209.886,0.000,0.000,1.501,21.204,0.003,36.737,63.610,101.446,0.000,0.000,158.951,76.278,75.237,17.075,0.000,0.000,205.363,178.449,33.538,0.000,0.000,0.019,0.000,0.370,5.334,0.000,0.000,0.000,1.545,0.000,0.000,0.000,34.809,112.273,0.000,5.013,0.000,0.000,2.769,0.000,2.066,0.000,0.000,0.000,0.000,39.397,0.000,5.203,0.000,0.000,21.025,0.000,0.195,0.000,50.793,171.750,0.000,0.000,0.000,0.026,0.000,0.000,0.000,0.000,3.177,22.327,0.000,105.494,0.000,0.000,0.000,1.510,-0.3580,-0.1937,0.1697,0.0000,1,-0.08662,0.3585,0.0862,0.2399,0.0149,1,-0.02612,0.2089,0.0938,0.1160,0.2487,1,-0.02328,-0.1149,0.0063,0.1732,0.2061,1,-0.06540,-0.4942,-0.3702,0.2172,0.1450,1,-0.25452,-0.2386,0.3432,-0.0077,0.0638,0,0.23889
1216.5,0,3.611,0.064,13.330,0.002,0.000,0.000,204.050,0.000,0.000,0.274,3.874,0.001,20.030,83.308,84.037,0.000,0.000,140.479,99.821,70.853,3.119,0.000,0.000,193.670,177.616,6.127,0.000,0.000,0.003,0.000,0.068,1.391,0.000,0.000,0.000,1.337,0.000,0.000,0.000,32.314,118.285,0.000,8.590,0.000,0.000,3.204,0.000,1.965,0.000,0.000,0.000,0.000,29.141,0.000,7.085,0.000,0.000,22.359,0.000,0.036,0.000,35.069,140.434,0.000,0.000,0.000,0.005,0.000,0.000,0.000,0.000,0.580,22.331,0.000,123.235,0.000,0.000,0.000,0.889,-0.3892,-0.1955,0.1716,0.0000,1,-0.08078,0.3720,0.0966,0.3195,0.0126,1,-0.04657,0.2301,0.0809,0.1019,0.2530,1,-0.03702,-0.1192,0.0050,0.1754,0.1982,1,-0.06696,-0.4884,-0.3770,0.2949,0.1743,1,-0.25680,-0.2051,0.4423,-0.0133,0.0659,0,0.32556
1225.0,0,0.660,0.012,2.435,0.000,0.000,0.000,197.962,0.000,0.000,0.050,0.708,0.000,8.152,91.231,62.730,0.000,0.000,114.015,110.187,64.319,0.570,0.000,0.000,175.155,175.701,1.119,0.000,0.000,0.001,0.000,0.012,0.254,0.000,0.000,0.000,1.818,0.000,0.000,0.000,30.135,115.604,0.000,6.548,0.000,0.000,5.641,0.000,1.912,0.000,0.000,0.000,0.000,15.417,0.000,6.212,0.000,0.000,26.037,0.000,0.887,0.000,23.520,96.575,0.000,0.000,0.000,0.001,0.000,0.000,0.000,0.000,0.106,17.935,0.000,124.880,0.000,0.000,0.000,0.617,-0.4150,-0.1869,0.1744,0.0000,1,-0.06840,0.3861,0.0977,0.3926,0.0105,1,-0.06777,0.2427,0.0687,0.0971,0.2586,1,-0.05139,-0.1205,0.0040,0.1781,0.1929,1,-0.07046,-0.4835,-0.3747,0.3705,0.1941,1,-0.24907,-0.1740,0.5209,-0.0157,0.0782,0,0.39099
1233.0,0,10.133,0.002,0.492,0.000,0.000,0.000,175.705,0.000,0.000,0.010,0.143,0.000,1.646,111.335,33.606,0.000,0.000,84.176,136.898,66.070,0.115,0.000,0.000,130.601,167.586,0.226,0.000,0.000,0.000,0.000,0.002,0.051,0.000,0.000,0.000,1.525,0.000,0.000,0.000,27.319,111.868,0.000,4.480,0.000,0.000,5.710,0.000,1.625,0.000,0.000,0.000,0.000,10.279,0.000,7.438,0.000,0.000,27.786,0.000,3.638,0.000,17.968,78.840,0.000,0.000,0.000,0.000,0.000,0.000,0.000,0.000,0.021,11.948,0.000,117.945,0.000,0.000,0.000,0.579,-0.4349,-0.1714,0.1766,0.0000,1,-0.05257,0.3992,0.0929,0.4530,0.0087,1,-0.08579,0.2481,0.0577,0.1158,0.2639,1,-0.06803,-0.1178,0.0032,0.1800,0.1894,1,-0.07499,-0.4828,-0.3662,0.4339,0.2012,1,-0.23727,-0.1459,0.5820,-0.0056,0.0967,0,0.43159
1241.5,0,5.917,0.000,0.090,54.984,0.000,0.000,120.219,0.000,0.000,0.002,0.026,0.000,0.301,111.191,6.139,0.000,0.000,64.467,162.555,77.159,0.021,0.000,0.000,87.371,139.346,0.041,0.000,0.000,0.000,0.000,0.000,0.009,0.000,0.000,0.000,2.090,0.000,0.000,0.000,25.957,108.045,0.000,2.057,0.000,0.000,5.552,0.000,1.910,0.000,1.235,0.000,0.000,11.099,0.000,9.945,0.000,0.000,28.410,0.000,8.865,0.000,7.980,80.469,0.000,0.000,0.000,0.000,0.000,0.000,0.000,0.000,0.004,6.781,0.000,105.513,0.000,0.000,0.000,1.305,-0.4495,-0.1526,0.1801,0.0000,1,-0.03711,0.4104,0.0846,0.4941,0.0071,1,-0.09896,0.2452,0.0480,0.1656,0.2684,1,-0.08609,-0.1085,0.0025,0.1823,0.1871,1,-0.07963,-0.4853,-0.3532,0.4858,0.1959,1,-0.22492,-0.1173,0.6281,0.0407,0.1182,0,0.43421
1250.0,0,55.911,0.000,0.016,107.454,0.000,0.000,45.350,0.000,0.000,33.185,0.005,0.000,0.055,118.600,1.122,0.000,0.000,45.368,173.189,92.263,0.004,0.000,0.000,57.819,76.774,0.008,0.000,0.000,0.000,0.000,0.000,0.002,0.000,0.000,0.000,2.018,0.000,0.000,0.000,34.013,123.460,0.000,0.787,0.000,0.000,7.461,0.000,2.302,0.000,2.546,0.000,0.000,17.930,0.000,10.437,0.000,0.000,34.917,0.000,21.035,0.000,2.691,89.072,0.000,0.000,0.000,6.517,0.000,0.000,0.000,0.000,0.001,3.745,0.000,111.321,0.000,0.000,0.000,2.990,-0.4622,-0.1328,0.1839,0.0000,1,-0.02306,0.4200,0.0750,0.5124,0.0058,1,-0.10764,0.2333,0.0396,0.2479,0.2791,1,-0.09857,-0.0946,0.0020,0.1857,0.1870,1,-0.08353,-0.4902,-0.3313,0.5326,0.1822,1,-0.21134,-0.0713,0.6605,0.1107,0.1405,0,0.40947
1258.0,0,106.368,0.000,0.003,118.676,0.000,0.000,9.156,0.000,0.000,84.773,0.001,0.000,0.011,122.297,0.226,0.000,0.000,34.561,145.380,109.903,0.001,0.000,0.000,38.127,17.732,0.002,0.000,0.000,0.000,0.000,28.746,3.482,0.000,0.000,0.000,2.059,0.000,0.000,0.000,44.075,141.662,0.000,0.159,0.000,0.000,8.835,0.000,2.122,0.000,2.160,0.000,0.000,16.621,0.000,11.905,0.000,0.000,35.430,0.000,33.280,0.000,0.543,73.532,0.000,0.000,2.254,25.094,0.000,0.000,0.000,0.000,0.000,2.381,0.000,107.289,0.000,0.000,0.000,1.431,-0.4749,-0.1249,0.1878,0.0000,1,-0.01911,0.4280,0.0650,0.5102,0.0047,1,-0.11275,0.2141,0.0324,0.3572,0.2956,1,-0.09640,-0.0807,0.0015,0.1891,0.1890,1,-0.08705,-0.4957,-0.3014,0.5687,0.1640,1,-0.19842,-0.0117,0.6774,0.1888,0.1621,0,0.36292
1266.5,0,97.910,7.408,0.001,115.258,0.000,0.000,1.673,24.253,0.000,137.374,0.000,0.000,20.552,98.228,0.041,0.000,0.000,27.712,96.342,131.965,0.000,0.000,0.000,6.965,3.239,0.000,0.000,0.000,0.000,0.000,65.900,7.346,0.000,0.000,0.000,1.465,0.000,0.000,0.000,47.772,152.441,0.000,0.029,0.000,0.000,8.290,0.000,1.860,0.000,3.184,0.000,0.000,22.561,0.000,11.202,0.000,0.000,36.432,0.000,38.864,0.000,0.099,21.247,19.770,0.000,8.651,39.215,0.000,0.000,0.000,0.000,0.000,2.553,0.000,82.659,0.000,0.000,0.000,2.181,-0.4868,-0.1284,0.1896,0.0000,1,-0.02363,0.4334,0.0555,0.4975,0.0038,1,-0.11598,0.1649,0.0264,0.4733,0.3199,1,-0.07871,-0.0660,0.0012,0.1915,0.1919,1,-0.08925,-0.5003,-0.2672,0.5945,0.1527,1,-0.18647,0.0519,0.6752,0.2614,0.1820,0,0.30486
1275.0,0,70.917,78.388,0.000,75.346,0.000,0.000,0.306,65.079,0.000,155.011,0.000,0.000,56.572,86.827,0.008,0.000,0.000,14.457,23.745,156.042,0.000,0.000,0.000,30.656,0.592,53.190,0.000,0.000,0.000,0.000,85.312,8.435,0.000,0.000,0.000,1.811,0.000,0.000,0.000,45.493,151.662,0.000,0.005,0.000,0.000,8.702,0.823,1.799,0.000,2.254,0.000,0.000,25.961,0.000,11.172,16.234,6.340,37.200,0.000,40.219,0.000,0.018,3.881,48.454,0.000,11.989,50.625,0.000,0.000,0.000,0.000,0.000,4.627,0.000,60.725,0.000,0.000,0.000,2.584,-0.4971,-0.1387,0.1913,0.0000,1,-0.03372,0.4340,0.0467,0.4899,0.0031,1,-0.11965,0.0873,-0.0145,0.5774,0.3443,1,-0.05736,-0.0544,0.0064,0.1931,0.1952,1,-0.08665,-0.5016,-0.2321,0.6095,0.1475,1,-0.17634,0.1127,0.6523,0.3288,0.1998,0,0.24029
1283.0,0,84.632,158.314,0.000,17.938,0.000,0.000,0.062,90.475,0.000,143.539,51.328,0.000,87.598,61.158,0.002,0.000,0.000,17.286,4.794,168.978,0.000,0.000,0.000,114.606,0.119,119.880,0.000,0.000,0.000,0.000,72.285,9.806,0.000,0.000,0.000,1.790,0.000,0.000,0.000,47.671,153.807,0.000,0.001,0.000,0.000,8.829,5.100,1.521,0.000,3.202,0.000,0.000,37.135,0.000,13.235,21.305,11.513,36.045,0.000,40.221,0.000,0.004,0.784,63.192,0.000,10.579,56.002,0.000,0.000,0.000,0.000,0.000,8.411,0.000,67.163,0.000,0.000,0.000,2.937,-0.5059,-0.1530,0.1928,0.0000,1,-0.04675,0.4327,0.0390,0.4950,0.0025,1,-0.12482,-0.0041,-0.0847,0.6613,0.3647,1,-0.03204,-0.0443,0.0312,0.1931,0.1987,1,-0.06913,-0.4972,-0.1983,0.6149,0.1491,1,-0.16802,0.1652,0.6112,0.4016,0.2153,0,0.17285
1291.5,0,101.347,173.289,0.000,3.277,0.000,0.000,0.011,110.602,0.000,99.461,148.136,0.000,101.889,20.623,0.000,0.000,0.000,46.838,0.876,167.204,0.000,0.000,0.000,184.496,0.022,165.780,0.000,0.000,0.000,0.000,40.472,11.740,0.000,0.000,0.000,1.531,0.000,0.000,0.000,51.967,154.993,0.000,0.000,0.000,0.000,11.812,3.402,1.336,0.000,0.585,0.000,0.000,41.357,0.000,16.667,43.549,19.994,34.066,0.000,40.900,0.000,0.001,0.143,73.518,0.000,11.196,58.191,0.000,0.000,0.000,0.000,0.000,13.972,0.000,63.946,0.000,0.000,0.000,2.722,-0.5135,-0.1693,0.1931,0.0000,1,-0.06082,0.4305,0.0322,0.5129,0.0020,1,-0.13107,-0.0954,-0.1826,0.7239,0.3804,1,-0.00408,-0.0429,0.0606,0.1915,0.2033,1,-0.04749,-0.4870,-0.1673,0.6118,0.1536,1,-0.16144,0.2027,0.5571,0.4769,0.2285,0,0.11114
1300.0,0,99.435,157.894,0.000,0.599,0.000,0.000,0.002,135.133,0.000,26.455,195.506,0.000,100.434,3.767,0.000,0.000,0.000,101.851,0.160,155.574,0.000,0.000,0.000,205.477,0.004,190.542,0.000,0.000,0.000,0.000,7.393,14.817,0.000,0.000,0.000,1.335,0.000,0.000,0.000,53.999,153.652,0.000,1.667,0.000,0.000,10.316,0.621,1.334,0.000,0.107,0.000,0.000,43.751,0.000,18.789,46.849,25.549,30.606,0.000,40.195,0.000,0.000,0.026,73.069,0.000,15.691,55.134,0.000,0.000,0.000,0.000,1.000,19.240,0.000,70.059,0.000,0.000,0.000,2.992,-0.5200,-0.1868,0.1920,0.0000,1,-0.07345,0.4291,0.0323,0.5397,0.0016,1,-0.13428,-0.1769,-0.2801,0.7690,0.3950,1,0.02566,-0.0484,0.0787,0.1890,0.2078,1,-0.03334,-0.4706,-0.1397,0.6028,0.1612,1,-0.15638,0.2267,0.4959,0.5541,0.2395,0,0.05962
1308.0,0,80.973,66.710,0.000,0.121,0.000,0.000,0.000,145.171,0.000,5.341,204.741,0.000,68.728,0.761,0.000,0.000,0.000,147.273,0.032,118.289,0.000,0.000,0.000,209.220,0.001,196.205,0.000,0.000,0.000,0.000,1.493,17.121,0.000,0.000,0.000,1.486,0.000,0.000,0.000,49.753,141.453,0.000,2.831,0.000,0.000,7.885,0.125,1.444,0.000,0.022,0.000,0.000,53.628,0.000,18.968,52.959,29.080,25.651,0.000,38.369,0.000,0.000,0.005,68.958,0.000,27.628,53.960,0.000,0.000,0.000,0.000,11.489,23.285,0.000,94.373,0.000,0.000,0.000,2.790,-0.5251,-0.2089,0.1907,0.0000,1,-0.08776,0.4301,0.0490,0.5711,0.0013,1,-0.12914,-0.2462,-0.3667,0.8005,0.4090,0,0.05374,-0.0581,0.0856,0.1866,0.2106,1,-0.02676,-0.4478,-0.1157,0.5915,0.1823,1,-0.15193,0.2341,0.4329,0.6385,0.2518,1,0.01999
1316.5,0,63.509,12.187,0.000,0.022,0.000,0.000,0.000,135.391,0.000,0.976,194.003,0.000,42.477,0.139,0.000,0.000,0.000,173.827,0.006,95.243,0.000,0.000,0.000,209.994,0.000,197.616,0.000,0.000,0.000,0.000,0.273,16.308,0.000,0.000,0.000,1.601,0.000,0.000,0.000,47.175,141.434,0.000,3.495,0.000,0.000,7.096,0.023,1.798,0.000,0.004,0.000,0.000,68.856,0.000,21.424,53.330,38.022,20.054,0.000,35.587,0.000,0.000,0.001,64.867,0.000,39.220,53.884,0.000,0.000,0.000,0.000,16.328,25.702,0.000,119.612,0.000,0.000,0.000,3.257,-0.5289,-0.2305,0.1899,0.0000,1,-0.10056,0.4334,0.0752,0.6037,0.0010,1,-0.11949,-0.3029,-0.4396,0.8213,0.4216,0,0.07751,-0.0703,0.0848,0.1857,0.2119,1,-0.02582,-0.4273,-0.0951,0.5852,0.2113,1,-0.14715,0.2317,0.3587,0.7229,0.2742,1,-0.00741
1325.0,0,28.747,2.226,0.000,0.004,0.000,0.000,0.000,113.306,0.000,0.178,143.062,0.000,20.728,0.025,0.000,0.000,0.000,190.293,0.001,75.196,0.000,0.000,0.000,210.135,0.000,193.860,0.000,0.000,0.000,0.000,0.050,15.588,0.000,0.000,0.000,1.243,0.000,0.000,0.000,47.433,133.273,0.000,4.467,0.000,0.000,8.199,0.004,1.710,0.000,0.001,0.000,0.000,74.213,0.000,21.055,43.198,33.787,12.707,0.000,28.611,0.000,0.000,0.000,53.612,0.000,44.386,52.279,0.000,0.000,0.000,0.000,16.560,23.816,0.000,144.646,0.000,0.000,0.000,3.944,-0.5317,-0.2496,0.1879,0.0000,1,-0.11046,0.4383,0.1051,0.6337,0.0008,1,-0.10808,-0.3468,-0.4985,0.8331,0.4323,0,0.09552,-0.0832,0.0794,0.1854,0.2128,1,-0.02834,-0.4134,-0.0777,0.5782,0.2410,1,-0.14256,0.2049,0.2787,0.7983,0.2983,1,-0.01938
1333.0,0,33.738,0.449,0.000,0.001,0.000,0.000,0.000,67.261,0.000,0.036,51.728,0.000,4.185,0.005,0.000,0.000,0.000,183.154,0.000,46.008,0.000,0.000,0.000,210.160,0.000,149.142,0.000,0.000,0.000,0.000,0.010,23.793,0.000,0.000,0.000,1.540,0.000,0.000,0.000,46.107,128.816,0.000,9.592,0.000,0.000,8.143,0.001,2.062,0.000,0.000,0.000,0.000,72.380,0.000,21.128,23.793,33.205,8.626,0.000,23.087,0.000,0.000,0.000,45.276,0.000,45.141,49.644,0.000,0.000,0.000,0.000,12.150,18.323,0.000,176.414,0.000,0.000,0.000,3.721,-0.5338,-0.2779,0.1866,0.0000,1,-0.12529,0.4443,0.1342,0.6555,0.0006,1,-0.09659,-0.3798,-0.5418,0.8363,0.4409,0,0.10619,-0.0957,0.0716,0.1865,0.2135,1,-0.03320,-0.4055,-0.0631,0.5706,0.2673,1,-0.13832,0.1463,0.1994,0.8599,0.3225,1,-0.01764
1341.5,0,56.269,0.082,0.000,0.000,0.000,0.000,0.000,18.584,0.000,0.007,9.450,0.000,0.765,0.001,0.000,0.000,0.000,173.902,0.000,26.905,0.000,0.000,0.000,205.200,0.000,36.974,0.000,0.000,0.000,0.000,0.002,14.156,0.000,0.000,0.000,1.371,0.000,0.000,0.000,50.076,128.260,0.000,10.734,0.000,0.000,6.059,0.000,2.056,0.000,0.000,0.000,3.279,74.973,0.000,20.433,6.682,32.106,2.312,0.000,15.786,0.000,0.000,0.000,44.291,0.000,38.936,52.899,0.000,0.000,0.000,0.000,2.443,7.790,0.000,187.752,0.000,0.000,0.000,3.374,-0.5356,-0.3010,0.1851,0.0000,1,-0.13575,0.4505,0.1534,0.6621,0.0005,1,-0.08832,-0.4035,-0.5639,0.8274,0.4467,0,0.10537,-0.1136,0.0629,0.1883,0.2126,1,-0.03878,-0.4028,-0.0510,0.5639,0.2871,1,-0.13443,0.0695,0.1242,0.9032,0.3437,1,-0.00893
1350.0,0,23.581,0.015,0.000,0.000,0.000,0.000,0.000,7.074,0.000,0.001,1.726,0.000,0.140,0.000,0.000,0.000,0.000,151.244,0.000,22.780,0.000,0.000,0.000,209.259,0.000,6.755,0.000,0.000,0.000,0.000,0.000,10.451,0.000,0.000,0.000,1.205,0.000,0.000,0.000,52.102,124.673,0.000,9.319,0.000,0.000,5.994,0.000,1.614,0.000,0.000,0.000,8.021,76.447,0.000,21.959,1.221,22.230,0.422,0.000,6.055,0.000,0.000,0.000,44.342,0.000,30.896,50.861,0.000,0.000,0.000,0.000,0.446,1.423,0.000,187.313,0.000,0.000,0.000,3.493,-0.5374,-0.3147,0.1828,0.0000,1,-0.13972,0.4566,0.1587,0.6438,0.0004,1,-0.08360,-0.4217,-0.5611,0.7973,0.4491,0,0.08695,-0.1379,0.0543,0.1891,0.2108,1,-0.04393,-0.4039,-0.0411,0.5595,0.2958,1,-0.13092,-0.0163,0.0527,0.9271,0.3603,1,0.00062
1358.0,0,4.761,0.003,0.000,26.719,0.000,0.000,0.000,1.428,0.000,0.000,0.349,0.000,0.028,0.000,0.000,0.000,0.000,125.134,0.000,26.504,0.000,0.000,0.000,199.983,0.000,1.364,0.000,0.000,0.000,0.000,0.000,8.564,0.000,0.000,0.000,1.446,0.000,0.000,0.000,49.311,128.909,0.000,7.137,0.000,0.000,11.542,0.000,1.482,0.000,0.000,0.000,13.811,77.226,0.000,26.718,0.246,15.980,0.085,0.000,1.531,0.000,0.000,0.000,48.199,0.000,23.081,43.265,0.000,0.000,0.000,0.000,0.090,0.287,0.000,178.522,0.000,0.000,0.000,3.539,-0.5389,-0.3203,0.1813,0.0000,1,-0.13904,0.4619,0.1533,0.6023,0.0003,1,-0.08033,-0.4373,-0.5360,0.7416,0.4473,0,0.05066,-0.1700,0.0461,0.1888,0.2116,1,-0.04896,-0.4070,-0.0330,0.5573,0.2917,1,-0.12774,-0.0961,-0.0143,0.9314,0.3715,1,0.00586
1366.5,0,17.573,0.001,0.000,71.498,0.000,0.000,0.000,0.261,0.000,5.488,0.064,0.000,0.005,0.000,0.000,0.000,0.000,90.304,0.000,45.508,0.000,0.000,0.000,195.626,0.000,0.249,0.000,0.000,0.000,0.000,0.000,8.980,0.000,0.000,0.000,1.671,0.000,0.000,0.000,43.047,122.863,0.000,2.817,0.000,0.000,12.782,0.000,1.335,0.000,0.000,0.000,17.247,81.971,0.000,27.901,0.045,8.519,0.016,0.000,0.280,0.000,0.000,0.000,57.241,0.000,19.606,39.351,0.000,0.000,0.000,0.000,0.016,0.052,0.000,156.035,0.000,0.000,0.000,4.348,-0.5399,-0.3208,0.1811,0.0000,1,-0.13739,0.4662,0.1414,0.5457,0.0002,1,-0.07667,-0.4521,-0.4948,0.6652,0.4408,1,0.00450,-0.2069,0.0387,0.1872,0.2142,1,-0.05346,-0.4105,-0.0264,0.5641,0.2756,1,-0.12465,-0.1653,-0.0731,0.9164,0.3783,1,0.00333
1375.0,0,60.566,0.000,21.901,102.627,0.000,0.000,0.000,0.048,0.000,51.929,0.012,0.000,0.001,0.000,0.000,0.000,0.000,56.733,0.000,70.650,0.000,0.000,0.000,182.094,0.000,0.046,0.000,0.000,0.000,0.000,0.000,10.296,0.000,0.000,0.000,1.486,0.000,0.000,0.000,44.645,128.840,0.000,1.342,0.000,0.000,13.056,0.000,1.656,0.000,0.000,0.000,22.161,85.152,0.000,26.806,0.008,3.396,0.003,0.000,0.051,0.000,0.000,0.000,69.591,0.000,16.751,41.234,0.000,0.000,0.000,0.000,0.003,0.010,0.000,112.005,0.000,0.000,0.000,3.878,-0.5407,-0.3188,0.1810,0.0000,1,-0.13613,0.4682,0.1264,0.4822,0.0002,1,-0.07171,-0.4677,-0.4443,0.5802,0.4303,1,-0.03918,-0.2459,0.0322,0.1862,0.2179,1,-0.05782,-0.4137,-0.0211,0.5783,0.2517,1,-0.12170,-0.2229,-0.1248,0.8805,0.3795,1,-0.01012
1383.0,0,73.399,0.000,62.263,117.313,0.000,17.408,0.000,0.010,0.000,91.886,0.002,0.000,0.000,0.000,0.000,0.000,0.000,47.129,0.000,105.406,0.000,0.000,0.000,150.506,0.000,0.009,0.000,0.000,0.000,0.000,7.408,12.254,0.000,0.000,0.000,1.466,0.000,0.000,0.000,43.995,134.398,0.000,0.271,0.000,0.000,12.222,0.000,1.397,0.000,0.000,0.000,20.569,86.670,0.000,25.299,0.002,0.686,0.001,0.000,0.010,0.000,0.000,0.000,79.085,0.000,15.251,39.383,0.000,0.000,0.000,0.000,0.001,0.002,0.000,69.415,0.000,0.000,0.000,2.825,-0.5414,-0.3161,0.1809,0.0000,1,-0.13644,0.4646,0.1103,0.4178,0.0001,1,-0.06535,-0.4831,-0.3902,0.4971,0.4169,1,-0.07179,-0.2824,0.0266,0.1847,0.2216,1,-0.06144,-0.4157,-0.0168,0.6014,0.2284,1,-0.11901,-0.2697,-0.1692,0.8184,0.3753,1,-0.03737
1391.5,0,85.281,0.000,86.061,81.409,0.000,55.835,33.185,8.189,0.000,128.950,0.000,0.000,13.542,0.000,0.000,0.000,0.000,27.129,0.000,119.208,0.000,0.000,0.000,103.557,0.000,0.002,0.000,0.000,0.000,0.000,16.739,14.726,0.000,0.000,0.000,1.823,0.000,0.000,0.000,48.956,140.748,0.000,0.050,0.000,0.000,11.139,0.000,1.126,0.000,0.000,0.000,16.800,84.464,0.000,22.891,0.000,2.158,0.000,0.000,0.002,0.000,0.000,0.000,88.894,0.000,12.735,41.350,0.000,0.000,0.000,0.000,0.000,0.000,0.000,33.485,0.000,0.000,0.000,2.579,-0.5422,-0.3137,0.1820,0.0000,1,-0.13862,0.4538,0.0946,0.3565,0.0001,1,-0.05794,-0.4980,-0.3367,0.4176,0.4016,1,-0.09144,-0.3136,0.0218,0.1817,0.2248,1,-0.06395,-0.4155,-0.0193,0.6237,0.2140,1,-0.11874,-0.3077,-0.2042,0.7295,0.3665,1,-0.07664
1400.0,0,105.531,0.000,101.608,27.911,0.000,107.560,96.891,41.928,0.000,133.005,0.000,0.000,36.235,0.000,0.000,0.000,0.000,18.661,0.000,107.664,0.000,0.000,0.000,59.784,0.000,0.000,0.000,0.000,0.000,0.000,41.337,13.062,0.000,0.000,0.000,2.070,0.000,0.000,0.000,55.057,150.292,0.000,0.009,0.000,0.000,13.284,0.000,1.311,0.000,0.000,0.000,11.402,80.319,0.000,25.799,0.000,9.168,0.000,0.000,4.131,0.000,0.000,0.000,101.228,0.000,12.506,41.462,0.000,0.000,0.000,0.000,0.000,0.000,0.000,8.791,0.000,0.000,0.000,1.386,-0.5433,-0.3114,0.1861,0.0000,1,-0.14201,0.4334,0.0801,0.3004,0.0001,1,-0.05002,-0.5119,-0.2863,0.3708,0.3856,1,-0.09443,-0.3370,0.0177,0.1790,0.2281,1,-0.06615,-0.4141,-0.0237,0.6420,0.2088,1,-0.11925,-0.3409,-0.2336,0.6230,0.3549,1,-0.12002
1408.0,0,113.128,0.000,104.382,5.635,0.000,132.446,140.226,81.572,0.000,117.252,0.000,61.921,49.614,0.000,3.329,0.000,0.000,7.446,0.000,89.726,0.000,0.000,0.000,44.562,0.000,0.000,0.000,0.000,10.000,0.000,38.322,11.633,0.000,0.000,0.000,2.450,0.000,0.000,0.000,59.182,153.858,0.000,0.002,0.000,0.000,14.153,0.000,0.958,0.000,0.000,0.000,6.297,81.409,0.000,23.413,0.000,13.479,1.341,0.000,10.379,0.000,0.000,0.000,100.735,0.000,10.493,42.090,0.000,0.000,0.000,0.000,0.000,0.000,0.000,1.775,0.000,0.000,0.000,1.029,-0.5446,-0.3087,0.1914,0.0000,1,-0.14551,0.4023,0.0670,0.2506,0.0001,1,-0.04208,-0.5239,-0.2407,0.3681,0.3718,1,-0.08680,-0.3517,0.0144,0.1748,0.2316,1,-0.06747,-0.4111,-0.0258,0.6560,0.2156,1,-0.11931,-0.3697,-0.2485,0.5110,0.3408,1,-0.15852
1416.5,0,94.896,0.000,87.601,1.029,0.000,121.130,170.008,119.968,0.000,73.213,0.000,121.244,65.550,0.000,16.854,0.000,0.000,5.039,0.000,73.998,0.000,0.000,0.000,61.820,29.856,0.000,0.000,0.000,27.450,0.000,21.489,9.278,0.000,0.000,0.000,2.248,0.000,0.000,0.000,55.330,151.393,0.000,0.000,0.000,0.000,11.104,0.000,0.808,0.000,0.000,0.000,4.570,78.919,0.000,23.042,0.000,12.373,2.953,1.755,11.266,0.000,0.000,0.000,99.655,0.000,2.666,38.648,0.000,0.000,0.000,0.000,0.000,0.000,0.000,0.324,0.000,0.000,0.000,1.199,-0.5459,-0.3051,0.1991,0.0000,1,-0.14885,0.3636,0.0556,0.2073,0.0001,1,-0.03445,-0.5339,-0.1918,0.3927,0.3577,1,-0.07440,-0.3578,0.0116,0.1692,0.2340,1,-0.06774,-0.4027,-0.0257,0.6590,0.2301,1,-0.11957,-0.3941,-0.2463,0.4039,0.3251,1,-0.18466
1425.0,0,83.741,37.015,55.954,0.188,0.000,81.737,173.690,138.351,0.000,36.924,0.000,147.403,58.811,35.416,32.507,0.000,0.000,0.921,0.000,52.498,0.000,0.000,0.000,89.231,86.310,25.908,0.000,0.000,58.171,0.000,6.392,6.891,0.000,0.000,0.000,1.704,0.000,0.000,0.000,50.221,134.978,0.000,0.000,0.000,0.000,12.402,0.000,0.921,0.000,0.000,0.000,4.113,72.491,0.000,18.453,0.000,6.367,2.687,1.090,8.055,0.000,0.000,0.000,75.990,0.000,0.487,25.599,0.000,0.000,0.000,0.000,0.000,0.000,0.000,0.059,0.000,0.000,0.000,1.727,-0.5466,-0.2998,0.2039,0.0000,1,-0.15031,0.3211,0.0457,0.1703,0.0000,1,-0.02739,-0.5413,-0.1462,0.4201,0.3392,1,-0.06295,-0.3576,0.0093,0.1637,0.2361,1,-0.06776,-0.3893,-0.0241,0.6479,0.2483,1,-0.12075,-0.4105,-0.2027,0.3105,0.3095,1,-0.18663
1433.0,0,97.762,76.973,22.580,0.038,0.000,35.004,171.274,148.831,0.000,10.180,0.000,150.989,42.135,55.770,47.839,0.000,0.000,10.060,15.752,34.135,43.106,0.000,0.000,141.011,129.382,62.644,0.000,0.000,52.455,0.000,1.290,4.009,0.000,0.000,0.000,1.806,0.000,0.000,0.000,49.464,114.377,0.000,0.000,0.000,0.000,11.862,0.000,0.529,0.000,0.000,0.000,3.894,68.467,0.000,14.303,0.000,2.791,1.536,9.017,5.479,0.000,0.000,0.000,28.850,0.000,0.098,9.182,0.000,0.000,0.000,0.000,0.000,0.000,0.000,0.012,0.000,0.000,0.000,0.349,-0.5467,-0.2912,0.2065,0.0000,1,-0.14941,0.2784,0.0374,0.1390,0.0000,1,-0.02105,-0.5435,-0.0805,0.4402,0.3155,1,-0.04746,-0.3531,0.0075,0.1562,0.2377,1,-0.06673,-0.3702,-0.0218,0.6263,0.2716,1,-0.12275,-0.4126,-0.0893,0.2348,0.2946,1,-0.14510
1441.5,0,89.824,42.161,4.125,0.007,0.000,6.395,146.369,157.605,0.000,1.860,33.535,116.270,27.272,81.875,59.850,0.000,0.000,17.716,66.114,28.334,99.150,0.000,0.000,185.908,143.030,76.307,0.000,0.000,30.077,0.000,0.236,2.717,0.000,0.000,0.000,1.697,0.000,0.000,0.000,39.248,96.944,0.000,0.749,0.000,0.000,10.833,0.000,0.546,0.000,0.000,0.000,3.316,62.889,0.000,9.617,0.000,0.510,2.281,11.345,1.798,0.000,0.000,0.000,5.270,0.000,0.018,1.677,0.000,0.000,0.000,0.000,0.000,0.000,0.000,0.002,0.000,0.000,0.000,0.475,-0.5447,-0.2790,0.2074,0.0000,1,-0.14656,0.2378,0.0304,0.1129,0.0000,1,-0.01544,-0.5363,-0.0037,0.4413,0.2904,1,-0.02838,-0.3455,0.0060,0.1479,0.2386,1,-0.06519,-0.3554,-0.0192,0.5956,0.3024,1,-0.12546,-0.3949,0.0626,0.1768,0.2807,1,-0.06208
1450.0,0,99.570,7.702,0.754,0.001,0.000,1.168,91.676,167.808,0.000,0.340,37.696,26.197,4.982,92.312,82.193,0.000,0.000,33.785,107.013,12.135,122.284,0.000,0.000,193.961,150.206,72.964,0.000,0.000,5.495,0.000,0.043,4.814,0.000,0.000,0.000,1.342,0.000,0.000,0.000,36.589,91.444,0.000,0.137,0.000,0.000,8.697,0.000,0.836,0.000,0.000,0.000,1.622,58.793,0.000,10.021,0.000,0.093,0.417,3.510,1.319,0.000,0.000,0.000,0.963,0.000,0.003,0.306,0.000,0.000,0.000,0.000,0.000,0.000,0.000,0.000,0.000,0.000,0.000,0.589,-0.5405,-0.2685,0.2058,0.0000,1,-0.14592,0.2005,0.0246,0.0913,0.0000,1,-0.01057,-0.5163,0.0560,0.4302,0.2614,1,-0.01185,-0.3341,0.0048,0.1417,0.2381,1,-0.06398,-0.3531,-0.0166,0.5599,0.3359,1,-0.12819,-0.3549,0.2089,0.1329,0.2681,1,0.03453
1458.0,0,99.739,1.555,0.152,0.000,0.000,0.236,39.046,177.074,0.000,0.069,10.336,5.289,1.006,90.989,90.042,0.000,0.000,55.094,105.473,2.450,115.988,0.000,0.000,200.192,133.141,40.758,0.000,0.000,1.109,0.000,0.009,5.857,0.000,0.000,0.000,1.148,0.000,0.000,0.000,34.367,84.504,0.000,0.028,0.000,0.000,7.866,0.000,0.423,0.000,0.000,0.000,1.009,53.804,0.000,9.514,0.000,0.019,3.312,0.709,0.915,0.000,0.000,0.000,0.194,0.000,0.001,0.062,0.000,0.000,0.000,0.000,0.000,0.000,0.000,0.000,0.000,0.000,0.000,1.445,-0.5345,-0.2606,0.2020,0.0000,1,-0.14715,0.1674,0.0199,0.0735,0.0000,1,-0.00644,-0.4837,0.0921,0.4088,0.2376,1,-0.00086,-0.3197,0.0038,0.1342,0.2363,1,-0.06192,-0.3621,-0.0141,0.5307,0.3674,1,-0.12994,-0.2927,0.3334,0.0999,0.2578,0,0.12143
1466.5,0,82.202,0.284,0.028,0.000,0.000,0.043,7.133,168.081,0.000,0.013,1.888,0.966,0.184,86.343,97.842,0.000,0.000,49.903,95.726,0.448,78.094,0.000,0.000,198.312,97.056,7.446,0.000,0.000,0.203,0.000,0.002,3.875,0.000,0.000,0.000,1.753,0.000,0.000,0.000,29.817,81.405,0.000,0.005,0.000,0.000,10.196,0.000,0.622,0.000,0.000,0.000,1.556,44.963,0.000,11.250,0.000,0.003,8.848,0.129,0.167,0.000,0.000,0.000,0.036,0.000,2.231,0.011,0.000,0.000,0.000,0.000,0.000,0.000,0.000,0.000,0.000,0.000,0.000,1.463,-0.5270,-0.2525,0.1995,0.0000,1,-0.14835,0.1386,0.0160,0.0590,0.0000,1,-0.00300,-0.4414,0.1087,0.3753,0.2300,1,0.00462,-0.3050,0.0030,0.1278,0.2351,1,-0.06041,-0.3801,-0.0119,0.5069,0.3943,1,-0.13066,-0.2173,0.4336,0.0751,0.2503,0,0.18982
1475.0,0,122.805,0.052,0.005,15.752,0.000,0.008,1.303,158.971,0.000,0.002,0.345,0.177,0.034,75.382,103.760,0.000,0.000,48.259,79.068,0.082,33.277,0.000,0.000,177.665,50.799,1.360,0.000,0.000,0.037,0.000,0.000,3.193,0.000,0.000,0.000,1.455,0.000,0.000,0.000,34.714,77.734,0.000,0.001,0.000,0.000,11.312,0.000,0.909,0.000,0.000,0.000,4.600,47.548,0.000,7.390,0.000,0.001,15.004,0.024,2.209,0.000,0.000,0.000,0.006,0.000,1.402,0.002,0.000,0.000,0.000,0.000,0.000,0.000,0.000,9.521,0.000,0.000,0.000,1.756,-0.5204,-0.2436,0.1970,0.0000,1,-0.14825,0.1230,0.0128,0.0472,0.0000,1,-0.00019,-0.3936,0.1122,0.3494,0.2320,1,0.00319,-0.2948,0.0024,0.1243,0.2376,1,-0.06058,-0.4052,-0.0099,0.4961,0.4163,1,-0.13014,-0.1348,0.5117,0.0564,0.2456,0,0.24052
1483.0,0,142.081,0.010,0.001,69.351,0.000,0.002,0.263,168.730,0.000,0.000,0.070,0.036,0.007,62.677,104.816,0.000,0.000,29.823,63.421,0.017,6.718,0.000,0.000,143.817,13.585,0.275,0.000,0.000,0.007,0.000,0.000,2.665,0.000,0.000,0.000,1.600,0.000,0.000,0.000,37.935,83.529,0.000,0.000,0.000,0.000,11.836,0.000,1.145,0.000,0.000,0.000,7.494,62.132,0.000,3.945,0.000,0.000,18.990,0.005,2.658,0.000,0.000,0.000,0.001,0.000,0.283,0.000,0.000,0.000,0.000,0.000,0.000,0.000,0.000,10.731,0.000,0.000,0.000,1.182,-0.5153,-0.2339,0.1950,0.0000,1,-0.14664,0.1165,0.0102,0.0376,0.0000,1,0.00213,-0.3442,0.1077,0.3286,0.2367,1,-0.00251,-0.2907,0.0019,0.1238,0.2435,1,-0.06215,-0.4327,-0.0082,0.4966,0.4335,1,-0.12860,-0.0519,0.5704,0.0424,0.2430,0,0.27668
1491.5,0,151.209,0.002,0.000,111.709,0.000,0.000,0.048,177.223,0.000,30.344,0.013,0.007,0.001,52.240,85.957,0.000,0.000,13.402,46.946,0.003,1.227,0.000,0.000,93.367,2.482,0.050,0.000,0.000,0.001,0.000,0.000,3.326,0.000,0.000,0.000,1.516,0.000,0.000,0.000,41.766,89.654,0.000,1.117,0.000,0.000,12.386,0.735,1.955,0.000,0.000,0.000,12.881,86.798,1.023,2.186,0.000,0.000,20.646,0.001,3.194,0.000,0.000,0.000,0.000,0.000,0.918,0.000,0.000,0.000,0.000,0.000,0.000,0.000,0.000,2.970,0.000,0.000,0.000,0.965,-0.5118,-0.2254,0.1932,0.0000,1,-0.14392,0.1098,0.0081,0.0299,0.0000,1,0.00403,-0.2961,0.0988,0.3123,0.2446,1,-0.01080,-0.2969,0.0065,0.1282,0.2548,1,-0.06039,-0.4589,-0.0067,0.4954,0.4454,1,-0.12670,0.0268,0.6122,0.0390,0.2423,0,0.29699
1500.0,0,165.378,0.000,0.000,125.529,0.000,0.000,0.009,194.116,0.000,84.898,0.002,0.001,0.000,46.146,68.779,0.000,4.066,12.323,37.929,0.001,0.224,0.000,0.000,48.524,0.453,0.009,0.000,0.000,0.000,0.000,0.000,4.833,0.000,0.000,0.000,1.820,0.000,0.000,0.000,37.645,92.216,0.000,2.882,0.000,0.000,9.158,1.017,1.271,0.000,0.000,0.000,15.760,103.862,1.719,0.399,0.000,0.000,21.494,0.000,5.149,0.000,0.000,0.000,0.000,0.000,8.397,0.000,0.000,0.000,0.000,0.000,0.000,0.000,0.000,0.543,0.000,0.000,0.000,1.684,-0.5088,-0.2202,0.1926,0.0000,1,-0.14149,0.1003,0.0064,0.0238,0.0000,1,0.00555,-0.2513,0.0879,0.3074,0.2625,1,-0.02213,-0.3117,0.0151,0.1326,0.2673,1,-0.05431,-0.4822,-0.0054,0.4820,0.4519,1,-0.12493,0.0977,0.6379,0.0440,0.2432,0,0.30305
1508.0,0,161.285,0.000,0.000,135.212,0.000,0.000,0.002,196.506,0.000,130.201,0.000,0.000,0.000,34.117,31.609,0.000,6.309,2.488,34.170,7.408,0.045,0.000,0.000,12.522,0.092,0.002,0.000,0.000,0.000,0.000,0.000,6.662,0.000,0.000,0.000,1.368,0.000,0.000,0.000,32.610,95.172,0.000,1.137,0.000,0.000,8.300,0.205,1.535,0.000,0.000,0.000,12.463,105.873,3.085,0.081,0.000,0.000,24.410,0.000,10.321,0.000,0.000,0.000,0.000,0.000,15.500,1.637,0.000,0.000,0.000,0.000,0.000,0.000,0.000,0.110,0.000,0.000,0.000,0.340,-0.5046,-0.2189,0.1911,0.0000,1,-0.14089,0.0892,0.0051,0.0188,0.0000,1,0.00684,-0.2109,0.0765,0.3311,0.2868,1,-0.03646,-0.3284,0.0208,0.1379,0.2801,1,-0.04993,-0.5020,-0.0044,0.4593,0.4528,1,-0.12306,0.1602,0.6487,0.0540,0.2496,0,0.29638
1516.5,0,152.259,15.114,9.048,164.368,0.000,0.000,0.000,203.178,0.000,156.993,0.000,0.000,0.000,37.030,7.793,0.000,5.646,0.454,53.563,25.400,0.008,0.000,0.000,2.288,0.017,0.000,0.000,0.000,0.000,0.000,16.065,8.219,0.000,0.000,0.000,1.699,0.000,0.000,0.000,29.870,93.761,0.000,0.208,0.000,0.000,11.607,0.038,1.905,0.000,0.000,0.000,5.665,99.588,4.317,0.015,0.000,0.000,25.535,0.000,15.617,0.000,0.000,0.000,0.000,0.000,18.230,5.969,0.000,0.000,0.000,0.000,0.000,0.000,0.000,0.020,0.000,0.000,0.000,0.062,-0.4991,-0.2208,0.1905,0.0000,1,-0.14313,0.0776,0.0040,0.0149,0.0000,1,0.00798,-0.1754,0.0655,0.3791,0.3114,1,-0.04888,-0.3404,0.0232,0.1446,0.2967,1,-0.04939,-0.5184,-0.0036,0.4400,0.4503,1,-0.12100,0.2141,0.6457,0.0728,0.2557,0,0.27730
1525.0,0,108.759,45.571,32.697,172.161,0.000,0.000,0.000,197.116,0.000,180.633,0.000,0.000,14.840,26.844,1.424,0.000,8.440,0.083,75.851,65.288,0.002,0.000,0.000,0.418,0.003,0.000,0.000,0.000,0.000,0.000,42.652,10.182,0.000,0.000,0.000,1.365,0.000,0.000,0.000,29.002,92.386,0.000,0.038,0.000,0.000,13.805,0.007,2.671,0.000,0.000,0.000,1.035,93.846,2.242,0.003,0.000,0.000,27.098,0.000,17.089,0.000,0.000,0.000,0.000,0.000,18.956,9.058,0.000,0.000,0.000,0.000,0.000,0.000,0.000,0.004,0.000,0.000,0.000,0.011,-0.4915,-0.2255,0.1891,0.0000,1,-0.14731,0.0664,0.0032,0.0118,0.0000,1,0.00900,-0.1447,0.0553,0.4384,0.3333,1,-0.05592,-0.3414,0.0233,0.1536,0.3126,1,-0.05232,-0.5319,-0.0029,0.4205,0.4468,1,-0.11874,0.2598,0.6304,0.0967,0.2606,0,0.24923
1533.0,0,105.826,111.082,66.623,183.193,0.000,0.000,9.048,193.990,0.000,186.513,0.000,0.000,46.790,25.240,0.287,0.000,8.407,0.017,93.037,104.457,0.000,0.000,0.000,0.084,0.001,0.000,0.000,0.000,0.000,0.000,64.103,10.360,0.000,0.000,0.000,1.821,0.000,0.000,0.000,35.522,109.266,0.000,0.008,0.000,0.000,11.669,0.824,3.038,0.000,0.000,0.000,0.209,83.232,0.829,0.001,0.000,0.000,28.691,0.000,24.968,0.000,0.000,0.000,3.288,0.000,21.969,15.688,0.000,0.000,0.000,0.000,0.000,0.000,0.000,0.001,0.000,0.000,0.000,0.002,-0.4878,-0.2314,0.1891,0.0000,1,-0.14906,0.0561,0.0025,0.0093,0.0000,1,0.00992,-0.1257,0.0462,0.5051,0.3543,1,-0.05573,-0.3322,0.0274,0.1641,0.3240,1,-0.05306,-0.5427,-0.0023,0.4070,0.4429,1,-0.11668,0.2985,0.6045,0.1291,0.2646,0,0.21221
1541.5,0,74.875,149.686,91.992,166.050,0.000,0.000,60.561,184.241,0.000,193.118,54.369,0.000,79.060,29.461,0.053,0.000,12.735,0.003,100.864,147.914,0.000,0.000,0.000,0.015,0.000,0.000,0.000,0.000,0.000,0.000,63.345,11.097,0.000,0.000,0.000,1.827,0.000,0.000,0.000,40.860,131.590,0.000,0.001,0.000,0.000,16.532,6.136,3.462,0.000,0.000,0.000,0.038,74.943,0.151,0.000,1.250,0.000,31.050,0.000,29.935,0.000,0.000,0.000,14.347,0.000,27.533,25.827,0.000,0.000,0.000,0.000,0.000,0.000,0.000,0.000,0.000,0.000,0.000,0.000,-0.4897,-0.2381,0.1897,0.0000,1,-0.14934,0.0468,0.0020,0.0073,0.0000,1,0.01075,-0.1266,0.0324,0.5723,0.3748,1,-0.04976,-0.3165,0.0520,0.1755,0.3327,1,-0.04013,-0.5514,-0.0018,0.4007,0.4387,1,-0.11515,0.3308,0.5699,0.1736,0.2676,0,0.16708
1550.0,0,16.144,161.504,43.578,107.236,0.000,0.000,105.998,145.818,0.000,195.965,138.590,0.000,98.310,28.366,0.010,0.000,2.326,0.001,106.331,169.441,0.000,0.000,0.000,0.003,0.000,0.000,0.000,0.000,0.000,0.000,50.350,12.763,0.000,0.000,0.000,1.796,0.000,0.000,0.000,34.682,139.901,0.000,0.000,0.000,0.000,16.325,9.247,3.122,0.000,1.737,0.000,0.007,49.874,0.028,0.000,3.195,8.631,31.655,0.000,31.268,0.000,0.000,0.000,29.842,0.000,35.266,32.994,0.000,0.000,0.000,0.000,0.000,0.000,0.000,0.000,0.000,0.000,0.000,0.000,-0.4919,-0.2453,0.1907,0.0000,1,-0.14967,0.0388,0.0016,0.0057,0.0000,1,0.01149,-0.1485,0.0117,0.6303,0.3937,1,-0.04028,-0.2921,0.0902,0.1862,0.3372,1,-0.01751,-0.5583,-0.0015,0.3910,0.4348,1,-0.11344,0.3573,0.5243,0.2233,0.2702,0,0.11748
1558.0,0,3.260,164.691,8.798,26.894,0.000,0.000,97.860,65.438,0.000,184.329,178.254,0.000,111.124,22.872,0.002,0.000,0.470,22.896,96.166,167.404,0.000,0.000,0.000,19.431,0.000,0.000,0.000,0.000,0.000,0.000,13.177,37.600,0.000,0.000,0.000,1.498,0.000,0.000,0.000,36.730,138.325,0.000,0.000,0.000,0.000,17.828,5.872,2.876,0.000,3.275,0.000,0.001,17.563,0.006,1.117,7.269,16.132,30.876,0.000,33.421,0.000,0.000,0.000,37.568,0.000,40.788,38.057,0.000,0.000,0.000,0.000,0.000,0.000,0.000,0.000,0.000,0.000,0.000,0.000,-0.4952,-0.2696,0.1908,0.0000,1,-0.16161,0.0319,0.0012,0.0045,0.0000,1,0.01215,-0.1816,-0.0216,0.6781,0.4103,1,-0.02973,-0.2579,0.1287,0.1955,0.3396,1,0.00382,-0.5637,-0.0012,0.3757,0.4310,1,-0.11126,0.3789,0.4706,0.2759,0.2721,0,0.06800
1566.5,0,0.595,162.020,1.607,4.913,0.000,0.000,41.639,11.954,0.000,123.763,188.564,0.000,106.187,6.644,0.000,0.000,0.086,77.290,30.087,157.276,0.000,0.000,0.000,10.509,0.000,39.741,0.000,0.000,0.000,0.000,2.407,17.605,0.000,0.000,0.000,1.698,0.000,0.000,0.000,41.050,149.561,0.000,0.000,0.000,0.000,14.687,1.073,2.378,0.000,1.211,0.000,0.000,3.208,0.001,1.032,8.281,13.417,29.953,0.000,34.553,0.000,0.000,0.000,45.902,0.000,43.714,40.225,0.000,0.000,0.000,0.000,0.000,0.000,0.000,0.000,0.000,0.000,0.000,0.000,-0.4996,-0.2956,0.1911,0.0000,1,-0.17493,0.0261,0.0010,0.0035,0.0000,1,0.01272,-0.2235,-0.0604,0.7179,0.4244,1,-0.01756,-0.2188,0.1509,0.2023,0.3375,1,0.01167,-0.5680,-0.0009,0.3496,0.4275,1,-0.10773,0.3963,0.4135,0.3333,0.2737,1,0.02254
1575.0,0,0.109,152.608,0.294,0.898,0.000,0.000,7.607,2.184,0.000,37.880,192.154,0.000,97.098,1.214,0.000,0.000,0.016,117.937,5.496,119.649,0.000,0.000,0.000,24.631,0.000,121.078,0.000,0.000,0.000,0.000,0.440,22.391,0.000,0.000,0.000,1.721,0.000,0.000,0.000,43.975,153.730,0.000,3.650,0.000,0.000,12.388,0.196,1.871,0.000,0.221,0.000,0.000,0.586,0.000,3.142,7.331,13.274,26.906,0.000,32.260,0.000,0.000,0.000,45.894,0.000,43.469,43.259,0.000,0.000,0.000,0.000,0.000,0.000,0.000,0.000,0.000,0.000,0.000,0.000,-0.5051,-0.3265,0.1915,0.0000,1,-0.18957,0.0212,0.0008,0.0028,0.0000,1,0.01321,-0.2667,-0.0992,0.7502,0.4359,1,-0.00437,-0.1794,0.1567,0.2060,0.3317,1,0.00688,-0.5714,-0.0007,0.3153,0.4234,1,-0.10248,0.4099,0.3570,0.3909,0.2751,1,-0.01450
1583.0,0,0.022,125.439,0.059,0.181,0.000,0.000,1.536,0.441,0.000,7.648,200.465,0.000,67.211,0.245,0.000,0.000,0.003,144.088,1.110,67.007,0.000,0.000,0.000,67.309,0.000,166.933,0.000,0.000,0.000,0.000,0.089,15.464,0.000,0.000,0.000,1.907,0.000,0.000,0.000,46.964,163.121,0.000,9.693,0.000,0.000,12.040,0.040,1.931,0.000,0.045,0.000,0.000,0.118,0.000,5.896,4.353,13.202,19.403,0.000,28.003,0.000,0.000,0.000,47.706,0.000,39.968,42.514,0.000,0.000,0.000,0.000,12.461,0.000,0.000,0.000,0.000,0.000,0.000,0.000,-0.5110,-0.3495,0.1926,0.0000,1,-0.19704,0.0171,0.0396,0.0022,0.0000,1,0.04942,-0.3065,-0.1292,0.7751,0.4451,1,0.00832,-0.1431,0.1514,0.2078,0.3236,1,-0.00573,-0.5741,-0.0006,0.2774,0.4164,1,-0.09541,0.4200,0.3038,0.4523,0.2761,1,-0.04226
1591.5,0,0.004,56.481,0.011,0.033,0.000,0.000,0.281,0.081,0.000,1.397,197.195,0.000,38.838,0.045,0.000,0.000,0.001,169.720,0.203,24.854,0.000,0.000,0.000,138.615,0.000,184.084,0.000,0.000,0.000,0.000,0.016,24.265,0.000,0.000,0.000,1.964,0.000,0.000,0.000,49.446,159.696,0.000,13.184,0.000,0.000,10.167,0.007,1.592,0.000,0.008,0.000,0.000,7.148,0.000,6.017,1.582,14.517,13.363,0.000,21.923,0.000,0.000,0.000,45.544,0.000,36.108,41.019,0.000,0.000,0.000,0.000,32.954,0.000,0.000,0.000,0.000,0.000,0.000,0.000,-0.5169,-0.3739,0.1941,0.0000,1,-0.20404,0.0138,0.1102,0.0017,0.0000,0,0.11590,-0.3414,-0.1460,0.7908,0.4521,1,0.01804,-0.1156,0.1396,0.2073,0.3138,1,-0.01852,-0.5762,-0.0005,0.2394,0.4048,1,-0.08664,0.4269,0.2556,0.5122,0.2768,1,-0.05994
1600.0,0,0.001,10.318,0.002,0.006,0.000,0.000,0.051,0.015,0.000,0.255,176.326,0.000,14.054,0.008,0.000,0.000,0.000,180.292,0.037,7.869,0.000,0.000,0.000,185.235,0.000,178.540,0.000,0.000,0.000,0.000,0.003,16.192,0.000,0.000,0.000,1.540,0.000,0.000,0.000,51.608,149.738,0.000,12.736,0.000,0.000,11.067,0.001,1.530,0.000,0.001,0.000,0.000,33.744,0.000,5.845,0.289,9.269,6.593,0.000,16.236,0.000,0.000,0.000,40.000,0.000,30.118,35.697,0.000,0.000,0.000,0.000,28.612,4.739,0.000,42.414,0.000,0.000,0.000,0.000,-0.5224,-0.3899,0.1945,0.0000,1,-0.20528,0.0370,0.1873,0.0309,0.0000,0,0.17188,-0.3699,-0.1490,0.7953,0.4567,1,0.02265,-0.1022,0.1247,0.2054,0.3039,1,-0.02826,-0.5774,-0.0004,0.2095,0.3895,1,-0.07809,0.4296,0.2093,0.5683,0.2773,1,-0.06976
1608.0,0,0.000,2.083,0.000,0.001,0.000,0.000,0.010,0.003,0.000,0.052,108.254,0.000,2.838,0.002,0.000,0.000,0.000,184.315,0.007,19.543,0.000,0.000,0.000,195.259,0.000,116.660,0.000,0.000,0.000,0.000,0.001,13.293,0.000,0.000,0.000,1.988,0.000,0.000,0.000,50.672,143.928,0.000,14.819,0.000,0.000,10.936,0.000,1.601,0.000,0.000,0.000,0.000,51.431,0.000,5.503,0.058,8.724,1.331,0.000,11.773,0.000,0.000,0.000,38.506,0.000,19.032,31.330,0.000,0.000,0.000,0.000,16.502,20.043,0.000,115.152,0.000,0.000,0.000,0.000,-0.5273,-0.3957,0.1956,0.0000,1,-0.20070,0.0826,0.2494,0.0991,0.0000,0,0.18905,-0.3928,-0.1425,0.7856,0.4572,1,0.02059,-0.1005,0.1088,0.2029,0.2944,1,-0.03599,-0.5775,-0.0003,0.1875,0.3766,1,-0.07114,0.4276,0.1577,0.6200,0.2776,1,-0.07456
1616.5,0,10.000,0.381,10.000,9.049,0.000,0.000,0.002,0.001,0.000,0.009,19.776,0.000,0.518,0.000,0.000,0.000,0.000,179.167,0.001,33.257,0.000,0.000,0.000,194.329,0.000,21.312,0.000,0.000,0.000,0.000,0.000,9.590,0.000,0.000,0.000,1.567,0.000,0.000,0.000,44.503,134.737,0.000,11.848,0.000,0.000,8.801,0.000,1.164,0.000,0.000,0.000,0.000,54.822,0.000,4.719,0.011,5.859,0.243,0.000,6.018,0.000,0.000,0.000,41.745,0.000,5.159,27.974,0.000,0.000,0.000,0.000,4.292,30.799,0.000,161.987,0.000,0.000,0.000,0.000,-0.5312,-0.3929,0.1957,0.0000,1,-0.19164,0.1378,0.2872,0.1921,0.0000,0,0.16913,-0.4134,-0.1305,0.7572,0.4512,1,0.01094,-0.1049,0.0933,0.1985,0.2848,1,-0.04172,-0.5761,-0.0002,0.1724,0.3647,1,-0.06595,0.4184,0.1034,0.6644,0.2774,1,-0.07484
1625.0,0,36.324,0.070,46.392,52.792,0.000,7.408,0.000,0.000,0.000,0.002,3.613,0.000,0.095,0.000,0.000,0.000,0.000,160.710,0.000,54.033,0.000,0.000,0.000,191.887,0.000,3.893,0.000,0.000,0.000,0.000,0.000,6.984,0.000,0.000,0.000,1.341,0.000,0.000,0.000,40.080,136.871,0.000,8.688,0.000,0.000,7.136,0.000,1.069,0.000,0.000,0.000,0.000,56.557,0.000,5.663,0.002,7.841,0.044,0.000,1.902,0.000,0.000,0.000,54.238,0.000,0.942,33.149,0.000,0.000,0.000,0.000,0.784,43.736,0.000,180.101,0.000,0.000,0.000,0.000,-0.5341,-0.3834,0.1943,0.0000,1,-0.17964,0.1932,0.2992,0.3106,0.0000,0,0.11679,-0.4345,-0.1160,0.7070,0.4356,1,-0.00540,-0.1117,0.0789,0.1929,0.2747,1,-0.04580,-0.5729,-0.0002,0.1647,0.3506,1,-0.06242,0.4063,0.0454,0.7000,0.2766,1,-0.07404
1633.0,0,72.701,0.014,97.324,83.478,0.000,49.167,0.000,0.000,0.000,52.923,0.729,0.000,0.019,0.000,3.329,0.000,0.000,135.262,0.000,91.765,0.000,0.000,0.000,166.789,0.000,0.786,0.000,0.000,10.000,0.000,0.000,8.794,0.000,0.000,0.000,1.826,0.000,0.000,0.000,37.549,136.385,0.000,6.550,0.000,0.000,7.311,0.000,1.354,0.000,0.000,0.000,0.000,58.952,0.000,4.360,0.000,9.434,0.009,1.109,0.384,0.000,0.000,0.000,71.472,0.000,0.190,35.643,0.000,0.000,0.000,0.000,0.158,45.874,0.000,184.498,0.000,0.000,0.000,0.000,-0.5362,-0.3715,0.1940,0.0000,1,-0.16777,0.2443,0.2913,0.4312,0.0000,0,0.05691,-0.4561,-0.0946,0.6357,0.4098,1,-0.02378,-0.1190,0.0660,0.1881,0.2649,1,-0.04914,-0.5691,-0.0001,0.1647,0.3406,1,-0.06178,0.3856,-0.0155,0.7233,0.2749,1,-0.07387
1641.5,0,70.432,0.003,129.926,113.038,0.000,68.829,54.019,10.000,0.000,93.323,0.133,37.170,13.015,0.000,19.631,0.000,0.000,103.893,0.000,117.616,0.000,0.000,0.000,126.092,0.000,0.144,0.000,0.000,66.850,0.000,0.000,9.685,0.000,0.000,0.000,1.678,0.000,0.000,0.000,30.168,134.868,0.000,9.084,0.000,8.123,6.624,0.000,1.364,0.000,2.042,0.000,0.000,64.535,0.000,2.752,0.000,14.837,0.002,3.967,0.070,0.000,0.000,0.000,80.740,0.000,0.035,37.189,0.000,0.000,0.000,0.000,0.029,38.753,0.000,178.221,0.000,0.000,0.000,0.000,-0.5367,-0.3592,0.1937,0.0000,1,-0.15635,0.2889,0.2706,0.5395,0.0000,1,0.00498,-0.4763,-0.0633,0.5486,0.3755,1,-0.03577,-0.1195,0.0548,0.1760,0.2555,1,-0.04872,-0.5656,-0.0001,0.1678,0.3302,1,-0.06200,0.3553,-0.0757,0.7350,0.2715,1,-0.07556
1650.0,0,101.380,0.000,161.917,143.121,0.000,107.994,125.207,46.715,0.000,129.562,0.024,96.767,34.136,0.000,37.113,0.000,0.000,79.450,0.000,130.085,0.000,0.000,0.000,97.020,0.000,0.026,0.000,0.000,114.802,0.000,29.373,11.370,0.000,0.000,0.000,1.731,0.000,0.000,0.000,28.525,132.458,0.000,15.563,0.000,6.181,7.147,0.000,1.874,0.000,9.257,0.000,0.000,62.866,0.000,0.503,0.000,13.589,0.000,6.704,0.013,0.000,0.000,0.000,80.838,0.000,0.006,39.860,1.293,0.000,0.000,0.000,0.005,23.286,0.000,181.129,0.000,0.000,0.000,0.000,-0.5359,-0.3479,0.1937,0.0000,1,-0.14569,0.3268,0.2379,0.6228,0.0000,1,-0.03541,-0.4941,-0.0167,0.4560,0.3360,1,-0.03112,-0.1077,0.0451,0.1636,0.2471,1,-0.04697,-0.5630,-0.0001,0.1745,0.3142,1,-0.06224,0.3187,-0.1324,0.7345,0.2668,1,-0.08155
1658.0,0,130.011,0.000,162.285,153.553,0.000,123.744,169.795,88.015,0.000,159.003,0.005,152.949,51.404,0.000,50.570,0.000,0.000,50.069,0.000,149.970,64.789,0.000,0.000,63.768,0.000,0.005,0.000,0.000,141.611,0.000,56.729,10.688,0.000,0.000,0.000,1.680,0.000,0.000,0.000,32.336,149.278,0.000,16.109,0.000,4.846,9.103,0.000,2.684,0.000,15.905,0.000,0.000,48.693,0.000,0.102,0.000,13.846,0.000,22.232,0.003,0.000,0.000,0.000,77.615,0.000,0.001,36.995,4.311,0.000,0.000,0.000,0.001,10.333,0.000,181.662,0.000,0.000,0.000,0.000,-0.5349,-0.3376,0.1937,0.0000,1,-0.13552,0.3584,0.1936,0.6765,0.0000,1,-0.06717,-0.5090,0.0652,0.3650,0.2947,1,0.00484,-0.0801,0.0369,0.1549,0.2409,1,-0.04600,-0.5613,-0.0001,0.1830,0.2949,1,-0.06187,0.2797,-0.1841,0.7195,0.2599,1,-0.09339
1666.5,0,107.927,0.000,147.426,85.241,0.000,75.749,195.360,115.980,0.000,164.001,0.001,176.754,81.078,0.000,71.279,0.000,0.000,38.157,0.000,168.909,124.737,0.000,0.000,26.138,0.000,0.001,0.000,0.000,161.391,0.000,60.812,11.201,0.000,0.000,0.000,1.737,0.000,0.000,0.000,36.581,145.219,0.000,14.424,0.000,0.885,12.279,4.734,2.426,0.000,13.846,0.000,0.000,13.213,0.000,0.019,0.000,8.555,0.000,35.554,0.000,0.000,0.000,0.000,49.892,0.000,0.000,30.443,3.316,0.000,0.000,0.000,0.000,2.222,0.000,182.838,0.000,0.000,0.000,0.000,-0.5344,-0.3288,0.1939,0.0000,1,-0.12657,0.3844,0.1466,0.6937,0.0000,1,-0.09057,-0.5195,0.1677,0.2828,0.2541,0,0.07347,-0.0447,0.0508,0.1527,0.2428,1,-0.03506,-0.5605,-0.0001,0.1913,0.2727,1,-0.06064,0.2411,-0.2230,0.6788,0.2484,1,-0.11729
1675.0,0,47.557,0.000,115.831,18.038,0.000,13.838,199.165,98.887,0.000,149.435,0.000,182.592,100.698,13.153,95.896,0.000,0.000,17.003,0.000,174.988,173.551,0.000,0.000,7.241,59.613,0.000,0.000,0.000,166.715,0.000,27.121,10.154,0.000,0.000,0.000,1.728,0.000,0.000,0.000,37.417,136.927,0.000,11.185,0.000,0.162,11.653,5.045,1.682,0.000,7.897,0.000,0.000,2.414,0.000,0.003,0.000,1.563,0.000,36.036,0.000,0.000,0.000,0.000,14.481,0.000,0.000,14.325,0.606,0.000,0.000,0.000,0.000,0.406,0.000,174.967,0.000,0.000,0.000,0.000,-0.5342,-0.3208,0.1941,0.0000,1,-0.11906,0.4055,0.1081,0.6751,0.0000,1,-0.10620,-0.5221,0.2663,0.2167,0.2161,0,0.15729,-0.0066,0.0760,0.1533,0.2494,1,-0.02122,-0.5597,-0.0000,0.1975,0.2639,1,-0.06076,0.2125,-0.2417,0.6116,0.2371,1,-0.15125
1683.0,0,31.793,67.019,102.698,3.642,0.000,2.794,194.267,29.508,0.000,89.396,0.000,156.573,110.901,39.452,108.717,0.000,0.000,12.481,0.000,161.638,190.161,0.000,0.000,13.328,100.140,0.000,0.000,0.000,160.468,0.000,5.476,8.504,0.000,0.000,0.000,2.243,0.000,0.000,0.000,43.490,133.848,0.000,8.488,0.000,0.033,11.063,1.019,1.497,0.000,5.144,0.000,0.000,0.487,0.000,0.001,0.000,0.316,0.000,31.577,0.000,0.000,0.000,0.000,2.924,0.000,0.000,4.599,0.122,0.000,0.000,0.000,0.000,0.082,0.000,173.675,0.000,0.000,0.000,0.000,-0.5346,-0.3131,0.1958,0.0000,1,-0.11302,0.4225,0.0789,0.6304,0.0000,1,-0.11618,-0.5124,0.3513,0.1656,0.1817,0,0.24027,0.0302,0.0931,0.1549,0.2577,1,-0.01622,-0.5584,-0.0000,0.2026,0.2686,1,-0.06273,0.2049,-0.2415,0.5339,0.2322,1,-0.18360
1691.5,0,5.808,114.008,82.573,0.665,0.000,0.510,192.769,5.391,0.000,18.797,10.000,66.191,96.013,65.712,117.510,0.000,0.000,2.280,0.000,126.175,197.083,0.000,0.000,31.598,124.965,0.000,0.000,0.000,143.573,0.000,1.000,5.101,0.000,0.000,0.000,2.005,0.000,0.000,0.000,42.082,126.702,0.000,8.011,0.000,0.006,10.921,0.186,1.361,0.000,0.940,0.000,0.000,0.089,0.000,0.000,0.000,0.058,0.000,9.469,0.000,0.000,0.000,0.000,0.534,0.000,0.000,1.576,0.022,0.000,0.000,0.000,0.000,0.015,0.000,172.490,0.000,0.000,0.000,0.000,-0.5352,-0.3035,0.1977,0.0000,1,-0.10672,0.4361,0.0575,0.5701,0.0000,1,-0.12093,-0.4887,0.4102,0.1265,0.1513,0,0.30595,0.0559,0.0990,0.1565,0.2663,1,-0.02001,-0.5567,-0.0000,0.2059,0.2815,1,-0.06572,0.2173,-0.1901,0.4574,0.2312,1,-0.20273
1700.0,0,1.061,137.967,29.208,0.122,0.000,0.093,188.196,0.985,0.000,3.434,86.107,12.092,63.739,72.729,125.854,0.000,0.000,0.417,0.000,81.397,198.986,0.000,0.000,85.514,139.969,24.253,0.000,0.000,78.408,0.000,0.183,2.743,0.000,0.000,0.000,1.940,0.000,0.000,0.000,40.671,120.062,0.000,6.363,0.000,0.001,9.635,0.034,1.037,0.000,0.172,0.000,0.000,0.016,0.000,2.678,0.000,0.011,2.907,1.730,0.000,0.000,0.000,0.000,0.098,0.000,0.000,1.947,0.004,0.000,0.000,0.000,0.000,0.003,0.000,166.484,0.000,0.000,0.000,0.000,-0.5356,-0.2902,0.1993,0.0000,1,-0.09894,0.4469,0.0418,0.5030,0.0000,1,-0.12048,-0.4531,0.4375,0.0965,0.1326,0,0.34361,0.0700,0.0970,0.1566,0.2732,1,-0.02913,-0.5540,-0.0000,0.2038,0.2982,1,-0.06805,0.2411,-0.0646,0.3865,0.2336,1,-0.19076
1708.0,0,0.214,137.124,5.897,0.025,0.000,0.019,163.173,0.199,0.000,0.693,155.505,2.441,48.116,80.686,123.904,0.000,0.000,39.534,0.000,43.465,184.674,0.000,0.000,144.765,145.311,91.995,0.000,0.000,18.296,0.000,0.037,2.267,0.000,0.000,0.000,1.774,0.000,0.000,0.000,36.876,109.131,0.000,5.426,0.000,0.000,4.730,0.007,0.799,0.000,0.035,0.000,0.000,0.003,0.000,4.239,0.000,0.002,8.582,0.349,0.000,0.000,0.000,0.000,0.020,0.000,0.000,1.206,0.001,0.000,0.000,0.000,0.000,0.001,0.000,165.182,0.000,0.000,0.000,0.000,-0.5356,-0.2743,0.2002,0.0000,1,-0.09046,0.4554,0.0303,0.4354,0.0000,1,-0.11531,-0.4093,0.4363,0.0737,0.1275,0,0.35234,0.0752,0.0902,0.1544,0.2729,1,-0.03923,-0.5501,-0.0000,0.1930,0.3157,1,-0.06847,0.2696,0.0898,0.3232,0.2381,1,-0.14339
1716.5,0,0.039,93.316,1.077,0.004,0.000,0.003,111.678,0.036,0.000,0.127,183.535,0.446,31.000,82.126,128.968,0.000,0.000,93.606,16.703,19.566,164.234,0.000,0.000,183.344,142.459,157.972,0.000,0.000,3.342,0.000,0.007,2.862,0.000,0.000,0.000,1.275,0.000,0.000,0.000,32.609,86.028,0.000,5.848,0.000,0.000,4.841,0.001,0.427,0.000,0.006,0.000,0.000,0.001,0.000,5.923,0.000,0.000,16.373,0.064,0.000,0.000,0.000,0.000,0.004,0.000,0.000,0.220,0.000,0.000,0.000,0.000,0.000,0.000,0.000,160.159,0.000,0.000,0.000,0.372,-0.5344,-0.2592,0.1988,0.0000,1,-0.08363,0.4620,0.0219,0.3713,0.0000,1,-0.10656,-0.3617,0.4141,0.0562,0.1335,0,0.33770,0.0744,0.0810,0.1485,0.2675,1,-0.04822,-0.5441,-0.0000,0.1760,0.3327,1,-0.06746,0.2982,0.2342,0.2678,0.2453,1,-0.07442
1725.0,0,0.007,19.513,0.197,0.001,0.000,0.001,56.675,0.007,0.000,0.023,185.139,0.081,9.729,85.503,126.186,0.000,0.000,140.443,37.422,6.040,121.132,0.000,0.000,196.332,129.373,175.994,0.000,0.000,0.611,0.000,0.001,3.442,0.000,0.000,0.000,1.218,0.000,0.000,0.000,30.841,74.799,0.000,3.808,0.000,0.000,5.093,0.000,1.252,0.000,0.001,0.000,0.000,4.094,0.000,11.381,0.000,0.000,19.355,0.012,0.000,0.000,0.000,0.000,0.001,0.000,0.000,0.040,0.000,0.000,0.000,0.000,2.646,2.181,0.000,156.904,0.000,0.000,0.000,1.232,-0.5313,-0.2463,0.1958,0.0000,1,-0.08098,0.4671,0.0268,0.3289,0.0000,1,-0.09263,-0.3139,0.3789,0.0429,0.1457,0,0.30804,0.0674,0.0710,0.1457,0.2593,1,-0.05626,-0.5381,-0.0000,0.1654,0.3501,1,-0.06806,0.3253,0.3557,0.2203,0.2500,1,0.00095
1733.0,0,10.383,3.940,0.040,0.000,0.000,0.000,11.443,0.001,0.000,0.005,146.728,0.016,7.452,69.877,113.410,0.000,0.000,162.499,43.150,12.734,54.507,0.000,0.000,207.373,92.579,173.580,0.000,0.000,0.123,0.000,0.000,2.789,0.000,0.000,0.000,1.387,0.000,0.000,0.000,32.572,73.138,0.000,3.118,0.000,0.000,7.279,0.000,1.465,0.000,0.000,0.000,0.000,24.762,0.000,16.417,0.000,0.000,20.681,0.002,0.000,0.000,0.000,0.000,0.000,0.000,0.000,0.008,0.000,0.000,0.000,0.000,12.218,9.924,0.000,157.982,0.000,0.000,0.000,3.036,-0.5269,-0.2344,0.1929,0.0000,1,-0.08078,0.4711,0.0468,0.3182,0.0000,1,-0.07640,-0.2683,0.3372,0.0328,0.1608,0,0.27065,0.0509,0.0610,0.1458,0.2516,1,-0.06102,-0.5364,-0.0000,0.1646,0.3712,1,-0.07127,0.3497,0.4534,0.1801,0.2525,0,0.07315
1741.5,0,4.363,0.720,0.007,0.000,0.000,0.000,2.090,0.000,0.000,0.001,53.235,0.003,1.361,50.379,100.281,0.000,0.000,170.205,18.614,14.700,9.958,0.000,0.000,204.691,35.883,110.972,0.000,0.000,0.023,0.000,0.000,2.016,0.000,0.000,0.000,1.304,0.000,0.000,0.000,27.387,69.324,0.000,0.570,0.000,0.000,6.042,0.000,1.384,0.000,0.000,0.000,0.000,44.951,0.000,17.283,0.000,0.000,24.684,0.000,0.000,0.000,0.000,0.000,0.000,0.000,0.000,0.001,0.000,0.000,0.000,0.000,13.755,22.655,0.000,168.663,0.000,0.000,0.000,2.740,-0.5216,-0.2219,0.1898,0.0000,1,-0.08224,0.4743,0.0744,0.3451,0.0000,1,-0.06610,-0.2265,0.2939,0.0250,0.1795,0,0.23017,0.0262,0.0518,0.1472,0.2436,1,-0.06315,-0.5379,-0.0000,0.1728,0.3927,1,-0.07619,0.3709,0.5300,0.1465,0.2535,0,0.13740
1750.0,0,0.797,0.131,0.001,44.067,0.000,0.000,0.382,0.000,0.000,0.000,9.725,0.001,0.249,38.344,92.305,0.000,0.000,166.457,3.401,45.980,1.819,0.000,0.000,209.166,6.555,22.292,0.000,0.000,0.004,0.000,0.000,0.930,0.000,0.000,0.000,1.240,0.000,0.000,0.000,25.428,67.878,0.000,0.104,0.000,0.000,5.193,0.000,1.409,0.000,0.000,0.000,0.000,60.376,0.000,16.819,0.000,0.000,26.196,0.000,0.000,0.000,0.000,0.000,0.000,0.000,0.000,0.000,0.000,0.000,0.000,0.000,3.234,25.064,0.000,178.286,0.000,0.000,0.000,2.845,-0.5159,-0.2065,0.1865,0.0000,1,-0.08230,0.4770,0.0979,0.3913,0.0000,1,-0.06448,-0.1893,0.2519,0.0191,0.2026,0,0.18975,-0.0017,0.0434,0.1494,0.2352,1,-0.06382,-0.5413,-0.0000,0.1900,0.4114,1,-0.08232,0.3886,0.5891,0.1186,0.2546,0,0.19170
1758.0,0,0.161,0.027,0.000,89.752,0.000,0.000,0.077,0.000,0.000,32.575,1.963,0.000,0.050,27.562,58.132,0.000,0.000,148.300,0.687,75.455,0.367,0.000,0.000,204.999,1.323,4.501,0.000,0.000,0.001,0.000,0.000,1.764,0.000,0.000,0.000,0.902,0.000,0.000,0.000,17.264,67.633,0.000,0.021,0.000,0.000,4.281,0.000,1.459,0.000,0.000,0.000,0.000,67.684,0.000,16.339,0.000,0.000,27.662,0.000,0.000,0.000,0.000,0.000,0.000,0.000,0.000,0.000,0.000,0.000,0.000,0.000,0.653,14.914,0.000,178.733,0.000,0.000,0.000,1.402,-0.5079,-0.1929,0.1816,0.0000,1,-0.08262,0.4793,0.1098,0.4393,0.0000,1,-0.07010,-0.1568,0.2130,0.0146,0.2296,0,0.15156,-0.0290,0.0360,0.1521,0.2261,1,-0.06377,-0.5452,-0.0000,0.2179,0.4260,1,-0.08974,0.4030,0.6332,0.0956,0.2557,0,0.23562
1766.5,0,6.733,0.005,30.336,109.242,0.000,0.000,0.014,0.000,0.000,73.913,0.359,0.000,0.009,27.010,20.829,0.000,0.000,115.990,0.125,113.685,0.067,0.000,0.000,199.191,0.242,0.822,0.000,0.000,0.000,0.000,10.000,3.321,0.000,0.000,0.000,1.134,0.000,0.000,0.000,12.557,77.032,0.000,0.004,0.000,0.000,5.429,0.000,1.505,0.000,0.000,0.000,0.000,74.115,0.000,15.049,0.000,0.000,28.951,0.000,0.911,0.000,0.000,0.000,0.000,0.000,0.000,0.000,6.067,0.000,0.000,0.000,0.119,3.649,0.000,175.357,0.000,0.000,0.000,1.678,-0.4979,-0.1847,0.1772,0.0000,1,-0.08308,0.4811,0.0976,0.4667,0.0000,1,-0.08453,-0.1290,0.1782,0.0191,0.2570,0,0.11399,-0.0537,0.0297,0.1551,0.2182,1,-0.06374,-0.5492,-0.0000,0.2523,0.4347,1,-0.09688,0.4152,0.6649,0.0787,0.2567,0,0.26876
1775.0,0,24.214,0.001,43.156,66.360,0.000,0.000,9.051,0.000,0.000,110.863,0.066,0.000,28.596,21.961,3.805,0.000,0.000,87.896,0.023,126.475,0.012,0.000,0.000,173.856,0.044,0.150,0.000,0.000,0.000,0.000,32.806,5.155,0.000,0.000,0.000,1.295,0.000,0.000,0.000,11.521,75.274,0.000,0.001,0.000,0.000,6.416,0.000,1.063,0.000,0.000,0.000,0.000,73.871,0.000,16.066,0.000,0.000,27.708,0.000,2.636,0.000,0.000,0.000,0.000,0.000,0.000,0.000,13.378,0.000,3.352,0.000,0.022,0.667,0.000,162.263,0.000,0.000,0.000,2.528,-0.4874,-0.1824,0.1742,0.0000,1,-0.08574,0.4823,0.0673,0.4610,0.0000,1,-0.10177,-0.1054,0.1478,0.0397,0.2805,0,0.07606,-0.0751,0.0243,0.1561,0.2124,1,-0.06331,-0.5530,-0.0000,0.2840,0.4351,1,-0.10198,0.4254,0.6868,0.0648,0.2582,0,0.29349
1783.0,0,28.829,0.000,52.220,13.398,0.000,0.000,30.850,0.000,0.000,113.682,0.013,0.000,43.381,20.599,0.768,0.000,0.000,61.374,11.521,128.115,0.002,0.000,0.000,147.385,0.009,0.030,0.000,0.000,0.000,0.000,43.655,2.816,0.000,0.000,0.000,0.936,0.000,0.000,0.000,9.171,72.488,0.000,0.000,0.000,0.000,8.169,0.000,0.822,0.000,0.000,0.000,0.000,68.952,0.000,15.055,0.000,0.000,26.865,0.000,8.306,0.000,0.000,0.000,0.000,0.000,0.000,4.479,13.389,0.000,27.816,0.000,0.004,0.135,0.000,125.244,0.000,0.000,0.000,2.553,-0.4757,-0.1803,0.1703,0.0000,1,-0.08748,0.4821,0.0282,0.4195,0.0000,1,-0.11701,-0.0857,0.1217,0.1060,0.2973,1,0.03127,-0.0928,0.0198,0.1547,0.2093,1,-0.06257,-0.5564,-0.0000,0.3183,0.4245,1,-0.10614,0.4336,0.7000,0.0531,0.2601,0,0.31084
1791.5,0,70.542,0.000,64.877,2.448,0.000,0.000,59.315,0.000,0.000,78.178,0.002,0.000,69.271,31.697,0.140,0.000,0.000,46.247,27.728,128.876,0.000,0.000,0.000,102.811,0.002,0.006,0.000,0.000,0.000,0.000,41.353,0.514,0.000,0.000,0.000,1.464,0.000,0.000,0.000,10.117,79.700,0.000,0.000,0.000,0.000,7.944,0.000,1.021,0.000,0.000,0.000,0.000,66.492,0.000,11.811,0.000,0.000,29.741,0.000,31.045,0.000,0.000,0.000,0.000,0.000,4.741,20.463,5.907,0.000,63.464,0.000,0.001,0.025,0.000,99.736,0.000,0.000,0.000,2.138,-0.4658,-0.1715,0.1687,0.0000,1,-0.08337,0.4778,-0.0093,0.3423,0.0000,1,-0.12368,-0.0694,0.0995,0.2481,0.3162,1,-0.01785,-0.1070,0.0160,0.1531,0.2077,1,-0.06211,-0.5588,-0.0000,0.3548,0.4022,1,-0.10961,0.4397,0.7056,0.0432,0.2624,0,0.32142
1800.0,0,108.773,0.000,29.691,0.447,0.000,0.000,70.282,41.115,0.000,34.114,0.000,0.000,74.552,38.023,0.026,0.000,0.000,26.617,61.470,122.665,0.000,0.000,0.000,83.899,23.257,0.001,0.000,0.000,0.000,0.000,18.603,0.094,0.000,0.000,0.000,1.128,0.000,0.000,0.000,13.905,80.025,0.000,1.235,0.000,0.000,13.095,0.000,1.187,0.000,0.000,0.000,0.000,58.936,0.000,13.079,0.000,0.000,32.767,0.000,53.925,0.000,0.000,0.000,7.184,0.000,13.726,37.494,1.367,0.000,63.372,0.000,0.000,0.004,0.000,83.110,0.000,0.000,0.000,2.675,-0.4597,-0.1570,0.1669,0.0000,1,-0.07364,0.4682,-0.0360,0.2472,0.0000,1,-0.11677,-0.0674,0.0809,0.4208,0.3400,1,-0.04420,-0.1181,0.0129,0.1522,0.2094,1,-0.06270,-0.5592,-0.0000,0.3860,0.3705,1,-0.11182,0.4438,0.7054,0.0351,0.2649,0,0.32678
1808.0,0,105.828,0.000,5.995,0.090,0.000,0.000,54.165,108.872,0.000,6.887,0.000,0.000,58.997,51.471,0.005,0.000,0.000,19.314,75.234,105.896,0.000,0.000,0.000,71.784,44.935,0.000,0.000,0.000,0.000,0.000,3.756,0.019,0.000,0.000,0.000,1.048,0.000,0.000,0.000,18.497,89.628,0.000,0.249,0.000,0.000,13.847,0.000,1.095,0.000,0.000,0.000,0.000,54.948,0.000,11.601,0.000,0.000,31.298,0.000,63.919,0.000,0.000,0.000,21.423,0.000,20.460,43.051,0.276,0.000,24.615,0.000,0.000,0.001,0.000,50.469,0.000,0.000,0.000,3.330,-0.4574,-0.1396,0.1648,0.0000,1,-0.06102,0.4537,-0.0506,0.1583,0.0000,1,-0.09920,-0.0878,0.0655,0.5809,0.3643,1,-0.04117,-0.1265,0.0104,0.1514,0.2130,1,-0.06379,-0.5571,-0.0000,0.4034,0.3330,1,-0.11251,0.4456,0.7023,0.0283,0.2674,0,0.32916
1816.5,0,150.768,0.000,1.095,0.016,0.000,96.395,19.133,152.262,0.000,1.258,0.000,0.000,43.058,57.098,0.001,0.000,0.000,12.060,73.071,85.646,0.000,0.000,0.000,59.161,51.716,0.000,0.000,0.000,0.000,0.000,0.686,0.003,0.000,0.000,0.000,1.484,0.000,0.000,0.000,25.820,89.888,0.000,0.046,0.000,0.000,11.897,0.000,1.285,0.000,0.000,0.000,0.000,64.179,0.000,7.659,0.000,0.000,29.896,0.000,67.547,0.000,0.000,0.000,35.377,0.000,24.756,52.018,0.050,0.000,22.364,0.000,0.000,0.000,0.000,16.020,0.000,0.000,0.000,3.398,-0.4590,-0.1215,0.1646,0.0000,1,-0.04864,0.4329,-0.0564,0.0790,0.0000,1,-0.07388,-0.1298,0.0528,0.7144,0.3864,1,-0.01958,-0.1331,0.0083,0.1515,0.2169,1,-0.06513,-0.5553,-0.0000,0.4168,0.2930,1,-0.11215,0.4452,0.6977,0.0345,0.2698,0,0.32305
1825.0,0,159.948,0.000,0.200,0.003,0.000,143.335,3.495,180.331,0.000,0.230,0.000,23.301,14.398,50.270,0.000,0.000,0.000,5.882,85.530,78.183,0.000,0.000,0.000,61.019,33.528,0.000,0.000,0.000,16.703,0.000,0.125,0.621,0.000,0.000,0.000,1.222,0.000,0.000,0.000,30.999,105.758,0.000,0.008,0.000,0.000,12.570,0.000,2.002,0.000,2.416,0.000,0.000,72.623,0.000,7.009,0.000,0.000,26.744,0.000,55.675,0.000,0.000,0.000,39.812,0.000,13.066,53.334,0.009,0.000,7.931,0.000,0.000,0.000,0.000,2.927,0.000,0.000,0.000,2.240,-0.4640,-0.1073,0.1644,0.0000,1,-0.03776,0.4026,-0.0564,0.0198,0.0000,1,-0.04867,-0.1786,0.0424,0.8198,0.4037,1,0.00875,-0.1314,0.0067,0.1547,0.2243,1,-0.06806,-0.5552,-0.0000,0.4271,0.2533,1,-0.11063,0.4439,0.6923,0.0527,0.2719,0,0.30967
1833.0,0,160.189,0.000,0.040,38.175,52.792,163.917,0.706,200.077,0.000,0.046,0.000,115.159,5.138,44.168,0.000,0.000,0.000,14.199,90.715,91.439,0.000,0.000,0.000,93.462,10.448,0.000,0.000,0.000,58.462,0.000,0.025,1.818,0.000,0.000,0.000,1.181,0.000,0.000,0.000,34.118,118.245,0.000,0.002,0.000,0.000,13.561,0.000,3.102,0.000,3.380,0.000,0.000,74.276,0.000,4.664,0.000,0.000,19.075,0.000,38.442,0.000,0.000,0.000,33.634,0.000,2.638,53.563,0.002,0.000,1.601,0.000,0.000,0.000,0.000,0.591,0.000,0.000,0.000,2.372,-0.4708,-0.1005,0.1639,0.0000,1,-0.03112,0.3646,-0.0531,-0.0179,0.0000,1,-0.02833,-0.2235,0.0340,0.9001,0.4137,1,0.03594,-0.1233,0.0053,0.1619,0.2345,1,-0.07278,-0.5567,-0.0000,0.4357,0.2177,1,-0.10802,0.4417,0.6824,0.0967,0.2735,0,0.27960
1841.5,0,165.574,29.141,0.007,74.341,67.676,177.177,0.129,197.256,0.000,0.008,0.000,175.431,0.939,44.108,14.066,0.000,0.000,10.002,84.767,102.591,46.797,0.000,0.000,125.557,1.909,0.000,0.000,0.000,96.990,0.000,0.005,3.203,0.000,0.000,0.000,0.994,0.000,0.000,0.000,39.575,128.395,0.000,0.000,0.000,0.000,11.111,0.000,2.813,0.000,1.602,0.000,0.000,71.082,0.000,3.690,0.000,0.000,13.884,0.905,21.887,0.000,0.000,0.000,14.616,0.000,0.482,48.506,0.000,0.000,0.293,0.000,0.000,0.000,0.000,0.108,0.000,0.000,0.000,1.946,-0.4789,-0.1014,0.1625,0.0000,1,-0.02931,0.3226,-0.0481,-0.0391,0.0000,1,-0.01348,-0.2566,0.0326,0.9579,0.4157,0,0.05713,-0.1155,0.0042,0.1705,0.2429,1,-0.07744,-0.5587,-0.0000,0.4395,0.1935,1,-0.10519,0.4403,0.6633,0.1826,0.2748,0,0.22413
1850.0,0,172.333,14.561,0.001,93.170,73.827,147.810,0.024,207.808,0.000,27.644,0.000,190.809,0.171,40.498,25.826,0.000,8.187,9.235,84.890,104.628,90.109,0.000,0.000,123.032,0.349,0.000,0.000,0.000,110.308,0.000,0.001,7.122,0.000,0.000,0.000,1.301,0.000,0.000,0.000,40.749,128.222,0.000,1.667,0.000,0.000,11.239,0.000,2.742,0.000,0.704,0.000,0.000,69.836,0.000,1.502,0.000,0.000,7.056,1.483,8.775,0.000,0.000,0.000,2.670,0.000,0.088,29.914,0.000,0.000,0.053,0.000,0.000,0.000,0.000,0.020,0.000,0.000,0.000,1.555,-0.4872,-0.1111,0.1620,0.0000,1,-0.03317,0.2802,-0.0424,-0.0491,0.0000,1,-0.00322,-0.2698,0.0391,0.9933,0.4093,0,0.06890,-0.1110,0.0033,0.1792,0.2480,1,-0.08126,-0.5601,-0.0000,0.4405,0.1897,1,-0.10392,0.4408,0.6326,0.3003,0.2758,0,0.15461
1858.0,0,146.563,2.940,0.000,95.270,49.578,60.395,0.005,206.679,0.000,53.774,0.000,198.850,0.035,35.168,43.976,0.000,20.445,1.865,46.176,94.254,115.213,0.000,0.000,100.468,0.070,0.000,0.000,0.000,82.250,0.000,0.000,10.156,0.000,0.000,0.000,1.607,0.000,0.000,0.000,32.503,117.752,0.000,2.131,0.000,0.000,11.075,0.000,2.903,0.000,0.553,0.000,0.000,65.877,0.000,1.288,0.000,0.000,2.027,3.248,3.402,0.000,0.000,0.000,0.539,0.000,0.018,7.088,0.000,0.000,0.011,0.000,0.000,0.000,0.000,0.004,0.000,0.000,0.000,1.842,-0.4923,-0.1312,0.1633,0.0000,1,-0.04512,0.2396,-0.0367,-0.0520,0.0000,1,0.00362,-0.2653,0.0536,1.0040,0.3932,0,0.06877,-0.1090,0.0026,0.1878,0.2506,1,-0.08427,-0.5606,-0.0000,0.4419,0.2043,1,-0.10468,0.4427,0.5894,0.4262,0.2762,0,0.08913
1866.5,0,136.871,0.537,0.000,74.250,9.057,11.033,0.001,202.826,0.000,81.511,0.000,187.717,0.006,9.753,68.885,0.000,30.247,0.341,8.436,68.327,128.579,0.000,0.000,30.661,0.013,0.000,0.000,0.000,20.586,0.000,0.000,10.114,0.000,0.000,0.000,1.582,0.000,0.000,0.000,28.026,98.787,0.000,2.704,0.000,0.000,10.655,0.000,2.914,0.000,0.101,0.000,0.000,63.091,0.000,4.119,0.000,0.000,0.370,4.355,1.045,0.000,0.000,23.675,0.098,0.000,0.003,1.295,0.000,0.000,0.002,0.000,0.000,0.000,0.000,0.001,0.000,0.000,0.000,1.014,-0.4926,-0.1525,0.1655,0.0000,1,-0.05967,0.2023,-0.0312,-0.0507,0.0000,1,0.00801,-0.2486,0.0728,0.9860,0.3669,0,0.05760,-0.1103,0.0021,0.1958,0.2512,1,-0.08675,-0.5603,-0.0000,0.4447,0.2282,1,-0.10651,0.4456,0.5353,0.5471,0.2758,1,0.03820
1875.0,0,131.357,0.098,0.000,71.783,1.655,2.016,0.000,203.860,0.000,91.348,0.000,140.037,0.001,1.782,86.736,0.000,36.779,0.062,1.541,46.941,151.931,0.000,0.000,5.601,0.002,0.000,0.000,0.000,3.761,0.000,0.000,7.976,0.000,0.000,0.000,2.183,0.000,0.000,0.000,22.957,91.031,0.000,0.494,0.000,0.000,7.702,0.000,2.456,0.000,0.018,0.000,0.000,67.107,0.000,6.536,0.000,0.000,0.068,1.449,0.483,0.000,0.000,88.105,0.018,0.000,0.001,0.237,0.000,0.000,0.000,0.000,0.000,0.000,0.000,0.000,0.000,0.000,0.000,0.863,-0.4877,-0.1714,0.1699,0.0000,1,-0.07650,0.1690,-0.0262,-0.0469,0.0000,1,0.01073,-0.2250,0.0871,0.9401,0.3333,1,0.03904,-0.1138,0.0016,0.2020,0.2493,1,-0.08834,-0.5594,-0.0000,0.4470,0.2550,1,-0.10843,0.4491,0.4700,0.6537,0.2748,1,0.00474
1883.0,0,118.342,0.020,0.000,69.868,0.334,0.407,0.000,200.680,0.000,98.982,0.000,76.130,0.000,0.360,115.445,0.000,40.610,0.013,0.311,32.620,175.940,0.000,0.000,1.131,0.000,0.000,0.000,0.000,0.759,0.000,0.000,6.886,0.000,0.000,0.000,2.036,0.000,0.000,0.000,15.283,84.041,0.000,0.100,0.000,0.000,6.353,0.000,2.295,0.000,0.004,0.000,0.000,69.043,0.000,4.773,0.000,0.000,0.749,0.292,0.750,0.000,0.000,139.004,0.004,0.000,0.000,0.048,0.000,0.000,0.000,0.000,0.000,0.000,0.000,0.000,0.000,0.000,0.000,0.174,-0.4781,-0.1869,0.1749,0.0000,1,-0.09329,0.1400,-0.0218,-0.0420,0.0000,1,0.01235,-0.1985,0.0924,0.8746,0.2979,1,0.01741,-0.1186,0.0013,0.2065,0.2451,1,-0.08895,-0.5591,-0.0000,0.4509,0.2815,1,-0.11033,0.4525,0.3949,0.7411,0.2727,1,-0.01275
1891.5,0,59.017,0.004,0.000,84.571,0.061,0.074,0.000,189.410,0.000,101.737,0.000,16.139,0.000,0.066,124.841,0.000,37.445,0.002,0.057,32.821,187.749,0.000,0.000,0.207,0.000,0.000,0.000,0.000,0.139,0.000,0.000,5.106,0.000,0.000,0.000,1.758,0.000,0.000,0.000,7.721,69.516,0.000,0.018,0.000,0.000,8.747,0.000,2.576,0.000,0.001,0.000,0.000,73.525,0.000,8.481,0.000,0.000,2.682,0.053,0.941,0.000,12.693,164.961,0.001,0.000,0.000,0.009,0.000,0.000,0.000,0.000,0.000,0.000,0.000,0.000,0.000,0.000,0.000,0.032,-0.4640,-0.1981,0.1791,0.0000,1,-0.10772,0.1152,-0.0180,-0.0367,0.0000,1,0.01332,-0.1611,0.0904,0.7983,0.2674,1,-0.00432,-0.1239,0.0010,0.2104,0.2447,1,-0.09018,-0.5596,-0.0000,0.4609,0.3055,1,-0.11240,0.4559,0.3128,0.8033,0.2691,1,-0.01910
1900.0,0,56.979,0.001,0.000,85.111,0.011,0.014,0.000,160.464,0.000,115.209,0.000,2.948,0.000,0.012,132.187,0.000,34.010,0.000,0.010,55.835,179.794,0.000,0.000,0.038,0.000,0.000,0.000,0.000,0.025,0.000,0.000,3.301,0.000,0.000,0.000,2.203,0.000,0.000,0.000,3.340,61.949,0.000,1.511,0.000,0.000,5.979,0.609,1.858,0.000,0.000,0.000,0.000,71.051,0.000,9.125,0.000,0.000,0.490,0.010,1.341,0.000,35.724,188.414,0.000,0.000,0.000,0.002,0.000,0.000,0.000,0.000,0.000,0.000,0.000,0.000,0.000,0.000,0.000,0.006,-0.4450,-0.2036,0.1839,0.0000,1,-0.11742,0.0941,-0.0148,-0.0315,0.0000,1,0.01390,-0.1052,0.0841,0.7197,0.2364,1,-0.02521,-0.1293,0.0051,0.2119,0.2421,1,-0.08749,-0.5597,-0.0000,0.4710,0.3255,1,-0.11406,0.4590,0.2298,0.8426,0.2647,1,-0.01958
1908.0,0,89.461,76.669,0.000,98.820,0.002,0.003,0.000,146.569,0.000,123.006,0.000,0.595,6.703,0.002,125.941,0.000,36.893,0.000,0.002,72.156,156.686,0.000,0.000,0.008,0.000,0.000,0.000,0.000,0.005,0.000,0.000,2.825,0.000,0.000,0.000,2.208,0.000,0.000,0.000,0.674,62.921,0.000,0.305,0.000,0.000,5.991,0.622,2.252,0.000,1.011,0.000,0.000,71.398,0.000,11.677,0.000,0.000,0.701,0.002,0.861,0.000,47.770,183.800,0.000,0.000,0.000,0.666,0.000,0.000,0.000,0.000,0.000,0.000,0.000,0.000,0.000,0.000,0.000,0.001,-0.4203,-0.2049,0.1888,0.0000,1,-0.12395,0.0765,-0.0121,-0.0267,0.0000,1,0.01427,-0.0390,0.0755,0.6413,0.2073,1,-0.04392,-0.1305,0.0115,0.2130,0.2378,1,-0.08296,-0.5580,-0.0000,0.4705,0.3407,1,-0.11482,0.4617,0.1437,0.8644,0.2585,1,-0.01849
1916.5,0,111.307,131.188,0.000,75.621,0.000,0.001,0.000,146.424,0.000,126.292,0.000,0.109,24.459,0.000,126.299,0.000,28.945,0.000,0.000,85.128,109.255,0.000,0.000,0.001,0.000,0.000,0.000,0.000,0.001,0.000,0.000,6.612,0.000,0.000,0.000,1.847,0.000,0.000,0.000,0.123,54.438,0.000,0.056,0.000,0.000,9.900,0.114,1.799,0.000,0.557,0.000,0.000,70.173,0.000,12.523,0.000,0.000,0.864,0.000,0.729,0.000,62.464,189.185,0.000,0.000,0.000,0.122,0.000,0.000,0.000,0.000,0.000,0.000,0.000,0.000,0.000,0.000,0.000,0.000,-0.3917,-0.2081,0.1924,0.0000,1,-0.13145,0.0619,-0.0098,-0.0223,0.0000,1,0.01453,0.0300,0.0662,0.5661,0.1814,1,-0.06015,-0.1308,0.0154,0.2125,0.2350,1,-0.07990,-0.5528,-0.0000,0.4586,0.3493,1,-0.11475,0.4636,0.0505,0.8689,0.2522,1,-0.01884
1925.0,0,113.205,156.124,52.753,49.862,0.000,0.000,0.000,153.634,0.000,127.142,58.592,0.020,33.769,0.000,124.304,0.000,16.701,0.000,0.000,88.713,48.004,0.000,0.000,0.000,0.000,0.000,0.000,0.000,0.000,0.000,0.000,7.716,0.000,0.000,0.000,2.052,0.000,0.000,0.000,0.023,46.937,0.000,0.838,0.000,0.000,12.182,0.021,1.788,0.000,1.336,0.000,0.000,60.460,0.000,12.171,0.000,0.000,0.760,0.000,0.350,0.000,63.333,178.400,0.000,0.000,0.000,0.022,0.000,0.000,0.000,0.000,0.000,0.000,0.000,0.000,0.000,0.000,0.000,0.000,-0.3616,-0.2130,0.1957,0.0000,1,-0.13915,0.0499,-0.0079,-0.0185,0.0000,1,0.01472,0.0950,0.0569,0.4941,0.1586,1,-0.07376,-0.1277,0.0170,0.2111,0.2340,1,-0.07859,-0.5441,-0.0000,0.4400,0.3528,1,-0.11403,0.4634,-0.0401,0.8571,0.2463,1,-0.02275
1933.0,0,99.004,168.995,104.967,19.376,0.000,0.000,0.000,162.109,0.000,118.965,142.184,0.004,35.135,0.000,108.964,0.000,6.701,0.000,0.000,93.591,9.692,0.000,0.000,0.000,0.000,0.000,0.000,0.000,0.000,0.000,2.725,9.531,0.000,0.000,0.000,2.309,0.000,0.000,0.000,0.005,42.054,0.000,3.848,0.000,0.000,11.265,0.004,1.934,0.000,0.270,0.000,0.000,55.256,0.000,11.056,0.000,0.000,4.045,0.000,0.071,0.000,63.541,160.334,0.000,0.000,0.000,0.004,0.000,0.000,0.000,0.000,0.000,0.000,0.000,0.000,0.000,0.000,0.000,0.000,-0.3316,-0.2195,0.1992,0.0000,1,-0.14600,0.0401,-0.0064,-0.0153,0.0000,1,0.01487,0.1529,0.0483,0.4249,0.1472,1,-0.08449,-0.1262,0.0169,0.2097,0.2337,1,-0.07859,-0.5327,-0.0000,0.4190,0.3545,1,-0.11284,0.4584,-0.1251,0.8322,0.2419,1,-0.03096
1941.5,0,86.393,171.392,140.500,3.540,0.000,0.000,37.488,159.392,0.000,79.590,184.899,0.001,38.624,0.000,89.727,0.000,1.224,37.884,0.000,80.014,1.771,0.000,0.000,0.000,0.000,0.000,0.000,0.000,0.000,0.000,0.498,11.378,0.000,0.000,0.000,2.347,0.000,0.000,0.000,0.001,45.626,0.000,3.690,0.000,0.000,9.436,0.001,1.489,0.000,0.049,0.000,0.000,33.300,0.000,8.141,0.000,0.000,4.035,0.000,0.013,0.000,44.219,115.153,0.000,0.000,0.000,0.001,0.000,0.000,0.000,0.000,0.000,0.000,0.000,0.000,0.000,0.000,0.000,0.000,-0.3034,-0.2273,0.2064,0.0000,1,-0.15320,0.0321,-0.0051,-0.0125,0.0000,1,0.01499,0.1982,0.0405,0.3606,0.1417,1,-0.09255,-0.1255,0.0159,0.2069,0.2331,1,-0.07916,-0.5193,-0.0000,0.3980,0.3570,1,-0.11143,0.4421,-0.1996,0.7975,0.2378,1,-0.04383
1950.0,0,54.872,157.534,153.289,0.647,0.000,0.000,118.435,145.399,0.000,29.241,195.417,0.000,26.876,0.000,68.859,0.000,0.224,95.945,0.000,45.224,0.323,0.000,0.000,0.000,0.000,80.031,0.000,0.000,0.000,0.000,0.091,12.355,0.000,0.000,0.000,1.781,0.000,0.000,0.000,0.000,43.534,0.000,1.287,0.000,0.000,7.833,0.000,1.893,0.000,0.009,0.000,0.000,15.476,0.000,7.215,0.000,0.000,5.707,0.000,0.484,0.000,25.309,33.027,0.000,0.000,0.000,0.000,0.000,0.000,0.000,0.000,0.000,0.000,0.000,0.000,0.000,0.000,0.000,0.000,-0.2780,-0.2356,0.2109,0.0000,1,-0.16024,0.0256,-0.0041,-0.0102,0.0000,1,0.01509,0.2280,0.0336,0.3076,0.1413,1,-0.09817,-0.1228,0.0143,0.2049,0.2316,1,-0.08125,-0.5093,-0.0000,0.3781,0.3621,1,-0.10983,0.4133,-0.2564,0.7493,0.2327,1,-0.06476
1958.0,0,28.510,134.386,139.357,0.131,0.000,0.000,156.399,110.596,0.000,5.904,202.696,0.000,9.105,0.000,31.625,0.000,0.045,134.996,0.000,21.978,0.065,0.000,0.000,14.536,0.000,137.482,0.000,0.000,0.000,0.000,0.018,13.904,0.000,0.000,0.000,2.272,0.000,0.000,0.000,0.000,38.619,0.000,3.721,0.000,0.000,7.587,0.000,1.751,0.000,0.002,0.000,0.000,3.125,0.000,4.896,0.000,0.000,6.060,0.000,1.966,0.000,21.212,6.668,0.000,0.000,2.250,0.000,0.000,0.000,0.000,0.000,0.000,0.000,0.000,0.000,0.000,0.000,0.000,0.000,-0.2554,-0.2480,0.2173,0.0000,1,-0.16956,0.0204,-0.0032,-0.0082,0.0000,1,0.01517,0.2455,0.0277,0.2713,0.1512,1,-0.10203,-0.1146,0.0126,0.2029,0.2295,1,-0.08566,-0.5040,-0.0000,0.3602,0.3697,1,-0.10817,0.3756,-0.2904,0.6821,0.2227,1,-0.09806
1966.5,0,27.283,105.928,130.919,11.111,0.000,0.000,179.404,28.230,0.000,1.078,198.668,0.000,1.663,0.000,8.009,0.000,0.008,152.846,0.000,8.081,0.012,0.000,0.000,71.491,0.000,176.796,0.000,0.000,0.000,0.000,0.003,43.338,0.000,0.000,0.000,1.947,0.000,0.000,0.000,0.000,43.251,0.000,5.723,0.000,0.000,7.650,0.000,2.058,0.000,0.000,0.000,0.000,9.548,0.000,2.684,0.000,0.000,6.935,0.000,4.337,0.000,15.253,1.218,0.000,0.000,11.222,0.000,0.000,0.000,0.000,0.000,16.668,0.566,0.000,0.000,0.000,0.000,0.000,0.000,-0.2358,-0.2887,0.2211,0.0000,1,-0.19475,0.0162,0.0422,-0.0012,0.0000,0,0.05373,0.2530,0.0227,0.2511,0.1738,1,-0.10474,-0.1045,0.0109,0.2020,0.2271,1,-0.08963,-0.5028,-0.0000,0.3453,0.3757,1,-0.10653,0.3333,-0.2999,0.6009,0.2059,1,-0.13971
1975.0,0,7.215,27.165,124.340,59.946,0.000,0.000,181.312,5.157,0.000,10.403,188.672,0.000,0.304,0.000,1.463,0.000,0.002,167.255,0.000,6.442,0.002,0.000,0.000,136.116,0.000,183.235,0.000,0.000,0.000,0.000,0.001,38.681,0.000,0.000,0.000,1.874,0.000,0.000,0.000,0.000,41.052,0.000,4.876,0.000,0.000,9.445,0.000,2.115,0.000,0.000,0.000,0.000,13.767,0.000,3.015,0.000,0.000,9.495,0.000,5.699,0.000,10.543,0.223,0.000,0.000,15.378,0.000,0.000,0.000,0.000,0.000,36.875,14.666,0.000,0.000,0.000,0.000,0.000,0.000,-0.2191,-0.3402,0.2224,0.0000,1,-0.22454,0.0128,0.1200,0.0529,0.0000,0,0.09666,0.2524,0.0185,0.2424,0.2057,1,-0.10639,-0.0977,0.0093,0.2020,0.2257,1,-0.09273,-0.5054,-0.0000,0.3324,0.3785,1,-0.10477,0.2901,-0.2903,0.5183,0.1891,1,-0.17758
1983.0,0,1.457,5.485,129.912,98.982,0.000,0.000,186.476,1.041,0.000,31.550,156.282,0.000,0.061,0.000,0.295,0.000,0.000,181.037,0.000,30.036,0.000,0.000,0.000,168.185,27.539,179.026,0.000,0.000,0.000,0.000,0.000,31.328,0.000,0.000,0.000,1.667,0.000,0.000,0.000,0.000,41.491,0.000,3.933,0.000,0.000,10.344,0.000,1.961,0.000,0.000,0.000,0.000,17.910,0.000,1.436,0.000,0.000,12.502,0.000,6.651,0.000,7.195,0.045,0.000,0.000,15.086,0.000,0.000,0.000,0.000,0.000,30.999,27.305,0.000,33.697,0.000,0.000,0.000,0.000,-0.2051,-0.3893,0.2215,0.0000,1,-0.25123,0.0343,0.2021,0.1360,0.0000,0,0.12552,0.2451,0.0150,0.2414,0.2427,1,-0.10696,-0.0948,0.0078,0.2020,0.2266,1,-0.09487,-0.5097,-0.0000,0.3187,0.3771,1,-0.10241,0.2485,-0.2687,0.4435,0.1729,1,-0.20421
1991.5,0,0.266,1.002,120.039,90.816,0.000,0.000,187.339,0.190,0.000,81.679,64.173,0.000,0.011,20.382,0.054,0.000,0.000,186.911,0.000,45.326,0.000,0.000,0.000,185.353,71.648,127.068,0.000,0.000,0.000,0.000,0.000,17.021,0.000,0.000,0.000,1.734,0.000,0.000,0.000,4.176,49.513,0.000,2.702,0.000,0.000,8.046,0.000,1.372,0.000,0.000,0.000,0.000,16.650,0.000,1.627,2.086,0.000,15.382,0.000,8.385,0.000,3.797,0.008,0.000,0.000,11.744,4.590,0.000,0.000,0.000,0.000,12.781,34.703,0.000,125.182,0.000,0.000,0.000,0.000,-0.2015,-0.4227,0.2195,0.0000,1,-0.26820,0.0800,0.2665,0.2301,0.0000,0,0.13092,0.2316,0.0037,0.2457,0.2791,1,-0.10806,-0.0944,0.0065,0.2000,0.2266,1,-0.09544,-0.5136,-0.0000,0.2969,0.3697,1,-0.09808,0.2225,-0.2351,0.3837,0.1608,1,-0.21642
2000.0,0,0.049,0.183,104.137,68.671,0.000,0.000,196.602,0.035,0.000,105.774,11.723,0.000,0.002,32.459,0.010,0.000,0.000,168.277,0.000,60.148,0.000,0.000,0.000,186.398,96.956,25.445,0.000,0.000,0.000,0.000,0.000,12.919,0.000,0.000,0.000,2.031,0.000,0.000,0.000,9.668,59.681,0.000,4.456,0.000,0.000,6.503,0.000,1.026,0.000,0.000,0.000,0.000,20.723,0.000,2.275,3.809,0.000,16.680,0.000,8.341,0.000,5.055,0.001,2.500,0.000,3.475,11.695,0.000,0.000,0.000,0.000,2.558,37.978,0.000,169.688,0.000,0.000,0.000,0.000,-0.2087,-0.4385,0.2179,0.0000,1,-0.27466,0.1356,0.3028,0.3310,0.0000,0,0.10966,0.2108,-0.0148,0.2526,0.3088,1,-0.10835,-0.0956,0.0053,0.1954,0.2250,1,-0.09397,-0.5147,-0.0000,0.2682,0.3569,1,-0.09136,0.2212,-0.1644,0.3372,0.1555,1,-0.20874
2008.0,0,0.010,0.037,83.418,42.628,0.000,0.000,194.428,0.007,0.000,107.689,2.367,0.000,15.100,43.585,0.002,0.000,0.000,144.873,0.000,47.033,0.000,0.000,0.000,168.571,109.508,5.137,0.000,0.000,0.000,0.000,0.000,8.592,0.000,0.000,0.000,2.326,0.000,0.000,0.000,16.937,73.053,0.000,5.792,0.000,0.000,5.884,0.000,0.720,0.000,0.000,0.000,0.000,19.734,0.000,2.249,2.456,2.483,14.790,0.000,11.198,0.000,1.021,0.000,14.838,0.000,0.702,21.437,0.000,0.000,0.000,0.000,0.516,39.081,0.000,182.308,0.000,0.000,0.000,0.000,-0.2302,-0.4397,0.2202,0.0000,1,-0.27289,0.1915,0.3122,0.4293,0.0000,0,0.07248,0.1671,-0.0338,0.2814,0.3277,1,-0.10645,-0.0977,0.0044,0.1878,0.2219,1,-0.09084,-0.5123,-0.0000,0.2362,0.3377,1,-0.08237,0.2357,-0.0391,0.3004,0.1542,1,-0.17133
2016.5,0,0.002,0.007,84.134,32.744,0.000,0.000,181.064,0.001,0.000,105.559,0.432,0.000,41.038,59.830,0.000,0.000,0.000,106.890,0.000,35.152,0.000,0.000,0.000,123.213,130.529,0.938,0.000,0.000,0.000,0.000,0.000,6.074,0.000,0.000,0.000,1.514,0.000,0.000,0.000,18.484,74.970,0.000,3.381,0.000,0.000,2.954,0.000,1.290,0.000,0.000,0.000,0.000,23.449,0.000,3.714,0.449,7.590,18.064,0.000,13.638,0.000,0.186,0.000,29.678,0.000,0.128,29.164,0.000,0.000,0.000,0.000,0.094,38.405,0.000,187.242,0.000,0.000,0.000,0.000,-0.2585,-0.4300,0.2200,0.0000,1,-0.26532,0.2430,0.3015,0.5182,0.0000,1,0.03139,0.1016,-0.0453,0.3266,0.3371,1,-0.09983,-0.1005,0.0036,0.1819,0.2149,1,-0.08714,-0.5060,-0.0000,0.2040,0.3168,1,-0.07169,0.2584,0.1089,0.2738,0.1531,1,-0.10852
2025.0,0,0.000,0.001,79.785,46.763,0.000,0.000,180.309,0.000,0.000,78.943,0.079,0.000,53.092,69.647,0.000,0.000,0.000,75.726,23.729,44.063,0.000,0.000,0.000,75.210,145.382,0.171,0.000,0.000,0.000,0.000,10.000,3.449,0.000,0.000,0.000,1.599,0.000,0.000,0.000,14.857,72.859,0.000,4.122,0.000,0.000,2.894,0.000,1.106,0.000,1.667,0.000,0.000,22.296,0.000,4.730,0.082,9.756,19.741,0.000,15.112,0.000,0.034,0.000,41.297,0.000,0.023,34.319,0.000,0.000,0.000,0.000,0.017,35.470,0.000,190.771,0.000,0.000,0.000,0.000,-0.2863,-0.4113,0.2181,0.0000,1,-0.25272,0.2881,0.2786,0.5951,0.0000,1,-0.00608,0.0257,-0.0497,0.3799,0.3397,1,-0.08985,-0.0978,0.0029,0.1765,0.2059,1,-0.08320,-0.4980,-0.0000,0.1736,0.2956,1,-0.06021,0.2840,0.2481,0.2571,0.1475,1,-0.03571
2033.0,0,13.705,0.000,26.396,40.541,0.000,0.000,165.998,0.000,0.000,81.940,0.016,0.000,53.017,71.172,0.000,0.000,0.000,56.079,52.112,66.310,0.000,0.000,0.000,25.945,153.058,0.035,0.000,0.000,0.000,0.000,13.920,1.156,0.000,0.000,0.000,1.392,0.000,0.000,0.000,14.233,66.294,0.000,3.081,0.000,0.000,2.715,0.000,1.393,0.000,2.003,0.000,0.000,8.608,0.000,6.219,0.017,6.667,22.397,0.000,15.842,0.000,0.007,0.000,53.158,0.000,0.005,34.035,0.000,0.000,0.000,0.000,0.003,31.485,0.000,186.711,0.000,0.000,0.000,0.000,-0.3112,-0.3832,0.2146,0.0000,1,-0.23491,0.3265,0.2495,0.6584,0.0000,1,-0.03653,-0.0560,-0.0494,0.4370,0.3381,1,-0.07835,-0.0883,0.0023,0.1730,0.1967,1,-0.08164,-0.4883,-0.0000,0.1459,0.2796,1,-0.04950,0.3083,0.3659,0.2455,0.1411,1,0.03455
2041.5,0,66.655,0.000,4.822,28.203,0.000,0.000,141.449,0.000,0.000,73.042,0.003,0.000,65.311,82.723,0.000,0.000,0.000,33.229,75.586,91.703,0.000,0.000,0.000,4.740,163.797,0.006,0.000,0.000,0.000,0.000,26.849,0.211,0.000,0.000,0.000,1.704,0.000,0.000,0.000,12.856,67.692,0.000,0.974,0.000,0.000,1.837,0.000,1.568,0.000,0.366,0.000,0.000,1.573,0.000,5.376,0.003,12.835,21.269,0.000,21.753,0.000,0.001,0.000,63.744,0.000,0.001,36.387,0.000,0.000,0.000,0.000,0.001,25.688,0.000,183.604,0.000,0.000,0.000,0.000,-0.3323,-0.3468,0.2113,0.0000,1,-0.21331,0.3583,0.2183,0.7088,0.0000,1,-0.05980,-0.1359,-0.0464,0.4943,0.3339,1,-0.06645,-0.0757,0.0019,0.1715,0.1855,1,-0.08311,-0.4775,-0.0000,0.1215,0.2639,1,-0.03903,0.3280,0.4611,0.2305,0.1408,0,0.09768
2050.0,0,99.276,53.664,0.881,9.646,0.000,0.000,88.051,8.187,0.000,62.969,0.001,0.000,68.465,84.259,0.000,0.000,0.000,17.696,85.327,114.892,0.000,0.000,0.000,0.866,158.966,0.001,0.000,0.000,0.000,0.000,41.295,1.748,0.000,0.000,0.000,1.829,0.000,0.000,0.000,17.205,70.936,0.000,0.178,0.000,0.000,1.549,0.000,1.248,0.000,0.894,0.000,0.000,0.287,0.000,4.624,0.001,15.906,21.556,0.000,27.082,0.000,0.000,0.000,73.555,0.000,0.000,39.775,0.000,0.000,0.000,0.000,0.000,21.121,0.000,179.758,0.000,0.000,0.000,0.000,-0.3517,-0.3130,0.2089,0.0000,1,-0.19432,0.3844,0.1876,0.7475,0.0000,1,-0.07701,-0.2090,-0.0419,0.5493,0.3283,1,-0.05479,-0.0580,0.0015,0.1698,0.1731,1,-0.08558,-0.4664,-0.0000,0.1003,0.2427,1,-0.02794,0.3397,0.5362,0.2098,0.1468,0,0.15314
2058.0,0,101.176,111.706,0.178,1.947,0.000,0.000,41.926,72.269,0.000,34.502,0.000,0.000,73.150,81.485,0.000,0.000,0.000,15.346,83.546,131.272,0.000,0.000,0.000,0.175,139.181,0.000,0.000,0.000,0.000,0.000,36.060,0.974,0.000,0.000,0.000,1.658,0.000,0.000,0.000,15.670,75.955,0.000,1.400,0.000,0.000,1.306,0.000,1.605,0.000,0.735,0.000,0.000,0.058,0.000,5.511,1.585,18.603,20.312,0.000,27.408,0.000,0.000,0.000,76.399,0.000,0.000,40.595,0.000,0.000,0.000,0.000,0.000,17.663,0.000,167.007,0.000,0.000,0.000,1.667,-0.3680,-0.2803,0.2066,0.0000,1,-0.17496,0.4055,0.1590,0.7754,0.0000,1,-0.08995,-0.2726,-0.0439,0.5988,0.3220,1,-0.04522,-0.0394,0.0012,0.1697,0.1600,1,-0.08846,-0.4550,-0.0000,0.0853,0.2173,1,-0.01760,0.3440,0.5947,0.1860,0.1570,0,0.20098
2066.5,0,102.351,159.111,0.032,0.356,0.000,0.000,7.659,133.655,0.000,6.303,81.069,0.000,57.514,79.729,0.000,0.000,0.000,11.852,75.747,131.772,0.000,0.000,0.000,52.761,73.803,56.130,0.000,0.000,0.000,0.000,9.916,1.172,0.000,0.000,0.000,1.372,0.000,0.000,0.000,15.391,74.905,0.000,4.026,0.000,0.000,2.054,0.000,1.532,0.000,0.589,0.000,0.000,0.011,0.000,5.989,25.359,18.218,16.288,0.000,29.581,0.000,0.000,0.000,78.594,0.000,0.000,39.878,0.000,0.000,0.000,0.000,0.000,19.098,0.000,161.296,0.000,0.000,0.000,0.304,-0.3800,-0.2507,0.2033,0.0000,1,-0.15528,0.4222,0.1333,0.7973,0.0000,1,-0.09959,-0.3262,-0.0838,0.6427,0.3151,1,-0.04151,-0.0227,0.0010,0.1701,0.1491,1,-0.09134,-0.4477,-0.0000,0.0803,0.1922,1,-0.01061,0.3447,0.6398,0.1629,0.1692,0,0.24088
2075.0,0,104.584,172.671,0.006,0.065,0.000,0.000,1.399,159.567,0.000,1.151,160.484,0.000,36.749,63.377,0.000,0.000,0.000,38.670,66.429,117.178,0.000,0.000,0.000,140.496,13.483,143.577,0.000,0.000,0.000,0.000,1.812,2.961,0.000,0.000,0.000,1.205,0.000,0.000,0.000,15.778,78.467,0.000,4.039,0.000,0.000,2.933,0.000,1.449,0.000,0.108,0.000,0.000,0.002,0.000,5.505,25.465,21.523,14.729,0.000,31.055,0.000,0.000,0.000,80.879,0.000,9.891,41.009,0.000,0.000,0.000,0.000,0.000,23.828,0.000,146.390,0.000,0.000,0.000,0.056,-0.3879,-0.2291,0.1989,0.0000,1,-0.13931,0.4352,0.1107,0.8167,0.0000,1,-0.10660,-0.3706,-0.1587,0.6805,0.3220,1,-0.03689,-0.0105,0.0008,0.1705,0.1416,1,-0.09407,-0.4467,-0.0000,0.0763,0.1685,1,-0.00397,0.3441,0.6736,0.1404,0.1822,0,0.27372
2083.0,0,99.494,147.507,0.001,0.013,0.000,0.000,0.282,169.402,0.000,0.232,195.643,0.000,18.468,52.634,0.000,0.000,0.000,98.949,65.710,91.460,0.000,0.000,0.000,189.141,2.722,180.456,0.000,0.000,0.000,0.000,0.366,4.190,0.000,0.000,0.000,1.536,0.000,0.000,0.000,16.958,80.718,0.000,5.149,0.000,0.000,4.439,0.000,1.398,0.000,0.022,0.000,0.000,0.000,0.000,5.351,32.419,23.726,11.995,0.000,31.454,0.000,0.000,0.000,81.402,0.000,23.303,44.116,0.000,0.000,0.000,0.000,5.739,25.887,0.000,129.706,0.000,0.000,0.000,0.422,-0.3922,-0.2155,0.1956,0.0000,1,-0.12781,0.4450,0.1065,0.8347,0.0000,1,-0.10689,-0.4067,-0.2431,0.7122,0.3385,1,-0.02564,-0.0024,0.0006,0.1707,0.1386,1,-0.09681,-0.4509,-0.0000,0.0703,0.1523,1,0.00189,0.3441,0.6972,0.1193,0.1953,0,0.29940
2091.5,0,113.111,45.320,0.000,0.002,0.000,0.000,0.052,164.579,0.000,0.042,203.448,0.000,5.605,42.994,0.000,0.000,0.000,137.382,66.849,70.103,0.000,0.000,0.000,202.997,0.497,200.246,0.000,0.000,0.000,0.000,0.067,6.204,0.000,0.000,0.000,1.331,0.000,0.000,0.000,21.812,81.562,0.000,4.494,0.000,0.000,4.012,0.000,0.997,0.000,0.004,0.000,0.000,0.000,0.000,3.712,37.883,22.014,9.573,0.000,33.524,0.000,0.000,0.000,78.145,0.000,36.688,45.799,0.000,0.000,0.000,0.000,25.377,24.798,0.000,124.045,0.000,0.000,0.000,0.077,-0.3974,-0.2092,0.1922,0.0000,1,-0.12103,0.4521,0.1432,0.8487,0.0000,1,-0.09472,-0.4357,-0.3242,0.7391,0.3583,1,-0.00837,0.0027,0.0005,0.1689,0.1379,1,-0.09860,-0.4576,-0.0000,0.0629,0.1602,1,0.00260,0.3456,0.7105,0.1002,0.2077,0,0.31710
2100.0,0,150.578,8.279,0.000,0.000,0.000,0.000,0.009,172.439,0.000,0.008,186.228,0.000,1.024,35.023,0.000,0.000,0.000,164.430,63.556,45.246,0.000,0.000,0.000,208.857,0.091,187.543,0.000,0.000,0.000,0.000,0.012,6.732,0.000,0.000,0.000,1.447,0.000,0.000,0.000,31.201,87.530,0.000,2.627,0.000,0.000,2.548,0.000,0.978,0.000,0.001,0.000,0.000,0.000,0.000,2.100,41.383,33.038,7.113,0.000,36.786,0.000,0.000,0.000,78.992,0.000,42.729,50.776,0.000,0.000,0.000,0.000,24.892,20.845,0.000,151.959,0.000,0.000,0.000,0.014,-0.4070,-0.2080,0.1895,0.0000,1,-0.11840,0.4580,0.1935,0.8541,0.0000,1,-0.07841,-0.4586,-0.3965,0.7613,0.3775,1,0.01187,0.0056,0.0004,0.1660,0.1363,1,-0.09931,-0.4634,-0.0000,0.0550,0.1846,1,-0.00063,0.3496,0.7109,0.0833,0.2191,0,0.32477
2108.0,0,131.965,1.672,0.000,0.000,0.000,0.000,0.002,175.168,0.000,0.002,108.757,0.000,0.207,30.055,0.000,0.000,0.000,179.028,75.612,30.463,0.000,0.000,0.000,209.902,0.018,139.049,0.000,0.000,0.000,0.000,0.002,7.214,0.000,0.000,0.000,1.949,0.000,0.000,0.000,32.277,91.306,0.000,5.602,0.000,0.000,2.458,0.000,0.508,0.000,0.000,0.000,0.000,0.000,0.000,0.424,27.598,27.239,5.330,0.000,33.063,0.000,0.000,0.000,80.581,0.000,42.783,53.393,0.000,0.000,0.000,0.000,16.931,17.564,0.000,168.752,0.000,0.000,0.000,0.003,-0.4183,-0.2101,0.1890,0.0000,1,-0.11803,0.4632,0.2363,0.8474,0.0000,1,-0.06372,-0.4769,-0.4542,0.7791,0.3943,1,0.03179,0.0070,0.0003,0.1596,0.1341,1,-0.09830,-0.4670,-0.0000,0.0472,0.2161,1,-0.00576,0.3545,0.6945,0.0687,0.2335,0,0.31820
2116.5,0,103.929,0.305,0.000,0.000,0.000,0.000,0.000,181.001,0.000,0.000,21.887,0.000,0.038,31.080,0.000,0.000,0.000,178.201,65.938,5.565,0.000,0.000,0.000,205.625,0.003,35.706,0.000,0.000,0.000,0.000,0.000,5.344,0.000,0.000,0.000,2.049,0.000,0.000,0.000,29.796,90.141,0.000,6.693,0.000,0.000,2.804,0.000,0.281,0.000,0.000,0.000,0.000,9.909,1.710,1.649,11.041,22.124,6.630,0.000,27.441,0.000,0.000,0.000,82.637,0.000,40.870,55.142,0.000,0.000,0.000,0.000,4.182,13.772,0.000,179.510,0.000,0.000,0.000,0.001,-0.4287,-0.2123,0.1901,0.0000,1,-0.11782,0.4676,0.2621,0.8301,0.0000,1,-0.05347,-0.4914,-0.4911,0.7925,0.4086,1,0.04810,0.0028,0.0002,0.1496,0.1390,1,-0.09429,-0.4701,-0.0000,0.0400,0.2484,1,-0.01125,0.3585,0.6599,0.0563,0.2496,0,0.29690
2125.0,0,62.574,0.056,0.000,0.000,0.000,0.000,0.000,175.698,0.000,0.000,3.998,0.000,0.007,19.600,0.000,0.000,0.000,154.701,36.821,1.017,0.000,0.000,0.000,199.337,0.001,6.523,0.000,0.000,0.000,0.000,0.000,3.576,0.000,0.000,0.000,1.555,0.000,0.000,0.000,24.203,85.359,0.000,5.452,0.000,0.000,1.853,0.000,0.884,0.000,0.000,0.000,0.000,29.362,1.698,3.534,2.358,16.467,8.419,0.000,20.929,0.000,0.000,0.000,80.673,0.000,36.082,55.217,0.000,0.000,0.000,0.000,0.764,3.941,0.000,185.083,0.000,0.000,0.000,0.000,-0.4356,-0.2124,0.1905,0.0000,1,-0.11611,0.4715,0.2676,0.7980,0.0000,1,-0.04875,-0.5028,-0.5019,0.8008,0.4206,0,0.05782,-0.0102,0.0002,0.1426,0.1459,1,-0.08847,-0.4762,-0.0000,0.0335,0.2777,1,-0.01638,0.3618,0.6099,0.0641,0.2673,0,0.25368
2133.0,0,37.473,0.011,0.000,34.444,0.000,0.000,0.000,158.836,0.000,0.000,0.807,0.000,0.001,17.192,0.000,0.000,0.000,130.189,18.948,0.205,0.000,0.000,0.000,193.966,0.000,1.317,0.000,0.000,0.000,0.000,0.000,2.376,0.000,0.000,0.000,1.565,0.000,0.000,0.000,18.724,84.680,0.000,3.380,0.000,0.000,1.856,0.000,0.852,0.000,0.000,0.000,0.000,48.312,1.370,4.673,0.476,7.863,8.934,0.000,16.261,0.000,0.000,0.000,82.204,0.000,29.797,49.655,4.564,0.000,0.000,0.000,0.154,0.796,0.000,181.745,0.000,0.000,0.000,0.411,-0.4377,-0.2090,0.1905,0.0000,1,-0.11277,0.4748,0.2456,0.7460,0.0000,1,-0.05254,-0.5127,-0.4881,0.8051,0.4302,0,0.06085,-0.0292,0.0001,0.1375,0.1525,1,-0.08168,-0.4855,-0.0000,0.0390,0.3009,1,-0.02447,0.3621,0.5497,0.1248,0.2845,0,0.18050
2141.5,0,41.386,0.002,9.048,94.806,0.000,0.000,0.000,137.863,0.000,0.000,0.147,0.000,0.000,15.754,0.000,0.000,0.000,102.966,11.649,0.037,0.000,0.000,0.000,171.844,0.000,0.241,0.000,0.000,0.000,0.000,0.000,0.742,0.000,0.000,0.000,1.146,0.000,0.000,0.000,18.757,80.571,0.000,2.810,0.000,0.000,5.292,0.000,1.695,0.000,0.000,0.000,6.943,66.937,0.529,7.876,0.087,5.479,11.795,0.000,14.749,0.000,0.000,0.000,94.851,0.000,27.644,49.585,12.815,0.000,0.000,0.000,0.028,0.145,0.000,166.930,0.000,0.000,0.000,1.851,-0.4362,-0.1989,0.1885,0.0000,1,-0.10506,0.4774,0.2017,0.6778,0.0000,1,-0.06427,-0.5224,-0.4561,0.8059,0.4381,0,0.05874,-0.0639,0.0001,0.1376,0.1633,1,-0.07747,-0.4969,-0.0000,0.0508,0.3151,1,-0.03216,0.3586,0.4849,0.2402,0.2995,0,0.09341
2150.0,0,53.445,0.000,56.676,134.776,0.000,0.000,0.000,115.137,0.000,39.740,0.027,0.000,0.000,16.763,0.000,0.000,0.000,68.786,12.865,9.055,0.000,0.000,0.000,136.995,0.000,0.044,0.000,0.000,0.000,0.000,0.000,0.415,0.000,0.000,0.000,1.392,0.000,0.000,0.000,19.835,79.821,0.000,1.882,0.000,0.000,5.094,0.793,2.323,0.000,0.000,0.000,11.030,79.814,0.097,11.651,0.016,1.001,12.317,0.000,14.823,0.000,0.000,0.000,100.519,0.000,24.085,44.128,17.142,0.000,34.017,0.000,0.005,0.027,0.000,148.497,0.000,0.000,0.000,1.166,-0.4333,-0.1838,0.1866,0.0000,1,-0.09488,0.4790,0.1459,0.5818,0.0000,1,-0.07803,-0.5316,-0.4129,0.8076,0.4443,0,0.05517,-0.1079,0.0054,0.1425,0.1731,1,-0.07165,-0.5086,-0.0000,0.0680,0.3209,1,-0.03926,0.3569,0.4275,0.3896,0.3106,1,0.02313
2158.0,0,94.088,0.000,95.310,149.606,0.000,0.000,23.675,104.647,0.000,104.539,0.005,0.000,0.000,3.384,0.000,0.000,0.000,45.805,2.597,31.855,0.000,0.000,0.000,89.625,0.000,0.009,0.000,0.000,0.000,0.000,0.000,3.676,0.000,0.000,0.000,1.705,0.000,0.000,0.000,24.328,84.852,0.000,0.380,0.000,0.000,4.907,2.128,1.748,0.000,0.000,0.000,14.411,86.421,0.020,15.915,0.003,4.350,10.559,0.000,16.871,0.000,0.000,0.000,99.474,0.000,20.206,43.343,17.020,0.000,78.098,0.000,0.001,0.005,0.000,105.457,0.000,0.000,0.000,1.855,-0.4333,-0.1758,0.1860,0.0000,1,-0.09147,0.4780,0.0866,0.4603,0.0000,1,-0.08843,-0.5397,-0.3648,0.8095,0.4487,0,0.05106,-0.1556,0.0184,0.1481,0.1801,1,-0.06098,-0.5193,-0.0000,0.0924,0.3187,1,-0.04685,0.3594,0.3818,0.5373,0.3177,1,-0.01411
2166.5,0,143.314,0.000,103.298,144.000,0.000,18.187,82.048,114.052,0.000,150.264,0.001,0.000,0.000,0.618,0.000,0.000,0.000,23.774,0.475,81.969,0.000,0.000,0.000,59.417,0.000,0.002,0.000,0.000,0.000,0.000,22.896,8.154,0.000,0.000,0.000,1.948,0.000,0.000,0.000,31.154,97.996,0.000,0.069,0.000,0.000,6.834,2.191,1.407,0.000,0.000,0.000,5.847,89.249,0.004,16.402,0.001,16.315,9.452,0.000,23.058,0.000,0.000,0.000,107.013,0.000,17.103,44.693,11.333,0.000,99.144,0.000,0.000,0.209,0.000,78.075,0.000,0.000,0.000,1.910,-0.4386,-0.1766,0.1869,0.0000,1,-0.09292,0.4716,0.0307,0.3302,0.0000,1,-0.09229,-0.5468,-0.3162,0.8158,0.4513,1,0.04892,-0.1940,0.0352,0.1527,0.1857,1,-0.04783,-0.5279,-0.0000,0.1270,0.3066,1,-0.05581,0.3650,0.3425,0.6670,0.3213,1,-0.02482
2175.0,0,163.443,0.000,87.403,131.663,0.000,106.988,118.424,138.954,0.000,172.232,0.000,0.000,16.687,0.113,8.187,0.000,0.000,8.022,0.087,107.564,0.000,0.000,0.000,10.855,0.000,0.000,0.000,0.000,0.000,0.000,59.286,10.429,0.000,0.000,0.000,2.308,0.000,0.000,0.000,34.403,104.106,0.000,1.521,0.000,0.000,8.001,3.393,1.365,0.000,0.000,0.000,1.626,88.812,0.001,13.692,0.000,26.010,3.936,1.454,24.999,0.000,0.000,0.000,112.116,0.000,12.255,44.825,4.053,0.000,93.433,0.000,0.000,0.038,0.000,52.206,0.000,0.000,0.000,2.021,-0.4485,-0.1834,0.1896,0.0000,1,-0.09628,0.4596,-0.0144,0.2030,0.0000,1,-0.08562,-0.5529,-0.2623,0.8243,0.4502,1,0.04677,-0.2188,0.0629,0.1562,0.1907,1,-0.02693,-0.5342,-0.0000,0.1745,0.2849,1,-0.06647,0.3726,0.3066,0.7731,0.3212,1,-0.01928
2183.0,0,147.692,0.000,81.928,128.618,0.000,144.233,126.277,166.389,0.000,178.299,0.000,18.187,45.925,0.023,1.653,0.000,0.000,1.620,0.018,139.890,0.000,0.000,0.000,2.191,0.000,0.000,0.000,0.000,29.856,0.000,81.915,11.968,0.000,0.000,0.000,2.173,0.000,0.000,0.000,36.914,113.309,0.000,4.236,0.000,0.000,9.085,7.431,2.288,0.000,0.000,0.000,0.328,89.694,0.000,9.031,0.000,32.485,0.795,3.262,20.383,0.000,0.000,0.000,112.702,0.000,11.065,47.401,0.818,0.000,52.723,0.000,0.000,0.008,0.000,16.930,0.000,0.000,0.000,1.690,-0.4601,-0.1937,0.1929,0.0000,1,-0.09965,0.4404,-0.0433,0.0923,0.0000,1,-0.06748,-0.5581,-0.2038,0.8300,0.4442,1,0.04259,-0.2316,0.1022,0.1618,0.1955,1,0.00107,-0.5379,-0.0000,0.2364,0.2719,1,-0.08109,0.3818,0.2591,0.8564,0.3184,1,-0.00685
2191.5,0,115.879,0.000,45.101,60.734,0.000,163.398,112.634,174.528,0.000,182.440,0.000,111.443,76.580,0.004,0.302,0.000,0.000,0.296,0.003,153.740,0.000,0.000,0.000,0.400,0.000,0.000,0.000,0.000,82.531,0.000,75.575,10.047,0.000,0.000,0.000,2.194,0.000,0.000,0.000,40.446,124.376,0.000,3.763,0.000,0.000,10.205,11.568,1.855,0.000,0.000,0.000,0.060,85.326,0.000,6.512,0.000,31.334,0.145,4.237,11.271,0.000,0.000,0.000,110.011,0.000,3.310,46.613,0.149,0.000,17.195,0.000,0.000,0.001,0.000,3.093,0.000,0.000,0.000,1.560,-0.4720,-0.2047,0.1963,0.0000,1,-0.10229,0.4112,-0.0582,0.0091,0.0000,1,-0.04472,-0.5622,-0.1445,0.8247,0.4310,1,0.03397,-0.2358,0.1486,0.1671,0.2005,1,0.03392,-0.5390,-0.0000,0.2993,0.2714,1,-0.09536,0.3919,0.2035,0.9181,0.3137,1,0.00878
2200.0,0,115.037,0.000,8.239,11.095,0.000,178.639,92.210,164.289,0.000,162.259,0.000,171.684,97.151,0.001,18.586,0.000,0.000,0.054,0.001,156.351,0.000,0.000,0.000,0.073,0.000,0.000,0.000,0.000,131.748,0.000,37.826,8.860,0.000,0.000,0.000,2.167,0.000,0.000,0.000,47.634,137.494,0.000,4.829,0.000,0.000,10.710,8.043,1.397,0.000,0.000,0.000,0.011,59.961,0.000,4.363,0.000,27.302,0.027,10.068,3.358,0.000,0.000,0.000,94.990,0.000,0.605,37.967,0.027,0.000,3.141,0.000,0.000,0.000,0.000,0.565,0.000,0.000,0.000,1.798,-0.4839,-0.2149,0.1995,0.0000,1,-0.10351,0.3737,-0.0635,-0.0442,0.0000,1,-0.02459,-0.5650,-0.0703,0.7948,0.4080,1,0.01842,-0.2338,0.1919,0.1703,0.2054,0,0.06501,-0.5386,-0.0000,0.3516,0.2775,1,-0.10573,0.4016,0.1484,0.9583,0.3080,1,0.02341
2208.0,0,136.860,65.776,1.663,2.240,0.000,181.591,34.226,159.335,0.000,100.875,0.000,192.523,101.016,0.000,33.726,0.000,0.000,0.011,0.000,149.025,55.090,0.000,0.000,0.015,0.000,0.000,0.000,0.000,148.074,0.000,10.103,8.139,0.000,0.000,0.000,2.218,0.000,0.000,0.000,53.897,145.943,0.000,3.010,0.000,0.000,7.492,1.827,0.795,0.000,0.000,0.000,0.002,32.188,0.000,4.324,0.000,22.783,0.005,28.485,0.678,0.000,0.000,0.000,76.760,0.000,0.122,23.733,0.006,0.000,2.881,0.000,0.000,0.000,0.000,0.114,0.000,0.000,0.000,3.110,-0.4952,-0.2236,0.2026,0.0000,1,-0.10430,0.3316,-0.0629,-0.0765,0.0000,1,-0.00813,-0.5659,0.0299,0.7333,0.3761,1,0.00478,-0.2267,0.2172,0.1691,0.2085,0,0.08420,-0.5365,-0.0000,0.3866,0.2830,1,-0.11166,0.4098,0.1024,0.9736,0.3022,1,0.03098
2216.5,0,148.949,117.647,0.304,0.409,0.000,168.686,6.252,171.528,0.000,23.988,0.000,206.943,83.791,0.000,43.193,0.000,0.000,0.002,0.000,111.022,99.107,0.000,0.000,0.003,0.000,0.000,0.000,0.000,168.562,0.000,1.846,6.828,0.000,0.000,0.000,2.546,0.000,0.000,0.000,58.617,145.619,0.000,2.039,0.000,0.000,8.647,0.334,0.779,0.000,0.000,0.000,0.000,9.360,0.000,5.876,0.000,4.162,0.001,44.486,0.124,0.000,0.000,0.000,59.072,0.000,0.022,10.030,0.001,0.000,3.559,0.000,0.000,0.000,0.000,0.021,0.000,0.000,0.000,3.936,-0.5054,-0.2301,0.2062,0.0000,1,-0.10510,0.2886,-0.0588,-0.0951,0.0000,1,0.00518,-0.5647,0.1420,0.6550,0.3383,1,0.01070,-0.2133,0.2226,0.1654,0.2109,0,0.08739,-0.5320,-0.0000,0.3974,0.2908,1,-0.11400,0.4162,0.0648,0.9560,0.2967,1,0.02493
2225.0,0,147.556,119.631,26.643,0.075,0.000,82.829,1.142,189.873,0.000,4.382,14.536,207.347,49.327,0.000,65.636,0.000,0.000,0.000,0.000,77.432,132.727,0.000,0.000,0.000,0.000,0.000,0.000,0.000,166.176,0.000,0.337,7.003,0.000,0.000,0.000,2.231,0.000,0.000,0.000,53.597,136.032,0.000,1.881,0.000,0.000,8.194,0.061,0.710,0.000,0.000,0.000,0.000,2.826,0.000,5.017,0.000,0.760,0.000,48.564,0.023,0.000,0.000,0.000,30.999,0.000,0.004,2.377,0.000,0.000,0.650,0.000,0.000,0.000,0.000,0.004,0.000,0.000,0.000,5.126,-0.5140,-0.2352,0.2091,0.0000,1,-0.10624,0.2472,-0.0530,-0.1014,0.0000,1,0.01392,-0.5598,0.2488,0.5720,0.2980,1,0.04159,-0.1927,0.2136,0.1600,0.2157,0,0.07769,-0.5271,-0.0000,0.3910,0.3008,1,-0.11416,0.4217,0.0383,0.9013,0.2916,1,0.00223
2233.0,0,117.337,113.509,86.235,0.015,0.000,16.723,10.231,197.279,0.000,0.885,68.963,204.109,13.288,10.000,80.679,0.000,0.000,0.000,0.000,49.886,150.503,0.000,0.000,13.676,0.000,0.000,0.000,0.000,149.625,0.000,0.068,8.608,0.000,0.000,0.000,1.945,0.000,0.000,0.000,46.106,117.391,0.000,2.659,0.000,0.000,11.620,0.012,0.593,0.000,0.000,0.000,0.000,0.570,0.000,3.707,0.000,0.154,0.000,49.327,0.005,0.000,0.000,0.000,8.514,0.000,0.001,0.480,0.000,0.000,0.131,0.000,0.000,0.000,0.000,0.001,0.000,0.000,0.000,3.520,-0.5203,-0.2400,0.2107,0.0000,1,-0.10811,0.2091,-0.0466,-0.0994,0.0000,1,0.01899,-0.5478,0.3427,0.4912,0.2579,0,0.09235,-0.1672,0.1963,0.1531,0.2244,0,0.05987,-0.5223,-0.0000,0.3692,0.3103,1,-0.11199,0.4272,0.0206,0.8129,0.2871,1,-0.03300
2241.5,0,83.593,125.123,137.837,0.003,0.000,3.055,97.350,197.392,0.000,0.162,117.664,184.666,2.427,7.892,93.428,0.000,0.000,0.000,0.000,20.162,170.266,0.000,0.000,79.076,0.000,10.000,0.000,0.000,128.734,0.000,0.012,13.161,0.000,0.000,0.000,1.456,0.000,0.000,0.000,39.245,99.920,0.000,0.486,0.000,0.000,13.445,0.002,0.725,0.000,0.000,0.000,0.000,0.104,0.000,3.115,0.000,0.028,0.000,38.010,0.001,0.000,0.000,0.000,1.555,0.000,0.000,0.088,0.000,0.000,0.024,0.000,0.000,0.000,0.000,0.000,0.000,0.000,0.000,2.827,-0.5233,-0.2506,0.2097,0.0000,1,-0.11727,0.1749,-0.0402,-0.0925,0.0000,1,0.02147,-0.5247,0.4197,0.4161,0.2199,0,0.15337,-0.1404,0.1749,0.1467,0.2359,1,0.03792,-0.5188,-0.0000,0.3363,0.3150,1,-0.10715,0.4331,0.0091,0.7017,0.2826,1,-0.07202
2250.0,0,83.732,145.776,157.115,0.001,0.000,0.558,154.469,192.734,0.000,0.030,150.889,139.480,0.443,23.087,113.336,0.000,10.382,48.298,0.000,5.914,188.158,0.000,0.000,144.611,7.408,98.980,0.000,0.000,116.601,0.000,0.002,16.009,0.000,0.000,0.000,1.503,0.000,0.000,0.000,37.345,92.393,0.000,1.100,0.000,0.000,9.815,0.000,0.443,0.000,0.000,0.000,0.000,0.019,0.000,5.998,0.000,0.005,0.000,20.942,0.000,0.000,0.000,0.000,0.284,0.000,0.000,0.016,0.000,0.000,0.004,0.000,0.000,0.000,0.000,0.000,0.000,0.000,0.000,2.383,-0.5227,-0.2657,0.2076,0.0000,1,-0.13182,0.1451,-0.0341,-0.0832,0.0000,1,0.02228,-0.4899,0.4758,0.3487,0.1853,0,0.21363,-0.1151,0.1524,0.1389,0.2448,1,0.01675,-0.5172,-0.0000,0.2981,0.3139,1,-0.09977,0.4392,0.0020,0.5819,0.2782,1,-0.10592
2258.0,0,93.364,156.240,147.118,0.000,0.000,0.113,178.240,176.959,0.000,0.006,173.776,36.446,0.090,36.894,133.979,0.000,20.030,99.340,0.000,15.687,201.230,0.000,0.000,186.200,52.060,162.744,0.000,0.000,68.505,0.000,0.000,38.014,0.000,0.000,0.000,1.181,0.000,0.000,0.000,34.954,90.022,0.000,0.971,0.000,0.000,7.552,0.000,0.278,0.000,0.000,0.000,0.000,0.004,0.000,8.793,0.000,0.001,0.000,6.136,0.000,0.000,0.000,0.000,0.057,0.000,0.000,0.003,0.000,0.000,0.001,0.000,0.000,0.000,0.000,0.000,0.000,0.000,0.000,1.598,-0.5197,-0.3010,0.2036,0.0000,1,-0.16020,0.1194,-0.0286,-0.0729,0.0000,1,0.02204,-0.4461,0.5070,0.2895,0.1546,0,0.26286,-0.0928,0.1306,0.1293,0.2486,1,-0.00135,-0.5151,-0.0000,0.2587,0.3108,1,-0.09076,0.4453,-0.0022,0.4667,0.2740,1,-0.12966
2266.5,0,50.020,90.909,137.912,49.741,0.000,0.021,195.834,148.046,0.000,0.001,185.828,6.658,0.016,51.836,134.903,0.000,15.710,136.267,21.422,19.870,195.041,0.000,0.000,203.063,92.672,191.788,0.000,0.000,14.534,0.000,0.000,47.184,0.000,0.000,0.000,1.335,0.000,0.000,0.000,22.952,83.427,0.000,2.080,0.000,0.000,5.539,0.000,0.934,0.000,0.000,0.000,0.000,5.001,0.000,13.233,0.000,10.629,1.341,1.121,0.000,0.000,0.000,0.000,0.010,0.000,0.000,0.001,0.000,0.000,0.000,0.000,8.887,0.000,0.000,0.000,0.000,0.000,0.000,0.292,-0.5130,-0.3512,0.1993,0.0000,1,-0.19677,0.0977,-0.0063,-0.0627,0.0000,1,0.03782,-0.3971,0.5111,0.2288,0.1322,0,0.29781,-0.0770,0.1104,0.1240,0.2473,1,-0.01636,-0.5161,-0.0000,0.2210,0.3110,1,-0.08129,0.4508,0.0148,0.3693,0.2690,1,-0.13690
2275.0,0,9.138,18.839,119.504,108.987,0.000,0.004,191.036,78.169,0.000,23.676,180.018,1.216,0.003,65.716,142.736,0.000,2.870,167.027,63.701,39.541,178.597,0.000,0.000,208.869,113.903,194.432,0.000,0.000,2.655,0.000,0.000,36.672,0.000,0.000,0.000,1.611,0.000,0.000,0.000,15.585,79.549,0.000,1.986,0.000,0.000,7.326,0.000,1.630,0.000,0.000,0.000,0.000,37.625,0.562,12.853,0.000,1.942,7.191,0.205,0.000,0.000,0.000,0.000,0.002,0.000,0.000,0.000,0.000,0.000,0.000,1.241,22.097,0.000,0.000,0.000,0.000,0.000,0.000,0.464,-0.5024,-0.4079,0.1963,0.0000,1,-0.23539,0.0795,0.0515,-0.0532,0.0033,0,0.08655,-0.3467,0.4916,0.1779,0.1241,0,0.30901,-0.0731,0.0923,0.1245,0.2480,1,-0.02800,-0.5189,-0.0000,0.1864,0.3128,1,-0.07182,0.4556,0.0923,0.2908,0.2632,1,-0.11145
2283.0,0,1.845,3.803,33.671,117.388,0.000,0.001,192.763,15.782,0.000,70.490,138.629,0.246,0.001,72.595,137.226,0.000,0.579,173.993,102.794,59.411,161.235,0.000,0.000,200.856,130.099,188.197,0.000,0.000,0.536,0.000,0.000,49.272,0.000,0.000,0.000,1.651,0.000,0.000,0.000,15.215,77.274,0.000,0.401,0.000,0.000,11.001,0.000,1.658,0.000,0.000,0.000,0.000,59.805,0.113,11.493,0.000,0.392,11.664,0.041,0.000,0.000,0.000,0.000,0.000,0.000,0.000,0.000,0.000,0.000,0.000,3.345,20.364,0.000,0.000,0.000,0.000,0.000,0.000,0.094,-0.4894,-0.4621,0.1968,0.0000,1,-0.27175,0.0643,0.1118,-0.0446,0.0123,0,0.13675,-0.2980,0.4554,0.1376,0.1271,0,0.29925,-0.0797,0.0765,0.1285,0.2487,1,-0.03709,-0.5220,-0.0000,0.1555,0.3126,1,-0.06238,0.4596,0.2010,0.2285,0.2576,1,-0.05678
2291.5,0,0.337,0.695,6.151,85.430,0.000,0.000,178.252,2.883,0.000,106.172,46.845,0.045,0.000,75.587,140.096,0.000,0.106,182.515,97.962,69.877,88.427,0.000,0.000,208.466,125.818,128.221,0.000,0.000,0.098,0.000,0.000,25.093,0.000,0.000,0.000,1.468,0.000,0.000,0.000,17.454,76.979,0.000,0.073,0.000,0.000,11.454,0.992,1.266,0.000,0.000,0.000,3.634,74.998,0.021,12.792,0.000,0.072,17.474,0.008,0.000,0.000,0.000,0.000,0.000,0.000,0.000,0.000,0.000,0.000,0.000,0.611,16.831,0.000,0.000,0.000,0.000,0.000,0.000,0.017,-0.4783,-0.5004,0.1967,0.0000,1,-0.29790,0.0519,0.1611,-0.0371,0.0185,0,0.17800,-0.2527,0.4097,0.1062,0.1377,0,0.27501,-0.0983,0.0692,0.1326,0.2488,1,-0.03925,-0.5220,-0.0000,0.1287,0.3107,1,-0.05338,0.4630,0.3113,0.1792,0.2537,1,0.01264
2300.0,0,0.062,0.127,1.124,74.981,0.000,0.000,126.119,0.527,0.000,124.868,8.558,0.008,0.000,74.845,124.327,0.000,0.019,169.204,67.872,68.103,18.173,0.000,0.000,209.856,121.485,23.424,0.000,0.000,0.018,0.000,0.000,30.824,0.000,0.000,0.000,1.890,0.000,0.000,0.000,21.836,80.030,0.000,4.322,0.000,0.000,8.312,0.791,1.224,0.000,0.000,0.000,10.949,77.213,0.004,14.933,0.000,0.013,20.370,0.001,0.000,0.000,0.000,0.000,0.000,0.000,0.000,0.000,0.000,0.000,0.000,0.112,5.021,0.000,0.000,0.000,0.000,0.000,0.000,0.003,-0.4712,-0.5299,0.1985,0.0000,1,-0.31587,0.0417,0.1947,-0.0306,0.0213,0,0.20593,-0.2119,0.3601,0.0820,0.1525,0,0.24290,-0.1271,0.0662,0.1364,0.2471,1,-0.03802,-0.5182,-0.0000,0.1057,0.3091,1,-0.04548,0.4661,0.4088,0.1404,0.2515,0,0.08322
2308.0,0,0.012,0.026,0.227,59.318,0.000,0.000,68.514,0.106,0.000,123.705,1.728,0.002,25.099,70.459,92.903,0.000,0.004,140.469,57.732,60.256,3.669,0.000,0.000,199.684,115.592,4.729,0.000,0.000,0.004,0.000,0.000,17.555,0.000,0.000,0.000,1.517,0.000,0.000,0.000,24.028,76.414,0.000,9.667,0.000,0.000,8.119,0.160,1.210,0.000,0.000,0.000,18.659,83.906,0.001,18.424,0.000,0.003,20.886,0.000,0.000,0.000,0.000,0.000,0.000,0.000,0.000,0.000,0.000,0.000,0.000,0.023,1.014,0.000,0.000,16.292,0.000,0.000,0.000,0.001,-0.4675,-0.5445,0.1990,0.0000,1,-0.32293,0.0456,0.2091,-0.0250,0.0217,0,0.21670,-0.1761,0.3109,0.0632,0.1685,0,0.20801,-0.1610,0.0619,0.1398,0.2442,1,-0.03790,-0.5133,-0.0000,0.0914,0.3094,1,-0.04081,0.4687,0.4897,0.1099,0.2510,0,0.14719
2316.5,0,0.002,0.005,0.041,39.368,0.000,0.000,21.754,0.019,0.000,115.210,0.316,0.000,44.824,66.525,62.534,0.000,0.001,105.826,56.807,68.754,0.670,0.000,0.000,180.867,91.515,0.864,0.000,0.000,0.001,0.000,0.000,12.126,0.000,0.000,0.000,2.246,0.000,0.000,0.000,26.360,78.481,0.000,10.012,0.000,0.000,5.671,0.029,1.197,0.000,0.000,0.000,20.647,80.347,0.000,21.229,0.000,0.000,21.891,0.000,0.000,0.000,0.000,0.000,0.000,0.000,0.000,0.000,0.000,0.000,0.000,0.004,0.185,0.000,0.000,44.413,0.000,0.000,0.000,0.000,-0.4665,-0.5435,0.2042,0.0000,1,-0.32095,0.0624,0.2070,-0.0204,0.0207,0,0.21258,-0.1453,0.2645,0.0488,0.1844,0,0.17368,-0.1952,0.0561,0.1426,0.2392,1,-0.03894,-0.5102,-0.0000,0.0878,0.3135,1,-0.04069,0.4711,0.5548,0.0860,0.2514,0,0.20168
2325.0,0,28.319,0.001,0.008,41.967,0.000,0.000,3.974,0.004,0.000,109.399,0.058,0.000,57.166,58.201,30.209,0.000,0.000,74.955,50.216,71.628,0.122,0.000,0.000,146.820,68.713,0.158,0.000,0.000,0.000,0.000,7.408,8.856,0.000,0.000,0.000,1.970,0.000,0.000,0.000,32.135,88.516,0.000,3.622,0.000,0.000,3.683,0.005,1.547,0.000,0.000,0.000,19.191,81.183,0.000,22.718,0.000,0.000,22.658,0.000,0.000,0.000,0.000,0.000,0.000,0.000,0.000,0.000,0.000,0.000,0.000,0.001,0.034,0.000,0.000,52.896,0.000,0.000,0.000,0.000,-0.4696,-0.5301,0.2083,0.0000,1,-0.31034,0.0860,0.1943,-0.0165,0.0189,0,0.19887,-0.1190,0.2224,0.0376,0.1992,0,0.14186,-0.2267,0.0494,0.1464,0.2312,1,-0.04089,-0.5101,-0.0000,0.0956,0.3194,1,-0.04476,0.4730,0.6061,0.0671,0.2526,0,0.24629
2333.0,0,80.135,0.000,0.002,63.563,0.000,0.000,0.802,0.001,0.000,99.889,0.012,0.000,66.631,44.767,6.099,0.000,0.000,61.393,41.627,86.119,0.025,0.000,0.000,103.510,33.430,0.032,0.000,0.000,0.000,0.000,11.528,8.166,0.000,0.000,0.000,2.091,0.000,0.000,0.000,35.402,100.123,0.000,0.731,0.000,0.000,5.999,0.001,2.168,0.000,0.000,0.000,16.639,83.536,0.000,23.299,0.000,0.000,23.424,0.000,3.232,0.000,0.000,0.000,0.000,0.000,0.000,0.000,0.000,0.000,0.000,0.000,0.007,0.000,0.000,56.879,0.000,0.000,0.000,0.000,-0.4764,-0.5086,0.2112,0.0000,1,-0.29535,0.1121,0.1757,-0.0133,0.0168,0,0.18019,-0.0969,0.1852,0.0514,0.2127,0,0.10377,-0.2540,0.0428,0.1524,0.2242,1,-0.04446,-0.5131,-0.0000,0.1160,0.3285,1,-0.05328,0.4744,0.6456,0.0598,0.2539,0,0.27766
2341.5,0,141.802,0.000,0.000,90.513,0.000,0.000,0.147,7.408,0.000,97.410,0.002,0.000,67.262,34.218,1.114,0.000,0.000,43.655,40.461,118.306,0.005,0.000,0.000,76.765,6.107,0.006,0.000,0.000,0.000,0.000,22.269,6.472,0.000,0.000,0.000,1.977,0.000,0.000,0.000,43.067,129.685,0.000,0.134,0.000,8.017,11.705,0.000,2.746,0.000,5.428,0.000,11.013,87.891,0.000,22.902,0.000,0.000,28.056,0.000,16.860,0.000,0.000,0.000,0.000,0.000,0.000,6.196,0.000,0.000,0.000,0.000,0.001,0.000,0.000,53.334,0.000,0.000,0.000,0.000,-0.4856,-0.4820,0.2127,0.0000,1,-0.27771,0.1377,0.1548,-0.0107,0.0146,0,0.15969,-0.0786,0.1530,0.1193,0.2249,0,0.05296,-0.2671,0.0364,0.1527,0.2231,1,-0.04720,-0.5179,-0.0000,0.1486,0.3363,1,-0.06424,0.4754,0.6752,0.0681,0.2555,0,0.29374
2350.0,0,172.827,24.891,0.000,52.070,0.000,0.000,0.027,98.453,0.000,103.682,0.000,0.000,69.655,27.509,0.204,0.000,0.000,30.445,25.326,133.304,0.001,0.000,0.000,53.862,1.116,0.001,0.000,0.000,0.000,0.000,33.708,7.600,0.000,0.000,0.000,2.158,0.000,0.000,0.000,50.480,145.970,0.000,0.024,0.000,3.304,10.599,0.000,2.242,0.000,5.686,0.000,2.012,90.062,0.000,18.577,0.000,0.000,29.632,0.000,29.093,0.000,0.000,0.000,2.500,0.000,0.000,20.125,0.000,0.000,4.858,0.000,0.000,0.000,0.000,49.654,0.000,0.000,0.000,0.000,-0.4958,-0.4541,0.2139,0.0000,1,-0.25984,0.1610,0.1337,-0.0143,0.0124,0,0.14276,-0.0693,0.1255,0.2247,0.2359,1,0.00550,-0.2635,0.0306,0.1525,0.2247,1,-0.05019,-0.5223,-0.0000,0.1842,0.3372,1,-0.07374,0.4756,0.6966,0.0855,0.2571,0,0.29903
2358.0,0,178.087,103.365,37.015,23.361,0.000,0.000,0.005,167.308,0.000,88.097,0.000,0.000,75.739,20.467,0.041,0.000,0.000,15.541,24.699,136.404,0.000,0.000,0.000,79.133,0.225,23.153,0.000,0.000,0.000,0.000,31.228,6.902,0.000,0.000,0.000,2.422,0.000,0.000,0.000,52.393,157.508,0.000,0.005,0.000,0.667,9.460,0.000,2.623,0.000,6.797,0.000,0.406,85.948,0.000,13.913,0.000,5.933,33.027,0.000,34.260,0.000,0.000,0.000,19.645,0.000,0.000,32.966,0.000,0.000,5.246,0.000,0.000,0.000,0.000,33.560,0.000,0.000,0.000,0.000,-0.5054,-0.4265,0.2155,0.0000,1,-0.24268,0.1802,0.1138,-0.0216,0.0105,0,0.12895,-0.0854,0.1024,0.3394,0.2500,1,-0.02639,-0.2452,0.0255,0.1559,0.2261,1,-0.05436,-0.5255,-0.0000,0.2208,0.3299,1,-0.08137,0.4754,0.7109,0.1085,0.2587,0,0.29618
2366.5,0,169.795,158.376,81.552,6.287,0.000,0.000,0.001,187.591,0.000,65.333,40.004,0.000,73.211,25.714,0.008,0.000,0.000,21.862,48.214,151.586,0.000,0.000,0.000,148.641,0.041,81.306,0.000,0.000,0.000,0.000,12.664,5.513,0.000,0.000,0.000,2.394,0.000,0.000,0.000,48.353,154.779,0.000,0.001,0.000,0.122,9.481,0.000,2.463,0.000,7.393,0.000,0.074,81.254,0.000,8.441,5.680,19.482,33.862,0.000,38.409,0.000,0.000,0.000,43.221,0.000,3.545,43.714,0.000,0.000,0.958,0.000,0.000,0.000,0.000,18.832,0.000,0.000,0.000,0.000,-0.5137,-0.3994,0.2171,0.0000,1,-0.22634,0.1931,0.0957,-0.0260,0.0087,0,0.11497,-0.1217,0.0629,0.4467,0.2713,1,-0.04865,-0.2171,0.0211,0.1618,0.2270,1,-0.05908,-0.5280,-0.0000,0.2557,0.3149,1,-0.08666,0.4748,0.7184,0.1481,0.2602,0,0.27994
2375.0,0,167.329,167.144,98.553,1.148,0.000,0.000,58.173,198.634,0.000,17.178,135.242,0.000,62.851,19.324,0.001,0.000,0.000,41.428,92.228,142.357,0.000,0.000,0.000,186.664,0.008,127.889,0.000,0.000,0.000,0.000,2.314,6.763,0.000,0.000,0.000,1.881,0.000,0.000,0.000,49.868,156.433,0.000,0.000,0.000,0.022,10.278,0.000,3.018,0.000,7.545,0.000,0.014,71.196,0.000,3.442,17.742,26.977,33.353,0.000,40.687,0.000,0.000,0.000,62.882,0.000,17.064,52.470,0.000,0.000,0.175,0.000,0.000,0.000,0.000,21.839,0.000,0.000,0.000,0.000,-0.5206,-0.3752,0.2172,0.0000,1,-0.21164,0.2025,0.0796,-0.0272,0.0072,0,0.10111,-0.1734,-0.0020,0.5447,0.3002,1,-0.06068,-0.1840,0.0173,0.1699,0.2279,1,-0.06441,-0.5302,-0.0000,0.2986,0.3003,1,-0.09302,0.4742,0.7181,0.2162,0.2619,0,0.24499
2383.0,0,162.118,154.734,61.051,0.232,0.000,0.000,99.850,207.838,0.000,3.468,186.540,0.000,35.129,30.179,0.000,0.000,0.000,89.220,112.870,131.557,0.000,0.000,0.000,198.013,0.002,170.019,0.000,0.000,0.000,0.000,0.467,7.794,0.000,0.000,0.000,2.533,0.000,0.000,0.000,55.140,156.626,0.000,0.000,0.000,0.004,9.955,0.000,3.008,0.000,4.398,0.000,0.003,53.577,0.000,0.695,23.735,27.461,30.243,0.000,39.785,0.000,0.000,0.000,67.615,0.000,31.839,54.323,0.000,0.000,0.035,0.000,5.701,0.000,0.000,41.961,0.000,0.000,0.000,0.000,-0.5264,-0.3545,0.2183,0.0000,1,-0.19941,0.2192,0.0811,-0.0264,0.0059,0,0.10264,-0.2289,-0.0802,0.6240,0.3306,1,-0.05745,-0.1523,0.0141,0.1789,0.2286,1,-0.06985,-0.5320,-0.0000,0.3406,0.2885,1,-0.09861,0.4734,0.7078,0.3011,0.2634,0,0.19924
2391.5,0,161.989,95.221,11.153,0.042,0.000,0.000,97.804,207.722,0.000,0.634,198.131,0.000,12.115,37.318,0.000,0.000,0.000,134.760,121.605,109.920,0.000,0.000,0.000,207.946,11.200,182.948,0.000,0.000,0.000,0.000,0.085,10.126,0.000,0.000,0.000,2.192,0.000,0.000,0.000,62.090,158.761,0.000,0.000,0.000,0.001,10.520,0.000,2.972,0.000,3.261,0.000,0.000,36.443,0.000,0.127,30.358,25.197,26.896,0.000,40.419,0.000,0.000,0.000,65.067,0.000,40.786,55.672,0.000,0.000,0.006,0.000,17.144,1.121,0.000,83.421,0.000,0.000,0.000,0.000,-0.5315,-0.3382,0.2189,0.0000,1,-0.18988,0.2449,0.1081,-0.0156,0.0048,0,0.12271,-0.2801,-0.1624,0.6851,0.3586,1,-0.04236,-0.1239,0.0114,0.1878,0.2293,1,-0.07515,-0.5338,-0.0000,0.3758,0.2798,1,-0.10258,0.4731,0.6859,0.3919,0.2647,0,0.15020
2400.0,0,149.068,19.627,2.037,0.008,0.000,0.000,58.218,207.254,0.000,0.116,185.257,0.000,2.213,41.891,0.000,0.000,0.000,160.716,104.751,70.200,0.000,0.000,0.000,209.761,5.375,183.290,0.000,0.000,0.000,0.000,0.016,11.455,0.000,0.000,0.000,2.471,0.000,0.000,0.000,64.046,154.677,0.000,0.000,0.000,0.000,13.443,0.000,2.434,0.000,0.596,0.000,0.000,25.173,0.000,0.023,30.027,32.155,20.750,0.000,40.301,0.000,0.000,0.000,59.063,0.000,44.820,54.819,0.000,0.000,0.001,0.000,19.600,3.930,0.000,114.575,0.000,0.000,0.000,0.000,-0.5359,-0.3260,0.2199,0.0000,1,-0.18296,0.2749,0.1481,0.0104,0.0039,0,0.14604,-0.3226,-0.2389,0.7307,0.3826,1,-0.02066,-0.1044,0.0092,0.1950,0.2311,1,-0.07995,-0.5365,-0.0000,0.4032,0.2803,1,-0.10577,0.4731,0.6514,0.4819,0.2655,0,0.10315
2408.0,0,90.490,3.963,0.411,17.410,0.000,0.000,11.754,199.704,0.000,0.023,124.049,0.000,0.447,38.097,0.000,0.000,0.000,171.405,71.831,37.158,0.000,0.000,0.000,200.085,1.085,136.377,0.000,0.000,0.000,0.000,0.003,11.308,0.000,0.000,0.000,1.942,0.000,0.000,0.000,60.689,149.046,0.000,0.000,0.000,0.000,13.964,0.000,2.939,0.000,0.120,0.000,0.000,29.100,0.000,0.005,23.975,31.545,14.516,0.000,37.345,0.000,0.000,0.000,53.858,0.000,43.828,50.523,0.000,0.000,0.000,0.000,15.776,6.875,0.000,129.513,0.000,0.000,0.000,0.000,-0.5395,-0.3166,0.2198,0.0000,1,-0.17773,0.3052,0.1843,0.0515,0.0032,0,0.15635,-0.3559,-0.3027,0.7644,0.4023,1,0.00250,-0.0933,0.0074,0.2018,0.2335,1,-0.08393,-0.5399,-0.0000,0.4237,0.2888,1,-0.10840,0.4734,0.6033,0.5654,0.2658,0,0.06175
2416.5,0,94.440,0.724,0.075,80.903,0.000,0.000,2.147,190.707,0.000,0.004,27.147,0.000,0.082,23.399,0.000,0.000,0.000,173.398,38.312,20.023,0.000,0.000,0.000,208.325,0.198,34.959,0.000,0.000,0.000,0.000,0.001,9.045,0.000,0.000,0.000,2.249,0.000,0.000,0.000,57.898,143.315,0.000,0.000,0.000,0.000,13.875,0.000,3.175,0.000,0.937,0.000,0.000,34.438,0.000,3.730,12.316,35.686,5.774,0.000,33.745,0.000,0.000,0.000,50.852,0.000,41.330,49.040,0.000,0.000,0.000,0.000,4.188,8.154,0.000,160.265,0.000,0.000,0.000,0.000,-0.5422,-0.3086,0.2198,0.0000,1,-0.17347,0.3341,0.2083,0.1003,0.0026,0,0.15052,-0.3814,-0.3475,0.7881,0.4175,1,0.02268,-0.0856,0.0060,0.2084,0.2381,1,-0.08771,-0.5442,-0.0000,0.4399,0.3013,1,-0.11052,0.4739,0.5450,0.6408,0.2663,1,0.02888
2425.0,0,86.135,0.132,0.014,118.879,0.000,0.000,0.392,177.571,0.000,38.590,4.959,0.000,0.015,6.506,0.000,0.000,0.000,157.279,6.999,28.934,0.000,0.000,0.000,198.314,0.036,6.386,0.000,0.000,0.000,0.000,0.000,7.775,0.000,0.000,0.000,2.104,0.000,0.000,0.000,53.008,140.328,0.000,0.000,0.000,0.000,12.148,0.000,2.679,0.000,0.171,0.000,0.000,28.367,0.000,5.982,2.529,35.073,1.459,0.000,26.339,0.000,0.000,0.000,47.742,0.000,31.685,48.578,0.000,0.000,0.000,0.000,0.765,5.308,0.000,171.333,0.000,0.000,0.000,0.000,-0.5441,-0.3012,0.2196,0.0000,1,-0.16953,0.3603,0.2152,0.1432,0.0021,0,0.13303,-0.4008,-0.3667,0.8026,0.4279,1,0.03599,-0.0830,0.0048,0.2136,0.2424,1,-0.09112,-0.5488,-0.0000,0.4515,0.3150,1,-0.11204,0.4746,0.4817,0.7098,0.2694,1,0.00617
2433.0,0,51.645,0.027,0.003,117.901,0.000,0.000,0.079,169.694,0.000,89.193,1.001,0.000,0.003,1.314,0.000,0.000,0.000,130.996,1.413,41.464,0.000,0.000,0.000,184.517,0.007,1.289,0.000,0.000,0.000,0.000,0.000,7.594,0.000,0.000,0.000,1.849,0.000,0.000,0.000,46.984,131.049,0.000,0.000,0.000,0.000,11.430,0.000,2.340,0.000,0.035,0.000,0.000,35.939,0.000,7.193,0.511,31.190,0.294,0.000,16.907,0.000,0.000,0.000,45.357,0.000,16.533,43.935,0.000,0.000,0.000,0.000,0.154,1.456,0.000,173.854,0.000,0.000,0.000,0.000,-0.5450,-0.2944,0.2184,0.0000,1,-0.16585,0.3831,0.2082,0.1704,0.0016,0,0.11256,-0.4152,-0.3622,0.8052,0.4327,1,0.03947,-0.0845,0.0038,0.2170,0.2451,1,-0.09369,-0.5529,-0.0000,0.4575,0.3284,1,-0.11296,0.4756,0.4104,0.7664,0.2730,1,-0.00769
2441.5,0,9.435,0.005,0.001,118.838,0.000,0.000,0.014,126.196,0.000,145.023,0.183,0.000,0.001,0.240,6.703,0.000,0.000,106.560,0.258,66.902,0.000,0.000,0.000,163.704,0.001,0.236,0.000,0.000,0.000,0.000,0.000,8.948,0.000,0.000,0.000,1.682,0.000,0.000,0.000,40.425,126.494,0.000,0.000,0.000,0.000,10.918,0.000,2.125,0.000,0.006,0.000,0.000,36.752,0.000,8.489,0.093,22.063,0.054,0.000,9.471,0.000,0.000,0.000,48.128,0.000,7.479,43.430,0.000,0.000,0.000,0.000,0.028,0.266,0.000,171.586,0.000,0.000,0.000,0.000,-0.5451,-0.2891,0.2163,0.0000,1,-0.16289,0.4025,0.1924,0.1791,0.0013,0,0.09466,-0.4262,-0.3406,0.7926,0.4305,1,0.03196,-0.0888,0.0030,0.2185,0.2463,1,-0.09546,-0.5557,-0.0000,0.4537,0.3398,1,-0.11308,0.4765,0.3315,0.8048,0.2752,1,-0.01548
2450.0,0,1.724,0.001,0.000,110.321,0.000,0.000,0.003,46.442,0.000,168.626,0.033,0.000,18.793,0.044,30.031,0.000,0.000,80.622,0.047,87.272,0.000,0.000,0.000,128.002,0.000,0.043,0.000,0.000,0.000,0.000,16.065,9.740,0.000,0.000,0.000,1.596,0.000,0.000,0.000,34.713,119.075,0.000,0.000,0.000,0.000,11.204,0.000,2.210,0.000,0.001,0.000,0.000,42.200,0.000,9.194,0.017,15.080,1.491,0.000,4.089,0.000,0.000,0.000,48.273,0.000,4.104,43.579,0.000,0.000,0.000,0.000,0.005,0.049,0.000,165.929,0.000,0.000,0.000,0.000,-0.5437,-0.2854,0.2135,0.0000,1,-0.16098,0.4187,0.1721,0.1743,0.0010,0,0.07997,-0.4373,-0.3092,0.7586,0.4230,1,0.01388,-0.0947,0.0024,0.2191,0.2465,1,-0.09654,-0.5568,-0.0000,0.4407,0.3469,1,-0.11244,0.4775,0.2506,0.8194,0.2746,1,-0.02172
2458.0,0,0.348,0.000,6.703,106.141,0.000,7.408,0.001,9.377,0.000,170.997,0.007,0.000,46.636,0.009,41.686,0.000,0.000,56.637,0.010,111.487,0.000,0.000,0.000,104.223,0.000,0.009,0.000,0.000,0.000,0.000,38.866,8.820,0.000,0.000,0.000,1.199,0.000,0.000,0.000,30.861,107.434,0.000,0.000,0.000,0.000,12.537,0.000,2.461,0.000,2.678,0.000,0.000,43.094,0.000,14.373,0.003,14.343,2.378,0.000,2.421,0.000,0.000,0.000,44.491,0.000,4.072,47.160,0.000,0.000,0.000,0.000,0.001,0.010,0.000,155.781,0.000,0.000,0.000,0.000,-0.5405,-0.2823,0.2087,0.0000,1,-0.15942,0.4318,0.1505,0.1615,0.0008,0,0.06797,-0.4491,-0.2734,0.7037,0.4129,1,-0.01005,-0.0934,0.0019,0.2198,0.2484,1,-0.09785,-0.5560,-0.0000,0.4231,0.3464,1,-0.11105,0.4783,0.1727,0.8146,0.2716,1,-0.02942
2466.5,0,0.064,0.000,69.848,82.902,0.000,31.094,0.000,1.713,0.000,161.016,0.001,0.000,74.597,0.002,51.409,0.000,0.000,42.082,0.002,128.011,0.000,0.000,0.000,87.204,0.000,0.002,0.000,0.000,0.000,0.000,45.475,6.429,0.000,0.000,0.000,1.762,0.000,0.000,0.000,31.360,109.647,0.000,0.613,0.000,0.000,12.594,0.000,2.576,0.000,4.723,0.000,0.000,44.259,0.000,18.856,0.001,17.141,5.979,0.000,2.239,0.000,0.000,0.000,32.616,0.000,1.270,45.263,0.000,0.000,0.000,0.000,0.000,0.002,0.000,155.446,0.000,0.000,0.000,0.000,-0.5368,-0.2783,0.2054,0.0000,1,-0.15694,0.4424,0.1292,0.1447,0.0007,0,0.05811,-0.4576,-0.2369,0.6348,0.3999,1,-0.03358,-0.0847,0.0015,0.2207,0.2511,1,-0.09925,-0.5534,-0.0000,0.4041,0.3350,1,-0.10857,0.4790,0.1003,0.7989,0.2673,1,-0.03882
2475.0,0,4.977,0.000,115.350,23.309,0.000,55.157,0.000,0.313,0.000,142.120,0.000,0.000,94.026,0.000,57.664,0.000,0.000,36.828,0.000,143.783,6.703,0.000,0.000,63.294,0.000,0.000,0.000,0.000,8.187,0.000,27.255,4.397,0.000,0.000,0.000,1.442,0.000,0.000,0.000,35.190,121.748,0.000,0.861,0.000,0.000,15.016,0.000,2.585,0.000,5.387,0.000,0.000,37.013,0.000,21.227,0.000,19.034,8.217,0.000,4.037,0.000,0.000,0.000,29.895,0.000,0.551,44.708,0.000,0.000,0.000,0.000,0.000,0.000,0.000,145.014,0.000,0.000,0.000,0.000,-0.5340,-0.2721,0.2019,0.0000,1,-0.15160,0.4505,0.1094,0.1266,0.0005,0,0.05000,-0.4639,-0.2022,0.5684,0.3847,1,-0.04955,-0.0712,0.0012,0.2217,0.2544,1,-0.10085,-0.5491,-0.0000,0.3846,0.3131,1,-0.10465,0.4787,0.0287,0.7707,0.2618,1,-0.05203
2483.0,0,8.413,0.000,144.504,4.706,0.000,50.975,57.733,0.063,0.000,88.886,0.000,21.474,102.851,0.000,65.483,0.000,0.000,28.763,0.000,135.653,29.384,0.000,0.000,38.818,0.000,0.000,0.000,0.000,25.699,0.000,5.503,4.193,0.000,0.000,0.000,1.346,0.000,0.000,0.000,37.830,129.637,0.000,1.682,0.000,0.000,14.944,0.000,2.295,0.000,4.945,0.000,0.000,33.002,0.000,21.207,0.000,18.543,13.297,0.000,4.118,0.000,0.000,0.000,19.991,0.000,0.111,44.378,0.000,0.000,0.000,0.000,0.000,0.000,0.000,133.070,0.000,0.000,0.000,1.011,-0.5327,-0.2647,0.1981,0.0000,1,-0.14392,0.4565,0.0916,0.1087,0.0004,1,0.04305,-0.4658,-0.1703,0.5088,0.3691,1,-0.05767,-0.0554,0.0009,0.2220,0.2568,1,-0.10210,-0.5427,-0.0000,0.3650,0.2840,1,-0.09917,0.4773,-0.0416,0.7342,0.2560,1,-0.06829
2491.5,0,38.469,17.408,155.014,0.860,0.000,20.360,130.712,0.012,0.000,25.475,0.000,31.387,92.422,0.000,85.639,0.000,0.000,18.489,0.000,128.093,69.724,0.000,0.000,28.135,0.000,0.000,0.000,0.000,51.919,0.000,1.005,2.689,0.000,0.000,0.000,1.789,0.000,0.000,0.000,40.163,135.751,0.000,4.726,0.000,0.000,11.456,0.000,2.469,0.000,2.106,0.000,0.000,34.389,0.000,21.900,0.000,19.947,18.467,0.000,2.963,0.000,0.000,0.000,17.072,0.000,0.020,43.651,0.000,0.000,0.000,0.000,0.000,0.000,0.000,133.722,0.000,0.000,0.000,1.196,-0.5327,-0.2547,0.1961,0.0000,1,-0.13287,0.4608,0.0760,0.0921,0.0003,1,0.03713,-0.4603,-0.1421,0.4528,0.3545,1,-0.05955,-0.0441,0.0007,0.2224,0.2574,1,-0.10286,-0.5351,-0.0000,0.3443,0.2514,1,-0.09192,0.4737,-0.1048,0.6894,0.2504,1,-0.08848
2500.0,0,101.804,105.040,158.953,0.157,0.000,3.720,177.955,0.002,0.000,4.654,0.000,9.063,69.961,0.000,94.546,0.000,0.000,15.779,0.000,112.299,107.672,0.000,0.000,45.545,0.000,0.000,0.000,0.000,56.708,0.000,0.184,2.156,0.000,0.000,0.000,1.565,0.000,0.000,0.000,44.634,145.682,0.000,5.704,0.000,0.000,9.731,0.000,2.179,0.000,0.385,0.000,0.000,31.838,0.000,19.049,0.000,29.064,19.049,0.000,0.541,0.000,0.000,0.000,15.391,0.000,0.004,33.274,0.000,0.000,0.000,0.000,0.000,0.000,0.000,135.935,0.000,0.000,0.000,0.773,-0.5337,-0.2426,0.1943,0.0000,1,-0.11906,0.4639,0.0626,0.0772,0.0003,1,0.03226,-0.4478,-0.1175,0.3802,0.3414,1,-0.05722,-0.0412,0.0006,0.2220,0.2561,1,-0.10301,-0.5272,-0.0000,0.3179,0.2183,1,-0.08207,0.4670,-0.1601,0.6401,0.2449,1,-0.11190
2508.0,0,120.861,139.798,144.335,0.032,0.000,0.751,187.656,50.982,0.000,0.940,38.126,1.830,44.951,0.000,102.956,0.000,0.000,19.925,0.000,106.540,120.099,0.000,0.000,82.302,0.000,14.253,0.000,0.000,46.339,0.000,0.037,1.919,0.000,0.000,0.000,1.875,0.000,0.000,0.000,46.011,149.448,0.000,5.285,0.000,0.000,9.498,0.000,2.221,0.000,0.078,0.000,0.000,36.257,0.000,19.699,0.000,40.696,18.861,0.000,0.109,0.000,0.000,0.000,9.127,0.000,0.001,18.975,0.000,0.000,0.000,0.000,0.000,0.000,0.000,135.970,0.000,0.000,0.000,1.763,-0.5352,-0.2293,0.1939,0.0000,1,-0.10436,0.4662,0.0512,0.0640,0.0002,1,0.02810,-0.4289,-0.0965,0.2908,0.3298,1,-0.04829,-0.0449,0.0005,0.2214,0.2536,1,-0.10264,-0.5209,-0.0000,0.2907,0.1867,1,-0.07068,0.4559,-0.2048,0.5905,0.2382,1,-0.13688
2516.5,0,112.712,130.619,137.129,0.006,0.000,0.137,201.989,132.370,0.000,0.172,125.435,0.334,16.425,0.000,104.695,0.000,0.000,41.671,0.000,84.565,120.941,0.000,0.000,146.645,8.187,86.162,0.000,0.000,34.020,0.000,0.007,2.700,0.000,0.000,0.000,1.958,0.000,0.000,0.000,42.004,148.562,0.000,5.111,0.000,0.000,7.228,0.000,2.330,0.000,0.014,0.000,0.000,38.614,0.000,20.036,0.000,41.961,16.461,0.000,0.020,0.000,0.000,0.000,1.667,0.000,0.000,6.401,0.000,0.000,0.000,0.000,0.000,0.000,0.000,127.979,0.000,0.000,0.000,0.935,-0.5366,-0.2179,0.1945,0.0000,1,-0.09133,0.4675,0.0417,0.0527,0.0002,1,0.02477,-0.4004,-0.0788,0.1955,0.3194,1,-0.03204,-0.0528,0.0004,0.2209,0.2495,1,-0.10183,-0.5160,-0.0000,0.2597,0.1576,1,-0.05717,0.4412,-0.2306,0.5332,0.2314,1,-0.16397
2525.0,0,77.731,53.882,121.320,0.001,0.000,0.025,201.166,163.674,0.000,0.031,168.248,0.061,3.001,20.382,107.738,0.000,0.000,85.685,0.000,40.696,112.046,0.000,0.000,185.949,65.010,144.469,0.000,0.000,8.446,0.000,0.001,5.512,0.000,0.000,0.000,1.740,0.000,0.000,0.000,32.852,137.718,0.000,5.882,0.000,0.000,4.954,0.000,2.164,0.000,0.003,0.000,0.000,40.913,0.000,19.387,0.000,10.287,14.812,0.000,0.004,0.000,0.000,0.000,0.305,0.000,0.000,1.835,0.000,0.000,0.000,0.000,0.000,2.422,0.000,114.887,0.000,0.000,0.000,0.582,-0.5365,-0.2122,0.1949,0.0000,1,-0.08254,0.4678,0.0338,0.0605,0.0001,1,0.01371,-0.3636,-0.0640,0.1177,0.3098,1,-0.01395,-0.0629,0.0003,0.2201,0.2429,1,-0.10033,-0.5128,-0.0000,0.2270,0.1317,1,-0.04222,0.4289,-0.2360,0.4731,0.2265,1,-0.18762
2533.0,0,53.548,10.879,105.885,0.000,0.000,0.005,195.972,163.983,0.000,0.006,164.534,0.012,0.606,38.007,113.339,0.000,0.000,132.925,0.000,10.448,106.489,0.000,0.000,201.212,102.170,162.362,0.000,0.000,1.705,0.000,0.000,7.502,0.000,0.000,0.000,1.321,0.000,0.000,0.000,28.519,114.862,0.000,4.404,0.000,0.000,5.210,0.000,1.806,0.000,0.001,0.000,0.000,37.610,0.000,23.149,0.000,2.077,14.392,0.000,0.001,0.000,0.000,0.000,0.062,0.000,0.000,0.370,0.000,0.000,0.000,0.000,0.000,6.143,0.000,108.352,0.000,0.000,0.000,0.731,-0.5336,-0.2116,0.1938,0.0000,1,-0.07833,0.4675,0.0272,0.0902,0.0001,1,-0.00609,-0.3226,-0.0517,0.0630,0.3011,1,0.00005,-0.0734,0.0002,0.2181,0.2353,1,-0.09833,-0.5106,-0.0000,0.2042,0.1221,1,-0.03272,0.4214,-0.2210,0.4161,0.2236,1,-0.20344
2541.5,0,24.579,1.987,80.390,0.000,0.000,0.001,194.460,125.152,0.000,0.001,107.791,0.002,0.111,59.239,113.789,0.000,0.000,159.147,10.000,1.909,53.279,0.000,0.000,200.343,124.758,155.263,0.000,0.000,0.312,0.000,0.000,8.288,0.000,0.000,0.000,1.423,0.000,0.000,0.000,25.925,93.582,0.000,2.907,0.000,0.000,4.092,0.000,1.699,0.000,0.000,0.000,0.000,42.765,0.000,23.497,0.000,0.379,13.973,0.000,0.000,0.000,0.000,0.000,0.011,0.000,0.000,0.068,0.000,0.000,0.000,0.000,0.000,13.336,0.000,119.862,0.000,0.000,0.000,0.747,-0.5277,-0.2145,0.1921,0.0000,1,-0.07983,0.4674,0.0219,0.1453,0.0001,1,-0.03471,-0.2806,-0.0417,0.0272,0.2934,1,0.00819,-0.0836,0.0002,0.2152,0.2265,1,-0.09567,-0.5091,-0.0000,0.1926,0.1328,1,-0.03108,0.4168,-0.1640,0.3665,0.2236,1,-0.20357
2550.0,0,21.002,0.363,74.060,44.449,0.000,0.000,189.432,65.045,0.000,0.000,24.177,0.000,0.020,73.724,110.002,0.000,0.000,167.040,54.440,0.349,9.733,0.000,0.000,208.372,137.818,70.807,0.000,0.000,0.057,0.000,0.000,7.369,0.000,0.000,0.000,1.589,0.000,0.000,0.000,21.892,90.712,0.000,5.959,0.000,0.000,5.417,0.000,1.541,0.000,0.000,0.000,2.868,58.500,0.000,23.390,0.000,0.069,14.418,0.000,0.000,0.000,0.000,0.000,0.002,0.000,0.000,0.012,0.000,0.000,0.000,0.000,0.000,14.672,0.000,136.199,0.000,0.000,0.000,1.708,-0.5176,-0.2186,0.1909,0.0000,1,-0.08454,0.4679,0.0175,0.2118,0.0001,1,-0.06414,-0.2403,-0.0334,0.0050,0.2868,1,0.01131,-0.1001,0.0001,0.2115,0.2187,1,-0.09258,-0.5094,-0.0000,0.1903,0.1600,1,-0.03615,0.4141,-0.0454,0.3370,0.2257,1,-0.17488
2558.0,0,9.206,0.073,26.495,86.310,0.000,0.000,176.293,13.132,0.000,7.408,4.881,0.000,0.004,80.818,86.361,0.000,0.000,145.967,94.859,0.070,1.965,0.000,0.000,205.311,136.233,14.296,0.000,0.000,0.011,0.000,0.000,6.128,0.000,0.000,0.000,1.290,0.000,0.000,0.000,20.927,87.793,0.000,9.081,0.000,0.000,7.535,0.000,1.810,0.000,0.000,0.000,12.029,68.256,0.000,23.159,0.000,0.014,14.950,0.000,0.000,0.000,0.000,0.000,0.000,0.000,0.000,0.002,0.000,0.000,0.000,0.000,0.000,7.873,0.000,149.181,0.000,0.000,0.000,1.579,-0.5053,-0.2222,0.1889,0.0000,1,-0.08941,0.4689,0.0140,0.2701,0.0000,1,-0.08670,-0.2031,-0.0267,-0.0081,0.2846,1,0.01051,-0.1313,0.0001,0.2083,0.2137,1,-0.08995,-0.5115,-0.0000,0.2002,0.1943,1,-0.04646,0.4132,0.0945,0.3313,0.2292,1,-0.12531
2566.5,0,1.682,0.013,4.840,147.851,0.000,0.000,141.642,2.399,0.000,57.683,0.892,0.000,0.001,76.727,68.244,0.000,0.000,122.549,114.731,5.501,0.359,0.000,0.000,198.543,134.984,2.612,0.000,0.000,0.002,0.000,0.000,3.825,0.000,0.000,0.000,1.056,0.000,0.000,0.000,17.243,90.796,0.000,8.674,0.000,0.000,11.707,0.000,2.488,0.000,0.000,0.000,22.593,83.679,0.000,25.392,0.000,0.003,17.230,0.000,0.000,0.000,0.000,0.000,0.000,0.000,0.000,0.000,2.250,0.000,0.000,0.000,0.000,1.719,0.000,131.699,0.000,0.000,0.000,1.037,-0.4922,-0.2229,0.1854,0.0000,1,-0.08989,0.4697,0.0030,0.3028,0.0000,1,-0.10430,-0.1699,-0.0213,-0.0152,0.2873,1,0.00710,-0.1738,0.0001,0.2075,0.2171,1,-0.08945,-0.5158,-0.0000,0.2255,0.2288,1,-0.06074,0.4146,0.2282,0.3512,0.2339,1,-0.07102
2575.0,0,0.307,0.002,0.884,164.531,0.000,0.000,86.139,0.438,0.000,110.677,0.163,0.000,0.000,73.041,43.058,0.000,0.000,95.121,110.525,37.589,0.066,0.000,0.000,182.042,118.759,0.477,0.000,0.000,0.000,0.000,0.000,5.753,0.000,0.000,0.000,1.013,0.000,0.000,0.000,17.492,92.484,0.000,5.086,0.000,0.000,13.436,1.306,3.003,0.000,0.000,0.000,31.295,93.860,0.000,23.726,0.000,0.000,17.108,0.000,0.000,0.000,0.000,0.000,0.000,0.000,0.000,1.341,8.947,0.000,0.000,0.000,0.000,0.314,0.000,106.774,0.000,0.000,0.000,1.354,-0.4813,-0.2240,0.1810,0.0000,1,-0.08866,0.4680,-0.0192,0.3083,0.0000,1,-0.12118,-0.1409,-0.0170,-0.0184,0.2919,1,0.00356,-0.2208,0.0077,0.2092,0.2251,1,-0.08543,-0.5207,-0.0000,0.2596,0.2590,1,-0.07513,0.4183,0.3424,0.3945,0.2392,1,-0.02556
2583.0,0,0.062,0.000,0.179,157.876,0.000,0.000,34.382,0.088,0.000,157.351,0.033,0.000,11.902,65.804,17.510,0.000,0.000,71.544,81.083,65.531,0.013,0.000,0.000,141.834,86.371,0.096,0.000,0.000,0.000,0.000,0.000,7.699,0.000,0.000,0.000,1.189,0.000,0.000,0.000,20.946,111.779,0.000,3.247,0.000,0.000,11.518,1.602,2.156,0.000,0.000,0.000,27.692,93.972,0.000,22.645,0.000,0.000,16.905,0.000,0.000,0.000,0.000,0.000,0.000,0.000,0.000,8.997,10.658,0.000,0.000,0.000,0.000,0.063,0.000,83.671,0.000,0.000,0.000,1.962,-0.4740,-0.2267,0.1773,0.0000,1,-0.08729,0.4613,-0.0474,0.2948,0.0000,1,-0.13698,-0.1159,-0.0135,-0.0191,0.2957,1,0.00344,-0.2651,0.0203,0.2103,0.2316,1,-0.07769,-0.5250,-0.0000,0.2911,0.2793,1,-0.08578,0.4237,0.4347,0.4506,0.2447,1,0.00695
2591.5,0,16.077,0.000,0.033,140.102,0.000,0.000,6.281,0.016,0.000,173.959,0.006,0.000,45.119,49.635,10.396,0.000,0.000,40.738,50.422,97.858,0.002,0.000,0.000,103.816,47.412,0.018,0.000,0.000,0.000,0.000,4.966,9.085,0.000,0.000,0.000,1.078,0.000,0.000,0.000,29.264,129.712,0.000,1.342,0.000,0.000,10.650,0.293,2.376,0.000,0.000,0.000,18.026,94.279,0.000,19.476,0.000,0.000,19.997,0.000,0.482,0.000,0.000,0.000,0.000,0.000,0.000,20.626,5.241,0.000,0.000,0.000,0.000,0.012,0.000,65.184,0.000,0.000,0.000,2.564,-0.4743,-0.2310,0.1736,0.0000,1,-0.08737,0.4498,-0.0735,0.2701,0.0000,1,-0.14877,-0.0948,-0.0107,-0.0133,0.2983,1,0.00535,-0.3008,0.0286,0.2115,0.2358,1,-0.07260,-0.5278,-0.0000,0.3106,0.2845,1,-0.09101,0.4299,0.5069,0.5078,0.2500,1,0.02849
2600.0,0,9.469,0.000,46.841,133.382,0.000,0.000,1.147,0.003,0.000,166.733,0.001,0.000,73.119,38.208,11.068,0.000,0.000,32.317,11.677,117.896,0.000,0.000,0.000,67.920,21.880,0.003,0.000,0.000,0.000,0.000,22.320,9.477,0.000,0.000,0.000,1.740,0.000,0.000,0.000,37.694,141.894,0.000,2.451,0.000,0.000,13.249,0.053,2.523,0.000,2.279,0.000,6.505,95.407,0.000,15.137,0.000,0.000,24.231,0.000,1.326,0.000,0.000,0.000,1.676,0.000,2.798,33.231,0.957,0.000,0.000,0.000,0.000,0.002,0.000,32.891,0.000,0.000,0.000,3.639,-0.4799,-0.2360,0.1728,0.0000,1,-0.08871,0.4335,-0.0885,0.2402,0.0000,1,-0.15178,-0.0814,-0.0084,0.0008,0.3049,1,0.00650,-0.3194,0.0321,0.2131,0.2428,1,-0.07148,-0.5290,-0.0000,0.3301,0.2807,1,-0.09478,0.4362,0.5617,0.5644,0.2551,1,0.04136
2608.0,0,15.065,0.000,141.359,117.588,0.000,0.000,15.983,0.001,0.000,161.422,0.000,0.000,92.333,27.534,6.728,0.000,0.000,25.342,2.358,131.976,0.000,0.000,0.000,35.617,4.417,0.001,0.000,0.000,0.000,0.000,22.372,8.208,0.000,0.000,0.000,1.606,0.000,0.000,0.000,44.257,148.125,0.000,1.655,0.000,0.000,14.334,0.011,3.461,0.000,8.506,0.000,2.066,94.355,0.000,12.315,0.000,0.000,26.866,0.000,7.484,0.000,0.000,0.000,10.588,0.000,5.354,41.620,0.193,0.000,0.000,0.000,0.000,0.000,0.000,6.641,0.000,0.000,0.000,5.153,-0.4880,-0.2406,0.1733,0.0000,1,-0.09076,0.4086,-0.0930,0.2090,0.0000,1,-0.14677,-0.0863,-0.0067,0.0525,0.3151,1,-0.00258,-0.3164,0.0324,0.2166,0.2521,1,-0.07372,-0.5306,-0.0000,0.3533,0.2744,1,-0.09839,0.4423,0.6026,0.6147,0.2598,1,0.04885
2616.5,0,26.663,0.000,171.369,40.114,0.000,46.487,106.459,0.000,0.000,151.423,0.000,0.000,100.523,22.964,11.648,0.000,0.000,14.024,0.431,139.137,0.000,0.000,0.000,26.603,10.807,0.000,0.000,0.000,0.000,0.000,13.164,7.534,0.000,0.000,0.000,1.679,0.000,0.000,0.000,44.778,158.523,0.000,2.469,0.000,0.000,15.199,0.250,3.182,0.000,7.065,0.000,0.377,89.079,0.000,11.920,0.000,0.000,29.959,0.000,12.566,0.000,0.000,0.000,35.458,0.000,6.112,46.200,0.035,0.000,0.000,0.000,0.000,0.000,0.000,1.213,0.000,0.000,0.000,6.309,-0.4966,-0.2442,0.1748,0.0000,1,-0.09243,0.3747,-0.0903,0.1788,0.0000,1,-0.13611,-0.1227,-0.0052,0.1342,0.3269,1,-0.01700,-0.2963,0.0326,0.2204,0.2591,1,-0.07579,-0.5333,-0.0000,0.3664,0.2611,1,-0.09908,0.4478,0.6306,0.6481,0.2638,0,0.05391
2625.0,0,33.893,0.000,186.914,7.328,0.000,111.787,162.849,0.000,0.000,118.293,0.000,0.000,104.250,32.475,9.536,0.000,0.000,12.695,14.615,128.449,0.000,0.000,0.000,26.505,54.587,0.000,0.000,0.000,10.000,0.000,2.405,7.728,0.000,0.000,0.000,1.646,0.000,0.000,0.000,48.106,164.514,0.000,5.783,0.000,0.000,15.093,0.046,2.340,0.000,4.799,0.000,0.069,81.765,0.000,10.523,0.000,0.000,31.860,0.000,19.126,0.000,0.000,0.000,53.633,0.000,5.514,50.781,0.006,0.000,0.000,0.000,0.000,0.000,0.000,0.222,0.000,0.000,0.000,4.369,-0.5049,-0.2472,0.1766,0.0000,1,-0.09260,0.3350,-0.0836,0.1510,0.0000,1,-0.12213,-0.1762,-0.0041,0.2438,0.3386,1,-0.03158,-0.2670,0.0312,0.2225,0.2633,1,-0.07801,-0.5367,-0.0000,0.3661,0.2404,1,-0.09639,0.4525,0.6461,0.6542,0.2672,0,0.05865
2633.0,0,81.633,6.703,178.088,1.480,0.000,155.581,189.097,0.000,0.000,60.915,0.000,81.089,98.850,52.828,16.419,0.000,0.000,8.051,49.865,112.267,0.000,0.000,0.000,44.113,110.954,0.000,0.000,0.000,35.204,0.000,0.486,5.814,0.000,0.000,0.000,1.639,0.000,0.000,0.000,53.664,170.268,0.000,4.514,0.000,0.000,14.913,0.009,2.485,0.000,0.969,0.000,0.014,72.067,0.000,10.710,0.000,0.000,31.174,0.000,28.777,0.000,0.000,0.000,57.877,0.000,2.572,53.518,0.001,0.000,0.000,0.000,0.000,0.000,0.000,0.045,0.000,0.000,0.000,3.088,-0.5127,-0.2482,0.1785,0.0000,1,-0.09135,0.2933,-0.0748,0.1261,0.0000,1,-0.10667,-0.2326,-0.0032,0.3742,0.3473,1,-0.03974,-0.2404,0.0286,0.2239,0.2655,1,-0.08054,-0.5403,-0.0000,0.3513,0.2153,1,-0.09005,0.4567,0.6545,0.6326,0.2699,0,0.06574
2641.5,0,98.568,65.164,131.199,0.270,0.000,167.989,201.824,10.000,0.000,11.128,0.000,151.499,74.517,70.687,26.256,0.000,0.000,6.959,88.037,75.417,19.817,0.000,0.000,41.650,138.388,8.187,0.000,0.000,83.080,0.000,0.089,4.490,0.000,0.000,0.000,2.013,0.000,0.000,0.000,50.247,168.651,0.000,6.831,0.000,0.000,16.572,0.002,2.613,0.000,0.177,0.000,0.003,63.422,0.000,9.151,0.000,0.000,28.856,1.013,28.768,0.000,0.000,0.000,43.141,0.000,0.470,53.567,0.000,0.000,0.000,0.000,0.000,0.000,0.000,0.008,0.000,0.000,0.000,1.803,-0.5196,-0.2468,0.1815,0.0000,1,-0.08825,0.2525,-0.0653,0.1045,0.0000,1,-0.09111,-0.2819,0.0034,0.5029,0.3509,1,-0.03549,-0.2194,0.0255,0.2251,0.2667,1,-0.08334,-0.5425,-0.0000,0.3277,0.1885,1,-0.08092,0.4601,0.6643,0.5884,0.2716,0,0.07883
2650.0,0,136.468,135.991,34.272,0.049,0.000,162.539,197.443,73.660,0.000,2.033,29.384,191.495,52.178,84.860,41.206,0.000,0.000,6.237,90.770,38.812,86.001,0.000,0.000,105.425,157.215,52.293,0.000,0.000,129.870,0.000,0.016,2.963,0.000,0.000,0.000,2.508,0.000,0.000,0.000,53.985,164.328,0.000,6.919,0.000,0.000,18.614,0.000,2.465,0.000,0.032,0.000,0.000,60.661,0.000,10.413,0.000,0.000,23.455,9.039,27.150,0.000,0.000,0.000,9.678,0.000,0.086,39.349,1.584,0.000,0.000,0.000,0.000,0.000,0.000,11.189,0.000,0.000,0.000,1.581,-0.5255,-0.2417,0.1862,0.0000,1,-0.08315,0.2240,-0.0624,0.0859,0.0000,1,-0.08152,-0.3127,0.0349,0.6158,0.3497,1,-0.01964,-0.2033,0.0222,0.2257,0.2676,1,-0.08608,-0.5432,-0.0000,0.3022,0.1622,1,-0.07043,0.4626,0.6791,0.5306,0.2725,0,0.09959
2658.0,0,142.011,142.114,6.919,0.010,0.000,89.405,183.869,138.284,0.000,0.410,119.656,203.385,24.734,97.321,62.787,0.000,0.000,24.229,73.171,14.368,124.416,0.000,0.000,162.708,162.587,105.112,0.000,0.000,150.586,0.000,0.003,3.503,0.000,0.000,0.000,1.965,0.000,0.000,0.000,49.486,156.105,0.000,7.343,0.000,0.000,19.140,0.000,2.193,0.000,0.007,0.000,0.000,48.990,0.000,8.992,0.000,0.000,16.038,13.803,20.053,0.000,0.000,0.000,1.954,0.000,0.017,13.844,2.668,0.000,0.000,0.000,0.000,0.000,0.000,17.722,0.000,0.000,0.000,4.046,-0.5303,-0.2358,0.1902,0.0000,1,-0.07743,0.2069,-0.0661,0.0702,0.0000,1,-0.07822,-0.3218,0.0851,0.7036,0.3446,1,-0.00217,-0.1907,0.0190,0.2253,0.2683,1,-0.08860,-0.5424,-0.0000,0.2718,0.1376,1,-0.05801,0.4643,0.6958,0.4670,0.2727,0,0.12654
2666.5,0,135.014,80.999,1.264,0.002,0.000,16.333,139.781,177.737,0.000,0.075,172.056,199.993,14.518,110.337,81.557,0.000,0.000,76.189,56.097,4.856,152.421,0.000,0.000,198.168,169.269,154.715,0.000,0.000,142.632,0.000,0.001,5.308,0.000,0.000,0.000,2.253,0.000,0.000,0.000,44.513,136.909,0.000,5.151,0.000,0.000,17.234,0.000,2.310,0.000,0.001,0.000,0.000,49.219,0.000,8.734,0.000,0.000,12.988,13.359,16.046,0.000,0.000,0.000,0.357,0.000,0.003,2.529,0.487,0.000,0.000,0.000,0.000,0.000,0.000,33.557,0.000,0.000,0.000,3.664,-0.5337,-0.2319,0.1944,0.0000,1,-0.07423,0.2004,-0.0667,0.0570,0.0000,1,-0.07331,-0.3126,0.1353,0.7650,0.3365,1,0.01029,-0.1808,0.0160,0.2247,0.2686,1,-0.09083,-0.5407,-0.0000,0.2434,0.1223,1,-0.04692,0.4649,0.7119,0.4035,0.2725,0,0.15723
2675.0,0,161.190,14.797,0.231,42.299,0.000,2.984,106.033,188.235,0.000,15.502,168.426,180.453,2.652,106.043,101.950,0.000,0.000,129.810,82.255,23.598,179.902,0.000,0.000,205.249,168.155,165.785,0.000,0.000,105.126,0.000,0.000,7.952,0.000,0.000,0.000,1.855,0.000,0.000,0.000,47.650,133.045,0.000,2.983,0.000,0.000,15.326,0.000,2.257,0.000,0.000,0.000,0.000,55.639,0.000,9.471,0.000,0.000,12.168,11.644,22.426,0.000,0.000,58.592,0.065,0.000,0.001,0.462,0.089,0.000,0.000,0.000,0.000,0.000,0.000,61.726,0.000,0.000,0.000,2.086,-0.5362,-0.2315,0.1973,0.0000,1,-0.07461,0.2026,-0.0636,0.0461,0.0000,1,-0.06612,-0.2909,0.1759,0.8108,0.3268,1,0.01830,-0.1734,0.0134,0.2239,0.2683,1,-0.09254,-0.5389,-0.0000,0.2139,0.1185,1,-0.03713,0.4649,0.7264,0.3686,0.2721,0,0.17894
2683.0,0,159.353,2.987,0.047,103.316,0.000,0.602,54.711,201.673,0.000,43.454,105.707,107.908,0.535,105.277,121.999,0.000,0.000,153.153,121.024,56.828,188.049,0.000,0.000,209.174,162.917,148.908,0.000,0.000,56.535,0.000,20.382,10.563,0.000,0.000,0.000,2.213,0.000,0.000,0.000,48.277,126.095,0.000,1.884,0.000,0.000,15.214,0.000,2.614,0.000,1.365,0.000,0.000,71.168,0.000,11.588,0.000,0.000,14.155,4.381,22.313,0.000,0.000,109.372,0.013,0.000,0.000,0.093,0.018,0.000,0.000,0.000,0.000,0.000,0.000,103.878,0.000,0.000,0.000,1.542,-0.5379,-0.2343,0.2003,0.0000,1,-0.07883,0.2223,-0.0582,0.0372,0.0000,1,-0.05768,-0.2622,0.2028,0.8438,0.3172,1,0.02263,-0.1636,0.0111,0.2237,0.2702,1,-0.09436,-0.5374,-0.0000,0.2011,0.1295,1,-0.03544,0.4649,0.7387,0.3716,0.2716,0,0.18490
2691.5,0,157.090,0.546,0.009,131.752,0.000,0.110,12.720,199.681,0.000,97.516,21.542,24.457,0.098,94.032,128.253,0.000,0.000,156.244,154.043,86.558,193.012,0.000,0.000,205.492,121.793,59.614,0.000,0.000,10.328,0.000,43.962,12.387,0.000,0.000,0.000,3.357,0.000,0.000,0.000,45.080,120.819,0.000,0.755,0.000,0.000,13.204,0.000,2.505,0.000,0.751,0.000,0.000,70.132,0.000,11.656,0.000,0.000,18.950,0.800,11.079,0.000,0.000,138.072,0.002,0.000,0.000,0.017,0.003,0.000,0.000,0.000,0.000,0.000,0.000,139.710,0.000,0.000,0.000,1.853,-0.5389,-0.2394,0.2107,0.0000,1,-0.08864,0.2519,-0.0517,0.0298,0.0000,1,-0.04888,-0.2307,0.2119,0.8609,0.3089,1,0.02306,-0.1552,0.0091,0.2238,0.2708,1,-0.09570,-0.5378,-0.0000,0.2072,0.1558,1,-0.04298,0.4649,0.7487,0.3999,0.2711,0,0.17928
2700.0,0,124.793,0.100,0.002,93.252,0.000,0.020,2.324,204.185,0.000,134.250,3.935,4.468,14.554,68.758,140.635,0.000,0.000,139.984,164.840,115.241,188.590,0.000,0.000,202.609,47.885,10.890,0.000,0.000,1.887,0.000,67.358,11.764,0.000,0.000,0.000,2.599,0.000,0.000,0.000,38.805,106.271,0.000,0.138,0.000,0.000,12.113,2.018,1.593,0.000,0.137,0.000,0.000,60.753,0.000,12.242,0.000,0.000,22.525,0.146,2.351,0.000,0.000,136.473,0.000,0.000,0.000,0.003,0.001,0.000,0.000,0.000,0.000,0.000,0.000,156.629,0.000,0.000,0.000,0.338,-0.5386,-0.2453,0.2193,0.0000,1,-0.10098,0.2847,-0.0449,0.0239,0.0000,1,-0.04038,-0.1993,0.2063,0.8507,0.3025,1,0.01798,-0.1501,0.0200,0.2214,0.2698,1,-0.08762,-0.5392,-0.0000,0.2240,0.1870,1,-0.05415,0.4654,0.7564,0.4405,0.2706,0,0.16783
2708.0,0,96.810,0.020,0.000,36.667,0.000,0.004,0.469,201.005,0.000,144.990,0.795,0.902,36.358,51.003,139.383,0.000,0.000,115.142,156.987,118.221,161.919,0.000,0.000,188.259,12.134,2.199,0.000,0.000,0.381,0.000,60.670,8.358,0.000,0.000,0.000,2.271,0.000,0.000,0.000,36.497,98.362,0.000,2.761,0.000,0.000,14.953,5.416,1.085,0.000,0.028,0.000,0.000,50.106,0.000,12.187,0.000,0.000,24.106,0.030,0.475,0.000,6.187,154.578,0.000,0.000,0.000,0.001,0.000,0.000,0.000,0.000,0.000,0.000,0.000,171.798,0.000,0.000,0.000,0.068,-0.5364,-0.2499,0.2247,0.0000,1,-0.11211,0.3167,-0.0384,0.0191,0.0000,1,-0.03248,-0.1628,0.1914,0.8111,0.2976,1,0.00668,-0.1470,0.0480,0.2156,0.2685,1,-0.06700,-0.5402,-0.0000,0.2371,0.2165,1,-0.06316,0.4663,0.7613,0.4839,0.2699,0,0.15451
2716.5,0,50.072,0.004,0.000,6.699,0.000,0.001,0.086,180.249,0.000,122.110,0.145,0.165,57.455,39.410,129.518,0.000,0.000,84.848,137.163,105.484,115.443,0.000,0.000,162.745,2.217,0.402,0.000,0.000,0.070,0.000,27.801,4.519,0.000,0.000,0.000,1.909,0.000,0.000,0.000,29.962,92.181,0.000,4.431,0.000,0.000,13.799,1.836,1.144,0.000,0.005,0.000,0.000,32.095,0.000,13.766,0.000,0.000,25.748,0.005,0.087,0.000,16.983,142.500,0.000,0.000,0.000,0.000,5.143,0.000,0.000,0.000,0.000,0.000,0.000,169.112,0.000,0.000,0.000,0.012,-0.5315,-0.2504,0.2268,0.0000,1,-0.11942,0.3457,-0.0452,0.0152,0.0000,1,-0.03664,-0.1198,0.1718,0.7483,0.2941,1,-0.00950,-0.1441,0.0722,0.2085,0.2669,1,-0.04853,-0.5400,-0.0000,0.2357,0.2372,1,-0.06658,0.4676,0.7621,0.5245,0.2692,0,0.14114
2725.0,0,9.147,0.001,0.000,1.224,0.000,0.000,0.016,154.216,0.000,65.163,0.027,0.030,61.309,20.434,122.653,0.000,0.000,51.760,108.181,75.729,26.649,0.000,0.000,117.447,0.405,0.073,0.000,0.000,0.013,0.000,5.079,1.586,0.000,0.000,0.000,1.811,0.000,0.000,0.000,20.301,81.468,0.000,8.196,0.000,0.000,11.479,0.335,0.902,0.000,0.001,0.000,0.000,30.505,0.000,16.559,0.000,0.000,24.184,0.001,0.597,0.000,21.783,135.830,0.000,0.000,0.000,0.000,6.767,0.000,0.000,0.000,0.000,0.000,0.000,160.796,0.000,0.000,0.000,1.119,-0.5229,-0.2432,0.2265,0.0000,1,-0.11968,0.3709,-0.0607,0.0120,0.0000,1,-0.04881,-0.0742,0.1505,0.6768,0.2914,1,-0.02735,-0.1411,0.0846,0.1998,0.2645,1,-0.03734,-0.5389,-0.0000,0.2274,0.2496,1,-0.06716,0.4690,0.7557,0.5594,0.2688,0,0.12720
2733.0,0,12.584,0.000,0.000,0.247,0.000,0.000,0.003,89.380,0.000,15.882,0.005,0.006,49.502,17.831,112.696,0.000,0.000,34.574,66.973,56.080,5.380,0.000,0.000,53.528,0.082,0.015,0.000,0.000,0.003,0.000,1.025,0.320,0.000,0.000,0.000,1.897,0.000,0.000,0.000,19.140,77.216,0.000,7.741,0.000,0.000,11.621,0.068,1.096,0.000,0.000,0.000,0.000,32.060,0.000,14.455,0.000,0.000,23.466,0.000,1.122,0.000,16.668,93.360,0.000,0.000,0.000,0.000,2.336,0.000,0.000,0.000,0.000,0.000,0.000,141.637,0.000,0.000,0.000,0.226,-0.5127,-0.2269,0.2250,0.0000,1,-0.11260,0.3917,-0.0742,0.0095,0.0000,1,-0.05944,-0.0315,0.1295,0.6060,0.2893,1,-0.04466,-0.1385,0.0874,0.1917,0.2618,1,-0.03277,-0.5383,-0.0000,0.2169,0.2552,1,-0.06633,0.4701,0.7392,0.5958,0.2683,0,0.10972
2741.5,0,25.299,0.000,0.000,0.045,0.000,0.000,0.001,27.954,0.000,2.901,0.001,0.001,16.262,19.265,106.474,0.000,0.000,6.316,18.380,34.667,0.983,0.000,0.000,9.779,0.015,0.003,0.000,0.000,0.000,0.000,0.187,0.059,0.000,0.000,0.000,1.962,0.000,0.000,0.000,20.317,69.319,0.000,5.154,0.000,0.000,10.281,0.012,1.843,0.000,0.000,0.000,0.000,39.443,0.000,13.962,0.000,0.000,24.562,0.000,1.371,0.000,6.525,35.214,0.000,0.000,0.000,0.000,0.427,0.000,0.000,0.000,0.000,0.000,0.000,97.209,0.000,0.000,0.000,0.452,-0.5033,-0.2049,0.2232,0.0000,1,-0.10104,0.4060,-0.0798,0.0075,0.0000,1,-0.06326,0.0019,0.1098,0.5404,0.2901,1,-0.06007,-0.1370,0.0840,0.1873,0.2585,1,-0.03342,-0.5376,-0.0000,0.2111,0.2556,1,-0.06596,0.4709,0.7124,0.6438,0.2681,0,0.08731
2750.0,0,41.970,0.000,0.000,0.008,0.000,0.000,0.000,5.107,0.000,0.530,0.000,0.000,2.971,7.198,94.250,0.000,0.000,1.154,3.358,27.117,0.180,0.000,0.000,1.786,0.003,0.000,0.000,0.000,0.000,0.000,0.034,0.011,0.000,0.000,0.000,1.479,0.000,0.000,0.000,23.623,72.862,0.000,0.942,0.000,0.000,10.319,0.002,1.870,0.000,0.000,0.000,0.000,43.116,0.000,16.393,0.000,0.000,27.843,0.000,2.301,0.000,1.192,6.433,0.000,0.000,0.000,0.000,0.078,0.000,0.000,0.000,0.000,0.000,0.000,64.913,0.000,0.000,0.000,0.083,-0.4959,-0.1803,0.2197,0.0000,1,-0.08842,0.4113,-0.0788,0.0060,0.0000,1,-0.06140,0.0227,0.0920,0.4843,0.2959,1,-0.07250,-0.1368,0.0771,0.1854,0.2570,1,-0.03744,-0.5375,-0.0000,0.2085,0.2484,1,-0.06499,0.4718,0.6774,0.6997,0.2704,0,0.06423
2758.0,0,76.415,9.048,23.675,17.410,0.000,0.000,0.000,1.031,0.000,0.107,0.000,0.000,0.600,1.453,73.855,0.000,0.000,0.233,0.678,35.501,0.036,0.000,0.000,0.361,0.001,0.000,0.000,0.000,0.000,0.000,0.007,0.002,0.000,0.000,0.000,1.872,0.000,0.000,0.000,28.831,80.781,0.000,0.190,0.000,0.000,7.698,0.000,1.990,0.000,0.000,0.000,0.000,48.156,0.000,17.236,0.000,0.000,30.938,0.000,5.879,0.000,0.241,1.299,0.000,0.000,0.000,5.403,0.016,0.000,0.000,0.000,0.000,0.000,0.000,42.228,0.000,0.000,0.000,0.630,-0.4910,-0.1557,0.2168,0.0000,1,-0.07657,0.4084,-0.0737,0.0047,0.0000,1,-0.05612,0.0338,0.0764,0.4541,0.3048,1,-0.07866,-0.1376,0.0687,0.1854,0.2539,1,-0.04270,-0.5369,-0.0000,0.2040,0.2326,1,-0.06192,0.4726,0.6401,0.7576,0.2767,1,0.04558
2766.5,0,133.381,122.750,103.135,72.690,0.000,0.000,0.000,35.338,0.000,0.020,0.000,0.000,0.110,0.265,68.595,0.000,0.000,0.043,0.124,38.691,0.007,0.000,0.000,0.066,0.000,0.000,0.000,0.000,0.000,0.000,0.001,0.000,0.000,0.000,0.000,2.066,0.000,0.000,0.000,37.610,97.146,0.000,0.035,0.000,0.000,6.614,0.000,1.897,0.000,0.000,0.000,0.000,59.297,0.000,21.881,0.000,0.000,32.530,0.000,17.189,0.000,0.044,0.237,0.000,0.000,0.000,18.690,0.003,0.000,0.000,0.000,0.000,0.512,0.000,26.997,0.000,0.000,0.000,2.372,-0.4904,-0.1324,0.2149,0.0000,1,-0.06316,0.3984,-0.0664,0.0087,0.0000,1,-0.05156,0.0382,0.0630,0.4684,0.3148,1,-0.07707,-0.1394,0.0598,0.1863,0.2490,1,-0.04792,-0.5346,-0.0000,0.1995,0.2108,1,-0.05752,0.4732,0.6074,0.8149,0.2838,1,0.03428
2775.0,0,160.359,185.984,144.966,107.250,0.000,0.000,80.822,114.576,0.000,48.939,64.915,0.000,0.020,0.049,56.682,0.000,0.000,0.008,0.023,43.713,0.001,0.000,0.000,0.012,0.000,0.000,0.000,0.000,0.000,0.000,0.000,2.898,0.000,0.000,0.000,2.070,0.000,0.000,0.000,45.588,115.588,0.000,0.006,0.000,0.000,7.649,0.000,2.304,0.000,0.000,0.000,0.000,69.050,0.000,23.090,0.000,0.000,33.143,0.000,27.991,0.000,0.008,0.043,0.000,0.000,0.000,39.104,0.001,0.000,0.000,0.000,0.000,0.592,0.000,4.932,0.000,0.000,0.000,2.353,-0.4945,-0.1215,0.2137,0.0000,1,-0.05545,0.3778,-0.0583,0.0162,0.0000,1,-0.04795,0.0385,0.0516,0.5200,0.3223,1,-0.06760,-0.1420,0.0512,0.1886,0.2439,1,-0.05324,-0.5291,-0.0000,0.1945,0.1863,1,-0.05229,0.4739,0.5836,0.8660,0.2873,1,0.02991
2783.0,0,156.082,195.856,149.780,108.533,0.000,0.000,145.016,165.879,0.000,105.037,153.953,0.000,0.004,0.010,54.174,0.000,0.000,0.002,0.005,55.569,0.000,0.000,0.000,0.002,0.000,0.000,0.000,0.000,0.000,0.000,0.000,7.986,0.000,0.000,0.000,1.723,0.000,0.000,0.000,43.662,122.833,0.000,0.001,0.000,0.000,9.014,0.000,1.978,0.000,0.000,0.000,0.000,80.794,0.000,23.940,0.000,3.352,32.080,0.000,31.257,0.000,0.002,0.009,22.886,0.000,0.000,50.836,0.000,0.000,0.000,0.000,0.000,0.120,0.000,0.996,0.000,0.000,0.000,0.475,-0.5006,-0.1238,0.2120,0.0000,1,-0.05574,0.3475,-0.0503,0.0209,0.0000,1,-0.04302,0.0083,0.0420,0.5842,0.3258,1,-0.05374,-0.1452,0.0432,0.1908,0.2398,1,-0.05806,-0.5211,-0.0000,0.1848,0.1614,1,-0.04557,0.4743,0.5659,0.9046,0.2870,1,0.02910
2791.5,0,147.778,203.487,135.898,78.709,0.000,0.000,186.055,182.192,0.000,131.937,196.219,0.000,9.049,0.002,40.680,0.000,0.000,21.945,0.001,69.047,0.000,0.000,0.000,50.408,0.000,51.328,0.000,0.000,0.000,0.000,0.000,14.203,0.000,0.000,0.000,1.861,0.000,0.000,0.000,46.932,129.585,0.000,0.000,0.000,0.000,12.896,0.000,1.205,0.000,0.000,0.000,0.000,77.622,0.000,22.584,0.000,5.612,33.200,0.000,32.356,0.000,0.000,0.002,55.147,0.000,5.165,60.688,0.000,0.000,0.000,0.000,0.000,0.022,0.000,0.182,0.000,0.000,0.000,0.087,-0.5071,-0.1360,0.2105,0.0000,1,-0.06281,0.3111,-0.0427,0.0227,0.0000,1,-0.03705,-0.0532,0.0340,0.6474,0.3332,1,-0.03755,-0.1485,0.0361,0.1900,0.2380,1,-0.06169,-0.5105,-0.0000,0.1707,0.1377,1,-0.03805,0.4746,0.5598,0.9230,0.2835,1,0.02954
2800.0,0,129.934,197.430,77.844,27.158,0.000,0.000,192.656,187.508,0.000,126.429,200.915,0.000,13.555,24.435,29.637,0.000,0.000,87.429,6.065,83.587,0.000,0.000,0.000,141.563,42.048,155.699,0.000,0.000,0.000,0.000,20.769,16.534,0.000,0.000,0.000,2.234,0.000,0.000,0.000,46.042,129.007,0.000,0.000,0.000,0.000,13.030,0.000,1.179,0.000,0.000,0.000,0.000,72.640,0.000,22.849,1.400,1.025,33.616,0.000,32.239,0.000,0.000,0.000,66.679,0.000,23.012,64.033,0.000,0.000,0.000,0.000,0.000,0.004,0.000,0.033,0.000,0.000,0.000,0.016,-0.5131,-0.1555,0.2103,0.0000,1,-0.07557,0.2726,-0.0358,0.0224,0.0000,1,-0.03068,-0.1261,0.0201,0.7039,0.3500,1,-0.02087,-0.1513,0.0299,0.1875,0.2377,1,-0.06445,-0.4996,-0.0000,0.1531,0.1283,1,-0.03341,0.4743,0.5619,0.9177,0.2793,1,0.02909
2808.0,0,84.090,130.820,18.182,5.483,0.000,0.000,181.532,190.206,0.000,101.624,208.299,0.000,34.942,57.231,23.918,0.000,0.000,132.812,27.450,71.702,0.000,0.000,0.000,188.625,96.912,183.764,0.000,0.000,0.000,0.000,20.675,19.906,0.000,0.000,0.000,2.102,0.000,0.000,0.000,45.278,120.081,0.000,0.000,0.000,0.000,13.571,0.000,1.117,0.000,0.000,0.000,0.000,68.811,0.000,22.189,4.179,0.207,30.366,0.000,30.155,0.000,0.000,0.000,66.371,0.000,37.035,61.925,0.000,0.000,0.000,0.000,8.940,0.566,0.000,0.007,0.000,0.000,0.000,0.003,-0.5180,-0.1831,0.2104,0.0000,1,-0.09454,0.2348,-0.0048,0.0264,0.0000,1,-0.00473,-0.1971,-0.0057,0.7513,0.3701,1,-0.00513,-0.1534,0.0246,0.1837,0.2383,1,-0.06653,-0.4877,-0.0000,0.1341,0.1446,1,-0.03534,0.4737,0.5774,0.8897,0.2749,1,0.02933
2816.5,0,65.419,23.899,3.322,1.002,0.000,0.000,150.105,155.306,0.000,66.995,202.417,0.000,36.644,74.243,23.392,0.000,0.000,159.146,47.857,61.954,0.000,0.000,0.000,189.719,108.556,159.408,0.000,0.000,0.000,0.000,6.789,37.356,0.000,0.000,0.000,1.944,0.000,0.000,0.000,46.123,111.414,0.000,0.000,0.000,0.000,10.637,0.000,0.547,0.000,0.000,0.000,0.920,66.619,0.000,19.804,7.461,0.038,29.616,0.000,30.188,0.000,0.000,0.000,60.003,0.000,45.050,58.280,0.000,0.000,0.000,0.000,11.746,7.751,0.000,0.001,0.000,0.000,0.000,0.001,-0.5217,-0.2307,0.2103,0.0000,1,-0.12745,0.1993,0.0425,0.0635,0.0000,1,0.01973,-0.2593,-0.0413,0.7903,0.3897,1,0.01006,-0.1574,0.0201,0.1760,0.2385,1,-0.06672,-0.4738,-0.0000,0.1154,0.1755,1,-0.04193,0.4726,0.6018,0.8459,0.2708,1,0.03258
2825.0,0,76.363,4.366,0.607,0.183,0.000,0.000,88.739,116.277,0.000,27.365,157.377,0.000,28.014,85.509,24.720,0.000,0.000,168.406,72.419,51.157,0.000,0.000,0.000,189.427,107.949,51.210,0.000,0.000,0.000,0.000,1.240,24.693,0.000,0.000,0.000,2.249,0.000,0.000,0.000,54.578,112.763,0.000,0.000,0.000,0.000,9.225,0.000,0.563,0.000,0.000,0.000,5.865,64.985,0.000,18.202,8.821,0.007,25.583,0.000,30.872,0.000,0.000,0.000,57.404,0.000,44.792,55.448,0.000,0.000,0.000,0.000,2.594,15.408,0.000,0.000,0.000,0.000,0.000,0.000,-0.5249,-0.2799,0.2109,0.0000,1,-0.16110,0.1674,0.0800,0.1292,0.0000,1,0.02134,-0.3117,-0.0822,0.8224,0.4071,1,0.02508,-0.1690,0.0163,0.1668,0.2379,1,-0.06574,-0.4588,-0.0000,0.0978,0.2105,1,-0.05028,0.4709,0.6299,0.7949,0.2672,1,0.04044
2833.0,0,24.053,0.881,0.123,0.037,0.000,0.000,20.928,71.577,0.000,5.525,43.976,0.000,8.122,77.210,13.491,0.000,0.000,165.475,77.158,28.497,0.000,0.000,0.000,172.218,71.604,10.339,0.000,0.000,0.000,0.000,0.250,18.457,0.000,0.000,0.000,1.589,0.000,0.000,0.000,49.775,105.658,0.000,0.000,0.000,0.000,7.491,0.000,0.577,0.000,0.000,0.000,6.517,64.275,0.000,15.278,2.157,0.001,21.939,0.000,22.579,0.000,0.000,0.000,57.990,0.000,37.648,53.255,0.000,0.000,0.000,0.000,0.524,12.943,0.000,0.000,0.000,0.000,0.000,0.749,-0.5274,-0.3182,0.2100,0.0000,1,-0.18674,0.1392,0.1007,0.2032,0.0000,1,0.00553,-0.3546,-0.1106,0.8457,0.4215,1,0.03796,-0.1846,0.0132,0.1571,0.2358,1,-0.06398,-0.4512,-0.0000,0.0867,0.2433,1,-0.05889,0.4692,0.6560,0.7386,0.2637,0,0.05267
2841.5,0,17.075,0.161,0.022,0.007,0.000,0.000,3.823,20.890,0.000,1.009,8.034,0.000,1.484,67.759,22.926,0.000,0.000,150.342,57.639,7.931,0.000,0.000,0.000,131.471,18.112,1.889,0.000,0.000,0.000,0.000,0.046,14.864,0.000,0.000,0.000,1.833,0.000,0.000,0.000,43.209,106.270,0.000,0.000,0.000,0.000,6.038,0.000,0.757,0.000,0.000,0.000,9.242,64.595,0.416,11.602,0.394,0.000,19.375,0.000,12.044,0.000,0.000,0.000,60.889,0.000,23.120,52.929,0.000,0.000,0.000,0.000,0.096,5.115,0.000,25.403,0.000,0.000,0.000,0.137,-0.5288,-0.3429,0.2089,0.0000,1,-0.20355,0.1358,0.1075,0.2600,0.0000,1,-0.01227,-0.3897,-0.1229,0.8552,0.4326,1,0.04484,-0.2030,0.0106,0.1491,0.2339,1,-0.06247,-0.4522,-0.0000,0.0867,0.2748,1,-0.06801,0.4675,0.6772,0.6796,0.2610,0,0.06830
2850.0,0,39.529,0.029,0.004,0.001,0.000,0.000,0.698,3.816,0.000,0.184,1.468,0.000,0.271,53.169,29.201,0.000,0.000,123.348,13.255,1.449,0.000,0.000,0.000,100.619,3.309,0.345,0.000,0.000,0.000,0.000,0.008,12.017,0.000,0.000,0.000,1.696,0.000,0.000,0.000,38.077,103.433,0.000,0.000,0.000,0.000,7.544,0.000,0.346,0.000,0.000,0.000,8.039,65.268,0.076,9.047,0.072,0.000,20.717,0.000,4.869,0.000,0.000,0.000,69.280,0.000,7.843,55.226,0.000,0.000,0.000,0.000,0.017,0.934,0.000,93.346,0.000,0.000,0.000,0.025,-0.5291,-0.3552,0.2075,0.0000,1,-0.21264,0.1588,0.1053,0.2873,0.0000,1,-0.02415,-0.4187,-0.1234,0.8448,0.4394,1,0.04273,-0.2213,0.0085,0.1394,0.2318,1,-0.05997,-0.4586,-0.0000,0.0929,0.3039,1,-0.07505,0.4662,0.6909,0.6157,0.2586,0,0.08656
2858.0,0,56.958,0.006,0.001,0.000,0.000,9.048,0.141,0.770,0.000,0.037,0.296,0.000,0.055,44.496,49.053,0.000,0.000,102.068,2.676,0.293,0.000,0.000,0.000,74.495,0.668,0.070,0.000,0.000,0.000,0.000,0.002,9.552,0.000,0.000,0.000,1.220,0.000,0.000,0.000,33.244,95.497,0.000,1.365,0.000,0.000,6.431,0.000,0.278,0.000,0.000,0.000,6.578,60.655,0.015,7.869,0.015,0.000,22.297,0.000,1.583,0.000,0.000,0.000,72.779,0.000,1.583,54.739,0.000,0.000,0.000,0.000,0.004,0.189,0.000,131.116,0.000,0.000,0.000,0.005,-0.5280,-0.3581,0.2040,0.0000,1,-0.21480,0.1952,0.0979,0.2892,0.0000,1,-0.03012,-0.4426,-0.1166,0.8105,0.4406,1,0.03091,-0.2372,0.0068,0.1287,0.2285,1,-0.05663,-0.4672,-0.0000,0.1020,0.3304,1,-0.07983,0.4654,0.6963,0.5464,0.2614,0,0.10609
2866.5,0,90.732,0.001,0.000,28.746,0.000,31.627,0.026,38.382,0.000,0.007,0.054,0.000,0.010,32.669,64.066,0.000,0.000,74.196,0.489,0.053,0.000,0.000,0.000,50.518,0.122,0.013,0.000,0.000,0.000,0.000,0.000,7.166,0.000,0.000,0.000,1.515,0.000,0.000,0.000,34.259,93.682,0.000,0.249,0.000,0.000,6.463,0.000,0.846,0.000,0.000,0.000,7.199,63.934,0.003,6.253,0.003,0.000,24.760,0.607,2.729,0.000,0.000,0.000,84.932,0.000,0.289,55.711,0.000,0.000,0.000,0.000,0.001,0.034,0.000,151.850,0.000,0.000,0.000,0.001,-0.5257,-0.3540,0.2008,0.0000,1,-0.21441,0.2359,0.0880,0.2741,0.0000,1,-0.03186,-0.4647,-0.1019,0.7683,0.4363,1,0.01670,-0.2512,0.0055,0.1223,0.2248,1,-0.05450,-0.4757,-0.0000,0.1249,0.3527,1,-0.08535,0.4649,0.6946,0.4756,0.2733,0,0.12489
2875.0,0,99.450,0.000,0.000,45.090,0.000,23.241,0.005,96.341,0.000,8.189,0.010,0.000,0.002,28.953,62.815,0.000,0.000,47.145,0.089,0.010,0.000,0.000,0.000,27.163,0.022,0.002,0.000,0.000,14.493,0.000,0.000,6.769,0.000,0.000,0.000,0.829,0.000,0.000,0.000,28.984,87.954,0.000,0.046,0.000,0.000,5.965,0.551,0.950,0.000,0.000,0.000,9.366,66.009,0.001,4.161,0.000,0.000,26.081,2.844,4.112,0.000,0.000,0.000,92.314,0.000,0.053,59.087,0.000,0.000,0.000,0.000,0.000,0.006,0.000,147.647,0.000,0.000,0.000,0.000,-0.5218,-0.3456,0.1946,0.0000,1,-0.21196,0.2752,0.0771,0.2496,0.0000,1,-0.03079,-0.4845,-0.0761,0.7250,0.4276,1,0.00412,-0.2646,0.0083,0.1193,0.2206,1,-0.05046,-0.4827,-0.0000,0.1646,0.3683,1,-0.09323,0.4648,0.6867,0.4074,0.2869,0,0.14181
2883.0,0,88.458,0.000,10.000,81.079,0.000,10.602,0.001,143.985,0.000,48.140,0.002,0.000,0.000,33.074,69.428,0.000,0.000,36.510,0.018,0.002,0.000,0.000,0.000,12.916,0.005,0.000,0.000,0.000,39.860,0.000,0.000,7.795,0.000,0.000,0.000,1.019,0.000,0.000,0.000,24.860,88.814,0.000,0.009,0.000,0.000,6.960,0.111,0.535,0.000,0.000,0.000,10.396,70.535,0.000,4.201,0.000,0.000,27.743,5.152,2.271,0.000,0.000,0.000,98.639,0.000,0.011,61.708,0.000,0.000,0.000,0.000,0.000,0.001,0.000,146.687,0.000,0.000,0.000,0.000,-0.5159,-0.3359,0.1882,0.0000,1,-0.20881,0.3107,0.0663,0.2210,0.0000,1,-0.02794,-0.5020,-0.0420,0.6767,0.4159,1,-0.00564,-0.2773,0.0104,0.1158,0.2172,1,-0.04674,-0.4866,-0.0000,0.2201,0.3744,1,-0.10247,0.4648,0.6739,0.3444,0.3040,0,0.15519
2891.5,0,79.190,0.000,50.798,136.699,22.522,1.937,0.000,156.657,0.000,94.449,0.000,0.000,0.000,26.122,75.008,0.000,0.000,15.170,0.003,20.245,16.225,0.000,0.000,2.360,0.001,0.000,0.000,0.000,43.542,0.000,0.000,7.460,0.000,0.000,0.000,0.739,0.000,0.000,0.000,22.162,84.985,0.000,0.002,0.000,0.000,6.352,0.519,1.362,0.000,0.000,0.000,12.689,81.235,0.000,3.172,0.000,0.000,26.209,7.174,0.415,0.000,0.000,0.000,102.137,0.000,0.002,58.103,0.000,0.000,0.000,0.000,0.000,0.000,0.000,137.317,0.000,0.000,0.000,0.000,-0.5069,-0.3257,0.1804,0.0000,1,-0.20471,0.3414,0.0562,0.1916,0.0000,1,-0.02405,-0.5169,-0.0035,0.6163,0.4026,1,-0.01137,-0.2898,0.0147,0.1168,0.2139,1,-0.04288,-0.4881,-0.0000,0.2954,0.3698,1,-0.11250,0.4648,0.6615,0.2994,0.3215,0,0.16258
2900.0,0,67.596,57.473,92.700,150.698,94.943,0.354,24.253,160.991,0.000,142.828,0.000,0.000,11.866,22.706,76.240,0.000,0.000,11.493,0.001,75.461,28.764,0.000,0.000,0.431,0.000,0.000,0.000,0.000,42.413,0.000,24.046,9.196,0.000,0.000,0.000,0.929,0.000,0.000,0.000,21.335,84.403,0.000,0.000,0.000,0.000,10.323,0.095,1.488,0.000,0.000,0.000,7.773,85.907,0.000,1.779,0.000,5.456,21.290,6.046,0.076,0.000,0.000,0.000,102.624,0.000,0.000,53.447,0.000,0.000,0.000,0.000,0.000,0.000,0.000,130.304,0.000,0.000,0.000,0.000,-0.4958,-0.3168,0.1734,0.0000,1,-0.20098,0.3671,0.0471,0.1635,0.0000,1,-0.01967,-0.5295,0.0342,0.5419,0.3882,1,-0.01043,-0.2996,0.0171,0.1209,0.2142,1,-0.04208,-0.4880,-0.0000,0.3779,0.3538,1,-0.11945,0.4647,0.6545,0.2704,0.3345,0,0.16785
2908.0,0,103.580,140.561,118.649,149.887,144.053,0.071,92.252,164.067,0.000,168.431,10.000,0.000,35.815,31.813,79.790,0.000,0.000,2.320,0.000,116.903,30.558,0.000,0.000,29.943,10.000,24.568,0.000,0.000,30.468,0.000,51.599,11.524,0.000,0.000,0.000,1.476,0.000,0.000,0.000,25.934,86.981,0.000,0.000,0.000,0.000,12.701,1.122,1.943,0.000,0.000,0.000,2.322,85.937,0.000,1.108,0.000,16.981,16.778,4.580,0.015,0.000,0.000,0.000,94.810,0.000,0.000,45.168,0.000,0.000,0.000,0.000,0.000,0.000,0.000,140.168,0.000,0.000,0.000,0.000,-0.4857,-0.3100,0.1698,0.0000,1,-0.19877,0.3885,0.0391,0.1378,0.0000,1,-0.01517,-0.5396,0.0677,0.4561,0.3732,1,-0.00050,-0.3026,0.0256,0.1280,0.2166,1,-0.03817,-0.4872,-0.0000,0.4575,0.3279,1,-0.12221,0.4644,0.6563,0.2521,0.3371,0,0.17585
2916.5,0,100.315,175.546,104.219,105.551,154.410,0.013,150.087,155.697,41.374,171.223,118.979,0.000,71.133,46.051,87.228,0.000,0.000,11.940,42.343,152.319,53.855,0.000,0.000,121.213,50.511,92.767,0.000,0.000,24.085,0.000,60.772,14.096,0.000,0.000,0.000,1.390,0.000,0.000,0.000,28.893,90.082,0.000,1.200,0.000,0.000,10.866,7.365,1.512,0.000,0.000,0.000,0.424,77.203,0.000,2.115,0.000,22.960,9.379,1.941,0.003,0.000,0.000,0.000,83.051,0.000,0.000,35.200,0.000,0.000,0.000,0.000,0.000,0.000,0.000,145.682,0.000,0.000,0.000,0.000,-0.4789,-0.3109,0.1681,0.0000,1,-0.19918,0.4063,0.0323,0.1149,0.0000,1,-0.01083,-0.5474,0.0921,0.3660,0.3567,1,0.01751,-0.2981,0.0554,0.1349,0.2193,1,-0.01846,-0.4857,-0.0105,0.5245,0.2956,1,-0.12541,0.4640,0.6646,0.2354,0.3262,0,0.18992
2925.0,0,150.465,200.513,67.756,35.424,166.862,0.002,178.394,153.380,86.485,172.813,183.511,0.000,84.996,64.377,94.102,0.000,0.000,61.089,91.387,159.984,70.170,0.000,0.000,174.180,111.817,158.798,0.000,0.000,14.397,0.000,45.851,17.111,0.000,0.000,0.000,1.917,0.000,0.000,0.000,43.851,123.486,0.000,5.613,0.000,0.000,9.508,11.902,1.700,0.000,3.303,0.000,0.078,70.456,0.000,5.718,0.000,42.690,3.817,0.578,0.482,0.000,0.000,0.000,66.630,0.000,0.000,26.480,0.000,0.000,0.000,0.000,0.000,0.000,0.000,165.183,0.000,0.000,0.000,0.000,-0.4804,-0.3181,0.1693,0.0000,1,-0.19816,0.4213,0.0264,0.0950,0.0000,1,-0.00681,-0.5526,0.1046,0.2743,0.3364,1,0.04066,-0.2802,0.0998,0.1421,0.2213,1,0.01193,-0.4831,-0.0317,0.5711,0.2745,1,-0.13014,0.4637,0.6770,0.2164,0.3043,0,0.21052
2933.0,0,166.859,190.498,13.680,7.152,161.707,0.000,177.474,156.260,108.737,136.008,202.319,0.000,86.534,79.720,102.866,0.000,0.000,110.454,146.884,163.004,61.774,0.000,0.000,192.901,147.719,185.856,0.000,0.000,2.907,0.000,18.279,45.501,0.000,0.000,0.000,2.409,0.000,0.000,0.000,55.015,140.510,0.000,8.061,0.000,0.000,9.887,8.203,1.870,0.000,4.757,0.000,0.016,61.971,0.000,4.501,1.889,59.588,1.264,0.117,1.255,0.000,0.000,0.000,43.245,0.000,4.897,22.566,0.000,0.000,0.000,0.000,8.414,0.566,0.000,167.147,0.000,0.000,0.000,0.000,-0.4877,-0.3564,0.1735,0.0000,1,-0.21433,0.4337,0.0436,0.0835,0.0000,1,0.01352,-0.5542,0.0988,0.1861,0.3200,0,0.06063,-0.2524,0.1453,0.1495,0.2230,1,0.04296,-0.4781,-0.0589,0.5906,0.2726,1,-0.13626,0.4628,0.6925,0.1939,0.2754,0,0.23769
2941.5,0,129.147,118.989,2.499,1.307,140.666,0.000,160.400,171.540,116.488,53.897,205.054,0.000,84.341,93.725,90.613,0.000,0.000,155.691,172.046,138.649,22.016,0.000,0.000,207.013,159.143,189.847,0.000,0.000,0.531,0.000,3.339,24.406,0.000,0.000,0.000,2.388,0.000,0.000,0.000,59.165,145.269,0.000,6.167,0.000,0.000,8.610,1.499,1.511,0.000,3.188,0.000,0.003,41.786,0.000,3.906,3.856,56.248,0.231,0.021,1.183,0.000,0.000,0.000,17.138,0.000,10.074,15.974,0.000,0.000,0.000,0.000,25.544,3.368,0.000,151.394,0.000,0.000,0.000,0.000,-0.4970,-0.3948,0.1791,0.0000,1,-0.22914,0.4437,0.0951,0.0906,0.0000,0,0.05528,-0.5494,0.0779,0.1057,0.3074,0,0.07290,-0.2213,0.1730,0.1554,0.2237,0,0.06103,-0.4710,-0.0861,0.5870,0.2817,1,-0.14319,0.4611,0.7080,0.1698,0.2433,0,0.26839
2950.0,0,91.161,21.737,0.457,0.239,100.059,0.000,125.398,156.203,110.495,9.846,203.745,0.000,52.529,100.989,79.183,0.000,0.000,173.655,178.041,96.102,4.022,0.000,0.000,209.590,166.477,134.104,0.000,0.000,0.097,0.000,0.610,27.679,0.000,0.000,0.000,2.466,0.000,0.000,0.000,60.890,143.695,0.000,3.493,0.000,0.000,6.885,0.274,1.025,0.000,0.993,0.000,0.001,26.440,0.000,2.226,5.684,43.326,0.042,0.004,1.382,0.000,0.000,0.000,3.636,0.000,15.168,11.232,0.000,0.000,0.000,0.000,21.244,6.984,0.000,139.157,0.000,0.000,0.000,0.000,-0.5062,-0.4304,0.1853,0.0000,1,-0.24268,0.4515,0.1532,0.1170,0.0000,0,0.09310,-0.5347,0.0473,0.0390,0.2985,0,0.07485,-0.1935,0.1815,0.1579,0.2229,0,0.06589,-0.4600,-0.1049,0.5622,0.2957,1,-0.14958,0.4583,0.7218,0.1460,0.2308,0,0.29466
2958.0,0,90.009,4.389,0.092,0.048,44.324,0.000,83.911,112.501,82.028,1.988,138.395,0.000,17.137,104.257,42.533,0.000,0.000,179.811,193.299,55.400,0.812,0.000,0.000,206.372,146.241,32.032,0.000,0.000,0.020,0.000,0.123,19.272,0.000,0.000,0.000,2.654,0.000,0.000,0.000,68.669,151.214,0.000,0.705,0.000,0.000,6.488,0.055,0.704,0.000,0.201,0.000,0.000,23.854,0.000,3.629,6.963,31.581,0.009,0.001,3.085,0.000,0.000,0.000,0.734,0.000,19.284,8.766,0.000,0.000,0.000,0.000,7.304,6.840,0.000,150.026,0.000,0.000,0.000,0.000,-0.5149,-0.4542,0.1919,0.0000,1,-0.25147,0.4578,0.1978,0.1514,0.0000,0,0.11412,-0.5077,0.0117,-0.0063,0.2928,0,0.06493,-0.1715,0.1765,0.1565,0.2209,0,0.06205,-0.4456,-0.1119,0.5196,0.3095,1,-0.15411,0.4553,0.7333,0.1238,0.2355,0,0.31507
2966.5,0,79.593,0.802,0.017,0.009,30.471,0.000,35.304,59.090,29.109,0.363,30.027,0.000,3.131,104.932,12.801,0.000,0.000,166.980,199.131,22.171,0.148,0.000,0.000,190.396,107.950,5.852,0.000,0.000,0.004,0.000,0.023,14.535,0.000,0.000,0.000,2.968,0.000,0.000,0.000,68.237,152.961,0.000,0.129,0.000,0.000,8.891,0.010,0.762,0.000,0.037,0.000,0.000,38.453,2.197,3.101,1.996,14.742,0.002,0.000,3.451,0.000,0.000,0.000,0.134,0.000,21.062,10.811,0.000,0.000,0.000,0.000,1.334,4.271,0.000,160.357,0.000,0.000,0.000,0.000,-0.5225,-0.4630,0.1990,0.0000,1,-0.25425,0.4630,0.2203,0.1830,0.0000,0,0.11695,-0.4696,-0.0175,-0.0290,0.2894,0,0.05013,-0.1562,0.1636,0.1532,0.2267,0,0.05177,-0.4255,-0.1100,0.4661,0.3169,1,-0.15534,0.4535,0.7417,0.1038,0.2496,0,0.32963
2975.0,0,35.347,0.146,0.003,0.002,92.431,0.000,6.449,27.792,5.318,0.066,5.485,0.000,0.572,93.969,2.339,0.000,0.000,140.327,188.777,4.050,0.027,0.000,0.000,170.932,43.686,1.069,0.000,0.000,0.001,0.000,0.004,12.465,0.000,0.000,0.000,2.712,0.000,0.000,0.000,68.704,149.637,0.000,3.398,0.000,0.000,7.252,0.002,1.132,0.000,0.007,0.000,0.000,62.042,3.966,3.573,0.365,3.703,0.000,0.000,2.963,0.000,0.000,0.000,0.024,0.000,18.466,9.865,0.000,0.000,0.000,0.000,0.244,1.114,0.000,164.907,0.000,0.000,0.000,0.000,-0.5290,-0.4599,0.2054,0.0000,1,-0.24985,0.4673,0.2230,0.1999,0.0000,0,0.11045,-0.4237,-0.0353,-0.0272,0.2873,1,0.03402,-0.1478,0.1466,0.1512,0.2378,1,0.03750,-0.4054,-0.1025,0.4087,0.3160,1,-0.15195,0.4531,0.7454,0.0862,0.2663,0,0.33833
2983.0,0,16.852,0.030,0.001,13.153,143.805,0.000,1.302,5.611,1.074,0.013,1.107,0.000,0.115,75.977,0.472,0.000,0.000,105.617,147.750,0.818,0.005,0.000,0.000,137.572,8.820,0.216,0.000,0.000,0.000,0.000,0.001,11.307,0.000,0.000,0.000,2.865,0.000,0.000,0.000,62.235,146.848,0.000,7.082,0.000,0.000,8.479,0.000,1.467,0.000,0.001,0.000,0.000,79.598,1.798,3.135,0.074,0.748,0.993,0.000,5.285,0.000,0.000,0.000,0.005,0.000,14.281,7.997,0.000,0.000,0.000,0.000,0.049,0.225,0.000,157.975,0.000,0.000,0.000,0.915,-0.5343,-0.4489,0.2114,0.0000,1,-0.23997,0.4708,0.2123,0.2007,0.0000,0,0.10078,-0.3742,-0.0440,0.0059,0.2875,1,0.01394,-0.1447,0.1283,0.1514,0.2486,1,0.02216,-0.3931,-0.0922,0.3645,0.3035,1,-0.14427,0.4534,0.7408,0.0710,0.2789,0,0.34050
2991.5,0,5.310,0.005,0.000,59.510,165.763,0.000,0.238,1.025,51.186,0.002,0.202,0.000,0.021,45.449,0.086,0.000,0.000,75.493,58.858,0.149,0.001,0.000,0.000,87.416,1.611,0.039,0.000,0.000,0.000,0.000,0.000,9.894,0.000,0.000,0.000,2.303,0.000,0.000,0.000,59.786,144.440,0.000,10.621,0.000,0.000,10.758,0.000,1.470,0.000,0.000,0.000,6.943,85.382,0.328,1.942,0.013,0.137,2.421,0.000,5.983,0.000,0.000,0.000,1.677,0.000,10.732,4.749,0.000,0.000,0.000,0.000,0.009,0.041,0.000,136.454,0.000,0.000,0.000,1.532,-0.5384,-0.4332,0.2155,0.0000,1,-0.22623,0.4730,0.1939,0.1899,0.0000,0,0.09023,-0.3286,-0.0464,0.0606,0.2905,1,-0.00769,-0.1552,0.1102,0.1528,0.2555,1,0.00802,-0.3884,-0.0809,0.3282,0.2813,1,-0.13332,0.4540,0.7230,0.0582,0.2859,0,0.33343
3000.0,0,10.018,0.001,0.000,89.799,175.298,0.000,0.043,0.187,110.351,8.188,0.037,0.000,0.004,10.534,0.016,0.000,0.000,56.835,10.752,0.027,0.000,0.000,0.000,58.779,0.294,0.007,0.000,0.000,0.000,0.000,0.000,8.226,0.000,0.000,0.000,2.315,0.000,0.000,0.000,54.587,136.808,0.000,9.097,0.000,0.000,9.100,0.000,1.057,0.000,0.000,0.000,12.348,90.532,0.060,3.080,0.002,0.025,3.843,0.000,6.148,0.000,0.000,0.000,6.876,0.000,6.331,3.722,0.000,0.000,0.000,0.000,0.002,0.008,0.000,108.439,0.000,0.000,0.000,1.952,-0.5415,-0.4146,0.2184,0.0000,1,-0.21069,0.4728,0.1721,0.1728,0.0000,0,0.07968,-0.2939,-0.0451,0.1248,0.2945,1,-0.02723,-0.1751,0.0934,0.1531,0.2581,1,-0.00375,-0.3892,-0.0697,0.2937,0.2533,1,-0.11931,0.4538,0.6889,0.0554,0.2878,0,0.31053
3008.0,0,70.858,0.000,0.000,101.997,185.262,0.000,0.009,0.038,148.445,51.198,0.007,0.000,0.001,2.127,0.003,0.000,0.000,35.438,2.171,0.006,0.000,0.000,0.000,30.815,0.059,0.001,0.000,0.000,0.000,0.000,0.000,8.017,0.000,0.000,0.000,2.063,0.000,0.000,0.000,53.738,141.233,0.000,2.925,0.000,0.000,9.885,0.000,0.634,0.000,0.000,0.000,13.531,91.193,0.012,2.902,0.000,0.005,6.078,0.000,11.075,0.000,0.000,0.000,18.090,0.000,4.147,3.927,0.000,0.000,0.000,0.000,0.000,0.002,0.000,85.641,0.000,0.000,0.000,2.600,-0.5438,-0.3952,0.2198,0.0000,1,-0.19612,0.4674,0.1496,0.1528,0.0000,0,0.06960,-0.2802,-0.0417,0.2035,0.2990,1,-0.04488,-0.1991,0.0782,0.1502,0.2580,1,-0.01250,-0.3930,-0.0591,0.2535,0.2228,1,-0.10135,0.4526,0.6407,0.0602,0.2884,0,0.27476
3016.5,0,122.877,0.000,0.000,125.288,196.540,0.000,0.002,43.148,180.372,107.310,0.001,0.000,0.000,0.389,0.001,0.000,0.000,25.519,0.397,13.676,0.000,0.000,0.000,28.340,0.011,0.000,0.000,0.000,0.000,0.000,0.000,9.853,0.000,0.000,0.000,2.174,0.000,0.000,0.000,54.368,143.618,0.000,0.534,0.000,0.000,9.040,0.451,0.598,0.000,0.000,0.000,15.103,92.636,0.002,3.364,0.000,0.001,7.116,0.000,17.405,0.000,0.000,0.000,30.126,0.000,5.809,8.181,0.000,0.000,0.000,0.000,0.000,0.000,0.000,75.963,0.000,0.000,0.000,3.297,-0.5456,-0.3773,0.2205,0.0000,1,-0.18507,0.4569,0.1278,0.1324,0.0000,0,0.06030,-0.2831,-0.0373,0.2942,0.3052,1,-0.05713,-0.2239,0.0683,0.1454,0.2561,1,-0.01648,-0.3981,-0.0590,0.2104,0.1924,1,-0.08597,0.4507,0.5814,0.0743,0.2920,0,0.22872
3025.0,0,136.613,15.488,0.000,135.128,203.612,0.000,0.000,134.113,183.888,141.900,0.000,0.000,5.488,0.071,0.000,0.000,0.000,8.341,0.072,62.358,0.000,0.000,0.000,48.971,0.002,0.000,0.000,0.000,0.000,0.000,0.000,10.881,0.000,0.000,0.000,2.194,0.000,0.000,0.000,48.047,136.895,0.000,0.098,0.000,0.000,10.861,0.737,0.530,0.000,0.000,0.000,6.231,91.987,0.000,6.888,0.000,2.744,8.871,0.000,19.210,0.000,0.000,0.000,36.494,0.000,11.004,11.415,0.000,0.000,0.000,0.000,0.000,0.000,0.000,52.226,0.000,0.000,0.000,3.721,-0.5466,-0.3615,0.2208,0.0000,1,-0.17756,0.4423,0.1078,0.1129,0.0000,0,0.05200,-0.2959,-0.0326,0.3832,0.3178,1,-0.06151,-0.2437,0.0636,0.1393,0.2538,1,-0.01662,-0.4022,-0.0705,0.1688,0.1638,1,-0.07662,0.4471,0.5160,0.0944,0.3033,0,0.17854
3033.0,0,127.461,6.456,0.000,111.149,205.514,0.000,0.000,170.676,191.747,162.363,0.000,0.000,30.536,0.014,0.000,0.000,0.000,6.650,0.015,93.129,0.000,0.000,0.000,51.547,0.000,0.000,0.000,0.000,0.000,0.000,6.065,11.614,0.000,0.000,0.000,1.975,0.000,0.000,0.000,45.180,128.357,0.000,0.020,0.000,0.000,7.868,0.352,0.886,0.000,0.000,0.000,1.258,88.878,0.000,8.729,0.000,8.558,8.289,0.000,17.848,0.000,0.000,0.000,44.912,0.000,17.858,15.157,0.000,0.000,0.000,0.000,0.000,1.740,0.000,15.530,0.000,0.000,0.000,2.957,-0.5469,-0.3483,0.2203,0.0000,1,-0.17287,0.4215,0.0900,0.1095,0.0000,1,0.03772,-0.3140,-0.0280,0.4606,0.3352,1,-0.05869,-0.2539,0.0598,0.1351,0.2502,1,-0.01696,-0.4051,-0.0893,0.1292,0.1378,1,-0.07223,0.4384,0.4495,0.1170,0.3203,0,0.12990
3041.5,0,100.984,1.179,0.000,60.643,206.305,0.000,0.000,184.452,194.075,162.034,0.000,0.000,52.899,0.003,0.000,30.265,0.000,1.215,0.003,102.899,0.000,0.000,0.000,60.935,0.000,12.788,0.000,0.000,0.000,0.000,28.337,11.863,0.000,0.000,0.000,1.841,0.000,0.000,0.000,38.572,116.790,0.000,0.004,0.000,0.000,9.721,0.064,0.581,0.000,0.000,0.000,0.230,74.965,0.000,13.793,0.000,1.563,8.018,0.000,15.606,0.000,0.000,0.000,49.842,0.000,27.112,15.265,0.000,0.000,0.000,0.000,0.000,6.875,0.000,2.837,0.000,0.000,0.910,3.711,-0.5459,-0.3372,0.2190,0.0000,1,-0.17038,0.3915,0.0745,0.1368,0.0050,1,0.00978,-0.3368,-0.0237,0.5286,0.3548,1,-0.05133,-0.2555,0.0547,0.1303,0.2468,1,-0.01916,-0.4021,-0.1114,0.0944,0.1148,1,-0.07193,0.4210,0.3855,0.1453,0.3406,0,0.08419
3050.0,0,57.538,0.215,0.000,11.078,205.782,0.000,0.000,186.075,194.113,134.497,0.000,0.000,77.381,0.000,0.000,54.507,0.000,6.287,0.000,89.719,0.000,0.000,0.000,76.221,0.000,12.333,0.000,0.000,0.000,0.000,12.395,9.891,0.000,0.000,0.000,1.910,0.000,0.000,0.000,35.288,92.038,0.000,0.001,0.000,0.000,11.430,0.012,0.314,0.000,0.000,0.000,0.042,62.043,0.000,12.549,0.000,0.286,7.749,0.000,11.995,0.000,0.000,0.000,50.736,0.000,33.604,10.399,0.000,0.000,0.000,0.000,0.000,11.685,0.000,0.518,0.000,0.000,3.503,4.979,-0.5420,-0.3274,0.2174,0.0000,1,-0.17088,0.3540,0.0612,0.1893,0.0196,1,-0.02792,-0.3598,-0.0198,0.5843,0.3739,1,-0.04244,-0.2509,0.0486,0.1233,0.2446,1,-0.02186,-0.3919,-0.1319,0.0598,0.0948,1,-0.07109,0.3853,0.3264,0.1834,0.3614,1,0.04222
3058.0,0,21.353,0.043,0.000,2.237,201.562,0.000,0.000,181.257,195.452,70.206,0.000,0.000,85.123,0.000,0.000,71.888,0.000,6.757,0.000,69.907,0.000,0.000,0.000,85.316,0.000,2.490,0.000,0.000,0.000,0.000,2.503,6.565,0.000,0.000,0.000,1.221,0.000,0.000,0.000,30.776,83.776,0.000,0.000,0.000,0.000,11.113,0.002,0.653,0.000,0.000,0.000,0.008,52.621,0.000,14.321,0.000,0.058,8.695,0.000,9.899,0.000,0.000,0.000,46.855,0.000,36.642,7.008,0.000,0.000,0.000,0.000,0.000,13.052,0.000,0.105,0.000,0.000,5.901,4.656,-0.5338,-0.3171,0.2133,0.0000,1,-0.17212,0.3128,0.0500,0.2534,0.0415,1,-0.06598,-0.3815,-0.0164,0.6278,0.3913,1,-0.03402,-0.2425,0.0423,0.1180,0.2429,1,-0.02576,-0.3709,-0.1435,0.0229,0.0778,1,-0.06310,0.3308,0.2734,0.2373,0.3808,1,0.00437
3066.5,0,20.413,0.008,0.000,0.409,182.530,0.000,0.000,155.130,193.111,14.844,0.000,0.000,67.343,0.000,0.000,82.087,0.000,12.751,0.000,44.664,0.000,0.000,0.000,86.373,0.000,0.455,0.000,0.000,0.000,0.000,0.457,4.375,0.000,0.000,0.000,1.219,0.000,0.000,0.000,27.094,71.938,0.000,0.000,0.000,0.000,6.518,0.000,0.753,0.000,0.000,0.000,0.002,42.365,0.000,13.135,0.000,0.011,9.556,0.000,9.720,0.000,0.000,0.000,48.697,0.000,37.811,8.620,0.000,0.000,0.000,0.000,0.000,9.796,0.000,0.019,0.000,0.000,6.870,4.154,-0.5218,-0.3050,0.2080,0.0000,1,-0.17238,0.2713,0.0406,0.3135,0.0667,1,-0.09673,-0.4018,-0.0135,0.6625,0.4065,1,-0.02608,-0.2317,0.0362,0.1148,0.2393,1,-0.02992,-0.3404,-0.1437,-0.0118,0.0719,1,-0.04935,0.2517,0.2269,0.2998,0.3979,1,-0.02571
3075.0,0,3.729,0.001,0.000,0.075,147.648,0.000,0.000,108.764,180.773,2.712,0.000,0.000,49.045,0.000,0.000,78.520,0.000,15.056,0.000,15.591,0.000,0.000,0.000,66.227,0.000,0.083,0.000,0.000,0.000,0.000,0.084,1.701,0.000,0.000,0.000,1.311,0.000,0.000,0.000,22.171,62.217,0.000,0.000,0.000,0.000,5.976,0.000,0.392,0.000,0.000,0.000,0.000,43.578,0.000,11.402,0.000,0.002,11.689,0.000,8.191,0.000,0.000,0.000,46.609,0.000,38.983,9.964,3.196,0.000,0.000,0.000,0.000,4.703,0.000,0.003,0.000,0.000,4.580,2.965,-0.5073,-0.2877,0.2027,0.0000,1,-0.16879,0.2317,0.0228,0.3537,0.0902,1,-0.12278,-0.4200,-0.0111,0.6866,0.4196,1,-0.01946,-0.2202,0.0305,0.1103,0.2344,1,-0.03265,-0.3041,-0.1359,-0.0361,0.0761,1,-0.03575,0.1588,0.1870,0.3728,0.4124,1,-0.04740
3083.0,0,41.919,0.000,0.000,0.015,123.709,0.000,0.000,59.339,172.000,0.548,0.000,0.000,22.758,0.000,0.000,77.962,0.000,7.106,0.000,7.641,0.000,0.000,0.000,45.158,0.000,0.017,0.000,0.000,0.000,0.000,0.017,0.344,0.000,0.000,0.000,1.973,0.000,0.000,0.000,21.402,60.835,0.000,0.000,0.000,0.000,4.288,0.000,0.668,0.000,0.000,0.000,0.000,47.777,0.000,9.664,0.000,0.000,12.061,0.000,11.483,0.000,0.000,0.000,52.769,0.000,37.815,14.025,6.018,0.000,0.000,0.000,0.000,1.419,0.000,0.001,0.000,0.000,0.925,1.837,-0.4917,-0.2633,0.2000,0.0000,1,-0.15997,0.1955,-0.0024,0.3684,0.1035,1,-0.14340,-0.4367,-0.0090,0.7116,0.4305,1,-0.01193,-0.2092,0.0255,0.1074,0.2274,1,-0.03469,-0.2660,-0.1235,-0.0493,0.0870,1,-0.02550,0.0634,0.1530,0.4596,0.4245,1,-0.05951
3091.5,0,94.429,0.000,0.000,0.003,122.619,55.480,0.000,54.348,158.877,0.100,0.000,0.000,10.670,0.000,0.000,57.184,0.000,10.725,0.000,27.461,0.000,0.000,0.000,39.956,0.000,0.003,0.000,0.000,0.000,0.000,0.003,0.063,0.000,0.000,0.000,2.362,0.000,0.000,0.000,29.908,67.057,0.000,0.000,0.000,0.000,2.599,0.000,1.436,0.000,0.000,0.000,0.000,51.671,0.000,10.225,0.000,0.000,13.904,0.000,16.924,0.000,0.000,0.000,63.141,0.000,34.996,20.300,8.735,0.000,0.000,0.000,0.000,0.259,0.000,4.524,0.000,0.000,0.169,1.500,-0.4819,-0.2344,0.2000,0.0000,1,-0.14728,0.1686,-0.0323,0.3593,0.1065,1,-0.15998,-0.4524,-0.0073,0.7443,0.4395,1,-0.00184,-0.1995,0.0211,0.1095,0.2173,1,-0.03722,-0.2288,-0.1092,-0.0564,0.1015,1,-0.01751,-0.0263,0.1246,0.5524,0.4345,1,-0.06141
3100.0,0,150.458,10.000,0.000,32.363,96.385,140.587,0.000,98.971,140.312,0.018,0.000,0.000,1.949,0.000,0.000,42.727,0.000,1.959,0.000,59.334,0.000,0.000,0.000,34.290,0.000,0.001,0.000,0.000,0.000,0.000,0.001,1.597,0.000,0.000,0.000,2.837,0.000,0.000,0.000,44.552,97.191,0.000,0.000,0.000,0.000,5.293,0.000,1.309,0.000,0.000,0.000,0.000,53.745,0.000,8.470,0.000,3.704,14.054,0.000,26.325,0.000,0.000,0.000,72.897,0.000,32.397,31.623,8.270,0.000,0.000,0.000,0.000,0.047,0.000,20.946,0.000,0.000,0.031,0.776,-0.4807,-0.2110,0.2052,0.0000,1,-0.13423,0.1567,-0.0628,0.3342,0.1023,1,-0.17328,-0.4669,-0.0059,0.7839,0.4468,1,0.01089,-0.1912,0.0174,0.1139,0.2092,1,-0.04033,-0.1940,-0.0946,-0.0630,0.1141,1,-0.00822,-0.1061,0.1009,0.6380,0.4425,1,-0.05524
3108.0,0,171.121,68.836,0.000,76.069,101.096,175.109,0.000,161.520,130.174,14.497,0.000,82.479,0.394,0.000,0.000,31.483,0.000,0.396,0.000,67.993,0.000,0.000,0.000,17.660,0.000,0.000,0.000,0.000,0.000,0.000,0.000,4.775,0.000,0.000,0.000,2.816,0.000,0.000,0.000,50.857,125.703,0.000,0.000,0.000,0.000,8.083,0.000,1.361,0.000,0.000,0.000,0.000,63.490,0.000,6.773,0.000,11.483,12.486,0.000,31.067,0.000,0.000,0.000,78.642,0.000,27.640,40.083,6.604,0.000,0.000,0.000,0.000,0.010,0.000,13.703,0.000,0.000,0.006,0.834,-0.4861,-0.1981,0.2110,0.0000,1,-0.12510,0.1516,-0.0905,0.3005,0.0940,1,-0.18318,-0.4798,-0.0047,0.8231,0.4524,1,0.02426,-0.1846,0.0142,0.1196,0.2049,1,-0.04397,-0.1753,-0.0806,-0.0690,0.1240,1,0.00228,-0.1749,0.0717,0.7106,0.4488,1,-0.04557
3116.5,0,180.063,128.435,0.000,96.454,120.106,176.357,0.000,189.229,123.733,36.540,0.000,158.795,0.072,0.000,0.000,9.817,0.000,0.072,0.000,63.479,40.305,0.000,0.000,25.558,0.000,0.000,0.000,0.000,40.065,0.000,0.000,5.061,0.000,0.000,0.000,2.295,0.000,0.000,0.000,49.750,139.469,0.000,0.000,0.000,0.000,7.047,0.000,1.345,0.000,0.000,0.000,0.000,70.169,0.000,6.419,0.000,11.603,10.110,1.974,22.159,0.000,0.000,0.000,77.559,0.000,10.551,41.677,1.637,0.000,0.000,0.000,0.000,0.002,0.000,2.503,0.000,0.000,0.001,0.152,-0.4941,-0.1923,0.2152,0.0000,1,-0.11904,0.1432,-0.1076,0.2637,0.0838,1,-0.18558,-0.4909,0.0055,0.8546,0.4553,1,0.03531,-0.1797,0.0115,0.1256,0.2024,1,-0.04746,-0.1696,-0.0679,-0.0617,0.1309,1,0.00794,-0.2327,0.0377,0.7682,0.4533,1,-0.03374
3125.0,0,166.527,130.608,0.000,119.126,158.467,163.064,0.000,202.663,125.494,68.716,74.997,185.437,0.013,0.000,0.000,1.793,0.000,0.013,0.000,48.505,79.338,0.000,0.000,19.816,0.000,0.000,0.000,0.000,90.480,0.000,0.000,5.806,0.000,0.000,0.000,2.146,0.000,0.000,0.000,46.069,137.780,0.000,0.000,0.000,0.000,9.791,0.609,1.615,0.000,0.000,0.000,0.000,80.261,0.000,3.867,0.000,3.235,3.205,3.658,8.561,0.000,0.000,0.000,61.545,0.000,1.927,33.903,0.299,0.000,0.000,0.000,0.000,0.000,0.000,0.457,0.000,0.000,0.000,0.028,-0.5018,-0.1916,0.2177,0.0000,1,-0.11590,0.1307,-0.1127,0.2271,0.0730,1,-0.17949,-0.4988,0.0279,0.8668,0.4519,1,0.03900,-0.1761,0.0136,0.1325,0.2026,1,-0.04811,-0.1728,-0.0566,-0.0382,0.1347,1,0.00680,-0.2808,-0.0003,0.8119,0.4554,1,-0.02139
3133.0,0,170.430,131.870,0.000,121.413,177.824,132.164,0.000,203.686,148.370,94.412,131.007,197.766,0.003,0.000,0.000,0.362,0.000,9.051,0.000,27.962,99.885,0.000,0.000,13.395,0.000,0.000,0.000,0.000,102.135,0.000,0.000,6.152,0.000,0.000,0.000,1.877,0.000,0.000,0.000,46.550,143.841,0.000,0.000,0.000,0.000,11.563,1.747,1.581,0.000,0.000,0.000,1.123,90.228,0.000,3.615,0.000,0.653,0.647,6.652,4.128,0.000,0.000,0.000,21.378,0.000,0.389,14.912,0.060,0.000,0.000,0.000,0.000,0.000,0.000,0.092,0.000,0.000,0.674,0.006,-0.5086,-0.1941,0.2184,0.0000,1,-0.11467,0.1161,-0.1095,0.1928,0.0664,1,-0.16771,-0.5004,0.0631,0.8543,0.4387,1,0.03384,-0.1766,0.0232,0.1393,0.2051,1,-0.04355,-0.1803,-0.0468,-0.0033,0.1498,1,-0.00277,-0.3202,-0.0398,0.8446,0.4548,1,-0.00955
3141.5,0,139.096,72.467,0.000,108.066,167.462,49.242,0.000,208.983,160.687,117.054,149.434,202.413,0.000,0.000,0.000,0.066,0.000,35.545,0.000,17.864,106.600,0.000,0.000,4.678,0.000,0.000,0.000,0.000,86.226,0.000,0.000,7.498,0.000,0.000,0.000,1.682,0.000,0.000,0.000,47.433,138.853,0.000,0.000,0.000,0.000,12.202,1.585,1.077,0.000,0.000,0.000,0.205,87.323,0.416,3.373,0.000,0.119,0.118,5.372,2.106,0.000,0.000,0.000,3.905,0.000,0.071,2.724,0.011,0.000,0.000,0.000,0.000,0.000,0.000,0.017,0.000,0.000,1.525,0.001,-0.5143,-0.1993,0.2173,0.0000,1,-0.11529,0.1009,-0.1012,0.1618,0.0661,1,-0.15313,-0.4899,0.0968,0.8185,0.4148,1,0.02279,-0.1771,0.0359,0.1436,0.2108,1,-0.03632,-0.1873,-0.0384,0.0403,0.1757,1,-0.01900,-0.3523,-0.0781,0.8635,0.4519,1,-0.00129
3150.0,0,125.363,23.975,0.000,103.609,137.070,8.996,0.000,207.719,155.080,129.246,107.464,189.673,10.000,0.000,12.681,0.012,0.000,67.006,0.000,9.967,129.090,0.000,0.000,0.855,0.000,0.000,0.000,0.000,25.489,0.000,0.000,8.463,0.000,0.000,0.000,1.706,0.000,0.000,0.000,49.393,131.378,0.000,0.000,0.000,0.000,13.930,2.021,1.511,0.000,0.000,0.000,0.037,88.819,1.608,6.338,0.000,0.022,0.022,5.958,1.721,0.000,0.000,10.000,0.713,0.000,0.013,0.498,0.002,0.000,0.000,0.000,0.000,0.000,0.000,0.003,0.000,0.000,0.279,0.000,-0.5190,-0.2063,0.2154,0.0000,1,-0.11757,0.0863,-0.0906,0.1345,0.0638,1,-0.13617,-0.4654,0.1262,0.7689,0.3819,1,0.01136,-0.1770,0.0511,0.1480,0.2219,1,-0.02873,-0.1907,-0.0313,0.0946,0.2069,1,-0.03995,-0.3780,-0.1136,0.8697,0.4472,1,0.00212
3158.0,0,135.403,43.114,0.000,98.720,61.278,1.816,0.000,200.503,139.975,127.827,24.422,155.705,16.985,0.000,35.370,0.002,12.253,72.010,0.000,12.012,159.545,0.000,0.000,0.173,0.000,0.000,0.000,0.000,5.146,0.000,0.000,7.522,0.000,0.000,0.000,2.376,0.000,0.000,0.000,55.252,128.915,0.000,0.000,0.000,0.000,13.753,1.320,1.315,0.000,0.000,0.000,0.008,88.369,2.677,5.283,0.000,0.004,1.791,2.157,0.785,0.000,0.000,87.251,0.144,0.000,7.541,0.100,0.000,0.000,0.000,0.000,0.000,0.000,0.000,0.001,0.000,0.000,1.671,0.000,-0.5233,-0.2133,0.2149,0.0000,1,-0.12086,0.0728,-0.0792,0.1109,0.0665,1,-0.11985,-0.4294,0.1455,0.7065,0.3613,1,0.00246,-0.1764,0.0643,0.1515,0.2371,1,-0.02308,-0.1909,-0.0254,0.1540,0.2387,1,-0.06103,-0.3986,-0.1450,0.8630,0.4415,1,-0.00040
3166.5,0,135.472,62.663,0.000,80.144,11.195,0.332,0.000,194.034,64.525,118.315,4.461,79.335,22.497,0.000,64.967,0.000,26.160,49.194,0.000,2.194,168.714,0.000,0.000,0.032,0.000,0.000,0.000,0.000,0.940,0.000,0.000,7.130,0.000,0.000,0.000,2.305,0.000,0.000,0.000,55.741,127.618,0.000,0.000,0.000,0.000,11.816,0.988,1.187,0.000,0.000,0.000,0.001,87.353,2.317,6.983,0.000,0.001,5.983,0.394,1.368,0.000,3.352,144.151,0.026,0.000,26.556,0.018,0.000,0.000,0.000,0.000,0.000,0.000,0.000,0.000,0.000,0.000,4.718,0.000,-0.5272,-0.2197,0.2152,0.0000,1,-0.12435,0.0608,-0.0680,0.0908,0.0776,1,-0.10616,-0.3825,0.1509,0.6409,0.3610,1,-0.00561,-0.1755,0.0744,0.1536,0.2523,1,-0.01946,-0.1911,-0.0205,0.2129,0.2677,1,-0.07894,-0.4151,-0.1721,0.8408,0.4339,1,-0.01095
3175.0,0,97.987,45.908,0.000,48.751,2.045,0.061,0.000,187.984,11.788,99.313,0.815,14.493,14.142,0.000,80.822,0.000,33.298,8.987,0.000,0.401,176.333,0.000,0.000,0.006,0.000,0.000,0.000,0.000,0.172,0.000,0.000,6.644,0.000,0.000,0.000,2.148,0.000,0.000,0.000,44.659,112.840,0.000,0.000,0.000,0.000,10.126,1.521,0.730,0.000,0.000,0.000,0.000,83.260,2.452,6.056,0.000,0.000,12.304,0.072,2.146,0.000,17.765,175.122,0.005,0.000,33.147,0.003,0.000,0.000,0.000,0.000,0.000,0.000,0.000,0.000,0.000,0.000,6.625,0.000,-0.5294,-0.2250,0.2155,0.0000,1,-0.12826,0.0504,-0.0575,0.0740,0.0943,1,-0.09518,-0.3186,0.1459,0.5790,0.3716,1,-0.01497,-0.1744,0.0841,0.1524,0.2661,1,-0.01459,-0.1950,-0.0165,0.2727,0.2908,1,-0.09351,-0.4283,-0.1946,0.7996,0.4244,1,-0.03106
3183.0,0,79.687,73.998,0.000,30.603,0.413,0.012,0.000,172.161,2.380,72.161,0.165,2.926,13.768,0.000,86.245,0.000,20.931,1.814,0.000,0.081,153.058,0.000,0.000,0.001,0.000,0.000,0.000,0.000,0.035,0.000,0.000,5.522,0.000,0.000,0.000,1.877,0.000,0.000,0.000,42.857,107.279,0.000,1.383,0.000,0.000,11.066,0.981,0.781,0.000,0.000,0.000,0.000,84.998,2.737,6.599,16.758,0.000,17.040,0.015,4.477,0.000,25.766,180.881,0.001,0.000,30.647,0.001,0.000,0.000,0.000,0.000,0.000,0.000,0.000,0.000,0.000,0.000,6.053,0.000,-0.5302,-0.2284,0.2150,0.0000,1,-0.13009,0.0414,-0.0482,0.0600,0.1127,1,-0.08628,-0.2419,0.1156,0.5370,0.3857,1,-0.03006,-0.1732,0.0910,0.1496,0.2790,1,-0.01108,-0.2020,-0.0133,0.3326,0.3052,1,-0.10429,-0.4385,-0.2129,0.7431,0.4140,1,-0.05780
3191.5,0,84.956,109.787,0.000,35.618,0.075,0.002,0.000,154.246,0.435,45.076,8.217,0.535,2.515,0.000,66.226,0.000,15.237,0.331,0.000,0.015,100.327,0.000,0.000,0.000,0.000,0.000,0.000,0.000,0.006,0.000,0.000,4.399,0.000,0.000,0.000,2.057,0.000,0.000,0.000,41.337,102.887,0.000,0.866,0.000,0.000,10.630,0.179,0.770,0.000,0.000,0.000,0.000,84.026,3.213,9.631,3.061,0.000,17.878,0.003,12.243,0.000,30.475,186.000,0.000,0.000,23.587,0.000,0.000,0.000,0.000,0.000,0.000,0.000,0.000,0.000,0.000,0.000,4.583,0.000,-0.5298,-0.2294,0.2146,0.0000,1,-0.13073,0.0338,-0.0400,0.0484,0.1294,1,-0.07874,-0.1623,0.0808,0.5345,0.3988,1,-0.04358,-0.1721,0.0910,0.1461,0.2908,1,-0.01213,-0.2174,-0.0106,0.3888,0.3087,1,-0.11104,-0.4462,-0.2267,0.6779,0.4007,1,-0.08735
3200.0,0,93.998,141.381,6.703,52.462,0.014,0.000,0.000,162.255,0.079,29.880,68.755,0.098,0.459,0.000,31.069,0.000,8.272,0.061,0.000,0.003,27.138,0.000,0.000,0.000,0.000,0.000,0.000,0.000,0.001,0.000,0.000,4.829,0.000,0.000,0.000,1.806,0.000,0.000,0.000,34.694,94.227,0.000,0.158,0.000,0.000,7.418,0.033,0.916,0.000,0.000,0.000,3.905,89.627,3.696,8.203,0.559,0.000,18.226,0.000,16.876,0.000,35.015,190.366,0.000,0.000,19.221,0.000,0.000,0.000,0.000,0.000,0.000,0.000,0.000,0.000,0.000,0.000,1.782,0.000,-0.5270,-0.2293,0.2135,0.0000,1,-0.13256,0.0275,-0.0329,0.0389,0.1394,1,-0.07124,-0.0895,0.0531,0.5590,0.4085,1,-0.05016,-0.1784,0.0860,0.1431,0.3007,1,-0.01663,-0.2398,-0.0085,0.4310,0.2990,1,-0.11361,-0.4517,-0.2365,0.5991,0.3798,1,-0.12073
3208.0,0,106.911,166.405,75.677,87.668,0.003,0.000,0.000,168.286,0.016,34.381,135.949,0.020,0.093,0.000,6.273,0.000,1.670,0.012,0.000,0.001,5.479,0.000,0.000,0.000,0.000,0.000,0.000,0.000,0.000,0.000,0.000,4.075,0.000,0.000,0.000,1.433,0.000,0.000,0.000,27.971,90.787,0.000,0.032,0.000,0.000,8.185,0.007,1.387,0.000,0.000,0.000,8.991,92.996,2.979,8.520,0.113,0.000,19.306,0.000,16.707,0.000,39.306,179.892,0.000,0.000,19.174,0.000,0.000,0.000,0.000,0.000,0.000,0.000,0.000,0.000,0.000,0.000,0.663,4.503,-0.5203,-0.2278,0.2108,0.0000,1,-0.13480,0.0222,-0.0269,0.0312,0.1411,1,-0.06392,-0.0259,0.0333,0.5945,0.4164,1,-0.04975,-0.1926,0.0781,0.1430,0.3108,1,-0.02423,-0.2656,-0.0067,0.4544,0.2788,1,-0.11326,-0.4553,-0.2438,0.5084,0.3504,1,-0.15424
3216.5,0,112.825,181.375,140.378,113.803,4.966,0.000,43.141,175.956,0.003,60.274,181.733,0.004,0.017,0.000,1.146,0.000,0.305,0.002,0.000,0.000,1.001,0.000,0.000,0.000,0.000,0.000,0.000,0.000,0.000,0.000,0.000,4.884,0.000,0.000,0.000,1.258,0.000,0.000,0.000,24.906,88.565,0.000,0.006,0.000,0.000,9.579,0.746,1.753,0.000,0.000,0.000,15.287,96.568,3.142,6.640,0.021,0.000,21.526,0.000,13.437,0.000,42.431,155.658,0.000,0.000,22.103,0.000,0.000,0.000,0.000,0.000,0.000,0.000,0.000,0.000,7.595,0.000,0.121,13.344,-0.5099,-0.2265,0.2066,0.0000,1,-0.13759,0.0061,-0.0219,0.0249,0.1349,1,-0.05646,0.0286,0.0199,0.6309,0.4238,1,-0.04463,-0.2126,0.0741,0.1458,0.3217,1,-0.03022,-0.2966,-0.0053,0.4597,0.2520,1,-0.11086,-0.4572,-0.2495,0.4129,0.3152,1,-0.18227
3225.0,0,135.663,189.562,162.642,132.954,23.281,0.000,130.272,181.145,0.001,101.294,198.460,0.001,0.003,0.000,0.209,0.000,0.056,16.704,0.000,0.000,0.183,0.000,0.000,0.000,0.000,0.000,0.000,0.000,0.000,0.000,0.000,5.325,0.000,0.000,0.000,2.165,0.000,0.000,0.000,28.555,92.156,0.000,3.659,0.000,0.000,11.220,0.588,1.820,0.000,0.000,0.000,17.185,95.641,4.600,7.083,0.004,0.000,21.488,0.000,14.789,0.000,44.669,120.854,0.000,0.000,36.125,0.000,0.000,0.000,0.000,0.000,0.000,0.000,0.000,0.000,21.522,0.000,0.022,21.518,-0.5000,-0.2258,0.2075,0.0000,1,-0.14008,-0.0207,-0.0177,0.0199,0.1237,1,-0.04878,0.0747,0.0110,0.6691,0.4344,1,-0.03494,-0.2348,0.0715,0.1503,0.3343,1,-0.03592,-0.3286,-0.0042,0.4503,0.2224,1,-0.10655,-0.4579,-0.2532,0.3191,0.2775,1,-0.20116
3233.0,0,133.046,193.754,170.884,134.674,28.236,0.000,179.837,182.097,0.000,141.488,204.474,0.000,0.001,0.000,0.042,0.000,0.011,53.923,0.000,0.000,0.037,0.000,0.000,0.000,0.000,0.000,0.000,0.000,0.000,0.000,0.000,6.886,0.000,0.000,0.000,1.861,0.000,0.000,0.000,22.560,90.320,0.000,5.639,0.000,0.000,9.785,2.814,1.920,0.000,0.000,0.000,15.801,96.620,5.959,7.333,0.001,0.000,19.849,0.000,14.867,0.000,36.714,62.017,0.000,0.000,42.475,0.000,0.000,0.000,0.000,0.000,0.000,0.000,0.000,0.000,24.018,0.000,0.004,20.808,-0.4889,-0.2269,0.2083,0.0000,1,-0.14169,-0.0522,-0.0143,0.0158,0.1101,1,-0.04094,0.1124,0.0053,0.7013,0.4454,1,-0.02444,-0.2563,0.0830,0.1558,0.3468,1,-0.03211,-0.3595,-0.0033,0.4312,0.2061,1,-0.10186,-0.4559,-0.2532,0.2322,0.2400,1,-0.20938
3241.5,0,74.568,166.736,178.450,139.630,29.785,0.000,191.614,180.412,0.000,160.007,204.161,0.000,13.153,0.000,0.008,0.000,0.002,95.737,0.000,0.000,0.007,0.000,0.000,0.000,0.000,0.000,0.000,0.000,0.000,0.000,0.000,7.968,0.000,0.000,0.000,1.217,0.000,0.000,0.000,13.816,78.133,0.000,6.782,0.000,0.000,9.369,6.616,2.067,0.000,0.000,0.000,11.443,97.994,7.318,5.766,0.000,0.000,18.290,0.000,13.528,0.000,24.545,11.329,0.000,0.000,46.015,0.000,0.000,0.000,0.000,0.000,0.000,0.000,0.000,0.000,15.285,0.000,0.001,14.545,-0.4760,-0.2296,0.2062,0.0000,1,-0.14215,-0.0823,-0.0115,0.0125,0.0959,1,-0.03319,0.1412,0.0017,0.7211,0.4551,1,-0.01738,-0.2748,0.1139,0.1621,0.3584,1,-0.01471,-0.3885,-0.0026,0.4066,0.2086,1,-0.09796,-0.4480,-0.2458,0.1601,0.2046,1,-0.20875
3250.0,0,28.111,115.940,176.093,136.170,11.001,0.000,206.777,164.407,0.000,170.977,203.581,0.000,32.952,0.000,0.001,0.000,0.000,125.021,0.000,29.193,0.001,0.000,0.000,0.000,26.201,0.000,0.000,0.000,0.000,0.000,4.493,7.162,0.000,0.000,0.000,1.731,0.000,0.000,0.000,3.540,65.326,0.000,6.243,0.000,0.000,11.891,9.726,1.965,0.000,0.000,0.000,3.348,95.157,5.363,6.069,0.000,0.000,17.473,0.000,10.964,0.000,10.912,2.070,0.000,0.000,49.791,0.000,0.000,0.000,0.000,0.000,0.000,0.000,0.000,0.000,3.409,0.000,0.000,4.161,-0.4582,-0.2326,0.2062,0.0000,1,-0.14276,-0.1021,-0.0092,0.0099,0.0821,1,-0.02594,0.1592,-0.0005,0.7258,0.4633,1,-0.01612,-0.2855,0.1559,0.1680,0.3683,1,0.01086,-0.4146,-0.0021,0.3801,0.2244,1,-0.09500,-0.4185,-0.2292,0.1071,0.1723,1,-0.20548
3258.0,0,5.675,32.565,166.685,114.085,2.221,0.000,205.804,80.906,0.000,175.392,183.738,0.000,59.942,0.000,0.000,0.000,0.000,133.649,0.000,46.820,0.000,0.000,0.000,0.000,63.548,0.000,0.000,0.000,0.000,0.000,7.632,4.169,0.000,0.000,0.000,1.300,0.000,0.000,0.000,0.715,46.157,0.000,6.791,0.000,0.000,12.304,10.196,1.603,0.000,0.000,0.000,0.676,91.913,3.325,3.593,0.000,0.000,19.889,0.000,8.376,0.000,8.510,0.418,0.000,0.000,49.587,2.536,0.000,0.000,0.000,0.000,0.000,0.000,0.000,0.000,0.688,0.000,0.000,0.840,-0.4338,-0.2327,0.2043,0.0000,1,-0.14104,-0.1096,-0.0073,0.0078,0.0694,1,-0.01962,0.1687,-0.0017,0.7166,0.4702,1,-0.01949,-0.2871,0.1992,0.1723,0.3754,1,0.03891,-0.4368,-0.0016,0.3540,0.2446,1,-0.09241,-0.3573,-0.1901,0.0699,0.1437,1,-0.19231
3266.5,0,1.037,5.949,176.822,96.728,0.406,0.000,209.370,14.780,0.000,167.424,108.762,0.000,80.397,17.262,0.000,0.000,0.000,145.505,7.408,59.664,0.000,0.000,0.000,0.000,97.496,0.000,0.000,0.000,0.000,0.000,3.626,0.762,0.000,0.000,0.000,1.567,0.000,0.000,0.000,0.131,21.056,0.000,5.311,0.000,0.000,15.858,10.913,1.991,0.000,0.000,0.000,0.123,90.407,0.916,5.277,0.000,0.000,18.062,0.000,7.777,0.000,5.532,0.076,0.000,0.000,45.778,9.904,0.000,0.000,0.000,0.000,0.000,0.000,0.000,0.000,0.126,0.000,0.000,0.153,-0.4032,-0.2234,0.2023,0.0000,1,-0.13477,-0.1080,-0.0058,0.0062,0.0580,1,-0.01431,0.1707,-0.0023,0.6973,0.4756,1,-0.02438,-0.2818,0.2405,0.1767,0.3798,0,0.06610,-0.4552,-0.0013,0.3322,0.2607,1,-0.08989,-0.2694,-0.1075,0.0482,0.1188,1,-0.15376
3275.0,0,0.189,11.087,172.077,47.167,0.074,0.000,210.021,2.700,0.000,154.663,21.888,0.000,87.468,36.680,0.000,0.000,0.000,137.842,32.397,80.519,0.000,0.000,0.000,0.000,110.400,0.000,0.000,0.000,0.000,0.000,0.662,0.139,0.000,0.000,0.000,1.631,0.000,0.000,0.000,0.024,15.735,0.000,2.837,0.000,0.000,15.539,7.537,2.117,0.000,0.000,0.000,0.023,78.149,0.167,5.643,0.000,0.000,14.880,0.000,6.256,0.000,1.011,0.014,0.000,0.000,35.814,19.077,0.000,0.000,0.000,0.000,0.000,0.000,0.000,0.000,0.023,0.000,0.000,0.028,-0.3681,-0.2060,0.2005,0.0000,1,-0.12525,-0.1009,-0.0046,0.0049,0.0480,1,-0.00986,0.1636,-0.0025,0.6672,0.4797,1,-0.03020,-0.2721,0.2747,0.1811,0.3797,0,0.08912,-0.4689,-0.0010,0.3121,0.2712,1,-0.08692,-0.1689,0.0211,0.0406,0.0976,1,-0.08242
3283.0,0,0.038,33.405,166.067,19.732,0.015,0.000,202.729,0.545,0.000,127.303,4.419,0.000,91.812,44.437,0.000,0.000,0.000,104.994,39.383,94.636,0.000,0.000,0.000,0.000,123.419,0.000,0.000,0.000,0.000,0.000,0.134,0.028,0.000,0.000,0.000,1.660,0.000,0.000,0.000,0.005,31.837,0.000,0.573,0.000,0.000,12.620,2.756,1.961,0.000,0.000,0.000,0.005,76.013,0.034,4.356,0.000,6.127,15.008,0.000,5.504,0.000,0.204,0.003,0.000,0.000,31.959,26.539,0.000,0.000,0.000,0.000,0.000,0.000,0.000,0.000,0.005,0.000,0.000,0.006,-0.3334,-0.1843,0.1989,0.0000,1,-0.11315,-0.0909,-0.0037,0.0038,0.0395,1,-0.00608,0.1504,-0.0025,0.6242,0.4827,1,-0.03694,-0.2602,0.2938,0.1849,0.3757,0,0.10246,-0.4770,-0.0008,0.2959,0.2766,1,-0.08398,-0.0684,0.1620,0.0483,0.0796,1,0.00158
3291.5,0,0.007,85.198,131.833,5.836,0.003,0.000,208.808,0.100,0.000,80.666,0.807,0.000,86.780,59.986,0.000,0.000,0.000,66.752,34.014,98.681,0.000,0.000,0.000,0.000,124.598,0.000,0.000,0.000,0.000,0.000,0.024,0.005,0.000,0.000,0.000,1.423,0.000,0.000,0.000,8.561,46.244,0.000,1.339,0.000,0.000,13.148,0.503,2.018,0.000,0.000,0.000,0.001,70.167,0.006,4.367,0.000,8.669,9.855,0.000,5.286,0.000,0.037,0.001,4.172,0.000,23.252,33.817,0.000,0.000,0.000,0.000,0.000,0.000,0.000,0.000,0.001,0.000,0.000,0.001,-0.3171,-0.1610,0.1968,0.0000,1,-0.09855,-0.0799,-0.0029,0.0030,0.0323,1,-0.00281,0.1258,-0.0023,0.5732,0.4842,1,-0.04261,-0.2476,0.2929,0.1883,0.3694,0,0.10189,-0.4796,-0.0006,0.2844,0.2766,1,-0.08128,0.0237,0.2905,0.0657,0.0716,0,0.07820
3300.0,0,0.001,121.788,87.596,1.066,0.000,0.000,209.918,0.018,0.000,37.955,17.556,0.000,76.323,61.642,0.000,0.000,0.000,41.075,12.124,75.670,0.000,0.000,0.000,0.000,127.689,0.000,0.000,0.000,0.000,0.000,0.004,0.001,0.000,0.000,0.000,1.284,0.000,0.000,0.000,14.493,60.787,0.000,1.405,0.000,0.000,11.827,0.092,2.190,0.000,0.000,0.000,0.000,57.601,0.001,2.865,0.000,11.095,5.450,0.000,4.382,0.000,0.007,0.000,8.399,0.000,14.131,36.760,0.000,0.000,0.000,0.000,0.000,0.000,0.000,0.000,0.000,0.000,0.000,0.000,-0.3165,-0.1383,0.1938,0.0000,1,-0.08274,-0.0689,-0.0023,0.0024,0.0262,1,0.00004,0.0919,-0.0021,0.5178,0.4836,1,-0.04617,-0.2348,0.2769,0.1917,0.3599,0,0.09113,-0.4778,-0.0005,0.2760,0.2711,1,-0.07848,0.1039,0.3985,0.0882,0.0742,0,0.13897
3308.0,0,0.000,148.295,69.061,0.215,0.000,0.000,199.463,0.004,0.000,7.663,96.185,0.000,56.721,67.534,0.000,0.000,0.000,23.206,2.448,65.253,0.000,0.000,0.000,0.000,140.196,0.000,0.000,0.000,0.000,0.000,0.001,0.000,0.000,0.000,0.000,1.441,0.000,0.000,0.000,20.811,67.767,0.000,0.284,0.000,0.000,12.357,0.019,1.976,0.000,0.000,0.000,0.000,44.168,0.000,2.397,0.000,9.813,1.100,0.000,3.685,0.000,0.001,0.000,12.573,0.000,8.294,37.005,0.000,0.000,0.000,0.000,0.000,0.000,0.000,0.000,0.000,0.000,0.000,0.000,-0.3266,-0.1171,0.1912,0.0000,1,-0.06817,-0.0585,-0.0018,0.0018,0.0212,1,0.00254,0.0524,-0.0018,0.4626,0.4793,1,-0.04711,-0.2221,0.2521,0.1944,0.3484,0,0.07463,-0.4752,-0.0004,0.2781,0.2630,1,-0.07771,0.1713,0.4857,0.1131,0.0846,0,0.18305
3316.5,0,15.114,173.779,41.810,0.039,0.000,0.000,191.524,0.001,0.000,1.400,159.083,0.000,33.346,84.730,9.048,0.000,0.000,48.817,0.447,47.596,0.000,0.000,0.000,0.000,157.545,0.000,0.000,0.000,23.777,0.000,0.000,0.000,0.000,0.000,0.000,1.124,0.000,0.000,0.000,26.513,93.591,0.000,0.729,0.000,0.000,12.247,0.003,2.182,0.000,0.000,0.000,0.000,34.607,0.000,0.438,0.000,9.875,0.201,0.000,3.945,0.000,0.000,0.000,13.498,0.000,6.608,33.753,0.000,0.000,7.810,0.000,0.000,0.000,0.000,10.951,0.000,0.000,0.000,0.000,-0.3468,-0.0981,0.1876,0.0000,1,-0.04972,-0.0392,-0.0014,-0.0066,0.0171,1,0.00870,0.0091,-0.0016,0.4108,0.4701,1,-0.04560,-0.2094,0.2233,0.1970,0.3361,0,0.05559,-0.4753,-0.0003,0.2876,0.2537,1,-0.07851,0.2266,0.5547,0.1379,0.0999,0,0.21352
3325.0,0,58.442,195.019,7.638,0.007,0.000,25.386,163.466,0.000,0.000,0.256,193.143,0.000,16.928,88.964,24.910,0.000,0.000,91.045,0.082,29.636,0.000,0.000,0.000,0.000,163.951,59.456,0.000,0.000,40.383,0.000,0.000,1.817,0.000,0.000,0.000,1.337,0.000,0.000,0.000,35.797,118.147,0.000,2.762,0.000,0.000,9.615,0.001,1.589,0.000,0.000,0.000,0.000,23.220,0.000,0.080,0.000,15.849,0.037,0.000,4.311,0.000,0.000,0.000,9.171,0.000,8.753,34.301,0.000,0.000,2.660,0.000,0.000,0.000,0.000,36.418,0.000,0.000,0.000,0.000,-0.3740,-0.0890,0.1845,0.0000,1,-0.03512,-0.0092,-0.0011,-0.0146,0.0137,1,0.01443,-0.0293,-0.0013,0.3617,0.4566,1,-0.04202,-0.1963,0.1937,0.1976,0.3231,1,0.03679,-0.4788,-0.0002,0.3018,0.2448,1,-0.08033,0.2706,0.6087,0.1602,0.1180,0,0.23410
3333.0,0,99.732,203.780,1.542,28.747,0.000,28.661,117.154,0.000,0.000,0.052,204.004,0.000,12.352,84.397,48.823,0.000,0.000,128.824,13.558,24.483,0.000,0.000,0.000,60.200,161.119,139.576,0.000,0.000,39.253,0.000,0.000,5.397,0.000,0.000,0.000,1.558,0.000,0.000,0.000,41.679,134.243,0.000,3.969,0.000,0.000,9.893,0.000,1.709,0.000,0.000,0.000,0.000,24.937,0.000,0.016,0.000,25.214,0.007,0.000,4.663,0.000,0.000,0.000,2.533,0.000,11.820,31.809,0.000,0.000,0.537,0.000,15.230,0.000,0.000,88.242,0.000,0.000,0.000,0.000,-0.4025,-0.0924,0.1829,0.0000,1,-0.02842,0.0402,0.0467,-0.0191,0.0110,0,0.06251,-0.0556,-0.0011,0.3147,0.4401,1,-0.03619,-0.1836,0.1654,0.1974,0.3114,1,0.01912,-0.4841,-0.0002,0.3205,0.2371,1,-0.08324,0.3029,0.6507,0.1802,0.1371,0,0.24739
3341.5,0,101.825,193.828,0.282,86.394,0.000,5.236,66.622,0.000,0.000,31.481,205.712,0.000,2.257,84.617,60.030,0.000,0.000,158.398,35.287,38.365,0.000,0.000,0.000,156.026,146.575,180.126,0.000,0.000,46.538,0.000,0.000,9.983,0.000,0.000,0.000,1.558,0.000,0.000,0.000,44.973,148.395,0.000,3.844,0.000,0.000,12.861,0.000,2.133,0.000,0.000,0.000,0.000,36.994,0.000,0.681,0.838,29.529,0.001,0.000,4.587,0.000,0.000,0.000,0.463,0.000,13.293,26.638,0.000,0.000,0.098,0.000,52.276,8.658,0.000,136.502,0.000,0.000,0.000,0.000,-0.4289,-0.1057,0.1821,0.0000,1,-0.02919,0.0998,0.1370,0.0198,0.0088,0,0.12664,-0.0690,-0.0052,0.2707,0.4222,1,-0.03020,-0.1734,0.1394,0.1981,0.3029,1,0.00281,-0.4913,-0.0001,0.3401,0.2277,1,-0.08598,0.3232,0.6831,0.1971,0.1561,0,0.25608
3350.0,0,59.923,102.336,0.051,134.479,0.000,0.957,24.434,0.000,0.000,77.408,209.353,0.000,0.412,77.039,77.033,0.000,0.000,179.390,64.951,86.363,8.187,0.000,0.000,191.979,102.995,185.093,0.000,0.000,43.749,0.000,0.000,14.204,0.000,0.000,0.000,1.063,0.000,0.000,0.000,47.070,150.418,0.000,2.439,0.000,0.000,13.532,0.000,2.299,0.000,1.365,0.000,0.000,48.339,0.000,2.991,0.153,32.788,0.000,0.000,2.330,0.000,0.000,0.000,0.085,0.000,12.568,16.735,0.000,0.000,0.018,0.000,65.071,20.656,0.000,167.723,0.000,0.000,0.000,0.000,-0.4518,-0.1251,0.1798,0.0000,1,-0.03514,0.1605,0.2378,0.0941,0.0070,0,0.17773,-0.0729,-0.0082,0.2268,0.4038,1,-0.02269,-0.1616,0.1164,0.1997,0.2980,1,-0.01247,-0.5003,-0.0001,0.3604,0.2220,1,-0.08919,0.3289,0.7081,0.2106,0.1736,0,0.26244
3358.0,0,28.529,22.893,0.010,150.857,0.000,0.193,4.933,0.000,0.000,120.708,205.509,0.000,12.764,55.914,84.793,0.000,0.000,183.506,71.176,123.636,30.172,0.000,0.000,196.495,36.403,147.785,0.000,0.000,11.845,0.000,23.428,17.959,0.000,0.000,0.000,1.397,0.000,0.000,0.000,47.223,162.004,0.000,0.492,0.000,0.000,12.631,0.000,2.388,0.000,4.341,0.000,0.000,57.926,0.000,4.639,0.031,35.408,0.000,0.000,1.148,0.000,0.000,0.000,0.017,0.000,12.645,9.375,0.000,0.000,0.004,0.000,51.961,26.351,0.000,186.567,0.000,0.000,0.000,0.000,-0.4710,-0.1525,0.1782,0.0000,1,-0.04946,0.2169,0.3296,0.1845,0.0055,0,0.20752,-0.0710,-0.0096,0.1783,0.3857,1,-0.01328,-0.1444,0.0963,0.2019,0.2931,1,-0.02596,-0.5100,-0.0001,0.3875,0.2194,1,-0.09380,0.3247,0.7271,0.2217,0.1892,0,0.26715
3366.5,0,5.212,4.182,0.002,148.221,0.000,0.035,0.901,0.000,0.000,156.127,161.476,0.000,42.019,37.596,79.401,0.000,0.000,190.669,70.111,151.418,8.841,0.000,0.000,198.621,6.650,45.392,0.000,0.000,2.164,0.000,28.820,17.192,0.000,0.000,0.000,1.622,0.000,0.000,0.000,46.419,163.449,0.000,0.090,0.000,0.000,12.350,0.000,2.506,0.000,5.212,0.000,0.000,57.229,0.000,4.331,0.006,33.033,0.000,0.000,0.210,0.000,0.000,0.000,0.003,0.000,12.196,5.732,0.000,0.000,0.001,0.000,25.474,28.292,0.000,193.360,0.000,0.000,0.000,0.000,-0.4867,-0.1787,0.1779,0.0000,1,-0.06557,0.2666,0.3997,0.2772,0.0044,0,0.21400,-0.0657,-0.0099,0.1220,0.3686,1,-0.00136,-0.1240,0.0791,0.2046,0.2877,1,-0.03792,-0.5197,-0.0001,0.4209,0.2268,1,-0.09995,0.3197,0.7410,0.2317,0.2029,0,0.26959
3375.0,0,0.952,0.764,0.000,109.939,0.000,0.006,0.165,0.000,0.000,162.104,37.208,0.000,68.008,24.013,70.704,0.000,0.000,185.581,68.849,153.387,1.615,0.000,0.000,195.377,1.215,8.292,0.000,0.000,0.395,0.000,33.583,15.936,0.000,0.000,0.000,1.720,0.000,0.000,0.000,45.263,166.386,0.000,4.645,0.000,0.000,12.056,0.000,2.490,0.000,8.168,0.000,0.000,50.915,0.000,4.052,0.001,19.725,2.076,0.000,0.038,0.000,12.184,0.000,0.001,0.000,9.844,1.650,0.000,0.000,0.000,0.000,5.626,25.068,0.000,200.860,0.000,0.000,0.000,0.000,-0.4994,-0.2015,0.1789,0.0000,1,-0.07821,0.3092,0.4413,0.3634,0.0035,0,0.19965,-0.0483,-0.0095,0.0688,0.3560,1,0.00993,-0.0998,0.0646,0.2073,0.2822,1,-0.04814,-0.5289,-0.0001,0.4635,0.2422,1,-0.10673,0.3191,0.7500,0.2414,0.2147,0,0.26899
3383.0,0,0.192,0.154,0.000,45.513,0.000,0.001,0.033,0.000,0.000,144.971,7.512,0.000,82.018,12.539,57.216,0.000,0.000,172.970,60.420,161.672,0.326,0.000,0.000,173.289,0.245,1.674,0.000,0.000,0.080,0.000,14.471,14.209,0.000,0.000,0.000,1.771,0.000,0.000,0.000,51.796,171.231,0.000,9.101,0.000,0.000,11.801,0.000,2.673,0.000,8.592,0.000,0.000,37.845,0.000,3.351,0.000,13.375,6.180,0.000,0.008,0.000,13.556,0.000,0.000,0.000,2.958,0.333,0.000,0.000,0.000,0.000,1.136,16.176,0.000,204.377,0.000,0.000,0.000,0.000,-0.5097,-0.2206,0.1805,0.0000,1,-0.08679,0.3448,0.4535,0.4364,0.0027,0,0.17071,-0.0244,-0.0087,0.0234,0.3463,1,0.01852,-0.0737,0.0524,0.2104,0.2767,1,-0.05720,-0.5369,-0.0000,0.5123,0.2605,1,-0.11213,0.3245,0.7529,0.2510,0.2246,0,0.26438
3391.5,0,0.035,0.028,0.000,8.314,0.000,0.000,0.006,0.000,0.000,96.981,1.372,0.000,96.376,13.570,37.484,0.000,0.000,141.331,48.418,156.991,0.060,0.000,0.000,137.025,0.045,0.306,0.000,0.000,0.015,0.000,2.644,11.117,0.000,0.000,0.000,1.612,0.000,0.000,0.000,50.571,171.395,0.000,10.644,0.000,0.000,12.388,0.000,2.561,0.000,10.477,0.000,0.000,22.463,0.000,1.290,0.000,2.443,7.177,0.000,0.001,0.000,3.982,0.000,0.000,0.000,0.540,0.061,0.000,0.000,0.000,0.000,0.208,5.183,0.000,203.769,0.000,0.000,0.000,0.000,-0.5181,-0.2353,0.1820,0.0000,1,-0.09151,0.3742,0.4407,0.4841,0.0022,0,0.13839,-0.0043,-0.0077,-0.0074,0.3349,1,0.02255,-0.0451,0.0424,0.2132,0.2718,1,-0.06521,-0.5436,-0.0000,0.5634,0.2784,1,-0.11495,0.3339,0.7466,0.2877,0.2327,0,0.24072
3400.0,0,0.006,0.005,19.179,1.519,0.000,0.000,0.001,0.000,0.000,25.881,0.251,0.000,89.360,2.479,27.645,0.000,0.000,103.518,44.308,132.735,0.011,0.000,0.000,112.938,0.008,0.056,0.000,0.000,0.003,0.000,0.483,9.056,0.000,0.000,0.000,1.363,0.000,0.000,0.000,51.892,176.424,0.000,8.468,0.000,0.000,10.739,0.000,2.855,0.000,9.088,0.000,0.000,6.777,0.000,0.236,0.000,0.446,11.942,0.000,0.000,0.000,0.728,0.000,0.000,0.000,0.099,0.011,0.000,0.000,0.000,0.000,0.038,0.947,0.000,194.550,0.000,0.000,0.000,0.000,-0.5249,-0.2459,0.1824,0.0000,1,-0.09315,0.3981,0.4106,0.4964,0.0017,0,0.11204,0.0086,-0.0067,-0.0254,0.3235,1,0.02241,-0.0137,0.0342,0.2162,0.2669,1,-0.07378,-0.5488,-0.0000,0.6058,0.2878,1,-0.11514,0.3457,0.7276,0.3475,0.2396,0,0.20045
3408.0,0,0.001,0.001,34.133,0.307,0.000,0.000,0.000,0.000,0.000,5.225,0.051,0.000,62.221,0.501,30.432,0.000,0.000,76.032,16.164,113.132,0.002,0.000,0.000,84.337,0.002,0.011,0.000,0.000,0.001,0.000,0.098,8.338,0.000,0.000,0.000,1.427,0.000,0.000,0.000,51.974,173.285,0.000,4.969,0.000,0.000,11.472,0.000,2.468,0.000,2.337,0.000,0.000,1.368,0.000,0.875,0.000,0.090,14.983,0.000,0.000,0.000,0.147,0.000,0.000,0.000,0.020,3.215,0.000,0.000,0.000,0.000,0.008,0.191,0.000,189.476,0.000,0.000,0.000,0.000,-0.5304,-0.2532,0.1823,0.0000,1,-0.09355,0.4173,0.3706,0.4793,0.0013,0,0.09200,0.0157,-0.0057,-0.0344,0.3133,1,0.02145,0.0141,0.0274,0.2185,0.2625,1,-0.08351,-0.5521,-0.0000,0.6323,0.2836,1,-0.11441,0.3582,0.6926,0.4163,0.2450,0,0.15213
3416.5,0,0.000,0.000,55.562,0.056,0.000,0.000,17.354,0.000,0.000,0.955,0.009,0.000,43.647,0.091,36.813,0.000,0.000,51.503,2.953,85.785,0.000,0.000,0.000,51.455,0.000,0.002,0.000,0.000,0.000,0.000,0.018,6.503,0.000,0.000,0.000,1.362,0.000,0.000,0.000,48.702,168.963,0.000,3.624,0.000,0.000,10.874,0.000,2.153,0.000,0.427,0.000,0.000,0.250,0.000,2.554,0.000,0.016,18.775,0.000,1.310,0.000,0.027,0.000,0.000,0.000,0.004,7.271,0.000,0.000,0.000,0.000,0.001,0.035,0.000,183.925,0.000,0.000,0.000,0.000,-0.5346,-0.2569,0.1817,0.0000,1,-0.09287,0.4326,0.3265,0.4432,0.0011,0,0.07656,0.0189,-0.0048,-0.0275,0.3050,1,0.01753,0.0338,0.0219,0.2194,0.2586,1,-0.09339,-0.5530,-0.0000,0.6404,0.2677,1,-0.11417,0.3706,0.6426,0.4801,0.2491,0,0.10475
3425.0,0,48.978,0.000,119.190,0.010,0.000,0.000,58.663,0.000,0.000,0.174,0.002,0.000,30.184,0.017,50.232,0.000,0.000,40.418,0.539,68.139,0.000,0.000,0.000,36.219,0.000,0.000,0.000,0.000,0.000,0.000,0.003,5.155,0.000,0.000,0.000,1.736,0.000,0.000,0.000,45.052,160.466,0.000,0.662,0.000,0.000,8.803,0.000,2.050,0.000,0.078,0.000,0.000,0.046,0.000,6.452,0.000,0.003,22.224,0.000,7.052,0.000,0.005,0.000,0.000,0.000,0.001,19.575,0.000,0.000,0.000,0.000,0.000,0.006,0.000,180.647,0.000,0.000,0.000,0.000,-0.5377,-0.2572,0.1822,0.0000,1,-0.09317,0.4447,0.2822,0.3971,0.0008,0,0.06432,0.0197,-0.0040,0.0127,0.2996,1,0.00707,0.0456,0.0175,0.2192,0.2541,1,-0.10249,-0.5516,-0.0000,0.6360,0.2441,1,-0.11416,0.3825,0.5781,0.5384,0.2520,0,0.06045
3433.0,0,73.075,16.457,145.539,0.002,0.000,0.000,105.380,0.000,0.000,0.035,0.000,0.000,10.587,0.003,55.133,0.000,0.000,26.026,0.109,54.467,0.000,0.000,0.000,27.994,0.000,0.000,0.000,0.000,0.000,0.000,0.001,4.947,0.000,0.000,0.000,1.732,0.000,0.000,0.000,43.550,152.679,0.000,1.800,0.000,0.000,7.816,0.000,2.213,0.000,0.016,0.000,0.000,0.009,0.000,11.041,0.000,0.001,26.917,0.000,15.182,0.000,0.001,0.000,6.109,0.000,0.000,30.392,0.000,0.000,0.000,0.000,0.000,0.001,0.000,177.771,0.000,0.000,0.000,0.000,-0.5399,-0.2553,0.1833,0.0000,1,-0.09308,0.4543,0.2404,0.3477,0.0006,0,0.05444,0.0084,-0.0033,0.0948,0.2960,1,-0.01125,0.0511,0.0139,0.2187,0.2506,1,-0.11084,-0.5503,-0.0000,0.6262,0.2167,1,-0.11370,0.3932,0.4990,0.5880,0.2543,1,0.02117
3441.5,0,83.862,88.445,150.088,0.000,0.000,0.000,158.816,59.400,0.000,0.006,0.000,0.000,4.400,0.001,59.911,0.000,0.000,18.433,0.020,50.731,0.000,0.000,0.000,28.084,0.000,0.000,0.000,0.000,0.000,0.000,0.000,4.326,0.000,0.000,0.000,1.267,0.000,0.000,0.000,39.172,141.685,0.000,1.340,0.000,0.000,8.740,0.000,2.225,0.000,0.003,0.000,0.000,0.002,0.000,12.714,0.000,0.000,28.315,0.000,19.327,0.000,0.000,0.000,24.306,0.000,0.000,37.234,0.000,0.000,0.000,0.000,0.000,1.025,0.000,175.816,0.000,0.000,0.000,0.000,-0.5409,-0.2515,0.1830,0.0000,1,-0.09222,0.4618,0.2023,0.3071,0.0005,1,0.04292,-0.0267,-0.0028,0.1976,0.2936,1,-0.02827,0.0521,0.0110,0.2183,0.2480,1,-0.11784,-0.5496,-0.0000,0.6092,0.1885,1,-0.11260,0.4003,0.4111,0.6274,0.2557,1,-0.01065
3450.0,0,117.183,160.725,136.536,0.000,0.000,0.000,182.602,119.112,0.000,0.001,36.154,0.000,0.804,0.000,50.783,0.000,0.000,9.433,0.004,35.780,0.000,0.000,0.000,74.875,0.000,40.816,0.000,0.000,0.000,0.000,0.000,2.730,0.000,0.000,0.000,1.092,0.000,0.000,0.000,39.679,142.703,0.000,0.245,0.000,0.000,7.571,0.000,2.419,0.000,0.001,0.000,0.000,0.000,0.000,13.380,0.000,0.000,30.414,0.000,27.574,0.000,0.000,0.000,41.221,0.000,1.058,48.253,0.000,0.000,0.000,0.000,0.000,3.875,0.000,167.829,0.000,0.000,0.000,1.235,-0.5414,-0.2444,0.1810,0.0000,1,-0.09007,0.4675,0.1685,0.2879,0.0004,1,0.02486,-0.0770,-0.0022,0.3075,0.2952,1,-0.03915,0.0501,0.0088,0.2183,0.2458,1,-0.12327,-0.5488,-0.0000,0.5831,0.1614,1,-0.11047,0.3998,0.3226,0.6560,0.2566,1,-0.03391
3458.0,0,122.153,184.019,106.962,16.703,0.000,0.000,196.101,151.696,0.000,0.000,142.928,0.000,0.162,0.000,42.983,0.000,0.000,26.656,0.001,35.364,0.000,0.000,0.000,143.815,8.187,109.026,0.000,0.000,0.000,0.000,0.000,2.999,0.000,0.000,0.000,0.999,0.000,0.000,0.000,44.930,135.115,0.000,0.049,0.000,0.000,7.638,0.000,2.001,0.000,0.000,0.000,0.000,4.524,0.000,14.842,0.000,0.000,29.892,0.000,34.220,0.000,0.000,0.000,56.183,0.000,8.730,54.473,0.000,0.000,0.000,0.000,0.000,4.871,0.000,148.944,0.000,0.000,0.000,1.077,-0.5417,-0.2363,0.1776,0.0000,1,-0.08778,0.4716,0.1393,0.2857,0.0003,1,0.00297,-0.1387,-0.0018,0.4202,0.3053,1,-0.04232,0.0435,0.0069,0.2174,0.2428,1,-0.12525,-0.5469,-0.0000,0.5497,0.1364,1,-0.10689,0.3869,0.2444,0.6703,0.2570,1,-0.04968
3466.5,0,141.199,190.763,58.224,27.592,0.000,0.000,195.196,179.665,0.000,0.000,182.536,0.000,0.030,22.396,37.944,0.000,0.000,81.734,0.000,33.020,0.000,0.000,0.000,187.625,72.681,173.994,0.000,0.000,0.000,0.000,0.000,5.960,0.000,0.000,0.000,0.947,0.000,0.000,0.000,47.594,130.325,0.000,0.009,0.000,0.000,5.992,0.000,1.523,0.000,0.000,0.000,0.000,14.387,0.000,16.050,25.549,0.000,30.561,0.000,44.553,0.000,0.000,0.000,66.061,0.000,24.266,59.644,0.000,0.000,0.000,0.000,1.819,12.003,0.000,115.223,0.000,0.000,0.000,1.686,-0.5420,-0.2318,0.1735,0.0000,1,-0.08808,0.4732,0.1231,0.3143,0.0002,1,-0.02050,-0.2028,-0.0493,0.5372,0.3262,1,-0.04740,0.0300,0.0055,0.2147,0.2381,1,-0.12318,-0.5436,-0.0000,0.5181,0.1140,1,-0.10232,0.3615,0.1829,0.6649,0.2573,1,-0.06178
3475.0,0,146.223,151.638,10.637,23.437,0.000,0.000,182.700,190.655,0.000,0.000,205.119,0.000,0.005,57.770,15.432,0.000,0.000,128.848,0.000,30.243,0.000,0.000,0.000,206.049,115.851,193.425,0.000,0.000,0.000,0.000,0.000,9.328,0.000,0.000,0.000,1.399,0.000,0.000,0.000,51.263,125.016,0.000,0.002,0.000,0.000,4.795,0.000,1.415,0.000,0.000,0.000,0.000,20.833,0.000,17.364,28.480,0.000,28.388,0.000,49.918,0.000,0.000,0.000,70.586,0.000,37.313,63.280,0.000,0.000,0.000,0.000,19.786,20.055,0.000,74.475,0.000,0.000,0.000,1.425,-0.5423,-0.2317,0.1712,0.0000,1,-0.09210,0.4694,0.1452,0.3649,0.0002,1,-0.02300,-0.2624,-0.1319,0.6476,0.3506,1,-0.03758,0.0111,0.0043,0.2105,0.2316,1,-0.11859,-0.5372,-0.0000,0.4872,0.0945,1,-0.09706,0.3277,0.1365,0.6419,0.2575,1,-0.07310
3483.0,0,124.476,49.694,2.147,23.445,0.000,0.000,141.580,197.150,0.000,12.727,205.469,0.000,0.001,77.597,3.116,0.000,0.000,162.649,0.000,13.797,0.000,0.000,0.000,205.270,131.798,200.721,0.000,0.000,0.000,0.000,0.000,11.681,0.000,0.000,0.000,1.388,0.000,0.000,0.000,50.792,116.103,0.000,0.000,0.000,0.000,6.574,0.000,1.409,0.000,0.000,0.000,0.000,29.126,0.000,15.744,38.911,0.000,28.376,0.000,52.987,0.000,0.000,0.000,66.775,0.000,44.731,62.059,0.000,0.000,0.000,0.000,34.416,27.538,0.000,36.290,0.000,0.000,0.000,0.288,-0.5424,-0.2351,0.1701,0.0000,1,-0.09899,0.4586,0.1977,0.4295,0.0001,1,-0.00883,-0.3136,-0.2245,0.7449,0.3751,1,-0.00712,-0.0101,0.0034,0.2058,0.2258,1,-0.11297,-0.5262,-0.0000,0.4673,0.0911,1,-0.09485,0.2986,0.1262,0.6066,0.2580,1,-0.07921
3491.5,0,105.027,9.078,0.392,45.640,0.000,0.000,91.396,192.877,0.000,27.711,188.926,0.000,0.000,87.449,0.569,0.000,0.000,184.257,21.901,21.544,0.000,0.000,0.000,209.272,131.283,197.704,0.000,0.000,0.000,0.000,0.000,12.870,0.000,0.000,0.000,1.047,0.000,0.000,0.000,50.713,99.401,0.000,0.000,0.000,0.000,9.937,0.000,1.268,0.000,0.000,0.000,0.000,39.121,0.000,10.985,45.719,0.000,28.059,0.000,54.540,0.000,0.000,0.000,66.464,0.000,51.230,67.683,0.000,0.000,0.000,0.000,31.122,31.076,0.000,7.863,0.000,0.000,0.000,1.719,-0.5416,-0.2406,0.1682,0.0000,1,-0.10835,0.4376,0.2582,0.4968,0.0001,1,0.00857,-0.3563,-0.3128,0.8278,0.3976,1,0.03747,-0.0318,0.0027,0.2004,0.2229,1,-0.10721,-0.5119,-0.0000,0.4574,0.1104,1,-0.09710,0.2798,0.1460,0.5838,0.2588,1,-0.07673
3500.0,0,102.607,1.658,0.072,36.240,0.000,0.000,38.547,185.103,0.000,33.840,134.065,0.000,0.000,81.050,0.104,0.000,0.000,187.249,46.843,34.028,0.000,0.000,0.000,210.003,112.101,153.611,0.000,0.000,0.000,0.000,0.000,11.604,0.000,0.000,0.000,1.734,0.000,0.000,0.000,52.453,97.298,0.000,0.000,0.000,0.000,11.805,0.000,1.178,0.000,0.000,0.000,0.000,50.090,0.000,5.985,36.494,0.000,27.832,0.000,53.040,0.000,0.000,0.000,72.615,0.000,53.113,67.482,0.000,0.000,0.000,0.000,17.883,33.885,0.000,10.140,0.000,0.000,0.000,1.431,-0.5397,-0.2466,0.1688,0.0000,1,-0.12022,0.4112,0.3060,0.5625,0.0001,1,0.01726,-0.3920,-0.3880,0.8951,0.4166,0,0.08564,-0.0527,0.0021,0.1945,0.2224,1,-0.10173,-0.4922,-0.0000,0.4528,0.1439,1,-0.10253,0.2747,0.1811,0.5793,0.2600,1,-0.06843
3508.0,0,125.109,0.335,0.014,12.877,0.000,0.000,7.783,171.345,0.000,20.613,32.545,0.000,0.000,71.495,0.021,0.000,0.000,183.894,60.515,14.375,0.000,0.000,0.000,210.134,60.015,41.765,0.000,0.000,0.000,0.000,0.000,9.919,0.000,0.000,0.000,1.681,0.000,0.000,0.000,56.147,99.494,0.000,0.000,0.000,0.000,8.058,0.000,0.845,0.000,0.000,0.000,0.000,56.571,0.000,4.712,20.930,0.000,26.834,0.000,47.785,0.000,0.000,0.000,75.621,0.000,50.242,67.652,0.000,0.000,0.000,0.000,4.106,33.186,0.000,58.939,0.000,0.000,0.000,0.967,-0.5374,-0.2520,0.1705,0.0000,1,-0.13128,0.3970,0.3323,0.6226,0.0001,1,0.01459,-0.4216,-0.4441,0.9476,0.4318,0,0.12892,-0.0717,0.0016,0.1870,0.2216,1,-0.09588,-0.4674,-0.0000,0.4446,0.1822,1,-0.10857,0.2792,0.2187,0.5943,0.2617,1,-0.05829
3516.5,0,108.742,0.061,0.003,9.761,0.000,0.000,1.422,165.713,0.000,6.491,5.945,0.000,0.000,57.521,0.004,0.000,0.000,166.202,24.656,2.626,0.000,0.000,0.000,204.095,10.964,7.630,0.000,0.000,0.000,0.000,0.000,7.948,0.000,0.000,0.000,1.473,0.000,0.000,0.000,52.498,96.153,0.000,0.000,0.000,0.000,6.257,0.000,0.408,0.000,0.000,0.000,2.879,63.186,0.000,0.861,6.555,0.000,25.182,0.000,38.406,0.000,0.000,0.000,79.153,0.000,43.910,67.405,0.000,0.000,0.000,0.000,0.750,27.515,0.000,103.152,0.000,0.000,0.000,1.748,-0.5353,-0.2556,0.1722,0.0000,1,-0.14024,0.3939,0.3351,0.6728,0.0001,1,0.00252,-0.4459,-0.4752,0.9854,0.4435,0,0.16091,-0.0945,0.0013,0.1760,0.2196,1,-0.08883,-0.4389,-0.0000,0.4296,0.2190,1,-0.11361,0.2913,0.2487,0.6247,0.2636,1,-0.04959
3525.0,0,113.733,0.011,0.000,27.784,0.000,0.000,0.260,163.905,0.000,1.186,1.086,0.000,0.000,38.362,0.001,0.000,0.000,145.518,4.504,0.480,0.000,0.000,0.000,197.971,2.003,1.394,0.000,0.000,0.000,0.000,0.000,5.836,0.000,0.000,0.000,1.520,0.000,0.000,0.000,51.614,96.491,0.000,0.000,0.000,0.000,5.848,0.000,1.047,0.000,0.000,0.000,7.710,74.186,0.000,0.157,1.450,0.000,24.130,0.000,32.678,0.000,0.000,0.000,81.633,0.000,38.750,59.747,18.834,0.000,0.000,0.000,0.137,12.072,0.000,116.051,0.000,0.000,0.000,2.757,-0.5331,-0.2565,0.1738,0.0000,1,-0.14720,0.3973,0.2917,0.7047,0.0000,1,-0.02701,-0.4657,-0.4795,1.0093,0.4523,0,0.17869,-0.1229,0.0010,0.1677,0.2166,1,-0.08243,-0.4097,-0.0000,0.4064,0.2496,1,-0.11652,0.3085,0.2688,0.6609,0.2655,1,-0.04298
3533.0,0,106.830,0.002,0.000,47.817,0.000,0.000,0.052,173.705,0.000,0.239,0.219,0.000,0.000,33.547,0.000,0.000,0.000,112.148,0.909,0.097,0.000,0.000,0.000,186.661,0.404,0.281,0.000,0.000,0.000,0.000,0.000,5.026,0.000,0.000,0.000,1.184,0.000,0.000,0.000,46.987,93.556,0.000,0.000,0.000,0.000,6.065,0.909,0.904,0.000,0.000,0.000,13.243,81.309,0.000,0.032,0.293,5.368,23.085,0.000,27.314,0.000,0.000,0.000,87.371,0.000,33.863,52.938,21.323,0.000,0.000,0.000,0.028,2.577,0.000,110.625,0.000,0.000,0.000,5.212,-0.5306,-0.2552,0.1739,0.0000,1,-0.15169,0.4034,0.2217,0.7075,0.0000,1,-0.06120,-0.4820,-0.4609,1.0201,0.4588,0,0.18275,-0.1549,0.0067,0.1607,0.2133,1,-0.07199,-0.3813,-0.0000,0.3765,0.2699,1,-0.11650,0.3276,0.2810,0.7005,0.2725,1,-0.03694
3541.5,0,68.233,0.000,17.408,94.648,0.000,0.000,0.010,185.572,0.000,0.044,0.040,0.000,0.000,9.457,0.000,0.000,0.000,74.903,0.166,0.018,0.000,0.000,0.000,149.600,0.074,0.051,0.000,0.000,0.000,0.000,0.000,5.351,0.000,0.000,0.000,1.022,0.000,0.000,0.000,40.253,89.363,0.000,3.053,0.000,0.000,8.622,1.358,1.585,0.000,0.000,0.000,18.720,91.405,0.621,0.006,0.053,9.221,22.130,0.000,19.781,0.000,0.000,0.000,84.153,0.000,29.988,48.281,42.967,0.000,0.000,0.000,0.005,0.471,0.000,81.356,0.000,0.000,0.000,5.429,-0.5276,-0.2528,0.1723,0.0000,1,-0.15254,0.4070,0.1299,0.6794,0.0000,1,-0.10020,-0.4952,-0.4263,1.0189,0.4636,0,0.17562,-0.1897,0.0173,0.1579,0.2191,1,-0.05983,-0.3555,-0.0000,0.3495,0.2801,1,-0.11430,0.3470,0.2874,0.7412,0.2849,1,-0.03026
3550.0,0,35.425,0.000,100.511,123.643,0.000,0.000,0.002,173.967,0.000,34.065,0.007,0.000,0.000,1.728,0.000,0.000,0.000,42.826,0.030,0.003,0.000,0.000,0.000,104.571,0.013,0.009,0.000,0.000,0.000,0.000,0.000,4.351,0.000,0.000,0.000,0.971,0.000,0.000,0.000,29.320,85.331,0.000,7.451,0.000,0.000,8.694,1.102,1.809,0.000,0.000,0.000,22.384,109.331,0.490,1.012,0.010,7.053,19.738,0.000,10.964,0.000,0.000,0.000,80.133,0.000,23.943,37.946,31.092,0.000,0.000,0.000,0.001,0.086,0.000,38.743,0.000,0.000,0.000,4.295,-0.5231,-0.2489,0.1695,0.0000,1,-0.14936,0.4038,0.0405,0.6284,0.0000,1,-0.13703,-0.5056,-0.3828,1.0042,0.4667,0,0.15884,-0.2275,0.0292,0.1585,0.2290,1,-0.04663,-0.3373,-0.0000,0.3265,0.2818,1,-0.11020,0.3658,0.2741,0.7826,0.3001,1,-0.02421
3558.0,0,39.699,0.000,154.426,128.651,0.000,0.000,53.703,158.922,0.000,80.536,0.001,0.000,0.000,0.349,0.000,0.000,0.000,27.904,0.006,0.001,0.000,0.000,0.000,36.722,0.003,0.002,0.000,0.000,0.000,0.000,0.000,3.905,0.000,0.000,0.000,0.553,0.000,0.000,0.000,23.662,85.545,0.000,4.230,0.000,0.000,13.058,1.618,1.918,0.000,0.000,0.000,23.057,113.893,0.099,2.898,0.002,7.981,15.974,0.000,6.919,0.000,0.000,0.000,75.591,0.000,20.098,31.023,28.187,0.000,0.000,0.000,0.000,0.017,0.000,7.822,0.000,0.000,0.000,3.435,-0.5163,-0.2439,0.1636,0.0000,1,-0.14343,0.3893,-0.0353,0.5643,0.0000,1,-0.16878,-0.5137,-0.3360,0.9748,0.4685,0,0.13406,-0.2652,0.0430,0.1613,0.2421,1,-0.03347,-0.3355,-0.0000,0.3030,0.2756,1,-0.10390,0.3836,0.2403,0.8128,0.3126,1,-0.01987
3566.5,0,44.634,0.000,179.187,142.916,0.000,7.408,130.785,135.445,0.000,131.383,0.000,0.000,0.000,0.064,0.000,0.000,0.000,9.591,0.001,0.000,0.000,0.000,0.000,6.708,0.000,0.000,0.000,0.000,0.000,0.000,0.000,3.433,0.000,0.000,0.000,0.760,0.000,0.000,0.000,20.318,80.517,0.000,1.184,0.000,0.000,13.221,0.296,1.978,0.000,0.000,0.000,18.753,99.959,0.018,4.192,0.000,3.941,14.299,0.000,5.701,0.000,0.000,0.000,73.792,0.000,16.269,27.870,24.049,0.000,0.000,0.000,0.000,0.003,0.000,1.429,0.000,0.000,0.000,2.093,-0.5066,-0.2377,0.1577,0.0000,1,-0.13747,0.3631,-0.0962,0.4953,0.0000,1,-0.19481,-0.5207,-0.2897,0.9367,0.4691,0,0.10669,-0.2966,0.0507,0.1654,0.2556,1,-0.02767,-0.3525,-0.0000,0.2782,0.2596,1,-0.09451,0.3996,0.1947,0.8222,0.3191,1,-0.01962
3575.0,0,36.646,0.000,173.188,138.986,0.000,50.289,182.171,103.927,0.000,160.791,0.000,0.000,13.542,0.012,0.000,0.000,0.000,1.752,0.000,0.000,0.000,0.000,0.000,1.226,0.000,0.000,0.000,0.000,0.000,0.000,0.000,4.876,0.000,0.000,0.000,0.887,0.000,0.000,0.000,20.700,79.017,0.000,0.216,0.000,0.000,11.964,0.054,1.497,0.000,0.000,0.000,11.823,96.454,0.003,3.604,0.000,5.930,11.742,0.000,5.010,0.000,0.000,0.000,70.509,0.000,10.633,24.739,20.268,0.000,0.000,0.000,0.000,0.001,0.000,0.261,0.000,0.000,0.000,3.129,-0.4949,-0.2331,0.1528,0.0000,1,-0.13414,0.3288,-0.1439,0.4270,0.0000,1,-0.21513,-0.5265,-0.2462,0.8908,0.4679,0,0.07845,-0.3183,0.0526,0.1684,0.2658,1,-0.02748,-0.3755,-0.0000,0.2507,0.2366,1,-0.08252,0.4135,0.1521,0.8021,0.3200,1,-0.02728
3583.0,0,103.654,0.000,178.160,141.615,0.000,126.212,194.381,84.383,0.000,170.845,0.000,0.000,38.357,0.002,0.000,0.000,0.000,0.354,0.000,31.850,0.000,0.000,0.000,0.247,0.000,0.000,0.000,0.000,0.000,0.000,14.014,5.981,0.000,0.000,0.000,1.230,0.000,0.000,0.000,29.388,88.442,0.000,0.044,0.000,0.000,13.653,0.011,1.423,0.000,0.000,0.000,4.127,89.727,0.001,3.705,0.000,21.531,10.336,0.000,11.889,0.000,0.000,0.000,81.326,0.000,8.364,30.814,14.120,0.000,0.000,0.000,0.000,0.000,0.000,0.053,0.000,0.000,0.000,3.326,-0.4889,-0.2308,0.1506,0.0000,1,-0.13184,0.2907,-0.1801,0.3628,0.0000,1,-0.22968,-0.5325,-0.2068,0.8535,0.4647,0,0.05719,-0.3285,0.0507,0.1703,0.2730,1,-0.03074,-0.3977,-0.0000,0.2242,0.2100,1,-0.06925,0.4251,0.1175,0.7545,0.3170,1,-0.04331
3591.5,0,141.854,0.000,178.092,151.596,0.000,167.838,199.875,99.070,0.000,185.049,0.000,76.917,58.118,11.902,0.000,0.000,0.000,0.065,0.000,82.895,0.000,0.000,0.000,0.045,40.305,0.000,0.000,0.000,6.703,0.000,47.404,8.657,0.000,0.000,0.000,1.391,0.000,0.000,0.000,38.908,116.776,0.000,0.008,0.000,0.000,17.330,2.083,1.988,0.000,0.000,0.000,0.754,92.368,0.000,5.708,0.000,32.242,7.286,1.187,16.325,0.000,0.000,0.000,92.443,0.000,2.731,39.450,6.639,0.000,0.000,0.000,0.000,0.000,0.000,0.010,0.000,0.000,0.000,3.132,-0.4897,-0.2317,0.1508,0.0000,1,-0.12946,0.2522,-0.2042,0.3048,0.0000,1,-0.23756,-0.5387,-0.1654,0.8286,0.4578,1,0.04240,-0.3272,0.0592,0.1733,0.2818,1,-0.02857,-0.4173,-0.0000,0.2084,0.1826,1,-0.05815,0.4346,0.0964,0.6879,0.3115,1,-0.06363
3600.0,0,147.848,19.179,183.523,127.182,0.000,184.569,208.286,140.569,0.000,188.173,0.000,154.829,82.304,45.469,23.000,0.000,0.000,0.012,15.114,136.796,9.048,0.000,0.000,0.008,97.932,0.000,0.000,0.000,54.699,0.000,67.727,11.756,0.000,0.000,0.000,1.628,0.000,0.000,0.000,46.089,133.067,0.000,0.001,0.000,0.000,15.151,11.452,2.061,0.000,1.365,0.000,0.138,89.622,0.000,6.196,0.000,33.311,3.338,4.186,10.252,0.000,0.000,0.000,91.708,0.000,0.499,43.339,1.213,0.000,0.000,0.000,0.000,0.000,0.000,0.002,0.000,0.000,0.000,2.492,-0.4952,-0.2357,0.1533,0.0000,1,-0.12884,0.2154,-0.2118,0.2536,0.0000,1,-0.23543,-0.5444,-0.1182,0.8033,0.4441,1,0.02837,-0.3136,0.0916,0.1771,0.2883,1,-0.01014,-0.4359,-0.0000,0.1994,0.1649,1,-0.05028,0.4423,0.1368,0.6114,0.3036,1,-0.07481
3608.0,0,108.775,6.598,158.852,50.987,0.000,171.107,209.787,157.740,0.000,177.207,0.000,190.204,96.806,70.842,30.904,0.000,0.000,0.002,60.465,156.091,39.283,0.000,0.000,0.002,129.641,0.000,0.000,0.000,103.098,0.000,70.679,12.578,0.000,0.000,0.000,1.418,0.000,0.000,0.000,44.471,137.659,0.000,0.000,0.000,0.000,11.999,17.452,1.889,0.000,0.275,0.000,0.028,79.711,0.000,8.687,0.000,15.645,0.674,19.352,4.295,0.000,0.000,0.000,72.032,0.000,0.101,36.785,0.245,0.000,0.000,0.000,0.000,0.000,0.000,0.000,0.000,0.000,0.000,1.252,-0.5020,-0.2414,0.1561,0.0000,1,-0.12964,0.1817,-0.2054,0.2093,0.0000,1,-0.22399,-0.5482,-0.0376,0.7628,0.4210,1,0.01273,-0.2961,0.1381,0.1805,0.2904,1,0.01898,-0.4534,-0.0000,0.1858,0.1575,1,-0.04267,0.4482,0.2322,0.5326,0.2938,1,-0.06212
3616.5,0,39.353,1.205,91.860,9.315,0.000,100.289,208.078,163.558,0.000,152.709,0.000,202.454,107.250,78.831,47.381,0.000,0.000,0.000,90.635,157.558,63.141,0.000,0.000,0.000,150.667,0.000,0.000,0.000,127.318,0.000,31.756,11.903,0.000,0.000,0.000,1.255,0.000,0.000,0.000,41.308,141.587,0.000,0.000,0.000,0.000,11.246,15.675,1.958,0.000,2.679,0.000,0.005,62.373,0.000,9.768,0.000,3.868,0.123,28.942,1.812,0.000,0.000,0.000,29.664,0.000,0.018,20.192,0.045,0.000,0.000,0.000,0.000,0.000,0.000,0.000,0.000,0.000,0.000,0.731,-0.5081,-0.2476,0.1582,0.0000,1,-0.13114,0.1517,-0.1901,0.1716,0.0000,1,-0.20589,-0.5475,0.0625,0.7078,0.3889,1,0.00558,-0.2705,0.1880,0.1838,0.2889,0,0.05142,-0.4684,-0.0000,0.1677,0.1616,1,-0.03579,0.4524,0.3378,0.4564,0.2829,1,-0.02587
3625.0,0,7.189,0.220,16.781,1.702,0.000,22.806,201.598,125.075,0.000,85.989,0.000,196.697,107.945,96.222,57.633,0.000,0.000,0.000,92.444,139.705,90.697,0.000,0.000,0.000,156.568,0.000,0.000,0.000,119.177,0.000,5.801,10.785,0.000,0.000,0.000,1.184,0.000,0.000,0.000,37.073,126.095,0.000,0.000,0.000,0.000,10.022,4.590,1.853,0.000,2.834,0.000,0.001,45.275,0.000,12.585,0.000,0.707,0.022,40.150,1.286,0.000,0.000,0.000,5.977,0.000,0.003,6.513,0.008,0.000,0.000,0.000,0.000,0.000,0.000,0.000,0.000,0.000,0.000,1.368,-0.5125,-0.2533,0.1595,0.0000,1,-0.13302,0.1256,-0.1704,0.1398,0.0000,1,-0.18388,-0.5378,0.1702,0.6456,0.3505,1,0.01634,-0.2403,0.2257,0.1864,0.2849,0,0.07564,-0.4813,-0.0000,0.1476,0.1710,1,-0.02923,0.4550,0.4321,0.3861,0.2728,1,0.02486
3633.0,0,1.451,0.044,3.388,0.344,0.000,4.604,187.668,66.089,0.000,19.827,0.000,181.745,89.596,103.294,73.298,0.000,0.000,0.000,86.829,104.539,114.567,0.000,0.000,0.000,159.507,0.000,0.000,0.000,107.929,0.000,1.171,8.754,0.000,0.000,0.000,1.757,0.000,0.000,0.000,30.375,116.605,0.000,0.000,0.000,0.000,8.827,0.927,1.887,0.000,0.572,0.000,0.000,28.184,0.000,14.523,0.000,0.143,0.005,41.747,1.195,0.000,0.000,0.000,1.207,0.000,0.001,1.315,0.002,0.000,0.000,0.000,0.000,0.000,0.000,0.000,0.000,0.000,0.000,0.276,-0.5134,-0.2575,0.1625,0.0000,1,-0.13552,0.1032,-0.1491,0.1134,0.0000,1,-0.16033,-0.5159,0.2707,0.5822,0.3093,1,0.04553,-0.2135,0.2417,0.1887,0.2790,0,0.08435,-0.4924,-0.0000,0.1274,0.1818,1,-0.02291,0.4567,0.5103,0.3231,0.2638,0,0.08091
3641.5,0,0.265,0.008,0.619,0.063,0.000,0.841,162.120,23.121,0.000,3.622,0.000,146.589,65.607,104.756,87.864,0.000,0.000,0.000,82.703,63.708,146.655,0.000,0.000,0.000,162.721,0.000,0.000,0.000,101.537,0.000,0.214,8.244,0.000,0.000,0.000,1.410,0.000,0.000,0.000,25.849,101.122,0.000,0.000,0.000,0.000,8.705,0.169,1.714,0.000,0.105,0.000,0.000,14.505,0.000,17.995,0.000,0.026,0.001,42.314,0.218,0.000,0.000,0.000,0.220,0.000,0.000,0.240,0.000,0.000,0.000,0.000,0.000,0.000,0.000,0.000,0.000,0.000,0.000,0.050,-0.5108,-0.2603,0.1651,0.0000,1,-0.13826,0.0843,-0.1281,0.0916,0.0000,1,-0.13691,-0.4819,0.3585,0.5151,0.2681,0,0.08990,-0.1899,0.2391,0.1900,0.2723,0,0.07916,-0.5018,-0.0000,0.1083,0.1913,1,-0.01672,0.4579,0.5728,0.2680,0.2566,0,0.13581
3650.0,0,0.048,0.001,0.113,0.011,0.000,0.154,118.228,7.236,0.000,0.662,0.000,92.238,45.217,114.663,101.938,0.000,0.000,0.000,110.043,31.213,177.883,0.000,0.000,0.000,161.660,0.000,0.000,0.000,84.404,0.000,0.039,5.532,0.000,0.000,0.000,1.281,0.000,0.000,0.000,18.628,81.822,0.000,0.000,0.000,0.000,7.841,0.031,1.808,0.000,0.019,0.000,0.000,15.200,0.000,17.372,0.000,0.005,0.000,41.091,0.040,0.000,0.000,0.000,0.040,0.000,0.000,0.044,0.000,0.000,0.000,0.000,0.000,0.000,0.000,0.000,0.000,0.000,0.000,0.009,-0.5038,-0.2603,0.1667,0.0000,1,-0.14139,0.0685,-0.1086,0.0737,0.0000,1,-0.11470,-0.4387,0.4323,0.4473,0.2290,0,0.14470,-0.1693,0.2243,0.1911,0.2650,0,0.06563,-0.5095,-0.0000,0.0910,0.1980,1,-0.01061,0.4590,0.6221,0.2207,0.2513,0,0.18589
3658.0,0,43.902,37.653,0.023,0.002,0.000,0.031,67.071,1.461,0.000,0.134,0.000,27.258,24.535,113.083,118.942,0.000,0.000,0.000,133.541,11.268,194.571,0.000,0.000,0.000,132.432,0.000,0.000,0.000,66.730,0.000,0.008,3.357,0.000,0.000,0.000,1.532,0.000,0.000,0.000,11.813,72.144,0.000,0.000,0.000,0.000,9.080,0.006,2.238,0.000,0.004,0.000,0.000,29.029,0.000,17.716,0.000,0.001,4.542,20.698,0.008,0.000,0.000,0.000,0.008,0.000,0.000,0.009,0.000,0.000,0.000,0.000,0.000,0.000,0.000,0.000,0.000,0.000,0.000,0.002,-0.4916,-0.2560,0.1686,0.0000,1,-0.14364,0.0554,-0.0910,0.0591,0.0000,1,-0.09436,-0.3903,0.4858,0.3824,0.2030,0,0.19826,-0.1543,0.2029,0.1931,0.2609,1,0.04772,-0.5158,-0.0000,0.0804,0.1996,1,-0.00600,0.4603,0.6603,0.1805,0.2487,0,0.22923
3666.5,0,93.431,128.919,0.004,0.000,0.000,0.006,14.719,40.611,0.000,0.024,0.000,4.980,7.811,106.545,127.009,0.000,0.000,0.000,159.280,20.501,198.786,0.000,0.000,0.000,73.064,0.000,0.000,0.000,32.951,0.000,0.001,1.122,0.000,0.000,0.000,1.446,0.000,0.000,0.000,11.709,67.797,0.000,0.000,0.000,0.000,9.895,0.001,2.300,0.000,0.001,0.000,0.000,51.279,0.000,15.558,0.000,0.000,12.601,5.122,0.001,0.000,0.000,0.000,0.001,0.000,0.000,0.002,0.000,0.000,0.000,0.000,0.000,0.000,0.000,0.000,0.000,0.000,0.000,0.000,-0.4781,-0.2441,0.1703,0.0000,1,-0.14143,0.0446,-0.0755,0.0472,0.0000,1,-0.07624,-0.3407,0.5142,0.3228,0.1912,0,0.23936,-0.1461,0.1788,0.1957,0.2588,1,0.02893,-0.5211,-0.0000,0.0805,0.1931,1,-0.00390,0.4619,0.6895,0.1469,0.2486,0,0.26523
3675.0,0,131.473,181.384,0.001,15.386,0.000,0.001,2.689,96.748,0.000,0.004,74.309,0.910,1.427,99.862,131.631,0.000,0.000,0.000,157.076,49.294,199.874,0.000,0.000,0.000,15.367,0.000,0.000,0.000,20.985,0.000,0.000,2.753,0.000,0.000,0.000,1.726,0.000,0.000,0.000,15.740,72.873,0.000,0.000,0.000,0.000,8.763,0.000,1.947,0.000,0.000,0.000,0.000,62.534,0.000,14.912,0.000,0.000,16.535,0.936,0.000,0.000,0.000,0.000,0.000,0.000,0.000,0.000,0.000,0.000,0.000,0.000,0.000,0.000,0.000,0.000,0.000,0.000,0.000,4.042,-0.4674,-0.2328,0.1728,0.0000,1,-0.13955,0.0358,-0.0622,0.0376,0.0000,1,-0.06079,-0.2927,0.5156,0.2697,0.1893,0,0.26165,-0.1431,0.1545,0.1976,0.2566,1,0.01141,-0.5252,-0.0000,0.0844,0.1793,1,-0.00177,0.4635,0.7107,0.1189,0.2501,0,0.29377
3683.0,0,128.485,200.290,0.000,57.738,0.000,0.000,0.543,142.479,0.000,18.532,160.949,0.184,0.288,83.866,132.348,0.000,0.000,0.000,133.504,64.467,195.088,0.000,0.000,41.167,3.102,44.497,0.000,0.000,28.762,0.000,0.000,4.792,0.000,0.000,0.000,1.530,0.000,0.000,0.000,17.086,78.068,0.000,0.000,0.000,0.000,6.729,0.000,1.762,0.000,0.000,0.000,0.000,68.927,0.000,13.638,0.000,0.000,19.213,0.189,0.000,0.000,0.000,0.000,0.000,0.000,0.000,0.000,0.000,0.000,0.000,0.000,0.000,0.000,0.000,0.000,0.000,0.000,0.000,10.145,-0.4596,-0.2255,0.1749,0.0000,1,-0.13960,0.0287,-0.0509,0.0299,0.0000,1,-0.04794,-0.2481,0.4940,0.2234,0.1934,0,0.26495,-0.1432,0.1315,0.1983,0.2524,1,-0.00374,-0.5280,-0.0000,0.0917,0.1613,1,-0.00015,0.4651,0.7240,0.0959,0.2527,0,0.31477
3691.5,0,116.343,205.034,0.000,78.510,0.000,0.000,0.099,164.211,0.000,40.734,197.497,0.034,0.053,62.042,131.323,0.000,0.000,61.427,90.243,82.083,182.774,0.000,0.000,113.332,0.567,157.317,0.000,0.000,12.473,0.000,7.408,10.129,0.000,0.000,0.000,1.334,0.000,0.000,0.000,24.108,81.847,0.000,0.000,0.000,0.000,7.389,0.000,1.691,0.000,0.000,0.000,0.000,73.360,0.000,13.817,0.000,0.000,20.142,0.035,0.000,0.000,0.000,0.000,0.000,0.000,0.000,0.000,0.000,0.000,0.000,0.000,0.000,0.000,0.000,0.000,0.000,0.000,0.000,11.328,-0.4552,-0.2246,0.1759,0.0000,1,-0.14290,0.0229,-0.0414,0.0237,0.0000,1,-0.03718,-0.2081,0.4563,0.1837,0.2008,0,0.25311,-0.1449,0.1105,0.1982,0.2475,1,-0.01663,-0.5294,-0.0000,0.1037,0.1473,1,-0.00144,0.4665,0.7288,0.0770,0.2557,0,0.32769
3700.0,0,86.329,185.801,0.000,106.932,0.000,0.000,0.018,153.970,0.000,81.118,207.852,0.006,0.010,47.382,131.135,0.000,0.000,117.825,51.573,100.882,159.225,0.000,0.000,171.467,0.104,186.627,0.000,0.000,2.279,0.000,17.518,15.031,0.000,0.000,0.000,1.845,0.000,0.000,0.000,28.950,91.920,0.000,0.000,0.000,0.000,7.796,0.000,1.988,0.000,1.235,0.000,3.592,82.493,0.000,12.584,0.000,0.000,22.743,0.006,0.000,0.000,0.000,0.000,0.000,0.000,0.000,0.000,0.000,0.000,0.000,0.000,1.819,9.444,0.000,0.000,0.000,0.000,0.000,4.121,-0.4548,-0.2311,0.1780,0.0000,1,-0.14939,0.0182,-0.0247,0.0620,0.0000,1,-0.03990,-0.1729,0.4096,0.1501,0.2099,0,0.23111,-0.1502,0.0920,0.1984,0.2426,1,-0.02786,-0.5290,-0.0000,0.1267,0.1498,1,-0.01089,0.4679,0.7241,0.0617,0.2589,0,0.33207
3708.0,0,66.756,111.478,0.000,101.367,0.000,0.000,0.004,112.437,0.000,114.259,209.699,0.001,18.533,46.168,128.843,0.000,0.000,156.634,13.424,115.709,125.037,0.000,0.000,185.614,0.021,188.727,0.000,0.000,0.460,0.000,35.742,25.536,0.000,0.000,0.000,1.703,0.000,0.000,0.000,30.584,104.787,0.000,3.036,0.000,0.000,9.542,0.000,1.804,0.000,0.804,0.000,8.776,87.822,0.000,12.453,0.000,0.000,25.449,0.001,0.000,0.000,0.000,0.000,0.000,0.000,0.000,0.000,0.000,0.000,0.000,0.000,8.230,22.576,0.000,0.000,0.000,0.000,0.000,0.832,-0.4594,-0.2577,0.1802,0.0000,1,-0.16445,0.0145,0.0035,0.1343,0.0000,1,-0.04691,-0.1425,0.3595,0.1220,0.2238,0,0.20261,-0.1630,0.0760,0.1983,0.2389,1,-0.03744,-0.5281,-0.0000,0.1562,0.1688,1,-0.02592,0.4691,0.7119,0.0493,0.2620,0,0.32947
3716.5,0,58.243,20.365,0.000,92.930,0.000,0.000,0.001,46.108,0.000,135.278,206.402,0.000,36.546,32.975,113.490,0.000,0.000,170.295,2.452,131.875,37.874,0.000,0.000,179.979,0.004,123.142,0.000,0.000,0.084,0.000,36.556,18.918,0.000,0.000,0.000,1.722,0.000,0.000,0.000,29.898,110.524,0.000,1.109,0.000,0.000,12.047,0.000,2.097,0.000,3.326,0.000,10.588,88.710,0.000,12.128,0.000,0.000,24.635,0.000,0.482,0.000,0.000,0.000,0.000,0.000,0.000,0.000,0.000,0.000,0.000,0.000,5.975,31.555,0.000,0.000,0.000,0.000,0.000,0.152,-0.4671,-0.2821,0.1824,0.0000,1,-0.17612,0.0115,0.0349,0.2221,0.0000,1,-0.05604,-0.1167,0.3099,0.1037,0.2381,0,0.16980,-0.1747,0.0623,0.1989,0.2371,1,-0.04605,-0.5270,-0.0000,0.1954,0.1981,1,-0.04503,0.4701,0.6973,0.0435,0.2648,0,0.32136
3725.0,0,13.106,3.720,16.703,46.014,0.000,0.000,0.000,8.423,0.000,133.819,173.520,0.000,59.494,35.164,97.571,0.000,0.000,184.714,0.448,129.213,6.919,0.000,0.000,172.160,0.001,33.150,0.000,0.000,0.015,0.000,23.118,15.898,0.000,0.000,0.000,2.029,0.000,0.000,0.000,30.962,112.847,0.000,0.203,0.000,0.000,13.360,0.000,2.706,0.000,4.163,0.000,10.800,91.140,0.000,9.343,0.000,0.000,28.033,0.000,1.432,0.000,0.000,0.000,0.000,0.000,0.000,0.000,0.000,0.000,0.000,0.000,1.092,34.173,0.000,7.557,0.000,0.000,0.000,0.028,-0.4758,-0.2989,0.1854,0.0000,1,-0.18315,0.0169,0.0572,0.3121,0.0000,1,-0.07023,-0.0951,0.2634,0.0977,0.2539,0,0.13393,-0.1840,0.0508,0.2012,0.2369,1,-0.05416,-0.5259,-0.0000,0.2387,0.2307,1,-0.06367,0.4708,0.6867,0.0527,0.2705,0,0.30718
3733.0,0,2.646,0.751,68.823,15.200,0.000,0.000,0.000,1.701,0.000,108.796,54.429,0.000,76.581,22.505,73.539,0.000,0.000,180.178,0.090,123.190,1.397,0.000,0.000,148.343,0.000,6.693,0.000,0.000,0.003,0.000,7.133,12.855,0.000,0.000,0.000,1.591,0.000,0.000,0.000,29.393,102.158,0.000,4.954,0.000,0.000,16.238,0.000,2.695,0.000,6.049,0.000,7.369,92.618,0.000,10.508,0.000,0.000,29.941,0.000,1.289,0.000,0.000,0.000,0.000,0.000,0.000,0.000,0.000,0.000,0.000,0.000,0.220,31.887,0.000,58.334,0.000,0.000,0.000,0.006,-0.4838,-0.3086,0.1873,0.0000,1,-0.18406,0.0490,0.0682,0.3960,0.0000,1,-0.08660,-0.0771,0.2213,0.0983,0.2699,0,0.09945,-0.1874,0.0412,0.2045,0.2384,1,-0.06160,-0.5253,-0.0000,0.2856,0.2627,1,-0.08031,0.4714,0.6813,0.0723,0.2798,0,0.29024
3741.5,0,0.483,0.137,107.536,2.777,0.000,0.000,28.569,0.311,0.000,48.667,9.943,0.000,76.642,4.111,38.469,0.000,0.000,168.278,0.017,121.147,0.255,0.000,0.000,122.083,0.000,1.223,0.000,0.000,0.001,0.000,1.303,7.932,0.000,0.000,0.000,1.934,0.000,0.000,0.000,27.916,107.820,0.000,5.184,0.000,0.000,14.983,0.000,2.251,0.000,5.718,0.000,5.224,88.666,0.000,10.512,0.000,0.000,32.353,0.000,1.647,0.000,0.000,0.000,0.000,0.000,0.000,0.000,0.000,0.000,0.000,0.000,0.040,26.222,0.000,121.492,0.000,0.000,0.000,0.001,-0.4907,-0.3116,0.1895,0.0000,1,-0.17985,0.0987,0.0709,0.4693,0.0000,1,-0.10149,-0.0622,0.1842,0.1042,0.2840,0,0.06811,-0.1856,0.0333,0.2070,0.2404,1,-0.06783,-0.5252,-0.0000,0.3268,0.2914,1,-0.09240,0.4718,0.6791,0.0979,0.2873,0,0.27326
3750.0,0,0.088,0.025,143.173,0.507,0.000,0.000,100.082,0.057,0.000,11.122,1.816,0.000,73.627,0.751,19.079,0.000,0.000,137.637,0.003,101.315,0.047,0.000,0.000,78.502,0.000,0.223,0.000,0.000,0.000,0.000,0.238,4.034,0.000,0.000,0.000,1.591,0.000,0.000,0.000,29.359,103.811,0.000,6.003,0.000,0.000,13.473,0.000,2.712,0.000,3.144,0.000,4.108,81.694,0.000,12.144,0.000,0.000,33.241,0.000,3.438,0.000,0.000,0.000,0.000,0.000,0.000,0.000,0.000,0.000,0.000,0.000,0.007,17.152,0.000,160.983,0.000,0.000,0.000,0.000,-0.4968,-0.3073,0.1907,0.0000,1,-0.17053,0.1544,0.0683,0.5283,0.0000,1,-0.11299,-0.0500,0.1520,0.1244,0.2952,1,0.03720,-0.1826,0.0268,0.2100,0.2422,1,-0.07332,-0.5253,-0.0000,0.3574,0.3154,1,-0.10002,0.4718,0.6776,0.1255,0.2911,0,0.25711
3758.0,0,0.018,0.005,137.573,0.102,0.000,0.000,149.856,0.011,0.000,2.245,0.367,0.000,43.240,0.152,7.531,0.000,0.000,113.887,0.001,67.526,0.009,0.000,0.000,55.688,0.000,0.045,0.000,0.000,0.000,0.000,0.048,2.298,0.000,0.000,0.000,1.610,0.000,0.000,0.000,29.560,93.639,0.000,6.810,0.000,0.000,14.069,0.000,2.379,0.000,0.635,0.000,3.844,75.223,0.000,13.323,0.000,0.000,35.465,0.000,6.855,0.000,0.000,0.000,0.000,0.000,0.000,4.984,0.000,0.000,0.000,0.000,0.001,9.605,0.000,172.059,0.000,0.000,0.000,0.000,-0.5015,-0.2959,0.1913,0.0000,1,-0.15726,0.2086,0.0629,0.5686,0.0000,1,-0.12082,-0.0401,0.1247,0.1586,0.3023,1,0.00944,-0.1846,0.0215,0.2124,0.2440,1,-0.07790,-0.5256,-0.0000,0.3738,0.3308,1,-0.10362,0.4717,0.6752,0.1521,0.2912,0,0.24226
3766.5,0,0.003,0.001,144.825,0.019,0.000,0.000,176.164,0.002,0.000,0.410,0.067,0.000,32.775,28.272,18.361,0.000,0.000,90.467,0.000,36.876,0.002,0.000,0.000,44.542,16.703,0.008,0.000,0.000,0.000,0.000,0.009,2.011,0.000,0.000,0.000,1.460,0.000,0.000,0.000,30.114,89.480,0.000,4.231,0.000,0.000,15.581,0.000,2.545,0.000,1.127,0.000,4.326,76.369,0.000,13.446,0.000,0.000,36.594,0.000,18.174,0.000,0.000,17.865,0.000,0.000,0.000,21.486,0.000,0.000,0.000,0.000,0.000,4.959,0.000,181.734,0.000,0.000,0.000,0.000,-0.5052,-0.2803,0.1910,0.0000,1,-0.14238,0.2577,0.0560,0.5866,0.0000,1,-0.12574,-0.0320,0.1016,0.2365,0.3078,1,-0.02197,-0.1882,0.0172,0.2146,0.2506,1,-0.08266,-0.5256,-0.0000,0.3959,0.3321,1,-0.10638,0.4715,0.6701,0.1924,0.2887,0,0.22024
3775.0,0,36.585,0.000,141.613,23.679,0.000,0.000,183.859,0.000,0.000,0.075,0.012,0.000,16.724,51.809,22.171,0.000,0.000,61.107,0.000,33.014,0.000,0.000,0.000,13.697,53.850,0.002,0.000,0.000,0.000,0.000,0.002,1.053,0.000,0.000,0.000,1.981,0.000,0.000,0.000,36.119,100.122,0.000,2.592,0.000,0.000,16.877,0.000,2.657,0.000,3.040,0.000,5.488,78.259,0.000,13.661,0.000,0.000,41.082,0.000,32.768,0.000,0.000,21.977,1.241,0.000,0.000,38.952,0.000,0.000,0.000,0.000,0.000,2.974,0.000,184.955,0.000,0.000,0.000,0.749,-0.5088,-0.2603,0.1919,0.0000,1,-0.12557,0.3004,0.0488,0.5847,0.0000,1,-0.12887,-0.0289,0.0824,0.3506,0.3152,1,-0.04624,-0.1897,0.0137,0.2169,0.2597,1,-0.08728,-0.5257,-0.0000,0.4288,0.3193,1,-0.10885,0.4710,0.6647,0.2528,0.2843,0,0.19058
3783.0,0,84.294,21.945,82.214,56.441,0.000,8.187,186.355,0.000,0.000,10.015,0.002,0.000,8.342,67.296,13.870,0.000,0.000,42.598,0.000,53.152,0.000,0.000,0.000,20.345,92.014,0.000,0.000,0.000,0.000,0.000,0.000,0.213,0.000,0.000,0.000,1.995,0.000,0.000,0.000,36.151,115.574,0.000,0.523,0.000,0.000,17.470,0.000,2.564,0.000,3.067,0.000,3.031,81.152,0.000,12.252,0.000,0.000,42.926,0.000,44.416,0.000,0.000,4.437,7.769,0.000,0.000,51.613,0.000,0.000,0.000,0.000,0.000,4.236,0.000,191.948,0.000,0.000,0.000,0.151,-0.5129,-0.2350,0.1934,0.0000,1,-0.10692,0.3366,0.0418,0.5769,0.0000,1,-0.13139,-0.0406,0.0666,0.4794,0.3234,1,-0.05266,-0.1871,0.0109,0.2189,0.2683,1,-0.09118,-0.5259,-0.0000,0.4718,0.2961,1,-0.11088,0.4700,0.6629,0.3291,0.2784,0,0.15935
3791.5,0,73.643,76.342,19.763,53.680,0.000,31.183,190.431,0.000,0.000,45.766,0.000,0.000,8.932,82.667,11.256,0.000,0.000,25.716,9.048,83.333,0.000,0.000,0.000,66.053,118.861,6.065,0.000,0.000,0.000,0.000,0.000,2.848,0.000,0.000,0.000,1.750,0.000,0.000,0.000,31.447,121.843,0.000,2.431,0.000,0.000,17.628,0.000,1.761,0.000,0.560,0.000,0.554,73.064,0.000,8.523,0.000,0.000,43.135,0.000,45.136,0.000,0.000,0.811,5.824,0.000,0.000,57.023,0.000,0.000,0.000,0.000,0.000,9.455,0.000,194.262,0.000,0.000,0.000,0.439,-0.5165,-0.2167,0.1946,0.0000,1,-0.09253,0.3667,0.0353,0.5775,0.0000,1,-0.13446,-0.0573,0.0536,0.5978,0.3320,1,-0.04317,-0.1835,0.0086,0.2185,0.2739,1,-0.09347,-0.5259,-0.0000,0.5186,0.2667,1,-0.11189,0.4674,0.6676,0.4105,0.2725,0,0.13309
3800.0,0,48.177,95.340,3.610,23.718,0.000,49.491,158.055,29.767,0.000,66.783,9.048,0.000,13.106,84.904,2.056,0.000,0.000,17.311,25.227,101.110,0.000,0.000,0.000,118.198,135.880,53.291,0.000,0.000,22.970,0.000,21.645,3.466,0.000,0.000,0.000,1.523,0.000,0.000,0.000,26.288,103.973,0.000,2.882,0.000,0.000,18.755,0.000,0.889,0.000,0.102,0.000,0.101,57.797,0.000,3.854,0.000,0.000,41.091,0.000,41.567,0.000,0.000,0.148,1.064,0.000,0.000,57.583,0.000,0.000,0.000,0.000,0.000,16.890,0.000,192.420,0.000,0.000,0.000,0.829,-0.5186,-0.2046,0.1946,0.0000,1,-0.08277,0.3915,0.0295,0.5894,0.0000,1,-0.13812,-0.0665,0.0429,0.6981,0.3389,1,-0.02543,-0.1796,0.0068,0.2129,0.2771,1,-0.09362,-0.5237,-0.0000,0.5652,0.2347,1,-0.11180,0.4627,0.6787,0.4875,0.2666,0,0.11452
3808.0,0,65.075,102.648,0.729,4.789,0.000,97.939,110.316,51.502,0.000,61.090,86.151,9.048,31.687,93.601,5.381,0.000,0.000,24.906,78.989,118.774,0.000,0.000,0.000,160.029,147.903,91.298,0.000,0.000,44.354,0.000,28.911,5.156,0.000,0.000,0.000,1.168,0.000,0.000,0.000,25.301,93.232,0.000,2.201,0.000,0.000,15.960,0.000,0.787,0.000,0.021,0.000,0.020,50.859,0.000,1.280,0.000,0.000,37.634,0.000,41.826,0.000,0.000,0.030,0.215,0.000,0.000,54.885,0.000,0.000,0.000,0.000,0.000,27.579,0.000,190.140,0.000,0.000,0.000,1.589,-0.5182,-0.1989,0.1925,0.0000,1,-0.07899,0.4116,0.0245,0.6186,0.0000,1,-0.14216,-0.0686,0.0343,0.7833,0.3420,1,-0.00491,-0.1753,0.0054,0.2042,0.2781,1,-0.09221,-0.5190,-0.0124,0.6102,0.2028,1,-0.11486,0.4581,0.6927,0.5625,0.2623,0,0.10003
3816.5,0,46.871,38.293,0.133,0.875,0.000,111.186,50.936,75.475,0.000,44.005,132.551,70.876,37.594,97.498,22.746,0.000,0.000,56.613,118.560,121.650,0.000,0.000,0.000,176.132,137.563,130.496,0.000,0.000,61.709,0.000,31.841,5.033,0.000,0.000,0.000,1.020,0.000,0.000,0.000,19.728,83.823,0.000,3.534,0.000,0.000,13.646,0.000,0.675,0.000,0.004,0.000,0.004,50.872,0.000,0.789,0.000,0.000,32.761,0.000,37.979,0.000,0.000,26.593,0.039,0.000,0.000,48.256,0.000,0.000,0.000,0.000,0.000,38.375,0.000,180.231,0.000,0.000,0.000,2.704,-0.5136,-0.1970,0.1885,0.0000,1,-0.07930,0.4278,0.0201,0.6653,0.0000,1,-0.14517,-0.0660,0.0274,0.8550,0.3414,1,0.01642,-0.1712,0.0043,0.1934,0.2772,1,-0.08943,-0.5126,-0.0563,0.6546,0.1727,1,-0.12546,0.4544,0.7054,0.6334,0.2606,0,0.08789
3825.0,0,28.278,6.996,0.024,0.160,0.000,106.198,9.305,64.896,0.000,11.718,135.339,122.564,36.221,89.330,24.622,0.000,0.000,93.763,136.686,108.110,14.253,0.000,0.000,195.449,100.331,153.755,0.000,0.000,54.642,0.000,11.165,4.427,0.000,0.000,0.000,1.212,0.000,0.000,0.000,16.216,79.621,0.000,4.093,0.000,0.000,12.350,0.000,0.967,0.000,0.001,0.000,0.001,48.377,0.000,0.144,0.000,0.000,24.391,0.000,29.449,0.000,0.000,59.735,0.007,0.000,0.000,33.134,0.000,0.000,0.000,0.000,0.000,45.920,0.000,174.651,0.000,0.000,0.000,3.284,-0.5040,-0.1968,0.1847,0.0000,1,-0.08176,0.4406,0.0165,0.7194,0.0000,1,-0.14544,-0.0606,0.0218,0.9116,0.3380,1,0.03657,-0.1674,0.0034,0.1838,0.2749,1,-0.08621,-0.5041,-0.1171,0.6935,0.1453,1,-0.13682,0.4522,0.7142,0.6992,0.2610,0,0.07739
3833.0,0,45.450,1.412,0.005,0.032,0.000,94.926,1.879,39.990,0.000,2.366,89.769,155.644,25.482,67.597,44.136,0.000,0.000,131.082,129.632,88.113,67.380,0.000,0.000,199.998,50.650,141.456,0.000,0.000,32.328,0.000,2.254,1.920,0.000,0.000,0.000,0.878,0.000,0.000,0.000,15.518,74.255,0.000,4.781,0.000,0.000,12.920,0.000,1.351,0.000,0.000,0.000,0.000,44.848,0.000,1.264,0.000,0.000,17.862,0.000,18.938,0.000,0.000,88.422,0.001,0.000,0.000,16.534,0.000,0.000,0.000,0.000,2.431,48.176,0.000,175.107,0.000,0.000,0.000,2.229,-0.4912,-0.1931,0.1794,0.0000,1,-0.08128,0.4508,0.0239,0.7730,0.0000,1,-0.13939,-0.0540,0.0173,0.9518,0.3323,0,0.05310,-0.1638,0.0026,0.1773,0.2721,1,-0.08352,-0.4933,-0.1803,0.7187,0.1211,1,-0.14647,0.4518,0.7176,0.7574,0.2628,0,0.06853
3841.5,0,71.127,0.258,0.001,0.006,0.000,38.510,0.343,20.420,0.000,0.432,22.544,157.948,13.186,61.591,59.174,0.000,0.000,133.017,111.799,58.476,115.200,0.000,0.000,200.802,11.719,77.120,0.000,0.000,8.631,0.000,0.412,0.351,0.000,0.000,0.000,1.453,0.000,0.000,0.000,15.832,72.873,0.000,7.042,0.000,0.000,16.612,0.000,1.403,0.000,0.000,0.000,0.000,40.314,0.000,1.744,0.000,0.000,11.851,0.000,6.531,0.000,5.933,108.743,0.000,0.000,0.000,4.249,0.000,0.000,0.000,0.000,0.667,45.218,0.000,182.664,0.000,0.000,0.000,1.829,-0.4777,-0.1818,0.1764,0.0000,1,-0.07523,0.4589,0.0310,0.8214,0.0000,1,-0.13223,-0.0394,0.0137,0.9707,0.3241,0,0.06223,-0.1604,0.0021,0.1731,0.2700,1,-0.08160,-0.4800,-0.2330,0.7212,0.1001,1,-0.15665,0.4526,0.7127,0.8046,0.2652,0,0.06086
3850.0,0,73.367,0.047,0.000,0.001,0.000,7.035,0.063,30.852,0.000,0.079,4.118,114.977,2.409,48.375,84.486,0.000,0.000,125.700,53.967,42.501,142.370,0.000,0.000,195.444,2.141,14.089,0.000,0.000,1.577,0.000,0.075,0.064,0.000,0.000,0.000,1.126,0.000,0.000,0.000,17.078,74.710,0.000,7.730,0.000,0.000,13.871,0.000,1.373,0.000,0.000,0.000,0.000,41.080,0.000,4.425,0.000,0.000,11.375,0.000,1.193,0.000,14.304,135.180,0.000,0.000,0.000,0.776,0.000,0.000,0.000,0.000,0.122,27.576,0.000,184.871,0.000,0.000,0.000,2.124,-0.4665,-0.1651,0.1734,0.0000,1,-0.06434,0.4654,0.0342,0.8570,0.0000,1,-0.12658,-0.0136,0.0108,0.9597,0.3147,0,0.05958,-0.1572,0.0016,0.1704,0.2678,1,-0.08032,-0.4626,-0.2694,0.7028,0.0864,1,-0.16884,0.4539,0.6968,0.8413,0.2675,0,0.05340
3858.0,0,70.607,0.010,0.000,0.000,0.000,1.420,0.013,47.368,0.000,0.016,0.832,29.358,0.486,34.307,98.200,0.000,0.000,104.070,22.204,24.746,159.131,0.000,0.000,192.228,0.432,2.844,0.000,0.000,0.318,0.000,0.015,0.013,0.000,0.000,0.000,1.520,0.000,0.000,0.000,16.850,80.865,0.000,8.489,0.000,0.000,13.526,0.000,0.904,0.000,0.000,0.000,0.000,32.023,0.000,4.544,0.000,0.000,11.750,0.000,0.241,0.000,31.867,142.086,0.000,0.000,0.000,0.157,5.888,0.000,0.000,0.000,0.025,8.106,0.000,178.129,0.000,0.000,0.000,1.845,-0.4556,-0.1460,0.1723,0.0000,1,-0.05119,0.4705,0.0206,0.8706,0.0000,1,-0.12775,0.0250,0.0085,0.9178,0.3052,1,0.04466,-0.1539,0.0013,0.1665,0.2657,1,-0.07909,-0.4435,-0.2855,0.6685,0.0799,1,-0.18167,0.4554,0.6698,0.8683,0.2726,1,0.04600
3866.5,0,71.663,0.002,0.000,4.493,0.000,0.259,0.002,57.416,0.000,0.003,0.152,5.363,0.089,21.143,112.874,0.000,0.000,87.894,4.056,13.949,143.199,0.000,0.000,181.187,0.079,0.520,0.000,0.000,0.058,0.000,0.003,0.002,0.000,0.000,0.000,1.566,0.000,0.000,0.000,19.686,81.134,0.000,5.382,0.000,0.000,10.439,0.000,1.210,0.000,0.000,0.000,0.000,31.784,0.000,7.990,0.000,0.000,16.484,0.000,0.480,0.000,38.525,147.891,0.000,0.000,0.000,0.029,15.347,0.000,0.000,0.000,0.004,1.481,0.000,175.364,0.000,0.000,0.000,3.018,-0.4477,-0.1265,0.1725,0.0000,1,-0.03799,0.4745,-0.0067,0.8538,0.0000,1,-0.13722,0.0702,0.0067,0.8542,0.2973,1,0.02183,-0.1504,0.0010,0.1636,0.2626,1,-0.07875,-0.4274,-0.2819,0.6204,0.0759,1,-0.19287,0.4569,0.6375,0.8865,0.2860,1,0.03977
3875.0,0,63.067,0.000,0.000,28.850,0.000,0.047,0.000,78.207,0.000,4.966,0.028,0.980,0.016,5.881,112.572,0.000,0.000,64.582,0.741,8.036,107.364,0.000,0.000,166.107,0.014,0.095,0.000,0.000,0.011,0.000,0.001,0.000,0.000,0.000,0.000,1.631,0.000,0.000,0.000,20.776,79.343,0.000,5.034,0.000,0.000,11.117,0.000,1.127,0.000,0.000,0.000,0.000,39.115,0.000,11.303,0.000,0.000,19.453,0.000,1.039,0.000,34.564,153.685,0.000,0.000,0.000,0.005,18.164,0.000,41.686,0.000,0.001,0.271,0.000,161.832,0.000,0.000,0.000,2.967,-0.4427,-0.1078,0.1737,0.0000,1,-0.02565,0.4774,-0.0406,0.7951,0.0000,1,-0.15587,0.1146,0.0053,0.7803,0.2913,1,-0.00380,-0.1477,0.0008,0.1611,0.2594,1,-0.07860,-0.4131,-0.2646,0.5645,0.0729,1,-0.19911,0.4584,0.6043,0.8972,0.3081,1,0.03544
3883.0,0,43.833,0.000,0.000,59.453,0.000,0.010,0.000,86.422,0.000,21.385,0.006,0.198,0.003,1.187,113.298,0.000,0.000,47.057,0.150,16.722,47.703,0.000,0.000,143.757,0.003,0.019,0.000,0.000,0.002,0.000,0.000,0.000,0.000,0.000,0.000,1.436,0.000,0.000,0.000,19.339,80.607,0.000,4.847,0.000,0.000,13.542,0.000,1.047,0.000,0.000,0.000,0.000,49.831,0.000,15.411,0.000,0.000,20.701,0.000,1.376,0.000,22.881,134.975,0.000,0.000,0.000,0.001,14.356,0.000,87.468,0.000,0.000,0.055,0.000,125.944,0.000,0.000,0.000,3.015,-0.4388,-0.0908,0.1746,0.0000,1,-0.01428,0.4784,-0.0753,0.6925,0.0000,1,-0.18000,0.1494,0.0041,0.7041,0.2870,1,-0.02882,-0.1464,0.0006,0.1586,0.2572,1,-0.07837,-0.3961,-0.2396,0.5096,0.0718,1,-0.19816,0.4595,0.5733,0.9001,0.3326,1,0.03272
3891.5,0,77.882,0.000,37.488,85.185,0.000,0.002,0.000,77.036,0.000,40.938,0.001,0.036,0.001,0.217,106.584,0.000,0.000,29.916,0.027,41.334,8.715,0.000,0.000,95.445,0.001,0.004,0.000,0.000,0.000,0.000,0.000,1.131,0.000,0.000,0.000,1.213,0.000,0.000,0.000,26.101,83.250,0.000,3.170,0.000,0.000,14.339,0.000,0.908,0.000,0.000,0.000,0.000,63.911,0.000,16.102,0.000,0.000,18.466,0.000,1.433,0.000,15.961,94.793,0.000,0.000,0.000,0.000,4.888,0.000,124.953,0.000,0.000,0.010,0.000,89.050,0.000,0.000,0.000,1.300,-0.4393,-0.0811,0.1744,0.0000,1,-0.00828,0.4746,-0.1031,0.5580,0.0000,1,-0.19878,0.1729,0.0033,0.6304,0.2835,1,-0.05141,-0.1468,0.0005,0.1555,0.2558,1,-0.07759,-0.3861,-0.2113,0.4616,0.0761,1,-0.19099,0.4596,0.5403,0.8953,0.3558,1,0.03002
3900.0,0,124.420,0.000,90.503,116.075,0.000,0.000,17.408,93.428,0.000,87.805,0.000,0.007,0.000,0.040,102.892,0.000,0.000,24.510,0.005,69.888,1.592,0.000,0.000,51.886,0.000,0.001,0.000,0.000,0.000,0.000,0.000,3.212,0.000,0.000,0.000,1.388,0.000,0.000,0.000,35.280,93.408,0.000,0.579,0.000,0.000,12.756,0.000,1.287,0.000,0.000,0.000,2.198,77.167,0.000,15.219,0.000,0.000,19.210,0.000,0.852,0.000,8.440,48.100,0.000,0.000,0.000,0.000,0.893,0.000,143.518,0.000,0.000,0.002,0.000,68.025,0.000,0.000,0.000,2.486,-0.4447,-0.0816,0.1743,0.0000,1,-0.00954,0.4650,-0.1171,0.4094,0.0000,1,-0.19972,0.1849,0.0025,0.5594,0.2808,1,-0.07109,-0.1533,0.0004,0.1541,0.2545,1,-0.07694,-0.3881,-0.1828,0.4222,0.0824,1,-0.17977,0.4586,0.5086,0.8831,0.3750,1,0.02683
3908.0,0,145.397,0.000,130.616,133.304,0.000,0.000,78.747,120.662,0.000,118.949,0.000,0.001,0.000,0.008,92.775,0.000,0.000,9.014,0.001,107.977,0.321,0.000,0.000,10.476,0.000,0.000,0.000,0.000,0.000,0.000,14.493,5.574,0.000,0.000,0.000,1.446,0.000,0.000,0.000,45.823,108.870,0.000,0.117,0.000,0.000,11.406,0.000,1.450,0.000,0.000,0.000,3.597,86.746,0.000,14.507,0.000,0.000,21.750,0.000,1.445,0.000,2.937,9.711,0.000,0.000,0.000,0.000,0.180,0.000,129.857,0.000,0.000,0.000,0.000,28.253,0.000,0.000,0.000,2.940,-0.4551,-0.0910,0.1745,0.0000,1,-0.01575,0.4492,-0.1194,0.2637,0.0000,1,-0.17850,0.1852,0.0020,0.4964,0.2814,1,-0.08642,-0.1652,0.0003,0.1544,0.2530,1,-0.07650,-0.3979,-0.1557,0.3904,0.0923,1,-0.16679,0.4563,0.4859,0.8619,0.3880,1,0.02293
3916.5,0,126.049,0.000,152.477,140.160,4.066,0.000,149.037,155.990,0.000,154.523,0.000,0.000,16.687,0.001,66.834,0.000,0.000,1.647,0.000,128.869,0.059,0.000,0.000,1.914,0.000,0.000,0.000,0.000,0.000,0.000,38.908,8.014,0.000,0.000,0.000,1.638,0.000,0.000,0.000,46.336,126.143,0.000,0.523,0.000,0.000,11.293,0.000,2.086,0.000,0.000,0.000,3.846,90.628,0.000,13.538,0.000,0.000,25.298,0.000,2.583,0.000,1.899,1.774,0.000,0.000,0.000,1.637,0.033,0.000,87.384,0.000,0.000,0.000,0.000,5.161,0.000,0.000,0.000,2.639,-0.4678,-0.1067,0.1756,0.0000,1,-0.02551,0.4234,-0.1139,0.1339,0.0000,1,-0.13984,0.1775,0.0016,0.4466,0.2852,1,-0.09573,-0.1794,0.0002,0.1578,0.2513,1,-0.07694,-0.4122,-0.1310,0.3648,0.1043,1,-0.15358,0.4534,0.4808,0.8301,0.3917,1,0.01915
3925.0,0,69.081,0.000,138.517,100.136,0.743,0.000,187.951,164.619,0.000,163.962,0.000,0.000,48.487,6.066,42.131,0.000,0.000,0.301,0.000,152.373,0.011,0.000,0.000,0.350,10.000,0.000,0.000,0.000,0.000,0.000,51.136,9.281,0.000,0.000,0.000,1.354,0.000,0.000,0.000,44.820,131.788,0.000,0.096,0.000,0.000,10.031,0.000,1.934,0.000,0.000,0.000,0.703,91.171,0.000,10.651,0.000,0.000,26.673,0.000,3.250,0.000,0.347,0.324,0.000,0.000,0.000,8.242,0.006,0.000,31.492,0.000,0.000,0.000,0.000,0.943,0.000,0.000,0.000,2.896,-0.4802,-0.1258,0.1760,0.0000,1,-0.03769,0.3882,-0.1042,0.0315,0.0000,1,-0.09476,0.1634,0.0012,0.4071,0.2891,1,-0.09868,-0.1890,0.0002,0.1623,0.2492,1,-0.07763,-0.4287,-0.1091,0.3416,0.1169,1,-0.14065,0.4502,0.4884,0.7805,0.3837,1,0.01613
3933.0,0,20.092,0.000,105.016,32.996,0.150,0.000,198.957,132.135,0.000,163.490,0.000,0.000,65.764,22.982,22.059,0.000,0.000,0.061,0.000,153.969,0.002,0.000,0.000,0.071,50.926,0.000,0.000,0.000,0.000,0.000,40.585,7.901,0.000,0.000,0.000,1.847,0.000,0.000,0.000,40.392,129.331,0.000,0.019,0.000,0.000,11.821,0.000,1.819,0.000,0.000,0.000,0.142,87.431,0.000,10.504,0.000,0.000,29.122,0.000,2.784,0.000,0.070,0.065,0.000,0.000,0.000,18.717,0.001,0.000,6.358,0.000,0.000,0.000,0.000,0.190,0.000,0.000,0.000,2.374,-0.4908,-0.1448,0.1779,0.0000,1,-0.05099,0.3472,-0.0925,-0.0376,0.0000,1,-0.05450,0.1460,0.0009,0.3748,0.2931,1,-0.09568,-0.1937,0.0001,0.1668,0.2476,1,-0.07847,-0.4484,-0.0902,0.3161,0.1440,1,-0.12942,0.4477,0.5051,0.7137,0.3636,1,0.01764
3941.5,0,33.097,38.126,30.747,6.028,0.027,0.000,193.419,65.799,0.000,125.490,0.000,0.000,78.665,53.566,4.030,0.000,0.000,0.011,0.000,138.671,0.000,0.000,0.000,0.013,84.671,0.000,0.000,0.000,0.000,0.000,10.140,6.423,0.000,0.000,0.000,1.496,0.000,0.000,0.000,42.084,122.662,0.000,0.004,0.000,0.000,13.681,0.000,1.489,0.000,0.000,0.000,0.026,83.343,0.000,7.943,0.000,0.000,31.129,0.000,3.951,0.000,0.013,0.012,15.756,0.000,0.866,34.994,0.000,0.000,1.162,0.000,0.000,0.000,0.000,0.035,0.000,0.000,0.000,1.047,-0.4998,-0.1616,0.1792,0.0000,1,-0.06323,0.3040,-0.0803,-0.0779,0.0000,1,-0.02402,0.1036,0.0007,0.3582,0.2982,1,-0.08729,-0.1949,0.0001,0.1699,0.2470,1,-0.07908,-0.4684,-0.0740,0.2849,0.1775,1,-0.11857,0.4449,0.5312,0.6364,0.3343,1,0.02939
3950.0,0,105.086,130.021,5.617,1.101,0.005,0.000,171.106,36.168,0.000,59.411,0.000,0.000,80.437,70.469,0.736,0.000,0.000,0.002,0.000,106.044,0.000,0.000,0.000,15.754,108.888,0.000,0.000,0.000,0.000,0.000,1.852,6.370,0.000,0.000,0.000,1.987,0.000,0.000,0.000,49.118,138.862,0.000,0.001,0.000,0.000,15.179,0.000,1.389,0.000,0.000,0.000,0.005,74.533,0.000,7.709,0.000,10.384,31.565,0.000,6.979,0.000,0.002,0.002,47.610,0.000,4.623,52.604,0.000,0.000,0.212,0.000,0.000,0.000,0.000,0.006,0.000,0.000,0.000,0.602,-0.5079,-0.1760,0.1817,0.0000,1,-0.07431,0.2618,-0.0686,-0.0973,0.0000,1,-0.00314,0.0316,0.0006,0.3579,0.3079,1,-0.07671,-0.1937,0.0001,0.1717,0.2474,1,-0.07954,-0.4866,-0.0603,0.2508,0.2113,1,-0.10746,0.4428,0.5665,0.5559,0.2995,0,0.05532
3958.0,0,107.809,157.814,1.134,0.222,0.001,0.000,133.114,87.612,0.000,11.995,61.073,0.000,58.331,71.655,0.149,0.000,0.000,0.000,7.408,79.575,0.000,0.000,0.000,91.731,112.555,0.000,0.000,0.000,0.000,0.000,0.374,6.790,0.000,0.000,0.000,2.037,0.000,0.000,0.000,45.796,141.567,0.000,0.000,0.000,0.000,13.248,0.000,1.793,0.000,0.000,0.000,0.001,78.085,0.000,6.924,0.000,13.049,30.124,0.000,8.119,0.000,0.000,0.000,67.675,0.000,7.210,57.363,0.000,0.000,0.043,0.000,0.000,0.000,0.000,0.001,0.000,0.000,0.000,0.533,-0.5148,-0.1887,0.1849,0.0000,1,-0.08431,0.2223,-0.0579,-0.1031,0.0000,1,0.01015,-0.0544,0.0004,0.3678,0.3206,1,-0.06620,-0.1912,0.0001,0.1740,0.2478,1,-0.08021,-0.5022,-0.0490,0.2166,0.2418,1,-0.09611,0.4419,0.6039,0.4775,0.2627,0,0.09341
3966.5,0,123.161,166.519,0.207,0.041,0.000,8.187,78.446,135.051,0.000,2.191,149.107,0.000,22.866,84.063,0.027,0.000,0.000,16.065,33.346,57.581,0.000,0.000,0.000,156.804,106.448,100.926,0.000,0.000,0.000,0.000,0.068,9.279,0.000,0.000,0.000,2.008,0.000,0.000,0.000,43.911,138.647,0.000,0.000,0.000,0.000,14.689,0.000,1.823,0.000,0.000,0.000,0.000,74.478,0.000,4.712,0.000,11.904,29.304,0.000,13.736,0.000,0.000,0.000,81.385,0.000,16.878,63.421,0.000,0.000,0.008,0.000,0.000,0.000,0.000,0.000,0.000,0.000,0.000,0.710,-0.5206,-0.2009,0.1883,0.0000,1,-0.09420,0.1866,-0.0483,-0.1005,0.0000,1,0.01799,-0.1399,0.0003,0.3958,0.3385,1,-0.05656,-0.1880,0.0000,0.1765,0.2485,1,-0.08103,-0.5147,-0.0396,0.1842,0.2663,1,-0.08462,0.4423,0.6385,0.4104,0.2265,0,0.13687
3975.0,0,135.142,158.686,0.038,0.007,0.000,8.928,35.907,168.304,0.000,0.400,183.667,0.000,4.177,77.466,0.005,0.000,0.000,72.966,38.297,34.743,0.000,0.000,0.000,193.459,77.401,170.812,0.000,0.000,0.000,0.000,0.012,12.431,0.000,0.000,0.000,1.861,0.000,0.000,0.000,44.801,136.335,0.000,0.000,0.000,0.000,12.705,0.000,2.188,0.000,0.000,0.000,0.000,76.249,0.000,2.709,0.000,10.075,27.415,0.000,18.215,0.000,0.000,0.000,85.044,0.000,26.434,63.356,0.000,0.000,0.001,0.000,0.000,0.000,0.000,0.000,0.000,0.000,0.000,0.130,-0.5252,-0.2135,0.1911,0.0000,1,-0.10415,0.1552,-0.0400,-0.0932,0.0000,1,0.02217,-0.2169,0.0003,0.4382,0.3590,1,-0.04759,-0.1847,0.0000,0.1802,0.2489,1,-0.08202,-0.5235,-0.0318,0.1613,0.2831,1,-0.07494,0.4436,0.6681,0.3519,0.1925,0,0.18140
3983.0,0,114.831,101.915,0.008,0.001,0.000,1.802,7.250,175.675,0.000,0.081,198.113,0.000,0.843,69.820,0.001,0.000,0.000,123.518,43.904,33.771,0.000,0.000,0.000,202.300,48.684,198.892,0.000,0.000,0.000,0.000,0.003,14.291,0.000,0.000,0.000,1.991,0.000,0.000,0.000,41.900,127.111,0.000,0.000,0.000,0.000,13.118,0.000,2.240,0.000,0.000,0.000,0.000,73.008,0.000,3.630,0.000,5.183,24.252,0.000,19.962,0.000,0.000,0.000,82.909,0.000,32.022,63.351,0.000,0.000,0.000,0.000,12.846,0.000,0.000,0.000,0.000,0.000,0.000,0.026,-0.5284,-0.2258,0.1939,0.0000,1,-0.11422,0.1281,-0.0065,-0.0835,0.0000,1,0.04933,-0.2824,0.0002,0.4889,0.3791,1,-0.03859,-0.1814,0.0000,0.1844,0.2492,1,-0.08308,-0.5291,-0.0255,0.1479,0.2946,1,-0.06778,0.4453,0.6921,0.3028,0.1618,0,0.22314
3991.5,0,58.180,18.618,0.001,46.747,0.000,0.329,1.324,173.317,0.000,0.015,194.851,0.000,0.154,40.136,0.000,0.000,0.000,158.662,22.509,35.857,0.000,0.000,0.000,208.730,8.894,205.382,0.000,0.000,0.000,0.000,0.000,38.835,0.000,0.000,0.000,1.652,0.000,0.000,0.000,38.386,123.932,0.000,0.000,0.000,0.000,11.458,0.000,1.943,0.000,0.000,0.000,2.500,73.817,0.000,4.314,0.000,0.947,18.899,0.000,20.110,0.000,0.000,0.000,77.070,0.000,36.843,60.118,0.000,0.000,0.000,0.000,30.274,0.000,0.000,0.000,0.000,0.000,0.000,0.005,-0.5302,-0.2603,0.1953,0.0000,1,-0.13882,0.1050,0.0671,-0.0731,0.0000,0,0.11510,-0.3361,0.0002,0.5435,0.3972,1,-0.02898,-0.1837,0.0000,0.1878,0.2489,1,-0.08371,-0.5325,-0.0204,0.1429,0.3032,1,-0.06342,0.4470,0.7102,0.2615,0.1347,0,0.26005
4000.0,0,10.629,3.401,0.000,68.964,0.000,0.060,0.242,118.471,0.000,8.190,159.294,0.000,0.028,9.564,0.000,0.000,0.000,178.853,4.112,50.579,0.000,0.000,0.000,209.904,1.625,199.864,0.000,0.000,0.000,0.000,0.000,22.196,0.000,0.000,0.000,1.357,0.000,0.000,0.000,32.985,113.904,0.000,0.000,0.000,0.000,11.019,0.000,1.687,0.000,0.000,0.000,4.080,73.331,0.000,4.992,0.000,0.173,13.378,0.000,19.734,0.000,0.000,0.000,70.995,0.000,38.251,56.305,0.000,0.000,0.000,0.000,27.208,0.000,0.000,0.000,0.000,0.000,0.000,0.001,-0.5294,-0.2975,0.1948,0.0000,1,-0.16446,0.0856,0.1461,-0.0628,0.0000,0,0.18688,-0.3793,0.0001,0.5959,0.4125,1,-0.01901,-0.1911,0.0000,0.1897,0.2481,1,-0.08381,-0.5347,-0.0163,0.1406,0.3105,1,-0.06039,0.4484,0.7219,0.2280,0.1191,0,0.28794
4008.0,0,2.146,0.687,19.817,85.815,0.000,0.012,0.049,35.953,0.000,32.632,66.674,0.000,0.006,1.931,0.000,0.000,0.000,189.218,0.830,49.291,0.000,0.000,0.000,210.114,0.328,152.786,0.000,0.000,0.000,0.000,0.000,31.322,0.000,0.000,0.000,1.329,0.000,0.000,0.000,29.484,115.985,0.000,0.000,0.000,0.000,9.900,0.000,1.813,0.000,0.000,0.000,4.565,76.658,0.000,1.685,0.000,0.035,7.906,0.000,19.418,0.000,0.000,0.000,67.413,0.000,37.467,50.276,0.000,0.000,0.000,0.000,20.512,0.000,0.000,0.000,0.000,0.000,0.000,0.000,-0.5260,-0.3375,0.1931,0.0000,1,-0.19098,0.0694,0.2094,-0.0532,0.0000,0,0.24382,-0.4135,0.0001,0.6433,0.4247,1,-0.00921,-0.2015,0.0000,0.1912,0.2466,1,-0.08335,-0.5365,-0.0129,0.1493,0.3178,1,-0.06133,0.4495,0.7273,0.2007,0.1143,0,0.30639
4016.5,0,0.392,0.125,97.041,108.972,0.000,0.002,16.074,6.568,0.000,67.389,12.180,0.000,0.001,0.353,0.000,0.000,0.000,182.563,0.152,39.266,0.000,0.000,0.000,210.157,0.060,38.566,0.000,0.000,0.000,0.000,0.000,19.430,0.000,0.000,0.000,1.331,0.000,0.000,0.000,29.976,119.091,0.000,0.000,0.000,0.000,9.666,0.000,2.584,0.000,1.117,0.000,5.085,83.526,0.000,3.055,0.000,0.006,3.967,0.000,14.512,0.000,0.000,0.000,64.497,0.000,33.142,47.017,0.000,0.000,0.000,0.000,11.151,0.000,0.000,17.876,0.000,0.000,0.000,0.000,-0.5219,-0.3693,0.1908,0.0000,1,-0.21125,0.0734,0.2529,-0.0446,0.0000,0,0.28172,-0.4401,0.0001,0.6783,0.4335,1,-0.00123,-0.2100,0.0000,0.1942,0.2477,1,-0.08377,-0.5382,-0.0103,0.1702,0.3218,1,-0.06579,0.4508,0.7255,0.1798,0.1150,0,0.31525
4025.0,0,22.593,0.023,113.008,91.257,0.000,0.000,76.833,1.200,0.000,114.262,2.225,0.000,0.000,0.064,0.000,0.000,0.000,155.497,0.028,54.397,0.000,0.000,0.000,204.100,0.011,7.045,0.000,0.000,0.000,0.000,0.000,14.285,0.000,0.000,0.000,1.654,0.000,0.000,0.000,41.888,136.883,0.000,0.555,0.000,0.000,9.923,0.551,1.923,0.000,0.204,0.000,5.607,80.986,0.000,2.071,0.000,0.001,3.751,0.000,17.534,0.000,0.000,0.000,71.884,0.000,28.591,48.206,0.000,0.000,0.000,0.000,2.037,0.000,0.000,109.893,0.000,0.000,0.000,0.000,-0.5211,-0.3870,0.1896,0.0000,1,-0.22149,0.1061,0.2739,-0.0370,0.0000,0,0.29775,-0.4611,0.0001,0.7079,0.4396,1,0.00569,-0.2201,0.0040,0.1963,0.2481,1,-0.08091,-0.5399,-0.0081,0.1980,0.3162,1,-0.07082,0.4521,0.7149,0.1636,0.1178,0,0.31503
4033.0,0,66.524,0.005,109.409,60.439,0.000,0.000,132.906,0.242,0.000,134.058,0.449,0.000,19.715,0.013,0.000,0.000,0.000,134.047,0.006,55.011,0.000,0.000,0.000,196.689,0.002,1.422,0.000,0.000,0.000,0.000,0.000,12.114,0.000,0.000,0.000,2.027,0.000,0.000,0.000,50.474,149.214,0.000,0.566,0.000,0.000,15.284,1.793,1.740,0.000,0.041,0.000,4.877,78.204,0.000,5.915,0.000,0.000,0.757,0.000,17.565,0.000,0.000,0.000,84.741,0.000,25.048,50.567,0.000,0.000,0.000,0.000,0.411,0.000,0.000,149.197,0.000,0.000,0.000,0.000,-0.5228,-0.3928,0.1901,0.0000,1,-0.22406,0.1525,0.2740,-0.0305,0.0000,0,0.29384,-0.4782,0.0000,0.7319,0.4421,1,0.01123,-0.2304,0.0153,0.1972,0.2491,1,-0.07321,-0.5413,-0.0064,0.2292,0.2994,1,-0.07508,0.4534,0.6987,0.1583,0.1186,0,0.30550
4041.5,0,50.930,0.001,118.391,74.343,0.000,0.000,158.439,0.044,0.000,134.799,0.082,0.000,31.632,0.002,4.066,0.000,0.000,90.343,0.001,45.700,0.000,0.000,0.000,168.017,0.000,0.260,0.000,0.000,0.000,0.000,0.000,9.069,0.000,0.000,0.000,1.948,0.000,0.000,0.000,47.836,146.822,0.000,2.855,0.000,0.000,17.192,1.271,1.860,0.000,1.242,0.000,0.891,84.069,0.000,6.407,0.000,0.000,0.585,0.000,11.524,0.000,0.000,0.000,92.231,0.000,15.892,46.863,0.000,0.000,0.000,0.000,0.075,0.000,0.000,149.137,0.000,0.000,0.000,0.000,-0.5255,-0.3897,0.1915,0.0000,1,-0.21970,0.2015,0.2594,-0.0249,0.0000,0,0.27606,-0.4935,0.0000,0.7453,0.4398,1,0.01388,-0.2309,0.0284,0.1978,0.2507,1,-0.06458,-0.5423,-0.0051,0.2725,0.2743,1,-0.08091,0.4542,0.6755,0.1633,0.1135,0,0.28722
4050.0,0,97.377,0.000,120.749,85.100,0.000,9.048,167.598,0.008,0.000,134.434,0.015,0.000,45.405,0.000,15.110,0.000,0.000,70.158,0.000,56.621,0.000,0.000,0.000,137.027,0.000,0.047,0.000,0.000,0.000,0.000,0.000,5.909,0.000,0.000,0.000,1.982,0.000,0.000,0.000,49.190,158.535,0.000,1.991,0.000,0.000,17.445,1.753,1.874,0.000,4.190,0.000,0.163,82.660,0.000,7.369,0.000,9.221,1.916,0.000,12.792,0.000,0.000,0.000,100.374,0.000,13.534,50.864,0.000,0.000,0.000,0.000,0.014,0.000,0.000,154.563,0.000,0.000,0.000,0.000,-0.5286,-0.3795,0.1934,0.0000,1,-0.21061,0.2480,0.2363,-0.0203,0.0000,0,0.25059,-0.5072,0.0000,0.7469,0.4340,1,0.01345,-0.2184,0.0434,0.1981,0.2526,1,-0.05497,-0.5427,-0.0040,0.3254,0.2446,1,-0.08757,0.4543,0.6474,0.1746,0.1043,0,0.26355
4058.0,0,112.921,0.000,100.059,51.436,0.000,9.805,172.794,47.842,0.000,128.035,0.003,0.000,63.318,0.000,25.261,0.000,0.000,45.265,0.000,70.758,0.000,0.000,0.000,94.441,0.000,0.010,0.000,0.000,0.000,0.000,0.000,3.778,0.000,0.000,0.000,2.039,0.000,0.000,0.000,53.937,159.375,0.000,3.970,0.000,0.000,14.709,0.354,2.051,0.000,4.108,0.000,0.033,77.183,0.000,3.218,0.000,14.132,0.387,0.000,11.506,0.000,0.000,0.000,105.050,0.000,10.453,51.624,0.000,0.000,0.000,0.000,0.003,0.000,0.000,149.285,0.000,0.000,0.000,0.000,-0.5320,-0.3634,0.1955,0.0000,1,-0.19693,0.2892,0.2093,-0.0164,0.0000,0,0.22203,-0.5192,0.0000,0.7385,0.4238,1,0.01029,-0.1982,0.0521,0.1988,0.2540,1,-0.04946,-0.5427,-0.0031,0.3788,0.2136,1,-0.09304,0.4529,0.6193,0.1887,0.0930,0,0.23967
4066.5,0,109.844,0.000,77.303,12.408,0.000,1.791,174.039,108.302,0.000,113.770,0.001,0.000,62.250,6.703,16.481,0.000,0.000,25.026,0.000,78.016,0.000,0.000,0.000,44.284,33.185,0.002,0.000,0.000,0.000,0.000,0.000,2.843,0.000,0.000,0.000,2.087,0.000,0.000,0.000,53.511,151.527,0.000,4.133,0.000,0.000,11.816,0.065,1.843,0.000,3.188,0.000,0.006,66.911,0.000,2.234,0.000,23.924,0.071,0.000,10.805,0.000,0.000,0.000,106.692,0.000,7.889,52.954,0.000,0.000,0.000,0.000,0.001,0.000,0.000,137.007,0.000,0.000,0.000,0.000,-0.5351,-0.3432,0.1979,0.0000,1,-0.18031,0.3243,0.1816,-0.0133,0.0000,0,0.19336,-0.5297,0.0000,0.7215,0.4095,1,0.00507,-0.1755,0.0546,0.1991,0.2541,1,-0.04770,-0.5426,-0.0025,0.4282,0.1834,1,-0.09688,0.4510,0.5974,0.2029,0.0811,0,0.22050
4075.0,0,126.737,57.520,78.921,17.429,0.000,0.327,171.762,154.177,0.000,76.665,0.000,0.000,68.093,35.530,6.690,0.000,0.000,17.678,0.000,88.726,0.000,0.000,0.000,36.566,68.989,0.000,0.000,0.000,0.000,0.000,0.000,2.331,0.000,0.000,0.000,1.825,0.000,0.000,0.000,52.950,141.775,0.000,2.818,0.000,4.042,9.540,0.012,1.870,0.000,6.102,0.000,0.001,46.815,0.000,0.408,5.119,32.353,0.013,1.787,13.200,0.000,0.000,0.000,107.122,0.000,6.301,55.713,0.000,0.000,0.000,0.000,0.000,0.000,0.000,137.070,0.000,0.000,0.000,0.000,-0.5377,-0.3206,0.1994,0.0000,1,-0.16255,0.3536,0.1551,-0.0106,0.0000,0,0.16634,-0.5386,-0.0101,0.7012,0.3919,1,-0.00160,-0.1481,0.0530,0.1943,0.2527,1,-0.04657,-0.5428,-0.0019,0.4735,0.1554,1,-0.09947,0.4494,0.5920,0.2227,0.0695,0,0.20997
4083.0,0,131.101,134.129,45.141,3.519,0.000,0.066,163.651,181.871,0.000,41.505,0.000,0.000,55.837,53.920,4.076,0.000,0.000,15.946,0.000,98.102,0.000,0.000,0.000,82.646,106.844,8.187,0.000,0.000,0.000,0.000,0.000,2.820,0.000,0.000,0.000,1.812,0.000,0.000,0.000,53.658,134.790,0.000,0.569,0.000,11.328,9.894,0.002,1.513,0.000,3.112,0.000,0.000,25.980,0.000,1.949,16.910,40.087,0.003,2.551,13.318,0.000,0.000,0.000,105.250,0.000,5.636,53.839,0.000,0.000,0.000,0.000,0.000,0.000,0.000,136.679,0.000,0.000,0.000,0.000,-0.5399,-0.2988,0.2004,0.0000,1,-0.14722,0.3779,0.1307,-0.0085,0.0000,0,0.14190,-0.5459,-0.0369,0.6791,0.3725,1,-0.01029,-0.1217,0.0489,0.1806,0.2505,1,-0.04468,-0.5432,-0.0015,0.5125,0.1341,1,-0.10131,0.4490,0.6040,0.2519,0.0588,0,0.20651
4091.5,0,121.462,175.595,11.575,0.643,0.000,0.012,140.242,193.585,0.000,10.048,75.744,0.000,40.505,69.177,0.745,0.000,0.000,15.166,20.032,87.407,0.000,0.000,0.000,145.815,116.879,78.747,0.000,0.000,0.000,0.000,0.000,5.184,0.000,0.000,0.000,1.893,0.000,0.000,0.000,53.537,134.389,0.000,0.104,0.000,8.687,12.267,0.000,1.650,0.000,0.940,0.000,0.000,13.996,0.000,2.850,28.338,43.414,0.000,1.938,12.122,0.000,0.000,0.000,100.696,0.000,8.575,50.537,0.000,0.000,0.000,0.000,0.000,0.000,0.000,134.261,0.000,0.000,0.000,0.000,-0.5416,-0.2820,0.2012,0.0000,1,-0.13691,0.3978,0.1091,-0.0068,0.0000,0,0.12041,-0.5515,-0.0891,0.6543,0.3541,1,-0.02223,-0.1002,0.0437,0.1645,0.2490,1,-0.04432,-0.5433,-0.0012,0.5384,0.1238,1,-0.10251,0.4495,0.6247,0.2857,0.0491,0,0.20639
4100.0,0,114.372,174.810,2.115,0.117,0.000,0.002,94.155,193.645,0.000,1.836,164.600,0.000,10.412,76.425,0.136,0.000,0.000,57.050,41.116,64.493,0.000,0.000,0.000,190.719,124.197,145.102,0.000,0.000,0.000,0.000,0.000,8.907,0.000,0.000,0.000,2.116,0.000,0.000,0.000,54.007,126.239,0.000,0.019,0.000,2.703,11.418,0.000,1.312,0.000,0.172,0.000,0.000,21.142,0.000,1.198,34.224,42.158,0.000,0.655,10.311,0.000,0.000,0.000,97.786,0.000,15.893,48.329,0.000,0.000,0.000,0.000,0.000,0.000,0.000,135.365,0.000,0.000,0.000,0.000,-0.5427,-0.2718,0.2026,0.0000,1,-0.13235,0.4140,0.0903,-0.0054,0.0000,0,0.10189,-0.5557,-0.1565,0.6223,0.3427,1,-0.03672,-0.0864,0.0382,0.1517,0.2477,1,-0.04489,-0.5429,-0.0009,0.5533,0.1226,1,-0.10350,0.4506,0.6493,0.3209,0.0450,0,0.20663
4108.0,0,111.925,147.938,0.427,0.024,0.000,0.000,40.019,197.754,0.000,0.371,191.538,0.000,2.102,74.991,0.027,0.000,0.000,109.857,63.127,43.811,0.000,0.000,0.000,202.562,102.877,181.625,0.000,0.000,0.000,0.000,0.000,11.495,0.000,0.000,0.000,2.120,0.000,0.000,0.000,54.825,115.843,0.000,0.004,0.000,0.546,10.273,0.000,1.593,0.000,0.035,0.000,0.000,29.407,0.000,0.653,36.493,44.319,0.000,0.132,9.588,0.000,0.000,0.000,93.128,0.000,20.464,45.830,0.000,0.000,0.000,0.000,5.644,0.000,0.000,135.572,0.000,0.000,0.000,0.000,-0.5434,-0.2669,0.2041,0.0000,1,-0.13242,0.4271,0.0894,-0.0043,0.0000,0,0.10055,-0.5588,-0.2285,0.5843,0.3365,1,-0.05281,-0.0807,0.0327,0.1454,0.2460,1,-0.04653,-0.5411,-0.0007,0.5597,0.1353,1,-0.10510,0.4520,0.6733,0.3551,0.0481,0,0.20505
4116.5,0,122.813,62.649,0.078,0.004,0.000,0.000,7.311,188.876,0.000,0.068,202.698,0.000,0.384,64.148,0.005,0.000,0.000,145.930,68.900,14.088,0.000,0.000,0.000,208.777,54.615,195.875,0.000,0.000,0.000,0.000,0.000,14.772,0.000,0.000,0.000,2.023,0.000,0.000,0.000,58.008,118.928,0.000,1.978,0.000,0.100,6.917,0.000,1.620,0.000,0.006,0.000,0.000,40.878,0.000,2.648,35.932,39.422,0.000,0.024,10.086,0.000,0.000,0.000,83.594,0.000,22.450,45.502,0.000,0.000,0.000,0.000,16.258,0.000,0.000,136.069,0.000,0.000,0.000,0.000,-0.5437,-0.2663,0.2054,0.0000,1,-0.13390,0.4376,0.1114,-0.0034,0.0000,0,0.12087,-0.5604,-0.2971,0.5449,0.3313,1,-0.06936,-0.0815,0.0277,0.1439,0.2426,1,-0.04863,-0.5368,-0.0006,0.5619,0.1612,1,-0.10740,0.4538,0.6939,0.3855,0.0580,0,0.20134
4125.0,0,74.265,11.445,0.014,0.001,0.000,0.000,1.336,171.971,0.000,0.012,181.160,0.000,0.070,45.309,0.001,0.000,0.000,169.079,43.370,2.574,0.000,0.000,0.000,207.682,9.977,173.462,0.000,0.000,0.000,0.000,0.000,26.625,0.000,0.000,0.000,1.536,0.000,0.000,0.000,55.291,114.770,0.000,2.583,0.000,0.018,5.876,0.000,1.313,0.000,0.001,0.000,0.000,47.155,0.000,7.755,30.265,32.015,0.000,0.004,9.267,0.000,0.000,0.000,71.162,0.000,23.192,43.294,0.000,0.000,0.000,0.000,16.020,1.926,0.000,118.750,0.000,0.000,0.000,0.000,-0.5438,-0.2831,0.2050,0.0000,1,-0.14530,0.4457,0.1398,0.0092,0.0000,0,0.14055,-0.5603,-0.3568,0.5070,0.3263,1,-0.08525,-0.0867,0.0232,0.1441,0.2375,1,-0.05110,-0.5295,-0.0004,0.5625,0.1926,1,-0.10973,0.4560,0.7091,0.4076,0.0767,0,0.19605
4133.0,0,48.755,2.311,0.003,0.000,0.000,0.000,0.270,155.709,0.000,0.002,96.452,0.000,0.014,26.139,0.000,0.000,0.000,183.352,18.150,0.520,0.000,0.000,0.000,204.699,2.014,92.739,0.000,0.000,0.000,0.000,0.000,17.987,0.000,0.000,0.000,1.639,0.000,0.000,0.000,53.467,108.902,0.000,4.444,0.000,0.004,4.026,0.000,1.007,0.000,0.000,0.000,5.475,57.641,0.758,9.481,21.979,26.859,0.000,0.001,8.983,0.000,0.000,0.000,61.321,0.000,23.623,41.502,0.000,0.000,0.000,0.000,8.081,6.563,0.000,127.426,0.000,0.000,0.000,0.000,-0.5434,-0.3010,0.2039,0.0000,1,-0.15598,0.4521,0.1651,0.0421,0.0000,0,0.14529,-0.5582,-0.4025,0.4728,0.3217,1,-0.09934,-0.1037,0.0192,0.1440,0.2331,1,-0.05326,-0.5193,-0.0003,0.5666,0.2252,1,-0.11185,0.4582,0.7182,0.4178,0.1059,0,0.19010
4141.5,0,48.829,0.422,0.001,21.902,0.000,0.000,0.049,120.242,0.000,0.000,17.620,0.000,0.003,11.760,0.000,0.000,0.000,176.128,3.316,0.095,0.000,0.000,0.000,204.675,0.368,16.942,0.000,0.000,0.000,0.000,0.000,14.022,0.000,0.000,0.000,1.160,0.000,0.000,0.000,51.903,106.625,0.000,6.449,0.000,0.001,5.614,0.408,1.340,0.000,0.000,0.000,19.828,75.121,3.096,10.595,11.242,13.127,0.000,0.000,8.871,0.000,0.000,0.000,56.343,0.000,22.259,40.501,0.000,0.000,0.000,0.000,1.476,7.939,0.000,142.002,0.000,0.000,0.000,0.000,-0.5428,-0.3130,0.2006,0.0000,1,-0.16119,0.4574,0.1779,0.0876,0.0000,0,0.13117,-0.5545,-0.4299,0.4516,0.3173,1,-0.10845,-0.1394,0.0189,0.1452,0.2362,1,-0.05478,-0.5070,-0.0003,0.5777,0.2640,1,-0.11371,0.4602,0.7205,0.4161,0.1440,0,0.18371
4150.0,0,39.225,0.077,0.000,49.206,0.000,0.000,0.009,97.432,0.000,0.000,3.219,0.000,0.000,2.148,10.737,0.000,0.000,157.417,0.606,0.017,0.000,0.000,0.000,186.762,0.067,3.095,0.000,0.000,0.000,0.000,0.000,10.160,0.000,0.000,0.000,1.018,0.000,0.000,0.000,42.871,94.980,0.000,10.850,0.000,0.000,6.234,1.730,1.255,0.000,0.000,0.000,28.866,83.050,3.923,10.943,2.870,5.890,0.000,0.000,6.598,0.000,0.000,0.000,48.860,0.000,18.461,35.925,0.000,0.000,0.000,0.000,0.270,4.649,0.000,152.856,0.000,0.000,0.000,1.011,-0.5409,-0.3184,0.1954,0.0000,1,-0.16210,0.4620,0.1770,0.1293,0.0000,0,0.10746,-0.5487,-0.4353,0.4370,0.3130,1,-0.11381,-0.1853,0.0267,0.1467,0.2446,1,-0.05150,-0.4936,-0.0002,0.5954,0.3034,1,-0.11443,0.4621,0.7159,0.4073,0.1835,0,0.17643
4158.0,0,20.172,0.016,21.197,50.008,0.000,0.000,0.002,82.495,0.000,0.000,0.650,0.000,0.000,0.434,18.333,0.000,0.000,123.154,0.122,0.004,0.000,0.000,0.000,176.419,0.014,0.625,0.000,0.000,0.000,0.000,0.000,7.375,0.000,0.000,0.000,0.777,0.000,0.000,0.000,37.642,92.378,0.000,8.917,0.000,0.000,10.274,1.895,1.359,0.000,0.000,0.000,27.420,81.371,3.161,8.984,0.579,1.189,0.000,0.000,3.683,0.000,0.000,0.000,51.094,0.000,13.549,35.172,0.000,0.000,0.000,0.000,0.054,1.577,0.000,142.446,0.000,0.000,0.000,3.812,-0.5374,-0.3180,0.1882,0.0000,1,-0.16019,0.4656,0.1667,0.1570,0.0000,0,0.08328,-0.5426,-0.4196,0.4246,0.3081,1,-0.11629,-0.2321,0.0392,0.1488,0.2562,1,-0.04557,-0.4768,-0.0002,0.6149,0.3375,1,-0.11379,0.4638,0.7045,0.3937,0.2199,0,0.16828
4166.5,0,40.482,0.003,48.716,50.871,0.000,0.000,0.000,60.638,0.000,7.408,0.119,0.000,0.000,0.079,27.655,0.000,0.000,92.319,0.022,0.001,0.000,0.000,0.000,154.163,0.002,0.114,0.000,0.000,0.000,0.000,0.000,4.700,0.000,0.000,0.000,0.713,0.000,0.000,0.000,32.242,90.768,0.000,8.349,0.000,0.000,12.013,2.692,0.529,0.000,0.000,0.000,20.679,78.855,0.993,5.981,0.106,0.217,0.813,0.000,3.505,0.000,0.000,0.000,63.293,0.000,8.996,33.293,0.000,0.000,0.000,0.000,0.010,0.288,0.000,125.162,0.000,0.000,0.000,4.000,-0.5321,-0.3120,0.1797,0.0000,1,-0.15529,0.4678,0.1512,0.1671,0.0000,0,0.06403,-0.5400,-0.3888,0.4152,0.3038,1,-0.11533,-0.2733,0.0557,0.1464,0.2656,1,-0.03454,-0.4521,-0.0001,0.6300,0.3640,1,-0.11273,0.4655,0.6874,0.3760,0.2540,0,0.15940
4175.0,0,62.499,0.001,92.320,76.170,0.000,0.000,30.717,73.980,0.000,37.354,0.022,0.000,0.000,0.014,47.569,0.000,0.000,69.332,0.004,0.000,0.000,0.000,0.000,141.729,0.000,0.021,0.000,0.000,0.000,0.000,0.000,6.270,0.000,0.000,0.000,0.647,0.000,0.000,0.000,30.546,87.898,0.000,6.417,0.000,0.000,12.884,3.420,1.219,0.000,0.000,0.000,13.670,77.032,0.181,3.417,0.019,0.040,6.442,0.000,5.733,0.000,0.000,0.000,69.860,0.000,5.244,33.502,0.000,0.000,0.000,0.000,0.002,0.053,0.000,89.565,0.000,0.000,0.000,3.632,-0.5262,-0.3046,0.1706,0.0000,1,-0.14981,0.4657,0.1335,0.1638,0.0000,1,0.04972,-0.5404,-0.3494,0.4186,0.3041,1,-0.10885,-0.3054,0.0747,0.1456,0.2709,1,-0.02115,-0.4176,-0.0001,0.6421,0.3824,1,-0.11210,0.4672,0.6676,0.3585,0.2828,0,0.15004
4183.0,0,66.798,0.000,116.991,88.046,0.000,0.000,94.826,106.991,0.000,62.565,0.004,0.000,0.000,0.003,53.633,0.000,0.000,49.593,0.001,0.000,0.000,0.000,0.000,114.948,0.000,0.004,0.000,0.000,0.000,0.000,0.000,4.981,0.000,0.000,0.000,0.744,0.000,0.000,0.000,30.889,86.600,0.000,2.625,0.000,0.000,14.619,3.156,1.012,0.000,0.000,0.000,2.760,74.495,0.037,2.751,0.004,0.008,11.356,0.000,7.018,0.000,0.000,0.000,76.765,0.000,3.732,34.887,1.639,0.000,0.000,0.000,0.000,0.011,0.000,75.312,0.000,0.000,0.000,4.037,-0.5202,-0.2955,0.1623,0.0000,1,-0.14466,0.4580,0.1090,0.1525,0.0000,1,0.03370,-0.5428,-0.3068,0.4335,0.3077,1,-0.09877,-0.3227,0.0937,0.1449,0.2733,1,-0.00704,-0.3800,-0.0001,0.6517,0.3915,1,-0.11252,0.4687,0.6477,0.3406,0.3047,0,0.14211
4191.5,0,78.789,0.000,117.996,111.971,0.000,0.000,140.558,132.294,0.000,105.503,0.001,0.000,0.000,0.001,57.021,0.000,0.000,32.044,12.727,0.000,0.000,0.000,0.000,84.288,0.000,0.001,0.000,0.000,0.000,0.000,0.000,6.370,0.000,0.000,0.000,0.834,0.000,0.000,0.000,23.781,84.804,0.000,0.934,0.000,0.000,16.144,2.164,0.856,0.000,0.000,0.000,0.504,70.373,0.007,2.997,0.001,0.001,17.860,0.000,7.433,0.000,0.000,0.000,79.680,0.000,1.855,33.157,5.566,0.000,0.000,0.000,0.000,0.002,0.000,54.662,0.000,0.000,0.000,5.109,-0.5130,-0.2873,0.1555,0.0000,1,-0.14188,0.4453,0.0752,0.1371,0.0000,1,0.01184,-0.5463,-0.2645,0.4552,0.3119,1,-0.08750,-0.3263,0.1093,0.1432,0.2741,1,0.00546,-0.3446,-0.0001,0.6595,0.3909,1,-0.11401,0.4700,0.6356,0.3204,0.3151,0,0.14110
4200.0,0,60.913,0.000,119.502,136.316,0.000,0.000,170.459,157.855,0.000,132.022,0.000,0.000,13.114,17.932,44.211,0.000,0.000,24.567,16.952,25.623,0.000,0.000,0.000,80.818,50.038,0.000,0.000,0.000,0.000,0.000,0.000,8.477,0.000,0.000,0.000,0.901,0.000,0.000,0.000,18.686,82.047,0.000,3.545,0.000,0.000,14.881,2.958,1.103,0.000,0.000,0.000,0.092,70.369,0.001,3.472,0.000,0.000,21.538,0.000,6.881,0.000,0.000,0.000,81.262,0.000,3.155,32.893,8.798,0.000,0.000,0.000,0.000,0.000,0.000,34.974,0.000,0.000,1.005,3.580,-0.5031,-0.2814,0.1504,0.0000,1,-0.14012,0.4286,0.0357,0.1202,0.0054,1,-0.01569,-0.5500,-0.2248,0.4765,0.3196,1,-0.07652,-0.3200,0.1273,0.1425,0.2736,1,0.01978,-0.3154,-0.0000,0.6653,0.3824,1,-0.11633,0.4708,0.6396,0.2961,0.3149,0,0.15243
4208.0,0,66.291,0.000,87.861,148.420,27.015,0.000,185.985,158.036,0.000,151.661,0.000,0.000,31.383,47.414,42.944,0.000,0.000,23.460,50.219,72.089,0.000,0.000,0.000,79.503,100.035,0.000,0.000,0.000,0.000,0.000,10.000,8.850,0.000,0.000,0.000,0.953,0.000,0.000,0.000,23.687,80.513,0.000,4.062,0.000,0.000,16.994,4.807,1.691,0.000,0.000,0.000,0.019,68.411,0.000,2.431,0.000,0.000,24.246,0.000,8.057,0.000,0.000,0.000,83.066,0.000,10.337,37.188,12.145,0.000,0.000,0.000,0.000,0.000,0.000,12.702,0.000,0.000,1.564,3.417,-0.4938,-0.2773,0.1468,0.0000,1,-0.13907,0.4061,-0.0062,0.1035,0.0157,1,-0.04649,-0.5536,-0.1888,0.5006,0.3347,1,-0.06520,-0.3077,0.1538,0.1448,0.2729,1,0.03929,-0.3003,-0.0000,0.6704,0.3650,1,-0.11903,0.4714,0.6557,0.2704,0.3071,0,0.17325
4216.5,0,89.465,0.000,51.138,157.317,100.778,26.225,191.122,163.047,0.000,170.700,0.000,0.000,59.412,71.564,42.356,0.000,0.000,16.152,101.229,124.442,0.000,0.000,0.000,93.451,133.302,0.000,0.000,0.000,0.000,0.000,22.596,10.524,0.000,0.000,0.000,0.727,0.000,0.000,0.000,25.294,89.918,0.000,2.207,0.000,0.000,16.477,7.484,1.988,0.000,0.000,0.000,0.003,71.437,0.000,2.016,0.000,2.744,25.524,0.000,10.309,0.000,0.000,0.000,84.766,0.000,17.361,38.122,14.200,0.000,0.000,0.000,0.000,0.000,0.000,2.321,0.000,0.000,1.911,4.420,-0.4862,-0.2753,0.1429,0.0000,1,-0.13708,0.3749,-0.0475,0.0878,0.0292,1,-0.07783,-0.5570,-0.1571,0.5261,0.3538,1,-0.05421,-0.2923,0.1860,0.1496,0.2719,0,0.06239,-0.3003,-0.0000,0.6778,0.3459,1,-0.11965,0.4716,0.6761,0.2524,0.2930,0,0.19572
4225.0,0,83.658,0.000,9.342,138.175,127.281,62.397,174.641,161.720,0.000,166.138,0.000,0.000,71.865,84.862,45.878,0.000,0.000,19.690,153.145,154.790,0.000,0.000,0.000,102.958,151.336,0.000,0.000,0.000,0.000,0.000,26.033,11.664,0.000,0.000,0.000,0.825,0.000,0.000,0.000,30.413,104.424,0.000,6.410,0.000,0.000,15.326,9.313,2.616,0.000,1.365,0.000,0.001,66.635,0.000,3.062,0.000,2.748,27.001,0.000,12.500,0.000,0.000,0.000,83.164,0.000,24.332,45.048,16.934,0.000,8.704,0.000,0.000,0.000,0.000,0.424,0.000,0.000,1.680,3.512,-0.4830,-0.2749,0.1398,0.0000,1,-0.13210,0.3372,-0.0865,0.0650,0.0430,1,-0.10441,-0.5600,-0.1296,0.5533,0.3736,1,-0.04364,-0.2715,0.2207,0.1572,0.2706,0,0.08617,-0.3099,-0.0000,0.6918,0.3278,1,-0.11804,0.4713,0.6961,0.2426,0.2776,0,0.21557
4233.0,0,87.604,0.000,1.886,52.309,104.623,93.453,142.298,147.618,0.000,168.435,0.000,0.000,85.649,101.001,38.979,0.000,0.000,14.712,175.670,162.384,0.000,0.000,0.000,117.983,151.066,0.000,0.000,0.000,0.000,0.000,19.196,12.462,0.000,0.000,0.000,1.459,0.000,0.000,0.000,41.834,125.529,0.000,6.709,0.000,0.000,13.666,7.890,2.283,0.000,0.275,0.000,0.000,52.354,0.000,5.523,0.000,3.917,25.065,0.000,10.946,0.000,0.000,0.000,77.280,0.000,31.471,47.977,17.150,0.000,39.146,0.000,0.000,0.000,0.000,0.086,0.000,0.000,0.613,2.705,-0.4862,-0.2758,0.1404,0.0000,1,-0.12633,0.2967,-0.1219,0.0222,0.0520,1,-0.11939,-0.5624,-0.1063,0.5732,0.3921,1,-0.03497,-0.2515,0.2529,0.1650,0.2688,0,0.10745,-0.3242,-0.0000,0.7103,0.3103,1,-0.11520,0.4707,0.7136,0.2372,0.2654,0,0.23178
4241.5,0,61.274,0.000,0.345,9.556,49.417,95.268,86.608,133.651,0.000,125.966,0.000,27.539,96.567,110.403,39.401,0.000,0.000,6.016,185.364,157.644,0.000,0.000,0.000,111.506,142.836,0.000,0.000,0.000,0.000,0.000,3.507,11.303,0.000,0.000,0.000,1.299,0.000,0.000,0.000,43.935,133.313,0.000,6.241,0.000,0.000,14.108,2.172,1.885,0.000,0.050,0.000,0.000,30.507,0.000,10.839,0.000,1.949,23.101,0.000,7.361,0.000,0.000,0.000,71.028,0.000,35.685,46.832,16.112,0.000,53.486,0.000,0.000,0.000,0.000,0.016,0.000,0.000,0.112,2.873,-0.4924,-0.2770,0.1423,0.0000,1,-0.12053,0.2564,-0.1528,-0.0318,0.0549,1,-0.12493,-0.5642,-0.0866,0.5808,0.4084,1,-0.02903,-0.2326,0.2700,0.1715,0.2670,0,0.11628,-0.3394,-0.0000,0.7306,0.2915,1,-0.11194,0.4702,0.7280,0.2341,0.2565,0,0.24453
4250.0,0,64.822,0.000,0.063,1.746,65.704,94.242,25.558,102.768,0.000,43.105,0.000,71.648,87.908,115.770,38.207,0.000,0.000,3.330,191.696,143.057,0.000,0.000,0.000,111.745,98.927,0.000,0.000,0.000,0.000,0.000,0.641,10.838,0.000,0.000,0.000,1.511,0.000,0.000,0.000,51.462,144.943,0.000,5.458,0.000,0.000,10.996,0.397,1.798,0.000,0.009,0.000,0.000,31.982,0.000,12.592,0.000,0.356,17.103,0.000,5.720,0.000,0.000,0.000,62.082,0.000,36.852,45.937,13.903,0.000,69.845,0.000,0.000,0.000,0.000,0.003,0.000,0.000,0.020,2.588,-0.5000,-0.2781,0.1459,0.0000,1,-0.11546,0.2183,-0.1787,-0.0901,0.0535,1,-0.12308,-0.5651,-0.0702,0.5788,0.4221,1,-0.02531,-0.2150,0.2682,0.1765,0.2642,0,0.11126,-0.3539,-0.0000,0.7530,0.2671,1,-0.10845,0.4700,0.7389,0.2341,0.2505,0,0.25305
4258.0,0,35.527,0.000,0.013,0.352,65.375,97.406,5.160,83.419,0.000,8.703,0.000,103.275,63.402,111.307,21.922,0.000,0.000,6.738,186.230,105.342,0.000,0.000,0.000,100.363,39.027,0.000,0.000,0.000,0.000,0.000,0.129,8.853,0.000,0.000,0.000,1.649,0.000,0.000,0.000,51.765,157.460,0.000,6.672,0.000,0.000,7.696,0.080,2.145,0.000,0.002,0.000,0.000,38.351,0.000,13.127,0.000,0.072,9.128,0.000,3.253,0.000,0.000,0.000,50.472,0.000,34.931,37.560,9.820,0.000,69.395,0.000,0.000,0.000,0.000,0.001,0.000,0.000,0.278,1.350,-0.5078,-0.2782,0.1506,0.0000,1,-0.11048,0.1837,-0.1988,-0.1460,0.0514,1,-0.11623,-0.5645,-0.0567,0.5661,0.4329,1,-0.02376,-0.2002,0.2528,0.1815,0.2596,0,0.09661,-0.3668,-0.0000,0.7765,0.2386,1,-0.10488,0.4699,0.7452,0.2351,0.2464,0,0.25774
4266.5,0,12.188,0.000,0.002,0.064,20.107,94.604,0.943,56.295,0.000,1.590,0.000,121.440,35.428,95.483,30.232,0.000,0.000,1.231,145.934,54.204,0.000,0.000,0.000,70.444,7.130,0.000,0.000,0.000,0.000,0.000,0.024,6.150,0.000,0.000,0.000,1.120,0.000,0.000,0.000,52.963,155.458,0.000,10.826,0.000,0.000,5.826,0.015,1.820,0.000,0.000,0.000,0.000,45.972,0.000,13.122,0.000,0.013,6.264,0.000,0.594,0.000,0.000,0.000,42.263,0.000,31.617,29.181,4.510,0.000,50.485,0.000,0.000,0.000,0.000,0.000,0.000,0.000,0.051,0.801,-0.5150,-0.2761,0.1535,0.0000,1,-0.10363,0.1531,-0.2105,-0.1942,0.0475,1,-0.10382,-0.5621,-0.0456,0.5343,0.4409,1,-0.02484,-0.1886,0.2296,0.1851,0.2529,0,0.07778,-0.3765,-0.0056,0.7989,0.2087,1,-0.10245,0.4696,0.7435,0.2331,0.2427,0,0.25886
4275.0,0,12.227,0.000,0.000,0.012,3.673,96.657,0.172,13.296,0.000,0.290,0.000,133.876,9.801,63.642,27.428,0.000,0.000,0.225,66.680,28.188,9.048,0.000,0.000,51.724,1.302,0.000,0.000,0.000,0.000,0.000,0.004,6.221,0.000,0.000,0.000,1.324,0.000,0.000,0.000,52.902,153.895,0.000,14.444,0.000,0.000,4.807,0.003,1.203,0.000,0.000,0.000,0.000,56.055,0.000,12.174,0.000,0.002,3.539,0.000,0.109,0.000,0.000,0.000,31.658,0.000,30.873,22.477,1.176,0.000,27.337,0.000,0.000,0.000,0.000,7.268,0.000,0.000,0.009,0.601,-0.5213,-0.2729,0.1562,0.0000,1,-0.09616,0.1341,-0.2103,-0.2297,0.0426,1,-0.08487,-0.5574,-0.0366,0.4874,0.4464,1,-0.02689,-0.1802,0.2029,0.1855,0.2443,0,0.05903,-0.3829,-0.0175,0.8190,0.1795,1,-0.10130,0.4692,0.7292,0.2217,0.2398,0,0.25627
4283.0,0,6.962,0.000,0.000,10.002,0.742,96.679,0.035,2.684,0.000,0.059,0.000,144.081,1.979,22.586,27.442,0.000,0.000,0.045,13.462,5.691,38.761,0.000,0.000,51.233,0.263,0.000,0.000,0.000,0.000,0.000,0.001,5.617,0.000,0.000,0.000,1.596,0.000,0.000,0.000,48.414,146.792,0.000,13.447,0.000,0.000,3.669,0.001,1.856,0.000,0.000,0.000,0.000,70.758,0.000,6.482,0.000,0.000,2.258,1.371,0.022,0.000,0.000,0.000,23.058,0.000,28.715,17.829,0.237,0.000,9.769,0.000,0.000,0.000,0.000,13.096,0.000,0.000,0.002,0.734,-0.5264,-0.2688,0.1596,0.0000,1,-0.08896,0.1262,-0.1993,-0.2480,0.0372,1,-0.06321,-0.5499,-0.0219,0.4329,0.4495,1,-0.02645,-0.1746,0.1758,0.1864,0.2339,1,0.04097,-0.3883,-0.0361,0.8378,0.1522,1,-0.10117,0.4690,0.6985,0.2138,0.2375,0,0.24117
4291.5,0,14.425,0.000,0.000,97.625,48.837,87.669,0.006,0.490,0.000,0.011,0.000,148.145,0.361,4.126,30.818,0.000,0.000,0.008,2.459,29.069,79.056,0.000,0.000,49.198,0.048,0.000,0.000,0.000,0.000,0.000,0.000,5.126,0.000,0.000,0.000,1.111,0.000,0.000,0.000,43.776,143.637,0.000,11.144,0.000,0.000,4.545,0.000,2.597,0.000,1.365,0.000,1.516,81.425,0.000,7.941,0.000,0.000,2.055,3.001,0.004,0.000,0.000,0.000,23.933,0.000,24.531,15.838,0.043,0.000,1.785,0.000,0.000,0.000,0.000,16.652,0.000,0.000,0.000,1.642,-0.5302,-0.2638,0.1612,0.0000,1,-0.08169,0.1263,-0.1817,-0.2483,0.0320,1,-0.04391,-0.5409,-0.0004,0.3766,0.4506,1,-0.02159,-0.1702,0.1499,0.1894,0.2240,1,0.02331,-0.3945,-0.0605,0.8556,0.1276,1,-0.10150,0.4689,0.6518,0.2138,0.2353,0,0.21195
4300.0,0,62.067,15.752,0.000,144.624,62.889,72.474,0.001,0.090,0.000,70.007,0.000,158.998,0.066,0.754,43.484,0.000,0.000,0.002,0.449,75.858,104.375,0.000,0.000,36.880,0.009,0.000,0.000,0.000,0.000,0.000,0.000,8.293,0.000,0.000,0.000,1.690,0.000,0.000,0.000,46.871,148.852,0.000,8.560,0.000,0.000,7.802,0.000,2.645,0.000,3.951,0.000,3.049,91.677,0.000,8.493,0.000,0.000,2.350,4.532,0.001,0.000,0.000,0.000,25.186,0.000,20.268,17.127,0.008,0.000,4.474,0.000,0.000,0.000,0.000,18.003,0.000,0.000,0.000,0.300,-0.5333,-0.2610,0.1641,0.0000,1,-0.07730,0.1313,-0.1611,-0.2399,0.0271,1,-0.02621,-0.5312,0.0260,0.3222,0.4498,1,-0.01171,-0.1645,0.1262,0.1936,0.2176,1,0.00633,-0.4021,-0.0887,0.8680,0.1061,1,-0.10287,0.4688,0.5930,0.2193,0.2331,0,0.17298
4308.0,0,119.295,104.466,0.000,156.958,69.602,56.202,0.000,41.185,6.065,135.458,9.048,162.613,19.728,0.152,58.351,0.000,0.000,0.000,0.091,128.376,147.783,0.000,0.000,47.163,0.002,0.000,0.000,0.000,0.000,0.000,0.000,11.817,0.000,0.000,0.000,1.937,0.000,0.000,0.000,52.592,162.554,0.000,5.538,0.000,0.000,10.121,0.000,2.458,0.000,2.470,0.000,4.682,96.272,0.000,4.960,0.000,7.268,3.708,6.647,0.000,0.000,0.000,0.000,41.033,0.000,19.093,20.740,0.002,0.000,6.094,0.000,0.000,0.000,0.000,37.764,0.000,0.000,0.000,0.061,-0.5361,-0.2612,0.1683,0.0000,1,-0.07647,0.1426,-0.1398,-0.2280,0.0227,1,-0.00991,-0.5267,0.0555,0.2645,0.4480,1,0.00486,-0.1630,0.1052,0.1979,0.2148,1,-0.00916,-0.4105,-0.1274,0.8748,0.0874,1,-0.10617,0.4682,0.5276,0.2282,0.2308,0,0.12962
4316.5,0,141.473,156.398,0.000,145.343,87.865,12.992,0.000,100.743,22.579,164.239,77.354,144.357,44.271,0.028,84.336,0.000,0.000,0.000,0.017,153.133,185.276,0.000,0.000,89.989,0.000,45.611,0.000,0.000,22.374,0.000,30.265,12.895,0.000,0.000,0.000,1.660,0.000,0.000,0.000,55.126,166.257,0.000,1.625,0.000,0.000,9.601,0.000,2.750,0.000,2.865,0.000,0.855,92.767,0.000,3.090,0.000,20.910,5.838,6.632,0.000,0.000,0.000,0.000,35.705,0.000,21.503,23.029,0.000,0.000,3.962,0.000,0.000,0.000,0.000,50.017,0.000,0.000,0.000,0.011,-0.5388,-0.2633,0.1721,0.0000,1,-0.07937,0.1577,-0.1194,-0.2128,0.0188,1,0.00361,-0.5226,0.0850,0.2022,0.4465,1,0.02803,-0.1568,0.0870,0.2025,0.2141,1,-0.02295,-0.4190,-0.1755,0.8773,0.0716,1,-0.11077,0.4669,0.4604,0.2386,0.2271,0,0.08672
4325.0,0,151.098,181.396,0.000,75.423,76.030,2.374,0.000,153.056,43.751,171.750,160.666,76.104,69.515,0.005,98.827,0.000,0.000,36.910,0.003,159.746,188.895,0.000,0.000,151.871,0.000,131.816,0.000,0.000,59.580,0.000,41.466,15.306,0.000,0.000,0.000,2.490,0.000,0.000,0.000,58.852,166.328,0.000,3.535,0.000,0.000,8.826,0.000,2.090,0.000,1.078,0.000,0.156,92.312,0.000,2.638,0.000,28.867,5.975,2.917,0.357,0.000,0.000,0.000,20.501,0.000,23.349,14.975,0.000,0.000,0.724,0.000,0.000,0.000,0.000,72.768,0.000,0.000,0.000,0.002,-0.5412,-0.2670,0.1778,0.0000,1,-0.08434,0.1816,-0.1006,-0.1929,0.0155,1,0.01268,-0.5130,0.1082,0.1397,0.4448,0,0.05314,-0.1505,0.0714,0.2055,0.2140,1,-0.03421,-0.4269,-0.2270,0.8763,0.0583,1,-0.11580,0.4649,0.3955,0.2491,0.2214,1,0.04727
4333.0,0,127.975,150.079,0.000,15.228,34.832,0.479,0.000,168.610,55.669,156.240,188.973,15.365,85.289,0.001,98.332,0.000,0.000,94.223,0.001,163.342,193.619,0.000,0.000,191.438,0.000,172.715,0.000,0.000,40.215,0.000,30.812,15.634,0.000,0.000,0.000,2.504,0.000,0.000,0.000,62.609,163.801,0.000,5.614,0.000,0.000,8.500,0.000,1.810,0.000,0.218,0.000,0.032,80.319,0.000,2.445,0.000,28.640,8.834,0.589,0.072,0.000,0.000,0.000,8.903,0.000,24.013,4.304,0.000,0.000,0.146,0.000,0.000,0.000,0.000,111.858,0.000,0.000,0.000,0.000,-0.5435,-0.2714,0.1842,0.0000,1,-0.08955,0.2152,-0.0840,-0.1706,0.0127,1,0.01811,-0.4955,0.1192,0.0765,0.4434,0,0.07472,-0.1469,0.0583,0.2066,0.2143,1,-0.04308,-0.4331,-0.2768,0.8725,0.0473,1,-0.12078,0.4559,0.3353,0.2545,0.2136,1,0.01457
4341.5,0,45.181,34.914,0.000,2.782,6.363,0.088,0.000,150.798,19.479,102.408,199.592,2.807,92.039,0.000,88.362,0.000,0.000,136.991,0.000,135.558,173.861,0.000,0.000,204.020,0.000,192.943,0.000,0.000,7.347,0.000,7.860,16.368,0.000,0.000,0.000,1.989,0.000,0.000,0.000,64.991,148.861,0.000,4.709,0.000,0.000,7.571,0.000,1.487,0.000,0.040,0.000,0.006,64.860,0.000,2.615,0.000,9.078,12.712,0.108,0.013,0.000,0.000,0.000,1.626,0.000,21.708,0.786,0.000,0.000,0.027,0.000,0.000,6.697,0.000,131.574,0.000,0.000,0.000,0.000,-0.5454,-0.2762,0.1894,0.0000,1,-0.09476,0.2522,-0.0695,-0.1179,0.0103,1,0.00486,-0.4670,0.1194,0.0265,0.4415,0,0.08643,-0.1453,0.0473,0.2054,0.2142,1,-0.04968,-0.4360,-0.3217,0.8664,0.0469,1,-0.12474,0.4319,0.2812,0.2586,0.2013,1,-0.01112
4350.0,0,24.957,6.378,0.000,0.508,1.162,0.016,0.000,64.125,3.558,24.853,175.839,0.513,79.989,0.000,73.711,0.000,0.000,161.124,0.000,102.030,102.706,0.000,0.000,204.550,0.000,180.743,0.000,0.000,1.342,0.000,1.436,14.102,0.000,0.000,0.000,1.775,0.000,0.000,0.000,68.067,140.217,0.000,3.457,0.000,0.000,6.591,0.000,1.302,0.000,0.007,0.000,0.001,60.248,0.000,0.932,0.000,1.658,15.340,0.020,3.635,0.000,0.000,0.000,0.297,0.000,21.643,0.144,0.000,0.000,0.005,0.000,0.000,16.384,0.000,155.004,0.000,0.000,0.000,0.000,-0.5471,-0.2803,0.1929,0.0000,1,-0.09973,0.2886,-0.0571,-0.0311,0.0084,1,-0.02633,-0.4284,0.1128,0.0162,0.4395,0,0.07936,-0.1448,0.0383,0.2022,0.2132,1,-0.05396,-0.4345,-0.3586,0.8592,0.0584,1,-0.12688,0.3875,0.2336,0.2566,0.1935,1,-0.03017
4358.0,0,15.327,1.288,0.000,0.103,0.235,0.003,0.000,12.947,0.718,5.018,108.155,0.104,62.669,0.000,25.643,0.000,0.000,170.965,0.000,68.057,23.202,0.000,0.000,203.545,0.000,133.960,0.000,0.000,0.271,0.000,0.290,10.854,0.000,0.000,0.000,2.181,0.000,0.000,0.000,72.351,139.622,0.000,1.933,0.000,0.000,8.403,0.000,1.502,0.000,0.001,0.000,0.000,61.105,0.000,4.289,0.000,0.335,15.851,0.004,8.236,0.000,0.000,0.000,0.060,0.000,20.794,0.029,0.000,0.000,0.001,0.000,0.000,23.218,0.000,182.275,0.000,0.000,0.000,0.000,-0.5485,-0.2830,0.1965,0.0000,1,-0.10476,0.3223,-0.0466,0.0735,0.0068,1,-0.06314,-0.3836,0.1024,0.0440,0.4374,0,0.05654,-0.1450,0.0308,0.1989,0.2129,1,-0.05745,-0.4307,-0.3829,0.8546,0.0781,1,-0.12622,0.3184,0.1926,0.2485,0.1912,1,-0.04375
4366.5,0,2.800,0.235,10.000,0.019,0.043,0.001,0.000,2.365,0.131,0.917,22.484,0.019,31.257,0.000,4.684,0.000,0.000,168.465,0.000,30.908,4.239,0.000,0.000,197.091,0.000,33.108,0.000,0.000,0.050,0.000,0.053,8.965,0.000,0.000,0.000,1.842,0.000,0.000,0.000,75.260,149.797,0.000,2.020,0.000,0.000,9.210,0.000,1.698,0.000,0.000,0.000,0.000,65.058,0.000,7.679,7.530,0.061,19.471,0.001,9.657,0.000,0.000,0.000,0.011,0.000,20.367,0.005,0.000,0.000,0.000,0.000,0.000,22.507,0.000,188.223,0.000,0.000,0.000,0.000,-0.5499,-0.2838,0.1988,0.0000,1,-0.10854,0.3521,-0.0379,0.1796,0.0054,1,-0.09559,-0.3365,0.0747,0.0941,0.4356,1,0.01858,-0.1458,0.0247,0.1964,0.2134,1,-0.06095,-0.4262,-0.3937,0.8514,0.1012,1,-0.12401,0.2277,0.1578,0.2371,0.1974,1,-0.05367
4375.0,0,20.756,0.043,53.488,0.003,0.008,0.000,0.000,0.432,0.024,0.167,4.107,0.003,11.198,0.000,0.856,0.000,0.000,146.584,0.000,5.646,0.774,0.000,0.000,178.350,0.000,6.048,0.000,0.000,0.009,0.000,0.010,8.255,0.000,0.000,0.000,1.722,0.000,0.000,0.000,76.687,154.604,0.000,3.063,0.000,0.000,6.591,0.000,1.769,0.000,0.000,0.000,0.000,65.350,0.000,7.733,1.376,0.011,22.544,0.000,14.252,0.000,0.000,0.000,0.002,0.000,18.191,0.001,0.000,0.000,0.000,0.000,0.000,12.603,0.000,191.512,0.000,0.000,0.000,0.000,-0.5512,-0.2831,0.2000,0.0000,1,-0.11036,0.3777,-0.0306,0.2716,0.0043,1,-0.11827,-0.2902,0.0481,0.1680,0.4341,1,-0.01902,-0.1470,0.0198,0.1947,0.2128,1,-0.06387,-0.4226,-0.3932,0.8488,0.1245,1,-0.12142,0.1283,0.1285,0.2217,0.2024,1,-0.05975
4383.0,0,66.153,0.009,117.062,17.409,0.002,0.000,0.000,0.087,0.005,0.034,0.829,0.001,2.261,0.000,0.173,0.000,0.000,119.372,0.000,1.140,0.156,0.000,0.000,163.245,0.000,1.221,0.000,0.000,0.002,0.000,0.002,6.756,0.000,0.000,0.000,1.700,0.000,0.000,0.000,74.322,169.376,0.000,4.245,0.000,0.000,7.440,0.000,2.156,0.000,0.000,0.000,4.309,76.881,0.000,10.909,7.091,0.002,22.318,0.000,20.682,0.000,0.000,0.000,0.000,0.000,15.654,0.000,0.000,0.000,0.000,0.000,0.000,4.124,0.000,194.745,0.000,0.000,0.000,0.000,-0.5525,-0.2807,0.2004,0.0000,1,-0.10971,0.3993,-0.0246,0.3340,0.0035,1,-0.12971,-0.2468,0.0148,0.2600,0.4328,1,-0.05351,-0.1583,0.0158,0.1947,0.2122,1,-0.06695,-0.4211,-0.3852,0.8496,0.1412,1,-0.11842,0.0275,0.0922,0.2173,0.2009,1,-0.07137
4391.5,0,78.151,0.002,165.777,88.661,44.279,0.000,71.516,0.016,0.001,0.006,0.151,0.000,0.413,0.000,0.032,0.000,0.000,94.541,0.000,0.208,0.029,0.000,0.000,121.268,0.000,0.223,0.000,0.000,0.000,0.000,0.000,7.395,0.000,0.000,0.000,1.565,0.000,0.000,0.000,73.920,167.894,0.000,5.908,0.000,0.000,13.830,0.000,2.834,0.000,0.000,0.000,9.736,84.885,0.000,15.062,1.295,0.000,21.254,0.000,24.568,0.000,0.000,0.000,0.000,0.000,13.646,0.000,0.000,0.000,0.000,0.000,0.000,0.753,0.000,194.590,0.000,0.000,0.000,0.000,-0.5536,-0.2779,0.1998,0.0000,1,-0.10738,0.4172,-0.0198,0.3599,0.0028,1,-0.13204,-0.2075,-0.0113,0.3576,0.4314,1,-0.07314,-0.1814,0.0125,0.1973,0.2190,1,-0.07192,-0.4223,-0.3740,0.8540,0.1462,1,-0.11583,-0.0693,0.0502,0.2356,0.1929,1,-0.09141
4400.0,0,79.766,0.000,159.372,126.072,39.659,0.000,141.581,0.003,0.000,33.494,0.028,0.000,0.075,0.000,0.006,0.000,0.000,67.719,0.000,22.412,0.005,0.000,0.000,84.855,0.000,0.041,0.000,0.000,0.000,0.000,0.000,8.032,0.000,0.000,0.000,1.693,0.000,0.000,0.000,70.388,171.690,0.000,5.184,0.000,0.000,10.840,0.000,2.905,0.000,0.000,0.000,13.537,94.433,0.000,13.665,0.237,0.000,20.067,0.000,25.590,0.000,0.000,0.000,0.000,0.000,11.152,0.813,0.000,0.000,0.000,0.000,0.000,0.138,0.000,189.069,0.000,0.000,0.000,0.000,-0.5546,-0.2754,0.1991,0.0000,1,-0.10479,0.4318,-0.0158,0.3568,0.0022,1,-0.12855,-0.1727,-0.0270,0.4508,0.4297,1,-0.07776,-0.2117,0.0099,0.2013,0.2251,1,-0.07664,-0.4254,-0.3627,0.8596,0.1416,1,-0.11424,-0.1553,0.0069,0.2627,0.1783,1,-0.11494
4408.0,0,71.257,0.000,135.526,138.674,29.303,0.000,174.992,12.254,0.000,98.038,0.006,0.000,0.015,0.000,0.001,0.000,0.000,44.250,0.000,54.372,0.001,0.000,0.000,47.393,0.000,0.008,0.000,0.000,0.000,0.000,0.000,10.045,0.000,0.000,0.000,1.686,0.000,0.000,0.000,62.605,169.232,0.000,7.796,0.000,0.000,10.994,1.443,2.316,0.000,0.000,0.000,8.343,96.316,0.000,14.133,0.048,0.000,17.576,0.000,26.313,0.000,0.000,0.000,0.000,0.000,8.942,3.617,0.000,0.000,0.000,0.000,0.000,0.028,0.000,184.076,0.000,0.000,0.000,0.000,-0.5552,-0.2742,0.1984,0.0000,1,-0.10225,0.4437,-0.0126,0.3351,0.0017,1,-0.12120,-0.1427,-0.0347,0.5373,0.4274,1,-0.07140,-0.2383,0.0160,0.2046,0.2296,1,-0.07475,-0.4296,-0.3553,0.8641,0.1310,1,-0.11404,-0.2265,-0.0338,0.2850,0.1598,1,-0.13650
4416.5,0,75.904,0.000,103.941,129.739,41.354,0.000,181.144,44.582,0.000,147.091,0.001,0.000,21.199,0.000,0.000,0.000,0.000,34.523,0.000,87.029,0.000,0.000,0.000,34.146,0.000,0.002,0.000,0.000,0.000,0.000,0.000,10.550,0.000,0.000,0.000,1.597,0.000,0.000,0.000,61.931,169.423,0.000,7.926,0.000,0.000,11.030,1.374,2.244,0.000,0.000,0.000,4.377,93.970,0.000,11.532,0.009,0.000,15.794,0.000,31.222,0.000,0.000,0.000,4.016,0.000,8.753,7.734,0.000,0.000,0.000,0.000,0.000,0.005,0.000,180.044,0.000,0.000,0.000,0.000,-0.5556,-0.2740,0.1974,0.0000,1,-0.09995,0.4532,-0.0100,0.3034,0.0014,1,-0.11115,-0.1252,-0.0371,0.6189,0.4248,1,-0.05729,-0.2571,0.0264,0.2071,0.2327,1,-0.06927,-0.4339,-0.3548,0.8656,0.1173,1,-0.11548,-0.2821,-0.0696,0.2995,0.1399,1,-0.15366
4425.0,0,67.261,43.141,51.772,103.419,40.623,0.000,182.532,87.071,0.000,158.642,0.000,0.000,49.338,0.000,0.000,0.000,0.000,14.807,0.000,118.031,0.000,0.000,0.000,47.664,15.752,0.000,0.000,0.000,0.000,0.000,26.862,10.278,0.000,0.000,0.000,1.381,0.000,0.000,0.000,58.376,158.807,0.000,8.570,0.000,0.000,11.224,0.475,2.097,0.000,0.000,0.000,0.800,89.797,0.000,9.727,0.002,3.352,13.843,0.000,33.125,0.000,0.000,0.000,10.241,0.000,12.458,12.929,0.000,0.000,0.000,0.000,0.000,0.001,0.000,164.453,0.000,0.000,0.000,0.000,-0.5557,-0.2742,0.1955,0.0000,1,-0.09762,0.4605,-0.0080,0.2675,0.0011,1,-0.09932,-0.1252,-0.0364,0.6904,0.4246,1,-0.03881,-0.2652,0.0343,0.2087,0.2349,1,-0.06493,-0.4379,-0.3613,0.8613,0.1133,1,-0.11791,-0.3234,-0.0953,0.3064,0.1204,1,-0.16437
4433.0,0,67.186,121.323,12.919,39.724,23.608,0.000,163.921,98.981,0.000,157.466,0.000,0.000,74.881,10.000,0.000,0.000,0.000,11.521,0.000,129.455,0.000,0.000,0.000,87.696,70.801,45.963,0.000,0.000,0.000,0.000,42.312,10.596,0.000,0.000,0.000,1.334,0.000,0.000,0.000,52.669,152.673,0.000,8.674,0.000,0.000,11.072,0.096,1.355,0.000,0.000,0.000,0.161,86.233,0.000,10.516,0.000,6.435,9.773,0.000,34.376,0.000,0.000,0.000,18.866,0.000,20.245,19.679,0.000,0.000,0.000,0.000,0.000,0.000,0.000,164.355,0.000,0.000,0.000,0.000,-0.5554,-0.2749,0.1929,0.0000,1,-0.09550,0.4661,-0.0063,0.2312,0.0009,1,-0.08659,-0.1411,-0.0338,0.7505,0.4271,1,-0.01910,-0.2650,0.0376,0.2071,0.2364,1,-0.06249,-0.4416,-0.3725,0.8502,0.1187,1,-0.12182,-0.3486,-0.1074,0.3127,0.1021,1,-0.16800
4441.5,0,52.113,144.695,2.360,7.257,4.313,0.000,130.958,101.243,0.000,111.749,76.810,0.000,86.554,21.006,0.000,0.000,0.000,19.107,0.000,140.333,0.000,0.000,0.000,159.793,98.820,104.283,0.000,0.000,0.000,0.000,31.575,9.861,0.000,0.000,0.000,1.786,0.000,0.000,0.000,50.680,139.085,0.000,7.424,0.000,0.000,10.654,0.018,1.023,0.000,0.000,0.000,0.029,69.345,0.000,11.905,1.250,3.422,8.550,0.000,33.243,0.000,0.000,0.000,27.203,0.000,30.742,24.180,0.000,0.000,0.000,0.000,0.000,0.000,0.000,144.994,0.000,0.000,0.000,0.000,-0.5548,-0.2754,0.1919,0.0000,1,-0.09426,0.4702,-0.0050,0.1969,0.0007,1,-0.07371,-0.1691,-0.0362,0.8008,0.4313,1,-0.00000,-0.2591,0.0375,0.2023,0.2372,1,-0.06133,-0.4448,-0.3843,0.8271,0.1308,1,-0.12982,-0.3538,-0.1088,0.3211,0.0856,1,-0.16641
4450.0,0,87.452,162.555,0.431,1.326,0.788,0.000,68.663,99.416,0.000,47.621,158.340,0.000,94.995,28.378,0.000,0.000,0.000,48.321,0.000,114.852,0.000,0.000,0.000,186.568,85.217,146.213,0.000,0.000,0.000,0.000,5.768,9.619,0.000,0.000,0.000,1.530,0.000,0.000,0.000,52.202,130.732,0.000,4.803,0.000,0.000,9.076,0.003,0.906,0.000,0.000,0.000,0.005,51.041,0.000,12.415,5.701,5.322,6.003,0.000,33.666,0.000,0.000,0.000,27.202,0.000,41.074,29.301,0.000,0.000,0.000,0.000,0.000,0.968,0.000,136.213,0.000,0.000,0.000,0.555,-0.5540,-0.2758,0.1908,0.0000,1,-0.09400,0.4728,-0.0039,0.1735,0.0005,1,-0.06445,-0.2011,-0.0496,0.8407,0.4363,1,0.01729,-0.2494,0.0352,0.1953,0.2369,1,-0.06094,-0.4466,-0.3887,0.7830,0.1467,1,-0.14604,-0.3412,-0.1033,0.3260,0.0798,1,-0.16193
4458.0,0,95.458,138.604,0.087,0.268,0.159,0.000,17.192,108.905,0.000,9.615,189.988,0.000,73.359,30.580,0.000,0.000,0.000,101.031,0.000,71.289,0.000,0.000,0.000,205.402,45.205,180.264,0.000,0.000,0.000,0.000,1.165,9.840,0.000,0.000,0.000,1.911,0.000,0.000,0.000,55.752,127.852,0.000,1.583,0.000,0.000,10.164,0.001,0.183,0.000,0.000,0.000,0.001,39.108,0.000,13.181,12.163,11.586,5.924,0.000,33.261,0.000,0.000,0.000,24.430,0.000,46.241,36.480,0.000,0.000,0.000,0.000,1.646,3.341,0.000,110.665,0.000,0.000,0.000,0.790,-0.5533,-0.2761,0.1911,0.0000,1,-0.09633,0.4737,0.0052,0.1693,0.0004,1,-0.05581,-0.2322,-0.0782,0.8686,0.4413,1,0.03218,-0.2373,0.0318,0.1820,0.2364,1,-0.05934,-0.4453,-0.3783,0.7194,0.1644,1,-0.16846,-0.3163,-0.0941,0.3317,0.0839,1,-0.15651
4466.5,0,55.439,36.709,0.016,0.049,0.029,0.000,3.141,108.507,0.000,1.756,194.103,0.000,43.796,20.305,0.000,0.000,0.000,145.557,0.000,39.122,0.000,0.000,0.000,209.296,8.258,192.653,0.000,0.000,0.000,0.000,0.213,12.157,0.000,0.000,0.000,1.638,0.000,0.000,0.000,51.422,118.297,0.000,1.817,0.000,0.000,11.154,0.000,0.545,0.000,0.000,0.000,0.000,41.979,0.000,11.499,14.665,9.430,7.424,0.000,30.948,0.000,0.000,0.000,24.074,0.000,47.488,37.419,0.000,0.000,0.000,0.000,12.140,7.733,0.000,99.567,0.000,0.000,0.000,1.598,-0.5523,-0.2772,0.1912,0.0000,1,-0.10050,0.4733,0.0326,0.1872,0.0003,1,-0.04147,-0.2604,-0.1196,0.8865,0.4462,1,0.04533,-0.2244,0.0280,0.1689,0.2363,1,-0.05814,-0.4403,-0.3537,0.6438,0.1908,1,-0.19017,-0.2845,-0.0833,0.3438,0.0946,1,-0.15142
4475.0,0,13.456,6.706,0.003,0.009,0.005,0.000,0.574,59.983,0.000,0.321,175.474,0.000,21.319,3.709,0.000,0.000,0.000,174.567,0.000,10.476,0.000,0.000,0.000,210.008,1.509,185.943,0.000,0.000,0.000,0.000,0.039,12.678,0.000,0.000,0.000,1.628,0.000,0.000,0.000,49.739,103.182,0.000,6.606,0.000,0.000,10.600,0.000,0.892,0.000,0.000,0.000,0.000,55.787,0.000,9.594,16.202,13.397,7.993,0.000,28.091,0.000,0.000,0.000,21.511,0.000,46.810,37.490,0.000,0.000,0.000,0.000,16.721,12.504,0.000,116.786,0.000,0.000,0.000,2.022,-0.5508,-0.2788,0.1913,0.0000,1,-0.10462,0.4729,0.0699,0.2279,0.0003,1,-0.02860,-0.2840,-0.1658,0.8958,0.4507,0,0.05646,-0.2126,0.0242,0.1591,0.2362,1,-0.05769,-0.4353,-0.3201,0.5640,0.2230,1,-0.20588,-0.2501,-0.0868,0.3812,0.1098,1,-0.15344
4483.0,0,2.717,1.354,0.001,0.002,0.001,0.000,0.116,14.836,0.000,0.065,107.130,0.000,4.304,0.749,0.000,0.000,0.000,182.298,0.000,2.115,0.000,0.000,0.000,210.135,0.305,149.741,0.000,0.000,0.000,0.000,0.008,10.539,0.000,0.000,0.000,1.380,0.000,0.000,0.000,45.110,90.310,0.000,5.610,0.000,0.000,13.181,0.000,1.094,0.000,0.000,0.000,0.000,66.048,0.460,6.904,14.199,12.615,9.557,0.000,24.186,0.000,0.000,0.000,17.506,0.000,44.752,39.268,0.000,0.000,0.000,0.000,14.666,13.805,0.000,139.805,0.000,0.000,0.000,2.732,-0.5481,-0.2800,0.1903,0.0000,1,-0.10985,0.4731,0.1069,0.2797,0.0002,1,-0.02075,-0.3010,-0.2109,0.8984,0.4547,0,0.06533,-0.2029,0.0206,0.1527,0.2437,1,-0.05947,-0.4362,-0.2824,0.4856,0.2554,1,-0.21192,-0.2158,-0.0977,0.4511,0.1374,1,-0.15529
4491.5,0,0.496,0.247,0.000,27.015,14.253,0.000,0.021,2.710,0.000,0.012,24.602,0.000,0.786,0.137,0.000,0.000,0.000,185.255,0.000,0.386,0.000,0.000,0.000,206.832,0.056,44.619,0.000,0.000,0.000,0.000,0.001,7.502,0.000,0.000,0.000,1.186,0.000,0.000,0.000,41.525,82.859,0.000,3.420,0.000,0.000,13.358,0.000,2.182,0.000,0.000,0.000,4.430,73.525,0.084,4.431,4.470,9.878,10.447,0.000,20.906,0.000,0.000,0.000,16.308,0.000,38.849,36.686,0.000,0.000,0.000,0.000,3.956,10.451,0.000,163.648,0.000,0.000,0.000,4.641,-0.5439,-0.2793,0.1879,0.0000,1,-0.11557,0.4739,0.1350,0.3268,0.0002,1,-0.01804,-0.3108,-0.2406,0.8963,0.4581,0,0.07040,-0.2048,0.0173,0.1526,0.2537,1,-0.06350,-0.4436,-0.2444,0.4123,0.2839,1,-0.20849,-0.1789,-0.1404,0.5392,0.1714,1,-0.15644
4500.0,0,12.344,0.045,0.000,76.490,36.760,0.000,0.004,0.495,0.000,8.189,4.494,0.000,0.144,0.025,0.000,0.000,0.000,169.705,0.000,0.071,0.000,0.000,0.000,209.557,0.010,8.151,0.000,0.000,0.000,0.000,0.000,5.132,0.000,0.000,0.000,1.583,0.000,0.000,0.000,41.921,92.594,0.000,1.639,0.000,0.000,11.685,0.000,2.026,0.000,0.000,0.000,5.130,79.880,0.015,3.632,0.817,10.772,12.540,0.000,21.074,0.000,0.000,0.000,21.003,0.000,30.852,40.047,0.000,0.000,0.000,0.000,0.723,2.373,0.000,162.242,0.000,0.000,0.000,5.254,-0.5403,-0.2758,0.1866,0.0000,1,-0.11809,0.4751,0.1480,0.3528,0.0001,1,-0.01861,-0.3192,-0.2492,0.8914,0.4605,0,0.07118,-0.2139,0.0144,0.1557,0.2634,1,-0.06804,-0.4543,-0.2083,0.3461,0.3024,1,-0.19747,-0.1435,-0.1981,0.6249,0.2062,1,-0.14496
4508.0,0,2.492,0.009,0.000,111.563,40.948,0.000,0.001,0.100,0.000,60.039,0.907,0.000,0.029,0.005,0.000,0.000,0.000,140.048,0.000,17.946,0.000,0.000,0.000,210.044,0.002,1.646,0.000,0.000,0.000,0.000,0.000,4.150,0.000,0.000,0.000,0.893,0.000,0.000,0.000,34.495,94.705,0.000,0.331,0.000,0.000,11.964,0.000,1.664,0.000,0.000,0.000,5.439,82.811,0.003,2.835,0.165,11.531,11.829,0.000,15.447,0.000,0.000,0.000,23.374,0.000,22.720,39.065,0.000,0.000,0.000,0.000,0.146,0.479,0.000,118.312,0.000,0.000,0.000,4.038,-0.5374,-0.2697,0.1827,0.0000,1,-0.11844,0.4748,0.1481,0.3535,0.0001,1,-0.01921,-0.3284,-0.2412,0.8820,0.4610,0,0.06709,-0.2261,0.0119,0.1593,0.2715,1,-0.07195,-0.4674,-0.1754,0.2879,0.3059,1,-0.18056,-0.1114,-0.2646,0.6966,0.2378,1,-0.12058
4516.5,0,18.774,0.002,0.000,140.423,58.644,0.000,0.000,0.018,0.000,112.920,0.166,0.000,10.005,0.001,0.000,0.000,0.000,113.702,0.000,58.299,0.000,0.000,0.000,193.899,0.000,0.301,0.000,0.000,0.000,0.000,0.000,5.564,0.000,0.000,0.000,0.893,0.000,0.000,0.000,32.077,101.164,0.000,0.060,0.000,0.000,11.395,0.000,1.661,0.000,0.000,0.000,1.826,83.283,0.001,2.795,0.030,15.245,14.430,0.000,12.957,0.000,0.000,0.000,26.531,0.000,18.273,39.942,0.000,0.000,0.000,0.000,0.027,0.088,0.000,73.347,0.000,0.000,0.000,2.987,-0.5351,-0.2640,0.1776,0.0000,1,-0.11793,0.4695,0.1398,0.3349,0.0001,1,-0.01882,-0.3388,-0.2231,0.8673,0.4596,0,0.05917,-0.2340,0.0097,0.1629,0.2755,1,-0.07464,-0.4815,-0.1462,0.2375,0.2949,1,-0.15918,-0.0880,-0.3329,0.7492,0.2629,1,-0.08982
4525.0,0,55.725,0.000,0.000,141.933,40.847,35.149,0.000,0.003,0.000,143.546,0.030,0.000,25.874,0.000,0.000,0.000,0.000,73.660,0.000,90.839,0.000,0.000,0.000,174.385,0.000,0.055,0.000,0.000,0.000,0.000,0.000,8.977,0.000,0.000,0.000,1.333,0.000,0.000,0.000,34.930,113.375,0.000,0.011,0.000,0.000,10.841,0.000,1.636,0.000,1.619,0.000,0.334,82.031,0.000,3.333,0.006,18.901,15.029,0.000,13.487,0.000,0.000,0.000,34.775,0.000,15.608,41.730,0.000,0.000,0.000,0.000,0.005,0.016,0.000,22.976,0.000,0.000,0.000,3.860,-0.5338,-0.2611,0.1743,0.0000,1,-0.11887,0.4564,0.1269,0.3051,0.0001,1,-0.01750,-0.3524,-0.1998,0.8531,0.4568,0,0.05098,-0.2307,0.0079,0.1663,0.2758,1,-0.07626,-0.4939,-0.1209,0.1946,0.2736,1,-0.13483,-0.0816,-0.3962,0.7854,0.2798,1,-0.05950
4533.0,0,76.949,0.000,35.726,146.542,59.674,81.227,0.000,0.001,0.000,163.960,0.006,0.000,56.649,0.000,0.000,0.000,0.000,48.462,0.000,123.679,0.000,0.000,0.000,155.621,0.000,0.011,0.000,0.000,0.000,0.000,20.382,11.509,0.000,0.000,0.000,1.676,0.000,0.000,0.000,36.516,118.739,0.000,0.002,0.000,0.000,11.832,0.000,2.207,0.000,8.218,0.000,0.067,84.313,0.000,6.040,0.001,25.355,14.735,0.000,11.321,0.000,0.000,0.000,33.616,0.000,16.090,44.552,0.000,0.000,0.000,0.000,0.001,0.003,0.000,4.639,0.000,0.000,0.000,4.814,-0.5333,-0.2611,0.1735,0.0000,1,-0.12164,0.4321,0.1120,0.2703,0.0000,1,-0.01546,-0.3666,-0.1748,0.8358,0.4540,1,0.04214,-0.2120,0.0064,0.1711,0.2742,1,-0.07784,-0.5039,-0.0992,0.1586,0.2463,1,-0.10906,-0.0889,-0.4526,0.8090,0.2893,1,-0.03406
4541.5,0,108.131,0.000,63.112,108.640,21.791,134.123,0.000,36.010,0.000,171.177,0.001,24.891,73.276,0.000,0.000,0.000,0.000,25.293,0.000,148.107,0.000,0.000,0.000,134.997,0.000,0.002,0.000,0.000,0.000,0.000,33.411,12.462,0.000,0.000,0.000,1.544,0.000,0.000,0.000,40.017,139.929,0.000,0.000,0.000,0.000,13.583,0.000,2.238,0.000,8.860,0.000,0.012,81.370,0.000,10.540,0.000,38.101,10.660,0.000,11.179,0.000,0.000,0.000,34.995,0.000,16.169,46.874,0.000,0.000,0.000,0.000,0.000,0.001,0.000,0.847,0.000,0.000,0.000,3.444,-0.5335,-0.2630,0.1737,0.0000,1,-0.12509,0.3976,0.0970,0.2345,0.0000,1,-0.01293,-0.3801,-0.1502,0.8158,0.4511,1,0.03323,-0.1842,0.0052,0.1764,0.2720,1,-0.07980,-0.5118,-0.0810,0.1286,0.2166,1,-0.08331,-0.1055,-0.5023,0.8231,0.2933,1,-0.01539
4550.0,0,127.845,0.000,57.701,28.869,3.981,168.421,0.000,87.434,0.000,156.634,0.000,110.147,95.944,0.000,0.000,0.000,0.000,18.506,0.000,158.991,0.000,0.000,0.000,127.810,0.000,0.000,0.000,0.000,24.253,0.000,36.365,13.012,0.000,0.000,0.000,2.177,0.000,0.000,0.000,49.859,152.285,0.000,0.000,0.000,0.000,11.155,2.119,1.935,0.000,8.970,0.000,0.002,69.028,0.000,11.871,0.000,50.117,6.544,0.000,7.333,0.000,0.000,0.000,31.485,0.000,6.812,49.375,0.000,0.000,0.000,0.000,0.000,0.000,0.000,0.155,0.000,0.000,0.000,3.660,-0.5349,-0.2660,0.1765,0.0000,1,-0.12940,0.3566,0.0826,0.2002,0.0000,1,-0.01016,-0.3911,-0.1272,0.7847,0.4460,1,0.02136,-0.1521,0.0170,0.1809,0.2688,1,-0.07285,-0.5176,-0.0657,0.1038,0.1871,1,-0.05869,-0.1231,-0.5447,0.8267,0.2933,1,-0.00572
4558.0,0,112.145,0.000,14.662,5.829,0.804,165.136,0.000,135.826,0.000,120.192,0.000,166.754,101.007,0.000,0.000,0.000,0.000,10.439,0.000,156.757,21.474,0.000,0.000,118.172,0.000,0.000,0.000,0.000,83.521,0.000,18.625,12.273,0.000,0.000,0.000,1.925,0.000,0.000,0.000,51.290,147.831,0.000,0.000,0.000,0.000,12.048,0.986,1.859,0.000,6.855,0.000,0.000,63.825,0.000,14.406,0.000,42.337,1.924,0.000,3.523,0.000,0.000,0.000,15.550,0.000,1.375,45.263,0.000,0.000,0.000,0.000,0.000,0.000,0.000,0.031,0.000,0.000,0.000,3.450,-0.5366,-0.2693,0.1820,0.0000,1,-0.13436,0.3130,0.0695,0.1688,0.0000,1,-0.00735,-0.3956,-0.1066,0.7347,0.4339,1,0.00468,-0.1205,0.0298,0.1845,0.2656,1,-0.06512,-0.5212,-0.0531,0.0835,0.1645,1,-0.03722,-0.1451,-0.5796,0.8202,0.2892,1,-0.00570
4566.5,0,73.188,0.000,2.678,1.065,0.147,139.604,0.000,146.871,0.000,52.233,0.000,192.102,94.910,0.000,9.715,0.000,0.000,1.907,0.000,130.535,51.146,0.000,0.000,96.787,0.000,0.000,0.000,0.000,125.450,0.000,3.402,9.988,0.000,0.000,0.000,1.708,0.000,0.000,0.000,49.034,146.246,0.000,1.528,0.000,0.000,10.169,0.180,1.272,0.000,4.240,0.000,0.000,54.603,0.000,17.234,0.000,15.425,0.351,3.515,2.162,0.000,0.000,0.000,2.841,0.000,0.251,33.084,0.000,0.000,0.000,0.000,0.000,0.000,0.000,0.006,0.000,0.000,0.000,2.550,-0.5382,-0.2718,0.1864,0.0000,1,-0.13693,0.2700,0.0579,0.1408,0.0000,1,-0.00468,-0.3861,-0.0716,0.6696,0.4116,1,-0.01217,-0.0936,0.0370,0.1851,0.2618,1,-0.06049,-0.5212,-0.0428,0.0669,0.1539,1,-0.02061,-0.1741,-0.6061,0.8026,0.2818,1,-0.01597
4575.0,0,92.725,0.000,0.489,0.195,0.027,101.390,0.000,147.752,0.000,9.542,0.000,201.901,70.650,0.000,28.402,0.000,0.000,7.757,0.000,95.480,56.087,0.000,0.000,66.705,0.000,0.000,0.000,0.000,136.484,0.000,0.622,7.530,0.000,0.000,0.000,1.830,0.000,0.000,0.000,53.201,139.296,0.000,3.612,0.000,0.000,9.686,0.033,1.423,0.000,0.774,0.000,0.000,51.803,0.000,18.243,0.000,2.818,0.064,10.233,1.611,0.000,0.000,0.000,0.519,0.000,0.046,12.909,0.000,0.000,0.000,0.000,0.000,0.000,0.000,0.001,0.000,0.000,0.000,1.215,-0.5397,-0.2723,0.1899,0.0000,1,-0.13631,0.2296,0.0478,0.1165,0.0000,1,-0.00225,-0.3629,-0.0203,0.6020,0.3801,1,-0.02037,-0.0783,0.0392,0.1847,0.2577,1,-0.05886,-0.5161,-0.0343,0.0535,0.1531,1,-0.00877,-0.2065,-0.6215,0.7647,0.2678,1,-0.04375
4583.0,0,88.221,0.000,0.099,0.039,0.005,32.245,0.000,145.931,0.000,1.927,0.000,204.432,36.182,0.000,45.973,0.000,0.000,1.566,0.000,50.103,75.891,0.000,0.000,64.895,0.000,0.000,0.000,0.000,130.721,0.000,0.125,5.905,0.000,0.000,0.000,1.658,0.000,0.000,0.000,51.261,131.097,0.000,2.237,0.000,0.000,8.176,0.007,1.029,0.000,0.156,0.000,0.000,50.553,0.000,17.752,0.000,0.569,0.013,12.454,1.733,0.000,0.000,0.000,0.105,0.000,0.009,2.606,0.000,0.000,0.000,0.000,0.000,0.000,0.000,0.000,0.000,0.000,0.000,0.800,-0.5407,-0.2706,0.1920,0.0000,1,-0.13378,0.1931,0.0393,0.0957,0.0000,1,-0.00012,-0.3305,0.0332,0.5390,0.3424,1,-0.01779,-0.0731,0.0382,0.1819,0.2529,1,-0.05838,-0.5050,-0.0274,0.0426,0.1630,1,-0.00235,-0.2402,-0.6255,0.7033,0.2466,1,-0.08943
4591.5,0,102.003,0.000,0.018,0.007,0.001,5.891,0.000,156.053,0.000,0.352,0.000,186.718,12.308,0.000,61.440,0.000,0.000,3.298,0.000,12.832,113.483,0.000,0.000,84.247,0.000,0.000,0.000,0.000,119.195,0.000,0.023,5.584,0.000,0.000,0.000,1.372,0.000,0.000,0.000,46.199,121.834,0.000,1.022,0.000,0.000,8.508,0.001,0.837,0.000,0.029,0.000,0.000,56.574,0.000,14.348,0.000,0.104,0.002,18.681,1.661,0.000,0.000,7.408,0.019,0.000,0.002,0.476,0.000,0.000,0.000,0.000,0.000,0.000,0.000,0.000,0.000,0.000,0.000,1.835,-0.5411,-0.2674,0.1922,0.0000,1,-0.13086,0.1607,0.0320,0.0781,0.0000,1,0.00176,-0.2935,0.0955,0.4825,0.3020,1,-0.00285,-0.0747,0.0354,0.1768,0.2482,1,-0.05810,-0.4836,-0.0219,0.0339,0.1833,1,-0.00142,-0.2729,-0.6186,0.6190,0.2208,1,-0.14768
4600.0,0,96.543,0.000,41.020,0.001,0.000,1.076,0.000,161.138,0.000,0.064,0.000,161.947,2.248,0.000,89.419,0.000,0.000,0.602,0.000,11.513,159.273,0.000,0.000,90.540,0.000,0.000,0.000,0.000,116.710,0.000,0.004,5.046,0.000,0.000,0.000,1.793,0.000,0.000,0.000,41.465,108.839,0.000,1.806,0.000,0.000,9.477,0.000,1.242,0.000,0.005,0.000,0.000,64.266,0.000,9.125,0.000,0.019,0.000,23.798,1.210,0.000,0.000,73.989,0.003,0.000,0.000,0.087,0.000,0.000,0.000,0.000,0.000,0.000,0.000,0.000,0.000,0.000,0.000,2.557,-0.5402,-0.2630,0.1927,0.0000,1,-0.12826,0.1328,0.0260,0.0635,0.0000,1,0.00341,-0.2554,0.1658,0.4314,0.2616,1,0.02313,-0.0806,0.0317,0.1728,0.2442,1,-0.05867,-0.4508,-0.0174,0.0269,0.2093,1,-0.00394,-0.3061,-0.6022,0.5204,0.1934,1,-0.20701
4608.0,0,90.632,0.000,69.500,0.000,0.000,0.217,0.000,167.511,0.000,0.013,0.000,109.289,0.454,0.000,109.329,0.000,0.000,0.122,0.000,2.325,181.391,0.000,0.000,51.583,0.000,0.000,0.000,0.000,107.431,0.000,0.001,5.048,0.000,0.000,0.000,1.239,0.000,0.000,0.000,44.435,99.249,0.000,3.725,0.000,0.000,7.793,0.000,1.017,0.000,0.001,0.000,0.000,61.249,0.000,5.331,0.000,0.004,0.000,22.691,0.483,0.000,0.000,107.305,0.001,0.000,0.000,0.018,0.000,0.000,0.000,0.000,0.000,0.000,0.000,0.000,0.000,0.000,0.000,2.024,-0.5383,-0.2582,0.1914,0.0000,1,-0.12512,0.1089,0.0210,0.0513,0.0000,1,0.00481,-0.2187,0.2339,0.3819,0.2233,0,0.05540,-0.0887,0.0278,0.1686,0.2401,1,-0.05917,-0.4155,-0.0138,0.0213,0.2356,1,-0.00743,-0.3401,-0.5795,0.4184,0.1706,1,-0.25568
4616.5,0,112.443,10.000,111.736,7.408,0.000,0.040,60.484,171.121,0.000,0.002,0.000,27.779,0.083,0.000,123.407,0.000,0.000,0.022,0.000,0.425,193.823,0.000,0.000,9.423,0.000,0.000,0.000,0.000,86.444,0.000,0.000,6.750,0.000,0.000,0.000,1.269,0.000,0.000,0.000,47.644,106.907,0.000,7.060,0.000,0.000,9.643,0.000,1.100,0.000,0.000,0.000,1.799,63.382,0.000,3.432,0.000,0.001,0.000,9.878,0.088,0.000,0.000,107.721,0.000,0.000,0.000,0.003,0.000,0.000,0.000,0.000,0.000,0.000,0.000,3.352,0.000,0.000,0.000,0.370,-0.5365,-0.2548,0.1891,0.0000,1,-0.12093,0.0931,0.0169,0.0413,0.0000,1,0.00598,-0.1849,0.2829,0.3324,0.1883,0,0.08434,-0.1019,0.0238,0.1649,0.2370,1,-0.05988,-0.3956,-0.0109,0.0168,0.2576,1,-0.00924,-0.3724,-0.5521,0.3203,0.1543,1,-0.28865
4625.0,0,130.968,63.395,120.238,44.298,0.000,0.007,131.852,180.049,0.000,0.000,0.000,5.075,0.015,0.000,131.925,0.000,0.000,0.004,0.000,0.078,187.018,0.000,0.000,1.721,0.000,0.000,0.000,0.000,30.590,0.000,0.000,6.213,0.000,0.000,0.000,2.043,0.000,0.000,0.000,50.051,115.099,0.000,7.390,0.000,0.000,9.920,0.000,1.444,0.000,0.000,0.000,3.329,60.066,0.000,0.627,0.000,3.704,0.000,2.006,0.016,0.000,0.000,96.517,0.000,0.000,0.000,0.001,0.000,0.000,0.000,0.000,0.000,0.000,0.000,0.612,0.000,0.000,0.000,0.068,-0.5356,-0.2521,0.1892,0.0000,1,-0.11605,0.0795,0.0136,0.0332,0.0000,1,0.00700,-0.1546,0.3065,0.2801,0.1572,0,0.10433,-0.1204,0.0202,0.1633,0.2348,1,-0.06113,-0.3934,-0.0086,0.0133,0.2670,1,-0.00775,-0.4018,-0.5177,0.2303,0.1475,1,-0.30434
4633.0,0,129.351,116.097,117.220,77.437,0.000,0.001,161.915,186.152,0.000,21.902,0.000,1.025,0.003,16.141,125.889,0.000,0.000,0.001,18.792,0.016,158.696,0.000,0.000,0.348,40.816,0.000,0.000,0.000,6.176,0.000,0.000,6.649,0.000,0.000,0.000,1.616,0.000,0.000,0.000,49.380,110.863,0.000,5.143,0.000,0.000,8.554,0.000,1.302,0.000,0.000,0.000,4.642,68.581,0.000,1.635,0.000,0.748,1.810,0.405,0.003,0.000,0.000,63.379,0.000,0.000,0.000,0.000,0.000,0.000,0.000,0.000,0.000,0.000,0.000,0.124,0.000,0.000,0.000,0.014,-0.5353,-0.2503,0.1892,0.0000,1,-0.11177,0.0672,0.0108,0.0265,0.0000,1,0.00793,-0.1282,0.3070,0.2326,0.1355,0,0.11054,-0.1422,0.0169,0.1623,0.2327,1,-0.06205,-0.4022,-0.0068,0.0104,0.2620,1,-0.00300,-0.4263,-0.4713,0.1512,0.1487,1,-0.30255
4641.5,0,120.352,150.603,90.296,111.844,0.000,0.000,187.430,184.944,0.000,50.488,83.759,0.187,0.001,45.894,128.768,0.000,0.000,0.000,39.843,0.003,119.622,0.000,0.000,0.063,88.312,0.000,0.000,0.000,1.128,0.000,0.000,6.999,0.000,0.000,0.000,1.897,0.000,0.000,0.000,47.647,109.013,0.000,4.289,0.000,0.000,5.196,0.823,1.462,0.000,0.000,0.000,5.803,78.987,0.000,5.052,0.000,0.137,3.133,0.074,0.001,0.000,0.000,24.426,0.000,0.000,0.000,0.000,0.000,0.000,0.000,0.000,0.000,0.000,0.000,0.023,0.000,0.000,0.000,0.002,-0.5350,-0.2493,0.1902,0.0000,1,-0.10902,0.0562,0.0086,0.0212,0.0000,1,0.00883,-0.1055,0.2909,0.1915,0.1231,0,0.10533,-0.1652,0.0195,0.1625,0.2283,1,-0.05860,-0.4162,-0.0054,0.0129,0.2459,1,0.00212,-0.4428,-0.3850,0.0866,0.1548,1,-0.27274
4650.0,0,118.291,172.466,38.442,146.157,0.000,0.000,188.608,187.059,0.000,97.000,157.152,0.034,0.000,73.261,117.624,0.000,6.703,6.065,77.556,8.188,43.449,0.000,0.000,25.285,130.614,0.000,0.000,0.000,0.206,0.000,0.000,11.290,0.000,0.000,0.000,1.584,0.000,0.000,0.000,48.521,103.435,0.000,1.532,0.000,0.000,6.842,1.129,1.995,0.000,0.000,0.000,8.345,85.575,0.000,5.936,0.000,0.025,5.357,0.014,0.000,0.000,0.000,4.462,0.000,0.000,0.000,0.000,0.000,0.000,0.000,0.000,0.000,0.000,0.000,0.004,0.000,0.000,0.000,0.000,-0.5346,-0.2510,0.1906,0.0000,1,-0.11002,0.0466,0.0069,0.0168,0.0000,1,0.00968,-0.0863,0.2653,0.1566,0.1195,0,0.09384,-0.1891,0.0267,0.1650,0.2276,1,-0.05340,-0.4322,-0.0042,0.0263,0.2264,1,0.00326,-0.4457,-0.2487,0.0444,0.1638,1,-0.20439
4658.0,0,107.750,174.386,7.761,162.872,0.000,0.000,175.265,188.497,0.000,132.474,184.744,0.007,0.000,82.361,101.579,0.000,12.090,60.837,88.872,38.063,8.772,0.000,0.000,67.442,142.730,85.798,0.000,0.000,0.042,0.000,0.000,37.251,0.000,0.000,0.000,1.956,0.000,0.000,0.000,48.058,103.275,0.000,0.309,0.000,0.000,6.831,1.858,2.690,0.000,0.000,0.000,7.820,92.212,0.000,7.206,0.000,0.005,5.605,0.003,0.292,0.000,0.000,0.901,0.000,0.000,0.000,0.000,0.000,0.000,0.000,0.000,0.000,0.000,0.000,0.001,0.000,0.000,0.000,0.000,-0.5341,-0.2761,0.1919,0.0000,1,-0.12930,0.0384,0.0055,0.0134,0.0000,1,0.01048,-0.0702,0.2353,0.1307,0.1214,0,0.07882,-0.2117,0.0387,0.1705,0.2282,1,-0.04631,-0.4482,-0.0033,0.0464,0.2076,1,0.00121,-0.4329,-0.0840,0.0260,0.1744,1,-0.10571
4666.5,0,50.799,153.915,1.418,166.453,0.000,0.000,142.562,160.297,0.000,170.299,201.029,0.001,11.087,100.932,81.258,0.000,6.274,112.977,96.634,69.621,1.603,0.000,0.000,125.746,145.339,153.856,0.000,0.000,0.008,0.000,11.087,46.070,0.000,0.000,0.000,1.801,0.000,0.000,0.000,49.848,110.802,0.000,0.057,0.000,0.000,8.993,0.912,2.415,0.000,0.000,0.000,3.287,93.482,0.000,9.781,0.000,0.001,10.010,0.000,2.375,0.000,0.000,0.165,0.000,0.000,0.000,0.000,0.000,0.000,0.000,0.000,0.000,0.000,0.000,0.000,0.000,0.000,0.000,0.000,-0.5337,-0.3332,0.1931,0.0000,1,-0.16961,0.0314,0.0043,0.0106,0.0000,1,0.01123,-0.0568,0.2044,0.1216,0.1341,0,0.05809,-0.2284,0.0492,0.1767,0.2308,1,-0.04140,-0.4640,-0.0026,0.0765,0.2033,1,-0.00829,-0.4059,0.0788,0.0393,0.1853,1,-0.00412
4675.0,0,9.280,48.743,0.259,153.203,0.000,0.000,114.655,97.392,0.000,183.838,204.819,0.000,41.713,104.325,39.642,0.000,1.146,150.033,108.506,95.593,0.293,0.000,0.000,156.554,142.530,175.574,0.000,0.000,0.001,0.000,32.362,45.054,0.000,0.000,0.000,2.171,0.000,0.000,0.000,48.550,111.093,0.000,0.010,0.000,0.000,11.747,0.840,2.598,0.000,0.000,0.000,0.600,92.773,0.000,9.391,0.000,0.000,12.684,0.000,4.120,0.000,0.000,0.030,0.000,0.000,9.608,0.000,0.000,0.000,0.000,0.000,0.670,0.512,0.000,0.000,0.000,0.000,0.000,0.000,-0.5338,-0.3962,0.1953,0.0000,1,-0.21228,0.0255,0.0077,0.0134,0.0000,1,0.01329,-0.0458,0.1746,0.1256,0.1669,1,0.03270,-0.2363,0.0584,0.1833,0.2361,1,-0.03844,-0.4789,-0.0020,0.1171,0.2118,1,-0.02422,-0.3695,0.2232,0.0865,0.1960,0,0.07650
4683.0,0,1.874,9.841,0.052,85.372,0.000,0.000,69.560,19.663,0.000,187.303,183.988,0.000,62.457,110.996,8.003,0.000,0.231,167.765,121.653,110.887,0.059,0.000,0.000,162.698,121.144,166.773,0.000,0.000,0.000,0.000,34.674,38.646,0.000,0.000,0.000,2.034,0.000,0.000,0.000,54.735,122.306,0.000,0.002,0.000,0.000,12.271,4.599,2.152,0.000,0.000,0.000,0.121,87.873,0.000,8.083,0.000,0.000,19.589,0.000,5.765,0.000,0.000,0.006,0.000,0.000,18.570,0.000,0.000,0.000,0.000,0.000,4.694,6.821,0.000,0.000,0.000,0.000,0.000,0.000,-0.5347,-0.4500,0.1975,0.0000,1,-0.24682,0.0207,0.0262,0.0469,0.0000,1,0.01384,-0.0368,0.1473,0.1383,0.2113,1,0.00702,-0.2374,0.0806,0.1888,0.2414,1,-0.02587,-0.4911,-0.0016,0.1565,0.2295,1,-0.04045,-0.3229,0.3419,0.1524,0.2067,0,0.12708
4691.5,0,0.342,1.798,0.010,15.596,0.000,0.000,17.738,3.592,0.000,169.989,122.440,0.000,89.083,106.163,1.462,0.000,0.042,179.436,116.324,101.672,0.011,0.000,0.000,161.880,80.436,126.324,0.000,0.000,0.000,0.000,15.859,29.591,0.000,0.000,0.000,2.266,0.000,0.000,0.000,54.474,124.642,0.000,0.502,0.000,0.000,10.717,3.431,1.632,0.000,0.000,0.000,0.022,68.912,0.000,6.028,0.000,0.000,25.285,0.000,6.237,0.000,0.000,0.001,0.000,0.000,21.489,0.000,0.000,0.000,0.000,0.000,2.684,18.926,0.000,5.000,0.000,0.000,0.000,0.000,-0.5364,-0.4911,0.2003,0.0000,1,-0.27181,0.0225,0.0467,0.1152,0.0000,1,-0.00001,-0.0294,0.1230,0.1555,0.2575,1,-0.01547,-0.2337,0.1048,0.1917,0.2445,1,-0.01061,-0.5006,-0.0012,0.1842,0.2509,1,-0.05244,-0.2529,0.4365,0.2244,0.2172,0,0.14802
4700.0,0,0.063,0.328,0.002,2.849,0.000,0.000,3.240,0.656,0.000,116.702,30.791,0.000,99.435,89.035,0.267,0.000,0.008,174.503,99.729,67.876,0.002,0.000,0.000,171.319,26.257,33.382,0.000,0.000,0.000,0.000,2.897,16.958,0.000,0.000,0.000,2.050,0.000,0.000,0.000,49.267,120.343,0.000,2.542,0.000,0.000,9.481,0.627,1.911,0.000,0.000,0.000,0.004,56.542,0.000,8.017,0.000,0.000,25.996,0.000,5.874,0.000,0.000,0.000,0.000,0.000,22.385,0.000,0.000,0.000,0.000,0.000,0.490,23.592,0.000,54.253,0.000,0.000,0.000,0.000,-0.5379,-0.5137,0.2026,0.0000,1,-0.28401,0.0514,0.0591,0.1998,0.0000,1,-0.02565,-0.0235,0.1018,0.1740,0.2990,1,-0.03338,-0.2269,0.1173,0.1939,0.2454,1,-0.00316,-0.5076,-0.0010,0.1969,0.2721,1,-0.05926,-0.1657,0.5092,0.2917,0.2272,0,0.15201
4708.0,0,0.013,0.066,0.000,0.575,0.000,0.000,0.654,0.132,0.000,53.118,6.217,0.000,93.523,74.722,0.054,0.000,0.002,158.938,54.390,26.560,0.000,0.000,0.000,158.530,5.301,6.740,0.000,0.000,0.000,0.000,0.585,12.322,0.000,0.000,0.000,1.702,0.000,0.000,0.000,39.812,96.220,0.000,4.342,0.000,0.000,10.546,0.127,1.814,0.000,0.000,0.000,0.001,23.543,0.000,5.637,0.000,0.000,27.714,0.000,5.014,0.000,0.000,0.000,0.000,0.000,19.330,3.836,0.000,0.000,0.000,0.000,0.099,23.201,0.000,120.166,0.000,0.000,0.000,0.000,-0.5387,-0.5190,0.2034,0.0000,1,-0.28554,0.0992,0.0635,0.2864,0.0000,1,-0.05414,-0.0187,0.0837,0.1915,0.3336,1,-0.04523,-0.2166,0.1188,0.1952,0.2453,1,-0.00399,-0.5125,-0.0008,0.1947,0.2892,1,-0.06098,-0.0728,0.5595,0.3470,0.2361,0,0.14695
4716.5,0,0.002,0.012,0.000,0.105,0.000,0.000,0.120,0.024,0.000,9.704,1.136,0.000,74.882,60.170,0.010,0.000,0.000,130.296,9.936,7.318,0.000,0.000,0.000,141.407,0.968,1.231,0.000,0.000,0.000,0.000,0.107,8.958,0.000,0.000,0.000,1.561,0.000,0.000,0.000,25.879,71.388,0.000,7.986,0.000,0.000,9.749,0.023,1.342,0.000,0.000,0.000,0.000,5.310,0.000,3.982,0.000,0.000,26.031,0.000,5.154,0.000,0.000,0.000,0.000,0.000,14.106,10.866,0.000,0.000,0.000,0.000,0.018,19.770,0.000,169.426,0.000,0.000,0.000,0.000,-0.5370,-0.5104,0.2029,0.0000,1,-0.28001,0.1542,0.0625,0.3662,0.0000,1,-0.07930,-0.0149,0.0684,0.2134,0.3605,1,-0.05205,-0.2000,0.1129,0.1942,0.2454,1,-0.01157,-0.5153,-0.0006,0.1824,0.2955,1,-0.05816,0.0161,0.5875,0.3858,0.2439,0,0.13727
4725.0,0,0.000,0.002,0.000,0.019,0.000,0.000,0.022,0.004,0.000,1.773,0.207,0.000,52.822,52.562,0.002,0.000,0.000,98.349,1.815,1.337,0.000,0.000,0.000,103.738,0.177,0.225,0.000,0.000,0.000,0.000,0.020,5.015,0.000,0.000,0.000,1.146,0.000,0.000,0.000,11.368,42.872,0.000,7.467,0.000,0.000,11.943,0.004,1.116,0.000,0.000,0.000,0.000,0.970,0.000,2.933,0.000,0.000,26.090,0.000,6.089,0.000,0.000,0.000,0.000,0.000,9.185,21.276,0.000,0.000,0.000,0.000,0.003,14.982,0.000,181.976,0.000,0.000,0.000,0.000,-0.5295,-0.4909,0.1999,0.0000,1,-0.27006,0.2082,0.0583,0.4337,0.0000,1,-0.09866,-0.0118,0.0555,0.2445,0.3797,1,-0.05503,-0.1765,0.1030,0.1910,0.2457,1,-0.02324,-0.5154,-0.0005,0.1648,0.2929,1,-0.05234,0.0958,0.5973,0.4185,0.2506,0,0.12234
4733.0,0,0.000,0.000,0.000,0.004,0.000,0.000,0.004,0.001,0.000,0.358,0.042,0.000,32.569,36.273,0.000,0.000,0.000,80.539,0.366,0.270,0.000,0.000,0.000,76.494,0.036,0.045,0.000,0.000,0.000,0.000,0.004,3.254,0.000,0.000,0.000,1.122,0.000,0.000,0.000,2.976,21.669,0.000,6.962,0.000,0.000,12.363,0.001,0.739,0.000,0.000,0.000,0.000,0.196,0.000,3.006,0.000,0.000,28.793,0.000,7.894,0.000,0.000,0.000,1.123,0.000,3.691,27.686,0.000,0.000,0.000,0.000,0.001,11.641,0.000,180.914,0.000,0.000,0.000,0.000,-0.5125,-0.4632,0.1955,0.0000,1,-0.25749,0.2572,0.0524,0.4877,0.0000,1,-0.11258,-0.0124,0.0449,0.2869,0.3919,1,-0.05552,-0.1498,0.0912,0.1845,0.2473,1,-0.03596,-0.5125,-0.0004,0.1450,0.2912,1,-0.04591,0.1645,0.5955,0.4507,0.2596,0,0.10387
4741.5,0,10.000,0.000,0.000,0.001,0.000,16.065,0.001,0.000,0.000,0.065,0.008,0.000,16.370,24.561,0.000,0.000,0.000,51.232,0.067,0.049,0.000,0.000,0.000,44.800,0.007,0.008,0.000,0.000,0.000,0.000,0.001,2.557,0.000,0.000,0.000,0.837,0.000,0.000,0.000,0.544,11.631,0.000,5.099,0.000,0.000,14.314,0.000,0.978,0.000,0.000,0.000,0.000,0.036,0.000,4.157,0.000,0.000,29.766,0.000,7.893,0.000,0.000,0.000,0.205,0.000,0.993,30.045,0.000,0.000,0.000,0.000,0.000,10.380,0.000,172.761,0.000,0.000,0.000,0.000,-0.4840,-0.4306,0.1890,0.0000,1,-0.24393,0.2996,0.0460,0.5298,0.0000,1,-0.12241,-0.0126,0.0362,0.3327,0.3972,1,-0.05382,-0.1236,0.0791,0.1780,0.2523,1,-0.04935,-0.5046,-0.0003,0.1301,0.2953,1,-0.04216,0.2226,0.5881,0.4815,0.2685,0,0.08600
4750.0,0,30.144,0.000,17.408,46.313,0.000,70.555,0.000,0.000,0.000,0.012,0.001,0.000,9.056,23.722,12.253,0.000,0.000,44.135,0.012,19.393,0.000,0.000,0.000,14.329,0.001,0.002,0.000,0.000,9.048,0.000,0.000,0.467,0.000,0.000,0.000,0.830,0.000,0.000,0.000,0.099,11.822,0.000,0.931,0.000,0.000,12.728,0.000,1.557,0.000,0.000,0.000,0.000,10.481,0.000,4.461,0.000,0.000,31.351,0.000,10.081,0.000,0.000,0.000,0.037,0.000,0.181,27.654,0.000,0.000,0.000,0.000,0.000,9.504,0.000,152.919,0.000,0.000,0.000,0.000,-0.4464,-0.3904,0.1817,0.0000,1,-0.22754,0.3349,0.0396,0.5614,0.0000,1,-0.12931,-0.0121,0.0290,0.3834,0.3963,1,-0.05098,-0.1048,0.0676,0.1744,0.2582,1,-0.06000,-0.4897,-0.0002,0.1367,0.3104,1,-0.04763,0.2709,0.5780,0.5105,0.2755,0,0.07020
4758.0,0,60.079,0.000,96.725,131.769,0.000,106.300,0.000,0.000,0.000,31.919,0.000,37.015,1.828,26.694,17.387,0.000,0.000,28.990,0.002,65.865,0.000,0.000,0.000,2.893,0.000,0.000,0.000,0.000,36.392,0.000,0.000,0.094,0.000,0.000,0.000,0.820,0.000,0.000,0.000,0.020,16.545,0.000,0.188,0.000,0.000,13.768,0.000,2.329,0.000,2.192,0.000,0.000,40.848,0.000,3.362,0.000,0.000,31.933,0.000,11.507,0.000,0.000,0.000,0.927,0.000,0.037,28.331,0.000,0.000,0.000,0.000,0.000,8.048,0.000,130.172,0.000,0.000,0.000,0.000,-0.4052,-0.3457,0.1743,0.0000,1,-0.20765,0.3631,0.0336,0.5824,0.0000,1,-0.13407,-0.0137,0.0232,0.4368,0.3910,1,-0.04717,-0.0913,0.0569,0.1750,0.2668,1,-0.06789,-0.4774,-0.0002,0.1657,0.3268,1,-0.05993,0.3098,0.5686,0.5372,0.2800,0,0.05777
4766.5,0,87.125,16.457,132.292,168.463,7.408,122.310,37.488,37.113,0.000,100.642,0.000,105.743,14.348,32.340,34.883,0.000,0.000,27.271,0.000,110.293,0.000,0.000,0.000,10.528,0.000,0.000,0.000,0.000,92.511,0.000,27.771,0.943,0.000,0.000,0.000,0.970,0.000,0.000,0.000,0.004,35.461,0.000,0.034,0.000,0.000,13.201,0.000,3.083,0.000,5.834,0.000,0.000,50.405,0.000,3.196,0.000,0.000,31.382,0.000,11.212,0.000,0.000,0.000,0.674,0.000,0.007,26.186,0.000,0.000,0.000,0.000,0.000,5.415,0.000,100.643,0.000,0.000,0.000,0.454,-0.3661,-0.3046,0.1681,0.0000,1,-0.18702,0.3826,0.0282,0.5897,0.0000,1,-0.13725,-0.0158,0.0185,0.4876,0.3829,1,-0.04264,-0.0744,0.0475,0.1795,0.2758,1,-0.07451,-0.4720,-0.0001,0.2149,0.3340,1,-0.07492,0.3409,0.5682,0.5585,0.2824,0,0.05186
4775.0,0,121.623,133.458,143.602,159.253,15.265,134.472,119.750,81.384,0.000,152.332,0.000,163.198,43.288,38.141,50.166,0.000,0.000,23.799,0.000,145.402,52.378,0.000,0.000,55.943,16.703,39.639,0.000,0.000,129.047,0.000,80.199,3.184,0.000,0.000,0.000,1.626,0.000,0.000,0.000,13.964,64.638,0.000,0.006,0.000,0.000,10.326,6.968,2.962,0.000,7.387,0.000,0.000,47.258,0.000,5.385,0.000,0.000,27.112,11.561,10.147,0.000,0.000,6.065,0.123,0.000,0.001,21.553,0.000,0.000,14.928,0.000,0.000,1.983,0.000,87.499,0.000,0.000,0.000,1.591,-0.3521,-0.2737,0.1658,0.0000,1,-0.16924,0.3923,0.0234,0.5686,0.0000,1,-0.13831,-0.0164,0.0543,0.5328,0.3732,1,-0.02851,-0.0552,0.0654,0.1857,0.2829,1,-0.06196,-0.4723,-0.0001,0.2839,0.3282,1,-0.09015,0.3659,0.5778,0.5667,0.2834,0,0.05314
4783.0,0,111.435,168.240,95.452,84.009,3.082,81.590,168.693,116.986,0.000,172.451,91.303,183.944,67.810,55.022,66.614,0.000,0.000,31.030,10.000,172.291,110.194,0.000,0.000,141.997,62.699,114.244,0.000,0.000,156.193,0.000,100.059,5.998,0.000,0.000,0.000,1.448,0.000,0.000,0.000,25.726,93.033,0.000,0.001,0.000,0.000,8.090,16.241,1.804,0.000,5.884,0.000,0.000,19.081,0.000,7.024,0.000,0.000,21.815,27.282,6.239,0.000,4.524,41.891,0.025,0.000,0.000,10.534,0.000,0.000,49.108,0.000,0.000,0.400,0.000,84.349,0.000,0.000,0.000,1.988,-0.3598,-0.2540,0.1653,0.0000,1,-0.15458,0.3942,0.0193,0.5049,0.0000,1,-0.13418,-0.0104,0.1283,0.5668,0.3624,1,-0.00782,-0.0355,0.1056,0.1898,0.2846,1,-0.03355,-0.4762,-0.0001,0.3553,0.3102,1,-0.10109,0.3860,0.5944,0.5557,0.2831,0,0.06137
4791.5,0,64.439,173.772,25.601,15.347,0.563,14.905,175.361,132.108,0.000,166.480,166.624,179.990,98.274,83.728,87.220,0.000,0.000,71.120,28.948,166.078,142.427,0.000,0.000,193.220,120.051,173.633,0.000,0.000,164.369,0.000,97.348,8.656,0.000,0.000,0.000,1.807,0.000,0.000,0.000,35.630,106.660,0.000,0.000,0.000,0.000,6.190,24.117,1.572,0.000,1.824,0.000,0.000,3.486,0.000,6.288,0.000,0.000,14.457,29.694,3.922,0.000,16.348,80.571,0.005,0.000,0.000,2.371,0.000,0.000,50.408,0.000,0.000,0.073,0.000,88.303,0.000,0.000,0.000,1.374,-0.3795,-0.2436,0.1671,0.0000,1,-0.14475,0.3953,0.0158,0.4146,0.0000,1,-0.12169,0.0058,0.2132,0.5823,0.3503,1,0.01329,-0.0173,0.1650,0.1917,0.2809,1,0.00745,-0.4816,-0.0001,0.4189,0.2885,1,-0.10769,0.4014,0.6186,0.5240,0.2818,0,0.07827
4800.0,0,16.516,109.532,4.677,2.804,0.103,2.723,158.343,97.632,0.000,116.556,197.246,158.167,120.824,93.098,107.776,0.000,0.000,127.197,48.233,160.687,175.973,0.000,0.000,207.071,145.179,188.746,0.000,0.000,141.161,0.000,48.412,10.791,0.000,0.000,0.000,1.619,0.000,0.000,0.000,40.302,109.663,0.000,0.000,0.000,0.000,5.973,19.002,1.157,0.000,0.333,0.000,0.000,0.637,0.000,8.226,0.000,0.000,10.279,25.380,5.691,0.000,30.068,120.943,0.001,0.000,0.000,0.433,0.000,0.000,22.222,0.000,10.143,0.013,0.000,102.018,0.000,0.000,0.000,1.577,-0.4029,-0.2401,0.1694,0.0000,1,-0.13948,0.3996,0.0310,0.3228,0.0000,1,-0.08988,0.0350,0.2904,0.5882,0.3370,1,0.03149,-0.0020,0.2226,0.1904,0.2737,1,0.04757,-0.4868,-0.0000,0.4721,0.2757,1,-0.11177,0.4114,0.6462,0.4774,0.2793,0,0.10352
4808.0,0,3.335,34.317,0.944,0.566,0.021,0.550,118.562,25.189,0.000,38.177,193.492,79.174,113.227,102.663,118.308,0.000,0.000,159.825,77.359,137.250,189.558,0.000,0.000,209.542,142.579,192.300,0.000,0.000,89.845,0.000,9.774,11.563,0.000,0.000,0.000,1.508,0.000,0.000,0.000,43.655,117.998,0.000,0.000,0.000,0.000,7.652,5.725,1.607,0.000,0.067,0.000,0.000,0.129,0.000,11.431,0.000,0.000,11.871,9.437,2.983,0.000,45.225,158.124,0.000,0.000,0.000,0.753,0.000,0.000,10.993,0.000,17.324,0.003,0.000,126.237,0.000,0.000,0.000,1.518,-0.4261,-0.2411,0.1716,0.0000,1,-0.13726,0.4067,0.0576,0.2409,0.0000,1,-0.04403,0.0758,0.3449,0.5769,0.3240,1,0.04444,0.0098,0.2647,0.1892,0.2660,0,0.07604,-0.4910,-0.0000,0.5126,0.2749,1,-0.11420,0.4126,0.6726,0.4234,0.2748,0,0.13609
4816.5,0,0.609,6.269,0.172,0.103,0.004,0.100,48.432,4.602,0.000,6.974,173.935,14.464,90.170,104.641,129.145,0.000,0.000,183.036,114.151,103.551,197.325,0.000,0.000,210.052,132.730,191.517,0.000,0.000,18.645,0.000,1.786,10.788,0.000,0.000,0.000,1.831,0.000,0.000,0.000,49.022,128.553,0.000,0.000,0.000,0.000,9.797,1.046,1.255,0.000,0.012,0.000,0.000,0.023,0.000,14.144,0.000,0.000,15.031,1.724,0.545,0.000,54.945,173.239,0.000,0.000,0.000,2.081,0.000,0.000,16.097,0.000,19.974,0.000,0.000,162.650,0.000,0.000,0.000,3.029,-0.4476,-0.2441,0.1746,0.0000,1,-0.13695,0.4159,0.0893,0.1645,0.0000,1,0.01209,0.1219,0.3698,0.5447,0.3127,0,0.05156,0.0177,0.2824,0.1868,0.2594,0,0.08707,-0.4947,-0.0000,0.5409,0.2816,1,-0.11536,0.4042,0.6955,0.3679,0.2697,0,0.17442
4825.0,0,0.111,1.145,0.032,0.019,0.001,0.018,10.867,0.841,0.000,1.274,106.654,2.642,56.087,91.889,129.299,0.000,0.000,184.162,144.381,70.263,184.586,0.000,0.000,210.146,94.382,155.545,0.000,0.000,3.406,0.000,0.326,9.028,0.000,0.000,0.000,1.538,0.000,0.000,0.000,52.871,141.656,0.000,0.000,0.000,0.000,9.168,0.191,1.769,0.000,0.002,0.000,0.000,12.697,0.000,19.868,0.000,0.000,18.531,0.315,0.100,0.000,52.355,185.486,0.000,0.000,0.000,4.775,0.000,0.000,40.813,0.000,19.554,0.000,0.000,178.554,0.000,0.000,0.000,1.381,-0.4667,-0.2475,0.1769,0.0000,1,-0.13690,0.4257,0.1219,0.0848,0.0000,0,0.07860,0.1670,0.3684,0.4971,0.3037,0,0.05342,0.0169,0.2790,0.1858,0.2536,0,0.08526,-0.4984,-0.0000,0.5591,0.2910,1,-0.11573,0.3928,0.7143,0.3146,0.2635,0,0.21647
4833.0,0,0.022,0.231,0.006,0.004,0.000,0.004,2.194,0.170,0.000,0.257,23.999,0.533,24.818,78.690,131.618,0.000,0.000,189.530,138.640,44.490,163.726,0.000,0.000,210.162,40.844,73.005,0.000,0.000,0.688,0.000,0.066,6.670,0.000,0.000,0.000,1.640,0.000,0.000,0.000,52.847,145.151,0.000,2.747,0.000,0.000,6.759,0.039,1.726,0.000,0.000,0.000,0.000,24.979,0.000,19.780,0.000,0.000,20.069,0.064,0.020,0.000,49.413,187.250,0.000,0.000,0.000,4.537,0.000,0.000,62.811,0.000,19.320,0.000,0.000,190.321,0.000,0.000,0.000,2.054,-0.4831,-0.2495,0.1791,0.0000,1,-0.13434,0.4354,0.1528,0.0053,0.0000,0,0.15128,0.2069,0.3484,0.4416,0.2969,0,0.05045,0.0057,0.2618,0.1854,0.2472,0,0.07558,-0.5017,-0.0000,0.5689,0.2944,1,-0.11559,0.3825,0.7286,0.2655,0.2571,0,0.25940
4841.5,0,8.191,0.042,0.001,0.001,0.000,0.001,0.401,0.031,0.000,0.047,4.384,0.097,7.546,63.852,123.425,0.000,0.000,168.117,132.011,23.534,129.185,0.000,0.000,210.166,7.462,13.337,0.000,0.000,0.126,0.000,0.012,3.804,0.000,0.000,0.000,1.588,0.000,0.000,0.000,53.187,152.813,0.000,1.871,0.000,0.000,4.977,0.007,1.554,0.000,0.000,0.000,0.000,41.401,0.000,20.663,0.000,0.000,20.843,0.012,0.004,0.000,48.355,181.342,0.000,0.000,0.000,2.587,0.000,0.000,51.624,0.000,12.934,0.000,0.000,199.532,0.000,0.000,0.000,1.290,-0.4968,-0.2476,0.1808,0.0000,1,-0.12891,0.4444,0.1797,-0.0658,0.0000,0,0.22145,0.2409,0.3176,0.3842,0.2917,1,0.04300,-0.0123,0.2370,0.1849,0.2393,0,0.06222,-0.5046,-0.0000,0.5713,0.2858,1,-0.11510,0.3768,0.7377,0.2218,0.2509,0,0.29440
4850.0,0,46.327,0.008,0.000,0.000,0.000,0.000,0.073,0.006,0.000,0.009,0.801,0.018,1.378,46.388,120.485,0.000,0.000,149.830,115.700,15.386,56.734,0.000,0.000,210.167,1.363,2.436,0.000,0.000,0.023,0.000,0.002,1.830,0.000,0.000,0.000,1.410,0.000,0.000,0.000,53.098,152.772,0.000,2.380,0.000,0.000,4.552,0.001,1.155,0.000,0.000,0.000,0.000,49.497,0.000,20.421,0.000,0.000,22.083,0.002,0.001,0.000,34.521,178.389,0.000,0.000,0.000,0.473,0.000,0.000,34.093,0.000,2.811,0.000,0.000,196.881,0.000,0.000,0.000,1.150,-0.5080,-0.2397,0.1816,0.0000,1,-0.11907,0.4525,0.1959,-0.1216,0.0000,0,0.27478,0.2640,0.2817,0.3288,0.2879,1,0.03119,-0.0329,0.2089,0.1827,0.2306,1,0.04802,-0.5075,-0.0000,0.5682,0.2667,1,-0.11425,0.3758,0.7394,0.1837,0.2449,0,0.31851
4858.0,0,68.071,0.002,0.000,0.000,0.000,0.000,0.015,0.001,0.000,0.002,0.162,0.004,0.278,35.405,111.205,0.000,0.000,117.446,87.843,17.474,13.686,0.000,0.000,210.167,0.275,0.492,0.000,0.000,0.005,0.000,0.000,2.548,0.000,0.000,0.000,1.416,0.000,0.000,0.000,49.899,148.421,0.000,3.836,0.000,0.000,5.185,0.000,0.747,0.000,0.000,0.000,0.000,61.322,0.000,17.534,0.000,0.000,21.232,0.000,0.000,0.000,23.452,151.688,0.000,0.000,0.000,0.095,0.000,0.000,8.246,0.000,0.568,0.000,0.000,196.736,0.000,0.000,0.000,1.969,-0.5170,-0.2306,0.1817,0.0000,1,-0.10781,0.4594,0.1978,-0.1560,0.0000,0,0.30045,0.2763,0.2447,0.2777,0.2851,1,0.01650,-0.0535,0.1807,0.1773,0.2225,1,0.03486,-0.5101,-0.0000,0.5640,0.2412,1,-0.11294,0.3791,0.7312,0.1510,0.2388,0,0.33062
4866.5,0,55.027,0.000,0.000,0.000,0.000,0.000,0.003,0.000,0.000,0.000,0.030,0.001,0.051,26.288,97.153,0.000,0.000,86.792,37.836,17.560,2.500,0.000,0.000,199.960,0.050,0.090,0.000,0.000,0.001,0.000,0.000,0.466,0.000,0.000,0.000,1.441,0.000,0.000,0.000,41.075,130.698,0.000,4.529,0.000,0.000,7.712,0.000,0.543,0.000,0.000,0.000,2.047,64.668,0.000,15.394,0.000,0.000,24.989,0.000,0.000,0.000,9.544,82.357,0.000,0.000,0.000,0.017,0.000,0.000,1.506,0.000,0.104,0.000,0.000,173.441,0.000,0.000,0.000,3.150,-0.5236,-0.2146,0.1816,0.0000,1,-0.09189,0.4651,0.1883,-0.1700,0.0000,0,0.30022,0.2771,0.2092,0.2321,0.2883,1,0.00030,-0.0774,0.1538,0.1691,0.2171,1,0.02304,-0.5110,-0.0000,0.5602,0.2129,1,-0.11122,0.3854,0.7113,0.1234,0.2305,0,0.33093
4875.0,0,54.369,0.000,0.000,53.393,0.000,0.000,0.000,33.633,0.000,0.000,0.005,0.000,0.009,23.516,81.239,0.000,0.000,54.258,6.912,32.014,0.457,0.000,0.000,171.133,0.009,0.016,0.000,0.000,0.000,0.000,0.000,0.085,0.000,0.000,0.000,0.763,0.000,0.000,0.000,31.551,112.156,0.000,7.290,0.000,0.000,9.037,0.000,1.174,0.000,0.000,0.000,13.525,76.229,0.000,14.098,0.000,0.000,29.160,0.000,0.000,0.000,1.743,19.790,0.000,0.000,0.000,0.003,0.000,0.000,0.275,0.000,0.019,0.000,0.000,136.469,0.000,0.000,0.000,2.247,-0.5275,-0.1935,0.1780,0.0000,1,-0.07139,0.4689,0.1721,-0.1691,0.0000,0,0.28259,0.2651,0.1766,0.1923,0.2965,1,-0.01524,-0.1161,0.1294,0.1635,0.2145,1,0.01096,-0.5083,-0.0000,0.5581,0.1843,1,-0.10928,0.3939,0.6813,0.1105,0.2191,0,0.31573
4883.0,0,82.952,0.000,0.000,114.317,0.000,0.000,0.000,77.550,0.000,36.001,0.001,0.000,0.002,17.983,51.292,0.000,0.000,40.594,1.396,53.210,0.092,0.000,0.000,133.119,0.002,0.003,0.000,0.000,0.000,0.000,0.000,1.451,0.000,0.000,0.000,1.031,0.000,0.000,0.000,27.793,103.938,0.000,8.810,0.000,0.000,6.855,0.000,1.218,0.000,0.000,0.000,18.769,84.438,0.000,13.773,0.000,0.000,32.993,0.000,0.394,0.000,0.352,3.995,0.000,0.000,0.000,0.001,0.000,0.000,0.056,0.000,0.004,0.000,0.000,86.966,0.000,0.000,0.000,2.517,-0.5287,-0.1766,0.1741,0.0000,1,-0.05412,0.4680,0.1528,-0.1591,0.0000,0,0.25551,0.2440,0.1475,0.1625,0.3106,1,-0.02938,-0.1627,0.1078,0.1598,0.2122,1,-0.00032,-0.5021,-0.0000,0.5665,0.1572,1,-0.10774,0.4032,0.6441,0.1128,0.2073,0,0.28684
4891.5,0,120.468,0.000,0.000,140.532,0.000,0.000,0.000,118.846,0.000,96.553,0.000,0.000,0.000,16.391,19.896,0.000,0.000,33.856,0.255,92.882,0.017,0.000,0.000,81.459,0.000,0.001,0.000,0.000,0.000,0.000,0.000,4.294,0.000,0.000,0.000,1.049,0.000,0.000,0.000,32.278,114.927,0.000,9.655,0.000,0.000,8.050,1.018,1.762,0.000,0.000,0.000,17.899,88.409,0.000,13.479,0.000,0.000,37.340,0.000,5.822,0.000,0.064,0.730,0.000,0.000,0.000,2.851,0.000,0.000,0.010,0.000,0.001,0.000,0.000,52.252,0.000,0.000,0.000,1.471,-0.5290,-0.1688,0.1703,0.0000,1,-0.04289,0.4605,0.1328,-0.1441,0.0000,0,0.22476,0.2180,0.1221,0.1705,0.3260,1,-0.04407,-0.2091,0.0954,0.1597,0.2110,1,-0.00687,-0.4931,-0.0000,0.5815,0.1324,1,-0.10667,0.4124,0.6096,0.1249,0.1980,0,0.25465
4900.0,0,123.694,0.000,36.647,132.500,0.000,0.000,0.000,156.363,0.000,135.283,0.000,0.000,11.902,6.673,5.866,0.000,0.000,20.812,0.047,114.328,0.003,0.000,0.000,39.017,0.000,0.000,0.000,0.000,0.000,0.000,29.193,7.268,0.000,0.000,0.000,1.292,0.000,0.000,0.000,34.332,125.029,0.000,8.692,0.000,0.000,11.299,1.233,1.528,0.000,0.000,0.000,6.411,88.130,0.000,11.104,0.000,0.000,44.234,0.000,14.434,0.000,0.012,0.133,0.000,0.000,2.429,11.929,0.000,0.000,0.002,0.000,0.000,0.000,0.000,11.788,0.000,0.000,0.000,1.183,-0.5292,-0.1696,0.1680,0.0000,1,-0.03797,0.4433,0.1135,-0.1271,0.0000,0,0.19396,0.1905,0.1004,0.2294,0.3470,1,-0.05842,-0.2445,0.0900,0.1607,0.2121,1,-0.00970,-0.4835,-0.0000,0.5999,0.1104,1,-0.10598,0.4206,0.5836,0.1423,0.1878,0,0.22704
4908.0,0,115.544,45.675,81.295,110.619,0.000,0.000,0.000,170.525,0.000,148.788,0.000,0.000,33.696,1.347,1.184,0.000,0.000,19.348,0.009,141.256,0.001,0.000,0.000,62.708,0.000,0.000,0.000,0.000,0.000,0.000,39.313,9.006,0.000,0.000,0.000,1.534,0.000,0.000,0.000,38.047,128.604,0.000,5.564,0.000,0.000,12.503,0.249,2.091,0.000,0.000,0.000,1.911,92.010,0.000,7.825,0.000,0.000,47.550,0.000,24.570,0.000,0.002,0.027,0.000,0.000,7.714,26.888,0.000,0.000,0.000,0.000,0.000,0.000,0.000,2.380,0.000,0.000,0.000,1.356,-0.5297,-0.1761,0.1677,0.0000,1,-0.03858,0.4148,0.0958,-0.1100,0.0000,0,0.16516,0.1636,0.0820,0.3225,0.3705,1,-0.06402,-0.2657,0.0836,0.1641,0.2148,1,-0.01489,-0.4759,-0.0000,0.6195,0.1098,1,-0.10694,0.4272,0.5649,0.1621,0.1811,0,0.20358
4916.5,0,111.960,141.325,136.739,83.094,0.000,0.000,56.390,167.462,0.000,154.165,10.000,0.000,63.902,0.246,0.216,0.000,0.000,17.902,0.002,148.723,0.000,0.000,0.000,130.835,0.000,58.129,0.000,0.000,0.000,0.000,34.563,9.155,0.000,0.000,0.000,1.484,0.000,0.000,0.000,45.049,130.243,0.000,1.630,0.000,0.000,14.089,0.045,2.608,0.000,3.132,0.000,0.349,91.452,0.000,5.306,0.000,0.000,51.364,0.000,34.587,0.000,0.000,0.005,14.413,0.000,20.835,45.033,0.000,0.000,0.000,0.000,0.000,0.000,0.000,0.435,0.000,0.000,0.000,1.756,-0.5309,-0.1857,0.1683,0.0000,1,-0.04387,0.3775,0.0800,-0.0936,0.0000,0,0.13934,0.1158,0.0666,0.4281,0.3952,1,-0.05821,-0.2669,0.0754,0.1699,0.2187,1,-0.02278,-0.4708,-0.0000,0.6438,0.1316,1,-0.10900,0.4328,0.5557,0.1928,0.1795,0,0.18154
4925.0,0,91.671,177.903,163.950,54.896,0.000,0.000,127.004,166.428,0.000,139.659,96.489,0.000,71.120,0.045,0.040,0.000,0.000,38.687,0.000,152.894,0.000,0.000,0.000,180.955,0.000,119.948,0.000,0.000,0.000,0.000,25.552,9.931,0.000,0.000,0.000,1.326,0.000,0.000,0.000,50.021,135.313,0.000,0.298,0.000,0.000,12.877,0.008,2.737,0.000,6.562,0.000,0.064,90.599,0.000,6.301,1.644,0.000,49.099,0.000,38.306,0.000,0.000,0.001,46.255,0.000,29.808,54.672,0.000,0.000,0.000,0.000,0.000,0.000,0.000,0.079,0.000,0.000,0.000,0.321,-0.5325,-0.1967,0.1687,0.0000,1,-0.05276,0.3353,0.0662,-0.0788,0.0000,0,0.11693,0.0398,0.0467,0.5307,0.4168,1,-0.04505,-0.2509,0.0663,0.1771,0.2227,1,-0.03191,-0.4683,-0.0000,0.6699,0.1658,1,-0.11026,0.4370,0.5542,0.2347,0.1793,0,0.16067
4933.0,0,52.310,155.696,154.899,11.083,0.000,0.000,166.385,146.705,0.000,97.527,165.323,0.000,74.018,0.009,0.008,0.000,0.000,70.712,0.000,156.306,0.000,0.000,0.000,204.269,0.000,162.716,0.000,0.000,0.000,0.000,5.159,11.222,0.000,0.000,0.000,1.842,0.000,0.000,0.000,55.022,147.489,0.000,0.060,0.000,0.000,12.238,0.002,2.701,0.000,6.015,0.000,0.013,83.089,0.000,5.362,7.150,0.000,44.586,0.000,39.132,0.000,0.000,0.000,71.595,0.000,37.807,64.177,0.000,0.000,0.000,0.000,0.000,0.000,0.000,0.016,0.000,0.000,0.000,0.620,-0.5345,-0.2083,0.1710,0.0000,1,-0.06424,0.2921,0.0544,-0.0656,0.0000,0,0.09786,-0.0500,0.0102,0.6214,0.4339,1,-0.02850,-0.2249,0.0572,0.1845,0.2264,1,-0.04109,-0.4684,-0.0000,0.6918,0.2031,1,-0.11006,0.4392,0.5513,0.2716,0.1785,0,0.14288
4941.5,0,11.788,82.428,145.244,2.025,0.000,0.000,192.775,89.386,0.000,30.336,197.909,0.000,66.598,0.002,0.001,0.000,0.000,126.834,0.000,132.137,0.000,0.000,0.000,200.902,0.000,179.523,0.000,0.000,0.000,0.000,0.942,25.527,0.000,0.000,0.000,1.457,0.000,0.000,0.000,55.991,152.175,0.000,0.011,0.000,0.000,13.920,0.000,2.768,0.000,3.201,0.000,0.002,73.832,0.000,5.693,8.690,0.000,39.885,0.000,37.492,0.000,0.000,0.000,81.488,0.000,41.426,67.693,0.000,0.000,0.000,0.000,10.136,0.000,0.000,0.003,0.000,0.000,0.000,0.113,-0.5367,-0.2359,0.1728,0.0000,1,-0.08729,0.2504,0.0625,-0.0542,0.0000,0,0.09931,-0.1378,-0.0360,0.6957,0.4471,1,-0.00914,-0.1975,0.0486,0.1917,0.2301,1,-0.04989,-0.4711,-0.0000,0.7065,0.2376,1,-0.10895,0.4386,0.5405,0.2948,0.1767,0,0.12729
4950.0,0,2.153,15.058,119.211,0.370,0.000,0.000,191.216,16.329,0.000,5.542,185.140,0.000,38.620,11.902,0.000,0.000,0.000,162.663,0.000,94.912,0.000,0.000,0.000,208.474,13.675,188.403,0.000,0.000,0.000,0.000,0.172,32.756,0.000,0.000,0.000,1.589,0.000,0.000,0.000,58.345,158.047,0.000,1.013,0.000,0.000,13.860,0.000,2.757,0.000,0.921,0.000,0.000,71.830,0.000,9.538,7.032,0.000,37.432,0.000,37.534,0.000,0.000,0.000,79.932,0.000,42.731,69.149,0.000,0.000,0.000,0.000,16.366,0.000,0.000,0.001,0.000,0.000,0.000,1.529,-0.5390,-0.2773,0.1747,0.0000,1,-0.11856,0.2119,0.0850,-0.0445,0.0000,0,0.11551,-0.2155,-0.0822,0.7548,0.4569,1,0.01152,-0.1761,0.0409,0.1984,0.2336,1,-0.05800,-0.4755,-0.0000,0.7111,0.2658,1,-0.10801,0.4337,0.5204,0.3060,0.1708,0,0.11246
4958.0,0,0.435,3.040,99.748,0.075,0.000,0.000,195.959,3.297,0.000,1.119,144.303,0.000,15.229,35.930,0.000,0.000,0.000,173.585,0.000,58.199,0.000,0.000,0.000,209.825,39.171,169.772,0.000,0.000,0.000,0.000,0.035,24.364,0.000,0.000,0.000,1.627,0.000,0.000,0.000,57.432,151.330,0.000,1.876,0.000,0.000,11.387,0.000,2.394,0.000,0.186,0.000,0.000,63.540,0.000,9.685,2.394,0.000,34.243,0.000,35.294,0.000,0.000,0.000,74.521,0.000,45.401,65.227,0.000,0.000,0.000,0.000,15.570,0.000,0.000,0.000,0.000,0.000,0.000,0.309,-0.5412,-0.3214,0.1767,0.0000,1,-0.14954,0.1773,0.1125,-0.0363,0.0000,0,0.13736,-0.2807,-0.1149,0.8011,0.4641,1,0.03103,-0.1618,0.0340,0.2037,0.2360,1,-0.06492,-0.4811,-0.0000,0.7045,0.2863,1,-0.10808,0.4218,0.4943,0.3090,0.1652,0,0.09744
4966.5,0,0.079,0.555,57.524,0.014,0.000,0.000,181.506,0.602,0.000,0.204,44.521,0.000,2.782,50.358,0.000,0.000,0.000,181.579,0.000,13.357,0.000,0.000,0.000,210.104,63.168,105.349,0.000,0.000,0.000,0.000,0.006,14.540,0.000,0.000,0.000,1.551,0.000,0.000,0.000,49.547,146.417,0.000,0.845,0.000,0.000,11.099,0.000,2.507,0.000,0.034,0.000,0.000,60.858,0.000,8.302,0.437,0.000,32.667,0.000,29.600,0.000,0.000,0.000,67.022,0.000,42.796,62.052,0.000,0.000,0.000,0.000,6.654,0.000,0.000,33.941,0.000,0.000,0.000,0.056,-0.5429,-0.3522,0.1784,0.0000,1,-0.17125,0.1704,0.1374,-0.0294,0.0000,0,0.15758,-0.3333,-0.1299,0.8364,0.4694,1,0.04682,-0.1530,0.0281,0.2080,0.2375,1,-0.07082,-0.4874,-0.0000,0.6845,0.2978,1,-0.10963,0.4040,0.4663,0.3289,0.1640,0,0.07545
4975.0,0,0.015,0.101,12.740,0.002,0.000,0.000,152.868,0.110,0.000,0.037,8.133,0.000,0.508,59.411,0.000,0.000,0.000,174.396,0.000,2.440,0.000,0.000,0.000,210.155,79.257,21.265,0.000,0.000,0.000,0.000,0.001,9.069,0.000,0.000,0.000,1.784,0.000,0.000,0.000,43.587,126.571,0.000,1.726,0.000,0.000,11.577,0.000,1.895,0.000,0.006,0.000,0.000,51.578,0.000,7.823,0.080,0.000,30.783,0.000,21.761,0.000,0.000,0.000,53.910,0.000,37.037,55.203,0.000,0.000,0.000,0.000,1.216,0.000,0.000,105.196,0.000,0.000,0.000,0.010,-0.5439,-0.3675,0.1806,0.0000,1,-0.18248,0.1897,0.1504,-0.0238,0.0000,0,0.16711,-0.3736,-0.1315,0.8610,0.4730,0,0.05758,-0.1478,0.0230,0.2099,0.2387,1,-0.07540,-0.4920,-0.0000,0.6439,0.3002,1,-0.11258,0.3878,0.4344,0.3640,0.1665,1,0.04762
4983.0,0,0.003,0.020,2.572,19.818,0.000,0.000,96.506,0.022,0.000,0.008,1.642,0.000,0.103,71.322,0.000,0.000,0.000,147.452,0.000,0.493,0.000,0.000,0.000,203.461,80.828,4.293,0.000,0.000,0.000,0.000,0.000,6.251,0.000,0.000,0.000,1.784,0.000,0.000,0.000,42.707,119.227,0.000,4.115,0.000,0.000,14.288,0.000,2.055,0.000,0.001,0.000,0.000,43.370,0.000,4.577,0.016,0.000,28.069,0.000,18.023,0.000,0.000,0.000,49.184,0.000,31.815,49.152,0.000,0.000,0.000,0.000,0.245,0.000,0.000,150.728,0.000,0.000,0.000,0.002,-0.5442,-0.3700,0.1830,0.0000,1,-0.18437,0.2224,0.1511,-0.0191,0.0000,0,0.16529,-0.4034,-0.1249,0.8755,0.4754,0,0.06330,-0.1444,0.0187,0.2109,0.2403,1,-0.07931,-0.4932,-0.0000,0.5870,0.2929,1,-0.11458,0.3787,0.3984,0.4103,0.1718,1,0.01754
4991.5,0,0.001,0.004,0.470,65.957,0.000,0.000,22.873,0.004,0.000,20.770,0.300,0.000,0.019,64.664,0.000,0.000,0.000,119.120,0.000,8.277,0.000,0.000,0.000,190.499,57.357,0.784,0.000,0.000,0.000,0.000,0.000,5.240,0.000,0.000,0.000,1.614,0.000,0.000,0.000,43.335,115.864,0.000,2.168,0.000,0.000,14.732,0.000,1.691,0.000,0.000,0.000,0.000,49.202,0.000,2.490,0.003,0.000,22.850,0.000,15.353,0.000,0.000,0.000,54.206,0.000,19.907,41.196,0.000,0.000,0.000,0.000,0.045,0.000,0.000,163.171,0.000,0.000,0.000,0.000,-0.5442,-0.3636,0.1847,0.0000,1,-0.18074,0.2593,0.1431,-0.0153,0.0000,0,0.15566,-0.4262,-0.1139,0.8798,0.4763,0,0.06410,-0.1424,0.0152,0.2101,0.2422,1,-0.08198,-0.4895,-0.0000,0.5214,0.2752,1,-0.11294,0.3760,0.3541,0.4603,0.1787,1,-0.01233
5000.0,0,29.022,0.001,0.086,118.180,0.000,0.000,4.179,0.001,0.000,72.630,0.055,0.000,0.003,49.639,0.000,0.000,0.000,83.280,0.000,47.238,0.000,0.000,0.000,165.907,16.388,0.143,0.000,0.000,0.000,0.000,0.000,6.277,0.000,0.000,0.000,1.624,0.000,0.000,0.000,40.666,121.347,0.000,2.003,0.000,0.000,14.165,0.000,1.882,0.000,0.000,0.000,0.000,56.456,0.000,0.866,0.001,0.000,18.444,0.000,12.182,0.000,0.000,0.000,61.828,0.000,12.058,39.274,0.000,0.000,0.000,0.000,0.008,0.000,0.000,157.838,0.000,0.000,0.000,0.000,-0.5439,-0.3531,0.1860,0.0000,1,-0.17440,0.2950,0.1302,-0.0123,0.0000,0,0.14183,-0.4450,-0.1008,0.8745,0.4750,0,0.06058,-0.1419,0.0123,0.2090,0.2441,1,-0.08360,-0.4833,-0.0000,0.4538,0.2504,1,-0.10621,0.3769,0.3074,0.5102,0.1861,1,-0.03689
5008.0,0,52.131,0.000,0.017,142.268,0.000,22.896,0.844,0.000,0.000,119.249,0.011,0.000,14.015,32.227,0.000,0.000,0.000,59.755,0.000,87.844,0.000,0.000,0.000,146.845,3.309,0.029,0.000,0.000,0.000,0.000,15.114,8.543,0.000,0.000,0.000,1.279,0.000,0.000,0.000,37.034,120.719,0.000,0.404,0.000,0.000,12.881,0.000,2.037,0.000,1.667,0.000,0.000,61.834,0.000,0.175,0.000,0.000,13.245,0.000,7.584,0.000,0.000,0.000,68.813,0.000,6.838,39.564,0.000,0.000,0.000,0.000,0.002,0.000,0.000,144.133,0.000,0.000,0.000,0.000,-0.5434,-0.3421,0.1856,0.0000,1,-0.16862,0.3271,0.1152,-0.0098,0.0000,0,0.12639,-0.4613,-0.0874,0.8583,0.4714,0,0.05283,-0.1371,0.0099,0.2082,0.2454,1,-0.08426,-0.4757,-0.0000,0.3886,0.2220,1,-0.09453,0.3791,0.2566,0.5523,0.1938,1,-0.05612
5016.5,0,48.187,0.000,39.959,136.417,0.000,72.124,0.154,0.000,0.000,156.649,0.002,0.000,42.799,16.406,0.000,0.000,0.000,41.310,0.000,136.500,0.000,0.000,0.000,117.206,0.604,0.005,0.000,0.000,0.000,0.000,51.739,9.819,0.000,0.000,0.000,1.012,0.000,0.000,0.000,33.244,119.701,0.000,1.804,0.000,0.000,13.169,0.000,2.000,0.000,3.607,0.000,0.000,63.048,0.000,2.253,0.000,0.000,10.248,0.000,2.208,0.000,0.000,0.000,79.114,0.000,1.249,43.455,0.000,0.000,0.000,0.000,0.000,0.000,0.000,123.253,0.000,0.000,0.000,0.000,-0.5424,-0.3320,0.1831,0.0000,1,-0.16239,0.3539,0.0998,-0.0078,0.0000,0,0.11095,-0.4778,-0.0746,0.8233,0.4636,1,0.03882,-0.1262,0.0079,0.2075,0.2464,1,-0.08442,-0.4693,-0.0000,0.3284,0.1930,1,-0.07907,0.3832,0.1875,0.5896,0.2015,1,-0.07430
5025.0,0,63.120,0.000,109.889,110.332,0.000,114.176,0.028,0.000,0.000,164.350,0.000,37.488,72.129,5.228,23.000,0.000,0.000,37.639,0.000,161.298,0.000,0.000,0.000,92.458,0.110,0.001,0.000,0.000,15.114,0.000,65.985,10.701,0.000,0.000,0.000,1.304,0.000,0.000,0.000,36.760,125.785,0.000,4.530,0.000,0.000,11.080,3.347,2.063,0.000,7.220,0.000,0.000,59.459,0.000,1.326,0.000,0.000,4.571,3.378,0.403,0.000,0.000,0.000,92.900,0.000,0.228,47.262,0.000,0.000,0.000,0.000,0.000,0.000,0.000,92.573,0.000,0.000,0.000,2.078,-0.5414,-0.3234,0.1807,0.0000,1,-0.15530,0.3725,0.0851,-0.0062,0.0000,0,0.09601,-0.4942,-0.0504,0.7662,0.4495,1,0.01937,-0.1082,0.0238,0.2071,0.2466,1,-0.07220,-0.4622,-0.0000,0.2746,0.1651,1,-0.06142,0.3893,0.1052,0.6214,0.2112,1,-0.08825
5033.0,0,51.062,0.000,133.510,40.116,0.000,135.697,61.029,8.187,0.000,168.424,0.000,113.457,94.364,1.056,33.944,0.000,0.000,30.455,0.000,172.446,15.752,0.000,0.000,77.994,0.022,0.000,0.000,0.000,72.274,0.000,50.158,11.545,0.000,0.000,0.000,2.033,0.000,0.000,0.000,37.550,132.162,0.000,7.177,0.000,0.000,14.322,5.322,2.326,0.000,7.186,0.000,0.000,49.414,0.000,3.500,0.000,4.714,1.416,5.299,0.081,0.000,0.000,0.000,100.473,0.000,0.046,51.615,0.000,0.000,0.000,0.000,0.000,0.000,0.000,78.069,0.000,0.000,0.000,0.419,-0.5406,-0.3163,0.1850,0.0000,1,-0.14912,0.3818,0.0717,-0.0049,0.0000,0,0.08257,-0.5092,-0.0186,0.6886,0.4271,1,0.00022,-0.0868,0.0543,0.2076,0.2472,1,-0.05060,-0.4535,-0.0000,0.2276,0.1394,1,-0.04320,0.3966,0.0200,0.6467,0.2220,1,-0.09565
5041.5,0,11.794,0.000,168.781,7.328,0.000,107.301,142.759,1.496,0.000,125.964,0.000,173.489,113.778,0.193,45.366,0.000,0.000,22.590,0.000,168.765,76.413,0.000,0.000,67.877,0.004,0.000,0.000,0.000,123.136,0.000,24.676,9.685,0.000,0.000,0.000,1.914,0.000,0.000,0.000,37.976,133.614,0.000,9.525,0.000,0.000,15.690,2.307,2.334,0.000,8.470,0.000,0.000,43.888,0.000,2.960,0.000,7.168,0.259,14.459,0.015,0.000,0.000,0.000,90.682,0.000,0.008,44.476,0.000,0.000,0.000,0.000,0.000,0.000,0.000,67.993,0.000,0.000,0.000,0.413,-0.5399,-0.3100,0.1897,0.0000,1,-0.14227,0.3835,0.0598,-0.0039,0.0000,0,0.07079,-0.5219,0.0409,0.5984,0.3958,1,-0.00652,-0.0631,0.0823,0.2085,0.2483,1,-0.03118,-0.4429,-0.0000,0.1873,0.1165,1,-0.02555,0.4047,-0.0555,0.6651,0.2317,1,-0.09707
5050.0,0,15.269,24.253,176.379,1.339,0.000,39.173,179.928,0.273,0.000,47.874,0.000,183.582,112.160,17.039,61.577,0.000,0.000,14.864,0.000,157.507,138.059,0.000,0.000,66.551,21.945,0.000,0.000,0.000,150.589,0.000,4.508,7.067,0.000,0.000,0.000,1.638,0.000,0.000,0.000,39.898,137.068,0.000,7.892,0.000,0.000,18.095,0.421,2.443,0.000,7.146,0.000,0.000,37.960,0.000,3.571,0.000,7.016,0.047,28.030,0.003,0.000,0.000,0.000,61.330,0.000,0.002,30.831,0.000,0.000,0.000,0.000,0.000,0.000,0.000,59.210,0.000,0.000,0.000,1.742,-0.5394,-0.3030,0.1927,0.0000,1,-0.13430,0.3797,0.0494,-0.0030,0.0000,0,0.06042,-0.5314,0.1275,0.5048,0.3579,1,0.01291,-0.0401,0.0970,0.2100,0.2502,1,-0.02180,-0.4312,-0.0000,0.1531,0.0965,1,-0.00921,0.4129,-0.1130,0.6706,0.2396,1,-0.09747
5058.0,0,37.454,86.533,177.085,0.270,0.000,7.909,200.383,0.055,0.000,9.666,0.000,182.404,95.775,47.234,80.033,0.000,0.000,6.680,15.752,128.524,171.068,0.000,0.000,69.922,78.327,20.784,0.000,0.000,158.299,0.000,0.910,6.002,0.000,0.000,0.000,1.619,0.000,0.000,0.000,41.236,141.857,0.000,8.213,0.000,0.000,17.147,0.085,2.234,0.000,2.725,0.000,0.000,23.690,0.000,4.826,0.000,2.779,0.010,35.514,0.001,0.000,0.000,0.000,17.683,0.000,0.000,15.426,0.000,0.000,0.000,0.000,0.000,0.000,0.000,55.921,0.000,0.000,0.000,0.352,-0.5392,-0.2952,0.1942,0.0000,1,-0.12544,0.3726,0.0406,-0.0024,0.0000,0,0.05173,-0.5338,0.2226,0.4180,0.3167,0,0.06028,-0.0232,0.1006,0.2111,0.2522,1,-0.02152,-0.4210,-0.0000,0.1245,0.0794,1,0.00540,0.4209,-0.1462,0.6567,0.2450,1,-0.10279
5066.5,0,47.509,125.616,131.838,0.049,0.000,1.445,206.148,0.010,0.000,1.766,31.422,134.196,64.430,67.956,100.507,0.000,0.000,8.727,73.038,105.766,191.976,0.000,0.000,103.132,112.876,46.314,0.000,0.000,145.066,0.000,0.166,5.033,0.000,0.000,0.000,1.546,0.000,0.000,0.000,41.189,148.898,0.000,6.336,0.000,0.000,15.448,0.016,2.333,0.000,0.498,0.000,0.000,14.238,0.000,3.406,0.000,0.508,0.002,25.058,0.000,0.000,0.000,0.000,3.230,0.000,0.000,2.818,0.000,0.000,0.000,0.000,0.000,0.000,0.000,48.143,0.000,0.000,0.000,0.064,-0.5392,-0.2866,0.1946,0.0000,1,-0.11620,0.3634,0.0331,-0.0019,0.0000,1,0.04457,-0.5249,0.3077,0.3429,0.2752,0,0.12301,-0.0147,0.0969,0.2122,0.2538,1,-0.02727,-0.4115,-0.0000,0.1008,0.0649,1,0.01814,0.4286,-0.1534,0.6226,0.2492,1,-0.11445
5075.0,0,28.984,114.979,38.882,0.009,0.000,0.264,199.226,0.002,0.000,0.323,104.721,61.048,46.546,82.073,113.676,0.000,0.000,22.144,95.164,66.255,199.336,0.000,0.000,149.777,134.441,66.403,0.000,0.000,117.948,0.000,0.030,5.412,0.000,0.000,0.000,1.076,0.000,0.000,0.000,40.332,140.320,0.000,8.544,0.000,0.000,15.202,0.003,1.584,0.000,0.091,0.000,0.000,11.568,0.000,5.082,0.000,14.461,0.000,8.011,0.000,0.000,0.000,0.000,0.590,0.000,0.000,0.515,0.000,0.000,0.000,0.000,0.000,0.000,0.000,37.024,0.000,0.000,0.000,1.678,-0.5392,-0.2783,0.1922,0.0000,1,-0.10670,0.3526,0.0269,-0.0015,0.0000,1,0.03843,-0.5024,0.3667,0.2680,0.2355,0,0.18731,-0.0124,0.0891,0.2111,0.2551,1,-0.03566,-0.4025,-0.0000,0.0812,0.0555,1,0.02823,0.4356,-0.1033,0.5712,0.2526,1,-0.12604
5083.0,0,34.658,88.763,7.850,0.002,0.000,0.053,190.604,0.000,0.000,0.065,153.988,12.325,24.024,87.437,120.481,0.000,0.000,66.807,86.680,41.752,196.464,0.000,0.000,176.678,140.698,102.762,0.000,0.000,63.976,0.000,0.006,7.656,0.000,0.000,0.000,1.420,0.000,0.000,0.000,43.087,143.644,0.000,8.882,0.000,0.000,13.623,0.001,1.191,0.000,0.018,0.000,0.000,8.323,0.000,5.061,0.000,41.814,0.000,1.617,0.000,0.000,0.000,0.000,0.119,0.000,0.000,0.104,0.000,0.000,0.000,0.000,0.000,0.000,0.000,29.160,0.000,0.000,0.000,0.339,-0.5395,-0.2724,0.1900,0.0000,1,-0.09904,0.3404,0.0217,-0.0012,0.0000,1,0.03345,-0.4677,0.3943,0.1864,0.1991,0,0.24505,-0.0133,0.0795,0.2071,0.2556,1,-0.04475,-0.3900,-0.0000,0.0652,0.0555,1,0.03436,0.4416,0.0033,0.5100,0.2556,1,-0.12317
5091.5,0,54.027,34.055,1.434,0.000,0.000,0.010,140.188,0.000,0.000,0.012,157.386,2.252,12.920,84.428,132.534,0.000,0.000,107.232,50.157,23.141,190.115,0.000,0.000,184.052,144.774,128.436,0.000,0.000,11.687,0.000,0.001,9.261,0.000,0.000,0.000,1.589,0.000,0.000,0.000,48.496,140.699,0.000,7.003,0.000,0.000,10.647,0.000,0.851,0.000,0.003,0.000,0.000,7.721,0.000,4.134,0.000,55.966,4.076,0.295,0.000,0.000,0.000,0.000,0.022,0.000,0.000,0.019,0.000,0.000,0.000,0.000,0.000,0.463,0.000,22.231,0.000,0.000,0.000,1.297,-0.5401,-0.2690,0.1886,0.0000,1,-0.09399,0.3271,0.0175,0.0037,0.0000,1,0.02690,-0.4242,0.3940,0.1035,0.1757,0,0.28717,-0.0158,0.0692,0.2000,0.2548,1,-0.05283,-0.3728,-0.0000,0.0522,0.0658,1,0.03603,0.4466,0.1313,0.4456,0.2583,1,-0.09743
5100.0,0,33.406,6.221,0.262,0.000,0.000,0.002,67.864,0.000,0.000,0.002,118.199,0.411,2.360,90.928,138.617,0.000,0.000,136.024,25.390,4.227,165.837,0.000,0.000,194.309,136.757,139.442,0.000,0.000,2.135,0.000,0.000,9.770,0.000,0.000,0.000,1.471,0.000,0.000,0.000,44.696,131.692,0.000,4.398,0.000,0.000,8.204,0.000,0.721,0.000,0.001,0.000,0.000,11.203,0.000,2.675,0.000,23.610,8.446,0.054,0.000,0.000,0.000,0.000,0.004,0.000,0.000,0.003,0.000,0.000,0.000,0.000,0.000,7.644,0.000,9.994,0.000,0.000,0.000,0.237,-0.5407,-0.2676,0.1873,0.0000,1,-0.09160,0.3099,0.0140,0.0376,0.0000,1,0.00693,-0.3762,0.3736,0.0345,0.1653,0,0.30588,-0.0206,0.0593,0.1907,0.2521,1,-0.05843,-0.3535,-0.0000,0.0417,0.0906,1,0.03174,0.4503,0.2571,0.3827,0.2610,1,-0.05105
5108.0,0,36.172,1.256,0.053,0.000,0.000,0.000,16.167,0.000,0.000,0.000,44.746,0.083,0.477,74.291,133.184,0.000,0.000,152.900,23.839,0.853,127.086,0.000,0.000,196.228,107.399,95.564,0.000,0.000,0.431,0.000,0.000,8.427,0.000,0.000,0.000,1.463,0.000,0.000,0.000,39.420,117.667,0.000,3.909,0.000,0.000,6.285,0.000,0.657,0.000,0.000,0.000,0.000,27.975,1.250,0.540,0.000,4.767,14.723,0.011,0.000,0.000,0.000,0.000,0.001,0.000,0.000,0.001,0.000,0.000,0.000,0.000,0.000,14.847,0.000,15.312,0.000,0.000,0.000,0.048,-0.5407,-0.2667,0.1861,0.0000,1,-0.09111,0.2934,0.0112,0.1001,0.0000,1,-0.02423,-0.3274,0.3414,-0.0130,0.1653,0,0.30048,-0.0298,0.0501,0.1803,0.2517,1,-0.06087,-0.3321,-0.0000,0.0332,0.1247,1,0.02344,0.4534,0.3668,0.3308,0.2635,1,0.00511
5116.5,0,78.006,0.229,0.010,8.187,0.000,0.000,2.954,0.000,0.000,0.000,8.174,0.015,0.087,54.098,126.657,0.000,0.000,140.850,19.074,0.156,50.224,0.000,0.000,190.072,61.227,17.458,0.000,0.000,0.079,0.000,0.000,6.043,0.000,0.000,0.000,1.574,0.000,0.000,0.000,42.950,109.724,0.000,7.907,0.000,0.000,4.225,0.000,1.332,0.000,0.000,0.000,0.000,50.099,2.099,0.099,0.000,0.871,18.033,0.002,0.000,0.000,0.000,0.000,0.000,0.000,0.000,0.000,0.000,0.000,0.000,0.000,0.000,18.523,0.000,63.739,0.000,0.000,0.000,0.009,-0.5404,-0.2646,0.1855,0.0000,1,-0.09013,0.2902,0.0089,0.1790,0.0000,1,-0.05820,-0.2806,0.3034,-0.0411,0.1719,0,0.27738,-0.0439,0.0419,0.1734,0.2529,1,-0.06195,-0.3142,-0.0000,0.0264,0.1638,1,0.01412,0.4562,0.4566,0.2991,0.2657,0,0.05811
5125.0,0,103.465,0.042,0.002,71.370,0.000,0.000,0.540,0.000,0.000,0.000,1.493,0.003,0.016,42.163,121.075,0.000,0.000,116.965,14.684,0.028,9.175,0.000,0.000,185.452,17.717,3.189,0.000,0.000,0.014,0.000,0.000,4.478,0.000,0.000,0.000,1.148,0.000,0.000,0.000,38.204,106.321,0.000,7.675,0.000,0.000,5.285,0.000,1.205,0.000,0.000,0.000,0.000,65.383,0.945,0.520,0.000,0.159,21.812,0.000,0.000,0.000,0.000,0.000,0.000,0.000,0.000,0.000,0.000,0.000,0.000,0.000,0.000,13.919,0.000,101.485,0.000,0.000,0.000,0.002,-0.5394,-0.2604,0.1835,0.0000,1,-0.08765,0.3003,0.0071,0.2573,0.0000,1,-0.08671,-0.2374,0.2640,-0.0552,0.1823,0,0.24453,-0.0605,0.0347,0.1684,0.2543,1,-0.06185,-0.3107,-0.0000,0.0209,0.1998,1,0.00703,0.4585,0.5278,0.2765,0.2678,0,0.10391
5133.0,0,140.523,0.008,0.000,91.317,0.000,0.000,0.109,72.698,0.000,37.884,0.301,0.001,0.003,29.194,111.324,0.000,0.000,94.329,2.965,0.006,1.852,0.000,0.000,168.380,3.577,0.644,0.000,0.000,0.003,0.000,0.000,2.680,0.000,0.000,0.000,1.482,0.000,0.000,0.000,37.733,110.178,0.000,8.010,0.000,0.000,5.575,0.000,1.190,0.000,0.000,0.000,1.930,68.695,0.191,0.783,0.000,0.032,25.056,0.000,0.000,0.000,0.000,0.000,0.000,0.000,0.000,0.000,0.000,0.000,0.000,0.000,0.000,5.447,0.000,126.774,0.000,0.000,0.000,0.000,-0.5383,-0.2524,0.1822,0.0000,1,-0.08233,0.3179,0.0056,0.3161,0.0000,1,-0.10489,-0.1987,0.2260,-0.0601,0.1946,0,0.20815,-0.0817,0.0285,0.1647,0.2524,1,-0.06062,-0.3212,-0.0000,0.0165,0.2239,1,0.00372,0.4608,0.5826,0.2509,0.2698,0,0.14467
5141.5,0,170.275,0.002,57.109,102.569,0.000,0.000,0.020,148.999,0.000,88.063,0.055,0.000,0.001,13.547,103.749,0.000,0.000,66.709,0.542,4.494,0.338,0.000,0.000,138.957,0.653,0.118,0.000,0.000,0.001,0.000,0.000,4.174,0.000,0.000,0.000,1.340,0.000,0.000,0.000,40.142,119.186,0.000,3.402,0.000,0.000,7.460,0.979,0.731,0.000,0.000,0.000,1.106,73.224,0.035,0.479,0.000,0.006,27.747,0.000,0.436,0.000,0.000,0.000,0.000,0.000,0.000,0.000,0.000,0.000,0.000,0.000,0.000,0.995,0.000,139.400,0.000,0.000,0.000,0.000,-0.5377,-0.2451,0.1808,0.0000,1,-0.07802,0.3386,0.0045,0.3426,0.0000,1,-0.11236,-0.1649,0.1909,-0.0548,0.2104,0,0.16925,-0.1021,0.0295,0.1595,0.2490,1,-0.05347,-0.3423,-0.0000,0.0131,0.2326,1,0.00455,0.4626,0.6235,0.2222,0.2714,0,0.18087
5150.0,0,179.920,0.000,112.646,133.360,0.000,0.000,16.707,178.996,0.000,122.743,0.010,0.000,6.703,12.114,78.774,0.000,0.000,41.826,0.099,27.236,0.062,0.000,0.000,105.206,0.119,0.021,0.000,0.000,0.000,0.000,25.204,5.644,0.000,0.000,0.000,1.787,0.000,0.000,0.000,45.229,130.743,0.000,4.407,0.000,0.000,10.045,2.380,1.494,0.000,0.000,0.000,0.202,67.698,0.006,0.088,0.000,0.001,29.948,0.000,5.441,0.000,0.000,0.000,0.000,0.000,0.000,8.086,0.000,0.000,0.000,0.000,0.000,0.182,0.000,149.460,0.000,0.000,0.000,0.000,-0.5377,-0.2402,0.1811,0.0000,1,-0.07533,0.3596,0.0035,0.3411,0.0000,1,-0.11239,-0.1358,0.1596,-0.0201,0.2278,0,0.12355,-0.1183,0.0393,0.1575,0.2489,1,-0.04194,-0.3701,-0.0000,0.0103,0.2272,1,0.00883,0.4643,0.6535,0.1929,0.2726,0,0.21247
5158.0,0,192.973,0.000,135.388,141.053,0.000,0.000,88.605,197.808,0.000,156.256,0.002,0.000,24.324,9.149,48.346,0.000,0.000,21.939,17.024,77.474,0.012,0.000,0.000,94.975,0.024,0.004,0.000,0.000,0.000,0.000,51.832,7.460,0.000,0.000,0.000,2.084,0.000,0.000,0.000,52.992,133.609,0.000,6.890,0.000,0.000,14.670,6.200,1.536,0.000,0.000,0.000,0.041,64.174,0.001,0.018,0.000,0.000,30.788,0.000,14.930,0.000,0.000,0.000,0.000,0.000,0.000,22.611,0.000,0.000,0.000,0.000,0.000,0.037,0.000,167.477,0.000,0.000,0.000,0.000,-0.5386,-0.2384,0.1832,0.0000,1,-0.07434,0.3797,0.0028,0.3213,0.0000,1,-0.10758,-0.1111,0.1323,0.0567,0.2425,0,0.07227,-0.1302,0.0722,0.1576,0.2551,1,-0.01590,-0.3977,-0.0000,0.0081,0.2120,1,0.01527,0.4656,0.6756,0.1648,0.2730,0,0.24008
5166.5,0,178.219,0.000,124.114,141.747,0.000,0.000,140.630,207.909,0.000,171.178,0.000,0.000,48.237,12.758,18.829,0.000,0.000,11.727,15.085,111.941,0.002,0.000,0.000,74.430,18.797,0.001,0.000,0.000,0.000,0.000,70.815,7.464,0.000,0.000,0.000,1.562,0.000,0.000,0.000,53.994,136.488,0.000,7.719,0.000,0.000,16.236,10.793,1.242,0.000,0.000,0.000,0.007,48.893,0.000,0.003,0.000,0.000,32.964,0.000,20.350,0.000,0.000,0.000,6.063,0.000,0.000,38.226,0.000,0.000,0.000,0.000,0.000,0.007,0.000,158.184,0.000,0.000,0.000,0.000,-0.5398,-0.2385,0.1846,0.0000,1,-0.07373,0.3975,0.0022,0.2915,0.0000,1,-0.09953,-0.1008,0.1088,0.1597,0.2541,1,0.02634,-0.1383,0.1199,0.1577,0.2655,1,0.01967,-0.4215,-0.0000,0.0064,0.1913,1,0.02284,0.4670,0.6919,0.1389,0.2725,0,0.26389
5175.0,0,176.190,28.905,100.791,108.090,0.000,0.000,171.424,207.288,0.000,174.525,0.000,0.000,64.956,30.615,3.440,0.000,0.000,2.142,17.668,135.477,0.000,0.000,0.000,55.976,49.965,0.000,0.000,0.000,0.000,0.000,49.197,6.065,0.000,0.000,0.000,1.659,0.000,0.000,0.000,56.823,147.801,0.000,8.445,0.000,0.000,12.417,12.537,1.807,0.000,0.000,0.000,0.001,20.354,0.000,0.001,0.000,10.951,34.748,0.000,29.039,0.000,0.000,0.000,28.464,0.000,4.107,47.463,0.000,0.000,0.000,0.000,0.000,0.001,0.000,156.848,0.000,0.000,0.000,0.000,-0.5413,-0.2386,0.1859,0.0000,1,-0.07254,0.4130,0.0017,0.2574,0.0000,1,-0.08940,-0.1181,0.0889,0.2724,0.2705,1,-0.00772,-0.1413,0.1705,0.1599,0.2751,0,0.05514,-0.4407,-0.0000,0.0050,0.1684,1,0.03076,0.4683,0.7036,0.1159,0.2703,0,0.28427
5183.0,0,166.897,68.660,87.213,49.726,0.000,0.000,178.423,209.585,0.000,169.079,0.000,0.000,78.165,46.420,0.694,0.000,0.000,0.433,23.387,146.580,0.000,0.000,0.000,45.670,84.561,0.000,0.000,0.000,0.000,0.000,20.458,5.477,0.000,0.000,0.000,1.765,0.000,0.000,0.000,56.285,142.420,0.000,5.052,0.000,0.000,10.625,9.187,2.060,0.000,0.000,0.000,0.000,4.109,0.000,0.000,1.250,21.015,33.242,0.000,34.057,0.000,0.000,0.000,45.812,0.000,10.437,53.201,0.000,0.000,0.000,0.000,0.000,0.000,0.000,144.289,0.000,0.000,0.000,0.000,-0.5428,-0.2382,0.1873,0.0000,1,-0.07167,0.4258,0.0014,0.2228,0.0000,1,-0.07815,-0.1529,0.0664,0.3799,0.2927,1,-0.02932,-0.1360,0.2155,0.1640,0.2819,0,0.08266,-0.4552,-0.0000,0.0112,0.1491,1,0.03423,0.4693,0.7130,0.0959,0.2668,0,0.30232
5191.5,0,139.595,71.870,40.657,9.084,0.000,0.000,183.324,206.382,0.000,125.797,0.000,0.000,80.772,56.753,0.127,0.000,0.000,0.079,36.478,145.261,0.000,0.000,0.000,31.041,106.822,0.000,0.000,0.000,0.000,0.000,3.737,3.874,0.000,0.000,0.000,1.708,0.000,0.000,0.000,53.225,143.862,0.000,0.923,0.000,0.000,10.357,2.184,2.389,0.000,0.000,0.000,0.000,0.751,0.000,0.000,3.529,28.092,31.079,0.000,37.393,0.000,0.000,0.000,54.946,0.000,22.153,55.025,0.000,0.000,0.000,0.000,0.000,0.000,0.000,125.605,0.000,0.000,0.000,0.000,-0.5441,-0.2356,0.1886,0.0000,1,-0.07190,0.4359,0.0011,0.1898,0.0000,1,-0.06660,-0.1947,0.0350,0.4753,0.3199,1,-0.04056,-0.1225,0.2416,0.1697,0.2850,0,0.09313,-0.4667,-0.0000,0.0186,0.1381,1,0.03480,0.4701,0.7211,0.0884,0.2624,0,0.31327
5200.0,0,129.322,81.591,7.427,1.660,0.000,0.000,166.098,199.475,0.000,51.773,9.048,0.000,71.906,65.663,0.023,0.000,0.000,0.014,64.870,126.911,0.000,0.000,0.000,11.581,121.881,0.000,0.000,0.000,0.000,0.000,0.683,1.974,0.000,0.000,0.000,2.026,0.000,0.000,0.000,52.098,134.935,0.000,0.169,0.000,0.000,9.860,0.399,2.115,0.000,0.000,0.000,0.000,0.137,0.000,7.326,7.258,35.805,25.227,0.000,38.301,0.000,0.000,0.000,59.031,0.000,32.305,54.866,0.000,0.000,0.000,0.000,0.000,0.000,0.000,111.656,0.000,0.000,0.000,0.000,-0.5448,-0.2285,0.1907,0.0000,1,-0.07172,0.4434,0.0008,0.1597,0.0000,1,-0.05534,-0.2371,-0.0065,0.5537,0.3472,1,-0.04288,-0.1047,0.2467,0.1754,0.2842,0,0.08528,-0.4768,-0.0000,0.0227,0.1415,1,0.03294,0.4707,0.7283,0.0911,0.2585,0,0.31796
5208.0,0,136.254,108.528,1.500,0.335,0.000,0.000,133.649,208.008,0.000,10.453,56.917,0.000,41.556,76.658,0.005,0.000,0.000,0.003,93.953,102.787,0.000,0.000,0.000,2.338,117.869,0.000,0.000,0.000,0.000,0.000,0.138,0.399,0.000,0.000,0.000,2.188,0.000,0.000,0.000,51.401,127.053,0.000,0.862,0.000,0.000,8.537,0.081,2.762,0.000,0.000,0.000,0.000,0.028,0.000,9.659,10.515,38.782,17.713,0.000,38.060,0.000,0.000,0.000,56.491,0.000,36.291,55.236,0.000,0.000,0.000,0.000,0.000,0.000,0.000,75.006,0.000,0.000,0.000,0.000,-0.5452,-0.2135,0.1935,0.0000,1,-0.06710,0.4457,0.0007,0.1331,0.0000,1,-0.04480,-0.2762,-0.0549,0.6164,0.3716,1,-0.03810,-0.0864,0.2365,0.1822,0.2802,0,0.06554,-0.4857,-0.0000,0.0239,0.1557,1,0.02942,0.4713,0.7346,0.1040,0.2545,0,0.31640
5216.5,0,126.580,131.940,0.274,0.061,0.000,0.000,91.983,201.050,0.000,1.910,116.639,0.000,9.823,81.956,0.001,0.000,10.032,0.001,128.753,61.369,0.000,0.000,0.000,0.427,109.650,0.000,0.000,0.000,0.000,0.000,0.025,0.073,0.000,0.000,0.000,2.248,0.000,0.000,0.000,50.768,122.077,0.000,0.157,0.000,0.000,8.871,0.015,2.631,0.000,0.000,0.000,0.000,0.005,0.000,14.925,12.522,50.028,13.967,0.000,38.317,0.000,0.000,0.000,53.945,0.000,41.836,54.802,0.000,0.000,0.000,0.000,0.000,0.000,0.000,36.062,0.000,0.000,0.000,0.000,-0.5452,-0.1929,0.1968,0.0000,1,-0.05957,0.4401,0.0005,0.1100,0.0000,1,-0.03523,-0.3104,-0.1054,0.6657,0.3924,1,-0.02839,-0.0696,0.2172,0.1889,0.2747,1,0.04037,-0.4932,-0.0000,0.0232,0.1714,1,0.02627,0.4719,0.7400,0.1311,0.2509,0,0.30630
5225.0,0,93.448,104.270,0.050,0.011,0.000,0.000,39.454,196.635,0.000,0.349,150.271,0.000,1.794,75.583,0.000,0.000,16.979,27.152,152.250,26.724,0.000,0.000,0.000,0.078,69.959,0.000,0.000,0.000,0.000,0.000,0.005,0.013,0.000,0.000,0.000,2.059,0.000,0.000,0.000,50.085,120.868,0.000,3.562,0.000,0.000,7.777,0.003,2.493,0.000,0.000,0.000,0.000,18.145,0.000,17.252,11.231,50.577,10.865,0.000,35.832,0.000,0.000,0.000,50.298,0.000,43.687,53.514,0.000,0.000,0.000,0.000,0.000,0.000,0.000,6.588,0.000,0.000,0.000,0.000,-0.5450,-0.1700,0.1997,0.0000,1,-0.04777,0.4227,0.0004,0.0903,0.0000,1,-0.02676,-0.3393,-0.1521,0.7038,0.4094,1,-0.01595,-0.0616,0.1936,0.1949,0.2679,1,0.01881,-0.4983,-0.0000,0.0215,0.1828,1,0.02460,0.4726,0.7441,0.1695,0.2488,0,0.28911
5233.0,0,55.413,72.844,0.010,0.002,0.000,0.000,7.966,182.049,0.000,0.070,158.674,0.000,0.362,44.975,0.000,0.000,18.055,68.812,136.395,8.407,0.000,0.000,0.000,0.016,14.124,54.051,0.000,0.000,0.000,0.000,0.001,1.269,0.000,0.000,0.000,2.031,0.000,0.000,0.000,46.334,116.155,0.000,1.274,0.000,0.000,6.478,0.001,2.199,0.000,0.000,0.000,0.000,42.331,0.000,16.680,7.733,52.145,9.790,0.000,32.092,0.000,0.000,0.000,46.613,0.000,44.481,52.809,0.000,0.000,0.000,0.000,0.000,0.000,0.000,1.330,0.000,0.000,0.000,1.287,-0.5442,-0.1527,0.2020,0.0000,1,-0.03990,0.3935,0.0003,0.0736,0.0000,1,-0.01975,-0.3630,-0.1884,0.7324,0.4231,1,-0.00316,-0.0653,0.1687,0.1995,0.2599,1,0.00162,-0.5004,-0.0000,0.0192,0.1899,1,0.02408,0.4732,0.7449,0.2110,0.2475,0,0.26847
5241.5,0,22.500,19.218,0.002,26.576,0.000,0.000,1.455,150.777,0.000,0.013,144.795,0.000,0.066,8.216,0.000,0.000,15.274,106.645,48.584,1.536,0.000,0.000,0.000,37.747,2.580,120.195,0.000,0.000,0.000,0.000,0.000,1.671,0.000,0.000,0.000,1.537,0.000,0.000,0.000,40.486,98.433,0.000,0.233,0.000,0.000,6.495,0.000,2.029,0.000,0.000,0.000,0.000,57.447,0.000,13.141,5.201,44.777,7.907,0.000,27.233,0.000,0.000,0.000,45.836,0.000,43.547,50.837,0.000,0.000,0.000,0.000,0.000,0.000,0.000,0.243,0.000,0.000,0.000,1.763,-0.5421,-0.1410,0.2024,0.0000,1,-0.03780,0.3562,0.0002,0.0598,0.0000,1,-0.01405,-0.3823,-0.2122,0.7526,0.4340,1,0.00785,-0.0759,0.1445,0.2025,0.2517,1,-0.01227,-0.4993,-0.0000,0.0168,0.1936,1,0.02433,0.4736,0.7377,0.2539,0.2468,0,0.24291
5250.0,0,29.496,3.511,0.000,35.404,0.000,0.000,0.266,95.845,0.000,0.002,94.324,0.000,0.012,1.501,0.000,0.000,5.022,134.410,8.876,0.281,0.000,0.000,0.000,86.637,0.471,151.351,0.000,0.000,0.000,0.000,0.000,1.143,0.000,0.000,0.000,1.412,0.000,0.000,0.000,39.710,94.581,0.000,1.709,0.000,0.000,5.606,0.000,1.759,0.000,0.000,0.000,0.000,64.709,0.000,9.794,2.253,38.970,4.091,0.000,23.835,0.000,0.000,0.000,44.476,0.000,40.874,51.219,0.000,0.000,0.000,0.000,0.000,0.000,0.000,0.044,0.000,0.000,0.000,1.000,-0.5386,-0.1315,0.2010,0.0000,1,-0.03686,0.3150,0.0002,0.0483,0.0000,1,-0.00926,-0.3977,-0.2226,0.7654,0.4419,1,0.01569,-0.0889,0.1222,0.2036,0.2431,1,-0.02335,-0.4939,-0.0000,0.0144,0.1927,1,0.02554,0.4737,0.7184,0.2932,0.2470,0,0.21268
5258.0,0,19.449,0.709,0.000,73.176,0.000,0.000,0.054,34.382,0.000,19.429,25.835,0.000,0.002,0.303,0.000,0.000,1.014,139.782,1.792,0.057,0.000,0.000,0.000,133.934,0.095,139.081,0.000,0.000,0.000,0.000,0.000,1.870,0.000,0.000,0.000,1.536,0.000,0.000,0.000,34.789,88.703,0.000,3.807,0.000,0.000,5.461,0.000,1.476,0.000,0.000,0.000,3.970,76.708,0.000,8.543,0.455,25.313,2.801,0.000,16.217,0.000,0.000,0.000,47.310,0.000,36.327,46.672,0.000,0.000,0.000,0.000,0.000,5.307,0.000,0.009,0.000,0.000,0.000,2.831,-0.5337,-0.1261,0.1993,0.0000,1,-0.03801,0.2733,0.0001,0.0662,0.0000,1,-0.01819,-0.4129,-0.2185,0.7677,0.4472,1,0.01838,-0.1097,0.1021,0.2025,0.2346,1,-0.03191,-0.4828,-0.0000,0.0122,0.1903,1,0.02699,0.4733,0.6834,0.3431,0.2506,0,0.17031
5266.5,0,6.019,0.129,0.000,110.341,0.000,0.000,0.010,6.281,0.000,58.639,4.720,0.000,0.000,0.055,8.187,0.000,0.185,125.621,0.327,0.010,0.000,0.000,0.000,163.800,0.017,56.637,0.000,0.000,0.000,0.000,0.000,0.801,0.000,0.000,0.000,1.141,0.000,0.000,0.000,30.103,85.210,0.000,4.829,0.000,0.000,7.560,0.000,1.942,0.000,0.000,0.000,11.690,84.703,0.000,5.791,0.083,13.822,0.512,0.000,8.572,0.000,0.000,0.000,49.665,0.000,24.506,42.455,0.000,0.000,0.000,0.000,0.000,11.759,0.000,0.002,0.000,0.000,0.000,2.436,-0.5274,-0.1197,0.1958,0.0000,1,-0.03682,0.2335,0.0001,0.1170,0.0000,1,-0.04103,-0.4287,-0.2042,0.7549,0.4488,1,0.01421,-0.1427,0.0847,0.2019,0.2282,1,-0.03947,-0.4659,-0.0000,0.0102,0.1869,1,0.02852,0.4724,0.6334,0.4116,0.2562,0,0.11757
5275.0,0,16.588,0.024,10.000,124.257,0.000,0.000,0.002,1.147,0.000,101.283,0.862,0.000,0.000,0.010,18.500,0.000,0.034,98.835,0.060,12.682,0.000,0.000,0.000,175.436,0.003,10.347,0.000,0.000,0.000,0.000,0.000,2.010,0.000,0.000,0.000,1.054,0.000,0.000,0.000,22.016,84.125,0.000,6.947,0.000,0.000,7.780,1.632,1.724,0.000,0.000,0.000,8.771,83.470,0.000,3.225,0.015,5.008,0.639,0.000,2.802,0.000,0.000,0.000,56.696,0.000,12.887,40.834,0.000,0.000,0.000,0.000,0.000,14.880,0.000,17.222,0.000,0.000,0.000,1.273,-0.5180,-0.1171,0.1910,0.0000,1,-0.03642,0.2092,0.0001,0.1870,0.0000,1,-0.06889,-0.4460,-0.1842,0.7221,0.4457,1,0.00272,-0.1774,0.0784,0.2008,0.2236,1,-0.03963,-0.4488,-0.0000,0.0085,0.1782,1,0.03129,0.4704,0.5728,0.4908,0.2606,0,0.06596
5283.0,0,29.052,0.005,70.642,133.001,0.000,9.048,0.000,0.232,0.000,137.843,0.174,0.000,10.000,0.002,38.276,0.000,0.007,77.247,0.012,45.875,0.000,0.000,0.000,166.745,0.001,2.089,0.000,0.000,0.000,0.000,0.000,3.579,0.000,0.000,0.000,1.058,0.000,0.000,0.000,19.860,80.933,0.000,6.809,0.000,0.000,8.585,1.954,1.663,0.000,0.000,0.000,3.345,88.320,0.000,2.387,0.003,2.675,0.575,0.000,0.711,0.000,0.000,0.000,70.602,0.000,2.991,37.443,11.615,0.000,0.000,0.000,0.000,8.847,0.000,47.609,0.000,0.000,0.000,1.085,-0.5080,-0.1201,0.1858,0.0000,1,-0.03878,0.2000,-0.0171,0.2549,0.0000,1,-0.10470,-0.4645,-0.1620,0.6690,0.4354,1,-0.01399,-0.2038,0.0800,0.1993,0.2207,1,-0.03476,-0.4402,-0.0000,0.0070,0.1640,1,0.03553,0.4665,0.5068,0.5786,0.2640,1,0.02359
5291.5,0,43.290,0.001,122.521,138.851,0.000,29.161,10.000,0.042,0.000,160.907,0.032,0.000,25.873,0.000,43.164,0.000,0.001,56.204,0.002,82.984,0.000,0.000,0.000,127.631,0.000,0.382,0.000,0.000,0.000,0.000,0.000,4.971,0.000,0.000,0.000,0.958,0.000,0.000,0.000,18.290,74.743,0.000,3.450,0.000,0.000,10.875,1.056,1.776,0.000,1.789,0.000,2.744,87.451,0.000,4.667,0.001,2.735,1.743,0.000,0.130,0.000,0.000,0.000,79.565,0.000,0.546,37.431,20.648,0.000,0.000,0.000,0.000,1.964,0.000,62.593,0.000,0.000,0.000,1.433,-0.4971,-0.1279,0.1801,0.0000,1,-0.04461,0.2009,-0.0451,0.2963,0.0000,1,-0.13580,-0.4825,-0.1398,0.5999,0.4173,1,-0.03131,-0.2176,0.0827,0.1981,0.2200,1,-0.02997,-0.4386,-0.0000,0.0057,0.1466,1,0.04069,0.4616,0.4349,0.6667,0.2679,1,-0.00514
5300.0,0,13.703,0.000,148.108,123.462,0.000,28.312,93.699,0.008,0.000,168.910,0.006,0.000,50.786,0.000,51.564,0.000,0.000,39.620,0.000,110.095,0.000,0.000,0.000,79.774,0.000,0.070,0.000,0.000,9.048,0.000,26.415,6.249,0.000,0.000,0.000,1.401,0.000,0.000,0.000,18.678,79.786,0.000,3.420,0.000,0.000,13.536,0.396,2.337,0.000,4.378,0.000,0.501,83.431,0.000,5.692,0.000,0.500,1.659,0.000,0.024,0.000,0.000,0.000,80.049,0.000,0.100,37.002,23.051,0.000,0.000,0.000,0.000,0.359,0.000,65.201,0.000,0.000,0.000,0.262,-0.4862,-0.1392,0.1766,0.0000,1,-0.05168,0.2073,-0.0779,0.3079,0.0000,1,-0.16015,-0.4989,-0.1188,0.5256,0.3921,1,-0.04388,-0.2146,0.0824,0.1987,0.2216,1,-0.02891,-0.4423,-0.0000,0.0046,0.1281,1,0.04621,0.4544,0.3558,0.7448,0.2708,1,-0.01968
5308.0,0,2.767,0.000,145.977,66.041,0.000,12.675,152.110,0.002,0.000,166.764,0.001,0.000,80.340,0.000,50.249,0.000,0.000,26.777,0.000,123.099,0.000,0.000,0.000,51.781,0.000,0.014,0.000,0.000,31.801,0.000,44.095,7.092,0.000,0.000,0.000,0.856,0.000,0.000,0.000,18.847,88.591,0.000,1.439,0.000,0.000,14.536,0.080,1.751,0.000,4.331,0.000,0.101,72.469,0.000,9.354,0.000,0.101,0.335,0.000,0.005,0.000,0.000,0.000,76.265,0.000,0.020,34.908,23.842,0.000,0.000,0.000,0.000,0.072,0.000,56.762,0.000,0.000,0.000,0.802,-0.4774,-0.1525,0.1719,0.0000,1,-0.05792,0.2160,-0.1113,0.2981,0.0000,1,-0.17967,-0.5128,-0.0998,0.4524,0.3594,1,-0.04959,-0.2002,0.0781,0.1986,0.2246,1,-0.03144,-0.4475,-0.0000,0.0037,0.1100,0,0.05167,0.4350,0.2764,0.8049,0.2726,1,-0.02278
5316.5,0,0.505,0.000,133.521,12.065,0.000,13.830,186.326,0.000,0.000,131.383,0.000,0.000,97.838,0.000,48.547,0.000,0.000,20.833,0.000,126.309,0.000,0.000,0.000,34.000,0.000,0.003,0.000,0.000,43.171,0.000,37.695,6.854,0.000,0.000,0.000,0.927,0.000,0.000,0.000,17.630,89.067,0.000,0.263,0.000,0.000,12.262,0.015,1.860,0.000,2.997,0.000,0.018,61.442,0.000,10.303,0.000,0.018,1.989,0.000,0.001,0.000,0.000,0.000,74.012,0.000,0.004,34.636,21.282,0.000,0.000,0.000,0.000,0.013,0.000,47.362,0.000,0.000,0.000,0.146,-0.4711,-0.1659,0.1671,0.0000,1,-0.06451,0.2249,-0.1426,0.2754,0.0000,1,-0.19535,-0.5243,-0.0830,0.3840,0.3263,1,-0.04796,-0.1810,0.0711,0.1985,0.2275,1,-0.03643,-0.4549,-0.0000,0.0030,0.0931,0,0.05680,0.3965,0.2077,0.8426,0.2734,1,-0.02107
5325.0,0,0.092,0.000,90.034,2.204,0.000,33.075,191.539,0.000,0.000,68.721,0.000,0.000,95.572,0.000,54.916,0.000,0.000,23.690,0.000,105.046,0.000,0.000,0.000,17.837,7.408,0.000,0.000,0.000,51.044,0.000,9.612,5.327,0.000,0.000,0.000,1.522,0.000,0.000,0.000,18.994,101.016,0.000,0.048,0.000,0.000,10.871,0.003,1.632,0.000,0.958,0.000,0.003,41.055,0.000,11.400,0.000,0.003,2.370,0.449,0.000,0.000,0.000,0.000,66.353,0.000,0.001,33.077,15.081,0.000,0.000,0.000,0.000,0.002,0.000,35.308,0.000,0.000,0.000,0.529,-0.4679,-0.1772,0.1654,0.0000,1,-0.07084,0.2321,-0.1698,0.2464,0.0000,1,-0.20734,-0.5334,-0.0655,0.3222,0.2951,1,-0.03937,-0.1639,0.0630,0.1976,0.2298,1,-0.04260,-0.4631,-0.0000,0.0024,0.0780,0,0.06144,0.3492,0.1544,0.8507,0.2733,1,-0.02307
5333.0,0,0.019,0.000,49.666,0.445,0.000,37.226,188.857,0.000,0.000,19.785,0.000,9.048,90.010,26.010,51.447,0.000,0.000,14.177,0.000,72.178,0.000,0.000,0.000,16.930,75.819,0.000,0.000,0.000,64.299,0.000,1.941,3.851,0.000,0.000,0.000,1.358,0.000,0.000,0.000,19.769,102.150,0.000,0.010,0.000,0.000,11.659,0.001,1.542,0.000,0.194,0.000,0.001,28.208,0.000,10.559,0.000,0.001,6.588,1.587,0.000,0.000,0.000,0.000,50.116,0.000,0.000,28.994,10.088,0.000,0.000,0.000,0.000,0.000,0.000,16.518,0.000,0.000,0.000,1.021,-0.4667,-0.1850,0.1648,0.0000,1,-0.07564,0.2346,-0.1912,0.2153,0.0000,1,-0.21542,-0.5396,-0.0434,0.2679,0.2715,1,-0.02402,-0.1506,0.0546,0.1960,0.2318,1,-0.04931,-0.4686,-0.0000,0.0019,0.0647,0,0.06548,0.3013,0.1143,0.8262,0.2728,1,-0.03363
5341.5,0,19.434,10.000,35.527,0.081,0.000,57.962,178.184,0.000,0.000,3.614,0.000,19.007,62.325,65.083,59.113,0.000,0.000,18.363,0.000,42.805,13.542,0.000,0.000,29.668,127.092,0.000,0.000,0.000,81.193,0.000,0.355,3.783,0.000,0.000,0.000,1.199,0.000,0.000,0.000,24.490,117.667,0.000,0.002,0.000,0.000,15.499,0.000,1.651,0.000,0.035,0.000,0.000,31.994,0.000,9.685,0.000,0.000,8.726,2.381,0.000,0.000,0.000,0.000,27.451,0.000,0.000,23.604,4.933,0.000,0.000,0.000,0.000,0.000,0.000,14.692,0.000,0.000,0.000,1.101,-0.4688,-0.1902,0.1643,0.0000,1,-0.07881,0.2335,-0.2046,0.1849,0.0000,1,-0.21826,-0.5407,-0.0151,0.2210,0.2550,1,-0.00257,-0.1410,0.0466,0.1945,0.2346,1,-0.05596,-0.4696,-0.0000,0.0016,0.0533,0,0.06893,0.2561,0.1164,0.7739,0.2716,1,-0.04840
5350.0,0,66.265,70.707,16.910,0.015,0.000,71.376,152.547,0.000,0.000,0.660,0.000,56.290,43.279,95.310,54.690,0.000,0.000,17.420,46.646,38.286,48.961,0.000,0.000,38.230,145.748,10.000,0.000,0.000,93.994,0.000,0.065,3.636,0.000,0.000,0.000,1.371,0.000,0.000,0.000,26.837,132.211,0.000,0.000,0.000,0.000,13.941,0.000,1.959,0.000,0.006,0.000,0.000,45.716,0.000,5.475,0.000,0.000,7.673,0.932,0.000,0.000,0.000,0.000,12.187,0.000,0.000,18.383,2.435,0.000,0.000,0.000,0.000,0.000,0.000,22.255,0.000,0.000,0.000,1.116,-0.4737,-0.1933,0.1645,0.0000,1,-0.08087,0.2325,-0.2088,0.1565,0.0000,1,-0.21502,-0.5348,0.0082,0.1811,0.2429,1,0.01820,-0.1356,0.0393,0.1941,0.2374,1,-0.06187,-0.4668,-0.0000,0.0012,0.0470,0,0.07087,0.2152,0.1782,0.7129,0.2700,1,-0.05173
5358.0,0,75.341,86.628,3.414,0.003,0.000,31.674,125.398,34.568,0.000,0.133,17.408,97.019,30.948,103.110,56.147,0.000,0.000,9.582,112.720,45.337,86.961,0.000,0.000,61.712,157.823,32.363,0.000,0.000,107.810,0.000,0.013,2.389,0.000,0.000,0.000,1.137,0.000,0.000,0.000,23.169,128.004,0.000,0.000,0.000,0.000,11.535,0.000,2.150,0.000,0.001,0.000,0.000,50.048,0.000,4.978,0.000,0.000,6.146,3.148,0.000,0.000,0.000,0.000,2.460,0.000,0.000,10.619,1.072,0.000,0.000,0.000,0.000,0.000,0.000,17.319,0.000,0.000,0.000,1.342,-0.4779,-0.1928,0.1641,0.0000,1,-0.08042,0.2304,-0.2039,0.1311,0.0000,1,-0.20546,-0.5176,0.0333,0.1475,0.2330,1,0.04004,-0.1336,0.0327,0.1949,0.2392,1,-0.06698,-0.4635,-0.0000,0.0010,0.0435,0,0.07195,0.1845,0.2753,0.6611,0.2683,1,-0.03512
5366.5,0,61.123,75.487,0.624,0.001,0.000,5.786,67.293,82.964,0.000,0.024,84.322,103.610,19.332,112.230,72.608,0.000,0.000,21.145,150.272,64.295,131.980,0.000,0.000,106.208,158.828,79.939,0.000,0.000,120.328,0.000,0.002,2.359,0.000,0.000,0.000,1.296,0.000,0.000,0.000,20.293,117.700,0.000,4.789,0.000,0.000,10.075,0.000,1.632,0.000,0.000,0.000,0.000,46.328,0.000,4.631,0.000,0.000,7.190,8.358,0.000,0.000,0.000,0.000,0.449,0.000,0.000,4.312,0.196,0.000,0.000,0.000,0.000,0.909,0.000,37.984,0.000,0.000,0.000,0.245,-0.4797,-0.1901,0.1641,0.0000,1,-0.07619,0.2314,-0.1904,0.1164,0.0000,1,-0.19164,-0.4877,0.0720,0.1196,0.2257,0,0.06889,-0.1336,0.0271,0.1947,0.2398,1,-0.07076,-0.4616,-0.0000,0.0008,0.0396,0,0.07318,0.1666,0.3734,0.6122,0.2670,1,-0.00580
5375.0,0,71.127,50.481,0.114,16.703,0.000,1.057,14.525,115.175,0.000,0.004,130.244,50.535,3.532,110.068,74.275,0.000,0.000,49.645,159.599,74.648,157.028,0.000,0.000,152.086,125.190,121.702,0.000,0.000,92.380,0.000,0.000,3.335,0.000,0.000,0.000,1.510,0.000,0.000,0.000,19.044,105.258,0.000,5.767,0.000,0.000,10.316,0.000,1.951,0.000,0.000,0.000,0.000,49.160,0.000,6.214,0.000,0.000,7.319,5.467,0.000,0.000,0.000,0.000,0.082,0.000,0.000,1.333,0.036,0.000,0.000,0.000,0.000,5.541,0.000,51.747,0.000,0.000,0.000,0.794,-0.4791,-0.1883,0.1653,0.0000,1,-0.07200,0.2352,-0.1717,0.1284,0.0000,1,-0.18108,-0.4474,0.1067,0.0965,0.2203,0,0.09404,-0.1347,0.0222,0.1951,0.2398,1,-0.07389,-0.4609,-0.0000,0.0006,0.0351,0,0.07456,0.1646,0.4583,0.5641,0.2661,1,0.02896
5383.0,0,81.223,12.658,0.023,50.720,0.000,0.213,2.932,133.398,0.000,0.001,135.838,10.203,0.713,95.956,80.046,0.000,0.000,91.165,150.118,74.633,171.584,0.000,0.000,176.909,70.942,145.800,0.000,0.000,57.953,0.000,0.000,3.268,0.000,0.000,0.000,2.313,0.000,0.000,0.000,16.702,88.272,0.000,4.707,0.000,0.000,10.989,0.000,1.673,0.000,0.000,0.000,0.000,54.892,0.000,4.666,0.000,0.000,9.106,1.350,0.000,0.000,0.000,0.000,0.017,0.000,0.000,0.269,0.007,0.000,0.000,0.000,0.000,15.453,0.000,49.030,0.000,0.000,0.000,0.160,-0.4752,-0.1870,0.1742,0.0000,1,-0.07198,0.2402,-0.1510,0.1761,0.0000,1,-0.17872,-0.4008,0.1280,0.0776,0.2175,0,0.10841,-0.1365,0.0181,0.1948,0.2397,1,-0.07605,-0.4623,-0.0000,0.0005,0.0364,0,0.07425,0.1768,0.5261,0.5126,0.2653,0,0.06500
5391.5,0,71.584,2.312,0.004,42.857,0.000,0.039,0.536,142.461,0.000,17.354,96.969,1.864,0.130,83.596,88.132,0.000,0.000,127.927,140.304,57.262,172.321,0.000,0.000,192.678,15.191,139.903,0.000,0.000,19.825,0.000,0.000,5.430,0.000,0.000,0.000,1.478,0.000,0.000,0.000,16.471,78.988,0.000,6.319,0.000,0.000,11.761,0.000,1.364,0.000,0.000,0.000,0.000,54.204,0.000,4.973,0.000,0.000,13.949,0.247,0.000,0.000,0.000,0.000,0.003,0.000,0.000,0.049,0.001,0.000,0.000,0.000,0.000,22.086,0.000,63.671,0.000,0.000,0.000,0.029,-0.4673,-0.1887,0.1808,0.0000,1,-0.07538,0.2508,-0.1303,0.2444,0.0000,1,-0.18052,-0.3517,0.1347,0.0622,0.2181,0,0.11075,-0.1387,0.0147,0.1930,0.2398,1,-0.07728,-0.4647,-0.0000,0.0004,0.0393,0,0.07344,0.1987,0.5765,0.4558,0.2648,0,0.10063
5400.0,0,54.685,0.422,0.001,17.566,0.000,0.007,0.098,127.318,0.000,32.311,22.671,0.341,0.024,65.720,101.987,0.000,0.000,136.119,108.464,38.505,176.131,0.000,0.000,199.775,2.775,71.414,0.000,0.000,3.622,0.000,0.000,4.661,0.000,0.000,0.000,1.340,0.000,0.000,0.000,17.856,80.397,0.000,5.908,0.000,0.000,12.424,0.000,0.962,0.000,0.000,0.000,0.000,36.253,0.000,0.909,0.000,0.000,17.622,0.045,0.000,0.000,0.000,0.000,0.001,0.000,0.000,0.009,0.000,0.000,0.000,0.000,0.000,24.191,0.000,94.568,0.000,0.000,0.000,0.005,-0.4574,-0.1914,0.1843,0.0000,1,-0.07976,0.2708,-0.1108,0.3193,0.0000,1,-0.18248,-0.3035,0.1311,0.0497,0.2215,0,0.10435,-0.1401,0.0119,0.1886,0.2402,1,-0.07740,-0.4691,-0.0000,0.0003,0.0499,0,0.07036,0.2259,0.6083,0.3973,0.2644,0,0.13235
5408.0,0,14.369,0.085,0.000,8.512,0.000,0.001,0.020,95.036,0.000,18.734,4.577,0.069,0.005,53.107,104.458,0.000,0.000,126.328,62.924,13.334,157.125,0.000,0.000,193.157,0.560,14.418,0.000,0.000,0.731,0.000,0.000,2.974,0.000,0.000,0.000,0.804,0.000,0.000,0.000,17.078,76.251,0.000,5.384,0.000,0.000,10.666,0.000,1.126,0.000,0.000,0.000,0.000,17.790,0.000,0.183,0.000,0.000,20.331,0.009,0.000,0.000,0.000,0.000,0.000,0.000,0.000,0.002,0.000,0.000,0.000,0.000,0.000,17.346,0.000,123.148,0.000,0.000,0.000,0.556,-0.4463,-0.1919,0.1829,0.0000,1,-0.08184,0.2960,-0.0930,0.3883,0.0000,1,-0.18237,-0.2582,0.1215,0.0396,0.2267,0,0.09286,-0.1385,0.0096,0.1838,0.2402,1,-0.07775,-0.4740,-0.0000,0.0002,0.0774,0,0.06246,0.2560,0.6202,0.3406,0.2641,0,0.15610
5416.5,0,21.648,0.016,0.000,24.524,0.000,0.000,0.004,55.927,0.000,12.144,0.836,0.013,0.001,47.893,104.969,0.000,0.000,100.777,23.355,2.436,126.897,0.000,0.000,187.239,0.102,2.634,0.000,0.000,0.134,0.000,0.000,0.543,0.000,0.000,0.000,0.876,0.000,0.000,0.000,21.514,73.132,0.000,4.971,0.000,0.000,9.231,0.000,1.252,0.000,0.000,0.000,0.000,6.601,0.000,0.034,0.000,0.000,24.331,0.002,0.000,0.000,0.000,0.000,0.000,0.000,0.000,0.000,0.000,0.000,0.000,0.000,0.000,4.986,0.000,146.709,0.000,0.000,0.000,0.102,-0.4391,-0.1841,0.1791,0.0000,1,-0.07758,0.3226,-0.0774,0.4339,0.0000,1,-0.17895,-0.2172,0.1089,0.0315,0.2331,0,0.07901,-0.1318,0.0077,0.1796,0.2393,1,-0.07959,-0.4789,-0.0000,0.0002,0.1126,0,0.05263,0.2861,0.6136,0.2881,0.2639,0,0.16950
5425.0,0,49.910,0.003,0.000,58.371,0.000,0.000,0.001,18.430,0.000,2.219,0.153,0.002,0.000,43.472,102.596,0.000,0.000,73.253,6.733,0.445,57.021,0.000,0.000,157.472,0.019,0.481,0.000,0.000,0.024,0.000,0.000,0.099,0.000,0.000,0.000,1.102,0.000,0.000,0.000,22.130,79.327,0.000,2.645,0.000,0.000,11.814,0.000,1.681,0.000,0.000,0.000,0.000,13.519,0.000,0.006,0.000,0.000,25.385,0.000,0.000,0.000,0.000,0.000,0.000,0.000,0.000,0.000,5.276,0.000,0.000,0.000,0.000,0.911,0.000,157.744,0.000,0.000,0.000,0.019,-0.4359,-0.1695,0.1754,0.0000,1,-0.06909,0.3481,-0.0768,0.4464,0.0000,1,-0.17973,-0.1809,0.0952,0.0250,0.2399,0,0.06467,-0.1234,0.0062,0.1776,0.2390,1,-0.08126,-0.4837,-0.0000,0.0001,0.1439,1,0.04416,0.3142,0.5924,0.2469,0.2640,0,0.17021
5433.0,0,94.516,0.001,0.000,105.438,0.000,0.000,0.000,21.847,0.000,25.547,0.031,0.000,0.000,40.582,96.285,0.000,0.000,57.731,15.727,0.090,11.512,0.000,0.000,126.943,0.004,0.097,0.000,0.000,0.005,0.000,0.000,0.020,0.000,0.000,0.000,1.255,0.000,0.000,0.000,29.012,85.143,0.000,0.534,0.000,0.000,13.138,0.000,1.636,0.000,0.000,0.000,0.000,31.219,0.000,0.001,0.000,0.000,25.195,0.000,0.000,0.000,0.000,0.000,0.000,0.000,0.000,0.000,7.879,0.000,0.000,0.000,0.000,0.184,0.000,158.512,0.000,0.000,0.000,0.004,-0.4383,-0.1514,0.1727,0.0000,1,-0.05777,0.3712,-0.0870,0.4315,0.0000,1,-0.18352,-0.1495,0.0818,0.0198,0.2464,0,0.05098,-0.1190,0.0049,0.1769,0.2433,1,-0.08180,-0.4877,-0.0000,0.0110,0.1688,1,0.03273,0.3394,0.5621,0.2169,0.2645,0,0.16087
5441.5,0,119.856,0.000,17.408,146.424,0.000,0.000,0.000,73.214,0.000,72.926,0.006,0.000,0.000,39.619,95.263,0.000,0.000,37.578,14.286,0.016,2.103,0.000,0.000,77.002,0.001,0.018,0.000,0.000,0.001,0.000,0.000,2.546,0.000,0.000,0.000,1.261,0.000,0.000,0.000,32.607,110.571,0.000,0.098,0.000,0.000,15.681,0.551,2.027,0.000,0.000,0.000,0.000,59.833,0.000,0.000,0.000,0.000,26.578,0.000,0.889,0.000,0.000,0.000,0.000,0.000,0.000,2.000,2.864,0.000,0.000,0.000,0.000,0.034,0.000,157.400,0.000,0.000,0.000,0.001,-0.4464,-0.1415,0.1707,0.0000,1,-0.04980,0.3913,-0.0971,0.3991,0.0000,1,-0.18523,-0.1227,0.0693,0.0235,0.2526,1,0.03682,-0.1198,0.0079,0.1782,0.2525,1,-0.07897,-0.4919,-0.0000,0.0329,0.1863,1,0.01879,0.3611,0.5281,0.1991,0.2649,0,0.14427
5450.0,0,143.142,0.000,30.302,152.474,0.000,0.000,0.000,126.172,0.000,120.680,0.001,0.000,0.000,33.750,84.266,0.000,0.000,23.797,17.743,11.477,0.384,0.000,0.000,38.004,0.000,0.003,0.000,0.000,0.000,0.000,0.000,6.528,0.000,0.000,0.000,1.091,0.000,0.000,0.000,33.233,135.866,0.000,0.018,0.000,0.000,14.880,1.830,2.124,0.000,0.000,0.000,0.000,68.993,0.000,0.000,0.000,0.000,28.935,0.000,6.371,0.000,0.000,0.000,0.000,0.000,1.293,9.331,0.523,0.000,0.000,0.000,0.000,0.006,0.000,152.026,0.000,0.000,0.000,0.000,-0.4578,-0.1422,0.1685,0.0000,1,-0.04814,0.4082,-0.0997,0.3576,0.0000,1,-0.18084,-0.1001,0.0581,0.0539,0.2620,1,0.01705,-0.1242,0.0185,0.1809,0.2611,1,-0.07018,-0.4960,-0.0000,0.0740,0.1948,1,-0.00020,0.3795,0.4962,0.1854,0.2656,0,0.12757
5458.0,0,115.493,0.000,46.357,151.775,0.000,0.000,0.000,160.192,0.000,155.928,0.000,0.000,12.253,26.114,64.084,0.000,0.000,13.595,7.648,38.727,0.078,0.000,0.000,10.139,0.000,0.001,0.000,0.000,0.000,0.000,0.000,7.553,0.000,0.000,0.000,1.040,0.000,0.000,0.000,28.358,129.780,0.000,0.004,0.000,0.000,16.637,2.250,1.798,0.000,0.000,0.000,0.000,75.783,0.000,0.000,0.000,0.000,31.056,0.000,10.157,0.000,0.000,0.000,0.000,0.000,6.348,21.967,0.106,0.000,0.000,0.000,0.000,0.001,0.000,134.168,0.000,0.000,0.000,0.372,-0.4672,-0.1496,0.1659,0.0000,1,-0.05147,0.4220,-0.0960,0.3129,0.0000,1,-0.17068,-0.0812,0.0482,0.1113,0.2779,1,-0.00514,-0.1299,0.0341,0.1832,0.2671,1,-0.05706,-0.5003,-0.0000,0.1266,0.1919,1,-0.01956,0.3947,0.4733,0.1692,0.2662,0,0.11768
5466.5,0,88.466,79.704,50.038,123.350,0.000,0.000,21.474,167.853,0.000,170.619,0.000,0.000,34.236,30.046,38.738,0.000,0.000,2.484,23.233,77.352,0.014,0.000,0.000,10.039,0.000,0.000,0.000,0.000,0.000,0.000,18.126,9.101,0.000,0.000,0.000,0.994,0.000,0.000,0.000,28.944,124.772,0.000,0.001,0.000,0.000,15.547,1.773,1.717,0.000,0.000,0.000,0.000,74.305,0.000,0.000,0.000,0.000,31.587,0.000,19.290,0.000,0.000,0.000,1.852,0.000,14.567,36.922,0.019,0.000,0.000,0.000,0.000,0.000,0.000,132.599,0.000,0.000,0.000,0.068,-0.4735,-0.1612,0.1632,0.0000,1,-0.05846,0.4329,-0.0883,0.2690,0.0000,1,-0.15615,-0.0703,0.0397,0.2055,0.3010,1,-0.02868,-0.1358,0.0518,0.1849,0.2703,1,-0.04198,-0.5047,-0.0000,0.1899,0.1898,1,-0.04076,0.4073,0.4595,0.1506,0.2666,0,0.11467
5475.0,0,51.058,149.212,33.447,61.933,0.000,0.000,41.271,159.594,0.000,167.504,21.945,0.000,59.072,24.530,20.045,0.000,0.000,0.454,37.001,97.998,0.003,0.000,0.000,57.092,0.000,23.675,0.000,0.000,0.000,0.000,31.125,7.438,0.000,0.000,0.000,1.205,0.000,0.000,0.000,28.813,111.091,0.000,1.235,0.000,0.000,12.739,2.518,0.901,0.000,0.000,0.000,0.000,64.220,0.000,1.365,0.000,0.000,32.937,0.000,24.538,0.000,0.000,0.000,13.582,0.000,23.070,43.859,0.004,0.000,0.000,0.000,0.000,0.000,0.000,131.760,0.000,0.000,0.000,0.012,-0.4766,-0.1735,0.1615,0.0000,1,-0.06626,0.4416,-0.0788,0.2280,0.0000,1,-0.13893,-0.0783,0.0325,0.3183,0.3277,1,-0.04417,-0.1408,0.0738,0.1826,0.2710,1,-0.02308,-0.5087,-0.0000,0.2546,0.1912,1,-0.06023,0.4176,0.4525,0.1312,0.2664,0,0.11670
5483.0,0,10.308,161.923,22.127,14.970,0.000,0.000,61.961,122.234,0.000,144.490,125.313,0.000,69.037,37.158,4.047,0.000,0.000,11.958,33.731,103.653,0.001,0.000,0.000,135.738,5.488,88.199,0.000,0.000,0.000,0.000,20.206,6.698,0.000,0.000,0.000,1.022,0.000,0.000,0.000,28.917,101.551,0.000,0.862,0.000,0.000,10.540,3.231,0.970,0.000,0.000,0.000,0.000,54.900,0.000,1.190,0.000,0.000,32.229,0.000,23.447,0.000,0.000,0.000,26.689,0.000,31.936,44.126,0.001,0.000,0.000,0.000,0.000,0.000,0.000,120.054,0.000,0.000,0.000,0.003,-0.4767,-0.1850,0.1596,0.0000,1,-0.07435,0.4480,-0.0687,0.1911,0.0000,1,-0.12059,-0.1060,0.0264,0.4278,0.3541,1,-0.04739,-0.1445,0.0994,0.1785,0.2693,1,-0.00134,-0.5117,-0.0000,0.3152,0.1963,1,-0.07622,0.4260,0.4507,0.1123,0.2653,0,0.12224
5491.5,0,1.883,144.609,7.371,2.735,0.000,0.000,57.839,53.127,0.000,92.140,180.177,0.000,75.004,39.021,0.739,0.000,0.000,56.337,49.319,104.822,0.000,0.000,0.000,186.573,27.068,157.964,0.000,0.000,0.000,0.000,6.417,5.804,0.000,0.000,0.000,1.446,0.000,0.000,0.000,31.723,91.007,0.000,0.494,0.000,0.000,9.851,0.590,1.124,0.000,0.000,0.000,0.000,41.617,0.000,1.746,0.000,0.000,30.385,0.000,24.124,0.000,0.000,0.000,33.201,0.000,38.238,43.097,0.000,0.000,0.000,0.000,0.000,0.000,0.000,100.231,0.000,0.000,0.000,0.000,-0.4755,-0.1946,0.1597,0.0000,1,-0.08437,0.4518,-0.0588,0.1587,0.0000,1,-0.10235,-0.1440,0.0214,0.5246,0.3779,1,-0.04093,-0.1465,0.1129,0.1745,0.2661,1,0.01094,-0.5126,-0.0000,0.3708,0.2043,1,-0.08875,0.4330,0.4569,0.0949,0.2636,0,0.13303
5500.0,0,0.344,69.826,1.347,0.500,0.000,0.000,40.871,9.705,0.000,28.823,197.491,0.000,70.853,42.202,0.135,0.000,0.000,114.620,67.432,84.486,0.000,0.000,0.000,203.625,43.085,182.446,0.000,0.000,0.000,0.000,1.172,7.770,0.000,0.000,0.000,1.215,0.000,0.000,0.000,27.638,84.975,0.000,0.090,0.000,0.000,12.173,0.108,1.252,0.000,0.000,0.000,0.000,28.007,0.000,2.056,0.838,0.000,26.432,0.000,25.547,0.000,0.000,0.000,33.379,0.000,43.579,36.494,0.000,0.000,0.000,0.000,1.575,0.000,0.000,61.428,0.000,0.000,0.000,0.000,-0.4723,-0.2039,0.1598,0.0000,1,-0.09643,0.4501,-0.0416,0.1308,0.0000,1,-0.07854,-0.1845,0.0130,0.6054,0.3988,1,-0.02984,-0.1462,0.1151,0.1712,0.2630,1,0.01327,-0.5112,-0.0000,0.4215,0.2169,1,-0.09845,0.4390,0.4691,0.0794,0.2618,0,0.14747
5508.0,0,0.069,14.098,0.272,0.101,0.000,0.000,21.580,1.959,0.000,5.819,184.180,0.000,47.896,42.889,0.027,0.000,0.000,152.792,78.665,51.086,0.000,0.000,0.000,205.517,33.849,182.925,0.000,0.000,0.000,0.000,0.237,9.361,0.000,0.000,0.000,1.278,0.000,0.000,0.000,24.012,73.948,0.000,0.018,0.000,0.000,11.455,0.022,1.405,0.000,0.000,0.000,0.000,27.761,0.000,6.309,3.646,0.000,27.396,0.000,24.851,0.000,0.000,0.000,27.504,0.000,51.879,32.109,0.000,0.000,0.000,0.000,9.446,1.044,0.000,19.463,0.000,0.000,0.000,1.011,-0.4676,-0.2135,0.1603,0.0000,1,-0.10960,0.4394,-0.0115,0.1155,0.0000,1,-0.04807,-0.2211,-0.0042,0.6713,0.4179,1,-0.01721,-0.1442,0.1098,0.1693,0.2615,1,0.00793,-0.5082,-0.0000,0.4671,0.2347,1,-0.10561,0.4445,0.4824,0.0658,0.2603,0,0.16223
5516.5,0,0.013,2.575,15.163,0.018,0.000,0.000,3.942,0.358,0.000,1.063,135.674,0.000,19.276,48.616,0.005,0.000,0.000,164.482,81.440,46.974,0.000,0.000,0.000,209.317,18.797,153.128,0.000,0.000,0.000,0.000,0.043,8.483,0.000,0.000,0.000,1.266,0.000,0.000,0.000,25.708,67.305,0.000,0.003,0.000,0.000,14.520,0.004,2.271,0.000,0.915,0.000,0.000,49.593,0.000,9.957,3.251,0.000,27.156,0.000,23.992,0.000,0.000,0.000,26.364,0.000,53.730,26.856,0.000,0.000,0.000,0.000,10.125,5.659,0.000,3.556,0.000,0.000,0.000,1.549,-0.4640,-0.2221,0.1610,0.0000,1,-0.12209,0.4165,0.0243,0.1273,0.0000,1,-0.02366,-0.2522,-0.0247,0.7238,0.4344,1,-0.00371,-0.1395,0.1004,0.1710,0.2647,1,-0.00327,-0.5045,-0.0000,0.5094,0.2552,1,-0.11045,0.4498,0.4924,0.0691,0.2592,0,0.16734
5525.0,0,0.002,0.470,10.724,10.003,0.000,0.000,0.720,0.065,0.000,0.194,33.071,0.000,5.540,41.321,0.001,0.000,0.000,177.280,63.308,45.705,0.000,0.000,0.000,207.286,3.434,41.640,0.000,0.000,0.000,0.000,0.008,6.930,0.000,0.000,0.000,1.613,0.000,0.000,0.000,33.186,76.582,0.000,0.001,0.000,0.000,12.458,0.001,2.156,0.000,0.578,0.000,0.000,57.936,0.000,9.009,0.594,0.000,25.295,0.000,20.324,0.000,0.000,0.000,29.370,0.000,44.377,27.508,0.000,0.000,0.000,0.000,2.666,14.188,0.000,12.867,0.000,0.000,0.000,1.294,-0.4638,-0.2287,0.1630,0.0000,1,-0.13283,0.3906,0.0543,0.1732,0.0000,1,-0.01880,-0.2794,-0.0382,0.7641,0.4478,1,0.00950,-0.1359,0.0891,0.1744,0.2687,1,-0.01607,-0.5005,-0.0000,0.5430,0.2669,1,-0.11252,0.4547,0.4965,0.0795,0.2582,0,0.16525
5533.0,0,0.000,0.095,27.789,45.724,0.000,0.000,0.145,0.013,0.000,0.039,6.677,0.000,1.119,31.199,0.000,0.000,0.000,159.733,30.161,47.990,0.000,0.000,0.000,198.069,0.693,8.407,0.000,0.000,0.000,0.000,0.002,4.946,0.000,0.000,0.000,1.203,0.000,0.000,0.000,37.100,87.368,0.000,0.000,0.000,0.000,12.159,0.000,1.969,0.000,0.117,0.000,0.000,66.482,0.000,7.202,0.120,0.000,21.212,0.000,11.316,0.000,0.000,0.000,34.868,0.000,25.556,28.510,0.000,0.000,0.000,0.000,0.538,17.191,0.000,33.311,0.000,0.000,0.000,0.874,-0.4674,-0.2321,0.1641,0.0000,1,-0.13774,0.3681,0.0720,0.2376,0.0000,1,-0.03094,-0.3044,-0.0444,0.7854,0.4577,1,0.01825,-0.1352,0.0774,0.1780,0.2723,1,-0.02830,-0.4962,-0.0000,0.5653,0.2647,1,-0.11284,0.4592,0.4949,0.0903,0.2564,0,0.15948
5541.5,0,42.365,0.017,85.403,86.520,0.000,0.000,14.279,0.002,0.000,20.252,1.220,0.000,0.204,15.731,0.000,0.000,0.000,138.027,24.301,63.398,0.000,0.000,0.000,184.035,0.127,1.536,0.000,0.000,0.000,0.000,0.000,7.074,0.000,0.000,0.000,1.763,0.000,0.000,0.000,42.771,119.530,0.000,0.000,0.000,0.000,10.189,0.000,2.240,0.000,0.021,0.000,0.000,75.208,0.000,6.552,0.022,9.909,18.179,0.000,7.119,0.000,0.000,0.000,48.992,0.000,11.794,34.515,0.000,0.000,0.000,0.000,0.098,14.140,0.000,70.691,0.000,0.000,0.000,0.715,-0.4752,-0.2353,0.1667,0.0000,1,-0.13898,0.3584,0.0787,0.3056,0.0000,1,-0.05060,-0.3315,-0.0456,0.7764,0.4638,1,0.01791,-0.1367,0.0661,0.1823,0.2728,1,-0.03904,-0.4914,-0.0000,0.5786,0.2505,1,-0.11240,0.4631,0.4913,0.0957,0.2539,0,0.15480
5550.0,0,74.847,0.003,121.074,80.218,0.000,0.000,92.700,0.000,0.000,75.463,0.223,0.000,0.037,13.007,0.000,0.000,0.000,111.102,52.737,90.509,0.000,0.000,0.000,169.770,0.023,0.281,0.000,0.000,0.000,0.000,0.000,8.873,0.000,0.000,0.000,1.526,0.000,0.000,0.000,46.776,133.061,0.000,0.000,0.000,0.000,9.384,0.000,1.702,0.000,0.004,0.000,0.681,75.244,0.000,3.049,0.004,25.015,12.970,0.000,4.957,0.000,0.000,0.000,66.320,0.000,2.873,39.053,0.000,0.000,0.000,0.000,0.018,8.095,0.000,98.240,0.000,0.000,0.000,1.620,-0.4855,-0.2391,0.1692,0.0000,1,-0.13902,0.3595,0.0781,0.3634,0.0000,1,-0.06950,-0.3604,-0.0435,0.7375,0.4655,1,0.00902,-0.1413,0.0558,0.1851,0.2706,1,-0.04717,-0.4862,-0.0000,0.5862,0.2288,1,-0.11156,0.4665,0.4885,0.0943,0.2509,0,0.15392
5558.0,0,94.913,0.001,119.360,52.539,0.000,17.408,145.901,0.000,0.000,109.103,0.045,0.000,7.416,18.791,0.000,0.000,0.000,77.492,87.983,99.909,0.000,0.000,0.000,158.934,43.637,0.057,0.000,0.000,0.000,0.000,0.000,11.405,0.000,0.000,0.000,1.840,0.000,0.000,0.000,45.371,138.219,0.000,0.555,0.000,0.000,7.823,0.000,0.875,0.000,0.001,0.000,0.138,73.504,0.000,2.816,0.001,32.308,9.060,0.000,3.770,0.000,0.000,0.000,69.647,0.000,0.580,45.761,1.293,0.000,0.000,0.000,0.004,1.928,0.000,110.228,0.000,0.000,0.000,1.242,-0.4957,-0.2442,0.1726,0.0000,1,-0.13932,0.3669,0.0678,0.3938,0.0000,1,-0.08495,-0.3883,-0.0398,0.6768,0.4616,1,-0.00423,-0.1457,0.0466,0.1834,0.2661,1,-0.05196,-0.4806,-0.0000,0.5906,0.2034,1,-0.11041,0.4692,0.4924,0.0882,0.2483,0,0.15954
5566.5,0,88.260,0.000,81.991,24.972,0.000,59.155,171.607,22.896,0.000,105.818,0.008,0.000,29.444,33.769,0.000,0.000,0.000,63.012,124.436,111.546,0.000,0.000,0.000,133.869,88.510,0.010,0.000,0.000,0.000,0.000,24.094,12.819,0.000,0.000,0.000,1.817,0.000,0.000,0.000,41.274,133.606,0.000,0.101,0.000,0.000,7.539,0.000,1.016,0.000,0.000,0.000,0.025,76.229,0.000,3.261,0.000,37.064,3.759,0.000,2.091,0.000,0.000,0.000,70.703,0.000,0.106,46.522,9.425,0.000,0.000,0.000,0.001,0.352,0.000,113.558,0.000,0.000,0.000,0.976,-0.5047,-0.2502,0.1762,0.0000,1,-0.14079,0.3770,0.0417,0.3940,0.0000,1,-0.10196,-0.4131,-0.0354,0.6008,0.4504,1,-0.01772,-0.1494,0.0385,0.1798,0.2603,1,-0.05478,-0.4754,-0.0059,0.6037,0.1770,1,-0.11124,0.4714,0.5089,0.0795,0.2457,0,0.17498
5575.0,0,61.686,0.000,17.210,4.562,0.000,73.723,164.170,71.059,0.000,76.899,0.002,7.408,48.886,52.217,0.000,0.000,0.000,38.892,138.258,109.943,0.000,0.000,0.000,113.354,130.650,0.002,0.000,0.000,19.430,0.000,30.441,11.692,0.000,0.000,0.000,1.906,0.000,0.000,0.000,29.815,119.715,0.000,0.019,0.000,0.000,6.741,0.000,0.735,0.000,0.000,0.000,0.005,73.089,0.000,4.362,0.000,30.575,0.687,0.000,0.382,0.000,0.000,0.000,61.434,0.000,0.019,46.537,15.301,0.000,0.000,0.000,0.000,0.064,0.000,95.781,0.000,0.000,0.000,1.667,-0.5108,-0.2559,0.1800,0.0000,1,-0.14318,0.3864,0.0061,0.3728,0.0000,1,-0.12000,-0.4331,-0.0307,0.5117,0.4293,1,-0.02809,-0.1524,0.0317,0.1738,0.2534,1,-0.05576,-0.4708,-0.0225,0.6228,0.1516,1,-0.11554,0.4731,0.5372,0.0698,0.2432,0,0.19943
5583.0,0,46.633,0.000,3.475,0.921,0.000,73.350,135.857,95.748,0.000,41.552,0.000,41.820,50.580,66.269,0.000,0.000,0.000,30.837,139.245,106.064,0.000,0.000,0.000,102.687,142.737,0.000,0.000,0.000,44.162,0.000,16.355,8.772,0.000,0.000,0.000,1.308,0.000,0.000,0.000,24.118,99.037,0.000,0.004,0.000,0.000,6.733,0.000,1.092,0.000,0.000,0.000,0.001,73.225,0.000,2.553,0.000,24.303,0.139,0.000,0.077,0.000,0.000,0.000,48.754,0.000,0.004,46.147,17.062,0.000,0.000,0.000,0.000,0.013,0.000,80.854,0.000,0.000,0.000,2.752,-0.5120,-0.2599,0.1816,0.0000,1,-0.14621,0.3904,-0.0332,0.3394,0.0000,1,-0.13797,-0.4470,-0.0263,0.4174,0.3987,1,-0.03143,-0.1546,0.0259,0.1687,0.2464,1,-0.05613,-0.4666,-0.0539,0.6476,0.1281,1,-0.12379,0.4742,0.5713,0.0602,0.2416,0,0.22830
5591.5,0,93.677,0.000,0.635,0.168,43.704,87.661,97.030,111.565,0.000,7.591,0.000,86.995,46.149,68.852,0.000,0.000,0.000,24.347,143.557,99.774,0.000,0.000,0.000,92.049,151.012,0.000,0.000,0.000,60.722,0.000,2.988,5.089,0.000,0.000,0.000,1.371,0.000,0.000,0.000,25.741,88.580,0.000,2.630,0.000,0.000,5.671,0.000,1.876,0.000,3.702,0.000,0.000,76.239,0.000,3.391,0.000,20.580,0.025,0.000,0.014,0.000,0.000,0.000,36.788,0.000,0.001,43.656,12.004,0.000,0.000,0.000,0.000,0.002,0.000,79.728,0.000,0.000,0.000,3.639,-0.5090,-0.2602,0.1820,0.0000,1,-0.14734,0.3890,-0.0706,0.3006,0.0000,1,-0.15400,-0.4550,-0.0221,0.3254,0.3612,1,-0.02597,-0.1470,0.0210,0.1676,0.2388,1,-0.05711,-0.4629,-0.0944,0.6738,0.1071,1,-0.13304,0.4749,0.6053,0.0511,0.2403,0,0.25739
5600.0,0,147.279,39.427,0.116,0.031,59.095,114.581,49.295,143.064,0.000,1.387,0.000,114.932,32.354,67.211,11.474,0.000,0.000,22.139,151.738,100.785,9.048,0.000,0.000,116.748,149.149,10.000,0.000,0.000,88.766,0.000,0.546,1.956,0.000,0.000,0.000,1.680,0.000,0.000,0.000,36.604,103.864,0.000,2.400,0.000,0.000,6.864,0.000,2.003,0.000,1.289,0.000,0.000,75.172,0.000,4.850,0.000,22.687,0.005,2.225,0.003,0.000,0.000,0.000,22.686,0.000,0.000,38.527,3.309,0.000,14.415,0.000,0.000,0.000,0.000,78.293,0.000,0.000,0.000,2.178,-0.5072,-0.2533,0.1829,0.0000,1,-0.14177,0.3837,-0.0980,0.2464,0.0000,1,-0.15993,-0.4568,-0.0058,0.2393,0.3201,1,-0.00656,-0.1390,0.0170,0.1691,0.2323,1,-0.05884,-0.4604,-0.1422,0.6999,0.0888,1,-0.14183,0.4750,0.6360,0.0429,0.2398,0,0.28402
5608.0,0,170.348,103.301,0.023,16.746,83.118,97.257,21.001,184.149,0.000,0.280,0.000,162.564,10.598,67.198,36.622,0.000,0.000,18.963,149.158,100.887,48.573,0.000,0.000,146.984,129.673,59.400,0.000,0.000,118.190,0.000,0.110,1.903,0.000,0.000,0.000,2.234,0.000,0.000,0.000,39.723,118.139,0.000,4.135,0.000,0.000,7.020,0.000,2.281,0.000,1.682,0.000,0.000,72.661,0.000,6.603,0.000,19.439,0.001,16.331,0.001,0.000,0.000,0.000,6.739,0.000,0.000,26.590,0.668,0.000,45.233,0.000,0.000,0.000,0.000,65.257,0.000,0.000,0.000,1.639,-0.5081,-0.2424,0.1857,0.0000,1,-0.13134,0.3759,-0.1113,0.1726,0.0000,1,-0.14964,-0.4479,0.0520,0.1627,0.2785,1,0.04316,-0.1301,0.0137,0.1728,0.2269,1,-0.06149,-0.4590,-0.1931,0.7232,0.0731,1,-0.14894,0.4747,0.6621,0.0357,0.2398,0,0.30709
5616.5,0,172.800,134.186,0.004,10.278,58.299,29.330,14.043,198.901,24.840,0.051,43.920,159.212,1.936,52.115,58.988,0.000,0.000,13.846,162.185,96.810,108.997,0.000,0.000,182.357,102.167,108.572,0.000,0.000,131.900,0.000,0.020,2.473,0.000,0.000,0.000,1.852,0.000,0.000,0.000,42.445,128.149,0.000,4.846,0.000,0.000,7.491,0.000,1.990,0.000,0.307,0.000,0.000,68.904,0.000,6.762,0.000,21.153,0.000,23.452,0.000,0.000,0.000,0.000,1.231,0.000,0.000,12.084,0.122,0.000,53.238,0.000,0.000,0.000,0.000,43.914,0.000,0.000,0.000,1.789,-0.5111,-0.2312,0.1883,0.0000,1,-0.11884,0.3658,-0.1131,0.0910,0.0000,1,-0.12472,-0.4255,0.1342,0.0956,0.2386,0,0.11895,-0.1254,0.0110,0.1768,0.2226,1,-0.06441,-0.4579,-0.2427,0.7425,0.0597,1,-0.15398,0.4741,0.6830,0.0294,0.2403,0,0.32599
5625.0,0,181.436,127.391,0.001,17.572,28.790,5.358,2.565,205.097,29.940,0.009,125.076,117.486,0.354,49.136,77.617,0.000,0.000,39.752,155.354,87.953,143.146,0.000,0.000,195.086,64.863,142.890,0.000,0.000,96.004,0.000,0.004,7.057,0.000,0.000,0.000,1.964,0.000,0.000,0.000,48.190,136.177,0.000,2.881,0.000,0.000,9.984,0.000,1.976,0.000,0.056,0.000,0.000,67.492,0.000,8.922,0.000,10.288,0.000,24.172,1.014,0.000,0.000,0.000,0.225,0.000,0.000,2.810,0.022,0.000,34.902,0.000,0.000,0.000,0.000,14.412,0.000,0.000,0.000,1.076,-0.5151,-0.2260,0.1910,0.0000,1,-0.11046,0.3505,-0.1077,0.0154,0.0000,1,-0.09119,-0.3919,0.2207,0.0523,0.2018,0,0.20014,-0.1245,0.0088,0.1806,0.2207,1,-0.06768,-0.4568,-0.2887,0.7534,0.0486,1,-0.15842,0.4735,0.6980,0.0241,0.2410,0,0.34005
5633.0,0,177.244,76.168,0.000,17.488,8.044,1.082,0.518,201.735,9.373,0.002,168.447,29.198,0.071,41.020,92.835,0.000,0.000,92.389,160.021,71.937,157.236,0.000,0.000,207.122,32.577,167.231,0.000,0.000,27.668,0.000,0.001,11.121,0.000,0.000,0.000,2.316,0.000,0.000,0.000,52.077,130.353,0.000,1.195,0.000,0.000,10.174,0.000,1.987,0.000,0.011,0.000,0.000,63.017,0.000,11.705,0.000,2.077,0.000,6.494,1.684,0.000,0.000,0.000,0.045,0.000,0.000,0.567,0.005,0.000,7.047,0.000,0.000,0.000,0.000,2.910,0.000,0.000,0.000,0.830,-0.5196,-0.2267,0.1945,0.0000,1,-0.10787,0.3266,-0.0984,-0.0378,0.0000,1,-0.05970,-0.3516,0.2835,0.0339,0.1689,0,0.25759,-0.1259,0.0070,0.1842,0.2203,1,-0.07108,-0.4547,-0.3301,0.7559,0.0485,1,-0.16261,0.4729,0.7062,0.0313,0.2428,0,0.34188
5641.5,0,178.113,20.446,0.000,17.260,1.469,0.198,0.095,208.626,1.712,0.000,157.107,5.334,0.013,42.956,102.846,0.000,0.000,130.795,147.400,50.755,150.658,0.000,0.000,209.610,7.970,184.154,0.000,0.000,5.055,0.000,0.000,13.791,0.000,0.000,0.000,2.253,0.000,0.000,0.000,59.210,139.570,0.000,0.218,0.000,0.000,7.557,0.000,1.916,0.000,0.002,0.000,0.000,68.316,0.000,11.648,0.000,0.379,0.000,1.186,0.868,0.000,0.000,14.536,0.008,0.000,0.000,0.104,0.001,0.000,1.287,0.000,0.000,0.000,0.000,0.532,0.000,0.000,0.000,1.477,-0.5243,-0.2314,0.1981,0.0000,1,-0.11002,0.2956,-0.0872,-0.0686,0.0000,1,-0.03497,-0.3087,0.3142,0.0299,0.1401,0,0.28080,-0.1286,0.0056,0.1872,0.2195,1,-0.07385,-0.4521,-0.3659,0.7564,0.0686,1,-0.16398,0.4719,0.7047,0.0628,0.2504,0,0.32112
5650.0,0,162.318,3.735,0.000,30.275,0.268,0.036,0.017,197.654,0.313,0.000,110.283,0.974,0.002,26.795,104.675,0.000,0.000,162.937,97.872,24.646,131.354,0.000,0.000,210.065,1.456,182.065,0.000,0.000,0.923,0.000,0.000,27.484,0.000,0.000,0.000,2.498,0.000,0.000,0.000,62.843,145.635,0.000,3.608,0.000,0.000,6.223,0.000,2.067,0.000,0.000,0.000,0.000,70.973,0.000,11.014,0.000,1.432,1.482,0.217,0.290,0.000,0.000,32.295,0.002,0.000,0.000,0.019,0.000,0.000,0.235,0.000,9.941,0.000,0.000,0.097,0.000,0.000,0.000,1.798,-0.5288,-0.2542,0.2021,0.0000,1,-0.12334,0.2611,-0.0576,-0.0828,0.0000,1,-0.00011,-0.2663,0.3178,0.0273,0.1200,0,0.27641,-0.1321,0.0044,0.1901,0.2174,1,-0.07596,-0.4503,-0.3950,0.7616,0.1022,1,-0.16019,0.4707,0.6893,0.1133,0.2686,0,0.27860
5658.0,0,103.899,0.754,0.000,13.331,0.054,0.007,0.003,202.152,0.063,0.000,27.744,0.197,0.000,5.410,99.513,0.000,0.000,164.029,33.011,7.207,72.262,0.000,0.000,210.146,0.294,140.341,0.000,0.000,0.186,0.000,0.000,18.123,0.000,0.000,0.000,2.051,0.000,0.000,0.000,56.875,141.794,0.000,6.021,0.000,0.000,8.329,0.000,1.534,0.000,0.000,0.000,0.000,72.483,0.000,7.342,6.165,0.289,6.237,0.044,0.059,0.000,0.000,20.460,0.000,0.000,0.866,0.004,0.000,0.000,0.047,0.000,13.953,0.000,0.000,10.992,0.000,0.000,0.000,0.363,-0.5327,-0.2785,0.2051,0.0000,1,-0.13602,0.2357,-0.0180,-0.0864,0.0000,1,0.03958,-0.2265,0.2896,0.0246,0.1170,0,0.24185,-0.1358,0.0035,0.1911,0.2163,1,-0.07710,-0.4493,-0.4148,0.7690,0.1390,1,-0.15295,0.4697,0.6572,0.1726,0.2932,0,0.22198
5666.5,0,24.541,0.138,0.000,17.568,0.010,0.001,0.001,179.896,0.012,0.000,5.068,0.036,0.000,0.988,84.692,0.000,0.000,153.465,6.031,1.317,15.220,0.000,0.000,210.163,0.054,30.595,0.000,0.000,0.034,0.000,0.000,14.608,0.000,0.000,0.000,1.786,0.000,0.000,0.000,49.817,132.156,0.000,6.555,0.000,0.000,11.317,0.000,0.848,0.000,0.000,0.000,0.000,73.455,0.000,4.339,1.126,0.053,9.708,0.008,0.011,0.000,0.000,7.066,0.000,0.000,4.523,0.001,0.000,0.000,0.009,0.000,6.620,0.000,0.000,60.287,0.000,0.000,0.000,0.066,-0.5355,-0.2961,0.2064,0.0000,1,-0.14344,0.2354,0.0216,-0.0834,0.0000,0,0.07643,-0.1904,0.2515,0.0216,0.1331,0,0.19696,-0.1396,0.0028,0.1878,0.2170,1,-0.07670,-0.4492,-0.4231,0.7752,0.1747,1,-0.14493,0.4694,0.6096,0.2355,0.3202,0,0.15954
5675.0,0,6.714,0.025,0.000,36.702,0.002,0.000,0.000,117.516,0.002,0.000,0.926,0.007,0.000,0.181,49.794,0.000,0.000,125.782,1.102,0.241,2.780,0.000,0.000,204.678,0.010,5.589,0.000,0.000,0.006,0.000,0.000,11.319,0.000,0.000,0.000,1.632,0.000,0.000,0.000,50.285,120.596,0.000,5.279,0.000,0.000,14.690,1.356,1.087,0.000,0.000,0.000,1.852,72.478,0.000,4.465,0.206,0.010,13.080,0.001,1.561,0.000,0.000,1.291,0.000,0.000,8.773,0.000,0.000,0.000,0.002,0.000,1.209,0.000,0.000,100.849,0.000,0.000,0.000,0.012,-0.5374,-0.3062,0.2063,0.0000,1,-0.14628,0.2521,0.0498,-0.0768,0.0000,0,0.10036,-0.1586,0.2138,0.0330,0.1620,0,0.14679,-0.1474,0.0100,0.1834,0.2199,1,-0.07063,-0.4498,-0.4213,0.7817,0.2080,1,-0.13654,0.4696,0.5511,0.3157,0.3456,0,0.09434
5683.0,0,1.356,0.005,0.000,109.209,0.000,0.000,0.000,36.505,0.000,7.408,0.187,0.001,0.000,0.036,15.613,0.000,0.000,97.788,0.222,0.049,0.561,0.000,0.000,197.972,0.002,1.128,0.000,0.000,0.001,0.000,0.000,7.873,0.000,0.000,0.000,1.791,0.000,0.000,0.000,46.068,116.553,0.000,1.815,0.000,0.000,15.410,1.869,1.753,0.000,0.000,0.000,5.635,86.101,0.000,5.504,0.042,0.002,15.742,0.000,5.509,0.000,0.000,0.261,0.000,0.000,13.322,0.000,0.000,0.000,3.704,0.000,0.244,0.000,0.000,105.053,0.000,0.000,0.000,0.002,-0.5384,-0.3096,0.2058,0.0000,1,-0.14685,0.2763,0.0650,-0.0732,0.0000,0,0.11328,-0.1310,0.1794,0.0738,0.1983,0,0.09077,-0.1621,0.0231,0.1814,0.2239,1,-0.06133,-0.4508,-0.4111,0.7900,0.2392,1,-0.12746,0.4701,0.4874,0.4041,0.3672,1,0.03908
5691.5,0,7.656,0.001,22.896,147.573,0.000,0.000,0.000,6.669,0.000,64.655,0.034,0.000,0.000,0.007,2.852,0.000,0.000,68.312,0.041,23.452,0.103,0.000,0.000,156.375,0.000,0.206,0.000,0.000,0.000,0.000,0.000,7.196,0.000,0.000,0.000,1.929,0.000,0.000,0.000,42.695,113.883,0.000,0.332,0.000,0.000,13.403,2.477,2.050,0.000,0.000,0.000,8.315,88.502,0.000,3.811,0.008,0.000,20.920,0.000,10.994,0.000,0.000,0.048,0.000,0.000,16.560,0.000,0.000,0.000,3.632,0.000,0.045,0.000,0.000,103.985,0.000,0.000,0.000,0.000,-0.5386,-0.3083,0.2056,0.0000,1,-0.14712,0.3021,0.0702,-0.0713,0.0000,0,0.11768,-0.1074,0.1490,0.1461,0.2381,1,0.03427,-0.1816,0.0404,0.1817,0.2279,1,-0.04969,-0.4549,-0.3893,0.7957,0.2639,1,-0.12097,0.4703,0.4232,0.4863,0.3830,1,0.00102
5700.0,0,1.399,0.000,80.832,159.589,0.000,0.000,0.000,1.218,0.000,120.883,0.006,0.000,0.000,0.001,0.521,0.000,0.000,46.498,0.007,64.144,0.019,0.000,0.000,97.750,0.000,0.038,0.000,0.000,0.000,0.000,0.000,8.381,0.000,0.000,0.000,1.518,0.000,0.000,0.000,39.404,117.611,0.000,0.738,0.000,0.000,12.695,2.444,2.387,0.000,0.000,0.000,4.340,93.280,0.000,6.158,0.001,0.000,24.760,0.000,17.178,0.000,0.000,0.009,0.000,0.000,18.408,0.000,0.000,0.000,0.663,0.000,0.008,0.000,0.000,73.907,0.000,0.000,0.000,0.000,-0.5380,-0.3052,0.2042,0.0000,1,-0.14660,0.3230,0.0692,-0.0671,0.0000,0,0.11456,-0.0876,0.1228,0.2380,0.2788,1,-0.01292,-0.1995,0.0589,0.1843,0.2313,1,-0.03784,-0.4616,-0.3568,0.7927,0.2752,1,-0.12103,0.4702,0.3538,0.5570,0.3904,1,-0.02359
5708.0,0,0.282,0.000,128.993,166.771,0.000,0.000,16.457,0.246,0.000,162.741,0.001,0.000,10.000,0.000,0.105,0.000,0.000,34.789,0.001,94.093,0.004,0.000,0.000,66.255,0.000,0.008,0.000,0.000,0.000,0.000,0.000,9.698,0.000,0.000,0.000,1.636,0.000,0.000,0.000,36.718,115.751,0.000,1.064,0.000,0.000,12.705,1.662,2.657,0.000,0.000,0.000,0.876,98.003,0.000,7.194,0.000,0.000,29.124,0.000,19.807,0.000,0.000,0.002,0.000,0.000,18.771,0.000,0.000,0.000,0.134,0.000,0.002,0.000,0.000,49.609,0.000,0.000,0.000,0.000,-0.5369,-0.3017,0.2026,0.0000,1,-0.14599,0.3350,0.0645,-0.0609,0.0000,0,0.10683,-0.0711,0.1006,0.3379,0.3172,1,-0.04475,-0.2104,0.0749,0.1885,0.2342,1,-0.02837,-0.4735,-0.3181,0.7753,0.2733,1,-0.12848,0.4693,0.2774,0.6134,0.3901,1,-0.03878
5716.5,0,0.052,0.000,133.992,157.395,0.000,0.000,91.058,0.045,0.000,178.731,0.000,0.000,35.719,0.000,0.019,0.000,0.000,24.290,0.000,121.319,0.001,0.000,0.000,44.544,0.000,0.001,0.000,0.000,0.000,0.000,0.000,10.931,0.000,0.000,0.000,1.176,0.000,0.000,0.000,34.347,124.124,0.000,1.883,0.000,0.000,11.860,0.487,2.409,0.000,0.000,0.000,0.160,94.278,0.000,9.345,0.000,0.000,28.832,0.000,24.650,0.000,0.000,0.000,0.000,0.000,19.003,0.000,0.000,0.000,0.024,0.000,0.000,0.000,0.000,46.621,0.000,0.000,0.000,0.000,-0.5352,-0.2987,0.1991,0.0000,1,-0.14419,0.3396,0.0581,-0.0539,0.0000,0,0.09687,-0.0574,0.0819,0.4403,0.3512,1,-0.06036,-0.2148,0.0832,0.1930,0.2364,1,-0.02447,-0.4869,-0.2777,0.7440,0.2593,1,-0.14022,0.4659,0.1994,0.6562,0.3841,1,-0.04699
5725.0,0,0.009,0.000,125.240,114.401,0.000,0.000,145.077,0.008,0.000,186.490,0.000,0.000,68.566,0.000,0.004,0.000,0.000,22.159,0.000,144.439,0.000,0.000,0.000,35.259,0.000,0.000,0.000,0.000,0.000,0.000,21.645,10.814,0.000,0.000,0.000,1.639,0.000,0.000,0.000,33.426,124.336,0.000,2.016,0.000,0.000,14.632,0.089,2.293,0.000,0.915,0.000,0.029,83.527,0.000,8.168,0.000,0.000,30.399,0.000,28.230,0.000,0.000,0.000,0.000,0.000,17.702,2.631,0.000,0.000,0.004,0.000,0.000,0.000,0.000,46.746,0.000,0.000,0.000,0.000,-0.5336,-0.2961,0.1966,0.0000,1,-0.14218,0.3390,0.0510,-0.0466,0.0000,0,0.08626,-0.0462,0.0664,0.5373,0.3794,1,-0.06071,-0.2114,0.0839,0.1969,0.2389,1,-0.02603,-0.5007,-0.2382,0.7021,0.2374,1,-0.15170,0.4549,0.1252,0.6876,0.3747,1,-0.05061
5733.0,0,0.002,47.095,100.104,35.448,0.000,0.000,172.485,0.002,0.000,171.080,0.000,0.000,94.032,0.000,0.001,0.000,0.000,26.684,0.000,151.791,0.000,0.000,0.000,42.192,0.000,0.000,0.000,0.000,0.000,0.000,28.911,10.744,0.000,0.000,0.000,1.451,0.000,0.000,0.000,34.325,124.327,0.000,1.020,0.000,0.000,14.472,0.018,2.245,0.000,2.464,0.000,0.006,64.178,0.000,6.900,0.000,0.000,29.773,0.000,31.449,0.000,0.000,0.000,0.000,0.000,15.324,6.469,0.000,0.000,0.001,0.000,0.000,0.000,0.000,46.003,0.000,0.000,0.000,0.000,-0.5325,-0.2939,0.1942,0.0000,1,-0.14071,0.3353,0.0439,-0.0398,0.0000,0,0.07595,-0.0371,0.0536,0.6249,0.4021,1,-0.05014,-0.1993,0.0796,0.2003,0.2413,1,-0.03108,-0.5130,-0.2017,0.6531,0.2114,1,-0.15940,0.4319,0.0586,0.7053,0.3634,1,-0.05313
5741.5,0,0.000,94.490,80.444,6.476,0.000,0.000,171.963,0.000,0.000,144.406,0.000,0.000,108.030,0.000,0.000,0.000,0.000,14.269,0.000,145.299,0.000,0.000,0.000,52.025,0.000,23.729,0.000,0.000,0.000,0.000,25.819,8.269,0.000,0.000,0.000,1.220,0.000,0.000,0.000,30.091,114.657,0.000,0.186,0.000,0.000,12.193,0.003,1.779,0.000,1.365,0.000,0.001,34.110,0.000,6.121,0.000,0.000,30.932,0.000,32.235,0.000,0.000,0.000,3.094,0.000,14.073,12.731,0.000,0.000,0.000,0.000,0.000,0.000,0.000,46.633,0.000,0.000,0.000,0.000,-0.5306,-0.2909,0.1909,0.0000,1,-0.13966,0.3300,0.0372,-0.0335,0.0000,0,0.06644,-0.0365,0.0431,0.7007,0.4208,1,-0.03270,-0.1836,0.0724,0.2019,0.2430,1,-0.03780,-0.5228,-0.1689,0.6007,0.1843,1,-0.16152,0.3980,0.0058,0.7029,0.3513,1,-0.05928
5750.0,0,0.000,139.345,73.763,1.183,0.000,0.000,169.426,0.000,0.000,70.463,80.005,0.000,108.634,6.703,0.000,0.000,0.000,25.395,0.000,128.697,0.000,0.000,0.000,95.580,37.249,66.072,0.000,0.000,0.000,0.000,6.736,7.267,0.000,0.000,0.000,1.766,0.000,0.000,0.000,29.239,112.619,0.000,0.034,0.000,0.000,12.217,0.001,1.820,0.000,0.249,0.000,0.000,7.896,0.000,7.154,0.000,0.000,31.970,0.000,31.274,0.000,0.000,0.000,6.379,0.000,15.492,19.553,0.000,0.000,0.000,0.000,0.000,1.910,0.000,71.966,0.000,0.000,0.000,0.000,-0.5290,-0.2871,0.1895,0.0000,1,-0.13933,0.3324,0.0312,-0.0128,0.0000,1,0.04992,-0.0448,0.0345,0.7641,0.4362,1,-0.01256,-0.1659,0.0641,0.2023,0.2440,1,-0.04724,-0.5300,-0.1401,0.5492,0.1580,1,-0.15785,0.3573,-0.0284,0.6797,0.3389,1,-0.07131
5758.0,0,13.153,158.520,82.228,0.239,0.000,0.000,162.225,0.000,0.000,16.457,146.593,0.000,95.800,41.041,0.000,0.000,0.000,47.739,0.000,109.851,0.000,0.000,0.000,147.678,88.059,125.953,0.000,0.000,0.000,0.000,1.360,8.433,0.000,0.000,0.000,2.708,0.000,0.000,0.000,32.848,117.995,0.000,0.007,0.000,0.000,11.488,0.000,1.701,0.000,0.050,0.000,0.000,4.077,0.000,5.639,0.000,0.000,31.686,0.000,30.521,0.000,0.000,0.000,12.969,0.000,20.982,26.553,0.000,0.000,0.000,0.000,0.000,11.468,0.000,113.097,0.000,0.000,0.000,0.411,-0.5280,-0.2837,0.1959,0.0000,1,-0.14146,0.3432,0.0260,0.0461,0.0000,1,0.01527,-0.0671,0.0276,0.8150,0.4490,1,0.00738,-0.1454,0.0555,0.2018,0.2444,1,-0.05783,-0.5346,-0.1154,0.5022,0.1337,1,-0.14957,0.3139,-0.0472,0.6443,0.3273,1,-0.08632
5766.5,0,19.982,128.969,90.526,0.044,0.000,0.000,172.008,0.000,0.000,3.007,180.862,0.000,74.652,61.491,0.000,0.000,0.000,101.190,0.000,89.267,0.000,0.000,0.000,185.903,122.523,167.362,0.000,0.000,0.000,0.000,0.248,10.337,0.000,0.000,0.000,2.710,0.000,0.000,0.000,34.709,116.852,0.000,3.509,0.000,0.000,12.204,0.000,1.864,0.000,0.009,0.000,0.000,4.605,0.000,5.869,0.000,0.000,27.851,0.000,28.615,0.000,0.000,0.000,17.042,0.000,29.798,32.057,0.000,0.000,0.000,0.000,4.032,25.341,0.000,139.791,0.000,0.000,0.000,0.075,-0.5279,-0.2816,0.2075,0.0000,1,-0.14327,0.3586,0.0401,0.1358,0.0000,1,-0.01383,-0.0983,0.0220,0.8529,0.4593,1,0.02442,-0.1254,0.0473,0.2013,0.2447,1,-0.06817,-0.5358,-0.0944,0.4581,0.1119,1,-0.13823,0.2709,-0.0359,0.6035,0.3167,1,-0.09948
5775.0,0,22.223,38.593,56.986,0.008,0.000,0.000,168.685,0.000,0.000,0.549,190.320,0.000,47.228,77.023,0.000,0.000,0.000,145.039,33.535,65.397,0.000,0.000,0.000,202.405,137.048,187.720,0.000,0.000,0.000,0.000,0.045,12.345,0.000,0.000,0.000,2.307,0.000,0.000,0.000,36.507,114.995,0.000,3.630,0.000,0.000,7.904,0.000,1.633,0.000,0.002,0.000,0.000,0.841,0.000,3.658,0.000,0.000,22.663,0.000,26.264,0.000,0.000,0.000,22.851,0.000,37.996,33.548,0.000,0.000,0.000,0.000,16.077,37.810,0.000,151.402,0.000,0.000,0.000,0.014,-0.5284,-0.2810,0.2166,0.0000,1,-0.14400,0.3754,0.0783,0.2494,0.0000,1,-0.02931,-0.1358,0.0174,0.8798,0.4674,1,0.03784,-0.1058,0.0399,0.2000,0.2431,1,-0.07807,-0.5351,-0.0768,0.4145,0.1021,1,-0.12556,0.2305,0.0417,0.5716,0.3075,1,-0.09816
5783.0,0,4.487,7.792,20.141,0.002,0.000,0.000,157.763,0.000,0.000,0.111,172.975,0.000,28.483,90.341,0.000,0.000,0.000,169.986,79.355,51.579,0.000,0.000,0.000,204.106,148.139,170.856,0.000,0.000,0.000,0.000,0.009,12.976,0.000,0.000,0.000,1.371,0.000,0.000,0.000,31.030,108.760,0.000,3.336,0.000,0.000,8.037,0.000,1.798,0.000,0.000,0.000,0.000,0.170,0.000,2.384,0.000,0.000,16.548,0.000,23.029,0.000,0.000,0.000,35.055,0.000,39.207,36.177,0.000,0.000,0.000,0.000,15.924,47.821,0.000,158.508,0.000,0.000,0.000,0.003,-0.5286,-0.2816,0.2196,0.0000,1,-0.14361,0.3920,0.1242,0.3738,0.0000,1,-0.03934,-0.1825,0.0138,0.8974,0.4736,1,0.04766,-0.0865,0.0332,0.1989,0.2405,1,-0.08725,-0.5326,-0.0622,0.3795,0.1184,1,-0.11577,0.1939,0.1612,0.5544,0.2998,1,-0.07793
5791.5,0,35.692,1.423,3.679,0.000,0.000,0.000,119.950,0.000,0.000,0.020,99.216,0.000,14.632,84.958,0.000,0.000,0.000,181.507,110.383,45.594,0.000,0.000,0.000,199.060,145.154,95.387,0.000,0.000,0.000,0.000,0.002,12.420,0.000,0.000,0.000,1.382,0.000,0.000,0.000,33.348,107.046,0.000,4.073,0.000,0.000,6.376,0.000,1.339,0.000,0.000,0.000,0.000,0.031,0.000,0.436,0.000,0.000,14.639,0.000,21.436,0.000,0.000,0.000,46.870,0.000,29.981,36.281,0.000,0.000,0.000,0.000,4.593,54.209,0.000,181.357,0.000,0.000,0.000,0.001,-0.5287,-0.2826,0.2187,0.0000,1,-0.14219,0.4075,0.1594,0.4932,0.0000,1,-0.05059,-0.2328,0.0110,0.9079,0.4779,0,0.05435,-0.0689,0.0275,0.1963,0.2364,1,-0.09451,-0.5289,-0.0502,0.3583,0.1482,1,-0.10991,0.1702,0.2824,0.5461,0.2938,1,-0.04709
5800.0,0,45.663,0.260,0.672,0.000,0.000,0.000,54.877,0.000,0.000,0.004,18.125,0.000,2.673,84.403,0.000,0.000,0.000,175.791,106.052,50.422,0.000,0.000,0.000,199.950,127.382,17.426,0.000,0.000,0.000,0.000,0.000,10.557,0.000,0.000,0.000,1.545,0.000,0.000,0.000,25.817,100.355,0.000,5.416,0.000,0.000,4.594,0.000,1.116,0.000,0.000,0.000,0.000,0.006,0.000,0.080,0.000,0.000,5.910,0.000,14.402,0.000,0.000,0.000,51.134,0.000,19.943,33.748,0.000,0.000,0.000,0.000,0.839,54.461,0.000,191.787,0.000,0.000,0.000,0.000,-0.5280,-0.2831,0.2163,0.0000,1,-0.13983,0.4216,0.1760,0.5992,0.0000,1,-0.06411,-0.2811,0.0087,0.9088,0.4799,0,0.05682,-0.0539,0.0226,0.1920,0.2301,1,-0.09949,-0.5253,-0.0403,0.3497,0.1819,1,-0.10732,0.1644,0.3879,0.5467,0.2892,1,-0.01431
5808.0,0,40.432,0.053,0.136,22.374,0.000,0.000,11.079,0.000,0.000,0.001,3.659,0.000,0.540,74.046,0.000,0.000,0.000,152.610,85.034,44.209,0.000,0.000,0.000,195.851,91.654,3.518,0.000,0.000,0.000,0.000,0.000,9.257,0.000,0.000,0.000,1.313,0.000,0.000,0.000,18.403,95.372,0.000,4.397,0.000,0.000,4.689,0.000,1.578,0.000,0.000,0.000,0.000,0.001,0.000,0.016,0.000,0.000,1.738,0.000,8.224,0.000,0.000,0.000,59.764,0.000,9.682,32.318,28.571,0.000,0.000,0.000,0.169,49.144,0.000,196.901,0.000,0.000,0.000,0.000,-0.5251,-0.2829,0.2121,0.0000,1,-0.13735,0.4339,0.1571,0.6884,0.0000,1,-0.08565,-0.3253,0.0068,0.8946,0.4783,0,0.05312,-0.0416,0.0184,0.1890,0.2229,1,-0.10333,-0.5223,-0.0323,0.3659,0.2152,1,-0.10943,0.1768,0.4736,0.5595,0.2858,1,0.01404
5816.5,0,36.699,0.010,0.025,44.754,0.000,0.000,2.024,0.000,0.000,0.000,0.669,0.000,0.099,50.907,0.000,0.000,0.000,129.279,44.677,54.124,0.000,0.000,0.000,183.630,38.532,0.643,0.000,0.000,0.000,0.000,0.000,7.059,0.000,0.000,0.000,1.225,0.000,0.000,0.000,15.273,89.103,0.000,7.331,0.000,0.000,6.875,0.000,1.701,0.000,0.000,0.000,0.000,0.000,0.000,0.003,0.000,0.000,0.811,0.000,5.582,0.000,0.000,0.000,64.118,0.000,3.727,36.180,14.845,0.000,0.000,0.000,0.031,39.539,0.000,195.880,0.000,0.000,0.000,3.727,-0.5188,-0.2809,0.2069,0.0000,1,-0.13444,0.4444,0.1081,0.7585,0.0000,1,-0.10927,-0.3640,0.0054,0.8659,0.4715,1,0.04383,-0.0318,0.0149,0.1872,0.2175,1,-0.10659,-0.5206,-0.0258,0.3903,0.2404,1,-0.11196,0.2012,0.5400,0.5708,0.2835,1,0.03656
5825.0,0,75.599,0.002,0.005,68.507,0.000,0.000,0.370,18.792,0.000,14.537,0.122,0.000,0.018,44.076,0.000,0.000,0.000,101.316,19.258,49.726,0.000,0.000,0.000,174.652,7.039,0.117,0.000,0.000,0.000,0.000,0.000,6.604,0.000,0.000,0.000,1.312,0.000,0.000,0.000,18.923,92.269,0.000,7.979,0.000,0.000,6.960,0.000,1.272,0.000,0.000,0.000,0.000,8.344,0.000,0.001,0.000,0.000,0.148,0.000,4.475,0.000,0.000,0.000,76.042,0.000,1.742,38.982,30.640,0.000,0.000,0.000,0.006,23.635,0.000,197.707,0.000,0.000,0.000,3.119,-0.5121,-0.2778,0.2017,0.0000,1,-0.13029,0.4533,0.0390,0.8071,0.0000,1,-0.13021,-0.3992,0.0042,0.8269,0.4575,1,0.03083,-0.0284,0.0121,0.1846,0.2136,1,-0.10605,-0.5201,-0.0231,0.4175,0.2507,1,-0.11453,0.2318,0.5895,0.5638,0.2820,0,0.05653
5833.0,0,123.527,0.000,15.115,94.973,0.000,67.514,0.075,73.539,0.000,51.492,0.025,0.000,0.004,28.199,0.000,0.000,0.000,73.279,15.790,69.827,0.000,0.000,0.000,150.488,1.421,0.024,0.000,0.000,0.000,0.000,0.000,7.716,0.000,0.000,0.000,1.316,0.000,0.000,0.000,24.406,103.417,0.000,6.709,0.000,0.000,6.247,0.000,1.447,0.000,0.000,0.000,0.000,25.821,0.000,0.000,0.000,11.865,0.030,1.918,5.286,0.000,0.000,0.000,87.320,0.000,2.482,45.941,53.473,0.000,0.000,0.000,0.001,9.284,0.000,187.015,0.000,0.000,0.000,3.067,-0.5079,-0.2750,0.1968,0.0000,1,-0.12529,0.4606,-0.0407,0.8310,0.0000,1,-0.14851,-0.4304,0.0125,0.7766,0.4371,1,0.01580,-0.0344,0.0097,0.1824,0.2101,1,-0.10167,-0.5198,-0.0299,0.4494,0.2462,1,-0.11986,0.2643,0.6253,0.5341,0.2811,0,0.07729
5841.5,0,162.059,0.000,93.404,115.964,0.000,135.993,10.014,132.856,0.000,90.262,0.005,16.457,0.001,23.336,0.000,0.000,0.000,55.245,8.795,95.631,0.000,0.000,0.000,112.267,0.260,0.004,0.000,0.000,30.027,0.000,10.000,8.685,0.000,0.000,0.000,1.429,0.000,0.000,0.000,38.290,123.805,0.000,3.261,0.000,0.000,4.218,0.248,1.688,0.000,0.000,0.000,0.000,41.411,0.000,0.000,0.000,26.975,0.005,3.991,5.561,0.000,0.000,0.000,94.013,0.000,2.253,52.239,32.557,0.000,0.000,0.000,0.000,1.836,0.000,182.886,0.000,0.000,0.000,4.223,-0.5079,-0.2730,0.1929,0.0000,1,-0.12048,0.4665,-0.1140,0.8233,0.0000,1,-0.16688,-0.4573,0.0299,0.7177,0.4115,1,0.00255,-0.0476,0.0098,0.1815,0.2052,1,-0.09355,-0.5194,-0.0455,0.4812,0.2310,1,-0.12710,0.2960,0.6492,0.4883,0.2805,0,0.09951
5850.0,0,161.691,0.000,142.924,107.071,0.000,156.990,65.392,175.596,0.000,131.182,0.001,115.811,11.087,17.498,14.066,0.000,0.000,40.397,8.310,107.403,0.000,0.000,0.000,40.696,0.047,0.001,0.000,0.000,88.906,0.000,22.596,11.393,0.000,0.000,0.000,1.601,0.000,0.000,0.000,43.781,136.173,0.000,1.681,0.000,0.000,4.980,0.045,1.821,0.000,0.372,0.000,0.000,50.508,0.000,0.000,0.000,31.768,0.001,5.097,1.749,0.000,0.000,0.000,101.160,0.000,0.412,54.510,28.103,0.000,0.000,0.000,0.000,0.335,0.000,160.080,0.000,0.000,0.000,3.609,-0.5108,-0.2727,0.1904,0.0000,1,-0.11785,0.4709,-0.1718,0.7845,0.0000,1,-0.18884,-0.4801,0.0527,0.6436,0.3787,1,-0.00653,-0.0621,0.0096,0.1818,0.2005,1,-0.08524,-0.5198,-0.0715,0.5147,0.2094,1,-0.13665,0.3252,0.6637,0.4342,0.2801,0,0.12265
5858.0,0,127.273,0.000,172.050,80.528,0.000,145.824,137.394,189.482,0.000,140.327,0.000,167.945,35.765,31.467,28.543,0.000,0.000,23.069,47.613,110.045,17.408,0.000,0.000,8.216,48.711,0.000,0.000,0.000,135.450,0.000,27.181,10.186,0.000,0.000,0.000,1.392,0.000,0.000,0.000,44.125,129.116,0.000,0.953,0.000,0.000,4.884,0.009,1.574,0.000,1.401,0.000,0.000,48.427,0.000,1.672,0.000,26.809,0.000,11.738,0.353,0.000,0.000,0.000,92.500,0.000,0.083,48.255,25.798,0.000,0.000,0.000,0.000,0.068,0.000,121.195,0.000,0.000,0.000,3.961,-0.5145,-0.2729,0.1880,0.0000,1,-0.11719,0.4733,-0.2147,0.7227,0.0000,1,-0.21389,-0.4984,0.0966,0.5544,0.3405,1,-0.00150,-0.0723,0.0090,0.1819,0.1962,1,-0.07820,-0.5202,-0.1145,0.5576,0.1850,1,-0.14965,0.3511,0.6726,0.3780,0.2797,0,0.14652
5866.5,0,134.055,0.000,142.042,20.271,0.000,137.067,181.466,192.020,0.000,123.732,0.000,188.775,56.372,42.780,49.008,0.000,0.000,12.168,89.024,120.262,63.877,0.000,0.000,1.501,113.793,0.000,0.000,0.000,162.926,0.000,31.722,6.841,0.000,0.000,0.000,2.119,0.000,0.000,0.000,51.749,134.684,0.000,0.174,0.000,0.000,8.887,0.002,1.424,0.000,0.256,0.000,0.000,32.264,0.000,2.472,0.000,17.598,0.000,24.146,0.065,0.000,0.000,0.000,71.251,0.000,0.015,35.800,21.917,0.000,0.000,0.000,0.000,0.012,0.000,94.393,0.000,0.000,0.000,3.209,-0.5188,-0.2717,0.1883,0.0000,1,-0.11801,0.4726,-0.2455,0.6478,0.0000,1,-0.23860,-0.5116,0.1657,0.4594,0.2998,1,0.02959,-0.0816,0.0082,0.1814,0.1953,1,-0.07385,-0.5201,-0.1643,0.6058,0.1705,1,-0.15986,0.3733,0.6836,0.3237,0.2790,0,0.17341
5875.0,0,131.695,0.000,41.193,3.703,0.000,77.003,194.187,193.617,0.000,85.594,0.000,199.555,64.766,65.561,68.020,0.000,0.000,6.289,102.150,107.856,127.893,0.000,0.000,0.274,146.913,0.000,0.000,0.000,171.897,0.000,14.872,5.564,0.000,0.000,0.000,2.373,0.000,0.000,0.000,53.296,139.224,0.000,0.032,0.000,0.000,10.099,0.000,1.158,0.000,0.047,0.000,0.000,21.997,0.000,3.812,0.000,4.578,0.000,33.987,0.012,0.000,0.000,0.000,30.937,0.000,0.003,14.920,16.704,0.000,0.000,0.000,0.000,0.002,0.000,66.292,0.000,0.000,0.000,2.806,-0.5232,-0.2687,0.1908,0.0000,1,-0.11927,0.4662,-0.2666,0.5681,0.0000,1,-0.25955,-0.5177,0.2475,0.3727,0.2594,0,0.08656,-0.0888,0.0072,0.1794,0.1970,1,-0.07203,-0.5190,-0.2098,0.6559,0.1679,1,-0.16253,0.3918,0.6966,0.2735,0.2776,0,0.20239
5883.0,0,117.888,0.000,8.317,0.748,0.000,15.547,183.211,191.679,0.000,31.691,0.000,194.910,57.105,73.542,91.069,0.000,0.000,1.270,107.216,92.490,164.074,0.000,0.000,0.055,151.136,0.000,0.000,0.000,171.340,0.000,3.003,5.011,0.000,0.000,0.000,2.075,0.000,0.000,0.000,55.449,138.441,0.000,2.788,0.000,0.000,8.984,0.000,1.424,0.000,0.009,0.000,0.000,28.115,0.000,7.963,0.000,0.924,0.000,38.941,0.002,0.000,0.000,0.000,6.246,0.000,0.001,3.012,10.956,0.000,0.000,0.000,0.000,0.000,0.000,41.974,0.000,0.000,0.910,2.433,-0.5273,-0.2643,0.1935,0.0000,1,-0.11795,0.4538,-0.2793,0.4896,0.0050,1,-0.27462,-0.5130,0.3287,0.2997,0.2212,0,0.15797,-0.0946,0.0062,0.1777,0.1995,1,-0.07194,-0.5155,-0.2446,0.7060,0.1780,1,-0.15652,0.4068,0.7103,0.2287,0.2758,0,0.23164
5891.5,0,100.014,0.000,1.519,0.137,0.000,2.840,149.278,190.050,0.000,5.789,0.000,173.488,35.806,77.346,104.997,0.000,0.000,0.232,135.500,63.617,193.246,0.000,0.000,0.010,155.875,0.000,0.000,0.000,152.862,0.000,0.549,3.788,0.000,0.000,0.000,2.201,0.000,0.000,0.000,49.702,130.477,0.000,5.252,0.000,0.000,8.082,0.000,1.899,0.000,0.002,0.000,0.000,21.932,0.000,9.680,0.000,0.169,0.000,31.093,0.000,0.000,0.000,0.000,1.141,0.000,0.000,0.550,4.437,0.000,0.000,0.000,0.000,0.000,0.000,13.449,0.000,0.000,1.686,2.111,-0.5307,-0.2579,0.1967,0.0000,1,-0.11356,0.4337,-0.2822,0.4160,0.0155,1,-0.28219,-0.4944,0.3996,0.2399,0.1864,0,0.23033,-0.0993,0.0053,0.1781,0.2019,1,-0.07428,-0.5095,-0.2676,0.7515,0.1939,1,-0.14466,0.4182,0.7233,0.1895,0.2737,0,0.25957
5900.0,0,64.531,0.000,0.278,0.025,0.000,0.519,97.405,188.943,0.000,1.058,0.000,98.887,6.541,90.622,122.329,0.000,0.000,0.042,155.745,36.398,204.350,0.000,0.000,0.002,151.271,0.000,0.000,0.000,107.489,0.000,0.100,3.683,0.000,0.000,0.000,1.934,0.000,0.000,0.000,41.856,115.212,0.000,5.193,0.000,0.000,5.665,0.000,1.357,0.000,0.000,0.000,0.000,18.577,0.000,9.885,0.000,0.031,0.000,11.698,0.000,0.000,0.000,0.000,0.208,0.000,0.000,0.101,0.811,0.000,0.000,0.000,0.000,0.000,0.000,2.457,0.000,0.000,0.308,0.386,-0.5324,-0.2505,0.1991,0.0000,1,-0.10801,0.4035,-0.2717,0.3494,0.0226,1,-0.27940,-0.4628,0.4495,0.1915,0.1555,0,0.29031,-0.1023,0.0044,0.1776,0.2023,1,-0.07678,-0.5049,-0.2769,0.7863,0.2108,1,-0.13196,0.4260,0.7345,0.1883,0.2721,0,0.26817
5908.0,0,94.665,0.000,0.056,0.005,0.000,0.105,38.510,184.838,0.000,0.214,0.000,22.690,1.321,87.017,130.470,0.000,11.199,0.009,165.158,18.397,197.478,0.000,0.000,0.000,131.553,0.000,0.000,0.000,39.224,0.000,0.020,2.764,0.000,0.000,0.000,2.042,0.000,0.000,0.000,37.893,101.682,0.000,4.806,0.000,0.000,5.108,0.000,0.841,0.000,0.000,0.000,0.000,18.271,0.000,9.734,0.000,0.006,7.577,2.362,0.000,0.000,0.000,0.000,0.042,0.000,0.000,0.020,0.164,0.000,0.000,0.000,0.000,0.000,0.000,0.496,0.000,0.000,0.062,0.993,-0.5322,-0.2414,0.2012,0.0000,1,-0.10274,0.3654,-0.2512,0.2907,0.0258,1,-0.26659,-0.4217,0.4716,0.1524,0.1415,0,0.32497,-0.1038,0.0037,0.1742,0.2010,1,-0.07792,-0.4992,-0.2707,0.8007,0.2263,1,-0.12489,0.4303,0.7432,0.2175,0.2713,0,0.26013
5916.5,0,88.066,0.000,0.010,0.001,0.000,0.019,7.035,178.783,0.000,0.039,0.000,4.145,0.241,79.240,128.240,0.000,25.968,0.002,182.124,15.762,202.883,0.000,0.000,0.000,85.351,0.000,0.000,0.000,7.166,0.000,0.004,4.725,0.000,0.000,0.000,1.989,0.000,0.000,0.000,31.773,92.143,0.000,6.635,0.000,0.000,4.780,0.000,0.618,0.000,0.000,0.000,0.000,28.261,0.000,7.932,0.000,0.001,16.714,0.431,0.000,0.000,0.000,0.000,0.008,0.000,0.000,0.004,0.030,0.000,0.000,0.000,0.000,0.000,0.000,0.091,0.000,0.000,0.011,0.736,-0.5288,-0.2348,0.2029,0.0000,1,-0.10077,0.3234,-0.2250,0.2400,0.0262,1,-0.24607,-0.3753,0.4667,0.1210,0.1417,0,0.33258,-0.1059,0.0031,0.1678,0.1984,1,-0.07662,-0.4954,-0.2526,0.7864,0.2413,1,-0.12776,0.4314,0.7488,0.2630,0.2713,0,0.24265
5925.0,0,109.509,0.000,0.002,0.000,0.000,0.003,1.285,185.133,0.000,0.007,0.000,0.757,0.044,68.130,132.663,0.000,38.505,0.000,178.766,23.715,194.564,0.000,0.000,0.000,27.452,0.000,0.000,0.000,1.309,0.000,0.001,4.646,0.000,0.000,0.000,1.652,0.000,0.000,0.000,32.954,86.617,0.000,8.550,0.000,0.000,6.319,0.000,1.188,0.000,0.000,0.000,1.516,46.442,0.000,3.960,0.000,0.000,24.194,0.079,0.000,0.000,0.000,0.000,0.001,0.000,0.000,0.001,0.005,0.000,0.000,0.000,0.000,0.000,0.000,0.017,0.000,0.000,0.002,1.663,-0.5236,-0.2298,0.2033,0.0000,1,-0.10032,0.2808,-0.1969,0.1967,0.0249,1,-0.22073,-0.3275,0.4412,0.0959,0.1511,0,0.31873,-0.1139,0.0025,0.1633,0.1968,1,-0.07456,-0.4937,-0.2278,0.7473,0.2539,1,-0.13813,0.4292,0.7482,0.3108,0.2719,0,0.22162
5933.0,0,139.770,0.000,0.000,17.408,0.000,0.001,0.259,179.311,0.000,0.001,0.000,0.153,0.009,56.197,134.213,0.000,38.874,0.000,154.737,8.854,171.015,0.000,0.000,0.000,5.542,0.000,0.000,0.000,0.264,0.000,0.000,4.006,0.000,0.000,0.000,1.970,0.000,0.000,0.000,29.997,86.987,0.000,7.398,0.000,0.000,5.847,0.000,1.059,0.000,0.000,0.000,0.306,43.501,0.000,0.799,0.000,0.000,28.105,0.016,0.000,0.000,0.000,0.000,0.000,0.000,0.000,0.000,0.001,0.000,0.000,0.000,0.000,0.000,0.000,0.003,0.000,0.000,0.000,2.125,-0.5173,-0.2254,0.2038,0.0000,1,-0.10050,0.2401,-0.1693,0.1604,0.0226,1,-0.19322,-0.2813,0.4028,0.0758,0.1652,0,0.29091,-0.1221,0.0020,0.1596,0.1953,1,-0.07188,-0.4903,-0.2004,0.6917,0.2606,1,-0.15118,0.4248,0.7373,0.3623,0.2728,0,0.19405
5941.5,0,140.199,0.000,0.000,69.668,0.000,0.000,0.047,189.124,0.000,12.681,0.000,0.028,0.002,40.527,126.632,0.000,46.152,0.000,105.967,11.045,110.300,0.000,0.000,0.000,1.013,0.000,0.000,0.000,0.048,0.000,0.000,3.494,0.000,0.000,0.000,1.919,0.000,0.000,0.000,18.306,84.593,0.000,10.298,0.000,0.000,5.161,0.000,1.108,0.000,0.000,0.000,0.056,42.807,0.000,0.146,0.000,0.000,30.044,0.003,0.000,0.000,0.000,0.000,0.000,0.000,0.000,0.000,0.000,0.000,0.000,0.000,0.000,0.000,0.000,0.001,0.000,0.000,0.000,1.001,-0.5079,-0.2207,0.2043,0.0000,1,-0.09989,0.2027,-0.1435,0.1301,0.0201,1,-0.16564,-0.2384,0.3580,0.0599,0.1811,0,0.25580,-0.1289,0.0017,0.1568,0.1933,1,-0.06887,-0.4839,-0.1729,0.6311,0.2611,1,-0.16116,0.4224,0.7114,0.4173,0.2739,0,0.15852
5950.0,0,148.317,26.415,0.000,107.662,0.000,0.000,0.009,195.586,0.000,52.881,0.000,0.005,0.000,24.160,124.153,0.000,54.479,0.000,44.083,23.061,32.140,0.000,0.000,0.000,0.185,0.000,0.000,0.000,0.009,0.000,0.000,5.406,0.000,0.000,0.000,1.966,0.000,0.000,0.000,12.748,75.724,0.000,9.634,0.000,0.000,6.307,0.000,1.516,0.000,0.000,0.000,0.010,43.911,0.000,0.027,0.000,0.000,31.875,0.001,0.000,0.000,0.000,0.000,0.000,0.000,0.000,0.000,0.000,0.000,0.000,0.000,0.000,0.000,0.000,0.000,0.000,0.000,0.000,1.884,-0.4952,-0.2186,0.2048,0.0000,1,-0.10055,0.1694,-0.1202,0.1050,0.0174,1,-0.13943,-0.1999,0.3118,0.0472,0.1971,0,0.21837,-0.1340,0.0013,0.1564,0.1923,1,-0.06648,-0.4750,-0.1470,0.5714,0.2574,1,-0.16574,0.4225,0.6690,0.4803,0.2750,0,0.11574
5958.0,0,128.011,30.707,0.000,109.283,0.000,0.000,0.002,202.730,0.000,91.819,0.000,0.001,0.000,7.344,108.933,0.000,55.028,0.000,11.132,45.795,6.489,0.000,0.000,0.000,0.037,0.000,0.000,0.000,0.002,0.000,8.187,7.751,0.000,0.000,0.000,1.992,0.000,0.000,0.000,6.998,65.559,0.000,6.487,0.000,0.000,9.241,1.632,1.403,0.000,0.000,0.000,0.002,45.942,0.000,0.005,0.000,0.000,32.913,0.000,2.241,0.000,0.000,0.000,0.000,0.000,0.000,0.000,0.000,0.000,0.000,0.000,0.000,0.000,0.000,0.000,0.000,0.000,0.000,0.380,-0.4789,-0.2198,0.2054,0.0000,1,-0.10369,0.1403,-0.0999,0.0845,0.0148,1,-0.11543,-0.1660,0.2671,0.0544,0.2143,0,0.17305,-0.1379,0.0099,0.1570,0.1937,1,-0.05824,-0.4651,-0.1235,0.5156,0.2507,1,-0.16497,0.4243,0.6132,0.5530,0.2857,0,0.07045
5966.5,0,111.738,33.073,0.000,109.529,0.000,0.000,0.000,200.511,0.000,114.134,0.000,0.000,0.000,1.342,82.816,0.000,49.891,0.000,2.034,70.716,1.185,0.000,0.000,0.000,0.007,0.000,0.000,0.000,0.000,0.000,11.211,8.235,0.000,0.000,0.000,2.258,0.000,0.000,0.000,1.960,56.035,0.000,1.687,0.000,0.000,9.562,1.377,1.170,0.000,0.000,0.000,0.000,47.984,0.000,0.001,0.000,0.000,36.795,0.000,11.719,0.000,0.000,0.000,0.000,0.000,0.000,0.000,0.000,0.000,0.000,0.000,0.000,0.000,0.000,0.000,0.000,0.000,0.000,0.069,-0.4570,-0.2232,0.2067,0.0000,1,-0.11019,0.1154,-0.0823,0.0677,0.0125,1,-0.09403,-0.1369,0.2258,0.1089,0.2343,0,0.11155,-0.1410,0.0221,0.1571,0.1965,1,-0.04722,-0.4538,-0.1028,0.4664,0.2455,1,-0.15964,0.4277,0.5528,0.6405,0.3059,1,0.03256
5975.0,0,92.285,23.046,0.000,87.577,0.000,0.000,0.000,190.189,0.000,130.514,0.000,0.000,7.408,0.245,43.694,0.000,47.305,0.000,0.371,70.526,0.217,0.000,0.000,0.000,0.001,0.000,0.000,0.000,0.000,0.000,10.579,6.856,0.000,0.000,0.000,1.944,0.000,0.000,0.000,0.358,43.883,0.000,0.308,0.000,0.000,9.826,0.252,1.457,0.000,0.000,0.000,0.000,39.369,0.000,4.271,0.000,0.000,40.494,0.000,32.451,0.000,0.000,0.000,0.000,0.000,4.265,3.341,0.000,0.000,0.000,0.000,0.000,0.000,0.000,0.000,0.000,0.000,0.000,0.013,-0.4293,-0.2267,0.2075,0.0000,1,-0.11888,0.0943,-0.0674,0.0541,0.0104,1,-0.07534,-0.1121,0.1889,0.2498,0.2628,1,0.03302,-0.1430,0.0298,0.1581,0.2001,1,-0.04128,-0.4428,-0.0848,0.4225,0.2430,1,-0.15136,0.4323,0.4950,0.7281,0.3293,1,0.01186
5983.0,0,87.533,48.447,0.000,44.228,0.000,0.000,0.000,187.918,0.000,128.386,0.000,0.000,12.970,0.049,14.382,0.000,52.708,0.000,0.075,62.746,0.044,0.000,0.000,0.000,0.000,0.000,0.000,0.000,0.000,0.000,2.136,4.326,0.000,0.000,0.000,1.836,0.000,0.000,0.000,0.072,34.691,0.000,0.062,0.000,0.000,5.844,0.051,1.391,0.000,0.000,0.000,0.000,31.208,0.000,8.633,0.000,0.000,47.088,0.000,55.542,0.000,0.000,0.000,0.000,0.000,20.782,12.422,0.000,0.000,0.000,0.000,0.000,0.000,0.000,0.000,0.000,0.000,0.000,0.003,-0.3975,-0.2277,0.2076,0.0000,1,-0.12723,0.0767,-0.0548,0.0431,0.0086,1,-0.05927,-0.0913,0.1566,0.4215,0.3029,1,-0.02007,-0.1433,0.0328,0.1593,0.2015,1,-0.04020,-0.4325,-0.0696,0.3829,0.2426,1,-0.14139,0.4376,0.4378,0.8028,0.3520,1,0.00643
5991.5,0,89.500,85.428,0.000,17.317,0.000,0.000,0.000,174.104,0.000,103.017,0.000,0.000,20.091,0.009,2.627,0.000,42.786,0.000,0.014,48.065,0.008,0.000,0.000,0.000,0.000,0.000,0.000,0.000,0.000,0.000,0.390,3.063,0.000,0.000,0.000,2.050,0.000,0.000,0.000,0.013,39.241,0.000,0.011,0.000,0.000,6.379,0.009,1.264,0.000,0.000,0.000,0.000,28.837,0.000,14.487,0.000,0.000,47.418,0.000,66.686,0.000,0.000,0.000,6.041,0.000,32.961,33.396,0.000,0.000,0.000,0.000,0.000,0.000,0.000,0.000,0.000,0.000,0.000,0.000,-0.3646,-0.2253,0.2080,0.0000,1,-0.13339,0.0621,-0.0444,0.0343,0.0071,1,-0.04564,-0.0872,0.1289,0.5802,0.3415,1,-0.03342,-0.1423,0.0328,0.1601,0.2019,1,-0.04269,-0.4260,-0.0567,0.3466,0.2436,1,-0.13065,0.4430,0.3808,0.8601,0.3699,1,0.01045
6000.0,0,82.419,101.493,15.752,7.657,0.000,0.000,0.000,160.421,0.000,75.019,42.771,0.000,20.603,0.002,0.480,0.000,40.096,0.000,0.003,28.860,0.001,0.000,0.000,0.000,0.000,0.000,0.000,0.000,0.000,0.000,0.071,1.862,0.000,0.000,0.000,2.186,0.000,0.000,0.000,0.002,39.771,0.000,0.002,0.000,0.000,9.323,0.002,1.560,0.000,0.000,0.000,0.000,40.139,0.000,19.432,0.000,0.000,44.754,0.000,66.564,0.000,0.000,0.000,28.061,0.000,38.164,49.509,0.000,0.000,0.000,0.000,0.000,0.000,0.000,0.000,0.000,0.000,0.000,0.000,-0.3330,-0.2185,0.2089,0.0000,1,-0.13613,0.0500,-0.0358,0.0272,0.0058,1,-0.03421,-0.1092,0.1054,0.7123,0.3739,1,-0.02017,-0.1414,0.0308,0.1617,0.2036,1,-0.04717,-0.4207,-0.0460,0.3107,0.2452,1,-0.11925,0.4480,0.3262,0.8986,0.3825,1,0.01802
